ID,Group,Shear_Rate,Actual_Viscosity,Predicted_Viscosity,Log10_Actual,Log10_Predicted,Log10_Error
1,poly-higg,100.0,14.38,14.24735868658004,1.1577588860468637,1.153734358087148,-0.004024527959715751
1,poly-higg,1000.0,13.23,12.725613304828208,1.121559844187501,1.1046787221273888,-0.016881122060112164
1,poly-higg,10000.0,11.27,11.403103315556073,1.0519239160461065,1.0570230591796137,0.0050991431335072335
1,poly-higg,100000.0,9.24,10.185218881230002,0.9656719712201067,1.007970366462247,0.042298395242140296
1,poly-higg,15000000.0,6.92,7.876527758562287,0.8401060944567578,0.8963348078917364,0.056228713434978594
2,none,100.0,3.25,3.0510532839843294,0.5118833609788743,0.4844497922829507,-0.027433568695923616
2,none,1000.0,3.25,3.0022213409779868,0.5118833609788743,0.47744270776792735,-0.03444065321094697
2,none,10000.0,3.25,2.929099513317431,0.5118833609788743,0.4667341266663995,-0.045149234312474806
2,none,100000.0,3.25,2.863259424133811,0.5118833609788743,0.45686069883039676,-0.055022662148477564
2,none,15000000.0,3.25,2.6897799390310313,0.5118833609788743,0.42971675019797667,-0.08216661078089765
3,poly-higg,100.0,4.6,5.29370912753657,0.6627578316815741,0.7237600745217516,0.06100224284017752
3,poly-higg,1000.0,4.6,4.9009368988296,0.6627578316815741,0.6902791108646952,0.027521279183121083
3,poly-higg,10000.0,4.6,4.553211182335529,0.6627578316815741,0.6583177937731668,-0.004440037908407302
3,poly-higg,100000.0,3.68,4.2066706865403845,0.5658478186735176,0.6239385151983119,0.05809069652479426
3,poly-higg,15000000.0,2.41,3.242578157272308,0.3820170425748684,0.5108904528711542,0.1288734102962858
4,none,100.0,0.95,1.086832123756282,-0.022276394711152253,0.0361624664811404,0.058438861192292656
4,none,1000.0,0.95,1.0657123010235572,-0.022276394711152253,0.027639978666556743,0.049916373377708996
4,none,10000.0,0.95,1.0433914323005131,-0.022276394711152253,0.018447266237336904,0.04072366094848916
4,none,100000.0,0.95,1.022142406520158,-0.022276394711152253,0.009511406618091328,0.03178780132924358
4,none,15000000.0,0.95,0.9766945847060882,-0.022276394711152253,-0.010241220225097785,0.012035174486054468
5,poly-higg,100.0,8.31,9.11953084682009,0.919601023784111,0.9599724966751184,0.0403714728910074
5,poly-higg,1000.0,8.31,8.023280588486477,0.919601023784111,0.9043519805236393,-0.015249043260471717
5,poly-higg,10000.0,8.31,7.083423968449653,0.919601023784111,0.8502432366660639,-0.06935778711804708
5,poly-higg,100000.0,6.83,6.285768727649511,0.8344207036815325,0.7983583979743767,-0.03606230570715585
5,poly-higg,15000000.0,4.6,4.770426619218959,0.6627578316815741,0.678557219729359,0.015799388047784912
6,poly-higg,100.0,8.84,7.305446464494158,0.9464522650130731,0.8636467625209867,-0.0828055024920864
6,poly-higg,1000.0,8.84,6.7672927473400675,0.9464522650130731,0.8304149641004914,-0.11603730091258169
6,poly-higg,10000.0,8.84,6.277510573376893,0.9464522650130731,0.7977874528792448,-0.14866481213382832
6,poly-higg,100000.0,6.93,5.778272991132902,0.8407332346118067,0.7617980559820392,-0.07893517862976751
6,poly-higg,15000000.0,4.16,4.784681055004083,0.6190933306267428,0.6798529931748544,0.060759662548111604
7,poly-higg,100.0,2.44,2.4920316735733357,0.3873898263387294,0.39655355787906804,0.009163731540338615
7,poly-higg,1000.0,2.44,2.390308929478058,0.3873898263387294,0.37845403387585597,-0.00893579246287346
7,poly-higg,10000.0,2.44,2.2973600213506065,0.3873898263387294,0.3612290592063483,-0.026160767132381135
7,poly-higg,100000.0,2.23,2.196957907694961,0.34830486304816066,0.34182173619637335,-0.006483126851787313
7,poly-higg,15000000.0,2.0,1.9145682456553748,0.3010299956639812,0.28207085158383394,-0.01895914408014726
8,poly-higg,100.0,1.84,1.5355535738041377,0.2648178230095365,0.18626497310838108,-0.07855284990115541
8,poly-higg,1000.0,1.84,1.5078925874312517,0.2648178230095365,0.17837040629016693,-0.08644741671936956
8,poly-higg,10000.0,1.84,1.4758271505178324,0.2648178230095365,0.16903549571730306,-0.09578232729223343
8,poly-higg,100000.0,1.68,1.441685554356244,0.22530928172586284,0.15887054686079558,-0.06643873486506727
8,poly-higg,15000000.0,1.2,1.3524891257441272,0.07918124604762482,0.13113378198688377,0.051952535939258956
9,poly-higg,100.0,6.15,6.849206019849185,0.7888751157754168,0.8356402297137668,0.046765113938350034
9,poly-higg,1000.0,5.35,6.0640904554304305,0.7283537820212285,0.7827656708564014,0.054411888835172895
9,poly-higg,10000.0,5.35,5.3759253238131866,0.7283537820212285,0.7304532273669906,0.0020994453457621187
9,poly-higg,100000.0,4.62,4.8113012832888575,0.6646419755561255,0.6822625532386652,0.017620577682539773
9,poly-higg,15000000.0,3.26,3.823155492532415,0.5132176000679389,0.5824219616799046,0.06920436161196564
10,poly-higg,100.0,3.57,4.537257360667408,0.5526682161121932,0.6567934138588658,0.10412519774667262
10,poly-higg,1000.0,3.57,4.195351427035805,0.5526682161121932,0.6227683457201364,0.0701001296079432
10,poly-higg,10000.0,3.34,3.8772558177041168,0.5237464668115644,0.5885244562953313,0.0647779894837669
10,poly-higg,100000.0,2.89,3.5437663207419945,0.4608978427565479,0.5494650763757802,0.08856723361923236
10,poly-higg,15000000.0,2.58,2.860726990603079,0.41161970596323016,0.45647641350885515,0.044856707545624985
11,poly-higg,100.0,14.72,14.247363009951936,1.1679078100014801,1.1537344898741209,-0.014173320127359279
11,poly-higg,1000.0,14.49,12.725617166425305,1.1610683854711745,1.1046788539143617,-0.05638953155681281
11,poly-higg,10000.0,14.49,11.403110236117978,1.1610683854711745,1.0570233227535595,-0.10404506271761504
11,poly-higg,100000.0,11.55,10.18522300218016,1.0625819842281632,1.0079705421782108,-0.054611442049952386
11,poly-higg,15000000.0,6.92,7.8765325388397605,0.8401060944567578,0.8963350714656819,0.05622897700892415
12,poly-higg,100.0,4.14,4.75073287866527,0.617000341120899,0.6767606118582579,0.0597602707373589
12,poly-higg,1000.0,4.14,4.397369444327386,0.617000341120899,0.6431929543375988,0.026192613216699856
12,poly-higg,10000.0,4.14,4.060746518654106,0.617000341120899,0.608605880653392,-0.008394460467506915
12,poly-higg,100000.0,3.15,3.770399319237009,0.4983105537896005,0.5763873483377142,0.07807679454811373
12,poly-higg,15000000.0,2.25,3.212476613793046,0.3521825181113625,0.506839974771226,0.15465745665986352
13,poly-higg,100.0,17.25,15.974402986166528,1.236789099409293,1.2034246361788892,-0.03336446323040376
13,poly-higg,1000.0,17.25,14.283406365892176,1.236789099409293,1.1548317921385896,-0.08195730727070338
13,poly-higg,10000.0,17.25,12.76347841863,1.236789099409293,1.1059690483780087,-0.13082005103128425
13,poly-higg,100000.0,14.7,11.380721151422076,1.167317334748176,1.0561697824597678,-0.11114755228840822
13,poly-higg,15000000.0,13.0,8.680306518758657,1.1139433523068367,0.938535061242748,-0.17540829106408873
14,none,100.0,1.15,1.282797182015434,0.06069784035361165,0.10815799722109623,0.04746015686748458
14,none,1000.0,1.15,1.254534580741645,0.06069784035361165,0.09848263696851613,0.03778479661490448
14,none,10000.0,1.15,1.2267596472819744,0.06069784035361165,0.08875948197380297,0.02806164162019132
14,none,100000.0,1.15,1.1996051009201232,0.06069784035361165,0.07903830378368176,0.018340463430070113
14,none,15000000.0,1.15,1.1423290273997533,0.06069784035361165,0.0577912126690159,-0.00290662768459575
15,none,100.0,1.25,1.3634263147304435,0.09691001300805642,0.13463167181876548,0.03772165881070906
15,none,1000.0,1.25,1.3334649803307863,0.09691001300805642,0.12498161466496173,0.02807160165690531
15,none,10000.0,1.25,1.303737082081265,0.09691001300805642,0.11519001830237784,0.018280005294321416
15,none,100000.0,1.25,1.2733708824669483,0.09691001300805642,0.10495491484735336,0.008044901839296945
15,none,15000000.0,1.25,1.21100142468222,0.09691001300805642,0.08314465406895041,-0.013765358939106007
16,none,100.0,1.5,1.6071191892683818,0.17609125905568124,0.2060480866712763,0.029956827615595066
16,none,1000.0,1.5,1.5699113986039974,0.17609125905568124,0.19587514273841936,0.019783883682738118
16,none,10000.0,1.5,1.5335192774629534,0.17609125905568124,0.1856892397532378,0.009597980697556574
16,none,100000.0,1.5,1.4981325944078232,0.17609125905568124,0.17555025293037066,-0.000541006125310578
16,none,15000000.0,1.5,1.422339316773228,0.17609125905568124,0.15300321511607093,-0.02308804393961031
17,none,100.0,1.65,1.7852175305825186,0.21748394421390627,0.25169114289954203,0.034207198685635765
17,none,1000.0,1.65,1.7398881024794373,0.21748394421390627,0.24052131837548507,0.023037374161578805
17,none,10000.0,1.65,1.6970231635815296,0.21748394421390627,0.2296877702770059,0.012203826063099638
17,none,100000.0,1.65,1.6560660155747973,0.21748394421390627,0.21907764502640242,0.0015937008124961571
17,none,15000000.0,1.65,1.5704504478544477,0.21748394421390627,0.19602423773363967,-0.0214597064802666
18,none,100.0,2.25,2.5061635434401577,0.3521825181113625,0.39900940811707264,0.046826890005710164
18,none,1000.0,2.25,2.460810564284551,0.3521825181113625,0.3910781825559264,0.03889566444456394
18,none,10000.0,2.25,2.411647824489426,0.3521825181113625,0.38231388761076235,0.030131369499399874
18,none,100000.0,2.25,2.350106109746787,0.3521825181113625,0.3710874715641384,0.01890495345277593
18,none,15000000.0,2.25,2.171021594104577,0.3521825181113625,0.33666414319362736,-0.015518374917735112
19,poly-higg,100.0,27.03,33.79645246864941,1.4318460456987254,1.5288711158354218,0.09702507013669637
19,poly-higg,1000.0,24.15,27.43622326378842,1.382917135087531,1.4383243282962612,0.05540719320873033
19,poly-higg,10000.0,21.85,22.10868017434768,1.3394514413064407,1.344562817200761,0.005111375894320425
19,poly-higg,100000.0,14.7,17.572802199505254,1.167317334748176,1.2448410206157257,0.07752368586754965
19,poly-higg,15000000.0,6.5,11.08801840030697,0.8129133566428556,1.0448539379698556,0.23194058132700002
20,poly-higg,100.0,76.59,33.64835945226663,1.8841720695239128,1.526963894765156,-0.35720817475875677
20,poly-higg,1000.0,56.35,29.646906421024664,1.7508939203821254,1.4719793825443777,-0.2789145378377478
20,poly-higg,10000.0,37.95,26.189159526194253,1.579211780231499,1.418121561083001,-0.1610902191484982
20,poly-higg,100000.0,29.4,23.127159110794228,1.4683473304121573,1.364122288270826,-0.10422504214133133
20,poly-higg,15000000.0,18.0,17.43048891693475,1.255272505103306,1.2413095690347729,-0.01396293606853316
21,bsa,100.0,9.09,9.987653647297034,0.9585638832219674,0.999463473439444,0.04089959021747658
21,bsa,1000.0,9.09,8.632637868945732,0.9585638832219674,0.9361435230474666,-0.022420360174500775
21,bsa,10000.0,8.63,7.408774744909972,0.9360107957152096,0.8697463907697551,-0.06626440494545449
21,bsa,100000.0,6.93,6.3559900242097935,0.8407332346118067,0.8031832069063238,-0.03755002770548288
21,bsa,15000000.0,3.58,4.676675208685171,0.5538830266438743,0.6699372095549083,0.11605418291103398
22,bsa,100.0,2.19,2.166232535969953,0.34044411484011833,0.3357050744813714,-0.004739040358746949
22,bsa,1000.0,2.19,2.130998542707457,0.34044411484011833,0.32858315272014926,-0.011860962119969065
22,bsa,10000.0,2.19,2.1024972443988537,0.34044411484011833,0.32273543526987536,-0.01770867957024297
22,bsa,100000.0,2.0,2.03634917390935,0.3010299956639812,0.30885224876297573,0.007822253098994536
22,bsa,15000000.0,1.56,1.8175778417734472,0.1931245983544616,0.2594930195468915,0.06636842119242992
23,poly-higg,100.0,1.32,1.5581645782270435,0.12057393120584989,0.1926133273038016,0.07203939609795171
23,poly-higg,1000.0,1.32,1.5202977562874354,0.12057393120584989,0.18192865455558802,0.06135472334973813
23,poly-higg,10000.0,1.32,1.487183527586224,0.12057393120584989,0.17236456643703643,0.051790635231186544
23,poly-higg,100000.0,1.21,1.4558749020678945,0.08278537031645007,0.16312405926568355,0.08033868894923347
23,poly-higg,15000000.0,1.15,1.3895566751859647,0.06069784035361165,0.14287626483671884,0.08217842448310719
24,poly-higg,100.0,2.99,4.088658721868703,0.4756711883244297,0.6115808617417251,0.13590967341729543
24,poly-higg,1000.0,2.99,3.8250928357637473,0.4756711883244297,0.5826419800309831,0.10697079170655344
24,poly-higg,10000.0,2.99,3.557048347273182,0.4756711883244297,0.5510897681408724,0.07541857981644273
24,poly-higg,100000.0,2.73,3.3556439496292634,0.436162647040756,0.5257758738150236,0.08961322677426753
24,poly-higg,15000000.0,2.6,2.7964324896951673,0.414973347970818,0.4466043392348855,0.03163099126406754
25,poly-higg,100.0,9.2,11.15902618292153,0.9637878273455552,1.047626296587519,0.0838384692419637
25,poly-higg,1000.0,9.2,9.65272946493698,0.9637878273455552,0.9846501344785686,0.020862307133013402
25,poly-higg,10000.0,9.2,8.368273033082094,0.9637878273455552,0.9226358415550462,-0.04115198579050905
25,poly-higg,100000.0,6.83,7.210553259072193,0.8344207036815325,0.8579685890112114,0.023547885329678886
25,poly-higg,15000000.0,4.17,5.301260209521738,0.6201360549737575,0.7243791218619531,0.10424306688819562
26,poly-higg,100.0,4.37,4.834956623046157,0.6404814369704218,0.6843925821509336,0.04391114518051176
26,poly-higg,1000.0,3.85,4.510977259939612,0.5854607295085007,0.6542706378031777,0.06880990829467704
26,poly-higg,10000.0,3.85,4.212241582889848,0.5854607295085007,0.624513271133407,0.039052541624906345
26,poly-higg,100000.0,3.15,3.909666503217023,0.4983105537896005,0.5921397134087332,0.09382915961913268
26,poly-higg,15000000.0,2.24,3.013634947201137,0.35024801833416286,0.47909064346034597,0.1288426251261831
27,poly-higg,100.0,7.82,9.168946674765394,0.893206753059848,0.9623194469446047,0.06911269388475672
27,poly-higg,1000.0,6.9,7.983502867669037,0.8388490907372553,0.9021934856252476,0.06334439488799226
27,poly-higg,10000.0,6.67,6.983590559615253,0.8241258339165489,0.8440787692266811,0.019952935310132203
27,poly-higg,100000.0,5.15,6.185393913274858,0.7118072290411911,0.7913673626416338,0.07956013360044267
27,poly-higg,15000000.0,4.0,4.834261722960773,0.6020599913279624,0.6843301590548204,0.08227016772685802
28,bsa,100.0,5.06,4.546906131989825,0.7041505168397991,0.6577159885619058,-0.046434528277893294
28,bsa,1000.0,4.6,4.25526765969698,0.6627578316815741,0.6289268827457435,-0.03383094893583061
28,bsa,10000.0,4.6,3.9603916285843077,0.6627578316815741,0.597738133835473,-0.06501969784610107
28,bsa,100000.0,3.99,3.6854849191134686,0.6009728956867483,0.5664946384202546,-0.03447825726649367
28,bsa,15000000.0,3.0,3.0144706017877496,0.47712125471966244,0.47921105282448817,0.0020897981048257352
29,none,100.0,1.0,1.1309083080679587,0.0,0.05342739456789982,0.05342739456789982
29,none,1000.0,1.0,1.1081212931212288,0.0,0.044587300148884186,0.044587300148884186
29,none,10000.0,1.0,1.0865970018002988,0.0,0.03606850236953871,0.03606850236953871
29,none,100000.0,1.0,1.0661502626265889,0.0,0.027818418227718963,0.027818418227718963
29,none,15000000.0,1.0,1.018878232672316,0.0,0.008122284066867354,0.008122284066867354
30,none,100.0,0.97,1.1081912374508234,-0.01322826573375516,0.04461471183922518,0.057842977572980334
30,none,1000.0,0.97,1.0855981635627427,-0.01322826573375516,0.03566909998399295,0.04889736571774811
30,none,10000.0,0.97,1.0639737683719708,-0.01322826573375516,0.02693092082393746,0.04015918655769262
30,none,100000.0,0.97,1.041686888998718,-0.01322826573375516,0.017737198027926147,0.030965463761681307
30,none,15000000.0,0.97,0.9935356113774363,-0.01322826573375516,-0.002816561822873806,0.010411703910881354
31,none,100.0,1.2,1.3440127093856085,0.07918124604762482,0.12840337555555978,0.04922212950793496
31,none,1000.0,1.2,1.3181464063233266,0.07918124604762482,0.11996364995989026,0.04078240391226544
31,none,10000.0,1.2,1.2887297733216387,0.07918124604762482,0.11016186207141043,0.030980616023785615
31,none,100000.0,1.2,1.258916973265064,0.07918124604762482,0.09999708893086663,0.020815842883241814
31,none,15000000.0,1.2,1.1962820744167573,0.07918124604762482,0.07783359513638662,-0.0013476509112382018
32,none,100.0,1.3,1.434533195207466,0.11394335230683679,0.1567106023057031,0.042767249998866316
32,none,1000.0,1.3,1.4066783122870294,0.11394335230683679,0.148194791697741,0.034251439390904206
32,none,10000.0,1.3,1.3750683906979588,0.11394335230683679,0.13832429886744482,0.024380946560608033
32,none,100000.0,1.3,1.3439761400842616,0.11394335230683679,0.12839155865699928,0.014448206350162487
32,none,15000000.0,1.3,1.2778424695180886,0.11394335230683679,0.10647731795706236,-0.007466034349774428
33,none,100.0,1.55,1.7206793070845467,0.1903316981702915,0.23569993590483052,0.04536823773453902
33,none,1000.0,1.55,1.6811118885382381,0.1903316981702915,0.2255966194225994,0.0352649212523079
33,none,10000.0,1.55,1.6410922606256664,0.1903316981702915,0.21513299735675115,0.024801299186459652
33,none,100000.0,1.55,1.6005382712279432,0.1903316981702915,0.20426606322516438,0.013934365054872888
33,none,15000000.0,1.55,1.5187487663898322,0.1903316981702915,0.1814859381849841,-0.0088457599853074
34,none,100.0,2.32,2.556903246540156,0.3654879848908996,0.4077142945931262,0.04222630970222657
34,none,1000.0,2.32,2.506699878047052,0.3654879848908996,0.3991023398973874,0.033614355006487795
34,none,10000.0,2.32,2.457863164189801,0.3654879848908996,0.3905577008891267,0.025069715998227105
34,none,100000.0,2.32,2.411005497332049,0.3654879848908996,0.3821982006131452,0.01671021572224557
34,none,15000000.0,2.32,2.2879966395949105,0.3654879848908996,0.35945538226851326,-0.006032602622386363
35,none,100.0,1.17,1.3174386097415534,0.06818586174616162,0.11973038701804604,0.051544525271884425
35,none,1000.0,1.17,1.2890551812902438,0.06818586174616162,0.11027150883277456,0.04208564708661294
35,none,10000.0,1.17,1.2609843744406957,0.06818586174616162,0.10070970502175133,0.032523843275589714
35,none,100000.0,1.17,1.2329509055691084,0.06818586174616162,0.09094578392345412,0.022759922177292502
35,none,15000000.0,1.17,1.1697522222264114,0.06818586174616162,0.06809387891209243,-9.198283406919305e-05
36,none,100.0,1.27,1.4023346426988106,0.10380372095595687,0.14685166280002188,0.043047941844065005
36,none,1000.0,1.27,1.3731018351279507,0.10380372095595687,0.13770274757476036,0.03389902661880349
36,none,10000.0,1.27,1.3432067841736808,0.10380372095595687,0.12814287663933815,0.024339155683381283
36,none,100000.0,1.27,1.3129438650113403,0.10380372095595687,0.11824615820145618,0.014442437245499304
36,none,15000000.0,1.27,1.2457663642850545,0.10380372095595687,0.09543660073735204,-0.008367120218604834
37,none,100.0,1.52,1.670874686009166,0.18184358794477254,0.2229438794472416,0.04110029150246905
37,none,1000.0,1.52,1.6306546773970294,0.18184358794477254,0.21236200053780677,0.030518412593034228
37,none,10000.0,1.52,1.592388582130438,0.18184358794477254,0.2020490549108524,0.02020546696607986
37,none,100000.0,1.52,1.554420203414012,0.18184358794477254,0.19156843232551388,0.009724844380741338
37,none,15000000.0,1.52,1.47446261365735,0.18184358794477254,0.16863376509523792,-0.01320982284953462
38,none,100.0,2.29,2.5560581142463215,0.359835482339888,0.4075707236685156,0.04773524132862761
38,none,1000.0,2.29,2.501958863696206,0.359835482339888,0.39828016490312057,0.03844468256323258
38,none,10000.0,2.29,2.4506030212641225,0.359835482339888,0.38927296460260286,0.029437482262714865
38,none,100000.0,2.29,2.396241953543081,0.359835482339888,0.3795306675500914,0.019695185210203414
38,none,15000000.0,2.29,2.2526884077847273,0.359835482339888,0.35270112419688915,-0.007134358142998842
39,none,100.0,1.07,1.1828699697567522,0.029383777685209667,0.07293700623325795,0.04355322854804829
39,none,1000.0,1.07,1.1560185892927193,0.029383777685209667,0.06296481778895625,0.03358104010374659
39,none,10000.0,1.07,1.1333320007133312,0.029383777685209667,0.054357151660957094,0.024973373975747427
39,none,100000.0,1.07,1.1120710787115482,0.029383777685209667,0.046132546333877325,0.01674876864866766
39,none,15000000.0,1.07,1.0653332462097964,0.029383777685209667,0.027485480405451977,-0.0018982972797576894
40,none,100.0,1.0,1.13723762729397,0.0,0.05585122057151558,0.05585122057151558
40,none,1000.0,1.0,1.1127002797872825,0.0,0.046378197251164294,0.046378197251164294
40,none,10000.0,1.0,1.09165236462985,0.0,0.038084359834377066,0.038084359834377066
40,none,100000.0,1.0,1.0713185364826083,0.0,0.02991861935514505,0.02991861935514505
40,none,15000000.0,1.0,1.0266622399248337,0.0,0.011427589202506926,0.011427589202506926
41,none,100.0,1.27,1.391725568070568,0.10380372095595687,0.14355360594788588,0.03974988499192901
41,none,1000.0,1.27,1.3598772539129167,0.10380372095595687,0.1334997095804523,0.02969598862449542
41,none,10000.0,1.27,1.3289363932354765,0.10380372095595687,0.12350419484196612,0.019700473886009248
41,none,100000.0,1.27,1.3011937516667997,0.10380372095595687,0.1143419691324525,0.010538248176495624
41,none,15000000.0,1.27,1.2439848559795696,0.10380372095595687,0.09481509337365851,-0.008988627582298361
42,none,100.0,1.38,1.4821828197303393,0.13987908640123647,0.1709017749680209,0.031022688566784418
42,none,1000.0,1.38,1.4482092509754512,0.13987908640123647,0.16083131737100628,0.02095223096976981
42,none,10000.0,1.38,1.4152378429302424,0.13987908640123647,0.15082943292883516,0.010950346527598687
42,none,100000.0,1.38,1.383297468577082,0.13987908640123647,0.14091558218448996,0.0010364957832534882
42,none,15000000.0,1.38,1.321045401719242,0.13987908640123647,0.12091774371392337,-0.0189613426873131
43,none,100.0,1.64,1.7584166282487934,0.21484384804769785,0.24512178195074708,0.030277933903049226
43,none,1000.0,1.64,1.7131306075667478,0.21484384804769785,0.23379047445602727,0.01894662640832942
43,none,10000.0,1.64,1.6707352590924318,0.21484384804769785,0.22290763802972344,0.008063789982025588
43,none,100000.0,1.64,1.6313918008378894,0.21484384804769785,0.21255827526928703,-0.0022855727784108215
43,none,15000000.0,1.64,1.5466766399268401,0.21484384804769785,0.1893995262562714,-0.025444321791426444
44,none,100.0,2.42,2.6066919673048066,0.38381536598043126,0.4160897136371963,0.03227434765676507
44,none,1000.0,2.42,2.5679737419545727,0.38381536598043126,0.40959057867152865,0.025775212691097393
44,none,10000.0,2.42,2.5257394458409816,0.38381536598043126,0.40238854690421977,0.018573180923788513
44,none,100000.0,2.42,2.4710873071096198,0.38381536598043126,0.3928880899290319,0.009072723948600647
44,none,15000000.0,2.42,2.346273191849789,0.38381536598043126,0.37037857845523514,-0.013436787525196114
45,none,100.0,1.2,1.3365012153708464,0.07918124604762482,0.12596935802604806,0.04678811197842324
45,none,1000.0,1.2,1.3064781771936966,0.07918124604762482,0.11610215987007169,0.036920913822446874
45,none,10000.0,1.2,1.2775817906475238,0.07918124604762482,0.1063887131823543,0.027207467134729477
45,none,100000.0,1.2,1.2515851722734668,0.07918124604762482,0.09746040934954889,0.01827916330192407
45,none,15000000.0,1.2,1.1936895891143537,0.07918124604762482,0.0768914061388959,-0.0022898399087289134
46,none,100.0,1.3,1.424877286506974,0.11394335230683679,0.15377746358123195,0.039834111274395165
46,none,1000.0,1.3,1.3919178777860226,0.11394335230683679,0.14361361294949773,0.029670260642660942
46,none,10000.0,1.3,1.3601521104024643,0.11394335230683679,0.13358747970433266,0.019644127397495867
46,none,100000.0,1.3,1.3314524678633246,0.11394335230683679,0.12432566697237812,0.010382314665541334
46,none,15000000.0,1.3,1.270571366651201,0.11394335230683679,0.10399906393368301,-0.009944288373153781
47,none,100.0,1.55,1.69521523429737,0.1903316981702915,0.2292248465705737,0.03889314840028221
47,none,1000.0,1.55,1.6510569725855677,0.1903316981702915,0.2177620596059971,0.027430361435705597
47,none,10000.0,1.55,1.6099922474579813,0.1903316981702915,0.20682378479313812,0.016492086622846625
47,none,100000.0,1.55,1.568951288573545,0.1903316981702915,0.19560946020126796,0.005277762030976463
47,none,15000000.0,1.55,1.4902616272284,0.1903316981702915,0.17326251894065955,-0.017069179229631942
48,none,100.0,2.32,2.573609927039437,0.3654879848908996,0.4105427230765892,0.04505473818568956
48,none,1000.0,2.32,2.5361082793369376,0.3654879848908996,0.4041677918416554,0.03867980695075579
48,none,10000.0,2.32,2.4855210431276444,0.3654879848908996,0.3954174443511119,0.029929459460212304
48,none,100000.0,2.32,2.4344814916804425,0.3654879848908996,0.3864064771396219,0.020918492248722276
48,none,15000000.0,2.32,2.2994894786783795,0.3654879848908996,0.36163142679878196,-0.0038565580921176568
49,bgg,100.0,3.45,3.41368869120231,0.5378190950732742,0.5332239134226706,-0.004595181650603575
49,bgg,1000.0,3.45,3.2842213011665837,0.5378190950732742,0.5164324135622997,-0.021386681510974448
49,bgg,10000.0,3.45,3.174710105845534,0.5378190950732742,0.5017040744533142,-0.03611502061995997
49,bgg,100000.0,3.15,3.019937313275545,0.4983105537896005,0.47999792812898,-0.018312625660620474
49,bgg,15000000.0,2.95,2.4895316417903097,0.46982201597816303,0.3961176505020586,-0.07370436547610443
50,bgg,100.0,1.55,1.658868170386824,0.1903316981702915,0.21981187418082518,0.029480176010533682
50,bgg,1000.0,1.55,1.6218886126368004,0.1903316981702915,0.2100210246110872,0.019689326440795712
50,bgg,10000.0,1.55,1.5854416688403974,0.1903316981702915,0.20015026820684545,0.009818570036553953
50,bgg,100000.0,1.42,1.5480427097576495,0.15228834438305647,0.18978293848911834,0.037494594106061874
50,bgg,15000000.0,1.3,1.472979841793086,0.11394335230683679,0.16819680342244603,0.05425345111560924
51,bgg,100.0,3.62,4.700348950640641,0.5587085705331657,0.672130100853199,0.11342153032003333
51,bgg,1000.0,3.62,4.460522834380159,0.5587085705331657,0.6493857669583799,0.09067719642521421
51,bgg,10000.0,3.62,4.225806521669938,0.5587085705331657,0.6259096090213915,0.06720103848822578
51,bgg,100000.0,3.31,3.9888279861617337,0.5198279937757188,0.6008453082397656,0.08101731446404681
51,bgg,15000000.0,3.15,3.5092217439738334,0.4983105537896005,0.5452108116869225,0.04690025789732205
52,bgg,100.0,2.74,2.387294742910731,0.437750562820388,0.37790604167848557,-0.05984452114190242
52,bgg,1000.0,2.74,2.29930532982259,0.437750562820388,0.3615966460202123,-0.07615391680017569
52,bgg,10000.0,2.74,2.2251297454222225,0.437750562820388,0.3473553393969943,-0.09039522342339368
52,bgg,100000.0,2.42,2.1458801197528405,0.38381536598043126,0.3316054563139629,-0.05220990966646838
52,bgg,15000000.0,2.0,1.9231940197562372,0.3010299956639812,0.28402309986980406,-0.017006895794177135
53,poly-higg,100.0,2.53,2.2023188411130996,0.40312052117581787,0.34288019425061117,-0.0602403269252067
53,poly-higg,1000.0,2.53,2.1289141605991957,0.40312052117581787,0.3281581507151383,-0.07496237046067955
53,poly-higg,10000.0,2.53,2.060261600532089,0.40312052117581787,0.31392236816253005,-0.08919815301328782
53,poly-higg,100000.0,2.1,1.9928166679908559,0.3222192947339193,0.29946734699843214,-0.022751947735487166
53,poly-higg,15000000.0,1.75,1.7950675336154356,0.24303804868629444,0.25408079214821333,0.011042743461918886
54,poly-higg,100.0,5.87,5.361359927592685,0.7686381012476144,0.7292749639722359,-0.039363137275378546
54,poly-higg,1000.0,3.62,5.010914075550769,0.5587085705331657,0.69991695575902,0.14120838522585433
54,poly-higg,10000.0,3.57,4.7052894799319125,0.5526682161121932,0.6725863473530097,0.11991813124081652
54,poly-higg,100000.0,3.2,4.409169869810157,0.505149978319906,0.6443568309878235,0.13920685266791744
54,poly-higg,15000000.0,2.75,3.7889195017369035,0.43933269383026263,0.5785153784808952,0.13918268465063255
55,poly-higg,100.0,2.88,2.5017178225719037,0.45939248775923086,0.3982383225392586,-0.061154165219972245
55,poly-higg,1000.0,2.51,2.4250601448894606,0.3996737214810381,0.3847225141835159,-0.014951207297522195
55,poly-higg,10000.0,2.3,2.37646512051711,0.36172783601759284,0.3759314445183793,0.014203608500786447
55,poly-higg,100000.0,2.0,2.3189142718955917,0.3010299956639812,0.36528469347158704,0.06425469780760584
55,poly-higg,15000000.0,1.73,2.1849108046601806,0.2380461031287954,0.33943371232036657,0.10138760919157117
56,bsa,100.0,3.51,4.0263959670282805,0.5453071164658241,0.6049164823855462,0.0596093659197221
56,bsa,1000.0,3.51,3.835102770010558,0.5453071164658241,0.5837770063164138,0.038469889850589745
56,bsa,10000.0,3.51,3.6583201148028883,0.5453071164658241,0.5632817049702954,0.01797458850447131
56,bsa,100000.0,3.2,3.478571529694392,0.505149978319906,0.5414009381614481,0.03625095984154203
56,bsa,15000000.0,3.05,3.1148121768286776,0.48429983934678583,0.4934318638278748,0.009132024481088963
57,bsa,100.0,2.24,1.700606964501578,0.35024801833416286,0.23060395331186545,-0.11964406502229741
57,bsa,1000.0,2.22,1.664519206654463,0.3463529744506387,0.22128881078492055,-0.12506416366571813
57,bsa,10000.0,1.84,1.634138155516036,0.2648178230095365,0.21328877045948075,-0.05152905255005574
57,bsa,100000.0,1.63,1.6036435083319136,0.21218760440395779,0.20510783054938658,-0.007079773854571203
57,bsa,15000000.0,1.47,1.5231340748624351,0.1673173347481761,0.18273813407147582,0.015420799323299733
58,poly-higg,100.0,6.33,5.510695134295586,0.8014037100173551,0.7412063854120657,-0.06019732460528937
58,poly-higg,1000.0,6.33,5.161727186106855,0.8014037100173551,0.7127950469534157,-0.08860866306393944
58,poly-higg,10000.0,6.33,4.816149440512194,0.8014037100173551,0.6826999542013664,-0.11870375581598869
58,poly-higg,100000.0,5.78,4.457682752661445,0.761927838420529,0.6491091570847344,-0.11281868133579465
58,poly-higg,15000000.0,5.5,3.8092512388490554,0.7403626894942439,0.58083961746207,-0.15952307203217386
59,poly-higg,100.0,6.33,5.6779300512603506,0.8014037100173551,0.7541900379716688,-0.04721367204568627
59,poly-higg,1000.0,5.18,5.286511018576646,0.714329759745233,0.7231691417357462,0.008839381990513151
59,poly-higg,10000.0,5.06,4.8778783545099085,0.7041505168397991,0.6882309655915224,-0.01591955124827671
59,poly-higg,100000.0,4.41,4.449699587320642,0.6444385894678385,0.648330691436444,0.0038921019686054548
59,poly-higg,15000000.0,3.88,3.643502444109963,0.5888317255942073,0.5615190651914318,-0.027312660402775468
60,none,100.0,1.38,1.6248326130656061,0.13987908640123647,0.21080862748949136,0.07092954108825489
60,none,1000.0,1.38,1.5904754096059728,0.13987908640123647,0.201526958853636,0.06164787245239953
60,none,10000.0,1.38,1.5554695958789135,0.13987908640123647,0.19186152655300634,0.051982440151769865
60,none,100000.0,1.38,1.523190926047407,0.13987908640123647,0.18275434386912934,0.04287525746789286
60,none,15000000.0,1.38,1.4505219234817892,0.13987908640123647,0.16152429720294473,0.021645210801708253
61,none,100.0,3.05,2.922941371794751,0.48429983934678583,0.46582010438878146,-0.018479734958004368
61,none,1000.0,3.05,2.864913936336415,0.48429983934678583,0.4571115800431663,-0.02718825930361951
61,none,10000.0,3.05,2.8083591778486614,0.48429983934678583,0.44845265152831254,-0.03584718781847329
61,none,100000.0,3.05,2.7561340172552065,0.48429983934678583,0.44030033135581,-0.04399950799097585
61,none,15000000.0,3.05,2.681048119978316,0.48429983934678583,0.42830460885550464,-0.05599523049128119
62,none,100.0,0.98,1.1127016303869017,-0.00877392430750515,0.046378724399055396,0.055152648706560545
62,none,1000.0,0.98,1.0892204072015983,-0.00877392430750515,0.03711576951333677,0.04588969382084192
62,none,10000.0,0.98,1.066372762555152,-0.00877392430750515,0.027909043736009786,0.03668296804351494
62,none,100000.0,0.98,1.0440910756653687,-0.00877392430750515,0.018738383660237487,0.027512307967742636
62,none,15000000.0,0.98,0.9950099809649445,-0.00877392430750515,-0.0021725628158235045,0.006601361491681646
63,none,100.0,3.3,3.153383787480341,0.5185139398778874,0.4987768304503136,-0.019737109427573785
63,none,1000.0,3.3,3.113882286120592,0.5185139398778874,0.49330219093777006,-0.02521174894011735
63,none,10000.0,3.3,3.0703951188487477,0.5185139398778874,0.4871942669736204,-0.031319672904267015
63,none,100000.0,3.3,3.005461216729505,0.5185139398778874,0.4779111280893498,-0.040602811788537585
63,none,15000000.0,3.3,2.7200686510552434,0.5185139398778874,0.4345798652100158,-0.08393407466787162
64,none,100.0,1.04,1.1588020997582,0.01703333929878037,0.06400927347733466,0.04697593417855429
64,none,1000.0,1.04,1.1353662200325811,0.01703333929878037,0.055135968741174976,0.038102629442394606
64,none,10000.0,1.04,1.1128047309966695,0.01703333929878037,0.046418963354748356,0.029385624055967986
64,none,100000.0,1.04,1.0901978765909068,0.01703333929878037,0.03750533180491398,0.02047199250613361
64,none,15000000.0,1.04,1.040672278931042,0.01703333929878037,0.01731398612929577,0.0002806468305153985
65,none,100.0,1.01,1.1333850787962314,0.004321373782642578,0.054377490783758226,0.050056117001115646
65,none,1000.0,1.01,1.1098241889521345,0.004321373782642578,0.04525418616020958,0.040932812377567
65,none,10000.0,1.01,1.086216122079449,0.004321373782642578,0.03591624448697142,0.03159487070432884
65,none,100000.0,1.01,1.062787045962617,0.004321373782642578,0.02644625226699433,0.02212487848435175
65,none,15000000.0,1.01,1.0147276294785619,0.004321373782642578,0.006349485708850891,0.002028111926208313
66,none,100.0,1.11,1.2185010393402225,0.045322978786657475,0.08582590395942258,0.0405029251727651
66,none,1000.0,1.11,1.1932930175734346,0.045322978786657475,0.07674709940368708,0.03142412061702961
66,none,10000.0,1.11,1.1692647241604945,0.045322978786657475,0.06791284754046527,0.022589868753807793
66,none,100000.0,1.11,1.1463091392572229,0.045322978786657475,0.0593017549511735,0.013978776164516024
66,none,15000000.0,1.11,1.0985885327212037,0.045322978786657475,0.04083506145951123,-0.004487917327146249
67,none,100.0,1.04,1.1693277645198052,0.01703333929878037,0.06793626169263157,0.050902922393851205
67,none,1000.0,1.04,1.1460538470131982,0.01703333929878037,0.05920502331314321,0.04217168401436284
67,none,10000.0,1.04,1.1230210680149286,0.01703333929878037,0.05038790375638446,0.03335456445760409
67,none,100000.0,1.04,1.1014035322015543,0.01703333929878037,0.04194646493006872,0.02491312563128835
67,none,15000000.0,1.04,1.0527695441548324,0.01703333929878037,0.022333312633085998,0.005299973334305628
68,none,100.0,1.24,1.375095095948755,0.09342168516223506,0.1383327332337036,0.044911048071468535
68,none,1000.0,1.24,1.3440108061260485,0.09342168516223506,0.1284027605496867,0.03498107538745163
68,none,10000.0,1.24,1.3138291731207268,0.09342168516223506,0.11853890099702115,0.025117215834786086
68,none,100000.0,1.24,1.284111626821722,0.09342168516223506,0.10860277825427389,0.015181093092038828
68,none,15000000.0,1.24,1.2214172068461027,0.09342168516223506,0.08686403387310691,-0.00655765128912815
69,none,100.0,1.33,1.463868653922221,0.12385164096708581,0.165502111260749,0.0416504702936632
69,none,1000.0,1.33,1.4317174742109713,0.12385164096708581,0.15585732558585694,0.032005684618771124
69,none,10000.0,1.33,1.4001029056713712,0.12385164096708581,0.14615995690882042,0.022308315941734602
69,none,100000.0,1.33,1.368924293250018,0.12385164096708581,0.13637943065195118,0.01252778968486537
69,none,15000000.0,1.33,1.3011060983234124,0.12385164096708581,0.1143127124244924,-0.009538928542593417
70,none,100.0,1.6,1.7264336811376475,0.2041199826559248,0.23714990010849413,0.033029917452569335
70,none,1000.0,1.6,1.692052825147408,0.2041199826559248,0.22841391739798517,0.024293934742060375
70,none,10000.0,1.6,1.6578171005849822,0.2041199826559248,0.2195366151236508,0.01541663246772601
70,none,100000.0,1.6,1.6220771221217716,0.2041199826559248,0.21007149902166705,0.00595151636574226
70,none,15000000.0,1.6,1.5432136633332165,0.2041199826559248,0.18842605981723776,-0.015693922838687036
71,none,100.0,2.35,2.5819265753083114,0.37106786227173627,0.41194388766245216,0.04087602539071589
71,none,1000.0,2.35,2.5275362947264943,0.37106786227173627,0.4026974006572087,0.031629538385472444
71,none,10000.0,2.35,2.463521458916186,0.37106786227173627,0.3915563496222117,0.020488487350475426
71,none,100000.0,2.35,2.4073028641121543,0.37106786227173627,0.38153073254269004,0.010462870270953772
71,none,15000000.0,2.35,2.2869630690142198,0.37106786227173627,0.35925915146602394,-0.01180871080571233
72,none,100.0,1.21,1.3448551662621469,0.08278537031645007,0.1286755156543781,0.045890145337928026
72,none,1000.0,1.21,1.3140932603064128,0.08278537031645007,0.1186261879020013,0.03584081758555123
72,none,10000.0,1.21,1.2836028256860628,0.08278537031645007,0.10843066446780573,0.025645294151355663
72,none,100000.0,1.21,1.2543582070427193,0.08278537031645007,0.09842157567112195,0.015636205354671875
72,none,15000000.0,1.21,1.1917986991721168,0.08278537031645007,0.07620290706403235,-0.006582463252417722
73,none,100.0,1.31,1.4341790415888447,0.11727129565576427,0.15660337163884022,0.03933207598307595
73,none,1000.0,1.31,1.4014733317637036,0.11727129565576427,0.14658483810910625,0.029313542453341973
73,none,10000.0,1.31,1.3682605048742442,0.11727129565576427,0.13616879114043637,0.018897495484672094
73,none,100000.0,1.31,1.3354034039070377,0.11727129565576427,0.1256124789037236,0.008341183247959322
73,none,15000000.0,1.31,1.267371947067707,0.11727129565576427,0.10290408990573384,-0.014367205750030435
74,none,100.0,1.56,1.6950521728129504,0.1931245983544616,0.22918307010019826,0.03605847174573665
74,none,1000.0,1.56,1.6576091797642818,0.1931245983544616,0.21948214317489623,0.02635754482043462
74,none,10000.0,1.56,1.6200243860686578,0.1931245983544616,0.2095215519842003,0.016396953629738698
74,none,100000.0,1.56,1.5820107891239767,0.1931245983544616,0.19920944100807356,0.006084842653611949
74,none,15000000.0,1.56,1.4998912974247707,0.1931245983544616,0.17605978529618072,-0.017064813058280892
75,none,100.0,2.33,2.575966913090197,0.367355921026019,0.41094028044451586,0.043584359418496865
75,none,1000.0,2.33,2.5216782327474023,0.367355921026019,0.40168966960524877,0.03433374857922977
75,none,10000.0,2.33,2.4583085955393598,0.367355921026019,0.39063639967637986,0.02328047865036087
75,none,100000.0,2.33,2.389813149907078,0.367355921026019,0.378363946497704,0.011008025471685001
75,none,15000000.0,2.33,2.240224384773901,0.367355921026019,0.3502915202040875,-0.017064400821931502
76,none,100.0,1.42,1.6301183771129422,0.15228834438305647,0.21221914345929882,0.05993079907624235
76,none,1000.0,1.42,1.597659620751856,0.15228834438305647,0.20348425897356312,0.05119591459050665
76,none,10000.0,1.42,1.5640370851503793,0.15228834438305647,0.1942470464765301,0.04195870209347363
76,none,100000.0,1.42,1.5294742368879122,0.15228834438305647,0.18454216594204423,0.03225382155898776
76,none,15000000.0,1.42,1.4568610083420985,0.15228834438305647,0.16341811993097644,0.011129775547919968
77,none,100.0,3.1,3.038904774579742,0.4913616938342727,0.48271709148418757,-0.008644602350085129
77,none,1000.0,3.1,2.9773365277327923,0.4913616938342727,0.47382792563673987,-0.01753376819753283
77,none,10000.0,3.1,2.905980211709842,0.4913616938342727,0.46329265264112107,-0.028069041193151623
77,none,100000.0,3.1,2.8306550153105263,0.4913616938342727,0.45188694316357364,-0.039474750670699055
77,none,15000000.0,3.1,2.6821559849945187,0.4913616938342727,0.428484031327839,-0.06287766250643367
78,none,100.0,1.47,1.749586214918704,0.1673173347481761,0.24293534821412313,0.07561801346594704
78,none,1000.0,1.47,1.7068307121885546,0.1673173347481761,0.232190448819343,0.06487311407116692
78,none,10000.0,1.47,1.665010741077722,0.1673173347481761,0.22141703950944852,0.05409970476127243
78,none,100000.0,1.47,1.6263294002102178,0.1673173347481761,0.21120851309393737,0.043891178345761284
78,none,15000000.0,1.47,1.5426474493772544,0.1673173347481761,0.18826668543813965,0.020949350689963564
79,none,100.0,3.15,3.150748101258929,0.4983105537896005,0.49841368321009566,0.00010312942049517382
79,none,1000.0,3.15,3.0832058318320983,0.4983105537896005,0.4890025187728802,-0.009308035016720284
79,none,10000.0,3.15,2.9983466392554528,0.4983105537896005,0.47688184025787134,-0.02142871353172915
79,none,100000.0,3.15,2.9029364720478656,0.4983105537896005,0.46283753182170306,-0.03547302196789742
79,none,15000000.0,3.15,2.7374830834356914,0.4983105537896005,0.43735144408809,-0.06095910970151047
80,none,100.0,1.54,1.8076926325064324,0.18752072083646307,0.25712458800084,0.06960386716437691
80,none,1000.0,1.54,1.7631442010216456,0.18752072083646307,0.24628783308602284,0.05876711224955977
80,none,10000.0,1.54,1.7162810235925303,0.18752072083646307,0.23458840064730024,0.047067679810837176
80,none,100000.0,1.54,1.6707082200677321,0.18752072083646307,0.22290060939117448,0.035379888554711414
80,none,15000000.0,1.54,1.5808860830725031,0.18752072083646307,0.19890057627283686,0.011379855436373792
81,none,100.0,3.22,3.2206155329341124,0.5078558716958309,0.5079388831894255,8.301149359457582e-05
81,none,1000.0,3.22,3.149532021552206,0.5078558716958309,0.49824602821620706,-0.009609843479623847
81,none,10000.0,3.22,3.0783393176610057,0.5078558716958309,0.4883164893309756,-0.019539382364855307
81,none,100000.0,3.22,3.00179136739303,0.5078558716958309,0.47738050431676887,-0.030475367379062035
81,none,15000000.0,3.22,2.853579060767934,0.5078558716958309,0.4553899095394699,-0.05246596215636101
82,bsa,100.0,10.35,12.896011993551014,1.0149403497929366,1.1104554283638226,0.09551507857088604
82,bsa,1000.0,10.35,11.729716248457272,1.0149403497929366,1.0692875062996925,0.05434715650675592
82,bsa,10000.0,10.35,10.782811086627929,1.0149403497929366,1.0327319964963575,0.017791646703420927
82,bsa,100000.0,10.35,9.967496221555168,1.0149403497929366,0.9985860797035766,-0.016354270089359968
82,bsa,15000000.0,10.35,8.357342314831554,1.0149403497929366,0.9220681911342343,-0.09287215865870224
83,bgg,100.0,18.06,17.41783799174544,1.256717745977487,1.2409942467378692,-0.0157234992396178
83,bgg,1000.0,18.06,15.497392567551168,1.256717745977487,1.1902586343779311,-0.06645911159955586
83,bgg,10000.0,14.95,13.871981795836001,1.1746411926604485,1.1421385102090411,-0.032502682451407416
83,bgg,100000.0,12.43,12.502788231596119,1.0944711286416449,1.0970068752931956,0.002535746651550763
83,bgg,15000000.0,9.5,10.048107599649232,0.9777236052888477,1.0020842770383949,0.024360671749547147
84,poly-higg,100.0,19.09,20.21686740109039,1.2808059283936668,1.305713862638894,0.024907934245227192
84,poly-higg,1000.0,19.09,18.18944670330213,1.2808059283936668,1.2598194886535112,-0.02098643974015557
84,poly-higg,10000.0,19.09,16.391966338419845,1.2808059283936668,1.2146310535523916,-0.06617487484127516
84,poly-higg,100000.0,16.72,14.787425958555344,1.2232362731029975,1.16989258310538,-0.05334368999761763
84,poly-higg,15000000.0,9.3,11.696401478333692,0.9684829485539351,1.0680522670037003,0.09956931844976513
85,bsa,100.0,4.95,5.330558633296358,0.6946051989335688,0.7267727247198081,0.03216752578623938
85,bsa,1000.0,4.95,5.160363615077093,0.6946051989335688,0.7126803044291035,0.018075105495534705
85,bsa,10000.0,4.95,5.000207570620271,0.6946051989335688,0.6989880333167905,0.004382834383221734
85,bsa,100000.0,4.95,4.843360538254332,0.6946051989335688,0.6851467989962301,-0.009458399937338657
85,bsa,15000000.0,4.3,4.472721084755159,0.6334684555795865,0.6505718167667771,0.01710336118719058
86,bgg,100.0,5.75,6.007435331424654,0.7596678446896304,0.7786891044269839,0.01902125973735347
86,bgg,1000.0,5.75,5.660006754997677,0.7596678446896304,0.7528169495021346,-0.00685089518749582
86,bgg,10000.0,5.75,5.378610617024754,0.7596678446896304,0.7306701047952175,-0.0289977398944129
86,bgg,100000.0,5.75,5.148889873391352,0.7596678446896304,0.7117136030546732,-0.047954241634957206
86,bgg,15000000.0,5.7,4.6950350951938375,0.7558748556724915,0.6716388429476163,-0.08423601272487513
87,poly-higg,100.0,5.87,6.171961961147853,0.7686381012476144,0.7904232407685421,0.021785139520927643
87,poly-higg,1000.0,5.06,5.794104067326157,0.7041505168397991,0.7629862912577352,0.05883577441793608
87,poly-higg,10000.0,5.06,5.4776610893335,0.7041505168397991,0.7385951583331378,0.0344446414933387
87,poly-higg,100000.0,5.06,5.203230160274301,0.7041505168397991,0.7162730369524055,0.012122520112606394
87,poly-higg,15000000.0,4.4,4.745014079738358,0.6434526764861874,0.6762375054342501,0.03278482894806267
88,bgg,100.0,2.42,2.5994260756611047,0.38381536598043126,0.4148774711679565,0.031062105187525224
88,bgg,1000.0,2.42,2.5536174758558183,0.38381536598043126,0.40715584180479036,0.023340475824359108
88,bgg,10000.0,2.42,2.5200373382083843,0.38381536598043126,0.4014069755663592,0.017591609585927925
88,bgg,100000.0,2.42,2.4920406850778667,0.38381536598043126,0.39655512834049395,0.01273976236006269
88,bgg,15000000.0,2.4,2.407649571150442,0.38021124171160603,0.38159327644352814,0.0013820347319221105
89,bsa,100.0,2.76,2.585930457439962,0.4409090820652177,0.4126168413656499,-0.02829224069956776
89,bsa,1000.0,2.65,2.568654769907617,0.42324587393680785,0.4097057385212546,-0.013540135415553267
89,bsa,10000.0,2.42,2.5171601144902622,0.38381536598043126,0.40091084154278306,0.017095475562351803
89,bsa,100000.0,2.42,2.4626532617699173,0.38381536598043126,0.3914032680710644,0.007587902090633147
89,bsa,15000000.0,2.0,2.303581826119491,0.3010299956639812,0.36240364354811244,0.061373647884131244
90,poly-higg,100.0,3.45,2.633979063316216,0.5378190950732742,0.42061231856715675,-0.11720677650611744
90,poly-higg,1000.0,2.88,2.51017456964328,0.45939248775923086,0.3997039254636937,-0.05968856229553715
90,poly-higg,10000.0,2.71,2.4548369790345044,0.4329692908744057,0.39002265676183334,-0.04294663411257238
90,poly-higg,100000.0,2.71,2.4222459103707914,0.4329692908744057,0.3842182313321221,-0.04875105954228365
90,poly-higg,15000000.0,2.7,2.3011876921159398,0.43136376415898736,0.36195204253909274,-0.06941172161989462
91,bgg,100.0,4.72,5.870005426560799,0.6739419986340878,0.7686385027338702,0.09469650409978247
91,bgg,1000.0,4.72,5.3796482161595645,0.6739419986340878,0.7307538773809231,0.056811878746835354
91,bgg,10000.0,4.72,4.923434580306982,0.6739419986340878,0.6922681716450655,0.01832617301097772
91,bgg,100000.0,4.2,4.522307368422061,0.6232492903979004,0.6553600767782696,0.03211078638036913
91,bgg,15000000.0,2.7,3.6327425427770437,0.43136376415898736,0.5602346199344728,0.1288708557754854
92,bgg,100.0,2.88,2.5197020364351785,0.45939248775923086,0.4013491869787893,-0.058043300780441565
92,bgg,1000.0,2.88,2.4550695298809044,0.45939248775923086,0.39006379626184035,-0.06932869149739052
92,bgg,10000.0,2.88,2.369022434925451,0.45939248775923086,0.37456917356286207,-0.0848233141963688
92,bgg,100000.0,2.53,2.253377447769517,0.40312052117581787,0.3528339435009694,-0.050286577674848454
92,bgg,15000000.0,1.8,1.864977731750055,0.25527250510330607,0.27067365060271753,0.015401145499411462
93,bgg,100.0,1.92,1.8826313426070729,0.28330122870354957,0.2747652846760243,-0.008535944027525277
93,bgg,1000.0,1.92,1.844741481494306,0.28330122870354957,0.26593551356987744,-0.017365715133672133
93,bgg,10000.0,1.92,1.7921826856172989,0.28330122870354957,0.25338227726341755,-0.029918951440132013
93,bgg,100000.0,1.92,1.7426369491126446,0.28330122870354957,0.24120691813694717,-0.0420943105666024
93,bgg,15000000.0,1.9,1.5752895133115818,0.2787536009528289,0.19736038192180072,-0.0813932190310282
94,bgg,100.0,1.61,1.7191591552050636,0.20682587603184974,0.23531608438207433,0.02849020835022459
94,bgg,1000.0,1.61,1.67792622931324,0.20682587603184974,0.22477286298465893,0.01794698695280919
94,bgg,10000.0,1.61,1.6406084510634853,0.20682587603184974,0.21500494434818695,0.008179068316337218
94,bgg,100000.0,1.61,1.6022238357573417,0.20682587603184974,0.20472318830479364,-0.0021026877270561017
94,bgg,15000000.0,1.6,1.4772102828232427,0.2041199826559248,0.16944232210231616,-0.03467766055360863
95,bgg,100.0,8.05,6.943107772774987,0.9057958803678685,0.8415539065439238,-0.0642419738239447
95,bgg,1000.0,7.25,6.244200387336451,0.8603380065709937,0.7954768318852586,-0.06486117468573505
95,bgg,10000.0,6.9,5.650207560872023,0.8388490907372553,0.7520644019584936,-0.08678468877876178
95,bgg,100000.0,5.8,5.0648262938413975,0.7634279935629372,0.7045645551415511,-0.05886343842138608
95,bgg,15000000.0,4.25,3.9945816931983775,0.6283889300503115,0.6014713073427818,-0.02691762270752973
96,poly-higg,100.0,6.33,5.204732460076442,0.8014037100173551,0.7163984102925229,-0.08500529972483217
96,poly-higg,1000.0,5.98,4.819476394031691,0.7767011839884109,0.6829998574224532,-0.09370132656595775
96,poly-higg,10000.0,5.98,4.464118519070825,0.7767011839884109,0.649735716282385,-0.1269654677060259
96,poly-higg,100000.0,5.28,4.146277354914286,0.7226339225338123,0.6176583497790643,-0.104975572754748
96,poly-higg,15000000.0,3.7,3.1083347957852228,0.568201724066995,0.4925277900939216,-0.07567393397307337
97,poly-higg,100.0,2.86,2.567600149558591,0.456366033129043,0.4095273923091981,-0.0468386408198449
97,poly-higg,1000.0,2.86,2.4643539423643235,0.456366033129043,0.3917030834341694,-0.06466294969487363
97,poly-higg,10000.0,2.86,2.3634765350200775,0.456366033129043,0.3735512949139969,-0.08281473821504609
97,poly-higg,100000.0,2.6,2.257546886033128,0.414973347970818,0.35363677875697896,-0.06133656921383901
97,poly-higg,15000000.0,1.68,1.867456636904297,0.22530928172586284,0.27125052611162503,0.04594124438576219
98,poly-higg,100.0,1.61,1.8225079772135464,0.20682587603184974,0.2606694379240271,0.053843561892177344
98,poly-higg,1000.0,1.61,1.7851956811193181,0.20682587603184974,0.25168582749163937,0.04485995145978963
98,poly-higg,10000.0,1.61,1.73831563799256,0.20682587603184974,0.24012863712555177,0.03330276109370203
98,poly-higg,100000.0,1.61,1.6761038892977456,0.20682587603184974,0.2243009338350859,0.01747505780323616
98,poly-higg,15000000.0,1.6,1.4883498091783478,0.2041199826559248,0.17270501611675262,-0.03141496653917217
99,poly-higg,100.0,1.32,1.5284566055857571,0.12057393120584989,0.1842531131817175,0.06367918197586761
99,poly-higg,1000.0,1.32,1.499859437746662,0.12057393120584989,0.17605056020808518,0.055476629002235295
99,poly-higg,10000.0,1.32,1.4613862833664102,0.12057393120584989,0.16476502672191568,0.04419109551606579
99,poly-higg,100000.0,1.32,1.4232336057440964,0.12057393120584989,0.15327618986571692,0.032702258659867034
99,poly-higg,15000000.0,1.3,1.3139729724444855,0.11394335230683679,0.11858643216520866,0.004643079858371868
100,poly-higg,100.0,7.36,6.6959000989050725,0.8668778143374989,0.8258089654723721,-0.04106884886512674
100,poly-higg,1000.0,7.36,6.036030683037108,0.8668778143374989,0.7807514387642274,-0.08612637557327152
100,poly-higg,10000.0,7.36,5.432211660305294,0.8668778143374989,0.7349766834211502,-0.1319011309163487
100,poly-higg,100000.0,6.6,4.901121809959172,0.8195439355418687,0.6902954963783124,-0.12924843916355622
100,poly-higg,15000000.0,4.18,3.8980735039850583,0.6211762817750351,0.5908500241284818,-0.03032625764655339
101,bgg,100.0,4.36,4.006633947860779,0.6394864892685861,0.6027796664441789,-0.03670682282440718
101,bgg,1000.0,4.36,3.9205018715334505,0.6394864892685861,0.5933416655118474,-0.04614482375673867
101,bgg,10000.0,4.04,3.7169622899663923,0.6063813651106049,0.5701881550310004,-0.03619321007960452
101,bgg,100000.0,3.47,3.4672902834120487,0.5403294747908738,0.539990202546686,-0.0003392722441878382
101,bgg,15000000.0,2.8,2.58712861592606,0.4471580313422192,0.41281801967074283,-0.03434001167147638
102,bgg,100.0,6.24,7.0107545723765,0.795184589682424,0.8457647638986177,0.05058017421619365
102,bgg,1000.0,6.355421780873455,6.686911700773359,0.8031443780257402,0.8252255884728068,0.022081210447066568
102,bgg,10000.0,6.470843561746911,6.319470053269776,0.8109609005035047,0.8006806601509596,-0.010280240352545045
102,bgg,100000.0,5.97,5.948087411607984,0.7759743311293691,0.7743773421801213,-0.0015969889492477574
102,bgg,15000000.0,3.85,5.151712924243478,0.5854607295085007,0.711951654256529,0.12649092474802826
103,bgg,100.0,2.02,2.1720773550257135,0.3053513694466238,0.3368752878885379,0.0315239184419141
103,bgg,1000.0,2.02,2.117975300548816,0.3053513694466238,0.32592089113600714,0.020569521689383363
103,bgg,10000.0,2.02,2.080647581449825,0.3053513694466238,0.3181985259622429,0.01284715651561913
103,bgg,100000.0,2.02,2.035300813901305,0.3053513694466238,0.3086286062701454,0.003277236823521601
103,bgg,15000000.0,2.0,1.8948366493136142,0.3010299956639812,0.277571776119641,-0.023458219544340186
104,bgg,100.0,5.23,5.349304551862791,0.7185016888672743,0.7282973242790638,0.009795635411789516
104,bgg,1000.0,5.23,5.12078522861501,0.7185016888672743,0.7093365614263991,-0.009165127440875165
104,bgg,10000.0,5.23,4.896919160104026,0.7185016888672743,0.6899229346062256,-0.028578754261048722
104,bgg,100000.0,4.6,4.6974931287680475,0.6627578316815741,0.6718661535111894,0.009108321829615296
104,bgg,15000000.0,4.18,4.263028230277632,0.6211762817750351,0.629718208606129,0.008541926831093893
105,poly-higg,100.0,3.67,5.2241116397234455,0.5646660642520893,0.7180124492773143,0.15334638502522502
105,poly-higg,1000.0,3.67,4.813786345980788,0.5646660642520893,0.6824868107373686,0.11782074648527929
105,poly-higg,10000.0,3.67,4.438141619268443,0.5646660642520893,0.6472011562748796,0.0825350920227903
105,poly-higg,100000.0,3.26,4.139287816563095,0.5132176000679389,0.6169256251925809,0.10370802512464194
105,poly-higg,15000000.0,2.96,3.569350814792138,0.4712917110589386,0.5525892348261915,0.08129752376725291
106,poly-higg,100.0,6.89,7.887775006794983,0.8382192219076258,0.8969545141668017,0.05873529225917595
106,poly-higg,1000.0,6.89,7.27060198869804,0.8382192219076258,0.8615703709066451,0.023351148999019355
106,poly-higg,10000.0,6.89,6.62562518858659,0.8382192219076258,0.8212268642153194,-0.016992357692306337
106,poly-higg,100000.0,5.53,6.026163786180003,0.7427251313046983,0.7800409312649075,0.03731579996020917
106,poly-higg,15000000.0,4.82,4.9057314735771005,0.6830470382388496,0.6907037724200263,0.007656734181176739
107,poly-higg,100.0,3.94,4.375247908106516,0.5954962218255742,0.6410026658320207,0.045506444006446545
107,poly-higg,1000.0,3.966911893281596,4.151004659214098,0.5984525547250831,0.6181532208441511,0.019700666119068067
107,poly-higg,10000.0,3.993823786563192,3.9541522808606495,0.6013888992398679,0.597053390689334,-0.004335508550533884
107,poly-higg,100000.0,4.0,3.788982355277202,0.6020599913279624,0.5785225828354079,-0.02353740849255448
107,poly-higg,15000000.0,3.64,3.2278848661415322,0.561101383649056,0.5089180356872228,-0.052183347961833215
108,poly-higg,100.0,6.24,6.060362226012429,0.795184589682424,0.78249858259154,-0.012686007090883966
108,poly-higg,1000.0,6.24,5.802204005792188,0.795184589682424,0.763592994551485,-0.03159159513093901
108,poly-higg,10000.0,6.24,5.551687584356482,0.795184589682424,0.7444250186485983,-0.05075957103382567
108,poly-higg,100000.0,6.24,5.292557478479692,0.795184589682424,0.7236655832622588,-0.07151900642016518
108,poly-higg,15000000.0,5.43,4.770955983774093,0.7347998295888469,0.6786054098324105,-0.056194419756436464
109,poly-higg,100.0,12.58,13.797168826681295,1.0996806411092501,1.1397899784958814,0.04010933738663125
109,poly-higg,1000.0,12.31,12.359342518520913,1.0902580529313164,1.091995368149791,0.0017373152184745333
109,poly-higg,10000.0,12.31,10.740762348516352,1.0902580529313164,1.0310351074346702,-0.059222945496646195
109,poly-higg,100000.0,8.53,9.332350258262029,0.930949031167523,0.9699910302048524,0.03904199903732941
109,poly-higg,15000000.0,5.04,6.622316648432808,0.7024305364455253,0.8210099428581015,0.11857940641257614
110,poly-higg,100.0,11.66,12.655285307536126,1.0666985504229953,1.1022719405722545,0.0355733901492592
110,poly-higg,1000.0,10.29,11.10668893812558,1.012415374762433,1.045584608876013,0.03316923411358008
110,poly-higg,10000.0,10.29,9.798447004265714,1.012415374762433,0.9911572480472142,-0.02125812671521876
110,poly-higg,100000.0,7.82,8.685523495469607,0.893206753059848,0.9387959994488788,0.045589246389030835
110,poly-higg,15000000.0,6.33,6.391162219207399,0.8014037100173551,0.8055798408645531,0.004176130847198034
111,poly-higg,100.0,13.69,16.581605198190292,1.13640344813399,1.2196265705430973,0.08322312240910734
111,poly-higg,1000.0,12.77,14.057909770209642,1.1061908972634154,1.147920751498332,0.04172985423491671
111,poly-higg,10000.0,11.29,11.886720747181863,1.052693941924968,1.0750620600155707,0.022368118090602795
111,poly-higg,100000.0,7.91,10.076135372392,0.8981764834976765,1.0032939935906562,0.10511751009297965
111,poly-higg,15000000.0,6.0,7.169062262820739,0.7781512503836436,0.8554623522206088,0.07731110183696521
112,poly-higg,100.0,12.67,20.724192019120053,1.1027766148834413,1.3164776075707834,0.2137009926873421
112,poly-higg,1000.0,12.67,17.516499839755937,1.1027766148834413,1.2434473294494448,0.14067071456600355
112,poly-higg,10000.0,12.67,14.914785599397838,1.1027766148834413,1.1736170147434932,0.07084039986005197
112,poly-higg,100000.0,7.72,12.463851929099064,0.8876173003357362,1.0956522809288434,0.2080349805931072
112,poly-higg,15000000.0,6.0,8.168679944183532,0.7781512503836436,0.9121518803663969,0.1340006299827533
113,bsa,100.0,1.43,1.8232054958082673,0.1553360374650618,0.2608356212967195,0.1054995838316577
113,bsa,1000.0,1.43,1.7679372373203432,0.1553360374650618,0.24746684327362328,0.09213080580856148
113,bsa,10000.0,1.43,1.7226553535925342,0.1553360374650618,0.2361983981649259,0.0808623606998641
113,bsa,100000.0,1.43,1.6639275035425236,0.1553360374650618,0.22113440038179769,0.06579836291673588
113,bsa,15000000.0,1.4,1.5372792339093075,0.146128035678238,0.1867527606236803,0.04062472494544228
114,bsa,100.0,2.76,2.4384461758838816,0.4409090820652177,0.38711317379897864,-0.053795908266239034
114,bsa,1000.0,2.3,2.2945403293976083,0.36172783601759284,0.3606956953629581,-0.00103214065463475
114,bsa,10000.0,2.3,2.1870720789592566,0.36172783601759284,0.3398630962422227,-0.021864739775370123
114,bsa,100000.0,2.21,2.0698709361067498,0.3443922736851107,0.3159432664790777,-0.028449007206032995
114,bsa,15000000.0,1.92,1.8009976279718183,0.28330122870354957,0.25551314082651355,-0.027788087877036016
115,bsa,100.0,3.83,5.055170299888568,0.5831987739686227,0.7037357907986446,0.12053701683002183
115,bsa,1000.0,3.83,4.659713019666654,0.5831987739686227,0.6683591703781849,0.08516039640956219
115,bsa,10000.0,3.83,4.304174501195604,0.5831987739686227,0.6338898703186645,0.050691096350041764
115,bsa,100000.0,3.5,3.9376148740669414,0.5440680443502757,0.5952332368790939,0.05116519252881824
115,bsa,15000000.0,2.5,3.1821879516696794,0.3979400086720376,0.502725827090067,0.10478581841802936
116,bsa,100.0,12.35,18.664402398189218,1.0916669575956846,1.2710140891284532,0.1793471315327686
116,bsa,1000.0,7.99,15.032684240309068,0.9025467793139914,1.1770365352555539,0.27448975594156244
116,bsa,10000.0,7.99,11.935604922530143,0.9025467793139914,1.07684443489361,0.17429765557961852
116,bsa,100000.0,6.29,9.605730215026425,0.798650645445269,0.9825303849501781,0.1838797395049091
116,bsa,15000000.0,5.5,6.340632132265332,0.7403626894942439,0.8021325572302243,0.061769867735980366
117,bsa,100.0,1.75,1.5230961752512913,0.24303804868629444,0.18272732753970672,-0.060310721146587726
117,bsa,1000.0,1.68,1.4994632205882794,0.22530928172586284,0.17593581768377306,-0.04937346404208978
117,bsa,10000.0,1.61,1.4775768559858955,0.20682587603184974,0.1695500799170702,-0.03727579611477955
117,bsa,100000.0,1.5,1.4585280343345377,0.17609125905568124,0.1639147811024437,-0.012176477953237536
117,bsa,15000000.0,1.36,1.3835520080564156,0.13353890837021754,0.14099548901899364,0.007456580648776107
118,bsa,100.0,3.4,2.7533694530430233,0.5314789170422551,0.4398644898722868,-0.09161442716996832
118,bsa,1000.0,2.76,2.582425933630561,0.4409090820652177,0.4120278744019886,-0.028881207663229047
118,bsa,10000.0,2.3,2.434536159436002,0.36172783601759284,0.3864162293756086,0.02468839335801576
118,bsa,100000.0,2.02,2.2501400402453786,0.3053513694466238,0.35220954780612224,0.04685817835949846
118,bsa,15000000.0,1.7,1.9383941624384387,0.2304489213782739,0.28744209323397346,0.05699317185569955
119,bsa,100.0,3.76,4.774417119889326,0.5751878449276611,0.6789203587328911,0.10373251380523008
119,bsa,1000.0,3.55,4.4333879813561845,0.5502283530550941,0.6467357395982121,0.09650738654311797
119,bsa,10000.0,3.22,4.142667709637899,0.5078558716958309,0.6172800992026518,0.1094242275068209
119,bsa,100000.0,2.76,3.842587932118183,0.4409090820652177,0.5846238144923454,0.14371473242712768
119,bsa,15000000.0,2.0,3.2091432129765542,0.3010299956639812,0.5063890985905567,0.2053591029265755
120,bsa,100.0,6.89,18.73445411957475,0.8382192219076258,1.2726410432365785,0.4344218213289527
120,bsa,1000.0,6.89,14.484304256049654,0.8382192219076258,1.1608976389933319,0.3226784170857061
120,bsa,10000.0,6.7,11.177946311272054,0.8260748027008264,1.0483620193276333,0.22228721662680684
120,bsa,100000.0,5.71,9.032321223041116,0.756636108245848,0.9557993743236344,0.19916326607778634
120,bsa,15000000.0,4.4,6.302767081731094,0.6434526764861874,0.7995312581032468,0.15607858161705934
121,bsa,100.0,5.32,5.389515124074908,0.7259116322950482,0.7315496949806314,0.0056380626855832006
121,bsa,1000.0,5.32,4.972073024689801,0.7259116322950482,0.6965374984866887,-0.029374133808359515
121,bsa,10000.0,5.32,4.572555311727269,0.7259116322950482,0.6601589676055675,-0.06575266468948071
121,bsa,100000.0,4.61,4.230429047822637,0.6637009253896482,0.6263844155198706,-0.037316509869777637
121,bsa,15000000.0,3.35,3.5150545629404086,0.5250448070368452,0.545932070806773,0.020887263769927777
122,bsa,100.0,1.47,1.4666585913739612,0.1673173347481761,0.16632903058603646,-0.0009883041621396305
122,bsa,1000.0,1.47,1.447003288805849,0.1673173347481761,0.16046951820169755,-0.006847816546478536
122,bsa,10000.0,1.47,1.4267201278892296,0.1673173347481761,0.15433878822734984,-0.01297854652082625
122,bsa,100000.0,1.47,1.401199337701258,0.1673173347481761,0.14649992336963635,-0.020817411378539735
122,bsa,15000000.0,1.47,1.3218318797024302,0.1673173347481761,0.12117622189656214,-0.046141112851613944
123,bsa,100.0,2.25,1.9802535324031076,0.3521825181113625,0.29672079666294093,-0.05546172144842154
123,bsa,1000.0,2.25,1.9376519871941866,0.3521825181113625,0.2872757780743082,-0.06490674003705427
123,bsa,10000.0,2.25,1.8924186374471803,0.3521825181113625,0.2770172165381265,-0.07516530157323598
123,bsa,100000.0,2.11,1.8276509464909854,0.3242824552976926,0.2618932556823772,-0.062389199615315416
123,bsa,15000000.0,1.25,1.667825837743198,0.09691001300805642,0.22215069758698916,0.12524068457893273
124,bsa,100.0,2.76,2.6404028938014887,0.4409090820652177,0.4216702000533885,-0.01923888201182916
124,bsa,1000.0,2.76,2.492458274865649,0.4409090820652177,0.39662789671397125,-0.04428118535124642
124,bsa,10000.0,2.76,2.305093261175042,0.4409090820652177,0.3626885010898053,-0.07822058097541235
124,bsa,100000.0,2.76,2.1579626400981238,0.4409090820652177,0.33404392165380636,-0.10686516041141131
124,bsa,15000000.0,2.4,1.9068890328659132,0.38021124171160603,0.2803254209871676,-0.09988582072443841
125,poly-higg,100.0,13.5,17.00277884526412,1.130333768495006,1.230519905998234,0.1001861375032278
125,poly-higg,1000.0,12.48,14.47436116868428,1.0962145853464051,1.1605994050739006,0.06438481972749543
125,poly-higg,10000.0,11.02,12.032622497445836,1.0421815945157662,1.0803602916827826,0.038178697167016384
125,poly-higg,100000.0,6.54,9.88365082376913,0.8155777483242672,0.9949173939549547,0.1793396456306875
125,poly-higg,15000000.0,4.35,6.353431115085248,0.6384892569546373,0.803008325593427,0.16451906863878973
126,poly-higg,100.0,1.84,1.625334786647089,0.2648178230095365,0.2109428305567859,-0.0538749924527506
126,poly-higg,1000.0,1.84,1.6047947937231515,0.2648178230095365,0.20541950674004292,-0.05939831626949357
126,poly-higg,10000.0,1.84,1.582179780082796,0.2648178230095365,0.19925583002249686,-0.06556199298703963
126,poly-higg,100000.0,1.84,1.5493742536654864,0.2648178230095365,0.19015633491203285,-0.07466148809750364
126,poly-higg,15000000.0,1.8,1.4264121970057195,0.25527250510330607,0.15424504376070286,-0.10102746134260321
127,poly-higg,100.0,2.44,2.427858371080874,0.3873898263387294,0.38522334860912166,-0.002166477729607763
127,poly-higg,1000.0,2.44,2.331997196304966,0.3873898263387294,0.36772802394717624,-0.019661802391553185
127,poly-higg,10000.0,2.44,2.24706535934509,0.3873898263387294,0.3516157047244675,-0.03577412161426191
127,poly-higg,100000.0,2.35,2.161102893550491,0.37106786227173627,0.3346754448274323,-0.03639241744430399
127,poly-higg,15000000.0,2.2,1.8545182472024595,0.3424226808222063,0.26823111084896517,-0.07419156997324111
128,poly-higg,100.0,4.59,6.483452539365355,0.6618126855372612,0.8118063360391308,0.14999365050186952
128,poly-higg,1000.0,4.59,5.920929129685757,0.6618126855372612,0.7723898628434245,0.11057717730616323
128,poly-higg,10000.0,4.59,5.396116032252799,0.6618126855372612,0.7320812796998889,0.07026859416262765
128,poly-higg,100000.0,3.51,4.921316516009455,0.5453071164658241,0.6920812977176445,0.1467741812518204
128,poly-higg,15000000.0,2.77,3.948612871146583,0.4424797690644486,0.5964445568395242,0.15396478777507566
129,bgg,100.0,18.37,17.195789408678085,1.2641091563058084,1.2354221178122016,-0.028687038493606876
129,bgg,1000.0,15.62,15.290161797150088,1.1936810295412814,1.1844120810459167,-0.009268948495364748
129,bgg,10000.0,15.16,12.985129637533651,1.1806992012960347,1.1134462897823774,-0.06725291151365731
129,bgg,100000.0,10.06,10.465730849023657,1.0025979807199086,1.0197695616393743,0.01717158091946569
129,bgg,15000000.0,4.58,6.320456440392718,0.6608654780038692,0.8007484425839664,0.1398829645800972
130,bgg,100.0,1.75,1.8886799104732959,0.24303804868629444,0.2761583608364321,0.03312031215013764
130,bgg,1000.0,1.71,1.8369102945562485,0.23299611039215382,0.2640879480692962,0.03109183767714238
130,bgg,10000.0,1.66,1.804468599884668,0.22010808804005508,0.25634932916888753,0.03624124112883245
130,bgg,100000.0,1.66,1.7737629931831604,0.22010808804005508,0.24889558977466716,0.028787501734612087
130,bgg,15000000.0,1.44,1.634464642721917,0.15836249209524964,0.2133755302165697,0.05501303812132005
131,bgg,100.0,2.67,2.817013993712967,0.42651126136457523,0.44978900437918046,0.023277743014605223
131,bgg,1000.0,2.67,2.6574774375997645,0.42651126136457523,0.4244695859827221,-0.0020416753818531252
131,bgg,10000.0,2.67,2.5497960273695606,0.42651126136457523,0.40650544014731194,-0.020005821217263298
131,bgg,100000.0,2.46,2.4324381802404558,0.39093510710337914,0.38604181160365497,-0.004893295499724171
131,bgg,15000000.0,2.16,2.0507714480055728,0.3344537511509309,0.31191726231822203,-0.022536488832708867
132,bgg,100.0,5.05,6.258687809614668,0.7032913781186614,0.7964832889964817,0.0931919108778203
132,bgg,1000.0,5.05,5.690473913426215,0.7032913781186614,0.7551484367668131,0.05185705864815171
132,bgg,10000.0,5.05,5.154182994880312,0.7032913781186614,0.7121598337445516,0.008868455625890226
132,bgg,100000.0,4.65,4.685120087213055,0.667452952889954,0.6707207270371558,0.0032677741472018074
132,bgg,15000000.0,4.23,3.8041175999481123,0.6263403673750424,0.5802539341904808,-0.046086433184561626
133,bsa,100.0,5.05,6.964866652458582,0.7032913781186614,0.8429128059493872,0.13962142783072584
133,bsa,1000.0,5.05,6.1882400426200945,0.7032913781186614,0.7915671516923886,0.08827577357372718
133,bsa,10000.0,5.05,5.53017522419184,0.7032913781186614,0.7427388921896889,0.039447514071027534
133,bsa,100000.0,4.74,5.031182532619688,0.6757783416740851,0.7016700739290993,0.025891732255014177
133,bsa,15000000.0,4.11,4.131037912840334,0.6138418218760693,0.6160591807577032,0.0022173588816338796
134,bsa,100.0,6.7,7.125452079763902,0.8260748027008264,0.8528124237006707,0.026737620999844225
134,bsa,1000.0,6.7,6.591119138448492,0.8260748027008264,0.8189591618454729,-0.007115640855353544
134,bsa,10000.0,6.7,6.127037146253258,0.8260748027008264,0.7872505133275326,-0.03882428937329385
134,bsa,100000.0,6.15,5.659939199098147,0.7888751157754168,0.7528117658812048,-0.036063349894212005
134,bsa,15000000.0,5.59,4.835481898818177,0.7474118078864233,0.6844397618871936,-0.06297204599922968
135,poly-higg,100.0,10.97,10.067576680668068,1.040206627574711,1.0029249461378438,-0.037281681436867276
135,poly-higg,1000.0,10.11,8.953521765572876,1.0047511555910011,0.951993893697253,-0.052757261893748186
135,poly-higg,10000.0,9.46,7.8710076782566505,0.9758911364017928,0.8960303360555928,-0.07986080034620002
135,poly-higg,100000.0,6.54,6.914119345631342,0.8155777483242672,0.8397368716920397,0.024159123367772484
135,poly-higg,15000000.0,4.17,5.189360988664367,0.6201360549737575,0.7151138826687059,0.09497782769494845
136,poly-higg,100.0,11.02,9.576688703104058,1.0421815945157662,0.9812153706066549,-0.06096622390911133
136,poly-higg,1000.0,10.11,8.611256309644379,1.0047511555910011,0.9350665159768083,-0.0696846396141928
136,poly-higg,10000.0,9.19,7.711129956099691,0.9633155113861113,0.8871180223754862,-0.07619748901062506
136,poly-higg,100000.0,6.88,6.9168690954174865,0.8375884382355113,0.83990955655539,0.00232111831987869
136,poly-higg,15000000.0,5.75,5.57677877717484,0.7596678446896304,0.7463834169932988,-0.013284427696331647
137,bgg,100.0,9.65,10.420399010897446,0.9845273133437926,1.0178843489935652,0.03335703564977255
137,bgg,1000.0,9.65,9.13838382078884,0.9845273133437926,0.9608693948829592,-0.023657918460833427
137,bgg,10000.0,9.65,7.971367607855633,0.9845273133437926,0.9015328375306344,-0.08299447581315822
137,bgg,100000.0,6.71,6.899256356995078,0.8267225201689921,0.8388022824099801,0.012079762240988057
137,bgg,15000000.0,4.65,5.02742109346575,0.667452952889954,0.7013452629701546,0.03389231008020066
138,bgg,100.0,12.31,9.66467304326394,1.0902580529313164,0.9851871663927017,-0.10507088653861474
138,bgg,1000.0,10.11,8.761834033331708,1.0047511555910011,0.9425950225135935,-0.06215613307740764
138,bgg,10000.0,10.11,7.866744630635824,1.0047511555910011,0.8957950523801657,-0.10895610321083549
138,bgg,100000.0,7.55,7.062760501385076,0.8779469516291882,0.8489744795499912,-0.028972472079197065
138,bgg,15000000.0,6.24,5.547068474791406,0.795184589682424,0.744063526982226,-0.051121062700198006
139,bgg,100.0,15.62,13.201361019088141,1.1936810295412814,1.1206187079186747,-0.07306232162260673
139,bgg,1000.0,15.62,11.693738637322658,1.1936810295412814,1.0679533828451142,-0.1257276466961672
139,bgg,10000.0,13.78,9.782584174128736,1.139249217571607,0.9904535934704795,-0.14879562410112745
139,bgg,100000.0,8.64,7.53093380055796,0.9365137424788933,0.8768488300234993,-0.05966491245539396
139,bgg,15000000.0,4.14,4.537401242102558,0.617000341120899,0.6568071855975227,0.03980684447662375
140,bgg,100.0,6.43,6.969641966739076,0.8082109729242221,0.8432104687919365,0.03499949586771445
140,bgg,1000.0,5.97,6.186194802338483,0.7759743311293691,0.7914235917500256,0.015449260620656546
140,bgg,10000.0,5.97,5.422953853683777,0.7759743311293691,0.7342359088470787,-0.04173842228229041
140,bgg,100000.0,4.61,4.608437142489605,0.6637009253896482,0.663553668237752,-0.00014725715189622957
140,bgg,15000000.0,3.45,3.685978243429083,0.5378190950732742,0.5665527674575043,0.02873367238423008
141,bgg,100.0,2.76,3.341255594196583,0.4409090820652177,0.5239096988956592,0.08300061683044152
141,bgg,1000.0,2.76,3.101832116616294,0.4409090820652177,0.49161828838402655,0.050709206318808875
141,bgg,10000.0,2.76,2.887865079877524,0.4409090820652177,0.46057689927383455,0.019667817208616878
141,bgg,100000.0,2.46,2.682301847010508,0.39093510710337914,0.4285076486515883,0.03757254154820916
141,bgg,15000000.0,2.0,2.293746649572055,0.3010299956639812,0.3605454472317259,0.05951545156774468
142,bgg,100.0,2.02,2.1755737134381294,0.3053513694466238,0.3375738027733337,0.03222243332670993
142,bgg,1000.0,2.02,2.1318093303831773,0.3053513694466238,0.3287483586727935,0.02339698922616973
142,bgg,10000.0,2.02,2.0936260606270283,0.3053513694466238,0.3208991155909725,0.015547746144348729
142,bgg,100000.0,2.02,2.0475327165399424,0.3053513694466238,0.31123084987042776,0.005879480423803984
142,bgg,15000000.0,1.76,1.8669725651361178,0.24551266781414982,0.2711379361078686,0.025625268293718806
143,bsa,100.0,4.04,5.4495288117892935,0.6063813651106049,0.7363589530497889,0.129977587939184
143,bsa,1000.0,4.04,4.951367526666523,0.6063813651106049,0.6947251640368342,0.08834379892622923
143,bsa,10000.0,4.04,4.510348541055738,0.6063813651106049,0.6542101036536746,0.04782873854306968
143,bsa,100000.0,4.04,4.12950884485747,0.6063813651106049,0.6158984006508952,0.009517035540290264
143,bsa,15000000.0,4.0,3.6098128996720704,0.6020599913279624,0.5574846925578038,-0.044575298770158645
144,bsa,100.0,3.04,3.379987715719426,0.48287358360875376,0.5289151218738197,0.04604153826506596
144,bsa,1000.0,3.04,3.232609652340078,0.48287358360875376,0.5095532653694584,0.026679681760704677
144,bsa,10000.0,3.04,3.0043235484196567,0.48287358360875376,0.4777467018762946,-0.0051268817324591764
144,bsa,100000.0,2.76,2.7136046044268727,0.4409090820652177,0.43354656748533393,-0.007362514579883739
144,bsa,15000000.0,1.5,2.2245435652941272,0.17609125905568124,0.34724091535786644,0.1711496563021852
145,bsa,100.0,2.48,2.446483514844,0.3944516808262163,0.38854229369644544,-0.005909387129770849
145,bsa,1000.0,2.48,2.4010879723794485,0.3944516808262163,0.38040807226820644,-0.014043608558009846
145,bsa,10000.0,2.48,2.3209024225688766,0.3944516808262163,0.365656881847251,-0.028794798978965308
145,bsa,100000.0,2.21,2.2208059781593943,0.3443922736851107,0.3465106178481319,0.002118344163021202
145,bsa,15000000.0,1.5,1.9601355220546566,0.17609125905568124,0.2922860991349576,0.11619484007927638
146,bsa,100.0,1.84,1.7362829896495864,0.2648178230095365,0.2396205104874515,-0.025197312522084986
146,bsa,1000.0,1.84,1.7101764200742189,0.2648178230095365,0.23304091408376956,-0.03177690892576693
146,bsa,10000.0,1.84,1.6780121111669866,0.2648178230095365,0.22479509105407008,-0.040022731955466406
146,bsa,100000.0,1.76,1.641335298045896,0.24551266781414982,0.21519730939947437,-0.030315358414675447
146,bsa,15000000.0,1.3,1.5273259429416324,0.11394335230683679,0.1839317286840654,0.06998837637722861
147,poly-higg,100.0,9.19,13.776602054781383,0.9633155113861113,1.1391421137376292,0.17582660235151792
147,poly-higg,1000.0,9.19,11.786981431076153,0.9633155113861113,1.0714025993550442,0.10808708796893296
147,poly-higg,10000.0,9.19,9.929117998472712,0.9633155113861113,0.9969106719184544,0.03359516053234313
147,poly-higg,100000.0,5.87,8.071674625616827,0.7686381012476144,0.9069636468924764,0.138325545644862
147,poly-higg,15000000.0,3.4,5.356964196845567,0.5314789170422551,0.7289187437847754,0.19743982674252025
148,poly-higg,100.0,4.59,6.516137228645374,0.6618126855372612,0.8139902218942807,0.15217753635701947
148,poly-higg,1000.0,4.59,5.872264495491804,0.6618126855372612,0.7688056086153722,0.10699292307811092
148,poly-higg,10000.0,4.59,5.262319657204715,0.6618126855372612,0.7211772255709653,0.05936454003370406
148,poly-higg,100000.0,3.77,4.671946423283776,0.5763413502057929,0.6694978537521106,0.09315650354631766
148,poly-higg,15000000.0,3.4,3.700250716836389,0.5314789170422551,0.568231151431762,0.03675223438950681
149,poly-higg,100.0,2.71,2.77607246885593,0.4329692908744057,0.44343079910754374,0.010461508233138017
149,poly-higg,1000.0,2.71,2.5937801517254777,0.4329692908744057,0.4139331625966533,-0.019036128277752418
149,poly-higg,10000.0,2.71,2.4949727913933817,0.4329692908744057,0.39706581384231604,-0.03590347703208968
149,poly-higg,100000.0,2.39,2.371268146430902,0.3783979009481377,0.3749806674031616,-0.0034172335449760838
149,poly-higg,15000000.0,2.28,2.0789655447611275,0.35793484700045375,0.31784729171525317,-0.04008755528520058
150,poly-higg,100.0,1.47,1.8972047848717366,0.1673173347481761,0.2781142112996585,0.11079687655148243
150,poly-higg,1000.0,1.47,1.8650230066062907,0.1673173347481761,0.270684193560541,0.10336685881236493
150,poly-higg,10000.0,1.47,1.8286470981795815,0.1673173347481761,0.26212990115652324,0.09481256640834715
150,poly-higg,100000.0,1.47,1.7820236685700823,0.1673173347481761,0.25091346797308833,0.08359613322491224
150,poly-higg,15000000.0,1.4,1.618609531008613,0.146128035678238,0.20914209336053732,0.06301405768229931
151,poly-higg,100.0,14.7,19.619322077973145,1.167317334748176,1.2926839967808312,0.12536666203265523
151,poly-higg,1000.0,12.12,16.555960025554754,1.0835026198302673,1.2189543691238693,0.13545174929360204
151,poly-higg,10000.0,12.12,13.952222234684871,1.0835026198302673,1.1446433852009248,0.06114076537065749
151,poly-higg,100000.0,10.06,11.529375505192771,1.0025979807199086,1.061805784138249,0.05920780341834053
151,poly-higg,15000000.0,4.0,7.417234294279757,0.6020599913279624,0.8702419976454401,0.2681820063174777
152,poly-higg,100.0,14.38,12.147102723481987,1.1577588860468637,1.0844727041687998,-0.0732861818780639
152,poly-higg,1000.0,14.38,10.842903360225602,1.1577588860468637,1.0351455870450863,-0.12261329900177742
152,poly-higg,10000.0,14.38,9.58726482244325,1.1577588860468637,0.9816947237556954,-0.17606416229116828
152,poly-higg,100000.0,12.6,8.351191297412555,1.100370545117563,0.9217484320092466,-0.17862211310831633
152,poly-higg,15000000.0,3.5,5.611158577069189,0.5440680443502757,0.7490525424822738,0.20498449813199815
153,poly-higg,100.0,15.64,15.971113526186876,1.1942367487238292,1.2033351967533534,0.009098448029524198
153,poly-higg,1000.0,15.64,13.898803730355674,1.1942367487238292,1.142977422148853,-0.05125932657497634
153,poly-higg,10000.0,15.64,12.024661629455817,1.1942367487238292,1.0800728642951203,-0.11416388442870895
153,poly-higg,100000.0,12.6,10.317021990117464,1.100370545117563,1.013554356215466,-0.08681618890209686
153,poly-higg,15000000.0,3.81,6.71198339303621,0.5809249756756193,0.8268508732792765,0.24592589760365724
154,poly-higg,100.0,6.8,4.358040793870462,0.8325089127062363,0.6392912911855737,-0.19321762152066257
154,poly-higg,1000.0,6.8,4.068411888594974,0.8325089127062363,0.6094249147248074,-0.22308399798142886
154,poly-higg,10000.0,6.43,3.696876894013483,0.8082109729242221,0.5678349888092974,-0.24037598411492467
154,poly-higg,100000.0,5.45,3.290168321131203,0.7363965022766424,0.5172181165118461,-0.2191783857647963
154,poly-higg,15000000.0,2.21,2.4078131708954467,0.3443922736851107,0.3816227857431862,0.03723051205807548
155,poly-higg,100.0,6.8,7.772520560515857,0.8325089127062363,0.8905618795485226,0.058052966842286335
155,poly-higg,1000.0,6.34,6.966168686323321,0.8020892578817327,0.8429939867246279,0.0409047288428952
155,poly-higg,10000.0,6.34,6.225373601258607,0.8020892578817327,0.7941654197189918,-0.007923838162740893
155,poly-higg,100000.0,5.45,5.577740637843617,0.7363965022766424,0.7464583159228363,0.010061813646193851
155,poly-higg,15000000.0,3.3,3.9885507104186315,0.5185139398778874,0.6008151180407482,0.08230117816286076
156,poly-higg,100.0,6.67,6.494433408376897,0.8241258339165489,0.8125412680574085,-0.011584565859140472
156,poly-higg,1000.0,6.67,5.9213621526779825,0.8241258339165489,0.7724216235038677,-0.05170421041268125
156,poly-higg,10000.0,6.67,5.281863569102629,0.8241258339165489,0.7227871791596001,-0.10133865475694881
156,poly-higg,100000.0,6.09,4.697704814001153,0.7846172926328754,0.6718857238766492,-0.11273156875622614
156,poly-higg,15000000.0,2.6,3.2393489658314447,0.414973347970818,0.510457735837111,0.09548438786629299
157,poly-higg,100.0,9.19,6.412934105688701,0.9633155113861113,0.8070567774686486,-0.1562587339174627
157,poly-higg,1000.0,7.35,5.814127848338631,0.8662873390841949,0.7644845773514231,-0.10180276173277181
157,poly-higg,10000.0,7.35,5.227081147744193,0.8662873390841949,0.7182592423483654,-0.1480280967358295
157,poly-higg,100000.0,6.37,4.603384809745191,0.8041394323353505,0.6630772802955993,-0.14106215203975114
157,poly-higg,15000000.0,2.5,3.3445884025552863,0.3979400086720376,0.5243426795036479,0.12640267083161028
158,poly-higg,100.0,6.06,5.594163508698386,0.7824726241662862,0.7477351559732404,-0.034737468193045795
158,poly-higg,1000.0,4.59,5.20014901338343,0.6618126855372612,0.7160157887815128,0.054203103244251594
158,poly-higg,10000.0,4.5,4.789050408867909,0.6532125137753437,0.6802494083890169,0.0270368946136732
158,poly-higg,100000.0,3.6,4.326689589569645,0.5563025007672873,0.6361557386531397,0.07985323788585241
158,poly-higg,15000000.0,2.3,3.1103181491859035,0.36172783601759284,0.4928048145474191,0.13107697852982625
159,poly-higg,100.0,6.43,7.772753276925647,0.8082109729242221,0.8905748825298383,0.08236390960561624
159,poly-higg,1000.0,5.23,6.966313841539844,0.7185016888672743,0.8430030360967598,0.12450134722948547
159,poly-higg,10000.0,4.96,6.225483169680346,0.6954816764901974,0.7941730633634139,0.09869138687321644
159,poly-higg,100000.0,4.02,5.577884508098648,0.60422605308447,0.7464695178155237,0.14224346473105376
159,poly-higg,15000000.0,2.0,3.988631702395139,0.3010299956639812,0.6008239367856776,0.2997939411216964
160,poly-higg,100.0,10.66,7.772037853422618,1.0277572046905534,0.890534907148091,-0.1372222975424624
160,poly-higg,1000.0,10.66,6.965857246987923,1.0277572046905534,0.8429745701106364,-0.18478263457991706
160,poly-higg,10000.0,9.37,6.225109763374307,0.9717395908877783,0.7941470134717916,-0.17759257741598666
160,poly-higg,100000.0,6.71,5.577418494769553,0.8267225201689921,0.7464332324690146,-0.08028928769997745
160,poly-higg,15000000.0,3.28,3.9883376982766543,0.5158738437116791,0.6007919235335365,0.0849180798218574
161,adalimumab,100.0,6.15,6.06436955166519,0.7888751157754168,0.782785658547275,-0.006089457228141804
161,adalimumab,1000.0,6.15,5.4645498568098505,0.7888751157754168,0.7375543926799977,-0.05132072309541913
161,adalimumab,10000.0,6.15,4.813879834691981,0.7888751157754168,0.6824952451036274,-0.10637987067178944
161,adalimumab,100000.0,4.44,4.096080117485272,0.6473829701146199,0.6123684426556337,-0.035014527458986144
161,adalimumab,15000000.0,2.54,2.805367070214516,0.40483371661993806,0.4479896948751372,0.04315597825519912
162,adalimumab,100.0,6.43,5.210965263031541,0.8082109729242221,0.71691817811322,-0.09129279481100205
162,adalimumab,1000.0,5.23,4.680981916518408,0.7185016888672743,0.6703369633723815,-0.04816472549489281
162,adalimumab,10000.0,5.23,4.116086379186632,0.7185016888672743,0.6144844801842906,-0.1040172086829837
162,adalimumab,100000.0,3.81,3.4592181169550584,0.5809249756756193,0.5389779468086601,-0.041947028866959224
162,adalimumab,15000000.0,2.28,2.4665407606189835,0.35793484700045375,0.39208829675564444,0.03415344975519069
163,adalimumab,100.0,3.67,3.024512295009058,0.5646660642520893,0.48065535430666456,-0.08401070994542476
163,adalimumab,1000.0,3.13,2.7128730376258625,0.49554433754644844,0.43342946926888315,-0.062114868277565294
163,adalimumab,10000.0,2.85,2.4303003412206983,0.4548448600085102,0.38565994786773833,-0.06918491214077188
163,adalimumab,100000.0,2.44,2.134016074144775,0.3873898263387294,0.3291976863565325,-0.05819213998219691
163,adalimumab,15000000.0,1.45,1.647424611392422,0.16136800223497488,0.21680554975746277,0.05543754752248789
164,adalimumab,100.0,1.47,1.6375570205240007,0.1673173347481761,0.2141964312700996,0.04687909652192351
164,adalimumab,1000.0,1.47,1.5710953582270972,0.1673173347481761,0.1962025455078291,0.028885210759653
164,adalimumab,10000.0,1.47,1.5190631091221687,0.1673173347481761,0.18157581690042915,0.01425848215225306
164,adalimumab,100000.0,1.47,1.4728371141195562,0.1673173347481761,0.16815471944913402,0.0008373847009579272
164,adalimumab,15000000.0,1.47,1.370001159203174,0.1673173347481761,0.13672093462744975,-0.03059640012072634
165,adalimumab,100.0,1.97,2.0302126966468608,0.2944662261615929,0.30754153946056373,0.013075313298970825
165,adalimumab,1000.0,1.97,1.933919940967249,0.2944662261615929,0.286438491507161,-0.008027734654431906
165,adalimumab,10000.0,1.97,1.8230518823584536,0.2944662261615929,0.2607990284472739,-0.03366719771431903
165,adalimumab,100000.0,1.76,1.707452870299868,0.24551266781414982,0.23234872497366785,-0.013163942840481974
165,adalimumab,15000000.0,1.2,1.47752514468122,0.07918124604762482,0.16953488048620807,0.09035363443858326
166,adalimumab,100.0,2.02,2.1028345098865016,0.3053513694466238,0.32280509566724436,0.01745372622062058
166,adalimumab,1000.0,2.02,2.009812778252094,0.3053513694466238,0.3031556031125139,-0.0021957663341098943
166,adalimumab,10000.0,2.02,1.912446531797788,0.3053513694466238,0.281589301985247,-0.023762067461376768
166,adalimumab,100000.0,2.02,1.8206317369456106,0.3053513694466238,0.26022210900937537,-0.04512926043724841
166,adalimumab,15000000.0,2.0,1.6442500654910626,0.3010299956639812,0.21596786782939723,-0.08506212783458397
167,adalimumab,100.0,3.22,3.171623931945189,0.5078558716958309,0.5012816862232637,-0.006574185472567162
167,adalimumab,1000.0,2.67,2.9864722520491402,0.42651126136457523,0.4751584839791479,0.04864722261457266
167,adalimumab,10000.0,2.48,2.731083695988755,0.3944516808262163,0.43633500960480187,0.04188332877858558
167,adalimumab,100000.0,2.1,2.417544618301401,0.3222192947339193,0.38337449818555575,0.06115520345163644
167,adalimumab,15000000.0,1.3,1.7368173244426264,0.11394335230683679,0.23975414247786395,0.12581079017102714
168,adalimumab,100.0,2.76,2.0197903857404924,0.4409090820652177,0.30530630061501535,-0.13560278145020233
168,adalimumab,1000.0,2.48,1.8937981195762774,0.3944516808262163,0.27733368098879435,-0.11711799983742194
168,adalimumab,10000.0,2.02,1.7519385014616655,0.3053513694466238,0.24351885700066128,-0.061832512445962495
168,adalimumab,100000.0,1.58,1.611261031519804,0.19865708695442263,0.2071659037745097,0.008508816820087056
168,adalimumab,15000000.0,1.2,1.3601697207195964,0.07918124604762482,0.13359310261517185,0.05441185656754703
169,adalimumab,100.0,2.76,2.1316303085816535,0.4409090820652177,0.32871188662807294,-0.11219719543714474
169,adalimumab,1000.0,2.39,2.014861080321759,0.3783979009481377,0.3042451079810921,-0.07415279296704558
169,adalimumab,10000.0,1.7,1.9111920694225581,0.2304489213782739,0.2813043346210768,0.05085541324280288
169,adalimumab,100000.0,1.58,1.8127481368939333,0.19865708695442263,0.25833746744044833,0.0596803804860257
169,adalimumab,15000000.0,1.15,1.6056605460821225,0.06069784035361165,0.20565373611968765,0.144955895766076
170,adalimumab,100.0,1.84,2.392844191240714,0.2648178230095365,0.37891442068306186,0.11409659767352537
170,adalimumab,1000.0,1.84,2.2538780369172886,0.2648178230095365,0.3529304115650543,0.08811258855551779
170,adalimumab,10000.0,1.75,2.1323391526445126,0.24303804868629444,0.32885628122126354,0.08581823253496909
170,adalimumab,100000.0,1.67,2.0096530979095344,0.22271647114758325,0.3031210968901375,0.08040462574255425
170,adalimumab,15000000.0,1.52,1.7553868336294467,0.18184358794477254,0.2443728365843623,0.06252924863958975
171,bevacizumab,100.0,3.22,3.9446268440638224,0.5078558716958309,0.596005925865077,0.08815005416924604
171,bevacizumab,1000.0,3.22,3.5009643991685486,0.5078558716958309,0.544187694505889,0.03633182281005809
171,bevacizumab,10000.0,3.22,3.113886813816764,0.5078558716958309,0.4933028224170146,-0.014553049278816288
171,bevacizumab,100000.0,2.64,2.8552700731775333,0.42160392686983106,0.4556471934026677,0.034043266532836625
171,bevacizumab,15000000.0,1.75,2.2193888148335623,0.24303804868629444,0.3462333929686134,0.10319534428231894
172,bevacizumab,100.0,3.31,3.9307783808319336,0.5198279937757188,0.5944785587793927,0.07465056500367395
172,bevacizumab,1000.0,3.31,3.573064243411578,0.5198279937757188,0.5530408248529635,0.03321283107724471
172,bevacizumab,10000.0,3.04,3.21153112885033,0.48287358360875376,0.5067121359164926,0.023838552307738792
172,bevacizumab,100000.0,2.52,2.9477319853981196,0.4014005407815441,0.4694879939244427,0.0680874531428986
172,bevacizumab,15000000.0,1.66,2.3337500457670455,0.22010808804005508,0.3680543394740603,0.14794625143400522
173,bevacizumab,100.0,3.04,2.910256461234821,0.48287358360875376,0.4639312621100965,-0.018942321498657266
173,bevacizumab,1000.0,2.76,2.751332393344381,0.4409090820652177,0.43954306144564387,-0.0013660206195738045
173,bevacizumab,10000.0,2.35,2.5233159205635234,0.37106786227173627,0.4019716278335402,0.03090376556180391
173,bevacizumab,100000.0,2.24,2.227723020449091,0.35024801833416286,0.34786119270981386,-0.0023868256243489983
173,bevacizumab,15000000.0,1.4,1.7271964552244714,0.146128035678238,0.23734173801189032,0.09121370233365231
174,bevacizumab,100.0,1.62,1.9821990301368024,0.20951501454263097,0.29714725930690034,0.08763224476426937
174,bevacizumab,1000.0,1.62,1.85285286575683,0.20951501454263097,0.26784093355151495,0.05832591900888398
174,bevacizumab,10000.0,1.62,1.728556030626802,0.20951501454263097,0.23768346163234352,0.028168447089712556
174,bevacizumab,100000.0,1.45,1.6149526639224354,0.16136800223497488,0.20815979719432642,0.04679179495935154
174,bevacizumab,15000000.0,1.3,1.3803903135352953,0.11394335230683679,0.1400019031021135,0.026058550795276705
175,bevacizumab,100.0,2.3,2.3864123133233095,0.36172783601759284,0.37774548121663243,0.016017645199039587
175,bevacizumab,1000.0,2.3,2.258862402022418,0.36172783601759284,0.35388977679799904,-0.007838059219593796
175,bevacizumab,10000.0,2.02,2.1375431625711085,0.3053513694466238,0.3299148930269696,0.024563523580345803
175,bevacizumab,100000.0,1.94,2.020658652706721,0.287801729930226,0.3054929548974817,0.01769122496725567
175,bevacizumab,15000000.0,1.1,1.777253024006116,0.04139268515822508,0.2497492618554317,0.2083565766972066
176,bevacizumab,100.0,2.3,2.3971597816509718,0.36172783601759284,0.37969698270975666,0.017969146692163818
176,bevacizumab,1000.0,2.3,2.266827041911169,0.36172783601759284,0.3554183848776771,-0.006309451139915767
176,bevacizumab,10000.0,2.3,2.148362181894909,0.36172783601759284,0.3321074987868192,-0.02962033723077362
176,bevacizumab,100000.0,2.3,2.030087638389712,0.36172783601759284,0.30751478670508675,-0.05421304931250609
176,bevacizumab,15000000.0,2.3,1.775199624739034,0.36172783601759284,0.24924719741807988,-0.11248063859951296
177,bevacizumab,100.0,1.38,1.7699861748332844,0.13987908640123647,0.24796987414877555,0.10809078774753908
177,bevacizumab,1000.0,1.38,1.7112788611307177,0.13987908640123647,0.23332078568499173,0.09344169928375526
177,bevacizumab,10000.0,1.38,1.6383048869789218,0.13987908640123647,0.21439472673516277,0.0745156403339263
177,bevacizumab,100000.0,1.23,1.5654811930998715,0.08990511143939793,0.19464785458978567,0.10474274315038774
177,bevacizumab,15000000.0,1.12,1.4017146269700234,0.04921802267018165,0.146659605251671,0.09744158258148933
178,bevacizumab,100.0,2.0,2.354585037465018,0.3010299956639812,0.3719143799071781,0.07088438424319693
178,bevacizumab,1000.0,2.0,2.2363167506754253,0.3010299956639812,0.349533316802864,0.04850332113888278
178,bevacizumab,10000.0,2.0,2.1300255520783606,0.3010299956639812,0.32838481332609526,0.02735481766211406
178,bevacizumab,100000.0,2.0,2.030395677534552,0.3010299956639812,0.3075806801914833,0.006550684527502126
178,bevacizumab,15000000.0,2.0,1.7901236254800232,0.3010299956639812,0.2528830242814853,-0.04814697138249591
179,bevacizumab,100.0,1.75,1.9771025697976765,0.24303804868629444,0.2960292005942168,0.052991151907922335
179,bevacizumab,1000.0,1.66,1.8817668048485394,0.22010808804005508,0.27456580312820605,0.054457715088150976
179,bevacizumab,10000.0,1.66,1.8010378882883284,0.22010808804005508,0.2555228491335093,0.03541476109345423
179,bevacizumab,100000.0,1.66,1.7290685739444693,0.22010808804005508,0.23781221750476267,0.01770412946470759
179,bevacizumab,15000000.0,1.6,1.5732660690064395,0.2041199826559248,0.19680217623403892,-0.00731780642188587
180,bevacizumab,100.0,2.58,3.04555835640052,0.41161970596323016,0.4836669254988813,0.07204721953565113
180,bevacizumab,1000.0,2.39,2.856035489469292,0.3783979009481377,0.4557635997375113,0.0773656987893736
180,bevacizumab,10000.0,2.07,2.6236928812097413,0.3159703454569177,0.4189129969375964,0.10294265148067872
180,bevacizumab,100000.0,1.76,2.412858796466453,0.24551266781414982,0.3825319071927535,0.13701923937860366
180,bevacizumab,15000000.0,1.2,2.080240805901238,0.07918124604762482,0.31811361122277315,0.23893236517514832
181,none,100.0,3.77,3.46219924296319,0.5763413502057929,0.5393520570776772,-0.03698929312811572
181,none,1000.0,3.77,3.3769563710674464,0.5763413502057929,0.5285254497597651,-0.04781590044602779
181,none,10000.0,3.77,3.309967432518597,0.5763413502057929,0.5198237206799348,-0.05651762952585815
181,none,100000.0,3.77,3.246830596029652,0.5763413502057929,0.511459629824401,-0.06488172038139195
181,none,15000000.0,3.77,3.0750648239007843,0.5763413502057929,0.48785427535230314,-0.08848707485348978
182,none,100.0,4.38,3.900442138350807,0.6414741105040995,0.5911138396835187,-0.05036027082058081
182,none,1000.0,4.38,3.7992876427329203,0.6414741105040995,0.5797021750821382,-0.061771935421961355
182,none,10000.0,4.38,3.704140887485988,0.6414741105040995,0.5686874967718022,-0.07278661373229733
182,none,100000.0,4.38,3.6172444776847543,0.6414741105040995,0.5583778622925393,-0.08309624821156025
182,none,15000000.0,4.38,3.353454190406419,0.6414741105040995,0.5254923780720495,-0.11598173243205001
183,none,100.0,2.8,2.9376907016335454,0.4471580313422192,0.4680060686343147,0.0208480372920955
183,none,1000.0,2.8,2.8768828815785534,0.4471580313422192,0.458922182043441,0.011764150701221776
183,none,10000.0,2.8,2.828736131326093,0.4471580313422192,0.4515924377172475,0.004434406375028288
183,none,100000.0,2.8,2.769617119192113,0.4471580313422192,0.44241973494339687,-0.004738296398822339
183,none,15000000.0,2.8,2.5814764683463207,0.4471580313422192,0.41186817055545843,-0.035289860786760774
184,none,100.0,2.41,2.7512724207938914,0.3820170425748684,0.43953359474809817,0.05751655217322976
184,none,1000.0,2.41,2.7054343532324485,0.3820170425748684,0.43223700033668616,0.05021995776181776
184,none,10000.0,2.41,2.652998129381396,0.3820170425748684,0.4237369437630967,0.04171990118822827
184,none,100000.0,2.41,2.582663289201833,0.3820170425748684,0.41206778938137334,0.030050746806504935
184,none,15000000.0,2.41,2.384679427959239,0.3820170425748684,0.37743000516826053,-0.0045870374066078745
185,none,100.0,3.03,3.0190694715184807,0.48144262850230496,0.47987310664681115,-0.001569521855493805
185,none,1000.0,3.03,2.9694806927458903,0.48144262850230496,0.4726805058847428,-0.008762122617562151
185,none,10000.0,3.03,2.9110415130749643,0.48144262850230496,0.4640483987644144,-0.017394229737890565
185,none,100000.0,3.03,2.856481333656151,0.48144262850230496,0.45583139040720383,-0.02561123809510113
185,none,15000000.0,3.03,2.674695233709978,0.48144262850230496,0.42727430379333,-0.05416832470897498
186,none,100.0,2.6,2.786603242450122,0.414973347970818,0.4450751381138298,0.030101790143011842
186,none,1000.0,2.6,2.736743176028053,0.414973347970818,0.43723404385982656,0.022260695889008586
186,none,10000.0,2.6,2.660832822790727,0.414973347970818,0.4250175891623401,0.01004424119152214
186,none,100000.0,2.6,2.5858998215296944,0.414973347970818,0.41261169618258714,-0.002361651788230834
186,none,15000000.0,2.6,2.4140625015998767,0.414973347970818,0.38274851006478716,-0.03222483790603081
187,none,100.0,1.93,2.2676385874833453,0.28555730900777376,0.3555738385943345,0.07001652958656074
187,none,1000.0,1.93,2.213527792915218,0.28555730900777376,0.34508497932319643,0.059527670315422665
187,none,10000.0,1.93,2.154868090263432,0.28555730900777376,0.3334206900772188,0.04786338106944504
187,none,100000.0,1.93,2.092203180018484,0.28555730900777376,0.3206038578606767,0.035046548852902926
187,none,15000000.0,1.93,1.926669349432092,0.28555730900777376,0.2848071884289337,-0.0007501205788400522
188,none,100.0,2.6,2.022263343105608,0.414973347970818,0.30583770961830914,-0.10913563835250883
188,none,1000.0,1.67,1.9716833338041313,0.22271647114758325,0.2948371654608053,0.07212069431322204
188,none,10000.0,1.67,1.9172936106147584,0.22271647114758325,0.2826886249832984,0.059972153835715136
188,none,100000.0,1.67,1.856239762619521,0.22271647114758325,0.2686340714827764,0.045917600335193154
188,none,15000000.0,1.67,1.7171124324151354,0.22271647114758325,0.23479873265587847,0.012082261508295222
189,none,100.0,2.22,2.323497734001605,0.3463529744506387,0.36614225326804895,0.019789278817410272
189,none,1000.0,2.22,2.2481439443951103,0.3463529744506387,0.3518241148396925,0.00547114038905383
189,none,10000.0,2.22,2.1791510827850256,0.3463529744506387,0.338287341373028,-0.008065633077610657
189,none,100000.0,2.22,2.1162420025371085,0.3463529744506387,0.32556532988341064,-0.020787644567228036
189,none,15000000.0,2.22,1.969721558637057,0.3463529744506387,0.2944048382965566,-0.05194813615408206
190,none,100.0,1.92,2.0094495264129626,0.28330122870354957,0.30307710200572,0.019775873302170455
190,none,1000.0,1.92,1.9572896658524221,0.28330122870354957,0.29165510310922294,0.008353874405673367
190,none,10000.0,1.92,1.906988369828828,0.28330122870354957,0.28034804441749717,-0.0029531842860524016
190,none,100000.0,1.92,1.8544540942540102,0.28330122870354957,0.26821608713406675,-0.015085141569482818
190,none,15000000.0,1.92,1.7531276228022088,0.28330122870354957,0.24381353267182726,-0.03948769603172231
191,none,100.0,1.42,1.6122357803118657,0.15228834438305647,0.2074285552112869,0.055140210828230424
191,none,1000.0,1.42,1.5744883916424322,0.15228834438305647,0.19713946302640814,0.04485111864335167
191,none,10000.0,1.42,1.537804278597287,0.15228834438305647,0.18690106489706376,0.034612720514007295
191,none,100000.0,1.42,1.5018117125040897,0.15228834438305647,0.17661548703145943,0.024327142648402966
191,none,15000000.0,1.42,1.4234145754969776,0.15228834438305647,0.15333140860731728,0.0010430642242608146
192,none,100.0,1.22,1.4763846683251671,0.08635983067474821,0.16919952656943987,0.08283969589469166
192,none,1000.0,1.22,1.4433614948080684,0.08635983067474821,0.15937511525063047,0.07301528457588226
192,none,10000.0,1.22,1.410550249288474,0.08635983067474821,0.14938856202629422,0.063028731351546
192,none,100000.0,1.22,1.3785678518695121,0.08635983067474821,0.1394281465515621,0.05306831587681389
192,none,15000000.0,1.22,1.3051686930235709,0.08635983067474821,0.11566664785398058,0.029306817179232364
193,none,100.0,3.82,3.413413199728636,0.5820633629117087,0.5331888635790314,-0.04887449933267729
193,none,1000.0,3.82,3.3422974609462903,0.5820633629117087,0.5240450990279566,-0.058018263883752086
193,none,10000.0,3.82,3.291580616932511,0.5820633629117087,0.5174044962381191,-0.06465886667358955
193,none,100000.0,3.82,3.2395943521998567,0.5820633629117087,0.5104906331601945,-0.07157272975151419
193,none,15000000.0,3.82,3.0650310916298276,0.5820633629117087,0.4864348843535466,-0.09562847855816209
194,none,100.0,4.43,3.839430632565445,0.6464037262230695,0.5842668255475435,-0.06213690067552602
194,none,1000.0,4.43,3.73442438924606,0.6464037262230695,0.5722236707192804,-0.07418005550378914
194,none,10000.0,4.43,3.634968288715842,0.6464037262230695,0.5605006264479323,-0.08590309977513721
194,none,100000.0,4.43,3.534840143060441,0.6464037262230695,0.5483697783715229,-0.09803394785154662
194,none,15000000.0,4.43,3.3379295254336956,0.6464037262230695,0.5234771630687036,-0.1229265631543659
195,none,100.0,2.85,2.8965197896071304,0.4548448600085102,0.4618765000326647,0.007031640024154517
195,none,1000.0,2.85,2.832028939921572,0.4548448600085102,0.4520976870064419,-0.002747173002068337
195,none,10000.0,2.85,2.787240049560451,0.4548448600085102,0.44517437370434326,-0.009670486304166948
195,none,100000.0,2.85,2.745134836037458,0.4548448600085102,0.43856368106620597,-0.016281178942304242
195,none,15000000.0,2.85,2.615265110634407,0.4548448600085102,0.4175157200674309,-0.03732913994107934
196,none,100.0,2.46,2.7222659455367384,0.39093510710337914,0.434930550344619,0.043995443241239884
196,none,1000.0,2.46,2.6820583524246473,0.39093510710337914,0.4284682223822277,0.03753311527884856
196,none,10000.0,2.46,2.63561716981179,0.39093510710337914,0.4208823281099149,0.02994722100653574
196,none,100000.0,2.46,2.5861632956798206,0.39093510710337914,0.41265594365870245,0.02172083655532331
196,none,15000000.0,2.46,2.4401289052391,0.39093510710337914,0.3874127695171289,-0.003522337586250257
197,none,100.0,3.08,3.006433034294348,0.4885507165004443,0.47805153475383244,-0.010499181746611852
197,none,1000.0,3.08,2.950526433036168,0.4885507165004443,0.4698995097292378,-0.01865120677120652
197,none,10000.0,3.08,2.8984451305104892,0.4885507165004443,0.4621650833019009,-0.026385633198543368
197,none,100000.0,3.08,2.849828933829724,0.4885507165004443,0.4548187914739362,-0.03373192502650807
197,none,15000000.0,3.08,2.6904917052222244,0.4885507165004443,0.42983165745600477,-0.058719059044439526
198,none,100.0,2.65,2.759590416288012,0.42324587393680785,0.44084462802681823,0.017598754090010382
198,none,1000.0,2.65,2.7204974836818274,0.42324587393680785,0.43464832854238195,0.011402454605574097
198,none,10000.0,2.65,2.6731769544655952,0.42324587393680785,0.4270277084027381,0.0037818344659302783
198,none,100000.0,2.65,2.6069854457711132,0.42324587393680785,0.4161386066041027,-0.007107267332705169
198,none,15000000.0,2.65,2.4742716716912154,0.42324587393680785,0.39344738285931924,-0.02979849107748861
199,none,100.0,1.98,2.3524385256107276,0.2966651902615311,0.3715182831782,0.07485309291666892
199,none,1000.0,1.98,2.3107343650873347,0.2966651902615311,0.3637500231911605,0.06708483292962941
199,none,10000.0,1.98,2.2612535000163483,0.2966651902615311,0.3543492520786431,0.057684061817112
199,none,100000.0,1.98,2.202581106916767,0.2966651902615311,0.3429319096551847,0.04626671939365362
199,none,15000000.0,1.98,2.069447480424889,0.2966651902615311,0.3158544091126718,0.01918921885114072
200,none,100.0,2.65,2.1409712089193764,0.42324587393680785,0.33061082708354805,-0.0926350468532598
200,none,1000.0,2.65,2.093654596933812,0.42324587393680785,0.3209050350225004,-0.10234083891430745
200,none,10000.0,2.65,2.04539399006214,0.42324587393680785,0.3107769755361274,-0.11246889840068047
200,none,100000.0,2.65,1.9938508086724294,0.42324587393680785,0.2996926587929179,-0.12355321514388995
200,none,15000000.0,2.65,1.8680577933533364,0.42324587393680785,0.2713903081607679,-0.15185556577603992
201,none,100.0,2.27,2.456415665869659,0.35602585719312274,0.3903018584459439,0.03427600125282115
201,none,1000.0,2.27,2.3932458849626053,0.35602585719312274,0.37898732084351205,0.022961463650389313
201,none,10000.0,2.27,2.3252793573466035,0.35602585719312274,0.3664751361790773,0.010449278985954547
201,none,100000.0,2.27,2.2615573261782815,0.35602585719312274,0.3544076007608474,-0.0016182564322753668
201,none,15000000.0,2.27,2.1311339130433025,0.35602585719312274,0.3286107401264541,-0.02741511706666866
202,none,100.0,1.97,2.145922120555679,0.2944662261615929,0.331613956573708,0.03714773041211511
202,none,1000.0,1.97,2.0925000606481365,0.2944662261615929,0.32066547925270533,0.02619925309111243
202,none,10000.0,1.97,2.045155664257534,0.2944662261615929,0.3107263693385748,0.01626014317698188
202,none,100000.0,1.97,1.9996047135365704,0.2944662261615929,0.3009441518155547,0.006477925653961769
202,none,15000000.0,1.97,1.894027811706708,0.2944662261615929,0.27738635184892074,-0.01707987431267216
203,none,100.0,1.47,1.7435761825409604,0.1673173347481761,0.24144092787163726,0.07412359312346117
203,none,1000.0,1.47,1.7037646806778022,0.1673173347481761,0.23140961100554222,0.06409227625736613
203,none,10000.0,1.47,1.6634891224366346,0.1673173347481761,0.22101996536042204,0.05370263061224595
203,none,100000.0,1.47,1.6231784289335713,0.1673173347481761,0.2103662625508149,0.0430489278026388
203,none,15000000.0,1.47,1.5343759112006221,0.1673173347481761,0.18593177171216854,0.018614436963992453
204,none,100.0,1.27,1.5894133328746618,0.10380372095595687,0.20123685179752682,0.09743313084156995
204,none,1000.0,1.27,1.551902006101894,0.10380372095595687,0.19086429452987883,0.08706057357392195
204,none,10000.0,1.27,1.515561390903944,0.10380372095595687,0.18057353304334467,0.0767698120873878
204,none,100000.0,1.27,1.4789320081266062,0.10380372095595687,0.16994820836187902,0.06614448740592214
204,none,15000000.0,1.27,1.4034111030806193,0.10380372095595687,0.14718490812522536,0.04338118716926849
205,none,100.0,3.87,3.6224651691362904,0.5877109650189114,0.5590042183186068,-0.028706746700304597
205,none,1000.0,3.87,3.533044893969737,0.5877109650189114,0.5481491559968191,-0.039561809022092276
205,none,10000.0,3.87,3.4480483755104014,0.5877109650189114,0.5375733502703806,-0.050137614748530845
205,none,100000.0,3.87,3.3630171187468894,0.5877109650189114,0.5267290780069903,-0.06098188701192109
205,none,15000000.0,3.87,3.161790904733826,0.5877109650189114,0.49993314582297427,-0.08777781919593713
206,none,100.0,4.48,4.0263213353244085,0.651278013998144,0.604908432397958,-0.046369581600186005
206,none,1000.0,4.48,3.915794759967125,0.651278013998144,0.5928199208865584,-0.05845809311158556
206,none,10000.0,4.48,3.8096329042304786,0.651278013998144,0.5808831291275873,-0.07039488487055667
206,none,100000.0,4.48,3.719498049235476,0.651278013998144,0.5704843352701057,-0.08079367872803833
206,none,15000000.0,4.48,3.493431457489575,0.651278013998144,0.5432522266440107,-0.10802578735413326
207,none,100.0,2.9,3.0058596677318024,0.4623979978989561,0.47796870115030793,0.015570703251351847
207,none,1000.0,2.9,2.928893551019789,0.4623979978989561,0.4667035877810165,0.004305589882060423
207,none,10000.0,2.9,2.8726917193021713,0.4623979978989561,0.45828902251490294,-0.004108975384053137
207,none,100000.0,2.9,2.813681152339799,0.4623979978989561,0.4492748814338181,-0.013123116465137974
207,none,15000000.0,2.9,2.6580442050735793,0.4623979978989561,0.42456219927785266,-0.03783579862110342
208,none,100.0,2.51,2.795992359102858,0.3996737214810381,0.4465359802338728,0.04686225875283473
208,none,1000.0,2.51,2.7475489624525045,0.3996737214810381,0.43894544047076905,0.039271718989730975
208,none,10000.0,2.51,2.700317465005709,0.3996737214810381,0.43141482534241926,0.03174110386138118
208,none,100000.0,2.51,2.6474390247297275,0.3996737214810381,0.42282596631366254,0.023152244832624458
208,none,15000000.0,2.51,2.5129881404943704,0.3996737214810381,0.40019043903825585,0.0005167175572177718
209,none,100.0,3.13,3.151285174636503,0.49554433754644844,0.49848770630537653,0.002943368758928089
209,none,1000.0,3.13,3.087090651119668,0.49554433754644844,0.489549382544296,-0.005994955002152469
209,none,10000.0,3.13,3.021709859102858,0.49554433754644844,0.48025276157815244,-0.015291575968296
209,none,100000.0,3.13,2.946108613900313,0.49554433754644844,0.46924875389426984,-0.0262955836521786
209,none,15000000.0,3.13,2.770104408481187,0.49554433754644844,0.4424961384408738,-0.05304819910557462
210,none,100.0,2.7,2.8768105332614553,0.43136376415898736,0.4589112601980707,0.027547496039083352
210,none,1000.0,2.7,2.8079184837142717,0.43136376415898736,0.4483844956988829,0.01702073153989553
210,none,10000.0,2.7,2.7428401849499053,0.43136376415898736,0.4382005036248068,0.006836739465819419
210,none,100000.0,2.7,2.6827064088895023,0.43136376415898736,0.4285731467770667,-0.002790617381920657
210,none,15000000.0,2.7,2.541597239347137,0.43136376415898736,0.4051067300938172,-0.02625703406517016
211,none,100.0,2.03,2.38853486015251,0.3074960379132129,0.3781315841001737,0.07063554618696083
211,none,1000.0,2.03,2.341385634146658,0.3074960379132129,0.36947294936044683,0.06197691144723394
211,none,10000.0,2.03,2.2930481067450272,0.3074960379132129,0.36041316605778456,0.05291712814457167
211,none,100000.0,2.03,2.2415514028667336,0.3074960379132129,0.3505487024814938,0.043052664568280885
211,none,15000000.0,2.03,2.123998836126948,0.3074960379132129,0.3271542744321327,0.01965823651891979
212,none,100.0,2.7,2.174819809180633,0.43136376415898736,0.33742328008590816,-0.0939404840730792
212,none,1000.0,2.7,2.1302959083782658,0.43136376415898736,0.3284399332274661,-0.10292383093152124
212,none,10000.0,2.7,2.084834114367499,0.43136376415898736,0.31907150483452174,-0.11229225932446563
212,none,100000.0,2.7,2.0377138180000482,0.43136376415898736,0.3091431904699125,-0.12222057368907485
212,none,15000000.0,2.7,1.922636962129158,0.43136376415898736,0.28389728723977736,-0.14746647691921
213,none,100.0,2.32,2.4957104432547443,0.3654879848908996,0.3971941963183122,0.03170621142741259
213,none,1000.0,2.32,2.435901589219109,0.3654879848908996,0.3866597387545876,0.02117175386368797
213,none,10000.0,2.32,2.370178079186487,0.3654879848908996,0.3747809771926364,0.009292992301736802
213,none,100000.0,2.32,2.3058294088497964,0.3654879848908996,0.36282717393192715,-0.0026608109589724704
213,none,15000000.0,2.32,2.163383725476102,0.3654879848908996,0.33513355830935737,-0.03035442658154225
214,none,100.0,2.02,2.1988542307276018,0.3053513694466238,0.3421964395067682,0.036845070060144425
214,none,1000.0,2.02,2.1403778632966213,0.3053513694466238,0.3304904506661491,0.02513908121952535
214,none,10000.0,2.02,2.0855095716720187,0.3053513694466238,0.3192121874279787,0.013860817981354911
214,none,100000.0,2.02,2.027464424218237,0.3053513694466238,0.3069532424140141,0.0016018729673903387
214,none,15000000.0,2.02,1.9058388852252837,0.3053513694466238,0.2800861837025567,-0.025265185744067054
215,none,100.0,1.52,1.767857839793035,0.18184358794477254,0.2474473388016499,0.06560375085687736
215,none,1000.0,1.52,1.726818082752589,0.18184358794477254,0.23724658781753347,0.05540299987276093
215,none,10000.0,1.52,1.6882665743106668,0.18184358794477254,0.22744102203583355,0.04559743409106101
215,none,100000.0,1.52,1.6477884209892277,0.18184358794477254,0.21690144674466544,0.0350578587998929
215,none,15000000.0,1.52,1.5616664754540854,0.18184358794477254,0.19358828732852695,0.011744699383754414
216,none,100.0,1.32,1.6143620880313063,0.12057393120584989,0.20800094996311946,0.08742701875726958
216,none,1000.0,1.32,1.5807530460414294,0.12057393120584989,0.19886402735238218,0.07829009614653229
216,none,10000.0,1.32,1.5464803117638146,0.12057393120584989,0.18934439537265293,0.06877046416680305
216,none,100000.0,1.32,1.511251233603514,0.12057393120584989,0.1793366683746879,0.05876273716883801
216,none,15000000.0,1.32,1.4360417570424495,0.12057393120584989,0.15716706845046843,0.036593137244618545
217,pembrolizumab,100.0,15.25,25.969169376886736,1.1832698436828046,1.4144580589553089,0.23118821527250422
217,pembrolizumab,1000.0,11.11,21.432682434883763,1.0457140589408676,1.331076529126924,0.2853624701860564
217,pembrolizumab,10000.0,10.38,16.66887912567383,1.0161973535124391,1.2219063973144408,0.20570904380200172
217,pembrolizumab,100000.0,6.9,12.308747758833738,0.8388490907372553,1.0902138718515704,0.25136478111431504
217,pembrolizumab,15000000.0,4.0,6.449377043407256,0.6020599913279624,0.809517767398592,0.20745777607062965
218,bevacizumab,100.0,15.99,18.936442560072773,1.2038484637462348,1.2772983948550962,0.07344993110886144
218,bevacizumab,1000.0,15.99,15.593033619341803,1.2038484637462348,1.1929306152513166,-0.01091784849491817
218,bevacizumab,10000.0,14.51,12.736255163181252,1.161667412437736,1.1050417513084438,-0.056625661129292126
218,bevacizumab,100000.0,7.97,10.464451066356899,0.9014583213961124,1.0197164514893384,0.11825813009322605
218,bevacizumab,15000000.0,3.82,7.137476248553563,0.5820633629117087,0.8535446760505017,0.271481313138793
219,bevacizumab,100.0,2.76,2.442197389452235,0.4409090820652177,0.38778076267415884,-0.05312831939105883
219,bevacizumab,1000.0,2.76,2.335512835420771,0.4409090820652177,0.36838225840911343,-0.07252682365610424
219,bevacizumab,10000.0,2.76,2.219157488182267,0.4409090820652177,0.3461881241434589,-0.09472095792175877
219,bevacizumab,100000.0,2.52,2.080606647771188,0.4014005407815441,0.3181899817735069,-0.0832105590080372
219,bevacizumab,15000000.0,1.2,1.7524214625420638,0.07918124604762482,0.2436385635009486,0.16445731745332376
220,bevacizumab,100.0,2.21,3.1304888694696245,0.3443922736851107,0.49561216397914,0.15121989029402927
220,bevacizumab,1000.0,2.21,2.8318177548616847,0.3443922736851107,0.45206530035787795,0.10767302667276724
220,bevacizumab,10000.0,2.21,2.615434583662755,0.3443922736851107,0.41754386207724614,0.07315158839213542
220,bevacizumab,100000.0,1.68,2.4299694212242877,0.22530928172586284,0.3856008084636974,0.16029152673783453
220,bevacizumab,15000000.0,1.6,2.033504968990289,0.2041199826559248,0.30824523796628944,0.10412525531036465
221,bevacizumab,100.0,5.0,3.6348890090302928,0.6989700043360189,0.5604911542592628,-0.1384788500767561
221,bevacizumab,1000.0,3.22,3.3449643238435973,0.5078558716958309,0.5243914901036962,0.016535618407865327
221,bevacizumab,10000.0,2.76,2.941037528742447,0.4409090820652177,0.46850056630297865,0.027591484237760977
221,bevacizumab,100000.0,2.36,2.583776496675678,0.37291200297010657,0.41225494335611157,0.039342940386005
221,bevacizumab,15000000.0,1.4,1.9742778101643106,0.146128035678238,0.2954082643074054,0.1492802286291674
222,bevacizumab,100.0,5.32,4.285707378973728,0.7259116322950482,0.6320225148076688,-0.09388911748737938
222,bevacizumab,1000.0,3.84,3.9239725111159927,0.5843312243675308,0.5937259563245129,0.009394731956982039
222,bevacizumab,10000.0,2.48,3.430563154190378,0.3944516808262163,0.5353654187838197,0.14091373795760342
222,bevacizumab,100000.0,1.9,2.955427987567848,0.2787536009528289,0.47062038172485554,0.19186678077202662
222,bevacizumab,15000000.0,1.81,2.3858930274693213,0.2576785748691845,0.3776509679926441,0.11997239312345959
223,bevacizumab,100.0,2.82,2.9929050099189105,0.45024910831936105,0.4760929332375489,0.025843824918187874
223,bevacizumab,1000.0,2.82,2.7896957542643106,0.45024910831936105,0.4455568414638851,-0.004692266855475968
223,bevacizumab,10000.0,2.82,2.6337804490189236,0.45024910831936105,0.4205795695044176,-0.02966953881494344
223,bevacizumab,100000.0,2.57,2.453014273106412,0.4099331233312945,0.3897000751991784,-0.020233048132116127
223,bevacizumab,15000000.0,1.6,2.064661780144527,0.2041199826559248,0.31484891843924934,0.11072893578332454
224,pembrolizumab,100.0,1.99,2.1621262200400313,0.29885307640970665,0.3348810434872377,0.03602796707753103
224,pembrolizumab,1000.0,1.99,2.066505834128667,0.29885307640970665,0.3152366357132073,0.01638355930350066
224,pembrolizumab,10000.0,1.99,1.9668928210013008,0.29885307640970665,0.2937806951934072,-0.0050723812162994375
224,pembrolizumab,100000.0,1.68,1.8707636900215556,0.22530928172586284,0.27201893202099225,0.04670965029512941
224,pembrolizumab,15000000.0,1.2,1.696897002361049,0.07918124604762482,0.22965548246867148,0.15047423642104668
225,pembrolizumab,100.0,3.16,3.7445563860197106,0.49968708261840383,0.5734003746348569,0.0737132920164531
225,pembrolizumab,1000.0,3.16,3.508360720008481,0.49968708261840383,0.5451042399549237,0.04541715733651991
225,pembrolizumab,10000.0,2.3,3.184803166610589,0.36172783601759284,0.5030825963899141,0.1413547603723213
225,pembrolizumab,100000.0,2.1,2.6976048974421096,0.3222192947339193,0.4309783413974037,0.1087590466634844
225,pembrolizumab,15000000.0,1.43,1.785136815301327,0.1553360374650618,0.2516715066405958,0.09633546917553398
226,pembrolizumab,100.0,3.91,3.6253418759202027,0.5921767573958668,0.5593489675483104,-0.03282778984755641
226,pembrolizumab,1000.0,3.8,3.5032744438318213,0.5797835966168101,0.5444741609468747,-0.035309435669935385
226,pembrolizumab,10000.0,3.22,3.337403282461541,0.5078558716958309,0.5234086887540896,0.015552817058258728
226,pembrolizumab,100000.0,2.69,3.124703135022035,0.42975228000240795,0.4948087631373722,0.06505648313496426
226,pembrolizumab,15000000.0,2.0,2.6691089222478896,0.3010299956639812,0.4263662970419075,0.12533630137792628
227,pembrolizumab,100.0,7.59,3.7023119897275194,0.8802417758954804,0.568473013473581,-0.3117687624218993
227,pembrolizumab,1000.0,4.14,3.280781846002778,0.617000341120899,0.5159773531452442,-0.10102298797565479
227,pembrolizumab,10000.0,2.99,2.7074357188577474,0.4756711883244297,0.43255815420713584,-0.043113034117293836
227,pembrolizumab,100000.0,2.31,2.2667431232884745,0.36361197989214433,0.3554023068669962,-0.008209673025148134
227,pembrolizumab,15000000.0,1.3,1.8035365161184436,0.11394335230683679,0.25612493988321133,0.14218158757637456
228,pembrolizumab,100.0,2.88,2.544327160215023,0.45939248775923086,0.4055729539656931,-0.053819533793537766
228,pembrolizumab,1000.0,2.88,2.3694231254643134,0.45939248775923086,0.3746426228356988,-0.08474986492353204
228,pembrolizumab,10000.0,2.3,2.1827601664138596,0.36172783601759284,0.3390060196646611,-0.022721816352931745
228,pembrolizumab,100000.0,1.79,2.051890870762019,0.2528530309798932,0.31215425922429557,0.05930122824440237
228,pembrolizumab,15000000.0,1.4,1.8307265811314983,0.146128035678238,0.2626234872986253,0.11649545162038727
229,adalimumab,100.0,56.35,45.01822503576544,1.7508939203821254,1.6533883677775842,-0.09750555260454119
229,adalimumab,1000.0,55.2,36.62350216485729,1.741939077729199,1.563759871864848,-0.178179205864351
229,adalimumab,10000.0,41.4,29.515252773540062,1.6170003411208989,1.4700465069434083,-0.14695383417749053
229,adalimumab,100000.0,26.25,23.265299706486232,1.4191293077419758,1.3667086515408866,-0.052420656201089155
229,adalimumab,15000000.0,5.75,13.629418848073074,0.7596678446896304,1.134477338119644,0.3748094934300136
230,adalimumab,100.0,1.61,2.4956248669824417,0.20682587603184974,0.3971793043903865,0.19035342835853677
230,adalimumab,1000.0,1.61,2.314969362686192,0.20682587603184974,0.36454524774949115,0.15771937171764142
230,adalimumab,10000.0,1.61,2.173970948392847,0.20682587603184974,0.33725373614540954,0.1304278601135598
230,adalimumab,100000.0,1.37,2.037226207689821,0.1367205671564068,0.3090392544773695,0.17231868732096273
230,adalimumab,15000000.0,1.12,1.7358987637050778,0.04921802267018165,0.2395243938552942,0.19030637118511254
231,adalimumab,100.0,7.13,4.225078010705022,0.8530895298518656,0.6258347320563493,-0.22725479779551627
231,adalimumab,1000.0,4.72,3.844063250891418,0.6739419986340878,0.5847905250129289,-0.08915147362115883
231,adalimumab,10000.0,4.14,3.4578055062667885,0.617000341120899,0.5388005615432802,-0.07819977957761881
231,adalimumab,100000.0,3.78,2.9227322948894154,0.5774917998372253,0.46578903835550733,-0.11170276148171798
231,adalimumab,15000000.0,2.14,2.1685891930010333,0.33041377334919086,0.33617728916938544,0.005763515820194576
232,adalimumab,100.0,6.44,6.090504321283535,0.8088858673598122,0.7846532556677208,-0.024232611692091344
232,adalimumab,1000.0,5.75,5.496445057315635,0.7596678446896304,0.7400818911022109,-0.019585953587419547
232,adalimumab,10000.0,4.83,4.900685569686581,0.6839471307515121,0.6902568388662931,0.006309708114780932
232,adalimumab,100000.0,4.31,4.26753639501165,0.6344772701607315,0.6301772336146161,-0.004300036546115438
232,adalimumab,15000000.0,1.6,2.769564557028319,0.2041199826559248,0.4424114927664734,0.2382915101105486
233,adalimumab,100.0,5.18,2.800284615040644,0.714329759745233,0.447202174363591,-0.26712758538164205
233,adalimumab,1000.0,2.65,2.5819976451295314,0.42324587393680785,0.4119558418391093,-0.011290032097698521
233,adalimumab,10000.0,1.61,2.413373759624306,0.20682587603184974,0.38262458638137054,0.1757987103495208
233,adalimumab,100000.0,1.26,2.249762991887197,0.10037054511756291,0.35213676845039704,0.25176622333283416
233,adalimumab,15000000.0,1.04,1.8913435532532155,0.01703333929878037,0.2767704234670755,0.2597370841682951
234,bsa,100.0,61.54,131.20387808092548,1.7891574919114397,2.1179466719623177,0.328789180050878
234,bsa,1000.0,55.11,111.65978831022598,1.7412304110254708,2.047896800159692,0.3066663891342212
234,bsa,10000.0,45.01,94.59660952541714,1.6533090129384789,1.9758755709600417,0.32256655802156287
234,bsa,100000.0,29.36,78.8366535027118,1.4677560512440329,1.8967281808515442,0.4289721296075113
234,bsa,15000000.0,27.96,52.53479316449411,1.4465371670736438,1.7204470267297276,0.27390985965608383
235,bsa,100.0,129.51,138.22685224727311,2.11230330337593,2.1405924182192395,0.028289114843309537
235,bsa,1000.0,74.41,118.29825027237437,1.8716313045375537,2.0729783211057633,0.20134701656820964
235,bsa,10000.0,57.87,99.79074973133,1.762453482363547,1.9990902855075037,0.23663680314395674
235,bsa,100000.0,40.26,83.77663551941642,1.6048737705526357,1.92312291505251,0.3182491444998743
235,bsa,15000000.0,33.0,56.789304659398404,1.5185139398778875,1.7542665511198903,0.23575261124200275
236,bsa,100.0,146.97,165.57359657982292,2.167228694175993,2.2189910826063075,0.051762388430314665
236,bsa,1000.0,110.23,141.53003288843126,2.042299807413625,2.150848607589911,0.10854880017628599
236,bsa,10000.0,71.65,120.97214966400507,1.8552161947333634,2.0826853980897955,0.22746920335643206
236,bsa,100000.0,53.68,102.52510446600864,1.7298125071609356,2.0108302204758646,0.281017713314929
236,bsa,15000000.0,44.0,69.92424448211439,1.6434526764861874,1.844627782601358,0.20117510611517053
237,bsa,100.0,3.85,4.323494096649098,0.5854607295085007,0.635834870321131,0.05037414081263025
237,bsa,1000.0,3.59,4.063564080156433,0.5550944485783191,0.6089071127264545,0.05381266414813535
237,bsa,10000.0,3.27,3.7935961206729525,0.5145477526602861,0.5790510925253003,0.06450333986501422
237,bsa,100000.0,2.86,3.4049508408191573,0.456366033129043,0.5321108461415817,0.07574481301253866
237,bsa,15000000.0,2.38,2.718625431983557,0.37657695705651195,0.43434937528572404,0.057772418229212086
238,bsa,100.0,4.4,4.439161792900386,0.6434526764861874,0.6473009739245229,0.0038482974383354795
238,bsa,1000.0,4.4,4.165954401791585,0.6434526764861874,0.6197145120930819,-0.0237381643931055
238,bsa,10000.0,3.67,3.8612792304248518,0.5646660642520893,0.5867312089920365,0.02206514473994714
238,bsa,100000.0,3.52,3.603875515023478,0.5465426634781311,0.5567697811771429,0.010227117699011856
238,bsa,15000000.0,2.41,2.896205783068014,0.3820170425748684,0.4618294163910724,0.07981237381620399
239,bsa,100.0,4.59,4.475427808367635,0.6618126855372612,0.6508345560615361,-0.010978129475725185
239,bsa,1000.0,4.59,4.156708168723705,0.6618126855372612,0.6187495349315457,-0.04306315060571553
239,bsa,10000.0,4.31,3.7904088168756327,0.6344772701607315,0.5786860535929104,-0.055791216567821156
239,bsa,100000.0,3.77,3.3789959201201993,0.5763413502057929,0.528787667397757,-0.04755368280803596
239,bsa,15000000.0,2.5,2.5750467481494357,0.3979400086720376,0.4107851177574232,0.012845109085385609
240,bsa,100.0,4.31,4.7679432024701836,0.6344772701607315,0.6783310732840456,0.043853803123314106
240,bsa,1000.0,4.31,4.3905146086433025,0.6344772701607315,0.6425154265282204,0.008038156367488836
240,bsa,10000.0,4.31,4.1045260150325085,0.6344772701607315,0.6132630126269552,-0.02121425753377637
240,bsa,100000.0,3.77,3.8008898341717363,0.5763413502057929,0.5798852820985868,0.0035439318927938945
240,bsa,15000000.0,2.8,3.0741433011063424,0.4471580313422192,0.48772410826105034,0.04056607691883113
241,bsa,100.0,4.4,4.651709393631677,0.6434526764861874,0.667612575212815,0.024159898726627604
241,bsa,1000.0,4.17,4.355421365917962,0.6201360549737575,0.6390301772634791,0.01889412228972165
241,bsa,10000.0,3.99,4.060721873999876,0.6009728956867483,0.6086032449139362,0.007630349227187971
241,bsa,100000.0,3.35,3.6683779099651503,0.5250448070368452,0.5644740695711389,0.039429262534293685
241,bsa,15000000.0,2.48,2.877034131449332,0.3944516808262163,0.4589450141364774,0.06449333331026114
242,bsa,100.0,4.68,4.220321310451356,0.670245853074124,0.6253455168488449,-0.044900336225279114
242,bsa,1000.0,4.13,3.940930645311644,0.615950051656401,0.5955987919771273,-0.02035125967927376
242,bsa,10000.0,3.27,3.7084671584487507,0.5145477526602861,0.5691944373271474,0.05464668466686129
242,bsa,100000.0,2.1,3.451375946811759,0.3222192947339193,0.5379922681101474,0.21577297337622814
242,bsa,15000000.0,2.0,2.6436526197704455,0.3010299956639812,0.42220438756535866,0.12117439190137747
243,bsa,100.0,1.008,1.1250579468042547,0.003460532109506489,0.051174891628915545,0.047714359519409055
243,bsa,1000.0,1.008,1.104842795893358,0.003460532109506489,0.04330048821753877,0.03983995610803228
243,bsa,10000.0,0.96,1.0826196382314592,-0.017728766960431602,0.034475900732321804,0.052204667692753406
243,bsa,100000.0,0.96,1.059048189955245,-0.017728766960431602,0.02491572229396307,0.04264448925439467
243,bsa,15000000.0,0.8,1.0080018525393535,-0.09691001300805639,0.003461330271093206,0.1003713432791496
244,bsa,100.0,1.032,1.15914253662755,0.01367969729119256,0.06413684326699863,0.05045714597580607
244,bsa,1000.0,1.032,1.1383991215411389,0.01367969729119256,0.05629455194799253,0.04261485465679997
244,bsa,10000.0,1.032,1.1163318757458716,0.01367969729119256,0.04779332576501946,0.0341136284738269
244,bsa,100000.0,0.96,1.092130039492806,-0.017728766960431602,0.03827435272015418,0.05600311968058578
244,bsa,15000000.0,0.8,1.0397905382641244,-0.09691001300805639,0.016945861185292878,0.11385587419334928
245,bsa,100.0,1.104,1.214654276921021,0.04296907339318013,0.08445268370291562,0.041483610309735484
245,bsa,1000.0,1.104,1.192891992644209,0.04296907339318013,0.07660112336682297,0.03363204997364284
245,bsa,10000.0,1.104,1.170827067859798,0.04296907339318013,0.06849275414974704,0.025523680756566906
245,bsa,100000.0,1.056,1.1455389140805743,0.023663918197793475,0.05900984680643613,0.035345928608642656
245,bsa,15000000.0,0.88,1.0899541987819656,-0.05551732784983137,0.037408248734956094,0.09292557658478746
246,bsa,100.0,1.2,1.2403334980268497,0.07918124604762482,0.09353847296820912,0.014357226920584304
246,bsa,1000.0,1.2,1.218230901623589,0.07918124604762482,0.08572961161130155,0.006548365563676731
246,bsa,10000.0,1.2,1.196405505086928,0.07918124604762482,0.07787840270713636,-0.0013028433404884548
246,bsa,100000.0,1.152,1.1705575534824306,0.06145247908719321,0.06839277176638779,0.006940292679194583
246,bsa,15000000.0,0.96,1.1132199314312932,-0.017728766960431602,0.0465809734733023,0.0643097404337339
247,bsa,100.0,1.008,1.0870516827902765,0.003460532109506489,0.036250192676029885,0.032789660566523396
247,bsa,1000.0,1.008,1.0635805931649018,0.003460532109506489,0.0267704042910751,0.02330987218156861
247,bsa,10000.0,0.96,1.0386947712007586,-0.017728766960431602,0.016487945383826887,0.03421671234425849
247,bsa,100000.0,0.96,1.0135891705088924,-0.017728766960431602,0.005861961767497304,0.023590728727928906
247,bsa,15000000.0,0.8,0.9594986449678238,-0.09691001300805639,-0.017955634251503375,0.07895437875655302
248,bsa,100.0,1.032,1.1165152684007629,0.01367969729119256,0.0478646664462916,0.03418496915509904
248,bsa,1000.0,1.032,1.0922625001140758,0.01367969729119256,0.03832702358028065,0.02464732628908809
248,bsa,10000.0,1.032,1.067065689301017,0.01367969729119256,0.028191155715769488,0.014511458424576927
248,bsa,100000.0,0.96,1.0413418696216192,-0.017728766960431602,0.0175933305826267,0.0353220975430583
248,bsa,15000000.0,0.8,0.9851034717039011,-0.09691001300805639,-0.006518150385703159,0.09039186262235323
249,bsa,100.0,1.2,1.1652650185143218,0.07918124604762482,0.06642470904368253,-0.01275653700394229
249,bsa,1000.0,1.2,1.1396595526218782,0.07918124604762482,0.05677513510877899,-0.022406110938845827
249,bsa,10000.0,1.2,1.113502712125521,0.07918124604762482,0.04669127916953032,-0.032489966878094495
249,bsa,100000.0,1.152,1.0868390495781264,0.06145247908719321,0.03616523400756907,-0.02528724507962414
249,bsa,15000000.0,0.96,1.0276631908157337,-0.017728766960431602,0.01185080110113744,0.029579568061569042
250,bsa,100.0,1.344,1.1878686095142792,0.12839926871780646,0.07476840586517657,-0.0536308628526299
250,bsa,1000.0,1.344,1.1621451420717757,0.12839926871780646,0.06526037113905313,-0.06313889757875334
250,bsa,10000.0,1.344,1.1354987560880425,0.12839926871780646,0.055186662796709515,-0.07321260592109695
250,bsa,100000.0,1.296,1.1083108479998167,0.11260500153457455,0.044661584072548687,-0.06794341746202587
250,bsa,15000000.0,1.08,1.0477398218661949,0.03342375548694973,0.02025345062846097,-0.01317030485848876
251,bsa,100.0,1.008,1.1076239638291427,0.003460532109506489,0.04439234328713181,0.04093181117762532
251,bsa,1000.0,1.008,1.0820275850472145,0.003460532109506489,0.034238332749366183,0.030777800639859694
251,bsa,10000.0,0.96,1.0549274936814428,-0.017728766960431602,0.0232226111254957,0.040951378085927304
251,bsa,100000.0,0.96,1.0291657185280654,-0.017728766960431602,0.012485311446146546,0.030214078406578148
251,bsa,15000000.0,0.8,0.9709477833386353,-0.09691001300805639,-0.012804125414001355,0.08410588759405503
252,bsa,100.0,1.044,1.1379611776970677,0.01870049866624337,0.056127446066490526,0.03742694740024716
252,bsa,1000.0,1.032,1.1117234380425167,0.01367969729119256,0.0459967618229093,0.03231706453171674
252,bsa,10000.0,1.0387527772064538,1.0838189682562656,0.016512197922204108,0.03495674746705377,0.01844454954484966
252,bsa,100000.0,0.984,1.057377747542762,-0.007004901568658489,0.024230166461491908,0.031235068030150397
252,bsa,15000000.0,0.82,0.9967308951388013,-0.08618614761628333,-0.001422079934756194,0.08476406768152714
253,bsa,100.0,1.104,1.1883806926225255,0.04296907339318013,0.07495558729553405,0.031986513902353915
253,bsa,1000.0,1.104,1.1616216866845384,0.04296907339318013,0.06506471141344584,0.022095638020265713
253,bsa,10000.0,1.104,1.132466479602393,0.04296907339318013,0.05402535599245435,0.011056282599274221
253,bsa,100000.0,1.056,1.1045027774142309,0.023663918197793475,0.043166812298135335,0.01950289410034186
253,bsa,15000000.0,0.88,1.0385718533310002,-0.05551732784983137,0.01643654846443749,0.07195387631426886
254,bsa,100.0,1.128,1.185851150234374,0.05230909964732344,0.07403017917257902,0.02172107952525558
254,bsa,1000.0,1.128,1.1593202975352757,0.05230909964732344,0.06420343961725022,0.011894339969926782
254,bsa,10000.0,1.128,1.1307966673318932,0.05230909964732344,0.05338451987275115,0.0010754202254277048
254,bsa,100000.0,1.056,1.1031758860375986,0.023663918197793475,0.042644760169909875,0.0189808419721164
254,bsa,15000000.0,0.88,1.0360935965987252,-0.05551732784983137,0.015398989627635291,0.07091631747746666
255,bsa,100.0,1.248,1.2122576298947045,0.09621458534640519,0.08359492622599446,-0.012619659120410728
255,bsa,1000.0,1.248,1.1852110346163631,0.09621458534640519,0.0737956862189886,-0.022418899127416583
255,bsa,10000.0,1.2,1.1558367750200451,0.07918124604762482,0.06289650820805831,-0.016284737839566507
255,bsa,100000.0,1.2,1.1270530323913015,0.07918124604762482,0.05194435183406508,-0.027236894213559737
255,bsa,15000000.0,1.0,1.0584204211906834,0.0,0.02465821054912483,0.02465821054912483
256,bsa,100.0,1.344,1.2094257197116978,0.12839926871780646,0.08257920009768502,-0.045820068620121446
256,bsa,1000.0,1.344,1.1828901903707596,0.12839926871780646,0.0729444302327253,-0.05545483848508116
256,bsa,10000.0,1.344,1.1540092317668604,0.12839926871780646,0.06220928307393184,-0.06618998564387463
256,bsa,100000.0,1.248,1.1253474909534684,0.09621458534640519,0.05128664698184435,-0.04492793836456084
256,bsa,15000000.0,1.04,1.0556411724260406,0.01703333929878037,0.023516320358861174,0.006482981060080804
257,poly-higg,100.0,1.08,1.2873518725461666,0.03342375548694973,0.10969726906332287,0.07627351357637314
257,poly-higg,1000.0,1.068,1.2630759954952098,0.028571252692537637,0.1014294815381578,0.07285822884562015
257,poly-higg,10000.0,1.0753891812807646,1.234921576762993,0.03156566303779064,0.09163937876126568,0.060073715723475044
257,poly-higg,100000.0,1.056,1.207738448018312,0.023663918197793475,0.08197289216485369,0.05830897396706022
257,poly-higg,15000000.0,0.88,1.1474176878163127,-0.05551732784983137,0.059721540388511365,0.11523886823834273
258,poly-higg,100.0,1.392,1.367812024385888,0.14363923527454328,0.13602641728082862,-0.00761281799371466
258,poly-higg,1000.0,1.392,1.3439904142284738,0.14363923527454328,0.128396171201047,-0.015243064073496293
258,poly-higg,10000.0,1.392,1.3142691263557067,0.14363923527454328,0.11868430595700317,-0.024954929317540106
258,poly-higg,100000.0,1.344,1.284833488475112,0.12839926871780646,0.10884684772788719,-0.019552420989919272
258,poly-higg,15000000.0,1.12,1.2164719129319514,0.04921802267018165,0.08510208597585045,0.0358840633056688
259,ibalizumab,100.0,14.15,20.37588657558099,1.150756439860309,1.309116514418437,0.15836007455812795
259,ibalizumab,1000.0,14.15,16.8571308310819,1.150756439860309,1.2267836574615598,0.07602721760125086
259,ibalizumab,10000.0,13.32,13.556665474507378,1.1245042248342823,1.1321528794935145,0.007648654659232257
259,ibalizumab,100000.0,8.39,10.946381077852722,0.9237619608287003,1.0392705632225097,0.11550860239380933
259,ibalizumab,15000000.0,4.5,7.55897965625566,0.6532125137753437,0.8784631765112272,0.22525066273588346
260,ibalizumab,100.0,24.07,16.991435158658415,1.38147609027503,1.2302300625160703,-0.1512460277589598
260,ibalizumab,1000.0,24.07,14.254240272737562,1.38147609027503,1.1539440750898533,-0.22753201518517674
260,ibalizumab,10000.0,20.67,12.208475112585266,1.3153404766272883,1.086661422212952,-0.22867905441433622
260,ibalizumab,100000.0,12.5,10.496077506199851,1.0969100130080565,1.0210270290047776,-0.07588298400327886
260,ibalizumab,15000000.0,7.9,7.633185111345325,0.8976270912904415,0.8827057945263641,-0.014921296764077385
261,ibalizumab,100.0,15.16,19.1809603712997,1.1806992012960347,1.2828703480648,0.10217114676876538
261,ibalizumab,1000.0,15.16,16.25136651362517,1.1806992012960347,1.2108898849687335,0.030190683672698837
261,ibalizumab,10000.0,15.16,13.790463265891246,1.1806992012960347,1.1395788557654662,-0.041120345530568425
261,ibalizumab,100000.0,10.9,11.834883199941046,1.0374264979406236,1.0731639761754186,0.035737478234795006
261,ibalizumab,15000000.0,5.95,8.495532743373426,0.7745169657285496,0.9291906180788521,0.1546736523503025
262,ibalizumab,100.0,4.22,4.649072867967794,0.6253124509616739,0.667366353218646,0.04205390225697214
262,ibalizumab,1000.0,4.22,4.129265958980027,0.6253124509616739,0.6158728559426687,-0.009439595019005154
262,ibalizumab,10000.0,3.67,3.7196364096996346,0.5646660642520893,0.5705004901565206,0.005834425904431284
262,ibalizumab,100000.0,2.44,3.42343407958228,0.3873898263387294,0.5344619696652063,0.1470721433264769
262,ibalizumab,15000000.0,1.4,2.9679190621781837,0.146128035678238,0.47245205316740546,0.32632401748916745
263,ibalizumab,100.0,15.07,13.117880108340385,1.1781132523146318,1.1178636573234384,-0.06024959499119342
263,ibalizumab,1000.0,11.94,11.421242673880323,1.0770043267933502,1.0577133593431056,-0.01929096745024461
263,ibalizumab,10000.0,10.11,9.938732104955847,1.0047511555910011,0.9973309845036835,-0.0074201710873176285
263,ibalizumab,100000.0,6.46,8.675315560374813,0.8102325179950841,0.9382852810003136,0.1280527630052295
263,ibalizumab,15000000.0,4.5,6.630986144129496,0.6532125137753437,0.8215781204268047,0.16836560665146094
264,ibalizumab,100.0,11.94,10.403906031963716,1.0770043267933502,1.0171964209955835,-0.059807905797766736
264,ibalizumab,1000.0,8.73,9.1769818338856,0.9410142437055697,0.9626998720060682,0.021685628300498472
264,ibalizumab,10000.0,7.56,8.114028576246392,0.8785217955012065,0.9092365328832529,0.030714737382046442
264,ibalizumab,100000.0,5.68,7.199841977717664,0.7543483357110189,0.8573229646314966,0.1029746289204777
264,ibalizumab,15000000.0,5.41,5.5641073184967835,0.7331972651065695,0.7453954979162487,0.012198232809679244
265,ibalizumab,100.0,6.15,6.619215304535073,0.7888751157754168,0.8208065077010995,0.03193139192568273
265,ibalizumab,1000.0,5.97,5.601969205148216,0.7759743311293691,0.7483407171132259,-0.02763361401614317
265,ibalizumab,10000.0,5.97,4.850464496579414,0.7759743311293691,0.6857833300748221,-0.09019100105454703
265,ibalizumab,100000.0,5.28,4.274658392692243,0.7226339225338123,0.6309014140123633,-0.09173250852144899
265,ibalizumab,15000000.0,4.1,3.4175335613432765,0.6127838567197355,0.5337127881804954,-0.07907106853924006
266,ibalizumab,100.0,8.27,7.114682982995352,0.9175055095525466,0.8521555534992776,-0.06534995605326899
266,ibalizumab,1000.0,7.35,6.316624265771263,0.8662873390841949,0.8004850443543433,-0.06580229472985155
266,ibalizumab,10000.0,7.35,5.5405961839666915,0.8662873390841949,0.743556498568899,-0.12273084051529581
266,ibalizumab,100000.0,5.87,4.872614660288884,0.7686381012476144,0.6877620675423236,-0.08087603370529084
266,ibalizumab,15000000.0,5.0,3.890751700825073,0.6989700043360189,0.590033515974045,-0.1089364883619739
267,ibalizumab,100.0,2.58,3.6680756962397942,0.41161970596323016,0.5644382894080255,0.15281858344479538
267,ibalizumab,1000.0,2.53,3.3866719593439893,0.40312052117581787,0.5297731319424387,0.12665261076662082
267,ibalizumab,10000.0,2.53,3.115358526020269,0.40312052117581787,0.4935080339525875,0.09038751277676965
267,ibalizumab,100000.0,2.31,2.888106079235047,0.36361197989214433,0.46061314069135273,0.0970011607992084
267,ibalizumab,15000000.0,2.2,2.440300080651767,0.3424226808222063,0.3874432342723396,0.04502055345013334
268,ibalizumab,100.0,3.67,4.257592569840874,0.5646660642520893,0.6291640992967715,0.06449803504468221
268,ibalizumab,1000.0,3.67,3.9973441474615647,0.5646660642520893,0.6017715400313006,0.037105475779211305
268,ibalizumab,10000.0,3.67,3.7706550410494994,0.5646660642520893,0.5764168027261335,0.011750738474044176
268,ibalizumab,100000.0,3.28,3.551109341131963,0.5158738437116791,0.5503640447373186,0.03449020102563949
268,ibalizumab,15000000.0,2.7,2.937746250285132,0.43136376415898736,0.46801428061005684,0.03665051645106948
269,ibalizumab,100.0,3.04,2.117185568133692,0.48287358360875376,0.32575892494644404,-0.15711465866230973
269,ibalizumab,1000.0,3.04,1.9901808184494683,0.48287358360875376,0.29889253615209843,-0.18398104745665533
269,ibalizumab,10000.0,3.04,1.8420734100094278,0.48287358360875376,0.265306933638644,-0.21756664997010977
269,ibalizumab,100000.0,2.52,1.6920622385087762,0.4014005407815441,0.22841633349248636,-0.17298420728905772
269,ibalizumab,15000000.0,1.8,1.427786133739978,0.25527250510330607,0.15466315989638532,-0.10060934520692075
270,ibalizumab,100.0,3.85,3.4261328462858653,0.5854607295085007,0.5348041984690552,-0.05065653103944545
270,ibalizumab,1000.0,3.4,3.2343770289440443,0.5314789170422551,0.5097906439086406,-0.021688273133614544
270,ibalizumab,10000.0,3.4,3.054881088590613,0.5314789170422551,0.4849943099716945,-0.046484607070560624
270,ibalizumab,100000.0,3.11,2.8432029910114864,0.4927603890268375,0.45380786733344797,-0.03895252169338953
270,ibalizumab,15000000.0,2.7,2.343467303246109,0.43136376415898736,0.36985889849252,-0.061504865666467345
271,ibalizumab,100.0,3.59,2.986011432608437,0.5550944485783191,0.47509146618513953,-0.0800029823931796
271,ibalizumab,1000.0,3.13,2.930022864553639,0.49554433754644844,0.4668710094021409,-0.028673328144307564
271,ibalizumab,10000.0,3.13,2.8240097912756976,0.49554433754644844,0.45086619814805035,-0.0446781393983981
271,ibalizumab,100000.0,2.52,2.666040058860834,0.4014005407815441,0.4258666706635524,0.024466129882008303
271,ibalizumab,15000000.0,2.4,2.25997242375658,0.38021124171160603,0.3541031399069515,-0.026108101804654504
272,ibalizumab,100.0,1.2,1.2077510308763066,0.07918124604762482,0.08197741685091955,0.002796170803294737
272,ibalizumab,1000.0,1.2,1.1766449911965637,0.07918124604762482,0.0706454504213359,-0.008535795626288922
272,ibalizumab,10000.0,1.2,1.1429689895300503,0.07918124604762482,0.058034447491801526,-0.02114679855582329
272,ibalizumab,100000.0,1.01,1.1058657166721702,0.004321373782642578,0.0437023945555676,0.03938102077292502
272,ibalizumab,15000000.0,0.96,1.0264722172615661,-0.017728766960431602,0.011347199149103003,0.029075966109534605
273,ibalizumab,100.0,1.7,1.8564138234627108,0.2304489213782739,0.2686747936573695,0.0382258722790956
273,ibalizumab,1000.0,1.7,1.8025750112979004,0.2304489213782739,0.2558933462430224,0.02544442486474849
273,ibalizumab,10000.0,1.7,1.7547479194132198,0.2304489213782739,0.24421473614600123,0.013765814767727313
273,ibalizumab,100000.0,1.43,1.709071058897187,0.1553360374650618,0.23276011997373777,0.07742408250867597
273,ibalizumab,15000000.0,1.2,1.601306808546739,0.07918124604762482,0.2044745502161235,0.1252933041684987
274,ibalizumab,100.0,1.33,1.3073991947784913,0.12385164096708581,0.11640821314988883,-0.007443427817196979
274,ibalizumab,1000.0,1.33,1.2746077221444803,0.12385164096708581,0.10537654530231023,-0.01847509566477558
274,ibalizumab,10000.0,1.33,1.2427744633940114,0.12385164096708581,0.09439232076493735,-0.029459320202148462
274,ibalizumab,100000.0,1.18,1.2120713841955857,0.07188200730612536,0.08352819808877006,0.0116461907826447
274,ibalizumab,15000000.0,1.05,1.1411148135361089,0.021189299069938092,0.05732934325836606,0.03614004418842797
275,ibalizumab,100.0,1.84,1.989059953380017,0.2648178230095365,0.29864787363710754,0.03383005062757105
275,ibalizumab,1000.0,1.84,1.9264758402655051,0.2648178230095365,0.2847635669409391,0.019945743931402582
275,ibalizumab,10000.0,1.84,1.8681845861212614,0.2648178230095365,0.27141978451368265,0.006601961504146159
275,ibalizumab,100000.0,1.68,1.8097362049779382,0.22530928172586284,0.2576152748295406,0.032305993103677766
275,ibalizumab,15000000.0,1.6,1.6703057283349945,0.2041199826559248,0.2227959705347765,0.01867598787885172
276,ibalizumab,100.0,0.92,1.1345940516355524,-0.036212172654444715,0.05484050234817232,0.09105267500261703
276,ibalizumab,1000.0,0.92,1.1073288991828363,-0.036212172654444715,0.04427663432501927,0.08048880697946398
276,ibalizumab,10000.0,0.92,1.0763085867048987,-0.036212172654444715,0.03193680505650273,0.06814897771094744
276,ibalizumab,100000.0,0.84,1.0424988463450469,-0.07572071393811836,0.01807558304506861,0.09379629698318696
276,ibalizumab,15000000.0,0.8,0.9716605700092935,-0.09691001300805639,-0.012485420584796063,0.08442459242326034
277,ibalizumab,100.0,1.01,1.4301485012812503,0.004321373782642578,0.15538113532416362,0.15105976154152104
277,ibalizumab,1000.0,1.01,1.3913969010552671,0.004321373782642578,0.14345103175406165,0.13912965797141907
277,ibalizumab,10000.0,1.01,1.3531308915275413,0.004321373782642578,0.1313398089543507,0.12701843517170813
277,ibalizumab,100000.0,0.92,1.3150491757982818,-0.036212172654444715,0.11894199341780515,0.15515416607224986
277,ibalizumab,15000000.0,0.88,1.234408292622223,-0.05551732784983137,0.09145883060853881,0.14697615845837017
278,ibalizumab,100.0,1.2,1.2929984034920063,0.07918124604762482,0.11159798864293076,0.03241674259530594
278,ibalizumab,1000.0,1.2,1.2592297585500596,0.07918124604762482,0.10010497853259355,0.020923732484968732
278,ibalizumab,10000.0,1.2,1.2270644428912518,0.07918124604762482,0.08886737157552985,0.009686125527905029
278,ibalizumab,100000.0,1.09,1.1972509843469104,0.037426497940623665,0.07818520277979937,0.04075870483917571
278,ibalizumab,15000000.0,1.04,1.1352294507758047,0.01703333929878037,0.05508364931297603,0.03805031001419566
279,ibalizumab,100.0,2.94,3.1227613643985936,0.46834733041215726,0.494538797523605,0.026191467111447764
279,ibalizumab,1000.0,2.94,3.0602945821165437,0.46834733041215726,0.4857632334194862,0.017415903007328926
279,ibalizumab,10000.0,2.94,2.959416697990175,0.46834733041215726,0.4712061199076834,0.0028587894955261484
279,ibalizumab,100000.0,2.6,2.80937923174471,0.414973347970818,0.448610367588003,0.033637019617185016
279,ibalizumab,15000000.0,2.48,2.420650313573045,0.3944516808262163,0.3839320559207013,-0.010519624905515002
280,ibalizumab,100.0,2.48,2.591345137864562,0.3944516808262163,0.4135252599513623,0.019073579125146012
280,ibalizumab,1000.0,2.12,2.3661929906383623,0.32633586092875144,0.37405016351725845,0.04771430258850701
280,ibalizumab,10000.0,1.75,2.1288963951086712,0.24303804868629444,0.3281545265733865,0.08511647788709206
280,ibalizumab,100000.0,1.6,1.9284913926947396,0.2041199826559248,0.28521770484918507,0.08109772219326028
280,ibalizumab,15000000.0,1.52,1.613082051188738,0.18184358794477254,0.20765645881623757,0.025812870871465027
281,ibalizumab,100.0,2.21,1.8056416876539925,0.3443922736851107,0.25663157293562,-0.08776070074949072
281,ibalizumab,1000.0,1.93,1.689336265824374,0.28555730900777376,0.22771610537704426,-0.057841203630729504
281,ibalizumab,10000.0,1.56,1.5785100532364553,0.1931245983544616,0.19824735217769102,0.005122753823229409
281,ibalizumab,100000.0,1.26,1.4786460114299045,0.10037054511756291,0.1698642161312187,0.06949367101365578
281,ibalizumab,15000000.0,1.2,1.2881171186091802,0.07918124604762482,0.10995535188504325,0.030774105837418436
282,ibalizumab,100.0,1.29,1.236874754402178,0.11058971029924898,0.09232572531557352,-0.018263984983675458
282,ibalizumab,1000.0,1.29,1.200945446553772,0.11058971029924898,0.0795232798435614,-0.031066430455687577
282,ibalizumab,10000.0,1.29,1.1664561998461658,0.11058971029924898,0.06686843578107778,-0.043721274518171205
282,ibalizumab,100000.0,1.09,1.1261194035051867,0.037426497940623665,0.05158444161136644,0.014157943670742773
282,ibalizumab,15000000.0,1.04,1.0207498662250305,0.01703333929878037,0.008919331678321657,-0.008114007620458713
283,ibalizumab,100.0,1.01,1.1052124318729155,0.004321373782642578,0.04344576139054797,0.03912438760790539
283,ibalizumab,1000.0,1.01,1.0745464638976274,0.004321373782642578,0.031225199332409494,0.026903825549766915
283,ibalizumab,10000.0,1.01,1.0398740506170028,0.004321373782642578,0.016980740804092228,0.012659367021449649
283,ibalizumab,100000.0,0.92,1.005538769214355,-0.036212172654444715,0.0023988197674421076,0.03861099242188682
283,ibalizumab,15000000.0,0.88,0.9314985363855528,-0.05551732784983137,-0.03081782315118186,0.02469950469864951
284,ibalizumab,100.0,1.15,1.3981620652350177,0.06069784035361165,0.14555751472719092,0.08485967437357927
284,ibalizumab,1000.0,1.15,1.3561035361069822,0.06069784035361165,0.13229284841260147,0.07159500805898983
284,ibalizumab,10000.0,1.15,1.309292310802057,0.06069784035361165,0.11703661736515861,0.05633877701154696
284,ibalizumab,100000.0,1.15,1.2561596534279105,0.06069784035361165,0.0990448401944527,0.03834699984084105
284,ibalizumab,15000000.0,1.15,1.1327177139841103,0.06069784035361165,0.05412169226956634,-0.006576148084045309
285,ibalizumab,100.0,1.2,1.2401810734561722,0.07918124604762482,0.09348509924422779,0.014303853196602975
285,ibalizumab,1000.0,1.2,1.2108741610550944,0.07918124604762482,0.08309901184737302,0.003917765799748202
285,ibalizumab,10000.0,1.2,1.1784095635354028,0.07918124604762482,0.07129625842198047,-0.007884987625644352
285,ibalizumab,100000.0,1.2,1.1483978980713194,0.07918124604762482,0.060092388929951904,-0.019088857117672914
285,ibalizumab,15000000.0,1.2,1.0793485714004,0.07918124604762482,0.03316172103962625,-0.046019525007998566
286,ibalizumab,100.0,0.8,1.0633802954015017,-0.09691001300805639,0.02668860850996131,0.1235986215180177
286,ibalizumab,1000.0,0.8,1.0362750232124802,-0.09691001300805639,0.015475030710937017,0.11238504371899341
286,ibalizumab,10000.0,0.8,1.008740412651091,-0.09691001300805639,0.0037794200944254058,0.1006894331024818
286,ibalizumab,100000.0,0.8,0.978396192132577,-0.09691001300805639,-0.00948524622016399,0.0874247667878924
286,ibalizumab,15000000.0,0.8,0.9059330950622057,-0.09691001300805639,-0.04290387463908927,0.05400613836896712
287,ibalizumab,100.0,2.12,3.302421446059429,0.32633586092875144,0.5188324959463172,0.19249663501756575
287,ibalizumab,1000.0,2.12,2.991227393085039,0.32633586092875144,0.4758494293496939,0.14951356842094243
287,ibalizumab,10000.0,2.12,2.6780591865612116,0.32633586092875144,0.427820170925764,0.10148430999701258
287,ibalizumab,100000.0,2.12,2.4166345684184654,0.32633586092875144,0.38321098349906235,0.05687512257031091
287,ibalizumab,15000000.0,2.12,2.1305347812852036,0.32633586092875144,0.32848862851391325,0.0021527675851618078
288,ibalizumab,100.0,1.66,1.5378874997092062,0.22010808804005508,0.18692456690721196,-0.03318352113284312
288,ibalizumab,1000.0,1.66,1.4994880948491123,0.22010808804005508,0.17594302203828577,-0.04416506600176931
288,ibalizumab,10000.0,1.66,1.4616053683938377,0.22010808804005508,0.16483012948647557,-0.055277958553579504
288,ibalizumab,100000.0,1.43,1.4197222869171304,0.1553360374650618,0.1522033999781879,-0.003132637486873896
288,ibalizumab,15000000.0,1.21,1.3191335572093947,0.08278537031645007,0.12028876842177152,0.03750339810532145
289,ibalizumab,100.0,1.33,1.4086861165805062,0.12385164096708581,0.14881423439886077,0.024962593431774954
289,ibalizumab,1000.0,1.33,1.3801927557359828,0.12385164096708581,0.13993974357994596,0.016088102612860145
289,ibalizumab,10000.0,1.33,1.3507417559058184,0.12385164096708581,0.13057232555379306,0.006720684586707243
289,ibalizumab,100000.0,1.18,1.319108072196563,0.07188200730612536,0.12028037798450371,0.04839837067837835
289,ibalizumab,15000000.0,1.12,1.2467820371748526,0.04921802267018165,0.09579053661728408,0.04657251394710243
290,ibalizumab,100.0,2.37,2.2094716675340482,0.37474834601010387,0.3442884368951379,-0.03045990911496599
290,ibalizumab,1000.0,2.37,2.150055238305407,0.37474834601010387,0.3324496177681908,-0.04229872824191305
290,ibalizumab,10000.0,2.37,2.096210728817498,0.37474834601010387,0.3214349394578549,-0.053313406552248976
290,ibalizumab,100000.0,2.02,2.031614224913827,0.3053513694466238,0.30784124500119125,0.0024898755545674778
290,ibalizumab,15000000.0,1.55,1.8889833070352742,0.1903316981702915,0.27622812007403075,0.08589642190373925
291,ibalizumab,100.0,0.97,1.1283160802399286,-0.01322826573375516,0.05243077755064543,0.06565904328440059
291,ibalizumab,1000.0,0.97,1.1043052728408778,-0.01322826573375516,0.043089145842169094,0.05631741157592425
291,ibalizumab,10000.0,0.97,1.0786799641495222,-0.01322826573375516,0.03289261204118219,0.046120877774937355
291,ibalizumab,100000.0,0.93,1.0521163371813134,-0.03151705144606486,0.02206376434473262,0.05358081579079749
291,ibalizumab,15000000.0,0.9328284271247462,0.9890921814415262,-0.030198227641558856,-0.004763231126995633,0.025434996514563223
292,ibalizumab,100.0,1.06,1.1182928230058127,0.02530586526477026,0.048555537686665456,0.023249672421895195
292,ibalizumab,1000.0,1.06,1.0876183213555508,0.02530586526477026,0.036476514837307024,0.011170649572536762
292,ibalizumab,10000.0,1.06,1.0564761889240453,0.02530586526477026,0.02385971328096971,-0.0014461519838005511
292,ibalizumab,100000.0,1.01,1.0259732378134243,0.004321373782642578,0.011136032489697079,0.0068146587070545
292,ibalizumab,15000000.0,0.88,0.9608980115053066,-0.05551732784983137,-0.017322705350167777,0.03819462249966359
293,poly-higg,100.0,5.91,5.586901567965426,0.7715874808812554,0.7471710198717029,-0.024416461009552526
293,poly-higg,1000.0,5.91,5.133155251702273,0.7715874808812554,0.7103843996470792,-0.06120308123417617
293,poly-higg,10000.0,5.91,4.743415124777899,0.7715874808812554,0.6760911340364676,-0.0954963468447878
293,poly-higg,100000.0,5.37,4.387466132765337,0.7299742856995556,0.642213777129744,-0.08776050856981155
293,poly-higg,15000000.0,2.52,3.4278387504906296,0.4014005407815441,0.5350203840156751,0.133619843234131
294,poly-higg,100.0,8.27,7.471000942062068,0.9175055095525466,0.8733787911718679,-0.04412671838067872
294,poly-higg,1000.0,6.7,6.706261190891114,0.8260748027008264,0.8264804640277453,0.00040566132691888246
294,poly-higg,10000.0,6.7,5.982910198115443,0.8260748027008264,0.7769124842467565,-0.04916231845406993
294,poly-higg,100000.0,6.12,5.393268703164395,0.7867514221455612,0.7318520582252104,-0.054899363920350774
294,poly-higg,15000000.0,4.7,4.464971346386561,0.6720978579357175,0.6498186761817584,-0.022279181753959154
295,poly-higg,100.0,4.59,5.698781170583726,0.6618126855372612,0.7557819806740218,0.09396929513676056
295,poly-higg,1000.0,4.22,5.22372590725938,0.6253124509616739,0.7179803811139346,0.09266793015226071
295,poly-higg,10000.0,4.22,4.801822989952673,0.6253124509616739,0.6814061465782152,0.05609369561654132
295,poly-higg,100000.0,3.85,4.449498402452549,0.5854607295085007,0.6483110551774978,0.06285032566899706
295,poly-higg,15000000.0,3.0,3.5085863368364074,0.47712125471966244,0.5451321678109081,0.06801091309124568
296,poly-higg,100.0,10.11,10.648227804024572,1.0047511555910011,1.0272773336924397,0.022526178101438532
296,poly-higg,1000.0,8.27,9.396691109396366,0.9175055095525466,0.97297495084284,0.05546944129029341
296,poly-higg,10000.0,8.27,8.152563061195254,0.9175055095525466,0.9112941668184668,-0.006211342734079861
296,poly-higg,100000.0,6.71,7.070507413253576,0.8267225201689921,0.8494505819537027,0.02272806178471065
296,poly-higg,15000000.0,4.55,5.247321587934048,0.6580113966571124,0.7199376812338618,0.061926284576749424
297,poly-higg,100.0,5.6,8.014564337571437,0.7481880270062004,0.9038799195870935,0.1556918925808931
297,poly-higg,1000.0,5.6,6.930447082806575,0.7481880270062004,0.8407612518315626,0.09257322482536223
297,poly-higg,10000.0,5.6,6.051698052967985,0.7481880270062004,0.7818772509438103,0.03368922393760998
297,poly-higg,100000.0,5.11,5.335962949197329,0.7084209001347127,0.7272128053509561,0.01879190521624341
297,poly-higg,15000000.0,2.6,4.118780584222315,0.414973347970818,0.614768656826624,0.199795308855806
298,poly-higg,100.0,5.42,6.52520430037833,0.7339992865383869,0.8145941137326108,0.08059482719422395
298,poly-higg,1000.0,5.42,5.8331350859411595,0.7339992865383869,0.7659020341017977,0.03190274756341083
298,poly-higg,10000.0,5.42,5.239692044624862,0.7339992865383869,0.7193057626993176,-0.0146935238390693
298,poly-higg,100000.0,4.95,4.6712992855459285,0.6946051989335688,0.6694376929990304,-0.025167505934538315
298,poly-higg,15000000.0,2.88,3.665682798106414,0.45939248775923086,0.5641548815230334,0.10476239376380253
299,poly-higg,100.0,11.48,14.057221557959927,1.0599418880619547,1.1478994898667216,0.08795760180476697
299,poly-higg,1000.0,11.48,12.208205909493312,1.0599418880619547,1.086651845692929,0.02670995763097439
299,poly-higg,10000.0,11.48,10.509735352311784,1.0599418880619547,1.021591780112188,-0.038350107949766565
299,poly-higg,100000.0,9.23,9.173625881512818,0.9652017010259121,0.9625410247748613,-0.0026606762510508197
299,poly-higg,15000000.0,6.0,6.976314984028365,0.7781512503836436,0.8436260809751359,0.06547483059149228
300,poly-higg,100.0,9.19,10.673104841694922,0.9633155113861113,1.028290775513221,0.06497526412710963
300,poly-higg,1000.0,9.19,9.348107068007865,0.9633155113861113,0.9707236779156018,0.007408166529490501
300,poly-higg,10000.0,9.19,8.188234539156895,0.9633155113861113,0.9131902738540268,-0.05012523753208442
300,poly-higg,100000.0,8.39,7.171092977002308,0.9237619608287003,0.855585353395216,-0.0681766074334843
300,poly-higg,15000000.0,5.8,5.4291728452521175,0.7634279935629372,0.7347336682433192,-0.02869432531961802
301,poly-higg,100.0,8.27,8.743704835857287,0.9175055095525466,0.9416954885662968,0.024189979013750196
301,poly-higg,1000.0,6.98,7.681121726325409,0.8438554226231612,0.8854246476330734,0.041569225009912225
301,poly-higg,10000.0,6.98,6.769605428293337,0.8438554226231612,0.8305633562318568,-0.013292066391304314
301,poly-higg,100000.0,6.04,5.9247411786452355,0.7810369386211319,0.7726693830127191,-0.008367555608412736
301,poly-higg,15000000.0,4.3,4.490735176917547,0.6334684555795865,0.6523174450439027,0.018848989464316124
302,trastuzumab,100.0,7.29,4.337966085954297,0.8627275283179746,0.6372861523945226,-0.22544137592345204
302,trastuzumab,1000.0,5.99,3.857983158902028,0.7774268223893114,0.5863603275038527,-0.19106649488545868
302,trastuzumab,10000.0,3.55,3.3494244686947665,0.5502283530550941,0.5249701886657274,-0.025258164389366677
302,trastuzumab,100000.0,3.22,2.930747825827467,0.5078558716958309,0.4669784514772726,-0.04087742021855828
302,trastuzumab,15000000.0,1.06,2.0982019143408497,0.02530586526477026,0.32184727893122994,0.2965414136664597
303,trastuzumab,100.0,4.69,4.968487949804524,0.6711728427150833,0.6962242408523588,0.025051398137275527
303,trastuzumab,1000.0,4.69,4.436884038418486,0.6711728427150833,0.6470780782245383,-0.02409476449054493
303,trastuzumab,10000.0,4.59,3.879401763282927,0.6618126855372612,0.5887647588579723,-0.07304792667928894
303,trastuzumab,100000.0,3.85,3.380210291202966,0.5854607295085007,0.5289437196469159,-0.05651700986158481
303,trastuzumab,15000000.0,1.9,2.510713667328709,0.2787536009528289,0.3997971867114405,0.12104358575861157
304,trastuzumab,100.0,3.4,3.558979493232557,0.5314789170422551,0.551325485615085,0.019846568572829848
304,trastuzumab,1000.0,3.4,3.379802461012675,0.5314789170422551,0.5288913178518589,-0.002587599190396195
304,trastuzumab,10000.0,3.3,3.128395031208813,0.5185139398778874,0.4953215874319402,-0.023192352445947195
304,trastuzumab,100000.0,3.04,2.901466111662516,0.48287358360875376,0.4626175024883768,-0.020256081120376968
304,trastuzumab,15000000.0,2.34,2.1888070434032265,0.3692158574101428,0.3402074775666274,-0.029008379843515397
305,trastuzumab,100.0,1.9,1.9953357150003073,0.2787536009528289,0.300015976166171,0.021262375213342066
305,trastuzumab,1000.0,1.9,1.9074972876924494,0.2787536009528289,0.28046392909557344,0.0017103281427445216
305,trastuzumab,10000.0,1.9,1.8293926715420954,0.2787536009528289,0.2623069349899756,-0.016446665962853324
305,trastuzumab,100000.0,1.56,1.7445388619075797,0.1931245983544616,0.24168064837514844,0.04855605002068683
305,trastuzumab,15000000.0,1.2,1.551359123655077,0.07918124604762482,0.1907123441502481,0.11153109810262328
306,trastuzumab,100.0,1.95,2.376429424352753,0.290034611362518,0.37592492106322606,0.08589030970070805
306,trastuzumab,1000.0,1.95,2.1521978169610785,0.290034611362518,0.33288218654188967,0.042847575179371655
306,trastuzumab,10000.0,1.95,1.937815257043592,0.290034611362518,0.28731237092375383,-0.0027222404387641785
306,trastuzumab,100000.0,1.79,1.7423981221431075,0.2528530309798932,0.24114739435423552,-0.011705636625657684
306,trastuzumab,15000000.0,0.8,1.4256053121611585,-0.09691001300805639,0.1539993049854341,0.2509093179934905
307,trastuzumab,100.0,3.99,3.4325662889746176,0.6009728956867483,0.5356189329904832,-0.06535396269626503
307,trastuzumab,1000.0,3.4,3.228214281976468,0.5314789170422551,0.5089623545479485,-0.02251656249430667
307,trastuzumab,10000.0,3.1,3.0185188078065237,0.4913616938342727,0.47979388620279073,-0.011567807631481963
307,trastuzumab,100000.0,3.13,2.7487339010664686,0.49554433754644844,0.4391326987768607,-0.05641163876958777
307,trastuzumab,15000000.0,1.85,2.2270794448091973,0.26717172840301384,0.34773570954721916,0.08056398114420532
308,trastuzumab,100.0,3.9,3.069447702605432,0.5910646070264992,0.4870602382495086,-0.1040043687769906
308,trastuzumab,1000.0,3.3,2.7862269420697543,0.5185139398778874,0.4450164874198129,-0.07349745245807449
308,trastuzumab,10000.0,3.3,2.495221574660822,0.5185139398778874,0.39710911684512634,-0.12140482303276107
308,trastuzumab,100000.0,2.48,2.2314079777521894,0.3944516808262163,0.3485789814393807,-0.04587269938683558
308,trastuzumab,15000000.0,1.8,1.7762846894604865,0.25527250510330607,0.24951257245229483,-0.00575993265101124
309,trastuzumab,100.0,3.5,2.7280988610541512,0.5440680443502757,0.4358601042660931,-0.10820794008418255
309,trastuzumab,1000.0,2.6,2.5359515455965482,0.414973347970818,0.40414095122819643,-0.010832396742621542
309,trastuzumab,10000.0,2.0,2.348755926815568,0.3010299956639812,0.37083788900216325,0.06980789333818205
309,trastuzumab,100000.0,1.84,2.200381247934796,0.2648178230095365,0.3424979351537762,0.0776801121442397
309,trastuzumab,15000000.0,1.6,1.911141614211712,0.2041199826559248,0.28129286915444374,0.07717288649851894
310,trastuzumab,100.0,2.5,2.661006796351923,0.3979400086720376,0.4250459837638533,0.02710597509181567
310,trastuzumab,1000.0,2.5,2.485101536345477,0.3979400086720376,0.3953441378474956,-0.0025958708245419904
310,trastuzumab,10000.0,2.1,2.316886460545119,0.3222192947339193,0.36490475162902375,0.042685456895104446
310,trastuzumab,100000.0,1.66,2.1651984507917734,0.22010808804005508,0.335497707679681,0.11538961963962593
310,trastuzumab,15000000.0,1.25,1.882828256088723,0.09691001300805642,0.2748107072526471,0.1779006942445907
311,trastuzumab,100.0,2.95,3.3997442656701784,0.46982201597816303,0.5314462499289085,0.06162423395074551
311,trastuzumab,1000.0,2.95,3.155666213371571,0.46982201597816303,0.4990910600135678,0.029269044035404757
311,trastuzumab,10000.0,2.95,2.9489622049716484,0.46982201597816303,0.46966920650315747,-0.0001528094750055664
311,trastuzumab,100000.0,2.71,2.648636379599303,0.4329692908744057,0.42302233988537236,-0.009946950989033365
311,trastuzumab,15000000.0,2.36,1.968554371037523,0.37291200297010657,0.29414741440970027,-0.0787645885604063
312,trastuzumab,100.0,3.99,3.3079452484230925,0.6009728956867483,0.5195583126989767,-0.0814145829877716
312,trastuzumab,1000.0,3.15,3.0879798906115457,0.4983105537896005,0.4896744634820675,-0.008636090307532984
312,trastuzumab,10000.0,2.4,2.8736994231423685,0.38021124171160603,0.45844134079983273,0.0782300990882267
312,trastuzumab,100000.0,1.93,2.541625518653151,0.28555730900777376,0.4051115622828196,0.11955425327504582
312,trastuzumab,15000000.0,1.68,1.914979815339493,0.22530928172586284,0.2821642006895626,0.05685491896369976
313,trastuzumab,100.0,3.6,3.3808722065065906,0.5563025007672873,0.5290287551911108,-0.027273745576176456
313,trastuzumab,1000.0,3.6,3.208705593310494,0.5563025007672873,0.5063298713285338,-0.04997262943875347
313,trastuzumab,10000.0,3.15,3.0175546726050833,0.4983105537896005,0.4796551474671825,-0.018655406322417967
313,trastuzumab,100000.0,2.9,2.8005119673671928,0.4623979978989561,0.4472374328699371,-0.015160565029018969
313,trastuzumab,15000000.0,2.5,2.208331499551236,0.3979400086720376,0.3440642672544163,-0.0538757414176213
314,trastuzumab,100.0,4.19,3.467184806805523,0.6222140229662954,0.5399769909026634,-0.08223703206363198
314,trastuzumab,1000.0,3.4,3.2793046082293262,0.5314789170422551,0.5157817593131234,-0.015697157729131717
314,trastuzumab,10000.0,2.6,3.106768324508296,0.414973347970818,0.4923088685948354,0.07733552062401744
314,trastuzumab,100000.0,1.99,2.9209059333973397,0.29885307640970665,0.46551757091936263,0.16666449450965598
314,trastuzumab,15000000.0,1.73,2.4483925655464764,0.2380461031287954,0.3888810521100108,0.15083494898121538
315,trastuzumab,100.0,2.6,3.174752273548554,0.414973347970818,0.5017098428789358,0.08673649490811786
315,trastuzumab,1000.0,2.6,2.9870705578144183,0.414973347970818,0.47524548122734406,0.060272133256526084
315,trastuzumab,10000.0,2.05,2.7420232489490157,0.31175386105575426,0.4380711327465146,0.12631727169076035
315,trastuzumab,100000.0,1.89,2.4009356366132613,0.2764618041732441,0.3803805178086449,0.10391871363540078
315,trastuzumab,15000000.0,1.64,1.8563888493291782,0.21484384804769785,0.2686689511015757,0.05382510305387783
316,trastuzumab,100.0,2.45,2.86425114397996,0.3891660843645325,0.45701109522197336,0.06784501085744088
316,trastuzumab,1000.0,2.45,2.670176370563023,0.3891660843645325,0.42653994834305825,0.03737386397852577
316,trastuzumab,10000.0,2.45,2.459038951871745,0.3891660843645325,0.3907654081404968,0.0015993237759643342
316,trastuzumab,100000.0,2.25,2.3005747853167557,0.3521825181113625,0.3618363555414757,0.009653837430113221
316,trastuzumab,15000000.0,1.96,1.9645555338172247,0.292256071356476,0.29326430990501184,0.0010082385485358225
317,trastuzumab,100.0,3.7,3.439170090618823,0.568201724066995,0.5364536552027849,-0.03174806886421011
317,trastuzumab,1000.0,3.16,3.1462691260729634,0.49968708261840383,0.49779586862720226,-0.001891213991201568
317,trastuzumab,10000.0,2.7,2.832704691108262,0.43136376415898736,0.45220130176823875,0.02083753760925139
317,trastuzumab,100000.0,2.3,2.5156979880619987,0.36172783601759284,0.40065850243662704,0.0389306664190342
317,trastuzumab,15000000.0,2.0,1.9908406117072466,0.3010299956639812,0.2990364914553797,-0.0019935042086015042
318,poly-higg,100.0,1.81,1.848885949905125,0.2576785748691845,0.26691012216267535,0.00923154729349085
318,poly-higg,1000.0,1.81,1.7866278377935532,0.2576785748691845,0.2520340965317413,-0.005644478337443193
318,poly-higg,10000.0,1.81,1.7337028633651979,0.2576785748691845,0.23897466646278206,-0.01870390840640243
318,poly-higg,100000.0,1.67,1.6821314465366146,0.22271647114758325,0.22585992979424055,0.003143458646657299
318,poly-higg,15000000.0,1.45,1.5048960378009248,0.16136800223497488,0.17750649875451538,0.016138496519540496
319,poly-higg,100.0,11.98,9.30790143561558,1.0784568180532925,0.9688517757540447,-0.10960504229924783
319,poly-higg,1000.0,10.39,8.3233239591155,1.0166155475571774,0.9202967985039276,-0.09631874905324977
319,poly-higg,10000.0,6.09,7.325696520109874,0.7846172926328754,0.8648489232868077,0.08023163065393235
319,poly-higg,100000.0,4.96,6.400302042401605,0.6954816764901974,0.8062004696484282,0.11071879315823074
319,poly-higg,15000000.0,4.31,4.609046666756517,0.6344772701607315,0.6636111053933944,0.029133835232662886
320,poly-higg,100.0,1.6,1.74392735693045,0.2041199826559248,0.24152839049258112,0.03740840783665633
320,poly-higg,1000.0,1.6,1.705295541188948,0.2041199826559248,0.23179965651601972,0.027679673860094928
320,poly-higg,10000.0,1.6,1.666923194428813,0.2041199826559248,0.22191558962752586,0.01779560697160107
320,poly-higg,100000.0,1.47,1.6254150172927846,0.1673173347481761,0.21096426790436026,0.043646933156184176
320,poly-higg,15000000.0,1.28,1.4731218382645492,0.10720996964786837,0.16823866775080334,0.06102869810293497
321,poly-higg,100.0,11.29,10.02437196631517,1.052693941924968,1.0010571733014342,-0.051636768623533724
321,poly-higg,1000.0,11.29,9.172722137351462,1.052693941924968,0.9624982379376943,-0.09019570398727361
321,poly-higg,10000.0,9.59,8.147046479714803,0.9818186071706636,0.9110001940111556,-0.07081841315950799
321,poly-higg,100000.0,8.73,7.148319614083056,0.9410142437055697,0.854203962346396,-0.08681028135917379
321,poly-higg,15000000.0,5.0,4.938276586573754,0.6989700043360189,0.6935754105571938,-0.005394593778825008
322,poly-higg,100.0,1.3,1.7105559907424661,0.11394335230683679,0.23313729428987243,0.11919394198303564
322,poly-higg,1000.0,1.3,1.670634709931439,0.11394335230683679,0.22288150028011938,0.10893814797328259
322,poly-higg,10000.0,1.3,1.6367758863805992,0.11394335230683679,0.21398921821987751,0.10004586591304072
322,poly-higg,100000.0,1.2,1.5996900052901137,0.07918124604762482,0.20403583138369438,0.12485458533606957
322,poly-higg,15000000.0,1.04,1.482690096526049,0.01703333929878037,0.17105038674434095,0.15401704744556058
323,poly-higg,100.0,1.6,2.0514893022567082,0.2041199826559248,0.31206925662684376,0.10794927397091897
323,poly-higg,1000.0,1.6,1.9939048592395936,0.2041199826559248,0.29970443176248746,0.09558444910656266
323,poly-higg,10000.0,1.6,1.9297739968243803,0.2041199826559248,0.2855064501065753,0.08138646745065053
323,poly-higg,100000.0,1.47,1.8622611786845127,0.1673173347481761,0.2700405899144091,0.10272325516623301
323,poly-higg,15000000.0,1.28,1.6617096911989315,0.10720996964786837,0.22055515270737985,0.11334518305951148
324,poly-higg,100.0,1.7,1.8012149714958807,0.2304489213782739,0.2555655481126944,0.025116626734420472
324,poly-higg,1000.0,1.7,1.7459859086336997,0.2304489213782739,0.24204073431381082,0.011591812935536905
324,poly-higg,10000.0,1.6,1.6939411661926045,0.2041199826559248,0.22889832238098268,0.024778339725057885
324,poly-higg,100000.0,1.47,1.6496987804082008,0.1673173347481761,0.21740465333578152,0.05008731858760543
324,poly-higg,15000000.0,1.28,1.5339873333743714,0.10720996964786837,0.18582177351887694,0.07861180387100856
325,poly-higg,100.0,2.0,1.9120121049682977,0.3010299956639812,0.2814906374716157,-0.01953935819236552
325,poly-higg,1000.0,2.0,1.8434592661130278,0.3010299956639812,0.2656335456862169,-0.03539644997776431
325,poly-higg,10000.0,2.0,1.7953482651214034,0.3010299956639812,0.25414870636819287,-0.04688128929578833
325,poly-higg,100000.0,1.84,1.7533274842914055,0.2648178230095365,0.24386304064460665,-0.02095478236492984
325,poly-higg,15000000.0,1.6,1.6128830038345197,0.2041199826559248,0.2076028654473016,0.003482882791376818
326,poly-higg,100.0,2.4,2.7880070751605204,0.38021124171160603,0.4452938715419237,0.06508262983031765
326,poly-higg,1000.0,2.1,2.6053003392107703,0.3222192947339193,0.41585779602069933,0.09363850128678003
326,poly-higg,10000.0,1.8,2.4402924904277272,0.25527250510330607,0.3874418834558685,0.13216937835256243
326,poly-higg,100000.0,1.66,2.314756462764082,0.22010808804005508,0.36450530531448705,0.14439721727443197
326,poly-higg,15000000.0,1.44,2.0309812861210115,0.15836249209524964,0.30770592174462796,0.14934342964937833
327,poly-higg,100.0,1.5,1.8524582086206327,0.17609125905568124,0.26774841909661395,0.09165716004093272
327,poly-higg,1000.0,1.5,1.7908259582398576,0.17609125905568124,0.2530533809083162,0.07696212185263496
327,poly-higg,10000.0,1.5,1.7315339106755563,0.17609125905568124,0.23843100127101846,0.062339742215337224
327,poly-higg,100000.0,1.5,1.669093432287928,0.17609125905568124,0.2224806482378729,0.046389389182191654
327,poly-higg,15000000.0,1.5,1.5169076506002985,0.17609125905568124,0.18095914172573807,0.004867882670056833
328,poly-higg,100.0,1.45,1.70114219298073,0.16136800223497488,0.23074061640265214,0.06937261416767726
328,poly-higg,1000.0,1.45,1.6677409833072967,0.16136800223497488,0.22212860130455084,0.060760599069575955
328,poly-higg,10000.0,1.45,1.6350715035743597,0.16136800223497488,0.21353674961328697,0.05216874737831209
328,poly-higg,100000.0,1.45,1.59957108007578,0.16136800223497488,0.20400354357535994,0.04263554134038505
328,poly-higg,15000000.0,1.45,1.477564749997987,0.16136800223497488,0.16954652166880482,0.00817851943382994
329,poly-higg,100.0,2.8,1.8635724942079244,0.4471580313422192,0.2703462917622988,-0.1768117395799204
329,poly-higg,1000.0,2.4,1.8108416470088593,0.38021124171160603,0.2578804741477918,-0.12233076756381422
329,poly-higg,10000.0,2.0,1.7595092319979546,0.3010299956639812,0.2453915498840551,-0.055638445779926105
329,poly-higg,100000.0,1.84,1.707376707211823,0.2648178230095365,0.23232935228866716,-0.03248847072086933
329,poly-higg,15000000.0,1.6,1.5648612220021072,0.2041199826559248,0.19447582866129937,-0.009644153994625426
330,poly-higg,100.0,2.23,1.6958118883683617,0.34830486304816066,0.22937767553002308,-0.11892718751813758
330,poly-higg,1000.0,2.23,1.660678322036909,0.34830486304816066,0.2202855165610446,-0.12801934648711608
330,poly-higg,10000.0,2.23,1.6218402173043902,0.34830486304816066,0.2100080655587625,-0.13829679748939816
330,poly-higg,100000.0,2.23,1.582563757504407,0.34830486304816066,0.19936121567174067,-0.14894364737642
330,poly-higg,15000000.0,2.0,1.4825689221153089,0.3010299956639812,0.17101489211966853,-0.13001510354431267
331,poly-higg,100.0,8.44,9.654219529555299,0.926342446625655,0.9847171701187295,0.05837472349307449
331,poly-higg,1000.0,8.44,8.685600807578616,0.926342446625655,0.9387998652000809,0.012457418574425838
331,poly-higg,10000.0,8.44,7.67082941462232,0.926342446625655,0.8848423249292903,-0.041500121696364745
331,poly-higg,100000.0,7.16,6.752029595722991,0.8549130223078556,0.829434337235936,-0.025478685071919638
331,poly-higg,15000000.0,5.0,5.045758297670016,0.6989700043360189,0.7029264430697295,0.003956438733710654
332,poly-higg,100.0,7.15,8.55642256723147,0.8543060418010806,0.9322922244835441,0.07798618268246349
332,poly-higg,1000.0,7.15,7.71713660073392,0.8543060418010806,0.8874561877476741,0.03315014594659349
332,poly-higg,10000.0,7.15,6.905361156694921,0.8543060418010806,0.8391863975066818,-0.015119644294398826
332,poly-higg,100000.0,6.89,6.229303527190176,0.8382192219076258,0.7944394926934111,-0.04377972921421469
332,poly-higg,15000000.0,4.75,4.778370841809025,0.6766936096248666,0.679279851630176,0.002586242005309436
333,poly-higg,100.0,5.79,6.710758735387477,0.7626785637274363,0.8267716253796369,0.06409306165220063
333,poly-higg,1000.0,5.79,6.097177396251091,0.7626785637274363,0.7851288309235411,0.02245026719610488
333,poly-higg,10000.0,5.79,5.648036774076406,0.7626785637274363,0.7518975157219463,-0.010781048005489957
333,poly-higg,100000.0,5.23,5.211270457301521,0.7185016888672743,0.7169436129989691,-0.0015580758683051421
333,poly-higg,15000000.0,4.0,4.11895577482602,0.6020599913279624,0.6147871289673106,0.012727137639348185
334,poly-higg,100.0,9.29,9.732278601857761,0.9680157139936417,0.9882145328027201,0.020198818809078367
334,poly-higg,1000.0,8.69,8.712393913985503,0.9390197764486664,0.9401375029739336,0.0011177265252672042
334,poly-higg,10000.0,7.39,7.6990520337757244,0.8686444383948257,0.8864372548030266,0.01779281640820085
334,poly-higg,100000.0,6.52,6.7247612493241125,0.8142475957319202,0.8276768700957545,0.013429274363834343
334,poly-higg,15000000.0,5.67,5.057642681664405,0.7535830588929066,0.7039481435408056,-0.04963491535210096
335,poly-higg,100.0,11.98,9.943976154224282,1.0784568180532925,0.9975600741913893,-0.08089674386190326
335,poly-higg,1000.0,10.49,9.061632890342848,1.0207754881935578,0.9572064638321494,-0.06356902436140843
335,poly-higg,10000.0,8.99,8.093135782661305,0.9537596917332288,0.9081168268334094,-0.04564286489981939
335,poly-higg,100000.0,6.8,7.085442608452235,0.8325089127062363,0.8503669846335169,0.017858071927280617
335,poly-higg,15000000.0,5.0,5.097649746412372,0.6989700043360189,0.7073699922893855,0.008399987953366606
336,poly-higg,100.0,9.19,9.44153198651388,0.9633155113861113,0.9750424688010133,0.01172695741490204
336,poly-higg,1000.0,9.19,8.565487253950511,0.9633155113861113,0.9327520731606112,-0.030563438225500117
336,poly-higg,10000.0,7.99,7.61619857042959,0.9025467793139914,0.8817382585011062,-0.0208085208128852
336,poly-higg,100000.0,6.61,6.698772432455115,0.8202014594856403,0.8259952243939201,0.005793764908279875
336,poly-higg,15000000.0,5.0,4.603620193485414,0.6989700043360189,0.6630994864005151,-0.035870517935503776
337,poly-higg,100.0,3.6,3.84233170423477,0.5563025007672873,0.584594854305074,0.028292353537786696
337,poly-higg,1000.0,3.6,3.640583662346086,0.5563025007672873,0.5611710157962845,0.004868515028997211
337,poly-higg,10000.0,3.6,3.42107810094178,0.5563025007672873,0.5341629889529291,-0.022139511814358137
337,poly-higg,100000.0,3.31,3.183667470672194,0.5198279937757188,0.5029277000223291,-0.01690029375338964
337,poly-higg,15000000.0,2.4,2.516874584058103,0.38021124171160603,0.40086157517945387,0.020650333467847837
338,poly-higg,100.0,2.59,3.5968504862040684,0.4132997640812518,0.5559223854509576,0.14262262136970583
338,poly-higg,1000.0,2.59,3.3841983188212788,0.4132997640812518,0.5294558053853239,0.11615604130407209
338,poly-higg,10000.0,2.59,3.2110909302335644,0.4132997640812518,0.5066526038970951,0.0933528398158433
338,poly-higg,100000.0,2.59,3.031874606827855,0.4132997640812518,0.48171123565102797,0.06841147156977617
338,poly-higg,15000000.0,2.59,2.4859604227673824,0.4132997640812518,0.3954942102627641,-0.017805553818487696
339,poly-higg,100.0,3.0,3.402426293062294,0.47712125471966244,0.5317887258333315,0.05466747111366904
339,poly-higg,1000.0,3.0,3.2314868984684395,0.47712125471966244,0.5094023994867913,0.0322811447671289
339,poly-higg,10000.0,3.0,3.0851835955242106,0.47712125471966244,0.4892810134747929,0.012159758755130479
339,poly-higg,100000.0,3.0,2.9183420518224437,0.47712125471966244,0.4651361931479082,-0.011985061571754219
339,poly-higg,15000000.0,3.0,2.4689607016593698,0.47712125471966244,0.3925141773404739,-0.08460707737918854
340,poly-higg,100.0,5.79,3.28729450638314,0.7626785637274363,0.5168386139591921,-0.2458399497682442
340,poly-higg,1000.0,4.74,3.1540157813160308,0.6757783416740851,0.49886386201803395,-0.17691447965605117
340,poly-higg,10000.0,4.74,2.9962258837620785,0.6757783416740851,0.47657455147518424,-0.1992037901989009
340,poly-higg,100000.0,4.31,2.8586907793934992,0.6344772701607315,0.45616718086831937,-0.17831008929241215
340,poly-higg,15000000.0,3.66,2.431980093725675,0.5634810853944107,0.38596001582254114,-0.17752106957186953
341,poly-higg,100.0,2.1,3.230598211633488,0.3222192947339193,0.5092829483237638,0.18706365358984445
341,poly-higg,1000.0,2.1,3.085099670130753,0.3222192947339193,0.48926919932179436,0.16704990458787505
341,poly-higg,10000.0,2.1,2.9486939441936637,0.3222192947339193,0.46962969786693876,0.14741040313301945
341,poly-higg,100000.0,1.93,2.8145090107840143,0.28555730900777376,0.44940264341281744,0.16384533440504367
341,poly-higg,15000000.0,1.68,2.4152289402771117,0.22530928172586284,0.38295830394322655,0.1576490222173637
342,poly-higg,100.0,2.71,3.194869721487575,0.4329692908744057,0.5044531534513459,0.07148386257694017
342,poly-higg,1000.0,2.71,3.0367812110391186,0.4329692908744057,0.48241350371898645,0.049444212844580726
342,poly-higg,10000.0,2.71,2.9051899496655142,0.4329692908744057,0.46317453307563117,0.030205242201225446
342,poly-higg,100000.0,2.5,2.776545692952067,0.3979400086720376,0.44350482494838656,0.04556481627634895
342,poly-higg,15000000.0,2.17,2.4305426757510933,0.3364597338485295,0.38570325087054874,0.049243517022019234
343,poly-higg,100.0,1.86,3.312241155607248,0.26951294421791633,0.5201219491082423,0.25060900489032595
343,poly-higg,1000.0,1.86,3.136755852799461,0.26951294421791633,0.49648071700558244,0.2269677727876661
343,poly-higg,10000.0,1.86,2.9756163568766607,0.26951294421791633,0.4735769373470549,0.2040639931291386
343,poly-higg,100000.0,1.86,2.8347143104676653,0.26951294421791633,0.45250929616034263,0.1829963519424263
343,poly-higg,15000000.0,1.86,2.560894227512764,0.26951294421791633,0.4083916411954171,0.13887869697750077
344,poly-higg,100.0,2.5,3.5442501754548927,0.3979400086720376,0.5495243695312896,0.15158436085925198
344,poly-higg,1000.0,2.5,3.365052461187229,0.3979400086720376,0.5269918392662448,0.12905183059420722
344,poly-higg,10000.0,2.5,3.182292604324427,0.3979400086720376,0.5027401095032435,0.10480010083120594
344,poly-higg,100000.0,2.5,2.9759368283627423,0.3979400086720376,0.4736237079945868,0.0756836993225492
344,poly-higg,15000000.0,2.5,2.4043206902251733,0.3979400086720376,0.38099239374107685,-0.016947614930960753
345,poly-higg,100.0,1.5,1.7550228778775068,0.17609125905568124,0.24428278215295351,0.06819152309727228
345,poly-higg,1000.0,1.5,1.7084329311368243,0.17609125905568124,0.23259793413922009,0.05650667508353885
345,poly-higg,10000.0,1.21,1.6711628718431653,0.08278537031645007,0.22301877837677914,0.14023340806032908
345,poly-higg,100000.0,1.12,1.624608616447098,0.04921802267018165,0.21074875227485226,0.1615307296046706
345,poly-higg,15000000.0,1.12,1.4770820858768123,0.04921802267018165,0.16940463102809727,0.12018660835791561
346,poly-higg,100.0,1.28,1.7353852489394388,0.10720996964786837,0.23939590155682058,0.13218593190895223
346,poly-higg,1000.0,1.28,1.666225633566,0.10720996964786837,0.2217338114630528,0.11452384181518442
346,poly-higg,10000.0,1.28,1.608636431836169,0.10720996964786837,0.2064579002276728,0.09924793057980442
346,poly-higg,100000.0,1.28,1.5504928514494032,0.10720996964786837,0.19046976826232642,0.08325979861445805
346,poly-higg,15000000.0,1.28,1.4002521818932445,0.10720996964786837,0.14620625806526177,0.0389962884173934
347,poly-higg,100.0,1.51,1.5677673588957488,0.17897694729316943,0.19528161814194903,0.016304670848779595
347,poly-higg,1000.0,1.51,1.4998157455742895,0.17897694729316943,0.17603790865869703,-0.002939038634472396
347,poly-higg,10000.0,1.51,1.4414809738173793,0.17897694729316943,0.15880891448651915,-0.020168032806650277
347,poly-higg,100000.0,1.51,1.389310586941689,0.17897694729316943,0.14279934517359846,-0.03617760211957097
347,poly-higg,15000000.0,1.51,1.2825513193952636,0.17897694729316943,0.10807475178328182,-0.0709021955098876
348,poly-higg,100.0,4.99,5.884680519379867,0.69810054562339,0.769722889875005,0.07162234425161507
348,poly-higg,1000.0,4.99,5.342507995478576,0.69810054562339,0.7277451807920504,0.02964463516866045
348,poly-higg,10000.0,3.99,4.8279212816992905,0.6009728956867483,0.6837601803974891,0.08278728471074082
348,poly-higg,100000.0,3.5,4.322260258075984,0.5440680443502757,0.6357109136909711,0.09164286934069543
348,poly-higg,15000000.0,2.26,3.325355781455384,0.35410843914740087,0.5218381175058247,0.16772967835842378
349,poly-higg,100.0,4.56,5.153883750478337,0.658964842664435,0.7121346185037571,0.05316977583932214
349,poly-higg,1000.0,4.56,4.747670918101374,0.658964842664435,0.676480608470063,0.01751576580562797
349,poly-higg,10000.0,4.56,4.34172504079398,0.658964842664435,0.6376623163438657,-0.02130252632056928
349,poly-higg,100000.0,4.2,3.9321857361942962,0.6232492903979004,0.5946340234782979,-0.02861526691960259
349,poly-higg,15000000.0,2.83,3.196608077817981,0.45178643552429026,0.5046893925823257,0.05290295705803544
350,poly-higg,100.0,5.96,6.252105469376651,0.7752462597402364,0.7960262957038251,0.020780035963588683
350,poly-higg,1000.0,5.96,5.728408762555158,0.7752462597402364,0.758034000394106,-0.017212259346130465
350,poly-higg,10000.0,5.96,5.252752559181684,0.7752462597402364,0.7203869430241143,-0.0548593167161221
350,poly-higg,100000.0,5.49,4.813731324827619,0.7395723444500919,0.6824818467613933,-0.05709049768869856
350,poly-higg,15000000.0,4.77,3.771373099921574,0.6785183790401139,0.5764994990515614,-0.10201887998855252
351,poly-higg,100.0,2.1,1.7974089714084902,0.3222192947339193,0.25464690505434273,-0.06757238967957657
351,poly-higg,1000.0,2.1,1.7485425740000518,0.3222192947339193,0.2426762110966205,-0.07954308363729881
351,poly-higg,10000.0,2.1,1.7146067527848685,0.3222192947339193,0.2341645298138059,-0.08805476492011341
351,poly-higg,100000.0,1.47,1.6669317935447048,0.1673173347481761,0.22191783000606333,0.05460049525788724
351,poly-higg,15000000.0,1.1,1.4720123059511316,0.04139268515822508,0.16791144069735742,0.12651875553913233
352,poly-higg,100.0,1.89,1.7967847499585468,0.2764618041732441,0.25449605289948524,-0.021965751273758882
352,poly-higg,1000.0,1.89,1.7511910162006707,0.2764618041732441,0.24333352058792287,-0.033128283585321244
352,poly-higg,10000.0,1.89,1.7170426119283808,0.2764618041732441,0.23478107320152422,-0.0416807309717199
352,poly-higg,100000.0,1.66,1.6635939531671289,0.22010808804005508,0.2210473331217722,0.0009392450817171105
352,poly-higg,15000000.0,1.1,1.465625677540657,0.04139268515822508,0.16602306516420118,0.1246303800059761
353,poly-higg,100.0,6.94,7.708573596825435,0.8413594704548549,0.886974023143214,0.04561455268835912
353,poly-higg,1000.0,6.94,7.012991555187004,0.8413594704548549,0.8459033159360144,0.004543845481159492
353,poly-higg,10000.0,6.94,6.350609218404684,0.8413594704548549,0.8028153894652577,-0.038544080989597274
353,poly-higg,100000.0,6.38,5.663979084856481,0.8048206787211624,0.7531216409832329,-0.0516990377379295
353,poly-higg,15000000.0,3.2,4.048146363560004,0.505149978319906,0.6072562063360242,0.10210622801611813
354,poly-higg,100.0,4.54,7.092757379334237,0.6570558528571039,0.8508151042700053,0.1937592514129014
354,poly-higg,1000.0,4.54,6.466238312436909,0.6570558528571039,0.8106517064414971,0.1535958535843932
354,poly-higg,10000.0,4.54,5.859496519950401,0.6570558528571039,0.7678603006595253,0.11080444780242138
354,poly-higg,100000.0,4.17,5.243200733103607,0.6201360549737575,0.7195964847612997,0.09946042978754221
354,poly-higg,15000000.0,3.3,3.8168130571718613,0.5185139398778874,0.5817008892582657,0.06318694938037828
355,poly-higg,100.0,3.99,3.96482077349258,0.6009728956867483,0.5982235601675097,-0.002749335519238616
355,poly-higg,1000.0,2.8,3.6417630688108082,0.4471580313422192,0.5613116874074937,0.1141536560652745
355,poly-higg,10000.0,2.3,3.29391729899026,0.36172783601759284,0.5177126910562442,0.15598485503865134
355,poly-higg,100000.0,2.12,2.9056527803351933,0.32633586092875144,0.46324371574522377,0.13690785481647233
355,poly-higg,15000000.0,1.84,2.20046972092692,0.2648178230095365,0.3425153969276713,0.07769757391813481
356,poly-higg,100.0,4.29,4.302660665432177,0.6324572921847242,0.6337370962704538,0.0012798040857295856
356,poly-higg,1000.0,3.99,3.923835182396178,0.6009728956867483,0.5937107568936507,-0.007262138793097561
356,poly-higg,10000.0,3.7,3.628758188246085,0.568201724066995,0.5597580288207371,-0.008443695246257876
356,poly-higg,100000.0,3.04,3.342135992162128,0.48287358360875376,0.5240241174436632,0.04115053383490941
356,poly-higg,15000000.0,2.64,2.5103344077779957,0.42160392686983106,0.39973157876348486,-0.021872348106346196
357,poly-higg,100.0,3.45,4.6693499086017205,0.5378190950732742,0.6692564200179532,0.13143732494467897
357,poly-higg,1000.0,3.45,4.24339966160619,0.5378190950732742,0.6277139374126487,0.0898948423393745
357,poly-higg,10000.0,3.45,3.874723225850285,0.5378190950732742,0.588240685996164,0.05042159092288978
357,poly-higg,100000.0,3.17,3.562411372061413,0.5010592622177514,0.551744068496296,0.05068480627854455
357,poly-higg,15000000.0,2.05,3.04312728836842,0.31175386105575426,0.4833201184705088,0.17156625741475456
358,poly-higg,100.0,3.0,3.703138768141691,0.47712125471966244,0.5685699867210614,0.09144873200139897
358,poly-higg,1000.0,2.0,3.341458973113963,0.3010299956639812,0.523936133165952,0.2229061375019708
358,poly-higg,10000.0,1.91,3.032156904578914,0.28103336724772754,0.4817516709143991,0.20071830366667154
358,poly-higg,100000.0,1.91,2.812905925283387,0.28103336724772754,0.449155207880274,0.16812184063254648
358,poly-higg,15000000.0,1.8,2.4322237028404037,0.25527250510330607,0.38600351650581066,0.1307310114025046
359,poly-higg,100.0,4.79,3.9411223891202254,0.6803355134145632,0.5956199218217652,-0.08471559159279807
359,poly-higg,1000.0,3.75,3.646240028259437,0.5740312677277188,0.561845254422467,-0.01218601330525182
359,poly-higg,10000.0,3.7,3.3549583403877064,0.568201724066995,0.5256871317622188,-0.042514592304776166
359,poly-higg,100000.0,3.13,3.095068958443877,0.49554433754644844,0.49067032958813317,-0.004874007958315274
359,poly-higg,15000000.0,2.17,2.619028672722637,0.3364597338485295,0.4181402530403748,0.08168051919184527
360,poly-higg,100.0,5.49,4.465200781805477,0.7395723444500919,0.6498409921091515,-0.08973135234094043
360,poly-higg,1000.0,3.6,4.080626224447525,0.5563025007672873,0.6107268162645376,0.05442431549725035
360,poly-higg,10000.0,3.1,3.751467980960975,0.4913616938342727,0.5742012440685222,0.08283955023424955
360,poly-higg,100000.0,2.76,3.4501289419443615,0.4409090820652177,0.5378353262989222,0.0969262442337045
360,poly-higg,15000000.0,2.35,2.772589256116039,0.37106786227173627,0.44288553599873504,0.07181767372699877
361,poly-higg,100.0,4.99,3.5603024382962403,0.69810054562339,0.5514868917100136,-0.14661365391337633
361,poly-higg,1000.0,3.5,3.2132376386746193,0.5440680443502757,0.506942845485739,-0.03712519886453669
361,poly-higg,10000.0,3.3,2.9037958236135237,0.5185139398778874,0.46296607628585335,-0.055547863592034064
361,poly-higg,100000.0,2.85,2.621148654610286,0.4548448600085102,0.41849165202108063,-0.03635320798742958
361,poly-higg,15000000.0,2.07,2.1810896161736415,0.3159703454569177,0.3386735101500557,0.02270316469313799
362,poly-higg,100.0,2.76,3.418983452879411,0.4409090820652177,0.5338969989128411,0.09298791684762348
362,poly-higg,1000.0,2.76,3.1228376474668984,0.4409090820652177,0.4945494063749149,0.05364032430969723
362,poly-higg,10000.0,2.76,2.8469538297893293,0.4409090820652177,0.45438042407343454,0.013471342008216869
362,poly-higg,100000.0,2.54,2.5942589072267097,0.40483371661993806,0.41401331653173107,0.009179599911793013
362,poly-higg,15000000.0,1.0,2.174481390829707,0.0,0.3373556953333607,0.3373556953333607
363,poly-higg,100.0,3.8,3.4125331398628327,0.5797835966168101,0.5330768775989003,-0.04670671901790979
363,poly-higg,1000.0,3.5,3.13389496265403,0.5440680443502757,0.49608443632395466,-0.04798360802632101
363,poly-higg,10000.0,3.1,2.8906917515649684,0.4913616938342727,0.4610017832196824,-0.030359910614590313
363,poly-higg,100000.0,2.76,2.6601245303921255,0.4409090820652177,0.42490196805820946,-0.016007114007008216
363,poly-higg,15000000.0,1.7,2.2169647872480547,0.2304489213782739,0.34575879513284125,0.11530987375456733
364,poly-higg,100.0,1.74,1.6917098722039492,0.24054924828259971,0.22832588370015922,-0.012223364582440499
364,poly-higg,1000.0,1.74,1.6595446895926318,0.24054924828259971,0.21998895194326865,-0.02056029633933107
364,poly-higg,10000.0,1.74,1.617540120046601,0.24054924828259971,0.20885506133379333,-0.03169418694880638
364,poly-higg,100000.0,1.74,1.5783109614551316,0.24054924828259971,0.19819257272599994,-0.04235667555659978
364,poly-higg,15000000.0,1.7,1.4743133298260749,0.2304489213782739,0.1685897921753158,-0.06185912920295811
365,poly-higg,100.0,2.4,2.1843976378098464,0.38021124171160603,0.3393316982211767,-0.040879543490429326
365,poly-higg,1000.0,2.4,2.1156764288420815,0.38021124171160603,0.3254492475248751,-0.054761994186730945
365,poly-higg,10000.0,2.4,2.046859414223303,0.38021124171160603,0.3110880147564152,-0.06912322695519085
365,poly-higg,100000.0,2.4,1.9816374092251199,0.38021124171160603,0.2970241922388068,-0.08318704947279926
365,poly-higg,15000000.0,2.4,1.8078756731644041,0.38021124171160603,0.257168560920762,-0.12304268079084402
366,poly-higg,100.0,1.5,1.6959998976193034,0.17609125905568124,0.22942582170408363,0.05333456264840239
366,poly-higg,1000.0,1.5,1.6608387487850973,0.17609125905568124,0.22032746874738382,0.04423620969170258
366,poly-higg,10000.0,1.5,1.6219954155818312,0.17609125905568124,0.2100496223841834,0.03395836332850216
366,poly-higg,100000.0,1.5,1.5827440141373772,0.17609125905568124,0.19941067971552903,0.023319420659847795
366,poly-higg,15000000.0,1.5,1.4827422885562296,0.17609125905568124,0.17106567403318498,-0.005025585022496254
367,poly-higg,100.0,1.56,1.871102817682506,0.1931245983544616,0.2720976527727409,0.07897305441827929
367,poly-higg,1000.0,1.56,1.8119089095565315,0.1931245983544616,0.25813636051996564,0.06501176216550403
367,poly-higg,10000.0,1.56,1.7702071172267753,0.1931245983544616,0.24802408252358457,0.054899484169122964
367,poly-higg,100000.0,1.56,1.7273271405071375,0.1931245983544616,0.23737459689710685,0.04424999854264525
367,poly-higg,15000000.0,1.56,1.626811960872251,0.1931245983544616,0.21133735682433835,0.018212758469876744
368,poly-higg,100.0,1.8,1.852386444776076,0.25527250510330607,0.26773159429308735,0.01245908918978128
368,poly-higg,1000.0,1.8,1.796527962330675,0.25527250510330607,0.2544339812352996,-0.0008385238680064799
368,poly-higg,10000.0,1.8,1.750404012308062,0.25527250510330607,0.24313830015222493,-0.01213420495108114
368,poly-higg,100000.0,1.8,1.703630091417315,0.25527250510330607,0.23137530246362503,-0.023897202639681037
368,poly-higg,15000000.0,1.8,1.5858987829688793,0.25527250510330607,0.20027546583099917,-0.0549970392723069
369,poly-higg,100.0,2.5,1.8917554882214884,0.3979400086720376,0.27686500258455016,-0.12107500608748745
369,poly-higg,1000.0,2.0,1.821679893792233,0.3010299956639812,0.26047206496777353,-0.04055793069620767
369,poly-higg,10000.0,1.6,1.764961019354795,0.2041199826559248,0.24673511807168352,0.04261513541575873
369,poly-higg,100000.0,1.47,1.7025847587635121,0.1673173347481761,0.231108741346655,0.0637914065984789
369,poly-higg,15000000.0,1.28,1.559653588384551,0.10720996964786837,0.19302814876516414,0.08581817911729576
370,poly-higg,100.0,8.8,10.34709757820853,0.9444826721501687,1.0148185447164817,0.07033587256631302
370,poly-higg,1000.0,8.8,9.469927990060912,0.9444826721501687,0.9763466766127675,0.03186400446259885
370,poly-higg,10000.0,8.8,8.45858756646966,0.9444826721501687,0.9272978496466027,-0.01718482250356601
370,poly-higg,100000.0,8.1,7.407195179506109,0.9084850188786497,0.8696537884568722,-0.038831230421777496
370,poly-higg,15000000.0,4.0,5.381203629408786,0.6020599913279624,0.7308794264370043,0.12881943510904192
371,poly-higg,100.0,7.54,9.377041549765796,0.877371345869774,0.9720658403755205,0.09469449450574641
371,poly-higg,1000.0,7.54,8.68070426870465,0.877371345869774,0.9385549610756398,0.06118361520586579
371,poly-higg,10000.0,7.54,7.826903742074096,0.877371345869774,0.893589992751387,0.016218646881612897
371,poly-higg,100000.0,6.93,6.9421660563473395,0.8407332346118067,0.8414949977670851,0.0007617631552784276
371,poly-higg,15000000.0,4.4,5.083525145693729,0.6434526764861874,0.7061649761391539,0.06271229965296643
372,poly-higg,100.0,7.26,8.015833144532046,0.8609366207000937,0.9039486684579007,0.04301204775780698
372,poly-higg,1000.0,7.26,7.299200594584285,0.8609366207000937,0.863275298973673,0.0023386782735793643
372,poly-higg,10000.0,7.26,6.58259364976967,0.8609366207000937,0.8183970464775183,-0.04253957422257537
372,poly-higg,100000.0,6.61,5.846847382057177,0.8202014594856403,0.7669217577682819,-0.05327970171735841
372,poly-higg,15000000.0,5.5,4.525183932150085,0.7403626894942439,0.6556362363797581,-0.08472645311448579
373,poly-higg,100.0,8.75,9.768290259987701,0.9420080530223133,0.9898185559775792,0.0478105029552659
373,poly-higg,1000.0,8.75,8.740049375495763,0.9420080530223133,0.9415138861177875,-0.0004941669045257502
373,poly-higg,10000.0,8.75,7.771365729801518,0.9420080530223133,0.8904973478608449,-0.051510705161468384
373,poly-higg,100000.0,7.9,6.914887290857829,0.8976270912904415,0.8397851057240822,-0.05784198556635933
373,poly-higg,15000000.0,5.11,5.313658773099489,0.7084209001347127,0.7253936619075074,0.01697276177279472
374,poly-higg,100.0,6.64,9.875442422010702,0.8221680793680175,0.9945565612234464,0.17238848185542888
374,poly-higg,1000.0,6.64,8.834428131600191,0.8221680793680175,0.946178442090818,0.12401036272280053
374,poly-higg,10000.0,6.29,7.880533054466497,0.798650645445269,0.8965555950001562,0.09790494955488727
374,poly-higg,100000.0,5.51,7.042007728168959,0.741151598851785,0.847696497345823,0.10654489849403792
374,poly-higg,15000000.0,2.67,5.311145046448347,0.42651126136457523,0.7251881620879316,0.29867690072335634
375,poly-higg,100.0,10.49,9.690352058430964,1.0207754881935578,0.9863395556117978,-0.03443593258176003
375,poly-higg,1000.0,10.49,8.746730987043893,1.0207754881935578,0.9418457696442721,-0.07892971854928565
375,poly-higg,10000.0,10.49,7.874787133734856,1.0207754881935578,0.8962388230465519,-0.1245366651470059
375,poly-higg,100000.0,9.19,6.984185366889468,0.9633155113861113,0.8441157574370451,-0.11919975394906612
375,poly-higg,15000000.0,6.6,5.050659811192607,0.8195439355418687,0.7033481174536773,-0.11619581808819135
376,poly-higg,100.0,1.78,1.68510502591832,0.250420002308894,0.22662697390488892,-0.023793028404005073
376,poly-higg,1000.0,1.78,1.6494690199625306,0.250420002308894,0.21734416311526933,-0.03307583919362467
376,poly-higg,10000.0,1.78,1.6180917588076675,0.250420002308894,0.20900314596222216,-0.04141685634667183
376,poly-higg,100000.0,1.78,1.58106582876517,0.250420002308894,0.19894995245864344,-0.051470049850250554
376,poly-higg,15000000.0,1.78,1.445282770536185,0.250420002308894,0.15995282541036565,-0.09046717689852835
377,poly-higg,100.0,1.68,1.677841709567167,0.22530928172586284,0.22475098634717522,-0.0005582953786876232
377,poly-higg,1000.0,1.68,1.6200773156044366,0.22530928172586284,0.20953574104827108,-0.015773540677591763
377,poly-higg,10000.0,1.68,1.5688482957846757,0.22530928172586284,0.1955809502861537,-0.029728331439709155
377,poly-higg,100000.0,1.68,1.5193280310226287,0.22530928172586284,0.18165155048079443,-0.043657731245068415
377,poly-higg,15000000.0,1.68,1.3980424252879888,0.22530928172586284,0.14552035080086317,-0.07978893092499967
378,poly-higg,100.0,1.56,1.587181811954952,0.1931245983544616,0.2006266781134935,0.007502079759031888
378,poly-higg,1000.0,1.56,1.5223211348259602,0.1931245983544616,0.1825062768573413,-0.010618321497120303
378,poly-higg,10000.0,1.56,1.4536277985692165,0.1931245983544616,0.16245321964517434,-0.030671378709287267
378,poly-higg,100000.0,1.56,1.4002296619751742,0.1931245983544616,0.14619927335570368,-0.04692532499875793
378,poly-higg,15000000.0,1.56,1.2929621759732732,0.1931245983544616,0.11158582031244282,-0.08153877804201878
379,poly-higg,100.0,4.19,6.368548802289725,0.6222140229662954,0.8040404811643448,0.18182645819804943
379,poly-higg,1000.0,4.19,5.828337222987615,0.6222140229662954,0.765544671760573,0.1433306487942776
379,poly-higg,10000.0,4.19,5.283029991312282,0.6222140229662954,0.7228830761468027,0.10066905318050734
379,poly-higg,100000.0,3.76,4.7581009055534595,0.5751878449276611,0.6774336479283136,0.10224580300065256
379,poly-higg,15000000.0,2.9,3.586958324594619,0.4623979978989561,0.5547263308148759,0.0923283329159198
380,poly-higg,100.0,6.01,5.558038464998728,0.7788744720027395,0.7449215480330927,-0.033952923969646776
380,poly-higg,1000.0,6.01,5.14594969095231,0.7788744720027395,0.7114655360428852,-0.06740893595985431
380,poly-higg,10000.0,6.01,4.788826372819928,0.7788744720027395,0.6802290912307112,-0.09864538077202833
380,poly-higg,100000.0,5.32,4.423757929912522,0.7259116322950482,0.6457913541511748,-0.08012027814387335
380,poly-higg,15000000.0,3.64,3.451364731751408,0.561101383649056,0.5379908568913138,-0.023110526757742278
381,poly-higg,100.0,5.24,6.543057300623941,0.7193312869837266,0.8157807236356424,0.09644943665191574
381,poly-higg,1000.0,5.24,6.045969997847463,0.7193312869837266,0.7814659877307131,0.06213470074698646
381,poly-higg,10000.0,4.74,5.543947463357488,0.6757783416740851,0.7438191060766852,0.0680407644026001
381,poly-higg,100000.0,4.31,5.089576247953443,0.6344772701607315,0.7066816250014948,0.07220435484076326
381,poly-higg,15000000.0,3.75,3.9830231408415897,0.5740312677277188,0.600212829610587,0.026181561882868132
382,poly-higg,100.0,5.29,3.6737326461876965,0.7234556720351858,0.5651075475848611,-0.15834812445032465
382,poly-higg,1000.0,4.89,3.4790635504170377,0.6893088591236202,0.5414623618730176,-0.14784649725060262
382,poly-higg,10000.0,4.44,3.262171295705584,0.6473829701146199,0.5135067619852204,-0.1338762081293995
382,poly-higg,100000.0,4.04,3.0318075416148527,0.6063813651106049,0.4817016289298237,-0.12467973618078121
382,poly-higg,15000000.0,3.04,2.2423922315213374,0.48287358360875376,0.35071158019761856,-0.1321620034111352
383,poly-higg,100.0,3.26,3.446190668266179,0.5132176000679389,0.5373393020978234,0.024121702029884506
383,poly-higg,1000.0,3.26,3.266958474452087,0.5132176000679389,0.5141436142945586,0.0009260142266196425
383,poly-higg,10000.0,3.26,3.0919510133359123,0.5132176000679389,0.4902326046491239,-0.022984995418815046
383,poly-higg,100000.0,2.76,2.8584778230057912,0.4409090820652177,0.4561348271664986,0.01522574510128094
383,poly-higg,15000000.0,2.25,2.1547833578708775,0.3521825181113625,0.3334036126819944,-0.018778905429368054
384,poly-higg,100.0,4.49,3.5443068639982007,0.6522463410033232,0.5495313158029805,-0.1027150252003427
384,poly-higg,1000.0,3.5,3.3650566307941334,0.5440680443502757,0.5269923773963837,-0.017075666953891955
384,poly-higg,10000.0,3.5,3.1822950386159086,0.5440680443502757,0.5027404417162374,-0.04132760263403823
384,poly-higg,100000.0,3.22,2.9759154750655332,0.5078558716958309,0.47362059178179267,-0.03423527991403824
384,poly-higg,15000000.0,2.8,2.4042634178692044,0.4471580313422192,0.3809820484637125,-0.06617598287850673
385,poly-higg,100.0,3.7,3.381445834467408,0.568201724066995,0.52910243509115,-0.039099288975845026
385,poly-higg,1000.0,3.05,3.2175232794541495,0.48429983934678583,0.5075216977992384,0.02322185845245256
385,poly-higg,10000.0,3.0,3.03647701165119,0.47712125471966244,0.4823699975445931,0.005248742824930652
385,poly-higg,100000.0,2.76,2.8533224170464795,0.4409090820652177,0.45535084842984624,0.014441766364628572
385,poly-higg,15000000.0,2.4,2.2852070473371935,0.38021124171160603,0.358925554708893,-0.02128568700271305
386,poly-higg,100.0,2.65,3.2892851018106977,0.42324587393680785,0.5171015179876671,0.09385564405085928
386,poly-higg,1000.0,2.65,3.1459787202238925,0.42324587393680785,0.4977557806774157,0.07450990674060787
386,poly-higg,10000.0,2.65,2.96045123044715,0.42324587393680785,0.471357911044722,0.048112037107914174
386,poly-higg,100000.0,2.44,2.784614404281362,0.3873898263387294,0.4447650653313425,0.0573752389926131
386,poly-higg,15000000.0,1.8,2.203497193666893,0.25527250510330607,0.3431125017369026,0.08783999663359654
387,belatacept,100.0,3.94,3.3065875134264595,0.5954962218255742,0.5193800213981589,-0.07611620042741529
387,belatacept,1000.0,3.94,3.2661406214858704,0.5954962218255742,0.5140348790597563,-0.08146134276581785
387,belatacept,10000.0,3.94,3.176545129611423,0.5954962218255742,0.501955029796256,-0.09354119202931821
387,belatacept,100000.0,3.31,3.0262444797406207,0.5198279937757188,0.4809040102414873,-0.03892398353423143
387,belatacept,15000000.0,1.8,2.231223469539013,0.25527250510330607,0.3485430694892946,0.09327056438598852
388,belatacept,100.0,2.3,2.4126979654660334,0.36172783601759284,0.3825029579877299,0.020775121970137034
388,belatacept,1000.0,2.3,2.3379381877986907,0.36172783601759284,0.3688330247673054,0.007105188749712554
388,belatacept,10000.0,2.3,2.257554821258522,0.36172783601759284,0.3536383052894138,-0.008089530728179029
388,belatacept,100000.0,2.12,2.12788207004582,0.32633586092875144,0.3279475551326146,0.0016116942038631454
388,belatacept,15000000.0,1.84,1.7460759804724197,0.2648178230095365,0.2420631380991857,-0.022754684910350792
389,belatacept,100.0,2.05,2.235222530526868,0.31175386105575426,0.34932076638024373,0.037566905324489475
389,belatacept,1000.0,2.05,2.1835039027451395,0.31175386105575426,0.3391539725061172,0.02740011145036292
389,belatacept,10000.0,2.05,2.1279405073628697,0.31175386105575426,0.32795948185365237,0.016205620797898113
389,belatacept,100000.0,1.89,2.0122074711216635,0.2764618041732441,0.30367275715825054,0.02721095298500642
389,belatacept,15000000.0,1.64,1.6809435525451253,0.21484384804769785,0.22555312972157762,0.010709281673879772
390,belatacept,100.0,3.0,2.494128072478211,0.47712125471966244,0.3969187505629263,-0.08020250415673613
390,belatacept,1000.0,2.35,2.3651117156777937,0.37106786227173627,0.37385165938948856,0.0027837971177522847
390,belatacept,10000.0,2.35,2.2496231581146033,0.37106786227173627,0.3521097740854699,-0.018958088186266375
390,belatacept,100000.0,1.66,2.117055045399221,0.22010808804005508,0.32573215022647156,0.10562406218641648
390,belatacept,15000000.0,1.1,1.8245252973055521,0.04139268515822508,0.2611498892978408,0.2197572041396157
391,belatacept,100.0,2.19,2.5215572057161344,0.34044411484011833,0.40166882529905196,0.06122471045893363
391,belatacept,1000.0,2.19,2.459813502093447,0.34044411484011833,0.39090218105376084,0.050458066213642516
391,belatacept,10000.0,2.19,2.403290239616646,0.34044411484011833,0.38080622267751074,0.040362107837392414
391,belatacept,100000.0,2.19,2.315085391728106,0.34044411484011833,0.3645670145644975,0.0241228997243792
391,belatacept,15000000.0,2.19,1.9163823341164645,0.34044411484011833,0.2824821587259221,-0.057961956114196245
392,belatacept,100.0,1.66,1.3986158284168402,0.22010808804005508,0.14569843893009798,-0.0744096491099571
392,belatacept,1000.0,1.66,1.3550935167464144,0.22010808804005508,0.1319692674654028,-0.08813882057465228
392,belatacept,10000.0,1.19,1.3147027107565314,0.07554696139253074,0.11882755839642958,0.043280597003898844
392,belatacept,100000.0,1.09,1.2769196702976446,0.037426497940623665,0.10616357710383227,0.0687370791632086
392,belatacept,15000000.0,0.95,1.1907379634714121,-0.022276394711152253,0.07581620015686566,0.09809259486801791
393,belatacept,100.0,2.9,2.602883602849114,0.4623979978989561,0.41545474752890627,-0.046943250370049816
393,belatacept,1000.0,2.55,2.4867241475243347,0.4065401804339551,0.39562761162597415,-0.010912568807980971
393,belatacept,10000.0,2.55,2.361024868544205,0.4065401804339551,0.3731005615025481,-0.03343961893140701
393,belatacept,100000.0,2.55,2.261978735950105,0.4065401804339551,0.3544885179621425,-0.05205166247181264
393,belatacept,15000000.0,2.5,1.9799012305583494,0.3979400086720376,0.2966435255678931,-0.10129648310414452
394,belatacept,100.0,3.39,3.5657947570234443,0.5301996982030822,0.5521563420761846,0.021956643873102366
394,belatacept,1000.0,3.39,3.378019706026406,0.5301996982030822,0.5286621787440383,-0.0015375194590439012
394,belatacept,10000.0,3.39,3.1919403913206947,0.5301996982030822,0.5040547724148392,-0.026144925788243012
394,belatacept,100000.0,2.76,3.0002834357491204,0.4409090820652177,0.4771622843087566,0.03625320224353895
394,belatacept,15000000.0,2.1,2.502165823305307,0.3222192947339193,0.3983160878354544,0.07609679310153511
395,belatacept,100.0,2.25,2.591355294847761,0.3521825181113625,0.41352696219976093,0.06134444408839845
395,belatacept,1000.0,2.25,2.444137768663914,0.3521825181113625,0.38812568212870235,0.03594316401733988
395,belatacept,10000.0,2.25,2.3228716600624963,0.3521825181113625,0.3660252154539607,0.013842697342598242
395,belatacept,100000.0,2.25,2.219926256928029,0.3521825181113625,0.3463385479906547,-0.005843970120707753
395,belatacept,15000000.0,2.25,2.001870504787275,0.3521825181113625,0.30143598079801953,-0.05074653731334294
396,belatacept,100.0,2.89,2.948213782922656,0.4608978427565479,0.4695589721915397,0.00866112943499181
396,belatacept,1000.0,2.89,2.846995927724047,0.4608978427565479,0.4543868459427963,-0.006510996813751557
396,belatacept,10000.0,2.89,2.749067459151714,0.4608978427565479,0.43918539709260646,-0.021712445663941426
396,belatacept,100000.0,2.66,2.661142490840275,0.424881636631067,0.42506812946640643,0.00018649283533944683
396,belatacept,15000000.0,2.31,2.4343340549238177,0.36361197989214433,0.38638017465630187,0.022768194764157534
397,belatacept,100.0,1.3,1.534304830106164,0.11394335230683679,0.18591165223432204,0.07196829992748525
397,belatacept,1000.0,1.3,1.5067460453465107,0.11394335230683679,0.17804006027836491,0.06409670797152812
397,belatacept,10000.0,1.3,1.4844746658829395,0.11394335230683679,0.17157279030449385,0.05762943799765706
397,belatacept,100000.0,1.3,1.4513995783206932,0.11394335230683679,0.16178699256871287,0.04784364026187608
397,belatacept,15000000.0,1.3,1.3621469642867217,0.11394335230683679,0.13422396685393365,0.020280614547096856
398,etanercept,100.0,4.59,4.008391187146318,0.6618126855372612,0.6029700986198654,-0.058842586917395856
398,etanercept,1000.0,4.59,3.848182171625627,0.6618126855372612,0.5852556232044122,-0.07655706233284909
398,etanercept,10000.0,3.3,3.576054768449266,0.5185139398778874,0.5534041615369548,0.03489022165906741
398,etanercept,100000.0,3.04,3.075195319156383,0.48287358360875376,0.4878727049367797,0.004999121328025935
398,etanercept,15000000.0,1.75,2.0316280960941198,0.24303804868629444,0.3078442102080791,0.06480616152178467
399,etanercept,100.0,5.34,4.750420779636234,0.7275412570285564,0.6767320799786481,-0.05080917704990828
399,etanercept,1000.0,5.34,4.5044971760117285,0.7275412570285564,0.6536463189840646,-0.07389493804449188
399,etanercept,10000.0,5.34,4.2611734764556495,0.7275412570285564,0.6295292151048956,-0.09801204192366086
399,etanercept,100000.0,4.59,3.9722884925970803,0.6618126855372612,0.5990407821680491,-0.06277190336921212
399,etanercept,15000000.0,2.8,2.7416541125511467,0.4471580313422192,0.4380126632595853,-0.009145368082633887
400,etanercept,100.0,4.28,4.22388731854806,0.631443769013172,0.6257123239231198,-0.00573144509005219
400,etanercept,1000.0,4.28,4.072580465461555,0.631443769013172,0.6098696737934896,-0.021574095219682454
400,etanercept,10000.0,4.04,3.8422789449830907,0.6063813651106049,0.5845888909445551,-0.02179247416604979
400,etanercept,100000.0,3.71,3.2874686218712528,0.5693739096150459,0.5168616162770684,-0.05251229333797747
400,etanercept,15000000.0,2.42,2.0791013951590913,0.38381536598043126,0.31787566984339466,-0.0659396961370366
401,etanercept,100.0,1.55,1.5514611252338826,0.1903316981702915,0.19074089799435331,0.00040919982406181776
401,etanercept,1000.0,1.55,1.4937648734967996,0.1903316981702915,0.17428224260714373,-0.01604945556314777
401,etanercept,10000.0,1.55,1.4480027194386702,0.1903316981702915,0.16076937749379336,-0.02956232067649814
401,etanercept,100000.0,1.55,1.4023984750698897,0.1903316981702915,0.14687143084594084,-0.043460267324350654
401,etanercept,15000000.0,1.55,1.2951584544466277,0.1903316981702915,0.11232290485127616,-0.07800879331901533
402,etanercept,100.0,1.98,2.0550944010646788,0.2966651902615311,0.3128317760514262,0.016166585789895105
402,etanercept,1000.0,1.98,1.9657052391854068,0.2966651902615311,0.2935183951885575,-0.003146795072973607
402,etanercept,10000.0,1.98,1.8991430322319944,0.2966651902615311,0.27855767446310825,-0.018107515798422846
402,etanercept,100000.0,1.98,1.8287741756742268,0.2966651902615311,0.26216008037329286,-0.03450510988823824
402,etanercept,15000000.0,1.98,1.647846757989659,0.2966651902615311,0.21691682189149133,-0.07974836837003976
403,etanercept,100.0,1.65,1.6619194711917318,0.21748394421390627,0.2206099760880619,0.003126031874155638
403,etanercept,1000.0,1.65,1.5728872112427785,0.21748394421390627,0.19669758130663192,-0.02078636290727434
403,etanercept,10000.0,1.65,1.510079225831459,0.21748394421390627,0.17899973301424618,-0.038484211199660084
403,etanercept,100000.0,1.65,1.4504886182788264,0.21748394421390627,0.16151432532200335,-0.05596961889190291
403,etanercept,15000000.0,1.6,1.3210722604281342,0.2041199826559248,0.12092657344110054,-0.08319340921482425
404,etanercept,100.0,2.11,2.1653541727446215,0.3242824552976926,0.3355289411922331,0.01124648589454047
404,etanercept,1000.0,2.11,2.103180445314733,0.3242824552976926,0.3228765351887462,-0.0014059201089464124
404,etanercept,10000.0,2.11,2.0290540979538494,0.3242824552976926,0.30729362620024386,-0.016988829097448754
404,etanercept,100000.0,2.11,1.9516292939177617,0.3242824552976926,0.29039732824088293,-0.03388512705680968
404,etanercept,15000000.0,2.1,1.7876893281218644,0.3222192947339193,0.2522920475664889,-0.06992724716743043
405,etanercept,100.0,5.69,5.721207502277344,0.7551122663950712,0.7574876994628864,0.0023754330678151803
405,etanercept,1000.0,5.69,5.390476310541601,0.7551122663950712,0.7316271417916429,-0.02348512460342833
405,etanercept,10000.0,5.69,5.028250565913341,0.7551122663950712,0.7014169111543633,-0.0536953552407079
405,etanercept,100000.0,5.23,4.606178526726132,0.7185016888672743,0.6633407663832043,-0.05516092248407001
405,etanercept,15000000.0,2.4,3.2474958947457426,0.38021124171160603,0.5115486107410939,0.1313373690294879
406,etanercept,100.0,6.79,5.036378592724455,0.8318697742805017,0.7021183692815515,-0.12975140499895021
406,etanercept,1000.0,6.79,4.604178783285951,0.8318697742805017,0.6631521792251369,-0.16871759505536477
406,etanercept,10000.0,5.99,4.107620225473641,0.7774268223893114,0.613590283609392,-0.16383653877991933
406,etanercept,100000.0,5.51,3.6580409303093044,0.741151598851785,0.5632485605466379,-0.1779030383051472
406,etanercept,15000000.0,3.0,2.4991778014674058,0.47712125471966244,0.397797154665585,-0.07932410005407742
407,etanercept,100.0,7.66,6.953451878121064,0.884228769632604,0.8422004534324481,-0.0420283162001559
407,etanercept,1000.0,7.66,6.510053200541974,0.884228769632604,0.8135845376630317,-0.07064423196957226
407,etanercept,10000.0,7.66,6.022369935620236,0.884228769632604,0.7797674293673702,-0.10446134026523379
407,etanercept,100000.0,6.43,5.493897652267591,0.8082109729242221,0.7398805645367734,-0.06833040838744864
407,etanercept,15000000.0,2.2,4.023602141912304,0.3424226808222063,0.6046150306675291,0.2621923498453228
408,etanercept,100.0,1.51,1.7029829706964972,0.17897694729316943,0.23121030517368774,0.052233357880518305
408,etanercept,1000.0,1.51,1.6320850138975846,0.17897694729316943,0.21274277703119784,0.03376582973802841
408,etanercept,10000.0,1.51,1.5641565327694746,0.17897694729316943,0.19428021286468306,0.015303265571513625
408,etanercept,100000.0,1.51,1.498325664311599,0.17897694729316943,0.17560621846481683,-0.0033707288283525982
408,etanercept,15000000.0,1.5,1.3761296279719608,0.17609125905568124,0.13865934528127652,-0.03743191377440472
409,etanercept,100.0,1.66,1.8274091560170258,0.22010808804005508,0.2618357965622393,0.04172770852218424
409,etanercept,1000.0,1.66,1.7509325976521521,0.22010808804005508,0.24326942819015437,0.023161340150099297
409,etanercept,10000.0,1.66,1.6937638359307958,0.22010808804005508,0.22885285587536897,0.008744767835313888
409,etanercept,100000.0,1.66,1.635528699567652,0.22010808804005508,0.21365816934422058,-0.0064499186958345
409,etanercept,15000000.0,1.0,1.506355322612192,0.0,0.1779274263456175,0.1779274263456175
410,etanercept,100.0,68.89,79.9205578759083,1.8381561847521477,1.902658506769264,0.06450232201711636
410,etanercept,1000.0,66.89,72.46183461173362,1.8253611959526332,1.8601093254432866,0.03474812949065331
410,etanercept,10000.0,56.91,62.49569259070509,1.755188585608325,1.79585008536722,0.04066149975889499
410,etanercept,100000.0,34.9,48.922053195878675,1.54282542695918,1.68950467552959,0.14667924857041004
410,etanercept,15000000.0,8.1,18.658879194490577,0.9084850188786497,1.2708855529009888,0.36240053402233907
411,etanercept,100.0,4.09,5.019912742677055,0.6117233080073418,0.7006961682001563,0.08897286019281458
411,etanercept,1000.0,4.09,4.779830248030381,0.6117233080073418,0.6794124732537971,0.0676891652464553
411,etanercept,10000.0,4.09,4.493539955856931,0.6117233080073418,0.6525886077226727,0.04086529971533093
411,etanercept,100000.0,3.76,4.057260376033086,0.5751878449276611,0.6082328795913959,0.033045034663734874
411,etanercept,15000000.0,2.15,2.5363387801834505,0.33243845991560533,0.40420726204000695,0.07176880212440162
412,etanercept,100.0,6.99,4.8209995571585695,0.8444771757456814,0.683137091590122,-0.16134008415555934
412,etanercept,1000.0,4.99,4.595499084269867,0.69810054562339,0.6623326838993169,-0.03576786172407309
412,etanercept,10000.0,4.39,4.280843233203435,0.6424645202421213,0.6315293240264851,-0.010935196215636211
412,etanercept,100000.0,3.5,3.7500946752268116,0.5440680443502757,0.5740422321035994,0.029974187753323722
412,etanercept,15000000.0,2.1,2.2651395792820144,0.3222192947339193,0.35509496866419443,0.03287567393027513
413,etanercept,100.0,5.83,5.063049919917198,0.7656685547590141,0.704412209401002,-0.061256345358012054
413,etanercept,1000.0,5.83,4.8320388115220085,0.7656685547590141,0.6841304139330566,-0.08153814082595745
413,etanercept,10000.0,5.19,4.520616556726337,0.7151673578484579,0.6551976712987972,-0.05996968654966062
413,etanercept,100000.0,4.5,4.044839598870046,0.6532125137753437,0.6069013040182917,-0.04631120975705205
413,etanercept,15000000.0,1.35,2.310883256744321,0.13033376849500614,0.3637780059583836,0.23344423746337747
414,etanercept,100.0,6.56,5.141869438298176,0.8169038393756602,0.7111210448960033,-0.105782794479657
414,etanercept,1000.0,6.56,4.857918897400602,0.8169038393756602,0.6864502600151383,-0.13045357936052193
414,etanercept,10000.0,4.99,4.458681372982046,0.69810054562339,0.6492064378351513,-0.04889410778823866
414,etanercept,100000.0,4.59,3.9124805476490976,0.6618126855372612,0.592452191303474,-0.0693604942337872
414,etanercept,15000000.0,1.0,2.0762164307532207,0.0,0.31727262363813996,0.31727262363813996
415,etanercept,100.0,1.1,1.7038692919661556,0.04139268515822508,0.23143627590303747,0.1900435907448124
415,etanercept,1000.0,1.1,1.620189899036529,0.04139268515822508,0.20956592026504078,0.1681732351068157
415,etanercept,10000.0,1.1,1.5454832556937843,0.04139268515822508,0.18906430412647604,0.14767161896825096
415,etanercept,100000.0,0.9,1.47238012105881,-0.045757490560675115,0.16801994530495726,0.21377743586563236
415,etanercept,15000000.0,0.9,1.3031824090569941,-0.045757490560675115,0.11500520903753061,0.16076269959820572
416,etanercept,100.0,1.21,1.549315641652312,0.08278537031645007,0.1901399054694246,0.10735453515297454
416,etanercept,1000.0,1.21,1.5013767092437356,0.08278537031645007,0.1764896744014327,0.09370430408498263
416,etanercept,10000.0,1.21,1.450658233360861,0.08278537031645007,0.16156510723551976,0.07877973691906968
416,etanercept,100000.0,1.1,1.4034724291400826,0.04139268515822508,0.1472038854493076,0.10581120029108251
416,etanercept,15000000.0,1.0,1.2893483273823194,0.0,0.11037026120438768,0.11037026120438768
417,etanercept,100.0,1.84,1.8285290923444526,0.2648178230095365,0.26210187446030914,-0.002715948549227354
417,etanercept,1000.0,1.84,1.7550995686184678,0.2648178230095365,0.24430175947703575,-0.02051606353250074
417,etanercept,10000.0,1.84,1.684227784032248,0.2648178230095365,0.2264008274595755,-0.038416995549961
417,etanercept,100000.0,1.38,1.6173398682085574,0.13987908640123647,0.2088012922488936,0.06892220584765713
417,etanercept,15000000.0,1.12,1.4714259277425399,0.04921802267018165,0.16773840440207968,0.11852038173189802
418,etanercept,100.0,24.96,37.203756093028304,1.3972445810103864,1.570586788487472,0.17334220747708562
418,etanercept,1000.0,19.96,32.04720224492377,1.3001605369513523,1.5057901211363542,0.205629584185002
418,etanercept,10000.0,18.98,26.342338793084483,1.2782962080912739,1.4206543309841257,0.14235812289285188
418,etanercept,100000.0,11.94,19.118186651653364,1.0770043267933502,1.2814466973267042,0.204442370533354
418,etanercept,15000000.0,4.3,6.686223854925813,0.6334684555795865,0.8251809126890299,0.1917124571094434
419,etanercept,100.0,47.93,62.90621009806422,1.6806074289917878,1.7986935210922097,0.11808609210042187
419,etanercept,1000.0,39.94,55.65463151948588,1.6014080605346837,1.7455013117014213,0.14409325116673766
419,etanercept,10000.0,32.95,47.735766463419644,1.5178554189300286,1.678843900152443,0.16098848122241427
419,etanercept,100000.0,22.97,35.81496803212245,1.361160995195026,1.554064567850385,0.19290357265535896
419,etanercept,15000000.0,6.0,12.472465632766545,0.7781512503836436,1.095952315936903,0.31780106555325927
420,etanercept,100.0,99.84,95.1541358688703,1.9993045723383487,1.9784276696171763,-0.020876902721172375
420,etanercept,1000.0,99.84,83.98678334485899,1.9993045723383487,1.9242109482998921,-0.07509362403845654
420,etanercept,10000.0,89.85,73.1138983237296,1.9535180814449926,1.8639999404540923,-0.08951814099090027
420,etanercept,100000.0,55.11,59.94489718964702,1.7412304110254708,1.7777522196834155,0.03652180865794463
420,etanercept,15000000.0,10.5,26.33962110872306,1.021189299069938,1.420609523413376,0.39942022434343794
421,belatacept,100.0,7.29,7.124747950418494,0.8627275283179746,0.8527695050765309,-0.009958023241443681
421,belatacept,1000.0,7.29,6.367110510257497,0.8627275283179746,0.8039423877275955,-0.05878514059037909
421,belatacept,10000.0,7.29,5.494212192601745,0.8627275283179746,0.7399054283456405,-0.12282209997233406
421,belatacept,100000.0,6.43,4.626323232941467,0.8082109729242221,0.6652359728744502,-0.14297500004977182
421,belatacept,15000000.0,3.2,3.2469567929805994,0.505149978319906,0.5114765095391662,0.00632653121926019
422,pembrolizumab,100.0,5.63,3.816391297301536,0.7505083948513462,0.5816528968356733,-0.1688554980156729
422,pembrolizumab,1000.0,5.0,3.6876502398337383,0.6989700043360189,0.5667497230883439,-0.13222028124767493
422,pembrolizumab,10000.0,4.75,3.370972203224949,0.6766936096248666,0.5277551713771595,-0.14893843824770703
422,pembrolizumab,100000.0,4.14,2.9060492334554553,0.617000341120899,0.4633029677173041,-0.15369737340359485
422,pembrolizumab,15000000.0,2.0,1.8032034330762028,0.3010299956639812,0.25604472554577107,-0.04498527011821013
423,pembrolizumab,100.0,25.63,26.598745057176043,1.408748606184244,1.4248611468716539,0.01611254068740986
423,pembrolizumab,1000.0,21.0,23.920271531927945,1.3222192947339193,1.378766105255698,0.05654681052177879
423,pembrolizumab,10000.0,18.38,20.442996677613785,1.2643455070500924,1.3105445580556259,0.046199051005533454
423,pembrolizumab,100000.0,14.61,15.971997219266294,1.1646502159342969,1.2033592259113928,0.03870900997709592
423,pembrolizumab,15000000.0,8.3,6.5458945267460455,0.919078092376074,0.8159690032907732,-0.10310908908530081
424,pembrolizumab,100.0,27.0,17.979462491996912,1.4313637641589874,1.2547767040685638,-0.17658706009042358
424,pembrolizumab,1000.0,20.13,16.478032127387255,1.3038437748886544,1.2169053452708778,-0.08693842961777665
424,pembrolizumab,10000.0,15.88,14.238502852348335,1.2008504980910775,1.1534643265798945,-0.04738617151118296
424,pembrolizumab,100000.0,10.81,10.464946447533277,1.0338256939533104,1.0197370102570944,-0.014088683696215965
424,pembrolizumab,15000000.0,2.2,4.431973944756269,0.3424226808222063,0.6465971985430631,0.3041745177208568
425,pembrolizumab,100.0,43.75,60.869536375870815,1.6409780573583321,1.7843999938810224,0.1434219365226903
425,pembrolizumab,1000.0,43.75,54.39760427856618,1.6409780573583321,1.735579773383663,0.09460171602533096
425,pembrolizumab,10000.0,43.75,48.05700969114998,1.6409780573583321,1.6817567436831038,0.04077868632477166
425,pembrolizumab,100000.0,40.25,39.3379313773773,1.6047658847038873,1.5948115183944225,-0.00995436630946478
425,pembrolizumab,15000000.0,14.0,19.94476260531675,1.146128035678238,1.2998288714398147,0.15370083576157678
426,pembrolizumab,100.0,1.63,1.987620228215176,0.21218760440395779,0.2983334079555271,0.08614580355156931
426,pembrolizumab,1000.0,1.63,1.8743548991353496,0.21218760440395779,0.2728518256890464,0.06066422128508864
426,pembrolizumab,10000.0,1.5,1.7549406875861873,0.17609125905568124,0.24426244303015246,0.06817118397447122
426,pembrolizumab,100000.0,1.5,1.6194768389342713,0.17609125905568124,0.20937474129650854,0.033283482240827306
426,pembrolizumab,15000000.0,1.5,1.3498311650857282,0.17609125905568124,0.13027945097125526,-0.045811808084425976
427,pembrolizumab,100.0,5.75,4.144422881903232,0.7596678446896304,0.6174640628344237,-0.14220378185520677
427,pembrolizumab,1000.0,5.63,4.00956209422543,0.7505083948513462,0.6030969435811789,-0.1474114512701673
427,pembrolizumab,10000.0,5.13,3.721838642096634,0.7101173651118162,0.5707575406469542,-0.13935982446486206
427,pembrolizumab,100000.0,4.14,3.2944792558751064,0.617000341120899,0.5177867772994494,-0.09921356382144952
427,pembrolizumab,15000000.0,2.5,1.958950236864048,0.3979400086720376,0.29202340376918945,-0.10591660490284815
428,pembrolizumab,100.0,4.25,3.4863606168803143,0.6283889300503115,0.5423723069911648,-0.0860166230591467
428,pembrolizumab,1000.0,3.38,3.1188595957908136,0.5289167002776547,0.4939958242134486,-0.034920876064206074
428,pembrolizumab,10000.0,2.88,2.601686437432716,0.45939248775923086,0.41525495298702764,-0.044137534772203224
428,pembrolizumab,100000.0,2.19,2.2069589625169392,0.34044411484011833,0.34379425771165817,0.0033501428715398407
428,pembrolizumab,15000000.0,1.1,1.7499853301863142,0.04139268515822508,0.24303440808867285,0.20164172293044777
429,pembrolizumab,100.0,6.75,4.185316493397645,0.829303772831025,0.6217283048953466,-0.20757546793567838
429,pembrolizumab,1000.0,5.0,3.9476235736737966,0.6989700043360189,0.5963357337467401,-0.10263427058927876
429,pembrolizumab,10000.0,4.38,3.658782231383111,0.6414741105040995,0.5633365612977207,-0.07813754920637883
429,pembrolizumab,100000.0,3.45,3.1695022196857656,0.5378190950732742,0.5009910602559492,-0.036828034817324995
429,pembrolizumab,15000000.0,1.9,2.0156581103164157,0.2787536009528289,0.30441687033563286,0.025663269382803944
430,pembrolizumab,100.0,5.0,3.3727532858092006,0.6989700043360189,0.5279845740589257,-0.17098543027709312
430,pembrolizumab,1000.0,4.0,3.237205625965021,0.6020599913279624,0.5101702864849532,-0.09188970484300918
430,pembrolizumab,10000.0,3.5,3.0193147490163095,0.5440680443502757,0.47990838849043366,-0.06415965585984201
430,pembrolizumab,100000.0,2.76,2.663761204481337,0.4409090820652177,0.4254952894830968,-0.015413792582120889
430,pembrolizumab,15000000.0,1.6,2.0425676262762296,0.2041199826559248,0.3101764442656035,0.10605646160967869
431,pembrolizumab,100.0,3.75,4.335534794420519,0.5740312677277188,0.6370426759622868,0.06301140823456797
431,pembrolizumab,1000.0,3.25,4.016770442738381,0.5118833609788743,0.6038770126376384,0.09199365165876405
431,pembrolizumab,10000.0,3.0,3.7004631275403934,0.47712125471966244,0.5682560811341154,0.09113482641445297
431,pembrolizumab,100000.0,2.65,3.3909217584983815,0.42324587393680785,0.5303177690631267,0.10707189512631882
431,pembrolizumab,15000000.0,2.3,2.3179031923989344,0.36172783601759284,0.36509529362718746,0.003367457609594615
432,pembrolizumab,100.0,6.63,5.684967580530919,0.8215135284047731,0.7547279923946113,-0.0667855360101618
432,pembrolizumab,1000.0,6.25,5.484498103579777,0.7958800173440752,0.7391368906493005,-0.05674312669477466
432,pembrolizumab,10000.0,6.25,5.278790321331834,0.7958800173440752,0.7225344117457824,-0.07334560559829284
432,pembrolizumab,100000.0,5.75,5.094187446142774,0.7596678446896304,0.7070749212573011,-0.05259292343232935
432,pembrolizumab,15000000.0,5.2,4.733935892280461,0.7160033436347992,0.6752223723473182,-0.04078097128748104
433,pembrolizumab,100.0,7.25,5.7267651557128865,0.8603380065709937,0.7579093738468343,-0.10242863272415936
433,pembrolizumab,1000.0,6.25,5.413757275456272,0.7958800173440752,0.7334987803792544,-0.062381236964820785
433,pembrolizumab,10000.0,5.63,5.131475850160381,0.7505083948513462,0.7102422893614171,-0.04026610548992915
433,pembrolizumab,100000.0,4.72,4.87432372685564,0.6739419986340878,0.6879143693538818,0.01397237071979407
433,pembrolizumab,15000000.0,3.2,4.460384887325186,0.505149978319906,0.6493723356694028,0.14422235734949673
434,pembrolizumab,100.0,6.38,4.123188234742852,0.8048206787211624,0.6152331619767297,-0.18958751674443264
434,pembrolizumab,1000.0,5.13,3.917316907864524,0.7101173651118162,0.5929887070519636,-0.11712865805985262
434,pembrolizumab,10000.0,4.5,3.6809675460437736,0.6532125137753437,0.565961988422967,-0.08725052535237676
434,pembrolizumab,100000.0,3.68,3.4371579739425253,0.5658478186735176,0.5361994930435051,-0.029648325630012518
434,pembrolizumab,15000000.0,2.2,2.5955141862191407,0.3424226808222063,0.41422340693085913,0.07180072610865285
435,pembrolizumab,100.0,4.63,3.4989178102915184,0.6655809910179531,0.5439337410093161,-0.12164725000863696
435,pembrolizumab,1000.0,3.5,3.1975519185477097,0.5440680443502757,0.504817604833482,-0.039250439516793634
435,pembrolizumab,10000.0,3.0,2.8832245650582973,0.47712125471966244,0.45987846950145866,-0.01724278521820377
435,pembrolizumab,100000.0,2.3,2.5248030329055755,0.36172783601759284,0.4022275032234662,0.040499667205873335
435,pembrolizumab,15000000.0,1.9,2.0444022864156848,0.2787536009528289,0.31056635798910814,0.03181275703627923
436,pembrolizumab,100.0,7.0,4.358002773581205,0.8450980400142568,0.6392875023101059,-0.20581053770415092
436,pembrolizumab,1000.0,5.5,3.9265438465409743,0.7403626894942439,0.5940104514520306,-0.1463522380422133
436,pembrolizumab,10000.0,4.63,3.5639709442153977,0.6655809910179531,0.5519341547311789,-0.11364683628677419
436,pembrolizumab,100000.0,3.57,3.2182489186086727,0.5526682161121932,0.5076196319933954,-0.04504858411879775
436,pembrolizumab,15000000.0,2.0,2.464607649957401,0.3010299956639812,0.3917477921646896,0.09071779650070838
437,pembrolizumab,100.0,5.13,4.76999091471194,0.7101173651118162,0.6785175518505482,-0.03159981326126804
437,pembrolizumab,1000.0,4.0,4.354101892563891,0.6020599913279624,0.638898587971145,0.036838596643182564
437,pembrolizumab,10000.0,3.5,3.936079762779429,0.5440680443502757,0.5950638906190544,0.05099584626877873
437,pembrolizumab,100000.0,2.88,3.583446388966482,0.45939248775923086,0.5543009114844512,0.09490842372522029
437,pembrolizumab,15000000.0,2.0,2.801279422181113,0.3010299956639812,0.4473564310152457,0.1463264353512645
438,pembrolizumab,100.0,7.25,6.828280194180782,0.8603380065709937,0.8343113338091094,-0.026026672761884306
438,pembrolizumab,1000.0,6.5,6.265300528082785,0.8129133566428556,0.7969419076618025,-0.01597144898105307
438,pembrolizumab,10000.0,6.13,5.6330361028389095,0.787460474518415,0.750742534692385,-0.03671793982603
438,pembrolizumab,100000.0,5.18,5.056852349587691,0.714329759745233,0.7038802732498171,-0.010449486495415994
438,pembrolizumab,15000000.0,3.8,4.0529773161001525,0.5797835966168101,0.6077741730680931,0.027990576451283
439,pembrolizumab,100.0,7.75,6.389881695210255,0.8893017025063102,0.8054928175335186,-0.0838088849727916
439,pembrolizumab,1000.0,6.88,5.7358082220618805,0.8375884382355113,0.7585946221763689,-0.07899381605914246
439,pembrolizumab,10000.0,6.0,5.043175417128362,0.7781512503836436,0.7027040745176362,-0.07544717586600747
439,pembrolizumab,100000.0,4.83,4.350215723886763,0.6839471307515121,0.6385107938214527,-0.04543633693005944
439,pembrolizumab,15000000.0,2.8,3.0308993652052933,0.4471580313422192,0.4815715167498096,0.03441348540759037
440,pembrolizumab,100.0,9.5,7.632452425031978,0.9777236052888477,0.8826641059139706,-0.09505949937487712
440,pembrolizumab,1000.0,7.5,6.916630521280324,0.8750612633917001,0.8398945767694825,-0.03516668662221756
440,pembrolizumab,10000.0,6.25,6.23135356525276,0.7958800173440752,0.79458239370091,-0.0012976236431652133
440,pembrolizumab,100000.0,4.83,5.508572932864072,0.6839471307515121,0.7410391038146,0.057091973063087886
440,pembrolizumab,15000000.0,2.4,4.116270094689801,0.38021124171160603,0.6145038638515389,0.23429262213993285
441,pembrolizumab,100.0,6.0,5.574552748427733,0.7781512503836436,0.7462100292660936,-0.031941221117550045
441,pembrolizumab,1000.0,5.63,5.195229594217243,0.7505083948513462,0.7156047452133703,-0.034903649637975986
441,pembrolizumab,10000.0,5.25,4.82247393418544,0.7201593034059569,0.6832698889297069,-0.03688941447625005
441,pembrolizumab,100000.0,4.6,4.452320772430782,0.6627578316815741,0.648586446021645,-0.014171385659929148
441,pembrolizumab,15000000.0,3.6,3.877373475095833,0.5563025007672873,0.5885376349926106,0.032235134225323314
442,pembrolizumab,100.0,6.88,6.225959247973553,0.8375884382355113,0.7942062736805577,-0.043382164554953584
442,pembrolizumab,1000.0,6.0,5.699826339591411,0.7781512503836436,0.7558616239345799,-0.022289626449063737
442,pembrolizumab,10000.0,5.63,5.25383974662722,0.7505083948513462,0.7204768217395594,-0.030031573111786836
442,pembrolizumab,100000.0,4.83,4.806383136171967,0.6839471307515121,0.6818183872113606,-0.0021287435401515786
442,pembrolizumab,15000000.0,3.7,3.9913343275809208,0.568201724066995,0.6011181072734478,0.03291638320645285
443,none,100.0,1.0,1.0576514782861426,0.0,0.024342580749284692,0.024342580749284692
443,none,1000.0,1.0,1.0349866501526892,0.0,0.014934748051475101,0.014934748051475101
443,none,10000.0,1.0,1.0133657936146314,0.0,0.005766240496258393,0.005766240496258393
443,none,100000.0,1.0,0.9915243057840816,0.0,-0.0036966352271878655,-0.0036966352271878655
443,none,15000000.0,1.0,0.9415270620377703,0.0,-0.026167192668276485,-0.026167192668276485
444,adalimumab,100.0,10.31,6.28885314817761,1.0132586652835165,0.7985714535803926,-0.21468721170312388
444,adalimumab,1000.0,8.75,5.694908280448919,0.9420080530223133,0.7554867339259737,-0.18652131909633962
444,adalimumab,10000.0,7.88,5.002457245498649,0.8965262174895553,0.6991833855394612,-0.19734283195009406
444,adalimumab,100000.0,7.25,4.290917966636361,0.8603380065709937,0.632550211811229,-0.22778779475976474
444,adalimumab,15000000.0,1.35,2.8755718915624198,0.13033376849500614,0.4587242297736195,0.3283904612786134
445,adalimumab,100.0,7.5,6.503713680446022,0.8750612633917001,0.8131614136223831,-0.06189984976931695
445,adalimumab,1000.0,6.38,5.842086105488139,0.8048206787211624,0.7665679536753226,-0.038252725045839764
445,adalimumab,10000.0,5.75,5.243605406540503,0.7596678446896304,0.7196300025813802,-0.04003784210825023
445,adalimumab,100000.0,4.83,4.601324609942372,0.6839471307515121,0.6628828725462337,-0.021064258205278463
445,adalimumab,15000000.0,3.0,3.165406490402973,0.47712125471966244,0.5004294885092573,0.023308233789594845
446,adalimumab,100.0,8.38,8.136602251930316,0.9232440186302765,0.9104430865481672,-0.012800932082109306
446,adalimumab,1000.0,8.38,7.146575097102265,0.9232440186302765,0.8540979616912792,-0.06914605693899734
446,adalimumab,10000.0,8.38,6.139421740635816,0.9232440186302765,0.7881274677734906,-0.13511655085678587
446,adalimumab,100000.0,7.71,4.8705559006054715,0.887054378050957,0.6875785322182133,-0.1994758458327437
446,adalimumab,15000000.0,1.4,3.0447108212482674,0.146128035678238,0.4835460507619914,0.3374180150837534
447,adalimumab,100.0,8.13,7.1391152800895235,0.9100905455940682,0.8536443948599153,-0.05644615073415293
447,adalimumab,1000.0,7.38,6.470758803102489,0.8680563618230416,0.8109552118398402,-0.05710114998320137
447,adalimumab,10000.0,7.38,5.867000620959492,0.8680563618230416,0.7684161341817768,-0.09964022764126479
447,adalimumab,100000.0,6.79,5.1959017505562,0.8318697742805017,0.7156609303927712,-0.11620884388773045
447,adalimumab,15000000.0,2.7,3.472050150187918,0.43136376415898736,0.5405859894861893,0.10922222532720194
448,adalimumab,100.0,11.38,6.339405977286695,1.0561422620590524,0.8020485649995639,-0.2540936970594885
448,adalimumab,1000.0,8.75,5.7581979582020715,0.9420080530223133,0.7602865911910721,-0.18172146183124116
448,adalimumab,10000.0,7.63,5.196051539226828,0.8825245379548805,0.7156734501551866,-0.16685108779969393
448,adalimumab,100000.0,6.1,4.580719738926493,0.785329835010767,0.6609337212541242,-0.12439611375664283
448,adalimumab,15000000.0,3.6,3.006954651490848,0.5563025007672873,0.4781268784644032,-0.07817562230288405
449,adalimumab,100.0,5.13,4.735680383777892,0.7101173651118162,0.6753823836967848,-0.034734981415031396
449,adalimumab,1000.0,4.25,4.374247953365768,0.6283889300503115,0.6409033972947641,0.012514467244452598
449,adalimumab,10000.0,4.0,4.034831429934039,0.6020599913279624,0.6058253951724065,0.0037654038444441262
449,adalimumab,100000.0,3.45,3.711805659662842,0.5378190950732742,0.5695852296304706,0.03176613455719646
449,adalimumab,15000000.0,2.6,3.0107516839265087,0.414973347970818,0.47867493792804083,0.06370158995722286
450,adalimumab,100.0,9.25,6.795312277339806,0.9661417327390326,0.832209419451037,-0.1339323132879956
450,adalimumab,1000.0,6.5,6.124542535592591,0.8129133566428556,0.7870736552100439,-0.025839701432811668
450,adalimumab,10000.0,5.63,5.476898746563962,0.7505083948513462,0.7385347120416166,-0.011973682809729658
450,adalimumab,100000.0,4.49,4.8144846336541836,0.6522463410033232,0.6825498049103639,0.03030346390704064
450,adalimumab,15000000.0,2.6,3.657916978484257,0.414973347970818,0.5632338443346759,0.14826049636385796
451,adalimumab,100.0,4.0,4.731689953227704,0.6020599913279624,0.6750162794863648,0.07295628815840238
451,adalimumab,1000.0,3.88,4.360583285306873,0.5888317255942073,0.6395445857472826,0.0507128601530753
451,adalimumab,10000.0,3.88,4.009470234087937,0.5888317255942073,0.6030869936647331,0.014255268070525795
451,adalimumab,100000.0,3.57,3.681048063448957,0.5526682161121932,0.5659714880672558,0.013303271955062645
451,adalimumab,15000000.0,2.2,2.9155365222737584,0.3424226808222063,0.46471848610095384,0.12229580527874756
452,adalimumab,100.0,3.75,4.287562511524459,0.5740312677277188,0.6322104649953677,0.05817919726764886
452,adalimumab,1000.0,3.75,4.073979971523803,0.5740312677277188,0.6100188895934349,0.035987621865716024
452,adalimumab,10000.0,3.75,3.8731575891938723,0.5740312677277188,0.5880651677128986,0.014033899985179787
452,adalimumab,100000.0,3.45,3.7112611093400734,0.5378190950732742,0.569521510629125,0.03170241555585085
452,adalimumab,15000000.0,3.45,3.3765504277024374,0.5378190950732742,0.5284732401540435,-0.009345854919230678
453,adalimumab,100.0,3.88,4.4506050318035495,0.5888317255942073,0.6484190546017019,0.05958732900749464
453,adalimumab,1000.0,3.5,4.074356015573994,0.5440680443502757,0.6100589747976595,0.0659909304473838
453,adalimumab,10000.0,3.38,3.6907941607481063,0.5289167002776547,0.5671198248369387,0.038203124559283985
453,adalimumab,100000.0,2.99,3.429769348191506,0.4756711883244297,0.5352649147436932,0.059593726419263526
453,adalimumab,15000000.0,2.6,2.9579021157714616,0.414973347970818,0.47098379803014295,0.05601045005932498
454,adalimumab,100.0,3.63,3.8967976883413487,0.5599066250361125,0.590707858931581,0.030801233895468405
454,adalimumab,1000.0,3.63,3.4225891712179948,0.5599066250361125,0.5343547719450866,-0.025551853091025922
454,adalimumab,10000.0,3.63,3.008384183183532,0.5599066250361125,0.47833329667444563,-0.08157332836166692
454,adalimumab,100000.0,3.34,2.620860209244187,0.5237464668115644,0.4184438572789475,-0.10530260953261694
454,adalimumab,15000000.0,2.3,1.9818889812816,0.36172783601759284,0.29707932312242535,-0.06464851289516749
455,adalimumab,100.0,5.75,4.757999596550619,0.7596678446896304,0.6774244008757226,-0.0822434438139078
455,adalimumab,1000.0,5.75,4.473413449160674,0.7596678446896304,0.6506390391051494,-0.10902880558448103
455,adalimumab,10000.0,5.75,4.1421742242930835,0.7596678446896304,0.6172283618335828,-0.14243948285604768
455,adalimumab,100000.0,5.29,3.7775061003649753,0.7234556720351858,0.5772051743618789,-0.1462504976733069
455,adalimumab,15000000.0,2.6,2.638581920706022,0.414973347970818,0.42137058237074276,0.006397234399924789
456,adalimumab,100.0,6.63,5.457025610243403,0.8215135284047731,0.736955991965534,-0.08455753643923913
456,adalimumab,1000.0,5.25,5.013386617979085,0.7201593034059569,0.7001311974477912,-0.02002810595816573
456,adalimumab,10000.0,4.5,4.584645454228916,0.6532125137753437,0.66130575587832,0.00809324210297624
456,adalimumab,100000.0,3.68,4.124233001823676,0.5658478186735176,0.6153431931167644,0.04949537444324681
456,adalimumab,15000000.0,2.2,3.109015054369995,0.3424226808222063,0.49262282497467724,0.15020014415247096
457,adalimumab,100.0,6.38,6.163188735823138,0.8048206787211624,0.7898054673690778,-0.015015211352084612
457,adalimumab,1000.0,5.38,5.562809628168407,0.7307822756663892,0.7452941976631615,0.014511921996772315
457,adalimumab,10000.0,4.75,4.937652740664395,0.6766936096248666,0.6935205432475209,0.016826933622654305
457,adalimumab,100000.0,3.91,4.364270899469631,0.5921767573958668,0.639911700324494,0.04773494292862712
457,adalimumab,15000000.0,2.6,3.372898535594211,0.414973347970818,0.5280032768268146,0.11302992885599661
458,adalimumab,100.0,5.25,5.594368916375005,0.7201593034059569,0.7477511021969483,0.027591798790991384
458,adalimumab,1000.0,5.0,5.2249439677488985,0.6989700043360189,0.7180816374380308,0.019111633102011916
458,adalimumab,10000.0,5.0,4.854240348573451,0.6989700043360189,0.6861212758020552,-0.012848728533963683
458,adalimumab,100000.0,5.0,4.481456498030875,0.6989700043360189,0.651419185037343,-0.047550819298675884
458,adalimumab,15000000.0,5.0,3.6580852394807457,0.6989700043360189,0.5632538210433019,-0.13571618329271695
459,adalimumab,100.0,2.5,2.174249906499096,0.3979400086720376,0.33730946007040563,-0.06063054860163197
459,adalimumab,1000.0,2.13,2.0399154928719994,0.3283796034387377,0.3096121763770932,-0.01876742706164447
459,adalimumab,10000.0,2.0,1.915893719393269,0.3010299956639812,0.2823714137397847,-0.018658581924196505
459,adalimumab,100000.0,1.73,1.7930967496463013,0.2380461031287954,0.25360372330670133,0.015557620177905934
459,adalimumab,15000000.0,1.5,1.5354498224725057,0.17609125905568124,0.1862356285424391,0.01014436948675787
460,adalimumab,100.0,4.88,4.973220835151106,0.6884198220027106,0.6966377444439935,0.008217922441282943
460,adalimumab,1000.0,4.88,4.608948298303322,0.6884198220027106,0.6636018363763079,-0.024817985626402694
460,adalimumab,10000.0,4.75,4.215323616594255,0.6766936096248666,0.62483092166683,-0.05186268795803661
460,adalimumab,100000.0,4.37,3.756794660637429,0.6404814369704218,0.5748174579888086,-0.06566397898161325
460,adalimumab,15000000.0,3.8,2.8255885874596385,0.5797835966168101,0.4511089277874403,-0.12867466882936984
461,adalimumab,100.0,5.63,4.569866577439359,0.7505083948513462,0.659903520523303,-0.0906048743280432
461,adalimumab,1000.0,4.25,4.050416902425287,0.6283889300503115,0.6074997266972509,-0.020889203353060548
461,adalimumab,10000.0,3.88,3.5114598059048556,0.5888317255942073,0.5454877016078853,-0.04334402398632198
461,adalimumab,100000.0,3.34,3.054738178529598,0.5237464668115644,0.4849739928133889,-0.03877247399817557
461,adalimumab,15000000.0,2.4,2.3707625274293345,0.38021124171160603,0.374888054108031,-0.00532318760357503
462,adalimumab,100.0,3.5,2.9589636168198536,0.5440680443502757,0.47113962514322333,-0.07292841920705234
462,adalimumab,1000.0,2.63,2.5739907401352506,0.41995574848975786,0.4106069802080736,-0.009348768281684239
462,adalimumab,10000.0,2.13,2.2281000936738895,0.3283796034387377,0.34793469689388945,0.019555093455151773
462,adalimumab,100000.0,1.73,1.9771296678694126,0.2380461031287954,0.29603515297248795,0.05798904984369255
462,adalimumab,15000000.0,1.5,1.638419399998798,0.17609125905568124,0.21442508166789614,0.03833382261221491
463,vudalimab,100.0,16.25,14.081700800082492,1.2108533653148932,1.1486551124397277,-0.06219825287516545
463,vudalimab,1000.0,11.0,11.638709869713534,1.0413926851582251,1.065904842211023,0.024512157052797967
463,vudalimab,10000.0,9.63,9.471009504526975,0.9836262871245346,0.9763962724435288,-0.007230014681005814
463,vudalimab,100000.0,7.71,7.897498812526071,0.887054378050957,0.8974895692763428,0.010435191225385831
463,vudalimab,15000000.0,4.6,5.770214048173662,0.6627578316815741,0.7611919237651716,0.09843409208359755
464,vudalimab,100.0,4.5,4.935885022724564,0.6532125137753437,0.6933650346196247,0.040152520844281
464,vudalimab,1000.0,4.25,4.4249504707840135,0.6283889300503115,0.6459084139297585,0.017519483879447018
464,vudalimab,10000.0,4.25,3.9428453127061744,0.6283889300503115,0.5958097389915785,-0.03257919105873297
464,vudalimab,100000.0,4.25,3.535691214326575,0.6283889300503115,0.548474329369939,-0.07991460068037248
464,vudalimab,15000000.0,4.25,2.923207696267551,0.6283889300503115,0.4658596734273626,-0.16252925662294887
465,vudalimab,100.0,4.13,2.8998095557726717,0.615950051656401,0.4623694766600177,-0.15358057499638333
465,vudalimab,1000.0,2.88,2.717092487873215,0.45939248775923086,0.43410442174116826,-0.025288066018062605
465,vudalimab,10000.0,2.5,2.5315013785971825,0.3979400086720376,0.4033781682296684,0.005438159557630773
465,vudalimab,100000.0,2.07,2.2482341104216688,0.3159703454569177,0.35184153268459667,0.03587118722767896
465,vudalimab,15000000.0,1.3,1.680970247128471,0.11394335230683679,0.22556002657315374,0.11161667426631695
466,vudalimab,100.0,3.38,3.300054280184364,0.5289167002776547,0.5185210833296064,-0.010395616948048247
466,vudalimab,1000.0,3.25,3.1340909306493234,0.5118833609788743,0.4961115926770359,-0.015771768301838407
466,vudalimab,10000.0,3.13,2.9722582336965644,0.49554433754644844,0.47308653880235724,-0.022457798744091206
466,vudalimab,100000.0,2.76,2.703148586996921,0.4409090820652177,0.43186991870621794,-0.009039163358999736
466,vudalimab,15000000.0,2.3,2.027913801032613,0.36172783601759284,0.3070494908331442,-0.05467834518444864
467,vudalimab,100.0,1.5,2.9214627995614255,0.17609125905568124,0.4656003605938962,0.28950910153821496
467,vudalimab,1000.0,1.5,2.736404159003892,0.17609125905568124,0.43718024182818366,0.2610889827725024
467,vudalimab,10000.0,1.5,2.527960024270465,0.17609125905568124,0.40277020197742935,0.22667894292174812
467,vudalimab,100000.0,1.5,2.300714760844981,0.17609125905568124,0.3618627788295207,0.1857715197738395
467,vudalimab,15000000.0,1.5,1.844906066545792,0.17609125905568124,0.2659742589398787,0.08988299988419746
468,vudalimab,100.0,2.88,3.0422614661058978,0.45939248775923086,0.4831965366095527,0.023804048850321835
468,vudalimab,1000.0,2.38,2.498676753898884,0.37657695705651195,0.39771007642331185,0.021133119366799902
468,vudalimab,10000.0,1.88,2.053430633463901,0.2741578492636798,0.31248003662104074,0.038322187357360926
468,vudalimab,100000.0,1.38,1.779302499268295,0.13987908640123647,0.2502497887781009,0.11037070237686442
468,vudalimab,15000000.0,1.0,1.4548317767358128,0.0,0.16281277843594555,0.16281277843594555
469,vudalimab,100.0,2.63,3.2279267810216274,0.41995574848975786,0.5089236750714335,0.08896792658167568
469,vudalimab,1000.0,2.63,3.0551046210570685,0.41995574848975786,0.4850260871055094,0.06507033861575151
469,vudalimab,10000.0,2.5,2.8544870327574,0.3979400086720376,0.45552807445263405,0.05758806578059644
469,vudalimab,100000.0,2.19,2.659022336220513,0.34044411484011833,0.42472198549124074,0.08427787065112241
469,vudalimab,15000000.0,1.9,2.205097191795383,0.2787536009528289,0.34342773617582434,0.06467413522299542
470,vudalimab,100.0,3.13,3.529270153956125,0.49554433754644844,0.5476849034384113,0.05214056589196281
470,vudalimab,1000.0,2.38,3.009321740661216,0.37657695705651195,0.4784686226765709,0.10189166562005897
470,vudalimab,10000.0,2.13,2.5272431964978184,0.3283796034387377,0.40264703606910623,0.07426743263036856
470,vudalimab,100000.0,1.84,2.1249341998541156,0.2648178230095365,0.3273454863474081,0.06252766333787163
470,vudalimab,15000000.0,1.3,1.724498827069867,0.11394335230683679,0.23666290331503162,0.12271955100819483
471,vudalimab,100.0,8.0,5.325402184991495,0.9030899869919435,0.7263524121345791,-0.1767375748573644
471,vudalimab,1000.0,5.38,5.007094857562524,0.7307822756663892,0.6995858190253812,-0.031196456641008008
471,vudalimab,10000.0,4.88,4.72103419629782,0.6884198220027106,0.674037146207501,-0.014382675795209576
471,vudalimab,100000.0,4.03,4.41838826538707,0.6053050461411095,0.6452638767925694,0.03995883065145989
471,vudalimab,15000000.0,2.7,3.725790985061455,0.43136376415898736,0.5712184875487945,0.1398547233898071
472,vudalimab,100.0,6.25,5.496586830661421,0.7958800173440752,0.7400930929948983,-0.05578692434917687
472,vudalimab,1000.0,5.25,5.22471195949721,0.7201593034059569,0.718062352611012,-0.002096950794944874
472,vudalimab,10000.0,5.0,4.9635441786288865,0.6989700043360189,0.6957918917236147,-0.0031781126124041936
472,vudalimab,100000.0,4.49,4.685680034726547,0.6522463410033232,0.670772629139941,0.01852628813661772
472,vudalimab,15000000.0,3.7,4.0479952715900005,0.568201724066995,0.6072399965383706,0.03903827247137559
473,vudalimab,100.0,12.88,18.3277834896434,1.1099158630237933,1.2631099457902162,0.15319408276642288
473,vudalimab,1000.0,10.63,14.954678866953193,1.0265332645232967,1.1747770915360025,0.14824382701270578
473,vudalimab,10000.0,9.88,12.194225393130754,0.9947569445876282,1.0861542180836614,0.09139727349603322
473,vudalimab,100000.0,8.4,10.15116888723575,0.9242792860618817,1.0065160532884811,0.08223676722659945
473,vudalimab,15000000.0,6.1,7.468932139650877,0.785329835010767,0.8732585135946984,0.08792867858393139
474,vudalimab,100.0,3.13,4.181518583532404,0.49554433754644844,0.6213340312194919,0.1257896936730435
474,vudalimab,1000.0,2.5,3.7595580914498754,0.3979400086720376,0.5751367997883824,0.1771967911163448
474,vudalimab,10000.0,2.5,3.399047239359452,0.3979400086720376,0.5313572003731672,0.13341719170112964
474,vudalimab,100000.0,2.5,3.111370253200706,0.3979400086720376,0.4929516952469402,0.09501168657490261
474,vudalimab,15000000.0,2.5,2.621358115532598,0.3979400086720376,0.41852635592391624,0.020586347251878634
475,vudalimab,100.0,1.38,1.9490648765888656,0.13987908640123647,0.28982629528776926,0.1499472088865328
475,vudalimab,1000.0,1.25,1.853457570078111,0.09691001300805642,0.26798264847625874,0.17107263546820234
475,vudalimab,10000.0,1.25,1.7464727050801117,0.09691001300805642,0.242161802612817,0.1452517896047606
475,vudalimab,100000.0,1.13,1.6441680736053448,0.05307844348341968,0.21594621083686816,0.1628677673534485
475,vudalimab,15000000.0,1.0,1.4374031598637982,0.0,0.15757859523751125,0.15757859523751125
476,vudalimab,100.0,3.38,3.3545092343188037,0.5289167002776547,0.5256289917427215,-0.003287708534933209
476,vudalimab,1000.0,3.13,3.1970604794415554,0.49554433754644844,0.5047508519862003,0.009206514439751845
476,vudalimab,10000.0,3.13,3.049943282886069,0.49554433754644844,0.4842917632291998,-0.011252574317248631
476,vudalimab,100000.0,2.88,2.904527497980722,0.45939248775923086,0.463075492420015,0.0036830046607841394
476,vudalimab,15000000.0,2.5,2.6580979443707644,0.3979400086720376,0.424570979584915,0.026630970912877416
477,vudalimab,100.0,9.5,5.808327368699161,0.9777236052888477,0.7640510860689147,-0.21367251921993302
477,vudalimab,1000.0,7.63,5.22367359778967,0.8825245379548805,0.7179760321438324,-0.16454850581104807
477,vudalimab,10000.0,7.0,4.666001280583014,0.8450980400142568,0.6689448536497742,-0.17615318636448263
477,vudalimab,100000.0,5.98,4.165944604548701,0.7767011839884109,0.6197134907440428,-0.15698769324436812
477,vudalimab,15000000.0,4.3,3.268673772418324,0.6334684555795865,0.5143715783018717,-0.11909687727771479
478,vudalimab,100.0,4.25,4.273632147416896,0.6283889300503115,0.6307971375701407,0.0024082075198291752
478,vudalimab,1000.0,3.88,3.9093361072537265,0.5888317255942073,0.5921030107368103,0.0032712851426029976
478,vudalimab,10000.0,3.75,3.608611536758536,0.5740312677277188,0.5573401332308972,-0.01669113449682169
478,vudalimab,100000.0,3.34,3.363236025258145,0.5237464668115644,0.5267573463126545,0.0030108795010900247
478,vudalimab,15000000.0,2.8,2.9704237216035474,0.4471580313422192,0.4728184044783995,0.025660373136180303
479,vudalimab,100.0,13.13,9.155082647327895,1.1182647260894794,0.9616622692402751,-0.15660245684920426
479,vudalimab,1000.0,9.25,8.179387900557145,0.9661417327390326,0.9127208047279459,-0.053420928011086666
479,vudalimab,10000.0,8.25,7.30339247879875,0.9164539485499251,0.8635246399261981,-0.05292930862372702
479,vudalimab,100000.0,6.67,6.543750275227175,0.8241258339165489,0.8158267172891472,-0.008299116627401681
479,vudalimab,15000000.0,4.0,5.0716722827323,0.6020599913279624,0.7051511828864454,0.10309119155848301
480,vudalimab,100.0,5.25,5.246411930719339,0.7201593034059569,0.7198623869434058,-0.00029691646255114446
480,vudalimab,1000.0,4.75,4.706066756036734,0.6766936096248666,0.6726580833952003,-0.0040355262296662975
480,vudalimab,10000.0,4.63,4.167593499315021,0.6655809910179531,0.6198853519388131,-0.04569563907913998
480,vudalimab,100000.0,4.26,3.6848213235905702,0.6294095991027189,0.5664164338341495,-0.06299316526856935
480,vudalimab,15000000.0,3.7,2.995437411546279,0.568201724066995,0.4764602496135624,-0.09174147445343256
481,vudalimab,100.0,2.0,1.730920661261723,0.3010299956639812,0.23827716194477766,-0.06275283371920354
481,vudalimab,1000.0,2.0,1.6575134443489161,0.3010299956639812,0.21945705972107454,-0.08157293594290665
481,vudalimab,10000.0,1.63,1.5665046190671923,0.21218760440395779,0.19493167980019163,-0.017255924603766154
481,vudalimab,100000.0,1.5,1.4607666073163237,0.17609125905568124,0.16458083246294147,-0.011510426592739764
481,vudalimab,15000000.0,1.4,1.2646805350688255,0.146128035678238,0.10198083430333439,-0.04414720137490362
482,vudalimab,100.0,2.38,1.8624331667601874,0.37657695705651195,0.2700806970831292,-0.10649625997338275
482,vudalimab,1000.0,1.88,1.7237429980965349,0.2741578492636798,0.23647251506833616,-0.037685334195343645
482,vudalimab,10000.0,1.75,1.5866432788197986,0.24303804868629444,0.20047929634891956,-0.04255875233737488
482,vudalimab,100000.0,1.5,1.473972166394069,0.17609125905568124,0.16848928264406546,-0.0076019764116157795
482,vudalimab,15000000.0,1.3,1.2618694914614188,0.11394335230683679,0.10101444043184062,-0.012928911874996174
483,vudalimab,100.0,1.5,1.867961429047221,0.17609125905568124,0.27136790437539304,0.0952766453197118
483,vudalimab,1000.0,1.5,1.6710619588906637,0.17609125905568124,0.22299255276919325,0.04690129371351201
483,vudalimab,10000.0,1.38,1.5282023035712693,0.13987908640123647,0.18418084999163573,0.04430176359039925
483,vudalimab,100000.0,1.27,1.4195241255034377,0.10380372095595687,0.15214277797070297,0.0483390570147461
483,vudalimab,15000000.0,1.2,1.2318383418165633,0.07918124604762482,0.09055371767939382,0.011372471631769007
484,vudalimab,100.0,4.25,4.803482932651086,0.6283889300503115,0.6815562519402268,0.05316732188991535
484,vudalimab,1000.0,3.75,4.333133135641684,0.5740312677277188,0.6368020329499661,0.06277076522224723
484,vudalimab,10000.0,3.63,3.9352726260003856,0.5599066250361125,0.5949748245899416,0.035068199553829005
484,vudalimab,100000.0,3.22,3.5871040911720153,0.5078558716958309,0.5547439792869825,0.046888107591151584
484,vudalimab,15000000.0,2.7,3.0207718031611734,0.43136376415898736,0.4801179187949274,0.04875415463594002
485,vudalimab,100.0,3.63,5.043013712187404,0.5599066250361125,0.702690149027511,0.1427835239913985
485,vudalimab,1000.0,3.63,4.539807744293013,0.5599066250361125,0.6570374613679837,0.09713083633187114
485,vudalimab,10000.0,3.63,4.008459303279589,0.5599066250361125,0.6029774786903418,0.043070853654229246
485,vudalimab,100000.0,3.34,3.563636869728436,0.5237464668115644,0.5518934435388334,0.028146976727268957
485,vudalimab,15000000.0,2.5,2.5034027495079036,0.3979400086720376,0.3985307248851439,0.0005907162131063015
486,nivolumab,100.0,1.48,1.2554366312286402,0.17026171539495738,0.09879479637807276,-0.07146691901688462
486,nivolumab,1000.0,1.48,1.2281877269022186,0.17026171539495738,0.08926475322749282,-0.08099696216746456
486,nivolumab,10000.0,1.42992162383138,1.1968549244964504,0.1553122337794858,0.07804151105046363,-0.07727072272902218
486,nivolumab,100000.0,1.3209192384736852,1.1650253020305326,0.12087626548929283,0.06633535747612863,-0.05454090801316419
486,nivolumab,15000000.0,1.05,1.0914729454159802,0.021189299069938092,0.03801297522411403,0.01682367615417594
487,nivolumab,100.0,2.91,2.4867930055662018,0.4638929889859073,0.39563963718724154,-0.06825335179866576
487,nivolumab,1000.0,2.761467213372999,2.382899835294366,0.44113989125489206,0.3771057872506933,-0.06403410400419873
487,nivolumab,10000.0,2.543790025335465,2.2715723453217684,0.4054812600417564,0.3563265728361872,-0.0491546872055692
487,nivolumab,100000.0,2.393708266764341,2.1766871707854545,0.37907121964817403,0.3377960175739587,-0.04127520207421531
487,nivolumab,15000000.0,2.17,1.9394307623920002,0.3364597338485295,0.2876742799155399,-0.04878545393298961
488,nivolumab,100.0,3.04,2.8413458879121043,0.48287358360875376,0.4535241052709664,-0.029349478337787338
488,nivolumab,1000.0,3.0186446145934664,2.6915652888445374,0.4798119864891472,0.4300049188873609,-0.04980706760178627
488,nivolumab,10000.0,2.7501273993667743,2.499468972113126,0.4393528129431415,0.39784774988089,-0.04150506306225149
488,nivolumab,100000.0,2.512858220029287,2.3017419739592704,0.4001679856097039,0.3620566374664997,-0.038111348143204216
488,nivolumab,15000000.0,2.0,1.8619121651846686,0.3010299956639812,0.2699591894942137,-0.031070806169767484
489,nivolumab,100.0,2.57,2.754326454555774,0.4099331233312945,0.4400154134117546,0.030082290080460095
489,nivolumab,1000.0,2.470900147732846,2.6280483442429943,0.3928551953556033,0.41963335002200897,0.02677815466640565
489,nivolumab,10000.0,2.3779344387421952,2.5079197661221295,0.37619987665567695,0.3993136383437661,0.02311376168808915
489,nivolumab,100000.0,2.3196476249520104,2.403601662416832,0.36542201671763863,0.3808624957148935,0.01544047899725487
489,nivolumab,15000000.0,2.21,2.1416515853219664,0.3443922736851107,0.3307488190263105,-0.013643454658800236
490,nivolumab,100.0,3.27,3.2843062623571386,0.5145477526602861,0.5164436484017304,0.0018958957414443312
490,nivolumab,1000.0,3.213736226723729,3.036715227553894,0.5070102283764868,0.4824040672226221,-0.024606161153864714
490,nivolumab,10000.0,2.953627106930759,2.710658750857574,0.4703556651043599,0.43307484699846777,-0.03728081810589212
490,nivolumab,100000.0,2.5954413689699103,2.3086492542489836,0.41421122261173177,0.3633579569471001,-0.050853265664631664
490,nivolumab,15000000.0,1.78,1.7298536840407195,0.250420002308894,0.23800937081606155,-0.012410631492832447
491,nivolumab,100.0,2.96,3.0608000021501596,0.4712917110589386,0.4858349529883051,0.014543241929366513
491,nivolumab,1000.0,2.737572288520089,2.7299674261978675,0.4373655960092243,0.43615746509682973,-0.0012081309123945783
491,nivolumab,10000.0,2.27857542117122,2.3864840664432454,0.35766340836563726,0.37775853910918666,0.020095130743549405
491,nivolumab,100000.0,1.9586604357601929,2.1086727672165853,0.29195915081962365,0.3240091893086665,0.032050038489042865
491,nivolumab,15000000.0,1.41,1.7178500629785165,0.14921911265537988,0.23498525515137203,0.08576614249599215
492,nivolumab,100.0,108.62763247668865,167.1063056253515,2.03594031425531,2.222992837964169,0.18705252370885894
492,nivolumab,1000.0,110.48915866313888,145.6345847620305,2.043319666584374,2.1632645218707203,0.11994485528634646
492,nivolumab,10000.0,113.44864108990168,125.57665241640697,2.0547992981875334,2.098908901588551,0.04410960340101777
492,nivolumab,100000.0,112.93919802120152,105.95528049649234,2.0528446994961023,2.025122605533288,-0.02772209396281422
492,nivolumab,15000000.0,28.59806775862293,65.53240713082438,1.4563366908172841,1.8164561207172278,0.3601194298999437
493,nivolumab,100.0,4.52,7.370483062158283,0.6551384348113821,0.8674959524933445,0.21235751768196243
493,nivolumab,1000.0,4.608759799705657,6.128629494161584,0.663584074064906,0.7873633669052347,0.12377929284032863
493,nivolumab,10000.0,4.520119365178778,5.125079952765798,0.6551499036065127,0.7097006449032364,0.05455074129672366
493,nivolumab,100000.0,4.014935817598745,4.40679361417844,0.6036786070778392,0.644122711430656,0.04044410435281687
493,nivolumab,15000000.0,1.86,3.1074532693812915,0.26951294421791633,0.49240460633944594,0.2228916621215296
494,nivolumab,100.0,1.72,1.598628243351579,0.2355284469075489,0.20374748148722246,-0.031780965420326435
494,nivolumab,1000.0,1.72,1.5410669587221588,0.2355284469075489,0.18782150904404357,-0.04770693786350533
494,nivolumab,10000.0,1.4334819052941308,1.4679288933708174,0.15639221525912794,0.16670501881941593,0.010312803560287992
494,nivolumab,100000.0,1.3096125718659462,1.3986786426521995,0.11714283551338482,0.14571794340207136,0.028575107888686543
494,nivolumab,15000000.0,1.13,1.227432259233827,0.05307844348341968,0.08899753317565881,0.03591908969223913
495,nivolumab,100.0,2.99,3.4508589573224167,0.4756711883244297,0.5379272092745785,0.062256020950148816
495,nivolumab,1000.0,3.0040753434604546,3.248516185649302,0.4777108207551628,0.5116850349679924,0.033974214212829645
495,nivolumab,10000.0,2.799297614243684,3.0840927629627353,0.4470490740119428,0.48912743223137384,0.04207835821943101
495,nivolumab,100000.0,2.856481326582219,2.857857224425766,0.4558313893316954,0.4560405280963411,0.0002091387646456777
495,nivolumab,15000000.0,1.8,2.163044297060454,0.25527250510330607,0.3350654134621756,0.07979290835886954
496,nivolumab,100.0,1.04,1.2914283428840434,0.01703333929878037,0.11107031360386607,0.0940369743050857
496,nivolumab,1000.0,1.04,1.2524308802511326,0.01703333929878037,0.09775376715098695,0.08072042785220658
496,nivolumab,10000.0,1.0155001997063864,1.2142633911280214,0.006680013148381521,0.08431290165377277,0.07763288850539124
496,nivolumab,100000.0,1.0116806923245345,1.1677767529944045,0.005043461670453883,0.06735982547363334,0.06231636380317945
496,nivolumab,15000000.0,1.012889038023482,1.0541469068756595,0.005561871013170064,0.022901138769861756,0.01733926775669169
497,nivolumab,100.0,64.4,106.14175571371283,1.808885867359812,2.0258862671116344,0.2170003997518224
497,nivolumab,1000.0,52.090734368908855,88.68877223866654,1.7167604801072345,1.9478686427919034,0.23110816268466894
497,nivolumab,10000.0,43.026137652974505,73.35069994601585,1.6337323623203919,1.8654042624361786,0.23167190011578676
497,nivolumab,100000.0,34.23232435878468,59.46043201908116,1.5344363885308825,1.774228060314957,0.23979167178407446
497,nivolumab,15000000.0,15.155465680842164,35.97754560337111,1.1805692854422027,1.5560315323483171,0.3754622469061144
498,nivolumab,100.0,4.95,6.623671221459095,0.6946051989335688,0.8210987672777643,0.12649356834419556
498,nivolumab,1000.0,4.871529928156416,5.75442903796935,0.6876653749743626,0.760002238832775,0.07233686385841231
498,nivolumab,10000.0,4.869452318610989,5.095255214630509,0.6874801176046328,0.7071659421265104,0.019685824521877615
498,nivolumab,100000.0,4.848882223507466,4.571871534333609,0.685641635486529,0.6600940185924757,-0.02554761689405327
498,nivolumab,15000000.0,3.281140481883721,3.5379754578275917,0.5160248250830327,0.5487548159770342,0.032729990894001526
499,nivolumab,100.0,2.37,2.6106849381785038,0.37474834601010387,0.4167544636013377,0.04200611759123385
499,nivolumab,1000.0,2.3923585037181443,2.423660831800982,0.37882626081809817,0.38447184437901516,0.005645583560916989
499,nivolumab,10000.0,2.260401894,2.267462780517704,0.3541856625231373,0.3555401670227859,0.0013545044996485789
499,nivolumab,100000.0,2.0098135783722286,2.117055580750852,0.3031557760080661,0.32573226004894895,0.02257648404088286
499,nivolumab,15000000.0,1.45,1.7385085353490943,0.16136800223497488,0.24017682722860323,0.07880882499362835
500,nivolumab,100.0,1.31,1.3518297515547288,0.11727129565576427,0.13092200032160484,0.013650704665840563
500,nivolumab,1000.0,1.31,1.3215344226409835,0.11727129565576427,0.12107847989174034,0.0038071842359760633
500,nivolumab,10000.0,1.3255091615326768,1.2890025055173653,0.12238273379626208,0.11025376152043834,-0.01212897227582374
500,nivolumab,100000.0,1.3410183230653536,1.2551386264333775,0.1274347118947084,0.09869169503635741,-0.028743016858350984
500,nivolumab,15000000.0,1.25,1.1679695422127794,0.09691001300805642,0.06743151758683294,-0.02947849542122348
501,nivolumab,100.0,1.52,1.581856216611546,0.18184358794477254,0.19916700560283415,0.017323417658061613
501,nivolumab,1000.0,1.52,1.541793995306635,0.18184358794477254,0.18802634992875544,0.006182761983982904
501,nivolumab,10000.0,1.3030148135792754,1.5015888790996326,0.11494935310258193,0.17655104320176346,0.061601690099181525
501,nivolumab,100000.0,1.2424562535130548,1.4547830687222694,0.0942811063048861,0.16279823793994735,0.06851713163506125
501,nivolumab,15000000.0,1.251822888673494,1.3308244837075731,0.09754288804945443,0.1241207821586754,0.02657789410922097
502,nivolumab,100.0,26.91,47.63763678075969,1.4299136977637545,1.6779502087609401,0.2480365109971856
502,nivolumab,1000.0,23.17895406,40.04533972099841,1.3650938347242523,1.60255198231245,0.23745814758819783
502,nivolumab,10000.0,21.294294701937304,32.28653581323078,1.3282632601820457,1.5090214498512657,0.18075818966922008
502,nivolumab,100000.0,17.06656418528116,25.297553173108426,1.2321460984104349,1.4030785174285467,0.17093241901811185
502,nivolumab,15000000.0,6.072965624060352,13.003674318797598,0.7834008228114894,1.1140660839154246,0.33066526110393524
503,nivolumab,100.0,23.2,29.121998241765603,1.3654879848908996,1.4642211713140139,0.09873318642311424
503,nivolumab,1000.0,19.6,24.96738280951856,1.2922560713564761,1.3973730200864123,0.10511694872993615
503,nivolumab,10000.0,16.4,21.242928145525482,1.2148438480476977,1.3272143801022414,0.11237053205454361
503,nivolumab,100000.0,13.4,18.0160139872541,1.1271047983648077,1.2556587103484789,0.12855391198367117
503,nivolumab,15000000.0,6.7,12.571030208487516,0.8260748027008264,1.099370870011163,0.2732960673103366
504,nivolumab,100.0,12.4,17.773912265329255,1.0934216851622351,1.2497830320954773,0.1563613469332421
504,nivolumab,1000.0,12.1,15.866939535132143,1.08278537031645,1.2004931667560734,0.11770779643962337
504,nivolumab,10000.0,12.433204141630922,14.126042655749856,1.0945830644186527,1.150020513335849,0.055437448917196264
504,nivolumab,100000.0,12.6,12.577182262222326,1.100370545117563,1.0995833545402969,-0.0007871905772660615
504,nivolumab,15000000.0,5.0,8.85312869878477,0.6989700043360189,0.9470967776462331,0.24812677331021427
511,poly-higg,100.0,4.15,4.019026940461438,0.6180480967120927,0.6041209173775357,-0.013927179334557005
511,poly-higg,1000.0,4.241726808503929,3.8431468927253607,0.6275426940296964,0.5846869843813043,-0.04285570964839214
511,poly-higg,10000.0,4.224562944902968,3.5977638870613435,0.6257817853720816,0.5560326582004425,-0.06974912717163917
511,poly-higg,100000.0,3.8919067922752015,3.2806881821495066,0.5901624307522053,0.515964954187554,-0.07419747656465137
511,poly-higg,15000000.0,1.72,2.438760242475481,0.2355284469075489,0.3871691063866816,0.15164065947913272
510,poly-higg,100.0,29.38,52.33824960436482,1.4680517914542377,1.7188191940417838,0.25076740258754615
510,poly-higg,1000.0,30.34088903295536,44.58334793733818,1.4820283021082596,1.649172678233888,0.16714437612562838
510,poly-higg,10000.0,31.301778065910717,37.748701769031946,1.4955690079068615,1.5769020202237305,0.08133301231686896
510,poly-higg,100000.0,28.06995509686825,31.835155358597227,1.4482417178999205,1.5029069736035627,0.054665255703642224
510,poly-higg,15000000.0,6.111796504318651,20.754593252087155,0.7861688857307935,1.3171142265073574,0.530945340776564
506,poly-higg,100.0,12.52,18.78698106718094,1.0976043288744108,1.2738569977055518,0.176252668831141
506,poly-higg,1000.0,10.321785009980417,15.740719417083708,1.0137548090110555,1.1970245775611428,0.18326976855008725
506,poly-higg,10000.0,10.723818589982448,13.134052754831334,1.030349458608495,1.1183987563619704,0.08804929775347548
506,poly-higg,100000.0,11.125852169984476,11.101458290325066,1.046333285140444,1.0453800315652468,-0.0009532535751972659
506,poly-higg,15000000.0,2.7313683010081693,7.984719913001152,0.436380264881968,0.9022596866145809,0.4658794217326129
508,poly-higg,100.0,1.72,1.6432533015905184,0.2355284469075489,0.21570451352876513,-0.01982393337878377
508,poly-higg,1000.0,1.72,1.5951123559228417,0.2355284469075489,0.20279127914162465,-0.03273716776592425
508,poly-higg,10000.0,1.4183669622711517,1.554979256487793,0.15178860677896133,0.191724599888274,0.03993599310931267
508,poly-higg,100000.0,1.4410542584139543,1.5227919340939435,0.15868033312915558,0.1826405677826178,0.023960234653462226
508,poly-higg,15000000.0,1.14,1.4156965751374133,0.05690485133647256,0.15097018141577848,0.09406533007930593
515,poly-higg,100.0,6.71,7.559124165639108,0.8267225201689921,0.878471479090513,0.05174895892152098
515,poly-higg,1000.0,5.691395576632083,6.983780581610465,0.755218772004044,0.8440905861252416,0.0888718141211976
515,poly-higg,10000.0,5.425949696535762,6.420537127402398,0.7344757631413518,0.8075713616684157,0.07309559852706393
515,poly-higg,100000.0,5.426417598201115,5.803708410947824,0.734513212502573,0.7637055845552414,0.029192372052668447
515,poly-higg,15000000.0,3.00470612918506,4.754154097265588,0.477802002889748,0.6770732544867147,0.19927125159696674
517,poly-higg,100.0,88.57646767469906,125.63570569741566,1.9473183571411703,2.099113083538399,0.15179472639722857
517,poly-higg,1000.0,78.772050896506,108.15707926784044,1.8963721528381172,2.0340549508332586,0.13768279799514138
517,poly-higg,10000.0,72.44930075569195,92.94842395214687,1.8600341982349373,1.9682420302059402,0.10820783197100292
517,poly-higg,100000.0,65.02211788951377,79.48765697862487,1.8130611111574835,1.9002996956722265,0.08723858451474298
517,poly-higg,15000000.0,18.94786898775565,54.977082176958994,1.2775603732011858,1.7401816866156259,0.4626213134144401
514,poly-higg,100.0,5.25,3.1063900686653096,0.7201593034059569,0.4922559890720021,-0.22790331433395483
514,poly-higg,1000.0,5.132474531519482,2.8694543409333995,0.7103268029821337,0.4577993185973744,-0.2525274843847593
514,poly-higg,10000.0,5.29679914324673,2.694356335891564,0.7240135046264615,0.4304550318018128,-0.2935584728246487
514,poly-higg,100000.0,5.461123754973978,2.4961105954402347,0.7372820182299821,0.397263823768938,-0.3400181944610441
514,poly-higg,15000000.0,2.16,2.0686077338500684,0.3344537511509309,0.31567814403656075,-0.018775607114370152
518,poly-higg,100.0,1.82,1.8415728196299281,0.2600713879850748,0.26518889644001203,0.005117508454937247
518,poly-higg,1000.0,1.82,1.7797226148822536,0.2600713879850748,0.25035231904293415,-0.00971906894214064
518,poly-higg,10000.0,1.5960672785417862,1.7317451485139401,0.2030511940846455,0.23848397963408144,0.035432785549435936
518,poly-higg,100000.0,1.604774931875364,1.690068460527847,0.20541413163270322,0.22790429717419322,0.022490165541489998
518,poly-higg,15000000.0,1.6105121914967662,1.5745677050593638,0.20696401675566756,0.1971613396638918,-0.009802677091775763
509,poly-higg,100.0,14.6,24.105738174625237,1.1643528557844371,1.3821204351452168,0.21776757936077962
509,poly-higg,1000.0,11.911294294387185,19.8864598894753,1.0759589549647033,1.2985574785842862,0.22259852361958288
509,poly-higg,10000.0,12.311684208098823,16.497811726053726,1.0903174674115488,1.217426343103321,0.1271088756917722
509,poly-higg,100000.0,12.666615154277906,13.502349269931909,1.1026605757188572,1.1304093378434583,0.02774876212460109
509,poly-higg,15000000.0,3.2894519705939445,8.948580992483496,0.51712354963021,0.9517541731937419,0.4346306235635319
512,poly-higg,100.0,14.13,22.661066686902302,1.1501421618485586,1.355280348834191,0.20513818698563235
512,poly-higg,1000.0,14.773708753852125,19.488718278286935,1.1694895331686788,1.2897832776516673,0.12029374448298857
512,poly-higg,10000.0,15.417417507704249,16.660848665518415,1.1880116333724018,1.2216971196016448,0.033685486229243056
512,poly-higg,100000.0,16.061126261556375,14.146246777951225,1.2057759962371204,1.1506412299777058,-0.0551347662594146
512,poly-higg,15000000.0,4.075273287044114,9.073934488770423,0.6101567377571193,0.9577956394585175,0.3476389017013982
505,poly-higg,100.0,3.1,5.081199438024817,0.4913616938342727,0.7059662413841814,0.2146045475499087
505,poly-higg,1000.0,3.090004176425829,4.754290670233908,0.4899590664143058,0.6770857303201392,0.18712666390583338
505,poly-higg,10000.0,3.1703124375952543,4.41544671691735,0.5011020645007631,0.6449746483162788,0.1438725838155157
505,poly-higg,100000.0,3.250620698764679,3.982623097373463,0.511966296458957,0.6001692081225923,0.08820291166363536
505,poly-higg,15000000.0,1.79,2.975425632995742,0.2528530309798932,0.47354910009461426,0.22069606911472106
516,poly-higg,100.0,20.23,32.7653746937404,1.3059958827708047,1.5154151387653272,0.2094192559945225
516,poly-higg,1000.0,20.728437778133426,27.818281653339053,1.3165665722384758,1.4443302999363645,0.12776372769788868
516,poly-higg,10000.0,16.56236264609049,23.66866052433813,1.219122289633045,1.3741736806857765,0.15505139105273158
516,poly-higg,100000.0,16.339430136328815,20.040812405746426,1.2132369057481982,1.3019153227930795,0.08867841704488133
516,poly-higg,15000000.0,4.712363191521079,13.66463835958644,0.6732387550377368,1.1355981423942607,0.46235938735652393
507,poly-higg,100.0,61.0,78.5936676292481,1.7853298350107671,1.895387555906308,0.11005772089554089
507,poly-higg,1000.0,63.08708953794008,67.21452663245478,1.7999404921108715,1.8274631444008942,0.02752265229002271
507,poly-higg,10000.0,65.17417907588015,57.0053768646731,1.814075569567092,1.7559158211554085,-0.05815974841168359
507,poly-higg,100000.0,58.68797105586572,47.72208450027229,1.768549095465643,1.678719405392144,-0.08982969007349917
507,poly-higg,15000000.0,10.463958633272128,30.507599488957375,1.0196960141054634,1.4844080362325571,0.4647120221270937
513,poly-higg,100.0,32.91703110346997,35.20343500019204,1.5174206578426286,1.5465850421384881,0.029164384295859547
513,poly-higg,1000.0,33.17984165373529,30.200588141770726,1.5208743090821608,1.48001540071339,-0.04085890836877071
513,poly-higg,10000.0,31.087439816165663,25.916162436471176,1.492584957504934,1.4135706933385002,-0.07901426416643376
513,poly-higg,100000.0,29.22844459852041,22.190195558139422,1.4658057048458746,1.346161129606799,-0.11964457523907557
513,poly-higg,15000000.0,6.9844521999087785,14.410559745449923,0.8441323494786578,1.1586808503239745,0.3145485008453167
630,adalimumab,100.0,36.409639311346425,64.14036125689117,1.5612163766579805,1.80713140167026,0.24591502501227946
630,adalimumab,1000.0,38.00580243930652,55.68017269658839,1.5798499064851734,1.745700573604285,0.16585066711911156
630,adalimumab,10000.0,39.60196556726662,47.984567719617736,1.5977167418303881,1.681101586712357,0.08338484488196896
630,adalimumab,100000.0,40.86606349338408,40.3877665157659,1.6113628054277882,1.6062498369110503,-0.005112968516737926
630,adalimumab,15000000.0,6.360255266991149,25.75785243247659,0.8034745462806387,1.4109096507838563,0.6074351045032176
631,adalimumab,100.0,52.19857144459378,64.20696076994257,1.7176586175191282,1.8075821131172134,0.08992349559808521
631,adalimumab,1000.0,52.12424942979692,55.73760427946907,1.7170398143445116,1.7461482978798548,0.029108483535343233
631,adalimumab,10000.0,53.14314424266189,48.03884278987201,1.725447246100622,1.6815925371150033,-0.04385470898561872
631,adalimumab,100000.0,47.45329065859241,40.453003111996594,1.6762663340513246,1.6069507678903474,-0.06931556616097723
631,adalimumab,15000000.0,8.137937880920497,25.80927200956435,0.9105143704427501,1.4117757547690544,0.5012613843263043
