{
    "lr": 8.839569671076782e-05,
    "n_layers": 3,
    "hidden_size": 128,
    "dropout": 0.47423294736942,
    "batch_size": 64,
    "weight_decay": 0.00031237887722846536,
    "lambda_input": 0.054211961377301096,
    "lambda_shear": 0.42603834506818966
}