Group,Shear_rate,Concept,Concept_idx,Activation_type,Intervention_value,Baseline_log_visc,Predicted_log_visc,Delta_log_visc
adalimumab,100,self_interaction,0,tanh,-1.0,0.9775008669204919,0.760545552592611,-0.21695531432788084
adalimumab,100,self_interaction,0,tanh,-0.5,0.9775008669204919,0.8915404856794953,-0.08596038124099659
adalimumab,100,self_interaction,0,tanh,0.0,0.9775008669204919,1.0076628195967383,0.03016195267624644
adalimumab,100,self_interaction,0,tanh,0.5,0.9775008669204919,1.1187555036973222,0.14125463677683037
adalimumab,100,self_interaction,0,tanh,1.0,0.9775008669204919,1.2820497545142064,0.30454888759371457
adalimumab,100,hydrophobicity,1,sigmoid,0.0,0.9775008669204919,0.9692409426847035,-0.008259924235788363
adalimumab,100,hydrophobicity,1,sigmoid,0.25,0.9775008669204919,0.9765283229902677,-0.0009725439302241679
adalimumab,100,hydrophobicity,1,sigmoid,0.5,0.9775008669204919,0.9773291484949421,-0.00017171842554974948
adalimumab,100,hydrophobicity,1,sigmoid,0.75,0.9775008669204919,0.9778529577828048,0.00035209086231291487
adalimumab,100,hydrophobicity,1,sigmoid,1.0,0.9775008669204919,0.9811614258057915,0.003660558885299592
adalimumab,100,charge_environment,2,tanh,-1.0,0.9775008669204919,0.949377614784368,-0.028123252136123877
adalimumab,100,charge_environment,2,tanh,-0.5,0.9775008669204919,0.9701119667168858,-0.0073889002036060525
adalimumab,100,charge_environment,2,tanh,0.0,0.9775008669204919,0.9790187014151441,0.0015178344946522593
adalimumab,100,charge_environment,2,tanh,0.5,0.9775008669204919,0.9590828467507813,-0.018418020169710614
adalimumab,100,charge_environment,2,tanh,1.0,0.9775008669204919,0.9220077009137221,-0.05549316600676979
adalimumab,100,ionic_screening,3,sigmoid,0.0,0.9775008669204919,0.992805419857959,0.01530455293746713
adalimumab,100,ionic_screening,3,sigmoid,0.25,0.9775008669204919,0.9804427475141584,0.0029418805936665127
adalimumab,100,ionic_screening,3,sigmoid,0.5,0.9775008669204919,0.9651764567277923,-0.012324410192699586
adalimumab,100,ionic_screening,3,sigmoid,0.75,0.9775008669204919,0.9541024413329561,-0.023398425587535798
adalimumab,100,ionic_screening,3,sigmoid,1.0,0.9775008669204919,0.9416925013949136,-0.03580836552557831
adalimumab,100,crowding,4,sigmoid,0.0,0.9775008669204919,0.9777485385713616,0.00024767165086969634
adalimumab,100,crowding,4,sigmoid,0.25,0.9775008669204919,0.974801650072729,-0.002699216847762864
adalimumab,100,crowding,4,sigmoid,0.5,0.9775008669204919,0.9775794119562767,7.85450357848605e-05
adalimumab,100,crowding,4,sigmoid,0.75,0.9775008669204919,0.9774829878211829,-1.7879099308948376e-05
adalimumab,100,crowding,4,sigmoid,1.0,0.9775008669204919,0.9702083469229887,-0.007292519997503133
adalimumab,100,nonlinear_conc,5,sigmoid,0.0,0.9775008669204919,0.9807405421436804,0.003239675223188576
adalimumab,100,nonlinear_conc,5,sigmoid,0.25,0.9775008669204919,0.9808272140427876,0.0033263471222957364
adalimumab,100,nonlinear_conc,5,sigmoid,0.5,0.9775008669204919,0.9768884089289301,-0.0006124579915617323
adalimumab,100,nonlinear_conc,5,sigmoid,0.75,0.9775008669204919,0.9664586561150899,-0.01104221080540202
adalimumab,100,nonlinear_conc,5,sigmoid,1.0,0.9775008669204919,0.9516942101211209,-0.025806656799370997
adalimumab,100,cosolute_interaction,6,tanh,-1.0,0.9775008669204919,0.5731899382949253,-0.4043109286255666
adalimumab,100,cosolute_interaction,6,tanh,-0.5,0.9775008669204919,0.7048312700099895,-0.2726695969105024
adalimumab,100,cosolute_interaction,6,tanh,0.0,0.9775008669204919,0.908816176369033,-0.06868469055145887
adalimumab,100,cosolute_interaction,6,tanh,0.5,0.9775008669204919,0.9964846046354134,0.018983737714921567
adalimumab,100,cosolute_interaction,6,tanh,1.0,0.9775008669204919,1.1829130481593833,0.20541218123889138
adalimumab,100,cosolute_protection,7,sigmoid,0.0,0.9775008669204919,0.9668573995657717,-0.010643467354720215
adalimumab,100,cosolute_protection,7,sigmoid,0.25,0.9775008669204919,0.9797298239203371,0.0022289569998452663
adalimumab,100,cosolute_protection,7,sigmoid,0.5,0.9775008669204919,0.9784935742575535,0.0009927073370615824
adalimumab,100,cosolute_protection,7,sigmoid,0.75,0.9775008669204919,0.9714568088452513,-0.006044058075240555
adalimumab,100,cosolute_protection,7,sigmoid,1.0,0.9775008669204919,0.9676279140667037,-0.009872952853788197
adalimumab,100,latent_0,8,tanh,-1.0,0.9775008669204919,0.4259708867034126,-0.5515299802170792
adalimumab,100,latent_0,8,tanh,-0.5,0.9775008669204919,0.5959946361144076,-0.38150623080608426
adalimumab,100,latent_0,8,tanh,0.0,0.9775008669204919,0.9645053974623283,-0.012995469458163544
adalimumab,100,latent_0,8,tanh,0.5,0.9775008669204919,1.4449381893128694,0.46743732239237756
adalimumab,100,latent_0,8,tanh,1.0,0.9775008669204919,2.076064069144729,1.0985632022242373
adalimumab,1k,self_interaction,0,tanh,-1.0,0.9247280915351138,0.7083523104200918,-0.21637578111502198
adalimumab,1k,self_interaction,0,tanh,-0.5,0.9247280915351138,0.8557076956349592,-0.06902039590015463
adalimumab,1k,self_interaction,0,tanh,0.0,0.9247280915351138,0.9488466011419927,0.02411850960687889
adalimumab,1k,self_interaction,0,tanh,0.5,0.9247280915351138,1.0809004864842626,0.1561723949491488
adalimumab,1k,self_interaction,0,tanh,1.0,0.9247280915351138,1.2478107961186335,0.32308270458351973
adalimumab,1k,hydrophobicity,1,sigmoid,0.0,0.9247280915351138,0.9143446398777149,-0.010383451657398957
adalimumab,1k,hydrophobicity,1,sigmoid,0.25,0.9247280915351138,0.9171785869406637,-0.0075495045944501404
adalimumab,1k,hydrophobicity,1,sigmoid,0.5,0.9247280915351138,0.9228188058022744,-0.0019092857328394386
adalimumab,1k,hydrophobicity,1,sigmoid,0.75,0.9247280915351138,0.9255983248454593,0.0008702333103455251
adalimumab,1k,hydrophobicity,1,sigmoid,1.0,0.9247280915351138,0.9237783906801739,-0.0009497008549399499
adalimumab,1k,charge_environment,2,tanh,-1.0,0.9247280915351138,0.9260959085257363,0.0013678169906224946
adalimumab,1k,charge_environment,2,tanh,-0.5,0.9247280915351138,0.9335471878964645,0.008819096361350698
adalimumab,1k,charge_environment,2,tanh,0.0,0.9247280915351138,0.9183094948831945,-0.0064185966519193505
adalimumab,1k,charge_environment,2,tanh,0.5,0.9247280915351138,0.8869878607753574,-0.03774023075975641
adalimumab,1k,charge_environment,2,tanh,1.0,0.9247280915351138,0.8731224655097848,-0.05160562602532903
adalimumab,1k,ionic_screening,3,sigmoid,0.0,0.9247280915351138,0.9306995349883452,0.0059714434532314176
adalimumab,1k,ionic_screening,3,sigmoid,0.25,0.9247280915351138,0.9253796023996133,0.0006515108644994383
adalimumab,1k,ionic_screening,3,sigmoid,0.5,0.9247280915351138,0.919970625746264,-0.004757465788849835
adalimumab,1k,ionic_screening,3,sigmoid,0.75,0.9247280915351138,0.9142050335445358,-0.010523057990578066
adalimumab,1k,ionic_screening,3,sigmoid,1.0,0.9247280915351138,0.907245275653336,-0.017482815881777802
adalimumab,1k,crowding,4,sigmoid,0.0,0.9247280915351138,0.9150077040668293,-0.00972038746828452
adalimumab,1k,crowding,4,sigmoid,0.25,0.9247280915351138,0.9182483457278183,-0.0064797458072954894
adalimumab,1k,crowding,4,sigmoid,0.5,0.9247280915351138,0.9223659857637563,-0.0023621057713575366
adalimumab,1k,crowding,4,sigmoid,0.75,0.9247280915351138,0.9299894228499437,0.005261331314829865
adalimumab,1k,crowding,4,sigmoid,1.0,0.9247280915351138,0.9264827032908848,0.0017546117557709628
adalimumab,1k,nonlinear_conc,5,sigmoid,0.0,0.9247280915351138,0.9276948359376473,0.0029667444025335277
adalimumab,1k,nonlinear_conc,5,sigmoid,0.25,0.9247280915351138,0.9241806045211391,-0.0005474870139746679
adalimumab,1k,nonlinear_conc,5,sigmoid,0.5,0.9247280915351138,0.9248385290183146,0.00011043748320083147
adalimumab,1k,nonlinear_conc,5,sigmoid,0.75,0.9247280915351138,0.9193162155683631,-0.0054118759667507454
adalimumab,1k,nonlinear_conc,5,sigmoid,1.0,0.9247280915351138,0.9068145958262472,-0.017913495708866578
adalimumab,1k,cosolute_interaction,6,tanh,-1.0,0.9247280915351138,0.567611220020618,-0.3571168715144958
adalimumab,1k,cosolute_interaction,6,tanh,-0.5,0.9247280915351138,0.6981093656401862,-0.2266187258949276
adalimumab,1k,cosolute_interaction,6,tanh,0.0,0.9247280915351138,0.8767965984532822,-0.047931493081831644
adalimumab,1k,cosolute_interaction,6,tanh,0.5,0.9247280915351138,0.9393286823929097,0.014600590857795859
adalimumab,1k,cosolute_interaction,6,tanh,1.0,0.9247280915351138,1.1354750094326809,0.21074691789756705
adalimumab,1k,cosolute_protection,7,sigmoid,0.0,0.9247280915351138,0.9074949680377884,-0.01723312349732542
adalimumab,1k,cosolute_protection,7,sigmoid,0.25,0.9247280915351138,0.9165390686906882,-0.008189022844425575
adalimumab,1k,cosolute_protection,7,sigmoid,0.5,0.9247280915351138,0.9236272310223799,-0.0011008605127339477
adalimumab,1k,cosolute_protection,7,sigmoid,0.75,0.9247280915351138,0.9256037720403348,0.0008756805052210215
adalimumab,1k,cosolute_protection,7,sigmoid,1.0,0.9247280915351138,0.9276564419995734,0.002928350464459606
adalimumab,1k,latent_0,8,tanh,-1.0,0.9247280915351138,0.3940008881450514,-0.5307272033900624
adalimumab,1k,latent_0,8,tanh,-0.5,0.9247280915351138,0.5772013964686589,-0.34752669506645495
adalimumab,1k,latent_0,8,tanh,0.0,0.9247280915351138,0.9178680524533276,-0.006860039081786229
adalimumab,1k,latent_0,8,tanh,0.5,0.9247280915351138,1.4157818151680273,0.49105372363291344
adalimumab,1k,latent_0,8,tanh,1.0,0.9247280915351138,2.0488421520445304,1.1241140605094166
adalimumab,10k,self_interaction,0,tanh,-1.0,0.844388161109809,0.6538116347591861,-0.19057652635062283
adalimumab,10k,self_interaction,0,tanh,-0.5,0.844388161109809,0.8081410987162969,-0.03624706239351205
adalimumab,10k,self_interaction,0,tanh,0.0,0.844388161109809,0.8697445018231451,0.025356340713336145
adalimumab,10k,self_interaction,0,tanh,0.5,0.844388161109809,1.0353149333051257,0.19092677219531673
adalimumab,10k,self_interaction,0,tanh,1.0,0.844388161109809,1.2197468041912758,0.3753586430814668
adalimumab,10k,hydrophobicity,1,sigmoid,0.0,0.844388161109809,0.8407717288958997,-0.003616432213909282
adalimumab,10k,hydrophobicity,1,sigmoid,0.25,0.844388161109809,0.8406164838419491,-0.0037716772678598742
adalimumab,10k,hydrophobicity,1,sigmoid,0.5,0.844388161109809,0.8437559790013192,-0.0006321821084898094
adalimumab,10k,hydrophobicity,1,sigmoid,0.75,0.844388161109809,0.8448972541857098,0.0005090930759008572
adalimumab,10k,hydrophobicity,1,sigmoid,1.0,0.844388161109809,0.8450776266224731,0.0006894655126641336
adalimumab,10k,charge_environment,2,tanh,-1.0,0.844388161109809,0.8839402870295106,0.039552125919701586
adalimumab,10k,charge_environment,2,tanh,-0.5,0.844388161109809,0.858819054275638,0.014430893165829017
adalimumab,10k,charge_environment,2,tanh,0.0,0.844388161109809,0.840217345030349,-0.004170816079460016
adalimumab,10k,charge_environment,2,tanh,0.5,0.844388161109809,0.8279103966115444,-0.016477764498264547
adalimumab,10k,charge_environment,2,tanh,1.0,0.844388161109809,0.8223495574365461,-0.022038603673262824
adalimumab,10k,ionic_screening,3,sigmoid,0.0,0.844388161109809,0.8504526900948235,0.006064528985014528
adalimumab,10k,ionic_screening,3,sigmoid,0.25,0.844388161109809,0.8449119045041853,0.0005237433943763303
adalimumab,10k,ionic_screening,3,sigmoid,0.5,0.844388161109809,0.8432081405554172,-0.001180020554391814
adalimumab,10k,ionic_screening,3,sigmoid,0.75,0.844388161109809,0.8456861310048509,0.0012979698950419394
adalimumab,10k,ionic_screening,3,sigmoid,1.0,0.844388161109809,0.8474351418142783,0.003046980704469293
adalimumab,10k,crowding,4,sigmoid,0.0,0.844388161109809,0.8284413223959379,-0.015946838713871037
adalimumab,10k,crowding,4,sigmoid,0.25,0.844388161109809,0.8341570991219502,-0.010231061987858725
adalimumab,10k,crowding,4,sigmoid,0.5,0.844388161109809,0.8420361590063656,-0.002352002103443329
adalimumab,10k,crowding,4,sigmoid,0.75,0.844388161109809,0.8493784725150892,0.004990311405280279
adalimumab,10k,crowding,4,sigmoid,1.0,0.844388161109809,0.8523986784995858,0.008010517389776872
adalimumab,10k,nonlinear_conc,5,sigmoid,0.0,0.844388161109809,0.8477690680388411,0.003380906929032146
adalimumab,10k,nonlinear_conc,5,sigmoid,0.25,0.844388161109809,0.8460085258692944,0.0016203647594854598
adalimumab,10k,nonlinear_conc,5,sigmoid,0.5,0.844388161109809,0.8442898480281051,-9.831308170382691e-05
adalimumab,10k,nonlinear_conc,5,sigmoid,0.75,0.844388161109809,0.8444456421944424,5.748108463343726e-05
adalimumab,10k,nonlinear_conc,5,sigmoid,1.0,0.844388161109809,0.8520172211068355,0.007629059997026566
adalimumab,10k,cosolute_interaction,6,tanh,-1.0,0.844388161109809,0.5559216221847402,-0.2884665389250688
adalimumab,10k,cosolute_interaction,6,tanh,-0.5,0.844388161109809,0.6842273212870507,-0.1601608398227583
adalimumab,10k,cosolute_interaction,6,tanh,0.0,0.844388161109809,0.8082151629950068,-0.036172998114802124
adalimumab,10k,cosolute_interaction,6,tanh,0.5,0.844388161109809,0.8571472047387813,0.012759043628972289
adalimumab,10k,cosolute_interaction,6,tanh,1.0,0.844388161109809,1.0437873420700479,0.1993991809602389
adalimumab,10k,cosolute_protection,7,sigmoid,0.0,0.844388161109809,0.8334924095601715,-0.010895751549637511
adalimumab,10k,cosolute_protection,7,sigmoid,0.25,0.844388161109809,0.838465522765502,-0.005922638344306952
adalimumab,10k,cosolute_protection,7,sigmoid,0.5,0.844388161109809,0.8433979577252306,-0.0009902033845783365
adalimumab,10k,cosolute_protection,7,sigmoid,0.75,0.844388161109809,0.8496441330877452,0.005255971977936258
adalimumab,10k,cosolute_protection,7,sigmoid,1.0,0.844388161109809,0.8570486720121228,0.012660510902313793
adalimumab,10k,latent_0,8,tanh,-1.0,0.844388161109809,0.3568349301014898,-0.48755323100831915
adalimumab,10k,latent_0,8,tanh,-0.5,0.844388161109809,0.5653345671188694,-0.27905359399093954
adalimumab,10k,latent_0,8,tanh,0.0,0.844388161109809,0.8359329725093319,-0.008455188600477115
adalimumab,10k,latent_0,8,tanh,0.5,0.844388161109809,1.3624884812401155,0.5181003201303065
adalimumab,10k,latent_0,8,tanh,1.0,0.844388161109809,2.005217676878541,1.1608295157687318
adalimumab,100k,self_interaction,0,tanh,-1.0,0.7544088702399923,0.5816077378329962,-0.17280113240699602
adalimumab,100k,self_interaction,0,tanh,-0.5,0.7544088702399923,0.7139426918414913,-0.040466178398500974
adalimumab,100k,self_interaction,0,tanh,0.0,0.7544088702399923,0.781868794613056,0.02745992437306377
adalimumab,100k,self_interaction,0,tanh,0.5,0.7544088702399923,0.9561776907935333,0.20176882055354106
adalimumab,100k,self_interaction,0,tanh,1.0,0.7544088702399923,1.1694677897630759,0.4150589195230836
adalimumab,100k,hydrophobicity,1,sigmoid,0.0,0.7544088702399923,0.7267457962483674,-0.02766307399162482
adalimumab,100k,hydrophobicity,1,sigmoid,0.25,0.7544088702399923,0.734708035677111,-0.019700834562881298
adalimumab,100k,hydrophobicity,1,sigmoid,0.5,0.7544088702399923,0.7498475473956498,-0.004561322844342408
adalimumab,100k,hydrophobicity,1,sigmoid,0.75,0.7544088702399923,0.7600404350903895,0.005631564850397286
adalimumab,100k,hydrophobicity,1,sigmoid,1.0,0.7544088702399923,0.7666449172674339,0.012236047027441632
adalimumab,100k,charge_environment,2,tanh,-1.0,0.7544088702399923,0.780614929424909,0.026206059184916697
adalimumab,100k,charge_environment,2,tanh,-0.5,0.7544088702399923,0.7621544079564726,0.007745537716480344
adalimumab,100k,charge_environment,2,tanh,0.0,0.7544088702399923,0.7573672900987443,0.002958419858752004
adalimumab,100k,charge_environment,2,tanh,0.5,0.7544088702399923,0.7543308962810895,-7.797395890274395e-05
adalimumab,100k,charge_environment,2,tanh,1.0,0.7544088702399923,0.7551683585642004,0.0007594883242081352
adalimumab,100k,ionic_screening,3,sigmoid,0.0,0.7544088702399923,0.7404280076217572,-0.013980862618235057
adalimumab,100k,ionic_screening,3,sigmoid,0.25,0.7544088702399923,0.7520488071667131,-0.002360063073279184
adalimumab,100k,ionic_screening,3,sigmoid,0.5,0.7544088702399923,0.7644139614985013,0.010005091258509013
adalimumab,100k,ionic_screening,3,sigmoid,0.75,0.7544088702399923,0.7714275543680873,0.01701868412809504
adalimumab,100k,ionic_screening,3,sigmoid,1.0,0.7544088702399923,0.7840188771096844,0.029610006869692174
adalimumab,100k,crowding,4,sigmoid,0.0,0.7544088702399923,0.7284345364822371,-0.025974333757755153
adalimumab,100k,crowding,4,sigmoid,0.25,0.7544088702399923,0.7397609019654772,-0.014647968274515089
adalimumab,100k,crowding,4,sigmoid,0.5,0.7544088702399923,0.7513267024137872,-0.0030821678262050733
adalimumab,100k,crowding,4,sigmoid,0.75,0.7544088702399923,0.7646519028778798,0.010243032637887506
adalimumab,100k,crowding,4,sigmoid,1.0,0.7544088702399923,0.7713438916048589,0.016935021364866687
adalimumab,100k,nonlinear_conc,5,sigmoid,0.0,0.7544088702399923,0.7401757014623442,-0.01423316877764802
adalimumab,100k,nonlinear_conc,5,sigmoid,0.25,0.7544088702399923,0.7464032289682087,-0.008005641271783603
adalimumab,100k,nonlinear_conc,5,sigmoid,0.5,0.7544088702399923,0.7551103283671804,0.000701458127188137
adalimumab,100k,nonlinear_conc,5,sigmoid,0.75,0.7544088702399923,0.7639735733644168,0.00956470312442459
adalimumab,100k,nonlinear_conc,5,sigmoid,1.0,0.7544088702399923,0.7729160882257884,0.01850721798579613
adalimumab,100k,cosolute_interaction,6,tanh,-1.0,0.7544088702399923,0.4960995437784921,-0.2583093264615002
adalimumab,100k,cosolute_interaction,6,tanh,-0.5,0.7544088702399923,0.5934992278200697,-0.16090964241992256
adalimumab,100k,cosolute_interaction,6,tanh,0.0,0.7544088702399923,0.721140786472988,-0.0332680837670043
adalimumab,100k,cosolute_interaction,6,tanh,0.5,0.7544088702399923,0.7706216770294558,0.016212806789463574
adalimumab,100k,cosolute_interaction,6,tanh,1.0,0.7544088702399923,0.9550729645295974,0.2006640942896052
adalimumab,100k,cosolute_protection,7,sigmoid,0.0,0.7544088702399923,0.7196628175376056,-0.03474605270238662
adalimumab,100k,cosolute_protection,7,sigmoid,0.25,0.7544088702399923,0.7341956259623948,-0.02021324427759741
adalimumab,100k,cosolute_protection,7,sigmoid,0.5,0.7544088702399923,0.7505014304256596,-0.003907439814332614
adalimumab,100k,cosolute_protection,7,sigmoid,0.75,0.7544088702399923,0.7746528867757367,0.02024401653574448
adalimumab,100k,cosolute_protection,7,sigmoid,1.0,0.7544088702399923,0.7912154122620031,0.036806542022010835
adalimumab,100k,latent_0,8,tanh,-1.0,0.7544088702399923,0.3064373623090144,-0.44797150793097784
adalimumab,100k,latent_0,8,tanh,-0.5,0.7544088702399923,0.505390810898866,-0.2490180593411263
adalimumab,100k,latent_0,8,tanh,0.0,0.7544088702399923,0.7456501982056674,-0.0087586720343249
adalimumab,100k,latent_0,8,tanh,0.5,0.7544088702399923,1.3068206096364126,0.5524117393964203
adalimumab,100k,latent_0,8,tanh,1.0,0.7544088702399923,1.9459800476137925,1.1915711773738002
adalimumab,15M,self_interaction,0,tanh,-1.0,0.4412977555682728,0.352410896336055,-0.08888685923221779
adalimumab,15M,self_interaction,0,tanh,-0.5,0.4412977555682728,0.41715674882691334,-0.02414100674135944
adalimumab,15M,self_interaction,0,tanh,0.0,0.4412977555682728,0.44749512582186296,0.006197370253590184
adalimumab,15M,self_interaction,0,tanh,0.5,0.4412977555682728,0.5416947242705477,0.10039696870227488
adalimumab,15M,self_interaction,0,tanh,1.0,0.4412977555682728,0.7243835147610462,0.28308575919277346
adalimumab,15M,hydrophobicity,1,sigmoid,0.0,0.4412977555682728,0.4168341562820106,-0.024463599286262183
adalimumab,15M,hydrophobicity,1,sigmoid,0.25,0.4412977555682728,0.42539548830682516,-0.01590226726144761
adalimumab,15M,hydrophobicity,1,sigmoid,0.5,0.4412977555682728,0.4363470900773079,-0.004950665490964901
adalimumab,15M,hydrophobicity,1,sigmoid,0.75,0.4412977555682728,0.44726507518748054,0.005967319619207767
adalimumab,15M,hydrophobicity,1,sigmoid,1.0,0.4412977555682728,0.4608370906871196,0.019539335118846812
adalimumab,15M,charge_environment,2,tanh,-1.0,0.4412977555682728,0.462188346448161,0.020890590879888205
adalimumab,15M,charge_environment,2,tanh,-0.5,0.4412977555682728,0.4439256482081351,0.0026278926398623503
adalimumab,15M,charge_environment,2,tanh,0.0,0.4412977555682728,0.44034049343576875,-0.000957262132504022
adalimumab,15M,charge_environment,2,tanh,0.5,0.4412977555682728,0.4382755453235649,-0.0030222102447078902
adalimumab,15M,charge_environment,2,tanh,1.0,0.4412977555682728,0.4314396342400476,-0.009858121328225167
adalimumab,15M,ionic_screening,3,sigmoid,0.0,0.4412977555682728,0.426994547505709,-0.0143032080625638
adalimumab,15M,ionic_screening,3,sigmoid,0.25,0.4412977555682728,0.43865465251530045,-0.0026431030529723287
adalimumab,15M,ionic_screening,3,sigmoid,0.5,0.4412977555682728,0.45198977544021957,0.01069201987194679
adalimumab,15M,ionic_screening,3,sigmoid,0.75,0.4412977555682728,0.46782404886039164,0.026526293292118863
adalimumab,15M,ionic_screening,3,sigmoid,1.0,0.4412977555682728,0.4906779183213165,0.049380162753043744
adalimumab,15M,crowding,4,sigmoid,0.0,0.4412977555682728,0.41986738721231837,-0.02143036835595441
adalimumab,15M,crowding,4,sigmoid,0.25,0.4412977555682728,0.4294262203253298,-0.011871535242942988
adalimumab,15M,crowding,4,sigmoid,0.5,0.4412977555682728,0.43794699490926714,-0.003350760659005636
adalimumab,15M,crowding,4,sigmoid,0.75,0.4412977555682728,0.44888159066913563,0.007583835100862857
adalimumab,15M,crowding,4,sigmoid,1.0,0.4412977555682728,0.460649541351463,0.019351785783190245
adalimumab,15M,nonlinear_conc,5,sigmoid,0.0,0.4412977555682728,0.4213012679141773,-0.01999648765409545
adalimumab,15M,nonlinear_conc,5,sigmoid,0.25,0.4412977555682728,0.43178838649904977,-0.009509369069223006
adalimumab,15M,nonlinear_conc,5,sigmoid,0.5,0.4412977555682728,0.44217159654699856,0.0008738409787257817
adalimumab,15M,nonlinear_conc,5,sigmoid,0.75,0.4412977555682728,0.4544665303867834,0.013168774818510642
adalimumab,15M,nonlinear_conc,5,sigmoid,1.0,0.4412977555682728,0.46920246097451423,0.02790470540624146
adalimumab,15M,cosolute_interaction,6,tanh,-1.0,0.4412977555682728,0.378091422020215,-0.06320633354805777
adalimumab,15M,cosolute_interaction,6,tanh,-0.5,0.4412977555682728,0.4218379374141351,-0.019459818154137665
adalimumab,15M,cosolute_interaction,6,tanh,0.0,0.4412977555682728,0.44947217751433755,0.00817442194606477
adalimumab,15M,cosolute_interaction,6,tanh,0.5,0.4412977555682728,0.43738378680766304,-0.003913968760609732
adalimumab,15M,cosolute_interaction,6,tanh,1.0,0.4412977555682728,0.5230408383662801,0.08174308279800735
adalimumab,15M,cosolute_protection,7,sigmoid,0.0,0.4412977555682728,0.42291583404685984,-0.018381921521412936
adalimumab,15M,cosolute_protection,7,sigmoid,0.25,0.4412977555682728,0.4303338976093203,-0.010963857958952494
adalimumab,15M,cosolute_protection,7,sigmoid,0.5,0.4412977555682728,0.43958262499310113,-0.0017151305751716417
adalimumab,15M,cosolute_protection,7,sigmoid,0.75,0.4412977555682728,0.45081942475495645,0.009521669186683679
adalimumab,15M,cosolute_protection,7,sigmoid,1.0,0.4412977555682728,0.46769888143741917,0.02640112586914639
adalimumab,15M,latent_0,8,tanh,-1.0,0.4412977555682728,0.22665831723991825,-0.21463943832835453
adalimumab,15M,latent_0,8,tanh,-0.5,0.4412977555682728,0.35710654305241696,-0.08419121251585582
adalimumab,15M,latent_0,8,tanh,0.0,0.4412977555682728,0.44004534552795027,-0.0012524100403225047
adalimumab,15M,latent_0,8,tanh,0.5,0.4412977555682728,0.8487816752087944,0.40748391964052166
adalimumab,15M,latent_0,8,tanh,1.0,0.4412977555682728,1.6182140733071058,1.1769163177388329
belatacept,100,self_interaction,0,tanh,-1.0,0.41103612252047983,0.2955599511130905,-0.1154761714073893
belatacept,100,self_interaction,0,tanh,-0.5,0.41103612252047983,0.32795698888341707,-0.08307913363706276
belatacept,100,self_interaction,0,tanh,0.0,0.41103612252047983,0.39906163968728975,-0.011974482833190081
belatacept,100,self_interaction,0,tanh,0.5,0.41103612252047983,0.448292349149281,0.03725622662880118
belatacept,100,self_interaction,0,tanh,1.0,0.41103612252047983,0.5188990909237877,0.10786296840330789
belatacept,100,hydrophobicity,1,sigmoid,0.0,0.41103612252047983,0.41325968723668827,0.002223564716208437
belatacept,100,hydrophobicity,1,sigmoid,0.25,0.41103612252047983,0.41342384987579783,0.0023877273553180034
belatacept,100,hydrophobicity,1,sigmoid,0.5,0.41103612252047983,0.41079521044308964,-0.00024091207739018738
belatacept,100,hydrophobicity,1,sigmoid,0.75,0.41103612252047983,0.40740888377480144,-0.003627238745678385
belatacept,100,hydrophobicity,1,sigmoid,1.0,0.41103612252047983,0.4037920561999737,-0.007244066320506115
belatacept,100,charge_environment,2,tanh,-1.0,0.41103612252047983,0.4335580658987101,0.02252194337823027
belatacept,100,charge_environment,2,tanh,-0.5,0.41103612252047983,0.4205901618823559,0.009554039361876043
belatacept,100,charge_environment,2,tanh,0.0,0.41103612252047983,0.4124770593165071,0.0014409367960272479
belatacept,100,charge_environment,2,tanh,0.5,0.41103612252047983,0.40663962125011105,-0.00439650127036878
belatacept,100,charge_environment,2,tanh,1.0,0.41103612252047983,0.39741165580566895,-0.013624466714810879
belatacept,100,ionic_screening,3,sigmoid,0.0,0.41103612252047983,0.4118892290154861,0.0008531064950062506
belatacept,100,ionic_screening,3,sigmoid,0.25,0.41103612252047983,0.41168261449776544,0.0006464919772856126
belatacept,100,ionic_screening,3,sigmoid,0.5,0.41103612252047983,0.41096649506985394,-6.962745062588649e-05
belatacept,100,ionic_screening,3,sigmoid,0.75,0.41103612252047983,0.4064019763914214,-0.004634146129058436
belatacept,100,ionic_screening,3,sigmoid,1.0,0.41103612252047983,0.4000872937675496,-0.01094882875293024
belatacept,100,crowding,4,sigmoid,0.0,0.41103612252047983,0.4145556803271383,0.0035195578066584687
belatacept,100,crowding,4,sigmoid,0.25,0.41103612252047983,0.412052848033333,0.001016725512853145
belatacept,100,crowding,4,sigmoid,0.5,0.41103612252047983,0.4090223846294539,-0.002013737891025935
belatacept,100,crowding,4,sigmoid,0.75,0.41103612252047983,0.40617227169784254,-0.0048638508226372945
belatacept,100,crowding,4,sigmoid,1.0,0.41103612252047983,0.4020546096974091,-0.008981512823070747
belatacept,100,nonlinear_conc,5,sigmoid,0.0,0.41103612252047983,0.4101331291651473,-0.0009029933553325042
belatacept,100,nonlinear_conc,5,sigmoid,0.25,0.41103612252047983,0.41111368464509257,7.756212461274004e-05
belatacept,100,nonlinear_conc,5,sigmoid,0.5,0.41103612252047983,0.4100903807658475,-0.0009457417546323565
belatacept,100,nonlinear_conc,5,sigmoid,0.75,0.41103612252047983,0.4067699585662037,-0.004266163954276148
belatacept,100,nonlinear_conc,5,sigmoid,1.0,0.41103612252047983,0.4042263272220711,-0.0068097952984087495
belatacept,100,cosolute_interaction,6,tanh,-1.0,0.41103612252047983,0.29838080733674177,-0.11265531518373806
belatacept,100,cosolute_interaction,6,tanh,-0.5,0.41103612252047983,0.3732469109358352,-0.037789211584644655
belatacept,100,cosolute_interaction,6,tanh,0.0,0.41103612252047983,0.41014591799263217,-0.00089020452784766
belatacept,100,cosolute_interaction,6,tanh,0.5,0.41103612252047983,0.4561125606592204,0.04507643813874057
belatacept,100,cosolute_interaction,6,tanh,1.0,0.41103612252047983,0.5452704178364922,0.1342342953160124
belatacept,100,cosolute_protection,7,sigmoid,0.0,0.41103612252047983,0.396067615381388,-0.014968507139091813
belatacept,100,cosolute_protection,7,sigmoid,0.25,0.41103612252047983,0.4071612340884272,-0.0038748884320526367
belatacept,100,cosolute_protection,7,sigmoid,0.5,0.41103612252047983,0.4107147984251902,-0.00032132409528962125
belatacept,100,cosolute_protection,7,sigmoid,0.75,0.41103612252047983,0.4103273996364164,-0.0007087228840634285
belatacept,100,cosolute_protection,7,sigmoid,1.0,0.41103612252047983,0.40902193435729683,-0.002014188163182995
belatacept,100,latent_0,8,tanh,-1.0,0.41103612252047983,0.20275703649319382,-0.208279086027286
belatacept,100,latent_0,8,tanh,-0.5,0.41103612252047983,0.2768769073410925,-0.13415921517938734
belatacept,100,latent_0,8,tanh,0.0,0.41103612252047983,0.4153033737172815,0.004267251196801658
belatacept,100,latent_0,8,tanh,0.5,0.41103612252047983,0.6293214309777914,0.21828530845731153
belatacept,100,latent_0,8,tanh,1.0,0.41103612252047983,0.9997221273380463,0.5886860048175665
belatacept,1k,self_interaction,0,tanh,-1.0,0.403683299000676,0.2940346267254846,-0.10964867227519143
belatacept,1k,self_interaction,0,tanh,-0.5,0.403683299000676,0.3242678651717644,-0.07941543382891159
belatacept,1k,self_interaction,0,tanh,0.0,0.403683299000676,0.3921956811739756,-0.011487617826700436
belatacept,1k,self_interaction,0,tanh,0.5,0.403683299000676,0.4409754705263066,0.03729217152563058
belatacept,1k,self_interaction,0,tanh,1.0,0.403683299000676,0.49279615779064373,0.08911285878996772
belatacept,1k,hydrophobicity,1,sigmoid,0.0,0.403683299000676,0.4093664474686742,0.005683148467998167
belatacept,1k,hydrophobicity,1,sigmoid,0.25,0.403683299000676,0.40683055860919315,0.003147259608517139
belatacept,1k,hydrophobicity,1,sigmoid,0.5,0.403683299000676,0.4034398445329357,-0.00024345446774032276
belatacept,1k,hydrophobicity,1,sigmoid,0.75,0.403683299000676,0.3996793911222587,-0.004003907878417312
belatacept,1k,hydrophobicity,1,sigmoid,1.0,0.403683299000676,0.39556783525156464,-0.008115463749111373
belatacept,1k,charge_environment,2,tanh,-1.0,0.403683299000676,0.42320348107947686,0.019520182078800852
belatacept,1k,charge_environment,2,tanh,-0.5,0.403683299000676,0.40903183485362793,0.005348535852951919
belatacept,1k,charge_environment,2,tanh,0.0,0.403683299000676,0.40573248758738334,0.002049188586707329
belatacept,1k,charge_environment,2,tanh,0.5,0.403683299000676,0.39757992580543067,-0.006103373195245343
belatacept,1k,charge_environment,2,tanh,1.0,0.403683299000676,0.3860652147735735,-0.017618084227102537
belatacept,1k,ionic_screening,3,sigmoid,0.0,0.403683299000676,0.40869425154057,0.005010952539893976
belatacept,1k,ionic_screening,3,sigmoid,0.25,0.403683299000676,0.4074096854788859,0.0037263864782098866
belatacept,1k,ionic_screening,3,sigmoid,0.5,0.403683299000676,0.4036121779643585,-7.112103631751188e-05
belatacept,1k,ionic_screening,3,sigmoid,0.75,0.403683299000676,0.3996127398607684,-0.004070559139907615
belatacept,1k,ionic_screening,3,sigmoid,1.0,0.403683299000676,0.39424786791431393,-0.009435431086362078
belatacept,1k,crowding,4,sigmoid,0.0,0.403683299000676,0.4053882490321993,0.0017049500315232669
belatacept,1k,crowding,4,sigmoid,0.25,0.403683299000676,0.4041184156558488,0.00043511665517276255
belatacept,1k,crowding,4,sigmoid,0.5,0.403683299000676,0.4021851996051996,-0.0014980993954764044
belatacept,1k,crowding,4,sigmoid,0.75,0.403683299000676,0.39893870440616896,-0.004744594594507046
belatacept,1k,crowding,4,sigmoid,1.0,0.403683299000676,0.39506427722852117,-0.008619021772154845
belatacept,1k,nonlinear_conc,5,sigmoid,0.0,0.403683299000676,0.4059398543890737,0.0022565553883976963
belatacept,1k,nonlinear_conc,5,sigmoid,0.25,0.403683299000676,0.4045362242885947,0.0008529252879186933
belatacept,1k,nonlinear_conc,5,sigmoid,0.5,0.403683299000676,0.40261646149141816,-0.0010668375092578453
belatacept,1k,nonlinear_conc,5,sigmoid,0.75,0.403683299000676,0.39949797537196086,-0.004185323628715154
belatacept,1k,nonlinear_conc,5,sigmoid,1.0,0.403683299000676,0.3963007026072686,-0.007382596393407437
belatacept,1k,cosolute_interaction,6,tanh,-1.0,0.403683299000676,0.2796062594766342,-0.12407703952404181
belatacept,1k,cosolute_interaction,6,tanh,-0.5,0.403683299000676,0.36749990069727084,-0.03618339830340517
belatacept,1k,cosolute_interaction,6,tanh,0.0,0.403683299000676,0.40291626587227536,-0.0007670331284006515
belatacept,1k,cosolute_interaction,6,tanh,0.5,0.403683299000676,0.45028863075753567,0.04660533175685966
belatacept,1k,cosolute_interaction,6,tanh,1.0,0.403683299000676,0.5239583996732302,0.1202751006725542
belatacept,1k,cosolute_protection,7,sigmoid,0.0,0.403683299000676,0.39465646244121205,-0.009026836559463958
belatacept,1k,cosolute_protection,7,sigmoid,0.25,0.403683299000676,0.4031564037012003,-0.0005268952994756937
belatacept,1k,cosolute_protection,7,sigmoid,0.5,0.403683299000676,0.40388203375564835,0.0001987347549723406
belatacept,1k,cosolute_protection,7,sigmoid,0.75,0.403683299000676,0.40245718595254965,-0.001226113048126365
belatacept,1k,cosolute_protection,7,sigmoid,1.0,0.403683299000676,0.4006064575646214,-0.0030768414360546337
belatacept,1k,latent_0,8,tanh,-1.0,0.403683299000676,0.20310563500072776,-0.20057766399994825
belatacept,1k,latent_0,8,tanh,-0.5,0.403683299000676,0.2773633769866638,-0.1263199220140122
belatacept,1k,latent_0,8,tanh,0.0,0.403683299000676,0.40791133808194774,0.004228039081271728
belatacept,1k,latent_0,8,tanh,0.5,0.403683299000676,0.5857082345802234,0.18202493557954735
belatacept,1k,latent_0,8,tanh,1.0,0.403683299000676,0.9481310418087155,0.5444477428080395
belatacept,10k,self_interaction,0,tanh,-1.0,0.3960584232400357,0.2879098491294081,-0.10814857411062762
belatacept,10k,self_interaction,0,tanh,-0.5,0.3960584232400357,0.32055254879926914,-0.07550587444076656
belatacept,10k,self_interaction,0,tanh,0.0,0.3960584232400357,0.38317912399838955,-0.012879299241646158
belatacept,10k,self_interaction,0,tanh,0.5,0.3960584232400357,0.4325426747289565,0.036484251488920816
belatacept,10k,self_interaction,0,tanh,1.0,0.3960584232400357,0.474820939103957,0.0787625158639213
belatacept,10k,hydrophobicity,1,sigmoid,0.0,0.3960584232400357,0.4026318146737486,0.006573391433712883
belatacept,10k,hydrophobicity,1,sigmoid,0.25,0.3960584232400357,0.399327739549855,0.0032693163098193034
belatacept,10k,hydrophobicity,1,sigmoid,0.5,0.3960584232400357,0.3958322218834836,-0.0002262013565521026
belatacept,10k,hydrophobicity,1,sigmoid,0.75,0.3960584232400357,0.3929553561963952,-0.003103067043640495
belatacept,10k,hydrophobicity,1,sigmoid,1.0,0.3960584232400357,0.3892359873744865,-0.0068224358655492034
belatacept,10k,charge_environment,2,tanh,-1.0,0.3960584232400357,0.4094316490734637,0.013373225833427982
belatacept,10k,charge_environment,2,tanh,-0.5,0.3960584232400357,0.40274473414493706,0.006686310904901349
belatacept,10k,charge_environment,2,tanh,0.0,0.3960584232400357,0.3984224838514896,0.0023640606114538887
belatacept,10k,charge_environment,2,tanh,0.5,0.3960584232400357,0.38893551307651764,-0.00712291016351807
belatacept,10k,charge_environment,2,tanh,1.0,0.3960584232400357,0.3826003375783765,-0.01345808566165918
belatacept,10k,ionic_screening,3,sigmoid,0.0,0.3960584232400357,0.4048561371650506,0.008797713925014883
belatacept,10k,ionic_screening,3,sigmoid,0.25,0.3960584232400357,0.40109114808605995,0.005032724846024239
belatacept,10k,ionic_screening,3,sigmoid,0.5,0.3960584232400357,0.3959309193438581,-0.00012750389617760538
belatacept,10k,ionic_screening,3,sigmoid,0.75,0.3960584232400357,0.38902400802874837,-0.007034415211287337
belatacept,10k,ionic_screening,3,sigmoid,1.0,0.3960584232400357,0.3823443194192299,-0.01371410382080579
belatacept,10k,crowding,4,sigmoid,0.0,0.3960584232400357,0.39962021877147447,0.0035617955314387606
belatacept,10k,crowding,4,sigmoid,0.25,0.3960584232400357,0.39694483340129166,0.0008864101612559572
belatacept,10k,crowding,4,sigmoid,0.5,0.3960584232400357,0.3943754377039779,-0.0016829855360577795
belatacept,10k,crowding,4,sigmoid,0.75,0.3960584232400357,0.3917739408965413,-0.0042844823434944335
belatacept,10k,crowding,4,sigmoid,1.0,0.3960584232400357,0.3896136449095214,-0.0064447783305143225
belatacept,10k,nonlinear_conc,5,sigmoid,0.0,0.3960584232400357,0.40013990971643737,0.004081486476401663
belatacept,10k,nonlinear_conc,5,sigmoid,0.25,0.3960584232400357,0.39765932745653865,0.0016009042165029408
belatacept,10k,nonlinear_conc,5,sigmoid,0.5,0.3960584232400357,0.3943545933977811,-0.0017038298422545894
belatacept,10k,nonlinear_conc,5,sigmoid,0.75,0.3960584232400357,0.39072202826195235,-0.005336394978083359
belatacept,10k,nonlinear_conc,5,sigmoid,1.0,0.3960584232400357,0.38707801962398597,-0.008980403616049737
belatacept,10k,cosolute_interaction,6,tanh,-1.0,0.3960584232400357,0.25813647034244297,-0.13792195289759274
belatacept,10k,cosolute_interaction,6,tanh,-0.5,0.3960584232400357,0.352999874281964,-0.04305854895807171
belatacept,10k,cosolute_interaction,6,tanh,0.0,0.3960584232400357,0.39497397020541447,-0.0010844530346212355
belatacept,10k,cosolute_interaction,6,tanh,0.5,0.3960584232400357,0.44047065503589766,0.044412231795861956
belatacept,10k,cosolute_interaction,6,tanh,1.0,0.3960584232400357,0.5078506751484168,0.11179225190838105
belatacept,10k,cosolute_protection,7,sigmoid,0.0,0.3960584232400357,0.39122825497119484,-0.004830168268840862
belatacept,10k,cosolute_protection,7,sigmoid,0.25,0.3960584232400357,0.3975319004360952,0.0014734771960595028
belatacept,10k,cosolute_protection,7,sigmoid,0.5,0.3960584232400357,0.3963378665335963,0.0002794432935606106
belatacept,10k,cosolute_protection,7,sigmoid,0.75,0.3960584232400357,0.39546276808750513,-0.000595655152530572
belatacept,10k,cosolute_protection,7,sigmoid,1.0,0.3960584232400357,0.3955606199148042,-0.0004978033252315273
belatacept,10k,latent_0,8,tanh,-1.0,0.3960584232400357,0.20093154531055551,-0.1951268779294802
belatacept,10k,latent_0,8,tanh,-0.5,0.3960584232400357,0.279184145802777,-0.1168742774372587
belatacept,10k,latent_0,8,tanh,0.0,0.3960584232400357,0.4010526113787656,0.0049941881387298714
belatacept,10k,latent_0,8,tanh,0.5,0.3960584232400357,0.5401153891885919,0.14405696594855621
belatacept,10k,latent_0,8,tanh,1.0,0.3960584232400357,0.8936937969569572,0.49763537371692146
belatacept,100k,self_interaction,0,tanh,-1.0,0.37976469924927697,0.2689505798624351,-0.11081411938684188
belatacept,100k,self_interaction,0,tanh,-0.5,0.37976469924927697,0.3085064836753568,-0.07125821557392015
belatacept,100k,self_interaction,0,tanh,0.0,0.37976469924927697,0.3715186126456319,-0.008246086603645064
belatacept,100k,self_interaction,0,tanh,0.5,0.37976469924927697,0.41110597510718416,0.03134127585790719
belatacept,100k,self_interaction,0,tanh,1.0,0.37976469924927697,0.4479098704074914,0.06814517115821445
belatacept,100k,hydrophobicity,1,sigmoid,0.0,0.37976469924927697,0.3811442123337348,0.0013795130844578285
belatacept,100k,hydrophobicity,1,sigmoid,0.25,0.37976469924927697,0.38082696814347794,0.0010622688942009684
belatacept,100k,hydrophobicity,1,sigmoid,0.5,0.37976469924927697,0.3795464819868266,-0.00021821726245035977
belatacept,100k,hydrophobicity,1,sigmoid,0.75,0.37976469924927697,0.37676313013918283,-0.0030015691100941377
belatacept,100k,hydrophobicity,1,sigmoid,1.0,0.37976469924927697,0.3734848962442045,-0.006279803005072471
belatacept,100k,charge_environment,2,tanh,-1.0,0.37976469924927697,0.38425309996867363,0.004488400719396657
belatacept,100k,charge_environment,2,tanh,-0.5,0.37976469924927697,0.37993221147394507,0.00016751222466809823
belatacept,100k,charge_environment,2,tanh,0.0,0.37976469924927697,0.3779548467874101,-0.0018098524618668788
belatacept,100k,charge_environment,2,tanh,0.5,0.37976469924927697,0.3783370290085109,-0.0014276702407660657
belatacept,100k,charge_environment,2,tanh,1.0,0.37976469924927697,0.3757866325997749,-0.0039780666495020656
belatacept,100k,ionic_screening,3,sigmoid,0.0,0.37976469924927697,0.37981079174301147,4.609249373449531e-05
belatacept,100k,ionic_screening,3,sigmoid,0.25,0.37976469924927697,0.3795692042573857,-0.00019549499189125408
belatacept,100k,ionic_screening,3,sigmoid,0.5,0.37976469924927697,0.37975145465851123,-1.3244590765737474e-05
belatacept,100k,ionic_screening,3,sigmoid,0.75,0.37976469924927697,0.37850538686625446,-0.001259312383022515
belatacept,100k,ionic_screening,3,sigmoid,1.0,0.37976469924927697,0.37453034033487886,-0.005234358914398107
belatacept,100k,crowding,4,sigmoid,0.0,0.37976469924927697,0.38074785203081096,0.0009831527815339913
belatacept,100k,crowding,4,sigmoid,0.25,0.37976469924927697,0.38023662839885003,0.0004719291495730582
belatacept,100k,crowding,4,sigmoid,0.5,0.37976469924927697,0.3786138475448634,-0.0011508517044135913
belatacept,100k,crowding,4,sigmoid,0.75,0.37976469924927697,0.376800645497438,-0.0029640537518389465
belatacept,100k,crowding,4,sigmoid,1.0,0.37976469924927697,0.37540804157368274,-0.004356657675594233
belatacept,100k,nonlinear_conc,5,sigmoid,0.0,0.37976469924927697,0.3786096633084772,-0.0011550359407997979
belatacept,100k,nonlinear_conc,5,sigmoid,0.25,0.37976469924927697,0.37948030296198887,-0.0002843962872881023
belatacept,100k,nonlinear_conc,5,sigmoid,0.5,0.37976469924927697,0.3796955110885605,-6.918816071649347e-05
belatacept,100k,nonlinear_conc,5,sigmoid,0.75,0.37976469924927697,0.37943536360426633,-0.00032933564501064216
belatacept,100k,nonlinear_conc,5,sigmoid,1.0,0.37976469924927697,0.3782784057701133,-0.0014862934791636806
belatacept,100k,cosolute_interaction,6,tanh,-1.0,0.37976469924927697,0.25187946648366377,-0.1278852327656132
belatacept,100k,cosolute_interaction,6,tanh,-0.5,0.37976469924927697,0.338030883923972,-0.04173381532530496
belatacept,100k,cosolute_interaction,6,tanh,0.0,0.37976469924927697,0.37873390547707814,-0.0010307937721988347
belatacept,100k,cosolute_interaction,6,tanh,0.5,0.37976469924927697,0.4286073070586395,0.048842607809362504
belatacept,100k,cosolute_interaction,6,tanh,1.0,0.37976469924927697,0.4940417835474293,0.11427708429815231
belatacept,100k,cosolute_protection,7,sigmoid,0.0,0.37976469924927697,0.374799240670616,-0.004965458578660986
belatacept,100k,cosolute_protection,7,sigmoid,0.25,0.37976469924927697,0.3766263572259188,-0.003138342023358165
belatacept,100k,cosolute_protection,7,sigmoid,0.5,0.37976469924927697,0.3789394492256449,-0.0008252500236320959
belatacept,100k,cosolute_protection,7,sigmoid,0.75,0.37976469924927697,0.3816946535723495,0.0019299543230725247
belatacept,100k,cosolute_protection,7,sigmoid,1.0,0.37976469924927697,0.38410317032262575,0.004338471073348782
belatacept,100k,latent_0,8,tanh,-1.0,0.37976469924927697,0.19437002568664175,-0.18539467356263523
belatacept,100k,latent_0,8,tanh,-0.5,0.37976469924927697,0.27101137668499603,-0.10875332256428094
belatacept,100k,latent_0,8,tanh,0.0,0.37976469924927697,0.38297840145657747,0.003213702207300495
belatacept,100k,latent_0,8,tanh,0.5,0.37976469924927697,0.5046474939344442,0.12488279468516722
belatacept,100k,latent_0,8,tanh,1.0,0.37976469924927697,0.8294201042428744,0.4496554049935974
belatacept,15M,self_interaction,0,tanh,-1.0,0.3103858976943631,0.22060503407658216,-0.08978086361778093
belatacept,15M,self_interaction,0,tanh,-0.5,0.3103858976943631,0.2541675299408068,-0.056218367753556264
belatacept,15M,self_interaction,0,tanh,0.0,0.3103858976943631,0.3015054764616726,-0.008880421232690505
belatacept,15M,self_interaction,0,tanh,0.5,0.3103858976943631,0.32895207936823656,0.018566181673873472
belatacept,15M,self_interaction,0,tanh,1.0,0.3103858976943631,0.3328816484117507,0.02249575071738763
belatacept,15M,hydrophobicity,1,sigmoid,0.0,0.3103858976943631,0.30651127283625607,-0.003874624858107023
belatacept,15M,hydrophobicity,1,sigmoid,0.25,0.3103858976943631,0.3085310619457827,-0.0018548357485803635
belatacept,15M,hydrophobicity,1,sigmoid,0.5,0.3103858976943631,0.3104568430147169,7.094532035378798e-05
belatacept,15M,hydrophobicity,1,sigmoid,0.75,0.3103858976943631,0.31110218185599053,0.0007162841616274451
belatacept,15M,hydrophobicity,1,sigmoid,1.0,0.3103858976943631,0.311633481036807,0.0012475833424439031
belatacept,15M,charge_environment,2,tanh,-1.0,0.3103858976943631,0.2948975019298492,-0.015488395764513885
belatacept,15M,charge_environment,2,tanh,-0.5,0.3103858976943631,0.30539525682165086,-0.0049906408727122265
belatacept,15M,charge_environment,2,tanh,0.0,0.3103858976943631,0.3113480084892411,0.0009621107948780128
belatacept,15M,charge_environment,2,tanh,0.5,0.3103858976943631,0.3078827578976212,-0.0025031397967418823
belatacept,15M,charge_environment,2,tanh,1.0,0.3103858976943631,0.3037166202556953,-0.006669277438667798
belatacept,15M,ionic_screening,3,sigmoid,0.0,0.3103858976943631,0.3057768020723831,-0.004609095621979975
belatacept,15M,ionic_screening,3,sigmoid,0.25,0.3103858976943631,0.3084237214564426,-0.0019621762379204988
belatacept,15M,ionic_screening,3,sigmoid,0.5,0.3103858976943631,0.3104166479880149,3.075029365179338e-05
belatacept,15M,ionic_screening,3,sigmoid,0.75,0.3103858976943631,0.31271780228445545,0.0023319045900923596
belatacept,15M,ionic_screening,3,sigmoid,1.0,0.3103858976943631,0.31498979871316546,0.00460390101880237
belatacept,15M,crowding,4,sigmoid,0.0,0.3103858976943631,0.3074713409330558,-0.0029145567613073076
belatacept,15M,crowding,4,sigmoid,0.25,0.3103858976943631,0.3101046862589175,-0.0002812114354455719
belatacept,15M,crowding,4,sigmoid,0.5,0.3103858976943631,0.3108006971912302,0.00041479949686712425
belatacept,15M,crowding,4,sigmoid,0.75,0.3103858976943631,0.3123205743839607,0.0019346766895976253
belatacept,15M,crowding,4,sigmoid,1.0,0.3103858976943631,0.31350151744716215,0.0031156197527990592
belatacept,15M,nonlinear_conc,5,sigmoid,0.0,0.3103858976943631,0.31055541967036626,0.00016952197600317298
belatacept,15M,nonlinear_conc,5,sigmoid,0.25,0.3103858976943631,0.3109068735623107,0.0005209758679476373
belatacept,15M,nonlinear_conc,5,sigmoid,0.5,0.3103858976943631,0.3097043833290576,-0.0006815143653055022
belatacept,15M,nonlinear_conc,5,sigmoid,0.75,0.3103858976943631,0.3082487522855639,-0.002137145408799168
belatacept,15M,nonlinear_conc,5,sigmoid,1.0,0.3103858976943631,0.3077771526034228,-0.0026087450909402787
belatacept,15M,cosolute_interaction,6,tanh,-1.0,0.3103858976943631,0.22897956904970979,-0.0814063286446533
belatacept,15M,cosolute_interaction,6,tanh,-0.5,0.3103858976943631,0.29202838970966016,-0.018357507984702925
belatacept,15M,cosolute_interaction,6,tanh,0.0,0.3103858976943631,0.3101970689268456,-0.00018882876751746824
belatacept,15M,cosolute_interaction,6,tanh,0.5,0.3103858976943631,0.3295535660943133,0.01916766839995021
belatacept,15M,cosolute_interaction,6,tanh,1.0,0.3103858976943631,0.35507979119782773,0.04469389350346464
belatacept,15M,cosolute_protection,7,sigmoid,0.0,0.3103858976943631,0.3058302197253554,-0.004555677969007688
belatacept,15M,cosolute_protection,7,sigmoid,0.25,0.3103858976943631,0.30858937768124384,-0.0017965200131192516
belatacept,15M,cosolute_protection,7,sigmoid,0.5,0.3103858976943631,0.31013613941642415,-0.00024975827793893846
belatacept,15M,cosolute_protection,7,sigmoid,0.75,0.3103858976943631,0.311001101247858,0.0006152035534949252
belatacept,15M,cosolute_protection,7,sigmoid,1.0,0.3103858976943631,0.31331620299891916,0.002930305304556069
belatacept,15M,latent_0,8,tanh,-1.0,0.3103858976943631,0.14801184941500828,-0.1623740482793548
belatacept,15M,latent_0,8,tanh,-0.5,0.3103858976943631,0.2502247931822611,-0.06016110451210199
belatacept,15M,latent_0,8,tanh,0.0,0.3103858976943631,0.313211410391053,0.0028255126966899025
belatacept,15M,latent_0,8,tanh,0.5,0.3103858976943631,0.35274426246598356,0.04235836477162047
belatacept,15M,latent_0,8,tanh,1.0,0.3103858976943631,0.5169039130314302,0.20651801533706715
bevacizumab,100,self_interaction,0,tanh,-1.0,0.4294764586175834,0.35232184128918986,-0.07715461732839352
bevacizumab,100,self_interaction,0,tanh,-0.5,0.4294764586175834,0.3815022885210621,-0.047974170096521274
bevacizumab,100,self_interaction,0,tanh,0.0,0.4294764586175834,0.43925877498083304,0.009782316363249666
bevacizumab,100,self_interaction,0,tanh,0.5,0.4294764586175834,0.49559780880857224,0.06612135019098886
bevacizumab,100,self_interaction,0,tanh,1.0,0.4294764586175834,0.584684612215794,0.15520815359821066
bevacizumab,100,hydrophobicity,1,sigmoid,0.0,0.4294764586175834,0.4237711809204036,-0.005705277697179767
bevacizumab,100,hydrophobicity,1,sigmoid,0.25,0.4294764586175834,0.4268688776449028,-0.002607580972680601
bevacizumab,100,hydrophobicity,1,sigmoid,0.5,0.4294764586175834,0.43006899481175787,0.0005925361941744867
bevacizumab,100,hydrophobicity,1,sigmoid,0.75,0.4294764586175834,0.4309368285009738,0.0014603698833904333
bevacizumab,100,hydrophobicity,1,sigmoid,1.0,0.4294764586175834,0.4309996469580053,0.0015231883404219215
bevacizumab,100,charge_environment,2,tanh,-1.0,0.4294764586175834,0.46041038643371013,0.03093392781612675
bevacizumab,100,charge_environment,2,tanh,-0.5,0.4294764586175834,0.4455487200916867,0.016072261474103344
bevacizumab,100,charge_environment,2,tanh,0.0,0.4294764586175834,0.4315887786553826,0.002112320037799209
bevacizumab,100,charge_environment,2,tanh,0.5,0.4294764586175834,0.41894937014208744,-0.010527088475495938
bevacizumab,100,charge_environment,2,tanh,1.0,0.4294764586175834,0.41513670163456495,-0.014339756983018426
bevacizumab,100,ionic_screening,3,sigmoid,0.0,0.4294764586175834,0.43114950521944295,0.0016730466018595735
bevacizumab,100,ionic_screening,3,sigmoid,0.25,0.4294764586175834,0.4299355659929284,0.000459107375345047
bevacizumab,100,ionic_screening,3,sigmoid,0.5,0.4294764586175834,0.42940035713191904,-7.610148566433717e-05
bevacizumab,100,ionic_screening,3,sigmoid,0.75,0.4294764586175834,0.42777111322514166,-0.001705345392441715
bevacizumab,100,ionic_screening,3,sigmoid,1.0,0.4294764586175834,0.42402949986045024,-0.005446958757133136
bevacizumab,100,crowding,4,sigmoid,0.0,0.4294764586175834,0.43630814153572356,0.006831682918140181
bevacizumab,100,crowding,4,sigmoid,0.25,0.4294764586175834,0.43163428908998724,0.0021578304724038655
bevacizumab,100,crowding,4,sigmoid,0.5,0.4294764586175834,0.42889025918035073,-0.0005861994372326484
bevacizumab,100,crowding,4,sigmoid,0.75,0.4294764586175834,0.42525745243507185,-0.004219006182511531
bevacizumab,100,crowding,4,sigmoid,1.0,0.4294764586175834,0.41952294548555125,-0.009953513132032132
bevacizumab,100,nonlinear_conc,5,sigmoid,0.0,0.4294764586175834,0.4233484577317973,-0.006128000885786078
bevacizumab,100,nonlinear_conc,5,sigmoid,0.25,0.4294764586175834,0.4270695342932284,-0.0024069243243549643
bevacizumab,100,nonlinear_conc,5,sigmoid,0.5,0.4294764586175834,0.4299565969973367,0.0004801383797533032
bevacizumab,100,nonlinear_conc,5,sigmoid,0.75,0.4294764586175834,0.4325154222812076,0.0030389636636242168
bevacizumab,100,nonlinear_conc,5,sigmoid,1.0,0.4294764586175834,0.43537552356713194,0.00589906494954856
bevacizumab,100,cosolute_interaction,6,tanh,-1.0,0.4294764586175834,0.3474400344915095,-0.08203642412607387
bevacizumab,100,cosolute_interaction,6,tanh,-0.5,0.4294764586175834,0.38455269568682393,-0.04492376293075945
bevacizumab,100,cosolute_interaction,6,tanh,0.0,0.4294764586175834,0.44542524668042704,0.015948788062843666
bevacizumab,100,cosolute_interaction,6,tanh,0.5,0.4294764586175834,0.508698482708892,0.07922202409130857
bevacizumab,100,cosolute_interaction,6,tanh,1.0,0.4294764586175834,0.6402209823851446,0.2107445237675612
bevacizumab,100,cosolute_protection,7,sigmoid,0.0,0.4294764586175834,0.429118261625531,-0.000358196992052362
bevacizumab,100,cosolute_protection,7,sigmoid,0.25,0.4294764586175834,0.430128870026397,0.0006524114088136135
bevacizumab,100,cosolute_protection,7,sigmoid,0.5,0.4294764586175834,0.429652580924474,0.0001761223068906248
bevacizumab,100,cosolute_protection,7,sigmoid,0.75,0.4294764586175834,0.4290846998764596,-0.0003917587411237933
bevacizumab,100,cosolute_protection,7,sigmoid,1.0,0.4294764586175834,0.4299844205219677,0.0005079619043843464
bevacizumab,100,latent_0,8,tanh,-1.0,0.4294764586175834,0.2883478431334868,-0.14112861548409655
bevacizumab,100,latent_0,8,tanh,-0.5,0.4294764586175834,0.3367340781471898,-0.09274238047039357
bevacizumab,100,latent_0,8,tanh,0.0,0.4294764586175834,0.4373437345501816,0.007867275932598228
bevacizumab,100,latent_0,8,tanh,0.5,0.4294764586175834,0.7841122262154131,0.3546357675978297
bevacizumab,100,latent_0,8,tanh,1.0,0.4294764586175834,1.5971323748432955,1.167655916225712
bevacizumab,1k,self_interaction,0,tanh,-1.0,0.3802601963024846,0.33631341413003335,-0.04394678217245124
bevacizumab,1k,self_interaction,0,tanh,-0.5,0.3802601963024846,0.3528829023613622,-0.02737729394112237
bevacizumab,1k,self_interaction,0,tanh,0.0,0.3802601963024846,0.3865924724872243,0.0063322761847396936
bevacizumab,1k,self_interaction,0,tanh,0.5,0.3802601963024846,0.4458128596230317,0.0655526633205471
bevacizumab,1k,self_interaction,0,tanh,1.0,0.3802601963024846,0.5319820463401715,0.15172185003768696
bevacizumab,1k,hydrophobicity,1,sigmoid,0.0,0.3802601963024846,0.3803405643913931,8.036808890848901e-05
bevacizumab,1k,hydrophobicity,1,sigmoid,0.25,0.3802601963024846,0.37979022199300794,-0.00046997430947665064
bevacizumab,1k,hydrophobicity,1,sigmoid,0.5,0.3802601963024846,0.3804009667539234,0.00014077045143878752
bevacizumab,1k,hydrophobicity,1,sigmoid,0.75,0.3802601963024846,0.38131814917332657,0.0010579528708419828
bevacizumab,1k,hydrophobicity,1,sigmoid,1.0,0.3802601963024846,0.38264533184733773,0.0023851355448531453
bevacizumab,1k,charge_environment,2,tanh,-1.0,0.3802601963024846,0.41805901186277156,0.03779881556028697
bevacizumab,1k,charge_environment,2,tanh,-0.5,0.3802601963024846,0.3961761858824743,0.015915989579989687
bevacizumab,1k,charge_environment,2,tanh,0.0,0.3802601963024846,0.3800727183514383,-0.00018747795104628873
bevacizumab,1k,charge_environment,2,tanh,0.5,0.3802601963024846,0.3897185363576172,0.00945834005513263
bevacizumab,1k,charge_environment,2,tanh,1.0,0.3802601963024846,0.3976692773729845,0.017409081070499932
bevacizumab,1k,ionic_screening,3,sigmoid,0.0,0.3802601963024846,0.3778832974434311,-0.002376898859053511
bevacizumab,1k,ionic_screening,3,sigmoid,0.25,0.3802601963024846,0.3781140454505445,-0.0021461508519400874
bevacizumab,1k,ionic_screening,3,sigmoid,0.5,0.3802601963024846,0.3814673759555196,0.0012071796530350176
bevacizumab,1k,ionic_screening,3,sigmoid,0.75,0.3802601963024846,0.38556420463200397,0.005304008329519383
bevacizumab,1k,ionic_screening,3,sigmoid,1.0,0.3802601963024846,0.3875760975054108,0.007315901202926189
bevacizumab,1k,crowding,4,sigmoid,0.0,0.3802601963024846,0.39401673552852984,0.01375653922604525
bevacizumab,1k,crowding,4,sigmoid,0.25,0.3802601963024846,0.38659273606116984,0.006332539758685252
bevacizumab,1k,crowding,4,sigmoid,0.5,0.3802601963024846,0.3795025310314,-0.0007576652710845622
bevacizumab,1k,crowding,4,sigmoid,0.75,0.3802601963024846,0.3752259559062732,-0.005034240396211365
bevacizumab,1k,crowding,4,sigmoid,1.0,0.3802601963024846,0.3709547950292787,-0.009305401273205893
bevacizumab,1k,nonlinear_conc,5,sigmoid,0.0,0.3802601963024846,0.3722113508681203,-0.008048845434364293
bevacizumab,1k,nonlinear_conc,5,sigmoid,0.25,0.3802601963024846,0.3765283626293992,-0.003731833673085383
bevacizumab,1k,nonlinear_conc,5,sigmoid,0.5,0.3802601963024846,0.3811015792480361,0.0008413829455515276
bevacizumab,1k,nonlinear_conc,5,sigmoid,0.75,0.3802601963024846,0.385917525506063,0.005657329203578421
bevacizumab,1k,nonlinear_conc,5,sigmoid,1.0,0.3802601963024846,0.38887726323454297,0.008617066932058381
bevacizumab,1k,cosolute_interaction,6,tanh,-1.0,0.3802601963024846,0.312823605259113,-0.06743659104337157
bevacizumab,1k,cosolute_interaction,6,tanh,-0.5,0.3802601963024846,0.34400902654832044,-0.03625116975416415
bevacizumab,1k,cosolute_interaction,6,tanh,0.0,0.3802601963024846,0.3963637956204934,0.01610359931800881
bevacizumab,1k,cosolute_interaction,6,tanh,0.5,0.3802601963024846,0.4549655417592655,0.07470534545678092
bevacizumab,1k,cosolute_interaction,6,tanh,1.0,0.3802601963024846,0.558929906939323,0.1786697106368384
bevacizumab,1k,cosolute_protection,7,sigmoid,0.0,0.3802601963024846,0.3724479304487799,-0.007812265853704703
bevacizumab,1k,cosolute_protection,7,sigmoid,0.25,0.3802601963024846,0.37679759243256833,-0.0034626038699162587
bevacizumab,1k,cosolute_protection,7,sigmoid,0.5,0.3802601963024846,0.3816109029511393,0.0013507066486547203
bevacizumab,1k,cosolute_protection,7,sigmoid,0.75,0.3802601963024846,0.386790987597242,0.006530791294757421
bevacizumab,1k,cosolute_protection,7,sigmoid,1.0,0.3802601963024846,0.3932950151542747,0.013034818851790086
bevacizumab,1k,latent_0,8,tanh,-1.0,0.3802601963024846,0.2621951576725514,-0.11806503862993317
bevacizumab,1k,latent_0,8,tanh,-0.5,0.3802601963024846,0.31448020045386893,-0.06577999584861566
bevacizumab,1k,latent_0,8,tanh,0.0,0.3802601963024846,0.38593250529197054,0.005672308989485952
bevacizumab,1k,latent_0,8,tanh,0.5,0.3802601963024846,0.7186346155758718,0.33837441927338724
bevacizumab,1k,latent_0,8,tanh,1.0,0.3802601963024846,1.4698493536321093,1.0895891573296248
bevacizumab,10k,self_interaction,0,tanh,-1.0,0.34558760385518267,0.3172970042281067,-0.028290599627075974
bevacizumab,10k,self_interaction,0,tanh,-0.5,0.34558760385518267,0.32925455243529284,-0.016333051419889832
bevacizumab,10k,self_interaction,0,tanh,0.0,0.34558760385518267,0.34992347213581876,0.00433586828063609
bevacizumab,10k,self_interaction,0,tanh,0.5,0.34558760385518267,0.3891182576787911,0.043530653823608434
bevacizumab,10k,self_interaction,0,tanh,1.0,0.34558760385518267,0.4737282782119365,0.12814067435675386
bevacizumab,10k,hydrophobicity,1,sigmoid,0.0,0.34558760385518267,0.3452755432858557,-0.00031206056932697734
bevacizumab,10k,hydrophobicity,1,sigmoid,0.25,0.34558760385518267,0.346675340581876,0.0010877367266933224
bevacizumab,10k,hydrophobicity,1,sigmoid,0.5,0.34558760385518267,0.34539006616521317,-0.00019753768996949583
bevacizumab,10k,hydrophobicity,1,sigmoid,0.75,0.34558760385518267,0.3448398994827917,-0.0007477043723909671
bevacizumab,10k,hydrophobicity,1,sigmoid,1.0,0.34558760385518267,0.3446088549549895,-0.0009787489001931715
bevacizumab,10k,charge_environment,2,tanh,-1.0,0.34558760385518267,0.35195288169435934,0.006365277839176675
bevacizumab,10k,charge_environment,2,tanh,-0.5,0.34558760385518267,0.3397494958716749,-0.0058381079835077565
bevacizumab,10k,charge_environment,2,tanh,0.0,0.34558760385518267,0.3443178473545663,-0.0012697565006163924
bevacizumab,10k,charge_environment,2,tanh,0.5,0.34558760385518267,0.35164522500637324,0.006057621151190573
bevacizumab,10k,charge_environment,2,tanh,1.0,0.34558760385518267,0.3612383062589393,0.015650702403756656
bevacizumab,10k,ionic_screening,3,sigmoid,0.0,0.34558760385518267,0.34028361749015873,-0.005303986365023938
bevacizumab,10k,ionic_screening,3,sigmoid,0.25,0.34558760385518267,0.3433615571509866,-0.002226046704196072
bevacizumab,10k,ionic_screening,3,sigmoid,0.5,0.34558760385518267,0.34682415003865513,0.0012365461834724645
bevacizumab,10k,ionic_screening,3,sigmoid,0.75,0.34558760385518267,0.35051923711082666,0.004931633255643997
bevacizumab,10k,ionic_screening,3,sigmoid,1.0,0.34558760385518267,0.35306071593440363,0.007473112079220967
bevacizumab,10k,crowding,4,sigmoid,0.0,0.34558760385518267,0.3534965025066881,0.007908898651505458
bevacizumab,10k,crowding,4,sigmoid,0.25,0.34558760385518267,0.34904205889728124,0.00345445504209857
bevacizumab,10k,crowding,4,sigmoid,0.5,0.34558760385518267,0.3450506927457747,-0.0005369111094079559
bevacizumab,10k,crowding,4,sigmoid,0.75,0.34558760385518267,0.3429952991890983,-0.002592304666084344
bevacizumab,10k,crowding,4,sigmoid,1.0,0.34558760385518267,0.34082976466990994,-0.0047578391852727275
bevacizumab,10k,nonlinear_conc,5,sigmoid,0.0,0.34558760385518267,0.33946042114685265,-0.0061271827083300145
bevacizumab,10k,nonlinear_conc,5,sigmoid,0.25,0.34558760385518267,0.3425083353423791,-0.0030792685128035457
bevacizumab,10k,nonlinear_conc,5,sigmoid,0.5,0.34558760385518267,0.3463896154426122,0.0008020115874295408
bevacizumab,10k,nonlinear_conc,5,sigmoid,0.75,0.34558760385518267,0.35110995025187747,0.005522346396694799
bevacizumab,10k,nonlinear_conc,5,sigmoid,1.0,0.34558760385518267,0.35496586135984787,0.0093782575046652
bevacizumab,10k,cosolute_interaction,6,tanh,-1.0,0.34558760385518267,0.27727022556139436,-0.06831737829378831
bevacizumab,10k,cosolute_interaction,6,tanh,-0.5,0.34558760385518267,0.314044556650805,-0.03154304720437767
bevacizumab,10k,cosolute_interaction,6,tanh,0.0,0.34558760385518267,0.3596830222995183,0.01409541844433565
bevacizumab,10k,cosolute_interaction,6,tanh,0.5,0.34558760385518267,0.39500433612039565,0.04941673226521298
bevacizumab,10k,cosolute_interaction,6,tanh,1.0,0.34558760385518267,0.47763715807350304,0.13204955421832038
bevacizumab,10k,cosolute_protection,7,sigmoid,0.0,0.34558760385518267,0.33687166374678607,-0.008715940108396603
bevacizumab,10k,cosolute_protection,7,sigmoid,0.25,0.34558760385518267,0.34143647894590745,-0.004151124909275217
bevacizumab,10k,cosolute_protection,7,sigmoid,0.5,0.34558760385518267,0.3475652980091496,0.0019776941539669246
bevacizumab,10k,cosolute_protection,7,sigmoid,0.75,0.34558760385518267,0.3538426629552254,0.008255059100042705
bevacizumab,10k,cosolute_protection,7,sigmoid,1.0,0.34558760385518267,0.359287672363386,0.013700068508203322
bevacizumab,10k,latent_0,8,tanh,-1.0,0.34558760385518267,0.2260357775449378,-0.11955182631024486
bevacizumab,10k,latent_0,8,tanh,-0.5,0.34558760385518267,0.27597965770132427,-0.0696079461538584
bevacizumab,10k,latent_0,8,tanh,0.0,0.34558760385518267,0.34966031551564586,0.004072711660463191
bevacizumab,10k,latent_0,8,tanh,0.5,0.34558760385518267,0.6267505307125383,0.2811629268573556
bevacizumab,10k,latent_0,8,tanh,1.0,0.34558760385518267,1.3569331331889836,1.011345529333801
bevacizumab,100k,self_interaction,0,tanh,-1.0,0.28955863594602593,0.2691653047701065,-0.02039333117591946
bevacizumab,100k,self_interaction,0,tanh,-0.5,0.28955863594602593,0.2721004861926559,-0.01745814975337001
bevacizumab,100k,self_interaction,0,tanh,0.0,0.28955863594602593,0.2961069549081649,0.006548318962138977
bevacizumab,100k,self_interaction,0,tanh,0.5,0.28955863594602593,0.3360377157829496,0.046479079836923676
bevacizumab,100k,self_interaction,0,tanh,1.0,0.28955863594602593,0.39964179888826934,0.1100831629422434
bevacizumab,100k,hydrophobicity,1,sigmoid,0.0,0.28955863594602593,0.28997956353712795,0.00042092759110201605
bevacizumab,100k,hydrophobicity,1,sigmoid,0.25,0.28955863594602593,0.2899772792295996,0.0004186432835736609
bevacizumab,100k,hydrophobicity,1,sigmoid,0.5,0.28955863594602593,0.28948068395161863,-7.795199440729927e-05
bevacizumab,100k,hydrophobicity,1,sigmoid,0.75,0.28955863594602593,0.289542645793327,-1.5990152698930338e-05
bevacizumab,100k,hydrophobicity,1,sigmoid,1.0,0.28955863594602593,0.2893679621608894,-0.00019067378513654143
bevacizumab,100k,charge_environment,2,tanh,-1.0,0.28955863594602593,0.28731663203587415,-0.0022420039101517797
bevacizumab,100k,charge_environment,2,tanh,-0.5,0.28955863594602593,0.28512690362493043,-0.004431732321095505
bevacizumab,100k,charge_environment,2,tanh,0.0,0.28955863594602593,0.287953250972448,-0.001605384973577928
bevacizumab,100k,charge_environment,2,tanh,0.5,0.28955863594602593,0.2973714509121173,0.007812814966091375
bevacizumab,100k,charge_environment,2,tanh,1.0,0.28955863594602593,0.30069830321780866,0.011139667271782727
bevacizumab,100k,ionic_screening,3,sigmoid,0.0,0.28955863594602593,0.29317427743809854,0.0036156414920726077
bevacizumab,100k,ionic_screening,3,sigmoid,0.25,0.28955863594602593,0.29075049536347375,0.0011918594174478159
bevacizumab,100k,ionic_screening,3,sigmoid,0.5,0.28955863594602593,0.2896234971011358,6.486115510984103e-05
bevacizumab,100k,ionic_screening,3,sigmoid,0.75,0.28955863594602593,0.2920372414013328,0.0024786054553068704
bevacizumab,100k,ionic_screening,3,sigmoid,1.0,0.28955863594602593,0.2958591075413315,0.006300471595305557
bevacizumab,100k,crowding,4,sigmoid,0.0,0.28955863594602593,0.28941081489154274,-0.00014782105448318816
bevacizumab,100k,crowding,4,sigmoid,0.25,0.28955863594602593,0.28936077977087216,-0.00019785617515377663
bevacizumab,100k,crowding,4,sigmoid,0.5,0.28955863594602593,0.28941889782587404,-0.0001397381201518888
bevacizumab,100k,crowding,4,sigmoid,0.75,0.28955863594602593,0.28902478888373545,-0.0005338470622904823
bevacizumab,100k,crowding,4,sigmoid,1.0,0.28955863594602593,0.288904181839134,-0.0006544541068919107
bevacizumab,100k,nonlinear_conc,5,sigmoid,0.0,0.28955863594602593,0.28949996877863743,-5.866716738850419e-05
bevacizumab,100k,nonlinear_conc,5,sigmoid,0.25,0.28955863594602593,0.2893761329532026,-0.00018250299282335236
bevacizumab,100k,nonlinear_conc,5,sigmoid,0.5,0.28955863594602593,0.29001334493115405,0.0004547089851281161
bevacizumab,100k,nonlinear_conc,5,sigmoid,0.75,0.28955863594602593,0.29300306419594446,0.0034444282499185297
bevacizumab,100k,nonlinear_conc,5,sigmoid,1.0,0.28955863594602593,0.29803842478142456,0.008479788835398627
bevacizumab,100k,cosolute_interaction,6,tanh,-1.0,0.28955863594602593,0.21716117690354575,-0.07239745904248018
bevacizumab,100k,cosolute_interaction,6,tanh,-0.5,0.28955863594602593,0.2567272942068589,-0.03283134173916702
bevacizumab,100k,cosolute_interaction,6,tanh,0.0,0.28955863594602593,0.30437658745094903,0.0148179515049231
bevacizumab,100k,cosolute_interaction,6,tanh,0.5,0.28955863594602593,0.33528679361197294,0.04572815766594701
bevacizumab,100k,cosolute_interaction,6,tanh,1.0,0.28955863594602593,0.3716196273602781,0.08206099141425216
bevacizumab,100k,cosolute_protection,7,sigmoid,0.0,0.28955863594602593,0.28175361837582485,-0.007805017570201078
bevacizumab,100k,cosolute_protection,7,sigmoid,0.25,0.28955863594602593,0.28594982541204317,-0.0036088105339827647
bevacizumab,100k,cosolute_protection,7,sigmoid,0.5,0.28955863594602593,0.29141481152882964,0.0018561755828037096
bevacizumab,100k,cosolute_protection,7,sigmoid,0.75,0.28955863594602593,0.29771183469834717,0.008153198752321233
bevacizumab,100k,cosolute_protection,7,sigmoid,1.0,0.28955863594602593,0.30389751984034963,0.014338883894323695
bevacizumab,100k,latent_0,8,tanh,-1.0,0.28955863594602593,0.1686830753875581,-0.12087556055846782
bevacizumab,100k,latent_0,8,tanh,-0.5,0.28955863594602593,0.2222956632570619,-0.06726297268896403
bevacizumab,100k,latent_0,8,tanh,0.0,0.28955863594602593,0.29439394390680573,0.0048353079607798
bevacizumab,100k,latent_0,8,tanh,0.5,0.28955863594602593,0.5069491918521475,0.21739055590612155
bevacizumab,100k,latent_0,8,tanh,1.0,0.28955863594602593,1.2150539579480857,0.9254953220020598
bevacizumab,15M,self_interaction,0,tanh,-1.0,0.1840486237289331,0.15995313291330215,-0.02409549081563095
bevacizumab,15M,self_interaction,0,tanh,-0.5,0.1840486237289331,0.17091592010310075,-0.013132703625832354
bevacizumab,15M,self_interaction,0,tanh,0.0,0.1840486237289331,0.18780916499759198,0.003760541268658879
bevacizumab,15M,self_interaction,0,tanh,0.5,0.1840486237289331,0.21804961878063228,0.03400099505169918
bevacizumab,15M,self_interaction,0,tanh,1.0,0.1840486237289331,0.2378346652191285,0.05378604149019539
bevacizumab,15M,hydrophobicity,1,sigmoid,0.0,0.1840486237289331,0.18795997322345853,0.003911349494525429
bevacizumab,15M,hydrophobicity,1,sigmoid,0.25,0.1840486237289331,0.1862037360950231,0.0021551123660900062
bevacizumab,15M,hydrophobicity,1,sigmoid,0.5,0.1840486237289331,0.18339399390607747,-0.0006546298228556346
bevacizumab,15M,hydrophobicity,1,sigmoid,0.75,0.1840486237289331,0.17969565608857707,-0.004352967640356031
bevacizumab,15M,hydrophobicity,1,sigmoid,1.0,0.1840486237289331,0.17715515468504828,-0.006893469043884826
bevacizumab,15M,charge_environment,2,tanh,-1.0,0.1840486237289331,0.17674477005176975,-0.007303853677163352
bevacizumab,15M,charge_environment,2,tanh,-0.5,0.1840486237289331,0.1714698646787422,-0.012578759050190902
bevacizumab,15M,charge_environment,2,tanh,0.0,0.1840486237289331,0.18234967000467184,-0.0016989537242612651
bevacizumab,15M,charge_environment,2,tanh,0.5,0.1840486237289331,0.1924601029834338,0.008411479254500698
bevacizumab,15M,charge_environment,2,tanh,1.0,0.1840486237289331,0.1949338323207473,0.010885208591814188
bevacizumab,15M,ionic_screening,3,sigmoid,0.0,0.1840486237289331,0.1839126195730103,-0.00013600415592279758
bevacizumab,15M,ionic_screening,3,sigmoid,0.25,0.1840486237289331,0.1847025067589429,0.0006538830300097942
bevacizumab,15M,ionic_screening,3,sigmoid,0.5,0.1840486237289331,0.18356226390583913,-0.00048635982309397363
bevacizumab,15M,ionic_screening,3,sigmoid,0.75,0.1840486237289331,0.18121125020469175,-0.002837373524241349
bevacizumab,15M,ionic_screening,3,sigmoid,1.0,0.1840486237289331,0.1767286041831071,-0.0073200195458260064
bevacizumab,15M,crowding,4,sigmoid,0.0,0.1840486237289331,0.18293407933552408,-0.0011145443934090227
bevacizumab,15M,crowding,4,sigmoid,0.25,0.1840486237289331,0.18388213285330413,-0.00016649087562897735
bevacizumab,15M,crowding,4,sigmoid,0.5,0.1840486237289331,0.1839343204945303,-0.00011430323440281276
bevacizumab,15M,crowding,4,sigmoid,0.75,0.1840486237289331,0.18367632553079183,-0.0003722981981412743
bevacizumab,15M,crowding,4,sigmoid,1.0,0.1840486237289331,0.18319284305660388,-0.0008557806723292205
bevacizumab,15M,nonlinear_conc,5,sigmoid,0.0,0.1840486237289331,0.17992542667564232,-0.0041231970532907836
bevacizumab,15M,nonlinear_conc,5,sigmoid,0.25,0.1840486237289331,0.18226813779750367,-0.001780485931429432
bevacizumab,15M,nonlinear_conc,5,sigmoid,0.5,0.1840486237289331,0.18409264057784608,4.4016848912975526e-05
bevacizumab,15M,nonlinear_conc,5,sigmoid,0.75,0.1840486237289331,0.1837443276087532,-0.00030429612017990326
bevacizumab,15M,nonlinear_conc,5,sigmoid,1.0,0.1840486237289331,0.18241486062721363,-0.0016337631017194765
bevacizumab,15M,cosolute_interaction,6,tanh,-1.0,0.1840486237289331,0.11844647440010209,-0.06560214932883102
bevacizumab,15M,cosolute_interaction,6,tanh,-0.5,0.1840486237289331,0.15935855402104943,-0.024690069707883677
bevacizumab,15M,cosolute_interaction,6,tanh,0.0,0.1840486237289331,0.19231118370417732,0.008262559975244221
bevacizumab,15M,cosolute_interaction,6,tanh,0.5,0.1840486237289331,0.192447231789091,0.008398608060157908
bevacizumab,15M,cosolute_interaction,6,tanh,1.0,0.1840486237289331,0.19644050885170294,0.012391885122769841
bevacizumab,15M,cosolute_protection,7,sigmoid,0.0,0.1840486237289331,0.181579441042181,-0.002469182686752114
bevacizumab,15M,cosolute_protection,7,sigmoid,0.25,0.1840486237289331,0.18297086986542888,-0.0010777538635042272
bevacizumab,15M,cosolute_protection,7,sigmoid,0.5,0.1840486237289331,0.18431039658589166,0.0002617728569585531
bevacizumab,15M,cosolute_protection,7,sigmoid,0.75,0.1840486237289331,0.18598731992120093,0.0019386961922678303
bevacizumab,15M,cosolute_protection,7,sigmoid,1.0,0.1840486237289331,0.18707913106180307,0.0030305073328699694
bevacizumab,15M,latent_0,8,tanh,-1.0,0.1840486237289331,0.08986890863976854,-0.09417971508916456
bevacizumab,15M,latent_0,8,tanh,-0.5,0.1840486237289331,0.14566551415139511,-0.03838310957753799
bevacizumab,15M,latent_0,8,tanh,0.0,0.1840486237289331,0.18568293594303914,0.0016343122141060373
bevacizumab,15M,latent_0,8,tanh,0.5,0.1840486237289331,0.30044883047831084,0.11640020674937773
bevacizumab,15M,latent_0,8,tanh,1.0,0.1840486237289331,0.665517711457787,0.48146908772885394
bgg,100,self_interaction,0,tanh,-1.0,0.7631409652348038,0.6459223504021314,-0.11721861483267237
bgg,100,self_interaction,0,tanh,-0.5,0.7631409652348038,0.679463277131809,-0.08367768810299481
bgg,100,self_interaction,0,tanh,0.0,0.7631409652348038,0.768562110218641,0.005421144983837167
bgg,100,self_interaction,0,tanh,0.5,0.7631409652348038,0.852564180972919,0.08942321573811518
bgg,100,self_interaction,0,tanh,1.0,0.7631409652348038,0.9348461681582978,0.171705202923494
bgg,100,hydrophobicity,1,sigmoid,0.0,0.7631409652348038,0.7780790625299234,0.014938097295119634
bgg,100,hydrophobicity,1,sigmoid,0.25,0.7631409652348038,0.7702986671591392,0.007157701924335402
bgg,100,hydrophobicity,1,sigmoid,0.5,0.7631409652348038,0.763280110313578,0.00013914507877421656
bgg,100,hydrophobicity,1,sigmoid,0.75,0.7631409652348038,0.7529846703895097,-0.010156294845294123
bgg,100,hydrophobicity,1,sigmoid,1.0,0.7631409652348038,0.7432665232997626,-0.019874441935041176
bgg,100,charge_environment,2,tanh,-1.0,0.7631409652348038,0.7176946230279276,-0.045446342206876156
bgg,100,charge_environment,2,tanh,-0.5,0.7631409652348038,0.7846254486164614,0.02148448338165765
bgg,100,charge_environment,2,tanh,0.0,0.7631409652348038,0.8097985175796327,0.046657552344828934
bgg,100,charge_environment,2,tanh,0.5,0.7631409652348038,0.7655184681174826,0.0023775028826787947
bgg,100,charge_environment,2,tanh,1.0,0.7631409652348038,0.7157100869336231,-0.047430878301180646
bgg,100,ionic_screening,3,sigmoid,0.0,0.7631409652348038,0.7976314171034575,0.03449045186865374
bgg,100,ionic_screening,3,sigmoid,0.25,0.7631409652348038,0.7848443467782712,0.021703381543467404
bgg,100,ionic_screening,3,sigmoid,0.5,0.7631409652348038,0.7720461624183794,0.00890519718357563
bgg,100,ionic_screening,3,sigmoid,0.75,0.7631409652348038,0.7569714020324729,-0.006169563202330863
bgg,100,ionic_screening,3,sigmoid,1.0,0.7631409652348038,0.7402617363910828,-0.022879228843720956
bgg,100,crowding,4,sigmoid,0.0,0.7631409652348038,0.7587337452906477,-0.004407219944156049
bgg,100,crowding,4,sigmoid,0.25,0.7631409652348038,0.762249206718902,-0.0008917585159018415
bgg,100,crowding,4,sigmoid,0.5,0.7631409652348038,0.7630740613816156,-6.690385318819381e-05
bgg,100,crowding,4,sigmoid,0.75,0.7631409652348038,0.7636258534367015,0.0004848882018977374
bgg,100,crowding,4,sigmoid,1.0,0.7631409652348038,0.7640954982787461,0.0009545330439423294
bgg,100,nonlinear_conc,5,sigmoid,0.0,0.7631409652348038,0.7799879089728536,0.016846943738049847
bgg,100,nonlinear_conc,5,sigmoid,0.25,0.7631409652348038,0.770446795716559,0.00730583048175526
bgg,100,nonlinear_conc,5,sigmoid,0.5,0.7631409652348038,0.7628580625332073,-0.0002829027015964769
bgg,100,nonlinear_conc,5,sigmoid,0.75,0.7631409652348038,0.75475057189595,-0.00839039333885383
bgg,100,nonlinear_conc,5,sigmoid,1.0,0.7631409652348038,0.7470143910545379,-0.016126574180265862
bgg,100,cosolute_interaction,6,tanh,-1.0,0.7631409652348038,0.5990254289857186,-0.16411553624908515
bgg,100,cosolute_interaction,6,tanh,-0.5,0.7631409652348038,0.6341567609030666,-0.12898420433173718
bgg,100,cosolute_interaction,6,tanh,0.0,0.7631409652348038,0.7213091443307315,-0.04183182090407234
bgg,100,cosolute_interaction,6,tanh,0.5,0.7631409652348038,0.8799515346529645,0.1168105694181607
bgg,100,cosolute_interaction,6,tanh,1.0,0.7631409652348038,1.1084766030383393,0.3453356378035355
bgg,100,cosolute_protection,7,sigmoid,0.0,0.7631409652348038,0.7492564169291851,-0.013884548305618694
bgg,100,cosolute_protection,7,sigmoid,0.25,0.7631409652348038,0.7569122077171933,-0.006228757517610539
bgg,100,cosolute_protection,7,sigmoid,0.5,0.7631409652348038,0.763868846650037,0.000727881415233167
bgg,100,cosolute_protection,7,sigmoid,0.75,0.7631409652348038,0.7657908717902464,0.002649906555442616
bgg,100,cosolute_protection,7,sigmoid,1.0,0.7631409652348038,0.7680009612884868,0.0048599960536830356
bgg,100,latent_0,8,tanh,-1.0,0.7631409652348038,0.44273659475498306,-0.32040437047982073
bgg,100,latent_0,8,tanh,-0.5,0.7631409652348038,0.5067130845081405,-0.25642788072666334
bgg,100,latent_0,8,tanh,0.0,0.7631409652348038,0.7478847341873609,-0.015256231047442892
bgg,100,latent_0,8,tanh,0.5,0.7631409652348038,1.2637011421501672,0.5005601769153634
bgg,100,latent_0,8,tanh,1.0,0.7631409652348038,2.001445406569303,1.2383044413344992
bgg,1k,self_interaction,0,tanh,-1.0,0.7392907739045322,0.6314029842485672,-0.10788778965596502
bgg,1k,self_interaction,0,tanh,-0.5,0.7392907739045322,0.67149394317103,-0.06779683073350229
bgg,1k,self_interaction,0,tanh,0.0,0.7392907739045322,0.7440220360502916,0.004731262145759363
bgg,1k,self_interaction,0,tanh,0.5,0.7392907739045322,0.8254384683628591,0.08614769445832682
bgg,1k,self_interaction,0,tanh,1.0,0.7392907739045322,0.8994027207603843,0.16011194685585206
bgg,1k,hydrophobicity,1,sigmoid,0.0,0.7392907739045322,0.754246332973547,0.014955559069014801
bgg,1k,hydrophobicity,1,sigmoid,0.25,0.7392907739045322,0.747201177123977,0.007910403219444806
bgg,1k,hydrophobicity,1,sigmoid,0.5,0.7392907739045322,0.7394918808250149,0.00020110692048269652
bgg,1k,hydrophobicity,1,sigmoid,0.75,0.7392907739045322,0.7291542471051572,-0.010136526799375045
bgg,1k,hydrophobicity,1,sigmoid,1.0,0.7392907739045322,0.7193193367575152,-0.01997143714701699
bgg,1k,charge_environment,2,tanh,-1.0,0.7392907739045322,0.6541473181433863,-0.0851434557611459
bgg,1k,charge_environment,2,tanh,-0.5,0.7392907739045322,0.7141504320396045,-0.02514034186492775
bgg,1k,charge_environment,2,tanh,0.0,0.7392907739045322,0.7555546042169623,0.01626383031243006
bgg,1k,charge_environment,2,tanh,0.5,0.7392907739045322,0.7409532665663205,0.0016624926617883062
bgg,1k,charge_environment,2,tanh,1.0,0.7392907739045322,0.7074386093732199,-0.031852164531312344
bgg,1k,ionic_screening,3,sigmoid,0.0,0.7392907739045322,0.7764416093929658,0.037150835488433565
bgg,1k,ionic_screening,3,sigmoid,0.25,0.7392907739045322,0.7623988727910043,0.023108098886472028
bgg,1k,ionic_screening,3,sigmoid,0.5,0.7392907739045322,0.7480544977728142,0.008763723868281947
bgg,1k,ionic_screening,3,sigmoid,0.75,0.7392907739045322,0.7345603244451051,-0.004730449459427133
bgg,1k,ionic_screening,3,sigmoid,1.0,0.7392907739045322,0.721214433426284,-0.018076340478248243
bgg,1k,crowding,4,sigmoid,0.0,0.7392907739045322,0.7369478431377161,-0.0023429307668161314
bgg,1k,crowding,4,sigmoid,0.25,0.7392907739045322,0.7384067029620434,-0.0008840709424888793
bgg,1k,crowding,4,sigmoid,0.5,0.7392907739045322,0.7392844481298382,-6.325774694060371e-06
bgg,1k,crowding,4,sigmoid,0.75,0.7392907739045322,0.7384549809230767,-0.0008357929814555298
bgg,1k,crowding,4,sigmoid,1.0,0.7392907739045322,0.7349698744275559,-0.0043208994769763365
bgg,1k,nonlinear_conc,5,sigmoid,0.0,0.7392907739045322,0.7543778783368903,0.015087104432358056
bgg,1k,nonlinear_conc,5,sigmoid,0.25,0.7392907739045322,0.746696081586251,0.007405307681718765
bgg,1k,nonlinear_conc,5,sigmoid,0.5,0.7392907739045322,0.738931456723211,-0.00035931718132120594
bgg,1k,nonlinear_conc,5,sigmoid,0.75,0.7392907739045322,0.7297780607408746,-0.009512713163657649
bgg,1k,nonlinear_conc,5,sigmoid,1.0,0.7392907739045322,0.7194632920607965,-0.019827481843735728
bgg,1k,cosolute_interaction,6,tanh,-1.0,0.7392907739045322,0.5895633769308524,-0.14972739697367987
bgg,1k,cosolute_interaction,6,tanh,-0.5,0.7392907739045322,0.6228048726760956,-0.1164859012284366
bgg,1k,cosolute_interaction,6,tanh,0.0,0.7392907739045322,0.6988632310535552,-0.04042754285097705
bgg,1k,cosolute_interaction,6,tanh,0.5,0.7392907739045322,0.8168523713694071,0.0775615974648749
bgg,1k,cosolute_interaction,6,tanh,1.0,0.7392907739045322,1.0375530275350848,0.2982622536305526
bgg,1k,cosolute_protection,7,sigmoid,0.0,0.7392907739045322,0.7364478653274336,-0.0028429085770986795
bgg,1k,cosolute_protection,7,sigmoid,0.25,0.7392907739045322,0.7373136398451996,-0.0019771340593326414
bgg,1k,cosolute_protection,7,sigmoid,0.5,0.7392907739045322,0.7394473368282107,0.00015656292367849378
bgg,1k,cosolute_protection,7,sigmoid,0.75,0.7392907739045322,0.7403745899687849,0.001083816064252674
bgg,1k,cosolute_protection,7,sigmoid,1.0,0.7392907739045322,0.7416059635135752,0.002315189609042978
bgg,1k,latent_0,8,tanh,-1.0,0.7392907739045322,0.4381290860678005,-0.30116168783673175
bgg,1k,latent_0,8,tanh,-0.5,0.7392907739045322,0.5161088641890633,-0.22318190971546892
bgg,1k,latent_0,8,tanh,0.0,0.7392907739045322,0.7268446804069533,-0.01244609349757897
bgg,1k,latent_0,8,tanh,0.5,0.7392907739045322,1.1859010981225182,0.44661032421798597
bgg,1k,latent_0,8,tanh,1.0,0.7392907739045322,1.8948221019350426,1.1555313280305104
bgg,10k,self_interaction,0,tanh,-1.0,0.7096400668247422,0.6188857257856799,-0.09075434103906233
bgg,10k,self_interaction,0,tanh,-0.5,0.7096400668247422,0.6660786407429866,-0.043561426081755616
bgg,10k,self_interaction,0,tanh,0.0,0.7096400668247422,0.7128570307596194,0.0032169639348771373
bgg,10k,self_interaction,0,tanh,0.5,0.7096400668247422,0.7871423162228692,0.077502249398127
bgg,10k,self_interaction,0,tanh,1.0,0.7096400668247422,0.8725522672074988,0.16291220038275656
bgg,10k,hydrophobicity,1,sigmoid,0.0,0.7096400668247422,0.7299789699808981,0.02033890315615583
bgg,10k,hydrophobicity,1,sigmoid,0.25,0.7096400668247422,0.7199829720235118,0.01034290519876957
bgg,10k,hydrophobicity,1,sigmoid,0.5,0.7096400668247422,0.7098142452737842,0.0001741784490419951
bgg,10k,hydrophobicity,1,sigmoid,0.75,0.7096400668247422,0.7011309553878972,-0.008509111436845074
bgg,10k,hydrophobicity,1,sigmoid,1.0,0.7096400668247422,0.691716774950898,-0.017923291873844227
bgg,10k,charge_environment,2,tanh,-1.0,0.7096400668247422,0.5755133810631394,-0.1341266857616028
bgg,10k,charge_environment,2,tanh,-0.5,0.7096400668247422,0.6610921950889083,-0.04854787173583397
bgg,10k,charge_environment,2,tanh,0.0,0.7096400668247422,0.7151741093152725,0.005534042490530244
bgg,10k,charge_environment,2,tanh,0.5,0.7096400668247422,0.7101350586945542,0.0004949918698119449
bgg,10k,charge_environment,2,tanh,1.0,0.7096400668247422,0.6956531420057588,-0.013986924818983448
bgg,10k,ionic_screening,3,sigmoid,0.0,0.7096400668247422,0.7367568618496432,0.02711679502490094
bgg,10k,ionic_screening,3,sigmoid,0.25,0.7096400668247422,0.7253955288896219,0.015755462064879655
bgg,10k,ionic_screening,3,sigmoid,0.5,0.7096400668247422,0.7158998382099502,0.006259771385207946
bgg,10k,ionic_screening,3,sigmoid,0.75,0.7096400668247422,0.7064580264376554,-0.003182040387086804
bgg,10k,ionic_screening,3,sigmoid,1.0,0.7096400668247422,0.6967923964565665,-0.01284767036817569
bgg,10k,crowding,4,sigmoid,0.0,0.7096400668247422,0.7124112393596504,0.0027711725349082172
bgg,10k,crowding,4,sigmoid,0.25,0.7096400668247422,0.7124450207536764,0.0028049539289342063
bgg,10k,crowding,4,sigmoid,0.5,0.7096400668247422,0.709942232388862,0.0003021655641197718
bgg,10k,crowding,4,sigmoid,0.75,0.7096400668247422,0.70755844766048,-0.002081619164262194
bgg,10k,crowding,4,sigmoid,1.0,0.7096400668247422,0.707104639219666,-0.0025354276050761904
bgg,10k,nonlinear_conc,5,sigmoid,0.0,0.7096400668247422,0.7262897693935113,0.016649702568769076
bgg,10k,nonlinear_conc,5,sigmoid,0.25,0.7096400668247422,0.7178129238005051,0.008172856975762866
bgg,10k,nonlinear_conc,5,sigmoid,0.5,0.7096400668247422,0.7092844616431548,-0.00035560518158739285
bgg,10k,nonlinear_conc,5,sigmoid,0.75,0.7096400668247422,0.7007538469652489,-0.008886219859493338
bgg,10k,nonlinear_conc,5,sigmoid,1.0,0.7096400668247422,0.6914551338809123,-0.018184932943829946
bgg,10k,cosolute_interaction,6,tanh,-1.0,0.7096400668247422,0.5660002066450771,-0.14363986017966512
bgg,10k,cosolute_interaction,6,tanh,-0.5,0.7096400668247422,0.5968517785854557,-0.11278828823928655
bgg,10k,cosolute_interaction,6,tanh,0.0,0.7096400668247422,0.6845483982817663,-0.025091668542975953
bgg,10k,cosolute_interaction,6,tanh,0.5,0.7096400668247422,0.7730997333723759,0.06345966654763369
bgg,10k,cosolute_interaction,6,tanh,1.0,0.7096400668247422,0.966188097459945,0.2565480306352028
bgg,10k,cosolute_protection,7,sigmoid,0.0,0.7096400668247422,0.7066644048370498,-0.0029756619876923907
bgg,10k,cosolute_protection,7,sigmoid,0.25,0.7096400668247422,0.7079430899050729,-0.0016969769196693019
bgg,10k,cosolute_protection,7,sigmoid,0.5,0.7096400668247422,0.7099767386112384,0.0003366717864962121
bgg,10k,cosolute_protection,7,sigmoid,0.75,0.7096400668247422,0.7118945465683185,0.0022544797435762876
bgg,10k,cosolute_protection,7,sigmoid,1.0,0.7096400668247422,0.7146775799307781,0.00503751310603584
bgg,10k,latent_0,8,tanh,-1.0,0.7096400668247422,0.4077341230414077,-0.3019059437833345
bgg,10k,latent_0,8,tanh,-0.5,0.7096400668247422,0.5127611346304319,-0.1968789321943103
bgg,10k,latent_0,8,tanh,0.0,0.7096400668247422,0.7019355807502871,-0.007704486074455175
bgg,10k,latent_0,8,tanh,0.5,0.7096400668247422,1.1113405975310848,0.4017005307063426
bgg,10k,latent_0,8,tanh,1.0,0.7096400668247422,1.7951929076628903,1.085552840838148
bgg,100k,self_interaction,0,tanh,-1.0,0.6661308503487082,0.5765305129191587,-0.08960033742954954
bgg,100k,self_interaction,0,tanh,-0.5,0.6661308503487082,0.638173979265736,-0.02795687108297218
bgg,100k,self_interaction,0,tanh,0.0,0.6661308503487082,0.6690079137162558,0.002877063367547561
bgg,100k,self_interaction,0,tanh,0.5,0.6661308503487082,0.7308535961903369,0.06472274584162863
bgg,100k,self_interaction,0,tanh,1.0,0.6661308503487082,0.8188163926249468,0.15268554227623854
bgg,100k,hydrophobicity,1,sigmoid,0.0,0.6661308503487082,0.6839775190801208,0.017846668731412607
bgg,100k,hydrophobicity,1,sigmoid,0.25,0.6661308503487082,0.673749828642316,0.007618978293607803
bgg,100k,hydrophobicity,1,sigmoid,0.5,0.6661308503487082,0.6662834926099461,0.0001526422612379008
bgg,100k,hydrophobicity,1,sigmoid,0.75,0.6661308503487082,0.6585540768331375,-0.007576773515570734
bgg,100k,hydrophobicity,1,sigmoid,1.0,0.6661308503487082,0.6490297993626173,-0.017101050986090938
bgg,100k,charge_environment,2,tanh,-1.0,0.6661308503487082,0.481992183512528,-0.18413866683618024
bgg,100k,charge_environment,2,tanh,-0.5,0.6661308503487082,0.5923476842340489,-0.0737831661146593
bgg,100k,charge_environment,2,tanh,0.0,0.6661308503487082,0.6516287263240844,-0.014502124024623808
bgg,100k,charge_environment,2,tanh,0.5,0.6661308503487082,0.6660291108057117,-0.00010173954299652621
bgg,100k,charge_environment,2,tanh,1.0,0.6661308503487082,0.6708553913588552,0.004724541010146965
bgg,100k,ionic_screening,3,sigmoid,0.0,0.6661308503487082,0.6875280797721289,0.021397229423420705
bgg,100k,ionic_screening,3,sigmoid,0.25,0.6661308503487082,0.6799105621174697,0.013779711768761471
bgg,100k,ionic_screening,3,sigmoid,0.5,0.6661308503487082,0.6719945140226902,0.005863663673981945
bgg,100k,ionic_screening,3,sigmoid,0.75,0.6661308503487082,0.6632200165693823,-0.002910833779325883
bgg,100k,ionic_screening,3,sigmoid,1.0,0.6661308503487082,0.654186206282608,-0.011944644066100185
bgg,100k,crowding,4,sigmoid,0.0,0.6661308503487082,0.6701137821339559,0.0039829317852476676
bgg,100k,crowding,4,sigmoid,0.25,0.6661308503487082,0.6674246030606208,0.0012937527119125658
bgg,100k,crowding,4,sigmoid,0.5,0.6661308503487082,0.666275233959651,0.00014438361094282204
bgg,100k,crowding,4,sigmoid,0.75,0.6661308503487082,0.6653490351148592,-0.0007818152338490147
bgg,100k,crowding,4,sigmoid,1.0,0.6661308503487082,0.6644576719598758,-0.001673178388832408
bgg,100k,nonlinear_conc,5,sigmoid,0.0,0.6661308503487082,0.6823709699882832,0.016240119639574946
bgg,100k,nonlinear_conc,5,sigmoid,0.25,0.6661308503487082,0.6733389607901372,0.007208110441428994
bgg,100k,nonlinear_conc,5,sigmoid,0.5,0.6661308503487082,0.665852867694096,-0.0002779826546122077
bgg,100k,nonlinear_conc,5,sigmoid,0.75,0.6661308503487082,0.659607735645116,-0.0065231147035922366
bgg,100k,nonlinear_conc,5,sigmoid,1.0,0.6661308503487082,0.6528622084604395,-0.013268641888268706
bgg,100k,cosolute_interaction,6,tanh,-1.0,0.6661308503487082,0.5156820775687958,-0.15044877277991242
bgg,100k,cosolute_interaction,6,tanh,-0.5,0.6661308503487082,0.5512748299974175,-0.11485602035129072
bgg,100k,cosolute_interaction,6,tanh,0.0,0.6661308503487082,0.6413314853113878,-0.024799365037320387
bgg,100k,cosolute_interaction,6,tanh,0.5,0.6661308503487082,0.7339087257226237,0.06777787537391544
bgg,100k,cosolute_interaction,6,tanh,1.0,0.6661308503487082,0.9020966222002444,0.23596577185153622
bgg,100k,cosolute_protection,7,sigmoid,0.0,0.6661308503487082,0.6576215192669084,-0.008509331081799854
bgg,100k,cosolute_protection,7,sigmoid,0.25,0.6661308503487082,0.6622733797615599,-0.0038574705871483594
bgg,100k,cosolute_protection,7,sigmoid,0.5,0.6661308503487082,0.6669662918982363,0.000835441549528082
bgg,100k,cosolute_protection,7,sigmoid,0.75,0.6661308503487082,0.6724931959277403,0.006362345579032036
bgg,100k,cosolute_protection,7,sigmoid,1.0,0.6661308503487082,0.6783476125491312,0.012216762200423004
bgg,100k,latent_0,8,tanh,-1.0,0.6661308503487082,0.3643578137274358,-0.3017730366212724
bgg,100k,latent_0,8,tanh,-0.5,0.6661308503487082,0.48042552469001776,-0.18570532565869047
bgg,100k,latent_0,8,tanh,0.0,0.6661308503487082,0.6592221599094658,-0.006908690439242471
bgg,100k,latent_0,8,tanh,0.5,0.6661308503487082,1.0261582426484694,0.3600273922997612
bgg,100k,latent_0,8,tanh,1.0,0.6661308503487082,1.7015088873073927,1.0353780369586845
bgg,15M,self_interaction,0,tanh,-1.0,0.5419660791386531,0.46584947091921886,-0.07611660821943428
bgg,15M,self_interaction,0,tanh,-0.5,0.5419660791386531,0.49932925535742506,-0.04263682378122807
bgg,15M,self_interaction,0,tanh,0.0,0.5419660791386531,0.544778934794831,0.0028128556561778373
bgg,15M,self_interaction,0,tanh,0.5,0.5419660791386531,0.5816975836016981,0.039731504463044964
bgg,15M,self_interaction,0,tanh,1.0,0.5419660791386531,0.6243852291070905,0.08241914996843736
bgg,15M,hydrophobicity,1,sigmoid,0.0,0.5419660791386531,0.5469884092871983,0.00502233014854514
bgg,15M,hydrophobicity,1,sigmoid,0.25,0.5419660791386531,0.5453559585640829,0.003389879425429787
bgg,15M,hydrophobicity,1,sigmoid,0.5,0.5419660791386531,0.5420669071550878,0.00010082801643462869
bgg,15M,hydrophobicity,1,sigmoid,0.75,0.5419660791386531,0.5358669560732804,-0.006099123065372747
bgg,15M,hydrophobicity,1,sigmoid,1.0,0.5419660791386531,0.5301177823319126,-0.011848296806740488
bgg,15M,charge_environment,2,tanh,-1.0,0.5419660791386531,0.39198063778111997,-0.14998544135753317
bgg,15M,charge_environment,2,tanh,-0.5,0.5419660791386531,0.45168117427892845,-0.09028490485972468
bgg,15M,charge_environment,2,tanh,0.0,0.5419660791386531,0.5001108303546049,-0.04185524878404823
bgg,15M,charge_environment,2,tanh,0.5,0.5419660791386531,0.5403601725083078,-0.0016059066303453218
bgg,15M,charge_environment,2,tanh,1.0,0.5419660791386531,0.5601192020019251,0.018153122863271975
bgg,15M,ionic_screening,3,sigmoid,0.0,0.5419660791386531,0.5388561536813035,-0.0031099254573496715
bgg,15M,ionic_screening,3,sigmoid,0.25,0.5419660791386531,0.5414751781561217,-0.0004909009825314614
bgg,15M,ionic_screening,3,sigmoid,0.5,0.5419660791386531,0.5427022301864292,0.0007361510477760236
bgg,15M,ionic_screening,3,sigmoid,0.75,0.5419660791386531,0.5411070202653756,-0.0008590588732775295
bgg,15M,ionic_screening,3,sigmoid,1.0,0.5419660791386531,0.5377296935491044,-0.004236385589548752
bgg,15M,crowding,4,sigmoid,0.0,0.5419660791386531,0.5364137127677807,-0.005552366370872419
bgg,15M,crowding,4,sigmoid,0.25,0.5419660791386531,0.5409907951376196,-0.0009752840010335273
bgg,15M,crowding,4,sigmoid,0.5,0.5419660791386531,0.5421219007606096,0.00015582162195648674
bgg,15M,crowding,4,sigmoid,0.75,0.5419660791386531,0.5406672910661551,-0.0012987880724980583
bgg,15M,crowding,4,sigmoid,1.0,0.5419660791386531,0.5411326143937168,-0.0008334647449362853
bgg,15M,nonlinear_conc,5,sigmoid,0.0,0.5419660791386531,0.5473177064943419,0.005351627355688726
bgg,15M,nonlinear_conc,5,sigmoid,0.25,0.5419660791386531,0.5457643718838934,0.0037982927452402393
bgg,15M,nonlinear_conc,5,sigmoid,0.5,0.5419660791386531,0.5417411901607051,-0.00022488897794803453
bgg,15M,nonlinear_conc,5,sigmoid,0.75,0.5419660791386531,0.5351702258037412,-0.00679585333491195
bgg,15M,nonlinear_conc,5,sigmoid,1.0,0.5419660791386531,0.5305983380370799,-0.011367741101573237
bgg,15M,cosolute_interaction,6,tanh,-1.0,0.5419660791386531,0.44265118032324136,-0.09931489881541178
bgg,15M,cosolute_interaction,6,tanh,-0.5,0.5419660791386531,0.4776662473021852,-0.06429983183646792
bgg,15M,cosolute_interaction,6,tanh,0.0,0.5419660791386531,0.5217425225304346,-0.020223556608218507
bgg,15M,cosolute_interaction,6,tanh,0.5,0.5419660791386531,0.5832541744485993,0.04128809530994615
bgg,15M,cosolute_interaction,6,tanh,1.0,0.5419660791386531,0.6656207688705115,0.12365468973185834
bgg,15M,cosolute_protection,7,sigmoid,0.0,0.5419660791386531,0.5306344696321207,-0.011331609506532447
bgg,15M,cosolute_protection,7,sigmoid,0.25,0.5419660791386531,0.536684622854853,-0.005281456283800168
bgg,15M,cosolute_protection,7,sigmoid,0.5,0.5419660791386531,0.5430388525528105,0.0010727734141573464
bgg,15M,cosolute_protection,7,sigmoid,0.75,0.5419660791386531,0.5478486707166025,0.005882591577949348
bgg,15M,cosolute_protection,7,sigmoid,1.0,0.5419660791386531,0.5527930873086074,0.0108270081699543
bgg,15M,latent_0,8,tanh,-1.0,0.5419660791386531,0.2936871923362103,-0.2482788868024428
bgg,15M,latent_0,8,tanh,-0.5,0.5419660791386531,0.4029669269810667,-0.13899915215758646
bgg,15M,latent_0,8,tanh,0.0,0.5419660791386531,0.5355876445666925,-0.006378434571960634
bgg,15M,latent_0,8,tanh,0.5,0.5419660791386531,0.7233654164672264,0.18139933732857327
bgg,15M,latent_0,8,tanh,1.0,0.5419660791386531,1.3238889554887554,0.7819228763501023
bsa,100,self_interaction,0,tanh,-1.0,0.5674695490248652,0.5018056067063847,-0.0656639423184805
bsa,100,self_interaction,0,tanh,-0.5,0.5674695490248652,0.5447757993631033,-0.022693749661761964
bsa,100,self_interaction,0,tanh,0.0,0.5674695490248652,0.5739330575788878,0.006463508554022557
bsa,100,self_interaction,0,tanh,0.5,0.5674695490248652,0.6161047351212987,0.04863518609643347
bsa,100,self_interaction,0,tanh,1.0,0.5674695490248652,0.7697656108186854,0.2022960617938202
bsa,100,hydrophobicity,1,sigmoid,0.0,0.5674695490248652,0.5512531016202782,-0.016216447404587053
bsa,100,hydrophobicity,1,sigmoid,0.25,0.5674695490248652,0.5592482164076098,-0.008221332617255439
bsa,100,hydrophobicity,1,sigmoid,0.5,0.5674695490248652,0.5669530484228686,-0.0005165006019965945
bsa,100,hydrophobicity,1,sigmoid,0.75,0.5674695490248652,0.5736301342396745,0.006160585214809222
bsa,100,hydrophobicity,1,sigmoid,1.0,0.5674695490248652,0.5801923347629476,0.012722785738082387
bsa,100,charge_environment,2,tanh,-1.0,0.5674695490248652,0.5625216840070721,-0.004947865017793096
bsa,100,charge_environment,2,tanh,-0.5,0.5674695490248652,0.5697856611427178,0.0023161121178525423
bsa,100,charge_environment,2,tanh,0.0,0.5674695490248652,0.5701486793415249,0.0026791303166596725
bsa,100,charge_environment,2,tanh,0.5,0.5674695490248652,0.5644473058334141,-0.0030222431914511683
bsa,100,charge_environment,2,tanh,1.0,0.5674695490248652,0.5476112070650004,-0.0198583419598648
bsa,100,ionic_screening,3,sigmoid,0.0,0.5674695490248652,0.5527993252253196,-0.014670223799545634
bsa,100,ionic_screening,3,sigmoid,0.25,0.5674695490248652,0.557130207565485,-0.010339341459380202
bsa,100,ionic_screening,3,sigmoid,0.5,0.5674695490248652,0.5638177814288756,-0.003651767595989619
bsa,100,ionic_screening,3,sigmoid,0.75,0.5674695490248652,0.5698802512424402,0.0024107022175750004
bsa,100,ionic_screening,3,sigmoid,1.0,0.5674695490248652,0.5747703221815396,0.007300773156674323
bsa,100,crowding,4,sigmoid,0.0,0.5674695490248652,0.5553415124038754,-0.012128036620989824
bsa,100,crowding,4,sigmoid,0.25,0.5674695490248652,0.5613601850134816,-0.006109364011383622
bsa,100,crowding,4,sigmoid,0.5,0.5674695490248652,0.5670413456946402,-0.0004282033302250854
bsa,100,crowding,4,sigmoid,0.75,0.5674695490248652,0.5716264505964479,0.004156901571582661
bsa,100,crowding,4,sigmoid,1.0,0.5674695490248652,0.5766727220450505,0.009203173020185251
bsa,100,nonlinear_conc,5,sigmoid,0.0,0.5674695490248652,0.5636923861242628,-0.003777162900602482
bsa,100,nonlinear_conc,5,sigmoid,0.25,0.5674695490248652,0.5654654755118441,-0.0020040735130211207
bsa,100,nonlinear_conc,5,sigmoid,0.5,0.5674695490248652,0.5672581517382569,-0.00021139728660835022
bsa,100,nonlinear_conc,5,sigmoid,0.75,0.5674695490248652,0.5689335759967507,0.0014640269718854126
bsa,100,nonlinear_conc,5,sigmoid,1.0,0.5674695490248652,0.57068422316109,0.003214674136224782
bsa,100,cosolute_interaction,6,tanh,-1.0,0.5674695490248652,0.5879732353171275,0.02050368629226229
bsa,100,cosolute_interaction,6,tanh,-0.5,0.5674695490248652,0.5809964439596942,0.013526894934828948
bsa,100,cosolute_interaction,6,tanh,0.0,0.5674695490248652,0.5555710139258712,-0.011898535098994079
bsa,100,cosolute_interaction,6,tanh,0.5,0.5674695490248652,0.5658240184447001,-0.0016455305801651443
bsa,100,cosolute_interaction,6,tanh,1.0,0.5674695490248652,0.6797593585306847,0.11228980950581946
bsa,100,cosolute_protection,7,sigmoid,0.0,0.5674695490248652,0.5717878237446333,0.004318274719768089
bsa,100,cosolute_protection,7,sigmoid,0.25,0.5674695490248652,0.5697553556300992,0.00228580660523392
bsa,100,cosolute_protection,7,sigmoid,0.5,0.5674695490248652,0.5679648264331182,0.0004952774082529476
bsa,100,cosolute_protection,7,sigmoid,0.75,0.5674695490248652,0.5655554420852711,-0.0019141069395941512
bsa,100,cosolute_protection,7,sigmoid,1.0,0.5674695490248652,0.5628384779251719,-0.004631071099693296
bsa,100,latent_0,8,tanh,-1.0,0.5674695490248652,0.3548441890372164,-0.21262535998764887
bsa,100,latent_0,8,tanh,-0.5,0.5674695490248652,0.48867293602729556,-0.07879661299756968
bsa,100,latent_0,8,tanh,0.0,0.5674695490248652,0.5684785649998099,0.001009015974944627
bsa,100,latent_0,8,tanh,0.5,0.5674695490248652,0.7202895304867246,0.15281998146185938
bsa,100,latent_0,8,tanh,1.0,0.5674695490248652,1.5197946834451965,0.9523251344203313
bsa,1k,self_interaction,0,tanh,-1.0,0.5503948719067046,0.49048545717536146,-0.05990941473134309
bsa,1k,self_interaction,0,tanh,-0.5,0.5503948719067046,0.5294957093824609,-0.02089916252424362
bsa,1k,self_interaction,0,tanh,0.0,0.5503948719067046,0.5573357513140518,0.006940879407347222
bsa,1k,self_interaction,0,tanh,0.5,0.5503948719067046,0.6029423684443401,0.052547496537635574
bsa,1k,self_interaction,0,tanh,1.0,0.5503948719067046,0.7423739081685377,0.1919790362618331
bsa,1k,hydrophobicity,1,sigmoid,0.0,0.5503948719067046,0.5360553565331362,-0.014339515373568368
bsa,1k,hydrophobicity,1,sigmoid,0.25,0.5503948719067046,0.5430398189906109,-0.0073550529160936184
bsa,1k,hydrophobicity,1,sigmoid,0.5,0.5503948719067046,0.5499437705899567,-0.00045110131674785947
bsa,1k,hydrophobicity,1,sigmoid,0.75,0.5503948719067046,0.5565601685057912,0.0061652965990866004
bsa,1k,hydrophobicity,1,sigmoid,1.0,0.5503948719067046,0.5632396429614789,0.012844771054774329
bsa,1k,charge_environment,2,tanh,-1.0,0.5503948719067046,0.5424554755532451,-0.007939396353459416
bsa,1k,charge_environment,2,tanh,-0.5,0.5503948719067046,0.5496316221626478,-0.0007632497440567265
bsa,1k,charge_environment,2,tanh,0.0,0.5503948719067046,0.5516344272260558,0.001239555319351271
bsa,1k,charge_environment,2,tanh,0.5,0.5503948719067046,0.5490159298991288,-0.001378942007575712
bsa,1k,charge_environment,2,tanh,1.0,0.5503948719067046,0.5399261540779083,-0.010468717828796215
bsa,1k,ionic_screening,3,sigmoid,0.0,0.5503948719067046,0.5321849049291677,-0.01820996697753685
bsa,1k,ionic_screening,3,sigmoid,0.25,0.5503948719067046,0.5388285388193794,-0.011566333087325131
bsa,1k,ionic_screening,3,sigmoid,0.5,0.5503948719067046,0.546309761288551,-0.004085110618153531
bsa,1k,ionic_screening,3,sigmoid,0.75,0.5503948719067046,0.5537909563021034,0.003396084395398846
bsa,1k,ionic_screening,3,sigmoid,1.0,0.5503948719067046,0.5610474380536714,0.010652566146966858
bsa,1k,crowding,4,sigmoid,0.0,0.5503948719067046,0.5373712988765929,-0.013023573030111701
bsa,1k,crowding,4,sigmoid,0.25,0.5503948719067046,0.544456765066466,-0.005938106840238544
bsa,1k,crowding,4,sigmoid,0.5,0.5503948719067046,0.5499260507332399,-0.0004688211734646952
bsa,1k,crowding,4,sigmoid,0.75,0.5503948719067046,0.555332732096813,0.004937860190108445
bsa,1k,crowding,4,sigmoid,1.0,0.5503948719067046,0.5606645364953441,0.010269664588639538
bsa,1k,nonlinear_conc,5,sigmoid,0.0,0.5503948719067046,0.54726106555166,-0.003133806355044566
bsa,1k,nonlinear_conc,5,sigmoid,0.25,0.5503948719067046,0.5483722603595105,-0.0020226115471940753
bsa,1k,nonlinear_conc,5,sigmoid,0.5,0.5503948719067046,0.5502194909015359,-0.00017538100516867328
bsa,1k,nonlinear_conc,5,sigmoid,0.75,0.5503948719067046,0.5515565191606395,0.001161647253934972
bsa,1k,nonlinear_conc,5,sigmoid,1.0,0.5503948719067046,0.5522724134524724,0.0018775415457678024
bsa,1k,cosolute_interaction,6,tanh,-1.0,0.5503948719067046,0.5750538343978852,0.024658962491180603
bsa,1k,cosolute_interaction,6,tanh,-0.5,0.5503948719067046,0.5709914240857953,0.020596552179090732
bsa,1k,cosolute_interaction,6,tanh,0.0,0.5503948719067046,0.5371935127591707,-0.013201359147533842
bsa,1k,cosolute_interaction,6,tanh,0.5,0.5503948719067046,0.5362151811843914,-0.014179690722313176
bsa,1k,cosolute_interaction,6,tanh,1.0,0.5503948719067046,0.619799953980443,0.06940508207373841
bsa,1k,cosolute_protection,7,sigmoid,0.0,0.5503948719067046,0.5547050417276459,0.004310169820941345
bsa,1k,cosolute_protection,7,sigmoid,0.25,0.5503948719067046,0.5530754134421979,0.0026805415354933526
bsa,1k,cosolute_protection,7,sigmoid,0.5,0.5503948719067046,0.5510691379885064,0.0006742660818018775
bsa,1k,cosolute_protection,7,sigmoid,0.75,0.5503948719067046,0.5486464211919116,-0.001748450714792904
bsa,1k,cosolute_protection,7,sigmoid,1.0,0.5503948719067046,0.5463616798647077,-0.004033192041996814
bsa,1k,latent_0,8,tanh,-1.0,0.5503948719067046,0.32259289667655155,-0.227801975230153
bsa,1k,latent_0,8,tanh,-0.5,0.5503948719067046,0.4807318758633047,-0.06966299604339987
bsa,1k,latent_0,8,tanh,0.0,0.5503948719067046,0.5511620258398302,0.0007671539331256527
bsa,1k,latent_0,8,tanh,0.5,0.5503948719067046,0.6925601676477847,0.14216529574108017
bsa,1k,latent_0,8,tanh,1.0,0.5503948719067046,1.465259301227698,0.9148644293209934
bsa,10k,self_interaction,0,tanh,-1.0,0.5204360510028666,0.4737946164793664,-0.046641434523500225
bsa,10k,self_interaction,0,tanh,-0.5,0.5204360510028666,0.5094074417112816,-0.011028609291585001
bsa,10k,self_interaction,0,tanh,0.0,0.5204360510028666,0.5283925810355701,0.007956530032703468
bsa,10k,self_interaction,0,tanh,0.5,0.5204360510028666,0.5739022743384927,0.05346622333562612
bsa,10k,self_interaction,0,tanh,1.0,0.5204360510028666,0.705274162096557,0.18483811109369042
bsa,10k,hydrophobicity,1,sigmoid,0.0,0.5204360510028666,0.5076989608871122,-0.012737090115754413
bsa,10k,hydrophobicity,1,sigmoid,0.25,0.5204360510028666,0.5136941616877516,-0.0067418893151149906
bsa,10k,hydrophobicity,1,sigmoid,0.5,0.5204360510028666,0.5199951439575767,-0.00044090704528987334
bsa,10k,hydrophobicity,1,sigmoid,0.75,0.5204360510028666,0.5264747181672513,0.006038667164384726
bsa,10k,hydrophobicity,1,sigmoid,1.0,0.5204360510028666,0.53342852368018,0.012992472677313405
bsa,10k,charge_environment,2,tanh,-1.0,0.5204360510028666,0.49378837367211925,-0.026647677330747355
bsa,10k,charge_environment,2,tanh,-0.5,0.5204360510028666,0.5114425428197098,-0.008993508183156806
bsa,10k,charge_environment,2,tanh,0.0,0.5204360510028666,0.5181077540811545,-0.002328296921712103
bsa,10k,charge_environment,2,tanh,0.5,0.5204360510028666,0.5231780121315864,0.0027419611287198276
bsa,10k,charge_environment,2,tanh,1.0,0.5204360510028666,0.5229346400307042,0.0024985890278376166
bsa,10k,ionic_screening,3,sigmoid,0.0,0.5204360510028666,0.5032329474797188,-0.0172031035231478
bsa,10k,ionic_screening,3,sigmoid,0.25,0.5204360510028666,0.510034747701778,-0.010401303301088571
bsa,10k,ionic_screening,3,sigmoid,0.5,0.5204360510028666,0.5161615460314375,-0.004274504971429116
bsa,10k,ionic_screening,3,sigmoid,0.75,0.5204360510028666,0.5239896276946583,0.0035535766917916822
bsa,10k,ionic_screening,3,sigmoid,1.0,0.5204360510028666,0.5313341651085478,0.0108981141056812
bsa,10k,crowding,4,sigmoid,0.0,0.5204360510028666,0.5108290250412418,-0.009607025961624771
bsa,10k,crowding,4,sigmoid,0.25,0.5204360510028666,0.5152780077279636,-0.00515804327490299
bsa,10k,crowding,4,sigmoid,0.5,0.5204360510028666,0.5200635468875804,-0.00037250411528622074
bsa,10k,crowding,4,sigmoid,0.75,0.5204360510028666,0.5244799136713167,0.004043862668450138
bsa,10k,crowding,4,sigmoid,1.0,0.5204360510028666,0.5286069380379423,0.008170887035075736
bsa,10k,nonlinear_conc,5,sigmoid,0.0,0.5204360510028666,0.517401911291559,-0.003034139711307615
bsa,10k,nonlinear_conc,5,sigmoid,0.25,0.5204360510028666,0.5185002898163054,-0.0019357611865612467
bsa,10k,nonlinear_conc,5,sigmoid,0.5,0.5204360510028666,0.5201685591404012,-0.000267491862465441
bsa,10k,nonlinear_conc,5,sigmoid,0.75,0.5204360510028666,0.5223069057325461,0.0018708547296795164
bsa,10k,nonlinear_conc,5,sigmoid,1.0,0.5204360510028666,0.5250216954075941,0.004585644404727529
bsa,10k,cosolute_interaction,6,tanh,-1.0,0.5204360510028666,0.5289293823225008,0.008493331319634145
bsa,10k,cosolute_interaction,6,tanh,-0.5,0.5204360510028666,0.5299521261071114,0.009516075104244792
bsa,10k,cosolute_interaction,6,tanh,0.0,0.5204360510028666,0.5104222068929145,-0.010013844109952097
bsa,10k,cosolute_interaction,6,tanh,0.5,0.5204360510028666,0.5094546818499042,-0.010981369152962439
bsa,10k,cosolute_interaction,6,tanh,1.0,0.5204360510028666,0.5649335668162785,0.04449751581341188
bsa,10k,cosolute_protection,7,sigmoid,0.0,0.5204360510028666,0.523929801900134,0.0034937508972674447
bsa,10k,cosolute_protection,7,sigmoid,0.25,0.5204360510028666,0.5241376683940963,0.00370161739122965
bsa,10k,cosolute_protection,7,sigmoid,0.5,0.5204360510028666,0.5212860563856694,0.0008500053828027765
bsa,10k,cosolute_protection,7,sigmoid,0.75,0.5204360510028666,0.518396817823729,-0.0020392331791375673
bsa,10k,cosolute_protection,7,sigmoid,1.0,0.5204360510028666,0.5165408728681277,-0.0038951781347389414
bsa,10k,latent_0,8,tanh,-1.0,0.5204360510028666,0.2694052009895813,-0.2510308500132853
bsa,10k,latent_0,8,tanh,-0.5,0.5204360510028666,0.43138657900125055,-0.08904947200161606
bsa,10k,latent_0,8,tanh,0.0,0.5204360510028666,0.5216630934237073,0.0012270424208407071
bsa,10k,latent_0,8,tanh,0.5,0.5204360510028666,0.670727623888732,0.15029157288586537
bsa,10k,latent_0,8,tanh,1.0,0.5204360510028666,1.3861329091768657,0.8656968581739991
bsa,100k,self_interaction,0,tanh,-1.0,0.44737211915613195,0.3974771209844041,-0.04989499817172788
bsa,100k,self_interaction,0,tanh,-0.5,0.44737211915613195,0.42996671164749856,-0.017405407508633397
bsa,100k,self_interaction,0,tanh,0.0,0.44737211915613195,0.4560262786299078,0.008654159473775846
bsa,100k,self_interaction,0,tanh,0.5,0.44737211915613195,0.5101576170894124,0.06278549793328048
bsa,100k,self_interaction,0,tanh,1.0,0.44737211915613195,0.6308362783010603,0.1834641591449283
bsa,100k,hydrophobicity,1,sigmoid,0.0,0.44737211915613195,0.43711774185633645,-0.010254377299795503
bsa,100k,hydrophobicity,1,sigmoid,0.25,0.44737211915613195,0.44186643282924776,-0.005505686326884196
bsa,100k,hydrophobicity,1,sigmoid,0.5,0.44737211915613195,0.44703692997307976,-0.000335189183052198
bsa,100k,hydrophobicity,1,sigmoid,0.75,0.44737211915613195,0.45209210253346976,0.004719983377337811
bsa,100k,hydrophobicity,1,sigmoid,1.0,0.44737211915613195,0.46030052002739136,0.012928400871259405
bsa,100k,charge_environment,2,tanh,-1.0,0.44737211915613195,0.4112417541270284,-0.03613036502910355
bsa,100k,charge_environment,2,tanh,-0.5,0.44737211915613195,0.4286598735874124,-0.018712245568719532
bsa,100k,charge_environment,2,tanh,0.0,0.44737211915613195,0.444024576295712,-0.0033475428604199386
bsa,100k,charge_environment,2,tanh,0.5,0.44737211915613195,0.4521005753375956,0.004728456181463669
bsa,100k,charge_environment,2,tanh,1.0,0.44737211915613195,0.460029944898875,0.012657825742743045
bsa,100k,ionic_screening,3,sigmoid,0.0,0.44737211915613195,0.4377939298314915,-0.00957818932464044
bsa,100k,ionic_screening,3,sigmoid,0.25,0.44737211915613195,0.44088418608315166,-0.00648793307298029
bsa,100k,ionic_screening,3,sigmoid,0.5,0.44737211915613195,0.444908888847651,-0.002463230308480946
bsa,100k,ionic_screening,3,sigmoid,0.75,0.44737211915613195,0.4494199075062534,0.0020477883501214267
bsa,100k,ionic_screening,3,sigmoid,1.0,0.44737211915613195,0.454944933571395,0.0075728144152630295
bsa,100k,crowding,4,sigmoid,0.0,0.44737211915613195,0.4421594996011209,-0.0052126195550110666
bsa,100k,crowding,4,sigmoid,0.25,0.44737211915613195,0.44542557614785905,-0.0019465430082729052
bsa,100k,crowding,4,sigmoid,0.5,0.44737211915613195,0.44724169398205743,-0.00013042517407452214
bsa,100k,crowding,4,sigmoid,0.75,0.44737211915613195,0.4485748455077113,0.001202726351579364
bsa,100k,crowding,4,sigmoid,1.0,0.44737211915613195,0.45017378939299396,0.0028016702368620083
bsa,100k,nonlinear_conc,5,sigmoid,0.0,0.44737211915613195,0.44833932571395796,0.0009672065578260058
bsa,100k,nonlinear_conc,5,sigmoid,0.25,0.44737211915613195,0.4485798149748104,0.001207695818678467
bsa,100k,nonlinear_conc,5,sigmoid,0.5,0.44737211915613195,0.4474920178457546,0.00011989868962264394
bsa,100k,nonlinear_conc,5,sigmoid,0.75,0.44737211915613195,0.44655989956943476,-0.0008122195866971937
bsa,100k,nonlinear_conc,5,sigmoid,1.0,0.44737211915613195,0.44638406280098525,-0.0009880563551467048
bsa,100k,cosolute_interaction,6,tanh,-1.0,0.44737211915613195,0.45939141505119563,0.012019295895063675
bsa,100k,cosolute_interaction,6,tanh,-0.5,0.44737211915613195,0.45763326701165474,0.01026114785552279
bsa,100k,cosolute_interaction,6,tanh,0.0,0.44737211915613195,0.44258173957082697,-0.004790379585304982
bsa,100k,cosolute_interaction,6,tanh,0.5,0.44737211915613195,0.4550870877860481,0.0077149686299161635
bsa,100k,cosolute_interaction,6,tanh,1.0,0.44737211915613195,0.5265523406942266,0.07918022153809468
bsa,100k,cosolute_protection,7,sigmoid,0.0,0.44737211915613195,0.44803307475368165,0.000660955597549695
bsa,100k,cosolute_protection,7,sigmoid,0.25,0.44737211915613195,0.4467474489050913,-0.0006246702510406266
bsa,100k,cosolute_protection,7,sigmoid,0.5,0.44737211915613195,0.44708918899891614,-0.0002829301572158105
bsa,100k,cosolute_protection,7,sigmoid,0.75,0.44737211915613195,0.4481120041681371,0.0007398850120051703
bsa,100k,cosolute_protection,7,sigmoid,1.0,0.44737211915613195,0.44916945185558343,0.0017973326994514816
bsa,100k,latent_0,8,tanh,-1.0,0.44737211915613195,0.21979491759032582,-0.22757720156580613
bsa,100k,latent_0,8,tanh,-0.5,0.44737211915613195,0.3529913081287325,-0.09438081102739948
bsa,100k,latent_0,8,tanh,0.0,0.44737211915613195,0.44984250439901075,0.002470385242878792
bsa,100k,latent_0,8,tanh,0.5,0.44737211915613195,0.6232706517669383,0.17589853261080635
bsa,100k,latent_0,8,tanh,1.0,0.44737211915613195,1.2920917461250978,0.8447196269689659
bsa,15M,self_interaction,0,tanh,-1.0,0.3515105606846739,0.2952283970540379,-0.056282163630635984
bsa,15M,self_interaction,0,tanh,-0.5,0.3515105606846739,0.3283101230592646,-0.023200437625409298
bsa,15M,self_interaction,0,tanh,0.0,0.3515105606846739,0.3608598360375722,0.009349275352898312
bsa,15M,self_interaction,0,tanh,0.5,0.3515105606846739,0.4141445653743855,0.06263400468971159
bsa,15M,self_interaction,0,tanh,1.0,0.3515105606846739,0.5111978885414047,0.1596873278567308
bsa,15M,hydrophobicity,1,sigmoid,0.0,0.3515105606846739,0.3481386591987826,-0.003371901485891282
bsa,15M,hydrophobicity,1,sigmoid,0.25,0.3515105606846739,0.35035900611640536,-0.0011515545682685424
bsa,15M,hydrophobicity,1,sigmoid,0.5,0.3515105606846739,0.35146581900741053,-4.4741677263371304e-05
bsa,15M,hydrophobicity,1,sigmoid,0.75,0.3515105606846739,0.35289722321240574,0.0013866625277318412
bsa,15M,hydrophobicity,1,sigmoid,1.0,0.3515105606846739,0.3556767532378385,0.004166192553164583
bsa,15M,charge_environment,2,tanh,-1.0,0.3515105606846739,0.32816482792175994,-0.023345732762913962
bsa,15M,charge_environment,2,tanh,-0.5,0.3515105606846739,0.3389347668413708,-0.012575793843303096
bsa,15M,charge_environment,2,tanh,0.0,0.3515105606846739,0.34809348921385774,-0.0034170714708161576
bsa,15M,charge_environment,2,tanh,0.5,0.3515105606846739,0.3555497325605611,0.004039171875887204
bsa,15M,charge_environment,2,tanh,1.0,0.3515105606846739,0.3621080343858892,0.010597473701215276
bsa,15M,ionic_screening,3,sigmoid,0.0,0.3515105606846739,0.34709709184155796,-0.004413468843115942
bsa,15M,ionic_screening,3,sigmoid,0.25,0.3515105606846739,0.3491325086896084,-0.002378051995065522
bsa,15M,ionic_screening,3,sigmoid,0.5,0.3515105606846739,0.3507132934282649,-0.0007972672564089955
bsa,15M,ionic_screening,3,sigmoid,0.75,0.3515105606846739,0.35217336129984267,0.0006628006151687682
bsa,15M,ionic_screening,3,sigmoid,1.0,0.3515105606846739,0.3548561487049974,0.0033455880203234756
bsa,15M,crowding,4,sigmoid,0.0,0.3515105606846739,0.3562130932703643,0.004702532585690422
bsa,15M,crowding,4,sigmoid,0.25,0.3515105606846739,0.3541055230547095,0.0025949623700355917
bsa,15M,crowding,4,sigmoid,0.5,0.3515105606846739,0.3517219689535299,0.00021140826885601705
bsa,15M,crowding,4,sigmoid,0.75,0.3515105606846739,0.349515152165114,-0.001995408519559927
bsa,15M,crowding,4,sigmoid,1.0,0.3515105606846739,0.3485981125149312,-0.0029124481697426763
bsa,15M,nonlinear_conc,5,sigmoid,0.0,0.3515105606846739,0.3542779004151232,0.002767339730449292
bsa,15M,nonlinear_conc,5,sigmoid,0.25,0.3515105606846739,0.35297635030732044,0.0014657896226465406
bsa,15M,nonlinear_conc,5,sigmoid,0.5,0.3515105606846739,0.35167477823502213,0.0001642175503482335
bsa,15M,nonlinear_conc,5,sigmoid,0.75,0.3515105606846739,0.3503522849807929,-0.0011582757038809954
bsa,15M,nonlinear_conc,5,sigmoid,1.0,0.3515105606846739,0.3498881971561011,-0.0016223635285728122
bsa,15M,cosolute_interaction,6,tanh,-1.0,0.3515105606846739,0.36907901613427196,0.017568455449598064
bsa,15M,cosolute_interaction,6,tanh,-0.5,0.3515105606846739,0.35699576511953646,0.005485204434862556
bsa,15M,cosolute_interaction,6,tanh,0.0,0.3515105606846739,0.348444251224195,-0.003066309460478922
bsa,15M,cosolute_interaction,6,tanh,0.5,0.3515105606846739,0.34803525035413074,-0.0034753103305431576
bsa,15M,cosolute_interaction,6,tanh,1.0,0.3515105606846739,0.37725918728702484,0.025748626602350944
bsa,15M,cosolute_protection,7,sigmoid,0.0,0.3515105606846739,0.3579367131230333,0.006426152438359423
bsa,15M,cosolute_protection,7,sigmoid,0.25,0.3515105606846739,0.3549569437746888,0.0034463830900148817
bsa,15M,cosolute_protection,7,sigmoid,0.5,0.3515105606846739,0.35185388771329607,0.0003433270286221646
bsa,15M,cosolute_protection,7,sigmoid,0.75,0.3515105606846739,0.3506126960390326,-0.0008978646456412887
bsa,15M,cosolute_protection,7,sigmoid,1.0,0.3515105606846739,0.34937147141802594,-0.0021390892666479644
bsa,15M,latent_0,8,tanh,-1.0,0.3515105606846739,0.16314020316985073,-0.18837035751482317
bsa,15M,latent_0,8,tanh,-0.5,0.3515105606846739,0.28070397906651656,-0.07080658161815734
bsa,15M,latent_0,8,tanh,0.0,0.3515105606846739,0.3533383142103451,0.0018277535256712163
bsa,15M,latent_0,8,tanh,0.5,0.3515105606846739,0.45926529491823237,0.10775473423355847
bsa,15M,latent_0,8,tanh,1.0,0.3515105606846739,0.957220696825211,0.6057101361405371
etanercept,100,self_interaction,0,tanh,-1.0,0.49332426388293193,0.26999196052144836,-0.22333230336148358
etanercept,100,self_interaction,0,tanh,-0.5,0.49332426388293193,0.29938205886253944,-0.1939422050203925
etanercept,100,self_interaction,0,tanh,0.0,0.49332426388293193,0.40332766087234534,-0.0899966030105866
etanercept,100,self_interaction,0,tanh,0.5,0.49332426388293193,0.49346512219235256,0.00014085830942062172
etanercept,100,self_interaction,0,tanh,1.0,0.49332426388293193,0.4981046715872955,0.004780407704363554
etanercept,100,hydrophobicity,1,sigmoid,0.0,0.49332426388293193,0.46712653610570143,-0.026197727777230506
etanercept,100,hydrophobicity,1,sigmoid,0.25,0.49332426388293193,0.4847684174908599,-0.00855584639207202
etanercept,100,hydrophobicity,1,sigmoid,0.5,0.49332426388293193,0.49655010147397716,0.003225837591045222
etanercept,100,hydrophobicity,1,sigmoid,0.75,0.49332426388293193,0.5016848349280674,0.008360571045135434
etanercept,100,hydrophobicity,1,sigmoid,1.0,0.49332426388293193,0.5065460500112487,0.013221786128316815
etanercept,100,charge_environment,2,tanh,-1.0,0.49332426388293193,0.5249778927125119,0.031653628829580005
etanercept,100,charge_environment,2,tanh,-0.5,0.49332426388293193,0.5045513278821722,0.011227063999240228
etanercept,100,charge_environment,2,tanh,0.0,0.49332426388293193,0.4915792341383078,-0.0017450297446241492
etanercept,100,charge_environment,2,tanh,0.5,0.49332426388293193,0.46605418550808175,-0.027270078374850182
etanercept,100,charge_environment,2,tanh,1.0,0.49332426388293193,0.44503880334720597,-0.048285460535725966
etanercept,100,ionic_screening,3,sigmoid,0.0,0.49332426388293193,0.49413472630999183,0.0008104624270598992
etanercept,100,ionic_screening,3,sigmoid,0.25,0.49332426388293193,0.4936903186732371,0.0003660547903051592
etanercept,100,ionic_screening,3,sigmoid,0.5,0.49332426388293193,0.49275643225503235,-0.0005678316278995843
etanercept,100,ionic_screening,3,sigmoid,0.75,0.49332426388293193,0.48279507779811903,-0.010529186084812903
etanercept,100,ionic_screening,3,sigmoid,1.0,0.49332426388293193,0.47067954583895394,-0.022644718043977996
etanercept,100,crowding,4,sigmoid,0.0,0.49332426388293193,0.4742536030499863,-0.01907066083294562
etanercept,100,crowding,4,sigmoid,0.25,0.49332426388293193,0.4893615449246364,-0.00396271895829553
etanercept,100,crowding,4,sigmoid,0.5,0.49332426388293193,0.5006429051566674,0.007318641273735493
etanercept,100,crowding,4,sigmoid,0.75,0.49332426388293193,0.5083162016475615,0.014991937764629593
etanercept,100,crowding,4,sigmoid,1.0,0.49332426388293193,0.517204392820523,0.02388012893759106
etanercept,100,nonlinear_conc,5,sigmoid,0.0,0.49332426388293193,0.4912059749934899,-0.0021182888894420437
etanercept,100,nonlinear_conc,5,sigmoid,0.25,0.49332426388293193,0.4927188290387953,-0.0006054348441366098
etanercept,100,nonlinear_conc,5,sigmoid,0.5,0.49332426388293193,0.49388455070663906,0.0005602868237071235
etanercept,100,nonlinear_conc,5,sigmoid,0.75,0.49332426388293193,0.4895544151593195,-0.0037698487236124123
etanercept,100,nonlinear_conc,5,sigmoid,1.0,0.49332426388293193,0.4851157530399046,-0.008208510843027317
etanercept,100,cosolute_interaction,6,tanh,-1.0,0.49332426388293193,0.23682715381212316,-0.2564971100708088
etanercept,100,cosolute_interaction,6,tanh,-0.5,0.49332426388293193,0.3030220809445787,-0.19030218293835321
etanercept,100,cosolute_interaction,6,tanh,0.0,0.49332426388293193,0.4190225887877219,-0.07430167509521002
etanercept,100,cosolute_interaction,6,tanh,0.5,0.49332426388293193,0.49888774428850985,0.005563480405577914
etanercept,100,cosolute_interaction,6,tanh,1.0,0.49332426388293193,0.5510028491411914,0.05767858525825942
etanercept,100,cosolute_protection,7,sigmoid,0.0,0.49332426388293193,0.4381784402891116,-0.05514582359382031
etanercept,100,cosolute_protection,7,sigmoid,0.25,0.49332426388293193,0.4599063122450232,-0.03341795163790873
etanercept,100,cosolute_protection,7,sigmoid,0.5,0.49332426388293193,0.4818415276653487,-0.011482736217583223
etanercept,100,cosolute_protection,7,sigmoid,0.75,0.49332426388293193,0.5014839805992825,0.008159716716350518
etanercept,100,cosolute_protection,7,sigmoid,1.0,0.49332426388293193,0.5134065997675545,0.020082335884622604
etanercept,100,latent_0,8,tanh,-1.0,0.49332426388293193,0.21900276806136032,-0.2743214958215716
etanercept,100,latent_0,8,tanh,-0.5,0.49332426388293193,0.2722007980434471,-0.22112346583948483
etanercept,100,latent_0,8,tanh,0.0,0.49332426388293193,0.4850039702313565,-0.008320293651575439
etanercept,100,latent_0,8,tanh,0.5,0.49332426388293193,0.6460232992232912,0.15269903534035922
etanercept,100,latent_0,8,tanh,1.0,0.49332426388293193,0.8461004472828179,0.3527761833998859
etanercept,1k,self_interaction,0,tanh,-1.0,0.4747289572880711,0.263981552053261,-0.21074740523481006
etanercept,1k,self_interaction,0,tanh,-0.5,0.4747289572880711,0.2984505446098449,-0.1762784126782262
etanercept,1k,self_interaction,0,tanh,0.0,0.4747289572880711,0.4030021799962889,-0.07172677729178217
etanercept,1k,self_interaction,0,tanh,0.5,0.4747289572880711,0.474312264726251,-0.00041669256182008674
etanercept,1k,self_interaction,0,tanh,1.0,0.4747289572880711,0.46330892558669917,-0.011420031701371902
etanercept,1k,hydrophobicity,1,sigmoid,0.0,0.4747289572880711,0.4455053292308945,-0.0292236280571766
etanercept,1k,hydrophobicity,1,sigmoid,0.25,0.4747289572880711,0.46522211001748376,-0.009506847270587315
etanercept,1k,hydrophobicity,1,sigmoid,0.5,0.4747289572880711,0.48333757887162293,0.008608621583551856
etanercept,1k,hydrophobicity,1,sigmoid,0.75,0.4747289572880711,0.4913649265560503,0.016635969267979223
etanercept,1k,hydrophobicity,1,sigmoid,1.0,0.4747289572880711,0.4988993635066111,0.024170406218540053
etanercept,1k,charge_environment,2,tanh,-1.0,0.4747289572880711,0.5076592435881866,0.03293028630011552
etanercept,1k,charge_environment,2,tanh,-0.5,0.4747289572880711,0.48309371806071655,0.008364760772645474
etanercept,1k,charge_environment,2,tanh,0.0,0.4747289572880711,0.4741211406689574,-0.000607816619113688
etanercept,1k,charge_environment,2,tanh,0.5,0.4747289572880711,0.46046153076140167,-0.014267426526669402
etanercept,1k,charge_environment,2,tanh,1.0,0.4747289572880711,0.44243199113186665,-0.03229696615620442
etanercept,1k,ionic_screening,3,sigmoid,0.0,0.4747289572880711,0.4757412734284595,0.0010123161403884362
etanercept,1k,ionic_screening,3,sigmoid,0.25,0.4747289572880711,0.47659038238529106,0.001861425097219982
etanercept,1k,ionic_screening,3,sigmoid,0.5,0.4747289572880711,0.47298771230057185,-0.0017412449874992242
etanercept,1k,ionic_screening,3,sigmoid,0.75,0.4747289572880711,0.46873601196655984,-0.005992945321511234
etanercept,1k,ionic_screening,3,sigmoid,1.0,0.4747289572880711,0.4592142878686375,-0.01551466941943358
etanercept,1k,crowding,4,sigmoid,0.0,0.4747289572880711,0.45506343751555556,-0.019665519772515516
etanercept,1k,crowding,4,sigmoid,0.25,0.4747289572880711,0.47044048427030677,-0.004288473017764305
etanercept,1k,crowding,4,sigmoid,0.5,0.4747289572880711,0.48827290216250513,0.013543944874434055
etanercept,1k,crowding,4,sigmoid,0.75,0.4747289572880711,0.5016882009869974,0.026959243698926327
etanercept,1k,crowding,4,sigmoid,1.0,0.4747289572880711,0.5142292360162262,0.03950027872815509
etanercept,1k,nonlinear_conc,5,sigmoid,0.0,0.4747289572880711,0.47427998790016435,-0.000448969387906728
etanercept,1k,nonlinear_conc,5,sigmoid,0.25,0.4747289572880711,0.4753243323932845,0.0005953751052134026
etanercept,1k,nonlinear_conc,5,sigmoid,0.5,0.4747289572880711,0.47417878648730677,-0.0005501708007643047
etanercept,1k,nonlinear_conc,5,sigmoid,0.75,0.4747289572880711,0.47292912200891746,-0.0017998352791536165
etanercept,1k,nonlinear_conc,5,sigmoid,1.0,0.4747289572880711,0.4698001752984947,-0.0049287819895763585
etanercept,1k,cosolute_interaction,6,tanh,-1.0,0.4747289572880711,0.22286155651823664,-0.25186740076983444
etanercept,1k,cosolute_interaction,6,tanh,-0.5,0.4747289572880711,0.29071761451376177,-0.1840113427743093
etanercept,1k,cosolute_interaction,6,tanh,0.0,0.4747289572880711,0.40159938454663757,-0.0731295727414335
etanercept,1k,cosolute_interaction,6,tanh,0.5,0.4747289572880711,0.4796186603218713,0.004889703033800208
etanercept,1k,cosolute_interaction,6,tanh,1.0,0.4747289572880711,0.5281408788997825,0.05341192161171138
etanercept,1k,cosolute_protection,7,sigmoid,0.0,0.4747289572880711,0.41845404880484355,-0.056274908483227526
etanercept,1k,cosolute_protection,7,sigmoid,0.25,0.4747289572880711,0.4430346309939553,-0.03169432629411578
etanercept,1k,cosolute_protection,7,sigmoid,0.5,0.4747289572880711,0.4663254909560724,-0.008403466331998677
etanercept,1k,cosolute_protection,7,sigmoid,0.75,0.4747289572880711,0.4834683719509965,0.008739414662925438
etanercept,1k,cosolute_protection,7,sigmoid,1.0,0.4747289572880711,0.49784631420938186,0.023117356921310783
etanercept,1k,latent_0,8,tanh,-1.0,0.4747289572880711,0.21854329278071621,-0.25618566450735486
etanercept,1k,latent_0,8,tanh,-0.5,0.4747289572880711,0.2757376968192757,-0.1989912604687954
etanercept,1k,latent_0,8,tanh,0.0,0.4747289572880711,0.47033069473972217,-0.004398262548348908
etanercept,1k,latent_0,8,tanh,0.5,0.4747289572880711,0.618020313682089,0.1432913563940179
etanercept,1k,latent_0,8,tanh,1.0,0.4747289572880711,0.8134832593744401,0.33875430208636903
etanercept,10k,self_interaction,0,tanh,-1.0,0.4632024362215582,0.25506045257496834,-0.20814198364658987
etanercept,10k,self_interaction,0,tanh,-0.5,0.4632024362215582,0.3032028707067558,-0.15999956551480243
etanercept,10k,self_interaction,0,tanh,0.0,0.4632024362215582,0.3998908433201056,-0.0633115929014526
etanercept,10k,self_interaction,0,tanh,0.5,0.4632024362215582,0.46315560242610176,-4.6833795456446836e-05
etanercept,10k,self_interaction,0,tanh,1.0,0.4632024362215582,0.4439209642794771,-0.01928147194208113
etanercept,10k,hydrophobicity,1,sigmoid,0.0,0.4632024362215582,0.4307022476894016,-0.03250018853215664
etanercept,10k,hydrophobicity,1,sigmoid,0.25,0.4632024362215582,0.4531166583889564,-0.010085777832601839
etanercept,10k,hydrophobicity,1,sigmoid,0.5,0.4632024362215582,0.47534371056940894,0.012141274347850728
etanercept,10k,hydrophobicity,1,sigmoid,0.75,0.4632024362215582,0.48331236912195236,0.020109932900394145
etanercept,10k,hydrophobicity,1,sigmoid,1.0,0.4632024362215582,0.4923619883543379,0.02915955213277971
etanercept,10k,charge_environment,2,tanh,-1.0,0.4632024362215582,0.4767495755573016,0.013547139335743363
etanercept,10k,charge_environment,2,tanh,-0.5,0.4632024362215582,0.46369207973672427,0.0004896435151660605
etanercept,10k,charge_environment,2,tanh,0.0,0.4632024362215582,0.46263779493662505,-0.000564641284933165
etanercept,10k,charge_environment,2,tanh,0.5,0.4632024362215582,0.45213247876725937,-0.01106995745429884
etanercept,10k,charge_environment,2,tanh,1.0,0.4632024362215582,0.43480964677932876,-0.02839278944222945
etanercept,10k,ionic_screening,3,sigmoid,0.0,0.4632024362215582,0.4628121271371352,-0.0003903090844230017
etanercept,10k,ionic_screening,3,sigmoid,0.25,0.4632024362215582,0.4631802410988903,-2.2195122667933997e-05
etanercept,10k,ionic_screening,3,sigmoid,0.5,0.4632024362215582,0.46312478074783975,-7.765547371846315e-05
etanercept,10k,ionic_screening,3,sigmoid,0.75,0.4632024362215582,0.45851253871188435,-0.004689897509673857
etanercept,10k,ionic_screening,3,sigmoid,1.0,0.4632024362215582,0.4501711042334233,-0.013031331988134887
etanercept,10k,crowding,4,sigmoid,0.0,0.4632024362215582,0.44217329879539713,-0.021029137426161082
etanercept,10k,crowding,4,sigmoid,0.25,0.4632024362215582,0.45916792081870966,-0.004034515402848549
etanercept,10k,crowding,4,sigmoid,0.5,0.4632024362215582,0.47524242129856953,0.012039985077011317
etanercept,10k,crowding,4,sigmoid,0.75,0.4632024362215582,0.4921748508529713,0.02897241463141309
etanercept,10k,crowding,4,sigmoid,1.0,0.4632024362215582,0.5066200813432155,0.043417645121657245
etanercept,10k,nonlinear_conc,5,sigmoid,0.0,0.4632024362215582,0.46167726558542055,-0.0015251706361376627
etanercept,10k,nonlinear_conc,5,sigmoid,0.25,0.4632024362215582,0.4630275164707944,-0.0001749197507638356
etanercept,10k,nonlinear_conc,5,sigmoid,0.5,0.4632024362215582,0.46325990083282004,5.7464611261826004e-05
etanercept,10k,nonlinear_conc,5,sigmoid,0.75,0.4632024362215582,0.46132176473518655,-0.0018806714863716656
etanercept,10k,nonlinear_conc,5,sigmoid,1.0,0.4632024362215582,0.4585056034224411,-0.00469683279911709
etanercept,10k,cosolute_interaction,6,tanh,-1.0,0.4632024362215582,0.20544612770854714,-0.25775630851301107
etanercept,10k,cosolute_interaction,6,tanh,-0.5,0.4632024362215582,0.27472994380282023,-0.18847249241873798
etanercept,10k,cosolute_interaction,6,tanh,0.0,0.4632024362215582,0.3802698936272326,-0.08293254259432559
etanercept,10k,cosolute_interaction,6,tanh,0.5,0.4632024362215582,0.46921962073659673,0.006017184515038521
etanercept,10k,cosolute_interaction,6,tanh,1.0,0.4632024362215582,0.5102521083489053,0.04704967212734712
etanercept,10k,cosolute_protection,7,sigmoid,0.0,0.4632024362215582,0.40385233775777896,-0.059350098463779255
etanercept,10k,cosolute_protection,7,sigmoid,0.25,0.4632024362215582,0.4303586461045861,-0.03284379011697214
etanercept,10k,cosolute_protection,7,sigmoid,0.5,0.4632024362215582,0.45310091533683144,-0.010101520884726767
etanercept,10k,cosolute_protection,7,sigmoid,0.75,0.4632024362215582,0.4733143847505073,0.010111948528949088
etanercept,10k,cosolute_protection,7,sigmoid,1.0,0.4632024362215582,0.49282854718476965,0.02962611096321144
etanercept,10k,latent_0,8,tanh,-1.0,0.4632024362215582,0.20424297854043005,-0.25895945768112816
etanercept,10k,latent_0,8,tanh,-0.5,0.4632024362215582,0.272864828670362,-0.19033760755119622
etanercept,10k,latent_0,8,tanh,0.0,0.4632024362215582,0.45795791323688345,-0.00524452298467476
etanercept,10k,latent_0,8,tanh,0.5,0.4632024362215582,0.5865934916054674,0.12339105538390915
etanercept,10k,latent_0,8,tanh,1.0,0.4632024362215582,0.7763793180838254,0.3131768818622672
etanercept,100k,self_interaction,0,tanh,-1.0,0.43653086151974435,0.22907480710204847,-0.20745605441769588
etanercept,100k,self_interaction,0,tanh,-0.5,0.43653086151974435,0.2834298827762701,-0.15310097874347423
etanercept,100k,self_interaction,0,tanh,0.0,0.43653086151974435,0.38562727568073335,-0.050903585839011
etanercept,100k,self_interaction,0,tanh,0.5,0.43653086151974435,0.4363815358973217,-0.0001493256224226469
etanercept,100k,self_interaction,0,tanh,1.0,0.43653086151974435,0.4267209687324377,-0.009809892787306651
etanercept,100k,hydrophobicity,1,sigmoid,0.0,0.43653086151974435,0.4025926629605812,-0.033938198559163135
etanercept,100k,hydrophobicity,1,sigmoid,0.25,0.43653086151974435,0.4263397529491374,-0.010191108570606955
etanercept,100k,hydrophobicity,1,sigmoid,0.5,0.43653086151974435,0.4488622234752589,0.012331361955514542
etanercept,100k,hydrophobicity,1,sigmoid,0.75,0.43653086151974435,0.4598480074918099,0.023317145972065523
etanercept,100k,hydrophobicity,1,sigmoid,1.0,0.43653086151974435,0.4644476748541112,0.027916813334366852
etanercept,100k,charge_environment,2,tanh,-1.0,0.43653086151974435,0.426010982889885,-0.01051987862985937
etanercept,100k,charge_environment,2,tanh,-0.5,0.43653086151974435,0.43475349454667106,-0.001777366973073291
etanercept,100k,charge_environment,2,tanh,0.0,0.43653086151974435,0.4365490041929989,1.814267325456198e-05
etanercept,100k,charge_environment,2,tanh,0.5,0.43653086151974435,0.42802244196450634,-0.008508419555238012
etanercept,100k,charge_environment,2,tanh,1.0,0.43653086151974435,0.41223699836331623,-0.02429386315642812
etanercept,100k,ionic_screening,3,sigmoid,0.0,0.43653086151974435,0.4319952041883535,-0.00453565733139083
etanercept,100k,ionic_screening,3,sigmoid,0.25,0.43653086151974435,0.43560680970438426,-0.0009240518153600941
etanercept,100k,ionic_screening,3,sigmoid,0.5,0.43653086151974435,0.43723860698375955,0.000707745464015197
etanercept,100k,ionic_screening,3,sigmoid,0.75,0.43653086151974435,0.4370788646993624,0.0005480031796180618
etanercept,100k,ionic_screening,3,sigmoid,1.0,0.43653086151974435,0.4339574023907695,-0.002573459128974831
etanercept,100k,crowding,4,sigmoid,0.0,0.43653086151974435,0.41648974201086286,-0.02004111950888149
etanercept,100k,crowding,4,sigmoid,0.25,0.43653086151974435,0.43260639922142596,-0.0039244622983183874
etanercept,100k,crowding,4,sigmoid,0.5,0.43653086151974435,0.44821820250371314,0.011687340983968786
etanercept,100k,crowding,4,sigmoid,0.75,0.43653086151974435,0.46321625188920607,0.026685390369461714
etanercept,100k,crowding,4,sigmoid,1.0,0.43653086151974435,0.4773174456230682,0.040786584103323864
etanercept,100k,nonlinear_conc,5,sigmoid,0.0,0.43653086151974435,0.4339551016098695,-0.002575759909874853
etanercept,100k,nonlinear_conc,5,sigmoid,0.25,0.43653086151974435,0.4359080692330661,-0.0006227922866782754
etanercept,100k,nonlinear_conc,5,sigmoid,0.5,0.43653086151974435,0.43784539813549117,0.0013145366157468197
etanercept,100k,nonlinear_conc,5,sigmoid,0.75,0.43653086151974435,0.43745143745369697,0.0009205759339526165
etanercept,100k,nonlinear_conc,5,sigmoid,1.0,0.43653086151974435,0.4350539468801445,-0.001476914639599869
etanercept,100k,cosolute_interaction,6,tanh,-1.0,0.43653086151974435,0.1869521323490212,-0.24957872917072316
etanercept,100k,cosolute_interaction,6,tanh,-0.5,0.43653086151974435,0.24664550293018406,-0.1898853585895603
etanercept,100k,cosolute_interaction,6,tanh,0.0,0.43653086151974435,0.34622686951346016,-0.0903039920062842
etanercept,100k,cosolute_interaction,6,tanh,0.5,0.43653086151974435,0.44441228807854627,0.007881426558801918
etanercept,100k,cosolute_interaction,6,tanh,1.0,0.43653086151974435,0.503251518460635,0.06672065694089063
etanercept,100k,cosolute_protection,7,sigmoid,0.0,0.43653086151974435,0.3737147766537471,-0.06281608486599727
etanercept,100k,cosolute_protection,7,sigmoid,0.25,0.43653086151974435,0.40139015076283263,-0.03514071075691172
etanercept,100k,cosolute_protection,7,sigmoid,0.5,0.43653086151974435,0.4254050318801049,-0.011125829639639429
etanercept,100k,cosolute_protection,7,sigmoid,0.75,0.43653086151974435,0.4476199555407176,0.011089094020973245
etanercept,100k,cosolute_protection,7,sigmoid,1.0,0.43653086151974435,0.4692074963350997,0.032676634815355377
etanercept,100k,latent_0,8,tanh,-1.0,0.43653086151974435,0.17625008568489436,-0.26028077583485
etanercept,100k,latent_0,8,tanh,-0.5,0.43653086151974435,0.2523844741634079,-0.18414638735633643
etanercept,100k,latent_0,8,tanh,0.0,0.43653086151974435,0.4315721515323152,-0.004958709987429144
etanercept,100k,latent_0,8,tanh,0.5,0.43653086151974435,0.5453464314641747,0.10881556994443037
etanercept,100k,latent_0,8,tanh,1.0,0.43653086151974435,0.731766748124822,0.29523588660507766
etanercept,15M,self_interaction,0,tanh,-1.0,0.2529442173658524,0.17894827020137039,-0.07399594716448199
etanercept,15M,self_interaction,0,tanh,-0.5,0.2529442173658524,0.20764119349188903,-0.045303023873963344
etanercept,15M,self_interaction,0,tanh,0.0,0.2529442173658524,0.24475965331400634,-0.008184564051846033
etanercept,15M,self_interaction,0,tanh,0.5,0.2529442173658524,0.252907404871452,-3.681249440035117e-05
etanercept,15M,self_interaction,0,tanh,1.0,0.2529442173658524,0.24485381510606719,-0.00809040225978519
etanercept,15M,hydrophobicity,1,sigmoid,0.0,0.2529442173658524,0.22809139074656887,-0.024852826619283508
etanercept,15M,hydrophobicity,1,sigmoid,0.25,0.2529442173658524,0.2452785205903893,-0.007665696775463082
etanercept,15M,hydrophobicity,1,sigmoid,0.5,0.2529442173658524,0.26188914832172516,0.008944930955872787
etanercept,15M,hydrophobicity,1,sigmoid,0.75,0.2529442173658524,0.2777727951821418,0.024828577816289443
etanercept,15M,hydrophobicity,1,sigmoid,1.0,0.2529442173658524,0.2850651174991858,0.03212090013333341
etanercept,15M,charge_environment,2,tanh,-1.0,0.2529442173658524,0.22600502725128607,-0.026939190114566303
etanercept,15M,charge_environment,2,tanh,-0.5,0.2529442173658524,0.24089783375675577,-0.0120463836090966
etanercept,15M,charge_environment,2,tanh,0.0,0.2529442173658524,0.2543209519416338,0.0013767345757814131
etanercept,15M,charge_environment,2,tanh,0.5,0.2529442173658524,0.26709602965229584,0.014151812286443466
etanercept,15M,charge_environment,2,tanh,1.0,0.2529442173658524,0.27289171321281186,0.019947495846959484
etanercept,15M,ionic_screening,3,sigmoid,0.0,0.2529442173658524,0.2432087622536785,-0.009735455112173885
etanercept,15M,ionic_screening,3,sigmoid,0.25,0.2529442173658524,0.2497185115617799,-0.0032257058040724707
etanercept,15M,ionic_screening,3,sigmoid,0.5,0.2529442173658524,0.2559520353749064,0.0030078180090540307
etanercept,15M,ionic_screening,3,sigmoid,0.75,0.2529442173658524,0.2636765530692262,0.010732335703373841
etanercept,15M,ionic_screening,3,sigmoid,1.0,0.2529442173658524,0.27063767275914496,0.01769345539329259
etanercept,15M,crowding,4,sigmoid,0.0,0.2529442173658524,0.23830435399016403,-0.014639863375688345
etanercept,15M,crowding,4,sigmoid,0.25,0.2529442173658524,0.25009197387818083,-0.0028522434876715463
etanercept,15M,crowding,4,sigmoid,0.5,0.2529442173658524,0.261431649845673,0.008487432479820645
etanercept,15M,crowding,4,sigmoid,0.75,0.2529442173658524,0.27379515684030137,0.020850939474448993
etanercept,15M,crowding,4,sigmoid,1.0,0.2529442173658524,0.2872959195166501,0.03435170215079775
etanercept,15M,nonlinear_conc,5,sigmoid,0.0,0.2529442173658524,0.24596789824507143,-0.006976319120780949
etanercept,15M,nonlinear_conc,5,sigmoid,0.25,0.2529442173658524,0.25119252688797833,-0.001751690477874046
etanercept,15M,nonlinear_conc,5,sigmoid,0.5,0.2529442173658524,0.25677144284274467,0.003827225476892293
etanercept,15M,nonlinear_conc,5,sigmoid,0.75,0.2529442173658524,0.2629828703734328,0.010038653007580445
etanercept,15M,nonlinear_conc,5,sigmoid,1.0,0.2529442173658524,0.2672971805017695,0.014352963135917107
etanercept,15M,cosolute_interaction,6,tanh,-1.0,0.2529442173658524,0.13875893230371739,-0.11418528506213499
etanercept,15M,cosolute_interaction,6,tanh,-0.5,0.2529442173658524,0.188143991766469,-0.06480022559938337
etanercept,15M,cosolute_interaction,6,tanh,0.0,0.2529442173658524,0.21444961600933116,-0.03849460135652122
etanercept,15M,cosolute_interaction,6,tanh,0.5,0.2529442173658524,0.2597981063889082,0.006853889023055837
etanercept,15M,cosolute_interaction,6,tanh,1.0,0.2529442173658524,0.32761949342834096,0.07467527606248858
etanercept,15M,cosolute_protection,7,sigmoid,0.0,0.2529442173658524,0.21613596211319513,-0.03680825525265724
etanercept,15M,cosolute_protection,7,sigmoid,0.25,0.2529442173658524,0.23135439226394183,-0.021589825101910542
etanercept,15M,cosolute_protection,7,sigmoid,0.5,0.2529442173658524,0.24582923638519738,-0.007114980980654995
etanercept,15M,cosolute_protection,7,sigmoid,0.75,0.2529442173658524,0.2599839260205469,0.007039708654694499
etanercept,15M,cosolute_protection,7,sigmoid,1.0,0.2529442173658524,0.2745496372595434,0.021605419893691025
etanercept,15M,latent_0,8,tanh,-1.0,0.2529442173658524,0.11836213073751434,-0.13458208662833804
etanercept,15M,latent_0,8,tanh,-0.5,0.2529442173658524,0.18516112542426383,-0.06778309194158855
etanercept,15M,latent_0,8,tanh,0.0,0.2529442173658524,0.24954576080494326,-0.003398456560909119
etanercept,15M,latent_0,8,tanh,0.5,0.2529442173658524,0.3524841589106804,0.09953994154482804
etanercept,15M,latent_0,8,tanh,1.0,0.2529442173658524,0.5217036618468323,0.2687594444809799
ibalizumab,100,self_interaction,0,tanh,-1.0,0.6312714828142149,0.5612913922136835,-0.06998009060053134
ibalizumab,100,self_interaction,0,tanh,-0.5,0.6312714828142149,0.6118006933945922,-0.01947078941962266
ibalizumab,100,self_interaction,0,tanh,0.0,0.6312714828142149,0.6464508820565192,0.015179399242304381
ibalizumab,100,self_interaction,0,tanh,0.5,0.6312714828142149,0.7340434998668004,0.10277201705258554
ibalizumab,100,self_interaction,0,tanh,1.0,0.6312714828142149,0.8431585447246559,0.21188706191044104
ibalizumab,100,hydrophobicity,1,sigmoid,0.0,0.6312714828142149,0.6255820415182658,-0.00568944129594906
ibalizumab,100,hydrophobicity,1,sigmoid,0.25,0.6312714828142149,0.6287524297405083,-0.0025190530737065897
ibalizumab,100,hydrophobicity,1,sigmoid,0.5,0.6312714828142149,0.6312046448545132,-6.683795970163775e-05
ibalizumab,100,hydrophobicity,1,sigmoid,0.75,0.6312714828142149,0.6327057753503638,0.0014342925361489067
ibalizumab,100,hydrophobicity,1,sigmoid,1.0,0.6312714828142149,0.6358534303197994,0.004581947505584494
ibalizumab,100,charge_environment,2,tanh,-1.0,0.6312714828142149,0.6740230450014121,0.04275156218719722
ibalizumab,100,charge_environment,2,tanh,-0.5,0.6312714828142149,0.6519897018248133,0.02071821901059845
ibalizumab,100,charge_environment,2,tanh,0.0,0.6312714828142149,0.6316328317113666,0.00036134889715178087
ibalizumab,100,charge_environment,2,tanh,0.5,0.6312714828142149,0.6307738002937084,-0.000497682520506415
ibalizumab,100,charge_environment,2,tanh,1.0,0.6312714828142149,0.6153329796263729,-0.015938503187841957
ibalizumab,100,ionic_screening,3,sigmoid,0.0,0.6312714828142149,0.6229193516264622,-0.008352131187752687
ibalizumab,100,ionic_screening,3,sigmoid,0.25,0.6312714828142149,0.6273679416978275,-0.0039035411163873546
ibalizumab,100,ionic_screening,3,sigmoid,0.5,0.6312714828142149,0.6309054005682904,-0.0003660822459244928
ibalizumab,100,ionic_screening,3,sigmoid,0.75,0.6312714828142149,0.6325512221780204,0.0012797393638055432
ibalizumab,100,ionic_screening,3,sigmoid,1.0,0.6312714828142149,0.6341428354129415,0.0028713525987266175
ibalizumab,100,crowding,4,sigmoid,0.0,0.6312714828142149,0.6246832323993196,-0.0065882504148953025
ibalizumab,100,crowding,4,sigmoid,0.25,0.6312714828142149,0.6280775266883379,-0.003193956125876918
ibalizumab,100,crowding,4,sigmoid,0.5,0.6312714828142149,0.6313529930568875,8.15102426726666e-05
ibalizumab,100,crowding,4,sigmoid,0.75,0.6312714828142149,0.6322235338701696,0.0009520510559547501
ibalizumab,100,crowding,4,sigmoid,1.0,0.6312714828142149,0.6323524764408003,0.0010809936265854247
ibalizumab,100,nonlinear_conc,5,sigmoid,0.0,0.6312714828142149,0.635703478709256,0.004431995895041174
ibalizumab,100,nonlinear_conc,5,sigmoid,0.25,0.6312714828142149,0.6336362023605328,0.002364719546317895
ibalizumab,100,nonlinear_conc,5,sigmoid,0.5,0.6312714828142149,0.6312282786516341,-4.320416258074555e-05
ibalizumab,100,nonlinear_conc,5,sigmoid,0.75,0.6312714828142149,0.6287103677316916,-0.002561115082523213
ibalizumab,100,nonlinear_conc,5,sigmoid,1.0,0.6312714828142149,0.6259426326403239,-0.005328850173890953
ibalizumab,100,cosolute_interaction,6,tanh,-1.0,0.6312714828142149,0.6412311954250922,0.009959712610877358
ibalizumab,100,cosolute_interaction,6,tanh,-0.5,0.6312714828142149,0.6335689031464262,0.002297420332211364
ibalizumab,100,cosolute_interaction,6,tanh,0.0,0.6312714828142149,0.6548892897824607,0.02361780696824589
ibalizumab,100,cosolute_interaction,6,tanh,0.5,0.6312714828142149,0.7689086879925922,0.1376372051783773
ibalizumab,100,cosolute_interaction,6,tanh,1.0,0.6312714828142149,1.029431787123666,0.39816030430945115
ibalizumab,100,cosolute_protection,7,sigmoid,0.0,0.6312714828142149,0.6361261414954998,0.004854658681284985
ibalizumab,100,cosolute_protection,7,sigmoid,0.25,0.6312714828142149,0.6339729729872585,0.0027014901730436636
ibalizumab,100,cosolute_protection,7,sigmoid,0.5,0.6312714828142149,0.6314242458801779,0.00015276306596301303
ibalizumab,100,cosolute_protection,7,sigmoid,0.75,0.6312714828142149,0.6289535476432386,-0.0023179351709762264
ibalizumab,100,cosolute_protection,7,sigmoid,1.0,0.6312714828142149,0.6262135207629007,-0.0050579620513141466
ibalizumab,100,latent_0,8,tanh,-1.0,0.6312714828142149,0.2990013043336439,-0.33227017848057094
ibalizumab,100,latent_0,8,tanh,-0.5,0.6312714828142149,0.43164412918395584,-0.19962735363025902
ibalizumab,100,latent_0,8,tanh,0.0,0.6312714828142149,0.6329183147907363,0.00164683197652149
ibalizumab,100,latent_0,8,tanh,0.5,0.6312714828142149,0.8162020685521583,0.1849305857379434
ibalizumab,100,latent_0,8,tanh,1.0,0.6312714828142149,1.7177403858824973,1.0864689030682824
ibalizumab,1k,self_interaction,0,tanh,-1.0,0.5963168772273829,0.5325059599593878,-0.06381091726799515
ibalizumab,1k,self_interaction,0,tanh,-0.5,0.5963168772273829,0.5901507404863447,-0.006166136741038164
ibalizumab,1k,self_interaction,0,tanh,0.0,0.5963168772273829,0.6071781335368919,0.01086125630950896
ibalizumab,1k,self_interaction,0,tanh,0.5,0.5963168772273829,0.6806309316752537,0.08431405444787077
ibalizumab,1k,self_interaction,0,tanh,1.0,0.5963168772273829,0.7870252674265332,0.1907083901991503
ibalizumab,1k,hydrophobicity,1,sigmoid,0.0,0.5963168772273829,0.5950288023375482,-0.0012880748898347338
ibalizumab,1k,hydrophobicity,1,sigmoid,0.25,0.5963168772273829,0.5947063196151228,-0.001610557612260144
ibalizumab,1k,hydrophobicity,1,sigmoid,0.5,0.5963168772273829,0.5961915807629996,-0.00012529646438330655
ibalizumab,1k,hydrophobicity,1,sigmoid,0.75,0.5963168772273829,0.5993462863354796,0.003029409108096681
ibalizumab,1k,hydrophobicity,1,sigmoid,1.0,0.5963168772273829,0.6026616512100424,0.006344773982659535
ibalizumab,1k,charge_environment,2,tanh,-1.0,0.5963168772273829,0.6406284347582785,0.04431155753089555
ibalizumab,1k,charge_environment,2,tanh,-0.5,0.5963168772273829,0.6269860010861767,0.030669123858793834
ibalizumab,1k,charge_environment,2,tanh,0.0,0.5963168772273829,0.6008590689961747,0.004542191768791781
ibalizumab,1k,charge_environment,2,tanh,0.5,0.5963168772273829,0.5878109067133893,-0.0085059705139936
ibalizumab,1k,charge_environment,2,tanh,1.0,0.5963168772273829,0.5767293684788561,-0.019587508748526772
ibalizumab,1k,ionic_screening,3,sigmoid,0.0,0.5963168772273829,0.5908398326025858,-0.005477044624797145
ibalizumab,1k,ionic_screening,3,sigmoid,0.25,0.5963168772273829,0.5933451908133697,-0.0029716864140132415
ibalizumab,1k,ionic_screening,3,sigmoid,0.5,0.5963168772273829,0.5957761772425071,-0.0005406999848758254
ibalizumab,1k,ionic_screening,3,sigmoid,0.75,0.5963168772273829,0.5987194745461311,0.0024025973187481453
ibalizumab,1k,ionic_screening,3,sigmoid,1.0,0.5963168772273829,0.6030522019039156,0.006735324676532706
ibalizumab,1k,crowding,4,sigmoid,0.0,0.5963168772273829,0.5929516749126087,-0.0033652023147742183
ibalizumab,1k,crowding,4,sigmoid,0.25,0.5963168772273829,0.5950497235194792,-0.0012671537079037565
ibalizumab,1k,crowding,4,sigmoid,0.5,0.5963168772273829,0.5964477746381099,0.00013089741072702665
ibalizumab,1k,crowding,4,sigmoid,0.75,0.5963168772273829,0.6021038628476945,0.005786985620311547
ibalizumab,1k,crowding,4,sigmoid,1.0,0.5963168772273829,0.6088747590246337,0.012557881797250814
ibalizumab,1k,nonlinear_conc,5,sigmoid,0.0,0.5963168772273829,0.5974093692673444,0.0010924920399615345
ibalizumab,1k,nonlinear_conc,5,sigmoid,0.25,0.5963168772273829,0.5971077198688681,0.0007908426414852121
ibalizumab,1k,nonlinear_conc,5,sigmoid,0.5,0.5963168772273829,0.5963024136071188,-1.4463620264137944e-05
ibalizumab,1k,nonlinear_conc,5,sigmoid,0.75,0.5963168772273829,0.5959096774459468,-0.00040719978143610724
ibalizumab,1k,nonlinear_conc,5,sigmoid,1.0,0.5963168772273829,0.5957434062152726,-0.0005734710121103603
ibalizumab,1k,cosolute_interaction,6,tanh,-1.0,0.5963168772273829,0.6209298076271915,0.024612930399808608
ibalizumab,1k,cosolute_interaction,6,tanh,-0.5,0.5963168772273829,0.6054242356272236,0.00910735839984067
ibalizumab,1k,cosolute_interaction,6,tanh,0.0,0.5963168772273829,0.608897887638359,0.012581010410976035
ibalizumab,1k,cosolute_interaction,6,tanh,0.5,0.5963168772273829,0.7303767909227703,0.1340599136953874
ibalizumab,1k,cosolute_interaction,6,tanh,1.0,0.5963168772273829,0.969727280543302,0.3734104033159191
ibalizumab,1k,cosolute_protection,7,sigmoid,0.0,0.5963168772273829,0.6057488489057091,0.009431971678326212
ibalizumab,1k,cosolute_protection,7,sigmoid,0.25,0.5963168772273829,0.6013180390934231,0.00500116186604016
ibalizumab,1k,cosolute_protection,7,sigmoid,0.5,0.5963168772273829,0.5965895664385878,0.00027268921120493506
ibalizumab,1k,cosolute_protection,7,sigmoid,0.75,0.5963168772273829,0.5937951774319726,-0.0025216997954102816
ibalizumab,1k,cosolute_protection,7,sigmoid,1.0,0.5963168772273829,0.5921201100965302,-0.004196767130852708
ibalizumab,1k,latent_0,8,tanh,-1.0,0.5963168772273829,0.3164838786059716,-0.2798329986214113
ibalizumab,1k,latent_0,8,tanh,-0.5,0.5963168772273829,0.4282986454949858,-0.1680182317323971
ibalizumab,1k,latent_0,8,tanh,0.0,0.5963168772273829,0.5974238987810949,0.0011070215537120065
ibalizumab,1k,latent_0,8,tanh,0.5,0.5963168772273829,0.7692526080625919,0.17293573083520897
ibalizumab,1k,latent_0,8,tanh,1.0,0.5963168772273829,1.6520133903614402,1.0556965131340572
ibalizumab,10k,self_interaction,0,tanh,-1.0,0.5710141738119737,0.5287639292692825,-0.04225024454269122
ibalizumab,10k,self_interaction,0,tanh,-0.5,0.5710141738119737,0.5562186151101778,-0.014795558701795941
ibalizumab,10k,self_interaction,0,tanh,0.0,0.5710141738119737,0.5736530926285598,0.0026389188165860666
ibalizumab,10k,self_interaction,0,tanh,0.5,0.5710141738119737,0.6190064097060154,0.04799223589404167
ibalizumab,10k,self_interaction,0,tanh,1.0,0.5710141738119737,0.7150992982437168,0.14408512443174304
ibalizumab,10k,hydrophobicity,1,sigmoid,0.0,0.5710141738119737,0.5704082557489369,-0.0006059180630367811
ibalizumab,10k,hydrophobicity,1,sigmoid,0.25,0.5710141738119737,0.5700651648386409,-0.0009490089733328322
ibalizumab,10k,hydrophobicity,1,sigmoid,0.5,0.5710141738119737,0.5709353652022433,-7.880860973041859e-05
ibalizumab,10k,hydrophobicity,1,sigmoid,0.75,0.5710141738119737,0.5706591946185071,-0.0003549791934666091
ibalizumab,10k,hydrophobicity,1,sigmoid,1.0,0.5710141738119737,0.5687420730519103,-0.0022721007600634557
ibalizumab,10k,charge_environment,2,tanh,-1.0,0.5710141738119737,0.6146377703981447,0.04362359658617099
ibalizumab,10k,charge_environment,2,tanh,-0.5,0.5710141738119737,0.6037726922664247,0.03275851845445099
ibalizumab,10k,charge_environment,2,tanh,0.0,0.5710141738119737,0.5752548589515099,0.004240685139536127
ibalizumab,10k,charge_environment,2,tanh,0.5,0.5710141738119737,0.554702900189338,-0.016311273622635736
ibalizumab,10k,charge_environment,2,tanh,1.0,0.5710141738119737,0.5341613361246453,-0.03685283768732839
ibalizumab,10k,ionic_screening,3,sigmoid,0.0,0.5710141738119737,0.5551089358525144,-0.015905237959459306
ibalizumab,10k,ionic_screening,3,sigmoid,0.25,0.5710141738119737,0.5615434787281417,-0.009470695083832026
ibalizumab,10k,ionic_screening,3,sigmoid,0.5,0.5710141738119737,0.5691284340182734,-0.001885739793700325
ibalizumab,10k,ionic_screening,3,sigmoid,0.75,0.5710141738119737,0.5756896516303744,0.0046754778184007195
ibalizumab,10k,ionic_screening,3,sigmoid,1.0,0.5710141738119737,0.5797743394319903,0.00876016562001658
ibalizumab,10k,crowding,4,sigmoid,0.0,0.5710141738119737,0.5575445677724429,-0.013469606039530846
ibalizumab,10k,crowding,4,sigmoid,0.25,0.5710141738119737,0.5643624679696784,-0.006651705842295352
ibalizumab,10k,crowding,4,sigmoid,0.5,0.5710141738119737,0.5717147972883343,0.0007006234763605734
ibalizumab,10k,crowding,4,sigmoid,0.75,0.5710141738119737,0.5774442469127739,0.006430073100800127
ibalizumab,10k,crowding,4,sigmoid,1.0,0.5710141738119737,0.5832811578312787,0.012266984019304927
ibalizumab,10k,nonlinear_conc,5,sigmoid,0.0,0.5710141738119737,0.566343544655947,-0.004670629156026673
ibalizumab,10k,nonlinear_conc,5,sigmoid,0.25,0.5710141738119737,0.5687000165342175,-0.0023141572777561903
ibalizumab,10k,nonlinear_conc,5,sigmoid,0.5,0.5710141738119737,0.5710564664479927,4.229263601895905e-05
ibalizumab,10k,nonlinear_conc,5,sigmoid,0.75,0.5710141738119737,0.5731111461585664,0.0020969723465926737
ibalizumab,10k,nonlinear_conc,5,sigmoid,1.0,0.5710141738119737,0.5741430711022817,0.0031288972903079637
ibalizumab,10k,cosolute_interaction,6,tanh,-1.0,0.5710141738119737,0.604706600649125,0.033692426837151235
ibalizumab,10k,cosolute_interaction,6,tanh,-0.5,0.5710141738119737,0.5802731750885086,0.009259001276534895
ibalizumab,10k,cosolute_interaction,6,tanh,0.0,0.5710141738119737,0.5665311873407093,-0.0044829864712644385
ibalizumab,10k,cosolute_interaction,6,tanh,0.5,0.5710141738119737,0.6648559541561528,0.09384178034417912
ibalizumab,10k,cosolute_interaction,6,tanh,1.0,0.5710141738119737,0.8889031647799543,0.3178889909679806
ibalizumab,10k,cosolute_protection,7,sigmoid,0.0,0.5710141738119737,0.5708430868656686,-0.00017108694630507681
ibalizumab,10k,cosolute_protection,7,sigmoid,0.25,0.5710141738119737,0.5704302037710308,-0.0005839700409429049
ibalizumab,10k,cosolute_protection,7,sigmoid,0.5,0.5710141738119737,0.5709515749998969,-6.25988120768195e-05
ibalizumab,10k,cosolute_protection,7,sigmoid,0.75,0.5710141738119737,0.5696085833802744,-0.0014055904316992995
ibalizumab,10k,cosolute_protection,7,sigmoid,1.0,0.5710141738119737,0.5667168642031275,-0.004297309608846223
ibalizumab,10k,latent_0,8,tanh,-1.0,0.5710141738119737,0.319948162759791,-0.25106601105218274
ibalizumab,10k,latent_0,8,tanh,-0.5,0.5710141738119737,0.42962726684344993,-0.1413869069685238
ibalizumab,10k,latent_0,8,tanh,0.0,0.5710141738119737,0.5723610256916742,0.001346851879700517
ibalizumab,10k,latent_0,8,tanh,0.5,0.5710141738119737,0.6875266301154283,0.11651245630345453
ibalizumab,10k,latent_0,8,tanh,1.0,0.5710141738119737,1.5781125274978285,1.0070983536858549
ibalizumab,100k,self_interaction,0,tanh,-1.0,0.5451785238785882,0.5025324448080833,-0.04264607907050488
ibalizumab,100k,self_interaction,0,tanh,-0.5,0.5451785238785882,0.5282769434580677,-0.01690158042052048
ibalizumab,100k,self_interaction,0,tanh,0.0,0.5451785238785882,0.5490973687571913,0.003918844878603056
ibalizumab,100k,self_interaction,0,tanh,0.5,0.5451785238785882,0.5646034404494311,0.019424916570842887
ibalizumab,100k,self_interaction,0,tanh,1.0,0.5451785238785882,0.6261354809105115,0.0809569570319233
ibalizumab,100k,hydrophobicity,1,sigmoid,0.0,0.5451785238785882,0.547413378345466,0.002234854466877767
ibalizumab,100k,hydrophobicity,1,sigmoid,0.25,0.5451785238785882,0.5460916648308257,0.00091314095223749
ibalizumab,100k,hydrophobicity,1,sigmoid,0.5,0.5451785238785882,0.5452357084425328,5.718456394454563e-05
ibalizumab,100k,hydrophobicity,1,sigmoid,0.75,0.5451785238785882,0.5444435094934525,-0.0007350143851356794
ibalizumab,100k,hydrophobicity,1,sigmoid,1.0,0.5451785238785882,0.5434909697274736,-0.0016875541511146563
ibalizumab,100k,charge_environment,2,tanh,-1.0,0.5451785238785882,0.570241309110027,0.02506278523143879
ibalizumab,100k,charge_environment,2,tanh,-0.5,0.5451785238785882,0.5682309153134357,0.023052391434847497
ibalizumab,100k,charge_environment,2,tanh,0.0,0.5451785238785882,0.5483781248797999,0.0031996010012116383
ibalizumab,100k,charge_environment,2,tanh,0.5,0.5451785238785882,0.526956361114944,-0.01822216276364419
ibalizumab,100k,charge_environment,2,tanh,1.0,0.5451785238785882,0.503155182183523,-0.042023341695065275
ibalizumab,100k,ionic_screening,3,sigmoid,0.0,0.5451785238785882,0.5314652876553533,-0.013713236223234948
ibalizumab,100k,ionic_screening,3,sigmoid,0.25,0.5451785238785882,0.5380806971688918,-0.0070978267096963865
ibalizumab,100k,ionic_screening,3,sigmoid,0.5,0.5451785238785882,0.5439620202972281,-0.0012165035813601621
ibalizumab,100k,ionic_screening,3,sigmoid,0.75,0.5451785238785882,0.5494674210856711,0.00428889720708292
ibalizumab,100k,ionic_screening,3,sigmoid,1.0,0.5451785238785882,0.5554141984104948,0.010235674531906547
ibalizumab,100k,crowding,4,sigmoid,0.0,0.5451785238785882,0.5245132008641948,-0.02066532301439339
ibalizumab,100k,crowding,4,sigmoid,0.25,0.5451785238785882,0.5345901434784956,-0.010588380400092579
ibalizumab,100k,crowding,4,sigmoid,0.5,0.5451785238785882,0.5463181956548099,0.0011396717762216513
ibalizumab,100k,crowding,4,sigmoid,0.75,0.5451785238785882,0.5568990751797009,0.011720551301112714
ibalizumab,100k,crowding,4,sigmoid,1.0,0.5451785238785882,0.5649759363280316,0.01979741244944333
ibalizumab,100k,nonlinear_conc,5,sigmoid,0.0,0.5451785238785882,0.536335123803005,-0.008843400075583263
ibalizumab,100k,nonlinear_conc,5,sigmoid,0.25,0.5451785238785882,0.5408526768990083,-0.004325846979579939
ibalizumab,100k,nonlinear_conc,5,sigmoid,0.5,0.5451785238785882,0.5452567504291889,7.822655060063521e-05
ibalizumab,100k,nonlinear_conc,5,sigmoid,0.75,0.5451785238785882,0.5490203557449651,0.003841831866376877
ibalizumab,100k,nonlinear_conc,5,sigmoid,1.0,0.5451785238785882,0.5529632901839701,0.0077847663053818295
ibalizumab,100k,cosolute_interaction,6,tanh,-1.0,0.5451785238785882,0.5727465465160858,0.02756802263749758
ibalizumab,100k,cosolute_interaction,6,tanh,-0.5,0.5451785238785882,0.5520547233379132,0.006876199459324939
ibalizumab,100k,cosolute_interaction,6,tanh,0.0,0.5451785238785882,0.5336895332709212,-0.01148899060766706
ibalizumab,100k,cosolute_interaction,6,tanh,0.5,0.5451785238785882,0.5745338798789766,0.02935535600038841
ibalizumab,100k,cosolute_interaction,6,tanh,1.0,0.5451785238785882,0.7517993344272151,0.2066208105486269
ibalizumab,100k,cosolute_protection,7,sigmoid,0.0,0.5451785238785882,0.5461223492309911,0.0009438253524028939
ibalizumab,100k,cosolute_protection,7,sigmoid,0.25,0.5451785238785882,0.5456490418093276,0.0004705179307393781
ibalizumab,100k,cosolute_protection,7,sigmoid,0.5,0.5451785238785882,0.5452061991428748,2.767526428659739e-05
ibalizumab,100k,cosolute_protection,7,sigmoid,0.75,0.5451785238785882,0.5444763189585542,-0.000702204920034033
ibalizumab,100k,cosolute_protection,7,sigmoid,1.0,0.5451785238785882,0.5444452776353375,-0.0007332462432507736
ibalizumab,100k,latent_0,8,tanh,-1.0,0.5451785238785882,0.29965307877208897,-0.24552544510649926
ibalizumab,100k,latent_0,8,tanh,-0.5,0.5451785238785882,0.4124291876986399,-0.13274933617994833
ibalizumab,100k,latent_0,8,tanh,0.0,0.5451785238785882,0.5473412139956139,0.002162690117025634
ibalizumab,100k,latent_0,8,tanh,0.5,0.5451785238785882,0.6231770830162551,0.07799855913766685
ibalizumab,100k,latent_0,8,tanh,1.0,0.5451785238785882,1.4414137663704651,0.8962352424918769
ibalizumab,15M,self_interaction,0,tanh,-1.0,0.43637630834740093,0.4015467136865112,-0.03482959466088975
ibalizumab,15M,self_interaction,0,tanh,-0.5,0.43637630834740093,0.41766002131151575,-0.018716287035885182
ibalizumab,15M,self_interaction,0,tanh,0.0,0.43637630834740093,0.44232602342349303,0.005949715076092099
ibalizumab,15M,self_interaction,0,tanh,0.5,0.43637630834740093,0.4416362009877777,0.005259892640376795
ibalizumab,15M,self_interaction,0,tanh,1.0,0.43637630834740093,0.4781666863668726,0.04179037801947166
ibalizumab,15M,hydrophobicity,1,sigmoid,0.0,0.43637630834740093,0.4350527882530087,-0.0013235200943922387
ibalizumab,15M,hydrophobicity,1,sigmoid,0.25,0.43637630834740093,0.4365047731902551,0.00012846484285417015
ibalizumab,15M,hydrophobicity,1,sigmoid,0.5,0.43637630834740093,0.43635847866820676,-1.782967919417011e-05
ibalizumab,15M,hydrophobicity,1,sigmoid,0.75,0.43637630834740093,0.43577056600032776,-0.0006057423470731682
ibalizumab,15M,hydrophobicity,1,sigmoid,1.0,0.43637630834740093,0.43500727232728015,-0.001369036020120784
ibalizumab,15M,charge_environment,2,tanh,-1.0,0.43637630834740093,0.43246171359867047,-0.00391459474873046
ibalizumab,15M,charge_environment,2,tanh,-0.5,0.43637630834740093,0.43726009375144875,0.000883785404047821
ibalizumab,15M,charge_environment,2,tanh,0.0,0.43637630834740093,0.43959543029395753,0.0032191219465566023
ibalizumab,15M,charge_environment,2,tanh,0.5,0.43637630834740093,0.4248208037563403,-0.011555504591060639
ibalizumab,15M,charge_environment,2,tanh,1.0,0.43637630834740093,0.4155796596146189,-0.02079664873278203
ibalizumab,15M,ionic_screening,3,sigmoid,0.0,0.43637630834740093,0.43143967267791467,-0.004936635669486267
ibalizumab,15M,ionic_screening,3,sigmoid,0.25,0.43637630834740093,0.43339335414721386,-0.0029829542001870712
ibalizumab,15M,ionic_screening,3,sigmoid,0.5,0.43637630834740093,0.43527758937297484,-0.001098718974426094
ibalizumab,15M,ionic_screening,3,sigmoid,0.75,0.43637630834740093,0.4395207235537553,0.0031444152063543895
ibalizumab,15M,ionic_screening,3,sigmoid,1.0,0.43637630834740093,0.44369138039062334,0.007315072043222404
ibalizumab,15M,crowding,4,sigmoid,0.0,0.43637630834740093,0.4160503862080652,-0.020325922139335706
ibalizumab,15M,crowding,4,sigmoid,0.25,0.43637630834740093,0.42676096607868047,-0.009615342268720461
ibalizumab,15M,crowding,4,sigmoid,0.5,0.43637630834740093,0.43746881136961024,0.0010925030222093124
ibalizumab,15M,crowding,4,sigmoid,0.75,0.43637630834740093,0.44764824581087725,0.011271937463476323
ibalizumab,15M,crowding,4,sigmoid,1.0,0.43637630834740093,0.4569345819020191,0.020558273554618145
ibalizumab,15M,nonlinear_conc,5,sigmoid,0.0,0.43637630834740093,0.42409239519321584,-0.012283913154185089
ibalizumab,15M,nonlinear_conc,5,sigmoid,0.25,0.43637630834740093,0.4300448668134889,-0.006331441533912019
ibalizumab,15M,nonlinear_conc,5,sigmoid,0.5,0.43637630834740093,0.43651285063346257,0.0001365422860616361
ibalizumab,15M,nonlinear_conc,5,sigmoid,0.75,0.43637630834740093,0.4430615155364051,0.006685207189004172
ibalizumab,15M,nonlinear_conc,5,sigmoid,1.0,0.43637630834740093,0.44931267683939047,0.012936368491989536
ibalizumab,15M,cosolute_interaction,6,tanh,-1.0,0.43637630834740093,0.440800457426437,0.004424149079036044
ibalizumab,15M,cosolute_interaction,6,tanh,-0.5,0.43637630834740093,0.4361872709171766,-0.00018903743022435915
ibalizumab,15M,cosolute_interaction,6,tanh,0.0,0.43637630834740093,0.43024464488199593,-0.006131663465405002
ibalizumab,15M,cosolute_interaction,6,tanh,0.5,0.43637630834740093,0.44732501080448217,0.010948702457081239
ibalizumab,15M,cosolute_interaction,6,tanh,1.0,0.43637630834740093,0.5018787265117896,0.06550241816438862
ibalizumab,15M,cosolute_protection,7,sigmoid,0.0,0.43637630834740093,0.4304999491950399,-0.00587635915236101
ibalizumab,15M,cosolute_protection,7,sigmoid,0.25,0.43637630834740093,0.4338419899493457,-0.0025343183980552353
ibalizumab,15M,cosolute_protection,7,sigmoid,0.5,0.43637630834740093,0.4362798018454491,-9.650650195180965e-05
ibalizumab,15M,cosolute_protection,7,sigmoid,0.75,0.43637630834740093,0.43735291021816236,0.0009766018707614288
ibalizumab,15M,cosolute_protection,7,sigmoid,1.0,0.43637630834740093,0.4379170737753192,0.0015407654279182559
ibalizumab,15M,latent_0,8,tanh,-1.0,0.43637630834740093,0.22796551222305572,-0.2084107961243452
ibalizumab,15M,latent_0,8,tanh,-0.5,0.43637630834740093,0.3302247571467499,-0.106151551200651
ibalizumab,15M,latent_0,8,tanh,0.0,0.43637630834740093,0.44081611262058007,0.004439804273179138
ibalizumab,15M,latent_0,8,tanh,0.5,0.43637630834740093,0.49813480412951233,0.0617584957821114
ibalizumab,15M,latent_0,8,tanh,1.0,0.43637630834740093,0.983885813965358,0.5475095056179571
nivolumab,100,self_interaction,0,tanh,-1.0,0.5345682338942688,0.5020613448182142,-0.03250688907605459
nivolumab,100,self_interaction,0,tanh,-0.5,0.5345682338942688,0.5295603728571115,-0.005007861037157224
nivolumab,100,self_interaction,0,tanh,0.0,0.5345682338942688,0.6680137677047413,0.13344553381047253
nivolumab,100,self_interaction,0,tanh,0.5,0.5345682338942688,0.9590544246936489,0.4244861907993801
nivolumab,100,self_interaction,0,tanh,1.0,0.5345682338942688,1.3116740602704469,0.7771058263761781
nivolumab,100,hydrophobicity,1,sigmoid,0.0,0.5345682338942688,0.5167870509333057,-0.017781182960963093
nivolumab,100,hydrophobicity,1,sigmoid,0.25,0.5345682338942688,0.5222956269641246,-0.012272606930144203
nivolumab,100,hydrophobicity,1,sigmoid,0.5,0.5345682338942688,0.5306194184616029,-0.0039488154326658975
nivolumab,100,hydrophobicity,1,sigmoid,0.75,0.5345682338942688,0.5396459804648736,0.00507774657060478
nivolumab,100,hydrophobicity,1,sigmoid,1.0,0.5345682338942688,0.5474372866987802,0.01286905280451145
nivolumab,100,charge_environment,2,tanh,-1.0,0.5345682338942688,0.6530248665316097,0.11845663263734096
nivolumab,100,charge_environment,2,tanh,-0.5,0.5345682338942688,0.6007543971930336,0.06618616329876481
nivolumab,100,charge_environment,2,tanh,0.0,0.5345682338942688,0.5593351848274057,0.024766950933136966
nivolumab,100,charge_environment,2,tanh,0.5,0.5345682338942688,0.5198181458164294,-0.014750088077839396
nivolumab,100,charge_environment,2,tanh,1.0,0.5345682338942688,0.4979386639305668,-0.03662956996370198
nivolumab,100,ionic_screening,3,sigmoid,0.0,0.5345682338942688,0.5548770072537696,0.020308773359500876
nivolumab,100,ionic_screening,3,sigmoid,0.25,0.5345682338942688,0.5437388061120593,0.009170572217790496
nivolumab,100,ionic_screening,3,sigmoid,0.5,0.5345682338942688,0.5335239868685973,-0.0010442470256715186
nivolumab,100,ionic_screening,3,sigmoid,0.75,0.5345682338942688,0.5258317405092402,-0.008736493385028576
nivolumab,100,ionic_screening,3,sigmoid,1.0,0.5345682338942688,0.519135275143529,-0.0154329587507398
nivolumab,100,crowding,4,sigmoid,0.0,0.5345682338942688,0.5225409044849885,-0.012027329409280307
nivolumab,100,crowding,4,sigmoid,0.25,0.5345682338942688,0.5251019426917776,-0.009466291202491206
nivolumab,100,crowding,4,sigmoid,0.5,0.5345682338942688,0.5307745262374568,-0.003793707656811973
nivolumab,100,crowding,4,sigmoid,0.75,0.5345682338942688,0.5380963633452827,0.003528129451013884
nivolumab,100,crowding,4,sigmoid,1.0,0.5345682338942688,0.5435156907671201,0.008947456872851367
nivolumab,100,nonlinear_conc,5,sigmoid,0.0,0.5345682338942688,0.5343696858375078,-0.0001985480567610054
nivolumab,100,nonlinear_conc,5,sigmoid,0.25,0.5345682338942688,0.5341459774511911,-0.0004222564430776954
nivolumab,100,nonlinear_conc,5,sigmoid,0.5,0.5345682338942688,0.5343911616229492,-0.00017707227131957826
nivolumab,100,nonlinear_conc,5,sigmoid,0.75,0.5345682338942688,0.5351739872235897,0.0006057533293208905
nivolumab,100,nonlinear_conc,5,sigmoid,1.0,0.5345682338942688,0.5360677829464459,0.001499549052177085
nivolumab,100,cosolute_interaction,6,tanh,-1.0,0.5345682338942688,0.5311347274897205,-0.0034335064045483144
nivolumab,100,cosolute_interaction,6,tanh,-0.5,0.5345682338942688,0.5209401155820867,-0.013628118312182025
nivolumab,100,cosolute_interaction,6,tanh,0.0,0.5345682338942688,0.5219438820426152,-0.012624351851653559
nivolumab,100,cosolute_interaction,6,tanh,0.5,0.5345682338942688,0.5401237906081074,0.005555556713838672
nivolumab,100,cosolute_interaction,6,tanh,1.0,0.5345682338942688,0.599757417761604,0.06518918386733519
nivolumab,100,cosolute_protection,7,sigmoid,0.0,0.5345682338942688,0.5581455163683806,0.023577282474111838
nivolumab,100,cosolute_protection,7,sigmoid,0.25,0.5345682338942688,0.5479329704501993,0.013364736555930512
nivolumab,100,cosolute_protection,7,sigmoid,0.5,0.5345682338942688,0.5378623426283448,0.0032941087340759845
nivolumab,100,cosolute_protection,7,sigmoid,0.75,0.5345682338942688,0.5273463846609261,-0.007221849233342681
nivolumab,100,cosolute_protection,7,sigmoid,1.0,0.5345682338942688,0.5171079467209337,-0.017460287173335032
nivolumab,100,latent_0,8,tanh,-1.0,0.5345682338942688,0.4396466295328878,-0.09492160436138097
nivolumab,100,latent_0,8,tanh,-0.5,0.5345682338942688,0.47102929748249983,-0.06353893641176894
nivolumab,100,latent_0,8,tanh,0.0,0.5345682338942688,0.5423148972911417,0.00774666339687291
nivolumab,100,latent_0,8,tanh,0.5,0.5345682338942688,1.0138462643602033,0.47927803046593453
nivolumab,100,latent_0,8,tanh,1.0,0.5345682338942688,1.8730216373216173,1.3384534034273485
nivolumab,1k,self_interaction,0,tanh,-1.0,0.5246208982765863,0.49113987833551015,-0.03348101994107616
nivolumab,1k,self_interaction,0,tanh,-0.5,0.5246208982765863,0.5185769266865466,-0.006043971590039665
nivolumab,1k,self_interaction,0,tanh,0.0,0.5246208982765863,0.644969256032642,0.12034835775605568
nivolumab,1k,self_interaction,0,tanh,0.5,0.5246208982765863,0.9090648144577032,0.38444391618111684
nivolumab,1k,self_interaction,0,tanh,1.0,0.5246208982765863,1.2703190446339412,0.7456981463573549
nivolumab,1k,hydrophobicity,1,sigmoid,0.0,0.5246208982765863,0.5124599300129888,-0.012160968263597471
nivolumab,1k,hydrophobicity,1,sigmoid,0.25,0.5246208982765863,0.5160013040547684,-0.008619594221817906
nivolumab,1k,hydrophobicity,1,sigmoid,0.5,0.5246208982765863,0.5215934220440905,-0.003027476232495774
nivolumab,1k,hydrophobicity,1,sigmoid,0.75,0.5246208982765863,0.5284871326974255,0.0038662344208392208
nivolumab,1k,hydrophobicity,1,sigmoid,1.0,0.5246208982765863,0.5360203616007357,0.011399463324149428
nivolumab,1k,charge_environment,2,tanh,-1.0,0.5246208982765863,0.6266144057518904,0.10199350747530411
nivolumab,1k,charge_environment,2,tanh,-0.5,0.5246208982765863,0.5830649063911725,0.058444008114586166
nivolumab,1k,charge_environment,2,tanh,0.0,0.5246208982765863,0.5491851498633193,0.024564251586733032
nivolumab,1k,charge_environment,2,tanh,0.5,0.5246208982765863,0.509039679181454,-0.015581219095132326
nivolumab,1k,charge_environment,2,tanh,1.0,0.5246208982765863,0.4940895618161908,-0.03053133646039552
nivolumab,1k,ionic_screening,3,sigmoid,0.0,0.5246208982765863,0.5457517258256291,0.02113082754904283
nivolumab,1k,ionic_screening,3,sigmoid,0.25,0.5246208982765863,0.5341339299254282,0.009513031648841874
nivolumab,1k,ionic_screening,3,sigmoid,0.5,0.5246208982765863,0.5234015832398066,-0.0012193150367797445
nivolumab,1k,ionic_screening,3,sigmoid,0.75,0.5246208982765863,0.5133464445055982,-0.011274453770988124
nivolumab,1k,ionic_screening,3,sigmoid,1.0,0.5246208982765863,0.5067240832292449,-0.01789681504734142
nivolumab,1k,crowding,4,sigmoid,0.0,0.5246208982765863,0.5135897012928793,-0.011031196983707026
nivolumab,1k,crowding,4,sigmoid,0.25,0.5246208982765863,0.5161141191946034,-0.00850677908198294
nivolumab,1k,crowding,4,sigmoid,0.5,0.5246208982765863,0.5208710646994669,-0.0037498335771194435
nivolumab,1k,crowding,4,sigmoid,0.75,0.5246208982765863,0.5279475529018185,0.003326654625232184
nivolumab,1k,crowding,4,sigmoid,1.0,0.5246208982765863,0.5356900759912961,0.011069177714709832
nivolumab,1k,nonlinear_conc,5,sigmoid,0.0,0.5246208982765863,0.5268366161767897,0.0022157179002033622
nivolumab,1k,nonlinear_conc,5,sigmoid,0.25,0.5246208982765863,0.525415425462186,0.0007945271855996916
nivolumab,1k,nonlinear_conc,5,sigmoid,0.5,0.5246208982765863,0.5246550695404069,3.417126382054825e-05
nivolumab,1k,nonlinear_conc,5,sigmoid,0.75,0.5246208982765863,0.5248505041299356,0.00022960585334930173
nivolumab,1k,nonlinear_conc,5,sigmoid,1.0,0.5246208982765863,0.5260687483975613,0.001447850120975036
nivolumab,1k,cosolute_interaction,6,tanh,-1.0,0.5246208982765863,0.5199823853312732,-0.004638512945313145
nivolumab,1k,cosolute_interaction,6,tanh,-0.5,0.5246208982765863,0.51222940165083,-0.012391496625756337
nivolumab,1k,cosolute_interaction,6,tanh,0.0,0.5246208982765863,0.5158228754758539,-0.008798022800732386
nivolumab,1k,cosolute_interaction,6,tanh,0.5,0.5246208982765863,0.5289866053243124,0.004365707047726097
nivolumab,1k,cosolute_interaction,6,tanh,1.0,0.5246208982765863,0.5719860642984578,0.04736516602187146
nivolumab,1k,cosolute_protection,7,sigmoid,0.0,0.5246208982765863,0.5452066109771648,0.020585712700578518
nivolumab,1k,cosolute_protection,7,sigmoid,0.25,0.5246208982765863,0.5366920468543204,0.012071148577734059
nivolumab,1k,cosolute_protection,7,sigmoid,0.5,0.5246208982765863,0.5273591460327915,0.0027382477562052365
nivolumab,1k,cosolute_protection,7,sigmoid,0.75,0.5246208982765863,0.5198481932462263,-0.0047727050303599805
nivolumab,1k,cosolute_protection,7,sigmoid,1.0,0.5246208982765863,0.5142848556098689,-0.010336042666717393
nivolumab,1k,latent_0,8,tanh,-1.0,0.5246208982765863,0.42408515789196,-0.10053574038462632
nivolumab,1k,latent_0,8,tanh,-0.5,0.5246208982765863,0.4571223289181348,-0.0674985693584515
nivolumab,1k,latent_0,8,tanh,0.0,0.5246208982765863,0.5314513182362373,0.006830419959650946
nivolumab,1k,latent_0,8,tanh,0.5,0.5246208982765863,0.9911837372287456,0.46656283895215933
nivolumab,1k,latent_0,8,tanh,1.0,0.5246208982765863,1.820551444825773,1.2959305465491866
nivolumab,10k,self_interaction,0,tanh,-1.0,0.526249719366826,0.47431449412254073,-0.05193522524428523
nivolumab,10k,self_interaction,0,tanh,-0.5,0.526249719366826,0.5200037073652464,-0.006246012001579593
nivolumab,10k,self_interaction,0,tanh,0.0,0.526249719366826,0.6309283095370609,0.10467859017023495
nivolumab,10k,self_interaction,0,tanh,0.5,0.526249719366826,0.8445331487443772,0.3182834293775513
nivolumab,10k,self_interaction,0,tanh,1.0,0.526249719366826,1.2114524835555884,0.6852027641887625
nivolumab,10k,hydrophobicity,1,sigmoid,0.0,0.526249719366826,0.5133368570033275,-0.012912862363498423
nivolumab,10k,hydrophobicity,1,sigmoid,0.25,0.526249719366826,0.5187896528251306,-0.007460066541695398
nivolumab,10k,hydrophobicity,1,sigmoid,0.5,0.526249719366826,0.5236251433657789,-0.002624576001047041
nivolumab,10k,hydrophobicity,1,sigmoid,0.75,0.526249719366826,0.5301683226359789,0.003918603269152943
nivolumab,10k,hydrophobicity,1,sigmoid,1.0,0.526249719366826,0.5374915544892668,0.011241835122440813
nivolumab,10k,charge_environment,2,tanh,-1.0,0.526249719366826,0.5972197058489993,0.07096998648217334
nivolumab,10k,charge_environment,2,tanh,-0.5,0.526249719366826,0.5696079628832775,0.04335824351645157
nivolumab,10k,charge_environment,2,tanh,0.0,0.526249719366826,0.5389555979345239,0.012705878567697892
nivolumab,10k,charge_environment,2,tanh,0.5,0.526249719366826,0.5071534396954818,-0.019096279671344196
nivolumab,10k,charge_environment,2,tanh,1.0,0.526249719366826,0.4887944985274497,-0.037455220839376246
nivolumab,10k,ionic_screening,3,sigmoid,0.0,0.526249719366826,0.5477647773261718,0.02151505795934583
nivolumab,10k,ionic_screening,3,sigmoid,0.25,0.526249719366826,0.5367986460419386,0.010548926675112646
nivolumab,10k,ionic_screening,3,sigmoid,0.5,0.526249719366826,0.5248672191109849,-0.0013825002558410793
nivolumab,10k,ionic_screening,3,sigmoid,0.75,0.526249719366826,0.5120477717467014,-0.014201947620124611
nivolumab,10k,ionic_screening,3,sigmoid,1.0,0.526249719366826,0.49897048454292864,-0.027279234823897325
nivolumab,10k,crowding,4,sigmoid,0.0,0.526249719366826,0.5132434584774841,-0.01300626088934187
nivolumab,10k,crowding,4,sigmoid,0.25,0.526249719366826,0.5172576786865224,-0.00899204068030357
nivolumab,10k,crowding,4,sigmoid,0.5,0.526249719366826,0.5226274171415035,-0.003622302225322449
nivolumab,10k,crowding,4,sigmoid,0.75,0.526249719366826,0.5292866018945048,0.0030368825276788636
nivolumab,10k,crowding,4,sigmoid,1.0,0.526249719366826,0.5355182093054021,0.009268489938576097
nivolumab,10k,nonlinear_conc,5,sigmoid,0.0,0.526249719366826,0.5287067117585947,0.0024569923917687753
nivolumab,10k,nonlinear_conc,5,sigmoid,0.25,0.526249719366826,0.5280296177480017,0.0017798983811757596
nivolumab,10k,nonlinear_conc,5,sigmoid,0.5,0.526249719366826,0.5269020374265339,0.0006523180597078904
nivolumab,10k,nonlinear_conc,5,sigmoid,0.75,0.526249719366826,0.5252041544714265,-0.00104556489539942
nivolumab,10k,nonlinear_conc,5,sigmoid,1.0,0.526249719366826,0.5238244876355005,-0.0024252317313254723
nivolumab,10k,cosolute_interaction,6,tanh,-1.0,0.526249719366826,0.48172903924738375,-0.04452068011944221
nivolumab,10k,cosolute_interaction,6,tanh,-0.5,0.526249719366826,0.4849360999403679,-0.04131361942645806
nivolumab,10k,cosolute_interaction,6,tanh,0.0,0.526249719366826,0.5099427164657774,-0.016307002901048584
nivolumab,10k,cosolute_interaction,6,tanh,0.5,0.526249719366826,0.5321658781849706,0.005916158818144668
nivolumab,10k,cosolute_interaction,6,tanh,1.0,0.526249719366826,0.5642546442614379,0.038004924894611936
nivolumab,10k,cosolute_protection,7,sigmoid,0.0,0.526249719366826,0.5394508533782814,0.013201134011455395
nivolumab,10k,cosolute_protection,7,sigmoid,0.25,0.526249719366826,0.5333177402561756,0.007068020889349658
nivolumab,10k,cosolute_protection,7,sigmoid,0.5,0.526249719366826,0.5280754082299235,0.0018256888630975299
nivolumab,10k,cosolute_protection,7,sigmoid,0.75,0.526249719366826,0.5217825253678013,-0.004467193999024621
nivolumab,10k,cosolute_protection,7,sigmoid,1.0,0.526249719366826,0.5152341226660234,-0.011015596700802543
nivolumab,10k,latent_0,8,tanh,-1.0,0.526249719366826,0.4008468040562533,-0.12540291531057268
nivolumab,10k,latent_0,8,tanh,-0.5,0.526249719366826,0.4311438054328697,-0.09510591393395629
nivolumab,10k,latent_0,8,tanh,0.0,0.526249719366826,0.5336267532517568,0.007377033884930828
nivolumab,10k,latent_0,8,tanh,0.5,0.526249719366826,0.9391028873795237,0.4128531680126978
nivolumab,10k,latent_0,8,tanh,1.0,0.526249719366826,1.7689901431522934,1.2427404237854676
nivolumab,100k,self_interaction,0,tanh,-1.0,0.4983345080678472,0.442800094111374,-0.05553441395647318
nivolumab,100k,self_interaction,0,tanh,-0.5,0.4983345080678472,0.49396588523334806,-0.004368622834499125
nivolumab,100k,self_interaction,0,tanh,0.0,0.4983345080678472,0.5824303960461633,0.08409588797831613
nivolumab,100k,self_interaction,0,tanh,0.5,0.4983345080678472,0.7387494589137834,0.24041495084593623
nivolumab,100k,self_interaction,0,tanh,1.0,0.4983345080678472,1.1227055546328577,0.6243710465650105
nivolumab,100k,hydrophobicity,1,sigmoid,0.0,0.4983345080678472,0.47566710481839614,-0.022667403249451046
nivolumab,100k,hydrophobicity,1,sigmoid,0.25,0.4983345080678472,0.48474235661699006,-0.013592151450857126
nivolumab,100k,hydrophobicity,1,sigmoid,0.5,0.4983345080678472,0.4940371435477622,-0.004297364520085001
nivolumab,100k,hydrophobicity,1,sigmoid,0.75,0.4983345080678472,0.5028381850938402,0.004503677025992969
nivolumab,100k,hydrophobicity,1,sigmoid,1.0,0.4983345080678472,0.5090880724560884,0.010753564388241266
nivolumab,100k,charge_environment,2,tanh,-1.0,0.4983345080678472,0.5465555330105629,0.04822102494271574
nivolumab,100k,charge_environment,2,tanh,-0.5,0.4983345080678472,0.5274319748086315,0.029097466740784284
nivolumab,100k,charge_environment,2,tanh,0.0,0.4983345080678472,0.5031687397683491,0.004834231700501901
nivolumab,100k,charge_environment,2,tanh,0.5,0.4983345080678472,0.486297970043843,-0.012036538024004173
nivolumab,100k,charge_environment,2,tanh,1.0,0.4983345080678472,0.4691918466320805,-0.02914266143576666
nivolumab,100k,ionic_screening,3,sigmoid,0.0,0.4983345080678472,0.5114390916483598,0.013104583580512585
nivolumab,100k,ionic_screening,3,sigmoid,0.25,0.4983345080678472,0.5046041799493861,0.00626967188153893
nivolumab,100k,ionic_screening,3,sigmoid,0.5,0.4983345080678472,0.4975199712268784,-0.0008145368409687714
nivolumab,100k,ionic_screening,3,sigmoid,0.75,0.4983345080678472,0.48595185901542054,-0.012382649052426642
nivolumab,100k,ionic_screening,3,sigmoid,1.0,0.4983345080678472,0.471593406128418,-0.02674110193942919
nivolumab,100k,crowding,4,sigmoid,0.0,0.4983345080678472,0.486952089192179,-0.011382418875668154
nivolumab,100k,crowding,4,sigmoid,0.25,0.4983345080678472,0.4921077218637047,-0.006226786204142465
nivolumab,100k,crowding,4,sigmoid,0.5,0.4983345080678472,0.4959010561240937,-0.002433451943753495
nivolumab,100k,crowding,4,sigmoid,0.75,0.4983345080678472,0.499911948712069,0.001577440644221828
nivolumab,100k,crowding,4,sigmoid,1.0,0.4983345080678472,0.501885903410683,0.0035513953428357725
nivolumab,100k,nonlinear_conc,5,sigmoid,0.0,0.4983345080678472,0.4982889042841368,-4.560378371037954e-05
nivolumab,100k,nonlinear_conc,5,sigmoid,0.25,0.4983345080678472,0.4984507331956032,0.0001162251277559978
nivolumab,100k,nonlinear_conc,5,sigmoid,0.5,0.4983345080678472,0.4982392645243846,-9.524354346257535e-05
nivolumab,100k,nonlinear_conc,5,sigmoid,0.75,0.4983345080678472,0.4984124655533783,7.795748553113269e-05
nivolumab,100k,nonlinear_conc,5,sigmoid,1.0,0.4983345080678472,0.4974353969370882,-0.0008991111307589672
nivolumab,100k,cosolute_interaction,6,tanh,-1.0,0.4983345080678472,0.4614426408448574,-0.03689186722298976
nivolumab,100k,cosolute_interaction,6,tanh,-0.5,0.4983345080678472,0.4522050439691537,-0.04612946409869351
nivolumab,100k,cosolute_interaction,6,tanh,0.0,0.4983345080678472,0.4688694188208938,-0.029465089246953402
nivolumab,100k,cosolute_interaction,6,tanh,0.5,0.4983345080678472,0.5071950569232652,0.008860548855417982
nivolumab,100k,cosolute_interaction,6,tanh,1.0,0.4983345080678472,0.5382748413443119,0.039940333276464735
nivolumab,100k,cosolute_protection,7,sigmoid,0.0,0.4983345080678472,0.4911576970324566,-0.0071768110353905845
nivolumab,100k,cosolute_protection,7,sigmoid,0.25,0.4983345080678472,0.49432332994143074,-0.004011178126416437
nivolumab,100k,cosolute_protection,7,sigmoid,0.5,0.4983345080678472,0.4974420137413472,-0.0008924943264999596
nivolumab,100k,cosolute_protection,7,sigmoid,0.75,0.4983345080678472,0.49862869502898904,0.0002941869611418624
nivolumab,100k,cosolute_protection,7,sigmoid,1.0,0.4983345080678472,0.4951116521570614,-0.0032228559107858046
nivolumab,100k,latent_0,8,tanh,-1.0,0.4983345080678472,0.3694728834669604,-0.1288616246008868
nivolumab,100k,latent_0,8,tanh,-0.5,0.4983345080678472,0.3997651624770517,-0.0985693455907955
nivolumab,100k,latent_0,8,tanh,0.0,0.4983345080678472,0.5051270886929348,0.006792580625087585
nivolumab,100k,latent_0,8,tanh,0.5,0.4983345080678472,0.8573428205353976,0.3590083124675504
nivolumab,100k,latent_0,8,tanh,1.0,0.4983345080678472,1.7241349533763775,1.2258004453085303
nivolumab,15M,self_interaction,0,tanh,-1.0,0.3431902560508507,0.35020166345313786,0.007011407402287173
nivolumab,15M,self_interaction,0,tanh,-0.5,0.3431902560508507,0.34301232167308415,-0.00017793437776653098
nivolumab,15M,self_interaction,0,tanh,0.0,0.3431902560508507,0.39184836758942637,0.04865811153857569
nivolumab,15M,self_interaction,0,tanh,0.5,0.3431902560508507,0.4755817672623886,0.13239151121153792
nivolumab,15M,self_interaction,0,tanh,1.0,0.3431902560508507,0.7043610980200536,0.36117084196920296
nivolumab,15M,hydrophobicity,1,sigmoid,0.0,0.3431902560508507,0.32271128530711096,-0.02047897074373972
nivolumab,15M,hydrophobicity,1,sigmoid,0.25,0.3431902560508507,0.3293991007799517,-0.01379115527089897
nivolumab,15M,hydrophobicity,1,sigmoid,0.5,0.3431902560508507,0.33846608843712667,-0.004724167613724017
nivolumab,15M,hydrophobicity,1,sigmoid,0.75,0.3431902560508507,0.34869576666177116,0.005505510610920472
nivolumab,15M,hydrophobicity,1,sigmoid,1.0,0.3431902560508507,0.3594157363541979,0.016225480303347195
nivolumab,15M,charge_environment,2,tanh,-1.0,0.3431902560508507,0.40031337431937664,0.05712311826852595
nivolumab,15M,charge_environment,2,tanh,-0.5,0.3431902560508507,0.3797232961753244,0.036533040124473726
nivolumab,15M,charge_environment,2,tanh,0.0,0.3431902560508507,0.3527817009485046,0.0095914448976539
nivolumab,15M,charge_environment,2,tanh,0.5,0.3431902560508507,0.3416208928498363,-0.001569363201014362
nivolumab,15M,charge_environment,2,tanh,1.0,0.3431902560508507,0.34172201738695973,-0.0014682386638909528
nivolumab,15M,ionic_screening,3,sigmoid,0.0,0.3431902560508507,0.34750076632147175,0.004310510270621071
nivolumab,15M,ionic_screening,3,sigmoid,0.25,0.3431902560508507,0.34559663126281903,0.002406375211968348
nivolumab,15M,ionic_screening,3,sigmoid,0.5,0.3431902560508507,0.3427822435830824,-0.0004080124677682817
nivolumab,15M,ionic_screening,3,sigmoid,0.75,0.3431902560508507,0.3458233597672623,0.0026331037164116222
nivolumab,15M,ionic_screening,3,sigmoid,1.0,0.3431902560508507,0.3496802373130331,0.0064899812621824204
nivolumab,15M,crowding,4,sigmoid,0.0,0.3431902560508507,0.32261501492348543,-0.02057524112736525
nivolumab,15M,crowding,4,sigmoid,0.25,0.3431902560508507,0.3301504402763422,-0.013039815774508468
nivolumab,15M,crowding,4,sigmoid,0.5,0.3431902560508507,0.3380978207239033,-0.005092435326947364
nivolumab,15M,crowding,4,sigmoid,0.75,0.3431902560508507,0.3483307826406199,0.005140526589769212
nivolumab,15M,crowding,4,sigmoid,1.0,0.3431902560508507,0.36073143159708054,0.01754117554622986
nivolumab,15M,nonlinear_conc,5,sigmoid,0.0,0.3431902560508507,0.3311239945733577,-0.012066261477492957
nivolumab,15M,nonlinear_conc,5,sigmoid,0.25,0.3431902560508507,0.33645207598990745,-0.006738180060943233
nivolumab,15M,nonlinear_conc,5,sigmoid,0.5,0.3431902560508507,0.34081985868245496,-0.002370397368395727
nivolumab,15M,nonlinear_conc,5,sigmoid,0.75,0.3431902560508507,0.3478110697311615,0.004620813680310809
nivolumab,15M,nonlinear_conc,5,sigmoid,1.0,0.3431902560508507,0.3587907476179731,0.015600491567122399
nivolumab,15M,cosolute_interaction,6,tanh,-1.0,0.3431902560508507,0.37150642235064857,0.028316166299797885
nivolumab,15M,cosolute_interaction,6,tanh,-0.5,0.3431902560508507,0.36216731655915074,0.01897706050830006
nivolumab,15M,cosolute_interaction,6,tanh,0.0,0.3431902560508507,0.3528264975370066,0.009636241486155939
nivolumab,15M,cosolute_interaction,6,tanh,0.5,0.3431902560508507,0.3446764067607938,0.0014861507099431237
nivolumab,15M,cosolute_interaction,6,tanh,1.0,0.3431902560508507,0.3568374560184684,0.013647199967617707
nivolumab,15M,cosolute_protection,7,sigmoid,0.0,0.3431902560508507,0.3523699874632504,0.009179731412399694
nivolumab,15M,cosolute_protection,7,sigmoid,0.25,0.3431902560508507,0.3485830119242987,0.0053927558734480074
nivolumab,15M,cosolute_protection,7,sigmoid,0.5,0.3431902560508507,0.3445713395967343,0.0013810835458836213
nivolumab,15M,cosolute_protection,7,sigmoid,0.75,0.3431902560508507,0.3417514058818927,-0.0014388501689580058
nivolumab,15M,cosolute_protection,7,sigmoid,1.0,0.3431902560508507,0.34226469417642735,-0.0009255618744233307
nivolumab,15M,latent_0,8,tanh,-1.0,0.3431902560508507,0.2531338148907111,-0.09005644116013961
nivolumab,15M,latent_0,8,tanh,-0.5,0.3431902560508507,0.2927318466059357,-0.050458409444914976
nivolumab,15M,latent_0,8,tanh,0.0,0.3431902560508507,0.347037579041094,0.003847322990243318
nivolumab,15M,latent_0,8,tanh,0.5,0.3431902560508507,0.5490255064191518,0.20583525036830114
nivolumab,15M,latent_0,8,tanh,1.0,0.3431902560508507,1.4936704639703846,1.150480207919534
pembrolizumab,100,self_interaction,0,tanh,-1.0,0.7331150606434711,0.6974702207866338,-0.03564483985683731
pembrolizumab,100,self_interaction,0,tanh,-0.5,0.7331150606434711,0.7030110942352538,-0.03010396640821733
pembrolizumab,100,self_interaction,0,tanh,0.0,0.7331150606434711,0.7224802912289552,-0.01063476941451591
pembrolizumab,100,self_interaction,0,tanh,0.5,0.7331150606434711,0.7590779289345931,0.025962868291122043
pembrolizumab,100,self_interaction,0,tanh,1.0,0.7331150606434711,0.8246868872570184,0.09157182661354735
pembrolizumab,100,hydrophobicity,1,sigmoid,0.0,0.7331150606434711,0.7345619498177695,0.0014468891742983603
pembrolizumab,100,hydrophobicity,1,sigmoid,0.25,0.7331150606434711,0.7339373893892063,0.0008223287457351791
pembrolizumab,100,hydrophobicity,1,sigmoid,0.5,0.7331150606434711,0.7331037269638108,-1.1333679660330276e-05
pembrolizumab,100,hydrophobicity,1,sigmoid,0.75,0.7331150606434711,0.736408109590641,0.003293048947169863
pembrolizumab,100,hydrophobicity,1,sigmoid,1.0,0.7331150606434711,0.7419687730496753,0.00885371240620425
pembrolizumab,100,charge_environment,2,tanh,-1.0,0.7331150606434711,0.7091500169664101,-0.023965043677060982
pembrolizumab,100,charge_environment,2,tanh,-0.5,0.7331150606434711,0.725473986067425,-0.007641074576046125
pembrolizumab,100,charge_environment,2,tanh,0.0,0.7331150606434711,0.73655125220759,0.0034361915641188956
pembrolizumab,100,charge_environment,2,tanh,0.5,0.7331150606434711,0.7563570550943012,0.023241994450830084
pembrolizumab,100,charge_environment,2,tanh,1.0,0.7331150606434711,0.7914047022839252,0.05828964164045414
pembrolizumab,100,ionic_screening,3,sigmoid,0.0,0.7331150606434711,0.7366607452174858,0.003545684574014718
pembrolizumab,100,ionic_screening,3,sigmoid,0.25,0.7331150606434711,0.7344170720056786,0.0013020113622075336
pembrolizumab,100,ionic_screening,3,sigmoid,0.5,0.7331150606434711,0.7314933780142576,-0.0016216826292134723
pembrolizumab,100,ionic_screening,3,sigmoid,0.75,0.7331150606434711,0.7295629624367803,-0.003552098206690779
pembrolizumab,100,ionic_screening,3,sigmoid,1.0,0.7331150606434711,0.7285760756910171,-0.004538984952453973
pembrolizumab,100,crowding,4,sigmoid,0.0,0.7331150606434711,0.7517647623113524,0.01864970166788127
pembrolizumab,100,crowding,4,sigmoid,0.25,0.7331150606434711,0.7431497600418677,0.01003469939839663
pembrolizumab,100,crowding,4,sigmoid,0.5,0.7331150606434711,0.7321517418013425,-0.0009633188421286354
pembrolizumab,100,crowding,4,sigmoid,0.75,0.7331150606434711,0.7275196713171055,-0.005595389326365607
pembrolizumab,100,crowding,4,sigmoid,1.0,0.7331150606434711,0.7239024923103503,-0.009212568333120785
pembrolizumab,100,nonlinear_conc,5,sigmoid,0.0,0.7331150606434711,0.7364733880711646,0.003358327427693486
pembrolizumab,100,nonlinear_conc,5,sigmoid,0.25,0.7331150606434711,0.7346985689795653,0.0015835083360942193
pembrolizumab,100,nonlinear_conc,5,sigmoid,0.5,0.7331150606434711,0.7326844247453732,-0.0004306358980978864
pembrolizumab,100,nonlinear_conc,5,sigmoid,0.75,0.7331150606434711,0.732331565125719,-0.0007834955177521419
pembrolizumab,100,nonlinear_conc,5,sigmoid,1.0,0.7331150606434711,0.733422475722007,0.0003074150785359331
pembrolizumab,100,cosolute_interaction,6,tanh,-1.0,0.7331150606434711,0.591178514140417,-0.1419365465030541
pembrolizumab,100,cosolute_interaction,6,tanh,-0.5,0.7331150606434711,0.678227532652421,-0.05488752799105012
pembrolizumab,100,cosolute_interaction,6,tanh,0.0,0.7331150606434711,0.7192677201931712,-0.013847340450299894
pembrolizumab,100,cosolute_interaction,6,tanh,0.5,0.7331150606434711,0.7662242093212865,0.03310914867781545
pembrolizumab,100,cosolute_interaction,6,tanh,1.0,0.7331150606434711,0.8337383460158992,0.10062328537242815
pembrolizumab,100,cosolute_protection,7,sigmoid,0.0,0.7331150606434711,0.7357309881244286,0.002615927480957514
pembrolizumab,100,cosolute_protection,7,sigmoid,0.25,0.7331150606434711,0.7343704194173097,0.001255358773838644
pembrolizumab,100,cosolute_protection,7,sigmoid,0.5,0.7331150606434711,0.7333582076082749,0.0002431469648037643
pembrolizumab,100,cosolute_protection,7,sigmoid,0.75,0.7331150606434711,0.7363084566747137,0.003193396031242579
pembrolizumab,100,cosolute_protection,7,sigmoid,1.0,0.7331150606434711,0.7410007538055172,0.007885693162046126
pembrolizumab,100,latent_0,8,tanh,-1.0,0.7331150606434711,0.37996817833526997,-0.3531468823082011
pembrolizumab,100,latent_0,8,tanh,-0.5,0.7331150606434711,0.6066205538372509,-0.1264945068062202
pembrolizumab,100,latent_0,8,tanh,0.0,0.7331150606434711,0.7291047391323778,-0.004010321511093262
pembrolizumab,100,latent_0,8,tanh,0.5,0.7331150606434711,0.9200686752540223,0.18695361461055116
pembrolizumab,100,latent_0,8,tanh,1.0,0.7331150606434711,1.4639765746925093,0.7308615140490382
pembrolizumab,1k,self_interaction,0,tanh,-1.0,0.7026695463307643,0.6520759234517632,-0.05059362287900104
pembrolizumab,1k,self_interaction,0,tanh,-0.5,0.7026695463307643,0.6634892903015424,-0.03918025602922193
pembrolizumab,1k,self_interaction,0,tanh,0.0,0.7026695463307643,0.6898820806446596,-0.012787465686104671
pembrolizumab,1k,self_interaction,0,tanh,0.5,0.7026695463307643,0.7284731500652656,0.0258036037345013
pembrolizumab,1k,self_interaction,0,tanh,1.0,0.7026695463307643,0.7924637204327973,0.08979417410203305
pembrolizumab,1k,hydrophobicity,1,sigmoid,0.0,0.7026695463307643,0.7010950434378109,-0.0015745028929533555
pembrolizumab,1k,hydrophobicity,1,sigmoid,0.25,0.7026695463307643,0.7018068248778679,-0.0008627214528963423
pembrolizumab,1k,hydrophobicity,1,sigmoid,0.5,0.7026695463307643,0.7025356507664062,-0.00013389556435805527
pembrolizumab,1k,hydrophobicity,1,sigmoid,0.75,0.7026695463307643,0.7055891109970377,0.002919564666273411
pembrolizumab,1k,hydrophobicity,1,sigmoid,1.0,0.7026695463307643,0.7101268659377455,0.007457319606981261
pembrolizumab,1k,charge_environment,2,tanh,-1.0,0.7026695463307643,0.6824002925897298,-0.0202692537410345
pembrolizumab,1k,charge_environment,2,tanh,-0.5,0.7026695463307643,0.6992118075965936,-0.0034577387341706567
pembrolizumab,1k,charge_environment,2,tanh,0.0,0.7026695463307643,0.7046379165564061,0.00196837022564178
pembrolizumab,1k,charge_environment,2,tanh,0.5,0.7026695463307643,0.7097937743640103,0.007124228033245972
pembrolizumab,1k,charge_environment,2,tanh,1.0,0.7026695463307643,0.7357167990603578,0.033047252729593524
pembrolizumab,1k,ionic_screening,3,sigmoid,0.0,0.7026695463307643,0.7061384649931269,0.0034689186623626522
pembrolizumab,1k,ionic_screening,3,sigmoid,0.25,0.7026695463307643,0.7033944186101188,0.0007248722793544715
pembrolizumab,1k,ionic_screening,3,sigmoid,0.5,0.7026695463307643,0.7003304593506547,-0.0023390869801095393
pembrolizumab,1k,ionic_screening,3,sigmoid,0.75,0.7026695463307643,0.6958883158587086,-0.006781230472055699
pembrolizumab,1k,ionic_screening,3,sigmoid,1.0,0.7026695463307643,0.6907185764899701,-0.011950969840794134
pembrolizumab,1k,crowding,4,sigmoid,0.0,0.7026695463307643,0.7205569042900268,0.01788735795926255
pembrolizumab,1k,crowding,4,sigmoid,0.25,0.7026695463307643,0.7095756888885327,0.0069061425577684465
pembrolizumab,1k,crowding,4,sigmoid,0.5,0.7026695463307643,0.7021087488325376,-0.0005607974982266839
pembrolizumab,1k,crowding,4,sigmoid,0.75,0.7026695463307643,0.6988019061822153,-0.003867640148549012
pembrolizumab,1k,crowding,4,sigmoid,1.0,0.7026695463307643,0.6949316742232015,-0.0077378721075628265
pembrolizumab,1k,nonlinear_conc,5,sigmoid,0.0,0.7026695463307643,0.7045357157590049,0.0018661694282405827
pembrolizumab,1k,nonlinear_conc,5,sigmoid,0.25,0.7026695463307643,0.7029678241791866,0.0002982778484222903
pembrolizumab,1k,nonlinear_conc,5,sigmoid,0.5,0.7026695463307643,0.7025225818916042,-0.00014696443916006885
pembrolizumab,1k,nonlinear_conc,5,sigmoid,0.75,0.7026695463307643,0.7018363890887646,-0.0008331572419997268
pembrolizumab,1k,nonlinear_conc,5,sigmoid,1.0,0.7026695463307643,0.7002991599446163,-0.002370386386147949
pembrolizumab,1k,cosolute_interaction,6,tanh,-1.0,0.7026695463307643,0.5519374603877465,-0.1507320859430178
pembrolizumab,1k,cosolute_interaction,6,tanh,-0.5,0.7026695463307643,0.6415956632805999,-0.06107388305016437
pembrolizumab,1k,cosolute_interaction,6,tanh,0.0,0.7026695463307643,0.6848969748248047,-0.017772571505959567
pembrolizumab,1k,cosolute_interaction,6,tanh,0.5,0.7026695463307643,0.7341608781305683,0.03149133179980401
pembrolizumab,1k,cosolute_interaction,6,tanh,1.0,0.7026695463307643,0.7990778230588557,0.09640827672809138
pembrolizumab,1k,cosolute_protection,7,sigmoid,0.0,0.7026695463307643,0.7052179549526607,0.0025484086218964253
pembrolizumab,1k,cosolute_protection,7,sigmoid,0.25,0.7026695463307643,0.703259688394933,0.0005901420641687416
pembrolizumab,1k,cosolute_protection,7,sigmoid,0.5,0.7026695463307643,0.7029895251007066,0.00031997876994227514
pembrolizumab,1k,cosolute_protection,7,sigmoid,0.75,0.7026695463307643,0.7046847228962432,0.0020151765654788933
pembrolizumab,1k,cosolute_protection,7,sigmoid,1.0,0.7026695463307643,0.7054862732292679,0.002816726898503652
pembrolizumab,1k,latent_0,8,tanh,-1.0,0.7026695463307643,0.33454408616230047,-0.3681254601684638
pembrolizumab,1k,latent_0,8,tanh,-0.5,0.7026695463307643,0.5512377429468239,-0.15143180338394036
pembrolizumab,1k,latent_0,8,tanh,0.0,0.7026695463307643,0.6982399665302244,-0.004429579800539929
pembrolizumab,1k,latent_0,8,tanh,0.5,0.7026695463307643,0.8793399552412214,0.17667040891045716
pembrolizumab,1k,latent_0,8,tanh,1.0,0.7026695463307643,1.4119179089837075,0.7092483626529432
pembrolizumab,10k,self_interaction,0,tanh,-1.0,0.660500186042625,0.5880442135842245,-0.07245597245840041
pembrolizumab,10k,self_interaction,0,tanh,-0.5,0.660500186042625,0.6089038949278688,-0.051596291114756165
pembrolizumab,10k,self_interaction,0,tanh,0.0,0.660500186042625,0.6396266341200942,-0.02087355192253071
pembrolizumab,10k,self_interaction,0,tanh,0.5,0.660500186042625,0.6925618589139355,0.032061672871310565
pembrolizumab,10k,self_interaction,0,tanh,1.0,0.660500186042625,0.7611452711768028,0.1006450851341778
pembrolizumab,10k,hydrophobicity,1,sigmoid,0.0,0.660500186042625,0.6530248775138574,-0.007475308528767544
pembrolizumab,10k,hydrophobicity,1,sigmoid,0.25,0.660500186042625,0.6556220912446783,-0.004878094797946653
pembrolizumab,10k,hydrophobicity,1,sigmoid,0.5,0.660500186042625,0.6596838865508952,-0.0008162994917297883
pembrolizumab,10k,hydrophobicity,1,sigmoid,0.75,0.660500186042625,0.6627339971959681,0.0022338111533432015
pembrolizumab,10k,hydrophobicity,1,sigmoid,1.0,0.660500186042625,0.6643767657408284,0.0038765796982034306
pembrolizumab,10k,charge_environment,2,tanh,-1.0,0.660500186042625,0.640626479918182,-0.019873706124442947
pembrolizumab,10k,charge_environment,2,tanh,-0.5,0.660500186042625,0.6572688024164747,-0.003231383626150275
pembrolizumab,10k,charge_environment,2,tanh,0.0,0.660500186042625,0.6611124902827185,0.0006123042400935086
pembrolizumab,10k,charge_environment,2,tanh,0.5,0.660500186042625,0.663310773864646,0.002810587822021038
pembrolizumab,10k,charge_environment,2,tanh,1.0,0.660500186042625,0.6713066519181952,0.010806465875570215
pembrolizumab,10k,ionic_screening,3,sigmoid,0.0,0.660500186042625,0.6615125955321192,0.0010124094894942148
pembrolizumab,10k,ionic_screening,3,sigmoid,0.25,0.660500186042625,0.6607468473267033,0.0002466612840783533
pembrolizumab,10k,ionic_screening,3,sigmoid,0.5,0.660500186042625,0.6578933957917812,-0.00260679025084376
pembrolizumab,10k,ionic_screening,3,sigmoid,0.75,0.660500186042625,0.6494786218629606,-0.011021564179664378
pembrolizumab,10k,ionic_screening,3,sigmoid,1.0,0.660500186042625,0.6404117220637675,-0.02008846397885744
pembrolizumab,10k,crowding,4,sigmoid,0.0,0.660500186042625,0.6656061514987791,0.00510596545615416
pembrolizumab,10k,crowding,4,sigmoid,0.25,0.660500186042625,0.6612394340842617,0.0007392480416367198
pembrolizumab,10k,crowding,4,sigmoid,0.5,0.660500186042625,0.6605733168302775,7.313078765258663e-05
pembrolizumab,10k,crowding,4,sigmoid,0.75,0.660500186042625,0.6581799885286158,-0.002320197514009137
pembrolizumab,10k,crowding,4,sigmoid,1.0,0.660500186042625,0.6546836032646735,-0.005816582777951496
pembrolizumab,10k,nonlinear_conc,5,sigmoid,0.0,0.660500186042625,0.6644003775734539,0.003900191530828989
pembrolizumab,10k,nonlinear_conc,5,sigmoid,0.25,0.660500186042625,0.6623394599461679,0.0018392739035429928
pembrolizumab,10k,nonlinear_conc,5,sigmoid,0.5,0.660500186042625,0.6594889736181337,-0.0010112124244912035
pembrolizumab,10k,nonlinear_conc,5,sigmoid,0.75,0.660500186042625,0.6551738288389694,-0.005326357203655596
pembrolizumab,10k,nonlinear_conc,5,sigmoid,1.0,0.660500186042625,0.6536477686407653,-0.006852417401859601
pembrolizumab,10k,cosolute_interaction,6,tanh,-1.0,0.660500186042625,0.5110492328360937,-0.14945095320653123
pembrolizumab,10k,cosolute_interaction,6,tanh,-0.5,0.660500186042625,0.5845023947614116,-0.07599779128121331
pembrolizumab,10k,cosolute_interaction,6,tanh,0.0,0.660500186042625,0.6393768428954121,-0.02112334314721287
pembrolizumab,10k,cosolute_interaction,6,tanh,0.5,0.660500186042625,0.6964999831284335,0.03599979708580858
pembrolizumab,10k,cosolute_interaction,6,tanh,1.0,0.660500186042625,0.7680055079390482,0.10750532189642326
pembrolizumab,10k,cosolute_protection,7,sigmoid,0.0,0.660500186042625,0.659148666707638,-0.0013515193349868948
pembrolizumab,10k,cosolute_protection,7,sigmoid,0.25,0.660500186042625,0.6588053177145203,-0.001694868328104615
pembrolizumab,10k,cosolute_protection,7,sigmoid,0.5,0.660500186042625,0.6612186666537989,0.0007184806111739661
pembrolizumab,10k,cosolute_protection,7,sigmoid,0.75,0.660500186042625,0.65795467673413,-0.002545509308494953
pembrolizumab,10k,cosolute_protection,7,sigmoid,1.0,0.660500186042625,0.6549425756484601,-0.0055576103941648025
pembrolizumab,10k,latent_0,8,tanh,-1.0,0.660500186042625,0.30612228162156097,-0.354377904421064
pembrolizumab,10k,latent_0,8,tanh,-0.5,0.660500186042625,0.4584127759734798,-0.20208741006914516
pembrolizumab,10k,latent_0,8,tanh,0.0,0.660500186042625,0.6533499300822523,-0.0071502559603726645
pembrolizumab,10k,latent_0,8,tanh,0.5,0.660500186042625,0.8474780384739224,0.1869778524312975
pembrolizumab,10k,latent_0,8,tanh,1.0,0.660500186042625,1.3596763229566686,0.6991761369140437
pembrolizumab,100k,self_interaction,0,tanh,-1.0,0.5715960023146087,0.4845383668564775,-0.08705763545813122
pembrolizumab,100k,self_interaction,0,tanh,-0.5,0.5715960023146087,0.5202660156067819,-0.05132998670782685
pembrolizumab,100k,self_interaction,0,tanh,0.0,0.5715960023146087,0.5477320447368041,-0.023863957577804573
pembrolizumab,100k,self_interaction,0,tanh,0.5,0.5715960023146087,0.6189428993673768,0.04734689705276807
pembrolizumab,100k,self_interaction,0,tanh,1.0,0.5715960023146087,0.7110757541063533,0.13947975179174454
pembrolizumab,100k,hydrophobicity,1,sigmoid,0.0,0.5715960023146087,0.5661756645259799,-0.005420337788628826
pembrolizumab,100k,hydrophobicity,1,sigmoid,0.25,0.5715960023146087,0.5685793161405105,-0.0030166861740982265
pembrolizumab,100k,hydrophobicity,1,sigmoid,0.5,0.5715960023146087,0.5711361206907986,-0.0004598816238101655
pembrolizumab,100k,hydrophobicity,1,sigmoid,0.75,0.5715960023146087,0.5739860524153223,0.002390050100713581
pembrolizumab,100k,hydrophobicity,1,sigmoid,1.0,0.5715960023146087,0.5808021679973012,0.009206165682692502
pembrolizumab,100k,charge_environment,2,tanh,-1.0,0.5715960023146087,0.5644093402030019,-0.00718666211160679
pembrolizumab,100k,charge_environment,2,tanh,-0.5,0.5715960023146087,0.5712992894364883,-0.0002967128781203865
pembrolizumab,100k,charge_environment,2,tanh,0.0,0.5715960023146087,0.575266730761309,0.0036707284467002443
pembrolizumab,100k,charge_environment,2,tanh,0.5,0.5715960023146087,0.5854623200889909,0.013866317774382186
pembrolizumab,100k,charge_environment,2,tanh,1.0,0.5715960023146087,0.5918254893366028,0.02022948702199412
pembrolizumab,100k,ionic_screening,3,sigmoid,0.0,0.5715960023146087,0.5822093892927889,0.01061338697818015
pembrolizumab,100k,ionic_screening,3,sigmoid,0.25,0.5715960023146087,0.5744409535897856,0.0028449512751769213
pembrolizumab,100k,ionic_screening,3,sigmoid,0.5,0.5715960023146087,0.5654978127402933,-0.006098189574315405
pembrolizumab,100k,ionic_screening,3,sigmoid,0.75,0.5715960023146087,0.5588052309719366,-0.012790771342672147
pembrolizumab,100k,ionic_screening,3,sigmoid,1.0,0.5715960023146087,0.5541965416931227,-0.017399460621486007
pembrolizumab,100k,crowding,4,sigmoid,0.0,0.5715960023146087,0.5785473807507885,0.006951378436179767
pembrolizumab,100k,crowding,4,sigmoid,0.25,0.5715960023146087,0.5730450824473299,0.0014490801327211589
pembrolizumab,100k,crowding,4,sigmoid,0.5,0.5715960023146087,0.5714185182089992,-0.00017748410560947114
pembrolizumab,100k,crowding,4,sigmoid,0.75,0.5715960023146087,0.5749357971992533,0.0033397948846445313
pembrolizumab,100k,crowding,4,sigmoid,1.0,0.5715960023146087,0.5804672204236991,0.008871218109090417
pembrolizumab,100k,nonlinear_conc,5,sigmoid,0.0,0.5715960023146087,0.5838910789236141,0.012295076609005418
pembrolizumab,100k,nonlinear_conc,5,sigmoid,0.25,0.5715960023146087,0.5766525586382132,0.005056556323604466
pembrolizumab,100k,nonlinear_conc,5,sigmoid,0.5,0.5715960023146087,0.5701071609539711,-0.0014888413606376494
pembrolizumab,100k,nonlinear_conc,5,sigmoid,0.75,0.5715960023146087,0.5676482631422207,-0.003947739172387998
pembrolizumab,100k,nonlinear_conc,5,sigmoid,1.0,0.5715960023146087,0.5649449059870626,-0.006651096327546124
pembrolizumab,100k,cosolute_interaction,6,tanh,-1.0,0.5715960023146087,0.4648224495491162,-0.1067735527654925
pembrolizumab,100k,cosolute_interaction,6,tanh,-0.5,0.5715960023146087,0.49356148592508386,-0.07803451638952486
pembrolizumab,100k,cosolute_interaction,6,tanh,0.0,0.5715960023146087,0.547250709292048,-0.02434529302256072
pembrolizumab,100k,cosolute_interaction,6,tanh,0.5,0.5715960023146087,0.6215649769070646,0.04996897459245586
pembrolizumab,100k,cosolute_interaction,6,tanh,1.0,0.5715960023146087,0.7052504184769588,0.13365441616235008
pembrolizumab,100k,cosolute_protection,7,sigmoid,0.0,0.5715960023146087,0.5731902512889856,0.0015942489743768773
pembrolizumab,100k,cosolute_protection,7,sigmoid,0.25,0.5715960023146087,0.5710275776453316,-0.00056842466927709
pembrolizumab,100k,cosolute_protection,7,sigmoid,0.5,0.5715960023146087,0.5718127314824913,0.0002167291678826233
pembrolizumab,100k,cosolute_protection,7,sigmoid,0.75,0.5715960023146087,0.5745136999987677,0.0029176976841589486
pembrolizumab,100k,cosolute_protection,7,sigmoid,1.0,0.5715960023146087,0.5771611575129659,0.005565155198357208
pembrolizumab,100k,latent_0,8,tanh,-1.0,0.5715960023146087,0.2676323806670694,-0.3039636216475393
pembrolizumab,100k,latent_0,8,tanh,-0.5,0.5715960023146087,0.37241288609626455,-0.19918311621834417
pembrolizumab,100k,latent_0,8,tanh,0.0,0.5715960023146087,0.5621348178573133,-0.00946118445729538
pembrolizumab,100k,latent_0,8,tanh,0.5,0.5715960023146087,0.820357487520297,0.2487614852056883
pembrolizumab,100k,latent_0,8,tanh,1.0,0.5715960023146087,1.3167459258473908,0.7451499235327821
pembrolizumab,15M,self_interaction,0,tanh,-1.0,0.3501801931588202,0.311029501340495,-0.0391506918183252
pembrolizumab,15M,self_interaction,0,tanh,-0.5,0.3501801931588202,0.32742741391549457,-0.022752779243325638
pembrolizumab,15M,self_interaction,0,tanh,0.0,0.3501801931588202,0.340230342606407,-0.009949850552413209
pembrolizumab,15M,self_interaction,0,tanh,0.5,0.3501801931588202,0.3663851915701458,0.01620499841132561
pembrolizumab,15M,self_interaction,0,tanh,1.0,0.3501801931588202,0.4553942447817624,0.10521405162294217
pembrolizumab,15M,hydrophobicity,1,sigmoid,0.0,0.3501801931588202,0.3454548065155979,-0.004725386643222307
pembrolizumab,15M,hydrophobicity,1,sigmoid,0.25,0.3501801931588202,0.3473461143088987,-0.002834078849921484
pembrolizumab,15M,hydrophobicity,1,sigmoid,0.5,0.3501801931588202,0.3499047034744434,-0.0002754896843767951
pembrolizumab,15M,hydrophobicity,1,sigmoid,0.75,0.3501801931588202,0.35170443030390064,0.0015242371450804315
pembrolizumab,15M,hydrophobicity,1,sigmoid,1.0,0.3501801931588202,0.3544353199541249,0.004255126795304709
pembrolizumab,15M,charge_environment,2,tanh,-1.0,0.3501801931588202,0.3621553239446266,0.011975130785806365
pembrolizumab,15M,charge_environment,2,tanh,-0.5,0.3501801931588202,0.34945894502121755,-0.0007212481376026592
pembrolizumab,15M,charge_environment,2,tanh,0.0,0.3501801931588202,0.35030751035678637,0.00012731719796615915
pembrolizumab,15M,charge_environment,2,tanh,0.5,0.3501801931588202,0.36655575685968367,0.01637556370086346
pembrolizumab,15M,charge_environment,2,tanh,1.0,0.3501801931588202,0.3778321970447304,0.027652003885910215
pembrolizumab,15M,ionic_screening,3,sigmoid,0.0,0.3501801931588202,0.349536479690211,-0.0006437134686091972
pembrolizumab,15M,ionic_screening,3,sigmoid,0.25,0.3501801931588202,0.3499433829509583,-0.00023681020786192608
pembrolizumab,15M,ionic_screening,3,sigmoid,0.5,0.3501801931588202,0.3509476545948824,0.0007674614360622112
pembrolizumab,15M,ionic_screening,3,sigmoid,0.75,0.3501801931588202,0.3526899662331927,0.002509773074372501
pembrolizumab,15M,ionic_screening,3,sigmoid,1.0,0.3501801931588202,0.3549031197785505,0.004722926619730283
pembrolizumab,15M,crowding,4,sigmoid,0.0,0.3501801931588202,0.3356281987472419,-0.014551994411578284
pembrolizumab,15M,crowding,4,sigmoid,0.25,0.3501801931588202,0.34356226871055096,-0.006617924448269252
pembrolizumab,15M,crowding,4,sigmoid,0.5,0.3501801931588202,0.3510280446482864,0.0008478514894662004
pembrolizumab,15M,crowding,4,sigmoid,0.75,0.3501801931588202,0.35774509486459183,0.007564901705771621
pembrolizumab,15M,crowding,4,sigmoid,1.0,0.3501801931588202,0.36448779961160094,0.01430760645278073
pembrolizumab,15M,nonlinear_conc,5,sigmoid,0.0,0.3501801931588202,0.34881046525709236,-0.0013697279017278463
pembrolizumab,15M,nonlinear_conc,5,sigmoid,0.25,0.3501801931588202,0.3495145151947454,-0.0006656779640747956
pembrolizumab,15M,nonlinear_conc,5,sigmoid,0.5,0.3501801931588202,0.3504428885245884,0.000262695365768173
pembrolizumab,15M,nonlinear_conc,5,sigmoid,0.75,0.3501801931588202,0.3516487393256477,0.0014685461668275113
pembrolizumab,15M,nonlinear_conc,5,sigmoid,1.0,0.3501801931588202,0.3528769719475865,0.0026967787887662853
pembrolizumab,15M,cosolute_interaction,6,tanh,-1.0,0.3501801931588202,0.3453366924412318,-0.004843500717588434
pembrolizumab,15M,cosolute_interaction,6,tanh,-0.5,0.3501801931588202,0.3560460752468442,0.005865882088023966
pembrolizumab,15M,cosolute_interaction,6,tanh,0.0,0.3501801931588202,0.35294763172949917,0.0027674385706789595
pembrolizumab,15M,cosolute_interaction,6,tanh,0.5,0.3501801931588202,0.36224379693236186,0.012063603773541653
pembrolizumab,15M,cosolute_interaction,6,tanh,1.0,0.3501801931588202,0.4385173304896498,0.0883371373308296
pembrolizumab,15M,cosolute_protection,7,sigmoid,0.0,0.3501801931588202,0.3514797005685447,0.0012995074097245096
pembrolizumab,15M,cosolute_protection,7,sigmoid,0.25,0.3501801931588202,0.35112559995489667,0.0009454067960764645
pembrolizumab,15M,cosolute_protection,7,sigmoid,0.5,0.3501801931588202,0.3498197557882303,-0.00036043737058988334
pembrolizumab,15M,cosolute_protection,7,sigmoid,0.75,0.3501801931588202,0.35000217092307184,-0.00017802223574836518
pembrolizumab,15M,cosolute_protection,7,sigmoid,1.0,0.3501801931588202,0.35635734509433437,0.006177151935514158
pembrolizumab,15M,latent_0,8,tanh,-1.0,0.3501801931588202,0.1694142514771112,-0.180765941681709
pembrolizumab,15M,latent_0,8,tanh,-0.5,0.3501801931588202,0.246732921622137,-0.1034472715366832
pembrolizumab,15M,latent_0,8,tanh,0.0,0.3501801931588202,0.346754863037709,-0.003425330121111181
pembrolizumab,15M,latent_0,8,tanh,0.5,0.3501801931588202,0.5861252524911325,0.23594505933231225
pembrolizumab,15M,latent_0,8,tanh,1.0,0.3501801931588202,1.1107810300446042,0.760600836885784
poly-higg,100,self_interaction,0,tanh,-1.0,0.849156016105014,0.7370885916246595,-0.11206742448035456
poly-higg,100,self_interaction,0,tanh,-0.5,0.849156016105014,0.7913867792556254,-0.05776923684938862
poly-higg,100,self_interaction,0,tanh,0.0,0.849156016105014,0.8628551621044078,0.013699145999393814
poly-higg,100,self_interaction,0,tanh,0.5,0.849156016105014,1.031799911166781,0.18264389506176704
poly-higg,100,self_interaction,0,tanh,1.0,0.849156016105014,1.299571711126904,0.45041569502189005
poly-higg,100,hydrophobicity,1,sigmoid,0.0,0.849156016105014,0.8746178522900712,0.025461836185057152
poly-higg,100,hydrophobicity,1,sigmoid,0.25,0.849156016105014,0.8642513572231717,0.01509534111815769
poly-higg,100,hydrophobicity,1,sigmoid,0.5,0.849156016105014,0.8531692149650133,0.00401319885999929
poly-higg,100,hydrophobicity,1,sigmoid,0.75,0.849156016105014,0.8423889527325336,-0.006767063372480453
poly-higg,100,hydrophobicity,1,sigmoid,1.0,0.849156016105014,0.8313072936932754,-0.017848722411738627
poly-higg,100,charge_environment,2,tanh,-1.0,0.849156016105014,0.833636430756939,-0.01551958534807496
poly-higg,100,charge_environment,2,tanh,-0.5,0.849156016105014,0.8424519029765378,-0.006704113128476186
poly-higg,100,charge_environment,2,tanh,0.0,0.849156016105014,0.8466733032890552,-0.0024827128159587986
poly-higg,100,charge_environment,2,tanh,0.5,0.849156016105014,0.8555525384389905,0.006396522333976473
poly-higg,100,charge_environment,2,tanh,1.0,0.849156016105014,0.8828995213763704,0.03374350527135639
poly-higg,100,ionic_screening,3,sigmoid,0.0,0.849156016105014,0.8834997231794623,0.03434370707444834
poly-higg,100,ionic_screening,3,sigmoid,0.25,0.849156016105014,0.8651176808533244,0.0159616647483104
poly-higg,100,ionic_screening,3,sigmoid,0.5,0.849156016105014,0.8486031917186414,-0.0005528243863726079
poly-higg,100,ionic_screening,3,sigmoid,0.75,0.849156016105014,0.8342067388817024,-0.01494927722331163
poly-higg,100,ionic_screening,3,sigmoid,1.0,0.849156016105014,0.8205377062055919,-0.028618309899422156
poly-higg,100,crowding,4,sigmoid,0.0,0.849156016105014,0.8652580779083403,0.016102061803326295
poly-higg,100,crowding,4,sigmoid,0.25,0.849156016105014,0.8594080981150334,0.01025208201001937
poly-higg,100,crowding,4,sigmoid,0.5,0.849156016105014,0.8534323496206908,0.0042763335156768
poly-higg,100,crowding,4,sigmoid,0.75,0.849156016105014,0.8465658529772376,-0.0025901631277763792
poly-higg,100,crowding,4,sigmoid,1.0,0.849156016105014,0.8414663121360071,-0.0076897039690069224
poly-higg,100,nonlinear_conc,5,sigmoid,0.0,0.849156016105014,0.8513037264361322,0.002147710331118158
poly-higg,100,nonlinear_conc,5,sigmoid,0.25,0.849156016105014,0.8520717369845809,0.00291572087956693
poly-higg,100,nonlinear_conc,5,sigmoid,0.5,0.849156016105014,0.850038813106766,0.0008827970017519782
poly-higg,100,nonlinear_conc,5,sigmoid,0.75,0.849156016105014,0.844378013512904,-0.004778002592110031
poly-higg,100,nonlinear_conc,5,sigmoid,1.0,0.849156016105014,0.8392543117266613,-0.009901704378352694
poly-higg,100,cosolute_interaction,6,tanh,-1.0,0.849156016105014,0.7276908845592596,-0.12146513154575445
poly-higg,100,cosolute_interaction,6,tanh,-0.5,0.849156016105014,0.7531259240598487,-0.09603009204516533
poly-higg,100,cosolute_interaction,6,tanh,0.0,0.849156016105014,0.820069467091257,-0.029086549013756957
poly-higg,100,cosolute_interaction,6,tanh,0.5,0.849156016105014,0.912653769087785,0.06349775298277094
poly-higg,100,cosolute_interaction,6,tanh,1.0,0.849156016105014,1.1204869648748723,0.2713309487698583
poly-higg,100,cosolute_protection,7,sigmoid,0.0,0.849156016105014,0.8703808571857734,0.021224841080759393
poly-higg,100,cosolute_protection,7,sigmoid,0.25,0.849156016105014,0.861141887529103,0.011985871424089023
poly-higg,100,cosolute_protection,7,sigmoid,0.5,0.849156016105014,0.849288396119185,0.00013238001417104073
poly-higg,100,cosolute_protection,7,sigmoid,0.75,0.849156016105014,0.8373417752484931,-0.011814240856520941
poly-higg,100,cosolute_protection,7,sigmoid,1.0,0.849156016105014,0.825620949391187,-0.02353506671382699
poly-higg,100,latent_0,8,tanh,-1.0,0.849156016105014,0.5392055978219129,-0.3099504182831011
poly-higg,100,latent_0,8,tanh,-0.5,0.849156016105014,0.6683480124144885,-0.18080800369052552
poly-higg,100,latent_0,8,tanh,0.0,0.849156016105014,0.8574875665605156,0.008331550455501602
poly-higg,100,latent_0,8,tanh,0.5,0.849156016105014,1.340362854235818,0.4912068381308039
poly-higg,100,latent_0,8,tanh,1.0,0.849156016105014,2.0792273079236976,1.2300712918186836
poly-higg,1k,self_interaction,0,tanh,-1.0,0.7973298006517244,0.7223163701992957,-0.0750134304524287
poly-higg,1k,self_interaction,0,tanh,-0.5,0.7973298006517244,0.7563255140788125,-0.041004286572911886
poly-higg,1k,self_interaction,0,tanh,0.0,0.7973298006517244,0.8169703207100572,0.019640520058332722
poly-higg,1k,self_interaction,0,tanh,0.5,0.7973298006517244,0.9853740403201225,0.18804423966839812
poly-higg,1k,self_interaction,0,tanh,1.0,0.7973298006517244,1.2428769554311954,0.44554715477947093
poly-higg,1k,hydrophobicity,1,sigmoid,0.0,0.7973298006517244,0.8291465144873553,0.031816713835630894
poly-higg,1k,hydrophobicity,1,sigmoid,0.25,0.7973298006517244,0.8152641187022923,0.017934318050567888
poly-higg,1k,hydrophobicity,1,sigmoid,0.5,0.7973298006517244,0.8014723703900157,0.004142569738291302
poly-higg,1k,hydrophobicity,1,sigmoid,0.75,0.7973298006517244,0.7902407817047097,-0.007089018947014747
poly-higg,1k,hydrophobicity,1,sigmoid,1.0,0.7973298006517244,0.7789850101098961,-0.01834479054182836
poly-higg,1k,charge_environment,2,tanh,-1.0,0.7973298006517244,0.7759235108739241,-0.021406289777800347
poly-higg,1k,charge_environment,2,tanh,-0.5,0.7973298006517244,0.7872319093998732,-0.010097891251851232
poly-higg,1k,charge_environment,2,tanh,0.0,0.7973298006517244,0.7941276847157819,-0.003202115935942551
poly-higg,1k,charge_environment,2,tanh,0.5,0.7973298006517244,0.8083958209702111,0.011066020318486691
poly-higg,1k,charge_environment,2,tanh,1.0,0.7973298006517244,0.837351263910534,0.04002146325880962
poly-higg,1k,ionic_screening,3,sigmoid,0.0,0.7973298006517244,0.8301675999525583,0.03283779930083386
poly-higg,1k,ionic_screening,3,sigmoid,0.25,0.7973298006517244,0.812262560574446,0.014932759922721583
poly-higg,1k,ionic_screening,3,sigmoid,0.5,0.7973298006517244,0.7967578451898012,-0.0005719554619232348
poly-higg,1k,ionic_screening,3,sigmoid,0.75,0.7973298006517244,0.7846840059613727,-0.012645794690351764
poly-higg,1k,ionic_screening,3,sigmoid,1.0,0.7973298006517244,0.7787503634048374,-0.018579437246887043
poly-higg,1k,crowding,4,sigmoid,0.0,0.7973298006517244,0.8298921871439155,0.03256238649219112
poly-higg,1k,crowding,4,sigmoid,0.25,0.7973298006517244,0.8163542825057346,0.019024481854010178
poly-higg,1k,crowding,4,sigmoid,0.5,0.7973298006517244,0.8030661361454925,0.005736335493768063
poly-higg,1k,crowding,4,sigmoid,0.75,0.7973298006517244,0.7954548673897931,-0.001874933261931333
poly-higg,1k,crowding,4,sigmoid,1.0,0.7973298006517244,0.7915686892070712,-0.005761111444653189
poly-higg,1k,nonlinear_conc,5,sigmoid,0.0,0.7973298006517244,0.8086926930909236,0.01136289243919919
poly-higg,1k,nonlinear_conc,5,sigmoid,0.25,0.7973298006517244,0.8051963407737245,0.007866540122000054
poly-higg,1k,nonlinear_conc,5,sigmoid,0.5,0.7973298006517244,0.7981745551473298,0.0008447544956053932
poly-higg,1k,nonlinear_conc,5,sigmoid,0.75,0.7973298006517244,0.7931258401486068,-0.004203960503117665
poly-higg,1k,nonlinear_conc,5,sigmoid,1.0,0.7973298006517244,0.7884845665407698,-0.008845234110954614
poly-higg,1k,cosolute_interaction,6,tanh,-1.0,0.7973298006517244,0.7202233953908778,-0.07710640526084667
poly-higg,1k,cosolute_interaction,6,tanh,-0.5,0.7973298006517244,0.7295105551505996,-0.06781924550112484
poly-higg,1k,cosolute_interaction,6,tanh,0.0,0.7973298006517244,0.7723932014467352,-0.02493659920498925
poly-higg,1k,cosolute_interaction,6,tanh,0.5,0.7973298006517244,0.8572329102000878,0.05990310954836342
poly-higg,1k,cosolute_interaction,6,tanh,1.0,0.7973298006517244,1.0608271780072762,0.2634973773555518
poly-higg,1k,cosolute_protection,7,sigmoid,0.0,0.7973298006517244,0.8243849193733579,0.027055118721633464
poly-higg,1k,cosolute_protection,7,sigmoid,0.25,0.7973298006517244,0.8107253314302977,0.01339553077857325
poly-higg,1k,cosolute_protection,7,sigmoid,0.5,0.7973298006517244,0.7974685284050849,0.00013872775336043475
poly-higg,1k,cosolute_protection,7,sigmoid,0.75,0.7973298006517244,0.786773839846939,-0.01055596080478538
poly-higg,1k,cosolute_protection,7,sigmoid,1.0,0.7973298006517244,0.7792272565303857,-0.018102544121338715
poly-higg,1k,latent_0,8,tanh,-1.0,0.7973298006517244,0.5364745324557249,-0.2608552681959996
poly-higg,1k,latent_0,8,tanh,-0.5,0.7973298006517244,0.6567361304546916,-0.14059367019703284
poly-higg,1k,latent_0,8,tanh,0.0,0.7973298006517244,0.8047822002117213,0.007452399559996881
poly-higg,1k,latent_0,8,tanh,0.5,0.7973298006517244,1.2906480637671374,0.49331826311541294
poly-higg,1k,latent_0,8,tanh,1.0,0.7973298006517244,2.0427778427044703,1.2454480420527458
poly-higg,10k,self_interaction,0,tanh,-1.0,0.7643415225924559,0.701096932384421,-0.06324459020803497
poly-higg,10k,self_interaction,0,tanh,-0.5,0.7643415225924559,0.719804224959413,-0.04453729763304293
poly-higg,10k,self_interaction,0,tanh,0.0,0.7643415225924559,0.7847766522032463,0.020435129610790415
poly-higg,10k,self_interaction,0,tanh,0.5,0.7643415225924559,0.9351048220569003,0.17076329946444435
poly-higg,10k,self_interaction,0,tanh,1.0,0.7643415225924559,1.1604619951902677,0.3961204725978118
poly-higg,10k,hydrophobicity,1,sigmoid,0.0,0.7643415225924559,0.802239172891214,0.037897650298758134
poly-higg,10k,hydrophobicity,1,sigmoid,0.25,0.7643415225924559,0.7869758692762312,0.022634346683775286
poly-higg,10k,hydrophobicity,1,sigmoid,0.5,0.7643415225924559,0.7697346189155836,0.005393096323127677
poly-higg,10k,hydrophobicity,1,sigmoid,0.75,0.7643415225924559,0.7542311115781895,-0.010110411014266463
poly-higg,10k,hydrophobicity,1,sigmoid,1.0,0.7643415225924559,0.7392554110668327,-0.025086111525623234
poly-higg,10k,charge_environment,2,tanh,-1.0,0.7643415225924559,0.7213567413924054,-0.04298478120005056
poly-higg,10k,charge_environment,2,tanh,-0.5,0.7643415225924559,0.7424299176319749,-0.021911604960481057
poly-higg,10k,charge_environment,2,tanh,0.0,0.7643415225924559,0.7594557402210962,-0.004885782371359726
poly-higg,10k,charge_environment,2,tanh,0.5,0.7643415225924559,0.7761529519935574,0.01181142940110147
poly-higg,10k,charge_environment,2,tanh,1.0,0.7643415225924559,0.7989656723450085,0.03462414975255257
poly-higg,10k,ionic_screening,3,sigmoid,0.0,0.7643415225924559,0.7822378859948593,0.017896363402403415
poly-higg,10k,ionic_screening,3,sigmoid,0.25,0.7643415225924559,0.7728643838034625,0.008522861211006538
poly-higg,10k,ionic_screening,3,sigmoid,0.5,0.7643415225924559,0.7640579389915001,-0.0002835836009558168
poly-higg,10k,ionic_screening,3,sigmoid,0.75,0.7643415225924559,0.7577854501634176,-0.006556072429038329
poly-higg,10k,ionic_screening,3,sigmoid,1.0,0.7643415225924559,0.7520152234531462,-0.012326299139309715
poly-higg,10k,crowding,4,sigmoid,0.0,0.7643415225924559,0.7970168724848266,0.03267534989237064
poly-higg,10k,crowding,4,sigmoid,0.25,0.7643415225924559,0.783396051876263,0.01905452928380713
poly-higg,10k,crowding,4,sigmoid,0.5,0.7643415225924559,0.7700525110584566,0.00571098846600071
poly-higg,10k,crowding,4,sigmoid,0.75,0.7643415225924559,0.7610176135291569,-0.0033239090632990465
poly-higg,10k,crowding,4,sigmoid,1.0,0.7643415225924559,0.7542420059679403,-0.010099516624515581
poly-higg,10k,nonlinear_conc,5,sigmoid,0.0,0.7643415225924559,0.7838328597975865,0.019491337205130632
poly-higg,10k,nonlinear_conc,5,sigmoid,0.25,0.7643415225924559,0.7738629336963179,0.009521411103861954
poly-higg,10k,nonlinear_conc,5,sigmoid,0.5,0.7643415225924559,0.765485938699698,0.001144416107242141
poly-higg,10k,nonlinear_conc,5,sigmoid,0.75,0.7643415225924559,0.758623593345888,-0.005717929246567888
poly-higg,10k,nonlinear_conc,5,sigmoid,1.0,0.7643415225924559,0.7523250765906788,-0.012016446001777092
poly-higg,10k,cosolute_interaction,6,tanh,-1.0,0.7643415225924559,0.7045197256063059,-0.05982179698614998
poly-higg,10k,cosolute_interaction,6,tanh,-0.5,0.7643415225924559,0.7108310476623715,-0.05351047493008443
poly-higg,10k,cosolute_interaction,6,tanh,0.0,0.7643415225924559,0.7430551369954022,-0.02128638559705376
poly-higg,10k,cosolute_interaction,6,tanh,0.5,0.7643415225924559,0.8062044671866029,0.04186294459414697
poly-higg,10k,cosolute_interaction,6,tanh,1.0,0.7643415225924559,0.9895375422225927,0.2251960196301368
poly-higg,10k,cosolute_protection,7,sigmoid,0.0,0.7643415225924559,0.7814268909287845,0.017085368336328566
poly-higg,10k,cosolute_protection,7,sigmoid,0.25,0.7643415225924559,0.7716790258766725,0.007337503284216562
poly-higg,10k,cosolute_protection,7,sigmoid,0.5,0.7643415225924559,0.7643955332868058,5.401069434984862e-05
poly-higg,10k,cosolute_protection,7,sigmoid,0.75,0.7643415225924559,0.7590469589959867,-0.005294563596469182
poly-higg,10k,cosolute_protection,7,sigmoid,1.0,0.7643415225924559,0.7530209118070279,-0.01132061078542801
poly-higg,10k,latent_0,8,tanh,-1.0,0.7643415225924559,0.5278462855954745,-0.23649523699698138
poly-higg,10k,latent_0,8,tanh,-0.5,0.7643415225924559,0.6398733832621543,-0.12446813933030165
poly-higg,10k,latent_0,8,tanh,0.0,0.7643415225924559,0.7708585860775474,0.006517063485091512
poly-higg,10k,latent_0,8,tanh,0.5,0.7643415225924559,1.2345909813037848,0.47024945871132884
poly-higg,10k,latent_0,8,tanh,1.0,0.7643415225924559,2.004593709491355,1.240252186898899
poly-higg,100k,self_interaction,0,tanh,-1.0,0.7335261481406046,0.6719847837511989,-0.06154136438940572
poly-higg,100k,self_interaction,0,tanh,-0.5,0.7335261481406046,0.6834956180496063,-0.050030530090998226
poly-higg,100k,self_interaction,0,tanh,0.0,0.7335261481406046,0.7524232359209144,0.01889708778030985
poly-higg,100k,self_interaction,0,tanh,0.5,0.7335261481406046,0.8808515957481524,0.14732544760754784
poly-higg,100k,self_interaction,0,tanh,1.0,0.7335261481406046,1.0806856297896186,0.347159481649014
poly-higg,100k,hydrophobicity,1,sigmoid,0.0,0.7335261481406046,0.7635373584844707,0.030011210343866113
poly-higg,100k,hydrophobicity,1,sigmoid,0.25,0.7335261481406046,0.7555571960274272,0.02203104788682264
poly-higg,100k,hydrophobicity,1,sigmoid,0.5,0.7335261481406046,0.7390687128553755,0.005542564714770881
poly-higg,100k,hydrophobicity,1,sigmoid,0.75,0.7335261481406046,0.7235449981821529,-0.009981149958451674
poly-higg,100k,hydrophobicity,1,sigmoid,1.0,0.7335261481406046,0.7086014536921577,-0.024924694448446916
poly-higg,100k,charge_environment,2,tanh,-1.0,0.7335261481406046,0.6897777712556936,-0.043748376884910956
poly-higg,100k,charge_environment,2,tanh,-0.5,0.7335261481406046,0.715576279227247,-0.01794986891335759
poly-higg,100k,charge_environment,2,tanh,0.0,0.7335261481406046,0.7280146631869174,-0.00551148495368714
poly-higg,100k,charge_environment,2,tanh,0.5,0.7335261481406046,0.7449799516265357,0.011453803485931169
poly-higg,100k,charge_environment,2,tanh,1.0,0.7335261481406046,0.7601006397724606,0.02657449163185599
poly-higg,100k,ionic_screening,3,sigmoid,0.0,0.7335261481406046,0.7396662349900205,0.0061400868494159155
poly-higg,100k,ionic_screening,3,sigmoid,0.25,0.7335261481406046,0.7379195304526172,0.004393382312012584
poly-higg,100k,ionic_screening,3,sigmoid,0.5,0.7335261481406046,0.7332666595911743,-0.00025948854943025346
poly-higg,100k,ionic_screening,3,sigmoid,0.75,0.7335261481406046,0.7264579734997867,-0.007068174640817881
poly-higg,100k,ionic_screening,3,sigmoid,1.0,0.7335261481406046,0.7212055597701159,-0.012320588370488661
poly-higg,100k,crowding,4,sigmoid,0.0,0.7335261481406046,0.7425487016234527,0.009022553482848084
poly-higg,100k,crowding,4,sigmoid,0.25,0.7335261481406046,0.7456259274381779,0.012099779297573332
poly-higg,100k,crowding,4,sigmoid,0.5,0.7335261481406046,0.7375215337947811,0.003995385654176564
poly-higg,100k,crowding,4,sigmoid,0.75,0.7335261481406046,0.7305854536296932,-0.0029406945109113902
poly-higg,100k,crowding,4,sigmoid,1.0,0.7335261481406046,0.7239813009200808,-0.009544847220523733
poly-higg,100k,nonlinear_conc,5,sigmoid,0.0,0.7335261481406046,0.7509838586040652,0.017457710463460674
poly-higg,100k,nonlinear_conc,5,sigmoid,0.25,0.7335261481406046,0.7428864057412357,0.009360257600631083
poly-higg,100k,nonlinear_conc,5,sigmoid,0.5,0.7335261481406046,0.7347889748429015,0.0012628267022969375
poly-higg,100k,nonlinear_conc,5,sigmoid,0.75,0.7335261481406046,0.7276983744522133,-0.005827773688391269
poly-higg,100k,nonlinear_conc,5,sigmoid,1.0,0.7335261481406046,0.721130880485533,-0.012395267655071596
poly-higg,100k,cosolute_interaction,6,tanh,-1.0,0.7335261481406046,0.652468549790458,-0.08105759835014659
poly-higg,100k,cosolute_interaction,6,tanh,-0.5,0.7335261481406046,0.6600970057638591,-0.07342914237674547
poly-higg,100k,cosolute_interaction,6,tanh,0.0,0.7335261481406046,0.7124787362542161,-0.02104741188638848
poly-higg,100k,cosolute_interaction,6,tanh,0.5,0.7335261481406046,0.771727501518165,0.038201353377560476
poly-higg,100k,cosolute_interaction,6,tanh,1.0,0.7335261481406046,0.9212724613925078,0.18774631325190327
poly-higg,100k,cosolute_protection,7,sigmoid,0.0,0.7335261481406046,0.7439530455700343,0.010426897429429705
poly-higg,100k,cosolute_protection,7,sigmoid,0.25,0.7335261481406046,0.7392505349488393,0.005724386808234727
poly-higg,100k,cosolute_protection,7,sigmoid,0.5,0.7335261481406046,0.7335900648224093,6.391668180472099e-05
poly-higg,100k,cosolute_protection,7,sigmoid,0.75,0.7335261481406046,0.7284099801763066,-0.005116167964297924
poly-higg,100k,cosolute_protection,7,sigmoid,1.0,0.7335261481406046,0.7239800928728302,-0.009546055267774411
poly-higg,100k,latent_0,8,tanh,-1.0,0.7335261481406046,0.49181547876041154,-0.24171066938019303
poly-higg,100k,latent_0,8,tanh,-0.5,0.7335261481406046,0.5985121187266885,-0.13501402941391605
poly-higg,100k,latent_0,8,tanh,0.0,0.7335261481406046,0.7396937345383434,0.0061675863977388445
poly-higg,100k,latent_0,8,tanh,0.5,0.7335261481406046,1.1740402266421237,0.44051407850151914
poly-higg,100k,latent_0,8,tanh,1.0,0.7335261481406046,1.9657052188376498,1.2321790706970452
poly-higg,15M,self_interaction,0,tanh,-1.0,0.4959908552182427,0.4659839759983261,-0.030006879219916627
poly-higg,15M,self_interaction,0,tanh,-0.5,0.4959908552182427,0.47396577481028174,-0.022025080407960973
poly-higg,15M,self_interaction,0,tanh,0.0,0.4959908552182427,0.5039988768922223,0.008008021673979626
poly-higg,15M,self_interaction,0,tanh,0.5,0.4959908552182427,0.5824044669592663,0.08641361174102358
poly-higg,15M,self_interaction,0,tanh,1.0,0.4959908552182427,0.6980815146599358,0.20209065944169313
poly-higg,15M,hydrophobicity,1,sigmoid,0.0,0.4959908552182427,0.4815409847283315,-0.014449870489911198
poly-higg,15M,hydrophobicity,1,sigmoid,0.25,0.4959908552182427,0.4866218420206066,-0.009369013197636111
poly-higg,15M,hydrophobicity,1,sigmoid,0.5,0.4959908552182427,0.4936454946291158,-0.0023453605891269325
poly-higg,15M,hydrophobicity,1,sigmoid,0.75,0.4959908552182427,0.5005459703470541,0.004555115128811349
poly-higg,15M,hydrophobicity,1,sigmoid,1.0,0.4959908552182427,0.5086713675392397,0.012680512320996984
poly-higg,15M,charge_environment,2,tanh,-1.0,0.4959908552182427,0.46153435359567385,-0.03445650162256886
poly-higg,15M,charge_environment,2,tanh,-0.5,0.4959908552182427,0.48112054310169167,-0.014870312116551043
poly-higg,15M,charge_environment,2,tanh,0.0,0.4959908552182427,0.493844934993505,-0.0021459202247376963
poly-higg,15M,charge_environment,2,tanh,0.5,0.4959908552182427,0.5006392755237918,0.004648420305549128
poly-higg,15M,charge_environment,2,tanh,1.0,0.4959908552182427,0.5091993253711835,0.013208470152940799
poly-higg,15M,ionic_screening,3,sigmoid,0.0,0.4959908552182427,0.4715798650169635,-0.024410990201279237
poly-higg,15M,ionic_screening,3,sigmoid,0.25,0.4959908552182427,0.4838646869521484,-0.012126168266094306
poly-higg,15M,ionic_screening,3,sigmoid,0.5,0.4959908552182427,0.4964952904483238,0.0005044352300810906
poly-higg,15M,ionic_screening,3,sigmoid,0.75,0.4959908552182427,0.5085052830067769,0.012514427788534177
poly-higg,15M,ionic_screening,3,sigmoid,1.0,0.4959908552182427,0.5178548329158685,0.021863977697625825
poly-higg,15M,crowding,4,sigmoid,0.0,0.4959908552182427,0.4708695167602356,-0.025121338458007125
poly-higg,15M,crowding,4,sigmoid,0.25,0.4959908552182427,0.4801164636471028,-0.0158743915711399
poly-higg,15M,crowding,4,sigmoid,0.5,0.4959908552182427,0.49035451995398643,-0.005636335264256276
poly-higg,15M,crowding,4,sigmoid,0.75,0.4959908552182427,0.5002130723354351,0.004222217117192395
poly-higg,15M,crowding,4,sigmoid,1.0,0.4959908552182427,0.5114654270784229,0.015474571860180197
poly-higg,15M,nonlinear_conc,5,sigmoid,0.0,0.4959908552182427,0.48699225401769974,-0.008998601200542966
poly-higg,15M,nonlinear_conc,5,sigmoid,0.25,0.4959908552182427,0.49019671466353315,-0.005794140554709559
poly-higg,15M,nonlinear_conc,5,sigmoid,0.5,0.4959908552182427,0.4952091484340901,-0.0007817067841526248
poly-higg,15M,nonlinear_conc,5,sigmoid,0.75,0.4959908552182427,0.5002332947718541,0.004242439553611366
poly-higg,15M,nonlinear_conc,5,sigmoid,1.0,0.4959908552182427,0.5071280844310287,0.011137229212786037
poly-higg,15M,cosolute_interaction,6,tanh,-1.0,0.4959908552182427,0.5186884267022156,0.02269757148397289
poly-higg,15M,cosolute_interaction,6,tanh,-0.5,0.4959908552182427,0.5086490021917319,0.012658146973489215
poly-higg,15M,cosolute_interaction,6,tanh,0.0,0.4959908552182427,0.49813790524171586,0.0021470500234731515
poly-higg,15M,cosolute_interaction,6,tanh,0.5,0.4959908552182427,0.4951035911872255,-0.0008872640310171875
poly-higg,15M,cosolute_interaction,6,tanh,1.0,0.4959908552182427,0.5509733782794004,0.054982523061157695
poly-higg,15M,cosolute_protection,7,sigmoid,0.0,0.4959908552182427,0.48111224052240564,-0.014878614695837067
poly-higg,15M,cosolute_protection,7,sigmoid,0.25,0.4959908552182427,0.4875820117031978,-0.008408843515044895
poly-higg,15M,cosolute_protection,7,sigmoid,0.5,0.4959908552182427,0.4958940920062501,-9.676321199258986e-05
poly-higg,15M,cosolute_protection,7,sigmoid,0.75,0.4959908552182427,0.5043459900507504,0.008355134832507716
poly-higg,15M,cosolute_protection,7,sigmoid,1.0,0.4959908552182427,0.5106679868516122,0.014677131633369478
poly-higg,15M,latent_0,8,tanh,-1.0,0.4959908552182427,0.3731001441771343,-0.12289071104110844
poly-higg,15M,latent_0,8,tanh,-0.5,0.4959908552182427,0.42090434202549526,-0.07508651319274745
poly-higg,15M,latent_0,8,tanh,0.0,0.4959908552182427,0.5001174320582732,0.0041265768400304825
poly-higg,15M,latent_0,8,tanh,0.5,0.4959908552182427,0.7721562923986437,0.276165437180401
poly-higg,15M,latent_0,8,tanh,1.0,0.4959908552182427,1.774518782376939,1.2785279271586965
trastuzumab,100,self_interaction,0,tanh,-1.0,0.4914051792395529,0.5033554805360163,0.011950301296463406
trastuzumab,100,self_interaction,0,tanh,-0.5,0.4914051792395529,0.48686844564788423,-0.0045367335916686735
trastuzumab,100,self_interaction,0,tanh,0.0,0.4914051792395529,0.5260124533956831,0.03460727415613024
trastuzumab,100,self_interaction,0,tanh,0.5,0.4914051792395529,0.6303480075668608,0.13894282832730792
trastuzumab,100,self_interaction,0,tanh,1.0,0.4914051792395529,0.7209033502770053,0.22949817103745235
trastuzumab,100,hydrophobicity,1,sigmoid,0.0,0.4914051792395529,0.5017102286303875,0.010305049390834597
trastuzumab,100,hydrophobicity,1,sigmoid,0.25,0.4914051792395529,0.49658447590938076,0.00517929666982786
trastuzumab,100,hydrophobicity,1,sigmoid,0.5,0.4914051792395529,0.4917276454886067,0.00032246624905379884
trastuzumab,100,hydrophobicity,1,sigmoid,0.75,0.4914051792395529,0.4873325444548238,-0.004072634784729079
trastuzumab,100,hydrophobicity,1,sigmoid,1.0,0.4914051792395529,0.4871294799486828,-0.0042756992908701275
trastuzumab,100,charge_environment,2,tanh,-1.0,0.4914051792395529,0.5173891938486844,0.025984014609131523
trastuzumab,100,charge_environment,2,tanh,-0.5,0.4914051792395529,0.49359197813591393,0.0021867988963610308
trastuzumab,100,charge_environment,2,tanh,0.0,0.4914051792395529,0.47735153452003076,-0.01405364471952214
trastuzumab,100,charge_environment,2,tanh,0.5,0.4914051792395529,0.49427307517580554,0.00286789593625264
trastuzumab,100,charge_environment,2,tanh,1.0,0.4914051792395529,0.5195224158494811,0.02811723660992821
trastuzumab,100,ionic_screening,3,sigmoid,0.0,0.4914051792395529,0.5112277437818662,0.019822564542313292
trastuzumab,100,ionic_screening,3,sigmoid,0.25,0.4914051792395529,0.4943741612750619,0.0029689820355089935
trastuzumab,100,ionic_screening,3,sigmoid,0.5,0.4914051792395529,0.47725924794677027,-0.014145931292782632
trastuzumab,100,ionic_screening,3,sigmoid,0.75,0.4914051792395529,0.4666922321368609,-0.024712947102692007
trastuzumab,100,ionic_screening,3,sigmoid,1.0,0.4914051792395529,0.461757595236462,-0.02964758400309092
trastuzumab,100,crowding,4,sigmoid,0.0,0.4914051792395529,0.5097869552461833,0.018381776006630435
trastuzumab,100,crowding,4,sigmoid,0.25,0.4914051792395529,0.49907964533983057,0.007674466100277666
trastuzumab,100,crowding,4,sigmoid,0.5,0.4914051792395529,0.49197357919877266,0.0005683999592197564
trastuzumab,100,crowding,4,sigmoid,0.75,0.4914051792395529,0.485684290277221,-0.005720888962331916
trastuzumab,100,crowding,4,sigmoid,1.0,0.4914051792395529,0.4794304685247224,-0.011974710714830528
trastuzumab,100,nonlinear_conc,5,sigmoid,0.0,0.4914051792395529,0.518158327331964,0.026753148092411083
trastuzumab,100,nonlinear_conc,5,sigmoid,0.25,0.4914051792395529,0.5057283420462472,0.014323162806694267
trastuzumab,100,nonlinear_conc,5,sigmoid,0.5,0.4914051792395529,0.49227359773346063,0.00086841849390773
trastuzumab,100,nonlinear_conc,5,sigmoid,0.75,0.4914051792395529,0.4771454636235729,-0.014259715615979995
trastuzumab,100,nonlinear_conc,5,sigmoid,1.0,0.4914051792395529,0.465231098987253,-0.02617408025229989
trastuzumab,100,cosolute_interaction,6,tanh,-1.0,0.4914051792395529,0.47503731821269307,-0.01636786102685983
trastuzumab,100,cosolute_interaction,6,tanh,-0.5,0.4914051792395529,0.4709590083514481,-0.020446170888104798
trastuzumab,100,cosolute_interaction,6,tanh,0.0,0.4914051792395529,0.4774644485000954,-0.013940730739457508
trastuzumab,100,cosolute_interaction,6,tanh,0.5,0.4914051792395529,0.5500572391735318,0.05865205993397887
trastuzumab,100,cosolute_interaction,6,tanh,1.0,0.4914051792395529,0.6858140364394829,0.19440885719993
trastuzumab,100,cosolute_protection,7,sigmoid,0.0,0.4914051792395529,0.5267792778613768,0.03537409862182389
trastuzumab,100,cosolute_protection,7,sigmoid,0.25,0.4914051792395529,0.5109240956143025,0.019518916374749617
trastuzumab,100,cosolute_protection,7,sigmoid,0.5,0.4914051792395529,0.49581734394075055,0.004412164701197652
trastuzumab,100,cosolute_protection,7,sigmoid,0.75,0.4914051792395529,0.4813300184949467,-0.010075160744606182
trastuzumab,100,cosolute_protection,7,sigmoid,1.0,0.4914051792395529,0.4658750979943033,-0.02553008124524958
trastuzumab,100,latent_0,8,tanh,-1.0,0.4914051792395529,0.33505424451623134,-0.15635093472332157
trastuzumab,100,latent_0,8,tanh,-0.5,0.4914051792395529,0.4064008067820378,-0.08500437245751508
trastuzumab,100,latent_0,8,tanh,0.0,0.4914051792395529,0.4983169117614173,0.006911732521864389
trastuzumab,100,latent_0,8,tanh,0.5,0.4914051792395529,0.9000219438165493,0.4086167645769964
trastuzumab,100,latent_0,8,tanh,1.0,0.4914051792395529,1.5945881834045286,1.1031830041649757
trastuzumab,1k,self_interaction,0,tanh,-1.0,0.4382440207814479,0.4599998151022201,0.02175579432077218
trastuzumab,1k,self_interaction,0,tanh,-0.5,0.4382440207814479,0.4351305810048238,-0.003113439776624094
trastuzumab,1k,self_interaction,0,tanh,0.0,0.4382440207814479,0.4881559796620181,0.049911958880570206
trastuzumab,1k,self_interaction,0,tanh,0.5,0.4382440207814479,0.5887258377720073,0.15048181699055935
trastuzumab,1k,self_interaction,0,tanh,1.0,0.4382440207814479,0.6905929615404025,0.2523489407589546
trastuzumab,1k,hydrophobicity,1,sigmoid,0.0,0.4382440207814479,0.45288895795558876,0.014644937174140837
trastuzumab,1k,hydrophobicity,1,sigmoid,0.25,0.4382440207814479,0.4450838085984149,0.00683978781696698
trastuzumab,1k,hydrophobicity,1,sigmoid,0.5,0.4382440207814479,0.43865130842086586,0.00040728763941794144
trastuzumab,1k,hydrophobicity,1,sigmoid,0.75,0.4382440207814479,0.43519790767454963,-0.003046113106898285
trastuzumab,1k,hydrophobicity,1,sigmoid,1.0,0.4382440207814479,0.43743531002290137,-0.0008087107585465492
trastuzumab,1k,charge_environment,2,tanh,-1.0,0.4382440207814479,0.46769460385192724,0.02945058307047932
trastuzumab,1k,charge_environment,2,tanh,-0.5,0.4382440207814479,0.44035405651171877,0.002110035730270854
trastuzumab,1k,charge_environment,2,tanh,0.0,0.4382440207814479,0.44020341851069206,0.001959397729244139
trastuzumab,1k,charge_environment,2,tanh,0.5,0.4382440207814479,0.4629082876982834,0.024664266916835487
trastuzumab,1k,charge_environment,2,tanh,1.0,0.4382440207814479,0.5095908974140958,0.07134687663264788
trastuzumab,1k,ionic_screening,3,sigmoid,0.0,0.4382440207814479,0.45802994579976275,0.01978592501831483
trastuzumab,1k,ionic_screening,3,sigmoid,0.25,0.4382440207814479,0.4411265093793755,0.002882488597927557
trastuzumab,1k,ionic_screening,3,sigmoid,0.5,0.4382440207814479,0.4291559746642454,-0.009088046117202542
trastuzumab,1k,ionic_screening,3,sigmoid,0.75,0.4382440207814479,0.42428793411409804,-0.013956086667349876
trastuzumab,1k,ionic_screening,3,sigmoid,1.0,0.4382440207814479,0.4256801701325543,-0.012563850648893593
trastuzumab,1k,crowding,4,sigmoid,0.0,0.4382440207814479,0.46305809104848245,0.024814070267034527
trastuzumab,1k,crowding,4,sigmoid,0.25,0.4382440207814479,0.44663597909060365,0.008391958309155734
trastuzumab,1k,crowding,4,sigmoid,0.5,0.4382440207814479,0.4387464805797181,0.0005024597982701828
trastuzumab,1k,crowding,4,sigmoid,0.75,0.4382440207814479,0.4342778424151166,-0.003966178366331341
trastuzumab,1k,crowding,4,sigmoid,1.0,0.4382440207814479,0.43343828801381257,-0.004805732767635351
trastuzumab,1k,nonlinear_conc,5,sigmoid,0.0,0.4382440207814479,0.46571079807709703,0.027466777295649114
trastuzumab,1k,nonlinear_conc,5,sigmoid,0.25,0.4382440207814479,0.4518232351444758,0.013579214363027892
trastuzumab,1k,nonlinear_conc,5,sigmoid,0.5,0.4382440207814479,0.4390238921574482,0.000779871376000274
trastuzumab,1k,nonlinear_conc,5,sigmoid,0.75,0.4382440207814479,0.42970647081409874,-0.008537549967349178
trastuzumab,1k,nonlinear_conc,5,sigmoid,1.0,0.4382440207814479,0.4278868441517497,-0.010357176629698206
trastuzumab,1k,cosolute_interaction,6,tanh,-1.0,0.4382440207814479,0.4357151715427636,-0.0025288492386842942
trastuzumab,1k,cosolute_interaction,6,tanh,-0.5,0.4382440207814479,0.4400205970326845,0.0017765762512365613
trastuzumab,1k,cosolute_interaction,6,tanh,0.0,0.4382440207814479,0.4284222671665899,-0.009821753614858042
trastuzumab,1k,cosolute_interaction,6,tanh,0.5,0.4382440207814479,0.5069253905757487,0.06868136979430078
trastuzumab,1k,cosolute_interaction,6,tanh,1.0,0.4382440207814479,0.6444613270750009,0.206217306293553
trastuzumab,1k,cosolute_protection,7,sigmoid,0.0,0.4382440207814479,0.47234280176695975,0.034098780985511834
trastuzumab,1k,cosolute_protection,7,sigmoid,0.25,0.4382440207814479,0.4556838631278474,0.017439842346399503
trastuzumab,1k,cosolute_protection,7,sigmoid,0.5,0.4382440207814479,0.4423272644174868,0.004083243636038902
trastuzumab,1k,cosolute_protection,7,sigmoid,0.75,0.4382440207814479,0.43215349681605,-0.006090523965397943
trastuzumab,1k,cosolute_protection,7,sigmoid,1.0,0.4382440207814479,0.42637924511198444,-0.011864775669463479
trastuzumab,1k,latent_0,8,tanh,-1.0,0.4382440207814479,0.31432338493849254,-0.12392063584295537
trastuzumab,1k,latent_0,8,tanh,-0.5,0.4382440207814479,0.38127186998138063,-0.05697215080006729
trastuzumab,1k,latent_0,8,tanh,0.0,0.4382440207814479,0.4462181375111145,0.00797411672966658
trastuzumab,1k,latent_0,8,tanh,0.5,0.4382440207814479,0.8830392594965224,0.4447952387150745
trastuzumab,1k,latent_0,8,tanh,1.0,0.4382440207814479,1.5830323987661508,1.1447883779847028
trastuzumab,10k,self_interaction,0,tanh,-1.0,0.39921949851620075,0.41659046569594405,0.01737096717974329
trastuzumab,10k,self_interaction,0,tanh,-0.5,0.39921949851620075,0.39908550411161303,-0.00013399440458772283
trastuzumab,10k,self_interaction,0,tanh,0.0,0.39921949851620075,0.4373567265492495,0.03813722803304875
trastuzumab,10k,self_interaction,0,tanh,0.5,0.39921949851620075,0.52097064073966,0.12175114222345929
trastuzumab,10k,self_interaction,0,tanh,1.0,0.39921949851620075,0.6256062244277734,0.2263867259115726
trastuzumab,10k,hydrophobicity,1,sigmoid,0.0,0.39921949851620075,0.41071848846042847,0.011498989944227711
trastuzumab,10k,hydrophobicity,1,sigmoid,0.25,0.39921949851620075,0.40317248171188114,0.003952983195680382
trastuzumab,10k,hydrophobicity,1,sigmoid,0.5,0.39921949851620075,0.39930908071095705,8.958219475629914e-05
trastuzumab,10k,hydrophobicity,1,sigmoid,0.75,0.39921949851620075,0.39918124734734745,-3.825116885330937e-05
trastuzumab,10k,hydrophobicity,1,sigmoid,1.0,0.39921949851620075,0.4038704694487858,0.004650970932585041
trastuzumab,10k,charge_environment,2,tanh,-1.0,0.39921949851620075,0.4115042847590805,0.012284786242879764
trastuzumab,10k,charge_environment,2,tanh,-0.5,0.39921949851620075,0.39874304468056176,-0.00047645383563899024
trastuzumab,10k,charge_environment,2,tanh,0.0,0.39921949851620075,0.414880656019799,0.015661157503598255
trastuzumab,10k,charge_environment,2,tanh,0.5,0.39921949851620075,0.43597483031703366,0.0367553318008329
trastuzumab,10k,charge_environment,2,tanh,1.0,0.39921949851620075,0.4877167117172023,0.08849721320100157
trastuzumab,10k,ionic_screening,3,sigmoid,0.0,0.39921949851620075,0.41297968384849326,0.013760185332292507
trastuzumab,10k,ionic_screening,3,sigmoid,0.25,0.39921949851620075,0.4002001034162608,0.0009806049000600225
trastuzumab,10k,ionic_screening,3,sigmoid,0.5,0.39921949851620075,0.3979108209296193,-0.0013086775865814304
trastuzumab,10k,ionic_screening,3,sigmoid,0.75,0.39921949851620075,0.39866346731349,-0.0005560312027107495
trastuzumab,10k,ionic_screening,3,sigmoid,1.0,0.39921949851620075,0.4015116144227572,0.0022921159065564245
trastuzumab,10k,crowding,4,sigmoid,0.0,0.39921949851620075,0.42142520257984173,0.022205704063640974
trastuzumab,10k,crowding,4,sigmoid,0.25,0.39921949851620075,0.407355186074512,0.008135687558311233
trastuzumab,10k,crowding,4,sigmoid,0.5,0.39921949851620075,0.3993654086595785,0.00014591014337772545
trastuzumab,10k,crowding,4,sigmoid,0.75,0.39921949851620075,0.39983514135960496,0.0006156428434042072
trastuzumab,10k,crowding,4,sigmoid,1.0,0.39921949851620075,0.40189208341321164,0.002672584897010888
trastuzumab,10k,nonlinear_conc,5,sigmoid,0.0,0.39921949851620075,0.4208550591887944,0.021635560672593646
trastuzumab,10k,nonlinear_conc,5,sigmoid,0.25,0.39921949851620075,0.4082750591446097,0.009055560628408954
trastuzumab,10k,nonlinear_conc,5,sigmoid,0.5,0.39921949851620075,0.3994228238507254,0.00020332533452466217
trastuzumab,10k,nonlinear_conc,5,sigmoid,0.75,0.39921949851620075,0.3967233983402556,-0.0024961001759451484
trastuzumab,10k,nonlinear_conc,5,sigmoid,1.0,0.39921949851620075,0.3943570314567778,-0.004862467059422948
trastuzumab,10k,cosolute_interaction,6,tanh,-1.0,0.39921949851620075,0.3794009891688627,-0.01981850934733803
trastuzumab,10k,cosolute_interaction,6,tanh,-0.5,0.39921949851620075,0.39704699026970197,-0.0021725082464987833
trastuzumab,10k,cosolute_interaction,6,tanh,0.0,0.39921949851620075,0.3962364674402795,-0.0029830310759212386
trastuzumab,10k,cosolute_interaction,6,tanh,0.5,0.39921949851620075,0.46939908164679806,0.0701795831305973
trastuzumab,10k,cosolute_interaction,6,tanh,1.0,0.39921949851620075,0.5928419512755104,0.19362245275930967
trastuzumab,10k,cosolute_protection,7,sigmoid,0.0,0.39921949851620075,0.42337079562368574,0.02415129710748498
trastuzumab,10k,cosolute_protection,7,sigmoid,0.25,0.39921949851620075,0.40868834309128976,0.009468844575089008
trastuzumab,10k,cosolute_protection,7,sigmoid,0.5,0.39921949851620075,0.40090797517612486,0.0016884766599241097
trastuzumab,10k,cosolute_protection,7,sigmoid,0.75,0.39921949851620075,0.3983797958545523,-0.000839702661648456
trastuzumab,10k,cosolute_protection,7,sigmoid,1.0,0.39921949851620075,0.39729275100946615,-0.0019267475067346052
trastuzumab,10k,latent_0,8,tanh,-1.0,0.39921949851620075,0.26004988540042995,-0.1391696131157708
trastuzumab,10k,latent_0,8,tanh,-0.5,0.39921949851620075,0.3468113996490374,-0.052408098867163355
trastuzumab,10k,latent_0,8,tanh,0.0,0.39921949851620075,0.4046954558984723,0.0054759573822715235
trastuzumab,10k,latent_0,8,tanh,0.5,0.39921949851620075,0.8419618311537103,0.4427423326375095
trastuzumab,10k,latent_0,8,tanh,1.0,0.39921949851620075,1.5800225600235138,1.180803061507313
trastuzumab,100k,self_interaction,0,tanh,-1.0,0.36618240436576,0.3681392651957779,0.0019568608300178925
trastuzumab,100k,self_interaction,0,tanh,-0.5,0.36618240436576,0.361377561160191,-0.004804843205569009
trastuzumab,100k,self_interaction,0,tanh,0.0,0.36618240436576,0.3910310357664096,0.02484863140064958
trastuzumab,100k,self_interaction,0,tanh,0.5,0.36618240436576,0.4459925895983025,0.07981018523254252
trastuzumab,100k,self_interaction,0,tanh,1.0,0.36618240436576,0.5296881458183585,0.16350574145259855
trastuzumab,100k,hydrophobicity,1,sigmoid,0.0,0.36618240436576,0.36952891489489303,0.00334651052913304
trastuzumab,100k,hydrophobicity,1,sigmoid,0.25,0.36618240436576,0.36769417665966375,0.001511772293903757
trastuzumab,100k,hydrophobicity,1,sigmoid,0.5,0.36618240436576,0.36623179153381435,4.938716805436005e-05
trastuzumab,100k,hydrophobicity,1,sigmoid,0.75,0.36618240436576,0.3669342819922894,0.0007518776265293958
trastuzumab,100k,hydrophobicity,1,sigmoid,1.0,0.36618240436576,0.36925612684345854,0.0030737224776985483
trastuzumab,100k,charge_environment,2,tanh,-1.0,0.36618240436576,0.35944514681362627,-0.006737257552133724
trastuzumab,100k,charge_environment,2,tanh,-0.5,0.36618240436576,0.36549548673457,-0.0006869176311899983
trastuzumab,100k,charge_environment,2,tanh,0.0,0.36618240436576,0.3806534486293,0.014471044263540012
trastuzumab,100k,charge_environment,2,tanh,0.5,0.36618240436576,0.39802912170219684,0.03184671733643685
trastuzumab,100k,charge_environment,2,tanh,1.0,0.36618240436576,0.4381127444831741,0.07193034011741412
trastuzumab,100k,ionic_screening,3,sigmoid,0.0,0.36618240436576,0.3699574422014262,0.003775037835666184
trastuzumab,100k,ionic_screening,3,sigmoid,0.25,0.36618240436576,0.36667645176226693,0.0004940473965069359
trastuzumab,100k,ionic_screening,3,sigmoid,0.5,0.36618240436576,0.3653276340602222,-0.000854770305537822
trastuzumab,100k,ionic_screening,3,sigmoid,0.75,0.36618240436576,0.3647431588358836,-0.0014392455298763984
trastuzumab,100k,ionic_screening,3,sigmoid,1.0,0.36618240436576,0.3648581100229026,-0.0013242943428574128
trastuzumab,100k,crowding,4,sigmoid,0.0,0.36618240436576,0.37646940992356964,0.010287005557809648
trastuzumab,100k,crowding,4,sigmoid,0.25,0.36618240436576,0.37050490725090535,0.004322502885145352
trastuzumab,100k,crowding,4,sigmoid,0.5,0.36618240436576,0.3664643186650605,0.00028191429930052303
trastuzumab,100k,crowding,4,sigmoid,0.75,0.36618240436576,0.36639299994828384,0.00021059558252384258
trastuzumab,100k,crowding,4,sigmoid,1.0,0.36618240436576,0.3681356630185215,0.0019532586527615248
trastuzumab,100k,nonlinear_conc,5,sigmoid,0.0,0.36618240436576,0.37702757168234047,0.010845167316580473
trastuzumab,100k,nonlinear_conc,5,sigmoid,0.25,0.36618240436576,0.3706719142921777,0.004489509926417723
trastuzumab,100k,nonlinear_conc,5,sigmoid,0.5,0.36618240436576,0.36642179540183917,0.0002393910360791729
trastuzumab,100k,nonlinear_conc,5,sigmoid,0.75,0.36618240436576,0.3632566896407562,-0.002925714725003803
trastuzumab,100k,nonlinear_conc,5,sigmoid,1.0,0.36618240436576,0.36173145311113214,-0.004450951254627855
trastuzumab,100k,cosolute_interaction,6,tanh,-1.0,0.36618240436576,0.3520175890980009,-0.01416481526775909
trastuzumab,100k,cosolute_interaction,6,tanh,-0.5,0.36618240436576,0.36273026657793306,-0.0034521377878269366
trastuzumab,100k,cosolute_interaction,6,tanh,0.0,0.36618240436576,0.3620965030257698,-0.0040859013399902055
trastuzumab,100k,cosolute_interaction,6,tanh,0.5,0.36618240436576,0.41735620841023613,0.051173804044476134
trastuzumab,100k,cosolute_interaction,6,tanh,1.0,0.36618240436576,0.5280186190268973,0.1618362146611373
trastuzumab,100k,cosolute_protection,7,sigmoid,0.0,0.36618240436576,0.3727947498321811,0.006612345466421088
trastuzumab,100k,cosolute_protection,7,sigmoid,0.25,0.36618240436576,0.37064813772583627,0.004465733360076274
trastuzumab,100k,cosolute_protection,7,sigmoid,0.5,0.36618240436576,0.36755944644447797,0.0013770420787179716
trastuzumab,100k,cosolute_protection,7,sigmoid,0.75,0.36618240436576,0.36450607407182833,-0.0016763302939316604
trastuzumab,100k,cosolute_protection,7,sigmoid,1.0,0.36618240436576,0.3637451031441762,-0.0024373012215838097
trastuzumab,100k,latent_0,8,tanh,-1.0,0.36618240436576,0.21997744254764462,-0.14620496181811538
trastuzumab,100k,latent_0,8,tanh,-0.5,0.36618240436576,0.3075085707528699,-0.05867383361289008
trastuzumab,100k,latent_0,8,tanh,0.0,0.36618240436576,0.3701705087896898,0.003988104423929828
trastuzumab,100k,latent_0,8,tanh,0.5,0.36618240436576,0.7492171883402836,0.3830347839745236
trastuzumab,100k,latent_0,8,tanh,1.0,0.36618240436576,1.53646960125476,1.170287196889
trastuzumab,15M,self_interaction,0,tanh,-1.0,0.2856507568417841,0.26782889700799983,-0.01782185983378426
trastuzumab,15M,self_interaction,0,tanh,-0.5,0.2856507568417841,0.27784951716480305,-0.007801239676981042
trastuzumab,15M,self_interaction,0,tanh,0.0,0.2856507568417841,0.31148025671643925,0.02582949987465516
trastuzumab,15M,self_interaction,0,tanh,0.5,0.2856507568417841,0.33859304322091766,0.05294228637913356
trastuzumab,15M,self_interaction,0,tanh,1.0,0.2856507568417841,0.3585150822176325,0.07286432537584842
trastuzumab,15M,hydrophobicity,1,sigmoid,0.0,0.2856507568417841,0.2747154252713175,-0.010935331570466611
trastuzumab,15M,hydrophobicity,1,sigmoid,0.25,0.2856507568417841,0.2796278725401723,-0.006022884301611797
trastuzumab,15M,hydrophobicity,1,sigmoid,0.5,0.2856507568417841,0.2852847844183369,-0.0003659724234472139
trastuzumab,15M,hydrophobicity,1,sigmoid,0.75,0.2856507568417841,0.29153271694048877,0.005881960098704675
trastuzumab,15M,hydrophobicity,1,sigmoid,1.0,0.2856507568417841,0.298343972877846,0.012693216036061883
trastuzumab,15M,charge_environment,2,tanh,-1.0,0.2856507568417841,0.2691184764657739,-0.016532280376010178
trastuzumab,15M,charge_environment,2,tanh,-0.5,0.2856507568417841,0.28449858726764254,-0.0011521695741415483
trastuzumab,15M,charge_environment,2,tanh,0.0,0.2856507568417841,0.302931653116747,0.01728089627496293
trastuzumab,15M,charge_environment,2,tanh,0.5,0.2856507568417841,0.3128277785132515,0.027177021671467405
trastuzumab,15M,charge_environment,2,tanh,1.0,0.2856507568417841,0.3165181981301366,0.030867441288352504
trastuzumab,15M,ionic_screening,3,sigmoid,0.0,0.2856507568417841,0.2794240420222519,-0.006226714819532186
trastuzumab,15M,ionic_screening,3,sigmoid,0.25,0.2856507568417841,0.28492979424262244,-0.0007209625991616564
trastuzumab,15M,ionic_screening,3,sigmoid,0.5,0.2856507568417841,0.2897296734722163,0.0040789166304321944
trastuzumab,15M,ionic_screening,3,sigmoid,0.75,0.2856507568417841,0.2941075268859348,0.008456770044150685
trastuzumab,15M,ionic_screening,3,sigmoid,1.0,0.2856507568417841,0.29914877395619965,0.013498017114415561
trastuzumab,15M,crowding,4,sigmoid,0.0,0.2856507568417841,0.2780817917043514,-0.007568965137432715
trastuzumab,15M,crowding,4,sigmoid,0.25,0.2856507568417841,0.2813343820508737,-0.0043163747909104044
trastuzumab,15M,crowding,4,sigmoid,0.5,0.2856507568417841,0.285067863061119,-0.0005828937806651169
trastuzumab,15M,crowding,4,sigmoid,0.75,0.2856507568417841,0.29025996228624135,0.004609205444457254
trastuzumab,15M,crowding,4,sigmoid,1.0,0.2856507568417841,0.29456350981179985,0.008912752970015758
trastuzumab,15M,nonlinear_conc,5,sigmoid,0.0,0.2856507568417841,0.2806604674009993,-0.004990289440784779
trastuzumab,15M,nonlinear_conc,5,sigmoid,0.25,0.2856507568417841,0.2834550980170646,-0.002195658824719504
trastuzumab,15M,nonlinear_conc,5,sigmoid,0.5,0.2856507568417841,0.2855408684709699,-0.0001098883708142151
trastuzumab,15M,nonlinear_conc,5,sigmoid,0.75,0.2856507568417841,0.28739245347422127,0.001741696632437173
trastuzumab,15M,nonlinear_conc,5,sigmoid,1.0,0.2856507568417841,0.28894609009648237,0.003295333254698274
trastuzumab,15M,cosolute_interaction,6,tanh,-1.0,0.2856507568417841,0.26579630259761666,-0.01985445424416743
trastuzumab,15M,cosolute_interaction,6,tanh,-0.5,0.2856507568417841,0.27900445426537324,-0.006646302576410856
trastuzumab,15M,cosolute_interaction,6,tanh,0.0,0.2856507568417841,0.28248993415731694,-0.003160822684467157
trastuzumab,15M,cosolute_interaction,6,tanh,0.5,0.2856507568417841,0.3151576294230178,0.02950687258123369
trastuzumab,15M,cosolute_interaction,6,tanh,1.0,0.2856507568417841,0.35266435563147985,0.06701359878969576
trastuzumab,15M,cosolute_protection,7,sigmoid,0.0,0.2856507568417841,0.2749250324515453,-0.010725724390238778
trastuzumab,15M,cosolute_protection,7,sigmoid,0.25,0.2856507568417841,0.2798297262535008,-0.005821030588283316
trastuzumab,15M,cosolute_protection,7,sigmoid,0.5,0.2856507568417841,0.28462971530557196,-0.0010210415362121306
trastuzumab,15M,cosolute_protection,7,sigmoid,0.75,0.2856507568417841,0.28762457426230137,0.0019738174205172765
trastuzumab,15M,cosolute_protection,7,sigmoid,1.0,0.2856507568417841,0.2905917579547441,0.004941001112960031
trastuzumab,15M,latent_0,8,tanh,-1.0,0.2856507568417841,0.13771076461560527,-0.14793999222617882
trastuzumab,15M,latent_0,8,tanh,-0.5,0.2856507568417841,0.21931820018074127,-0.06633255666104282
trastuzumab,15M,latent_0,8,tanh,0.0,0.2856507568417841,0.2886415743313478,0.002990817489563702
trastuzumab,15M,latent_0,8,tanh,0.5,0.2856507568417841,0.47007270526710754,0.18442194842532345
trastuzumab,15M,latent_0,8,tanh,1.0,0.2856507568417841,1.138267180025254,0.8526164231834699
vudalimab,100,self_interaction,0,tanh,-1.0,0.7098701009857531,0.6490576613251153,-0.06081243966063776
vudalimab,100,self_interaction,0,tanh,-0.5,0.7098701009857531,0.7093093913455082,-0.0005607096402449052
vudalimab,100,self_interaction,0,tanh,0.0,0.7098701009857531,0.7470260102726392,0.03715590928688606
vudalimab,100,self_interaction,0,tanh,0.5,0.7098701009857531,0.8943245294087463,0.1844544284229932
vudalimab,100,self_interaction,0,tanh,1.0,0.7098701009857531,1.0772576749112992,0.3673875739255461
vudalimab,100,hydrophobicity,1,sigmoid,0.0,0.7098701009857531,0.6771207856549022,-0.0327493153308509
vudalimab,100,hydrophobicity,1,sigmoid,0.25,0.7098701009857531,0.6906522876426551,-0.019217813343098022
vudalimab,100,hydrophobicity,1,sigmoid,0.5,0.7098701009857531,0.7028418358331961,-0.007028265152556945
vudalimab,100,hydrophobicity,1,sigmoid,0.75,0.7098701009857531,0.7122822199132857,0.0024121189275325694
vudalimab,100,hydrophobicity,1,sigmoid,1.0,0.7098701009857531,0.7213653075456369,0.011495206559883786
vudalimab,100,charge_environment,2,tanh,-1.0,0.7098701009857531,0.6300882774079806,-0.07978182357777253
vudalimab,100,charge_environment,2,tanh,-0.5,0.7098701009857531,0.6788921782852089,-0.030977922700544225
vudalimab,100,charge_environment,2,tanh,0.0,0.7098701009857531,0.7261048503061868,0.016234749320433672
vudalimab,100,charge_environment,2,tanh,0.5,0.7098701009857531,0.7114823608464118,0.0016122598606587157
vudalimab,100,charge_environment,2,tanh,1.0,0.7098701009857531,0.6869522146300129,-0.022917886355740213
vudalimab,100,ionic_screening,3,sigmoid,0.0,0.7098701009857531,0.7066654152038412,-0.003204685781911909
vudalimab,100,ionic_screening,3,sigmoid,0.25,0.7098701009857531,0.7093213839600324,-0.0005487170257206797
vudalimab,100,ionic_screening,3,sigmoid,0.5,0.7098701009857531,0.7111766150695311,0.001306514083778021
vudalimab,100,ionic_screening,3,sigmoid,0.75,0.7098701009857531,0.7059947073703048,-0.003875393615448308
vudalimab,100,ionic_screening,3,sigmoid,1.0,0.7098701009857531,0.7007490587052374,-0.00912104228051569
vudalimab,100,crowding,4,sigmoid,0.0,0.7098701009857531,0.7010080201067763,-0.008862080878976775
vudalimab,100,crowding,4,sigmoid,0.25,0.7098701009857531,0.7049040823124578,-0.004966018673295269
vudalimab,100,crowding,4,sigmoid,0.5,0.7098701009857531,0.7086375633227031,-0.0012325376630499818
vudalimab,100,crowding,4,sigmoid,0.75,0.7098701009857531,0.7129017504723874,0.003031649486634258
vudalimab,100,crowding,4,sigmoid,1.0,0.7098701009857531,0.7147245839510743,0.004854482965321205
vudalimab,100,nonlinear_conc,5,sigmoid,0.0,0.7098701009857531,0.7116976129019743,0.001827511916221214
vudalimab,100,nonlinear_conc,5,sigmoid,0.25,0.7098701009857531,0.7116608882655558,0.0017907872798027524
vudalimab,100,nonlinear_conc,5,sigmoid,0.5,0.7098701009857531,0.7101445912855863,0.0002744902998331744
vudalimab,100,nonlinear_conc,5,sigmoid,0.75,0.7098701009857531,0.7088968102626831,-0.0009732907230699528
vudalimab,100,nonlinear_conc,5,sigmoid,1.0,0.7098701009857531,0.7062880871362383,-0.0035820138495148424
vudalimab,100,cosolute_interaction,6,tanh,-1.0,0.7098701009857531,0.6646959867356772,-0.04517411425007589
vudalimab,100,cosolute_interaction,6,tanh,-0.5,0.7098701009857531,0.6698478360228589,-0.04002226496289418
vudalimab,100,cosolute_interaction,6,tanh,0.0,0.7098701009857531,0.7344897744856697,0.02461967349991656
vudalimab,100,cosolute_interaction,6,tanh,0.5,0.7098701009857531,0.9243176190438533,0.21444751805810025
vudalimab,100,cosolute_interaction,6,tanh,1.0,0.7098701009857531,1.076468227015276,0.3665981260295228
vudalimab,100,cosolute_protection,7,sigmoid,0.0,0.7098701009857531,0.7023146879420227,-0.007555413043730419
vudalimab,100,cosolute_protection,7,sigmoid,0.25,0.7098701009857531,0.70841025275913,-0.0014598482266230395
vudalimab,100,cosolute_protection,7,sigmoid,0.5,0.7098701009857531,0.710711714558507,0.0008416135727539187
vudalimab,100,cosolute_protection,7,sigmoid,0.75,0.7098701009857531,0.7127743124696961,0.002904211483943042
vudalimab,100,cosolute_protection,7,sigmoid,1.0,0.7098701009857531,0.713690934794465,0.0038208338087118987
vudalimab,100,latent_0,8,tanh,-1.0,0.7098701009857531,0.5337313426880399,-0.1761387582977132
vudalimab,100,latent_0,8,tanh,-0.5,0.7098701009857531,0.6345641583649618,-0.07530594262079127
vudalimab,100,latent_0,8,tanh,0.0,0.7098701009857531,0.7135025453168569,0.003632444331103768
vudalimab,100,latent_0,8,tanh,0.5,0.7098701009857531,0.9389582292123875,0.22908812822663438
vudalimab,100,latent_0,8,tanh,1.0,0.7098701009857531,1.4770935956685793,0.7672234946828262
vudalimab,1k,self_interaction,0,tanh,-1.0,0.6569690200001129,0.6504600833783438,-0.006508936621769101
vudalimab,1k,self_interaction,0,tanh,-0.5,0.6569690200001129,0.6570938881568347,0.0001248681567217469
vudalimab,1k,self_interaction,0,tanh,0.0,0.6569690200001129,0.6754313205926821,0.018462300592569147
vudalimab,1k,self_interaction,0,tanh,0.5,0.6569690200001129,0.8084027617507782,0.15143374175066526
vudalimab,1k,self_interaction,0,tanh,1.0,0.6569690200001129,0.9882198482106227,0.3312508282105098
vudalimab,1k,hydrophobicity,1,sigmoid,0.0,0.6569690200001129,0.6326803185001193,-0.024288701499993626
vudalimab,1k,hydrophobicity,1,sigmoid,0.25,0.6569690200001129,0.6416404379046066,-0.01532858209550636
vudalimab,1k,hydrophobicity,1,sigmoid,0.5,0.6569690200001129,0.6512780411894813,-0.005690978810631631
vudalimab,1k,hydrophobicity,1,sigmoid,0.75,0.6569690200001129,0.658590021729967,0.0016210017298540214
vudalimab,1k,hydrophobicity,1,sigmoid,1.0,0.6569690200001129,0.6646185728714088,0.007649552871295873
vudalimab,1k,charge_environment,2,tanh,-1.0,0.6569690200001129,0.6012558136777691,-0.05571320632234378
vudalimab,1k,charge_environment,2,tanh,-0.5,0.6569690200001129,0.6302672441170339,-0.026701775883078982
vudalimab,1k,charge_environment,2,tanh,0.0,0.6569690200001129,0.6774739967064839,0.02050497670637097
vudalimab,1k,charge_environment,2,tanh,0.5,0.6569690200001129,0.6905988260606919,0.03362980606057897
vudalimab,1k,charge_environment,2,tanh,1.0,0.6569690200001129,0.6774857916405489,0.02051677164043597
vudalimab,1k,ionic_screening,3,sigmoid,0.0,0.6569690200001129,0.6517877712357506,-0.005181248764362323
vudalimab,1k,ionic_screening,3,sigmoid,0.25,0.6569690200001129,0.6562575899919834,-0.0007114300081295655
vudalimab,1k,ionic_screening,3,sigmoid,0.5,0.6569690200001129,0.6592847367570471,0.002315716756934205
vudalimab,1k,ionic_screening,3,sigmoid,0.75,0.6569690200001129,0.6622238058952941,0.0052547858951811355
vudalimab,1k,ionic_screening,3,sigmoid,1.0,0.6569690200001129,0.6651628530690454,0.00819383306893251
vudalimab,1k,crowding,4,sigmoid,0.0,0.6569690200001129,0.6560041197143108,-0.000964900285802095
vudalimab,1k,crowding,4,sigmoid,0.25,0.6569690200001129,0.6561920369552664,-0.0007769830448465243
vudalimab,1k,crowding,4,sigmoid,0.5,0.6569690200001129,0.6565649062302898,-0.0004041137698230779
vudalimab,1k,crowding,4,sigmoid,0.75,0.6569690200001129,0.6577179324197545,0.0007489124196415897
vudalimab,1k,crowding,4,sigmoid,1.0,0.6569690200001129,0.6588581642906105,0.0018891442904975797
vudalimab,1k,nonlinear_conc,5,sigmoid,0.0,0.6569690200001129,0.6576923328002894,0.0007233128001764566
vudalimab,1k,nonlinear_conc,5,sigmoid,0.25,0.6569690200001129,0.6574270675885519,0.0004580475884389257
vudalimab,1k,nonlinear_conc,5,sigmoid,0.5,0.6569690200001129,0.6572191956034656,0.00025017560335272027
vudalimab,1k,nonlinear_conc,5,sigmoid,0.75,0.6569690200001129,0.6557909542858176,-0.001178065714295351
vudalimab,1k,nonlinear_conc,5,sigmoid,1.0,0.6569690200001129,0.6545594489540544,-0.002409571046058545
vudalimab,1k,cosolute_interaction,6,tanh,-1.0,0.6569690200001129,0.6561174565109131,-0.0008515634891997914
vudalimab,1k,cosolute_interaction,6,tanh,-0.5,0.6569690200001129,0.6490402324979634,-0.007928787502149537
vudalimab,1k,cosolute_interaction,6,tanh,0.0,0.6569690200001129,0.6730504351777016,0.016081415177588654
vudalimab,1k,cosolute_interaction,6,tanh,0.5,0.6569690200001129,0.8561199692148478,0.19915094921473486
vudalimab,1k,cosolute_interaction,6,tanh,1.0,0.6569690200001129,1.0161698004775233,0.35920078047741033
vudalimab,1k,cosolute_protection,7,sigmoid,0.0,0.6569690200001129,0.6529731730915316,-0.003995846908581346
vudalimab,1k,cosolute_protection,7,sigmoid,0.25,0.6569690200001129,0.6561482507335559,-0.0008207692665570532
vudalimab,1k,cosolute_protection,7,sigmoid,0.5,0.6569690200001129,0.6565330357473693,-0.0004359842527436042
vudalimab,1k,cosolute_protection,7,sigmoid,0.75,0.6569690200001129,0.6558048358469517,-0.0011641841531612185
vudalimab,1k,cosolute_protection,7,sigmoid,1.0,0.6569690200001129,0.6551511065684102,-0.001817913431702678
vudalimab,1k,latent_0,8,tanh,-1.0,0.6569690200001129,0.52908615940001,-0.1278828606001029
vudalimab,1k,latent_0,8,tanh,-0.5,0.6569690200001129,0.6227746275658395,-0.03419439243427347
vudalimab,1k,latent_0,8,tanh,0.0,0.6569690200001129,0.6570033175597825,3.4297559669549393e-05
vudalimab,1k,latent_0,8,tanh,0.5,0.6569690200001129,0.8611316081452252,0.20416258814511223
vudalimab,1k,latent_0,8,tanh,1.0,0.6569690200001129,1.4316756755188356,0.7747066555187226
vudalimab,10k,self_interaction,0,tanh,-1.0,0.6239554058953249,0.6391487855389931,0.015193379643668181
vudalimab,10k,self_interaction,0,tanh,-0.5,0.6239554058953249,0.6242829733984506,0.00032756750312568084
vudalimab,10k,self_interaction,0,tanh,0.0,0.6239554058953249,0.6204357053194459,-0.0035197005758790256
vudalimab,10k,self_interaction,0,tanh,0.5,0.6239554058953249,0.7050483451186755,0.08109293922335059
vudalimab,10k,self_interaction,0,tanh,1.0,0.6239554058953249,0.8412341034899453,0.21727869759462037
vudalimab,10k,hydrophobicity,1,sigmoid,0.0,0.6239554058953249,0.6023375101682095,-0.021617895727115477
vudalimab,10k,hydrophobicity,1,sigmoid,0.25,0.6239554058953249,0.6094823299159544,-0.014473075979370531
vudalimab,10k,hydrophobicity,1,sigmoid,0.5,0.6239554058953249,0.6178231493885424,-0.0061322565067825074
vudalimab,10k,hydrophobicity,1,sigmoid,0.75,0.6239554058953249,0.6261533050985819,0.00219789920325697
vudalimab,10k,hydrophobicity,1,sigmoid,1.0,0.6239554058953249,0.6346792962501924,0.010723890354867427
vudalimab,10k,charge_environment,2,tanh,-1.0,0.6239554058953249,0.5844641326103107,-0.03949127328501423
vudalimab,10k,charge_environment,2,tanh,-0.5,0.6239554058953249,0.6060420090266879,-0.01791339686863702
vudalimab,10k,charge_environment,2,tanh,0.0,0.6239554058953249,0.6420113743040289,0.018055968408703937
vudalimab,10k,charge_environment,2,tanh,0.5,0.6239554058953249,0.6467038251863007,0.022748419290975708
vudalimab,10k,charge_environment,2,tanh,1.0,0.6239554058953249,0.6438145825060174,0.019859176610692475
vudalimab,10k,ionic_screening,3,sigmoid,0.0,0.6239554058953249,0.6170645616086483,-0.006890844286676634
vudalimab,10k,ionic_screening,3,sigmoid,0.25,0.6239554058953249,0.6228000953983318,-0.0011553104969931338
vudalimab,10k,ionic_screening,3,sigmoid,0.5,0.6239554058953249,0.6292020319804406,0.005246626085115613
vudalimab,10k,ionic_screening,3,sigmoid,0.75,0.6239554058953249,0.6365393156197026,0.012583909724377618
vudalimab,10k,ionic_screening,3,sigmoid,1.0,0.6239554058953249,0.6425672956842623,0.018611889788937352
vudalimab,10k,crowding,4,sigmoid,0.0,0.6239554058953249,0.6275460627738054,0.0035906568784804804
vudalimab,10k,crowding,4,sigmoid,0.25,0.6239554058953249,0.6249402169962666,0.0009848111009416183
vudalimab,10k,crowding,4,sigmoid,0.5,0.6239554058953249,0.623953923291881,-1.4826034439030522e-06
vudalimab,10k,crowding,4,sigmoid,0.75,0.6239554058953249,0.6245494356751911,0.000594029779866112
vudalimab,10k,crowding,4,sigmoid,1.0,0.6239554058953249,0.6271488897845494,0.003193483889224469
vudalimab,10k,nonlinear_conc,5,sigmoid,0.0,0.6239554058953249,0.6240305134875694,7.510759224449437e-05
vudalimab,10k,nonlinear_conc,5,sigmoid,0.25,0.6239554058953249,0.6237784269731111,-0.00017697892221379963
vudalimab,10k,nonlinear_conc,5,sigmoid,0.5,0.6239554058953249,0.6239734716928453,1.806579752039461e-05
vudalimab,10k,nonlinear_conc,5,sigmoid,0.75,0.6239554058953249,0.623856972008896,-9.843388642893913e-05
vudalimab,10k,nonlinear_conc,5,sigmoid,1.0,0.6239554058953249,0.6240491833087152,9.377741339022805e-05
vudalimab,10k,cosolute_interaction,6,tanh,-1.0,0.6239554058953249,0.6368347820127053,0.012879376117380326
vudalimab,10k,cosolute_interaction,6,tanh,-0.5,0.6239554058953249,0.6235850076260414,-0.0003703982692835339
vudalimab,10k,cosolute_interaction,6,tanh,0.0,0.6239554058953249,0.6238841311075392,-7.12747877857911e-05
vudalimab,10k,cosolute_interaction,6,tanh,0.5,0.6239554058953249,0.7389350149714765,0.11497960907615157
vudalimab,10k,cosolute_interaction,6,tanh,1.0,0.6239554058953249,0.9084803392333645,0.2845249333380395
vudalimab,10k,cosolute_protection,7,sigmoid,0.0,0.6239554058953249,0.6213590158330841,-0.002596390062240883
vudalimab,10k,cosolute_protection,7,sigmoid,0.25,0.6239554058953249,0.6231549647693212,-0.0008004411260037481
vudalimab,10k,cosolute_protection,7,sigmoid,0.5,0.6239554058953249,0.6241202164870507,0.0001648105917257947
vudalimab,10k,cosolute_protection,7,sigmoid,0.75,0.6239554058953249,0.625679234410701,0.0017238285153760025
vudalimab,10k,cosolute_protection,7,sigmoid,1.0,0.6239554058953249,0.6278704124783454,0.003915006583020464
vudalimab,10k,latent_0,8,tanh,-1.0,0.6239554058953249,0.5334386493125897,-0.09051675658273528
vudalimab,10k,latent_0,8,tanh,-0.5,0.6239554058953249,0.6174559359711014,-0.0064994699242235665
vudalimab,10k,latent_0,8,tanh,0.0,0.6239554058953249,0.6238823629656542,-7.304292967069692e-05
vudalimab,10k,latent_0,8,tanh,0.5,0.6239554058953249,0.7496675044263186,0.12571209853099363
vudalimab,10k,latent_0,8,tanh,1.0,0.6239554058953249,1.34146503261828,0.717509626722955
vudalimab,100k,self_interaction,0,tanh,-1.0,0.5975101863015314,0.626984639287458,0.029474452985926547
vudalimab,100k,self_interaction,0,tanh,-0.5,0.5975101863015314,0.5980804285328083,0.0005702422312768851
vudalimab,100k,self_interaction,0,tanh,0.0,0.5975101863015314,0.5805204733429554,-0.016989712958575987
vudalimab,100k,self_interaction,0,tanh,0.5,0.5975101863015314,0.6437645254208514,0.046254339119319976
vudalimab,100k,self_interaction,0,tanh,1.0,0.5975101863015314,0.7287642015946797,0.13125401529314829
vudalimab,100k,hydrophobicity,1,sigmoid,0.0,0.5975101863015314,0.5717229790628952,-0.025787207238636256
vudalimab,100k,hydrophobicity,1,sigmoid,0.25,0.5975101863015314,0.5823482268686266,-0.01516195943290477
vudalimab,100k,hydrophobicity,1,sigmoid,0.5,0.5975101863015314,0.5916864980092968,-0.005823688292234563
vudalimab,100k,hydrophobicity,1,sigmoid,0.75,0.5975101863015314,0.5997475227563968,0.0022373364548653463
vudalimab,100k,hydrophobicity,1,sigmoid,1.0,0.5975101863015314,0.6076804286014461,0.0101702422999147
vudalimab,100k,charge_environment,2,tanh,-1.0,0.5975101863015314,0.5525738377148701,-0.04493634858666129
vudalimab,100k,charge_environment,2,tanh,-0.5,0.5975101863015314,0.5776516137144643,-0.019858572587067136
vudalimab,100k,charge_environment,2,tanh,0.0,0.5975101863015314,0.6211129256258879,0.023602739324356525
vudalimab,100k,charge_environment,2,tanh,0.5,0.5975101863015314,0.638607075187326,0.04109688888579455
vudalimab,100k,charge_environment,2,tanh,1.0,0.5975101863015314,0.6348187817786464,0.03730859547711496
vudalimab,100k,ionic_screening,3,sigmoid,0.0,0.5975101863015314,0.5859859097318989,-0.011524276569632508
vudalimab,100k,ionic_screening,3,sigmoid,0.25,0.5975101863015314,0.5954117642982379,-0.0020984220032934653
vudalimab,100k,ionic_screening,3,sigmoid,0.5,0.5975101863015314,0.6054072570722286,0.007897070770697234
vudalimab,100k,ionic_screening,3,sigmoid,0.75,0.5975101863015314,0.6129701819734084,0.015459995671876947
vudalimab,100k,ionic_screening,3,sigmoid,1.0,0.5975101863015314,0.6198632776208702,0.022353091319338825
vudalimab,100k,crowding,4,sigmoid,0.0,0.5975101863015314,0.5856341373547702,-0.011876048946761197
vudalimab,100k,crowding,4,sigmoid,0.25,0.5975101863015314,0.5908369003424412,-0.006673285959090225
vudalimab,100k,crowding,4,sigmoid,0.5,0.5975101863015314,0.5961090272067923,-0.0014011590947391461
vudalimab,100k,crowding,4,sigmoid,0.75,0.5975101863015314,0.6006847148311691,0.0031745285296377324
vudalimab,100k,crowding,4,sigmoid,1.0,0.5975101863015314,0.6041537762627522,0.0066435899612208305
vudalimab,100k,nonlinear_conc,5,sigmoid,0.0,0.5975101863015314,0.5907221029068903,-0.006788083394641098
vudalimab,100k,nonlinear_conc,5,sigmoid,0.25,0.5975101863015314,0.5942162038633043,-0.0032939824382270944
vudalimab,100k,nonlinear_conc,5,sigmoid,0.5,0.5975101863015314,0.5970038936988025,-0.0005062926027289416
vudalimab,100k,nonlinear_conc,5,sigmoid,0.75,0.5975101863015314,0.6003406190452056,0.002830432743674227
vudalimab,100k,nonlinear_conc,5,sigmoid,1.0,0.5975101863015314,0.6037058103777321,0.006195624076200668
vudalimab,100k,cosolute_interaction,6,tanh,-1.0,0.5975101863015314,0.610478485678804,0.012968299377272619
vudalimab,100k,cosolute_interaction,6,tanh,-0.5,0.5975101863015314,0.5968064658313103,-0.0007037204702211586
vudalimab,100k,cosolute_interaction,6,tanh,0.0,0.5975101863015314,0.5918294539280344,-0.005680732373496977
vudalimab,100k,cosolute_interaction,6,tanh,0.5,0.5975101863015314,0.6316384985511967,0.03412831224966528
vudalimab,100k,cosolute_interaction,6,tanh,1.0,0.5975101863015314,0.7595671221776021,0.16205693587607073
vudalimab,100k,cosolute_protection,7,sigmoid,0.0,0.5975101863015314,0.5891268655302175,-0.008383320771313874
vudalimab,100k,cosolute_protection,7,sigmoid,0.25,0.5975101863015314,0.5941605568140422,-0.0033496294874891808
vudalimab,100k,cosolute_protection,7,sigmoid,0.5,0.5975101863015314,0.6007163437046394,0.003206157403108034
vudalimab,100k,cosolute_protection,7,sigmoid,0.75,0.5975101863015314,0.6067771826544157,0.009266996352884305
vudalimab,100k,cosolute_protection,7,sigmoid,1.0,0.5975101863015314,0.6114110102982899,0.013900823996758516
vudalimab,100k,latent_0,8,tanh,-1.0,0.5975101863015314,0.5307465489613576,-0.06676363734017376
vudalimab,100k,latent_0,8,tanh,-0.5,0.5975101863015314,0.602687108060287,0.005176921758755615
vudalimab,100k,latent_0,8,tanh,0.0,0.5975101863015314,0.5966866934375366,-0.0008234928639948569
vudalimab,100k,latent_0,8,tanh,0.5,0.5975101863015314,0.6653604017412627,0.06785021543973124
vudalimab,100k,latent_0,8,tanh,1.0,0.5975101863015314,1.1501471166877124,0.552636930386181
vudalimab,15M,self_interaction,0,tanh,-1.0,0.5198253172241989,0.5397716173789365,0.01994630015473764
vudalimab,15M,self_interaction,0,tanh,-0.5,0.5198253172241989,0.5202922549421775,0.0004669377179785661
vudalimab,15M,self_interaction,0,tanh,0.0,0.5198253172241989,0.497343140565009,-0.02248217665918989
vudalimab,15M,self_interaction,0,tanh,0.5,0.5198253172241989,0.5062629070729832,-0.013562410151215731
vudalimab,15M,self_interaction,0,tanh,1.0,0.5198253172241989,0.5378809849938712,0.018055667769672268
vudalimab,15M,hydrophobicity,1,sigmoid,0.0,0.5198253172241989,0.4757043620938296,-0.04412095513036929
vudalimab,15M,hydrophobicity,1,sigmoid,0.25,0.5198253172241989,0.4933590007325107,-0.02646631649168818
vudalimab,15M,hydrophobicity,1,sigmoid,0.5,0.5198253172241989,0.5090031741899902,-0.010822143034208698
vudalimab,15M,hydrophobicity,1,sigmoid,0.75,0.5198253172241989,0.5239308891426595,0.004105571918460615
vudalimab,15M,hydrophobicity,1,sigmoid,1.0,0.5198253172241989,0.5366273669062981,0.016802049682099196
vudalimab,15M,charge_environment,2,tanh,-1.0,0.5198253172241989,0.47352160878297717,-0.046303708441221725
vudalimab,15M,charge_environment,2,tanh,-0.5,0.5198253172241989,0.5022867170150624,-0.017538600209136446
vudalimab,15M,charge_environment,2,tanh,0.0,0.5198253172241989,0.5376871043923966,0.01786178716819775
vudalimab,15M,charge_environment,2,tanh,0.5,0.5198253172241989,0.5330237564666168,0.013198439242417925
vudalimab,15M,charge_environment,2,tanh,1.0,0.5198253172241989,0.5277536558269724,0.007928338602773533
vudalimab,15M,ionic_screening,3,sigmoid,0.0,0.5198253172241989,0.502832644549859,-0.016992672674339904
vudalimab,15M,ionic_screening,3,sigmoid,0.25,0.5198253172241989,0.5169250154204488,-0.002900301803750116
vudalimab,15M,ionic_screening,3,sigmoid,0.5,0.5198253172241989,0.5301883322913481,0.010363015067149206
vudalimab,15M,ionic_screening,3,sigmoid,0.75,0.5198253172241989,0.5394807800033532,0.01965546277915431
vudalimab,15M,ionic_screening,3,sigmoid,1.0,0.5198253172241989,0.5484131966879344,0.028587879463735533
vudalimab,15M,crowding,4,sigmoid,0.0,0.5198253172241989,0.48772309240313505,-0.03210222482106384
vudalimab,15M,crowding,4,sigmoid,0.25,0.5198253172241989,0.5003357234508958,-0.01948959377330306
vudalimab,15M,crowding,4,sigmoid,0.5,0.5198253172241989,0.5150899998834642,-0.004735317340734735
vudalimab,15M,crowding,4,sigmoid,0.75,0.5198253172241989,0.5285185034880742,0.008693186263875274
vudalimab,15M,crowding,4,sigmoid,1.0,0.5198253172241989,0.539375657928055,0.019550340703856084
vudalimab,15M,nonlinear_conc,5,sigmoid,0.0,0.5198253172241989,0.4975073032041186,-0.022318014020080268
vudalimab,15M,nonlinear_conc,5,sigmoid,0.25,0.5198253172241989,0.5078674834785717,-0.0119578337456272
vudalimab,15M,nonlinear_conc,5,sigmoid,0.5,0.5198253172241989,0.5182208822150499,-0.0016044350091489745
vudalimab,15M,nonlinear_conc,5,sigmoid,0.75,0.5198253172241989,0.52751382000986,0.007688502785661133
vudalimab,15M,nonlinear_conc,5,sigmoid,1.0,0.5198253172241989,0.5329059883330544,0.013080671108855468
vudalimab,15M,cosolute_interaction,6,tanh,-1.0,0.5198253172241989,0.5475964249595521,0.027771107735353184
vudalimab,15M,cosolute_interaction,6,tanh,-0.5,0.5198253172241989,0.5289600173025513,0.009134700078352376
vudalimab,15M,cosolute_interaction,6,tanh,0.0,0.5198253172241989,0.5117936644986603,-0.00803165272553863
vudalimab,15M,cosolute_interaction,6,tanh,0.5,0.5198253172241989,0.5185038755201901,-0.00132144170400883
vudalimab,15M,cosolute_interaction,6,tanh,1.0,0.5198253172241989,0.5282799690673182,0.008454651843119332
vudalimab,15M,cosolute_protection,7,sigmoid,0.0,0.5198253172241989,0.5079247998294891,-0.011900517394709764
vudalimab,15M,cosolute_protection,7,sigmoid,0.25,0.5198253172241989,0.5156653570966226,-0.0041599601275762454
vudalimab,15M,cosolute_protection,7,sigmoid,0.5,0.5198253172241989,0.5226364829870069,0.0028111657628080433
vudalimab,15M,cosolute_protection,7,sigmoid,0.75,0.5198253172241989,0.5256290850918273,0.005803767867628373
vudalimab,15M,cosolute_protection,7,sigmoid,1.0,0.5198253172241989,0.5280710922065646,0.008245774982365672
vudalimab,15M,latent_0,8,tanh,-1.0,0.5198253172241989,0.4496236227105726,-0.07020169451362629
vudalimab,15M,latent_0,8,tanh,-0.5,0.5198253172241989,0.504045496533848,-0.015779820690350888
vudalimab,15M,latent_0,8,tanh,0.0,0.5198253172241989,0.5199009025442198,7.558532002094331e-05
vudalimab,15M,latent_0,8,tanh,0.5,0.5198253172241989,0.5487548708882729,0.028929553664074015
vudalimab,15M,latent_0,8,tanh,1.0,0.5198253172241989,0.8493999757561501,0.3295746585319512
