ID,Group,Shear_Rate,Actual_Viscosity,Predicted_Viscosity,Log10_Actual,Log10_Predicted,Log10_Error
1,poly-higg,100.0,14.38,12.97820698050382,1.1577588860468637,1.1132146961421885,-0.044544189904675235
1,poly-higg,1000.0,13.23,12.270599431417702,1.121559844187501,1.088865778977876,-0.032694065209625034
1,poly-higg,10000.0,11.27,11.421287729165108,1.0519239160461065,1.0577150725737519,0.005791156527645391
1,poly-higg,100000.0,9.24,9.400898864883978,0.9656719712201067,0.9731693805567012,0.007497409336594485
1,poly-higg,15000000.0,6.92,6.522027049074589,0.8401060944567578,0.8143825956412775,-0.025723498815480306
2,none,100.0,3.25,3.024712255648542,0.5118833609788743,0.48068406602058095,-0.031199294958293378
2,none,1000.0,3.25,3.027524222806765,0.5118833609788743,0.48108762655967463,-0.030795734419199694
2,none,10000.0,3.25,3.029680165340397,0.5118833609788743,0.4813967836972572,-0.030486577281617133
2,none,100000.0,3.25,3.0288176711723875,0.5118833609788743,0.4812731304516909,-0.030610230527183424
2,none,15000000.0,3.25,2.9940479697203686,0.5118833609788743,0.4762587541960662,-0.0356246067828081
3,poly-higg,100.0,4.6,5.01327708443994,0.6627578316815741,0.7001217087857501,0.03736387710417599
3,poly-higg,1000.0,4.6,4.9707203367703015,0.6627578316815741,0.696419329501084,0.03366149781950989
3,poly-higg,10000.0,4.6,4.792594963201904,0.6627578316815741,0.6805707269931826,0.017812895311608457
3,poly-higg,100000.0,3.68,4.373000404736545,0.5658478186735176,0.6407795175403384,0.07493169886682072
3,poly-higg,15000000.0,2.41,3.0657335129003704,0.3820170425748684,0.48653440136415815,0.10451735878928975
4,none,100.0,0.95,1.034939750477157,-0.022276394711152253,0.014915067863537973,0.03719146257469023
4,none,1000.0,0.95,1.0682646450859685,-0.022276394711152253,0.02867885537308684,0.050955250084239095
4,none,10000.0,0.95,1.086141741944935,-0.022276394711152253,0.03588650456011109,0.05816289927126334
4,none,100000.0,0.95,1.0873448637840155,-0.022276394711152253,0.036367307365852176,0.05864370207700443
4,none,15000000.0,0.95,1.0782492888551507,-0.022276394711152253,0.032719180384986064,0.05499557509613832
5,poly-higg,100.0,8.31,8.348297770949607,0.919601023784111,0.9215979312863165,0.0019969075022054916
5,poly-higg,1000.0,8.31,8.084562798656671,0.919601023784111,0.9076565388664332,-0.011944484917677856
5,poly-higg,10000.0,8.31,7.894914209055313,0.919601023784111,0.8973474150616897,-0.022253608722421325
5,poly-higg,100000.0,6.83,7.070259248927536,0.8344207036815325,0.8494353385938496,0.015014634912317026
5,poly-higg,15000000.0,4.6,4.333526087126642,0.6627578316815741,0.6368414152903359,-0.025916416391238206
6,poly-higg,100.0,8.84,7.9021254154692,0.9464522650130731,0.897743918133834,-0.048708346879239084
6,poly-higg,1000.0,8.84,7.584661504287096,0.9464522650130731,0.8799362034351296,-0.06651606157794354
6,poly-higg,10000.0,8.84,7.351183591234732,0.9464522650130731,0.8663572691194188,-0.08009499589365432
6,poly-higg,100000.0,6.93,6.316453354827885,0.8407332346118067,0.8004732933492693,-0.0402599412625374
6,poly-higg,15000000.0,4.16,4.297425929155442,0.6190933306267428,0.63320839988235,0.014115069255607238
7,poly-higg,100.0,2.44,2.6487128020876702,0.3873898263387294,0.4230348706300355,0.03564504429130605
7,poly-higg,1000.0,2.44,2.594227254224392,0.3873898263387294,0.41400801759719996,0.026618191258470536
7,poly-higg,10000.0,2.44,2.4618209170545753,0.3873898263387294,0.3912564573833727,0.0038666310446432983
7,poly-higg,100000.0,2.23,2.3719689844364633,0.34830486304816066,0.37510900595016683,0.026804142902006167
7,poly-higg,15000000.0,2.0,1.7532799552708953,0.3010299956639812,0.24385126767503712,-0.05717872798894408
8,poly-higg,100.0,1.84,1.6937072997504559,0.2648178230095365,0.2288383593083617,-0.0359794637011748
8,poly-higg,1000.0,1.84,1.6549117614181486,0.2648178230095365,0.21877484249191417,-0.04604298051762232
8,poly-higg,10000.0,1.84,1.6245939911828973,0.2648178230095365,0.2107448425946594,-0.0540729804148771
8,poly-higg,100000.0,1.68,1.5811077297195115,0.22530928172586284,0.19896146185426736,-0.026347819871595485
8,poly-higg,15000000.0,1.2,1.3547725414308476,0.07918124604762482,0.13186638576864212,0.05268513972101731
9,poly-higg,100.0,6.15,6.065093421535535,0.7888751157754168,0.7828374947565737,-0.006037621018843087
9,poly-higg,1000.0,5.35,5.741487497091054,0.7283537820212285,0.759024423423639,0.030670641402410492
9,poly-higg,10000.0,5.35,5.376233109916015,0.7283537820212285,0.7304780911758575,0.0021243091546290227
9,poly-higg,100000.0,4.62,4.946703472897116,0.6646419755561255,0.6943158776283289,0.02967390207220344
9,poly-higg,15000000.0,3.26,3.2792620780319854,0.5132176000679389,0.5157761267928174,0.0025585267248784405
10,poly-higg,100.0,3.57,3.52073619448965,0.5526682161121932,0.5466334850049702,-0.006034731107222968
10,poly-higg,1000.0,3.57,3.4106334609229183,0.5526682161121932,0.5328350485038245,-0.01983316760836873
10,poly-higg,10000.0,3.34,3.3183688089933714,0.5237464668115644,0.520924652577279,-0.0028218142342854025
10,poly-higg,100000.0,2.89,3.1017991042974122,0.4608978427565479,0.491613666230512,0.03071582347396412
10,poly-higg,15000000.0,2.58,2.555978774207446,0.41161970596323016,0.4075572429594236,-0.004062463003806582
11,poly-higg,100.0,14.72,12.978203042258174,1.1679078100014801,1.1132145643552156,-0.05469324564626454
11,poly-higg,1000.0,14.49,12.270585778510492,1.1610683854711745,1.0888652957589757,-0.0722030897121988
11,poly-higg,10000.0,14.49,11.421248450188953,1.1610683854711745,1.0577135789880603,-0.10335480648311424
11,poly-higg,100000.0,11.55,9.400867485131633,1.0625819842281632,0.9731679309000005,-0.08941405332816266
11,poly-higg,15000000.0,6.92,6.5220112161834285,0.8401060944567578,0.8143815413454951,-0.02572455311126265
12,poly-higg,100.0,4.14,4.279533799849522,0.617000341120899,0.6313964607934139,0.014396119672514973
12,poly-higg,1000.0,4.14,4.027485665979962,0.617000341120899,0.6050340034185346,-0.011966337702364327
12,poly-higg,10000.0,4.14,3.6656702841443662,0.617000341120899,0.5641533989195895,-0.05284694220130948
12,poly-higg,100000.0,3.15,3.2547154775755103,0.4983105537896005,0.5125130291807768,0.014202475391176306
12,poly-higg,15000000.0,2.25,2.6030896294024646,0.3521825181113625,0.41548912196430987,0.0633066038529474
13,poly-higg,100.0,17.25,14.88307467865246,1.236789099409293,1.1726926609163204,-0.06409643849297253
13,poly-higg,1000.0,17.25,14.404573038851943,1.236789099409293,1.1585003900292294,-0.07828870938006349
13,poly-higg,10000.0,17.25,14.048330440671124,1.236789099409293,1.1476247140284475,-0.08916438538084548
13,poly-higg,100000.0,14.7,12.90949123469177,1.167317334748176,1.1109091269821594,-0.05640820776601663
13,poly-higg,15000000.0,13.0,10.005356837631087,1.1139433523068367,1.000232582212666,-0.11371077009417063
14,none,100.0,1.15,1.199708123295265,0.06069784035361165,0.07907559949698224,0.018377759143370594
14,none,1000.0,1.15,1.226332490014906,0.06069784035361165,0.08860823445802715,0.027910394104415502
14,none,10000.0,1.15,1.2361688340796957,0.06069784035361165,0.09207779009075831,0.03137994973714666
14,none,100000.0,1.15,1.2331846404072422,0.06069784035361165,0.09102810685245909,0.030330266498847437
14,none,15000000.0,1.15,1.209479425399007,0.06069784035361165,0.08259848492470376,0.021900644571092108
15,none,100.0,1.25,1.2703660105283259,0.09691001300805642,0.10392886540617509,0.007018852398118669
15,none,1000.0,1.25,1.3024544541651055,0.09691001300805642,0.11476254529162706,0.017852532283570643
15,none,10000.0,1.25,1.3176343820965917,0.09691001300805642,0.11979491870572385,0.022884905697667435
15,none,100000.0,1.25,1.3245042374396705,0.09691001300805642,0.12205335205848387,0.025143339050427455
15,none,15000000.0,1.25,1.3316651394129306,0.09691001300805642,0.12439503084905837,0.02748501784100195
16,none,100.0,1.5,1.5370333363961337,0.17609125905568124,0.1866832869245227,0.010592027868841475
16,none,1000.0,1.5,1.5334885648337013,0.17609125905568124,0.18568054181303342,0.009589282757352185
16,none,10000.0,1.5,1.5305881436866604,0.17609125905568124,0.18485834485427108,0.008767085798589841
16,none,100000.0,1.5,1.5291435097567236,0.17609125905568124,0.1844482457594335,0.008356986703752262
16,none,15000000.0,1.5,1.5398972949249699,0.17609125905568124,0.18749175607361912,0.011400497017937883
17,none,100.0,1.65,1.7214656575713991,0.21748394421390627,0.23589836315686635,0.018414418942960087
17,none,1000.0,1.65,1.7252539404006122,0.21748394421390627,0.23685302798778157,0.019369083773875306
17,none,10000.0,1.65,1.72028217738235,0.21748394421390627,0.2355996899475257,0.01811574573361943
17,none,100000.0,1.65,1.7139556359666654,0.21748394421390627,0.2339995764528595,0.01651563223895322
17,none,15000000.0,1.65,1.6778879572943481,0.21748394421390627,0.22476295699720403,0.007279012783297761
18,none,100.0,2.25,2.281775211403754,0.3521825181113625,0.35827285776163836,0.006090339650275889
18,none,1000.0,2.25,2.288774786426019,0.3521825181113625,0.35960306055377605,0.00742054244241358
18,none,10000.0,2.25,2.2948300001242883,0.3521825181113625,0.3607505187436401,0.00856800063227764
18,none,100000.0,2.25,2.29833424240988,0.3521825181113625,0.36141318757183616,0.009230669460473684
18,none,15000000.0,2.25,2.2899039660917886,0.3521825181113625,0.35981726929580377,0.007634751184441291
19,poly-higg,100.0,27.03,21.29398299517517,1.4318460456987254,1.3282569029150189,-0.10358914278370657
19,poly-higg,1000.0,24.15,19.5694199302573,1.382917135087531,1.2915779526471676,-0.09133918244036332
19,poly-higg,10000.0,21.85,17.848733416216476,1.3394514413064407,1.2516074030888469,-0.08784403821759379
19,poly-higg,100000.0,14.7,13.171269194411186,1.167317334748176,1.1196276259542777,-0.04768970879389833
19,poly-higg,15000000.0,6.5,6.852943649787628,0.8129133566428556,0.8358771607263538,0.022963804083498185
20,poly-higg,100.0,76.59,44.590708238679454,1.8841720695239128,1.6492443703470876,-0.2349276991768252
20,poly-higg,1000.0,56.35,40.96518489337416,1.7508939203821254,1.6124149193563062,-0.13847900102581923
20,poly-higg,10000.0,37.95,31.645214707934336,1.579211780231499,1.5003080466420955,-0.07890373358940361
20,poly-higg,100000.0,29.4,23.529329171689085,1.4683473304121573,1.3716095454851267,-0.09673778492703056
20,poly-higg,15000000.0,18.0,15.747325155218027,1.255272505103306,1.197206795015525,-0.05806571008778105
21,bsa,100.0,9.09,8.41426740281583,0.9585638832219674,0.9250163096446129,-0.033547573577354495
21,bsa,1000.0,9.09,8.423821371573814,0.9585638832219674,0.9255091489938692,-0.03305473422809824
21,bsa,10000.0,8.63,8.11187935352273,0.9360107957152096,0.9091214828560042,-0.026889312859205372
21,bsa,100000.0,6.93,6.588729809563697,0.8407332346118067,0.8188016983774803,-0.02193153623432642
21,bsa,15000000.0,3.58,4.582531528382493,0.5538830266438743,0.6611054616441695,0.10722243500029516
22,bsa,100.0,2.19,2.2996941122770806,0.34044411484011833,0.3616700733285536,0.02122595848843528
22,bsa,1000.0,2.19,2.276065629305825,0.34044411484011833,0.3571847805852653,0.016740665745146988
22,bsa,10000.0,2.19,2.1834042410678234,0.34044411484011833,0.3391341495489595,-0.0013099652911588433
22,bsa,100000.0,2.0,1.9967357869882048,0.3010299956639812,0.30032060175378283,-0.0007093939101983637
22,bsa,15000000.0,1.56,1.5631362219648866,0.1931245983544616,0.1939968269441864,0.0008722285897247994
23,poly-higg,100.0,1.32,1.3531373928450736,0.12057393120584989,0.13134189558141995,0.010767964375570066
23,poly-higg,1000.0,1.32,1.3437468229510683,0.12057393120584989,0.1283174504492985,0.007743519243448599
23,poly-higg,10000.0,1.32,1.3085793412756956,0.12057393120584989,0.11680005974899449,-0.003773871456855399
23,poly-higg,100000.0,1.21,1.2615707253377435,0.08278537031645007,0.10091160266407082,0.018126232347620744
23,poly-higg,15000000.0,1.15,1.165711937371619,0.06069784035361165,0.06659124384830241,0.005893403494690759
24,poly-higg,100.0,2.99,3.9388916026606458,0.4756711883244297,0.5953740292950281,0.11970284097059847
24,poly-higg,1000.0,2.99,3.6908574398295744,0.4756711883244297,0.5671272708009015,0.09145608247647186
24,poly-higg,10000.0,2.99,3.3768868602637885,0.4756711883244297,0.5285165102101107,0.05284532188568103
24,poly-higg,100000.0,2.73,3.041933544586628,0.436162647040756,0.48314972203302986,0.046987074992273836
24,poly-higg,15000000.0,2.6,2.4628547902712254,0.414973347970818,0.39143880662472774,-0.023534541346090232
25,poly-higg,100.0,9.2,10.42478362664218,0.9637878273455552,1.0180670496668476,0.05427922232129234
25,poly-higg,1000.0,9.2,9.531232917580546,0.9637878273455552,0.9791490826602276,0.015361255314672362
25,poly-higg,10000.0,9.2,8.32409097101453,0.9637878273455552,0.9203368178146658,-0.04345100953088943
25,poly-higg,100000.0,6.83,6.654999248602478,0.8344207036815325,0.8231480107757103,-0.011272692905822224
25,poly-higg,15000000.0,4.17,4.298613545786373,0.6201360549737575,0.6333284029033261,0.013192347929568693
26,poly-higg,100.0,4.37,4.1923044564850915,0.6404814369704218,0.6224528147605258,-0.018028622209895984
26,poly-higg,1000.0,3.85,4.07191029017745,0.5854607295085007,0.6097982013252446,0.02433747181674395
26,poly-higg,10000.0,3.85,4.013251825015139,0.5854607295085007,0.6034964118602112,0.01803568235171049
26,poly-higg,100000.0,3.15,3.744152031244729,0.4983105537896005,0.5733534749459142,0.07504292115631367
26,poly-higg,15000000.0,2.24,2.665037005583374,0.35024801833416286,0.4257032438350408,0.07545522550087796
27,poly-higg,100.0,7.82,7.574542881911841,0.893206753059848,0.8793564286128206,-0.013850324447027385
27,poly-higg,1000.0,6.9,6.9870817141275845,0.8388490907372553,0.8442958223708719,0.0054467316336165306
27,poly-higg,10000.0,6.67,6.329854328414165,0.8241258339165489,0.8013937155317536,-0.022732118384795275
27,poly-higg,100000.0,5.15,5.334535543903601,0.7118072290411911,0.7270966131699433,0.015289384128752248
27,poly-higg,15000000.0,4.0,3.9810489962789024,0.6020599913279624,0.5999975226437858,-0.0020624686841765882
28,bsa,100.0,5.06,4.125164745609711,0.7041505168397991,0.6154412975357614,-0.08870921930403775
28,bsa,1000.0,4.6,4.0685991348849,0.6627578316815741,0.6094449024156811,-0.05331292926589304
28,bsa,10000.0,4.6,3.675087652841115,0.6627578316815741,0.5652677017035483,-0.09749012997802575
28,bsa,100000.0,3.99,3.2048988317851546,0.6009728956867483,0.505814324809309,-0.09515857087743929
28,bsa,15000000.0,3.0,2.4477128455822394,0.47712125471966244,0.3887604670299048,-0.08836078768975764
29,none,100.0,1.0,1.0830545788100472,0.0,0.03465034275530918,0.03465034275530918
29,none,1000.0,1.0,1.1071869959346528,0.0,0.04422097629350956,0.04422097629350956
29,none,10000.0,1.0,1.124620698850825,0.0,0.05100607251676728,0.05100607251676728
29,none,100000.0,1.0,1.124551878786398,0.0,0.05097949547725385,0.05097949547725385
29,none,15000000.0,1.0,1.1034168276103327,0.0,0.04273960286133012,0.04273960286133012
30,none,100.0,0.97,1.0556352996327087,-0.01322826573375516,0.02351390426435991,0.03674216999811507
30,none,1000.0,0.97,1.080426352360322,-0.01322826573375516,0.03359516839314361,0.046823434126898766
30,none,10000.0,0.97,1.0916583273746436,-0.01322826573375516,0.03808673199988735,0.05131499773364251
30,none,100000.0,0.97,1.0887175748597409,-0.01322826573375516,0.03691523366973613,0.05014349940349129
30,none,15000000.0,0.97,1.0813790850193727,-0.01322826573375516,0.03397796562011745,0.04720623135387261
31,none,100.0,1.2,1.2757345251138181,0.07918124604762482,0.10576030896708459,0.026579062919459773
31,none,1000.0,1.2,1.2824209469967331,0.07918124604762482,0.10803060314739607,0.028849357099771253
31,none,10000.0,1.2,1.274136065990495,0.07918124604762482,0.1052158091244933,0.02603456307686848
31,none,100000.0,1.2,1.2764959642526437,0.07918124604762482,0.10601944608458728,0.026838200036962467
31,none,15000000.0,1.2,1.2598764617422051,0.07918124604762482,0.10032796209055996,0.021146716042935138
32,none,100.0,1.3,1.3602552991004646,0.11394335230683679,0.13362042644753094,0.019677074140694154
32,none,1000.0,1.3,1.3662701029496545,0.11394335230683679,0.13553656510295567,0.02159321279611888
32,none,10000.0,1.3,1.3579075629020414,0.11394335230683679,0.13287020714040926,0.018926854833572468
32,none,100000.0,1.3,1.3707980639971076,0.11394335230683679,0.13697348239631277,0.023030130089475978
32,none,15000000.0,1.3,1.374814438555172,0.11394335230683679,0.1382440845300046,0.024300732223167823
33,none,100.0,1.55,1.595229820133555,0.1903316981702915,0.2028232594470225,0.012491561276731011
33,none,1000.0,1.55,1.6043010758854097,0.1903316981702915,0.2052858747496304,0.014954176579338896
33,none,10000.0,1.55,1.599597129604587,0.1903316981702915,0.20401061614289986,0.013678917972608368
33,none,100000.0,1.55,1.598777258348315,0.1903316981702915,0.20378796205236552,0.013456263882074021
33,none,15000000.0,1.55,1.5778282641693784,0.1903316981702915,0.19805973145742423,0.0077280332871327295
34,none,100.0,2.32,2.3255274504853616,0.3654879848908996,0.3665214702822619,0.0010334853913622766
34,none,1000.0,2.32,2.318479558033211,0.3654879848908996,0.3652032710868962,-0.0002847138040034114
34,none,10000.0,2.32,2.3194633802559945,0.3654879848908996,0.3653875202571091,-0.00010046463379054238
34,none,100000.0,2.32,2.32037345156746,0.3654879848908996,0.3655578878661877,6.990297528808309e-05
34,none,15000000.0,2.32,2.294295716094563,0.3654879848908996,0.36064939420651665,-0.004838590684382971
35,none,100.0,1.17,1.2593350990970127,0.06818586174616162,0.10014130780809358,0.03195544606193196
35,none,1000.0,1.17,1.2644720381923091,0.06818586174616162,0.10190923004811663,0.033723368301955006
35,none,10000.0,1.17,1.2530024807458424,0.06818586174616162,0.09795193082907726,0.02976606908291564
35,none,100000.0,1.17,1.2436866761235472,0.06818586174616162,0.09471098166515177,0.026525119918990148
35,none,15000000.0,1.17,1.222809629317219,0.06818586174616162,0.08735885002695501,0.01917298828079339
36,none,100.0,1.27,1.3370645248339694,0.10380372095595687,0.1261523662022671,0.022348645246310236
36,none,1000.0,1.27,1.3468408677107968,0.10380372095595687,0.12931628588059488,0.025512564924638007
36,none,10000.0,1.27,1.3412521494351073,0.10380372095595687,0.1275104309569028,0.023706710000945916
36,none,100000.0,1.27,1.337571111044562,0.10380372095595687,0.1263168802733041,0.022513159317347223
36,none,15000000.0,1.27,1.3372855324424038,0.10380372095595687,0.12622414617344851,0.022420425217491644
37,none,100.0,1.52,1.5793006810219414,0.18184358794477254,0.19846482264729556,0.016621234702523024
37,none,1000.0,1.52,1.5690561132923135,0.18184358794477254,0.195638475299778,0.013794887355005447
37,none,10000.0,1.52,1.557050525415525,0.18184358794477254,0.19230270540892758,0.010459117464155038
37,none,100000.0,1.52,1.5467684768736556,0.18184358794477254,0.18942531257394804,0.007581724629175501
37,none,15000000.0,1.52,1.5390678575234817,0.18184358794477254,0.1872577683034245,0.00541418035865196
38,none,100.0,2.29,2.308547266455993,0.359835482339888,0.36333877096031103,0.0035032886204230396
38,none,1000.0,2.29,2.3064397495063296,0.359835482339888,0.3629421141366984,0.003106631796810422
38,none,10000.0,2.29,2.3035719815587035,0.359835482339888,0.3624017875482456,0.0025663052083576
38,none,100000.0,2.29,2.311556485972922,0.359835482339888,0.36390451047001743,0.004069028130129437
38,none,15000000.0,2.29,2.291519999982746,0.359835482339888,0.36012365204305297,0.0002881697031649755
39,none,100.0,1.07,1.1441146961434594,0.029383777685209667,0.05846956414697433,0.029085786461764664
39,none,1000.0,1.07,1.151639981397447,0.029383777685209667,0.06131673383619321,0.031932956150983544
39,none,10000.0,1.07,1.1542200623517915,0.029383777685209667,0.06228861883155344,0.032904841146343775
39,none,100000.0,1.07,1.1523169794233963,0.029383777685209667,0.06157196127350307,0.0321881835882934
39,none,15000000.0,1.07,1.1122362207961127,0.029383777685209667,0.04619703409256429,0.01681325640735462
40,none,100.0,1.0,1.1026196559972825,0.0,0.04242573022112724,0.04242573022112724
40,none,1000.0,1.0,1.1180652576018253,0.0,0.04846715255691193,0.04846715255691193
40,none,10000.0,1.0,1.1247732555281476,0.0,0.05106498129360587,0.05106498129360587
40,none,100000.0,1.0,1.1264331477624545,0.0,0.05170542205239074,0.05170542205239074
40,none,15000000.0,1.0,1.1014518840012133,0.0,0.0419655301121328,0.0419655301121328
41,none,100.0,1.27,1.3145378228044762,0.10380372095595687,0.118773086447675,0.014969365491718123
41,none,1000.0,1.27,1.3204038947980306,0.10380372095595687,0.12070679669947212,0.016903075743515253
41,none,10000.0,1.27,1.3237398689147906,0.10380372095595687,0.12180264930723995,0.017998928351283083
41,none,100000.0,1.27,1.30731442928795,0.10380372095595687,0.116380054666702,0.012576333710745125
41,none,15000000.0,1.27,1.270009992947221,0.10380372095595687,0.10380713817230493,3.41721634805614e-06
42,none,100.0,1.38,1.4018038117987408,0.13987908640123647,0.1466872365869666,0.0068081501857301385
42,none,1000.0,1.38,1.4057273107173778,0.13987908640123647,0.1479010824643755,0.008021996063139025
42,none,10000.0,1.38,1.4088126524404547,0.13987908640123647,0.14885324334280756,0.008974156941571082
42,none,100000.0,1.38,1.3963647270149293,0.13987908640123647,0.1449988697495198,0.0051197833482833355
42,none,15000000.0,1.38,1.3559854377094596,0.13987908640123647,0.13225502555140978,-0.007624060849826697
43,none,100.0,1.64,1.6433749758155562,0.21484384804769785,0.21573666955012671,0.0008928215024288644
43,none,1000.0,1.64,1.634555492153135,0.21484384804769785,0.21339966919708636,-0.0014441788506114883
43,none,10000.0,1.64,1.618239723586265,0.21484384804769785,0.20904285777002388,-0.005800990277673973
43,none,100000.0,1.64,1.623918578918278,0.21484384804769785,0.2105642505129415,-0.004279597534756346
43,none,15000000.0,1.64,1.612097822196601,0.21484384804769785,0.20739139128495918,-0.007452456762738674
44,none,100.0,2.42,2.3731807363248163,0.38381536598043126,0.3753308144076258,-0.008484551572805477
44,none,1000.0,2.42,2.367355695554993,0.38381536598043126,0.3742635156439632,-0.009551850336468048
44,none,10000.0,2.42,2.3584738181709772,0.38381536598043126,0.37263105942972397,-0.01118430655070729
44,none,100000.0,2.42,2.3568000776474176,0.38381536598043126,0.3723227438068739,-0.011492622173557343
44,none,15000000.0,2.42,2.3165602632700217,0.38381536598043126,0.3648436024736476,-0.018971763506783645
45,none,100.0,1.2,1.2767227153742904,0.07918124604762482,0.1060965853926624,0.02691533934503758
45,none,1000.0,1.2,1.279723594742573,0.07918124604762482,0.10711617727217378,0.02793493122454896
45,none,10000.0,1.2,1.283239983308944,0.07918124604762482,0.10830788293815329,0.029126636890528468
45,none,100000.0,1.2,1.2751092173984422,0.07918124604762482,0.10554738514804143,0.026366139100416616
45,none,15000000.0,1.2,1.2557592214660553,0.07918124604762482,0.0989063760150378,0.019725129967412977
46,none,100.0,1.3,1.3706609395253921,0.11394335230683679,0.13693003662428185,0.022986684317445064
46,none,1000.0,1.3,1.3695394326889558,0.11394335230683679,0.13657454126517174,0.02263118895833495
46,none,10000.0,1.3,1.3764693773566492,0.11394335230683679,0.13876655398364388,0.024823201676807086
46,none,100000.0,1.3,1.3656480056569538,0.11394335230683679,0.13533877482128834,0.021395422514451548
46,none,15000000.0,1.3,1.3439863358860864,0.11394335230683679,0.1283948533313191,0.014451501024482297
47,none,100.0,1.55,1.6539364724788406,0.1903316981702915,0.21851882433276756,0.028187126162476067
47,none,1000.0,1.55,1.6384735105994526,0.1903316981702915,0.21443942448343514,0.024107726313143646
47,none,10000.0,1.55,1.63141003517151,0.1903316981702915,0.212563129422785,0.022231431252493494
47,none,100000.0,1.55,1.6329968722679822,0.1903316981702915,0.21298535291911944,0.02265365474882794
47,none,15000000.0,1.55,1.612569064721417,0.1903316981702915,0.2075183241042547,0.017186625933963195
48,none,100.0,2.32,2.3316463481130825,0.3654879848908996,0.3676626795731661,0.002174694682266498
48,none,1000.0,2.32,2.3346931164280185,0.3654879848908996,0.3682298028460869,0.002741817955187298
48,none,10000.0,2.32,2.331439637743054,0.3654879848908996,0.367624175812615,0.002136190921715353
48,none,100000.0,2.32,2.3298022857147673,0.3654879848908996,0.36731906700610284,0.0018310821152032197
48,none,15000000.0,2.32,2.307182336513928,0.3654879848908996,0.3630819181503367,-0.002406066740562929
49,bgg,100.0,3.45,3.413730342717565,0.5378190950732742,0.5332292123572017,-0.004589882716072524
49,bgg,1000.0,3.45,3.4492608291545594,0.5378190950732742,0.5377260364606093,-9.30586126648425e-05
49,bgg,10000.0,3.45,3.4140240758621756,0.5378190950732742,0.5332665794551125,-0.004552515618161723
49,bgg,100000.0,3.15,3.1823789624564047,0.4983105537896005,0.5027518948278418,0.0044413410382412866
49,bgg,15000000.0,2.95,2.5168477257511004,0.46982201597816303,0.40085694067091066,-0.06896507530725238
50,bgg,100.0,1.55,1.5769637209357685,0.1903316981702915,0.19782170222006387,0.007490004049772375
50,bgg,1000.0,1.55,1.5646081430149024,0.1903316981702915,0.19440558620480053,0.004073888034509032
50,bgg,10000.0,1.55,1.5343846025647425,0.1903316981702915,0.18593423173566062,-0.004397466434630876
50,bgg,100000.0,1.42,1.4804001070716377,0.15228834438305647,0.17037910783392243,0.018090763450865965
50,bgg,15000000.0,1.3,1.3683211253636562,0.11394335230683679,0.13618803203846427,0.022244679731627484
51,bgg,100.0,3.62,3.5576859184623815,0.5587085705331657,0.5511676048216785,-0.007540965711487213
51,bgg,1000.0,3.62,3.5157737335672903,0.5587085705331657,0.5460209171909312,-0.01268765334223454
51,bgg,10000.0,3.62,3.4697509114997516,0.5587085705331657,0.5402982985245813,-0.01841027200858436
51,bgg,100000.0,3.31,3.3449503248922476,0.5198279937757188,0.5243896725416964,0.004561678765977684
51,bgg,15000000.0,3.15,2.9509921208652874,0.4983105537896005,0.469968049937338,-0.0283425038522625
52,bgg,100.0,2.74,2.769252461276291,0.437750562820388,0.44236255037945227,0.004611987559064279
52,bgg,1000.0,2.74,2.6949542754236524,0.437750562820388,0.43055140102566797,-0.0071991617947200215
52,bgg,10000.0,2.74,2.630890481755578,0.437750562820388,0.42010276972797506,-0.017647793092412933
52,bgg,100000.0,2.42,2.5096197855845506,0.38381536598043126,0.39960792963626146,0.015792563655830205
52,bgg,15000000.0,2.0,2.0775691767860844,0.3010299956639812,0.3175554933929931,0.016525497729011907
53,poly-higg,100.0,2.53,2.4755014441636,0.40312052117581787,0.3936631840272684,-0.00945733714854946
53,poly-higg,1000.0,2.53,2.4188791095004465,0.40312052117581787,0.3836141637778282,-0.01950635739798967
53,poly-higg,10000.0,2.53,2.3047972243419563,0.40312052117581787,0.36263272225357057,-0.0404877989222473
53,poly-higg,100000.0,2.1,2.1783329210212226,0.3222192947339193,0.33812425499419607,0.015904960260276768
53,poly-higg,15000000.0,1.75,1.6167766292806505,0.24303804868629444,0.20865002276862227,-0.03438802591767218
54,poly-higg,100.0,5.87,4.38925520612829,0.7686381012476144,0.642390832927692,-0.1262472683199225
54,poly-higg,1000.0,3.62,3.9321942876464826,0.5587085705331657,0.594634967951603,0.035926397418437284
54,poly-higg,10000.0,3.57,3.5154439991285487,0.5526682161121932,0.5459801840340903,-0.006688032078102868
54,poly-higg,100000.0,3.2,3.235465145232946,0.505149978319906,0.5099367256496391,0.004786747329733054
54,poly-higg,15000000.0,2.75,2.620054990363488,0.43933269383026263,0.4183104064956226,-0.02102228733464001
55,poly-higg,100.0,2.88,2.6061703862697394,0.45939248775923086,0.416002805619763,-0.04338968213946787
55,poly-higg,1000.0,2.51,2.4187655240262793,0.3996737214810381,0.38359376974378845,-0.01607995173724963
55,poly-higg,10000.0,2.3,2.2496418172855575,0.36172783601759284,0.3521133762627262,-0.009614459754866633
55,poly-higg,100000.0,2.0,2.1085472481657233,0.3010299956639812,0.32398333709750354,0.022953341433522345
55,poly-higg,15000000.0,1.73,1.8204393947683863,0.2380461031287954,0.2601762251783478,0.02213012204955242
56,bsa,100.0,3.51,3.5548431650072847,0.5453071164658241,0.5508204449885975,0.00551332852277342
56,bsa,1000.0,3.51,3.5181927906310393,0.5453071164658241,0.5463196343292628,0.0010125178634387
56,bsa,10000.0,3.51,3.427952132000278,0.5453071164658241,0.5350347487957096,-0.010272367670114524
56,bsa,100000.0,3.2,3.2246796339452355,0.505149978319906,0.508486574747764,0.0033365964278579963
56,bsa,15000000.0,3.05,2.8734125771885153,0.48429983934678583,0.4583979883769076,-0.025901850969878237
57,bsa,100.0,2.24,2.356871536400807,0.35024801833416286,0.3723359115219055,0.022087893187742624
57,bsa,1000.0,2.22,2.157316250761713,0.3463529744506387,0.3339138149649161,-0.01243915948572255
57,bsa,10000.0,1.84,1.8857759428090763,0.2648178230095365,0.2754900910618924,0.010672268052355882
57,bsa,100000.0,1.63,1.6737933198910544,0.21218760440395779,0.22370183025676724,0.011514225852809451
57,bsa,15000000.0,1.47,1.412344846046324,0.1673173347481761,0.14994074944229852,-0.017376585305877573
58,poly-higg,100.0,6.33,6.124884818324121,0.8014037100173551,0.7870979259775334,-0.014305784039821745
58,poly-higg,1000.0,6.33,6.152705082007505,0.8014037100173551,0.789066098522716,-0.012337611494639078
58,poly-higg,10000.0,6.33,6.187325608980909,0.8014037100173551,0.7915029714366382,-0.009900738580716939
58,poly-higg,100000.0,5.78,5.9723652881380005,0.761927838420529,0.7761463626449177,0.014218524224388629
58,poly-higg,15000000.0,5.5,5.254472448742786,0.7403626894942439,0.7205291192032629,-0.019833570290980984
59,poly-higg,100.0,6.33,5.4379178740196545,0.8014037100173551,0.7354326443825199,-0.06597106563483524
59,poly-higg,1000.0,5.18,5.2179079746511485,0.714329759745233,0.7174964154208464,0.0031666556756133613
59,poly-higg,10000.0,5.06,5.071689211789161,0.7041505168397991,0.7051526325431461,0.0010021157033469619
59,poly-higg,100000.0,4.41,4.71635239082514,0.6444385894678385,0.6736062467354575,0.02916765726761905
59,poly-higg,15000000.0,3.88,4.108157069459096,0.5888317255942073,0.613647039865675,0.02481531427146777
60,none,100.0,1.38,1.4726074082246916,0.13987908640123647,0.1680869809451182,0.02820789454388173
60,none,1000.0,1.38,1.479634146127247,0.13987908640123647,0.1701543451518233,0.030275258750586814
60,none,10000.0,1.38,1.483565155664315,0.13987908640123647,0.17130662454844214,0.03142753814720567
60,none,100000.0,1.38,1.498590001290311,0.13987908640123647,0.1756828306250007,0.03580374422376423
60,none,15000000.0,1.38,1.506339095486092,0.13987908640123647,0.17792274790808324,0.038043661506846765
61,none,100.0,3.05,3.050381628942297,0.48429983934678583,0.4843541767158462,5.433736906035325e-05
61,none,1000.0,3.05,3.062492873074057,0.48429983934678583,0.48607508669888716,0.0017752473521013279
61,none,10000.0,3.05,3.0751514118663796,0.48429983934678583,0.4878665040851536,0.003566664738367753
61,none,100000.0,3.05,3.0874300182825003,0.48429983934678583,0.4895971223751904,0.0052972830284045425
61,none,15000000.0,3.05,3.084393757394645,0.48429983934678583,0.4891698154709365,0.004869976124150688
62,none,100.0,0.98,1.0607434810481389,-0.00877392430750515,0.02561037142755693,0.03438429573506208
62,none,1000.0,0.98,1.080189666146433,-0.00877392430750515,0.03350001819878676,0.042273942506291906
62,none,10000.0,0.98,1.0848372377424,-0.00877392430750515,0.03536458421885833,0.04413850852636348
62,none,100000.0,0.98,1.0891202628167218,-0.00877392430750515,0.03707583806058036,0.04584976236808551
62,none,15000000.0,0.98,1.0769149393156652,-0.00877392430750515,0.032181401678007246,0.040955325985512395
63,none,100.0,3.3,3.24892044615453,0.5185139398778874,0.5117390772363045,-0.0067748626415828905
63,none,1000.0,3.3,3.259584876767114,0.5185139398778874,0.513162294175615,-0.005351645702272423
63,none,10000.0,3.3,3.268232156725046,0.5185139398778874,0.5143128987794545,-0.004201041098432889
63,none,100000.0,3.3,3.2740283307132683,0.5185139398778874,0.5150824331147763,-0.003431506763111103
63,none,15000000.0,3.3,3.211254990196396,0.5185139398778874,0.5066747921558582,-0.011839147722029209
64,none,100.0,1.04,1.1288322916252727,0.01703333929878037,0.05262942444763603,0.03559608514885566
64,none,1000.0,1.04,1.145669276975365,0.01703333929878037,0.059059266921233734,0.042025927622453364
64,none,10000.0,1.04,1.1614890386645313,0.01703333929878037,0.0650151155826846,0.04798177628390422
64,none,100000.0,1.04,1.1624969086675512,0.01703333929878037,0.065391806679919,0.04835846738113864
64,none,15000000.0,1.04,1.1228705662490919,0.01703333929878037,0.050329697843400724,0.033296358544620354
65,none,100.0,1.01,1.102976498973378,0.004321373782642578,0.04256625906311594,0.03824488528047336
65,none,1000.0,1.01,1.1179834946643685,0.004321373782642578,0.04843539189646881,0.04411401811382623
65,none,10000.0,1.01,1.131841785772781,0.004321373782642578,0.05378572334692508,0.0494643495642825
65,none,100000.0,1.01,1.1403291618517821,0.004321373782642578,0.057030230759115966,0.05270885697647339
65,none,15000000.0,1.01,1.1225262486540082,0.004321373782642578,0.05019650514289752,0.045875131360254943
66,none,100.0,1.11,1.1411391682677872,0.045322978786657475,0.05733861227545254,0.012015633488795065
66,none,1000.0,1.11,1.1518870803508974,0.045322978786657475,0.06140990722595817,0.016086928439300693
66,none,10000.0,1.11,1.1618713974335484,0.045322978786657475,0.06515806051917446,0.019835081732516982
66,none,100000.0,1.11,1.1649191306963842,0.045322978786657475,0.06629577745529965,0.02097279866864217
66,none,15000000.0,1.11,1.1342200958999848,0.045322978786657475,0.054697337766727715,0.00937435898007024
67,none,100.0,1.04,1.112564777958912,0.01703333929878037,0.04632530674608315,0.02929196744730278
67,none,1000.0,1.04,1.1247533457645977,0.01703333929878037,0.05105729372019292,0.03402395442141255
67,none,10000.0,1.04,1.1341140934433942,0.01703333929878037,0.05465674737910732,0.03762340808032695
67,none,100000.0,1.04,1.1369607793136811,0.01703333929878037,0.0557454834903444,0.03871214419156403
67,none,15000000.0,1.04,1.1135358261513575,0.01703333929878037,0.04670419429286409,0.02967085499408372
68,none,100.0,1.24,1.3056268763256413,0.09342168516223506,0.11581908145251152,0.022397396290276456
68,none,1000.0,1.24,1.312215633887041,0.09342168516223506,0.11800520768619896,0.024583522523963897
68,none,10000.0,1.24,1.3180333466327363,0.09342168516223506,0.11992639817558072,0.026504713013345657
68,none,100000.0,1.24,1.3189034093733758,0.09342168516223506,0.12021299091241536,0.026791305750180294
68,none,15000000.0,1.24,1.2748380063463414,0.09342168516223506,0.10545500248011333,0.012033317317878267
69,none,100.0,1.33,1.3942853491718434,0.12385164096708581,0.1443516639261316,0.020500022959045794
69,none,1000.0,1.33,1.3986154040059258,0.12385164096708581,0.14569830714312518,0.021846666176039364
69,none,10000.0,1.33,1.4083674048848072,0.12385164096708581,0.14871596524614783,0.024864324279062017
69,none,100000.0,1.33,1.4070290906322962,0.12385164096708581,0.14830307666038614,0.024451435693300327
69,none,15000000.0,1.33,1.3695108959624447,0.12385164096708581,0.13656549189303996,0.012713850925954145
70,none,100.0,1.6,1.6064686725934445,0.2041199826559248,0.20587226088507452,0.001752278229149723
70,none,1000.0,1.6,1.6141741485997967,0.2041199826559248,0.20795038769455776,0.003830405038632967
70,none,10000.0,1.6,1.6140707994018941,0.2041199826559248,0.20792258064329833,0.003802597987373535
70,none,100000.0,1.6,1.613431259163634,0.2041199826559248,0.20775046685683018,0.003630484200905393
70,none,15000000.0,1.6,1.5829904994828579,0.2041199826559248,0.19947830839706757,-0.004641674258857226
71,none,100.0,2.35,2.4130330014688384,0.37106786227173627,0.3825632615100306,0.011495399238294346
71,none,1000.0,2.35,2.428113724708278,0.37106786227173627,0.3852690237774423,0.01420116150570605
71,none,10000.0,2.35,2.444021946439052,0.37106786227173627,0.38810510139645116,0.017037239124714887
71,none,100000.0,2.35,2.416435722084317,0.37106786227173627,0.38317524726493984,0.012107384993203574
71,none,15000000.0,2.35,2.355161590880421,0.37106786227173627,0.37202071002972686,0.0009528477579905936
72,none,100.0,1.21,1.2966683872936855,0.08278537031645007,0.11282892289781181,0.030043552581361738
72,none,1000.0,1.21,1.305207242885693,0.08278537031645007,0.1156794751193324,0.032894104802882324
72,none,10000.0,1.21,1.306851820304862,0.08278537031645007,0.11622634712743402,0.033440976810983944
72,none,100000.0,1.21,1.2980012468924829,0.08278537031645007,0.11327510965869922,0.030489739342249148
72,none,15000000.0,1.21,1.2812414525016285,0.08278537031645007,0.10763098111689558,0.024845610800445506
73,none,100.0,1.31,1.3797518082187596,0.11727129565576427,0.13980097189759455,0.022529676241830277
73,none,1000.0,1.31,1.383154756651346,0.11727129565576427,0.14087077461374017,0.0235994789579759
73,none,10000.0,1.31,1.3850962004524758,0.11727129565576427,0.1414799379309821,0.024208642275217823
73,none,100000.0,1.31,1.3897126988744262,0.11727129565576427,0.14292502601665238,0.02565373036088811
73,none,15000000.0,1.31,1.3657095464636122,0.11727129565576427,0.1353583451867481,0.018087049530983834
74,none,100.0,1.56,1.6061410354636538,0.1931245983544616,0.2057836780748619,0.012659079720400285
74,none,1000.0,1.56,1.5991752118150055,0.1931245983544616,0.20389604933455155,0.010771450980089942
74,none,10000.0,1.56,1.5919363604289833,0.1931245983544616,0.20192570230431775,0.008801103949856143
74,none,100000.0,1.56,1.5891930938657293,0.1931245983544616,0.2011766690799512,0.00805207072548958
74,none,15000000.0,1.56,1.5594726489245896,0.1931245983544616,0.19297776221256616,-0.00014683614189545113
75,none,100.0,2.33,2.381422533034586,0.367355921026019,0.37683645860729464,0.00948053758127565
75,none,1000.0,2.33,2.39900528907082,0.367355921026019,0.38003120545500835,0.012675284428989353
75,none,10000.0,2.33,2.4186714545806387,0.367355921026019,0.3835768790467754,0.016220958020756404
75,none,100000.0,2.33,2.4080228164410844,0.367355921026019,0.38166059762213017,0.014304676596111177
75,none,15000000.0,2.33,2.3822296226602484,0.367355921026019,0.37698362072691394,0.009627699700894943
76,none,100.0,1.42,1.469789652276756,0.15228834438305647,0.16725518550183738,0.01496684111878091
76,none,1000.0,1.42,1.4560053084933262,0.15228834438305647,0.16316295838715303,0.010874614004096561
76,none,10000.0,1.42,1.4414535625225662,0.15228834438305647,0.15880065583622416,0.006512311453167691
76,none,100000.0,1.42,1.4332066934072705,0.15228834438305647,0.15630882775464702,0.004020483371590555
76,none,15000000.0,1.42,1.4080833748683983,0.15228834438305647,0.14862837083823116,-0.003659973544825307
77,none,100.0,3.1,3.1308820939285162,0.4913616938342727,0.4956667128036287,0.004305018969355978
77,none,1000.0,3.1,3.1218542737446855,0.4913616938342727,0.494412626597746,0.003050932763473291
77,none,10000.0,3.1,3.12594953685839,0.4913616938342727,0.494981962793585,0.0036202689593122783
77,none,100000.0,3.1,3.1290480590893384,0.4913616938342727,0.49541223353194563,0.004050539697672939
77,none,15000000.0,3.1,3.1295168959205046,0.4913616938342727,0.4954773006042004,0.0041156067699277266
78,none,100.0,1.47,1.5272347969241384,0.1673173347481761,0.18390581057941605,0.016588475831239957
78,none,1000.0,1.47,1.5188060684028406,0.1673173347481761,0.18150232369860142,0.014184988950425331
78,none,10000.0,1.47,1.522751424540501,0.1673173347481761,0.18262901445800292,0.015311679709826831
78,none,100000.0,1.47,1.5214213693353091,0.1673173347481761,0.18224951190534885,0.014932177157172766
78,none,15000000.0,1.47,1.4886011685174947,0.1673173347481761,0.17277835556711216,0.005461020818936069
79,none,100.0,3.15,3.1023076133786245,0.4983105537896005,0.49168485865143974,-0.006625695138160748
79,none,1000.0,3.15,3.0928793700642503,0.4983105537896005,0.4903629817758645,-0.00794757201373597
79,none,10000.0,3.15,3.082500654483984,0.4983105537896005,0.48890317747823236,-0.00940737631136812
79,none,100000.0,3.15,3.0828121151279957,0.4983105537896005,0.4889470570490487,-0.009363496740551813
79,none,15000000.0,3.15,3.1297132628613684,0.4983105537896005,0.4955045503063874,-0.002806003483213082
80,none,100.0,1.54,1.8305173414610827,0.18752072083646307,0.26257384753887314,0.07505312670241007
80,none,1000.0,1.54,1.8138633080139672,0.18752072083646307,0.25860455570530955,0.07108383486884648
80,none,10000.0,1.54,1.8049709715339626,0.18752072083646307,0.25647022175192996,0.0689495009154669
80,none,100000.0,1.54,1.7960468342361018,0.18752072083646307,0.2543176572673139,0.06679693643085086
80,none,15000000.0,1.54,1.7860409626788245,0.18752072083646307,0.251891415169197,0.06437069433273393
81,none,100.0,3.22,3.2146999406496257,0.5078558716958309,0.5071404422052901,-0.0007154294905408198
81,none,1000.0,3.22,3.202485316567132,0.5078558716958309,0.5054871471759779,-0.0023687245198530382
81,none,10000.0,3.22,3.189851398646384,0.5078558716958309,0.5037704516305043,-0.004085420065326639
81,none,100000.0,3.22,3.171479991540995,0.5078558716958309,0.5012619758341453,-0.0065938958616855725
81,none,15000000.0,3.22,3.134889967332294,0.5078558716958309,0.49622230197086814,-0.011633569724962767
82,bsa,100.0,10.35,9.374279953618737,1.0149403497929366,0.971937919153929,-0.04300243063900755
82,bsa,1000.0,10.35,9.086058864100913,1.0149403497929366,0.9583755460677993,-0.05656480372513728
82,bsa,10000.0,10.35,9.02796521303769,1.0149403497929366,0.9555898769658839,-0.059350472827052636
82,bsa,100000.0,10.35,9.038040476063182,1.0149403497929366,0.9560742819488814,-0.058866067844055125
82,bsa,15000000.0,10.35,8.454852038071998,1.0149403497929366,0.9271060117432065,-0.08783433804973007
83,bgg,100.0,18.06,15.059296273303286,1.256717745977487,1.1778046775909754,-0.07891306838651158
83,bgg,1000.0,18.06,14.300218927745982,1.256717745977487,1.1553426863031184,-0.10137505967436855
83,bgg,10000.0,14.95,12.924208127154982,1.1746411926604485,1.1114039431360077,-0.06323724952444087
83,bgg,100000.0,12.43,11.271662128002616,1.0944711286416449,1.0519879621680794,-0.042483166473565426
83,bgg,15000000.0,9.5,8.47862432329982,0.9777236052888477,0.9283253926734727,-0.049398212615375026
84,poly-higg,100.0,19.09,16.532961446272935,1.2808059283936668,1.2183506530015027,-0.06245527539216411
84,poly-higg,1000.0,19.09,15.792095076331254,1.2808059283936668,1.198439750003989,-0.08236617838967786
84,poly-higg,10000.0,19.09,14.590872444946813,1.2808059283936668,1.1640812608240922,-0.11672466756957456
84,poly-higg,100000.0,16.72,12.939707454193378,1.2232362731029975,1.1119244577495504,-0.11131181535344714
84,poly-higg,15000000.0,9.3,9.538941012004097,0.9684829485539351,0.9795001631557492,0.01101721460181404
85,bsa,100.0,4.95,4.570213966331791,0.6946051989335688,0.6599365331599878,-0.034668665773580964
85,bsa,1000.0,4.95,4.551952419970949,0.6946051989335688,0.6581977138764565,-0.03640748505711222
85,bsa,10000.0,4.95,4.541997520835467,0.6946051989335688,0.6572468928322478,-0.03735830610132096
85,bsa,100000.0,4.95,4.540482592728112,0.6946051989335688,0.657102015020157,-0.037503183913411786
85,bsa,15000000.0,4.3,4.315998662525846,0.6334684555795865,0.6350813014284508,0.0016128458488642305
86,bgg,100.0,5.75,5.153035377582291,0.7596678446896304,0.7120631240710167,-0.04760472061861376
86,bgg,1000.0,5.75,5.047161526441692,0.7596678446896304,0.7030472038657991,-0.056620640823831336
86,bgg,10000.0,5.75,4.97549208738166,0.7596678446896304,0.6968360399090566,-0.06283180478057382
86,bgg,100000.0,5.75,4.826491129903406,0.7596678446896304,0.6836315123830519,-0.07603633230657858
86,bgg,15000000.0,5.7,4.438484718943137,0.7558748556724915,0.6472347290061988,-0.10864012666629264
87,poly-higg,100.0,5.87,5.060322545121858,0.7686381012476144,0.7041781996663119,-0.06445990158130255
87,poly-higg,1000.0,5.06,4.98620619356737,0.7041505168397991,0.6977702338301979,-0.006380283009601251
87,poly-higg,10000.0,5.06,4.92633009470334,0.7041505168397991,0.6925235089048527,-0.01162700793494642
87,poly-higg,100000.0,5.06,4.826723274935371,0.7041505168397991,0.6836524006182396,-0.020498116221559504
87,poly-higg,15000000.0,4.4,4.309536350959078,0.6434526764861874,0.6344305483390448,-0.00902212814714265
88,bgg,100.0,2.42,2.41094129841318,0.38381536598043126,0.3821866363062826,-0.0016287296741486768
88,bgg,1000.0,2.42,2.4139489591748395,0.38381536598043126,0.3827280830840042,-0.0010872828964270664
88,bgg,10000.0,2.42,2.4290269303222685,0.38381536598043126,0.3854323298012287,0.0016169638207974568
88,bgg,100000.0,2.42,2.4556060452605384,0.38381536598043126,0.3901586938644993,0.006343327884068051
88,bgg,15000000.0,2.4,2.384852925207036,0.38021124171160603,0.3774616010949877,-0.0027496406166183096
89,bsa,100.0,2.76,2.6519952550035364,0.4409090820652177,0.42357274268612,-0.017336339379097676
89,bsa,1000.0,2.65,2.586350568943795,0.42324587393680785,0.4126873913250853,-0.010558482611722542
89,bsa,10000.0,2.42,2.490979442180368,0.38381536598043126,0.3963701433596829,0.012554777379251647
89,bsa,100000.0,2.42,2.4007453063829063,0.38381536598043126,0.3803460884620027,-0.0034692775184285707
89,bsa,15000000.0,2.0,2.158392636886854,0.3010299956639812,0.33413045078369297,0.03310045511971177
90,poly-higg,100.0,3.45,2.745227857414086,0.5378190950732742,0.4385783972781679,-0.0992406977951063
90,poly-higg,1000.0,2.88,2.750918247621456,0.45939248775923086,0.4394776841248905,-0.01991480363434034
90,poly-higg,10000.0,2.71,2.748468842140363,0.4329692908744057,0.4390908179751318,0.006121527100726054
90,poly-higg,100000.0,2.71,2.7386330707755637,0.4329692908744057,0.4375338482406837,0.004564557366277977
90,poly-higg,15000000.0,2.7,2.4942838612637575,0.43136376415898736,0.39694587671482634,-0.03441788744416102
91,bgg,100.0,4.72,5.058452836276331,0.6739419986340878,0.704017705097945,0.030075706463857266
91,bgg,1000.0,4.72,4.893837230355724,0.6739419986340878,0.6896495205666703,0.015707521932582513
91,bgg,10000.0,4.72,4.768510637002932,0.6739419986340878,0.678382755741876,0.00444075710778824
91,bgg,100000.0,4.2,4.250514375831938,0.6232492903979004,0.62844148936045,0.005192198962549521
91,bgg,15000000.0,2.7,3.439928798075594,0.43136376415898736,0.5365494533497579,0.10518568919077054
92,bgg,100.0,2.88,2.8160937825454946,0.45939248775923086,0.449647113738473,-0.009745374020757869
92,bgg,1000.0,2.88,2.7307037408621655,0.45939248775923086,0.436274585277776,-0.023117902481454844
92,bgg,10000.0,2.88,2.681290370192556,0.45939248775923086,0.428343848426654,-0.031048639332576844
92,bgg,100000.0,2.53,2.496066663926652,0.40312052117581787,0.397256180124516,-0.005864341051301847
92,bgg,15000000.0,1.8,2.0643956294027372,0.25527250510330607,0.3147929309403076,0.05952042583700151
93,bgg,100.0,1.92,1.9617038556258521,0.28330122870354957,0.29263344566625,0.009332216962700424
93,bgg,1000.0,1.92,1.93575138650507,0.28330122870354957,0.2868495790042944,0.0035483503007448514
93,bgg,10000.0,1.92,1.8985994705071503,0.28330122870354957,0.2784333554187732,-0.004867873284776392
93,bgg,100000.0,1.92,1.8154479196695297,0.28330122870354957,0.25898379468401794,-0.024317434019531625
93,bgg,15000000.0,1.9,1.7480689923347768,0.2787536009528289,0.2425585692589069,-0.03619503169392202
94,bgg,100.0,1.61,1.7112503870316997,0.20682587603184974,0.23331355936598358,0.026487683334133844
94,bgg,1000.0,1.61,1.70260611378763,0.20682587603184974,0.23111418854153043,0.024288312509680693
94,bgg,10000.0,1.61,1.671220684018673,0.20682587603184974,0.2230338020916776,0.016207926059827876
94,bgg,100000.0,1.61,1.6084975614653263,0.20682587603184974,0.20642040683391308,-0.0004054691979366587
94,bgg,15000000.0,1.6,1.5870802712365708,0.2041199826559248,0.2005988930267296,-0.003521089629195201
95,bgg,100.0,8.05,6.795686892034064,0.9057958803678685,0.8322333607510944,-0.07356251961677407
95,bgg,1000.0,7.25,6.894246833615844,0.8603380065709937,0.8384868283261037,-0.021851178244890024
95,bgg,10000.0,6.9,6.471456230470051,0.8388490907372553,0.8110020181796773,-0.027847072557578012
95,bgg,100000.0,5.8,5.263101109446815,0.7634279935629372,0.7212417133296521,-0.04218628023328508
95,bgg,15000000.0,4.25,3.905012295109966,0.6283889300503115,0.5916224056115282,-0.036766524438783255
96,poly-higg,100.0,6.33,5.42505514238691,0.8014037100173551,0.734404156882345,-0.06699955313501016
96,poly-higg,1000.0,5.98,5.2682052264393056,0.7767011839884109,0.7216626848497452,-0.055038499138665764
96,poly-higg,10000.0,5.98,5.030946151652158,0.7767011839884109,0.7016496689128119,-0.07505151507559904
96,poly-higg,100000.0,5.28,4.315615485222669,0.7226339225338123,0.635042742756661,-0.08759117977715136
96,poly-higg,15000000.0,3.7,3.160063081847335,0.568201724066995,0.4996957521832015,-0.06850597188379348
97,poly-higg,100.0,2.86,3.0143908963054047,0.456366033129043,0.47919956951170256,0.02283353638265956
97,poly-higg,1000.0,2.86,2.857404608176431,0.456366033129043,0.4559717407876667,-0.0003942923413762789
97,poly-higg,10000.0,2.86,2.7236379863234905,0.456366033129043,0.43514938261294234,-0.021216650516100666
97,poly-higg,100000.0,2.6,2.468787203692783,0.414973347970818,0.3924836576740246,-0.022489690296793374
97,poly-higg,15000000.0,1.68,1.911440885286346,0.22530928172586284,0.28136087123240516,0.05605158950654232
98,poly-higg,100.0,1.61,1.8268074067160016,0.20682587603184974,0.2616927637677676,0.054866887735917885
98,poly-higg,1000.0,1.61,1.7569829156305068,0.20682587603184974,0.24476753856787847,0.037941662536028736
98,poly-higg,10000.0,1.61,1.7144118253044158,0.20682587603184974,0.23411515362799923,0.02728927759614949
98,poly-higg,100000.0,1.61,1.6503709758815888,0.20682587603184974,0.21758157734675657,0.01075570131490683
98,poly-higg,15000000.0,1.6,1.5161170497592986,0.2041199826559248,0.180732731706479,-0.023387250949445798
99,poly-higg,100.0,1.32,1.3835601249840237,0.12057393120584989,0.1409980369004677,0.020424105694617806
99,poly-higg,1000.0,1.32,1.3917358445648662,0.12057393120584989,0.1435568127642238,0.022982881558373913
99,poly-higg,10000.0,1.32,1.3920228427960288,0.12057393120584989,0.1436463620122369,0.023072430806387018
99,poly-higg,100000.0,1.32,1.3644401987137766,0.12057393120584989,0.13495450597311834,0.01438057476726845
99,poly-higg,15000000.0,1.3,1.3050176730251786,0.11394335230683679,0.11561639308835533,0.001673040781518545
100,poly-higg,100.0,7.36,6.904503477829837,0.8668778143374989,0.8391324527058184,-0.02774536163168051
100,poly-higg,1000.0,7.36,6.649283254986212,0.8668778143374989,0.8227748339977503,-0.044102980339748576
100,poly-higg,10000.0,7.36,6.3419223520362715,0.8668778143374989,0.8022209203954822,-0.06465689394201668
100,poly-higg,100000.0,6.6,5.242958368293459,0.8195439355418687,0.7195764092124441,-0.09996752632942452
100,poly-higg,15000000.0,4.18,3.643283168726962,0.6211762817750351,0.5614929274418278,-0.05968335433320737
101,bgg,100.0,4.36,4.526272758323243,0.6394864892685861,0.6557407214846878,0.01625423221610167
101,bgg,1000.0,4.36,4.346237184877624,0.6394864892685861,0.6381134231517375,-0.0013730661168486202
101,bgg,10000.0,4.04,4.081318578715009,0.6063813651106049,0.6108004961645769,0.004419131053971959
101,bgg,100000.0,3.47,3.597051776517497,0.5403294747908738,0.5559466891651903,0.015617214374316513
101,bgg,15000000.0,2.8,2.7889486106731542,0.4471580313422192,0.44544051200477564,-0.0017175193374435738
102,bgg,100.0,6.24,6.588335282029341,0.795184589682424,0.818775692414849,0.02359110273242504
102,bgg,1000.0,6.355421780873455,6.291686424135792,0.8031443780257402,0.7987670693770089,-0.004377308648731315
102,bgg,10000.0,6.470843561746911,6.048627160488241,0.8109609005035047,0.7816568152673179,-0.029304085236186772
102,bgg,100000.0,5.97,5.684586344556939,0.7759743311293691,0.754698867473624,-0.021275463655745064
102,bgg,15000000.0,3.85,4.442389190613941,0.5854607295085007,0.647616603724363,0.06215587421586233
103,bgg,100.0,2.02,2.0485714215592723,0.3053513694466238,0.3114511098309565,0.006099740384332697
103,bgg,1000.0,2.02,2.0422913091688044,0.3053513694466238,0.3101176892402331,0.004766319793609308
103,bgg,10000.0,2.02,2.030854947990666,0.3053513694466238,0.30767890541520543,0.002327535968581651
103,bgg,100000.0,2.02,2.00908125974496,0.3053513694466238,0.3029975026741528,-0.0023538667724709583
103,bgg,15000000.0,2.0,1.9634940850201206,0.3010299956639812,0.2930295973064668,-0.008000398357514371
104,bgg,100.0,5.23,5.027714266588756,0.7185016888672743,0.7013705880334264,-0.017131100833847834
104,bgg,1000.0,5.23,4.960164934687886,0.7185016888672743,0.6954961178276755,-0.02300557103959877
104,bgg,10000.0,5.23,4.903874736978253,0.7185016888672743,0.6905393681714665,-0.02796232069580773
104,bgg,100000.0,4.6,4.708969229291731,0.6627578316815741,0.6729258525594208,0.01016802087784674
104,bgg,15000000.0,4.18,4.180137101958865,0.6211762817750351,0.6211905261883677,1.4244413332531458e-05
105,poly-higg,100.0,3.67,4.225835694642258,0.5646660642520893,0.6259126071750225,0.06124654292293319
105,poly-higg,1000.0,3.67,3.997119850400907,0.5646660642520893,0.6017471704235815,0.037081106171492184
105,poly-higg,10000.0,3.67,3.665942912797314,0.5646660642520893,0.5641856977101716,-0.00048036654191774275
105,poly-higg,100000.0,3.26,3.3327816090501776,0.5132176000679389,0.5228068560872094,0.00958925601927052
105,poly-higg,15000000.0,2.96,2.9475394896823564,0.4712917110589386,0.46945963226967274,-0.0018320787892658341
106,poly-higg,100.0,6.89,7.209072103013401,0.8382192219076258,0.8578793692306304,0.019660147323004584
106,poly-higg,1000.0,6.89,6.79929696740681,0.8382192219076258,0.8324640099179783,-0.005755211989647457
106,poly-higg,10000.0,6.89,6.406406946223385,0.8382192219076258,0.8066145223524495,-0.03160469955517631
106,poly-higg,100000.0,5.53,5.613565022323033,0.7427251313046983,0.7492387574748309,0.006513626170132625
106,poly-higg,15000000.0,4.82,4.288120053664571,0.6830470382388496,0.6322669357132096,-0.050780102525640025
107,poly-higg,100.0,3.94,4.075784681150127,0.5954962218255742,0.6102112326802268,0.014715010854652655
107,poly-higg,1000.0,3.966911893281596,4.090666884652685,0.5984525547250831,0.6117941150282002,0.013341560303117173
107,poly-higg,10000.0,3.993823786563192,4.106525563721034,0.6013888992398679,0.6134745307182885,0.012085631478420567
107,poly-higg,100000.0,4.0,3.9687285518707553,0.6020599913279624,0.5986513955924356,-0.003408595735526765
107,poly-higg,15000000.0,3.64,3.5431088448621297,0.561101383649056,0.5493844941330409,-0.011716889516015128
108,poly-higg,100.0,6.24,5.852885245255149,0.795184589682424,0.767370009191743,-0.027814580490680973
108,poly-higg,1000.0,6.24,5.835817652187797,0.795184589682424,0.7661017133300752,-0.029082876352348852
108,poly-higg,10000.0,6.24,5.883552356095334,0.795184589682424,0.7696396224726951,-0.025544967209728875
108,poly-higg,100000.0,6.24,5.852333211945166,0.795184589682424,0.7673290454076998,-0.027855544274724253
108,poly-higg,15000000.0,5.43,5.240196360188216,0.7347998295888469,0.7193475611341885,-0.015452268454658413
109,poly-higg,100.0,12.58,12.925308909473454,1.0996806411092501,1.1114409313463716,0.01176029023712144
109,poly-higg,1000.0,12.31,11.956399257109082,1.0902580529313164,1.0776004088985438,-0.012657644032772586
109,poly-higg,10000.0,12.31,10.689646125085073,1.0902580529313164,1.0289633283643764,-0.06129472456693996
109,poly-higg,100000.0,8.53,8.213400334836539,0.930949031167523,0.9145229915808952,-0.016426039586627805
109,poly-higg,15000000.0,5.04,5.3532042082272815,0.7024305364455253,0.728613810694227,0.026183274248701705
110,poly-higg,100.0,11.66,10.927931384268305,1.0666985504229953,1.0385379594407516,-0.02816059098224377
110,poly-higg,1000.0,10.29,10.45839618627445,1.012415374762433,1.0194650898032305,0.007049715040797544
110,poly-higg,10000.0,10.29,9.512874168667317,1.012415374762433,0.9783117521640895,-0.03410362259834343
110,poly-higg,100000.0,7.82,7.780037833355937,0.893206753059848,0.8909817089148515,-0.0022250441449964686
110,poly-higg,15000000.0,6.33,5.315178440270598,0.8014037100173551,0.7255178491648697,-0.07588586085248539
111,poly-higg,100.0,13.69,13.14784596757537,1.13640344813399,1.1188546075008627,-0.017548840633127227
111,poly-higg,1000.0,12.77,11.764579986799909,1.1061908972634154,1.0705764268226026,-0.035614470440812784
111,poly-higg,10000.0,11.29,10.440139563525932,1.052693941924968,1.0187063043428772,-0.03398763758209067
111,poly-higg,100000.0,7.91,8.191084186993521,0.8981764834976765,0.91334138958283,0.015164906085153418
111,poly-higg,15000000.0,6.0,5.183891212710203,0.7781512503836436,0.7146558790092581,-0.06349537137438555
112,poly-higg,100.0,12.67,14.127661638514422,1.1027766148834413,1.150070284882574,0.04729366999913265
112,poly-higg,1000.0,12.67,12.885815347445469,1.1027766148834413,1.1101119036547413,0.007335288771300075
112,poly-higg,10000.0,12.67,10.726534106755619,1.1027766148834413,1.0304594180085176,-0.07231719687492366
112,poly-higg,100000.0,7.72,8.6602784292967,0.8876173003357362,0.9375318548768539,0.049914554541117706
112,poly-higg,15000000.0,6.0,4.991620618332274,0.7781512503836436,0.6982415699383934,-0.07990968044525026
113,bsa,100.0,1.43,1.5363686849059468,0.1553360374650618,0.18649544655930125,0.03115940909423945
113,bsa,1000.0,1.43,1.4662208673927268,0.1553360374650618,0.16619939613379872,0.010863358668736917
113,bsa,10000.0,1.43,1.4078582854532558,0.1553360374650618,0.1485589410680645,-0.006777096396997306
113,bsa,100000.0,1.43,1.3947798255508712,0.1553360374650618,0.1445056570038406,-0.0108303804612212
113,bsa,15000000.0,1.4,1.3546159188315812,0.146128035678238,0.13181617493200784,-0.01431186074623017
114,bsa,100.0,2.76,2.4890753917026323,0.4409090820652177,0.3960380511704914,-0.04487103089472627
114,bsa,1000.0,2.3,2.331444708000647,0.36172783601759284,0.36762512028592,0.005897284268327141
114,bsa,10000.0,2.3,2.2010501697084197,0.36172783601759284,0.34262994177152417,-0.01909789424606867
114,bsa,100000.0,2.21,2.0816903463760736,0.3443922736851107,0.3184161282188203,-0.0259761454662904
114,bsa,15000000.0,1.92,1.831416871256241,0.28330122870354957,0.2627872106478256,-0.020514018055723948
115,bsa,100.0,3.83,3.9215262199062844,0.5831987739686227,0.5934551231131748,0.01025634914455209
115,bsa,1000.0,3.83,3.704962312412737,0.5831987739686227,0.5687837946110471,-0.01441497935757563
115,bsa,10000.0,3.83,3.5363786575659653,0.5831987739686227,0.5485587608905086,-0.03464001307811415
115,bsa,100000.0,3.5,3.3029906900639636,0.5440680443502757,0.5189073495740828,-0.02516069477619287
115,bsa,15000000.0,2.5,2.611085301127608,0.3979400086720376,0.41682105995158936,0.018881051279551753
116,bsa,100.0,12.35,8.291506989890612,1.0916669575956846,0.9186334711913116,-0.173033486404373
116,bsa,1000.0,7.99,7.499437260478017,0.9025467793139914,0.8750286762132591,-0.027518103100732327
116,bsa,10000.0,7.99,6.681352118092523,0.9025467793139914,0.8248643603803802,-0.07768241893361116
116,bsa,100000.0,6.29,6.0330943661827074,0.798650645445269,0.7805401183533532,-0.01811052709191574
116,bsa,15000000.0,5.5,4.716784627148636,0.7403626894942439,0.6736460464012413,-0.06671664309300263
117,bsa,100.0,1.75,1.6425954693790195,0.24303804868629444,0.21553062061816425,-0.027507428068130196
117,bsa,1000.0,1.68,1.6613281040803005,0.22530928172586284,0.22045541193347074,-0.004853869792392107
117,bsa,10000.0,1.61,1.607744681167279,0.20682587603184974,0.20621708149938836,-0.0006087945324613764
117,bsa,100000.0,1.5,1.5242557755055304,0.17609125905568124,0.1830578492674725,0.006966590211791274
117,bsa,15000000.0,1.36,1.3421034647086685,0.13353890837021754,0.12778599751701378,-0.005752910853203758
118,bsa,100.0,3.4,3.0037848506969405,0.5314789170422551,0.47766882263927857,-0.05381009440297657
118,bsa,1000.0,2.76,2.8715128141858988,0.4409090820652177,0.4581107586697044,0.017201676604486738
118,bsa,10000.0,2.3,2.4867245248234786,0.36172783601759284,0.39562767751946054,0.0338998415018677
118,bsa,100000.0,2.02,2.194765995972995,0.3053513694466238,0.3413882229493696,0.036036853502745825
118,bsa,15000000.0,1.7,1.8818381841385285,0.2304489213782739,0.27458227649980527,0.044133355121531354
119,bsa,100.0,3.76,4.124374215323695,0.5751878449276611,0.6153580630801947,0.04017021815253363
119,bsa,1000.0,3.55,4.055341422574244,0.5502283530550941,0.608027423700811,0.05779907064571688
119,bsa,10000.0,3.22,3.697400166565569,0.5078558716958309,0.5678964564498578,0.06004058475402685
119,bsa,100000.0,2.76,3.2644215657363107,0.4409090820652177,0.5138062382714266,0.0728971562062089
119,bsa,15000000.0,2.0,2.520411244011366,0.3010299956639812,0.40147140841380746,0.10044141274982626
120,bsa,100.0,6.89,6.54537180482534,0.8382192219076258,0.815934321352433,-0.02228490055519272
120,bsa,1000.0,6.89,6.188853809150751,0.8382192219076258,0.7916102240679965,-0.04660899783962924
120,bsa,10000.0,6.7,5.767058777649243,0.8260748027008264,0.7609543777467116,-0.06512042495411485
120,bsa,100000.0,5.71,5.20203347356648,0.756636108245848,0.7161731424270281,-0.04046296581881992
120,bsa,15000000.0,4.4,4.30998329151179,0.6434526764861874,0.634475586536997,-0.008977089949190442
121,bsa,100.0,5.32,5.01788082309844,0.7259116322950482,0.7005203424139546,-0.025391289881093626
121,bsa,1000.0,5.32,4.802578564369088,0.7259116322950482,0.6814744781236086,-0.044437154171439563
121,bsa,10000.0,5.32,4.457428905622339,0.7259116322950482,0.6490844250628401,-0.07682720723220804
121,bsa,100000.0,4.61,3.8572705563710112,0.6637009253896482,0.5862801021841647,-0.07742082320548349
121,bsa,15000000.0,3.35,3.0440483947825387,0.5250448070368452,0.48345155263859374,-0.041593254398251456
122,bsa,100.0,1.47,1.4970423075862374,0.1673173347481761,0.17523407401814384,0.007916739269967749
122,bsa,1000.0,1.47,1.506795502464488,0.1673173347481761,0.178054315235922,0.010736980487745906
122,bsa,10000.0,1.47,1.522974317445625,0.1673173347481761,0.18269257970788022,0.015375244959704132
122,bsa,100000.0,1.47,1.4712518009965891,0.1673173347481761,0.16768700748269033,0.00036967273451424254
122,bsa,15000000.0,1.47,1.2949994234271212,0.1673173347481761,0.11226957505628574,-0.05504775969189035
123,bsa,100.0,2.25,2.1237305141805822,0.3521825181113625,0.32709940712245966,-0.025083110988902813
123,bsa,1000.0,2.25,2.092259420610583,0.3521825181113625,0.3206155319900167,-0.031566986121345786
123,bsa,10000.0,2.25,2.0796658161133452,0.3521825181113625,0.3179935532905584,-0.03418896482080408
123,bsa,100000.0,2.11,1.9644208094885924,0.3242824552976926,0.29323452604916056,-0.031047929248532058
123,bsa,15000000.0,1.25,1.5655841232021617,0.09691001300805642,0.19467640843389086,0.09776639542583444
124,bsa,100.0,2.76,2.8916807795067827,0.4409090820652177,0.4611503483214494,0.020241266256231738
124,bsa,1000.0,2.76,2.774360360321464,0.4409090820652177,0.443162870700731,0.002253788635513343
124,bsa,10000.0,2.76,2.6446140526169843,0.4409090820652177,0.42236230130550834,-0.018546780759709336
124,bsa,100000.0,2.76,2.4701316790347843,0.4409090820652177,0.3927201054677113,-0.04818897659750637
124,bsa,15000000.0,2.4,2.0145638545778115,0.38021124171160603,0.3041810375478191,-0.07603020416378692
125,poly-higg,100.0,13.5,14.233002244249077,1.130333768495006,1.1532965178345376,0.022962749339531463
125,poly-higg,1000.0,12.48,13.13575867576662,1.0962145853464051,1.118455161186326,0.022240575839920895
125,poly-higg,10000.0,11.02,11.696212184855417,1.0421815945157662,1.0680452383651513,0.02586364384938511
125,poly-higg,100000.0,6.54,8.60603171137545,0.8155777483242672,0.9348029420312216,0.11922519370695439
125,poly-higg,15000000.0,4.35,5.045580433493068,0.6384892569546373,0.70291113381639,0.06442187686175271
126,poly-higg,100.0,1.84,1.6532270383901333,0.2648178230095365,0.21833249951773318,-0.046485323491803315
126,poly-higg,1000.0,1.84,1.6413978063153698,0.2648178230095365,0.21521384866455995,-0.04960397434497654
126,poly-higg,10000.0,1.84,1.5991335599412877,0.2648178230095365,0.20388473761938675,-0.060933085390149744
126,poly-higg,100000.0,1.84,1.559382423664323,0.2648178230095365,0.19295263482975356,-0.07186518817978294
126,poly-higg,15000000.0,1.8,1.47668897313268,0.25527250510330607,0.169289031888462,-0.08598347321484406
127,poly-higg,100.0,2.44,2.467182535435258,0.3873898263387294,0.39220128212031924,0.004811455781589813
127,poly-higg,1000.0,2.44,2.426643798363978,0.3873898263387294,0.38500603189098537,-0.0023837944477440587
127,poly-higg,10000.0,2.44,2.3882027424436467,0.3873898263387294,0.3780711927198912,-0.009318633618838223
127,poly-higg,100000.0,2.35,2.3155292476973273,0.37106786227173627,0.3646502709845597,-0.006417591287176561
127,poly-higg,15000000.0,2.2,1.9380387218719097,0.3424226808222063,0.2873624499734153,-0.05506023084879097
128,poly-higg,100.0,4.59,5.4758338050662,0.6618126855372612,0.7384502585565516,0.0766375730192903
128,poly-higg,1000.0,4.59,5.025891429217232,0.6618126855372612,0.7012131026009383,0.03940041706367703
128,poly-higg,10000.0,4.59,4.617757908981458,0.6618126855372612,0.6644311608138489,0.0026184752765876507
128,poly-higg,100000.0,3.51,4.134850931285896,0.5453071164658241,0.6164598570839859,0.07115274061816179
128,poly-higg,15000000.0,2.77,3.1475216231066288,0.4424797690644486,0.4979687223426114,0.055488953278162834
129,bgg,100.0,18.37,16.500006288259932,1.2641091563058084,1.2174841097263953,-0.04662504657941313
129,bgg,1000.0,15.62,15.023159432534898,1.1936810295412814,1.1767612761983792,-0.01691975334290219
129,bgg,10000.0,15.16,13.392078014952952,1.1806992012960347,1.126847970619681,-0.05385123067635367
129,bgg,100000.0,10.06,9.433106801165463,1.0025979807199086,0.9746547515270553,-0.027943229192853303
129,bgg,15000000.0,4.58,4.7592963221425855,0.6608654780038692,0.6775427455772911,0.016677267573421917
130,bgg,100.0,1.75,1.7812577616941894,0.24303804868629444,0.25072676976163105,0.0076887210753366075
130,bgg,1000.0,1.71,1.7495557761603162,0.23299611039215382,0.242927792427683,0.009931682035529188
130,bgg,10000.0,1.66,1.7363835381255708,0.22010808804005508,0.23964565983475955,0.019537571794704472
130,bgg,100000.0,1.66,1.723765751837479,0.22010808804005508,0.23647824780165264,0.016370159761597558
130,bgg,15000000.0,1.44,1.5658177204613792,0.15836249209524964,0.1947412036955143,0.03637871160026465
131,bgg,100.0,2.67,2.651595123321074,0.42651126136457523,0.4235072116138985,-0.0030040497506767516
131,bgg,1000.0,2.67,2.617962406749338,0.42651126136457523,0.4179634059051338,-0.008547855459441422
131,bgg,10000.0,2.67,2.5801224751472702,0.42651126136457523,0.4116403218617465,-0.01487093950282875
131,bgg,100000.0,2.46,2.512879222717163,0.39093510710337914,0.4001716154656419,0.009236508362262752
131,bgg,15000000.0,2.16,2.0664926654343208,0.3344537511509309,0.3152338681867788,-0.019219882964152113
132,bgg,100.0,5.05,5.175180665462578,0.7032913781186614,0.7139255156060371,0.010634137487375739
132,bgg,1000.0,5.05,5.042009421272572,0.7032913781186614,0.7026036528443675,-0.0006877252742938378
132,bgg,10000.0,5.05,4.8228036944699175,0.7032913781186614,0.6832995849275763,-0.019991793191085128
132,bgg,100000.0,4.65,4.493344401744845,0.667452952889954,0.6525697072743246,-0.01488324561562937
132,bgg,15000000.0,4.23,3.3001720202554012,0.6263403673750424,0.5185365779083764,-0.10780378946666602
133,bsa,100.0,5.05,7.4263029143223465,0.7032913781186614,0.870772659855888,0.16748128173722665
133,bsa,1000.0,5.05,7.12353156336825,0.7032913781186614,0.8526953529398393,0.14940397482117795
133,bsa,10000.0,5.05,6.324869578246257,0.7032913781186614,0.8010515745858866,0.09776019646722522
133,bsa,100000.0,4.74,5.452212541325773,0.6757783416740851,0.7365727774131463,0.06079443573906118
133,bsa,15000000.0,4.11,4.206634518707274,0.6138418218760693,0.6239347812340827,0.010092959358013465
134,bsa,100.0,6.7,6.454334896853351,0.8260748027008264,0.8098514959426957,-0.016223306758130773
134,bsa,1000.0,6.7,6.294789029719239,0.8260748027008264,0.7989811792788072,-0.027093623422019264
134,bsa,10000.0,6.7,6.101086873144608,0.8260748027008264,0.7854072089390717,-0.04066759376175477
134,bsa,100000.0,6.15,5.537247210448943,0.7888751157754168,0.7432939130256082,-0.04558120274980859
134,bsa,15000000.0,5.59,4.7847463916209625,0.7474118078864233,0.6798589235886301,-0.06755288429779316
135,poly-higg,100.0,10.97,10.23434640285657,1.040206627574711,1.0100601124898314,-0.030146515084879644
135,poly-higg,1000.0,10.11,9.51440712376515,1.0047511555910011,0.9783817310466427,-0.026369424544358422
135,poly-higg,10000.0,9.46,8.495280105529048,0.9758911364017928,0.9291777029555184,-0.04671343344627443
135,poly-higg,100000.0,6.54,6.61133755796092,0.8155777483242672,0.8202893316908674,0.004711583366600158
135,poly-higg,15000000.0,4.17,4.753737670110927,0.6201360549737575,0.6770352119805684,0.05689915700681092
136,poly-higg,100.0,11.02,10.050811503577123,1.0421815945157662,1.0022011281542715,-0.03998046636149466
136,poly-higg,1000.0,10.11,9.158004765996,1.0047511555910011,0.9618008652066627,-0.042950290384338397
136,poly-higg,10000.0,9.19,7.952717031865616,0.9633155113861113,0.9005155299586515,-0.0627999814274598
136,poly-higg,100000.0,6.88,6.447847449923244,0.8375884382355113,0.8094147539148585,-0.028173684320652814
136,poly-higg,15000000.0,5.75,5.405749310098184,0.7596678446896304,0.7328559015614728,-0.0268119431281576
137,bgg,100.0,9.65,9.838768027285477,0.9845273133437926,0.992940721150027,0.008413407806234341
137,bgg,1000.0,9.65,9.266459849212419,0.9845273133437926,0.9669138483191182,-0.017613465024674424
137,bgg,10000.0,9.65,8.602422495907444,0.9845273133437926,0.9346207685058302,-0.04990654483796242
137,bgg,100000.0,6.71,6.299715662981559,0.8267225201689921,0.799320948059164,-0.027401572109828076
137,bgg,15000000.0,4.65,4.649943861501069,0.667452952889954,0.6674477097098506,-5.243180103420286e-06
138,bgg,100.0,12.31,10.471648040440309,1.0902580529313164,1.0200150368406973,-0.07024301609061911
138,bgg,1000.0,10.11,9.29929260957417,1.0047511555910011,0.9684499133450069,-0.03630124224599429
138,bgg,10000.0,10.11,8.239501861004623,1.0047511555910011,0.9159009561684228,-0.08885019942257832
138,bgg,100000.0,7.55,6.7295672976891145,0.8779469516291882,0.827987140558701,-0.04995981107048719
138,bgg,15000000.0,6.24,5.536653822777352,0.795184589682424,0.7432473702597167,-0.05193721942270735
139,bgg,100.0,15.62,15.435583231027756,1.1936810295412814,1.1885230438752332,-0.005157985666048193
139,bgg,1000.0,15.62,14.368639589679118,1.1936810295412814,1.157415651456167,-0.03626537808511432
139,bgg,10000.0,13.78,12.646444288910065,1.139249217571607,1.1019684351739114,-0.0372807823976955
139,bgg,100000.0,8.64,8.269173508673791,0.9365137424788933,0.917462104648133,-0.01905163783076025
139,bgg,15000000.0,4.14,4.0866784137827805,0.617000341120899,0.6113704638396605,-0.005629877281238427
140,bgg,100.0,6.43,6.485128331999389,0.8082109729242221,0.8119185746109598,0.0037076016867377826
140,bgg,1000.0,5.97,5.9969321179293384,0.7759743311293691,0.7779291328838756,0.0019548017545064633
140,bgg,10000.0,5.97,5.476333152367272,0.7759743311293691,0.7384898605418759,-0.03748447058749316
140,bgg,100000.0,4.61,4.603223004955719,0.6637009253896482,0.6630620149712508,-0.0006389104183973648
140,bgg,15000000.0,3.45,3.265442446882573,0.5378190950732742,0.5139420337646424,-0.023877061308631764
141,bgg,100.0,2.76,2.642700691791863,0.4409090820652177,0.4220479783931484,-0.01886110367206928
141,bgg,1000.0,2.76,2.6536065853044346,0.4409090820652177,0.4238365362766614,-0.01707254578855627
141,bgg,10000.0,2.76,2.615605026735927,0.4409090820652177,0.4175721633296535,-0.02333691873556415
141,bgg,100000.0,2.46,2.4917447088562295,0.39093510710337914,0.39650354472289306,0.005568437619513922
141,bgg,15000000.0,2.0,1.9978147007780795,0.3010299956639812,0.3005552045298505,-0.00047479113413068097
142,bgg,100.0,2.02,1.8459024740651844,0.3053513694466238,0.26620875189346904,-0.039142617553154735
142,bgg,1000.0,2.02,1.920555552023469,0.3053513694466238,0.2834268736403914,-0.021924495806232402
142,bgg,10000.0,2.02,1.9725080753894872,0.3053513694466238,0.29501878987381003,-0.01033257957281375
142,bgg,100000.0,2.02,1.9547193926251856,0.3053513694466238,0.2910844215880367,-0.014266947858587065
142,bgg,15000000.0,1.76,1.716841329451178,0.24551266781414982,0.23473015950103496,-0.010782508313114864
143,bsa,100.0,4.04,4.3435935473646845,0.6063813651106049,0.6378491792890391,0.03146781417843414
143,bsa,1000.0,4.04,4.188885125367361,0.6063813651106049,0.6220984505729322,0.015717085462327307
143,bsa,10000.0,4.04,4.041875059901437,0.6063813651106049,0.6065828847275274,0.00020151961692249643
143,bsa,100000.0,4.04,3.681227767893938,0.6063813651106049,0.565992689296504,-0.04038867581410088
143,bsa,15000000.0,4.0,3.231583090339291,0.6020599913279624,0.5094153269651538,-0.0926446643628086
144,bsa,100.0,3.04,3.2165944784265785,0.48287358360875376,0.5073963121040922,0.02452272849533843
144,bsa,1000.0,3.04,2.974351588698886,0.48287358360875376,0.4733923037981714,-0.009481279810582388
144,bsa,10000.0,3.04,2.887508802824563,0.48287358360875376,0.4605233168871463,-0.022350266721607448
144,bsa,100000.0,2.76,2.6747589480668963,0.4409090820652177,0.4272846490706943,-0.013624432994523372
144,bsa,15000000.0,1.5,2.0533204489173094,0.17609125905568124,0.31245673229135174,0.1363654732356705
145,bsa,100.0,2.48,2.518698946440582,0.3944516808262163,0.4011762605059889,0.006724579679772635
145,bsa,1000.0,2.48,2.430683613334839,0.3944516808262163,0.3857284331646,-0.008723247661616307
145,bsa,10000.0,2.48,2.40659073412397,0.3944516808262163,0.3814022402442165,-0.013049440581999805
145,bsa,100000.0,2.21,2.221263438403384,0.3443922736851107,0.34660006825591544,0.002207794570804722
145,bsa,15000000.0,1.5,1.6405573398947428,0.17609125905568124,0.21499141421898016,0.03890015516329892
146,bsa,100.0,1.84,1.5483909937286624,0.2648178230095365,0.18988063656494916,-0.07493718644458733
146,bsa,1000.0,1.84,1.542905091541539,0.2648178230095365,0.1883392122021669,-0.07647861080736959
146,bsa,10000.0,1.84,1.5417065862220578,0.2648178230095365,0.1880017277293385,-0.07681609528019798
146,bsa,100000.0,1.76,1.5046349260255103,0.24551266781414982,0.17743113857057305,-0.06808152924357677
146,bsa,15000000.0,1.3,1.311988550923858,0.11394335230683679,0.11793004518271574,0.003986692875878953
147,poly-higg,100.0,9.19,13.619288386675313,0.9633155113861113,1.1341544161073092,0.1708389047211979
147,poly-higg,1000.0,9.19,12.519076271229993,0.9633155113861113,1.09757228533547,0.13425677394935864
147,poly-higg,10000.0,9.19,10.967194602220694,0.9633155113861113,1.0400955496721962,0.07678003828608493
147,poly-higg,100000.0,5.87,7.9774591551639595,0.7686381012476144,0.9018645892701462,0.13322648802253179
147,poly-higg,15000000.0,3.4,4.458330285882724,0.5314789170422551,0.6491722391157114,0.11769332207345629
148,poly-higg,100.0,4.59,5.371822467974248,0.6618126855372612,0.7301216513434424,0.06830896580618118
148,poly-higg,1000.0,4.59,4.792382880088113,0.6618126855372612,0.6805515080596503,0.01873882252238901
148,poly-higg,10000.0,4.59,4.3401370855063846,0.6618126855372612,0.6375034471481633,-0.02430923838909793
148,poly-higg,100000.0,3.77,3.7886763373417094,0.5763413502057929,0.5784875055361494,0.0021461553303564473
148,poly-higg,15000000.0,3.4,3.0386620166195373,0.5314789170422551,0.48268239719081873,-0.048796519851436404
149,poly-higg,100.0,2.71,2.644820238857532,0.4329692908744057,0.4223961595752685,-0.010573131299137228
149,poly-higg,1000.0,2.71,2.557328245537135,0.4329692908744057,0.4077864754163499,-0.02518281545805584
149,poly-higg,10000.0,2.71,2.5165958953323995,0.4329692908744057,0.40081348391663196,-0.03215580695777376
149,poly-higg,100000.0,2.39,2.3989897588836513,0.3783979009481377,0.3800283939995888,0.0016304930514511318
149,poly-higg,15000000.0,2.28,1.9159374202377177,0.35793484700045375,0.2823813197272397,-0.07555352727321407
150,poly-higg,100.0,1.47,1.6499939952979141,0.1673173347481761,0.21748236372073868,0.050165028972562586
150,poly-higg,1000.0,1.47,1.613281123107571,0.1673173347481761,0.20771005218517355,0.04039271743699746
150,poly-higg,10000.0,1.47,1.579221688282855,0.1673173347481761,0.1984430997612801,0.031125765013104018
150,poly-higg,100000.0,1.47,1.5027682057416605,0.1673173347481761,0.17689199806487538,0.009574663316699289
150,poly-higg,15000000.0,1.4,1.4354580193536277,0.146128035678238,0.1569904958714208,0.010862460193182794
151,poly-higg,100.0,14.7,13.16324067631722,1.167317334748176,1.119362821996945,-0.04795451275123108
151,poly-higg,1000.0,12.12,11.752286676657919,1.0835026198302673,1.0701223767723385,-0.013380243057928842
151,poly-higg,10000.0,12.12,10.635499055836041,1.0835026198302673,1.0267578733746792,-0.056744746455588135
151,poly-higg,100000.0,10.06,10.091326829770443,1.0025979807199086,1.0039482719815842,0.001350291261675629
151,poly-higg,15000000.0,4.0,4.3647030975281815,0.6020599913279624,0.6399547068066156,0.037894715478653196
152,poly-higg,100.0,14.38,13.791607138433692,1.1577588860468637,1.13961487753803,-0.018144008508833798
152,poly-higg,1000.0,14.38,13.061015687757498,1.1577588860468637,1.1159769510919375,-0.041781934954926214
152,poly-higg,10000.0,14.38,12.259298783664391,1.1577588860468637,1.0884656297994844,-0.06929325624737936
152,poly-higg,100000.0,12.6,11.053272203482999,1.100370545117563,1.043490865310254,-0.056879679807309014
152,poly-higg,15000000.0,3.5,4.7804559133575175,0.5440680443502757,0.6794693173680619,0.13540127301778626
153,poly-higg,100.0,15.64,15.735394484096915,1.1942367487238292,1.1968776350864783,0.002640886362649031
153,poly-higg,1000.0,15.64,14.736523595289444,1.1942367487238292,1.1683950438045376,-0.025841704919291608
153,poly-higg,10000.0,15.64,13.745614712704882,1.1942367487238292,1.1381641665415203,-0.05607258218230893
153,poly-higg,100000.0,12.6,12.697079825170869,1.100370545117563,1.1037038499606453,0.003333304843082363
153,poly-higg,15000000.0,3.81,5.450889946755076,0.5809249756756193,0.736467413728398,0.15554243805277868
154,poly-higg,100.0,6.8,6.073907633570487,0.8325089127062363,0.783468183279372,-0.04904072942686433
154,poly-higg,1000.0,6.8,5.8844590954394445,0.8325089127062363,0.7697065482903787,-0.06280236441585763
154,poly-higg,10000.0,6.43,5.610576280429333,0.8082109729242221,0.7490074713375785,-0.05920350158664356
154,poly-higg,100000.0,5.45,4.971996580467991,0.7363965022766424,0.6965308212800672,-0.03986568099657528
154,poly-higg,15000000.0,2.21,2.6919795868974177,0.3443922736851107,0.4300717623381865,0.08567948865307579
155,poly-higg,100.0,6.8,7.272467260991883,0.8325089127062363,0.8616817748276465,0.029172862121410237
155,poly-higg,1000.0,6.34,6.839981385767253,0.8020892578817327,0.8350549198386006,0.0329656619568679
155,poly-higg,10000.0,6.34,6.398981822425824,0.8020892578817327,0.8061108764714241,0.004021618589691411
155,poly-higg,100000.0,5.45,5.8771436990811825,0.7363965022766424,0.7691663095599077,0.032769807283265284
155,poly-higg,15000000.0,3.3,3.097804278080436,0.5185139398778874,0.4910539751937444,-0.027459964684143023
156,poly-higg,100.0,6.67,7.443864270597663,0.8241258339165489,0.8717984457231207,0.047672611806571785
156,poly-higg,1000.0,6.67,7.2956021918952745,0.8241258339165489,0.8630611451428838,0.03893531122633487
156,poly-higg,10000.0,6.67,6.956226417586692,0.8241258339165489,0.8423737093726804,0.01824787545613149
156,poly-higg,100000.0,6.09,6.181562968898813,0.7846172926328754,0.7910982975721808,0.006481004939305368
156,poly-higg,15000000.0,2.6,3.1640191973704876,0.414973347970818,0.5002391098720286,0.0852657619012106
157,poly-higg,100.0,9.19,6.9263238799312905,0.9633155113861113,0.8405027956134193,-0.12281271577269193
157,poly-higg,1000.0,7.35,6.552172103762199,0.8662873390841949,0.816385296373332,-0.04990204271086285
157,poly-higg,10000.0,7.35,6.1151067892111906,0.8662873390841949,0.7864040456012807,-0.07988329348291412
157,poly-higg,100000.0,6.37,5.583418993592831,0.8041394323353505,0.746900219607108,-0.057239212728242506
157,poly-higg,15000000.0,2.5,3.024970440974275,0.3979400086720376,0.480721135225022,0.08278112655298442
158,poly-higg,100.0,6.06,4.957576474596244,0.7824726241662862,0.6952694222699753,-0.08720320189631081
158,poly-higg,1000.0,4.59,4.717002907231378,0.6618126855372612,0.6736661439145922,0.011853458377330983
158,poly-higg,10000.0,4.5,4.478422792477318,0.6532125137753437,0.6511250914253068,-0.002087422350036894
158,poly-higg,100000.0,3.6,4.098943236671527,0.5563025007672873,0.612671904124986,0.05636940335769869
158,poly-higg,15000000.0,2.3,2.731408723182898,0.36172783601759284,0.43638669206263225,0.07465885604503941
159,poly-higg,100.0,6.43,7.27249227183631,0.8082109729242221,0.8616832684133382,0.05347229548911614
159,poly-higg,1000.0,5.23,6.839986920695543,0.7185016888672743,0.8350552712705279,0.11655358240325364
159,poly-higg,10000.0,4.96,6.398979557021319,0.6954816764901974,0.8061107227199559,0.11062904622975844
159,poly-higg,100000.0,4.02,5.877142212895135,0.60422605308447,0.7691661997374304,0.16494014665296042
159,poly-higg,15000000.0,2.0,3.0978110933122154,0.3010299956639812,0.4910549306492971,0.19002493498531592
160,poly-higg,100.0,10.66,7.272448135110067,1.0277572046905534,0.8616806326738824,-0.16607657201667103
160,poly-higg,1000.0,10.66,6.839977926439345,1.0277572046905534,0.8350547001936459,-0.1927025044969075
160,poly-higg,10000.0,9.37,6.398983440572391,0.9717395908877783,0.8061109862939014,-0.16562860459387685
160,poly-higg,100000.0,6.71,5.877142510132313,0.8267225201689921,0.7691662217019257,-0.057556298467066336
160,poly-higg,15000000.0,3.28,3.097793350240085,0.5158738437116791,0.49105244317018565,-0.024821400541493455
161,adalimumab,100.0,6.15,6.626934186399741,0.7888751157754168,0.8213126575346079,0.03243754175919111
161,adalimumab,1000.0,6.15,5.882861161647,0.7888751157754168,0.7695885989497285,-0.01928651682568827
161,adalimumab,10000.0,6.15,5.319370392928637,0.7888751157754168,0.7258602317201869,-0.06301488405522992
161,adalimumab,100000.0,4.44,4.517876790803968,0.6473829701146199,0.6549343828916515,0.007551412777031641
161,adalimumab,15000000.0,2.54,2.1876824626972495,0.40483371661993806,0.33998428534595404,-0.06484943127398402
162,adalimumab,100.0,6.43,6.119240681784904,0.8082109729242221,0.7866975351896917,-0.021513437734530405
162,adalimumab,1000.0,5.23,5.648321288778379,0.7185016888672743,0.75191939235943,0.03341770349215567
162,adalimumab,10000.0,5.23,4.9330644770127945,0.7185016888672743,0.693116791891873,-0.02538489697540125
162,adalimumab,100000.0,3.81,3.934367157860983,0.5809249756756193,0.5948748861355733,0.013949910459953974
162,adalimumab,15000000.0,2.28,2.113016249004741,0.35793484700045375,0.3249028367711784,-0.03303201022927532
163,adalimumab,100.0,3.67,3.488081690582162,0.5646660642520893,0.5425866475201655,-0.022079416731923818
163,adalimumab,1000.0,3.13,3.202262378020074,0.49554433754644844,0.5054569130479695,0.009912575501521026
163,adalimumab,10000.0,2.85,2.785126693344415,0.4548448600085102,0.4448449556924746,-0.00999990431603559
163,adalimumab,100000.0,2.44,2.3509398010127773,0.3873898263387294,0.3712415085708384,-0.01614831776789105
163,adalimumab,15000000.0,1.45,1.555321077670154,0.16136800223497488,0.1918200575855674,0.030452055350592505
164,adalimumab,100.0,1.47,1.5146954201521046,0.1673173347481761,0.18032531228008836,0.013007977531912268
164,adalimumab,1000.0,1.47,1.4902741387275429,0.1673173347481761,0.17326616504690676,0.005948830298730667
164,adalimumab,10000.0,1.47,1.4735239875291242,0.1673173347481761,0.168357210132831,0.0010398753846549147
164,adalimumab,100000.0,1.47,1.4535460495190833,0.1673173347481761,0.16242879512621658,-0.004888539621959509
164,adalimumab,15000000.0,1.47,1.398754546950513,0.1673173347481761,0.14574151130570592,-0.021575823442470166
165,adalimumab,100.0,1.97,1.9777214183595275,0.2944662261615929,0.29616511689215774,0.0016988907305648393
165,adalimumab,1000.0,1.97,1.935580654937752,0.2944662261615929,0.2868112729242025,-0.007654953237390405
165,adalimumab,10000.0,1.97,1.8711876092029749,0.2944662261615929,0.27211733296067797,-0.022348893200914932
165,adalimumab,100000.0,1.76,1.7531288641076028,0.24551266781414982,0.2438138401747638,-0.0016988276393860302
165,adalimumab,15000000.0,1.2,1.4562101828286,0.07918124604762482,0.1632240636135382,0.08404281756591338
166,adalimumab,100.0,2.02,2.303981410989279,0.3053513694466238,0.36247897078531166,0.05712760133868788
166,adalimumab,1000.0,2.02,2.219002666565098,0.3053513694466238,0.3461578241219641,0.04080645467534033
166,adalimumab,10000.0,2.02,2.1013520728290858,0.3053513694466238,0.32249882274247266,0.01714745329584888
166,adalimumab,100000.0,2.02,1.972256297643054,0.3053513694466238,0.29496335148725494,-0.010388017959368834
166,adalimumab,15000000.0,2.0,1.7340473133778456,0.3010299956639812,0.2390609430009708,-0.06196905266301039
167,adalimumab,100.0,3.22,3.009896671453882,0.5078558716958309,0.4785515866942872,-0.029304285001543695
167,adalimumab,1000.0,2.67,2.756014038367808,0.42651126136457523,0.4402814254163379,0.013770164051762679
167,adalimumab,10000.0,2.48,2.4847606410434233,0.3944516808262163,0.3952845591535453,0.0008328783273290341
167,adalimumab,100000.0,2.1,2.143919586745954,0.3222192947339193,0.3312084919874137,0.008989197253494396
167,adalimumab,15000000.0,1.3,1.4075617578502042,0.11394335230683679,0.14846745894445046,0.03452410663761367
168,adalimumab,100.0,2.76,2.6357337069880686,0.4409090820652177,0.4209015305700757,-0.020007551495141995
168,adalimumab,1000.0,2.48,2.411056467491647,0.3944516808262163,0.38220738177224994,-0.012244299053966345
168,adalimumab,10000.0,2.02,2.0782959909028085,0.3053513694466238,0.317707399843633,0.012356030397009221
168,adalimumab,100000.0,1.58,1.7076175565276015,0.19865708695442263,0.2323906112665207,0.03373352431209806
168,adalimumab,15000000.0,1.2,1.1462520935501692,0.07918124604762482,0.059280141887635425,-0.019901104159989393
169,adalimumab,100.0,2.76,2.410144593708635,0.4409090820652177,0.38204309832841526,-0.05886598373680241
169,adalimumab,1000.0,2.39,2.158702621708174,0.3783979009481377,0.33419281896856745,-0.04420508197957024
169,adalimumab,10000.0,1.7,1.8929299855973296,0.2304489213782739,0.27713455087290356,0.04668562949462965
169,adalimumab,100000.0,1.58,1.6644998446176567,0.19865708695442263,0.22128375895096347,0.022626671996540837
169,adalimumab,15000000.0,1.15,1.3491609410199439,0.06069784035361165,0.13006375962578343,0.06936591927217178
170,adalimumab,100.0,1.84,1.9393212023711095,0.2648178230095365,0.2876497455741049,0.022831922564568397
170,adalimumab,1000.0,1.84,1.8709875603709385,0.2648178230095365,0.2720709000172638,0.0072530770077273155
170,adalimumab,10000.0,1.75,1.787862205375329,0.24303804868629444,0.252334043681819,0.009295994995524554
170,adalimumab,100000.0,1.67,1.6756030631997836,0.22271647114758325,0.22417114563137988,0.0014546744837966308
170,adalimumab,15000000.0,1.52,1.420684337084716,0.18184358794477254,0.15249759243045366,-0.02934599551431888
171,bevacizumab,100.0,3.22,3.4921708913956158,0.5078558716958309,0.5430954880043685,0.03523961630853756
171,bevacizumab,1000.0,3.22,3.2866413853186947,0.5078558716958309,0.5167523195748508,0.008896447879019886
171,bevacizumab,10000.0,3.22,3.128078421438977,0.5078558716958309,0.49527763235817074,-0.012578239337660169
171,bevacizumab,100000.0,2.64,2.608021322280973,0.42160392686983106,0.41631113771598466,-0.0052927891538464
171,bevacizumab,15000000.0,1.75,1.7896282825827803,0.24303804868629444,0.25276283456229776,0.009724785876003311
172,bevacizumab,100.0,3.31,3.292903742803726,0.5198279937757188,0.5175790357285552,-0.0022489580471635184
172,bevacizumab,1000.0,3.31,3.1609546267903927,0.5198279937757188,0.4998182619022226,-0.02000973187349614
172,bevacizumab,10000.0,3.04,2.978880138175592,0.48287358360875376,0.4740530287685187,-0.008820554840235084
172,bevacizumab,100000.0,2.52,2.4798472105880935,0.4014005407815441,0.3944249237122618,-0.006975617069282292
172,bevacizumab,15000000.0,1.66,1.800276920214468,0.22010808804005508,0.2553393138093991,0.03523122576934404
173,bevacizumab,100.0,3.04,2.9137038814998237,0.48287358360875376,0.4644454125110783,-0.018428171097675472
173,bevacizumab,1000.0,2.76,2.6936643226774555,0.4409090820652177,0.43034347412934326,-0.01056560793587441
173,bevacizumab,10000.0,2.35,2.4959018014063297,0.37106786227173627,0.39722749449343797,0.0261596322217017
173,bevacizumab,100000.0,2.24,2.1461498291392647,0.35024801833416286,0.3316600380851949,-0.01858798024896796
173,bevacizumab,15000000.0,1.4,1.6940881844842859,0.146128035678238,0.22893601345520162,0.08280797777696361
174,bevacizumab,100.0,1.62,1.702881169772185,0.20951501454263097,0.23118434314004743,0.021669328597416465
174,bevacizumab,1000.0,1.62,1.6517268812393913,0.20951501454263097,0.21793823682412639,0.008423222281495418
174,bevacizumab,10000.0,1.62,1.600837804687615,0.20951501454263097,0.2043473318583869,-0.005167682684244057
174,bevacizumab,100000.0,1.45,1.4789910242661126,0.16136800223497488,0.16996553834880132,0.008597536113826437
174,bevacizumab,15000000.0,1.3,1.1885933542788691,0.11394335230683679,0.07503329768049112,-0.03891005462634567
175,bevacizumab,100.0,2.3,2.343057433731508,0.36172783601759284,0.3697829342849523,0.00805509826735945
175,bevacizumab,1000.0,2.3,2.2391382747691524,0.36172783601759284,0.3500809136393159,-0.011646922378276914
175,bevacizumab,10000.0,2.02,2.1345895732870788,0.3053513694466238,0.329314383720941,0.02396301427431724
175,bevacizumab,100000.0,1.94,1.9218216033609576,0.287801729930226,0.28371307101630766,-0.004088658913918353
175,bevacizumab,15000000.0,1.1,1.4128215041525145,0.04139268515822508,0.15008729655604472,0.10869461139781963
176,bevacizumab,100.0,2.3,2.3835228007876825,0.36172783601759284,0.37721931074550713,0.01549147472791429
176,bevacizumab,1000.0,2.3,2.3483823663392007,0.36172783601759284,0.370768810663924,0.009040974646331135
176,bevacizumab,10000.0,2.3,2.3339057911373495,0.36172783601759284,0.3680833216258271,0.006355485608234235
176,bevacizumab,100000.0,2.3,2.3016075233242614,0.36172783601759284,0.36203126847423706,0.0003034324566442148
176,bevacizumab,15000000.0,2.3,2.0584509668872486,0.36172783601759284,0.313540526391109,-0.04818730962648382
177,bevacizumab,100.0,1.38,2.020252774722839,0.13987908640123647,0.30540571192149246,0.165526625520256
177,bevacizumab,1000.0,1.38,1.9147801203643915,0.13987908640123647,0.2821189098999126,0.14223982349867614
177,bevacizumab,10000.0,1.38,1.8506919025994961,0.13987908640123647,0.26733412478314256,0.12745503838190608
177,bevacizumab,100000.0,1.23,1.6841087065711613,0.08990511143939793,0.2263701210949146,0.13646500965551667
177,bevacizumab,15000000.0,1.12,1.4547918242721527,0.04921802267018165,0.16280085171490777,0.11358282904472611
178,bevacizumab,100.0,2.0,2.1233267524718737,0.3010299956639812,0.3270168316017569,0.025986835937775676
178,bevacizumab,1000.0,2.0,2.068129100037206,0.3010299956639812,0.3155776454875579,0.014547649823576703
178,bevacizumab,10000.0,2.0,2.0483086917026414,0.3010299956639812,0.3113954078704558,0.010365412206474578
178,bevacizumab,100000.0,2.0,1.9870305406288924,0.3010299956639812,0.29820454226063065,-0.002825453403350553
178,bevacizumab,15000000.0,2.0,1.7856133952636417,0.3010299956639812,0.25178743524766306,-0.04924256041631814
179,bevacizumab,100.0,1.75,1.799101858426922,0.24303804868629444,0.2550557521729387,0.012017703486644243
179,bevacizumab,1000.0,1.66,1.7321847844826042,0.22010808804005508,0.23859421943682305,0.01848613139676797
179,bevacizumab,10000.0,1.66,1.7157113556141284,0.22010808804005508,0.2344442256990643,0.014336137659009235
179,bevacizumab,100000.0,1.66,1.689123879353469,0.22010808804005508,0.22766150164131685,0.007553413601261771
179,bevacizumab,15000000.0,1.6,1.5691339626756526,0.2041199826559248,0.19566002246982966,-0.008459960186095128
180,bevacizumab,100.0,2.58,2.6773912980328833,0.41161970596323016,0.4277118475252517,0.016092141562021545
180,bevacizumab,1000.0,2.39,2.3964195643982675,0.3783979009481377,0.3795628565181962,0.0011649555700585235
180,bevacizumab,10000.0,2.07,2.066225129181634,0.3159703454569177,0.3151776390783869,-0.0007927063785307942
180,bevacizumab,100000.0,1.76,1.7235564461834436,0.24551266781414982,0.23642551104803988,-0.009087156766109938
180,bevacizumab,15000000.0,1.2,1.3279775022780698,0.07918124604762482,0.12319071756268161,0.0440094715150568
181,none,100.0,3.77,3.6711738713198327,0.5763413502057929,0.5648049537130799,-0.011536396492712986
181,none,1000.0,3.77,3.683480332723212,0.5763413502057929,0.5662583553602838,-0.010082994845509119
181,none,10000.0,3.77,3.693741895894795,0.5763413502057929,0.5674665453801103,-0.008874804825682592
181,none,100000.0,3.77,3.7021545201386146,0.5763413502057929,0.5684545413328945,-0.007886808872898388
181,none,15000000.0,3.77,3.688120164970321,0.5763413502057929,0.5668050626346695,-0.009536287571123458
182,none,100.0,4.38,4.171771813435412,0.6414741105040995,0.62032054546972,-0.021153565034379485
182,none,1000.0,4.38,4.156985255844762,0.6414741105040995,0.6187784841365693,-0.022695626367530197
182,none,10000.0,4.38,4.161890314166389,0.6414741105040995,0.6192906302773398,-0.022183480226759755
182,none,100000.0,4.38,4.1693184298389685,0.6414741105040995,0.6200650654407123,-0.021409045063387255
182,none,15000000.0,4.38,4.143269168731962,0.6414741105040995,0.6173431482868857,-0.02413096221721378
183,none,100.0,2.8,2.7959773345805607,0.4471580313422192,0.4465336465062296,-0.0006243848359895887
183,none,1000.0,2.8,2.801852450072719,0.4471580313422192,0.44744526092603226,0.0002872295838130534
183,none,10000.0,2.8,2.8028021696563914,0.4471580313422192,0.447592445010147,0.000434413667927791
183,none,100000.0,2.8,2.7972386856459535,0.4471580313422192,0.44672952587679143,-0.00042850546542777534
183,none,15000000.0,2.8,2.7821814647032586,0.4471580313422192,0.4443854529562112,-0.002772578386008029
184,none,100.0,2.41,2.4546680737715367,0.3820170425748684,0.3899927740657525,0.007975731490884097
184,none,1000.0,2.41,2.4754534934944323,0.3820170425748684,0.3936547716255051,0.011637729050636703
184,none,10000.0,2.41,2.4865925364992028,0.3820170425748684,0.39560462578146943,0.013587583206601028
184,none,100000.0,2.41,2.49068812680357,0.3820170425748684,0.39631935046391886,0.014302307889050458
184,none,15000000.0,2.41,2.499200932082119,0.3820170425748684,0.3978011741682553,0.015784131593386874
185,none,100.0,3.03,3.053312813888784,0.48144262850230496,0.4847713003308898,0.003328671828584817
185,none,1000.0,3.03,3.046568986307488,0.48144262850230496,0.4838110167074783,0.002368388205173322
185,none,10000.0,3.03,3.0355561141165865,0.48144262850230496,0.48223826548303833,0.0007956369807333719
185,none,100000.0,3.03,3.011990162573967,0.48144262850230496,0.4788535490868239,-0.0025890794154810326
185,none,15000000.0,3.03,2.9273528208120387,0.48144262850230496,0.4664750691701929,-0.01496755933211208
186,none,100.0,2.6,2.6377114587215598,0.414973347970818,0.4212272860023254,0.006253938031507422
186,none,1000.0,2.6,2.6414517814334504,0.414973347970818,0.42184268723627955,0.0068693392654615715
186,none,10000.0,2.6,2.6523630176586708,0.414973347970818,0.4236329638415627,0.008659615870744708
186,none,100000.0,2.6,2.656217648098858,0.414973347970818,0.4242636578554847,0.009290309884666725
186,none,15000000.0,2.6,2.6028834382976815,0.414973347970818,0.41545472007328693,0.0004813721024689577
187,none,100.0,1.93,2.0236607141592176,0.28555730900777376,0.3061377006973777,0.02058039168960396
187,none,1000.0,1.93,2.0300043731656947,0.28555730900777376,0.30749697349926414,0.021939664491490374
187,none,10000.0,1.93,2.02885194730577,0.28555730900777376,0.30725035614417673,0.021693047136402965
187,none,100000.0,1.93,2.0185125728880045,0.28555730900777376,0.3050314588832548,0.019474149875481017
187,none,15000000.0,1.93,1.9915868422163794,0.28555730900777376,0.2991992483667795,0.013641939359005761
188,none,100.0,2.6,1.8894955425958837,0.414973347970818,0.27634587173422165,-0.13862747623659633
188,none,1000.0,1.67,1.8624718803953675,0.22271647114758325,0.27008972449076557,0.04737325334318232
188,none,10000.0,1.67,1.8398718855086196,0.22271647114758325,0.2647875831433607,0.042071111995777455
188,none,100000.0,1.67,1.7999031109273778,0.22271647114758325,0.2552491275910175,0.03253265644343423
188,none,15000000.0,1.67,1.7747470967402688,0.22271647114758325,0.24913647439643796,0.026420003248854712
189,none,100.0,2.22,2.26176967989347,0.3463529744506387,0.35444837784667915,0.00809540339604048
189,none,1000.0,2.22,2.2583892602372346,0.3463529744506387,0.3537987998577806,0.007445825407141948
189,none,10000.0,2.22,2.2549973560833174,0.3463529744506387,0.35314603701703967,0.006793062566400998
189,none,100000.0,2.22,2.240612696210663,0.3463529744506387,0.3503667925300479,0.004013818079409204
189,none,15000000.0,2.22,2.1333810116793193,0.3463529744506387,0.32906842530071767,-0.017284549149921002
190,none,100.0,1.92,1.938109883186813,0.28330122870354957,0.28737839619712335,0.004077167493573786
190,none,1000.0,1.92,1.9407984783338974,0.28330122870354957,0.2879804430178344,0.0046792143142848075
190,none,10000.0,1.92,1.9493678186144203,0.28330122870354957,0.28989379218233496,0.006592563478785396
190,none,100000.0,1.92,1.9536061488236351,0.28330122870354957,0.2908370135111126,0.007535784807563006
190,none,15000000.0,1.92,1.9259779309641711,0.28330122870354957,0.2846513064046146,0.0013500777010650444
191,none,100.0,1.42,1.4524649246164087,0.15228834438305647,0.16210565346892722,0.009817309085870751
191,none,1000.0,1.42,1.468142722100703,0.15228834438305647,0.16676827656635682,0.014479932183300348
191,none,10000.0,1.42,1.4935110560093816,0.15228834438305647,0.17420844190237944,0.021920097519322973
191,none,100000.0,1.42,1.5118043946849498,0.15228834438305647,0.1794956034638767,0.027207259080820223
191,none,15000000.0,1.42,1.5326148311311127,0.15228834438305647,0.18543302391363195,0.03314467953057548
192,none,100.0,1.22,1.2959191651995332,0.08635983067474821,0.11257791264363132,0.026218081968883103
192,none,1000.0,1.22,1.2964193415671814,0.08635983067474821,0.11274550174403358,0.02638567106928537
192,none,10000.0,1.22,1.2931063073503586,0.08635983067474821,0.11163423006044891,0.025274399385700697
192,none,100000.0,1.22,1.30535353148733,0.08635983067474821,0.11572814844128412,0.02936831776653591
192,none,15000000.0,1.22,1.3559241293568238,0.08635983067474821,0.13223538929246356,0.04587555861771535
193,none,100.0,3.82,3.7082863118206375,0.5820633629117087,0.5691732580623947,-0.012890104849313966
193,none,1000.0,3.82,3.6809736895062675,0.5820633629117087,0.5659627132513174,-0.016100649660391264
193,none,10000.0,3.82,3.647185615927152,0.5820633629117087,0.5619578663907189,-0.020105496520989807
193,none,100000.0,3.82,3.642722648437804,0.5820633629117087,0.5614261059554977,-0.020637256956210992
193,none,15000000.0,3.82,3.5810448116827738,0.5820633629117087,0.5540097556236836,-0.028053607288025084
194,none,100.0,4.43,4.185584903219906,0.6464037262230695,0.6217561558755968,-0.02464757034747267
194,none,1000.0,4.43,4.174558838664682,0.6464037262230695,0.6206105866323428,-0.02579313959072671
194,none,10000.0,4.43,4.169523710781485,0.6464037262230695,0.620086447877048,-0.02631727834602149
194,none,100000.0,4.43,4.174263163232882,0.6464037262230695,0.6205798253564432,-0.025823900866626337
194,none,15000000.0,4.43,4.064583358046252,0.6464037262230695,0.6090160346594682,-0.03738769156360133
195,none,100.0,2.85,2.8198078062767737,0.4548448600085102,0.45021950849030556,-0.004625351518204646
195,none,1000.0,2.85,2.8170552393173938,0.4548448600085102,0.4497953631006178,-0.0050494969078924146
195,none,10000.0,2.85,2.8058483744807634,0.4548448600085102,0.44806419844375633,-0.006780661564753876
195,none,100000.0,2.85,2.7898595283569505,0.4548448600085102,0.44558233675199677,-0.009262523256513444
195,none,15000000.0,2.85,2.7530662833397423,0.4548448600085102,0.43981666767453437,-0.015028192333975843
196,none,100.0,2.46,2.4952546382659784,0.39093510710337914,0.3971148715429383,0.006179764439559143
196,none,1000.0,2.46,2.5035453163079824,0.39093510710337914,0.39855545690703814,0.007620349803658999
196,none,10000.0,2.46,2.4999716325591095,0.39093510710337914,0.39793508071486106,0.006999973611481913
196,none,100000.0,2.46,2.4842802622873905,0.39093510710337914,0.39520058888738036,0.004265481784001213
196,none,15000000.0,2.46,2.450070944613627,0.39093510710337914,0.3891786600413214,-0.0017564470620577421
197,none,100.0,3.08,3.1050605978134422,0.4885507165004443,0.4920700802096006,0.003519363709156287
197,none,1000.0,3.08,3.1022747234786587,0.4885507165004443,0.4916802543440778,0.003129537843633512
197,none,10000.0,3.08,3.0877961074438582,0.4885507165004443,0.4896486153892474,0.0010978988888031282
197,none,100000.0,3.08,3.0678011404755696,0.4885507165004443,0.4868272045620857,-0.0017235119383585684
197,none,15000000.0,3.08,3.0063825348760904,0.4885507165004443,0.478044239795776,-0.01050647670466831
198,none,100.0,2.65,2.7083978494273384,0.42324587393680785,0.4327124602789053,0.00946658634209746
198,none,1000.0,2.65,2.6948375731002305,0.42324587393680785,0.4305325939264256,0.007286719989617774
198,none,10000.0,2.65,2.680588223460066,0.42324587393680785,0.4282301052868855,0.004984231350077639
198,none,100000.0,2.65,2.667456745071964,0.42324587393680785,0.42609738572392264,0.002851511787114791
198,none,15000000.0,2.65,2.611986375288774,0.42324587393680785,0.41697090723077923,-0.006274966706028617
199,none,100.0,1.98,2.1229328379535133,0.2966651902615311,0.32693625485014144,0.03027106458861034
199,none,1000.0,1.98,2.1202829433395256,0.2966651902615311,0.32639381967012393,0.029728629408592833
199,none,10000.0,1.98,2.1083578639783886,0.2966651902615311,0.32394432815355667,0.027279137892025573
199,none,100000.0,1.98,2.081816372431999,0.2966651902615311,0.3184424197198927,0.02177722945836158
199,none,15000000.0,1.98,1.9796401991017585,0.2966651902615311,0.2965862641282144,-7.89261333166702e-05
200,none,100.0,2.65,2.102351305980279,0.42324587393680785,0.3227052889998489,-0.10054058493695894
200,none,1000.0,2.65,2.0815588536375373,0.42324587393680785,0.3183886945639839,-0.10485717937282396
200,none,10000.0,2.65,2.057179855940589,0.42324587393680785,0.31327226302574024,-0.10997361091106761
200,none,100000.0,2.65,2.0101922605405265,0.42324587393680785,0.3032375965740869,-0.12000827736272096
200,none,15000000.0,2.65,1.8571544685983055,0.42324587393680785,0.26884802763310645,-0.1543978463037014
201,none,100.0,2.27,2.2445293125660637,0.35602585719312274,0.35112528146971245,-0.004900575723410294
201,none,1000.0,2.27,2.239527927012785,0.35602585719312274,0.3501564824859652,-0.0058693747071575375
201,none,10000.0,2.27,2.2338391547780705,0.35602585719312274,0.3490518989912497,-0.006973958201873021
201,none,100000.0,2.27,2.226673151797994,0.35602585719312274,0.3476564726298272,-0.008369384563295557
201,none,15000000.0,2.27,2.13176070569066,0.35602585719312274,0.32873845268533847,-0.027287404507784274
202,none,100.0,1.97,2.0176776779049783,0.2944662261615929,0.3048517893103464,0.010385563148753496
202,none,1000.0,1.97,2.0108348905539275,0.2944662261615929,0.3033764121854292,0.008910186023836308
202,none,10000.0,1.97,2.0020756373437707,0.2944662261615929,0.30148048086583284,0.007014254704239942
202,none,100000.0,1.97,1.9962192137846417,0.2944662261615929,0.30020823139498104,0.005742005233388137
202,none,15000000.0,1.97,1.9296409745840963,0.2944662261615929,0.28547651249925576,-0.00898971366233714
203,none,100.0,1.47,1.5519071862941152,0.1673173347481761,0.19086574418657962,0.023548409438403528
203,none,1000.0,1.47,1.549233917640116,0.1673173347481761,0.19011699650065403,0.02279966175247794
203,none,10000.0,1.47,1.5500315182228828,0.1673173347481761,0.19034052917100705,0.02302319442283096
203,none,100000.0,1.47,1.5405029348039785,0.1673173347481761,0.18766253002586383,0.020345195277687744
203,none,15000000.0,1.47,1.5305239724082054,0.1673173347481761,0.18484013628753007,0.017522801539353983
204,none,100.0,1.27,1.3517504458971206,0.10380372095595687,0.1308965215068648,0.027092800550907917
204,none,1000.0,1.27,1.3456864451388093,0.10380372095595687,0.12894387785997632,0.025140156904019453
204,none,10000.0,1.27,1.3335757216571724,0.10380372095595687,0.1250176803665162,0.021213959410559327
204,none,100000.0,1.27,1.3140116494399003,0.10380372095595687,0.1185992155015696,0.014795494545612728
204,none,15000000.0,1.27,1.294264911693064,0.10380372095595687,0.11202317734615307,0.008219456390196195
205,none,100.0,3.87,3.8267099737291916,0.5877109650189114,0.5828255483018365,-0.004885416717074875
205,none,1000.0,3.87,3.7900159473080937,0.5877109650189114,0.5786410373594537,-0.009069927659457688
205,none,10000.0,3.87,3.75551864510447,0.5877109650189114,0.5746699224727665,-0.01304104254614491
205,none,100000.0,3.87,3.719431363399164,0.5877109650189114,0.5704765488564632,-0.01723441616244825
205,none,15000000.0,3.87,3.661096976641577,0.5877109650189114,0.5636112328046414,-0.024099732214269975
206,none,100.0,4.48,4.378764775300166,0.651278013998144,0.641351615771482,-0.00992639822666197
206,none,1000.0,4.48,4.363199307979567,0.651278013998144,0.6398050517167609,-0.011472962281383059
206,none,10000.0,4.48,4.3600350647342205,0.651278013998144,0.6394899820115552,-0.011788031986588843
206,none,100000.0,4.48,4.339547979564598,0.651278013998144,0.6374444944423338,-0.013833519555810248
206,none,15000000.0,4.48,4.258715439402544,0.651278013998144,0.629278622176129,-0.021999391822015046
207,none,100.0,2.9,2.831577335294936,0.4623979978989561,0.4520284274611151,-0.01036957043784098
207,none,1000.0,2.9,2.815089977133375,0.4623979978989561,0.4494922805188124,-0.012905717380143678
207,none,10000.0,2.9,2.801659880922759,0.4623979978989561,0.4474154111766946,-0.014982586722261493
207,none,100000.0,2.9,2.7856121327134886,0.4623979978989561,0.4449206453438489,-0.017477352555107184
207,none,15000000.0,2.9,2.7691604114766437,0.4623979978989561,0.4423481142148075,-0.02004988368414856
208,none,100.0,2.51,2.5616752077770224,0.3996737214810381,0.4085240651385789,0.008850343657540838
208,none,1000.0,2.51,2.56244038869032,0.3996737214810381,0.40865377097542693,0.008980049494388853
208,none,10000.0,2.51,2.575579750517419,0.3996737214810381,0.4108750019639922,0.011201280482954101
208,none,100000.0,2.51,2.5881250238472884,0.3996737214810381,0.41298525184809376,0.01331153036705568
208,none,15000000.0,2.51,2.5377464827077234,0.3996737214810381,0.40444823451975964,0.004774513038721562
209,none,100.0,3.13,3.093581220777419,0.49554433754644844,0.49046152273920884,-0.0050828148072395996
209,none,1000.0,3.13,3.0884889848317294,0.49554433754644844,0.4897460567550375,-0.005798280791410926
209,none,10000.0,3.13,3.0810901116042384,0.49554433754644844,0.48870440016704997,-0.006839937379398475
209,none,100000.0,3.13,3.070177590838301,0.49554433754644844,0.4871634974610351,-0.008380840085413344
209,none,15000000.0,3.13,3.0517228200283038,0.49554433754644844,0.484545085246528,-0.010999252299920437
210,none,100.0,2.7,2.7119763184044583,0.43136376415898736,0.4332858928531486,0.0019221286941612514
210,none,1000.0,2.7,2.7053938183398785,0.43136376415898736,0.4322304933549045,0.0008667291959171264
210,none,10000.0,2.7,2.703980573736591,0.43136376415898736,0.432003567170002,0.000639803011014628
210,none,100000.0,2.7,2.7029079844732196,0.43136376415898736,0.43183126119419857,0.0004674970352112062
210,none,15000000.0,2.7,2.6902320584713992,0.43136376415898736,0.42978974370753253,-0.0015740204514548273
211,none,100.0,2.03,2.2304210081217817,0.3074960379132129,0.34838684701529576,0.04089080910208287
211,none,1000.0,2.03,2.2636788414374487,0.3074960379132129,0.3548148115245312,0.04731877361131831
211,none,10000.0,2.03,2.301401613724515,0.3074960379132129,0.36199241328175846,0.05449637536854557
211,none,100000.0,2.03,2.3454217610107126,0.3074960379132129,0.3702209502535265,0.06272491234031363
211,none,15000000.0,2.03,2.2997796578911895,0.3074960379132129,0.36168622821496854,0.05419019030175565
212,none,100.0,2.7,2.386525164029469,0.43136376415898736,0.3777660180198927,-0.05359774613909468
212,none,1000.0,2.7,2.417973754557693,0.43136376415898736,0.3834515825823921,-0.04791218157659527
212,none,10000.0,2.7,2.438468189443545,0.43136376415898736,0.3871170944614192,-0.044246669697568186
212,none,100000.0,2.7,2.425070447318769,0.43136376415898736,0.384724359201135,-0.04663940495785235
212,none,15000000.0,2.7,2.3066126290127906,0.43136376415898736,0.3629746655189784,-0.06838909864000897
213,none,100.0,2.32,2.348278920191901,0.3654879848908996,0.37074967958837357,0.005261694697473951
213,none,1000.0,2.32,2.339122972167158,0.3654879848908996,0.36905305410063166,0.0035650692097320413
213,none,10000.0,2.32,2.3292868363622867,0.3654879848908996,0.3672229723384411,0.0017349874475414695
213,none,100000.0,2.32,2.3096743445296593,0.3654879848908996,0.3635507503060492,-0.0019372345848504002
213,none,15000000.0,2.32,2.2570284166171817,0.3654879848908996,0.3535370270008221,-0.011950957890077496
214,none,100.0,2.02,2.0525213984769937,0.3053513694466238,0.31228769353424873,0.0069363240876249566
214,none,1000.0,2.02,2.056626998408149,0.3053513694466238,0.3131555327145887,0.007804163267964903
214,none,10000.0,2.02,2.054686386302658,0.3053513694466238,0.3127455434422284,0.007394173995604603
214,none,100000.0,2.02,2.049317422315067,0.3053513694466238,0.3116092322338131,0.006257862787189317
214,none,15000000.0,2.02,1.9952594252155496,0.3053513694466238,0.299999371007599,-0.0053519984390247854
215,none,100.0,1.52,1.6834190236074442,0.18184358794477254,0.22619223064613903,0.044348642701366486
215,none,1000.0,1.52,1.6708182378314675,0.18184358794477254,0.22292920716427064,0.041085619219498104
215,none,10000.0,1.52,1.6845039603045282,0.18184358794477254,0.22647203635387483,0.044628448409102295
215,none,100000.0,1.52,1.671453136195706,0.18184358794477254,0.2230942044542079,0.04125061650943537
215,none,15000000.0,1.52,1.6681895967258273,0.18184358794477254,0.2222454084914367,0.04040182054666416
216,none,100.0,1.32,1.5054567706921418,0.12057393120584989,0.17766828922811473,0.05709435802226484
216,none,1000.0,1.32,1.4982226097757652,0.12057393120584989,0.1755763467509837,0.0550024155451338
216,none,10000.0,1.32,1.4774753032723862,0.12057393120584989,0.16952023016773254,0.048946298961882656
216,none,100000.0,1.32,1.4500575536427311,0.12057393120584989,0.16138523998215232,0.04081130877630243
216,none,15000000.0,1.32,1.4640463495045977,0.12057393120584989,0.16555482604986632,0.044980894844016434
217,pembrolizumab,100.0,15.25,12.500963460353242,1.1832698436828046,1.096943485759282,-0.08632635792352272
217,pembrolizumab,1000.0,11.11,11.210508937405807,1.0457140589408676,1.0496253292488307,0.003911270307963122
217,pembrolizumab,10000.0,10.38,9.753342405989848,1.0161973535124391,0.9891534710548819,-0.027043882457557178
217,pembrolizumab,100000.0,6.9,7.1341567384796525,0.8388490907372553,0.8533426466212094,0.014493555883954068
217,pembrolizumab,15000000.0,4.0,3.6675173435028277,0.6020599913279624,0.5643721762766741,-0.037687815051288265
218,bevacizumab,100.0,15.99,16.731513970016806,1.2038484637462348,1.223535240369176,0.01968677662294116
218,bevacizumab,1000.0,15.99,15.239208967159058,1.2038484637462348,1.1829624243451897,-0.020886039401045053
218,bevacizumab,10000.0,14.51,13.133222460711774,1.161667412437736,1.1183713007426386,-0.043296111695097395
218,bevacizumab,100000.0,7.97,7.7749833049356,0.9014583213961124,0.890699465148119,-0.010758856247993331
218,bevacizumab,15000000.0,3.82,3.777242654602961,0.5820633629117087,0.577174885322632,-0.004888477589076734
219,bevacizumab,100.0,2.76,2.9942582203271515,0.4409090820652177,0.4762892505252392,0.03538016846002151
219,bevacizumab,1000.0,2.76,2.903965451661949,0.4409090820652177,0.46299144527811603,0.02208236321289836
219,bevacizumab,10000.0,2.76,2.735608751501277,0.4409090820652177,0.43705398441712384,-0.0038550976480938304
219,bevacizumab,100000.0,2.52,2.4739320117435484,0.4014005407815441,0.39338776023637795,-0.008012780545166132
219,bevacizumab,15000000.0,1.2,1.5239211670722195,0.07918124604762482,0.18296250139265655,0.10378125534503173
220,bevacizumab,100.0,2.21,2.283880982315297,0.3443922736851107,0.35867346819443463,0.014281194509323913
220,bevacizumab,1000.0,2.21,2.1436117247350692,0.3443922736851107,0.3311461238025393,-0.01324614988257139
220,bevacizumab,10000.0,2.21,2.0442873134183546,0.3443922736851107,0.31054193347015047,-0.03385034021496025
220,bevacizumab,100000.0,1.68,1.9036162212964063,0.22530928172586284,0.27957939689867983,0.05427011517281699
220,bevacizumab,15000000.0,1.6,1.5165661414647227,0.2041199826559248,0.18086135579192533,-0.02325862686399946
221,bevacizumab,100.0,5.0,3.9290690761327194,0.6989700043360189,0.5942896641183888,-0.10468034021763006
221,bevacizumab,1000.0,3.22,3.425879134716919,0.5078558716958309,0.5347720369565698,0.026916165260738922
221,bevacizumab,10000.0,2.76,2.7950425438849313,0.4409090820652177,0.4463884227533351,0.005479340688117451
221,bevacizumab,100000.0,2.36,2.3325255140492103,0.37291200297010657,0.3678264029223664,-0.005085600047740169
221,bevacizumab,15000000.0,1.4,1.6287852351410619,0.146128035678238,0.21186382381615246,0.06573578813791445
222,bevacizumab,100.0,5.32,4.847666284715775,0.7259116322950482,0.68553271518156,-0.04037891711348818
222,bevacizumab,1000.0,3.84,3.7431910531495904,0.5843312243675308,0.5732419941491786,-0.011089230218352175
222,bevacizumab,10000.0,2.48,2.4379032992987426,0.3944516808262163,0.38701647510769155,-0.00743520571852474
222,bevacizumab,100000.0,1.9,2.043260907722806,0.2787536009528289,0.3103238260301774,0.03157022507734847
222,bevacizumab,15000000.0,1.81,1.6652587524539217,0.2576785748691845,0.22148172494859458,-0.03619684992058991
223,bevacizumab,100.0,2.82,3.1188988823345434,0.45024910831936105,0.49400129474560045,0.0437521864262394
223,bevacizumab,1000.0,2.82,2.871367191399281,0.45024910831936105,0.4580887337718763,0.007839625452515264
223,bevacizumab,10000.0,2.82,2.6551062293830365,0.45024910831936105,0.42408190165550724,-0.026167206663853804
223,bevacizumab,100000.0,2.57,2.4057092021901747,0.4099331233312945,0.38124312943906397,-0.028689993892230536
223,bevacizumab,15000000.0,1.6,1.6659901167891773,0.2041199826559248,0.22167242069822665,0.01755243804230186
224,pembrolizumab,100.0,1.99,2.2508430994665547,0.29885307640970665,0.352345222494613,0.05349214608490632
224,pembrolizumab,1000.0,1.99,2.1215157905898683,0.29885307640970665,0.3266462685987574,0.02779319218905074
224,pembrolizumab,10000.0,1.99,1.8757188420492612,0.29885307640970665,0.27316774102732755,-0.025685335382379104
224,pembrolizumab,100000.0,1.68,1.6752887778284404,0.22530928172586284,0.22408967931769808,-0.001219602408164766
224,pembrolizumab,15000000.0,1.2,1.2830395877086425,0.07918124604762482,0.10824005657615558,0.029058810528530765
225,pembrolizumab,100.0,3.16,3.419510021115375,0.49968708261840383,0.5339638808015338,0.03427679818312995
225,pembrolizumab,1000.0,3.16,3.0494185652855563,0.49968708261840383,0.484217040015626,-0.015470042602777845
225,pembrolizumab,10000.0,2.3,2.4949439586192868,0.36172783601759284,0.3970607949551021,0.03533295893750926
225,pembrolizumab,100000.0,2.1,2.1161064544055357,0.3222192947339193,0.32553751184990354,0.0033182171159842344
225,pembrolizumab,15000000.0,1.43,1.532649944550316,0.1553360374650618,0.18544297383007788,0.030106936365016074
226,pembrolizumab,100.0,3.91,3.9857816334097875,0.5921767573958668,0.6005135015890151,0.008336744193148227
226,pembrolizumab,1000.0,3.8,3.6717799484140676,0.5797835966168101,0.5648766458262795,-0.014906950790530615
226,pembrolizumab,10000.0,3.22,3.1959932194343823,0.5078558716958309,0.5046058492510415,-0.0032500224447894466
226,pembrolizumab,100000.0,2.69,2.738761261722579,0.42975228000240795,0.43755417638123717,0.007801896378829221
226,pembrolizumab,15000000.0,2.0,2.047405245272443,0.3010299956639812,0.31120381157650967,0.010173815912528472
227,pembrolizumab,100.0,7.59,5.724150956372332,0.8802417758954804,0.7577110783817712,-0.12253069751370915
227,pembrolizumab,1000.0,4.14,4.445658393931319,0.617000341120899,0.6479360882931573,0.030935747172258332
227,pembrolizumab,10000.0,2.99,3.1181498811298916,0.4756711883244297,0.4938969867294155,0.018225798404985838
227,pembrolizumab,100000.0,2.31,2.248968876591778,0.36361197989214433,0.35198344528979975,-0.011628534602344587
227,pembrolizumab,15000000.0,1.3,1.403425582602996,0.11394335230683679,0.14718938888230032,0.03324603657546353
228,pembrolizumab,100.0,2.88,2.9341691759128032,0.45939248775923086,0.4674851504231677,0.008092662663936823
228,pembrolizumab,1000.0,2.88,2.7533233262077066,0.45939248775923086,0.4398572141331638,-0.01953527362606705
228,pembrolizumab,10000.0,2.3,2.370498818530261,0.36172783601759284,0.3748397432002545,0.013111907182661642
228,pembrolizumab,100000.0,1.79,1.9486737734491515,0.2528530309798932,0.28973914016976193,0.03688610918986873
228,pembrolizumab,15000000.0,1.4,1.4173696866301306,0.146128035678238,0.1514831402428812,0.005355104564643193
229,adalimumab,100.0,56.35,35.19840745895469,1.7508939203821254,1.5465230144032935,-0.2043709059788319
229,adalimumab,1000.0,55.2,32.58344019471833,1.741939077729199,1.5129969356725508,-0.2289421420566482
229,adalimumab,10000.0,41.4,29.235013601986633,1.6170003411208989,1.4659033002347484,-0.1510970408861505
229,adalimumab,100000.0,26.25,19.402507946546024,1.4191293077419758,1.287857869979156,-0.1312714377628197
229,adalimumab,15000000.0,5.75,7.487175909994771,0.7596678446896304,0.8743180369269663,0.11465019223733586
230,adalimumab,100.0,1.61,1.8672620865420786,0.20682587603184974,0.271205279250966,0.06437940321911625
230,adalimumab,1000.0,1.61,1.610626107263941,0.20682587603184974,0.2069947344613466,0.00016885842949687646
230,adalimumab,10000.0,1.61,1.4881617879276394,0.20682587603184974,0.17265014880707963,-0.03417572722477011
230,adalimumab,100000.0,1.37,1.3546050943165668,0.1367205671564068,0.13181270454172428,-0.004907862614682512
230,adalimumab,15000000.0,1.12,1.1213747107785972,0.04921802267018165,0.049750757671919416,0.0005327350017377622
231,adalimumab,100.0,7.13,6.287156529636264,0.8530895298518656,0.7984542729970838,-0.054635256854781766
231,adalimumab,1000.0,4.72,5.407073257660371,0.6739419986340878,0.7329622536485172,0.059020255014429424
231,adalimumab,10000.0,4.14,4.500557122766164,0.617000341120899,0.6532662783012717,0.03626593718037274
231,adalimumab,100000.0,3.78,3.827152520102105,0.5774917998372253,0.5828757701207186,0.005383970283493245
231,adalimumab,15000000.0,2.14,2.347750596426664,0.33041377334919086,0.37065195954804725,0.040238186198856385
232,adalimumab,100.0,6.44,4.8128810114877,0.8088858673598122,0.6824051247787322,-0.12648074258108
232,adalimumab,1000.0,5.75,4.154386765748967,0.7596678446896304,0.6185069260968808,-0.1411609185927496
232,adalimumab,10000.0,4.83,3.2072967689130945,0.6839471307515121,0.5061391467505014,-0.17780798400101072
232,adalimumab,100000.0,4.31,2.422055973230688,0.6344772701607315,0.3841841753819027,-0.25029309477882883
232,adalimumab,15000000.0,1.6,1.7483164660782706,0.2041199826559248,0.242620047881715,0.03850006522579022
233,adalimumab,100.0,5.18,3.7017791291702986,0.714329759745233,0.568410502519486,-0.14591925722574706
233,adalimumab,1000.0,2.65,2.6884240025651995,0.42324587393680785,0.42949776417818497,0.006251890241377123
233,adalimumab,10000.0,1.61,1.6927468158064691,0.20682587603184974,0.22859200552721992,0.021766129495370184
233,adalimumab,100000.0,1.26,1.2815111740762382,0.10037054511756291,0.10772239734702324,0.007351852229460332
233,adalimumab,15000000.0,1.04,0.9981979911473093,0.01703333929878037,-0.0007833084776267177,-0.01781664777640709
234,bsa,100.0,61.54,47.48552696801732,1.7891574919114397,1.6765612619256798,-0.11259622998575991
234,bsa,1000.0,55.11,39.07897202061692,1.7412304110254708,1.5919431310025838,-0.14928728002288705
234,bsa,10000.0,45.01,30.500576900475302,1.6533090129384789,1.4843080538491977,-0.16900095908928114
234,bsa,100000.0,29.36,25.147925782182107,1.4677560512440329,1.4005021699684181,-0.06725388127561471
234,bsa,15000000.0,27.96,18.819824254095746,1.4465371670736438,1.2746155635209506,-0.17192160355269315
235,bsa,100.0,129.51,68.19639530967592,2.11230330337593,1.8337614195466532,-0.2785418838292768
235,bsa,1000.0,74.41,55.338234331191,1.8716313045375537,1.7430252980565795,-0.1286060064809742
235,bsa,10000.0,57.87,42.55953589703874,1.762453482363547,1.6289968834210595,-0.1334565989424874
235,bsa,100000.0,40.26,33.9124774436916,1.6048737705526357,1.53035951790615,-0.0745142526464857
235,bsa,15000000.0,33.0,25.615320502455198,1.5185139398778875,1.408499794199357,-0.11001414567853063
236,bsa,100.0,146.97,99.70575528599993,2.167228694175993,1.9987202276878997,-0.16850846648809314
236,bsa,1000.0,110.23,73.81397247466812,2.042299807413625,1.8681385785476956,-0.17416122886592955
236,bsa,10000.0,71.65,51.828403850090154,1.8552161947333634,1.7145678341574515,-0.1406483605759119
236,bsa,100000.0,53.68,42.356879964418994,1.7298125071609356,1.6269239621970015,-0.10288854496393407
236,bsa,15000000.0,44.0,31.27188309257126,1.6434526764861874,1.4951540338521103,-0.1482986426340771
237,bsa,100.0,3.85,3.859315068840894,0.5854607295085007,0.5865102351854051,0.0010495056769044275
237,bsa,1000.0,3.59,3.725042465739773,0.5550944485783191,0.5711312280994336,0.016036779521114486
237,bsa,10000.0,3.27,3.44951832221217,0.5145477526602861,0.5377584560559165,0.023210703395630472
237,bsa,100000.0,2.86,3.1685774254132815,0.456366033129043,0.500864323744332,0.04449829061528898
237,bsa,15000000.0,2.38,2.350719550817954,0.37657695705651195,0.3712008193429884,-0.005376137713523577
238,bsa,100.0,4.4,4.11230231164447,0.6434526764861874,0.6140850338697539,-0.029367642616433542
238,bsa,1000.0,4.4,4.056062821244791,0.6434526764861874,0.6081046728313634,-0.035348003654824045
238,bsa,10000.0,3.67,3.652850438031508,0.5646660642520893,0.5626318908630706,-0.0020341733890186786
238,bsa,100000.0,3.52,3.1705565043230863,0.5465426634781311,0.5011354974053498,-0.04540716607278128
238,bsa,15000000.0,2.41,2.4164274117148246,0.3820170425748684,0.3831737536792482,0.001156711104379815
239,bsa,100.0,4.59,4.699155744145487,0.6618126855372612,0.672019839085962,0.01020715354870072
239,bsa,1000.0,4.59,4.486472352037159,0.6618126855372612,0.6519049957480503,-0.009907689789210972
239,bsa,10000.0,4.31,4.09405221502019,0.6344772701607315,0.6121533772982828,-0.022323892862448735
239,bsa,100000.0,3.77,3.464545999265907,0.5763413502057929,0.539646331896801,-0.03669501830899191
239,bsa,15000000.0,2.5,2.491178249052631,0.3979400086720376,0.39640480333352757,-0.0015352053385100373
240,bsa,100.0,4.31,4.258563918719848,0.6344772701607315,0.6292631701535689,-0.005214100007162603
240,bsa,1000.0,4.31,4.201645807751075,0.6344772701607315,0.623419439259222,-0.011057830901509469
240,bsa,10000.0,4.31,4.040796079656615,0.6344772701607315,0.6064669341559648,-0.028010336004766767
240,bsa,100000.0,3.77,3.474458276432003,0.5763413502057929,0.5408871007545267,-0.035454249451266184
240,bsa,15000000.0,2.8,2.632171472927598,0.4471580313422192,0.4203141779968311,-0.026843853345388136
241,bsa,100.0,4.4,3.9467716526849816,0.6434526764861874,0.5962420002623408,-0.04721067622384667
241,bsa,1000.0,4.17,3.8001339630611817,0.6201360549737575,0.5797989067201685,-0.04033714825358892
241,bsa,10000.0,3.99,3.585577464323878,0.6009728956867483,0.5545591096197727,-0.04641378606697555
241,bsa,100000.0,3.35,3.3250583259124866,0.5250448070368452,0.52179926780447,-0.0032455392323752497
241,bsa,15000000.0,2.48,2.4555525809411822,0.3944516808262163,0.39014923814920144,-0.0043024426770148505
242,bsa,100.0,4.68,4.123210130528593,0.670245853074124,0.6152354682487536,-0.05501038482537035
242,bsa,1000.0,4.13,3.785625941179535,0.615950051656401,0.5781376989813648,-0.03781235267503624
242,bsa,10000.0,3.27,3.3693446128236952,0.5145477526602861,0.5275454324099589,0.012997679749672808
242,bsa,100000.0,2.1,2.9135797694058674,0.3222192947339193,0.4644269129147724,0.1422076181808531
242,bsa,15000000.0,2.0,2.410621000005583,0.3010299956639812,0.3821289355766946,0.08109893991271339
243,bsa,100.0,1.008,1.0142220484727633,0.003460532109506489,0.006133047570533251,0.0026725154610267618
243,bsa,1000.0,1.008,1.0294118412020998,0.003460532109506489,0.012589159580707731,0.009128627471201241
243,bsa,10000.0,0.96,1.0095421087194116,-0.017728766960431602,0.004124438389198559,0.021853205349630162
243,bsa,100000.0,0.96,0.9791451489430347,-0.017728766960431602,-0.009152923403770045,0.008575843556661557
243,bsa,15000000.0,0.8,0.9230333860323575,-0.09691001300805639,-0.034782590298679576,0.062127422709376816
244,bsa,100.0,1.032,1.0774374953151098,0.01367969729119256,0.03239208511851296,0.018712387827320397
244,bsa,1000.0,1.032,1.0982684354604229,0.01367969729119256,0.04070850203663871,0.027028804745446146
244,bsa,10000.0,1.032,1.0775980393235585,0.01367969729119256,0.0324567925221545,0.018777095230961938
244,bsa,100000.0,0.96,1.03792315108989,-0.017728766960431602,0.016165199087455888,0.03389396604788749
244,bsa,15000000.0,0.8,0.9677899268968334,-0.09691001300805639,-0.01421890249592915,0.08269111051212724
245,bsa,100.0,1.104,1.1628331380602561,0.04296907339318013,0.06551739966499101,0.02254832627181088
245,bsa,1000.0,1.104,1.1871368617304028,0.04296907339318013,0.07450079045242405,0.03153171705924392
245,bsa,10000.0,1.104,1.1712085912290051,0.04296907339318013,0.06863424942953616,0.025665176036356034
245,bsa,100000.0,1.056,1.1253596707404006,0.023663918197793475,0.05129134738387395,0.027627429186080472
245,bsa,15000000.0,0.88,1.021591073275357,-0.05551732784983137,0.009277089380464749,0.06479441723029612
246,bsa,100.0,1.2,1.2044237133530207,0.07918124604762482,0.08077929755226407,0.0015980515046392502
246,bsa,1000.0,1.2,1.2269933254170189,0.07918124604762482,0.08884220026372638,0.009660954216101567
246,bsa,10000.0,1.2,1.2049139261140203,0.07918124604762482,0.08095602388278,0.0017747778351551863
246,bsa,100000.0,1.152,1.1612430513472043,0.06145247908719321,0.06492312827567479,0.003470649188481577
246,bsa,15000000.0,0.96,1.0474879397462,-0.017728766960431602,0.020149031417017686,0.037877798377449284
247,bsa,100.0,1.008,1.0495751844830856,0.003460532109506489,0.02101355395854222,0.01755302184903573
247,bsa,1000.0,1.008,1.0695955251887463,0.003460532109506489,0.029219577322458026,0.025759045212951536
247,bsa,10000.0,0.96,1.0583243931942359,-0.017728766960431602,0.024618806244259585,0.04234757320469119
247,bsa,100000.0,0.96,1.0269651028237885,-0.017728766960431602,0.01155568614006212,0.029284453100493723
247,bsa,15000000.0,0.8,0.9352612111139358,-0.09691001300805639,-0.029067077146612805,0.06784293586144359
248,bsa,100.0,1.032,1.1142702193379606,0.01367969729119256,0.04699052345575313,0.03331082616456057
248,bsa,1000.0,1.032,1.1352856034139882,0.01367969729119256,0.055105130589541335,0.041425433298348774
248,bsa,10000.0,1.032,1.125927600036374,0.01367969729119256,0.05151046519063841,0.03783076789944585
248,bsa,100000.0,0.96,1.0952660040735889,-0.017728766960431602,0.0395196078260788,0.0572483747865104
248,bsa,15000000.0,0.8,0.9866786977645328,-0.09691001300805639,-0.0058242480449550915,0.0910857649631013
249,bsa,100.0,1.2,1.2352867503134781,0.07918124604762482,0.09176778320175728,0.012586537154132466
249,bsa,1000.0,1.2,1.2530681345634587,0.07918124604762482,0.09797468604637956,0.01879343999875474
249,bsa,10000.0,1.2,1.2456311633574906,0.07918124604762482,0.09538946493008293,0.016208218882458117
249,bsa,100000.0,1.152,1.1978268427647678,0.06145247908719321,0.07839404120268585,0.016941562115492644
249,bsa,15000000.0,0.96,1.0669044481629595,-0.017728766960431602,0.028125525803318417,0.04585429276375002
250,bsa,100.0,1.344,1.282815088363861,0.12839926871780646,0.10816405942184477,-0.02023520929596169
250,bsa,1000.0,1.344,1.3007383082094048,0.12839926871780646,0.11418993089483989,-0.014209337822966572
250,bsa,10000.0,1.344,1.288307360954959,0.12839926871780646,0.11001948821180269,-0.01837978050600378
250,bsa,100000.0,1.296,1.2393578029502477,0.11260500153457455,0.09319670541876496,-0.01940829611580959
250,bsa,15000000.0,1.08,1.1002002120662748,0.03342375548694973,0.041471724325076086,0.008047968838126356
251,bsa,100.0,1.008,1.0162140196753624,0.003460532109506489,0.006985182136615169,0.00352465002710868
251,bsa,1000.0,1.008,1.027846468147477,0.003460532109506489,0.011928247912148963,0.008467715802642474
251,bsa,10000.0,0.96,1.0226656935671155,-0.017728766960431602,0.00973368731220285,0.027462454272634454
251,bsa,100000.0,0.96,0.9915496802178141,-0.017728766960431602,-0.0036855211924823115,0.01404324576794929
251,bsa,15000000.0,0.8,0.8809944520783457,-0.09691001300805639,-0.05502682647937886,0.041883186528677535
252,bsa,100.0,1.044,1.0885059370208907,0.01870049866624337,0.03683080214916648,0.01813030348292311
252,bsa,1000.0,1.032,1.1043606777992492,0.01367969729119256,0.04311093462167091,0.029431237330478352
252,bsa,10000.0,1.0387527772064538,1.1004769026436754,0.016512197922204108,0.0415809317965308,0.025068733874326694
252,bsa,100000.0,0.984,1.0715389717917267,-0.007004901568658489,0.03000797092269893,0.037012872491357415
252,bsa,15000000.0,0.82,0.9373997631851764,-0.08618614761628333,-0.02807516053138804,0.058110987084895295
253,bsa,100.0,1.104,1.2113830507587422,0.04296907339318013,0.0832814928757009,0.04031241948252077
253,bsa,1000.0,1.104,1.221418071672911,0.04296907339318013,0.08686434137604335,0.043895267982863216
253,bsa,10000.0,1.104,1.2138215542607824,0.04296907339318013,0.08415484514440254,0.04118577175122241
253,bsa,100000.0,1.056,1.160762387020459,0.023663918197793475,0.06474332691579371,0.04107940871800023
253,bsa,15000000.0,0.88,1.0173317588181614,-0.05551732784983137,0.007462602410054599,0.06297993025988596
254,bsa,100.0,1.128,1.2139728266024166,0.05230909964732344,0.0842089656612298,0.03189986601390636
254,bsa,1000.0,1.128,1.2286606429515168,0.05230909964732344,0.08943194696697668,0.037122847319653235
254,bsa,10000.0,1.128,1.215970110089157,0.05230909964732344,0.08492289962184237,0.03261379997451892
254,bsa,100000.0,1.056,1.1640009934389957,0.023663918197793475,0.0659533509709915,0.04228943277319803
254,bsa,15000000.0,0.88,1.0226555562151194,-0.05551732784983137,0.009729382271091574,0.06524671012092295
255,bsa,100.0,1.248,1.271200492376026,0.09621458534640519,0.10421405241529995,0.007999467068894761
255,bsa,1000.0,1.248,1.284137474833431,0.09621458534640519,0.10861152012346917,0.012396934777063981
255,bsa,10000.0,1.2,1.270862751720567,0.07918124604762482,0.10409865095612389,0.024917404908499072
255,bsa,100000.0,1.2,1.2081965240793417,0.07918124604762482,0.08213758195185443,0.0029563359042296122
255,bsa,15000000.0,1.0,1.0490829077077872,0.0,0.02080981129860362,0.02080981129860362
256,bsa,100.0,1.344,1.2713886221046948,0.12839926871780646,0.1042783205290322,-0.024120948188774263
256,bsa,1000.0,1.344,1.287468811780552,0.12839926871780646,0.10973671729717902,-0.01866255142062745
256,bsa,10000.0,1.344,1.2681944564290095,0.12839926871780646,0.10318585045356601,-0.02521341826424045
256,bsa,100000.0,1.248,1.2060663395316809,0.09621458534640519,0.08137119677607006,-0.014843388570335125
256,bsa,15000000.0,1.04,1.0517996735099242,0.01703333929878037,0.021933031667721585,0.004899692368941215
257,poly-higg,100.0,1.08,1.114585397429051,0.03342375548694973,0.04711334891439658,0.013689593427446849
257,poly-higg,1000.0,1.068,1.1193344236521678,0.028571252692537637,0.04895986011919546,0.020388607426657823
257,poly-higg,10000.0,1.0753891812807646,1.1233066792670334,0.03156566303779064,0.050498341239585284,0.018932678201794645
257,poly-higg,100000.0,1.056,1.1227869754912605,0.023663918197793475,0.050297366106075436,0.02663344790828196
257,poly-higg,15000000.0,0.88,1.0492620450994337,-0.05551732784983137,0.02088396343529545,0.07640129128512682
258,poly-higg,100.0,1.392,1.2806662966461906,0.14363923527454328,0.10743598032615231,-0.03620325494839097
258,poly-higg,1000.0,1.392,1.2775527147449195,0.14363923527454328,0.10637882915939481,-0.03726040611514847
258,poly-higg,10000.0,1.392,1.2727704214326088,0.14363923527454328,0.10475007396264151,-0.038889161311901774
258,poly-higg,100000.0,1.344,1.2618716613161098,0.12839926871780646,0.10101518722468647,-0.027384081493119994
258,poly-higg,15000000.0,1.12,1.149608582044869,0.04921802267018165,0.06054999722848144,0.01133197455829979
259,ibalizumab,100.0,14.15,12.978778038771859,1.150756439860309,1.1132338052532436,-0.0375226346070654
259,ibalizumab,1000.0,14.15,11.870474956965309,1.150756439860309,1.0744680961291908,-0.07628834373111815
259,ibalizumab,10000.0,13.32,10.781034508883645,1.1245042248342823,1.0326604361701306,-0.09184378866415166
259,ibalizumab,100000.0,8.39,8.07293777541276,0.9237619608287003,0.907031605041447,-0.016730355787253348
259,ibalizumab,15000000.0,4.5,4.5482536691603475,0.6532125137753437,0.6578446785408385,0.004632164765494773
260,ibalizumab,100.0,24.07,21.330911139812432,1.38147609027503,1.3290094065296691,-0.0524666837453609
260,ibalizumab,1000.0,24.07,19.4099906995409,1.38147609027503,1.2880253272925857,-0.09345076298244437
260,ibalizumab,10000.0,20.67,16.87391568866828,1.3153404766272883,1.227215874803331,-0.0881246018239572
260,ibalizumab,100000.0,12.5,12.1152565492224,1.0969100130080565,1.0833326150671643,-0.013577397940892189
260,ibalizumab,15000000.0,7.9,6.530565252310311,0.8976270912904415,0.8149507732099806,-0.08267631808046094
261,ibalizumab,100.0,15.16,15.446064759318974,1.1806992012960347,1.188817851333372,0.00811865003733736
261,ibalizumab,1000.0,15.16,14.252417928984599,1.1806992012960347,1.1538885488453163,-0.026810652450718342
261,ibalizumab,10000.0,15.16,12.441443858950887,1.1806992012960347,1.0948707841801788,-0.08582841711585587
261,ibalizumab,100000.0,10.9,9.218954775424958,1.0374264979406236,0.9646816845029349,-0.07274481343768868
261,ibalizumab,15000000.0,5.95,5.5770639332287475,0.7745169657285496,0.7464056230982145,-0.0281113426303351
262,ibalizumab,100.0,4.22,5.902646541757198,0.6253124509616739,0.7710467778746963,0.14573432691302246
262,ibalizumab,1000.0,4.22,5.656703185746425,0.6253124509616739,0.7525633913664802,0.12725094040480633
262,ibalizumab,10000.0,3.67,5.412331779153574,0.5646660642520893,0.7333844112513652,0.1687183469992759
262,ibalizumab,100000.0,2.44,4.75833120506468,0.3873898263387294,0.6774546679504743,0.29006484161174484
262,ibalizumab,15000000.0,1.4,3.782740613178828,0.146128035678238,0.577806562247726,0.43167852656948796
263,ibalizumab,100.0,15.07,10.383653153740841,1.1781132523146318,1.0163501729142865,-0.1617630794003453
263,ibalizumab,1000.0,11.94,8.692850116537315,1.0770043267933502,0.9391621915172808,-0.13784213527606948
263,ibalizumab,10000.0,10.11,7.060128428257474,1.0047511555910011,0.8488126012184101,-0.15593855437259108
263,ibalizumab,100000.0,6.46,6.132893494079737,0.8102325179950841,0.7876654226468771,-0.022567095348207
263,ibalizumab,15000000.0,4.5,4.22224850261163,0.6532125137753437,0.6255437903494125,-0.027668723425931185
264,ibalizumab,100.0,11.94,9.673643604238329,1.0770043267933502,0.9855900830975219,-0.09141424369582829
264,ibalizumab,1000.0,8.73,8.33736700140969,0.9410142437055697,0.9210289190667857,-0.019985324638783997
264,ibalizumab,10000.0,7.56,6.905050340563662,0.8785217955012065,0.8391668491057175,-0.03935494639548898
264,ibalizumab,100000.0,5.68,5.981088905257582,0.7543483357110189,0.7767802579840538,0.02243192227303492
264,ibalizumab,15000000.0,5.41,4.5420498954891455,0.7331972651065695,0.657251900737214,-0.0759453643693555
265,ibalizumab,100.0,6.15,6.1283297738732845,0.7888751157754168,0.7873421272381195,-0.0015329885372973306
265,ibalizumab,1000.0,5.97,5.8253720133259375,0.7759743311293691,0.7653236650071985,-0.010650666122170582
265,ibalizumab,10000.0,5.97,5.4850279233435,0.7759743311293691,0.7391788428356397,-0.03679548829372936
265,ibalizumab,100000.0,5.28,4.845178434595602,0.7226339225338123,0.6853097755525845,-0.03732414698122777
265,ibalizumab,15000000.0,4.1,3.641028346438448,0.6127838567197355,0.5612240600528338,-0.05155979666690169
266,ibalizumab,100.0,8.27,7.552608698645964,0.9175055095525466,0.8780969844428252,-0.03940852510972137
266,ibalizumab,1000.0,7.35,7.026219854602965,0.8662873390841949,0.8467217350015568,-0.019565604082638077
266,ibalizumab,10000.0,7.35,6.638714387551847,0.8662873390841949,0.822083984721872,-0.04420335436232281
266,ibalizumab,100000.0,5.87,5.836894743621803,0.7686381012476144,0.7661818617740289,-0.002456239473585531
266,ibalizumab,15000000.0,5.0,4.43818101209328,0.6989700043360189,0.6472050110438339,-0.05176499329218498
267,ibalizumab,100.0,2.58,2.6719015808360282,0.41161970596323016,0.426820456914649,0.015200750951418818
267,ibalizumab,1000.0,2.53,2.528860389666019,0.40312052117581787,0.4029248539900024,-0.0001956671858154846
267,ibalizumab,10000.0,2.53,2.4325238657733426,0.40312052117581787,0.38605710987474673,-0.01706341130107114
267,ibalizumab,100000.0,2.31,2.304103764580729,0.36361197989214433,0.3625020335055504,-0.0011099463865939518
267,ibalizumab,15000000.0,2.2,1.8005377040697812,0.3424226808222063,0.2554022201244125,-0.08702046069779379
268,ibalizumab,100.0,3.67,3.656230587330573,0.5646660642520893,0.5630335775561448,-0.0016324866959445128
268,ibalizumab,1000.0,3.67,3.5591949547441266,0.5646660642520893,0.5513517771161572,-0.013314287135932079
268,ibalizumab,10000.0,3.67,3.4310446536486143,0.5646660642520893,0.5354263702587366,-0.02923969399335269
268,ibalizumab,100000.0,3.28,3.2777290167044795,0.5158738437116791,0.5155730458133048,-0.0003007978983743387
268,ibalizumab,15000000.0,2.7,2.8946976383270577,0.43136376415898736,0.4616032067978345,0.030239442638847147
269,ibalizumab,100.0,3.04,3.250987317591581,0.48287358360875376,0.51201527527566,0.029141691666906278
269,ibalizumab,1000.0,3.04,2.969019032109046,0.48287358360875376,0.4726129815345578,-0.01026060207419599
269,ibalizumab,10000.0,3.04,2.7344221413681855,0.48287358360875376,0.43686556199277243,-0.04600802161598133
269,ibalizumab,100000.0,2.52,2.465322795953922,0.4014005407815441,0.3918737914929277,-0.009526749288616354
269,ibalizumab,15000000.0,1.8,1.6985027816855873,0.25527250510330607,0.2300662624628685,-0.02520624264043758
270,ibalizumab,100.0,3.85,3.6021368393675868,0.5854607295085007,0.5565602069436583,-0.028900522564842435
270,ibalizumab,1000.0,3.4,3.344315104828023,0.5314789170422551,0.5243071903700994,-0.007171726672155709
270,ibalizumab,10000.0,3.4,3.1254706041615226,0.5314789170422551,0.49491541860901006,-0.03656349843324508
270,ibalizumab,100000.0,3.11,2.943148935477496,0.4927603890268375,0.46881223974807307,-0.02394814927876443
270,ibalizumab,15000000.0,2.7,2.6851366575388567,0.43136376415898736,0.42896639361275823,-0.0023973705462291273
271,ibalizumab,100.0,3.59,3.2342461990565385,0.5550944485783191,0.5097730764306111,-0.04532137214770804
271,ibalizumab,1000.0,3.13,3.08511091401163,0.49554433754644844,0.4892707821382488,-0.006273555408199627
271,ibalizumab,10000.0,3.13,2.9094166622689794,0.49554433754644844,0.4638059217167223,-0.03173841582972614
271,ibalizumab,100000.0,2.52,2.6727078984520527,0.4014005407815441,0.42695149709459645,0.025550956313052375
271,ibalizumab,15000000.0,2.4,2.2774657101044156,0.38021124171160603,0.3574518468856311,-0.022759394825974943
272,ibalizumab,100.0,1.2,1.2507683745184517,0.07918124604762482,0.09717689164207945,0.01799564559445463
272,ibalizumab,1000.0,1.2,1.2403381400566682,0.07918124604762482,0.09354009834087358,0.014358852293248764
272,ibalizumab,10000.0,1.2,1.2001139888881796,0.07918124604762482,0.07922249804265596,4.125199503114685e-05
272,ibalizumab,100000.0,1.01,1.1440951383672269,0.004321373782642578,0.05846214014750698,0.0541407663648644
272,ibalizumab,15000000.0,0.96,1.0195021413921952,-0.017728766960431602,0.008388142319982512,0.026116909280414116
273,ibalizumab,100.0,1.7,1.7530630761328434,0.2304489213782739,0.2437975425191283,0.013348621140854389
273,ibalizumab,1000.0,1.7,1.698036569724388,0.2304489213782739,0.2299470391814814,-0.000501882196792508
273,ibalizumab,10000.0,1.7,1.6158966291049344,0.2304489213782739,0.20841357497493548,-0.02203534640333843
273,ibalizumab,100000.0,1.43,1.4858335141955026,0.1553360374650618,0.17197014999196128,0.016634112526899475
273,ibalizumab,15000000.0,1.2,1.2216942298304616,0.07918124604762482,0.08696252267077446,0.007781276623149647
274,ibalizumab,100.0,1.33,1.3440740229747825,0.12385164096708581,0.1284231875304697,0.004571546563383877
274,ibalizumab,1000.0,1.33,1.322120577321746,0.12385164096708581,0.12127106458798242,-0.0025805763791033887
274,ibalizumab,10000.0,1.33,1.304187375334715,0.12385164096708581,0.11533999187741671,-0.008511649089669102
274,ibalizumab,100000.0,1.18,1.2621329646243256,0.07188200730612536,0.10110510986912244,0.02922310256299708
274,ibalizumab,15000000.0,1.05,1.143963334618341,0.021189299069938092,0.05841210502683642,0.03722280595689833
275,ibalizumab,100.0,1.84,1.865858619306597,0.2648178230095365,0.2708787330968795,0.006060910087342997
275,ibalizumab,1000.0,1.84,1.8244501865250093,0.2648178230095365,0.26113201019853177,-0.0036858128110047184
275,ibalizumab,10000.0,1.84,1.7870836663095395,0.2648178230095365,0.25214488544686964,-0.012672937562666853
275,ibalizumab,100000.0,1.68,1.7454538731419373,0.22530928172586284,0.24190837626413536,0.01659909453827252
275,ibalizumab,15000000.0,1.6,1.6267501726120652,0.2041199826559248,0.21132086148824367,0.007200878832318874
276,ibalizumab,100.0,0.92,0.9873014640026697,-0.036212172654444715,-0.00555021899952669,0.030661953654918025
276,ibalizumab,1000.0,0.92,0.9686787063180329,-0.036212172654444715,-0.01382024690322925,0.022391925751215465
276,ibalizumab,10000.0,0.92,0.9287028599283954,-0.036212172654444715,-0.03212321704569108,0.004088955608753636
276,ibalizumab,100000.0,0.84,0.9072837062729028,-0.07572071393811836,-0.04225688846065566,0.0334638254774627
276,ibalizumab,15000000.0,0.8,0.8896638398281176,-0.09691001300805639,-0.050774060867336705,0.04613595214071969
277,ibalizumab,100.0,1.01,1.1065613601833675,0.004321373782642578,0.04397550109218638,0.0396541273095438
277,ibalizumab,1000.0,1.01,1.0508567381725156,0.004321373782642578,0.021543513305135306,0.017222139522492727
277,ibalizumab,10000.0,1.01,1.0003526474006896,0.004321373782642578,0.00015312582205208615,-0.0041682479605904925
277,ibalizumab,100000.0,0.92,0.9663785685953132,-0.036212172654444715,-0.014852709977083428,0.021359462677361288
277,ibalizumab,15000000.0,0.88,0.914942005502678,-0.05551732784983137,-0.03860643324327016,0.016910894606561207
278,ibalizumab,100.0,1.2,1.1540451846464952,0.07918124604762482,0.06222281320313861,-0.016958432844486206
278,ibalizumab,1000.0,1.2,1.1534619058257194,0.07918124604762482,0.062003256106464816,-0.017177989941160002
278,ibalizumab,10000.0,1.2,1.138623454563854,0.07918124604762482,0.05638012562232628,-0.02280112042529854
278,ibalizumab,100000.0,1.09,1.0915386370290272,0.037426497940623665,0.03803911297371801,0.0006126150330943436
278,ibalizumab,15000000.0,1.04,1.0163376839200218,0.01703333929878037,0.007038028712705279,-0.009995310586075092
279,ibalizumab,100.0,2.94,3.017512751960871,0.46834733041215726,0.4796491140948343,0.011301783682677036
279,ibalizumab,1000.0,2.94,2.9184820679614094,0.46834733041215726,0.4651570292174193,-0.0031903011947379545
279,ibalizumab,10000.0,2.94,2.8083154319939774,0.46834733041215726,0.44844588646370914,-0.019901443948448116
279,ibalizumab,100000.0,2.6,2.6679001535947586,0.414973347970818,0.4261695720382702,0.011196224067452243
279,ibalizumab,15000000.0,2.48,2.278630797126549,0.3944516808262163,0.3576739628460266,-0.036777717980189695
280,ibalizumab,100.0,2.48,2.983859439039159,0.3944516808262163,0.474778360929497,0.0803266801032807
280,ibalizumab,1000.0,2.12,2.776924653329057,0.32633586092875144,0.4435640961394004,0.11722823521064896
280,ibalizumab,10000.0,1.75,2.545090763317773,0.24303804868629444,0.40570327480841406,0.16266522612211962
280,ibalizumab,100000.0,1.6,2.240288569926244,0.2041199826559248,0.35030396309076867,0.14618398043484387
280,ibalizumab,15000000.0,1.52,1.7561543173868535,0.18184358794477254,0.24456267571867116,0.06271908777389862
281,ibalizumab,100.0,2.21,1.952173721768672,0.3443922736851107,0.29051846243337553,-0.05387381125173518
281,ibalizumab,1000.0,1.93,1.7485521247631584,0.28555730900777376,0.24267858326213068,-0.04287872574564308
281,ibalizumab,10000.0,1.56,1.5551459891420498,0.1931245983544616,0.19177116461866098,-0.0013534337358006299
281,ibalizumab,100000.0,1.26,1.436907307586629,0.10037054511756291,0.1574287534494451,0.05705820833188219
281,ibalizumab,15000000.0,1.2,1.2286049670783203,0.07918124604762482,0.08941226677903949,0.010231020731414672
282,ibalizumab,100.0,1.29,1.2314731911683712,0.11058971029924898,0.09042496180697471,-0.020164748492274273
282,ibalizumab,1000.0,1.29,1.2107742213269288,0.11058971029924898,0.0830631657907732,-0.027526544508475775
282,ibalizumab,10000.0,1.29,1.1725709360172991,0.11058971029924898,0.06913912532230759,-0.04145058497694139
282,ibalizumab,100000.0,1.09,1.1121489219251208,0.037426497940623665,0.04616294519560173,0.008736447254978068
282,ibalizumab,15000000.0,1.04,1.0358297409925574,0.01703333929878037,0.015288376428470692,-0.0017449628703096777
283,ibalizumab,100.0,1.01,1.1203520629355892,0.004321373782642578,0.04935451817372074,0.04503314439107816
283,ibalizumab,1000.0,1.01,1.110674651918446,0.004321373782642578,0.045586860408530994,0.041265486625888415
283,ibalizumab,10000.0,1.01,1.076975179403377,0.004321373782642578,0.032205694409992124,0.027884320627349544
283,ibalizumab,100000.0,0.92,1.0415635116909923,-0.036212172654444715,0.017685757179545836,0.053897929833990554
283,ibalizumab,15000000.0,0.88,0.944639545351073,-0.05551732784983137,-0.024733877552175824,0.030783450297655546
284,ibalizumab,100.0,1.15,1.1464399376919898,0.06069784035361165,0.05935130685294381,-0.0013465335006678375
284,ibalizumab,1000.0,1.15,1.131596926563417,0.06069784035361165,0.05369175923532334,-0.007006081118288307
284,ibalizumab,10000.0,1.15,1.120420399319055,0.06069784035361165,0.04938100735525211,-0.01131683299835954
284,ibalizumab,100000.0,1.15,1.1131479807828109,0.06069784035361165,0.046552902848097294,-0.014144937505514356
284,ibalizumab,15000000.0,1.15,1.0765760018682375,0.06069784035361165,0.03204469465822966,-0.028653145695381993
285,ibalizumab,100.0,1.2,1.2572618813552319,0.07918124604762482,0.0994257484748165,0.020244502427191682
285,ibalizumab,1000.0,1.2,1.2595675927913768,0.07918124604762482,0.10022147821654287,0.021040232168918052
285,ibalizumab,10000.0,1.2,1.255313840112473,0.07918124604762482,0.09875231704384232,0.019571070996217507
285,ibalizumab,100000.0,1.2,1.2348149059983968,0.07918124604762482,0.09160186340301049,0.012420617355385674
285,ibalizumab,15000000.0,1.2,1.120801368865368,0.07918124604762482,0.049528652693771665,-0.029652593353853153
286,ibalizumab,100.0,0.8,0.8606278288050576,-0.09691001300805639,-0.06518461491036452,0.03172539809769187
286,ibalizumab,1000.0,0.8,0.8531383820649493,-0.09691001300805639,-0.06898051901672297,0.027929493991333418
286,ibalizumab,10000.0,0.8,0.8293157905000716,-0.09691001300805639,-0.08128006540055556,0.015629947607500833
286,ibalizumab,100000.0,0.8,0.8097883756686537,-0.09691001300805639,-0.0916284617231914,0.005281551284864988
286,ibalizumab,15000000.0,0.8,0.8088805816929273,-0.09691001300805639,-0.09211559030362672,0.004794422704429674
287,ibalizumab,100.0,2.12,2.431213139624723,0.32633586092875144,0.38582303424657016,0.05948717331781872
287,ibalizumab,1000.0,2.12,2.157853503638821,0.32633586092875144,0.33402195715834077,0.007686096229589323
287,ibalizumab,10000.0,2.12,2.002170110688543,0.32633586092875144,0.3015009737401022,-0.024834887188649235
287,ibalizumab,100000.0,2.12,1.9128568714387957,0.32633586092875144,0.2816824753750119,-0.044653385553739544
287,ibalizumab,15000000.0,2.12,1.9248673294276717,0.32633586092875144,0.28440080133382983,-0.04193505959492161
288,ibalizumab,100.0,1.66,1.735408770739783,0.22010808804005508,0.23940178804160542,0.01929370000155034
288,ibalizumab,1000.0,1.66,1.686160348943294,0.22010808804005508,0.22689887239425707,0.006790784354201995
288,ibalizumab,10000.0,1.66,1.5833175781000497,0.22010808804005508,0.1995680333610443,-0.020540054679010766
288,ibalizumab,100000.0,1.43,1.4677632717584037,0.1553360374650618,0.1666560160300323,0.011319978564970495
288,ibalizumab,15000000.0,1.21,1.2187703740060754,0.08278537031645007,0.08592188880460706,0.003136518488156992
289,ibalizumab,100.0,1.33,1.4049884031619124,0.12385164096708581,0.1476727395695155,0.023821098602429674
289,ibalizumab,1000.0,1.33,1.3754228338625267,0.12385164096708581,0.13843622993633733,0.014584588969251522
289,ibalizumab,10000.0,1.33,1.3496849432223017,0.12385164096708581,0.13023240302196804,0.006380762054882222
289,ibalizumab,100000.0,1.18,1.3141057549255462,0.07188200730612536,0.11863031722714881,0.046748309921023454
289,ibalizumab,15000000.0,1.12,1.134305226257436,0.04921802267018165,0.054729933077998644,0.00551191040781699
290,ibalizumab,100.0,2.37,2.400941586573403,0.37474834601010387,0.38038159406892275,0.005633248058818874
290,ibalizumab,1000.0,2.37,2.3082295978107785,0.37474834601010387,0.3632790055681493,-0.011469340441954579
290,ibalizumab,10000.0,2.37,2.2143625332954198,0.37474834601010387,0.3452487246368923,-0.02949962137321155
290,ibalizumab,100000.0,2.02,2.0610706482417545,0.3053513694466238,0.31409287854082923,0.008741509094205457
290,ibalizumab,15000000.0,1.55,1.7316998685820002,0.1903316981702915,0.23847262398992566,0.04814092581963417
291,ibalizumab,100.0,0.97,1.1150857396521694,-0.01322826573375516,0.04730826184715795,0.060536527580913116
291,ibalizumab,1000.0,0.97,1.1038073115336913,-0.01322826573375516,0.0428932664716072,0.056121532205362354
291,ibalizumab,10000.0,0.97,1.1010121167577824,-0.01322826573375516,0.04179209845593669,0.05502036418969185
291,ibalizumab,100000.0,0.93,1.098963968640701,-0.03151705144606486,0.04098345359087662,0.07250050503694148
291,ibalizumab,15000000.0,0.9328284271247462,1.0082670844229389,-0.030198227641558856,0.003575589576505023,0.03377381721806388
292,ibalizumab,100.0,1.06,1.1302039893303035,0.02530586526477026,0.05315683591275505,0.02785097064798479
292,ibalizumab,1000.0,1.06,1.1292861407405597,0.02530586526477026,0.05280399825759633,0.02749813299282607
292,ibalizumab,10000.0,1.06,1.1055882303491,0.02530586526477026,0.043593406729067516,0.018287541464297254
292,ibalizumab,100000.0,1.01,1.083211796235239,0.004321373782642578,0.0347133808572954,0.030392007074652824
292,ibalizumab,15000000.0,0.88,0.9961893387708727,-0.05551732784983137,-0.001658110403029089,0.053859217446802284
293,poly-higg,100.0,5.91,5.359216632983152,0.7715874808812554,0.7291013126710852,-0.04248616821017015
293,poly-higg,1000.0,5.91,5.272572923649811,0.7715874808812554,0.7220225950724438,-0.049564885808811576
293,poly-higg,10000.0,5.91,5.036720432460015,0.7715874808812554,0.7021478456344663,-0.06943963524678909
293,poly-higg,100000.0,5.37,4.527141466425144,0.7299742856995556,0.6558240657627319,-0.07415021993682369
293,poly-higg,15000000.0,2.52,3.1848151564154046,0.4014005407815441,0.5030842313720454,0.10168369059050131
294,poly-higg,100.0,8.27,6.752982405273846,0.9175055095525466,0.8294956181782849,-0.08800989137426174
294,poly-higg,1000.0,6.7,6.583138987885652,0.8260748027008264,0.8184330243210909,-0.007641778379735564
294,poly-higg,10000.0,6.7,6.373585061138947,0.8260748027008264,0.8043837862284715,-0.02169101647235494
294,poly-higg,100000.0,6.12,6.0095627992047485,0.7867514221455612,0.7788428778597383,-0.007908544285822883
294,poly-higg,15000000.0,4.7,4.361481625120738,0.6720978579357175,0.6396340471373139,-0.03246381079840366
295,poly-higg,100.0,4.59,5.173375006401811,0.6618126855372612,0.7137739605873248,0.05196127505006354
295,poly-higg,1000.0,4.22,5.0856482056229,0.6253124509616739,0.7063463150137175,0.0810338640520436
295,poly-higg,10000.0,4.22,4.900194845792512,0.6253124509616739,0.6902133491652712,0.06490089820359735
295,poly-higg,100000.0,3.85,4.474069603199499,0.5854607295085007,0.6507027361419996,0.06524200663349888
295,poly-higg,15000000.0,3.0,3.251395369680491,0.47712125471966244,0.5120697829167198,0.03494852819705735
296,poly-higg,100.0,10.11,9.363602549526671,1.0047511555910011,0.9714429712131081,-0.03330818437789307
296,poly-higg,1000.0,8.27,8.780996435517839,0.9175055095525466,0.9435438008597239,0.026038291307177275
296,poly-higg,10000.0,8.27,8.077707191952312,0.9175055095525466,0.9072881064194938,-0.01021740313305286
296,poly-higg,100000.0,6.71,7.48634213649167,0.8267225201689921,0.8742696711079512,0.047547150938959115
296,poly-higg,15000000.0,4.55,4.614555618239184,0.6580113966571124,0.6641298848117955,0.006118488154683077
297,poly-higg,100.0,5.6,6.712640618540819,0.7481880270062004,0.8268933965424978,0.07870536953629748
297,poly-higg,1000.0,5.6,6.286377542346535,0.7481880270062004,0.7984004599831932,0.05021243297699285
297,poly-higg,10000.0,5.6,5.743957679753595,0.7481880270062004,0.7592112314575736,0.01102320445137328
297,poly-higg,100000.0,5.11,5.236191530178393,0.7084209001347127,0.7190155238562356,0.010594623721522867
297,poly-higg,15000000.0,2.6,3.3789757975148147,0.414973347970818,0.5287850810784158,0.11381173310759785
298,poly-higg,100.0,5.42,6.177139853174087,0.7339992865383869,0.7907874340678567,0.05678814752946981
298,poly-higg,1000.0,5.42,5.783699453491347,0.7339992865383869,0.7622057170178801,0.028206430479493227
298,poly-higg,10000.0,5.42,5.336454939355608,0.7339992865383869,0.7272528466261898,-0.006746439912197033
298,poly-higg,100000.0,4.95,4.754274800638249,0.6946051989335688,0.6770842806634384,-0.01752091827013036
298,poly-higg,15000000.0,2.88,3.6779373235678205,0.45939248775923086,0.5656043240699297,0.1062118363106988
299,poly-higg,100.0,11.48,11.968964187986384,1.0599418880619547,1.0780565675403726,0.01811467947841794
299,poly-higg,1000.0,11.48,11.295842850284107,1.0599418880619547,1.052918641769946,-0.007023246292008567
299,poly-higg,10000.0,11.48,10.722218878815246,1.0599418880619547,1.0302846684825937,-0.02965721957936096
299,poly-higg,100000.0,9.23,9.806019075805118,0.9652017010259121,0.9914927337509551,0.026291032725043073
299,poly-higg,15000000.0,6.0,5.85996417060879,0.7781512503836436,0.76789496063337,-0.010256289750273595
300,poly-higg,100.0,9.19,9.421585669202736,0.9633155113861113,0.9741240014586254,0.010808490072514165
300,poly-higg,1000.0,9.19,9.099516462959913,0.9633155113861113,0.9590183150631035,-0.004297196323007735
300,poly-higg,10000.0,9.19,8.812236573839172,0.9633155113861113,0.9450861477313156,-0.01822936365479566
300,poly-higg,100000.0,8.39,7.938706751232643,0.9237619608287003,0.8997497597887401,-0.024012201039960268
300,poly-higg,15000000.0,5.8,4.7944520001464515,0.7634279935629372,0.6807389750284487,-0.08268901853448851
301,poly-higg,100.0,8.27,8.066717836293861,0.9175055095525466,0.9066968661305518,-0.010808643421994835
301,poly-higg,1000.0,6.98,7.705815426639024,0.8438554226231612,0.8868186023732998,0.042963179750138636
301,poly-higg,10000.0,6.98,6.992707194035018,0.8438554226231612,0.8446453433872153,0.0007899207640541528
301,poly-higg,100000.0,6.04,6.238214404761217,0.7810369386211319,0.7950602971932497,0.014023358572117783
301,poly-higg,15000000.0,4.3,4.639303492185307,0.6334684555795865,0.666452783958747,0.03298432837916043
302,trastuzumab,100.0,7.29,5.753150099141108,0.8627275283179746,0.7599057048752038,-0.1028218234427708
302,trastuzumab,1000.0,5.99,5.0550529506283866,0.7774268223893114,0.7037257090952258,-0.07370111329408557
302,trastuzumab,10000.0,3.55,3.834577754113181,0.5502283530550941,0.5837175484271885,0.03348919537209438
302,trastuzumab,100000.0,3.22,2.778124438641929,0.5078558716958309,0.4437516948951717,-0.06410417680065922
302,trastuzumab,15000000.0,1.06,1.7413130615406738,0.02530586526477026,0.2408768576635861,0.21557099239881583
303,trastuzumab,100.0,4.69,4.8475897918726645,0.6711728427150833,0.6855258622589747,0.014353019543891454
303,trastuzumab,1000.0,4.69,4.52599463297217,0.6711728427150833,0.6557140346226972,-0.01545880809238609
303,trastuzumab,10000.0,4.59,4.068265801320517,0.6618126855372612,0.6094093199330268,-0.05240336560423442
303,trastuzumab,100000.0,3.85,3.346928479365224,0.5854607295085007,0.524646432002565,-0.0608142975059357
303,trastuzumab,15000000.0,1.9,1.985605740933128,0.2787536009528289,0.29789301982144256,0.019139418868613645
304,trastuzumab,100.0,3.4,3.535368730758647,0.5314789170422551,0.5484347164023669,0.016955799360111712
304,trastuzumab,1000.0,3.4,3.3672423433448273,0.5314789170422551,0.5272743740625422,-0.004204542979712955
304,trastuzumab,10000.0,3.3,3.1940749533240855,0.5185139398778874,0.504345103234246,-0.014168836643641436
304,trastuzumab,100000.0,3.04,2.9274019372162208,0.48287358360875376,0.46648235589156356,-0.016391227717190204
304,trastuzumab,15000000.0,2.34,2.1616918169585757,0.3692158574101428,0.33479377854675296,-0.03442207886338983
305,trastuzumab,100.0,1.9,1.9646137582521044,0.2787536009528289,0.2932771810993547,0.014523580146525772
305,trastuzumab,1000.0,1.9,1.879052025583143,0.2787536009528289,0.2739388046406461,-0.00481479631218279
305,trastuzumab,10000.0,1.9,1.7686169115815216,0.2787536009528289,0.24763377343916151,-0.031119827513667403
305,trastuzumab,100000.0,1.56,1.6112897976476572,0.1931245983544616,0.20717365724140907,0.014049058886947463
305,trastuzumab,15000000.0,1.2,1.2878949875934846,0.07918124604762482,0.10988045295550564,0.03069920690788082
306,trastuzumab,100.0,1.95,3.059895385995081,0.290034611362518,0.4857065787489947,0.1956719673864767
306,trastuzumab,1000.0,1.95,2.821330351960933,0.290034611362518,0.45045394104153336,0.16041932967901534
306,trastuzumab,10000.0,1.95,2.474876593316085,0.290034611362518,0.3935535482481521,0.10351893688563407
306,trastuzumab,100000.0,1.79,2.0652043159992735,0.2528530309798932,0.31496302399319287,0.06210999301329967
306,trastuzumab,15000000.0,0.8,1.358799549308089,-0.09691001300805639,0.13315539414953406,0.23006540715759044
307,trastuzumab,100.0,3.99,3.5578255921706092,0.6009728956867483,0.5511846547612836,-0.04978824092546463
307,trastuzumab,1000.0,3.4,3.372864248234215,0.5314789170422551,0.5279988619632261,-0.003480055079029043
307,trastuzumab,10000.0,3.1,3.0521486193543015,0.4913616938342727,0.4846056770528317,-0.006756016781440999
307,trastuzumab,100000.0,3.13,2.7112089907291175,0.49554433754644844,0.43316299600989494,-0.0623813415365535
307,trastuzumab,15000000.0,1.85,1.875466044646612,0.26717172840301384,0.2731092056469119,0.005937477243898037
308,trastuzumab,100.0,3.9,3.5228541624257614,0.5910646070264992,0.5468946648205513,-0.04416994220594794
308,trastuzumab,1000.0,3.3,3.324117868801519,0.5185139398778874,0.5216764148902072,0.0031624750123198098
308,trastuzumab,10000.0,3.3,2.977316801929268,0.5185139398778874,0.4738250482878339,-0.044688891590053514
308,trastuzumab,100000.0,2.48,2.4534135354731026,0.3944516808262163,0.38977075694558655,-0.004680923880629739
308,trastuzumab,15000000.0,1.8,1.6989063971437226,0.25527250510330607,0.2301694516625657,-0.025103053440740375
309,trastuzumab,100.0,3.5,2.884877628563346,0.5440680443502757,0.4601273958741318,-0.08394064847614385
309,trastuzumab,1000.0,2.6,2.482944096756565,0.414973347970818,0.3949669415668655,-0.02000640640395246
309,trastuzumab,10000.0,2.0,2.120656899750645,0.3010299956639812,0.32647040986581227,0.025440414201831074
309,trastuzumab,100000.0,1.84,1.8351244727349145,0.2648178230095365,0.2636655268925025,-0.0011522961170339907
309,trastuzumab,15000000.0,1.6,1.4682405888316963,0.2041199826559248,0.1667972257713804,-0.037322756884544395
310,trastuzumab,100.0,2.5,2.448814792653752,0.3979400086720376,0.3889559400573006,-0.008984068614736995
310,trastuzumab,1000.0,2.5,2.326767195358732,0.3979400086720376,0.366752932135478,-0.03118707653655961
310,trastuzumab,10000.0,2.1,1.9952969642689227,0.3222192947339193,0.3000075417999122,-0.022211752934007123
310,trastuzumab,100000.0,1.66,1.7006178876035871,0.22010808804005508,0.2306067428027895,0.010498654762734427
310,trastuzumab,15000000.0,1.25,1.3725243842667543,0.09691001300805642,0.13752006886597326,0.04061005585791684
311,trastuzumab,100.0,2.95,3.19069186230093,0.46982201597816303,0.5038848646873845,0.03406284870922144
311,trastuzumab,1000.0,2.95,3.006890380596787,0.46982201597816303,0.4781175957195071,0.008295579741344095
311,trastuzumab,10000.0,2.95,2.6905554556815665,0.46982201597816303,0.4298419478221303,-0.03998006815603272
311,trastuzumab,100000.0,2.71,2.2787509401054753,0.4329692908744057,0.35769686083254937,-0.07527243004185635
311,trastuzumab,15000000.0,2.36,1.71319212433912,0.37291200297010657,0.23380606924780786,-0.1391059337222987
312,trastuzumab,100.0,3.99,2.973321371675708,0.6009728956867483,0.47324185249535616,-0.1277310431913921
312,trastuzumab,1000.0,3.15,2.781960278694914,0.4983105537896005,0.44435092476933935,-0.053959629020261135
312,trastuzumab,10000.0,2.4,2.473656764359067,0.38021124171160603,0.39333943834635376,0.013128196634747735
312,trastuzumab,100000.0,1.93,2.1215960494526365,0.28555730900777376,0.32666269804136566,0.0411053890335919
312,trastuzumab,15000000.0,1.68,1.6715107048020308,0.22530928172586284,0.22310916227561992,-0.0022001194502429267
313,trastuzumab,100.0,3.6,3.5837585768041147,0.5563025007672873,0.5543387453278906,-0.0019637554393966417
313,trastuzumab,1000.0,3.6,3.2646972506168437,0.5563025007672873,0.5138429134877301,-0.04245958727955712
313,trastuzumab,10000.0,3.15,2.9395549130234526,0.4983105537896005,0.46828157753762506,-0.030028976251975426
313,trastuzumab,100000.0,2.9,2.7723805755512454,0.4623979978989561,0.4428528473383584,-0.01954515056059769
313,trastuzumab,15000000.0,2.5,2.4102545440196974,0.3979400086720376,0.3820629103033252,-0.015877098368712428
314,trastuzumab,100.0,4.19,3.6524052798741424,0.6222140229662954,0.5625789619201225,-0.05963506104617289
314,trastuzumab,1000.0,3.4,3.2480712358355763,0.5314789170422551,0.511625545504805,-0.01985337153745015
314,trastuzumab,10000.0,2.6,2.5501748322198026,0.414973347970818,0.4065699553616181,-0.008403392609199867
314,trastuzumab,100000.0,1.99,2.1496523969375407,0.29885307640970665,0.33236823931249093,0.03351516290278428
314,trastuzumab,15000000.0,1.73,1.7086100689298527,0.2380461031287954,0.23264296135492452,-0.005403141773870884
315,trastuzumab,100.0,2.6,2.7000635953934258,0.414973347970818,0.4313739933453488,0.016400645374530842
315,trastuzumab,1000.0,2.6,2.470935966369294,0.414973347970818,0.39286149092502315,-0.022111857045794825
315,trastuzumab,10000.0,2.05,2.187733248103657,0.31175386105575426,0.33999436704937275,0.028240505993618492
315,trastuzumab,100000.0,1.89,1.937344693029983,0.2764618041732441,0.2872068974165282,0.010745093243284098
315,trastuzumab,15000000.0,1.64,1.596390082308758,0.21484384804769785,0.20313902103383544,-0.011704827013862412
316,trastuzumab,100.0,2.45,2.549440938852043,0.3891660843645325,0.40644495541792364,0.017278871053391154
316,trastuzumab,1000.0,2.45,2.3687898881547125,0.3891660843645325,0.37452654047716327,-0.01463954388736921
316,trastuzumab,10000.0,2.45,2.283942433160914,0.3891660843645325,0.35868515330602235,-0.03048093105851013
316,trastuzumab,100000.0,2.25,2.1653590460806864,0.3521825181113625,0.3355299186122812,-0.016652599499081266
316,trastuzumab,15000000.0,1.96,1.8717947000023434,0.292256071356476,0.2722582132345941,-0.01999785812188193
317,trastuzumab,100.0,3.7,3.5520704090840547,0.568201724066995,0.5504815657703072,-0.017720158296687827
317,trastuzumab,1000.0,3.16,3.1746736084548104,0.49968708261840383,0.5016990816489387,0.0020119990305348945
317,trastuzumab,10000.0,2.7,2.736018585976974,0.43136376415898736,0.4371190432526928,0.005755279093705434
317,trastuzumab,100000.0,2.3,2.3286944755774246,0.36172783601759284,0.36711251289074476,0.005384676873151917
317,trastuzumab,15000000.0,2.0,1.8444024676388429,0.3010299956639812,0.26585569459335556,-0.035174301070625635
318,poly-higg,100.0,1.81,1.8376630475145264,0.2576785748691845,0.2642658824470627,0.006587307577878232
318,poly-higg,1000.0,1.81,1.7635005652628037,0.2576785748691845,0.2463756032099032,-0.011302971659281291
318,poly-higg,10000.0,1.81,1.6994289715794824,0.2576785748691845,0.23030301775949172,-0.027375557109692777
318,poly-higg,100000.0,1.67,1.645185860806713,0.22271647114758325,0.21621496840338475,-0.006501502744198501
318,poly-higg,15000000.0,1.45,1.450297018178088,0.16136800223497488,0.16145695405984736,8.895182487247966e-05
319,poly-higg,100.0,11.98,7.52258425714239,1.0784568180532925,0.8763670607799576,-0.2020897572733349
319,poly-higg,1000.0,10.39,6.704121369879897,1.0166155475571774,0.8263418680613577,-0.19027367949581975
319,poly-higg,10000.0,6.09,6.2949138279624535,0.7846172926328754,0.7989897893610297,0.014372496728154327
319,poly-higg,100000.0,4.96,5.951246012441283,0.6954816764901974,0.7746079034890233,0.07912622699882588
319,poly-higg,15000000.0,4.31,3.2707038849364283,0.6344772701607315,0.5146412268032357,-0.11983604335749587
320,poly-higg,100.0,1.6,1.7892172303566927,0.2041199826559248,0.25266307182389314,0.048543089167968345
320,poly-higg,1000.0,1.6,1.7492561950118688,0.2041199826559248,0.2428534206460366,0.03873343799011181
320,poly-higg,10000.0,1.6,1.7130677067850675,0.2041199826559248,0.2337745282323193,0.02965454557639452
320,poly-higg,100000.0,1.47,1.6645320025589148,0.1673173347481761,0.22129214938823133,0.05397481464005524
320,poly-higg,15000000.0,1.28,1.523924712411143,0.10720996964786837,0.18296351175944794,0.07575354211157957
321,poly-higg,100.0,11.29,10.957118712216381,1.052693941924968,1.0396963669316053,-0.012997574993362626
321,poly-higg,1000.0,11.29,10.374073505737186,1.052693941924968,1.01594932087204,-0.03674462105292786
321,poly-higg,10000.0,9.59,9.521817482035653,0.9818186071706636,0.9787198524898397,-0.0030987546808238786
321,poly-higg,100000.0,8.73,8.158828560587265,0.9410142437055697,0.9116278075045886,-0.029386436200981136
321,poly-higg,15000000.0,5.0,3.7063453800317534,0.6989700043360189,0.5689458870964591,-0.13002411723955976
322,poly-higg,100.0,1.3,1.5756609010785916,0.11394335230683679,0.1974627584351657,0.08351940612832891
322,poly-higg,1000.0,1.3,1.502080007079767,0.11394335230683679,0.1766930656294438,0.06274971332260702
322,poly-higg,10000.0,1.3,1.4320335756205633,0.11394335230683679,0.15595320060856416,0.04200984830172737
322,poly-higg,100000.0,1.2,1.3766511543941442,0.07918124604762482,0.13882390328130453,0.059642657233679716
322,poly-higg,15000000.0,1.04,1.292129092434168,0.01703333929878037,0.11130590478222967,0.0942725654834493
323,poly-higg,100.0,1.6,1.7673222678890974,0.2041199826559248,0.24731574950931567,0.04319576685339088
323,poly-higg,1000.0,1.6,1.6867736075443924,0.2041199826559248,0.2270567971166545,0.022936814460729704
323,poly-higg,10000.0,1.6,1.6091659902094275,0.2041199826559248,0.20660084516416266,0.002480862508237869
323,poly-higg,100000.0,1.47,1.5120834983080667,0.1673173347481761,0.179575773872326,0.012258439124149922
323,poly-higg,15000000.0,1.28,1.2896291476814234,0.10720996964786837,0.11046484032186238,0.0032548706739940064
324,poly-higg,100.0,1.7,1.5955060887416919,0.2304489213782739,0.2028984658794966,-0.027550455498777326
324,poly-higg,1000.0,1.7,1.525888323781105,0.2304489213782739,0.18352274977849656,-0.046926171599777355
324,poly-higg,10000.0,1.6,1.4615558422522872,0.2041199826559248,0.16481541327451363,-0.039304569381411164
324,poly-higg,100000.0,1.47,1.395662645234399,0.1673173347481761,0.1447804548066103,-0.02253687994156578
324,poly-higg,15000000.0,1.28,1.2651902819645569,0.10720996964786837,0.10215584740320402,-0.0050541222446643524
325,poly-higg,100.0,2.0,1.9678536938172992,0.3010299956639812,0.29399280632611813,-0.00703718933786307
325,poly-higg,1000.0,2.0,1.9420666768896537,0.3010299956639812,0.2882641364412676,-0.012765859222713616
325,poly-higg,10000.0,2.0,1.8907490556803621,0.3010299956639812,0.2766338921632615,-0.02439610350071969
325,poly-higg,100000.0,1.84,1.8258205678750363,0.2648178230095365,0.2614580950982135,-0.003359727911322996
325,poly-higg,15000000.0,1.6,1.6177257514280476,0.2041199826559248,0.20890489877400473,0.004784916118079935
326,poly-higg,100.0,2.4,2.7350257563815727,0.38021124171160603,0.436961420542108,0.056750178830501985
326,poly-higg,1000.0,2.1,2.5811760054876793,0.3222192947339193,0.4118176192691445,0.0895983245352252
326,poly-higg,10000.0,1.8,2.443997657842638,0.25527250510330607,0.38810078537309217,0.1328282802697861
326,poly-higg,100000.0,1.66,2.230750419569335,0.22010808804005508,0.34845098334205515,0.12834289530200008
326,poly-higg,15000000.0,1.44,1.6898647848878874,0.15836249209524964,0.22785195578149875,0.06948946368624911
327,poly-higg,100.0,1.5,1.7250023155488228,0.17609125905568124,0.23678968238285894,0.0606984233271777
327,poly-higg,1000.0,1.5,1.7132931552679045,0.17609125905568124,0.23383167984952066,0.057740420793839425
327,poly-higg,10000.0,1.5,1.6685269376469964,0.17609125905568124,0.22233322254430804,0.0462419634886268
327,poly-higg,100000.0,1.5,1.6037365378488009,0.17609125905568124,0.20513302382568555,0.029041764770004308
327,poly-higg,15000000.0,1.5,1.4064606317834778,0.17609125905568124,0.1481275803416163,-0.027963678714064938
328,poly-higg,100.0,1.45,1.588705622198319,0.16136800223497488,0.2010434324504571,0.03967543021548223
328,poly-higg,1000.0,1.45,1.5072418330179467,0.16136800223497488,0.1781829393213684,0.016814937086393505
328,poly-higg,10000.0,1.45,1.4245668714578212,0.16136800223497488,0.15368284053476636,-0.007685161700208526
328,poly-higg,100000.0,1.45,1.3604147754315234,0.16136800223497488,0.13367134014802018,-0.027696662086954704
328,poly-higg,15000000.0,1.45,1.2436115762654847,0.16136800223497488,0.09468475605756582,-0.06668324617740906
329,poly-higg,100.0,2.8,1.9362490805372117,0.4471580313422192,0.28696122453474593,-0.16019680680747328
329,poly-higg,1000.0,2.4,1.912882411752192,0.38021124171160603,0.28168827400181484,-0.09852296770979119
329,poly-higg,10000.0,2.0,1.8715539792310114,0.3010299956639812,0.2722023575226252,-0.02882763814135597
329,poly-higg,100000.0,1.84,1.8018782773054949,0.2648178230095365,0.2557254496396837,-0.009092373369852802
329,poly-higg,15000000.0,1.6,1.5647794693733992,0.2041199826559248,0.19445313933748345,-0.009666843318441337
330,poly-higg,100.0,2.23,2.0461749498712285,0.34830486304816066,0.31094276354790146,-0.037362099500259205
330,poly-higg,1000.0,2.23,2.091337593667083,0.34830486304816066,0.3204241443587775,-0.027880718689383188
330,poly-higg,10000.0,2.23,2.075799970611691,0.34830486304816066,0.31718550146687585,-0.03111936158128481
330,poly-higg,100000.0,2.23,1.9993566564256033,0.34830486304816066,0.3008902729081777,-0.04741459013998295
330,poly-higg,15000000.0,2.0,1.7863157653524604,0.3010299956639812,0.2519582311644033,-0.0490717644995779
331,poly-higg,100.0,8.44,8.011413052465633,0.926342446625655,0.9037091236703533,-0.022633322955301738
331,poly-higg,1000.0,8.44,7.783220921019369,0.926342446625655,0.891159357754177,-0.03518308887147803
331,poly-higg,10000.0,8.44,7.5379917258887135,0.926342446625655,0.8772556564085123,-0.049086790217142684
331,poly-higg,100000.0,7.16,7.301017077660523,0.8549130223078556,0.8633833642913636,0.008470341983508045
331,poly-higg,15000000.0,5.0,3.8669864396394438,0.6989700043360189,0.5873726491353649,-0.11159735520065395
332,poly-higg,100.0,7.15,6.180640769495684,0.8543060418010806,0.7910335023105572,-0.06327253949052336
332,poly-higg,1000.0,7.15,5.885881234576853,0.8543060418010806,0.769811494649713,-0.08449454715136762
332,poly-higg,10000.0,7.15,5.61778716668773,0.8543060418010806,0.7495652816644219,-0.10474076013665867
332,poly-higg,100000.0,6.89,5.179526249333794,0.8382192219076258,0.7142900383727836,-0.12392918353484217
332,poly-higg,15000000.0,4.75,3.6324216788089854,0.6766936096248666,0.5601962589431422,-0.1164973506817244
333,poly-higg,100.0,5.79,6.141514570172898,0.7626785637274363,0.788275486508433,0.02559692278099679
333,poly-higg,1000.0,5.79,5.830520100251454,0.7626785637274363,0.765707296885,0.003028733157563801
333,poly-higg,10000.0,5.79,5.540927689785426,0.7626785637274363,0.7435824825670347,-0.019096081160401512
333,poly-higg,100000.0,5.23,4.955407632977147,0.7185016888672743,0.6950793854552073,-0.02342230341206697
333,poly-higg,15000000.0,4.0,3.8676972183360285,0.6020599913279624,0.5874524681118868,-0.014607523216075613
334,poly-higg,100.0,9.29,9.398960173243587,0.9680157139936417,0.9730798093441926,0.005064095350550857
334,poly-higg,1000.0,8.69,8.515719895743889,0.9390197764486664,0.9302213679220599,-0.008798408526606516
334,poly-higg,10000.0,7.39,7.775872821066709,0.8686444383948257,0.8907491488368621,0.022104710442036324
334,poly-higg,100000.0,6.52,6.528412154857693,0.8142475957319202,0.8148075646995452,0.0005599689676250019
334,poly-higg,15000000.0,5.67,5.039333139383055,0.7535830588929066,0.7023730695709701,-0.05120998932193643
335,poly-higg,100.0,11.98,10.082930654089546,1.0784568180532925,1.0035867803152119,-0.07487003773808065
335,poly-higg,1000.0,10.49,9.247512886630933,1.0207754881935578,0.9660249451876268,-0.05475054300593096
335,poly-higg,10000.0,8.99,8.257738239231676,0.9537596917332288,0.9168611121232044,-0.03689857961002441
335,poly-higg,100000.0,6.8,6.648103996510947,0.8325089127062363,0.8226978045121527,-0.009811108194083595
335,poly-higg,15000000.0,5.0,4.993806572161436,0.6989700043360189,0.6984317165756387,-0.0005382877603801184
336,poly-higg,100.0,9.19,9.568979143144666,0.9633155113861113,0.9808656079808613,0.017550096594750042
336,poly-higg,1000.0,9.19,8.828549277140166,0.9633155113861113,0.9458893454015003,-0.017426165984610997
336,poly-higg,10000.0,7.99,7.5621426728548515,0.9025467793139914,0.8786448668177183,-0.02390191249627316
336,poly-higg,100000.0,6.61,6.758356855231849,0.8202014594856403,0.8298411196919582,0.009639660206317902
336,poly-higg,15000000.0,5.0,4.710637812410903,0.6989700043360189,0.6730797138501572,-0.025890290485861667
337,poly-higg,100.0,3.6,3.6825960154419164,0.5563025007672873,0.5661540789180611,0.009851578150773865
337,poly-higg,1000.0,3.6,3.540620367852362,0.5563025007672873,0.5490793633620333,-0.007223137405253932
337,poly-higg,10000.0,3.6,3.3511156523908556,0.5563025007672873,0.5251894162949692,-0.031113084472318087
337,poly-higg,100000.0,3.31,3.2066304412954105,0.5198279937757188,0.5060489111120051,-0.013779082663713638
337,poly-higg,15000000.0,2.4,2.2540033155757166,0.38021124171160603,0.3529545505455709,-0.02725669116603513
338,poly-higg,100.0,2.59,3.0533094552194946,0.4132997640812518,0.4847708226031134,0.07147105852186159
338,poly-higg,1000.0,2.59,2.973418290641843,0.4132997640812518,0.4732560086126837,0.05995624453143189
338,poly-higg,10000.0,2.59,2.8922058908372557,0.4132997640812518,0.46122920635129466,0.047929442270042866
338,poly-higg,100000.0,2.59,2.8118450919457483,0.4132997640812518,0.44899139118196796,0.03569162710071616
338,poly-higg,15000000.0,2.59,2.3540711295129686,0.4132997640812518,0.3718195811447488,-0.04148018293650302
339,poly-higg,100.0,3.0,3.4852422465930015,0.47712125471966244,0.5422329697230551,0.06511171500339269
339,poly-higg,1000.0,3.0,3.367209262987756,0.47712125471966244,0.527270107459298,0.0501488527396356
339,poly-higg,10000.0,3.0,3.2907797651538298,0.47712125471966244,0.5172988181865295,0.04017756346686702
339,poly-higg,100000.0,3.0,3.1148318585449974,0.47712125471966244,0.49343460801702704,0.016313353297364608
339,poly-higg,15000000.0,3.0,2.6245858950897536,0.47712125471966244,0.4190607905364604,-0.05806046418320204
340,poly-higg,100.0,5.79,3.5307060226401,0.7626785637274363,0.5478615583843169,-0.21481700534311932
340,poly-higg,1000.0,4.74,3.4776516297437183,0.6757783416740851,0.5412860748324109,-0.13449226684167426
340,poly-higg,10000.0,4.74,3.3460908604881907,0.6757783416740851,0.524537729714506,-0.15124061195957916
340,poly-higg,100000.0,4.31,3.189346404085222,0.6344772701607315,0.5037016917774494,-0.13077557838328213
340,poly-higg,15000000.0,3.66,2.6346249297200606,0.5634810853944107,0.42071879695004993,-0.14276228844436073
341,poly-higg,100.0,2.1,3.012388117510239,0.3222192947339193,0.4789109258401038,0.1566916311061845
341,poly-higg,1000.0,2.1,2.847365728764823,0.3222192947339193,0.4544432535127138,0.1322239587787945
341,poly-higg,10000.0,2.1,2.7328870625892794,0.3222192947339193,0.43662168470849444,0.11440238997457514
341,poly-higg,100000.0,1.93,2.55783138433092,0.28555730900777376,0.4078719118125871,0.12231460280481332
341,poly-higg,15000000.0,1.68,2.1477383830749295,0.22530928172586284,0.33198137865385596,0.10667209692799312
342,poly-higg,100.0,2.71,2.6717578045303383,0.4329692908744057,0.4267970866914736,-0.006172204182932128
342,poly-higg,1000.0,2.71,2.5568124685386,0.4329692908744057,0.4076988755173094,-0.025270415357096343
342,poly-higg,10000.0,2.71,2.463631289999589,0.4329692908744057,0.3915757113249646,-0.04139357954944112
342,poly-higg,100000.0,2.5,2.289626844344819,0.3979400086720376,0.35976470825815476,-0.03817530041388284
342,poly-higg,15000000.0,2.17,1.9221550157866538,0.3364597338485295,0.28378840923575455,-0.05267132461277496
343,poly-higg,100.0,1.86,1.9697547320113893,0.26951294421791633,0.2944121524735467,0.024899208255630356
343,poly-higg,1000.0,1.86,1.8540056483482417,0.26951294421791633,0.2681110529167504,-0.001401891301165914
343,poly-higg,10000.0,1.86,1.7860191934656855,0.26951294421791633,0.25188612172578984,-0.017626822492126493
343,poly-higg,100000.0,1.86,1.741219272587205,0.26951294421791633,0.24085346547591532,-0.028659478742001004
343,poly-higg,15000000.0,1.86,1.6602091417548366,0.26951294421791633,0.2201628009248785,-0.04935014329303783
344,poly-higg,100.0,2.5,3.2823439437815725,0.3979400086720376,0.5161840870949089,0.11824407842287132
344,poly-higg,1000.0,2.5,3.111810188210025,0.3979400086720376,0.4930130983667952,0.09507308969475758
344,poly-higg,10000.0,2.5,2.937079587241464,0.3979400086720376,0.46791571493665524,0.06997570626461763
344,poly-higg,100000.0,2.5,2.782255936023384,0.3979400086720376,0.44439707766543635,0.04645706899339874
344,poly-higg,15000000.0,2.5,2.199392261933706,0.3979400086720376,0.3423026927535829,-0.05563731591845472
345,poly-higg,100.0,1.5,1.4814076949242851,0.17609125905568124,0.17067459619142059,-0.005416662864260652
345,poly-higg,1000.0,1.5,1.407800612527362,0.17609125905568124,0.14854114982673744,-0.027550109228943798
345,poly-higg,10000.0,1.21,1.3619467824898392,0.08278537031645007,0.1341601380301108,0.051374767713660716
345,poly-higg,100000.0,1.12,1.3388227750854937,0.04921802267018165,0.12672309165244425,0.07750506898226259
345,poly-higg,15000000.0,1.12,1.17314951935475,0.04921802267018165,0.06935336701107868,0.020135344340897025
346,poly-higg,100.0,1.28,1.3735280839493256,0.10720996964786837,0.13783754368343248,0.030627574035564112
346,poly-higg,1000.0,1.28,1.3218362919289715,0.10720996964786837,0.12117767155326288,0.013967701905394508
346,poly-higg,10000.0,1.28,1.2963581038431804,0.10720996964786837,0.1127249869052687,0.005515017257400334
346,poly-higg,100000.0,1.28,1.302157406270442,0.10720996964786837,0.11466348541707738,0.00745351576920901
346,poly-higg,15000000.0,1.28,1.1707023683020998,0.10720996964786837,0.06844649692229651,-0.03876347272557186
347,poly-higg,100.0,1.51,1.5283717304825633,0.17897694729316943,0.18422899616569627,0.005252048872526838
347,poly-higg,1000.0,1.51,1.5267850169259958,0.17897694729316943,0.1837778893578246,0.004800942064655173
347,poly-higg,10000.0,1.51,1.5316909320108327,0.17897694729316943,0.1851711412341961,0.00619419394102666
347,poly-higg,100000.0,1.51,1.496029533407973,0.17897694729316943,0.17494016710431917,-0.004036780188850259
347,poly-higg,15000000.0,1.51,1.473020964231971,0.17897694729316943,0.168208927823943,-0.010768019469226425
348,poly-higg,100.0,4.99,4.146131931572797,0.69810054562339,0.6176431174014589,-0.08045742822193103
348,poly-higg,1000.0,4.99,3.9366346035774376,0.69810054562339,0.595125105667917,-0.10297543995547298
348,poly-higg,10000.0,3.99,3.7711820810063252,0.6009728956867483,0.5764775016093526,-0.02449539407739565
348,poly-higg,100000.0,3.5,3.545353860477503,0.5440680443502757,0.5496595884564994,0.005591544106223756
348,poly-higg,15000000.0,2.26,2.621564510568426,0.35410843914740087,0.4185605491522322,0.06445211000483131
349,poly-higg,100.0,4.56,4.717929815495502,0.658964842664435,0.6737514759794759,0.014786633315040931
349,poly-higg,1000.0,4.56,4.474028081634909,0.658964842664435,0.6506987056570817,-0.008266137007353347
349,poly-higg,10000.0,4.56,4.25429673992945,0.658964842664435,0.6288277789422029,-0.030137063722232127
349,poly-higg,100000.0,4.2,4.0041388575654295,0.6232492903979004,0.6025091297535297,-0.020740160644370786
349,poly-higg,15000000.0,2.83,2.959535372233789,0.45178643552429026,0.4712235350070257,0.01943709948273542
350,poly-higg,100.0,5.96,5.818948446491962,0.7752462597402364,0.7648445095386173,-0.010401750201619153
350,poly-higg,1000.0,5.96,5.665053398307213,0.7752462597402364,0.7532040078412288,-0.02204225189900766
350,poly-higg,10000.0,5.96,5.4889135370204,0.7752462597402364,0.7394863897011485,-0.03575987003908787
350,poly-higg,100000.0,5.49,5.154743994614169,0.7395723444500919,0.7122071013387934,-0.02736524311129851
350,poly-higg,15000000.0,4.77,3.9806279116941545,0.6785183790401139,0.5999515839015196,-0.07856679513859433
351,poly-higg,100.0,2.1,1.8544008227319615,0.3222192947339193,0.2682036113006423,-0.054015683433277006
351,poly-higg,1000.0,2.1,1.7601456068917947,0.3222192947339193,0.24554859602663384,-0.07667069870728546
351,poly-higg,10000.0,2.1,1.6783033105230132,0.3222192947339193,0.2248704512380124,-0.09734884349590692
351,poly-higg,100000.0,1.47,1.6149384522871033,0.1673173347481761,0.20815597537211536,0.04083864062393927
351,poly-higg,15000000.0,1.1,1.4150852515013617,0.04139268515822508,0.15078260462450255,0.10938991946627746
352,poly-higg,100.0,1.89,1.8604419604587497,0.2764618041732441,0.2696161260395371,-0.006845678133707012
352,poly-higg,1000.0,1.89,1.7792837817718246,0.2764618041732441,0.25024522016304407,-0.02621658401020005
352,poly-higg,10000.0,1.89,1.717491718408895,0.2764618041732441,0.23489465160757658,-0.04156715256566754
352,poly-higg,100000.0,1.66,1.6464693063421811,0.22010808804005508,0.2165536389589683,-0.0035544490810867913
352,poly-higg,15000000.0,1.1,1.4103190593547101,0.04139268515822508,0.14931737509649043,0.10792468993826534
353,poly-higg,100.0,6.94,6.6561174526061695,0.8413594704548549,0.8232209768296468,-0.01813849362520814
353,poly-higg,1000.0,6.94,6.259848963607667,0.8413594704548549,0.7965638547658493,-0.044795615689005586
353,poly-higg,10000.0,6.94,5.986301639594359,0.8413594704548549,0.7771585964184482,-0.06420087403640673
353,poly-higg,100000.0,6.38,5.336441984562626,0.8048206787211624,0.7272517923304075,-0.07756888639075488
353,poly-higg,15000000.0,3.2,3.1114602730699907,0.505149978319906,0.4929642603111275,-0.012185718008778545
354,poly-higg,100.0,4.54,5.075562833789876,0.6570558528571039,0.7054842085666942,0.048428355709590365
354,poly-higg,1000.0,4.54,4.9943905304915654,0.6570558528571039,0.6984824984891551,0.04142664563205123
354,poly-higg,10000.0,4.54,4.975646091063441,0.6570558528571039,0.6968494821802815,0.03979362932317765
354,poly-higg,100000.0,4.17,4.496288158018926,0.6201360549737575,0.6528541365083559,0.03271808153459843
354,poly-higg,15000000.0,3.3,2.9934393246948683,0.5185139398778874,0.4761704596698566,-0.042343480208030804
355,poly-higg,100.0,3.99,3.5236285244583425,0.6009728956867483,0.5469901170267207,-0.05398277866002754
355,poly-higg,1000.0,2.8,3.2775995931315998,0.4471580313422192,0.51555589703347,0.06839786569125084
355,poly-higg,10000.0,2.3,2.9718891965314644,0.36172783601759284,0.47303261322042733,0.11130477720283449
355,poly-higg,100000.0,2.12,2.7924888129424525,0.32633586092875144,0.44599144195341445,0.119655581024663
355,poly-higg,15000000.0,1.84,2.034147233061341,0.2648178230095365,0.3083823842759763,0.043564561266439816
356,poly-higg,100.0,4.29,3.8611868618855962,0.6324572921847242,0.5867208197856812,-0.04573647239904299
356,poly-higg,1000.0,3.99,3.4544518627993694,0.6009728956867483,0.538379145242154,-0.06259375044459425
356,poly-higg,10000.0,3.7,3.122070903807764,0.568201724066995,0.4944427618855247,-0.07375896218147027
356,poly-higg,100000.0,3.04,2.830257593272546,0.48287358360875376,0.45182596423303745,-0.031047619375716318
356,poly-higg,15000000.0,2.64,1.992843275921121,0.42160392686983106,0.2994731456252351,-0.12213078124459598
357,poly-higg,100.0,3.45,4.047319828420342,0.5378190950732742,0.607167524685582,0.0693484296123078
357,poly-higg,1000.0,3.45,3.7864435571944104,0.5378190950732742,0.5782314873770028,0.04041239230372862
357,poly-higg,10000.0,3.45,3.4772237335880334,0.5378190950732742,0.5412326352149431,0.003413540141668947
357,poly-higg,100000.0,3.17,3.2128964571421723,0.5010592622177514,0.506896729654728,0.005837467436976551
357,poly-higg,15000000.0,2.05,2.389990526003681,0.31175386105575426,0.3783961793947997,0.06664231833904544
358,poly-higg,100.0,3.0,2.7869181393336366,0.47712125471966244,0.44512421228782384,-0.031997042431838596
358,poly-higg,1000.0,2.0,2.441246266603297,0.3010299956639812,0.38761159213008317,0.08658159646610197
358,poly-higg,10000.0,1.91,2.2515837856971164,0.28103336724772754,0.3524881125198642,0.07145474527213669
358,poly-higg,100000.0,1.91,2.167146383195491,0.28103336724772754,0.3358882473913064,0.054854880143578866
358,poly-higg,15000000.0,1.8,1.871357771636185,0.25527250510330607,0.27215682512352507,0.016884320020219
359,poly-higg,100.0,4.79,3.9566833593762274,0.6803355134145632,0.5973312964682121,-0.08300421694635107
359,poly-higg,1000.0,3.75,3.631059677442199,0.5740312677277188,0.5600333867181412,-0.013997881009577662
359,poly-higg,10000.0,3.7,3.2248462535987175,0.568201724066995,0.508509014225444,-0.05969270984155095
359,poly-higg,100000.0,3.13,2.871357316473956,0.49554433754644844,0.45808724018618474,-0.0374570973602637
359,poly-higg,15000000.0,2.17,2.0562695328203175,0.3364597338485295,0.3130800407436734,-0.023379693104856103
360,poly-higg,100.0,5.49,3.8775414372086696,0.7395723444500919,0.5885564475829769,-0.15101589686711503
360,poly-higg,1000.0,3.6,3.4719319299365976,0.5563025007672873,0.5405712018896172,-0.015731298877670108
360,poly-higg,10000.0,3.1,3.1189967015703477,0.4913616938342727,0.4940149154783511,0.002653221644078385
360,poly-higg,100000.0,2.76,2.861121130458742,0.4409090820652177,0.45653624479450333,0.01562716272928566
360,poly-higg,15000000.0,2.35,2.0501074490944458,0.37106786227173627,0.3117766236537561,-0.05929123861798019
361,poly-higg,100.0,4.99,3.3585709346610506,0.69810054562339,0.5261545252434783,-0.1719460203799117
361,poly-higg,1000.0,3.5,3.130366457068313,0.5440680443502757,0.49559518130580216,-0.04847286304447351
361,poly-higg,10000.0,3.3,2.808098168645403,0.5185139398778874,0.4484122862767707,-0.0701016536011167
361,poly-higg,100000.0,2.85,2.526326094089276,0.4548448600085102,0.4024894078673976,-0.05235545214111259
361,poly-higg,15000000.0,2.07,1.8384060673366907,0.3159703454569177,0.26444144465931896,-0.05152890079759875
362,poly-higg,100.0,2.76,3.3775920684761194,0.4409090820652177,0.5286071961207641,0.08769811405554645
362,poly-higg,1000.0,2.76,3.155302180908268,0.4409090820652177,0.4990409576266299,0.05813187556141225
362,poly-higg,10000.0,2.76,2.872779328535019,0.4409090820652177,0.4583022671056687,0.01739318504045101
362,poly-higg,100000.0,2.54,2.504721105523156,0.40483371661993806,0.3987593752829404,-0.006074341336997635
362,poly-higg,15000000.0,1.0,1.8386403858382796,0.0,0.26449679518789215,0.26449679518789215
363,poly-higg,100.0,3.8,3.3584168325958412,0.5797835966168101,0.5261345979549671,-0.05364899866184303
363,poly-higg,1000.0,3.5,3.1831295570673594,0.5440680443502757,0.5028543152701976,-0.04121372908007803
363,poly-higg,10000.0,3.1,2.9062879286898964,0.4913616938342727,0.4633386380579402,-0.028023055776332517
363,poly-higg,100000.0,2.76,2.5851798677102917,0.4409090820652177,0.41249076516167765,-0.02841831690354002
363,poly-higg,15000000.0,1.7,1.9280009581732616,0.2304489213782739,0.28510724540148874,0.05465832402321483
364,poly-higg,100.0,1.74,1.843654693202235,0.24054924828259971,0.26567958326871266,0.025130334986112945
364,poly-higg,1000.0,1.74,1.8709268118374853,0.24054924828259971,0.27205679881117495,0.031507550528575234
364,poly-higg,10000.0,1.74,1.8564490319284295,0.24054924828259971,0.2686830303431691,0.02813378206056938
364,poly-higg,100000.0,1.74,1.8112566595476964,0.24054924828259971,0.2579799952767463,0.017430746994146595
364,poly-higg,15000000.0,1.7,1.7039041925480045,0.2304489213782739,0.231445171523701,0.0009962501454270911
365,poly-higg,100.0,2.4,2.4627763815179957,0.38021124171160603,0.39142497997483217,0.011213738263226136
365,poly-higg,1000.0,2.4,2.412824506105115,0.38021124171160603,0.3825257351695277,0.0023144934579216736
365,poly-higg,10000.0,2.4,2.3562852095665767,0.38021124171160603,0.37222785718646273,-0.0079833845251433
365,poly-higg,100000.0,2.4,2.295430463785611,0.38021124171160603,0.3608641410786835,-0.019347100632922554
365,poly-higg,15000000.0,2.4,2.07940609193329,0.38021124171160603,0.3179393119690062,-0.06227192974259982
366,poly-higg,100.0,1.5,2.0461659466487694,0.17609125905568124,0.310940852636796,0.13484959358111476
366,poly-higg,1000.0,1.5,2.0913251128856936,0.17609125905568124,0.32042155254831245,0.1443302934926312
366,poly-higg,10000.0,1.5,2.0757883174390193,0.17609125905568124,0.3171830634078792,0.14109180435219798
366,poly-higg,100000.0,1.5,1.9993465446809244,0.17609125905568124,0.30088807645863114,0.1247968174029499
366,poly-higg,15000000.0,1.5,1.786315946038737,0.17609125905568124,0.2519582750933942,0.07586701603771295
367,poly-higg,100.0,1.56,1.6857968490321495,0.1931245983544616,0.22680523775008743,0.03368063939562582
367,poly-higg,1000.0,1.56,1.6591833191653689,0.1931245983544616,0.21989437282579385,0.026769774471332247
367,poly-higg,10000.0,1.56,1.648817955626962,0.1931245983544616,0.2171727082636651,0.024048109909203502
367,poly-higg,100000.0,1.56,1.6300525885815802,0.1931245983544616,0.21220161579191724,0.01907701743745563
367,poly-higg,15000000.0,1.56,1.5549264091136232,0.1931245983544616,0.19170983974732117,-0.0014147586071404372
368,poly-higg,100.0,1.8,1.7474555429353515,0.25527250510330607,0.2424061356603759,-0.012866369442930181
368,poly-higg,1000.0,1.8,1.764535285650747,0.25527250510330607,0.2466303474283128,-0.008642157674993267
368,poly-higg,10000.0,1.8,1.7647673290238814,0.25527250510330607,0.24668745511652332,-0.00858504998678275
368,poly-higg,100000.0,1.8,1.7233160506442025,0.25527250510330607,0.23636493296954586,-0.01890757213376021
368,poly-higg,15000000.0,1.8,1.5351280515570418,0.25527250510330607,0.18614460767322982,-0.06912789743007625
369,poly-higg,100.0,2.5,1.7911208824712646,0.3979400086720376,0.2531248973055521,-0.1448151113664855
369,poly-higg,1000.0,2.0,1.7764891675347931,0.3010299956639812,0.24956256364397442,-0.05146743202000678
369,poly-higg,10000.0,1.6,1.7363342730355682,0.2041199826559248,0.2396333377528033,0.0355133550968785
369,poly-higg,100000.0,1.47,1.6242581393246696,0.1673173347481761,0.21065505173719612,0.04333771698902003
369,poly-higg,15000000.0,1.28,1.3635145116025393,0.10720996964786837,0.13465976440846586,0.027449794760597487
370,poly-higg,100.0,8.8,8.732708589448215,0.9444826721501687,0.9411489679901226,-0.0033337041600460804
370,poly-higg,1000.0,8.8,8.706191166225139,0.9444826721501687,0.9398281989487876,-0.004654473201381126
370,poly-higg,10000.0,8.8,8.531825444145186,0.9444826721501687,0.9310419614726533,-0.0134407106775154
370,poly-higg,100000.0,8.1,7.970812888805802,0.9084850188786497,0.9015026143848739,-0.006982404493775851
370,poly-higg,15000000.0,4.0,4.646558037713494,0.6020599913279624,0.6671313660639078,0.06507137473594538
371,poly-higg,100.0,7.54,7.4883316842195775,0.877371345869774,0.8743850725671272,-0.0029862733026468913
371,poly-higg,1000.0,7.54,7.3702862458883045,0.877371345869774,0.8674843552397387,-0.009886990630035397
371,poly-higg,10000.0,7.54,7.149542403379649,0.877371345869774,0.8542782462700604,-0.023093099599713618
371,poly-higg,100000.0,6.93,6.521333406576977,0.8407332346118067,0.8143364043073134,-0.026396830304493357
371,poly-higg,15000000.0,4.4,4.745270144940033,0.6434526764861874,0.6762609415509119,0.03280826506472445
372,poly-higg,100.0,7.26,7.4573768896822585,0.8609366207000937,0.8725860925305158,0.011649471830422087
372,poly-higg,1000.0,7.26,7.2662613467419295,0.8609366207000937,0.8613110141441879,0.00037439344409417874
372,poly-higg,10000.0,7.26,7.031141069083156,0.8609366207000937,0.8470258114767819,-0.013910809223311782
372,poly-higg,100000.0,6.61,6.435014154892538,0.8202014594856403,0.8085495065449836,-0.011651952940656685
372,poly-higg,15000000.0,5.5,5.229000226678757,0.7403626894942439,0.7184186606564544,-0.021944028837789453
373,poly-higg,100.0,8.75,8.670654600964626,0.9420080530223133,0.9380518862714966,-0.00395616675081667
373,poly-higg,1000.0,8.75,8.092294282355136,0.9420080530223133,0.9080716678307323,-0.03393638519158093
373,poly-higg,10000.0,8.75,7.359235699157527,0.9420080530223133,0.8668327125882664,-0.07517534043404683
373,poly-higg,100000.0,7.9,6.428747708168372,0.8976270912904415,0.808126382504335,-0.0895007087861065
373,poly-higg,15000000.0,5.11,4.908417729300112,0.7084209001347127,0.6909415161189456,-0.017479384015767097
374,poly-higg,100.0,6.64,7.966495785289877,0.8221680793680175,0.9012673307094468,0.07909925134142926
374,poly-higg,1000.0,6.64,7.302718040413125,0.8221680793680175,0.863484532757478,0.04131645338946055
374,poly-higg,10000.0,6.29,6.671092939588562,0.798650645445269,0.8241969911501545,0.025546345704885565
374,poly-higg,100000.0,5.51,6.034988876290256,0.741151598851785,0.7806764739412035,0.03952487508941849
374,poly-higg,15000000.0,2.67,4.488705301322503,0.42651126136457523,0.6521210934366882,0.225609832072113
375,poly-higg,100.0,10.49,10.812241837786056,1.0207754881935578,1.0339157510149786,0.013140262821420778
375,poly-higg,1000.0,10.49,10.073626405774993,1.0207754881935578,1.0031858404149836,-0.01758964777857419
375,poly-higg,10000.0,10.49,9.252487683039137,1.0207754881935578,0.9662585156324077,-0.05451697256115007
375,poly-higg,100000.0,9.19,8.234719375145247,0.9633155113861113,0.9156488037604782,-0.047666707625633076
375,poly-higg,15000000.0,6.6,5.22066958850637,0.8195439355418687,0.7177262079724072,-0.1018177275694615
376,poly-higg,100.0,1.78,1.6860274061539053,0.250420002308894,0.2268646297458263,-0.023555372563067695
376,poly-higg,1000.0,1.78,1.7205558250808168,0.250420002308894,0.2356687682857649,-0.014751234023129084
376,poly-higg,10000.0,1.78,1.7376341625678342,0.250420002308894,0.23995834639220726,-0.01046165591668674
376,poly-higg,100000.0,1.78,1.7370752410802914,0.250420002308894,0.2398186302365508,-0.010601372072343185
376,poly-higg,15000000.0,1.78,1.6377080076926502,0.250420002308894,0.21423647254533337,-0.03618352976356062
377,poly-higg,100.0,1.68,1.6583957272001149,0.22530928172586284,0.21968817014236322,-0.005621111583499622
377,poly-higg,1000.0,1.68,1.7112756588527755,0.22530928172586284,0.23331997299865953,0.008010691272796688
377,poly-higg,10000.0,1.68,1.7588315455875447,0.22530928172586284,0.24522424632209397,0.019914964596231127
377,poly-higg,100000.0,1.68,1.773260697971461,0.22530928172586284,0.24877258860006002,0.023463306874197176
377,poly-higg,15000000.0,1.68,1.7121204889779211,0.22530928172586284,0.23353432450990788,0.008225042784045039
378,poly-higg,100.0,1.56,1.524545736384818,0.1931245983544616,0.1831404577349185,-0.009984140619543114
378,poly-higg,1000.0,1.56,1.5449194125218904,0.1931245983544616,0.188905830291692,-0.004218768062769607
378,poly-higg,10000.0,1.56,1.5358319353601833,0.1931245983544616,0.18634369386012967,-0.006780904494331941
378,poly-higg,100000.0,1.56,1.499602157719443,0.1931245983544616,0.175976056639466,-0.017148541714995608
378,poly-higg,15000000.0,1.56,1.485798646764091,0.1931245983544616,0.17195995846606527,-0.02116463988839634
379,poly-higg,100.0,4.19,4.561881494249652,0.6222140229662954,0.6591439992523516,0.03692997628605621
379,poly-higg,1000.0,4.19,4.311158243643234,0.6222140229662954,0.6345939641853086,0.012379941219013202
379,poly-higg,10000.0,4.19,4.144339460078639,0.6222140229662954,0.6174553209652284,-0.004758702001066983
379,poly-higg,100000.0,3.76,3.8604928015546163,0.5751878449276611,0.5866427469865488,0.011454902058887773
379,poly-higg,15000000.0,2.9,2.8529564055057413,0.4623979978989561,0.45529513548709794,-0.007102862411858146
380,poly-higg,100.0,6.01,5.65549973970596,0.7788744720027395,0.7524709867340567,-0.026403485268682858
380,poly-higg,1000.0,6.01,5.571092804836354,0.7788744720027395,0.7459403931197583,-0.032934078882981166
380,poly-higg,10000.0,6.01,5.4414772905066116,0.7788744720027395,0.7357168210248533,-0.043157650977886264
380,poly-higg,100000.0,5.32,4.973614229928453,0.7259116322950482,0.6966720969149016,-0.029239535380146564
380,poly-higg,15000000.0,3.64,3.481223836937182,0.561101383649056,0.5417319485992379,-0.01936943504981814
381,poly-higg,100.0,5.24,5.3465560132754195,0.7193312869837266,0.7280741210761427,0.008742834092416052
381,poly-higg,1000.0,5.24,5.293186276720592,0.7193312869837266,0.7237171778621074,0.004385890878380816
381,poly-higg,10000.0,4.74,4.997919475117832,0.6757783416740851,0.6987892546328272,0.023010912958742025
381,poly-higg,100000.0,4.31,4.60568631270745,0.6344772701607315,0.6632943554042855,0.028817085243553975
381,poly-higg,15000000.0,3.75,3.924546783776202,0.5740312677277188,0.5937895105921425,0.019758242864423625
382,poly-higg,100.0,5.29,4.83079165216929,0.7234556720351858,0.6840183071482004,-0.03943736488698535
382,poly-higg,1000.0,4.89,4.571590607079896,0.6893088591236202,0.6600673317304852,-0.029241527393135014
382,poly-higg,10000.0,4.44,4.307038653236799,0.6473829701146199,0.634178769327523,-0.013204200787096831
382,poly-higg,100000.0,4.04,3.901470223446292,0.6063813651106049,0.5912282966693897,-0.015153068441215223
382,poly-higg,15000000.0,3.04,2.4071939006586813,0.48287358360875376,0.38151107431924836,-0.10136250928950541
383,poly-higg,100.0,3.26,4.048937538787594,0.5132176000679389,0.6073410771465031,0.09412347707856417
383,poly-higg,1000.0,3.26,3.7437777780572574,0.5132176000679389,0.5733100621206264,0.06009246205268748
383,poly-higg,10000.0,3.26,3.5026235504057732,0.5132176000679389,0.5443934633905342,0.031175863322595254
383,poly-higg,100000.0,2.76,3.140527636298513,0.4409090820652177,0.49700261950068253,0.05609353743546486
383,poly-higg,15000000.0,2.25,2.199610014299369,0.3521825181113625,0.3423456882534566,-0.009836829857905849
384,poly-higg,100.0,4.49,3.282357141200699,0.6522463410033232,0.5161858332722985,-0.13606050773102474
384,poly-higg,1000.0,3.5,3.111830569009192,0.5440680443502757,0.49301594276895794,-0.05105210158131773
384,poly-higg,10000.0,3.5,2.937098860778685,0.5440680443502757,0.4679185648299419,-0.0761494795203338
384,poly-higg,100000.0,3.22,2.7822682484317722,0.5078558716958309,0.4443989995587896,-0.06345687213704132
384,poly-higg,15000000.0,2.8,2.1994018837413556,0.4471580313422192,0.34230459268244057,-0.10485343865977864
385,poly-higg,100.0,3.7,3.065974702413188,0.568201724066995,0.48656856713685487,-0.08163315693014012
385,poly-higg,1000.0,3.05,2.9036301337469217,0.48429983934678583,0.4629412948438443,-0.021358544502941557
385,poly-higg,10000.0,3.0,2.7465022204597695,0.47712125471966244,0.4387799544708077,-0.03834130024885474
385,poly-higg,100000.0,2.76,2.587629242089918,0.4409090820652177,0.41290205033927024,-0.02800703172594743
385,poly-higg,15000000.0,2.4,2.1189475555343593,0.38021124171160603,0.32612020795010943,-0.0540910337614966
386,poly-higg,100.0,2.65,3.019298715327331,0.42324587393680785,0.4799060822184098,0.056660208281601954
386,poly-higg,1000.0,2.65,2.876922166494827,0.42324587393680785,0.45892811245721665,0.035682238520408804
386,poly-higg,10000.0,2.65,2.7321341305116484,0.42324587393680785,0.4365020166460742,0.013256142709266339
386,poly-higg,100000.0,2.44,2.5463669064647148,0.3873898263387294,0.4059209813963449,0.01853115505761549
386,poly-higg,15000000.0,1.8,2.0808625227853814,0.25527250510330607,0.3182433884442314,0.06297088334092532
387,belatacept,100.0,3.94,3.9207753089843833,0.5954962218255742,0.5933719545510945,-0.0021242672744796742
387,belatacept,1000.0,3.94,3.7734154038409526,0.5954962218255742,0.5767346179932724,-0.018761603832301743
387,belatacept,10000.0,3.94,3.6127417271057785,0.5954962218255742,0.5578369152070894,-0.03765930661848471
387,belatacept,100000.0,3.31,3.216257139190299,0.5198279937757188,0.5073507632316205,-0.012477230544098217
387,belatacept,15000000.0,1.8,2.0915884414335677,0.25527250510330607,0.32047623315977397,0.0652037280564679
388,belatacept,100.0,2.3,2.283850892795597,0.36172783601759284,0.35866774644336596,-0.0030600895742268763
388,belatacept,1000.0,2.3,2.240645955659033,0.36172783601759284,0.35037323910946705,-0.011354596908125791
388,belatacept,10000.0,2.3,2.194902419892739,0.36172783601759284,0.34141521731429675,-0.020312618703296093
388,belatacept,100000.0,2.12,2.116685524467955,0.32633586092875144,0.3256563397703722,-0.0006795211583792149
388,belatacept,15000000.0,1.84,1.6855809861095132,0.2648178230095365,0.22674962364756865,-0.03806819936196784
389,belatacept,100.0,2.05,2.1707100049825137,0.31175386105575426,0.3366018079554961,0.024847946899741846
389,belatacept,1000.0,2.05,2.1287081976829807,0.31175386105575426,0.3281161326353128,0.01636227157955855
389,belatacept,10000.0,2.05,2.0754634197310105,0.31175386105575426,0.31711508329441324,0.00536122223865898
389,belatacept,100000.0,1.89,1.9784134019239321,0.2764618041732441,0.29631704530729297,0.01985524113404885
389,belatacept,15000000.0,1.64,1.6490786507660349,0.21484384804769785,0.21724136927649051,0.002397521228792665
390,belatacept,100.0,3.0,2.686162219608437,0.47712125471966244,0.42913223653577093,-0.04798901818389151
390,belatacept,1000.0,2.35,2.465630722310508,0.37106786227173627,0.39192803281448,0.02086017054274375
390,belatacept,10000.0,2.35,2.1515512501389606,0.37106786227173627,0.33275169547432876,-0.038316166797407514
390,belatacept,100000.0,1.66,1.6965175453525347,0.22010808804005508,0.22955835546972278,0.009450267429667703
390,belatacept,15000000.0,1.1,1.0891799737618675,0.04139268515822508,0.03709964757366495,-0.004293037584560129
391,belatacept,100.0,2.19,2.2870403334914604,0.34044411484011833,0.3592738237489949,0.018829708908876586
391,belatacept,1000.0,2.19,2.138418463865939,0.34044411484011833,0.3300926956177632,-0.010351419222355107
391,belatacept,10000.0,2.19,2.1107956714503406,0.34044411484011833,0.32444619491044935,-0.01599791992966898
391,belatacept,100000.0,2.19,2.1179729975376933,0.34044411484011833,0.3259204188993546,-0.014523695940763748
391,belatacept,15000000.0,2.19,1.9254843377547943,0.34044411484011833,0.28453999034159516,-0.05590412449852317
392,belatacept,100.0,1.66,1.2313380468522683,0.22010808804005508,0.09037729885181446,-0.1297307891882406
392,belatacept,1000.0,1.66,1.239011101989648,0.22010808804005508,0.09307519782984944,-0.12703289021020564
392,belatacept,10000.0,1.19,1.2343126530353004,0.07554696139253074,0.0914251810014855,0.01587821960895476
392,belatacept,100000.0,1.09,1.2053938527255863,0.037426497940623665,0.08112897232007583,0.04370247437945217
392,belatacept,15000000.0,0.95,1.1373806208832462,-0.022276394711152253,0.055905824307242925,0.07818221901839517
393,belatacept,100.0,2.9,2.591753611036923,0.4623979978989561,0.4135937123014808,-0.048804285597475294
393,belatacept,1000.0,2.55,2.5235002062479865,0.4065401804339551,0.4020033445649925,-0.004536835868962641
393,belatacept,10000.0,2.55,2.495231922764952,0.4065401804339551,0.3971109179337545,-0.009429262500200597
393,belatacept,100000.0,2.55,2.5073696017452987,0.4065401804339551,0.3992183563624365,-0.007321824071518601
393,belatacept,15000000.0,2.5,2.226224429185694,0.3979400086720376,0.3475689441153969,-0.0503710645566407
394,belatacept,100.0,3.39,3.3119376391922604,0.5301996982030822,0.5200821508152397,-0.01011754738784254
394,belatacept,1000.0,3.39,3.2117795754642255,0.5301996982030822,0.5067457319850881,-0.023453966217994116
394,belatacept,10000.0,3.39,3.0561089131270007,0.5301996982030822,0.4851688274976352,-0.045030870705447035
394,belatacept,100000.0,2.76,2.7119700434090945,0.4409090820652177,0.43328488797748105,-0.007624194087736624
394,belatacept,15000000.0,2.1,2.0844808124031133,0.3222192947339193,0.3189979018102166,-0.003221392923702715
395,belatacept,100.0,2.25,2.1676470010519893,0.3521825181113625,0.33598855924209775,-0.016193958869264724
395,belatacept,1000.0,2.25,2.165396828496475,0.3521825181113625,0.3355374963632169,-0.016645021748145583
395,belatacept,10000.0,2.25,2.177061771360359,0.3521825181113625,0.3378707517697803,-0.014311766341582155
395,belatacept,100000.0,2.25,2.1797512633743796,0.3521825181113625,0.3384069380508379,-0.013775580060524595
395,belatacept,15000000.0,2.25,2.088987655608108,0.3521825181113625,0.31993587362457804,-0.03224664448678444
396,belatacept,100.0,2.89,2.8452468592372626,0.4608978427565479,0.45411995261283233,-0.006777890143715548
396,belatacept,1000.0,2.89,2.8131775185646264,0.4608978427565479,0.4491971381021177,-0.011700704654430183
396,belatacept,10000.0,2.89,2.77178224404753,0.4608978427565479,0.4427591083628353,-0.018138734393712608
396,belatacept,100000.0,2.66,2.685964017428904,0.424881636631067,0.42910019033688673,0.00421855370581975
396,belatacept,15000000.0,2.31,2.2835232256888145,0.36361197989214433,0.3586054331697302,-0.005006546722414129
397,belatacept,100.0,1.3,1.3213426150554755,0.11394335230683679,0.12101544178975418,0.00707208948291739
397,belatacept,1000.0,1.3,1.3090633503094926,0.11394335230683679,0.11696066413983867,0.0030173118330018844
397,belatacept,10000.0,1.3,1.3101163171255437,0.11394335230683679,0.11730985568875017,0.0033665033819133827
397,belatacept,100000.0,1.3,1.3012121780456447,0.11394335230683679,0.11434811919118285,0.00040476688434605557
397,belatacept,15000000.0,1.3,1.281507155702504,0.11394335230683679,0.10772103554830435,-0.006222316758532437
398,etanercept,100.0,4.59,4.641683519070135,0.6618126855372612,0.6666755259072632,0.004862840370001953
398,etanercept,1000.0,4.59,4.216339591727928,0.6618126855372612,0.6249355824877234,-0.03687710304953784
398,etanercept,10000.0,3.3,3.7259498368981765,0.5185139398778874,0.5712370036184719,0.05272306374058444
398,etanercept,100000.0,3.04,3.2453718358607326,0.48287358360875376,0.5112644629271608,0.028390879318407003
398,etanercept,15000000.0,1.75,2.034103613579237,0.24303804868629444,0.30837307132989905,0.0653350226436046
399,etanercept,100.0,5.34,5.547360247863652,0.7275412570285564,0.7440863700575102,0.016545113028953784
399,etanercept,1000.0,5.34,5.243389011092789,0.7275412570285564,0.7196120795530803,-0.007929177475476168
399,etanercept,10000.0,5.34,4.918817486463325,0.7275412570285564,0.6918607082896839,-0.0356805487388725
399,etanercept,100000.0,4.59,4.516242225162389,0.6618126855372612,0.6547772269265955,-0.00703545861066579
399,etanercept,15000000.0,2.8,2.9498387060351505,0.4471580313422192,0.4697982698785131,0.022640238536293877
400,etanercept,100.0,4.28,4.432257724719628,0.631443769013172,0.6466250055943225,0.015181236581150448
400,etanercept,1000.0,4.28,4.389060083797495,0.631443769013172,0.6423715261361778,0.010927757123005755
400,etanercept,10000.0,4.04,4.188869977878994,0.6063813651106049,0.6220968801115064,0.015715515000901514
400,etanercept,100000.0,3.71,3.803744374473305,0.5693739096150459,0.5802113230692776,0.010837413454231726
400,etanercept,15000000.0,2.42,2.3860552091950877,0.38381536598043126,0.3776804882745498,-0.006134877705881447
401,etanercept,100.0,1.55,1.5590695149616751,0.1903316981702915,0.19286547971174622,0.002533781541454727
401,etanercept,1000.0,1.55,1.5803087643134188,0.1903316981702915,0.19874194868658457,0.008410250516293072
401,etanercept,10000.0,1.55,1.5980876045407284,0.1903316981702915,0.20360058294154873,0.013268884771257233
401,etanercept,100000.0,1.55,1.5899202396640426,0.1903316981702915,0.20137533794143717,0.011043639771145669
401,etanercept,15000000.0,1.55,1.4741449003355749,0.1903316981702915,0.16854017438005914,-0.02179152379023236
402,etanercept,100.0,1.98,1.9685255984444374,0.2966651902615311,0.2941410666705107,-0.0025241235910203885
402,etanercept,1000.0,1.98,1.9850769877877903,0.2966651902615311,0.2977773547883209,0.001112164526789805
402,etanercept,10000.0,1.98,1.9946631333719194,0.2966651902615311,0.29986956083939753,0.0032043705778664333
402,etanercept,100000.0,1.98,1.9873286291024912,0.2966651902615311,0.2982696889541815,0.0016044986926503912
402,etanercept,15000000.0,1.98,1.9998407654672072,0.2966651902615311,0.30099541694797133,0.0043302266864402306
403,etanercept,100.0,1.65,1.606304073904168,0.21748394421390627,0.2058277608172613,-0.011656183396644954
403,etanercept,1000.0,1.65,1.6257534105947502,0.21748394421390627,0.21105467376769652,-0.0064292704462097505
403,etanercept,10000.0,1.65,1.6453469544871095,0.21748394421390627,0.21625749166660613,-0.0012264525473001386
403,etanercept,100000.0,1.65,1.6543402908344986,0.21748394421390627,0.2186248469523799,0.0011409027384736425
403,etanercept,15000000.0,1.6,1.503036595175994,0.2041199826559248,0.17696955469836428,-0.027150427957560508
404,etanercept,100.0,2.11,2.171467261831955,0.3242824552976926,0.3367532860984745,0.012470830800781874
404,etanercept,1000.0,2.11,2.1685387971621246,0.3242824552976926,0.336167196483719,0.011884741186026393
404,etanercept,10000.0,2.11,2.1737202794875934,0.3242824552976926,0.33720365709574796,0.012921201798055337
404,etanercept,100000.0,2.11,2.183208685501721,0.3242824552976926,0.33909525042749,0.014812795129797385
404,etanercept,15000000.0,2.1,2.083048502536628,0.3222192947339193,0.31869938235234413,-0.0035199123815751743
405,etanercept,100.0,5.69,5.698680872110229,0.7551122663950712,0.7557743370295997,0.0006620706345284999
405,etanercept,1000.0,5.69,5.68317145238498,0.7551122663950712,0.7545907582269424,-0.0005215081681287925
405,etanercept,10000.0,5.69,5.60749610828245,0.7551122663950712,0.7487689808458134,-0.006343285549257782
405,etanercept,100000.0,5.23,5.291675038363957,0.7185016888672743,0.7235931663207089,0.005091477453434634
405,etanercept,15000000.0,2.4,2.8008491881192428,0.38021124171160603,0.4472897248425167,0.0670784831309107
406,etanercept,100.0,6.79,6.8431024121616675,0.8318697742805017,0.8352530395876999,0.0033832653071982355
406,etanercept,1000.0,6.79,6.5883842634708385,0.8318697742805017,0.8187789211956825,-0.013090853084819165
406,etanercept,10000.0,5.99,6.169939887408019,0.7774268223893114,0.7902809328024207,0.012854110413109354
406,etanercept,100000.0,5.51,5.4994430913244186,0.741151598851785,0.7403187122923205,-0.0008328865594645629
406,etanercept,15000000.0,3.0,3.0641536908894436,0.47712125471966244,0.486310544717497,0.009189289997834582
407,etanercept,100.0,7.66,7.883368115230099,0.884228769632604,0.8967118064919073,0.012483036859303298
407,etanercept,1000.0,7.66,7.596479295029052,0.884228769632604,0.8806123584635415,-0.003616411169062528
407,etanercept,10000.0,7.66,7.298911918780044,0.884228769632604,0.863258122738219,-0.020970646894384992
407,etanercept,100000.0,6.43,6.5649110008101985,0.8082109729242221,0.8172288428216868,0.00901786989746478
407,etanercept,15000000.0,2.2,2.6517948127994413,0.3424226808222063,0.42353991674764674,0.08111723592544046
408,etanercept,100.0,1.51,1.5348685253667298,0.17897694729316943,0.18607118036488846,0.007094233071719025
408,etanercept,1000.0,1.51,1.5578896540708818,0.17897694729316943,0.19253669317912225,0.013559745885952823
408,etanercept,10000.0,1.51,1.5621349058061385,0.17897694729316943,0.19371853678663778,0.014741589493468349
408,etanercept,100000.0,1.51,1.5528384889946405,0.17897694729316943,0.19112628703179205,0.012149339738622617
408,etanercept,15000000.0,1.5,1.3817913413295102,0.17609125905568124,0.14044246695216178,-0.035648792103519455
409,etanercept,100.0,1.66,1.7649251359473201,0.22010808804005508,0.2467262883445064,0.026618200304451334
409,etanercept,1000.0,1.66,1.749598602937108,0.22010808804005508,0.24293842324348833,0.02283033520343325
409,etanercept,10000.0,1.66,1.7250258711033333,0.22010808804005508,0.23679561279663458,0.016687524756579503
409,etanercept,100000.0,1.66,1.6473391286270302,0.22010808804005508,0.21678301418511514,-0.003325073854939936
409,etanercept,15000000.0,1.0,1.3120481381493774,0.0,0.11794976929964382,0.11794976929964382
410,etanercept,100.0,68.89,71.65142976723232,1.8381561847521477,1.8552248609416548,0.017068676189507137
410,etanercept,1000.0,66.89,66.69591545836317,1.8253611959526332,1.8240992379913523,-0.001261957961280924
410,etanercept,10000.0,56.91,54.64367315138681,1.755188585608325,1.73753988495901,-0.017648700649314897
410,etanercept,100000.0,34.9,34.742052458252275,1.54282542695918,1.5408554717093235,-0.0019699552498564366
410,etanercept,15000000.0,8.1,8.443780898558293,0.9084850188786497,0.9265369555946847,0.018051936716035
411,etanercept,100.0,4.09,5.08336574625893,0.6117233080073418,0.7061513581519652,0.09442805014462341
411,etanercept,1000.0,4.09,4.828041660339821,0.6117233080073418,0.6837710088937536,0.07204770088641188
411,etanercept,10000.0,4.09,4.523724144318181,0.6117233080073418,0.6554961138809355,0.04377280587359378
411,etanercept,100000.0,3.76,3.7996418867168513,0.5751878449276611,0.5797426666295289,0.004554821701867828
411,etanercept,15000000.0,2.15,2.1006947515003627,0.33243845991560533,0.32236295037352264,-0.010075509542082695
412,etanercept,100.0,6.99,5.109401554233367,0.8444771757456814,0.7083700357679326,-0.13610713997774881
412,etanercept,1000.0,4.99,4.842572586819018,0.69810054562339,0.6850761392143173,-0.013024406409072653
412,etanercept,10000.0,4.39,4.535012414696752,0.6424645202421213,0.6565784802884875,0.014113960046366225
412,etanercept,100000.0,3.5,3.7147186987334324,0.5440680443502757,0.5699259319018848,0.025857887551609116
412,etanercept,15000000.0,2.1,2.0109324215078277,0.3222192947339193,0.30339747613658063,-0.01882181859733867
413,etanercept,100.0,5.83,5.704714023818307,0.7656685547590141,0.7562338782037303,-0.009434676555283739
413,etanercept,1000.0,5.83,5.5985386809306386,0.7656685547590141,0.7480746831441469,-0.01759387161486714
413,etanercept,10000.0,5.19,5.180638630379481,0.7151673578484579,0.7143832996205304,-0.0007840582279274866
413,etanercept,100000.0,4.5,4.434951961358017,0.6532125137753437,0.646888919989589,-0.006323593785754755
413,etanercept,15000000.0,1.35,2.0802554299241387,0.13033376849500614,0.31811666428764285,0.1877828957926367
414,etanercept,100.0,6.56,3.615504289294903,0.8169038393756602,0.5581688811004322,-0.2587349582752281
414,etanercept,1000.0,6.56,3.3229675126630402,0.8169038393756602,0.5215260953743648,-0.29537774400129546
414,etanercept,10000.0,4.99,3.0206464149470045,0.69810054562339,0.48009989143527404,-0.21800065418811593
414,etanercept,100000.0,4.59,2.6008376836457505,0.6618126855372612,0.41511324904453156,-0.24669943649272968
414,etanercept,15000000.0,1.0,1.604872955296029,0.0,0.20544065854917623,0.20544065854917623
415,etanercept,100.0,1.1,1.1433098633093925,0.04139268515822508,0.058163950157066456,0.01677126499884138
415,etanercept,1000.0,1.1,1.1199396399425834,0.04139268515822508,0.04919461664673143,0.0078019314885063515
415,etanercept,10000.0,1.1,1.0890715710743746,0.04139268515822508,0.037056421446588744,-0.004336263711636333
415,etanercept,100000.0,0.9,1.0082145627654615,-0.045757490560675115,0.0035529661461754687,0.04931045670685058
415,etanercept,15000000.0,0.9,0.9415745858454192,-0.045757490560675115,-0.026145272101801967,0.01961221845887315
416,etanercept,100.0,1.21,1.2626456439047133,0.08278537031645007,0.10128148476771086,0.018496114451260787
416,etanercept,1000.0,1.21,1.2346409300150945,0.08278537031645007,0.09154067031864346,0.008755300002193392
416,etanercept,10000.0,1.21,1.2159734309767294,0.08278537031645007,0.0849240857045975,0.0021387153881474302
416,etanercept,100000.0,1.1,1.1600614179158604,0.04139268515822508,0.06448098298195308,0.023088297823728003
416,etanercept,15000000.0,1.0,1.0670070827755347,0.0,0.028167302273693885,0.028167302273693885
417,etanercept,100.0,1.84,1.9475177775778707,0.2648178230095365,0.28948143074446453,0.02466360773492804
417,etanercept,1000.0,1.84,1.8817432978616961,0.2648178230095365,0.27456037789782606,0.009742554888289567
417,etanercept,10000.0,1.84,1.7640638853441346,0.2648178230095365,0.24651430899876825,-0.01830351401076824
417,etanercept,100000.0,1.38,1.550652672231068,0.13987908640123647,0.1905145319040852,0.050635445502848736
417,etanercept,15000000.0,1.12,1.2116525279047736,0.04921802267018165,0.08337809272675843,0.03416007005657678
418,etanercept,100.0,24.96,22.786026197244688,1.3972445810103864,1.3576685923551526,-0.03957598865523382
418,etanercept,1000.0,19.96,20.27781653420818,1.3001605369513523,1.3070211894090042,0.0068606524576519945
418,etanercept,10000.0,18.98,17.084869771433482,1.2782962080912739,1.232611672759401,-0.04568453533187289
418,etanercept,100000.0,11.94,12.13602629049067,1.0770043267933502,1.0840765085995918,0.007072181806241584
418,etanercept,15000000.0,4.3,4.24516809816434,0.6334684555795865,0.6278948919085418,-0.005573563671044779
419,etanercept,100.0,47.93,40.70121086192906,1.6806074289917878,1.609607329687916,-0.07100009930387174
419,etanercept,1000.0,39.94,36.315385522144965,1.6014080605346837,1.560090658968335,-0.041317401566348666
419,etanercept,10000.0,32.95,30.569552136080194,1.5178554189300286,1.4852890760746718,-0.03256634285535687
419,etanercept,100000.0,22.97,22.307508135589103,1.361160995195026,1.3484510600460566,-0.012709935148969453
419,etanercept,15000000.0,6.0,6.187094674836895,0.7781512503836436,0.7914867616389847,0.013335511255341048
420,etanercept,100.0,99.84,102.83951951898581,1.9993045723383487,2.0121600388893315,0.012855466550982797
420,etanercept,1000.0,99.84,91.89289207947768,1.9993045723383487,1.9632819199819251,-0.036022652356423546
420,etanercept,10000.0,89.85,82.07305237752837,1.9535180814449926,1.9142005855624713,-0.039317495882521314
420,etanercept,100000.0,55.11,55.66380832726415,1.7412304110254708,1.745572915956639,0.004342504931168278
420,etanercept,15000000.0,10.5,11.169927213539095,1.021189299069938,1.048050343136977,0.02686104406703893
421,belatacept,100.0,7.29,7.2160918748653655,0.8627275283179746,0.8583020539813695,-0.0044254743366051175
421,belatacept,1000.0,7.29,7.0381741008575,0.8627275283179746,0.8474600056231452,-0.01526752269482945
421,belatacept,10000.0,7.29,6.839304774524812,0.8627275283179746,0.83501195728547,-0.02771557103250466
421,belatacept,100000.0,6.43,6.01572640335911,0.8082109729242221,0.7792880762183299,-0.02892289670589221
421,belatacept,15000000.0,3.2,3.3355701827628885,0.505149978319906,0.5231700829487234,0.018020104628817313
422,pembrolizumab,100.0,5.63,5.520977189189591,0.7505083948513462,0.7420159527859355,-0.008492442065410777
422,pembrolizumab,1000.0,5.0,5.150793791143238,0.6989700043360189,0.7118741635165264,0.01290415918050758
422,pembrolizumab,10000.0,4.75,4.695219598993938,0.6766936096248666,0.671655909360593,-0.005037700264273526
422,pembrolizumab,100000.0,4.14,3.9138612603830336,0.617000341120899,0.5926054266060895,-0.024394914514809463
422,pembrolizumab,15000000.0,2.0,2.244120914339599,0.3010299956639812,0.3510462532150273,0.050016257551046106
423,pembrolizumab,100.0,25.63,26.135830447813284,1.408748606184244,1.417236304057757,0.00848769787351289
423,pembrolizumab,1000.0,21.0,23.559145613497634,1.3222192947339193,1.3721595364515844,0.04994024171766509
423,pembrolizumab,10000.0,18.38,20.359009645410698,1.2643455070500924,1.3087566481247292,0.04441114107463684
423,pembrolizumab,100000.0,14.61,16.222024374485216,1.1646502159342969,1.210105049616758,0.04545483368246117
423,pembrolizumab,15000000.0,8.3,5.794336743778864,0.919078092376074,0.7630037310671349,-0.15607436130893904
424,pembrolizumab,100.0,27.0,23.061657576215925,1.4313637641589874,1.362890519365117,-0.06847324479387029
424,pembrolizumab,1000.0,20.13,19.72521392592065,1.3038437748886544,1.295021721962222,-0.008822052926432455
424,pembrolizumab,10000.0,15.88,15.614955288035656,1.2008504980910775,1.1935407450063589,-0.007309753084718595
424,pembrolizumab,100000.0,10.81,11.194372042410947,1.0338256939533104,1.0489997364889805,0.015174042535670118
424,pembrolizumab,15000000.0,2.2,3.8078636170035614,0.3424226808222063,0.5806813852367361,0.2382587044145298
425,pembrolizumab,100.0,43.75,44.52033904851671,1.6409780573583321,1.648558463082689,0.00758040572435692
425,pembrolizumab,1000.0,43.75,42.18148909026114,1.6409780573583321,1.625121907131025,-0.01585615022730713
425,pembrolizumab,10000.0,43.75,40.17334827736329,1.6409780573583321,1.603938029834309,-0.03704002752402302
425,pembrolizumab,100000.0,40.25,37.25043359140618,1.6047658847038873,1.5711313322590543,-0.03363455244483293
425,pembrolizumab,15000000.0,14.0,13.929041634708073,1.146128035678238,1.1439212365190081,-0.002206799159229833
426,pembrolizumab,100.0,1.63,1.743780158452827,0.21218760440395779,0.24149173174964914,0.02930412734569135
426,pembrolizumab,1000.0,1.63,1.6445922968648148,0.21218760440395779,0.216058251728238,0.0038706473242802186
426,pembrolizumab,10000.0,1.5,1.5650658201443488,0.17609125905568124,0.19453260688207785,0.018441347826396615
426,pembrolizumab,100000.0,1.5,1.5002760944037843,0.17609125905568124,0.17617118921718206,7.993016150081855e-05
426,pembrolizumab,15000000.0,1.5,1.3773046638626867,0.17609125905568124,0.13903001810675328,-0.03706124094892796
427,pembrolizumab,100.0,5.75,6.161590836545145,0.7596678446896304,0.7896928554008258,0.030025010711195343
427,pembrolizumab,1000.0,5.63,5.658701007955097,0.7505083948513462,0.7527167474738208,0.002208352622474541
427,pembrolizumab,10000.0,5.13,5.143828252855496,0.7101173651118162,0.7112864595113544,0.001169094399538162
427,pembrolizumab,100000.0,4.14,4.224789547386709,0.617000341120899,0.6258050799874708,0.008804738866571848
427,pembrolizumab,15000000.0,2.5,2.422346611884042,0.3979400086720376,0.38423628614739475,-0.013703722524642858
428,pembrolizumab,100.0,4.25,4.081456981096293,0.6283889300503115,0.6108152233587866,-0.017573706691524915
428,pembrolizumab,1000.0,3.38,3.4973345255634256,0.5289167002776547,0.5437371752482709,0.014820474970616226
428,pembrolizumab,10000.0,2.88,2.8378838966449,0.45939248775923086,0.45299462365214976,-0.006397864107081097
428,pembrolizumab,100000.0,2.19,2.1619229483313145,0.34044411484011833,0.3348402114901672,-0.005603903349951145
428,pembrolizumab,15000000.0,1.1,1.3706525516687638,0.04139268515822508,0.13692737892033052,0.09553469376210544
429,pembrolizumab,100.0,6.75,5.583493825346735,0.829303772831025,0.7469060401984063,-0.08239773263261863
429,pembrolizumab,1000.0,5.0,5.174799331060586,0.6989700043360189,0.7138935133361438,0.014923509000124957
429,pembrolizumab,10000.0,4.38,4.427132536944285,0.6414741105040995,0.6461225238315569,0.004648413327457357
429,pembrolizumab,100000.0,3.45,3.6289011110610723,0.5378190950732742,0.5597751336715809,0.02195603859830675
429,pembrolizumab,15000000.0,1.9,2.0230569576316997,0.2787536009528289,0.306008110174131,0.02725450922130207
430,pembrolizumab,100.0,5.0,4.56166127951727,0.6989700043360189,0.6591230341414297,-0.03984697019458916
430,pembrolizumab,1000.0,4.0,4.254200994109372,0.6020599913279624,0.6288180047417207,0.026758013413758275
430,pembrolizumab,10000.0,3.5,3.615818401364077,0.5440680443502757,0.5582066106125181,0.014138566262242414
430,pembrolizumab,100000.0,2.76,2.9372293968308307,0.4409090820652177,0.46793786613033217,0.027028784065114497
430,pembrolizumab,15000000.0,1.6,1.8080984189615685,0.2041199826559248,0.25722206643171613,0.05310208377579134
431,pembrolizumab,100.0,3.75,3.527875504753608,0.5740312677277188,0.5475132509063478,-0.026518016821371004
431,pembrolizumab,1000.0,3.25,3.2552673714256746,0.5118833609788743,0.512586665151825,0.000703304172950725
431,pembrolizumab,10000.0,3.0,2.85368461483541,0.47712125471966244,0.455405973822341,-0.021715280897321443
431,pembrolizumab,100000.0,2.65,2.6363247367649048,0.42324587393680785,0.4209989046695984,-0.0022469692672094643
431,pembrolizumab,15000000.0,2.3,2.035575979312507,0.36172783601759284,0.3086873173665248,-0.053040518651068014
432,pembrolizumab,100.0,6.63,6.2095533681272075,0.8215135284047731,0.7930603639876239,-0.02845316441714918
432,pembrolizumab,1000.0,6.25,5.956322783373006,0.7958800173440752,0.7749782248825727,-0.020901792461502477
432,pembrolizumab,10000.0,6.25,5.768091380781259,0.7958800173440752,0.7610321320606597,-0.034847885283415536
432,pembrolizumab,100000.0,5.75,5.608879678706739,0.7596678446896304,0.7488761236546944,-0.010791721034936086
432,pembrolizumab,15000000.0,5.2,4.804339360945093,0.7160033436347992,0.681633676786743,-0.0343696668480562
433,pembrolizumab,100.0,7.25,6.156690018864225,0.8603380065709937,0.789347287993666,-0.07099071857732764
433,pembrolizumab,1000.0,6.25,5.715236395369009,0.7958800173440752,0.757034198525009,-0.038845818819066236
433,pembrolizumab,10000.0,5.63,5.2965697917713666,0.7505083948513462,0.7239946992623147,-0.026513695589031494
433,pembrolizumab,100000.0,4.72,4.413149548465031,0.6739419986340878,0.6447486446401859,-0.029193353993901883
433,pembrolizumab,15000000.0,3.2,3.265991286926015,0.505149978319906,0.5140150217830745,0.00886504346316841
434,pembrolizumab,100.0,6.38,5.735623148145723,0.8048206787211624,0.7585806088282618,-0.046240069892900526
434,pembrolizumab,1000.0,5.13,5.280307493839084,0.7101173651118162,0.7226592140090177,0.012541848897201446
434,pembrolizumab,10000.0,4.5,4.521319307874128,0.6532125137753437,0.6552651791756107,0.0020526654002669398
434,pembrolizumab,100000.0,3.68,3.4921400718718627,0.5658478186735176,0.5430916551999097,-0.022756163473607982
434,pembrolizumab,15000000.0,2.2,2.2678092468116495,0.3424226808222063,0.3556065217635873,0.013183840941381031
435,pembrolizumab,100.0,4.63,4.048503028490321,0.6655809910179531,0.6072944684871252,-0.05828652253082789
435,pembrolizumab,1000.0,3.5,3.476953885344029,0.5440680443502757,0.5411989306966513,-0.002869113653624411
435,pembrolizumab,10000.0,3.0,2.8537083925509354,0.47712125471966244,0.4554095924729689,-0.02171166224669352
435,pembrolizumab,100000.0,2.3,2.340677022481378,0.36172783601759284,0.36934149185508536,0.007613655837492517
435,pembrolizumab,15000000.0,1.9,1.6987402313591824,0.2787536009528289,0.2301269723283353,-0.04862662862449363
436,pembrolizumab,100.0,7.0,5.716778389465332,0.8450980400142568,0.7571513571438222,-0.08794668287043461
436,pembrolizumab,1000.0,5.5,5.158788804862165,0.7403626894942439,0.7125477486989689,-0.027814940795275023
436,pembrolizumab,10000.0,4.63,4.340723197963543,0.6655809910179531,0.6375620923510564,-0.028018898666896663
436,pembrolizumab,100000.0,3.57,3.368998878802747,0.5526682161121932,0.5275008664486592,-0.025167349663533956
436,pembrolizumab,15000000.0,2.0,2.18274967907014,0.3010299956639812,0.33900393303759185,0.037973937373610656
437,pembrolizumab,100.0,5.13,4.654356830266583,0.7101173651118162,0.6678596757868026,-0.042257689325013614
437,pembrolizumab,1000.0,4.0,4.152766829130706,0.6020599913279624,0.6183375468900981,0.016277555562135726
437,pembrolizumab,10000.0,3.5,3.482660766028966,0.5440680443502757,0.541911173391113,-0.0021568709591626156
437,pembrolizumab,100000.0,2.88,2.809279951820916,0.45939248775923086,0.4485950198967965,-0.010797467862434351
437,pembrolizumab,15000000.0,2.0,2.0281388345092437,0.3010299956639812,0.3070976809361957,0.006067685272214518
438,pembrolizumab,100.0,7.25,6.705712436343131,0.8603380065709937,0.826444925474082,-0.03389308109691169
438,pembrolizumab,1000.0,6.5,6.327065622837004,0.8129133566428556,0.8012023388827622,-0.011711017760093423
438,pembrolizumab,10000.0,6.13,5.918746529169917,0.787460474518415,0.7722297416714805,-0.015230732846934547
438,pembrolizumab,100000.0,5.18,5.209303612033343,0.714329759745233,0.7167796700048141,0.0024499102595810784
438,pembrolizumab,15000000.0,3.8,3.80035672038498,0.5797835966168101,0.5798243635704131,4.0766953602999756e-05
439,pembrolizumab,100.0,7.75,7.477632827525962,0.8893017025063102,0.8737641362803157,-0.015537566225994559
439,pembrolizumab,1000.0,6.88,6.888819715669021,0.8375884382355113,0.8381448191672094,0.000556380931698075
439,pembrolizumab,10000.0,6.0,6.096642405620167,0.7781512503836436,0.7850907225239084,0.006939472140264802
439,pembrolizumab,100000.0,4.83,4.868448766056818,0.6839471307515121,0.68739060399501,0.0034434732434978077
439,pembrolizumab,15000000.0,2.8,2.7763400494278243,0.4471580313422192,0.44347265794477725,-0.00368537339744196
440,pembrolizumab,100.0,9.5,6.743302111169964,0.9777236052888477,0.8288726172288997,-0.148850988059948
440,pembrolizumab,1000.0,7.5,6.386218332068355,0.8750612633917001,0.8052437621194346,-0.06981750127226549
440,pembrolizumab,10000.0,6.25,5.712330171098474,0.7958800173440752,0.7568133015941119,-0.03906671574996334
440,pembrolizumab,100000.0,4.83,5.114613210882265,0.6839471307515121,0.7088127960675273,0.024865665316015195
440,pembrolizumab,15000000.0,2.4,3.700706338732783,0.38021124171160603,0.5682846239959729,0.18807338228436687
441,pembrolizumab,100.0,6.0,5.797792238579892,0.7781512503836436,0.763262648539683,-0.01488860184396068
441,pembrolizumab,1000.0,5.63,5.43066429985048,0.7505083948513462,0.7348529574181928,-0.015655437433153452
441,pembrolizumab,10000.0,5.25,5.027080139116922,0.7201593034059569,0.7013158085817353,-0.01884349482422165
441,pembrolizumab,100000.0,4.6,4.690924465188981,0.6627578316815741,0.6712584398506483,0.008500608169074164
441,pembrolizumab,15000000.0,3.6,3.6281939389937974,0.5563025007672873,0.5596904934883045,0.0033879927210171967
442,pembrolizumab,100.0,6.88,6.062849092878911,0.8375884382355113,0.7826767585787567,-0.054911679656754586
442,pembrolizumab,1000.0,6.0,5.785193209015969,0.7781512503836436,0.7623178677317273,-0.01583338265191636
442,pembrolizumab,10000.0,5.63,5.468511678165488,0.7505083948513462,0.7378691439000191,-0.012639250951327119
442,pembrolizumab,100000.0,4.83,4.83128226735738,0.6839471307515121,0.6840624118550953,0.00011528110358316468
442,pembrolizumab,15000000.0,3.7,3.4678149084142076,0.568201724066995,0.5400559093348711,-0.028145814732123853
443,none,100.0,1.0,1.083764045745165,0.0,0.03493473904259731,0.03493473904259731
443,none,1000.0,1.0,1.107860385923717,0.0,0.04448503345799656,0.04448503345799656
443,none,10000.0,1.0,1.1200579127654948,0.0,0.049240478513263554,0.049240478513263554
443,none,100000.0,1.0,1.1250380320013462,0.0,0.051167204055502624,0.051167204055502624
443,none,15000000.0,1.0,1.0916375683297512,0.0,0.0380784733495923,0.0380784733495923
444,adalimumab,100.0,10.31,8.980178447648996,1.0132586652835165,0.9532849667407188,-0.05997369854279766
444,adalimumab,1000.0,8.75,8.337354351519231,0.9420080530223133,0.9210282601319217,-0.020979792890391535
444,adalimumab,10000.0,7.88,7.554352229610092,0.8965262174895553,0.8781972304001301,-0.01832898708942521
444,adalimumab,100000.0,7.25,6.343677382425566,0.8603380065709937,0.8023410881501742,-0.05799691842081944
444,adalimumab,15000000.0,1.35,2.305044123073717,0.13033376849500614,0.3626792430549666,0.2323454745599605
445,adalimumab,100.0,7.5,7.2501925439806865,0.8750612633917001,0.8603495403196784,-0.014711723072021732
445,adalimumab,1000.0,6.38,6.445955691478096,0.8048206787211624,0.8092873159121673,0.00446663719100493
445,adalimumab,10000.0,5.75,5.708614947253075,0.7596678446896304,0.7565307503244428,-0.0031370943651876093
445,adalimumab,100000.0,4.83,5.027666208417905,0.6839471307515121,0.7013664367437834,0.01741930599227126
445,adalimumab,15000000.0,3.0,2.632957378404645,0.47712125471966244,0.4204438289224405,-0.05667742579722196
446,adalimumab,100.0,8.38,8.137892025336473,0.9232440186302765,0.9105119232769563,-0.012732095353320205
446,adalimumab,1000.0,8.38,7.984081889990303,0.9232440186302765,0.9022249827117452,-0.02101903591853127
446,adalimumab,10000.0,8.38,7.879241829414021,0.9232440186302765,0.8964844300348478,-0.026759588595428707
446,adalimumab,100000.0,7.71,6.9842206895799785,0.887054378050957,0.8441179538865917,-0.04293642416436527
446,adalimumab,15000000.0,1.4,2.093707011571807,0.146128035678238,0.320915907447756,0.174787871769518
447,adalimumab,100.0,8.13,8.218798071963533,0.9100905455940682,0.914808310376993,0.004717764782924738
447,adalimumab,1000.0,7.38,7.7358958713936286,0.8680563618230416,0.8885106153169939,0.020454253493952357
447,adalimumab,10000.0,7.38,7.096753536491567,0.8680563618230416,0.8510597228560053,-0.016996638967036293
447,adalimumab,100000.0,6.79,6.228602270323444,0.8318697742805017,0.7943905997265047,-0.03747917455399696
447,adalimumab,15000000.0,2.7,3.6736716580182995,0.43136376415898736,0.5651003377392246,0.13373657358023727
448,adalimumab,100.0,11.38,9.52571126608139,1.0561422620590524,0.9788974134711832,-0.07724484858786917
448,adalimumab,1000.0,8.75,8.841510998007434,0.9420080530223133,0.9465264914859652,0.004518438463651964
448,adalimumab,10000.0,7.63,7.673306507190288,0.8825245379548805,0.8849825462683425,0.00245800831346199
448,adalimumab,100000.0,6.1,5.862420097220151,0.785329835010767,0.7680769364783022,-0.01725289853246481
448,adalimumab,15000000.0,3.6,3.2132128255433314,0.5563025007672873,0.5069394917818375,-0.04936300898544976
449,adalimumab,100.0,5.13,4.681721791301234,0.7101173651118162,0.6704056024207113,-0.03971176269110488
449,adalimumab,1000.0,4.25,4.2833631087102475,0.6283889300503115,0.6317848919134746,0.003395961863163155
449,adalimumab,10000.0,4.0,3.877910920630679,0.6020599913279624,0.588597828692434,-0.013462162635528352
449,adalimumab,100000.0,3.45,3.3761033828982385,0.5378190950732742,0.5284157371049146,-0.00940335796835956
449,adalimumab,15000000.0,2.6,2.624815675917351,0.414973347970818,0.41909881107811126,0.004125463107293281
450,adalimumab,100.0,9.25,7.520965212361744,0.9661417327390326,0.8762735798872562,-0.0898681528517764
450,adalimumab,1000.0,6.5,6.840382679677288,0.8129133566428556,0.8350803986533406,0.022167042010485027
450,adalimumab,10000.0,5.63,5.921799699773278,0.7505083948513462,0.7724537136317429,0.021945318780396628
450,adalimumab,100000.0,4.49,4.527490759481031,0.6522463410033232,0.6558575726005647,0.0036112315972414155
450,adalimumab,15000000.0,2.6,2.8189913275197847,0.414973347970818,0.45009373978926975,0.03512039181845178
451,adalimumab,100.0,4.0,4.1537132121578235,0.6020599913279624,0.6184365079244182,0.01637651659645578
451,adalimumab,1000.0,3.88,3.930025797646719,0.5888317255942073,0.59439540119956,0.005563675605352758
451,adalimumab,10000.0,3.88,3.7060771035581848,0.5888317255942073,0.568914450412324,-0.019917275181883243
451,adalimumab,100000.0,3.57,3.284993039988975,0.5526682161121932,0.5165344537443279,-0.03613376236786525
451,adalimumab,15000000.0,2.2,2.307816962373591,0.3424226808222063,0.36320136107667844,0.02077868025447216
452,adalimumab,100.0,3.75,3.7133573434380778,0.5740312677277188,0.569766744220998,-0.0042645235067207965
452,adalimumab,1000.0,3.75,3.5831731449813264,0.5740312677277188,0.554267794516413,-0.019763473211305893
452,adalimumab,10000.0,3.75,3.5614971748120667,0.5740312677277188,0.5516326041729321,-0.022398663554786702
452,adalimumab,100000.0,3.45,3.4777119580152176,0.5378190950732742,0.5412936086543556,0.0034745135810814176
452,adalimumab,15000000.0,3.45,3.116426884682891,0.5378190950732742,0.4936569422495962,-0.04416215282367797
453,adalimumab,100.0,3.88,3.6141761406168005,0.5888317255942073,0.5580093145319986,-0.03082241106220862
453,adalimumab,1000.0,3.5,3.4826422717995853,0.5440680443502757,0.5419088671190891,-0.0021591772311865265
453,adalimumab,10000.0,3.38,3.3265421684628023,0.5289167002776547,0.5219930330923432,-0.006923667185311455
453,adalimumab,100000.0,2.99,3.058599600537757,0.4756711883244297,0.48552262747225156,0.009851439147821883
453,adalimumab,15000000.0,2.6,2.5396318275801133,0.414973347970818,0.40477076117117594,-0.010202586799642033
454,adalimumab,100.0,3.63,3.7844641579385216,0.5599066250361125,0.5780043964583843,0.018097771422271758
454,adalimumab,1000.0,3.63,3.6100934243367777,0.5599066250361125,0.5575184410050866,-0.0023881840310259195
454,adalimumab,10000.0,3.63,3.498680119279963,0.5599066250361125,0.5439042372007821,-0.016002387835330478
454,adalimumab,100000.0,3.34,3.316682703028099,0.5237464668115644,0.5207039258712217,-0.0030425409403427306
454,adalimumab,15000000.0,2.3,2.242723978132026,0.36172783601759284,0.35077582634685534,-0.010952009670737506
455,adalimumab,100.0,5.75,4.005828550752062,0.7596678446896304,0.6026923575747033,-0.15697548711492715
455,adalimumab,1000.0,5.75,3.7929428882461136,0.7596678446896304,0.57897630341824,-0.18069154127139042
455,adalimumab,10000.0,5.75,3.5404615387203764,0.7596678446896304,0.5490598808545554,-0.21060796383507507
455,adalimumab,100000.0,5.29,3.275362757288613,0.7234556720351858,0.5152594065458662,-0.20819626548931958
455,adalimumab,15000000.0,2.6,2.3376777753902624,0.414973347970818,0.3687846479660425,-0.046188700004775485
456,adalimumab,100.0,6.63,5.887360588145822,0.8215135284047731,0.7699206362276815,-0.05159289217709162
456,adalimumab,1000.0,5.25,5.352559076199549,0.7201593034059569,0.7285614693015325,0.00840216589557563
456,adalimumab,10000.0,4.5,4.6085159215870695,0.6532125137753437,0.6635610922372193,0.010348578461875535
456,adalimumab,100000.0,3.68,3.552003940542921,0.5658478186735176,0.5504734389069849,-0.015374379766532775
456,adalimumab,15000000.0,2.2,2.2804047739825473,0.3424226808222063,0.35801194152000293,0.015589260697796647
457,adalimumab,100.0,6.38,5.731056210011424,0.8048206787211624,0.7582346680246792,-0.04658601069648316
457,adalimumab,1000.0,5.38,5.250865659545613,0.7307822756663892,0.7202309072483271,-0.010551368418062146
457,adalimumab,10000.0,4.75,4.6321058381393225,0.6766936096248666,0.6657784739479542,-0.01091513567691238
457,adalimumab,100000.0,3.91,3.8367965185257824,0.5921767573958668,0.5839687673440759,-0.008207990051790959
457,adalimumab,15000000.0,2.6,2.418615797528634,0.414973347970818,0.3835668852013386,-0.03140646276947939
458,adalimumab,100.0,5.25,5.0608149715100055,0.7201593034059569,0.7042204593555876,-0.015938844050369272
458,adalimumab,1000.0,5.0,4.97951435408051,0.6989700043360189,0.6971869886176053,-0.0017830157184135498
458,adalimumab,10000.0,5.0,4.911628571554919,0.6989700043360189,0.6912255170453152,-0.00774448729070365
458,adalimumab,100000.0,5.0,4.901222696050395,0.6989700043360189,0.6903044359279669,-0.008665568408051993
458,adalimumab,15000000.0,5.0,4.606309101553206,0.6989700043360189,0.6633530774829127,-0.035616926853106134
459,adalimumab,100.0,2.5,2.4431410984357265,0.3979400086720376,0.38794854945502033,-0.009991459217017273
459,adalimumab,1000.0,2.13,2.2724262165230593,0.3283796034387377,0.35648979100199174,0.028110187563254063
459,adalimumab,10000.0,2.0,2.0620358657518025,0.3010299956639812,0.3142962148576016,0.013266219193620421
459,adalimumab,100000.0,1.73,1.8620873229844896,0.2380461031287954,0.27000004345577966,0.03195394032698426
459,adalimumab,15000000.0,1.5,1.5475127606320078,0.17609125905568124,0.18963423885481645,0.013542979799135213
460,adalimumab,100.0,4.88,5.072857196630839,0.6884198220027106,0.7052526368910008,0.01683281488829025
460,adalimumab,1000.0,4.88,4.90763383793455,0.6884198220027106,0.6908721522422653,0.002452330239554712
460,adalimumab,10000.0,4.75,4.537817537213763,0.6766936096248666,0.6568470291922972,-0.019846580432569372
460,adalimumab,100000.0,4.37,4.082537320831703,0.6404814369704218,0.6109301635635579,-0.02955127340686392
460,adalimumab,15000000.0,3.8,3.13824461312628,0.5797835966168101,0.49668679202038324,-0.08309680459642688
461,adalimumab,100.0,5.63,4.494918393524107,0.7505083948513462,0.6527218114054236,-0.09778658344592261
461,adalimumab,1000.0,4.25,4.214329413378129,0.6283889300503115,0.6247284792599785,-0.0036604507903329475
461,adalimumab,10000.0,3.88,3.7950627062002344,0.5888317255942073,0.5792189561818958,-0.009612769412311484
461,adalimumab,100000.0,3.34,3.3938734214348667,0.5237464668115644,0.5306956407519923,0.006949173940427822
461,adalimumab,15000000.0,2.4,2.5736964853142728,0.38021124171160603,0.41055732946607376,0.030346087754467732
462,adalimumab,100.0,3.5,3.226188107336157,0.5440680443502757,0.508689685928458,-0.03537835842181769
462,adalimumab,1000.0,2.63,2.688494264619764,0.41995574848975786,0.42950911433121686,0.009553365841458994
462,adalimumab,10000.0,2.13,2.1293244231632062,0.3283796034387377,0.3282418354428621,-0.00013776799587555955
462,adalimumab,100000.0,1.73,1.8173535605223947,0.2380461031287954,0.25943942617795557,0.021393323049160168
462,adalimumab,15000000.0,1.5,1.4680197667754407,0.17609125905568124,0.16673190336186586,-0.00935935569381538
463,vudalimab,100.0,16.25,11.8236609111774,1.2108533653148932,1.0727519661694755,-0.13810139914541764
463,vudalimab,1000.0,11.0,9.814870648538257,1.0413926851582251,0.9918845803500608,-0.049508104808164366
463,vudalimab,10000.0,9.63,8.09740356865701,0.9836262871245346,0.9083457847341425,-0.07528050239039208
463,vudalimab,100000.0,7.71,6.788550083089778,0.887054378050957,0.831777026393302,-0.055277351657655016
463,vudalimab,15000000.0,4.6,5.135306311038714,0.6627578316815741,0.710566353527516,0.047808521845941865
464,vudalimab,100.0,4.5,4.504055235652864,0.6532125137753437,0.6536037078628614,0.0003911940875176434
464,vudalimab,1000.0,4.25,4.359800559404737,0.6283889300503115,0.6394666227706276,0.011077692720316112
464,vudalimab,10000.0,4.25,4.156640266275885,0.6283889300503115,0.6187424403995103,-0.009646489650801171
464,vudalimab,100000.0,4.25,4.024961610769895,0.6283889300503115,0.6047617425149913,-0.023627187535320227
464,vudalimab,15000000.0,4.25,3.424129049866781,0.6283889300503115,0.5345501241677574,-0.09383880588255411
465,vudalimab,100.0,4.13,3.114862833624056,0.615950051656401,0.493438926785948,-0.12251112487045307
465,vudalimab,1000.0,2.88,2.8525951296975527,0.45939248775923086,0.45524013639045213,-0.004152351368778728
465,vudalimab,10000.0,2.5,2.4653785303300535,0.3979400086720376,0.3918836096224008,-0.006056399049636785
465,vudalimab,100000.0,2.07,2.1238338968248733,0.3159703454569177,0.3271205479493452,0.011150202492427486
465,vudalimab,15000000.0,1.3,1.6222049404059402,0.11394335230683679,0.21010571970560243,0.09616236739876564
466,vudalimab,100.0,3.38,3.4995536788314916,0.5289167002776547,0.5440126594415239,0.015095959163869188
466,vudalimab,1000.0,3.25,3.300214456530119,0.5118833609788743,0.5185421623813485,0.006658801402474213
466,vudalimab,10000.0,3.13,3.0532197376510255,0.49554433754644844,0.4847580612312479,-0.010786276315200516
466,vudalimab,100000.0,2.76,2.7855077053937016,0.4409090820652177,0.44490436416158513,0.0039952820963674585
466,vudalimab,15000000.0,2.3,2.186254149788847,0.36172783601759284,0.33970064683375956,-0.022027189183833285
467,vudalimab,100.0,1.5,1.570361175883045,0.17609125905568124,0.19599954964073638,0.01990829058505514
467,vudalimab,1000.0,1.5,1.5167284484377124,0.17609125905568124,0.18090783266433053,0.004816573608649288
467,vudalimab,10000.0,1.5,1.48368145902542,0.17609125905568124,0.17134066951641377,-0.0047505895392674635
467,vudalimab,100000.0,1.5,1.4560891841844623,0.17609125905568124,0.1631879759474883,-0.012903283108192942
467,vudalimab,15000000.0,1.5,1.3681693023943662,0.17609125905568124,0.13613984193541281,-0.03995141712026842
468,vudalimab,100.0,2.88,2.7243055275872177,0.45939248775923086,0.43525581157572074,-0.02413667618351012
468,vudalimab,1000.0,2.38,2.2661286745474976,0.37657695705651195,0.35528456618905313,-0.02129239086745882
468,vudalimab,10000.0,1.88,1.7750086709638924,0.2741578492636798,0.24920047893622463,-0.02495737032745518
468,vudalimab,100000.0,1.38,1.415126117480054,0.13987908640123647,0.15079514635141342,0.010916059950176943
468,vudalimab,15000000.0,1.0,1.098449971710792,0.0,0.040780282007820134,0.040780282007820134
469,vudalimab,100.0,2.63,2.6485122396175247,0.41995574848975786,0.42300198428919966,0.003046235799441799
469,vudalimab,1000.0,2.63,2.529650215584288,0.41995574848975786,0.4030604737672545,-0.01689527472250335
469,vudalimab,10000.0,2.5,2.4021936525239185,0.3979400086720376,0.3806080150704295,-0.017331993601608087
469,vudalimab,100000.0,2.19,2.2546196078287988,0.34044411484011833,0.35307327962581,0.012629164785691649
469,vudalimab,15000000.0,1.9,1.9016353227884488,0.2787536009528289,0.27912723579502574,0.00037363484219682386
470,vudalimab,100.0,3.13,2.81824154035799,0.49554433754644844,0.44997821203424476,-0.04556612551220368
470,vudalimab,1000.0,2.38,2.4560488316886686,0.37657695705651195,0.39023699729083405,0.013660040234322102
470,vudalimab,10000.0,2.13,2.0673989928258996,0.3283796034387377,0.31542430036246516,-0.012955303076272517
470,vudalimab,100000.0,1.84,1.778390880047149,0.2648178230095365,0.2500272225455484,-0.014790600463988113
470,vudalimab,15000000.0,1.3,1.3908173835479853,0.11394335230683679,0.1432701102049118,0.029326757898074998
471,vudalimab,100.0,8.0,6.1903313550483166,0.9030899869919435,0.791713896486594,-0.11137609050534958
471,vudalimab,1000.0,5.38,5.473915217407304,0.7307822756663892,0.7382980665674707,0.007515790901081454
471,vudalimab,10000.0,4.88,4.80439281685104,0.6884198220027106,0.6816385089757454,-0.006781313026965163
471,vudalimab,100000.0,4.03,3.864806705240509,0.6053050461411095,0.5871277779576671,-0.01817726818344234
471,vudalimab,15000000.0,2.7,3.0892954859937007,0.43136376415898736,0.48985944983565943,0.05849568567667207
472,vudalimab,100.0,6.25,5.6877384907230875,0.7958800173440752,0.754939620308422,-0.04094039703565322
472,vudalimab,1000.0,5.25,5.381666585008451,0.7201593034059569,0.7309167880437912,0.010757484637834325
472,vudalimab,10000.0,5.0,4.903332856214859,0.6989700043360189,0.6904913757488743,-0.008478628587144543
472,vudalimab,100000.0,4.49,4.336849299184203,0.6522463410033232,0.6371743311481074,-0.01507200985521584
472,vudalimab,15000000.0,3.7,3.6246626200321397,0.568201724066995,0.5592675890926104,-0.008934134974384556
473,vudalimab,100.0,12.88,10.66200274806169,1.1099158630237933,1.0278387901255306,-0.08207707289826272
473,vudalimab,1000.0,10.63,9.23792265131185,1.0265332645232967,0.9655743215986554,-0.060958942924641324
473,vudalimab,10000.0,9.88,8.362210395793664,0.9947569445876282,0.9223210903350247,-0.07243585425260346
473,vudalimab,100000.0,8.4,7.5678426535005885,0.9242792860618817,0.8789720938711643,-0.04530719219071744
473,vudalimab,15000000.0,6.1,5.895729546483623,0.785329835010767,0.7705375530118227,-0.014792281998944334
474,vudalimab,100.0,3.13,2.7619892127337216,0.49554433754644844,0.44122197805891655,-0.05432235948753189
474,vudalimab,1000.0,2.5,2.617788566381261,0.3979400086720376,0.41793456652258754,0.019994557850549932
474,vudalimab,10000.0,2.5,2.57660692713573,0.3979400086720376,0.41104817004624267,0.013108161374205063
474,vudalimab,100000.0,2.5,2.5272810941155224,0.3979400086720376,0.40265354854201174,0.004713539869974137
474,vudalimab,15000000.0,2.5,2.3047897641686976,0.3979400086720376,0.3626313165258608,-0.03530869214617682
475,vudalimab,100.0,1.38,1.377915694307722,0.13987908640123647,0.1392226467319863,-0.000656439669250164
475,vudalimab,1000.0,1.25,1.2759657872811367,0.09691001300805642,0.1058390297188332,0.008929016710776783
475,vudalimab,10000.0,1.25,1.199616992332721,0.09691001300805642,0.07904260882479304,-0.01786740418326338
475,vudalimab,100000.0,1.13,1.1281783344122605,0.05307844348341968,0.0523777552585916,-0.0007006882248280846
475,vudalimab,15000000.0,1.0,1.0001704281747985,0.0,7.400970938511525e-05,7.400970938511525e-05
476,vudalimab,100.0,3.38,3.149958892431236,0.5289167002776547,0.4983048862001499,-0.030611814077504795
476,vudalimab,1000.0,3.13,3.1041330443234125,0.49554433754644844,0.49194032701180923,-0.0036040105346392126
476,vudalimab,10000.0,3.13,3.041888131464169,0.49554433754644844,0.48314323838852463,-0.012401099157923812
476,vudalimab,100000.0,2.88,2.8901509643269425,0.45939248775923086,0.46092052831426944,0.001528040555038579
476,vudalimab,15000000.0,2.5,2.5085769382437553,0.3979400086720376,0.39942742541252546,0.0014874167404878569
477,vudalimab,100.0,9.5,8.300852720289242,0.9777236052888477,0.9191227083633114,-0.05860089692553627
477,vudalimab,1000.0,7.63,7.581413915906436,0.8825245379548805,0.8797502080875272,-0.0027743298673532646
477,vudalimab,10000.0,7.0,6.7732304231218885,0.8450980400142568,0.8307958504163597,-0.014302189597897086
477,vudalimab,100000.0,5.98,5.995805784003973,0.7767011839884109,0.7778475567477163,0.001146372759305403
477,vudalimab,15000000.0,4.3,4.26912035006239,0.6334684555795865,0.6303383981000946,-0.00313005747949191
478,vudalimab,100.0,4.25,2.6639205493769387,0.6283889300503115,0.4255212679901087,-0.2028676620602028
478,vudalimab,1000.0,3.88,2.5256389806632633,0.5888317255942073,0.4023712718285361,-0.18646045376567116
478,vudalimab,10000.0,3.75,2.374019311401579,0.5740312677277188,0.3754842473907005,-0.19854702033701832
478,vudalimab,100000.0,3.34,2.2731630833740426,0.5237464668115644,0.35663059440017375,-0.1671158724113907
478,vudalimab,15000000.0,2.8,2.2253812217784077,0.4471580313422192,0.34740441906211206,-0.09975361228010715
479,vudalimab,100.0,13.13,4.27515955364155,1.1182647260894794,0.6309523277128526,-0.48731239837662677
479,vudalimab,1000.0,9.25,4.124877888369617,0.9661417327390326,0.6154110963544962,-0.3507306363845364
479,vudalimab,10000.0,8.25,3.8454070806030893,0.9164539485499251,0.5849423216410914,-0.33151162690883373
479,vudalimab,100000.0,6.67,3.5730318064454782,0.8241258339165489,0.5530368822260274,-0.2710889516905215
479,vudalimab,15000000.0,4.0,3.264208801963037,0.6020599913279624,0.5137779315278953,-0.08828205980006709
480,vudalimab,100.0,5.25,4.698789048510652,0.7201593034059569,0.6719859478694585,-0.048173355536498375
480,vudalimab,1000.0,4.75,4.539614883280327,0.6766936096248666,0.6570190111917926,-0.019674598433073953
480,vudalimab,10000.0,4.63,4.340690597495472,0.6655809910179531,0.6375588306234797,-0.02802216039447336
480,vudalimab,100000.0,4.26,4.177277479176557,0.6294095991027189,0.6208933246002232,-0.008516274502495702
480,vudalimab,15000000.0,3.7,3.4872971064898146,0.568201724066995,0.5424889494443347,-0.025712774622660306
481,vudalimab,100.0,2.0,2.04765512127775,0.3010299956639812,0.3112568119040681,0.010226816240086922
481,vudalimab,1000.0,2.0,1.9032689868134336,0.3010299956639812,0.2795001709635355,-0.021529824700445677
481,vudalimab,10000.0,1.63,1.7263496865450922,0.21218760440395779,0.23712877026385626,0.024941165859898473
481,vudalimab,100000.0,1.5,1.5778091125607607,0.17609125905568124,0.19805445997851245,0.021963200922831216
481,vudalimab,15000000.0,1.4,1.3582385545067488,0.146128035678238,0.13297605404405774,-0.013151981634180271
482,vudalimab,100.0,2.38,2.103622346909539,0.37657695705651195,0.3229677757029101,-0.053609181353601876
482,vudalimab,1000.0,1.88,1.8907629213359132,0.2741578492636798,0.27663707701510404,0.002479227751424229
482,vudalimab,10000.0,1.75,1.6865803089314855,0.24303804868629444,0.2270070255699295,-0.01603102311636495
482,vudalimab,100000.0,1.5,1.5012505909792053,0.17609125905568124,0.17645319137446439,0.000361932318783148
482,vudalimab,15000000.0,1.3,1.2240759786397393,0.11394335230683679,0.08780837539115324,-0.026134976915683547
483,vudalimab,100.0,1.5,1.5405300481125221,0.17609125905568124,0.18767017367028585,0.011578914614604613
483,vudalimab,1000.0,1.5,1.4370738809131314,0.17609125905568124,0.1574790960730522,-0.01861216298262905
483,vudalimab,10000.0,1.38,1.3281740346493836,0.13987908640123647,0.12325498567641388,-0.016624100724822594
483,vudalimab,100000.0,1.27,1.2566451196594919,0.10380372095595687,0.0992126489398096,-0.004591072016147266
483,vudalimab,15000000.0,1.2,1.0571400155016444,0.07918124604762482,0.024132512314652004,-0.05504873373297281
484,vudalimab,100.0,4.25,3.715566005684059,0.6283889300503115,0.5700249807941867,-0.05836394925612476
484,vudalimab,1000.0,3.75,3.5527398795128424,0.5740312677277188,0.5505634109715357,-0.023467856756183125
484,vudalimab,10000.0,3.63,3.3236682685288943,0.5599066250361125,0.5216176708470845,-0.038288954189028
484,vudalimab,100000.0,3.22,3.0339562536815934,0.5078558716958309,0.48200931444621015,-0.02584655724962076
484,vudalimab,15000000.0,2.7,2.633917519256502,0.43136376415898736,0.42060217097025165,-0.010761593188735707
485,vudalimab,100.0,3.63,4.064371321432781,0.5599066250361125,0.6089933782823955,0.04908675324628298
485,vudalimab,1000.0,3.63,3.702525127338494,0.5599066250361125,0.5684980145605447,0.00859138952443217
485,vudalimab,10000.0,3.63,3.4818995014447016,0.5599066250361125,0.5418162318594631,-0.0180903931766494
485,vudalimab,100000.0,3.34,3.249554002092915,0.5237464668115644,0.5118237586030101,-0.011922708208554345
485,vudalimab,15000000.0,2.5,2.468961950339519,0.3979400086720376,0.3925143969854285,-0.0054256116866091
486,nivolumab,100.0,1.48,1.5338554503354973,0.17026171539495738,0.18578443387658558,0.0155227184816282
486,nivolumab,1000.0,1.48,1.5009764474849787,0.17026171539495738,0.17637387758133827,0.006112162186380887
486,nivolumab,10000.0,1.42992162383138,1.4363029510234417,0.1553122337794858,0.15724605277616263,0.0019338189966768282
486,nivolumab,100000.0,1.3209192384736852,1.367930737710282,0.12087626548929283,0.1360641083550476,0.015187842865754766
486,nivolumab,15000000.0,1.05,1.1956670471214856,0.021189299069938092,0.07761026014649279,0.0564209610765547
487,nivolumab,100.0,2.91,2.7101042708765375,0.4638929889859073,0.4329860006143096,-0.03090698837159772
487,nivolumab,1000.0,2.761467213372999,2.6264928154497693,0.44113989125489206,0.41937621716471746,-0.0217636740901746
487,nivolumab,10000.0,2.543790025335465,2.517347197130758,0.4054812600417564,0.40094311836886976,-0.004538141672886631
487,nivolumab,100000.0,2.393708266764341,2.468342370412779,0.37907121964817403,0.39240539817668074,0.013334178528506713
487,nivolumab,15000000.0,2.17,2.1657941861106833,0.3364597338485295,0.33561718355276593,-0.0008425502957635778
488,nivolumab,100.0,3.04,3.0075269530327984,0.48287358360875376,0.47820952811527817,-0.004664055493475594
488,nivolumab,1000.0,3.0186446145934664,2.893950876699577,0.4798119864891472,0.461491154924217,-0.018320831564930196
488,nivolumab,10000.0,2.7501273993667743,2.722178314310553,0.4393528129431415,0.4349165699432551,-0.004436242999886375
488,nivolumab,100000.0,2.512858220029287,2.491830593162064,0.4001679856097039,0.3965185135265528,-0.003649472083151084
488,nivolumab,15000000.0,2.0,2.0991538388525672,0.3010299956639812,0.32204426750881276,0.021014271844831567
489,nivolumab,100.0,2.57,2.6115673828640285,0.4099331233312945,0.4169012358511624,0.006968112519867897
489,nivolumab,1000.0,2.470900147732846,2.4873128667044617,0.3928551953556033,0.39573041644700074,0.0028752210913974285
489,nivolumab,10000.0,2.3779344387421952,2.3724745007778387,0.37619987665567695,0.375201553351811,-0.0009983233038659556
489,nivolumab,100000.0,2.3196476249520104,2.3105574372406954,0.36542201671763863,0.3637167689450255,-0.0017052477726131055
489,nivolumab,15000000.0,2.21,2.1407127063238964,0.3443922736851107,0.3305583868506241,-0.013833886834486608
490,nivolumab,100.0,3.27,3.3361376851024254,0.5145477526602861,0.5232439660203457,0.008696213360059657
490,nivolumab,1000.0,3.213736226723729,3.1786995593013145,0.5070102283764868,0.5022494817041244,-0.00476074667236237
490,nivolumab,10000.0,2.953627106930759,2.8779160714319247,0.4703556651043599,0.4590781244701226,-0.011277540634237304
490,nivolumab,100000.0,2.5954413689699103,2.607058029436561,0.41421122261173177,0.41615069805885646,0.0019394754471246944
490,nivolumab,15000000.0,1.78,1.9048365206234774,0.250420002308894,0.27985770902072393,0.029437706711829936
491,nivolumab,100.0,2.96,2.8408064840305376,0.4712917110589386,0.4534416505549887,-0.017850060503949883
491,nivolumab,1000.0,2.737572288520089,2.6051154817515694,0.4373655960092243,0.41582697983356115,-0.02153861617566316
491,nivolumab,10000.0,2.27857542117122,2.2967632927370953,0.35766340836563726,0.36111623857538944,0.003452830209752178
491,nivolumab,100000.0,1.9586604357601929,2.0008060971193813,0.29195915081962365,0.3012050021637037,0.00924585134408007
491,nivolumab,15000000.0,1.41,1.3825395849920228,0.14921911265537988,0.14067757491162516,-0.008541537743754712
492,nivolumab,100.0,108.62763247668865,95.10344559376546,2.03594031425531,1.9781962516929512,-0.057744062562358645
492,nivolumab,1000.0,110.48915866313888,91.11460966452827,2.043319666584374,1.9595880189925088,-0.08373164759186502
492,nivolumab,10000.0,113.44864108990168,87.0979788295367,2.0547992981875334,1.94000807701267,-0.1147912211748634
492,nivolumab,100000.0,112.93919802120152,82.62451977764498,2.0528446994961023,1.9171089483360573,-0.135735751160045
492,nivolumab,15000000.0,28.59806775862293,26.421140108489205,1.4563366908172841,1.421951554086322,-0.03438513673096222
493,nivolumab,100.0,4.52,4.346760147816666,0.6551384348113821,0.6381656766864501,-0.01697275812493204
493,nivolumab,1000.0,4.608759799705657,4.292242388528943,0.663584074064906,0.6326842391625598,-0.030899834902346268
493,nivolumab,10000.0,4.520119365178778,4.21714870904612,0.6551499036065127,0.6250189157835198,-0.03013098782299295
493,nivolumab,100000.0,4.014935817598745,3.753037573850788,0.6036786070778392,0.574382912410518,-0.02929569466732118
493,nivolumab,15000000.0,1.86,2.1524006097098782,0.26951294421791633,0.33292310639694195,0.06341016217902562
494,nivolumab,100.0,1.72,1.6425302572203155,0.2355284469075489,0.21551337848922378,-0.02001506841832512
494,nivolumab,1000.0,1.72,1.527860724306671,0.2355284469075489,0.18408376692167802,-0.05144467998587088
494,nivolumab,10000.0,1.4334819052941308,1.4277254782463622,0.15639221525912794,0.15464470972019423,-0.0017475055389337135
494,nivolumab,100000.0,1.3096125718659462,1.31271771827878,0.11714283551338482,0.11817134712990048,0.0010285116165156538
494,nivolumab,15000000.0,1.13,1.1469043462782207,0.05307844348341968,0.05952719853263207,0.006448755049212385
495,nivolumab,100.0,2.99,3.0027728376973966,0.4756711883244297,0.4775224786971154,0.001851290372685721
495,nivolumab,1000.0,3.0040753434604546,2.93382146768884,0.4777108207551628,0.46743368211916797,-0.010277138635994831
495,nivolumab,10000.0,2.799297614243684,2.8188937038383406,0.4470490740119428,0.4500786996009996,0.0030296255890567836
495,nivolumab,100000.0,2.856481326582219,2.623448670038493,0.4558313893316954,0.4188725712836921,-0.03695881804800333
495,nivolumab,15000000.0,1.8,1.8554482451906495,0.25527250510330607,0.2684488448925153,0.013176339789209235
496,nivolumab,100.0,1.04,1.1010404045015976,0.01703333929878037,0.04180325641963327,0.0247699171208529
496,nivolumab,1000.0,1.04,1.083882116139702,0.01703333929878037,0.03498205056583019,0.01794871126704982
496,nivolumab,10000.0,1.0155001997063864,1.0685852930510529,0.006680013148381521,0.028809192689179565,0.022129179540798044
496,nivolumab,100000.0,1.0116806923245345,1.0429456240527464,0.005043461670453883,0.018261666250652883,0.013218204580199
496,nivolumab,15000000.0,1.012889038023482,0.9572490622785759,0.005561871013170064,-0.018975050415051,-0.024536921428221066
497,nivolumab,100.0,64.4,46.87415276108172,1.808885867359812,1.6709334310395116,-0.1379524363203004
497,nivolumab,1000.0,52.090734368908855,42.2884533085117,1.7167604801072345,1.6262218012059586,-0.09053867890127587
497,nivolumab,10000.0,43.026137652974505,35.3119795987032,1.6337323623203919,1.547922064906468,-0.08581029741392387
497,nivolumab,100000.0,34.23232435878468,28.819851647438533,1.5344363885308825,1.4596917409170875,-0.07474464761379496
497,nivolumab,15000000.0,15.155465680842164,13.230317113648995,1.1805692854422027,1.121570253791234,-0.05899903165096876
498,nivolumab,100.0,4.95,4.732277246071634,0.6946051989335688,0.6750701803582373,-0.019535018575331464
498,nivolumab,1000.0,4.871529928156416,4.572253530605883,0.6876653749743626,0.660130303938985,-0.027535071035377667
498,nivolumab,10000.0,4.869452318610989,4.505558693411358,0.6874801176046328,0.6537486515684386,-0.033731466036194147
498,nivolumab,100000.0,4.848882223507466,4.344360400285739,0.685641635486529,0.6379258463604616,-0.04771578912606744
498,nivolumab,15000000.0,3.281140481883721,3.2574739470380254,0.5160248250830327,0.5128809509531965,-0.0031438741298361883
499,nivolumab,100.0,2.37,2.501933872789321,0.37474834601010387,0.3982758269152661,0.023527480905162212
499,nivolumab,1000.0,2.3923585037181443,2.3951810468631964,0.37882626081809817,0.37933834642779496,0.0005120856096967885
499,nivolumab,10000.0,2.260401894,2.2001737120456366,0.3541856625231373,0.3424569713697329,-0.011728691153404414
499,nivolumab,100000.0,2.0098135783722286,2.0095454656773195,0.3031557760080661,0.30309783648943944,-5.793951862664848e-05
499,nivolumab,15000000.0,1.45,1.491442391464651,0.16136800223497488,0.1736064829396502,0.012238480704675314
500,nivolumab,100.0,1.31,1.5875744704309855,0.11727129565576427,0.20073410646081555,0.08346281080505127
500,nivolumab,1000.0,1.31,1.5305565608635678,0.11727129565576427,0.18484938334012108,0.0675780876843568
500,nivolumab,10000.0,1.3255091615326768,1.4586408995033115,0.12238273379626208,0.16394838678050605,0.04156565298424397
500,nivolumab,100000.0,1.3410183230653536,1.3893873882169208,0.1274347118947084,0.1428233523671423,0.015388640472433907
500,nivolumab,15000000.0,1.25,1.2006398520273238,0.09691001300805642,0.07941275450237867,-0.01749725850567775
501,nivolumab,100.0,1.52,1.632038295287601,0.18184358794477254,0.21273034512676434,0.030886757181991797
501,nivolumab,1000.0,1.52,1.5452773880621422,0.18184358794477254,0.18900644964541974,0.0071628617006471995
501,nivolumab,10000.0,1.3030148135792754,1.4454756089313656,0.11494935310258193,0.16001076774940381,0.04506141464682188
501,nivolumab,100000.0,1.2424562535130548,1.3639557195135952,0.0942811063048861,0.13480027128595912,0.04051916498107301
501,nivolumab,15000000.0,1.251822888673494,1.167492470600175,0.09754288804945443,0.06725408839246208,-0.030288799656992355
502,nivolumab,100.0,26.91,21.670069709317463,1.4299136977637545,1.3358603083813416,-0.09405338938241292
502,nivolumab,1000.0,23.17895406,19.432055299951237,1.3650938347242523,1.288518737718724,-0.07657509700552834
502,nivolumab,10000.0,21.294294701937304,16.903048586510412,1.3282632601820457,1.2279650398146704,-0.10029822036737523
502,nivolumab,100000.0,17.06656418528116,13.88434769030634,1.2321460984104349,1.1425254806901535,-0.0896206177202814
502,nivolumab,15000000.0,6.072965624060352,4.723203652859357,0.7834008228114894,0.6742366716843102,-0.10916415112717914
503,nivolumab,100.0,23.2,19.98070498408547,1.3654879848908996,1.3006108074783889,-0.06487717741251076
503,nivolumab,1000.0,19.6,17.69080983319488,1.2922560713564761,1.2477477140876565,-0.04450835726881963
503,nivolumab,10000.0,16.4,14.987307897783872,1.2148438480476977,1.1757236295035953,-0.039120218544102414
503,nivolumab,100000.0,13.4,11.818435694095205,1.1271047983648077,1.0725599964791066,-0.0545448018857011
503,nivolumab,15000000.0,6.7,6.6310760220008556,0.8260748027008264,0.8215840069115894,-0.0044907957892370565
504,nivolumab,100.0,12.4,11.534033078698538,1.0934216851622351,1.061981192599037,-0.03144049256319814
504,nivolumab,1000.0,12.1,11.611833533709794,1.08278537031645,1.0649008011943013,-0.017884569122148752
504,nivolumab,10000.0,12.433204141630922,11.44472667831167,1.0945830644186527,1.058605425361944,-0.03597763905670881
504,nivolumab,100000.0,12.6,11.173820193385334,1.100370545117563,1.0482016785107349,-0.05216886660682807
504,nivolumab,15000000.0,5.0,4.994370070589607,0.6989700043360189,0.6984807193650224,-0.0004892849709964286
511,poly-higg,100.0,4.15,4.429866561784527,0.6180480967120927,0.646390644427705,0.028342547715612287
511,poly-higg,1000.0,4.241726808503929,4.231590016998866,0.6275426940296964,0.6265035838900189,-0.0010391101396775015
511,poly-higg,10000.0,4.224562944902968,3.956050462907567,0.6257817853720816,0.5972618227690546,-0.028519962603027027
511,poly-higg,100000.0,3.8919067922752015,3.621754580400251,0.5901624307522053,0.5589190180406959,-0.031243412711509433
511,poly-higg,15000000.0,1.72,2.2531957951456194,0.2355284469075489,0.3527989320951973,0.1172704851876484
510,poly-higg,100.0,29.38,28.999691231548546,1.4680517914542377,1.4623933738593515,-0.005658417594886167
510,poly-higg,1000.0,30.34088903295536,26.72382219047071,1.4820283021082596,1.4268985734710395,-0.0551297286372201
510,poly-higg,10000.0,31.301778065910717,24.995633386748956,1.4955690079068615,1.3978641462050223,-0.09770486170183923
510,poly-higg,100000.0,28.06995509686825,22.650034855445274,1.4482417178999205,1.3550688746718484,-0.09317284322807207
510,poly-higg,15000000.0,6.111796504318651,9.134225193603006,0.7861688857307935,0.9606717144237691,0.17450282869297562
506,poly-higg,100.0,12.52,11.179412863046839,1.0976043288744108,1.0484189952288712,-0.049185333645539675
506,poly-higg,1000.0,10.321785009980417,10.820644416420121,1.0137548090110555,1.0342531256653296,0.02049831665427404
506,poly-higg,10000.0,10.723818589982448,10.222007972576398,1.030349458608495,1.0095362153439869,-0.020813243264508063
506,poly-higg,100000.0,11.125852169984476,9.63815147552265,1.046333285140444,0.9839937474960758,-0.06233953764436828
506,poly-higg,15000000.0,2.7313683010081693,3.5256816322567794,0.436380264881968,0.5472430931032454,0.11086282822127735
508,poly-higg,100.0,1.72,1.579373926555934,0.2355284469075489,0.19848496408963748,-0.03704348281791142
508,poly-higg,1000.0,1.72,1.5771281048241232,0.2355284469075489,0.19786697104521844,-0.03766147586233046
508,poly-higg,10000.0,1.4183669622711517,1.5498568683926066,0.15178860677896133,0.19029159227510975,0.03850298549614842
508,poly-higg,100000.0,1.4410542584139543,1.4851276832732314,0.15868033312915558,0.17176379355706237,0.013083460427906785
508,poly-higg,15000000.0,1.14,1.2900886613870466,0.05690485133647256,0.11061955822792183,0.05371470689144927
515,poly-higg,100.0,6.71,6.1255858606724445,0.8267225201689921,0.787147631630772,-0.03957488853822011
515,poly-higg,1000.0,5.691395576632083,5.578538741412783,0.755218772004044,0.7465204534805083,-0.008698318523535642
515,poly-higg,10000.0,5.425949696535762,5.304427556532402,0.7344757631413518,0.7246385225534013,-0.009837240587950435
515,poly-higg,100000.0,5.426417598201115,4.9764443695356135,0.734513212502573,0.6969191535598983,-0.037594058942674646
515,poly-higg,15000000.0,3.00470612918506,3.0264538917456,0.477802002889748,0.4809340617896271,0.003132058899879109
517,poly-higg,100.0,88.57646767469906,69.37286589244027,1.9473183571411703,1.8411896361971425,-0.10612872094402781
517,poly-higg,1000.0,78.772050896506,65.26803571690162,1.8963721528381172,1.8147005425236564,-0.0816716103144608
517,poly-higg,10000.0,72.44930075569195,61.72529313255811,1.8600341982349373,1.790463161067318,-0.06957103716761925
517,poly-higg,100000.0,65.02211788951377,58.55551571499865,1.8130611111574835,1.7675678102839254,-0.045493300873558074
517,poly-higg,15000000.0,18.94786898775565,19.18144153670193,1.2775603732011858,1.2828812424545508,0.005320869253365057
514,poly-higg,100.0,5.25,5.7271014281446515,0.7201593034059569,0.7579348746260698,0.03777557122011288
514,poly-higg,1000.0,5.132474531519482,5.54877500373687,0.7103268029821337,0.7441971150436476,0.03387031206151392
514,poly-higg,10000.0,5.29679914324673,5.386303508008322,0.7240135046264615,0.7312908214370742,0.007277316810612722
514,poly-higg,100000.0,5.461123754973978,5.187357025542971,0.7372820182299821,0.7149461398168354,-0.02233587841314666
514,poly-higg,15000000.0,2.16,3.240213645282239,0.3344537511509309,0.5105736465980256,0.17611989544709472
518,poly-higg,100.0,1.82,1.7460982342307225,0.2600713879850748,0.24206867315204297,-0.018002714833031813
518,poly-higg,1000.0,1.82,1.7275626785237643,0.2600713879850748,0.23743381317688195,-0.02263757480819284
518,poly-higg,10000.0,1.5960672785417862,1.7034461469814426,0.2030511940846455,0.2313284082658061,0.02827721418116061
518,poly-higg,100000.0,1.604774931875364,1.6704241677631395,0.20541413163270322,0.22282676475741917,0.017412633124715943
518,poly-higg,15000000.0,1.6105121914967662,1.4562821387067202,0.20696401675566756,0.16324552292560804,-0.04371849383005952
509,poly-higg,100.0,14.6,17.334688984370153,1.1643528557844371,1.2389160540348994,0.0745631982504622
509,poly-higg,1000.0,11.911294294387185,15.755643599002873,1.0759589549647033,1.1974361482771765,0.1214771933124732
509,poly-higg,10000.0,12.311684208098823,14.429798737089598,1.0903174674115488,1.159260273714356,0.06894280630280725
509,poly-higg,100000.0,12.666615154277906,12.910784039571672,1.1026605757188572,1.1109526166831811,0.008292040964323899
509,poly-higg,15000000.0,3.2894519705939445,4.8868689506607,0.51712354963021,0.6890306928714235,0.17190714324121348
512,poly-higg,100.0,14.13,15.392672532538564,1.1501421618485586,1.1873140301868268,0.037171868338268244
512,poly-higg,1000.0,14.773708753852125,14.42437888398813,1.1694895331686788,1.1590971214420378,-0.01039241172664096
512,poly-higg,10000.0,15.417417507704249,13.611215322648768,1.1880116333724018,1.1338969043624711,-0.05411472900993064
512,poly-higg,100000.0,16.061126261556375,13.027417851515876,1.2057759962371204,1.1148583432668673,-0.09091765297025312
512,poly-higg,15000000.0,4.075273287044114,6.135415399205888,0.6101567377571193,0.7878439720305166,0.17768723427339728
505,poly-higg,100.0,3.1,3.3228983148925852,0.4913616938342727,0.5215170514933568,0.030155357659084114
505,poly-higg,1000.0,3.090004176425829,3.217398867183989,0.4899590664143058,0.507504904569674,0.0175458381553682
505,poly-higg,10000.0,3.1703124375952543,3.141395895373112,0.5011020645007631,0.49712267194177345,-0.003979392558989658
505,poly-higg,100000.0,3.250620698764679,3.004769660701444,0.511966296458957,0.47781118551663865,-0.03415511094231832
505,poly-higg,15000000.0,1.79,2.0492812507127955,0.2528530309798932,0.3116015666248956,0.058748535645002375
516,poly-higg,100.0,20.23,20.947328015923652,1.3059958827708047,1.3211286334146073,0.015132750643802595
516,poly-higg,1000.0,20.728437778133426,19.898331400586688,1.3165665722384758,1.29881665963078,-0.017749912607695872
516,poly-higg,10000.0,16.56236264609049,17.665071524223688,1.219122289633045,1.2471154001921938,0.02799311055914888
516,poly-higg,100000.0,16.339430136328815,14.889727139563028,1.2132369057481982,1.1728867391982543,-0.040350166549943944
516,poly-higg,15000000.0,4.712363191521079,5.667040412269315,0.6732387550377368,0.753356309652787,0.08011755461505021
507,poly-higg,100.0,61.0,34.38113761582682,1.7853298350107671,1.5363202426855944,-0.24900959232517272
507,poly-higg,1000.0,63.08708953794008,32.15387183566806,1.7999404921108715,1.5072332763464236,-0.2927072157644479
507,poly-higg,10000.0,65.17417907588015,30.072747420916603,1.814075569567092,1.4781731066917208,-0.3359024628753713
507,poly-higg,100000.0,58.68797105586572,28.291220350088647,1.768549095465643,1.4516516812809095,-0.3168974141847336
507,poly-higg,15000000.0,10.463958633272128,9.866251795814597,1.0196960141054634,0.9941521948619254,-0.02554381924353799
513,poly-higg,100.0,32.91703110346997,23.144617006606552,1.5174206578426286,1.3644499985431722,-0.1529706592994564
513,poly-higg,1000.0,33.17984165373529,21.320350014443473,1.5208743090821608,1.3287943301900702,-0.1920799788920906
513,poly-higg,10000.0,31.087439816165663,19.75548451437912,1.492584957504934,1.295687685464738,-0.19689727204019603
513,poly-higg,100000.0,29.22844459852041,18.233181316601446,1.4658057048458746,1.260862450756198,-0.2049432540896765
513,poly-higg,15000000.0,6.9844521999087785,8.447951597884973,0.8441323494786578,0.9267514169284105,0.08261906744975267
630,adalimumab,100.0,36.409639311346425,44.65113385434103,1.5612163766579805,1.6498324916776737,0.08861611501969313
630,adalimumab,1000.0,38.00580243930652,42.13761644427956,1.5798499064851734,1.6246699656723256,0.04482005918715215
630,adalimumab,10000.0,39.60196556726662,40.826451004930504,1.5977167418303881,1.6109416288584582,0.01322488702807001
630,adalimumab,100000.0,40.86606349338408,39.81711767160009,1.6113628054277882,1.600069818608878,-0.011292986818910222
630,adalimumab,15000000.0,6.360255266991149,9.392835813040737,0.8034745462806387,0.9727967309266324,0.1693221846459937
631,adalimumab,100.0,52.19857144459378,44.66905881574965,1.7176586175191282,1.6500068019136882,-0.06765181560543998
631,adalimumab,1000.0,52.12424942979692,42.164946197575006,1.7170398143445116,1.624951550504194,-0.09208826384031754
631,adalimumab,10000.0,53.14314424266189,40.855186647453706,1.725447246100622,1.611247198919375,-0.11420004718124699
631,adalimumab,100000.0,47.45329065859241,39.860485345216595,1.6762663340513246,1.6005425824092787,-0.07572375164204592
631,adalimumab,15000000.0,8.137937880920497,9.409841605472756,0.9105143704427501,0.9735823130714538,0.06306794262870374
