Shear_Rate,Count,R2,MAE,RMSE
Viscosity_100,485,0.5280260842989859,1.709271548832569,7.052719998601887
Viscosity_1000,485,0.5460590818828863,1.4097820920747584,5.507947149337913
Viscosity_10000,485,0.562674398139247,1.229659580213016,4.297815707785591
Viscosity_100000,485,0.6225422024898046,0.9461599621477814,3.01920315056156
Viscosity_15000000,485,0.6672200477278557,0.5646935362914173,1.8318409959140507
OVERALL,2425,0.5591365271263791,1.1719133439119083,4.712128821145268
