163_p3conc_1.4_i0,Adalimumab,mAb_IgG1,3.0,148.0,8.7,0.3,1.4082,27.5,Acetate,5.0,20.0,none,0.0,none,0.0,none,0.0,none,0.0,1.0,1.0,0.91,0.91,0.91,0.91,0.91,
163_p3conc_1.8_i1,Adalimumab,mAb_IgG1,3.0,148.0,8.7,0.3,1.7783,27.5,Acetate,5.0,20.0,none,0.0,none,0.0,none,0.0,none,0.0,1.0,1.0,0.9181948329439368,0.9181948329439368,0.9181948329439368,0.9181948329439368,0.9181948329439368,
163_p3conc_2.0_i2,Adalimumab,mAb_IgG1,3.0,148.0,8.7,0.3,1.9829,27.5,Acetate,5.0,20.0,none,0.0,none,0.0,none,0.0,none,0.0,1.0,1.0,0.9431892338678844,0.9276757851117909,0.9276757851117909,0.9276757851117909,0.91,
163_p3conc_2.8_i3,Adalimumab,mAb_IgG1,3.0,148.0,8.7,0.3,2.7922,27.5,Acetate,5.0,20.0,none,0.0,none,0.0,none,0.0,none,0.0,1.0,1.0,0.9478590221535174,0.9478590221535174,0.9478590221535174,0.9478590221535174,0.91,
163_p3conc_3.2_i4,Adalimumab,mAb_IgG1,3.0,148.0,8.7,0.3,3.1623,27.5,Acetate,5.0,20.0,none,0.0,none,0.0,none,0.0,none,0.0,1.0,1.0,0.9815908315474204,0.9608912203637163,0.9608912203637163,0.9166165455420644,0.9166165455420644,
163_p3conc_3.9_i5,Adalimumab,mAb_IgG1,3.0,148.0,8.7,0.3,3.9319,27.5,Acetate,5.0,20.0,none,0.0,none,0.0,none,0.0,none,0.0,1.0,1.0,0.9864832745750693,0.9864832745750693,0.9864832745750693,0.9101657008033313,0.91,
163_p3conc_5.5_i6,Adalimumab,mAb_IgG1,3.0,148.0,8.7,0.3,5.5367,27.5,Acetate,5.0,20.0,none,0.0,none,0.0,none,0.0,none,0.0,1.0,1.0,1.130915311777599,1.0853901941660935,1.0587467425042865,1.0354310289241537,0.9943890785803297,
163_p3conc_5.6_i7,Adalimumab,mAb_IgG1,3.0,148.0,8.7,0.3,5.6234,27.5,Acetate,5.0,20.0,none,0.0,none,0.0,none,0.0,none,0.0,1.0,1.0,1.129983850477144,1.0517091917637769,0.9849046240802031,0.9516872534127873,0.9481160207363301,
163_p3conc_7.8_i8,Adalimumab,mAb_IgG1,3.0,148.0,8.7,0.3,7.7965,27.5,Acetate,5.0,20.0,none,0.0,none,0.0,none,0.0,none,0.0,1.0,1.0,1.0819732025143587,1.0819732025143587,1.0819732025143587,1.0819732025143587,0.9894877833477232,
163_p3conc_10.0_i9,Adalimumab,mAb_IgG1,3.0,148.0,8.7,0.3,10.0,27.5,Acetate,5.0,20.0,none,0.0,none,0.0,none,0.0,none,0.0,1.0,1.0,1.2596689751704606,1.1251245553249183,1.1004103809697154,1.1004103809697154,0.9799137857705774,
163_p3conc_11.0_i10,Adalimumab,mAb_IgG1,3.0,148.0,8.7,0.3,10.9787,27.5,Acetate,5.0,20.0,none,0.0,none,0.0,none,0.0,none,0.0,1.0,1.0,1.4578170701502189,1.2376171303415902,1.2017293888528382,1.0922827576259548,1.0473959362816696,
163_p3conc_15.5_i11,Adalimumab,mAb_IgG1,3.0,148.0,8.7,0.3,15.4596,27.5,Acetate,5.0,20.0,none,0.0,none,0.0,none,0.0,none,0.0,1.0,1.0,1.3919686830891653,1.3919686830891653,1.3551975035529342,1.2618295757502251,1.1265614485404891,
163_p3conc_17.8_i12,Adalimumab,mAb_IgG1,3.0,148.0,8.7,0.3,17.7828,27.5,Acetate,5.0,20.0,none,0.0,none,0.0,none,0.0,none,0.0,1.0,1.0,1.4864205685902303,1.4864205685902303,1.2832807727018238,1.2832807727018238,1.049449232595609,
163_p3conc_21.8_i13,Adalimumab,mAb_IgG1,3.0,148.0,8.7,0.3,21.7695,27.5,Acetate,5.0,20.0,none,0.0,none,0.0,none,0.0,none,0.0,1.0,1.0,1.6013501795822036,1.4270885315212618,1.4270885315212618,1.3566408297924135,1.092963171035387,
163_p3conc_30.7_i14,Adalimumab,mAb_IgG1,3.0,148.0,8.7,0.3,30.6548,27.5,Acetate,5.0,20.0,none,0.0,none,0.0,none,0.0,none,0.0,1.0,1.0,1.9824232926362224,1.6916290436582229,1.6916290436582229,1.4915268554385612,1.1723083428104153,
163_p3conc_31.6_i15,Adalimumab,mAb_IgG1,3.0,148.0,8.7,0.3,31.6228,27.5,Acetate,5.0,20.0,none,0.0,none,0.0,none,0.0,none,0.0,1.0,1.0,1.9529951572117936,1.7619824654636609,1.6615634599678044,1.4791421164906782,1.125651328326678,
163_p3conc_43.2_i16,Adalimumab,mAb_IgG1,3.0,148.0,8.7,0.3,43.1667,27.5,Acetate,5.0,20.0,none,0.0,none,0.0,none,0.0,none,0.0,1.0,1.0,2.1266278107393295,1.9827258651464306,1.8421391109030507,1.788869808903124,1.1906074414791603,
163_p3conc_56.2_i17,Adalimumab,mAb_IgG1,3.0,148.0,8.7,0.3,56.2341,27.5,Acetate,5.0,20.0,none,0.0,none,0.0,none,0.0,none,0.0,1.0,1.0,2.549212727297681,2.3271224763807368,2.1372809681447467,1.8517052751064405,1.2957228897053583,
163_p3conc_60.8_i18,Adalimumab,mAb_IgG1,3.0,148.0,8.7,0.3,60.7852,27.5,Acetate,5.0,20.0,none,0.0,none,0.0,none,0.0,none,0.0,1.0,1.0,2.695406625286655,2.329880458398187,2.1497942495843256,2.050884062242872,1.2656275131639074,
163_p3conc_85.6_i19,Adalimumab,mAb_IgG1,3.0,148.0,8.7,0.3,85.5949,27.5,Acetate,5.0,20.0,none,0.0,none,0.0,none,0.0,none,0.0,1.0,1.0,3.367014010032553,2.7029245993020408,2.7029245993020408,2.2119623655214107,1.4218905955626997,
163_p3conc_108.6_i20,Adalimumab,mAb_IgG1,3.0,148.0,8.7,0.3,108.581,27.5,Acetate,5.0,20.0,none,0.0,none,0.0,none,0.0,none,0.0,1.0,1.0,3.9682523888356895,3.4569694515188076,3.185015661829048,2.5975791327874105,1.4126262589855507,
163_p3conc_117.9_i21,Adalimumab,mAb_IgG1,3.0,148.0,8.7,0.3,117.8982,27.5,Acetate,5.0,20.0,none,0.0,none,0.0,none,0.0,none,0.0,1.0,1.0,4.871449048329599,3.846761426744648,3.708454675388525,3.0255751059408524,1.6939664989571344,
162_p3conc_120.5_i22,Adalimumab,mAb_IgG1,3.0,148.0,8.7,0.3,120.5308,27.5,Acetate,5.0,20.0,none,0.0,none,0.0,none,0.0,none,0.0,1.0,1.0,4.956296013894383,3.8936010591667376,3.8936010591667376,3.0378130238949184,1.7604128237602743,
162_p3conc_128.0_i23,Adalimumab,mAb_IgG1,3.0,148.0,8.7,0.3,128.015,27.5,Acetate,5.0,20.0,none,0.0,none,0.0,none,0.0,none,0.0,1.0,1.0,5.4863896838209625,4.298629582555677,4.298629582555677,3.4145584754359146,2.0251889388753597,
162_p3conc_148.7_i24,Adalimumab,mAb_IgG1,3.0,148.0,8.7,0.3,148.7435,27.5,Acetate,5.0,20.0,none,0.0,none,0.0,none,0.0,none,0.0,1.0,1.0,7.733216806056391,5.7872523895639105,5.7872523895639105,3.956731760162938,2.690450369771169,
162_p3conc_159.2_i25,Adalimumab,mAb_IgG1,3.0,148.0,8.7,0.3,159.1699,27.5,Acetate,5.0,20.0,none,0.0,none,0.0,none,0.0,none,0.0,1.0,1.0,7.558913196431786,6.528494856260155,6.526686585808994,4.589919622463405,2.5861569830118945,
162_p3conc_169.7_i26,Adalimumab,mAb_IgG1,3.0,148.0,8.7,0.3,169.7259,27.5,Acetate,5.0,20.0,none,0.0,none,0.0,none,0.0,none,0.0,1.0,1.0,9.41337247951562,6.833032782893191,6.833032782893191,4.783488058504065,3.1379761200779135,
162_p3conc_170.3_i27,Adalimumab,mAb_IgG1,3.0,148.0,8.7,0.3,170.3268,27.5,Acetate,5.0,20.0,none,0.0,none,0.0,none,0.0,none,0.0,1.0,1.0,8.747957853715802,6.979397569361616,6.979397569361616,4.824092335547157,2.8953938834038118,
162_p3conc_182.3_i28,Adalimumab,mAb_IgG1,3.0,148.0,8.7,0.3,182.2661,27.5,Acetate,5.0,20.0,none,0.0,none,0.0,none,0.0,none,0.0,1.0,1.0,9.81532331919661,8.097615303348203,8.097615303348203,5.511166368597321,3.2598902945026187,
162_p3conc_195.0_i29,Adalimumab,mAb_IgG1,3.0,148.0,8.7,0.3,195.0424,27.5,Acetate,5.0,20.0,none,0.0,none,0.0,none,0.0,none,0.0,1.0,1.0,11.741156867170028,9.307886665226494,9.307886665226494,5.967991789490803,3.433368466622705,
162_p3conc_208.7_i30,Adalimumab,mAb_IgG1,3.0,148.0,8.7,0.3,208.7142,27.5,Acetate,5.0,20.0,none,0.0,none,0.0,none,0.0,none,0.0,1.0,1.0,11.730073541733706,9.82703552162793,9.82703552162793,6.54392468593885,4.252350494440122,
162_p3conc_223.3_i31,Adalimumab,mAb_IgG1,3.0,148.0,8.7,0.3,223.3444,27.5,Acetate,5.0,20.0,none,0.0,none,0.0,none,0.0,none,0.0,1.0,1.0,13.67345936653694,10.324465583007074,10.324465583007074,6.361013565160394,4.453005443734553,
167_p3conc_1.4_i0,Adalimumab,mAb_IgG1,3.0,148.0,8.7,0.3,1.4096,27.5,Histidine,6.0,15.0,none,0.0,none,0.0,none,0.0,none,0.0,1.0,1.0,0.9773290386360063,0.91,0.91,0.91,0.91,
167_p3conc_1.8_i1,Adalimumab,mAb_IgG1,3.0,148.0,8.7,0.3,1.7783,27.5,Histidine,6.0,15.0,none,0.0,none,0.0,none,0.0,none,0.0,1.0,1.0,0.9551156574845727,0.91,0.91,0.91,0.91,
167_p3conc_2.0_i2,Adalimumab,mAb_IgG1,3.0,148.0,8.7,0.3,1.987,27.5,Histidine,6.0,15.0,none,0.0,none,0.0,none,0.0,none,0.0,1.0,1.0,1.0005327136033204,0.9664676323819856,0.9363985008020586,0.91,0.91,
167_p3conc_2.8_i3,Adalimumab,mAb_IgG1,3.0,148.0,8.7,0.3,2.8009,27.5,Histidine,6.0,15.0,none,0.0,none,0.0,none,0.0,none,0.0,1.0,1.0,0.9941983193211777,0.91,0.91,0.91,0.91,
167_p3conc_3.2_i4,Adalimumab,mAb_IgG1,3.0,148.0,8.7,0.3,3.1623,27.5,Histidine,6.0,15.0,none,0.0,none,0.0,none,0.0,none,0.0,1.0,1.0,0.9992282914410828,0.989610509834901,0.91,0.91,0.91,
167_p3conc_3.9_i5,Adalimumab,mAb_IgG1,3.0,148.0,8.7,0.3,3.9482,27.5,Histidine,6.0,15.0,none,0.0,none,0.0,none,0.0,none,0.0,1.0,1.0,0.9691533075547565,0.9691533075547565,0.9691533075547565,0.91,0.91,
167_p3conc_5.6_i6,Adalimumab,mAb_IgG1,3.0,148.0,8.7,0.3,5.5655,27.5,Histidine,6.0,15.0,none,0.0,none,0.0,none,0.0,none,0.0,1.0,1.0,1.0948749038068786,1.014301073403335,0.9996488222403545,0.9521833692129842,0.9521833692129842,
167_p3conc_5.6_i7,Adalimumab,mAb_IgG1,3.0,148.0,8.7,0.3,5.6234,27.5,Histidine,6.0,15.0,none,0.0,none,0.0,none,0.0,none,0.0,1.0,1.0,1.0036952058083066,1.000265339070917,0.9757583553117665,0.9757583553117665,0.9757583553117665,
167_p3conc_7.8_i8,Adalimumab,mAb_IgG1,3.0,148.0,8.7,0.3,7.8452,27.5,Histidine,6.0,15.0,none,0.0,none,0.0,none,0.0,none,0.0,1.0,1.0,1.0475508425314137,1.0475508425314137,1.0475508425314137,0.9787876111233943,0.9787876111233943,
167_p3conc_10.0_i9,Adalimumab,mAb_IgG1,3.0,148.0,8.7,0.3,10.0,27.5,Histidine,6.0,15.0,none,0.0,none,0.0,none,0.0,none,0.0,1.0,1.0,1.2552753004769126,1.0193184930007593,1.0193184930007593,1.0193184930007593,1.0193184930007593,
167_p3conc_11.1_i10,Adalimumab,mAb_IgG1,3.0,148.0,8.7,0.3,11.0587,27.5,Histidine,6.0,15.0,none,0.0,none,0.0,none,0.0,none,0.0,1.0,1.0,1.3497435247648262,1.15810348591835,1.0588623502162176,0.9594947446916523,0.9594947446916523,
167_p3conc_15.6_i11,Adalimumab,mAb_IgG1,3.0,148.0,8.7,0.3,15.5885,27.5,Histidine,6.0,15.0,none,0.0,none,0.0,none,0.0,none,0.0,1.0,1.0,1.2574182571302093,1.2574182571302093,1.1837497495630371,1.1084045581289372,1.0557601065944329,
167_p3conc_17.8_i12,Adalimumab,mAb_IgG1,3.0,148.0,8.7,0.3,17.7828,27.5,Histidine,6.0,15.0,none,0.0,none,0.0,none,0.0,none,0.0,1.0,1.0,1.4212944834455814,1.2947619041559957,1.2947619041559957,1.1582266669035213,1.1419202754231843,
167_p3conc_22.0_i13,Adalimumab,mAb_IgG1,3.0,148.0,8.7,0.3,21.9737,27.5,Histidine,6.0,15.0,none,0.0,none,0.0,none,0.0,none,0.0,1.0,1.0,1.5232445681139426,1.3956254232194971,1.2840406577076138,1.2555185507320308,1.1139404636917898,
167_p3conc_31.0_i14,Adalimumab,mAb_IgG1,3.0,148.0,8.7,0.3,30.9745,27.5,Histidine,6.0,15.0,none,0.0,none,0.0,none,0.0,none,0.0,1.0,1.0,1.6692139188350132,1.4664378366960473,1.3304071019373112,1.3304071019373112,1.1790642674420162,
167_p3conc_31.6_i15,Adalimumab,mAb_IgG1,3.0,148.0,8.7,0.3,31.6228,27.5,Histidine,6.0,15.0,none,0.0,none,0.0,none,0.0,none,0.0,1.0,1.0,1.592341220150437,1.5852201611018593,1.5663301750364367,1.404050522405921,1.1115783797784076,
167_p3conc_43.7_i16,Adalimumab,mAb_IgG1,3.0,148.0,8.7,0.3,43.662,27.5,Histidine,6.0,15.0,none,0.0,none,0.0,none,0.0,none,0.0,1.0,1.0,1.905636285647451,1.703136476896471,1.703136476896471,1.533719627154188,1.3591776985226112,
167_p3conc_56.2_i17,Adalimumab,mAb_IgG1,3.0,148.0,8.7,0.3,56.2341,27.5,Histidine,6.0,15.0,none,0.0,none,0.0,none,0.0,none,0.0,1.0,1.0,2.0891545931345417,1.95533235280485,1.6998460310095358,1.6888661085838628,1.2876058885316142,
167_p3conc_61.5_i18,Adalimumab,mAb_IgG1,3.0,148.0,8.7,0.3,61.5467,27.5,Histidine,6.0,15.0,none,0.0,none,0.0,none,0.0,none,0.0,1.0,1.0,2.533985808547592,2.066264087157061,1.7724843678697597,1.6974627989924682,1.2622247789533065,
167_p3conc_86.8_i19,Adalimumab,mAb_IgG1,3.0,148.0,8.7,0.3,86.7571,27.5,Histidine,6.0,15.0,none,0.0,none,0.0,none,0.0,none,0.0,1.0,1.0,2.7951924587319565,2.4285417461757204,2.1645454391469094,1.9116769636404412,1.336129683608379,
167_p3conc_110.5_i20,Adalimumab,mAb_IgG1,3.0,148.0,8.7,0.3,110.521,27.5,Histidine,6.0,15.0,none,0.0,none,0.0,none,0.0,none,0.0,1.0,1.0,4.631862321324266,3.4976134079966417,3.321185400853856,2.9651774890373903,1.323217167205036,
444_p3conc_122.1_i21,Adalimumab,mAb_IgG1,3.0,148.0,8.7,0.3,122.1487,25.0,Histidine,6.0,15.0,none,0.0,none,0.0,none,0.0,none,0.0,1.0,1.0,7.509335865787314,6.6626454601979495,5.902527174773827,4.7193231519356615,1.2867162162153718,
444_p3conc_122.3_i22,Adalimumab,mAb_IgG1,3.0,148.0,8.7,0.3,122.294,25.0,Histidine,6.0,15.0,none,0.0,none,0.0,none,0.0,none,0.0,1.0,1.0,7.5752452724113,6.765400292349765,6.140606653505174,4.951315846173715,1.34820152023367,
161_p3conc_152.8_i23,Adalimumab,mAb_IgG1,3.0,148.0,8.7,0.3,152.7988,27.5,Histidine,6.0,15.0,none,0.0,none,0.0,none,0.0,none,0.0,1.0,1.0,7.228570655992736,7.228570655992736,7.228570655992736,5.317028253608683,2.918805943068649,
161_p3conc_163.3_i24,Adalimumab,mAb_IgG1,3.0,148.0,8.7,0.3,163.2691,27.5,Histidine,6.0,15.0,none,0.0,none,0.0,none,0.0,none,0.0,1.0,1.0,8.598686342349126,8.598686342349126,8.598686342349126,6.721611157872344,2.844120197565133,
161_p3conc_172.4_i25,Adalimumab,mAb_IgG1,3.0,148.0,8.7,0.3,172.3876,27.5,Histidine,6.0,15.0,none,0.0,none,0.0,none,0.0,none,0.0,1.0,1.0,9.438550219533747,9.438550219533747,9.438550219533747,7.856505182113507,3.1887903451680106,
161_p3conc_174.5_i26,Adalimumab,mAb_IgG1,3.0,148.0,8.7,0.3,174.4564,27.5,Histidine,6.0,15.0,none,0.0,none,0.0,none,0.0,none,0.0,1.0,1.0,9.604051423930729,9.604051423930729,9.604051423930729,7.789304587196555,3.25929454144436,
161_p3conc_186.4_i27,Adalimumab,mAb_IgG1,3.0,148.0,8.7,0.3,186.4108,27.5,Histidine,6.0,15.0,none,0.0,none,0.0,none,0.0,none,0.0,1.0,1.0,12.27098868701523,12.27098868701523,12.27098868701523,9.103216068590394,3.418965382639991,
161_p3conc_199.2_i28,Adalimumab,mAb_IgG1,3.0,148.0,8.7,0.3,199.1843,27.5,Histidine,6.0,15.0,none,0.0,none,0.0,none,0.0,none,0.0,1.0,1.0,13.312654264724525,13.312654264724525,13.312654264724525,10.575729623685222,4.0586804312617355,
161_p3conc_212.8_i29,Adalimumab,mAb_IgG1,3.0,148.0,8.7,0.3,212.833,27.5,Histidine,6.0,15.0,none,0.0,none,0.0,none,0.0,none,0.0,1.0,1.0,15.952690696479305,15.952690696479305,15.952690696479305,14.357924494702427,4.09173757971874,
161_p3conc_227.4_i30,Adalimumab,mAb_IgG1,3.0,148.0,8.7,0.3,227.4165,27.5,Histidine,6.0,15.0,none,0.0,none,0.0,none,0.0,none,0.0,1.0,1.0,18.15805884009476,18.15805884009476,18.15805884009476,16.39718030119469,4.891204102014508,
247_p3conc_1.5_i0,BSA,Other,2.0,66.0,4.7,0.3,1.4772,27.5,Acetate,5.0,20.0,none,0.0,none,0.0,none,0.0,none,0.0,0.85,0.9,0.9529871911446495,0.9529871911446495,0.9486867523747309,0.9486867523747309,0.91,
247_p3conc_2.2_i1,BSA,Other,2.0,66.0,4.7,0.3,2.1821,27.5,Acetate,5.0,20.0,none,0.0,none,0.0,none,0.0,none,0.0,0.85,0.9,0.9995327456135026,0.9716358557224062,0.940530491435583,0.940530491435583,0.91,
247_p3conc_3.2_i2,BSA,Other,2.0,66.0,4.7,0.3,3.2233,27.5,Acetate,5.0,20.0,none,0.0,none,0.0,none,0.0,none,0.0,0.85,0.9,0.9210636574632444,0.9210636574632444,0.9210636574632444,0.9210636574632444,0.91,
247_p3conc_7.0_i3,BSA,Other,2.0,66.0,4.7,0.3,7.0336,27.5,Acetate,5.0,20.0,none,0.0,none,0.0,none,0.0,none,0.0,0.85,0.9,1.0727875744501698,1.0134193721682812,0.9260177653476991,0.9260177653476991,0.91,
249_p3conc_15.3_i4,BSA,Other,2.0,66.0,4.7,0.3,15.3478,27.5,Acetate,5.0,20.0,none,0.0,none,0.0,none,0.0,none,0.0,0.85,0.9,1.1200855045934413,1.1031227589897343,1.1031227589897343,1.0586677254954304,0.91,
250_p3conc_22.7_i5,BSA,Other,2.0,66.0,4.7,0.3,22.6716,27.5,Acetate,5.0,20.0,none,0.0,none,0.0,none,0.0,none,0.0,0.85,0.9,1.19292229593524,1.19292229593524,1.19292229593524,1.19292229593524,1.0600456495964494,
250_p3conc_30.1_i6,BSA,Other,2.0,66.0,4.7,0.3,30.1369,27.5,Acetate,5.0,20.0,none,0.0,none,0.0,none,0.0,none,0.0,0.85,0.9,1.3910708113457244,1.3910708113457244,1.3910708113457244,1.3892683121043041,1.1560096708741643,
250_p3conc_33.5_i7,BSA,Other,2.0,66.0,4.7,0.3,33.4901,27.5,Acetate,5.0,20.0,none,0.0,none,0.0,none,0.0,none,0.0,0.85,0.9,1.556831219591912,1.556831219591912,1.5509452581925174,1.3677275477202333,1.1914703251716239,
250_p3conc_36.3_i8,BSA,Other,2.0,66.0,4.7,0.3,36.3291,27.5,Acetate,5.0,20.0,none,0.0,none,0.0,none,0.0,none,0.0,0.85,0.9,1.6603034527775853,1.6603034527775853,1.6603034527775853,1.634039737420893,1.2688815607938297,
250_p3conc_43.8_i9,BSA,Other,2.0,66.0,4.7,0.3,43.7938,27.5,Acetate,5.0,20.0,none,0.0,none,0.0,none,0.0,none,0.0,0.85,0.9,1.7931264942182954,1.6993215286063792,1.5970242106911305,1.5776111896644431,1.3013153643186997,
250_p3conc_49.5_i10,BSA,Other,2.0,66.0,4.7,0.3,49.4711,27.5,Acetate,5.0,20.0,none,0.0,none,0.0,none,0.0,none,0.0,0.85,0.9,1.7634807910934547,1.7634807910934547,1.7634807910934547,1.7634807910934547,1.3364894551999598,
250_p3conc_52.8_i11,BSA,Other,2.0,66.0,4.7,0.3,52.7922,27.5,Acetate,5.0,20.0,none,0.0,none,0.0,none,0.0,none,0.0,0.85,0.9,1.9506954117277813,1.9157734028552016,1.8401897638081544,1.764884514065461,1.2980618311396859,
250_p3conc_63.6_i12,BSA,Other,2.0,66.0,4.7,0.3,63.6397,27.5,Acetate,5.0,20.0,none,0.0,none,0.0,none,0.0,none,0.0,0.85,0.9,2.2104298444370083,2.2104298444370083,2.0911372198567553,1.988544228288777,1.4961128293876587,
250_p3conc_73.1_i13,BSA,Other,2.0,66.0,4.7,0.3,73.0781,27.5,Acetate,5.0,20.0,none,0.0,none,0.0,none,0.0,none,0.0,0.85,0.9,2.2261050320776854,2.2261050320776854,2.2261050320776854,1.8584245237609984,1.518864379403181,
250_p3conc_76.7_i14,BSA,Other,2.0,66.0,4.7,0.3,76.7158,27.5,Acetate,5.0,20.0,none,0.0,none,0.0,none,0.0,none,0.0,0.85,0.9,2.16684435657778,2.16684435657778,2.16684435657778,2.16684435657778,1.596468060223026,
250_p3conc_92.5_i15,BSA,Other,2.0,66.0,4.7,0.3,92.479,27.5,Acetate,5.0,20.0,none,0.0,none,0.0,none,0.0,none,0.0,0.85,0.9,2.8426069837618586,2.8426069837618586,2.6192520921538196,2.6192520921538196,1.7708683960339575,
239_p3conc_107.9_i16,BSA,Other,2.0,66.0,4.7,0.3,107.9498,27.5,Acetate,5.0,20.0,none,0.0,none,0.0,none,0.0,none,0.0,0.85,0.9,2.850518466612337,2.850518466612337,2.850518466612337,2.6645030398867537,1.8613687297534351,
239_p3conc_111.5_i17,BSA,Other,2.0,66.0,4.7,0.3,111.4808,27.5,Acetate,5.0,20.0,none,0.0,none,0.0,none,0.0,none,0.0,0.85,0.9,3.3983173205052726,2.9973791337018927,2.673319506403902,2.673319506403902,1.8249281393530956,
239_p3conc_134.4_i18,BSA,Other,2.0,66.0,4.7,0.3,134.3872,27.5,Acetate,5.0,20.0,none,0.0,none,0.0,none,0.0,none,0.0,0.85,0.9,3.683376262483975,3.683376262483975,3.683376262483975,3.3897983951477744,2.0434534422327615,
239_p3conc_170.7_i19,BSA,Other,2.0,66.0,4.7,0.3,170.6684,27.5,Acetate,5.0,20.0,none,0.0,none,0.0,none,0.0,none,0.0,0.85,0.9,5.257192143872444,5.227604888280273,4.601285409357624,4.174608347927202,2.7627795918359683,
239_p3conc_179.8_i20,BSA,Other,2.0,66.0,4.7,0.3,179.8005,27.5,Acetate,5.0,20.0,none,0.0,none,0.0,none,0.0,none,0.0,0.85,0.9,5.3605990846206115,5.306858303786769,5.11104392110915,3.9872213903495943,2.7769250867873274,
239_p3conc_189.4_i21,BSA,Other,2.0,66.0,4.7,0.3,189.4214,27.5,Acetate,5.0,20.0,none,0.0,none,0.0,none,0.0,none,0.0,0.85,0.9,5.74330771874719,5.74330771874719,5.3636119663442035,4.735132102523017,3.0404996315975183,
239_p3conc_199.6_i22,BSA,Other,2.0,66.0,4.7,0.3,199.557,27.5,Acetate,5.0,20.0,none,0.0,none,0.0,none,0.0,none,0.0,0.85,0.9,6.824738486841341,6.661507516507791,5.856199580243664,5.097086024792881,3.358247470107405,
239_p3conc_210.2_i23,BSA,Other,2.0,66.0,4.7,0.3,210.235,27.5,Acetate,5.0,20.0,none,0.0,none,0.0,none,0.0,none,0.0,0.85,0.9,7.851900661238482,7.6070059623160455,6.664401669716397,6.1596991850192016,3.9038209706681952,
239_p3conc_221.5_i24,BSA,Other,2.0,66.0,4.7,0.3,221.4843,27.5,Acetate,5.0,20.0,none,0.0,none,0.0,none,0.0,none,0.0,0.85,0.9,8.844050001019399,8.778910830397875,7.4816131094370215,6.460864119891048,4.151964908300989,
239_p3conc_233.3_i25,BSA,Other,2.0,66.0,4.7,0.3,233.3361,27.5,Acetate,5.0,20.0,none,0.0,none,0.0,none,0.0,none,0.0,0.85,0.9,10.136403230894631,9.898684271333108,8.286921380855423,7.413829331347723,4.956214477621419,
239_p3conc_235.6_i26,BSA,Other,2.0,66.0,4.7,0.3,235.5554,27.5,Acetate,5.0,20.0,none,0.0,none,0.0,none,0.0,none,0.0,0.85,0.9,11.274845717377268,11.079618225690558,8.57993204740862,7.233737387139767,4.790625398216417,
239_p3conc_245.8_i27,BSA,Other,2.0,66.0,4.7,0.3,245.8216,27.5,Acetate,5.0,20.0,none,0.0,none,0.0,none,0.0,none,0.0,0.85,0.9,14.86210361909706,12.324341341866024,9.588314889891624,7.992278496705738,5.481808886623054,
239_p3conc_259.0_i28,BSA,Other,2.0,66.0,4.7,0.3,258.9751,27.5,Acetate,5.0,20.0,none,0.0,none,0.0,none,0.0,none,0.0,0.85,0.9,16.0875541148729,13.00932964934279,11.603279082513021,9.99801568273602,7.2551693550115015,
239_p3conc_272.8_i29,BSA,Other,2.0,66.0,4.7,0.3,272.8324,27.5,Acetate,5.0,20.0,none,0.0,none,0.0,none,0.0,none,0.0,0.85,0.9,18.925775952357377,15.4500450309747,14.141146996146107,10.27022546570411,7.88535035298869,
239_p3conc_287.4_i30,BSA,Other,2.0,66.0,4.7,0.3,287.4313,27.5,Acetate,5.0,20.0,none,0.0,none,0.0,none,0.0,none,0.0,0.85,0.9,25.86933243980391,20.008780901790164,16.926980647941246,12.537814046137846,9.15406594453752,
235_p3conc_302.8_i31,BSA,Other,2.0,66.0,4.7,0.3,302.8112,27.5,Acetate,5.0,20.0,none,0.0,none,0.0,none,0.0,none,0.0,0.85,0.9,29.88521912470819,23.786416710158313,21.121816066071474,15.343268967818434,10.640835805113909,
235_p3conc_319.0_i32,BSA,Other,2.0,66.0,4.7,0.3,319.0142,27.5,Acetate,5.0,20.0,none,0.0,none,0.0,none,0.0,none,0.0,0.85,0.9,41.53812572988191,31.34249055529766,23.64055070665143,18.078075716831794,13.551662827195887,
235_p3conc_336.1_i33,BSA,Other,2.0,66.0,4.7,0.3,336.0841,27.5,Acetate,5.0,20.0,none,0.0,none,0.0,none,0.0,none,0.0,0.85,0.9,46.5397580931395,33.410636947318366,27.29290235130763,21.548950229556702,16.286376411830386,
235_p3conc_348.0_i34,BSA,Other,2.0,66.0,4.7,0.3,347.9589,27.5,Acetate,5.0,20.0,none,0.0,none,0.0,none,0.0,none,0.0,0.85,0.9,58.31277184555531,37.73394609085696,29.162345667208623,23.121856888367667,17.044118640241216,
235_p3conc_354.1_i35,BSA,Other,2.0,66.0,4.7,0.3,354.0674,27.5,Acetate,5.0,20.0,none,0.0,none,0.0,none,0.0,none,0.0,0.85,0.9,60.392290667705176,43.151129991202566,34.77752162668324,23.907574532128415,17.62266743041418,
235_p3conc_373.0_i36,BSA,Other,2.0,66.0,4.7,0.3,373.013,27.5,Acetate,5.0,20.0,none,0.0,none,0.0,none,0.0,none,0.0,0.85,0.9,77.51174721000675,52.64160321862975,41.05322990846374,28.248662880908345,22.86236758374048,
235_p3conc_393.0_i37,BSA,Other,2.0,66.0,4.7,0.3,392.9724,27.5,Acetate,5.0,20.0,none,0.0,none,0.0,none,0.0,none,0.0,0.85,0.9,92.86058722332149,55.41828266914091,52.828292209285706,34.903942011052564,27.44684153506649,
235_p3conc_437.0_i38,BSA,Other,2.0,66.0,4.7,0.3,437.0096,27.5,Acetate,5.0,20.0,none,0.0,none,0.0,none,0.0,none,0.0,0.85,0.9,134.2153824054524,72.03756179423189,63.45201069886133,39.86911758343399,35.51786345758992,
235_p3conc_449.0_i39,BSA,Other,2.0,66.0,4.7,0.3,448.9893,27.5,Acetate,5.0,20.0,none,0.0,none,0.0,none,0.0,none,0.0,0.85,0.9,141.28633517360004,79.86117377172673,58.42481010723378,40.44300838597117,35.73437890665048,
235_p3conc_461.3_i40,BSA,Other,2.0,66.0,4.7,0.3,461.2985,27.5,Acetate,5.0,20.0,none,0.0,none,0.0,none,0.0,none,0.0,0.85,0.9,144.7985480530372,82.20603736476676,64.33241490953051,40.099635598531734,37.54184021862039,
235_p3conc_473.9_i41,BSA,Other,2.0,66.0,4.7,0.3,473.944,27.5,Acetate,5.0,20.0,none,0.0,none,0.0,none,0.0,none,0.0,0.85,0.9,145.80774847814956,88.7023583069769,59.23877538299975,45.97332030012216,37.52568564002058,
235_p3conc_486.9_i42,BSA,Other,2.0,66.0,4.7,0.3,486.9361,27.5,Acetate,5.0,20.0,none,0.0,none,0.0,none,0.0,none,0.0,0.85,0.9,142.19838799106847,83.6255596144295,63.3353177616321,47.60358469804948,37.86510711590907,
235_p3conc_500.3_i43,BSA,Other,2.0,66.0,4.7,0.3,500.2856,27.5,Acetate,5.0,20.0,none,0.0,none,0.0,none,0.0,none,0.0,0.85,0.9,168.3891205973943,89.07709236090191,70.39557359011889,49.32492826634532,39.09084734184531,
251_p3conc_1.5_i0,BSA,Other,2.0,66.0,4.7,0.3,1.4732,27.5,Histidine,6.0,15.0,none,0.0,none,0.0,none,0.0,none,0.0,0.85,0.9,0.9186980812946824,0.9140723680587577,0.9101875706836774,0.9101875706836774,0.91,
251_p3conc_2.2_i1,BSA,Other,2.0,66.0,4.7,0.3,2.1702,27.5,Histidine,6.0,15.0,none,0.0,none,0.0,none,0.0,none,0.0,0.85,0.9,0.9884627836249174,0.9783976905299424,0.91,0.91,0.91,
251_p3conc_3.2_i2,BSA,Other,2.0,66.0,4.7,0.3,3.197,27.5,Histidine,6.0,15.0,none,0.0,none,0.0,none,0.0,none,0.0,0.85,0.9,0.9577938533900097,0.9577938533900097,0.9162962105272583,0.9162962105272583,0.91,
251_p3conc_4.7_i3,BSA,Other,2.0,66.0,4.7,0.3,4.7097,27.5,Histidine,6.0,15.0,none,0.0,none,0.0,none,0.0,none,0.0,0.85,0.9,0.9362952221865792,0.9362952221865792,0.9362952221865792,0.9362952221865792,0.91,
251_p3conc_6.9_i4,BSA,Other,2.0,66.0,4.7,0.3,6.9381,27.5,Histidine,6.0,15.0,none,0.0,none,0.0,none,0.0,none,0.0,0.85,0.9,1.0006139049248048,0.9823387828386948,0.9184634773117577,0.9184634773117577,0.91,
253_p3conc_15.1_i5,BSA,Other,2.0,66.0,4.7,0.3,15.0569,27.5,Histidine,6.0,15.0,none,0.0,none,0.0,none,0.0,none,0.0,0.85,0.9,1.005160543813512,1.005160543813512,1.005160543813512,1.005160543813512,0.91,
253_p3conc_22.2_i6,BSA,Other,2.0,66.0,4.7,0.3,22.1811,27.5,Histidine,6.0,15.0,none,0.0,none,0.0,none,0.0,none,0.0,0.85,0.9,1.1709773476058247,1.1709773476058247,1.1709773476058247,1.0936028586289452,0.9183881967441677,
255_p3conc_30.1_i7,BSA,Other,2.0,66.0,4.7,0.3,30.0994,27.5,Histidine,6.0,15.0,none,0.0,none,0.0,none,0.0,none,0.0,0.85,0.9,1.3885575251749784,1.3620388538786974,1.346349520793586,1.346349520793586,1.1107962931876352,
255_p3conc_32.7_i8,BSA,Other,2.0,66.0,4.7,0.3,32.6761,27.5,Histidine,6.0,15.0,none,0.0,none,0.0,none,0.0,none,0.0,0.85,0.9,1.3751105084459467,1.3751105084459467,1.3586110990517586,1.2980494378309964,1.1519348501010462,
255_p3conc_36.2_i9,BSA,Other,2.0,66.0,4.7,0.3,36.239,27.5,Histidine,6.0,15.0,none,0.0,none,0.0,none,0.0,none,0.0,0.85,0.9,1.4674609783655979,1.4674609783655979,1.420371139940908,1.420371139940908,1.1804228484150123,
255_p3conc_43.6_i10,BSA,Other,2.0,66.0,4.7,0.3,43.6309,27.5,Histidine,6.0,15.0,none,0.0,none,0.0,none,0.0,none,0.0,0.85,0.9,1.4818072804058626,1.4818072804058626,1.4798894312519892,1.4798894312519892,1.2914666984452792,
255_p3conc_48.1_i11,BSA,Other,2.0,66.0,4.7,0.3,48.1369,27.5,Histidine,6.0,15.0,none,0.0,none,0.0,none,0.0,none,0.0,0.85,0.9,1.856147274105475,1.68882624461884,1.544555406683604,1.544555406683604,1.290799497355598,
255_p3conc_52.5_i12,BSA,Other,2.0,66.0,4.7,0.3,52.5306,27.5,Histidine,6.0,15.0,none,0.0,none,0.0,none,0.0,none,0.0,0.85,0.9,1.6967128515090746,1.6967128515090746,1.6870094780466753,1.5491103119349674,1.3751530141202548,
255_p3conc_63.2_i13,BSA,Other,2.0,66.0,4.7,0.3,63.2456,27.5,Histidine,6.0,15.0,none,0.0,none,0.0,none,0.0,none,0.0,0.85,0.9,1.9294266788074366,1.9294266788074366,1.7609301738250822,1.6821548816746572,1.4181855319381558,
255_p3conc_70.9_i14,BSA,Other,2.0,66.0,4.7,0.3,70.913,27.5,Histidine,6.0,15.0,none,0.0,none,0.0,none,0.0,none,0.0,0.85,0.9,2.0212456154306215,2.0066694458159686,1.762743762792194,1.7385743925636457,1.4575627536556766,
255_p3conc_76.1_i15,BSA,Other,2.0,66.0,4.7,0.3,76.1462,27.5,Histidine,6.0,15.0,none,0.0,none,0.0,none,0.0,none,0.0,0.85,0.9,2.1745324959405665,1.9378919866466702,1.891143670913535,1.7792148192517683,1.4985448894431992,
255_p3conc_91.7_i16,BSA,Other,2.0,66.0,4.7,0.3,91.6782,27.5,Histidine,6.0,15.0,none,0.0,none,0.0,none,0.0,none,0.0,0.85,0.9,2.317702872479603,2.3153228356656794,2.095661485597644,2.0594948390409287,1.6864628902303838,
237_p3conc_104.5_i17,BSA,Other,2.0,66.0,4.7,0.3,104.4658,27.5,Histidine,6.0,15.0,none,0.0,none,0.0,none,0.0,none,0.0,0.85,0.9,2.4371211356815685,2.3884334204161797,2.2785470186002597,2.1257328184499302,1.69968471861027,
237_p3conc_110.4_i18,BSA,Other,2.0,66.0,4.7,0.3,110.3784,27.5,Histidine,6.0,15.0,none,0.0,none,0.0,none,0.0,none,0.0,0.85,0.9,2.895791480332204,2.7006269479182503,2.212965607237861,2.212965607237861,1.8210497848838858,
237_p3conc_132.9_i19,BSA,Other,2.0,66.0,4.7,0.3,132.893,27.5,Histidine,6.0,15.0,none,0.0,none,0.0,none,0.0,none,0.0,0.85,0.9,3.379840486179223,2.797835311215432,2.797835311215432,2.379307752040677,2.092202620145561,
237_p3conc_169.2_i20,BSA,Other,2.0,66.0,4.7,0.3,169.2166,27.5,Histidine,6.0,15.0,none,0.0,none,0.0,none,0.0,none,0.0,0.85,0.9,4.0254989255192335,3.7816450363989857,3.231908963950994,3.20193002987898,2.4936151099077866,
237_p3conc_179.0_i21,BSA,Other,2.0,66.0,4.7,0.3,178.9641,27.5,Histidine,6.0,15.0,none,0.0,none,0.0,none,0.0,none,0.0,0.85,0.9,4.501731345382308,4.501731345382308,3.9799746309133917,3.1700683881272744,2.655716623555922,
237_p3conc_189.3_i22,BSA,Other,2.0,66.0,4.7,0.3,189.2731,27.5,Histidine,6.0,15.0,none,0.0,none,0.0,none,0.0,none,0.0,0.85,0.9,5.144936710693322,4.867769457543942,4.584249813344923,3.330389906873961,3.1114527910034306,
237_p3conc_200.2_i23,BSA,Other,2.0,66.0,4.7,0.3,200.176,27.5,Histidine,6.0,15.0,none,0.0,none,0.0,none,0.0,none,0.0,0.85,0.9,6.030311064623211,5.144707448028135,4.6985731207625365,3.706268350965169,3.293554424650463,
237_p3conc_211.7_i24,BSA,Other,2.0,66.0,4.7,0.3,211.7064,27.5,Histidine,6.0,15.0,none,0.0,none,0.0,none,0.0,none,0.0,0.85,0.9,6.76993433456229,6.626354042316015,5.923947288279851,4.30439981645516,4.098960076046247,
237_p3conc_223.9_i25,BSA,Other,2.0,66.0,4.7,0.3,223.9015,27.5,Histidine,6.0,15.0,none,0.0,none,0.0,none,0.0,none,0.0,0.85,0.9,7.1878119992873835,7.018803091471776,6.290222152913287,5.223580458260593,4.440290870642457,
237_p3conc_226.7_i26,BSA,Other,2.0,66.0,4.7,0.3,226.7091,27.5,Histidine,6.0,15.0,none,0.0,none,0.0,none,0.0,none,0.0,0.85,0.9,8.301939959719991,7.419096676712907,6.907206792449135,5.501182809723469,4.507897608433309,
237_p3conc_236.8_i27,BSA,Other,2.0,66.0,4.7,0.3,236.7991,27.5,Histidine,6.0,15.0,none,0.0,none,0.0,none,0.0,none,0.0,0.85,0.9,9.720318340976663,9.408966706520939,7.286154566816358,6.4529105218213,5.019466787681648,
237_p3conc_250.4_i28,BSA,Other,2.0,66.0,4.7,0.3,250.4396,27.5,Histidine,6.0,15.0,none,0.0,none,0.0,none,0.0,none,0.0,0.85,0.9,12.001118552629256,10.009790419336694,9.27515054521106,7.037951160761194,5.60146181295823,
237_p3conc_264.9_i29,BSA,Other,2.0,66.0,4.7,0.3,264.8659,27.5,Histidine,6.0,15.0,none,0.0,none,0.0,none,0.0,none,0.0,0.85,0.9,14.91997416188455,11.936603542342514,10.157397814597058,7.986628847223141,7.986628847223141,
234_p3conc_280.1_i30,BSA,Other,2.0,66.0,4.7,0.3,280.1231,27.5,Histidine,6.0,15.0,none,0.0,none,0.0,none,0.0,none,0.0,0.85,0.9,15.790992428794857,15.324740308261726,12.397674887632236,9.343650357663122,8.066541959912849,
234_p3conc_296.3_i31,BSA,Other,2.0,66.0,4.7,0.3,296.2593,27.5,Histidine,6.0,15.0,none,0.0,none,0.0,none,0.0,none,0.0,0.85,0.9,20.927831190960877,18.558862458144333,15.121931700334551,12.13162026551293,10.963391608673328,
234_p3conc_313.3_i32,BSA,Other,2.0,66.0,4.7,0.3,313.325,27.5,Histidine,6.0,15.0,none,0.0,none,0.0,none,0.0,none,0.0,0.85,0.9,26.04584880385329,24.398459847082027,19.223272276853606,14.181347969666733,12.508505061875251,
234_p3conc_331.4_i33,BSA,Other,2.0,66.0,4.7,0.3,331.3729,27.5,Histidine,6.0,15.0,none,0.0,none,0.0,none,0.0,none,0.0,0.85,0.9,29.660509010137996,28.976492195625198,24.212066261522736,16.780123114918165,15.729536089246583,
234_p3conc_334.0_i34,BSA,Other,2.0,66.0,4.7,0.3,333.9773,27.5,Histidine,6.0,15.0,none,0.0,none,0.0,none,0.0,none,0.0,0.85,0.9,34.98581340571597,29.292512426276872,23.680110743709616,17.04968999111146,15.79342812504627,
234_p3conc_350.5_i35,BSA,Other,2.0,66.0,4.7,0.3,350.4612,27.5,Histidine,6.0,15.0,none,0.0,none,0.0,none,0.0,none,0.0,0.85,0.9,41.4590583119566,35.84008743377839,28.10414059958598,21.006963929348743,19.409865101429958,
234_p3conc_370.6_i36,BSA,Other,2.0,66.0,4.7,0.3,370.6491,27.5,Histidine,6.0,15.0,none,0.0,none,0.0,none,0.0,none,0.0,0.85,0.9,49.65067491319447,46.33952523851857,38.46654161533975,23.971157448277594,22.03427544325718,
234_p3conc_414.9_i37,BSA,Other,2.0,66.0,4.7,0.3,414.912,27.5,Histidine,6.0,15.0,none,0.0,none,0.0,none,0.0,none,0.0,0.85,0.9,64.58087614009517,59.224669660285635,46.85796304879452,29.208744742134428,29.208744742134428,
234_p3conc_426.9_i38,BSA,Other,2.0,66.0,4.7,0.3,426.8654,27.5,Histidine,6.0,15.0,none,0.0,none,0.0,none,0.0,none,0.0,0.85,0.9,60.29252344247735,58.28425098734583,50.08464439796762,32.52017044080548,25.031686349788487,
234_p3conc_439.2_i39,BSA,Other,2.0,66.0,4.7,0.3,439.1633,27.5,Histidine,6.0,15.0,none,0.0,none,0.0,none,0.0,none,0.0,0.85,0.9,67.24713796900228,62.272454745185186,46.66060950556546,31.28726732944672,31.28726732944672,
234_p3conc_451.8_i40,BSA,Other,2.0,66.0,4.7,0.3,451.8143,27.5,Histidine,6.0,15.0,none,0.0,none,0.0,none,0.0,none,0.0,0.85,0.9,67.98817348368942,66.76556049263425,48.68983615966958,34.65503168067876,31.07815800893026,
234_p3conc_464.8_i41,BSA,Other,2.0,66.0,4.7,0.3,464.8309,27.5,Histidine,6.0,15.0,none,0.0,none,0.0,none,0.0,none,0.0,0.85,0.9,68.41354734442181,67.78193710426733,48.74423969364189,31.945664963274144,31.945664963274144,
234_p3conc_478.2_i42,BSA,Other,2.0,66.0,4.7,0.3,478.2225,27.5,Histidine,6.0,15.0,none,0.0,none,0.0,none,0.0,none,0.0,0.85,0.9,73.26845213832475,65.85655341140969,51.817589430765196,31.99677356937555,31.393369381942342,
254_p3conc_1.4_i0,BSA,Other,2.0,66.0,4.7,0.3,1.4196,27.5,Histidine,6.0,30.0,none,0.0,none,0.0,none,0.0,none,0.0,0.85,0.9,0.9688687628088454,0.91,0.91,0.91,0.91,
254_p3conc_2.0_i1,BSA,Other,2.0,66.0,4.7,0.3,2.0152,27.5,Histidine,6.0,30.0,none,0.0,none,0.0,none,0.0,none,0.0,0.85,0.9,0.91,0.91,0.91,0.91,0.91,
254_p3conc_2.9_i2,BSA,Other,2.0,66.0,4.7,0.3,2.8608,27.5,Histidine,6.0,30.0,none,0.0,none,0.0,none,0.0,none,0.0,0.85,0.9,1.0042953701809831,0.9511093568956929,0.9223692123173747,0.9223692123173747,0.91,
254_p3conc_4.1_i3,BSA,Other,2.0,66.0,4.7,0.3,4.0611,27.5,Histidine,6.0,30.0,none,0.0,none,0.0,none,0.0,none,0.0,0.85,0.9,1.0162723373062053,0.9153226275110794,0.91,0.91,0.91,
254_p3conc_5.8_i4,BSA,Other,2.0,66.0,4.7,0.3,5.765,27.5,Histidine,6.0,30.0,none,0.0,none,0.0,none,0.0,none,0.0,0.85,0.9,0.9137606578296349,0.913164928290669,0.913164928290669,0.91,0.91,
254_p3conc_8.2_i5,BSA,Other,2.0,66.0,4.7,0.3,8.184,27.5,Histidine,6.0,30.0,none,0.0,none,0.0,none,0.0,none,0.0,0.85,0.9,0.9947353224183071,0.9947353224183071,0.9947353224183071,0.9322916578713535,0.9322916578713535,
254_p3conc_11.6_i6,BSA,Other,2.0,66.0,4.7,0.3,11.6178,27.5,Histidine,6.0,30.0,none,0.0,none,0.0,none,0.0,none,0.0,0.85,0.9,0.9587787640713208,0.9587787640713208,0.9587787640713208,0.91,0.91,
254_p3conc_16.5_i7,BSA,Other,2.0,66.0,4.7,0.3,16.4924,27.5,Histidine,6.0,30.0,none,0.0,none,0.0,none,0.0,none,0.0,0.85,0.9,1.0869437172676712,1.0869437172676712,1.0869437172676712,0.9965505915132995,0.91,
256_p3conc_23.4_i8,BSA,Other,2.0,66.0,4.7,0.3,23.4123,27.5,Histidine,6.0,30.0,none,0.0,none,0.0,none,0.0,none,0.0,0.85,0.9,1.2735507813218572,1.2735507813218572,1.2735507813218572,1.1841907979379074,0.9744708407523335,
256_p3conc_29.8_i9,BSA,Other,2.0,66.0,4.7,0.3,29.7909,27.5,Histidine,6.0,30.0,none,0.0,none,0.0,none,0.0,none,0.0,0.85,0.9,1.3873605592792764,1.3873605592792764,1.3873605592792764,1.3512400388526167,1.1304867826996527,
256_p3conc_33.2_i10,BSA,Other,2.0,66.0,4.7,0.3,33.2358,27.5,Histidine,6.0,30.0,none,0.0,none,0.0,none,0.0,none,0.0,0.85,0.9,1.5654126800290258,1.5654126800290258,1.5654126800290258,1.48364816939893,1.2679821935217876,
256_p3conc_35.5_i11,BSA,Other,2.0,66.0,4.7,0.3,35.5001,27.5,Histidine,6.0,30.0,none,0.0,none,0.0,none,0.0,none,0.0,0.85,0.9,1.7458131875815868,1.7458131875815868,1.7169212614882086,1.5702370367232608,1.2909402541896133,
256_p3conc_42.3_i12,BSA,Other,2.0,66.0,4.7,0.3,42.3032,27.5,Histidine,6.0,30.0,none,0.0,none,0.0,none,0.0,none,0.0,0.85,0.9,1.9798843331430527,1.968070083777946,1.805143231902147,1.6837681926365087,1.400583408908488,
256_p3conc_47.2_i13,BSA,Other,2.0,66.0,4.7,0.3,47.1809,27.5,Histidine,6.0,30.0,none,0.0,none,0.0,none,0.0,none,0.0,0.85,0.9,2.130396069640364,2.130396069640364,1.9722829203898862,1.9221638669606818,1.462228197775068,
256_p3conc_50.4_i14,BSA,Other,2.0,66.0,4.7,0.3,50.4102,27.5,Histidine,6.0,30.0,none,0.0,none,0.0,none,0.0,none,0.0,0.85,0.9,2.3222122980500504,2.3222122980500504,1.969243910606503,1.8894941640521365,1.3956864783541219,
256_p3conc_60.1_i15,BSA,Other,2.0,66.0,4.7,0.3,60.0706,27.5,Histidine,6.0,30.0,none,0.0,none,0.0,none,0.0,none,0.0,0.85,0.9,2.260388523577743,2.23223521083932,2.23223521083932,2.159639703269475,1.7659993276671728,
256_p3conc_67.0_i16,BSA,Other,2.0,66.0,4.7,0.3,66.9772,27.5,Histidine,6.0,30.0,none,0.0,none,0.0,none,0.0,none,0.0,0.85,0.9,2.6918512465531026,2.6287679817502574,2.545565200836124,2.2309449686501712,1.8808461309328626,
256_p3conc_71.6_i17,BSA,Other,2.0,66.0,4.7,0.3,71.5824,27.5,Histidine,6.0,30.0,none,0.0,none,0.0,none,0.0,none,0.0,0.85,0.9,2.7295122881762635,2.7295122881762635,2.363289049485543,2.2014835771961834,1.9367042723267074,
256_p3conc_85.3_i18,BSA,Other,2.0,66.0,4.7,0.3,85.3004,27.5,Histidine,6.0,30.0,none,0.0,none,0.0,none,0.0,none,0.0,0.85,0.9,2.9410008307550677,2.7743623983877614,2.7743623983877614,2.5369203692988345,1.9619928704430882,
256_p3conc_95.1_i19,BSA,Other,2.0,66.0,4.7,0.3,95.0795,27.5,Histidine,6.0,30.0,none,0.0,none,0.0,none,0.0,none,0.0,0.85,0.9,3.463584113174622,3.34022451616262,3.041697971611088,2.7598899328697706,1.883523858234349,
241_p3conc_101.6_i20,BSA,Other,2.0,66.0,4.7,0.3,101.6471,27.5,Histidine,6.0,30.0,none,0.0,none,0.0,none,0.0,none,0.0,0.85,0.9,3.5294859525913482,3.095930814103665,2.9682856320754425,2.5340029391738694,1.9652117833657237,
241_p3conc_121.1_i21,BSA,Other,2.0,66.0,4.7,0.3,121.1267,27.5,Histidine,6.0,30.0,none,0.0,none,0.0,none,0.0,none,0.0,0.85,0.9,3.8831223492470035,3.6641616084754682,3.331873185608752,3.0810189099258785,2.211037051524385,
241_p3conc_135.0_i22,BSA,Other,2.0,66.0,4.7,0.3,134.9733,27.5,Histidine,6.0,30.0,none,0.0,none,0.0,none,0.0,none,0.0,0.85,0.9,3.968219717696333,3.666548216035757,3.60183605942608,2.961616850792057,2.264993163596596,
241_p3conc_144.3_i23,BSA,Other,2.0,66.0,4.7,0.3,144.3391,27.5,Histidine,6.0,30.0,none,0.0,none,0.0,none,0.0,none,0.0,0.85,0.9,4.146943855363317,3.9939383476468815,3.655611336111274,2.94918650376336,2.6750364638891018,
241_p3conc_182.1_i24,BSA,Other,2.0,66.0,4.7,0.3,182.1415,27.5,Histidine,6.0,30.0,none,0.0,none,0.0,none,0.0,none,0.0,0.85,0.9,4.568288285658653,4.378212574700023,3.8916246519413202,3.651399698392807,2.7132427359108418,
241_p3conc_191.6_i25,BSA,Other,2.0,66.0,4.7,0.3,191.6055,27.5,Histidine,6.0,30.0,none,0.0,none,0.0,none,0.0,none,0.0,0.85,0.9,4.351338588628994,4.351338588628994,4.211797513306046,3.958359268097044,2.7882355906662686,
241_p3conc_192.9_i26,BSA,Other,2.0,66.0,4.7,0.3,192.8808,27.5,Histidine,6.0,30.0,none,0.0,none,0.0,none,0.0,none,0.0,0.85,0.9,4.42150935361863,4.319272702216916,4.09149465168057,3.6199105400150846,2.813544085765164,
241_p3conc_204.3_i27,BSA,Other,2.0,66.0,4.7,0.3,204.2533,27.5,Histidine,6.0,30.0,none,0.0,none,0.0,none,0.0,none,0.0,0.85,0.9,4.92420521719827,4.730560854845733,4.274054152105887,3.7522353456188706,2.6305707907872575,
241_p3conc_216.3_i28,BSA,Other,2.0,66.0,4.7,0.3,216.2963,27.5,Histidine,6.0,30.0,none,0.0,none,0.0,none,0.0,none,0.0,0.85,0.9,4.708732504593609,4.708732504593609,4.553165875999785,3.593681394821537,2.979029884630541,
241_p3conc_229.0_i29,BSA,Other,2.0,66.0,4.7,0.3,229.0493,27.5,Histidine,6.0,30.0,none,0.0,none,0.0,none,0.0,none,0.0,0.85,0.9,5.081087540935767,5.081087540935767,4.630670541139422,4.182776625108144,2.8060422020468647,
241_p3conc_242.6_i30,BSA,Other,2.0,66.0,4.7,0.3,242.5543,27.5,Histidine,6.0,30.0,none,0.0,none,0.0,none,0.0,none,0.0,0.85,0.9,5.050795004707066,5.050795004707066,5.050795004707066,3.936864849361268,3.0067855615419625,
241_p3conc_256.9_i31,BSA,Other,2.0,66.0,4.7,0.3,256.8556,27.5,Histidine,6.0,30.0,none,0.0,none,0.0,none,0.0,none,0.0,0.85,0.9,5.688627324885134,5.210813780792824,5.210813780792824,3.9885185845902327,2.9981507599658928,
392_p3conc_1.4_i0,Belatacept,Fc-Fusion,4.5,90.0,5.6,0.5,1.3968,25.0,Histidine,6.0,15.0,none,0.0,none,0.0,none,0.0,none,0.0,1.4,1.5,0.9595701655322599,0.9579688544982392,0.91,0.91,0.91,
392_p3conc_2.0_i1,Belatacept,Fc-Fusion,4.5,90.0,5.6,0.5,1.9511,25.0,Histidine,6.0,15.0,none,0.0,none,0.0,none,0.0,none,0.0,1.4,1.5,1.0430690129676874,1.0430690129676874,0.9250644821340426,0.91,0.91,
392_p3conc_2.7_i2,Belatacept,Fc-Fusion,4.5,90.0,5.6,0.5,2.7253,25.0,Histidine,6.0,15.0,none,0.0,none,0.0,none,0.0,none,0.0,1.4,1.5,1.021705578077684,1.0071958521928717,0.9150465914260553,0.9150465914260553,0.9150465914260553,
392_p3conc_3.8_i3,Belatacept,Fc-Fusion,4.5,90.0,5.6,0.5,3.8068,25.0,Histidine,6.0,15.0,none,0.0,none,0.0,none,0.0,none,0.0,1.4,1.5,1.1720671116026506,1.0660934048197124,0.9905955541730652,0.9905955541730652,0.91,
392_p3conc_5.3_i4,Belatacept,Fc-Fusion,4.5,90.0,5.6,0.5,5.3173,25.0,Histidine,6.0,15.0,none,0.0,none,0.0,none,0.0,none,0.0,1.4,1.5,1.2752048806968455,1.256437734097754,0.9329103072808529,0.9329103072808529,0.91,
392_p3conc_7.4_i5,Belatacept,Fc-Fusion,4.5,90.0,5.6,0.5,7.4273,25.0,Histidine,6.0,15.0,none,0.0,none,0.0,none,0.0,none,0.0,1.4,1.5,1.3594660464409503,1.3572017354981936,0.9695902677284434,0.9695902677284434,0.9653676958076596,
392_p3conc_10.4_i6,Belatacept,Fc-Fusion,4.5,90.0,5.6,0.5,10.3746,25.0,Histidine,6.0,15.0,none,0.0,none,0.0,none,0.0,none,0.0,1.4,1.5,1.3302881715743382,1.3302881715743382,1.121469112776885,1.063380459339778,0.9155529032440959,
392_p3conc_14.5_i7,Belatacept,Fc-Fusion,4.5,90.0,5.6,0.5,14.4914,25.0,Histidine,6.0,15.0,none,0.0,none,0.0,none,0.0,none,0.0,1.4,1.5,1.6420763782109977,1.6241136279028976,1.139099869531881,1.0173320592694415,0.91,
392_p3conc_28.0_i8,Belatacept,Fc-Fusion,4.5,90.0,5.6,0.5,28.0204,25.0,Histidine,6.0,15.0,none,0.0,none,0.0,none,0.0,none,0.0,1.4,1.5,1.8174647331433018,1.8174647331433018,1.322936138997064,1.1708600995996956,1.1708600995996956,
392_p3conc_28.3_i9,Belatacept,Fc-Fusion,4.5,90.0,5.6,0.5,28.274,25.0,Histidine,6.0,15.0,none,0.0,none,0.0,none,0.0,none,0.0,1.4,1.5,1.8039384716095161,1.8039384716095161,1.3058985476466087,1.2031988012827597,1.1147001414525646,
388_p3conc_39.3_i10,Belatacept,Fc-Fusion,4.5,90.0,5.6,0.5,39.2571,25.0,Histidine,6.0,15.0,none,0.0,none,0.0,none,0.0,none,0.0,1.4,1.5,1.9955538832366349,1.9199599207382967,1.7032956043837657,1.4901461924366144,1.4901461924366144,
388_p3conc_39.5_i11,Belatacept,Fc-Fusion,4.5,90.0,5.6,0.5,39.4935,25.0,Histidine,6.0,15.0,none,0.0,none,0.0,none,0.0,none,0.0,1.4,1.5,2.0186375233602685,1.984328534010891,1.7373950627008137,1.5073326723947718,1.5073326723947718,
387_p3conc_77.1_i12,Belatacept,Fc-Fusion,4.5,90.0,5.6,0.5,77.0554,25.0,Histidine,6.0,15.0,none,0.0,none,0.0,none,0.0,none,0.0,1.4,1.5,4.683107907096954,4.463469604230402,4.243523563997347,3.5792020132384805,1.6790381075990468,
387_p3conc_78.4_i13,Belatacept,Fc-Fusion,4.5,90.0,5.6,0.5,78.374,25.0,Histidine,6.0,15.0,none,0.0,none,0.0,none,0.0,none,0.0,1.4,1.5,4.856587623559476,4.691516658960439,4.691516658960439,3.9422155887247317,1.9321991248232417,
387_p3conc_87.7_i14,Belatacept,Fc-Fusion,4.5,90.0,5.6,0.5,87.7496,25.0,Histidine,6.0,15.0,none,0.0,none,0.0,none,0.0,none,0.0,1.4,1.5,5.812962511698926,5.66287911435131,5.66287911435131,4.759055309603528,2.2645719318029682,
421_p3conc_98.2_i15,Belatacept,Fc-Fusion,4.5,90.0,5.6,0.5,98.2469,25.0,Histidine,6.0,15.0,none,0.0,none,0.0,none,0.0,none,0.0,1.4,1.5,5.955599089635305,5.955599089635305,5.955599089635305,5.845219488252173,2.599906687598928,
421_p3conc_119.3_i16,Belatacept,Fc-Fusion,4.5,90.0,5.6,0.5,119.2603,25.0,Histidine,6.0,15.0,none,0.0,none,0.0,none,0.0,none,0.0,1.4,1.5,7.726222890347075,7.726222890347075,7.726222890347075,6.983451316352964,3.591553061731491,
421_p3conc_129.3_i17,Belatacept,Fc-Fusion,4.5,90.0,5.6,0.5,129.3001,25.0,Histidine,6.0,15.0,none,0.0,none,0.0,none,0.0,none,0.0,1.4,1.5,8.513002889987892,8.513002889987892,8.513002889987892,7.434436540607075,3.8680992492952933,
421_p3conc_140.2_i18,Belatacept,Fc-Fusion,4.5,90.0,5.6,0.5,140.1855,25.0,Histidine,6.0,15.0,none,0.0,none,0.0,none,0.0,none,0.0,1.4,1.5,7.947895806046762,7.947895806046762,7.947895806046762,7.947895806046762,3.827300195415747,
421_p3conc_150.3_i19,Belatacept,Fc-Fusion,4.5,90.0,5.6,0.5,150.3422,25.0,Histidine,6.0,15.0,none,0.0,none,0.0,none,0.0,none,0.0,1.4,1.5,9.135548977336683,9.135548977336683,9.135548977336683,9.135548977336683,3.8007929061548276,
421_p3conc_152.0_i20,Belatacept,Fc-Fusion,4.5,90.0,5.6,0.5,151.9868,25.0,Histidine,6.0,15.0,none,0.0,none,0.0,none,0.0,none,0.0,1.4,1.5,8.805533250017982,8.805533250017982,8.805533250017982,8.805533250017982,3.856673880048625,
421_p3conc_164.8_i21,Belatacept,Fc-Fusion,4.5,90.0,5.6,0.5,164.7817,25.0,Histidine,6.0,15.0,none,0.0,none,0.0,none,0.0,none,0.0,1.4,1.5,10.521606600325468,9.546694971576015,9.546694971576015,9.546694971576015,4.242113005763944,
421_p3conc_178.7_i22,Belatacept,Fc-Fusion,4.5,90.0,5.6,0.5,178.6541,25.0,Histidine,6.0,15.0,none,0.0,none,0.0,none,0.0,none,0.0,1.4,1.5,11.421265705707274,11.421265705707274,11.421265705707274,10.492650409102803,4.5314547544142965,
421_p3conc_193.7_i23,Belatacept,Fc-Fusion,4.5,90.0,5.6,0.5,193.6939,25.0,Histidine,6.0,15.0,none,0.0,none,0.0,none,0.0,none,0.0,1.4,1.5,11.561588037898057,11.453555052640954,11.453555052640954,11.453555052640954,4.617915973225827,
389_p3conc_1.4_i0,Belatacept,Fc-Fusion,4.5,90.0,5.6,0.5,1.3706,25.0,Histidine,6.0,30.0,none,0.0,none,0.0,none,0.0,none,0.0,1.4,1.5,0.9972181082509722,0.985651581035023,0.927901563920898,0.927901563920898,0.91,
389_p3conc_1.9_i1,Belatacept,Fc-Fusion,4.5,90.0,5.6,0.5,1.8784,25.0,Histidine,6.0,30.0,none,0.0,none,0.0,none,0.0,none,0.0,1.4,1.5,1.0533148410150823,1.0533148410150823,1.0533148410150823,0.9770654295425513,0.9740039835872977,
389_p3conc_2.2_i2,Belatacept,Fc-Fusion,4.5,90.0,5.6,0.5,2.2288,25.0,Histidine,6.0,30.0,none,0.0,none,0.0,none,0.0,none,0.0,1.4,1.5,1.0845892207510033,1.047286447365654,0.979504510173691,0.979504510173691,0.979504510173691,
389_p3conc_2.6_i3,Belatacept,Fc-Fusion,4.5,90.0,5.6,0.5,2.5745,25.0,Histidine,6.0,30.0,none,0.0,none,0.0,none,0.0,none,0.0,1.4,1.5,1.1577752981656149,1.1577752981656149,1.1085943727867733,1.1085943727867733,1.0930015528448052,
389_p3conc_3.5_i4,Belatacept,Fc-Fusion,4.5,90.0,5.6,0.5,3.5284,25.0,Histidine,6.0,30.0,none,0.0,none,0.0,none,0.0,none,0.0,1.4,1.5,1.0690713665174358,1.0690713665174358,1.0690713665174358,1.0690713665174358,1.0690713665174358,
389_p3conc_4.8_i5,Belatacept,Fc-Fusion,4.5,90.0,5.6,0.5,4.8359,25.0,Histidine,6.0,30.0,none,0.0,none,0.0,none,0.0,none,0.0,1.4,1.5,1.271616206155261,1.2393666948441633,1.2393666948441633,1.1801929025609041,1.106753955325388,
389_p3conc_5.0_i6,Belatacept,Fc-Fusion,4.5,90.0,5.6,0.5,4.9676,25.0,Histidine,6.0,30.0,none,0.0,none,0.0,none,0.0,none,0.0,1.4,1.5,1.2197410061154095,1.2197410061154095,1.2114941546236258,1.196834229350352,1.1770166004560152,
389_p3conc_6.6_i7,Belatacept,Fc-Fusion,4.5,90.0,5.6,0.5,6.6279,25.0,Histidine,6.0,30.0,none,0.0,none,0.0,none,0.0,none,0.0,1.4,1.5,1.2820422474569877,1.2820422474569877,1.2820422474569877,1.2484198522325192,1.1873894927984887,
389_p3conc_9.1_i8,Belatacept,Fc-Fusion,4.5,90.0,5.6,0.5,9.0839,25.0,Histidine,6.0,30.0,none,0.0,none,0.0,none,0.0,none,0.0,1.4,1.5,1.3626323102686155,1.3626323102686155,1.3626323102686155,1.2967164099545412,1.2659497058566662,
389_p3conc_11.1_i9,Belatacept,Fc-Fusion,4.5,90.0,5.6,0.5,11.0718,25.0,Histidine,6.0,30.0,none,0.0,none,0.0,none,0.0,none,0.0,1.4,1.5,1.4931410488908035,1.3359929149087582,1.3359929149087582,1.3359929149087582,1.3359929149087582,
389_p3conc_12.4_i10,Belatacept,Fc-Fusion,4.5,90.0,5.6,0.5,12.4499,25.0,Histidine,6.0,30.0,none,0.0,none,0.0,none,0.0,none,0.0,1.4,1.5,1.5736212009162147,1.440316009608529,1.440316009608529,1.440316009608529,1.3039361338290314,
389_p3conc_17.1_i11,Belatacept,Fc-Fusion,4.5,90.0,5.6,0.5,17.0633,25.0,Histidine,6.0,30.0,none,0.0,none,0.0,none,0.0,none,0.0,1.4,1.5,1.7072743046303298,1.5893413447566547,1.5893413447566547,1.5893413447566547,1.4197127401499618,
389_p3conc_23.4_i12,Belatacept,Fc-Fusion,4.5,90.0,5.6,0.5,23.3861,25.0,Histidine,6.0,30.0,none,0.0,none,0.0,none,0.0,none,0.0,1.4,1.5,1.6518780425685677,1.6518780425685677,1.6518780425685677,1.5505557216440322,1.356576399991472,
389_p3conc_24.7_i13,Belatacept,Fc-Fusion,4.5,90.0,5.6,0.5,24.6769,25.0,Histidine,6.0,30.0,none,0.0,none,0.0,none,0.0,none,0.0,1.4,1.5,1.594349989640831,1.594349989640831,1.594349989640831,1.594349989640831,1.5138850736320588,
389_p3conc_32.1_i14,Belatacept,Fc-Fusion,4.5,90.0,5.6,0.5,32.0518,25.0,Histidine,6.0,30.0,none,0.0,none,0.0,none,0.0,none,0.0,1.4,1.5,1.8028082082701424,1.8028082082701424,1.7744029760474982,1.7196296909897117,1.5839638131660294,
389_p3conc_43.9_i15,Belatacept,Fc-Fusion,4.5,90.0,5.6,0.5,43.9288,25.0,Histidine,6.0,30.0,none,0.0,none,0.0,none,0.0,none,0.0,1.4,1.5,1.9678579015111073,1.9678579015111073,1.9678579015111073,1.940046964502816,1.5961768772794573,
389_p3conc_60.2_i16,Belatacept,Fc-Fusion,4.5,90.0,5.6,0.5,60.2067,25.0,Histidine,6.0,30.0,none,0.0,none,0.0,none,0.0,none,0.0,1.4,1.5,2.037353778559963,2.037353778559963,2.037353778559963,1.9743467975338171,1.6119871853316128,
389_p3conc_62.6_i17,Belatacept,Fc-Fusion,4.5,90.0,5.6,0.5,62.605,25.0,Histidine,6.0,30.0,none,0.0,none,0.0,none,0.0,none,0.0,1.4,1.5,2.0257458729199356,2.0257458729199356,2.008637614570197,2.008637614570197,1.7172426955912181,
389_p3conc_71.3_i18,Belatacept,Fc-Fusion,4.5,90.0,5.6,0.5,71.2615,25.0,Histidine,6.0,30.0,none,0.0,none,0.0,none,0.0,none,0.0,1.4,1.5,2.169892341563345,1.980155692519295,1.980155692519295,1.897938793782442,1.7800872742271117,
389_p3conc_81.1_i19,Belatacept,Fc-Fusion,4.5,90.0,5.6,0.5,81.115,25.0,Histidine,6.0,30.0,none,0.0,none,0.0,none,0.0,none,0.0,1.4,1.5,2.1484862345058136,2.1405635567170305,2.1405635567170305,2.079729560025267,1.64718901268702,
389_p3conc_82.5_i20,Belatacept,Fc-Fusion,4.5,90.0,5.6,0.5,82.5163,25.0,Histidine,6.0,30.0,none,0.0,none,0.0,none,0.0,none,0.0,1.4,1.5,2.3779033943495795,2.2046421742548983,2.2046421742548983,2.007487233601221,1.65456377076015,
389_p3conc_92.3_i21,Belatacept,Fc-Fusion,4.5,90.0,5.6,0.5,92.3309,25.0,Histidine,6.0,30.0,none,0.0,none,0.0,none,0.0,none,0.0,1.4,1.5,2.355347749719541,2.30749921124884,2.194061771210753,2.1695956340013076,1.7742274377401963,
389_p3conc_105.1_i22,Belatacept,Fc-Fusion,4.5,90.0,5.6,0.5,105.0976,25.0,Histidine,6.0,30.0,none,0.0,none,0.0,none,0.0,none,0.0,1.4,1.5,2.3457257943639154,2.3457257943639154,2.170649524073469,1.9739248803704617,1.6914517576743047,
389_p3conc_113.1_i23,Belatacept,Fc-Fusion,4.5,90.0,5.6,0.5,113.0931,25.0,Histidine,6.0,30.0,none,0.0,none,0.0,none,0.0,none,0.0,1.4,1.5,2.4125474486032936,2.333578029264388,2.333578029264388,2.064021118153459,1.9686345320144147,
389_p3conc_119.6_i24,Belatacept,Fc-Fusion,4.5,90.0,5.6,0.5,119.6297,25.0,Histidine,6.0,30.0,none,0.0,none,0.0,none,0.0,none,0.0,1.4,1.5,2.6312930487619397,2.501076354058169,2.2387373535585695,2.1294886511587388,1.9098361271252153,
389_p3conc_136.2_i25,Belatacept,Fc-Fusion,4.5,90.0,5.6,0.5,136.1714,25.0,Histidine,6.0,30.0,none,0.0,none,0.0,none,0.0,none,0.0,1.4,1.5,2.4582816003785584,2.4582816003785584,2.4582816003785584,2.434534490616514,1.8180963298981605,
177_p3conc_1.4_i0,Bevacizumab,mAb_IgG1,3.0,149.0,8.3,0.3,1.4107,27.5,Acetate,5.0,20.0,none,0.0,none,0.0,none,0.0,none,0.0,1.0,1.0,0.9150459624128693,0.91,0.91,0.91,0.91,
177_p3conc_2.0_i1,Bevacizumab,mAb_IgG1,3.0,149.0,8.3,0.3,1.9901,27.5,Acetate,5.0,20.0,none,0.0,none,0.0,none,0.0,none,0.0,1.0,1.0,0.91,0.91,0.91,0.91,0.91,
177_p3conc_2.1_i2,Bevacizumab,mAb_IgG1,3.0,149.0,8.3,0.3,2.0536,27.5,Acetate,5.0,20.0,none,0.0,none,0.0,none,0.0,none,0.0,1.0,1.0,0.91,0.91,0.91,0.91,0.91,
177_p3conc_2.8_i3,Bevacizumab,mAb_IgG1,3.0,149.0,8.3,0.3,2.8074,27.5,Acetate,5.0,20.0,none,0.0,none,0.0,none,0.0,none,0.0,1.0,1.0,0.91,0.91,0.91,0.91,0.91,
177_p3conc_4.0_i4,Bevacizumab,mAb_IgG1,3.0,149.0,8.3,0.3,3.9604,27.5,Acetate,5.0,20.0,none,0.0,none,0.0,none,0.0,none,0.0,1.0,1.0,0.9737084195075888,0.9198322501311356,0.9198322501311356,0.9198322501311356,0.9198322501311356,
177_p3conc_4.2_i5,Bevacizumab,mAb_IgG1,3.0,149.0,8.3,0.3,4.2172,27.5,Acetate,5.0,20.0,none,0.0,none,0.0,none,0.0,none,0.0,1.0,1.0,0.9589658598383906,0.9320124292118398,0.9320124292118398,0.9320124292118398,0.91,
177_p3conc_5.6_i6,Bevacizumab,mAb_IgG1,3.0,149.0,8.3,0.3,5.5868,27.5,Acetate,5.0,20.0,none,0.0,none,0.0,none,0.0,none,0.0,1.0,1.0,1.0124696993453552,0.9470232867347759,0.9424208205976186,0.9424208205976186,0.9191345188126541,
177_p3conc_7.9_i7,Bevacizumab,mAb_IgG1,3.0,149.0,8.3,0.3,7.8814,27.5,Acetate,5.0,20.0,none,0.0,none,0.0,none,0.0,none,0.0,1.0,1.0,0.9980778453762582,0.9937931265524188,0.91,0.91,0.91,
177_p3conc_8.7_i8,Bevacizumab,mAb_IgG1,3.0,149.0,8.3,0.3,8.6603,27.5,Acetate,5.0,20.0,none,0.0,none,0.0,none,0.0,none,0.0,1.0,1.0,0.9310696000198738,0.9310696000198738,0.9310696000198738,0.9310696000198738,0.91,
177_p3conc_11.1_i9,Bevacizumab,mAb_IgG1,3.0,149.0,8.3,0.3,11.1182,27.5,Acetate,5.0,20.0,none,0.0,none,0.0,none,0.0,none,0.0,1.0,1.0,0.9811169322228002,0.9811169322228002,0.9811169322228002,0.9811169322228002,0.922564366810012,
177_p3conc_15.7_i10,Bevacizumab,mAb_IgG1,3.0,149.0,8.3,0.3,15.6844,27.5,Acetate,5.0,20.0,none,0.0,none,0.0,none,0.0,none,0.0,1.0,1.0,1.1305320322676589,1.0420947332873145,1.0420947332873145,0.9455952911112718,0.9455952911112718,
177_p3conc_17.8_i11,Bevacizumab,mAb_IgG1,3.0,149.0,8.3,0.3,17.7845,27.5,Acetate,5.0,20.0,none,0.0,none,0.0,none,0.0,none,0.0,1.0,1.0,1.1143423577806064,1.03716990584337,1.03716990584337,0.9944971346992771,0.9944971346992771,
177_p3conc_22.1_i12,Bevacizumab,mAb_IgG1,3.0,149.0,8.3,0.3,22.1259,27.5,Acetate,5.0,20.0,none,0.0,none,0.0,none,0.0,none,0.0,1.0,1.0,1.114992639038035,1.0052819672786975,1.0052819672786975,1.0052819672786975,0.9232022636798722,
177_p3conc_31.2_i13,Bevacizumab,mAb_IgG1,3.0,149.0,8.3,0.3,31.2129,27.5,Acetate,5.0,20.0,none,0.0,none,0.0,none,0.0,none,0.0,1.0,1.0,1.2479012981217934,1.1880571698909708,1.1880571698909708,1.0022951286940887,1.0022951286940887,
177_p3conc_36.5_i14,Bevacizumab,mAb_IgG1,3.0,149.0,8.3,0.3,36.5217,27.5,Acetate,5.0,20.0,none,0.0,none,0.0,none,0.0,none,0.0,1.0,1.0,1.2614049908691634,1.111416059191674,1.111416059191674,1.111416059191674,0.9548738588352045,
177_p3conc_44.0_i15,Bevacizumab,mAb_IgG1,3.0,149.0,8.3,0.3,44.032,27.5,Acetate,5.0,20.0,none,0.0,none,0.0,none,0.0,none,0.0,1.0,1.0,1.162905042928003,1.162905042928003,1.162905042928003,1.162905042928003,1.0686881439215377,
177_p3conc_62.1_i16,Bevacizumab,mAb_IgG1,3.0,149.0,8.3,0.3,62.1156,27.5,Acetate,5.0,20.0,none,0.0,none,0.0,none,0.0,none,0.0,1.0,1.0,1.4825375184277423,1.3510219646258077,1.3510219646258077,1.179475368522767,1.1076707295947974,
177_p3conc_83.8_i17,Bevacizumab,mAb_IgG1,3.0,149.0,8.3,0.3,83.8064,27.5,Acetate,5.0,20.0,none,0.0,none,0.0,none,0.0,none,0.0,1.0,1.0,1.5066117498666045,1.5066117498666045,1.4601050930280228,1.2927342710658658,1.1813575265138552,
177_p3conc_87.6_i18,Bevacizumab,mAb_IgG1,3.0,149.0,8.3,0.3,87.6264,27.5,Acetate,5.0,20.0,none,0.0,none,0.0,none,0.0,none,0.0,1.0,1.0,1.557666349196543,1.4519377849724175,1.4519377849724175,1.358973457434165,1.1268957412490044,
177_p3conc_93.6_i19,Bevacizumab,mAb_IgG1,3.0,149.0,8.3,0.3,93.6466,27.5,Acetate,5.0,20.0,none,0.0,none,0.0,none,0.0,none,0.0,1.0,1.0,1.7080437027156194,1.6696880323900043,1.6696880323900043,1.42863416333138,1.291010278407083,
177_p3conc_104.6_i20,Bevacizumab,mAb_IgG1,3.0,149.0,8.3,0.3,104.6422,27.5,Acetate,5.0,20.0,none,0.0,none,0.0,none,0.0,none,0.0,1.0,1.0,1.9551306435213534,1.9551306435213534,1.8238690600076597,1.6041742208367167,1.2714411908905243,
171_p3conc_116.9_i21,Bevacizumab,mAb_IgG1,3.0,149.0,8.3,0.3,116.9289,27.5,Acetate,5.0,20.0,none,0.0,none,0.0,none,0.0,none,0.0,1.0,1.0,2.2620831574863742,2.1556211305137296,2.1161441109666383,1.7427184766228716,1.315228363996272,
171_p3conc_123.6_i22,Bevacizumab,mAb_IgG1,3.0,149.0,8.3,0.3,123.6141,27.5,Acetate,5.0,20.0,none,0.0,none,0.0,none,0.0,none,0.0,1.0,1.0,2.561457867307199,2.4336079636453634,2.3479256572423366,2.0250078988971683,1.4898213949618513,
171_p3conc_130.7_i23,Bevacizumab,mAb_IgG1,3.0,149.0,8.3,0.3,130.6586,27.5,Acetate,5.0,20.0,none,0.0,none,0.0,none,0.0,none,0.0,1.0,1.0,2.6000127243806612,2.6000127243806612,2.6000127243806612,2.436228530225329,1.6136576582238984,
171_p3conc_155.8_i24,Bevacizumab,mAb_IgG1,3.0,149.0,8.3,0.3,155.8389,27.5,Acetate,5.0,20.0,none,0.0,none,0.0,none,0.0,none,0.0,1.0,1.0,3.543985964862045,3.394926860727197,3.364660745728937,2.847826122193819,1.883914344390293,
171_p3conc_166.3_i25,Bevacizumab,mAb_IgG1,3.0,149.0,8.3,0.3,166.3405,27.5,Acetate,5.0,20.0,none,0.0,none,0.0,none,0.0,none,0.0,1.0,1.0,4.016275010279323,3.706707332312853,3.5880080025664656,3.1712638455734674,1.7564119308836619,
171_p3conc_174.4_i26,Bevacizumab,mAb_IgG1,3.0,149.0,8.3,0.3,174.3821,27.5,Acetate,5.0,20.0,none,0.0,none,0.0,none,0.0,none,0.0,1.0,1.0,4.0290699402312775,4.0290699402312775,3.966553000903407,3.014098588278831,1.93827025387103,
171_p3conc_177.6_i27,Bevacizumab,mAb_IgG1,3.0,149.0,8.3,0.3,177.5501,27.5,Acetate,5.0,20.0,none,0.0,none,0.0,none,0.0,none,0.0,1.0,1.0,4.454362705276051,4.243939268358329,4.243939268358329,3.1238020498223227,2.018734918986109,
171_p3conc_189.5_i28,Bevacizumab,mAb_IgG1,3.0,149.0,8.3,0.3,189.5152,27.5,Acetate,5.0,20.0,none,0.0,none,0.0,none,0.0,none,0.0,1.0,1.0,4.505346357528214,4.505346357528214,4.505346357528214,3.584667328482475,1.973112474325726,
171_p3conc_202.3_i29,Bevacizumab,mAb_IgG1,3.0,149.0,8.3,0.3,202.2865,27.5,Acetate,5.0,20.0,none,0.0,none,0.0,none,0.0,none,0.0,1.0,1.0,5.014794099843585,5.014794099843585,5.014794099843585,4.085548119241249,2.2255921056525696,
171_p3conc_215.9_i30,Bevacizumab,mAb_IgG1,3.0,149.0,8.3,0.3,215.9186,27.5,Acetate,5.0,20.0,none,0.0,none,0.0,none,0.0,none,0.0,1.0,1.0,5.025252999853507,4.9365892934627205,4.9365892934627205,4.313616761293959,2.3658842837024614,
171_p3conc_230.5_i31,Bevacizumab,mAb_IgG1,3.0,149.0,8.3,0.3,230.4687,27.5,Acetate,5.0,20.0,none,0.0,none,0.0,none,0.0,none,0.0,1.0,1.0,5.828006605556146,5.745249125539407,5.745249125539407,4.575162195368624,2.366587430370409,
173_p3conc_1.4_i0,Bevacizumab,mAb_IgG1,3.0,149.0,8.3,0.3,1.407,27.5,Histidine,6.0,15.0,none,0.0,none,0.0,none,0.0,none,0.0,1.0,1.0,0.9618680681630616,0.91,0.91,0.91,0.91,
173_p3conc_1.8_i1,Bevacizumab,mAb_IgG1,3.0,149.0,8.3,0.3,1.7783,27.5,Histidine,6.0,15.0,none,0.0,none,0.0,none,0.0,none,0.0,1.0,1.0,1.050132959460202,0.9174008494640985,0.9174008494640985,0.9174008494640985,0.91,
173_p3conc_2.0_i2,Bevacizumab,mAb_IgG1,3.0,149.0,8.3,0.3,1.9798,27.5,Histidine,6.0,15.0,none,0.0,none,0.0,none,0.0,none,0.0,1.0,1.0,1.046897366865535,0.91,0.91,0.91,0.91,
173_p3conc_2.8_i3,Bevacizumab,mAb_IgG1,3.0,149.0,8.3,0.3,2.7856,27.5,Histidine,6.0,15.0,none,0.0,none,0.0,none,0.0,none,0.0,1.0,1.0,1.1732203321447399,0.9510026666203075,0.9510026666203075,0.9510026666203075,0.91,
173_p3conc_3.2_i4,Bevacizumab,mAb_IgG1,3.0,149.0,8.3,0.3,3.1623,27.5,Histidine,6.0,15.0,none,0.0,none,0.0,none,0.0,none,0.0,1.0,1.0,1.2745353758577154,1.056523401881061,0.9924954474190866,0.9555610479940184,0.9179563540826385,
173_p3conc_3.9_i5,Bevacizumab,mAb_IgG1,3.0,149.0,8.3,0.3,3.9195,27.5,Histidine,6.0,15.0,none,0.0,none,0.0,none,0.0,none,0.0,1.0,1.0,1.3578061768893714,0.9845064551713835,0.9845064551713835,0.9845064551713835,0.9481296998015883,
173_p3conc_5.5_i6,Bevacizumab,mAb_IgG1,3.0,149.0,8.3,0.3,5.5149,27.5,Histidine,6.0,15.0,none,0.0,none,0.0,none,0.0,none,0.0,1.0,1.0,1.3515922871473034,1.1162379895612895,1.053619416887072,1.0154887650363245,0.9596277968328906,
173_p3conc_5.6_i7,Bevacizumab,mAb_IgG1,3.0,149.0,8.3,0.3,5.6234,27.5,Histidine,6.0,15.0,none,0.0,none,0.0,none,0.0,none,0.0,1.0,1.0,1.4522415241565492,1.0844608749258884,0.9329910003248103,0.9329910003248103,0.9329910003248103,
173_p3conc_7.8_i8,Bevacizumab,mAb_IgG1,3.0,149.0,8.3,0.3,7.7596,27.5,Histidine,6.0,15.0,none,0.0,none,0.0,none,0.0,none,0.0,1.0,1.0,1.5112869064679084,1.2680895938099268,1.063332264383269,1.063332264383269,0.9833578911410314,
173_p3conc_10.0_i9,Bevacizumab,mAb_IgG1,3.0,149.0,8.3,0.3,10.0,27.5,Histidine,6.0,15.0,none,0.0,none,0.0,none,0.0,none,0.0,1.0,1.0,1.5801159388394366,1.285361584173577,1.140845734346416,1.140845734346416,0.9846193929747227,
173_p3conc_10.9_i10,Bevacizumab,mAb_IgG1,3.0,149.0,8.3,0.3,10.9181,27.5,Histidine,6.0,15.0,none,0.0,none,0.0,none,0.0,none,0.0,1.0,1.0,1.6864695190092076,1.3321751324374371,1.2356917306583133,1.2356917306583133,1.0020863508793596,
173_p3conc_15.4_i11,Bevacizumab,mAb_IgG1,3.0,149.0,8.3,0.3,15.3623,27.5,Histidine,6.0,15.0,none,0.0,none,0.0,none,0.0,none,0.0,1.0,1.0,1.8046594350738383,1.307945547496137,1.307945547496137,1.307945547496137,1.0855922972230347,
173_p3conc_17.8_i12,Bevacizumab,mAb_IgG1,3.0,149.0,8.3,0.3,17.7828,27.5,Histidine,6.0,15.0,none,0.0,none,0.0,none,0.0,none,0.0,1.0,1.0,1.9604773698109488,1.4966520721514323,1.34920736095756,1.34920736095756,1.0513103454669053,
173_p3conc_21.6_i13,Bevacizumab,mAb_IgG1,3.0,149.0,8.3,0.3,21.6154,27.5,Histidine,6.0,15.0,none,0.0,none,0.0,none,0.0,none,0.0,1.0,1.0,1.926651296808403,1.7059778087689887,1.4351728936900292,1.4351728936900292,1.213105305395226,
173_p3conc_30.4_i14,Bevacizumab,mAb_IgG1,3.0,149.0,8.3,0.3,30.4138,27.5,Histidine,6.0,15.0,none,0.0,none,0.0,none,0.0,none,0.0,1.0,1.0,2.0670739977500583,1.8611101976833073,1.4502252898224843,1.4502252898224843,1.158751676781039,
173_p3conc_31.6_i15,Bevacizumab,mAb_IgG1,3.0,149.0,8.3,0.3,31.6228,27.5,Histidine,6.0,15.0,none,0.0,none,0.0,none,0.0,none,0.0,1.0,1.0,2.1000620575552804,1.7423140079962782,1.5884459168744123,1.5884459168744123,1.0958092567000297,
173_p3conc_42.8_i16,Bevacizumab,mAb_IgG1,3.0,149.0,8.3,0.3,42.7934,27.5,Histidine,6.0,15.0,none,0.0,none,0.0,none,0.0,none,0.0,1.0,1.0,2.340423653572028,1.8720078809484464,1.6281869992092652,1.6281869992092652,1.257845033466156,
173_p3conc_56.2_i17,Bevacizumab,mAb_IgG1,3.0,149.0,8.3,0.3,56.2341,27.5,Histidine,6.0,15.0,none,0.0,none,0.0,none,0.0,none,0.0,1.0,1.0,2.7384455426409873,2.410949332948711,1.9275173176141926,1.9187088714067044,1.286296394530906,
173_p3conc_60.2_i18,Bevacizumab,mAb_IgG1,3.0,149.0,8.3,0.3,60.2121,27.5,Histidine,6.0,15.0,none,0.0,none,0.0,none,0.0,none,0.0,1.0,1.0,2.7098431417407833,2.109873947773503,2.109873947773503,1.7740805902197554,1.3414225282731151,
173_p3conc_84.7_i19,Bevacizumab,mAb_IgG1,3.0,149.0,8.3,0.3,84.721,27.5,Histidine,6.0,15.0,none,0.0,none,0.0,none,0.0,none,0.0,1.0,1.0,2.913926713178844,2.461386977458554,2.2556094860510756,2.124775349911604,1.3129690132547354,
173_p3conc_110.8_i20,Bevacizumab,mAb_IgG1,3.0,149.0,8.3,0.3,110.7932,27.5,Histidine,6.0,15.0,none,0.0,none,0.0,none,0.0,none,0.0,1.0,1.0,2.9339011016316454,2.7146644339008397,2.4384103904133276,2.2778369452010234,1.378247013364384,
172_p3conc_119.2_i21,Bevacizumab,mAb_IgG1,3.0,149.0,8.3,0.3,119.206,27.5,Histidine,6.0,15.0,none,0.0,none,0.0,none,0.0,none,0.0,1.0,1.0,3.1964190731757665,2.8934283450951312,2.72462045381363,2.5265142134191434,1.5442239402720643,
172_p3conc_122.8_i22,Bevacizumab,mAb_IgG1,3.0,149.0,8.3,0.3,122.7513,27.5,Histidine,6.0,15.0,none,0.0,none,0.0,none,0.0,none,0.0,1.0,1.0,3.203030445215484,3.0227633570557577,2.9473729755138827,2.3948983758942815,1.7426087396935925,
172_p3conc_145.7_i23,Bevacizumab,mAb_IgG1,3.0,149.0,8.3,0.3,145.7005,27.5,Histidine,6.0,15.0,none,0.0,none,0.0,none,0.0,none,0.0,1.0,1.0,3.194829305208666,3.194829305208666,3.194829305208666,2.506453031332178,1.70593440130068,
172_p3conc_156.1_i24,Bevacizumab,mAb_IgG1,3.0,149.0,8.3,0.3,156.0925,27.5,Histidine,6.0,15.0,none,0.0,none,0.0,none,0.0,none,0.0,1.0,1.0,3.5392511915864016,3.5392511915864016,3.5008323579710585,2.8023914888334485,1.763298561298822,
172_p3conc_167.2_i25,Bevacizumab,mAb_IgG1,3.0,149.0,8.3,0.3,167.2261,27.5,Histidine,6.0,15.0,none,0.0,none,0.0,none,0.0,none,0.0,1.0,1.0,3.744633618262239,3.4552313186117245,3.4552313186117245,2.8756065956868078,1.7961731631303848,
172_p3conc_167.7_i26,Bevacizumab,mAb_IgG1,3.0,149.0,8.3,0.3,167.7278,27.5,Histidine,6.0,15.0,none,0.0,none,0.0,none,0.0,none,0.0,1.0,1.0,3.2810746998797145,3.2810746998797145,3.2810746998797145,2.688943825165171,1.9080827425694937,
172_p3conc_179.2_i27,Bevacizumab,mAb_IgG1,3.0,149.0,8.3,0.3,179.1534,27.5,Histidine,6.0,15.0,none,0.0,none,0.0,none,0.0,none,0.0,1.0,1.0,3.9057439590744996,3.658187150795391,3.499442839170098,2.7916485505518795,1.8741759499520179,
172_p3conc_191.9_i28,Bevacizumab,mAb_IgG1,3.0,149.0,8.3,0.3,191.9318,27.5,Histidine,6.0,15.0,none,0.0,none,0.0,none,0.0,none,0.0,1.0,1.0,3.561418032151738,3.561418032151738,3.561418032151738,2.8716301789815577,1.9690396275011783,
172_p3conc_205.6_i29,Bevacizumab,mAb_IgG1,3.0,149.0,8.3,0.3,205.6217,27.5,Histidine,6.0,15.0,none,0.0,none,0.0,none,0.0,none,0.0,1.0,1.0,3.70453400352557,3.70453400352557,3.70453400352557,2.9906341515088837,2.2020186155255046,
172_p3conc_220.3_i30,Bevacizumab,mAb_IgG1,3.0,149.0,8.3,0.3,220.2876,27.5,Histidine,6.0,15.0,none,0.0,none,0.0,none,0.0,none,0.0,1.0,1.0,3.8152032643984497,3.8152032643984497,3.8152032643984497,3.0705041702045093,2.241875520941129,
403_p3conc_1.4_i0,Etanercept,Fc-Fusion,4.5,150.0,7.9,0.6,1.3706,25.0,Acetate,5.0,20.0,none,0.0,none,0.0,none,0.0,none,0.0,1.4,1.5,0.9255808176861358,0.9255808176861358,0.91,0.91,0.91,
403_p3conc_1.9_i1,Etanercept,Fc-Fusion,4.5,150.0,7.9,0.6,1.8784,25.0,Acetate,5.0,20.0,none,0.0,none,0.0,none,0.0,none,0.0,1.4,1.5,0.91,0.91,0.91,0.91,0.91,
403_p3conc_2.6_i2,Etanercept,Fc-Fusion,4.5,150.0,7.9,0.6,2.5745,25.0,Acetate,5.0,20.0,none,0.0,none,0.0,none,0.0,none,0.0,1.4,1.5,0.9774241717739994,0.9624530237353968,0.9108493706478373,0.9108493706478373,0.9108493706478373,
403_p3conc_3.5_i3,Etanercept,Fc-Fusion,4.5,150.0,7.9,0.6,3.5284,25.0,Acetate,5.0,20.0,none,0.0,none,0.0,none,0.0,none,0.0,1.4,1.5,0.9419681920839319,0.9419681920839319,0.9419681920839319,0.9419681920839319,0.9419681920839319,
403_p3conc_4.8_i4,Etanercept,Fc-Fusion,4.5,150.0,7.9,0.6,4.8359,25.0,Acetate,5.0,20.0,none,0.0,none,0.0,none,0.0,none,0.0,1.4,1.5,1.129458791580257,1.0676510138203281,1.0676510138203281,1.0676510138203281,1.0676510138203281,
403_p3conc_6.6_i5,Etanercept,Fc-Fusion,4.5,150.0,7.9,0.6,6.6279,25.0,Acetate,5.0,20.0,none,0.0,none,0.0,none,0.0,none,0.0,1.4,1.5,1.187858018761283,1.1538165279422161,1.124032744359909,1.124032744359909,1.124032744359909,
403_p3conc_9.1_i6,Etanercept,Fc-Fusion,4.5,150.0,7.9,0.6,9.0839,25.0,Acetate,5.0,20.0,none,0.0,none,0.0,none,0.0,none,0.0,1.4,1.5,1.2625539557765901,1.2625539557765901,1.1813736404646251,1.1813736404646251,1.1813736404646251,
403_p3conc_12.4_i7,Etanercept,Fc-Fusion,4.5,150.0,7.9,0.6,12.4499,25.0,Acetate,5.0,20.0,none,0.0,none,0.0,none,0.0,none,0.0,1.4,1.5,1.409207784827114,1.3124413596595845,1.3124413596595845,1.3124413596595845,1.3124413596595845,
403_p3conc_17.1_i8,Etanercept,Fc-Fusion,4.5,150.0,7.9,0.6,17.0633,25.0,Acetate,5.0,20.0,none,0.0,none,0.0,none,0.0,none,0.0,1.4,1.5,1.661121789445634,1.5079082972718836,1.4488923361004886,1.4488923361004886,1.4488923361004886,
403_p3conc_23.4_i9,Etanercept,Fc-Fusion,4.5,150.0,7.9,0.6,23.3861,25.0,Acetate,5.0,20.0,none,0.0,none,0.0,none,0.0,none,0.0,1.4,1.5,1.760355555151744,1.760355555151744,1.7178149766926847,1.7178149766926847,1.5534340253291774,
403_p3conc_28.0_i10,Etanercept,Fc-Fusion,4.5,150.0,7.9,0.6,28.0204,25.0,Acetate,5.0,20.0,none,0.0,none,0.0,none,0.0,none,0.0,1.4,1.5,2.0832103115943585,2.0832103115943585,2.0832103115943585,1.8647991159591542,1.732868882212939,
403_p3conc_32.1_i11,Etanercept,Fc-Fusion,4.5,150.0,7.9,0.6,32.0518,25.0,Acetate,5.0,20.0,none,0.0,none,0.0,none,0.0,none,0.0,1.4,1.5,2.3136912034150177,2.3136912034150177,2.3136912034150177,2.004401631761612,1.730156383573018,
398_p3conc_39.3_i12,Etanercept,Fc-Fusion,4.5,150.0,7.9,0.6,39.2571,25.0,Acetate,5.0,20.0,none,0.0,none,0.0,none,0.0,none,0.0,1.4,1.5,3.1758176116860874,2.976490319872599,2.5695479303202062,2.458696670954349,1.873770734576421,
398_p3conc_43.9_i13,Etanercept,Fc-Fusion,4.5,150.0,7.9,0.6,43.9288,25.0,Acetate,5.0,20.0,none,0.0,none,0.0,none,0.0,none,0.0,1.4,1.5,3.1680476826011703,3.1680476826011703,2.591353740780804,2.5909036507431953,1.6620565336679327,
398_p3conc_60.2_i14,Etanercept,Fc-Fusion,4.5,150.0,7.9,0.6,60.2067,25.0,Acetate,5.0,20.0,none,0.0,none,0.0,none,0.0,none,0.0,1.4,1.5,4.970995456182496,4.831241684729773,3.536205209358843,3.373501485230681,1.7340561521769957,
398_p3conc_62.6_i15,Etanercept,Fc-Fusion,4.5,150.0,7.9,0.6,62.605,25.0,Acetate,5.0,20.0,none,0.0,none,0.0,none,0.0,none,0.0,1.4,1.5,5.588703476495863,5.490068454702888,3.960364821075777,3.350253587287586,1.7651748011327948,
398_p3conc_71.3_i16,Etanercept,Fc-Fusion,4.5,150.0,7.9,0.6,71.2615,25.0,Acetate,5.0,20.0,none,0.0,none,0.0,none,0.0,none,0.0,1.4,1.5,5.544718513948325,5.544718513948325,3.903331308566274,3.5402763956359373,1.9951592755104686,
398_p3conc_81.1_i17,Etanercept,Fc-Fusion,4.5,150.0,7.9,0.6,81.115,25.0,Acetate,5.0,20.0,none,0.0,none,0.0,none,0.0,none,0.0,1.4,1.5,6.734887344632264,6.267622132157754,4.440425040946287,3.9530658092267097,1.773401424933049,
398_p3conc_82.5_i18,Etanercept,Fc-Fusion,4.5,150.0,7.9,0.6,82.5163,25.0,Acetate,5.0,20.0,none,0.0,none,0.0,none,0.0,none,0.0,1.4,1.5,7.6303924604911835,6.339588161227905,4.615507572061836,3.8324443303336997,1.7363460031154092,
398_p3conc_92.3_i19,Etanercept,Fc-Fusion,4.5,150.0,7.9,0.6,92.3309,25.0,Acetate,5.0,20.0,none,0.0,none,0.0,none,0.0,none,0.0,1.4,1.5,8.65692112720157,8.018431616116034,4.641988106856648,4.096430351386897,1.8555666037586422,
398_p3conc_105.1_i20,Etanercept,Fc-Fusion,4.5,150.0,7.9,0.6,105.0976,25.0,Acetate,5.0,20.0,none,0.0,none,0.0,none,0.0,none,0.0,1.4,1.5,8.649716007959029,8.649716007959029,5.16376139153385,4.710954476671962,1.8711526602953037,
398_p3conc_113.1_i21,Etanercept,Fc-Fusion,4.5,150.0,7.9,0.6,113.0931,25.0,Acetate,5.0,20.0,none,0.0,none,0.0,none,0.0,none,0.0,1.4,1.5,9.904736685309864,9.904736685309864,5.8431875061660055,4.806313486985174,1.7924231687686323,
398_p3conc_119.6_i22,Etanercept,Fc-Fusion,4.5,150.0,7.9,0.6,119.6297,25.0,Acetate,5.0,20.0,none,0.0,none,0.0,none,0.0,none,0.0,1.4,1.5,9.992521642825295,9.992521642825295,5.473787614238827,4.698197868691148,1.8898321350594411,
398_p3conc_136.2_i23,Etanercept,Fc-Fusion,4.5,150.0,7.9,0.6,136.1714,25.0,Acetate,5.0,20.0,none,0.0,none,0.0,none,0.0,none,0.0,1.4,1.5,10.973551986411591,10.875904072474315,5.680724779051463,5.374257799575189,1.9263748071065392,
411_p3conc_1.4_i0,Etanercept,Fc-Fusion,4.5,150.0,7.9,0.6,1.4121,25.0,Histidine,6.0,15.0,none,0.0,none,0.0,none,0.0,none,0.0,1.4,1.5,0.91,0.91,0.91,0.91,0.91,
411_p3conc_2.0_i1,Etanercept,Fc-Fusion,4.5,150.0,7.9,0.6,1.9941,25.0,Histidine,6.0,15.0,none,0.0,none,0.0,none,0.0,none,0.0,1.4,1.5,0.9127073251148534,0.9127073251148534,0.9127073251148534,0.9127073251148534,0.9127073251148534,
411_p3conc_2.2_i2,Etanercept,Fc-Fusion,4.5,150.0,7.9,0.6,2.2288,25.0,Histidine,6.0,15.0,none,0.0,none,0.0,none,0.0,none,0.0,1.4,1.5,0.9383748137549071,0.9284126168341309,0.9284126168341309,0.91,0.91,
411_p3conc_2.8_i3,Etanercept,Fc-Fusion,4.5,150.0,7.9,0.6,2.8159,25.0,Histidine,6.0,15.0,none,0.0,none,0.0,none,0.0,none,0.0,1.4,1.5,1.0648112034176789,0.9630010306115578,0.9630010306115578,0.9630010306115578,0.9630010306115578,
411_p3conc_4.0_i4,Etanercept,Fc-Fusion,4.5,150.0,7.9,0.6,3.9764,25.0,Histidine,6.0,15.0,none,0.0,none,0.0,none,0.0,none,0.0,1.4,1.5,1.0651322696328922,1.0651322696328922,1.0110055574294243,1.0110055574294243,0.9452130707588596,
411_p3conc_5.0_i5,Etanercept,Fc-Fusion,4.5,150.0,7.9,0.6,4.9676,25.0,Histidine,6.0,15.0,none,0.0,none,0.0,none,0.0,none,0.0,1.4,1.5,1.02195848353238,1.02195848353238,1.02195848353238,1.02195848353238,1.0066623297308932,
411_p3conc_5.6_i6,Etanercept,Fc-Fusion,4.5,150.0,7.9,0.6,5.6151,25.0,Histidine,6.0,15.0,none,0.0,none,0.0,none,0.0,none,0.0,1.4,1.5,1.189514198034891,1.1503243240419703,1.1503243240419703,1.1503243240419703,1.0567779083228674,
411_p3conc_7.9_i7,Etanercept,Fc-Fusion,4.5,150.0,7.9,0.6,7.9292,25.0,Histidine,6.0,15.0,none,0.0,none,0.0,none,0.0,none,0.0,1.4,1.5,1.2654493252927388,1.2394025767457864,1.2394025767457864,1.2394025767457864,1.1002474116262113,
411_p3conc_11.1_i8,Etanercept,Fc-Fusion,4.5,150.0,7.9,0.6,11.0718,25.0,Histidine,6.0,15.0,none,0.0,none,0.0,none,0.0,none,0.0,1.4,1.5,1.5441388152370947,1.4484591452019648,1.4484591452019648,1.4484591452019648,1.2504456187044173,
411_p3conc_11.2_i9,Etanercept,Fc-Fusion,4.5,150.0,7.9,0.6,11.1969,25.0,Histidine,6.0,15.0,none,0.0,none,0.0,none,0.0,none,0.0,1.4,1.5,1.455849530812519,1.455849530812519,1.455849530812519,1.455849530812519,1.1550774683892262,
411_p3conc_15.8_i10,Etanercept,Fc-Fusion,4.5,150.0,7.9,0.6,15.8114,25.0,Histidine,6.0,15.0,none,0.0,none,0.0,none,0.0,none,0.0,1.4,1.5,1.7131070790017133,1.7131070790017133,1.7131070790017133,1.7131070790017133,1.3252568529648816,
411_p3conc_22.3_i11,Etanercept,Fc-Fusion,4.5,150.0,7.9,0.6,22.3275,25.0,Histidine,6.0,15.0,none,0.0,none,0.0,none,0.0,none,0.0,1.4,1.5,2.1373733071304226,2.1373733071304226,2.1373733071304226,2.0667440983639636,1.4063446615330224,
411_p3conc_24.7_i12,Etanercept,Fc-Fusion,4.5,150.0,7.9,0.6,24.6769,25.0,Histidine,6.0,15.0,none,0.0,none,0.0,none,0.0,none,0.0,1.4,1.5,2.2014115312623277,2.2014115312623277,2.2014115312623277,2.155003664251456,1.5757057569575634,
411_p3conc_31.5_i13,Etanercept,Fc-Fusion,4.5,150.0,7.9,0.6,31.5292,25.0,Histidine,6.0,15.0,none,0.0,none,0.0,none,0.0,none,0.0,1.4,1.5,2.7340970294478475,2.7340970294478475,2.715970899242792,2.5314942058588543,1.6716994177865687,
411_p3conc_44.5_i14,Etanercept,Fc-Fusion,4.5,150.0,7.9,0.6,44.523,25.0,Histidine,6.0,15.0,none,0.0,none,0.0,none,0.0,none,0.0,1.4,1.5,3.511968427826888,3.3599409192828205,3.298722224390571,3.166739580040439,1.8493860125219923,
411_p3conc_62.9_i15,Etanercept,Fc-Fusion,4.5,150.0,7.9,0.6,62.8717,25.0,Histidine,6.0,15.0,none,0.0,none,0.0,none,0.0,none,0.0,1.4,1.5,5.552040082709675,5.09690367380003,5.09690367380003,4.441151069720415,2.5220697795063787,
411_p3conc_63.9_i16,Etanercept,Fc-Fusion,4.5,150.0,7.9,0.6,63.8663,25.0,Histidine,6.0,15.0,none,0.0,none,0.0,none,0.0,none,0.0,1.4,1.5,5.388531014615087,5.29659818647603,4.657744813928026,4.259420564316497,2.3886710678556313,
411_p3conc_74.2_i17,Etanercept,Fc-Fusion,4.5,150.0,7.9,0.6,74.1619,25.0,Histidine,6.0,15.0,none,0.0,none,0.0,none,0.0,none,0.0,1.4,1.5,8.404290442371781,7.513745264165208,7.513745264165208,5.932877238411216,2.927274480567368,
418_p3conc_86.1_i18,Etanercept,Fc-Fusion,4.5,150.0,7.9,0.6,86.1174,25.0,Histidine,6.0,15.0,none,0.0,none,0.0,none,0.0,none,0.0,1.4,1.5,15.011348126579556,12.842750082050575,12.742000789228891,8.203100092674784,3.7969485812145543,
418_p3conc_88.8_i19,Etanercept,Fc-Fusion,4.5,150.0,7.9,0.6,88.7822,25.0,Histidine,6.0,15.0,none,0.0,none,0.0,none,0.0,none,0.0,1.4,1.5,17.37541220587539,12.963419681121334,12.963419681121334,8.061180594493473,3.338684306574203,
420_p3conc_159.9_i20,Etanercept,Fc-Fusion,4.5,150.0,7.9,0.6,159.8903,25.0,Histidine,6.0,15.0,none,0.0,none,0.0,none,0.0,none,0.0,1.4,1.5,119.56609213108959,117.30668763334837,106.39071654548577,66.06140884770537,12.250505803080532,
420_p3conc_170.4_i21,Etanercept,Fc-Fusion,4.5,150.0,7.9,0.6,170.4327,25.0,Histidine,6.0,15.0,none,0.0,none,0.0,none,0.0,none,0.0,1.4,1.5,158.24395714765058,152.2731952612716,125.3953678182382,74.88216784429527,13.14774258479583,
420_p3conc_177.0_i22,Etanercept,Fc-Fusion,4.5,150.0,7.9,0.6,177.039,25.0,Histidine,6.0,15.0,none,0.0,none,0.0,none,0.0,none,0.0,1.4,1.5,162.91306628054332,158.90992989761236,151.16600354107405,84.63088418193873,13.402228491517503,
420_p3conc_181.7_i23,Etanercept,Fc-Fusion,4.5,150.0,7.9,0.6,181.6707,25.0,Histidine,6.0,15.0,none,0.0,none,0.0,none,0.0,none,0.0,1.4,1.5,193.36839511203007,192.16169461197168,173.341493154296,88.03365922253406,14.360284387065805,
420_p3conc_193.6_i24,Etanercept,Fc-Fusion,4.5,150.0,7.9,0.6,193.6493,25.0,Histidine,6.0,15.0,none,0.0,none,0.0,none,0.0,none,0.0,1.4,1.5,225.35323541061592,225.35323541061592,183.5886545524933,100.4097163855704,15.49613381848438,
420_p3conc_206.4_i25,Etanercept,Fc-Fusion,4.5,150.0,7.9,0.6,206.4177,25.0,Histidine,6.0,15.0,none,0.0,none,0.0,none,0.0,none,0.0,1.4,1.5,265.4162755355656,265.4162755355656,218.66194378412743,118.47027768429378,16.793984312491478,
420_p3conc_220.0_i26,Etanercept,Fc-Fusion,4.5,150.0,7.9,0.6,220.028,25.0,Histidine,6.0,15.0,none,0.0,none,0.0,none,0.0,none,0.0,1.4,1.5,314.9999439388652,314.9999439388652,281.43732448812875,145.2331065713975,19.28881665414031,
420_p3conc_234.5_i27,Etanercept,Fc-Fusion,4.5,150.0,7.9,0.6,234.5357,25.0,Histidine,6.0,15.0,none,0.0,none,0.0,none,0.0,none,0.0,1.4,1.5,431.56192490979663,413.18210075043845,342.71372725874664,168.5001919016157,21.43008051364821,
415_p3conc_1.4_i0,Etanercept,Fc-Fusion,4.5,150.0,7.9,0.6,1.3706,25.0,Histidine,6.0,30.0,none,0.0,none,0.0,none,0.0,none,0.0,1.4,1.5,0.972869876495734,0.91,0.91,0.91,0.91,
415_p3conc_1.9_i1,Etanercept,Fc-Fusion,4.5,150.0,7.9,0.6,1.8784,25.0,Histidine,6.0,30.0,none,0.0,none,0.0,none,0.0,none,0.0,1.4,1.5,0.91,0.91,0.91,0.91,0.91,
415_p3conc_2.6_i2,Etanercept,Fc-Fusion,4.5,150.0,7.9,0.6,2.5745,25.0,Histidine,6.0,30.0,none,0.0,none,0.0,none,0.0,none,0.0,1.4,1.5,0.91,0.91,0.91,0.91,0.91,
415_p3conc_3.5_i3,Etanercept,Fc-Fusion,4.5,150.0,7.9,0.6,3.5284,25.0,Histidine,6.0,30.0,none,0.0,none,0.0,none,0.0,none,0.0,1.4,1.5,0.9446886382659713,0.91,0.91,0.91,0.91,
415_p3conc_4.8_i4,Etanercept,Fc-Fusion,4.5,150.0,7.9,0.6,4.8359,25.0,Histidine,6.0,30.0,none,0.0,none,0.0,none,0.0,none,0.0,1.4,1.5,0.91,0.91,0.91,0.91,0.91,
415_p3conc_6.6_i5,Etanercept,Fc-Fusion,4.5,150.0,7.9,0.6,6.6279,25.0,Histidine,6.0,30.0,none,0.0,none,0.0,none,0.0,none,0.0,1.4,1.5,0.9835262545520621,0.9835262545520621,0.9835262545520621,0.91,0.91,
415_p3conc_9.1_i6,Etanercept,Fc-Fusion,4.5,150.0,7.9,0.6,9.0839,25.0,Histidine,6.0,30.0,none,0.0,none,0.0,none,0.0,none,0.0,1.4,1.5,0.9990929561917525,0.9648627628685323,0.9648627628685323,0.91,0.91,
415_p3conc_12.4_i7,Etanercept,Fc-Fusion,4.5,150.0,7.9,0.6,12.4499,25.0,Histidine,6.0,30.0,none,0.0,none,0.0,none,0.0,none,0.0,1.4,1.5,0.9551232505379741,0.9551232505379741,0.9551232505379741,0.91,0.91,
415_p3conc_17.1_i8,Etanercept,Fc-Fusion,4.5,150.0,7.9,0.6,17.0633,25.0,Histidine,6.0,30.0,none,0.0,none,0.0,none,0.0,none,0.0,1.4,1.5,1.0435627704715955,1.0435627704715955,1.0435627704715955,0.91,0.91,
415_p3conc_23.4_i9,Etanercept,Fc-Fusion,4.5,150.0,7.9,0.6,23.3861,25.0,Histidine,6.0,30.0,none,0.0,none,0.0,none,0.0,none,0.0,1.4,1.5,1.1345191054423784,1.1345191054423784,1.1345191054423784,0.9722864148874575,0.9686642459384209,
415_p3conc_28.0_i10,Etanercept,Fc-Fusion,4.5,150.0,7.9,0.6,28.0204,25.0,Histidine,6.0,30.0,none,0.0,none,0.0,none,0.0,none,0.0,1.4,1.5,1.5393607676400993,1.352185694742507,1.352185694742507,1.1290234711385072,0.949716114996593,
415_p3conc_32.1_i11,Etanercept,Fc-Fusion,4.5,150.0,7.9,0.6,32.0518,25.0,Histidine,6.0,30.0,none,0.0,none,0.0,none,0.0,none,0.0,1.4,1.5,2.000086460350432,1.8111802170598974,1.6831715939582044,1.347713289900553,1.1328887868952462,
412_p3conc_39.3_i12,Etanercept,Fc-Fusion,4.5,150.0,7.9,0.6,39.2571,25.0,Histidine,6.0,30.0,none,0.0,none,0.0,none,0.0,none,0.0,1.4,1.5,3.1719684257130685,2.5971139166973933,2.304697485443074,2.060669595600709,1.3968957737841008,
412_p3conc_43.9_i13,Etanercept,Fc-Fusion,4.5,150.0,7.9,0.6,43.9288,25.0,Histidine,6.0,30.0,none,0.0,none,0.0,none,0.0,none,0.0,1.4,1.5,3.607513114470941,3.152345606479772,3.0860531786193786,2.3236383898383997,1.5173757936069932,
412_p3conc_60.2_i14,Etanercept,Fc-Fusion,4.5,150.0,7.9,0.6,60.2067,25.0,Histidine,6.0,30.0,none,0.0,none,0.0,none,0.0,none,0.0,1.4,1.5,7.865421645657192,5.43499839819942,4.838411280918774,3.9045623256196396,2.3173866989817364,
412_p3conc_62.6_i15,Etanercept,Fc-Fusion,4.5,150.0,7.9,0.6,62.605,25.0,Histidine,6.0,30.0,none,0.0,none,0.0,none,0.0,none,0.0,1.4,1.5,8.909681899583019,6.1052683104276895,5.688592444362772,4.333093315914246,2.4254159974636744,
412_p3conc_71.3_i16,Etanercept,Fc-Fusion,4.5,150.0,7.9,0.6,71.2615,25.0,Histidine,6.0,30.0,none,0.0,none,0.0,none,0.0,none,0.0,1.4,1.5,10.323949395832003,7.099311569501338,5.813398446678075,4.783143307007136,2.7060640292250056,
412_p3conc_81.1_i17,Etanercept,Fc-Fusion,4.5,150.0,7.9,0.6,81.115,25.0,Histidine,6.0,30.0,none,0.0,none,0.0,none,0.0,none,0.0,1.4,1.5,13.965877112973816,9.37080390472489,7.712338570151834,5.910394892152661,3.058244842435657,
412_p3conc_82.5_i18,Etanercept,Fc-Fusion,4.5,150.0,7.9,0.6,82.5163,25.0,Histidine,6.0,30.0,none,0.0,none,0.0,none,0.0,none,0.0,1.4,1.5,15.624687290027206,9.344056761427403,7.728591850855271,6.212437590687477,2.764714920226462,
412_p3conc_92.3_i19,Etanercept,Fc-Fusion,4.5,150.0,7.9,0.6,92.3309,25.0,Histidine,6.0,30.0,none,0.0,none,0.0,none,0.0,none,0.0,1.4,1.5,17.92210591176035,10.812444148500186,8.768015503376827,6.765977060148449,3.3933043817078192,
412_p3conc_105.1_i20,Etanercept,Fc-Fusion,4.5,150.0,7.9,0.6,105.0976,25.0,Histidine,6.0,30.0,none,0.0,none,0.0,none,0.0,none,0.0,1.4,1.5,23.012156237747675,13.295331532340564,11.368956616697307,8.274216183836659,3.5481087150684254,
412_p3conc_113.1_i21,Etanercept,Fc-Fusion,4.5,150.0,7.9,0.6,113.0931,25.0,Histidine,6.0,30.0,none,0.0,none,0.0,none,0.0,none,0.0,1.4,1.5,27.7964849879429,13.685573565746573,11.798281240608553,8.904947435571808,3.893114547913768,
412_p3conc_119.6_i22,Etanercept,Fc-Fusion,4.5,150.0,7.9,0.6,119.6297,25.0,Histidine,6.0,30.0,none,0.0,none,0.0,none,0.0,none,0.0,1.4,1.5,29.703739682183837,16.409934242517398,13.326208442048223,9.819647051573515,3.990971874117768,
412_p3conc_136.2_i23,Etanercept,Fc-Fusion,4.5,150.0,7.9,0.6,136.1714,25.0,Histidine,6.0,30.0,none,0.0,none,0.0,none,0.0,none,0.0,1.4,1.5,37.55963689232824,20.15497316057988,14.29321494286447,11.993423923804135,4.406457985020136,
276_p3conc_1.5_i0,Ibalizumab,mAb_IgG4,3.5,150.0,8.0,0.3,1.4542,27.5,Acetate,5.0,20.0,none,0.0,none,0.0,none,0.0,none,0.0,1.3,1.1,0.9137596750604622,0.91,0.91,0.91,0.91,
276_p3conc_2.1_i1,Ibalizumab,mAb_IgG4,3.5,150.0,8.0,0.3,2.1147,27.5,Acetate,5.0,20.0,none,0.0,none,0.0,none,0.0,none,0.0,1.3,1.1,0.925568308196134,0.91,0.91,0.91,0.91,
276_p3conc_3.1_i2,Ibalizumab,mAb_IgG4,3.5,150.0,8.0,0.3,3.0753,27.5,Acetate,5.0,20.0,none,0.0,none,0.0,none,0.0,none,0.0,1.3,1.1,0.91,0.91,0.91,0.91,0.91,
276_p3conc_4.5_i3,Ibalizumab,mAb_IgG4,3.5,150.0,8.0,0.3,4.4721,27.5,Acetate,5.0,20.0,none,0.0,none,0.0,none,0.0,none,0.0,1.3,1.1,0.9723681016758599,0.947924569635175,0.9292048220974748,0.91,0.91,
276_p3conc_6.5_i4,Ibalizumab,mAb_IgG4,3.5,150.0,8.0,0.3,6.5035,27.5,Acetate,5.0,20.0,none,0.0,none,0.0,none,0.0,none,0.0,1.3,1.1,0.91,0.91,0.91,0.91,0.91,
276_p3conc_9.5_i5,Ibalizumab,mAb_IgG4,3.5,150.0,8.0,0.3,9.4574,27.5,Acetate,5.0,20.0,none,0.0,none,0.0,none,0.0,none,0.0,1.3,1.1,0.91,0.91,0.91,0.91,0.91,
276_p3conc_13.8_i6,Ibalizumab,mAb_IgG4,3.5,150.0,8.0,0.3,13.7531,27.5,Acetate,5.0,20.0,none,0.0,none,0.0,none,0.0,none,0.0,1.3,1.1,0.9282222331039763,0.9282222331039763,0.9282222331039763,0.91,0.91,
276_p3conc_20.0_i7,Ibalizumab,mAb_IgG4,3.5,150.0,8.0,0.3,20.0,27.5,Acetate,5.0,20.0,none,0.0,none,0.0,none,0.0,none,0.0,1.3,1.1,0.91,0.91,0.91,0.91,0.91,
276_p3conc_29.1_i8,Ibalizumab,mAb_IgG4,3.5,150.0,8.0,0.3,29.0843,27.5,Acetate,5.0,20.0,none,0.0,none,0.0,none,0.0,none,0.0,1.3,1.1,0.9722891651769703,0.9293590985916645,0.9293590985916645,0.91,0.91,
276_p3conc_31.5_i9,Ibalizumab,mAb_IgG4,3.5,150.0,8.0,0.3,31.498,27.5,Acetate,5.0,20.0,none,0.0,none,0.0,none,0.0,none,0.0,1.3,1.1,0.927487627819891,0.927487627819891,0.927487627819891,0.91,0.91,
276_p3conc_39.7_i10,Ibalizumab,mAb_IgG4,3.5,150.0,8.0,0.3,39.6851,27.5,Acetate,5.0,20.0,none,0.0,none,0.0,none,0.0,none,0.0,1.3,1.1,1.1955092164299255,1.0451730840749656,1.0451730840749656,0.933040737188038,0.91,
276_p3conc_42.3_i11,Ibalizumab,mAb_IgG4,3.5,150.0,8.0,0.3,42.2948,27.5,Acetate,5.0,20.0,none,0.0,none,0.0,none,0.0,none,0.0,1.3,1.1,1.1077105493655557,1.1077105493655557,1.0744496111151385,1.0415558993804448,0.91,
276_p3conc_50.0_i12,Ibalizumab,mAb_IgG4,3.5,150.0,8.0,0.3,50.0,27.5,Acetate,5.0,20.0,none,0.0,none,0.0,none,0.0,none,0.0,1.3,1.1,1.3076896577491965,1.3076896577491965,1.3076896577491965,1.19666247446421,1.1256464871018421,
276_p3conc_61.5_i13,Ibalizumab,mAb_IgG4,3.5,150.0,8.0,0.3,61.5058,27.5,Acetate,5.0,20.0,none,0.0,none,0.0,none,0.0,none,0.0,1.3,1.1,1.8555403461761848,1.8555403461761848,1.7033337208629893,1.5077551266160452,1.2291158692289164,
269_p3conc_63.0_i14,Ibalizumab,mAb_IgG4,3.5,150.0,8.0,0.3,62.996,27.5,Acetate,5.0,20.0,none,0.0,none,0.0,none,0.0,none,0.0,1.3,1.1,1.7149513361385178,1.7149513361385178,1.681277747384535,1.4046048691317066,1.2716887118204905,
269_p3conc_79.4_i15,Ibalizumab,mAb_IgG4,3.5,150.0,8.0,0.3,79.3701,27.5,Acetate,5.0,20.0,none,0.0,none,0.0,none,0.0,none,0.0,1.3,1.1,2.258969272411414,2.1946837741662626,2.1946837741662626,2.1085663755343944,1.516206757262639,
269_p3conc_89.4_i16,Ibalizumab,mAb_IgG4,3.5,150.0,8.0,0.3,89.4427,27.5,Acetate,5.0,20.0,none,0.0,none,0.0,none,0.0,none,0.0,1.3,1.1,2.475954316695842,2.475954316695842,2.475954316695842,2.288776103954265,1.5811577357928088,
269_p3conc_108.2_i17,Ibalizumab,mAb_IgG4,3.5,150.0,8.0,0.3,108.1633,27.5,Acetate,5.0,20.0,none,0.0,none,0.0,none,0.0,none,0.0,1.3,1.1,3.3304362311551228,3.3304362311551228,3.3304362311551228,2.4558204059126547,1.9480536754877782,
269_p3conc_117.0_i18,Ibalizumab,mAb_IgG4,3.5,150.0,8.0,0.3,116.993,27.5,Acetate,5.0,20.0,none,0.0,none,0.0,none,0.0,none,0.0,1.3,1.1,3.4562304444840883,3.4562304444840883,3.4562304444840883,2.8558936255613863,2.163436261493922,
269_p3conc_126.5_i19,Ibalizumab,mAb_IgG4,3.5,150.0,8.0,0.3,126.5435,27.5,Acetate,5.0,20.0,none,0.0,none,0.0,none,0.0,none,0.0,1.3,1.1,3.999923822123121,3.999923822123121,3.999923822123121,3.2202693886060128,2.183991360772626,
269_p3conc_130.1_i20,Ibalizumab,mAb_IgG4,3.5,150.0,8.0,0.3,130.0691,27.5,Acetate,5.0,20.0,none,0.0,none,0.0,none,0.0,none,0.0,1.3,1.1,4.345264431392356,4.345264431392356,4.345264431392356,3.2757402151969086,2.2421033766543963,
269_p3conc_136.9_i21,Ibalizumab,mAb_IgG4,3.5,150.0,8.0,0.3,136.8737,27.5,Acetate,5.0,20.0,none,0.0,none,0.0,none,0.0,none,0.0,1.3,1.1,4.720691032370871,4.720691032370871,4.512728218093803,3.771870517931146,2.3716697056451728,
269_p3conc_148.0_i22,Ibalizumab,mAb_IgG4,3.5,150.0,8.0,0.3,148.0471,27.5,Acetate,5.0,20.0,none,0.0,none,0.0,none,0.0,none,0.0,1.3,1.1,5.011919699181844,5.011919699181844,5.011919699181844,4.262547065723117,2.4842157122234876,
269_p3conc_160.1_i23,Ibalizumab,mAb_IgG4,3.5,150.0,8.0,0.3,160.1331,27.5,Acetate,5.0,20.0,none,0.0,none,0.0,none,0.0,none,0.0,1.3,1.1,6.115693264833737,6.115693264833737,6.115693264833737,4.503822010173147,2.8326005214408623,
269_p3conc_173.2_i24,Ibalizumab,mAb_IgG4,3.5,150.0,8.0,0.3,173.2052,27.5,Acetate,5.0,20.0,none,0.0,none,0.0,none,0.0,none,0.0,1.3,1.1,7.4204806201164395,7.4204806201164395,7.30214894773762,5.222223670747239,3.3941068734416993,
269_p3conc_187.3_i25,Ibalizumab,mAb_IgG4,3.5,150.0,8.0,0.3,187.3445,27.5,Acetate,5.0,20.0,none,0.0,none,0.0,none,0.0,none,0.0,1.3,1.1,7.702714007381392,7.702714007381392,7.702714007381392,5.688683045487613,3.8730469735777375,
269_p3conc_189.1_i26,Ibalizumab,mAb_IgG4,3.5,150.0,8.0,0.3,189.1481,27.5,Acetate,5.0,20.0,none,0.0,none,0.0,none,0.0,none,0.0,1.3,1.1,8.647647579614869,8.5712995739791,8.555090993183098,5.7062356606995825,3.8128632542660013,
260_p3conc_202.6_i27,Ibalizumab,mAb_IgG4,3.5,150.0,8.0,0.3,202.6381,27.5,Acetate,5.0,20.0,none,0.0,none,0.0,none,0.0,none,0.0,1.3,1.1,10.47060006818801,9.589756307138213,8.823833961802745,6.895486688875266,4.09624316827817,
260_p3conc_219.2_i28,Ibalizumab,mAb_IgG4,3.5,150.0,8.0,0.3,219.18,27.5,Acetate,5.0,20.0,none,0.0,none,0.0,none,0.0,none,0.0,1.3,1.1,12.250968510702169,10.93491355992,9.644604365042472,7.470716901712005,4.717595140467525,
260_p3conc_237.1_i29,Ibalizumab,mAb_IgG4,3.5,150.0,8.0,0.3,237.0724,27.5,Acetate,5.0,20.0,none,0.0,none,0.0,none,0.0,none,0.0,1.3,1.1,14.326236092627848,14.326236092627848,11.958423301543057,8.372554035150946,5.745978846715046,
260_p3conc_256.4_i30,Ibalizumab,mAb_IgG4,3.5,150.0,8.0,0.3,256.4254,27.5,Acetate,5.0,20.0,none,0.0,none,0.0,none,0.0,none,0.0,1.3,1.1,15.956308101434988,15.956308101434988,13.700236214239219,10.57017738289609,5.502887392660665,
260_p3conc_275.1_i31,Ibalizumab,mAb_IgG4,3.5,150.0,8.0,0.3,275.0623,27.5,Acetate,5.0,20.0,none,0.0,none,0.0,none,0.0,none,0.0,1.3,1.1,20.42464435414249,18.526218839380725,16.387352531889857,11.290027777258903,6.604678531109959,
260_p3conc_277.4_i32,Ibalizumab,mAb_IgG4,3.5,150.0,8.0,0.3,277.3582,27.5,Acetate,5.0,20.0,none,0.0,none,0.0,none,0.0,none,0.0,1.3,1.1,20.67825647593925,20.67825647593925,17.665468722652108,11.361253819794522,6.954971463788145,
260_p3conc_322.4_i33,Ibalizumab,mAb_IgG4,3.5,150.0,8.0,0.3,322.371,27.5,Acetate,5.0,20.0,none,0.0,none,0.0,none,0.0,none,0.0,1.3,1.1,26.573199939468317,25.656957310856974,24.689551416899704,13.973736862990833,8.637685684219152,
260_p3conc_334.2_i34,Ibalizumab,mAb_IgG4,3.5,150.0,8.0,0.3,334.1743,27.5,Acetate,5.0,20.0,none,0.0,none,0.0,none,0.0,none,0.0,1.3,1.1,28.676290281787196,26.82694791731703,24.6520338238453,15.078068618365043,8.175495812165504,
260_p3conc_346.4_i35,Ibalizumab,mAb_IgG4,3.5,150.0,8.0,0.3,346.4105,27.5,Acetate,5.0,20.0,none,0.0,none,0.0,none,0.0,none,0.0,1.3,1.1,29.727813138836304,29.07953836306956,24.107277145312487,13.871917035318925,9.447874485561945,
260_p3conc_359.1_i36,Ibalizumab,mAb_IgG4,3.5,150.0,8.0,0.3,359.0939,27.5,Acetate,5.0,20.0,none,0.0,none,0.0,none,0.0,none,0.0,1.3,1.1,30.669368873716937,30.088632205581387,26.465299202960374,15.073857853776557,9.002871454273102,
260_p3conc_372.2_i37,Ibalizumab,mAb_IgG4,3.5,150.0,8.0,0.3,372.2417,27.5,Acetate,5.0,20.0,none,0.0,none,0.0,none,0.0,none,0.0,1.3,1.1,32.01381463625272,31.78324720360764,24.86810620880547,15.309292761584755,9.064447656529948,
260_p3conc_385.9_i38,Ibalizumab,mAb_IgG4,3.5,150.0,8.0,0.3,385.8718,27.5,Acetate,5.0,20.0,none,0.0,none,0.0,none,0.0,none,0.0,1.3,1.1,30.899039045324837,30.899039045324837,27.355816141342622,17.184942714686848,9.124834328475991,
286_p3conc_1.5_i0,Ibalizumab,mAb_IgG4,3.5,150.0,8.0,0.3,1.4551,27.5,Histidine,6.0,15.0,none,0.0,none,0.0,none,0.0,none,0.0,1.3,1.1,0.91,0.91,0.91,0.91,0.91,
286_p3conc_2.1_i1,Ibalizumab,mAb_IgG4,3.5,150.0,8.0,0.3,2.1174,27.5,Histidine,6.0,15.0,none,0.0,none,0.0,none,0.0,none,0.0,1.3,1.1,0.91,0.91,0.91,0.91,0.91,
286_p3conc_3.1_i2,Ibalizumab,mAb_IgG4,3.5,150.0,8.0,0.3,3.081,27.5,Histidine,6.0,15.0,none,0.0,none,0.0,none,0.0,none,0.0,1.3,1.1,0.91,0.91,0.91,0.91,0.91,
286_p3conc_4.5_i3,Ibalizumab,mAb_IgG4,3.5,150.0,8.0,0.3,4.4833,27.5,Histidine,6.0,15.0,none,0.0,none,0.0,none,0.0,none,0.0,1.3,1.1,0.91,0.91,0.91,0.91,0.91,
286_p3conc_6.5_i4,Ibalizumab,mAb_IgG4,3.5,150.0,8.0,0.3,6.5237,27.5,Histidine,6.0,15.0,none,0.0,none,0.0,none,0.0,none,0.0,1.3,1.1,0.91,0.91,0.91,0.91,0.91,
286_p3conc_9.5_i5,Ibalizumab,mAb_IgG4,3.5,150.0,8.0,0.3,9.4928,27.5,Histidine,6.0,15.0,none,0.0,none,0.0,none,0.0,none,0.0,1.3,1.1,0.91,0.91,0.91,0.91,0.91,
286_p3conc_13.8_i6,Ibalizumab,mAb_IgG4,3.5,150.0,8.0,0.3,13.8131,27.5,Histidine,6.0,15.0,none,0.0,none,0.0,none,0.0,none,0.0,1.3,1.1,0.91,0.91,0.91,0.91,0.91,
286_p3conc_20.1_i7,Ibalizumab,mAb_IgG4,3.5,150.0,8.0,0.3,20.0998,27.5,Histidine,6.0,15.0,none,0.0,none,0.0,none,0.0,none,0.0,1.3,1.1,0.91,0.91,0.91,0.91,0.91,
282_p3conc_29.2_i8,Ibalizumab,mAb_IgG4,3.5,150.0,8.0,0.3,29.2476,27.5,Histidine,6.0,15.0,none,0.0,none,0.0,none,0.0,none,0.0,1.3,1.1,1.0992028619098104,1.0992028619098104,1.096763595809441,0.9597235211221695,0.929611209596088,
282_p3conc_42.6_i9,Ibalizumab,mAb_IgG4,3.5,150.0,8.0,0.3,42.5587,27.5,Histidine,6.0,15.0,none,0.0,none,0.0,none,0.0,none,0.0,1.3,1.1,1.3036440130790568,1.2746435148720279,1.2746435148720279,1.0669332750605522,1.0669332750605522,
282_p3conc_44.5_i10,Ibalizumab,mAb_IgG4,3.5,150.0,8.0,0.3,44.506,27.5,Histidine,6.0,15.0,none,0.0,none,0.0,none,0.0,none,0.0,1.3,1.1,1.3887950947163743,1.3710673834004101,1.3710673834004101,1.089514382767498,1.089514382767498,
282_p3conc_49.5_i11,Ibalizumab,mAb_IgG4,3.5,150.0,8.0,0.3,49.5196,27.5,Histidine,6.0,15.0,none,0.0,none,0.0,none,0.0,none,0.0,1.3,1.1,1.4493671148398328,1.4493671148398328,1.4493671148398328,1.1708267511396617,1.0665118694071611,
282_p3conc_55.1_i12,Ibalizumab,mAb_IgG4,3.5,150.0,8.0,0.3,55.098,27.5,Histidine,6.0,15.0,none,0.0,none,0.0,none,0.0,none,0.0,1.3,1.1,1.5212985231046336,1.4385477560977311,1.4385477560977311,1.3056460433261987,1.260673270118962,
282_p3conc_61.3_i13,Ibalizumab,mAb_IgG4,3.5,150.0,8.0,0.3,61.3047,27.5,Histidine,6.0,15.0,none,0.0,none,0.0,none,0.0,none,0.0,1.3,1.1,1.7607448092368665,1.7607448092368665,1.7136260879522929,1.3908456856824145,1.2970666822466097,
282_p3conc_61.9_i14,Ibalizumab,mAb_IgG4,3.5,150.0,8.0,0.3,61.928,27.5,Histidine,6.0,15.0,none,0.0,none,0.0,none,0.0,none,0.0,1.3,1.1,1.7569221821998033,1.7009770365332768,1.7009770365332768,1.4191534701564126,1.212200945792094,
282_p3conc_68.2_i15,Ibalizumab,mAb_IgG4,3.5,150.0,8.0,0.3,68.2108,27.5,Histidine,6.0,15.0,none,0.0,none,0.0,none,0.0,none,0.0,1.3,1.1,1.9773151039846109,1.9773151039846109,1.9661632755365908,1.5215043182362988,1.3264361466821653,
282_p3conc_75.9_i16,Ibalizumab,mAb_IgG4,3.5,150.0,8.0,0.3,75.8948,27.5,Histidine,6.0,15.0,none,0.0,none,0.0,none,0.0,none,0.0,1.3,1.1,2.0280201339178596,2.019565823502079,2.0015101762768746,1.6412160081835985,1.3637662959609693,
282_p3conc_84.4_i17,Ibalizumab,mAb_IgG4,3.5,150.0,8.0,0.3,84.4442,27.5,Histidine,6.0,15.0,none,0.0,none,0.0,none,0.0,none,0.0,1.3,1.1,2.3422460514917156,2.3422460514917156,2.231386494783593,1.7140267863279344,1.5063446005884145,
282_p3conc_90.1_i18,Ibalizumab,mAb_IgG4,3.5,150.0,8.0,0.3,90.1127,27.5,Histidine,6.0,15.0,none,0.0,none,0.0,none,0.0,none,0.0,1.3,1.1,2.482696337436782,2.482696337436782,2.3686888722149946,1.8460407287447589,1.671605229776286,
282_p3conc_94.0_i19,Ibalizumab,mAb_IgG4,3.5,150.0,8.0,0.3,93.957,27.5,Histidine,6.0,15.0,none,0.0,none,0.0,none,0.0,none,0.0,1.3,1.1,2.58254560431068,2.5005459130181227,2.5005459130181227,1.984302817991156,1.6095707972066615,
282_p3conc_104.5_i20,Ibalizumab,mAb_IgG4,3.5,150.0,8.0,0.3,104.5411,27.5,Histidine,6.0,15.0,none,0.0,none,0.0,none,0.0,none,0.0,1.3,1.1,2.8079733976891244,2.8079733976891244,2.7324737623407223,2.1968879623524598,1.8022238060826816,
282_p3conc_116.3_i21,Ibalizumab,mAb_IgG4,3.5,150.0,8.0,0.3,116.3178,27.5,Histidine,6.0,15.0,none,0.0,none,0.0,none,0.0,none,0.0,1.3,1.1,3.473463002018022,3.473463002018022,3.2633651690453536,2.374366111614565,1.8722790721216491,
282_p3conc_129.4_i22,Ibalizumab,mAb_IgG4,3.5,150.0,8.0,0.3,129.4211,27.5,Histidine,6.0,15.0,none,0.0,none,0.0,none,0.0,none,0.0,1.3,1.1,3.857702615106148,3.857702615106148,3.6946807883172608,2.5446643458895726,1.8666572243513875,
282_p3conc_131.1_i23,Ibalizumab,mAb_IgG4,3.5,150.0,8.0,0.3,131.1248,27.5,Histidine,6.0,15.0,none,0.0,none,0.0,none,0.0,none,0.0,1.3,1.1,4.0550710160668535,3.8714173271636154,3.6664484637996577,2.676886684740929,2.241331677530968,
282_p3conc_144.0_i24,Ibalizumab,mAb_IgG4,3.5,150.0,8.0,0.3,144.0002,27.5,Histidine,6.0,15.0,none,0.0,none,0.0,none,0.0,none,0.0,1.3,1.1,4.273670757706331,4.273670757706331,4.273670757706331,3.268663519776959,2.20138055228355,
282_p3conc_160.2_i25,Ibalizumab,mAb_IgG4,3.5,150.0,8.0,0.3,160.2219,27.5,Histidine,6.0,15.0,none,0.0,none,0.0,none,0.0,none,0.0,1.3,1.1,4.857625912897812,4.857625912897812,4.857625912897812,3.7103603658684805,2.519924459895901,
259_p3conc_178.3_i26,Ibalizumab,mAb_IgG4,3.5,150.0,8.0,0.3,178.2711,27.5,Histidine,6.0,15.0,none,0.0,none,0.0,none,0.0,none,0.0,1.3,1.1,6.375895239267899,6.375895239267899,5.947922531702553,4.279474891672311,2.620580525706292,
259_p3conc_190.8_i27,Ibalizumab,mAb_IgG4,3.5,150.0,8.0,0.3,190.8025,27.5,Histidine,6.0,15.0,none,0.0,none,0.0,none,0.0,none,0.0,1.3,1.1,6.906416761061083,6.582534432976451,6.582534432976451,4.450579511658762,2.584608676928638,
259_p3conc_198.4_i28,Ibalizumab,mAb_IgG4,3.5,150.0,8.0,0.3,198.3531,27.5,Histidine,6.0,15.0,none,0.0,none,0.0,none,0.0,none,0.0,1.3,1.1,6.944350534912843,6.944350534912843,6.178367772953688,4.584550021219551,3.0868436610152337,
259_p3conc_220.7_i29,Ibalizumab,mAb_IgG4,3.5,150.0,8.0,0.3,220.6978,27.5,Histidine,6.0,15.0,none,0.0,none,0.0,none,0.0,none,0.0,1.3,1.1,8.937918944021648,8.120496581908126,8.120496581908126,5.623234103799938,2.955118928122749,
259_p3conc_245.6_i30,Ibalizumab,mAb_IgG4,3.5,150.0,8.0,0.3,245.5591,27.5,Histidine,6.0,15.0,none,0.0,none,0.0,none,0.0,none,0.0,1.3,1.1,10.020807432628901,10.020807432628901,10.020807432628901,6.2509035459342845,3.862247876683394,
259_p3conc_273.2_i31,Ibalizumab,mAb_IgG4,3.5,150.0,8.0,0.3,273.2216,27.5,Histidine,6.0,15.0,none,0.0,none,0.0,none,0.0,none,0.0,1.3,1.1,11.433790130066518,11.011458972929239,10.883730234797909,7.722957843797582,4.207984867182023,
259_p3conc_277.6_i32,Ibalizumab,mAb_IgG4,3.5,150.0,8.0,0.3,277.6406,27.5,Histidine,6.0,15.0,none,0.0,none,0.0,none,0.0,none,0.0,1.3,1.1,13.542966839325885,11.386703115924835,11.386703115924835,7.610235080879935,4.045261802639936,
259_p3conc_326.4_i33,Ibalizumab,mAb_IgG4,3.5,150.0,8.0,0.3,326.4006,27.5,Histidine,6.0,15.0,none,0.0,none,0.0,none,0.0,none,0.0,1.3,1.1,15.596462071484023,15.146309877925093,14.450648753982232,9.10643570029793,4.885689779600919,
259_p3conc_338.2_i34,Ibalizumab,mAb_IgG4,3.5,150.0,8.0,0.3,338.212,27.5,Histidine,6.0,15.0,none,0.0,none,0.0,none,0.0,none,0.0,1.3,1.1,15.581838983366127,15.581838983366127,14.436255926562216,9.871878650579971,4.5167083415717135,
259_p3conc_350.5_i35,Ibalizumab,mAb_IgG4,3.5,150.0,8.0,0.3,350.4508,27.5,Histidine,6.0,15.0,none,0.0,none,0.0,none,0.0,none,0.0,1.3,1.1,15.295237525441856,15.295237525441856,15.295237525441856,8.945459511106113,5.19082823087517,
259_p3conc_363.1_i36,Ibalizumab,mAb_IgG4,3.5,150.0,8.0,0.3,363.1332,27.5,Histidine,6.0,15.0,none,0.0,none,0.0,none,0.0,none,0.0,1.3,1.1,16.110304372582576,16.110304372582576,15.949513717379078,9.086255378516187,4.630996238396378,
259_p3conc_376.3_i37,Ibalizumab,mAb_IgG4,3.5,150.0,8.0,0.3,376.2738,27.5,Histidine,6.0,15.0,none,0.0,none,0.0,none,0.0,none,0.0,1.3,1.1,17.24510413305855,16.805959961872134,16.330615764283866,9.178546084056999,4.947775412547551,
259_p3conc_389.9_i38,Ibalizumab,mAb_IgG4,3.5,150.0,8.0,0.3,389.8908,27.5,Histidine,6.0,15.0,none,0.0,none,0.0,none,0.0,none,0.0,1.3,1.1,17.407933059995088,15.69041989865142,15.69041989865142,9.6722198195877,5.490148536983961,
496_p3conc_1.5_i0,Nivolumab,mAb_IgG4,3.5,146.0,8.8,0.3,1.4619,26.0,Histidine,6.0,15.0,none,0.0,none,0.0,none,0.0,none,0.0,1.3,1.1,0.91,0.91,0.91,0.91,0.91,
496_p3conc_2.1_i1,Nivolumab,mAb_IgG4,3.5,146.0,8.8,0.3,2.137,26.0,Histidine,6.0,15.0,none,0.0,none,0.0,none,0.0,none,0.0,1.3,1.1,0.9759803867851026,0.91,0.91,0.91,0.91,
496_p3conc_3.1_i2,Nivolumab,mAb_IgG4,3.5,146.0,8.8,0.3,3.124,26.0,Histidine,6.0,15.0,none,0.0,none,0.0,none,0.0,none,0.0,1.3,1.1,0.9291852063067882,0.9291852063067882,0.9291852063067882,0.91,0.91,
496_p3conc_4.6_i3,Nivolumab,mAb_IgG4,3.5,146.0,8.8,0.3,4.5669,26.0,Histidine,6.0,15.0,none,0.0,none,0.0,none,0.0,none,0.0,1.3,1.1,0.9162644428161357,0.9162644428161357,0.9162644428161357,0.9162644428161357,0.91,
496_p3conc_6.7_i4,Nivolumab,mAb_IgG4,3.5,146.0,8.8,0.3,6.6762,26.0,Histidine,6.0,15.0,none,0.0,none,0.0,none,0.0,none,0.0,1.3,1.1,0.91,0.91,0.91,0.91,0.91,
496_p3conc_9.8_i5,Nivolumab,mAb_IgG4,3.5,146.0,8.8,0.3,9.7596,26.0,Histidine,6.0,15.0,none,0.0,none,0.0,none,0.0,none,0.0,1.3,1.1,0.91,0.91,0.91,0.91,0.91,
496_p3conc_14.3_i6,Nivolumab,mAb_IgG4,3.5,146.0,8.8,0.3,14.2672,26.0,Histidine,6.0,15.0,none,0.0,none,0.0,none,0.0,none,0.0,1.3,1.1,0.9802836184682997,0.9312455657083556,0.9312455657083556,0.9312455657083556,0.9312455657083556,
496_p3conc_20.9_i7,Nivolumab,mAb_IgG4,3.5,146.0,8.8,0.3,20.8567,26.0,Histidine,6.0,15.0,none,0.0,none,0.0,none,0.0,none,0.0,1.3,1.1,0.9870929411030722,0.9778599457775112,0.9778599457775112,0.9247454795100009,0.9247454795100009,
496_p3conc_30.5_i8,Nivolumab,mAb_IgG4,3.5,146.0,8.8,0.3,30.4895,26.0,Histidine,6.0,15.0,none,0.0,none,0.0,none,0.0,none,0.0,1.3,1.1,1.1265914355117503,1.1265914355117503,1.102280662399997,1.102280662399997,1.0045229673457874,
494_p3conc_44.6_i9,Nivolumab,mAb_IgG4,3.5,146.0,8.8,0.3,44.5714,25.64,Histidine,6.0,15.0,none,0.0,none,0.0,none,0.0,none,0.0,1.3,1.1,1.388593294240159,1.388593294240159,1.2322655894044665,1.18331401960448,1.1195835327984915,
494_p3conc_64.5_i10,Nivolumab,mAb_IgG4,3.5,146.0,8.8,0.3,64.5003,25.64,Histidine,6.0,15.0,none,0.0,none,0.0,none,0.0,none,0.0,1.3,1.1,2.0926947143620436,1.9542991778222683,1.6016264267904297,1.383719134318956,1.27650819260136,
494_p3conc_65.2_i11,Nivolumab,mAb_IgG4,3.5,146.0,8.8,0.3,65.157,25.64,Histidine,6.0,15.0,none,0.0,none,0.0,none,0.0,none,0.0,1.3,1.1,1.9551591568863267,1.8888762310805718,1.5648217081217848,1.441958609181146,1.2194158439358393,
494_p3conc_75.6_i12,Nivolumab,mAb_IgG4,3.5,146.0,8.8,0.3,75.6418,25.64,Histidine,6.0,15.0,none,0.0,none,0.0,none,0.0,none,0.0,1.3,1.1,1.9658434342596902,1.9658434342596902,1.8693417177308274,1.6757489353526795,1.3257531349640854,
495_p3conc_88.7_i13,Nivolumab,mAb_IgG4,3.5,146.0,8.8,0.3,88.7076,24.47,Histidine,6.0,15.0,none,0.0,none,0.0,none,0.0,none,0.0,1.3,1.1,2.324590946433685,2.324590946433685,2.00706189026219,2.00706189026219,1.4303168157738275,
495_p3conc_95.3_i14,Nivolumab,mAb_IgG4,3.5,146.0,8.8,0.3,95.2504,24.47,Histidine,6.0,15.0,none,0.0,none,0.0,none,0.0,none,0.0,1.3,1.1,2.364981013122854,2.364981013122854,2.203837074360111,2.107484206568943,1.6372261224083606,
495_p3conc_104.0_i15,Nivolumab,mAb_IgG4,3.5,146.0,8.8,0.3,104.0303,24.47,Histidine,6.0,15.0,none,0.0,none,0.0,none,0.0,none,0.0,1.3,1.1,2.5154495159162424,2.5154495159162424,2.480848218874521,2.480848218874521,1.7201172860222993,
495_p3conc_132.2_i16,Nivolumab,mAb_IgG4,3.5,146.0,8.8,0.3,132.1591,24.47,Histidine,6.0,15.0,none,0.0,none,0.0,none,0.0,none,0.0,1.3,1.1,3.0753264332677546,3.0753264332677546,3.0753264332677546,3.0753264332677546,1.673689831845618,
495_p3conc_139.2_i17,Nivolumab,mAb_IgG4,3.5,146.0,8.8,0.3,139.2429,24.47,Histidine,6.0,15.0,none,0.0,none,0.0,none,0.0,none,0.0,1.3,1.1,3.2749128623902224,3.2749128623902224,3.2749128623902224,3.2089189779222758,1.9576643270395935,
495_p3conc_143.2_i18,Nivolumab,mAb_IgG4,3.5,146.0,8.8,0.3,143.1644,24.47,Histidine,6.0,15.0,none,0.0,none,0.0,none,0.0,none,0.0,1.3,1.1,3.4028275605554366,3.3238928580931035,3.3238928580931035,3.3238928580931035,1.937811891530592,
493_p3conc_155.1_i19,Nivolumab,mAb_IgG4,3.5,146.0,8.8,0.3,155.0858,25.25,Histidine,6.0,15.0,none,0.0,none,0.0,none,0.0,none,0.0,1.3,1.1,3.7694631013424753,3.7694631013424753,3.7694631013424753,3.6364734972714956,1.9652944515562445,
493_p3conc_178.3_i20,Nivolumab,mAb_IgG4,3.5,146.0,8.8,0.3,178.2896,25.25,Histidine,6.0,15.0,none,0.0,none,0.0,none,0.0,none,0.0,1.3,1.1,5.303030642714283,5.303030642714283,5.303030642714283,4.784148796682824,1.9646617111243112,
493_p3conc_189.2_i21,Nivolumab,mAb_IgG4,3.5,146.0,8.8,0.3,189.2095,25.25,Histidine,6.0,15.0,none,0.0,none,0.0,none,0.0,none,0.0,1.3,1.1,7.395003405331502,7.395003405331502,6.553820741615486,5.5878693607086785,2.4103704072753582,
493_p3conc_200.8_i22,Nivolumab,mAb_IgG4,3.5,146.0,8.8,0.3,200.7983,25.25,Histidine,6.0,15.0,none,0.0,none,0.0,none,0.0,none,0.0,1.3,1.1,10.771268368756656,9.494798066965233,8.48192046182931,7.285292791972783,2.980925263201783,
493_p3conc_203.6_i23,Nivolumab,mAb_IgG4,3.5,146.0,8.8,0.3,203.5532,25.25,Histidine,6.0,15.0,none,0.0,none,0.0,none,0.0,none,0.0,1.3,1.1,10.289168406513816,9.415201683915965,9.246827497595048,7.916748612711979,2.8286513965693287,
502_p3conc_213.1_i24,Nivolumab,mAb_IgG4,3.5,146.0,8.8,0.3,213.0968,25.29,Histidine,6.0,15.0,none,0.0,none,0.0,none,0.0,none,0.0,1.3,1.1,13.615315847161757,12.77834641769414,12.414946568275477,9.670259559828043,3.7231113355819416,
502_p3conc_226.1_i25,Nivolumab,mAb_IgG4,3.5,146.0,8.8,0.3,226.1487,25.29,Histidine,6.0,15.0,none,0.0,none,0.0,none,0.0,none,0.0,1.3,1.1,20.810938841633913,18.614049463568048,17.079398239925464,11.636199905697522,4.769408808307636,
502_p3conc_264.0_i26,Nivolumab,mAb_IgG4,3.5,146.0,8.8,0.3,263.9927,25.29,Histidine,6.0,15.0,none,0.0,none,0.0,none,0.0,none,0.0,1.3,1.1,42.895758210383384,38.95858508256301,34.54731170368887,26.501140203627013,8.699416040645247,
502_p3conc_276.9_i27,Nivolumab,mAb_IgG4,3.5,146.0,8.8,0.3,276.8745,25.29,Histidine,6.0,15.0,none,0.0,none,0.0,none,0.0,none,0.0,1.3,1.1,48.878586563225,45.62595636776672,41.485993657468306,31.0692868035537,10.541712976070079,
492_p3conc_290.4_i28,Nivolumab,mAb_IgG4,3.5,146.0,8.8,0.3,290.3842,25.21,Histidine,6.0,15.0,none,0.0,none,0.0,none,0.0,none,0.0,1.3,1.1,60.38444667197579,52.809765751630955,50.95368784143238,50.95368784143238,13.90189193191976,
492_p3conc_297.6_i29,Nivolumab,mAb_IgG4,3.5,146.0,8.8,0.3,297.5665,25.21,Histidine,6.0,15.0,none,0.0,none,0.0,none,0.0,none,0.0,1.3,1.1,66.93824793035884,65.04005380000046,64.33500306062926,60.04421073505839,16.926127475021165,
492_p3conc_304.6_i30,Nivolumab,mAb_IgG4,3.5,146.0,8.8,0.3,304.5538,25.21,Histidine,6.0,15.0,none,0.0,none,0.0,none,0.0,none,0.0,1.3,1.1,76.37164338210674,65.56316012585349,65.56316012585349,61.10263112715367,17.95395231800629,
492_p3conc_357.6_i31,Nivolumab,mAb_IgG4,3.5,146.0,8.8,0.3,357.607,25.21,Histidine,6.0,15.0,none,0.0,none,0.0,none,0.0,none,0.0,1.3,1.1,121.53171093152366,114.86951264998417,114.86951264998417,114.86951264998417,30.901922694997495,
492_p3conc_369.5_i32,Nivolumab,mAb_IgG4,3.5,146.0,8.8,0.3,369.4758,25.21,Histidine,6.0,15.0,none,0.0,none,0.0,none,0.0,none,0.0,1.3,1.1,126.4841895180304,126.4841895180304,126.4841895180304,126.4841895180304,30.505280758035195,
492_p3conc_381.7_i33,Nivolumab,mAb_IgG4,3.5,146.0,8.8,0.3,381.7394,25.21,Histidine,6.0,15.0,none,0.0,none,0.0,none,0.0,none,0.0,1.3,1.1,147.2211896145244,135.6702030586596,135.6702030586596,135.61498205249958,31.42998741291464,
492_p3conc_394.4_i34,Nivolumab,mAb_IgG4,3.5,146.0,8.8,0.3,394.4101,25.21,Histidine,6.0,15.0,none,0.0,none,0.0,none,0.0,none,0.0,1.3,1.1,135.90586320644658,135.90586320644658,129.5393808992648,129.5393808992648,36.01669844843291,
492_p3conc_407.5_i35,Nivolumab,mAb_IgG4,3.5,146.0,8.8,0.3,407.5004,25.21,Histidine,6.0,15.0,none,0.0,none,0.0,none,0.0,none,0.0,1.3,1.1,143.49683747764726,143.49683747764726,143.49683747764726,143.49683747764726,33.71775331438927,
492_p3conc_421.0_i36,Nivolumab,mAb_IgG4,3.5,146.0,8.8,0.3,421.0261,25.21,Histidine,6.0,15.0,none,0.0,none,0.0,none,0.0,none,0.0,1.3,1.1,147.23761405884485,147.23761405884485,147.23761405884485,147.23761405884485,38.6448096393753,
225_p3conc_1.4_i0,Pembrolizumab,mAb_IgG4,3.5,149.0,7.57,0.3,1.4262,27.5,Acetate,5.0,20.0,none,0.0,none,0.0,none,0.0,none,0.0,1.3,1.1,0.9805536501488906,0.9359196915829379,0.9359196915829379,0.91,0.91,
225_p3conc_1.8_i1,Pembrolizumab,mAb_IgG4,3.5,149.0,7.57,0.3,1.7783,27.5,Acetate,5.0,20.0,none,0.0,none,0.0,none,0.0,none,0.0,1.3,1.1,0.9417060529619653,0.9119783902207098,0.9119783902207098,0.91,0.91,
225_p3conc_2.0_i2,Pembrolizumab,mAb_IgG4,3.5,149.0,7.57,0.3,2.034,27.5,Acetate,5.0,20.0,none,0.0,none,0.0,none,0.0,none,0.0,1.3,1.1,0.91,0.91,0.91,0.91,0.91,
225_p3conc_2.9_i3,Pembrolizumab,mAb_IgG4,3.5,149.0,7.57,0.3,2.9009,27.5,Acetate,5.0,20.0,none,0.0,none,0.0,none,0.0,none,0.0,1.3,1.1,0.91,0.91,0.91,0.91,0.91,
225_p3conc_3.2_i4,Pembrolizumab,mAb_IgG4,3.5,149.0,7.57,0.3,3.1623,27.5,Acetate,5.0,20.0,none,0.0,none,0.0,none,0.0,none,0.0,1.3,1.1,0.91,0.91,0.91,0.91,0.91,
225_p3conc_4.1_i5,Pembrolizumab,mAb_IgG4,3.5,149.0,7.57,0.3,4.1373,27.5,Acetate,5.0,20.0,none,0.0,none,0.0,none,0.0,none,0.0,1.3,1.1,0.9939367800209981,0.960812643369812,0.960812643369812,0.960812643369812,0.960812643369812,
225_p3conc_5.6_i6,Pembrolizumab,mAb_IgG4,3.5,149.0,7.57,0.3,5.6234,27.5,Acetate,5.0,20.0,none,0.0,none,0.0,none,0.0,none,0.0,1.3,1.1,1.1527440012717112,1.0916351914256432,1.0176887414106028,1.0176887414106028,0.920409424333988,
225_p3conc_5.9_i7,Pembrolizumab,mAb_IgG4,3.5,149.0,7.57,0.3,5.9006,27.5,Acetate,5.0,20.0,none,0.0,none,0.0,none,0.0,none,0.0,1.3,1.1,0.9673459363400297,0.9673459363400297,0.9353390617016687,0.9353390617016687,0.9353390617016687,
225_p3conc_8.4_i8,Pembrolizumab,mAb_IgG4,3.5,149.0,7.57,0.3,8.4154,27.5,Acetate,5.0,20.0,none,0.0,none,0.0,none,0.0,none,0.0,1.3,1.1,1.1028734997763192,1.1028734997763192,1.071169637686179,1.014872790458431,1.0057621690665854,
225_p3conc_10.0_i9,Pembrolizumab,mAb_IgG4,3.5,149.0,7.57,0.3,10.0,27.5,Acetate,5.0,20.0,none,0.0,none,0.0,none,0.0,none,0.0,1.3,1.1,1.2310099802902312,1.1340950560384555,1.0637311725769911,1.0637311725769911,1.0489630246735342,
225_p3conc_12.0_i10,Pembrolizumab,mAb_IgG4,3.5,149.0,7.57,0.3,12.002,27.5,Acetate,5.0,20.0,none,0.0,none,0.0,none,0.0,none,0.0,1.3,1.1,1.2936309588054598,1.1439016546834857,1.1294162142896926,1.1294162142896926,0.9756621743132836,
225_p3conc_17.1_i11,Pembrolizumab,mAb_IgG4,3.5,149.0,7.57,0.3,17.1173,27.5,Acetate,5.0,20.0,none,0.0,none,0.0,none,0.0,none,0.0,1.3,1.1,1.3423399356787316,1.3423399356787316,1.2214942379749936,1.1548426885364298,1.084032492660331,
225_p3conc_17.8_i12,Pembrolizumab,mAb_IgG4,3.5,149.0,7.57,0.3,17.7828,27.5,Acetate,5.0,20.0,none,0.0,none,0.0,none,0.0,none,0.0,1.3,1.1,1.360391770191115,1.360391770191115,1.2277954084859424,1.2277954084859424,1.0822080030048995,
225_p3conc_24.4_i13,Pembrolizumab,mAb_IgG4,3.5,149.0,7.57,0.3,24.4125,27.5,Acetate,5.0,20.0,none,0.0,none,0.0,none,0.0,none,0.0,1.3,1.1,1.6277772087184557,1.6277772087184557,1.3019125655492012,1.275932124354187,1.060092346077223,
225_p3conc_31.6_i14,Pembrolizumab,mAb_IgG4,3.5,149.0,7.57,0.3,31.6228,27.5,Acetate,5.0,20.0,none,0.0,none,0.0,none,0.0,none,0.0,1.3,1.1,1.8467445541005263,1.8073007662390546,1.3606145130117049,1.3606145130117049,1.1255915164053814,
225_p3conc_34.8_i15,Pembrolizumab,mAb_IgG4,3.5,149.0,7.57,0.3,34.8171,27.5,Acetate,5.0,20.0,none,0.0,none,0.0,none,0.0,none,0.0,1.3,1.1,1.8854551450843158,1.8854551450843158,1.3465577977671852,1.3465577977671852,1.147018651426446,
225_p3conc_49.7_i16,Pembrolizumab,mAb_IgG4,3.5,149.0,7.57,0.3,49.6559,27.5,Acetate,5.0,20.0,none,0.0,none,0.0,none,0.0,none,0.0,1.3,1.1,1.9272096001778962,1.9272096001778962,1.6794019538098015,1.6794019538098015,1.2239893708960417,
225_p3conc_56.2_i17,Pembrolizumab,mAb_IgG4,3.5,149.0,7.57,0.3,56.2341,27.5,Acetate,5.0,20.0,none,0.0,none,0.0,none,0.0,none,0.0,1.3,1.1,2.3082968377411626,2.2785732222612487,1.8903209077831495,1.7283358350523266,1.2729251819269665,
225_p3conc_70.8_i18,Pembrolizumab,mAb_IgG4,3.5,149.0,7.57,0.3,70.8192,27.5,Acetate,5.0,20.0,none,0.0,none,0.0,none,0.0,none,0.0,1.3,1.1,2.456819040863554,2.456819040863554,2.243167496048285,1.9015786448857892,1.2794453697232293,
225_p3conc_109.8_i19,Pembrolizumab,mAb_IgG4,3.5,149.0,7.57,0.3,109.8485,27.5,Acetate,5.0,20.0,none,0.0,none,0.0,none,0.0,none,0.0,1.3,1.1,3.7975462443579304,3.3202848152210267,2.591502326490655,2.250578020375901,1.5208865087503043,
225_p3conc_120.7_i20,Pembrolizumab,mAb_IgG4,3.5,149.0,7.57,0.3,120.6669,27.5,Acetate,5.0,20.0,none,0.0,none,0.0,none,0.0,none,0.0,1.3,1.1,4.174102671903518,3.9085732615730753,2.8885256174132516,2.4102611411786645,1.5928130047882025,
225_p3conc_132.6_i21,Pembrolizumab,mAb_IgG4,3.5,149.0,7.57,0.3,132.5507,27.5,Acetate,5.0,20.0,none,0.0,none,0.0,none,0.0,none,0.0,1.3,1.1,5.247620797062949,4.579303764079787,3.493943527621249,3.454336806422741,2.177910717252128,
225_p3conc_144.0_i22,Pembrolizumab,mAb_IgG4,3.5,149.0,7.57,0.3,144.0486,27.5,Acetate,5.0,20.0,none,0.0,none,0.0,none,0.0,none,0.0,1.3,1.1,6.672528685166858,5.854485561301808,4.378501525101181,3.4164777342311115,2.226784472101129,
225_p3conc_145.6_i23,Pembrolizumab,mAb_IgG4,3.5,149.0,7.57,0.3,145.6049,27.5,Acetate,5.0,20.0,none,0.0,none,0.0,none,0.0,none,0.0,1.3,1.1,6.701126652159124,5.997144610932797,4.3054022449508285,4.07817681885097,2.3359469345512625,
217_p3conc_159.9_i24,Pembrolizumab,mAb_IgG4,3.5,149.0,7.57,0.3,159.9448,27.5,Acetate,5.0,20.0,none,0.0,none,0.0,none,0.0,none,0.0,1.3,1.1,8.24416891994222,7.281053618632722,5.887391398022895,4.366258780989729,2.6512419512143808,
217_p3conc_175.7_i25,Pembrolizumab,mAb_IgG4,3.5,149.0,7.57,0.3,175.6965,27.5,Acetate,5.0,20.0,none,0.0,none,0.0,none,0.0,none,0.0,1.3,1.1,11.5772496154909,9.930667664797125,8.083821275197975,5.832598043292623,3.5066348686195425,
217_p3conc_203.3_i26,Pembrolizumab,mAb_IgG4,3.5,149.0,7.57,0.3,203.3391,27.5,Acetate,5.0,20.0,none,0.0,none,0.0,none,0.0,none,0.0,1.3,1.1,17.1643872683152,11.636702237587144,10.868396913377786,7.449088913619607,4.575026826345355,
217_p3conc_205.4_i27,Pembrolizumab,mAb_IgG4,3.5,149.0,7.57,0.3,205.4414,27.5,Acetate,5.0,20.0,none,0.0,none,0.0,none,0.0,none,0.0,1.3,1.1,18.489476885527843,12.668333452067413,12.19427051340597,7.677103636246049,4.313933279406743,
217_p3conc_214.2_i28,Pembrolizumab,mAb_IgG4,3.5,149.0,7.57,0.3,214.2323,27.5,Acetate,5.0,20.0,none,0.0,none,0.0,none,0.0,none,0.0,1.3,1.1,18.92405000337497,12.675297782448867,12.675297782448867,8.399980758674195,4.614461473217107,
217_p3conc_225.7_i29,Pembrolizumab,mAb_IgG4,3.5,149.0,7.57,0.3,225.7091,27.5,Acetate,5.0,20.0,none,0.0,none,0.0,none,0.0,none,0.0,1.3,1.1,24.124338658362994,16.442342046670774,16.442342046670774,9.055094625717473,5.134880673042182,
217_p3conc_237.8_i30,Pembrolizumab,mAb_IgG4,3.5,149.0,7.57,0.3,237.8001,27.5,Acetate,5.0,20.0,none,0.0,none,0.0,none,0.0,none,0.0,1.3,1.1,25.900201189027097,17.8773307173689,16.796141791008747,9.620426053748353,5.355647626773636,
217_p3conc_250.5_i31,Pembrolizumab,mAb_IgG4,3.5,149.0,7.57,0.3,250.5394,27.5,Acetate,5.0,20.0,none,0.0,none,0.0,none,0.0,none,0.0,1.3,1.1,30.06678384843365,18.82853497784681,18.72641075751372,10.94186798889895,5.968671630575032,
217_p3conc_264.0_i32,Pembrolizumab,mAb_IgG4,3.5,149.0,7.57,0.3,263.9611,27.5,Acetate,5.0,20.0,none,0.0,none,0.0,none,0.0,none,0.0,1.3,1.1,34.16437296478271,19.49636382217568,19.49636382217568,13.219192248259803,6.535690797528399,
217_p3conc_278.1_i33,Pembrolizumab,mAb_IgG4,3.5,149.0,7.57,0.3,278.1019,27.5,Acetate,5.0,20.0,none,0.0,none,0.0,none,0.0,none,0.0,1.3,1.1,36.43010523675406,23.04036611898369,22.909831657260014,13.831915695523342,6.959712091708546,
426_p3conc_1.4_i0,Pembrolizumab,mAb_IgG4,3.5,149.0,7.57,0.3,1.4324,25.0,Histidine,6.0,15.0,none,0.0,none,0.0,none,0.0,none,0.0,1.3,1.1,0.9609371658287116,0.91,0.91,0.91,0.91,
426_p3conc_2.1_i1,Pembrolizumab,mAb_IgG4,3.5,149.0,7.57,0.3,2.0517,25.0,Histidine,6.0,15.0,none,0.0,none,0.0,none,0.0,none,0.0,1.3,1.1,0.953768706942157,0.9145302378572555,0.9145302378572555,0.9145302378572555,0.9145302378572555,
426_p3conc_2.6_i2,Pembrolizumab,mAb_IgG4,3.5,149.0,7.57,0.3,2.6458,25.0,Histidine,6.0,15.0,none,0.0,none,0.0,none,0.0,none,0.0,1.3,1.1,0.91,0.91,0.91,0.91,0.91,
426_p3conc_2.9_i3,Pembrolizumab,mAb_IgG4,3.5,149.0,7.57,0.3,2.9388,25.0,Histidine,6.0,15.0,none,0.0,none,0.0,none,0.0,none,0.0,1.3,1.1,0.9443297378169964,0.9443297378169964,0.9443297378169964,0.91,0.91,
426_p3conc_4.2_i4,Pembrolizumab,mAb_IgG4,3.5,149.0,7.57,0.3,4.2095,25.0,Histidine,6.0,15.0,none,0.0,none,0.0,none,0.0,none,0.0,1.3,1.1,0.91,0.91,0.91,0.91,0.91,
426_p3conc_6.0_i5,Pembrolizumab,mAb_IgG4,3.5,149.0,7.57,0.3,6.0296,25.0,Histidine,6.0,15.0,none,0.0,none,0.0,none,0.0,none,0.0,1.3,1.1,0.9424595581143005,0.9424595581143005,0.9424595581143005,0.9424595581143005,0.9424595581143005,
426_p3conc_7.0_i6,Pembrolizumab,mAb_IgG4,3.5,149.0,7.57,0.3,7.0,25.0,Histidine,6.0,15.0,none,0.0,none,0.0,none,0.0,none,0.0,1.3,1.1,1.0476230081050277,1.0476230081050277,1.0476230081050277,0.9310733765101802,0.9310733765101802,
426_p3conc_8.6_i7,Pembrolizumab,mAb_IgG4,3.5,149.0,7.57,0.3,8.6367,25.0,Histidine,6.0,15.0,none,0.0,none,0.0,none,0.0,none,0.0,1.3,1.1,1.00425829355993,1.00425829355993,1.00425829355993,1.00425829355993,1.00425829355993,
426_p3conc_12.4_i8,Pembrolizumab,mAb_IgG4,3.5,149.0,7.57,0.3,12.3711,25.0,Histidine,6.0,15.0,none,0.0,none,0.0,none,0.0,none,0.0,1.3,1.1,1.1294261089017272,1.0687461327244565,1.0558680624008092,1.0558680624008092,1.0558680624008092,
426_p3conc_17.7_i9,Pembrolizumab,mAb_IgG4,3.5,149.0,7.57,0.3,17.7201,25.0,Histidine,6.0,15.0,none,0.0,none,0.0,none,0.0,none,0.0,1.3,1.1,1.1527560761325322,1.1527560761325322,1.1188989384380124,1.1188989384380124,1.1188989384380124,
426_p3conc_18.5_i10,Pembrolizumab,mAb_IgG4,3.5,149.0,7.57,0.3,18.5203,25.0,Histidine,6.0,15.0,none,0.0,none,0.0,none,0.0,none,0.0,1.3,1.1,1.1728418391611068,1.1618080339056542,1.161211689298906,1.161211689298906,1.161211689298906,
426_p3conc_25.4_i11,Pembrolizumab,mAb_IgG4,3.5,149.0,7.57,0.3,25.3818,25.0,Histidine,6.0,15.0,none,0.0,none,0.0,none,0.0,none,0.0,1.3,1.1,1.2244891237725963,1.2244891237725963,1.2244891237725963,1.2244891237725963,1.2244891237725963,
426_p3conc_36.4_i12,Pembrolizumab,mAb_IgG4,3.5,149.0,7.57,0.3,36.3564,25.0,Histidine,6.0,15.0,none,0.0,none,0.0,none,0.0,none,0.0,1.3,1.1,1.4180683564240484,1.4180683564240484,1.4180683564240484,1.4180683564240484,1.3851299074966203,
426_p3conc_52.1_i13,Pembrolizumab,mAb_IgG4,3.5,149.0,7.57,0.3,52.0762,25.0,Histidine,6.0,15.0,none,0.0,none,0.0,none,0.0,none,0.0,1.3,1.1,1.8275546824012157,1.8021981081630407,1.748446484975665,1.6413539440531437,1.4454387087352643,
427_p3conc_88.8_i14,Pembrolizumab,mAb_IgG4,3.5,149.0,7.57,0.3,88.8258,25.0,Histidine,6.0,15.0,none,0.0,none,0.0,none,0.0,none,0.0,1.3,1.1,6.7914921091813865,6.7914921091813865,5.759071281300757,4.408377851552866,2.744333045701204,
427_p3conc_98.6_i15,Pembrolizumab,mAb_IgG4,3.5,149.0,7.57,0.3,98.625,25.0,Histidine,6.0,15.0,none,0.0,none,0.0,none,0.0,none,0.0,1.3,1.1,9.85288060697462,8.625041312784953,6.877555491938861,4.972856724111579,2.2036336218345416,
427_p3conc_106.8_i16,Pembrolizumab,mAb_IgG4,3.5,149.0,7.57,0.3,106.8452,25.0,Histidine,6.0,15.0,none,0.0,none,0.0,none,0.0,none,0.0,1.3,1.1,15.127953572925833,12.65853328166045,8.56560377566947,5.669799336756305,2.4580309489204026,
424_p3conc_109.5_i17,Pembrolizumab,mAb_IgG4,3.5,149.0,7.57,0.3,109.5055,25.0,Histidine,6.0,15.0,none,0.0,none,0.0,none,0.0,none,0.0,1.3,1.1,16.13463623640672,14.352839872894021,10.588039804961666,6.126953849880297,2.3966478811139202,
424_p3conc_121.6_i18,Pembrolizumab,mAb_IgG4,3.5,149.0,7.57,0.3,121.5864,25.0,Histidine,6.0,15.0,none,0.0,none,0.0,none,0.0,none,0.0,1.3,1.1,23.754968604593017,15.94576043406793,12.153821193463228,9.352340483555626,2.1362087076874254,
423_p3conc_161.0_i19,Pembrolizumab,mAb_IgG4,3.5,149.0,7.57,0.3,161.0482,25.0,Histidine,6.0,15.0,none,0.0,none,0.0,none,0.0,none,0.0,1.3,1.1,26.673827223992593,22.225826617906268,21.10672170056863,17.794869493548568,10.53737944535663,
423_p3conc_172.9_i20,Pembrolizumab,mAb_IgG4,3.5,149.0,7.57,0.3,172.91,25.0,Histidine,6.0,15.0,none,0.0,none,0.0,none,0.0,none,0.0,1.3,1.1,29.116272730527065,25.14689018568079,23.339784599224302,21.354808885742074,10.859503219635263,
425_p3conc_185.6_i21,Pembrolizumab,mAb_IgG4,3.5,149.0,7.57,0.3,185.6457,25.0,Histidine,6.0,15.0,none,0.0,none,0.0,none,0.0,none,0.0,1.3,1.1,30.53792188027994,26.785771905588742,26.785771905588742,26.785771905588742,13.547667232849331,
425_p3conc_199.3_i22,Pembrolizumab,mAb_IgG4,3.5,149.0,7.57,0.3,199.3191,25.0,Histidine,6.0,15.0,none,0.0,none,0.0,none,0.0,none,0.0,1.3,1.1,34.05971660263593,33.23451803818383,33.23451803818383,30.867209415107286,15.09118248954258,
425_p3conc_235.5_i23,Pembrolizumab,mAb_IgG4,3.5,149.0,7.57,0.3,235.5282,25.0,Histidine,6.0,15.0,none,0.0,none,0.0,none,0.0,none,0.0,1.3,1.1,52.21922725250128,51.88276433424047,51.88276433424047,50.572142372524326,17.322376547582405,
425_p3conc_247.1_i24,Pembrolizumab,mAb_IgG4,3.5,149.0,7.57,0.3,247.091,25.0,Histidine,6.0,15.0,none,0.0,none,0.0,none,0.0,none,0.0,1.3,1.1,55.737316869293814,55.737316869293814,55.737316869293814,51.93575862431895,18.759863287423293,
425_p3conc_259.2_i25,Pembrolizumab,mAb_IgG4,3.5,149.0,7.57,0.3,259.2221,25.0,Histidine,6.0,15.0,none,0.0,none,0.0,none,0.0,none,0.0,1.3,1.1,68.60332825970751,66.75549247597739,66.75549247597739,55.78450614320046,17.396144092666724,
425_p3conc_271.9_i26,Pembrolizumab,mAb_IgG4,3.5,149.0,7.57,0.3,271.9481,25.0,Histidine,6.0,15.0,none,0.0,none,0.0,none,0.0,none,0.0,1.3,1.1,74.5846618500625,74.5846618500625,74.5846618500625,64.18887629490509,18.74920091885737,
425_p3conc_285.3_i27,Pembrolizumab,mAb_IgG4,3.5,149.0,7.57,0.3,285.2995,25.0,Histidine,6.0,15.0,none,0.0,none,0.0,none,0.0,none,0.0,1.3,1.1,86.49609955977188,82.30168733034809,75.7033156107627,70.9365928676331,20.962261539132054,
425_p3conc_299.3_i28,Pembrolizumab,mAb_IgG4,3.5,149.0,7.57,0.3,299.3057,25.0,Histidine,6.0,15.0,none,0.0,none,0.0,none,0.0,none,0.0,1.3,1.1,93.65860497016669,92.49411720072762,86.62166527955432,81.4132438491026,23.650402439136606,
302_p3conc_1.4_i0,Trastuzumab,mAb_IgG1,3.0,149.0,8.9,0.3,1.4111,25.0,Acetate,5.0,20.0,none,0.0,none,0.0,none,0.0,none,0.0,1.0,1.0,0.9196925660324801,0.9196925660324801,0.9196925660324801,0.9196925660324801,0.91,
302_p3conc_1.6_i1,Trastuzumab,mAb_IgG1,3.0,149.0,8.9,0.3,1.5741,25.0,Acetate,5.0,20.0,none,0.0,none,0.0,none,0.0,none,0.0,1.0,1.0,1.1063084542805037,1.1063084542805037,0.9844564762483802,0.9823015681652586,0.91,
302_p3conc_2.0_i2,Trastuzumab,mAb_IgG1,3.0,149.0,8.9,0.3,1.9911,25.0,Acetate,5.0,20.0,none,0.0,none,0.0,none,0.0,none,0.0,1.0,1.0,1.2306160016933974,1.1261509354194492,1.0789969278667717,1.050478766874352,0.91,
302_p3conc_2.5_i3,Trastuzumab,mAb_IgG1,3.0,149.0,8.9,0.3,2.4778,25.0,Acetate,5.0,20.0,none,0.0,none,0.0,none,0.0,none,0.0,1.0,1.0,1.3488271999603714,1.3148013282966458,1.0889150500356284,1.0889150500356284,1.0814457028670756,
302_p3conc_2.8_i4,Trastuzumab,mAb_IgG1,3.0,149.0,8.9,0.3,2.8095,25.0,Acetate,5.0,20.0,none,0.0,none,0.0,none,0.0,none,0.0,1.0,1.0,1.5030983098210926,1.3049943495856058,1.2135401727775086,1.1802485900244621,0.9592838209650943,
302_p3conc_3.9_i5,Trastuzumab,mAb_IgG1,3.0,149.0,8.9,0.3,3.9002,25.0,Acetate,5.0,20.0,none,0.0,none,0.0,none,0.0,none,0.0,1.0,1.0,1.5741899856334751,1.502638782039856,1.2754335730082698,1.2754335730082698,0.962349797956083,
302_p3conc_4.0_i6,Trastuzumab,mAb_IgG1,3.0,149.0,8.9,0.3,3.9644,25.0,Acetate,5.0,20.0,none,0.0,none,0.0,none,0.0,none,0.0,1.0,1.0,1.639938487368809,1.6191282312830786,1.4023968710292056,1.3533269649326256,1.0032138003791846,
302_p3conc_5.6_i7,Trastuzumab,mAb_IgG1,3.0,149.0,8.9,0.3,5.5939,25.0,Acetate,5.0,20.0,none,0.0,none,0.0,none,0.0,none,0.0,1.0,1.0,2.0047663723749025,1.667437390394337,1.4355739361333284,1.4355739361333284,0.9208562621789771,
302_p3conc_6.1_i8,Trastuzumab,mAb_IgG1,3.0,149.0,8.9,0.3,6.1392,25.0,Acetate,5.0,20.0,none,0.0,none,0.0,none,0.0,none,0.0,1.0,1.0,1.9071694445253464,1.8218989671623964,1.4771195653044837,1.4452087056716048,0.9124933703409771,
302_p3conc_7.9_i9,Trastuzumab,mAb_IgG1,3.0,149.0,8.9,0.3,7.8933,25.0,Acetate,5.0,20.0,none,0.0,none,0.0,none,0.0,none,0.0,1.0,1.0,2.1498534974248393,1.997700041662052,1.7222278048465263,1.5166168500735617,0.9407394413515212,
302_p3conc_9.7_i10,Trastuzumab,mAb_IgG1,3.0,149.0,8.9,0.3,9.6637,25.0,Acetate,5.0,20.0,none,0.0,none,0.0,none,0.0,none,0.0,1.0,1.0,2.421400331951658,1.8515681392539565,1.6650056159793258,1.5784404015321578,0.9871429154221703,
302_p3conc_11.1_i11,Trastuzumab,mAb_IgG1,3.0,149.0,8.9,0.3,11.1379,25.0,Acetate,5.0,20.0,none,0.0,none,0.0,none,0.0,none,0.0,1.0,1.0,2.632949047347971,2.428531145676675,1.7763196445091554,1.5598497353362255,0.9566721188589312,
302_p3conc_15.2_i12,Trastuzumab,mAb_IgG1,3.0,149.0,8.9,0.3,15.2115,25.0,Acetate,5.0,20.0,none,0.0,none,0.0,none,0.0,none,0.0,1.0,1.0,2.7788817214589576,2.58688855248923,1.917043259045156,1.7564215580729776,0.9335824492328497,
302_p3conc_15.7_i13,Trastuzumab,mAb_IgG1,3.0,149.0,8.9,0.3,15.7162,25.0,Acetate,5.0,20.0,none,0.0,none,0.0,none,0.0,none,0.0,1.0,1.0,2.7574010996882037,2.469897864767419,2.078763525448661,1.7643753620903029,0.9927085468782072,
302_p3conc_22.2_i14,Trastuzumab,mAb_IgG1,3.0,149.0,8.9,0.3,22.1764,25.0,Acetate,5.0,20.0,none,0.0,none,0.0,none,0.0,none,0.0,1.0,1.0,3.4641307876114844,2.959048983124595,2.0157893721358944,2.0157893721358944,1.016892404679911,
302_p3conc_23.9_i15,Trastuzumab,mAb_IgG1,3.0,149.0,8.9,0.3,23.9443,25.0,Acetate,5.0,20.0,none,0.0,none,0.0,none,0.0,none,0.0,1.0,1.0,3.0931761874004047,3.0931761874004047,2.2527805442697635,2.0656512252653796,1.0811973306972977,
302_p3conc_31.3_i16,Trastuzumab,mAb_IgG1,3.0,149.0,8.9,0.3,31.2922,25.0,Acetate,5.0,20.0,none,0.0,none,0.0,none,0.0,none,0.0,1.0,1.0,3.977303899530514,3.517882107536467,2.4416583308567494,2.2535177381419658,0.9309917349192548,
302_p3conc_37.7_i17,Trastuzumab,mAb_IgG1,3.0,149.0,8.9,0.3,37.6904,25.0,Acetate,5.0,20.0,none,0.0,none,0.0,none,0.0,none,0.0,1.0,1.0,3.82682335604309,3.7260414801784334,2.5919619269715417,2.208390046264685,0.9659585387518141,
302_p3conc_44.2_i18,Trastuzumab,mAb_IgG1,3.0,149.0,8.9,0.3,44.1549,25.0,Acetate,5.0,20.0,none,0.0,none,0.0,none,0.0,none,0.0,1.0,1.0,4.468749159514951,3.5575353853661027,2.5372910410821965,2.336069130417421,1.011222068664482,
302_p3conc_59.3_i19,Trastuzumab,mAb_IgG1,3.0,149.0,8.9,0.3,59.328,25.0,Acetate,5.0,20.0,none,0.0,none,0.0,none,0.0,none,0.0,1.0,1.0,5.446402452551419,4.129997408759051,2.778485198065735,2.4089533433290047,1.0766270101695372,
302_p3conc_62.3_i20,Trastuzumab,mAb_IgG1,3.0,149.0,8.9,0.3,62.305,25.0,Acetate,5.0,20.0,none,0.0,none,0.0,none,0.0,none,0.0,1.0,1.0,5.054698242321979,4.5732479132035255,2.508405570141871,2.508405570141871,1.0388442612027113,
302_p3conc_87.9_i21,Trastuzumab,mAb_IgG1,3.0,149.0,8.9,0.3,87.9156,25.0,Acetate,5.0,20.0,none,0.0,none,0.0,none,0.0,none,0.0,1.0,1.0,6.1357967184248965,4.789459255009253,3.199394383951954,2.7591467565555443,1.047985390814933,
302_p3conc_93.4_i22,Trastuzumab,mAb_IgG1,3.0,149.0,8.9,0.3,93.3873,25.0,Acetate,5.0,20.0,none,0.0,none,0.0,none,0.0,none,0.0,1.0,1.0,6.295251304224945,4.835401857364617,3.2456048577121304,2.915154485231841,1.0294572696534534,
302_p3conc_124.1_i23,Trastuzumab,mAb_IgG1,3.0,149.0,8.9,0.3,124.0538,25.0,Acetate,5.0,20.0,none,0.0,none,0.0,none,0.0,none,0.0,1.0,1.0,6.58613055105794,5.100093494542145,3.3768954784539904,3.0377459451930147,1.0860127934122146,
302_p3conc_156.9_i24,Trastuzumab,mAb_IgG1,3.0,149.0,8.9,0.3,156.852,25.0,Acetate,5.0,20.0,none,0.0,none,0.0,none,0.0,none,0.0,1.0,1.0,7.677757336007005,6.448626893449571,3.802311544751749,3.7853025255921056,1.0875279505601938,
302_p3conc_167.4_i25,Trastuzumab,mAb_IgG1,3.0,149.0,8.9,0.3,167.364,25.0,Acetate,5.0,20.0,none,0.0,none,0.0,none,0.0,none,0.0,1.0,1.0,7.3962507641051705,6.534714141215174,3.960187709517525,3.4011170639171646,0.9650343000769941,
302_p3conc_175.0_i26,Trastuzumab,mAb_IgG1,3.0,149.0,8.9,0.3,175.0463,25.0,Acetate,5.0,20.0,none,0.0,none,0.0,none,0.0,none,0.0,1.0,1.0,8.04368813170408,6.215343803138468,3.5032876911328645,3.3946338512941634,0.9933634974352844,
302_p3conc_178.6_i27,Trastuzumab,mAb_IgG1,3.0,149.0,8.9,0.3,178.5809,25.0,Acetate,5.0,20.0,none,0.0,none,0.0,none,0.0,none,0.0,1.0,1.0,8.287642609733057,6.667430937606921,3.7286289087348052,3.298041522984528,1.0573236784255016,
302_p3conc_190.5_i28,Trastuzumab,mAb_IgG1,3.0,149.0,8.9,0.3,190.5491,25.0,Acetate,5.0,20.0,none,0.0,none,0.0,none,0.0,none,0.0,1.0,1.0,7.753474880089591,6.583212700170316,3.342550194022538,3.342550194022538,1.0740776642003074,
302_p3conc_203.3_i29,Trastuzumab,mAb_IgG1,3.0,149.0,8.9,0.3,203.32,25.0,Acetate,5.0,20.0,none,0.0,none,0.0,none,0.0,none,0.0,1.0,1.0,8.676902473044215,6.86456801715134,4.056940751216161,3.5848100866149313,1.12290533479809,
302_p3conc_216.9_i30,Trastuzumab,mAb_IgG1,3.0,149.0,8.9,0.3,216.9462,25.0,Acetate,5.0,20.0,none,0.0,none,0.0,none,0.0,none,0.0,1.0,1.0,9.674685155436139,7.073838727078469,3.9812278259490417,3.7531878864148926,1.049806777567626,
302_p3conc_231.5_i31,Trastuzumab,mAb_IgG1,3.0,149.0,8.9,0.3,231.4861,25.0,Acetate,5.0,20.0,none,0.0,none,0.0,none,0.0,none,0.0,1.0,1.0,8.761361854974165,7.249581088253279,4.031528176314346,3.623695080442667,1.1202912902397106,
311_p3conc_1.4_i0,Trastuzumab,mAb_IgG1,3.0,149.0,8.9,0.3,1.4146,25.0,Histidine,6.0,15.0,none,0.0,none,0.0,none,0.0,none,0.0,1.0,1.0,0.91,0.91,0.91,0.91,0.91,
311_p3conc_1.7_i1,Trastuzumab,mAb_IgG1,3.0,149.0,8.9,0.3,1.71,25.0,Histidine,6.0,15.0,none,0.0,none,0.0,none,0.0,none,0.0,1.0,1.0,0.9235977551848912,0.9235977551848912,0.9104044619842301,0.9104044619842301,0.9104044619842301,
311_p3conc_2.0_i2,Trastuzumab,mAb_IgG1,3.0,149.0,8.9,0.3,2.001,25.0,Histidine,6.0,15.0,none,0.0,none,0.0,none,0.0,none,0.0,1.0,1.0,0.91,0.91,0.91,0.91,0.91,
311_p3conc_2.8_i3,Trastuzumab,mAb_IgG1,3.0,149.0,8.9,0.3,2.8305,25.0,Histidine,6.0,15.0,none,0.0,none,0.0,none,0.0,none,0.0,1.0,1.0,0.9983004284483747,0.9357306686462281,0.9357306686462281,0.9357306686462281,0.9357306686462281,
311_p3conc_2.9_i4,Trastuzumab,mAb_IgG1,3.0,149.0,8.9,0.3,2.924,25.0,Histidine,6.0,15.0,none,0.0,none,0.0,none,0.0,none,0.0,1.0,1.0,0.91,0.91,0.91,0.91,0.91,
311_p3conc_4.0_i5,Trastuzumab,mAb_IgG1,3.0,149.0,8.9,0.3,4.0039,25.0,Histidine,6.0,15.0,none,0.0,none,0.0,none,0.0,none,0.0,1.0,1.0,1.0186331195174743,0.9432626692222084,0.9432626692222084,0.9432626692222084,0.9432626692222084,
311_p3conc_5.0_i6,Trastuzumab,mAb_IgG1,3.0,149.0,8.9,0.3,5.0,25.0,Histidine,6.0,15.0,none,0.0,none,0.0,none,0.0,none,0.0,1.0,1.0,1.0546459794331444,1.0117589462054422,1.0004365678333949,0.9832345119012584,0.9832345119012584,
311_p3conc_5.7_i7,Trastuzumab,mAb_IgG1,3.0,149.0,8.9,0.3,5.6637,25.0,Histidine,6.0,15.0,none,0.0,none,0.0,none,0.0,none,0.0,1.0,1.0,1.049891757068415,0.9756788892056799,0.961297599045278,0.961297599045278,0.961297599045278,
311_p3conc_8.0_i8,Trastuzumab,mAb_IgG1,3.0,149.0,8.9,0.3,8.0117,25.0,Histidine,6.0,15.0,none,0.0,none,0.0,none,0.0,none,0.0,1.0,1.0,1.0030940461617421,1.0030940461617421,1.0030940461617421,1.0030940461617421,1.0030940461617421,
311_p3conc_8.5_i9,Trastuzumab,mAb_IgG1,3.0,149.0,8.9,0.3,8.5499,25.0,Histidine,6.0,15.0,none,0.0,none,0.0,none,0.0,none,0.0,1.0,1.0,1.0875571253030605,1.0875571253030605,1.0809945294938754,1.0809945294938754,1.0809945294938754,
311_p3conc_11.3_i10,Trastuzumab,mAb_IgG1,3.0,149.0,8.9,0.3,11.333,25.0,Histidine,6.0,15.0,none,0.0,none,0.0,none,0.0,none,0.0,1.0,1.0,1.1156610263956066,1.0935869716605258,1.0935869716605258,1.0935869716605258,1.0935869716605258,
311_p3conc_14.6_i11,Trastuzumab,mAb_IgG1,3.0,149.0,8.9,0.3,14.6201,25.0,Histidine,6.0,15.0,none,0.0,none,0.0,none,0.0,none,0.0,1.0,1.0,1.1997546112528252,1.1912741958682869,1.1849962045010447,1.1849962045010447,1.1849962045010447,
311_p3conc_16.0_i12,Trastuzumab,mAb_IgG1,3.0,149.0,8.9,0.3,16.0312,25.0,Histidine,6.0,15.0,none,0.0,none,0.0,none,0.0,none,0.0,1.0,1.0,1.236122695723249,1.236122695723249,1.2347615844334137,1.2347615844334137,1.2347615844334137,
311_p3conc_22.7_i13,Trastuzumab,mAb_IgG1,3.0,149.0,8.9,0.3,22.6771,25.0,Histidine,6.0,15.0,none,0.0,none,0.0,none,0.0,none,0.0,1.0,1.0,1.3582870388136612,1.3582870388136612,1.3532139021809122,1.3532139021809122,1.3532139021809122,
311_p3conc_25.0_i14,Trastuzumab,mAb_IgG1,3.0,149.0,8.9,0.3,25.0,25.0,Histidine,6.0,15.0,none,0.0,none,0.0,none,0.0,none,0.0,1.0,1.0,1.5198408831165846,1.3750945957041854,1.3750945957041854,1.3750945957041854,1.3750945957041854,
311_p3conc_32.1_i15,Trastuzumab,mAb_IgG1,3.0,149.0,8.9,0.3,32.0781,25.0,Histidine,6.0,15.0,none,0.0,none,0.0,none,0.0,none,0.0,1.0,1.0,1.4940824190328388,1.4940824190328388,1.4840102859948783,1.4840102859948783,1.4840102859948783,
311_p3conc_42.7_i16,Trastuzumab,mAb_IgG1,3.0,149.0,8.9,0.3,42.7494,25.0,Histidine,6.0,15.0,none,0.0,none,0.0,none,0.0,none,0.0,1.0,1.0,1.7468983933650444,1.5968220261791342,1.5968220261791342,1.5968220261791342,1.5968220261791342,
311_p3conc_45.4_i17,Trastuzumab,mAb_IgG1,3.0,149.0,8.9,0.3,45.3763,25.0,Histidine,6.0,15.0,none,0.0,none,0.0,none,0.0,none,0.0,1.0,1.0,1.7773294220303282,1.6986384160256087,1.6986384160256087,1.6104954548590984,1.6104954548590984,
311_p3conc_64.2_i18,Trastuzumab,mAb_IgG1,3.0,149.0,8.9,0.3,64.1874,25.0,Histidine,6.0,15.0,none,0.0,none,0.0,none,0.0,none,0.0,1.0,1.0,2.107167724526265,2.107167724526265,2.048970552608913,1.8373867104598294,1.8373867104598294,
311_p3conc_73.1_i19,Trastuzumab,mAb_IgG1,3.0,149.0,8.9,0.3,73.1004,25.0,Histidine,6.0,15.0,none,0.0,none,0.0,none,0.0,none,0.0,1.0,1.0,2.2251586090553848,2.1078759715182476,2.1078759715182476,2.1078759715182476,2.1078759715182476,
311_p3conc_90.8_i20,Trastuzumab,mAb_IgG1,3.0,149.0,8.9,0.3,90.7969,25.0,Histidine,6.0,15.0,none,0.0,none,0.0,none,0.0,none,0.0,1.0,1.0,2.611554369054449,2.611554369054449,2.316312380888311,2.2751189464772046,2.2751189464772046,
311_p3conc_134.9_i21,Trastuzumab,mAb_IgG1,3.0,149.0,8.9,0.3,134.8674,25.0,Histidine,6.0,15.0,none,0.0,none,0.0,none,0.0,none,0.0,1.0,1.0,3.3278785266991737,3.3278785266991737,3.3278785266991737,3.097482778084033,2.275525515750749,
303_p3conc_145.5_i22,Trastuzumab,mAb_IgG1,3.0,149.0,8.9,0.3,145.5134,25.0,Histidine,6.0,15.0,none,0.0,none,0.0,none,0.0,none,0.0,1.0,1.0,3.7981829770049433,3.7981829770049433,3.7981829770049433,3.3217067580297264,1.9789257046714557,
303_p3conc_167.0_i23,Trastuzumab,mAb_IgG1,3.0,149.0,8.9,0.3,166.976,25.0,Histidine,6.0,15.0,none,0.0,none,0.0,none,0.0,none,0.0,1.0,1.0,5.355279579409954,5.355279579409954,5.0546781319306895,4.207340328623699,1.9219262999911468,
303_p3conc_177.6_i24,Trastuzumab,mAb_IgG1,3.0,149.0,8.9,0.3,177.5857,25.0,Histidine,6.0,15.0,none,0.0,none,0.0,none,0.0,none,0.0,1.0,1.0,6.158224347275647,5.9540888169143305,5.724269659909356,4.546466160550528,1.8056005282904741,
303_p3conc_181.7_i25,Trastuzumab,mAb_IgG1,3.0,149.0,8.9,0.3,181.682,25.0,Histidine,6.0,15.0,none,0.0,none,0.0,none,0.0,none,0.0,1.0,1.0,6.091914180501473,6.084375406058349,5.674891480993191,5.046671060549681,1.9317234668675403,
303_p3conc_188.9_i26,Trastuzumab,mAb_IgG1,3.0,149.0,8.9,0.3,188.8696,25.0,Histidine,6.0,15.0,none,0.0,none,0.0,none,0.0,none,0.0,1.0,1.0,6.875048781409453,6.875048781409453,6.789513721361563,4.9352693440701705,2.0054942547826484,
303_p3conc_200.9_i27,Trastuzumab,mAb_IgG1,3.0,149.0,8.9,0.3,200.8704,25.0,Histidine,6.0,15.0,none,0.0,none,0.0,none,0.0,none,0.0,1.0,1.0,8.096469844645435,7.353465159104147,7.353465159104147,5.507723762955165,1.9892829746916356,
303_p3conc_213.6_i28,Trastuzumab,mAb_IgG1,3.0,149.0,8.9,0.3,213.6343,25.0,Histidine,6.0,15.0,none,0.0,none,0.0,none,0.0,none,0.0,1.0,1.0,8.639981283908622,8.56258868427499,8.17818797272427,5.916832668001231,1.7747879663444517,
303_p3conc_227.2_i29,Trastuzumab,mAb_IgG1,3.0,149.0,8.9,0.3,227.2087,25.0,Histidine,6.0,15.0,none,0.0,none,0.0,none,0.0,none,0.0,1.0,1.0,8.86565890791465,8.86565890791465,8.86565890791465,6.955235482153724,2.070322743696295,
303_p3conc_241.6_i30,Trastuzumab,mAb_IgG1,3.0,149.0,8.9,0.3,241.6457,25.0,Histidine,6.0,15.0,none,0.0,none,0.0,none,0.0,none,0.0,1.0,1.0,11.11082190920658,11.034274100614308,11.034274100614308,7.611597913531128,1.8182269513909382,
312_p3conc_1.4_i0,Trastuzumab,mAb_IgG1,3.0,149.0,8.9,0.3,1.4028,25.0,Histidine,6.0,25.0,none,0.0,none,0.0,none,0.0,none,0.0,1.0,1.0,1.0392129040628342,1.0392129040628342,0.9120349616090081,0.9120349616090081,0.91,
312_p3conc_1.7_i1,Trastuzumab,mAb_IgG1,3.0,149.0,8.9,0.3,1.71,25.0,Histidine,6.0,25.0,none,0.0,none,0.0,none,0.0,none,0.0,1.0,1.0,1.1331886629879337,1.0557817638350813,1.0433529904128453,0.9794269719981229,0.91,
312_p3conc_2.0_i2,Trastuzumab,mAb_IgG1,3.0,149.0,8.9,0.3,1.968,25.0,Histidine,6.0,25.0,none,0.0,none,0.0,none,0.0,none,0.0,1.0,1.0,1.0970404289757056,1.0970404289757056,1.0970404289757056,1.0244018756172537,0.960836953671088,
312_p3conc_2.8_i3,Trastuzumab,mAb_IgG1,3.0,149.0,8.9,0.3,2.7608,25.0,Histidine,6.0,25.0,none,0.0,none,0.0,none,0.0,none,0.0,1.0,1.0,1.2728291720669747,1.228178339644313,1.1227402625729004,1.0694004311989405,1.0454819260857837,
312_p3conc_2.9_i4,Trastuzumab,mAb_IgG1,3.0,149.0,8.9,0.3,2.924,25.0,Histidine,6.0,25.0,none,0.0,none,0.0,none,0.0,none,0.0,1.0,1.0,1.2663794200247442,1.2157229137259522,1.2157229137259522,0.9793420972461987,0.9793420972461987,
312_p3conc_3.9_i5,Trastuzumab,mAb_IgG1,3.0,149.0,8.9,0.3,3.873,25.0,Histidine,6.0,25.0,none,0.0,none,0.0,none,0.0,none,0.0,1.0,1.0,1.3195142271646696,1.3195142271646696,1.1866819126629897,1.1529270521006865,1.1529270521006865,
312_p3conc_5.0_i6,Trastuzumab,mAb_IgG1,3.0,149.0,8.9,0.3,5.0,25.0,Histidine,6.0,25.0,none,0.0,none,0.0,none,0.0,none,0.0,1.0,1.0,1.4170930453852288,1.34353017714699,1.3363277550555077,1.1103471314435287,1.0912436961216772,
312_p3conc_5.4_i7,Trastuzumab,mAb_IgG1,3.0,149.0,8.9,0.3,5.4332,25.0,Histidine,6.0,25.0,none,0.0,none,0.0,none,0.0,none,0.0,1.0,1.0,1.4192497896465828,1.4192497896465828,1.2446710206985163,1.2037116142339204,1.1638562080563397,
312_p3conc_7.6_i8,Trastuzumab,mAb_IgG1,3.0,149.0,8.9,0.3,7.622,25.0,Histidine,6.0,25.0,none,0.0,none,0.0,none,0.0,none,0.0,1.0,1.0,1.6330745091223944,1.4054185592803354,1.354620895655647,1.2350205779339616,1.174457393831391,
312_p3conc_8.5_i9,Trastuzumab,mAb_IgG1,3.0,149.0,8.9,0.3,8.5499,25.0,Histidine,6.0,25.0,none,0.0,none,0.0,none,0.0,none,0.0,1.0,1.0,1.7508325864351706,1.544333587154211,1.3660834969627305,1.288586707947379,1.150550082680401,
312_p3conc_10.7_i10,Trastuzumab,mAb_IgG1,3.0,149.0,8.9,0.3,10.6925,25.0,Histidine,6.0,25.0,none,0.0,none,0.0,none,0.0,none,0.0,1.0,1.0,1.8714117987783987,1.6309252819956992,1.484728008325366,1.3850132813962543,1.2962913806570355,
312_p3conc_14.6_i11,Trastuzumab,mAb_IgG1,3.0,149.0,8.9,0.3,14.6201,25.0,Histidine,6.0,25.0,none,0.0,none,0.0,none,0.0,none,0.0,1.0,1.0,2.1951076361439035,1.7862963612275633,1.5417845902568652,1.3033470593726786,1.2592646616817473,
312_p3conc_15.0_i12,Trastuzumab,mAb_IgG1,3.0,149.0,8.9,0.3,15.0,25.0,Histidine,6.0,25.0,none,0.0,none,0.0,none,0.0,none,0.0,1.0,1.0,2.055624875561525,1.7748333613763096,1.5234439364792558,1.282980206337813,1.2065475465725048,
312_p3conc_21.0_i13,Trastuzumab,mAb_IgG1,3.0,149.0,8.9,0.3,21.0428,25.0,Histidine,6.0,25.0,none,0.0,none,0.0,none,0.0,none,0.0,1.0,1.0,2.3172697252681855,1.9996295962992678,1.7157389113751291,1.4450660363853207,1.3405515510301749,
312_p3conc_25.0_i14,Trastuzumab,mAb_IgG1,3.0,149.0,8.9,0.3,25.0,25.0,Histidine,6.0,25.0,none,0.0,none,0.0,none,0.0,none,0.0,1.0,1.0,2.5822953679997838,2.077285300541053,1.6872518275872304,1.422000374207108,1.4207017478506556,
312_p3conc_29.5_i15,Trastuzumab,mAb_IgG1,3.0,149.0,8.9,0.3,29.5198,25.0,Histidine,6.0,25.0,none,0.0,none,0.0,none,0.0,none,0.0,1.0,1.0,2.3715028813668404,2.0909662072253035,1.8310036629605866,1.411971813828225,1.3596619808928165,
312_p3conc_41.4_i16,Trastuzumab,mAb_IgG1,3.0,149.0,8.9,0.3,41.4119,25.0,Histidine,6.0,25.0,none,0.0,none,0.0,none,0.0,none,0.0,1.0,1.0,2.862059404256592,2.3294636073560886,1.8373478731780573,1.5811741728767807,1.5160912844782384,
312_p3conc_42.7_i17,Trastuzumab,mAb_IgG1,3.0,149.0,8.9,0.3,42.7494,25.0,Histidine,6.0,25.0,none,0.0,none,0.0,none,0.0,none,0.0,1.0,1.0,3.1257122529713732,2.4058177977459256,1.765437064775074,1.6763328681238538,1.4394976759769407,
312_p3conc_58.1_i18,Trastuzumab,mAb_IgG1,3.0,149.0,8.9,0.3,58.0948,25.0,Histidine,6.0,25.0,none,0.0,none,0.0,none,0.0,none,0.0,1.0,1.0,3.000488256828375,2.493014335020655,1.9870880724684448,1.6051784095441064,1.5198195649742436,
312_p3conc_73.1_i19,Trastuzumab,mAb_IgG1,3.0,149.0,8.9,0.3,73.1004,25.0,Histidine,6.0,25.0,none,0.0,none,0.0,none,0.0,none,0.0,1.0,1.0,3.683071123281118,2.6086026628980443,2.340785022504237,1.7924212930083472,1.5626654618302416,
312_p3conc_81.5_i20,Trastuzumab,mAb_IgG1,3.0,149.0,8.9,0.3,81.4982,25.0,Histidine,6.0,25.0,none,0.0,none,0.0,none,0.0,none,0.0,1.0,1.0,3.4487838720966932,2.719034073459608,2.232222639876139,1.8495724600530412,1.4230434582276874,
312_p3conc_114.3_i21,Trastuzumab,mAb_IgG1,3.0,149.0,8.9,0.3,114.3299,25.0,Histidine,6.0,25.0,none,0.0,none,0.0,none,0.0,none,0.0,1.0,1.0,4.3648672399778325,2.8322093990942716,2.30134444228838,1.6918337148848468,1.6407052902222952,
312_p3conc_134.5_i22,Trastuzumab,mAb_IgG1,3.0,149.0,8.9,0.3,134.53,25.0,Histidine,6.0,25.0,none,0.0,none,0.0,none,0.0,none,0.0,1.0,1.0,3.9949558485219554,3.1353268691779723,2.470056676665312,1.9304106954247056,1.7383190725944277,
312_p3conc_144.8_i23,Trastuzumab,mAb_IgG1,3.0,149.0,8.9,0.3,144.7865,25.0,Histidine,6.0,25.0,none,0.0,none,0.0,none,0.0,none,0.0,1.0,1.0,3.9424211523341697,3.2829970947279974,2.4010191945778723,1.941278314670023,1.7330852710992932,
312_p3conc_155.8_i24,Trastuzumab,mAb_IgG1,3.0,149.0,8.9,0.3,155.825,25.0,Histidine,6.0,25.0,none,0.0,none,0.0,none,0.0,none,0.0,1.0,1.0,4.170536114833984,3.31761250546031,2.378774907509824,2.100745681034208,1.7866261167590538,
312_p3conc_160.4_i25,Trastuzumab,mAb_IgG1,3.0,149.0,8.9,0.3,160.3877,25.0,Histidine,6.0,25.0,none,0.0,none,0.0,none,0.0,none,0.0,1.0,1.0,4.326281077750284,3.3212317668858584,2.511124882382114,2.1081203837480333,1.7873454113897906,
312_p3conc_167.7_i26,Trastuzumab,mAb_IgG1,3.0,149.0,8.9,0.3,167.705,25.0,Histidine,6.0,25.0,none,0.0,none,0.0,none,0.0,none,0.0,1.0,1.0,4.590534517341439,3.344238896692207,2.6032462319004566,2.134053765940724,1.6710664524511325,
312_p3conc_180.5_i27,Trastuzumab,mAb_IgG1,3.0,149.0,8.9,0.3,180.4908,25.0,Histidine,6.0,25.0,none,0.0,none,0.0,none,0.0,none,0.0,1.0,1.0,4.266128014275083,3.5062699236340857,2.440941835834244,1.8796804302232806,1.8580670866980777,
312_p3conc_194.3_i28,Trastuzumab,mAb_IgG1,3.0,149.0,8.9,0.3,194.2513,25.0,Histidine,6.0,25.0,none,0.0,none,0.0,none,0.0,none,0.0,1.0,1.0,4.859158670689655,3.3415426344890933,2.4548532737025166,2.0058819411347772,1.88224642961566,
312_p3conc_209.1_i29,Trastuzumab,mAb_IgG1,3.0,149.0,8.9,0.3,209.061,25.0,Histidine,6.0,25.0,none,0.0,none,0.0,none,0.0,none,0.0,1.0,1.0,4.582861272122257,3.611165887825281,2.701299358706832,2.107728952156983,1.9211159467512247,
315_p3conc_1.4_i0,Trastuzumab,mAb_IgG1,3.0,149.0,8.9,0.3,1.4028,25.0,Histidine,6.0,40.0,none,0.0,none,0.0,none,0.0,none,0.0,1.0,1.0,0.9475632969895499,0.9475632969895499,0.9475632969895499,0.9475632969895499,0.91,
315_p3conc_1.7_i1,Trastuzumab,mAb_IgG1,3.0,149.0,8.9,0.3,1.71,25.0,Histidine,6.0,40.0,none,0.0,none,0.0,none,0.0,none,0.0,1.0,1.0,0.9555420154325671,0.9546209313803451,0.9546209313803451,0.9503908948675479,0.9503908948675479,
315_p3conc_2.0_i2,Trastuzumab,mAb_IgG1,3.0,149.0,8.9,0.3,1.968,25.0,Histidine,6.0,40.0,none,0.0,none,0.0,none,0.0,none,0.0,1.0,1.0,1.058536378101622,1.0080307588566706,0.9761123122938637,0.9761123122938637,0.9761123122938637,
315_p3conc_2.8_i3,Trastuzumab,mAb_IgG1,3.0,149.0,8.9,0.3,2.7608,25.0,Histidine,6.0,40.0,none,0.0,none,0.0,none,0.0,none,0.0,1.0,1.0,1.160850333143993,1.1111827594016799,1.0382255741798303,1.0382255741798303,1.0382255741798303,
315_p3conc_2.9_i4,Trastuzumab,mAb_IgG1,3.0,149.0,8.9,0.3,2.924,25.0,Histidine,6.0,40.0,none,0.0,none,0.0,none,0.0,none,0.0,1.0,1.0,1.053964596240264,1.053964596240264,1.053964596240264,1.053964596240264,1.053964596240264,
315_p3conc_3.9_i5,Trastuzumab,mAb_IgG1,3.0,149.0,8.9,0.3,3.873,25.0,Histidine,6.0,40.0,none,0.0,none,0.0,none,0.0,none,0.0,1.0,1.0,1.197587794623466,1.1341281792722353,1.1341281792722353,1.1341281792722353,1.0722441211670217,
315_p3conc_5.0_i6,Trastuzumab,mAb_IgG1,3.0,149.0,8.9,0.3,5.0,25.0,Histidine,6.0,40.0,none,0.0,none,0.0,none,0.0,none,0.0,1.0,1.0,1.2421827603477127,1.2421827603477127,1.2055740320333839,1.1476660913640728,1.1066719280877222,
315_p3conc_5.4_i7,Trastuzumab,mAb_IgG1,3.0,149.0,8.9,0.3,5.4332,25.0,Histidine,6.0,40.0,none,0.0,none,0.0,none,0.0,none,0.0,1.0,1.0,1.4160150341738367,1.3719510757967028,1.1462165861685936,1.1462165861685936,1.0922042620005796,
315_p3conc_7.6_i8,Trastuzumab,mAb_IgG1,3.0,149.0,8.9,0.3,7.622,25.0,Histidine,6.0,40.0,none,0.0,none,0.0,none,0.0,none,0.0,1.0,1.0,1.4347909921571076,1.4111174122463424,1.4111174122463424,1.262263272781663,1.1586742545048918,
315_p3conc_8.5_i9,Trastuzumab,mAb_IgG1,3.0,149.0,8.9,0.3,8.5499,25.0,Histidine,6.0,40.0,none,0.0,none,0.0,none,0.0,none,0.0,1.0,1.0,1.5795665816575177,1.4648353263352096,1.217385157952678,1.217385157952678,1.2162012260442245,
315_p3conc_10.7_i10,Trastuzumab,mAb_IgG1,3.0,149.0,8.9,0.3,10.6925,25.0,Histidine,6.0,40.0,none,0.0,none,0.0,none,0.0,none,0.0,1.0,1.0,1.5577051101714696,1.5577051101714696,1.365252458280811,1.3076180895992866,1.1390152882895346,
315_p3conc_14.6_i11,Trastuzumab,mAb_IgG1,3.0,149.0,8.9,0.3,14.6201,25.0,Histidine,6.0,40.0,none,0.0,none,0.0,none,0.0,none,0.0,1.0,1.0,1.7494654369229536,1.607773440403167,1.365847041691808,1.365847041691808,1.3638153701145133,
315_p3conc_15.0_i12,Trastuzumab,mAb_IgG1,3.0,149.0,8.9,0.3,15.0,25.0,Histidine,6.0,40.0,none,0.0,none,0.0,none,0.0,none,0.0,1.0,1.0,1.6062174329015328,1.5036469812352637,1.3883447273191247,1.3883447273191247,1.2765776176891785,
315_p3conc_21.0_i13,Trastuzumab,mAb_IgG1,3.0,149.0,8.9,0.3,21.0428,25.0,Histidine,6.0,40.0,none,0.0,none,0.0,none,0.0,none,0.0,1.0,1.0,1.6585763283800923,1.6585763283800923,1.504519625275174,1.4007237266846362,1.285257574882023,
315_p3conc_25.0_i14,Trastuzumab,mAb_IgG1,3.0,149.0,8.9,0.3,25.0,25.0,Histidine,6.0,40.0,none,0.0,none,0.0,none,0.0,none,0.0,1.0,1.0,1.9459150532181233,1.8790085423825542,1.4603665707247258,1.4603665707247258,1.3543429873198836,
315_p3conc_29.5_i15,Trastuzumab,mAb_IgG1,3.0,149.0,8.9,0.3,29.5198,25.0,Histidine,6.0,40.0,none,0.0,none,0.0,none,0.0,none,0.0,1.0,1.0,1.8632910317423987,1.8632910317423987,1.545332985986107,1.473431103540708,1.3937194178861116,
315_p3conc_41.4_i16,Trastuzumab,mAb_IgG1,3.0,149.0,8.9,0.3,41.4119,25.0,Histidine,6.0,40.0,none,0.0,none,0.0,none,0.0,none,0.0,1.0,1.0,2.0188409659349436,2.0188409659349436,1.6419186532290508,1.6419186532290508,1.522662575153054,
315_p3conc_42.7_i17,Trastuzumab,mAb_IgG1,3.0,149.0,8.9,0.3,42.7494,25.0,Histidine,6.0,40.0,none,0.0,none,0.0,none,0.0,none,0.0,1.0,1.0,2.0583511225669398,2.0583511225669398,1.7561684399084985,1.5699360887272438,1.4766111925685264,
315_p3conc_58.1_i18,Trastuzumab,mAb_IgG1,3.0,149.0,8.9,0.3,58.0948,25.0,Histidine,6.0,40.0,none,0.0,none,0.0,none,0.0,none,0.0,1.0,1.0,1.982666617251221,1.946646315624615,1.774965590210701,1.7328361558538983,1.4878109050727606,
315_p3conc_73.1_i19,Trastuzumab,mAb_IgG1,3.0,149.0,8.9,0.3,73.1004,25.0,Histidine,6.0,40.0,none,0.0,none,0.0,none,0.0,none,0.0,1.0,1.0,2.3945930178420682,2.1891701929310825,1.950834254893121,1.8783179985903313,1.487623880093457,
315_p3conc_81.5_i20,Trastuzumab,mAb_IgG1,3.0,149.0,8.9,0.3,81.4982,25.0,Histidine,6.0,40.0,none,0.0,none,0.0,none,0.0,none,0.0,1.0,1.0,2.4547259673487685,2.3715888938002023,1.9469034745486231,1.909317936581767,1.5802608098490503,
315_p3conc_114.3_i21,Trastuzumab,mAb_IgG1,3.0,149.0,8.9,0.3,114.3299,25.0,Histidine,6.0,40.0,none,0.0,none,0.0,none,0.0,none,0.0,1.0,1.0,2.6414157316360836,2.4059523663762525,2.0888569480511485,2.008150010273431,1.5547004134278857,
315_p3conc_134.5_i22,Trastuzumab,mAb_IgG1,3.0,149.0,8.9,0.3,134.53,25.0,Histidine,6.0,40.0,none,0.0,none,0.0,none,0.0,none,0.0,1.0,1.0,2.602860354224101,2.602860354224101,2.1187358784209196,1.7951365193085582,1.6673802728471452,
315_p3conc_144.8_i23,Trastuzumab,mAb_IgG1,3.0,149.0,8.9,0.3,144.7865,25.0,Histidine,6.0,40.0,none,0.0,none,0.0,none,0.0,none,0.0,1.0,1.0,2.6435996242884356,2.567297600716459,2.236778168531842,1.9329983332381488,1.7469882726182802,
315_p3conc_155.8_i24,Trastuzumab,mAb_IgG1,3.0,149.0,8.9,0.3,155.825,25.0,Histidine,6.0,40.0,none,0.0,none,0.0,none,0.0,none,0.0,1.0,1.0,2.5841578786479658,2.5841578786479658,2.2340325055285946,1.9324556467755463,1.6465616627293385,
315_p3conc_160.4_i25,Trastuzumab,mAb_IgG1,3.0,149.0,8.9,0.3,160.3877,25.0,Histidine,6.0,40.0,none,0.0,none,0.0,none,0.0,none,0.0,1.0,1.0,2.5848011691596344,2.5848011691596344,2.09368491266839,1.876426776518793,1.6318930523330577,
315_p3conc_167.7_i26,Trastuzumab,mAb_IgG1,3.0,149.0,8.9,0.3,167.705,25.0,Histidine,6.0,40.0,none,0.0,none,0.0,none,0.0,none,0.0,1.0,1.0,2.7918188057708715,2.7918188057708715,2.2648522590374354,1.9078633913591123,1.701679985436531,
315_p3conc_180.5_i27,Trastuzumab,mAb_IgG1,3.0,149.0,8.9,0.3,180.4908,25.0,Histidine,6.0,40.0,none,0.0,none,0.0,none,0.0,none,0.0,1.0,1.0,2.762544870687983,2.753569048007212,2.1491536803726654,1.9801106854298545,1.735060796312216,
315_p3conc_194.3_i28,Trastuzumab,mAb_IgG1,3.0,149.0,8.9,0.3,194.2513,25.0,Histidine,6.0,40.0,none,0.0,none,0.0,none,0.0,none,0.0,1.0,1.0,2.8183446633629767,2.8183446633629767,2.0411246536195007,2.0411246536195007,1.7014895393261777,
315_p3conc_209.1_i29,Trastuzumab,mAb_IgG1,3.0,149.0,8.9,0.3,209.061,25.0,Histidine,6.0,40.0,none,0.0,none,0.0,none,0.0,none,0.0,1.0,1.0,2.882455361030347,2.882455361030347,2.309072964166217,1.9618582056270322,1.6941613014825643,
475_p3conc_1.4_i0,Vudalimab,Bispecific,5.0,152.0,8.1,0.3,1.4486,25.0,Acetate,5.0,20.0,none,0.0,none,0.0,none,0.0,none,0.0,1.5,1.3,0.9333375613959884,0.91,0.91,0.91,0.91,
475_p3conc_2.0_i1,Vudalimab,Bispecific,5.0,152.0,8.1,0.3,2.0252,25.0,Acetate,5.0,20.0,none,0.0,none,0.0,none,0.0,none,0.0,1.5,1.3,0.91,0.91,0.91,0.91,0.91,
475_p3conc_2.1_i2,Vudalimab,Bispecific,5.0,152.0,8.1,0.3,2.0984,25.0,Acetate,5.0,20.0,none,0.0,none,0.0,none,0.0,none,0.0,1.5,1.3,0.91,0.91,0.91,0.91,0.91,
475_p3conc_3.0_i3,Vudalimab,Bispecific,5.0,152.0,8.1,0.3,3.0398,25.0,Acetate,5.0,20.0,none,0.0,none,0.0,none,0.0,none,0.0,1.5,1.3,0.91,0.91,0.91,0.91,0.91,
475_p3conc_4.1_i4,Vudalimab,Bispecific,5.0,152.0,8.1,0.3,4.1016,25.0,Acetate,5.0,20.0,none,0.0,none,0.0,none,0.0,none,0.0,1.5,1.3,0.9925061026023146,0.91,0.91,0.91,0.91,
475_p3conc_4.4_i5,Vudalimab,Bispecific,5.0,152.0,8.1,0.3,4.4035,25.0,Acetate,5.0,20.0,none,0.0,none,0.0,none,0.0,none,0.0,1.5,1.3,0.91,0.91,0.91,0.91,0.91,
475_p3conc_6.4_i6,Vudalimab,Bispecific,5.0,152.0,8.1,0.3,6.3789,25.0,Acetate,5.0,20.0,none,0.0,none,0.0,none,0.0,none,0.0,1.5,1.3,0.9917489951952472,0.91,0.91,0.91,0.91,
475_p3conc_8.3_i7,Vudalimab,Bispecific,5.0,152.0,8.1,0.3,8.3066,25.0,Acetate,5.0,20.0,none,0.0,none,0.0,none,0.0,none,0.0,1.5,1.3,1.0423844884244966,0.9621557952442406,0.9621557952442406,0.9582237046536477,0.9512094394858194,
475_p3conc_9.2_i8,Vudalimab,Bispecific,5.0,152.0,8.1,0.3,9.2405,25.0,Acetate,5.0,20.0,none,0.0,none,0.0,none,0.0,none,0.0,1.5,1.3,0.9557980851726666,0.9557980851726666,0.9451623436610288,0.9227736494188444,0.9227736494188444,
475_p3conc_13.4_i9,Vudalimab,Bispecific,5.0,152.0,8.1,0.3,13.3858,25.0,Acetate,5.0,20.0,none,0.0,none,0.0,none,0.0,none,0.0,1.5,1.3,1.0605657003122784,1.0101163800009878,1.0101163800009878,0.9224567154671729,0.9224567154671729,
475_p3conc_16.8_i10,Vudalimab,Bispecific,5.0,152.0,8.1,0.3,16.8228,25.0,Acetate,5.0,20.0,none,0.0,none,0.0,none,0.0,none,0.0,1.5,1.3,1.0493963520571346,1.0269043023634046,1.0269043023634046,0.9557734249363667,0.9557734249363667,
475_p3conc_19.4_i11,Vudalimab,Bispecific,5.0,152.0,8.1,0.3,19.3907,25.0,Acetate,5.0,20.0,none,0.0,none,0.0,none,0.0,none,0.0,1.5,1.3,1.083991568614963,1.006559133049617,1.006559133049617,1.006559133049617,0.9909214964200203,
475_p3conc_28.1_i12,Vudalimab,Bispecific,5.0,152.0,8.1,0.3,28.0894,25.0,Acetate,5.0,20.0,none,0.0,none,0.0,none,0.0,none,0.0,1.5,1.3,1.1701684114018416,1.014836613521296,1.014836613521296,1.014836613521296,0.9107279968766389,
475_p3conc_34.1_i13,Vudalimab,Bispecific,5.0,152.0,8.1,0.3,34.0701,25.0,Acetate,5.0,20.0,none,0.0,none,0.0,none,0.0,none,0.0,1.5,1.3,1.216020235024738,1.1802590994851374,1.1205595622878648,1.0911790427125416,0.9864598267679515,
475_p3conc_40.7_i14,Vudalimab,Bispecific,5.0,152.0,8.1,0.3,40.6904,25.0,Acetate,5.0,20.0,none,0.0,none,0.0,none,0.0,none,0.0,1.5,1.3,1.2636591619552673,1.1324686184543027,1.1324686184543027,1.109963114623103,1.0094447018904933,
475_p3conc_58.9_i15,Vudalimab,Bispecific,5.0,152.0,8.1,0.3,58.9443,25.0,Acetate,5.0,20.0,none,0.0,none,0.0,none,0.0,none,0.0,1.5,1.3,1.313498065646998,1.2732423684852112,1.2386134067548284,1.0599880182403871,0.9740670775775541,
475_p3conc_77.4_i16,Vudalimab,Bispecific,5.0,152.0,8.1,0.3,77.4499,25.0,Acetate,5.0,20.0,none,0.0,none,0.0,none,0.0,none,0.0,1.5,1.3,1.4227312665481435,1.1916512642186223,1.1916512642186223,1.1916512642186223,1.113122232685362,
475_p3conc_85.4_i17,Vudalimab,Bispecific,5.0,152.0,8.1,0.3,85.3869,25.0,Acetate,5.0,20.0,none,0.0,none,0.0,none,0.0,none,0.0,1.5,1.3,1.5992960980282946,1.3664793782900921,1.3423612329295411,1.2945482061380058,1.218711167146863,
475_p3conc_86.9_i18,Vudalimab,Bispecific,5.0,152.0,8.1,0.3,86.9345,25.0,Acetate,5.0,20.0,none,0.0,none,0.0,none,0.0,none,0.0,1.5,1.3,1.568127372199423,1.568127372199423,1.334954033737529,1.3234308267932087,1.1968414642584597,
475_p3conc_97.6_i19,Vudalimab,Bispecific,5.0,152.0,8.1,0.3,97.5807,25.0,Acetate,5.0,20.0,none,0.0,none,0.0,none,0.0,none,0.0,1.5,1.3,1.8625108789965392,1.5551489944425725,1.5551489944425725,1.4761959280170378,1.4761959280170378,
474_p3conc_109.5_i20,Vudalimab,Bispecific,5.0,152.0,8.1,0.3,109.5307,25.0,Acetate,5.0,20.0,none,0.0,none,0.0,none,0.0,none,0.0,1.5,1.3,2.3663844053536223,1.8019032675853193,1.7046104016147163,1.7046104016147163,1.7046104016147163,
474_p3conc_122.9_i21,Vudalimab,Bispecific,5.0,152.0,8.1,0.3,122.9439,25.0,Acetate,5.0,20.0,none,0.0,none,0.0,none,0.0,none,0.0,1.5,1.3,2.6347887293705083,2.1898087440614167,2.1898087440614167,2.1898087440614167,2.157988688063285,
474_p3conc_123.7_i22,Vudalimab,Bispecific,5.0,152.0,8.1,0.3,123.6915,25.0,Acetate,5.0,20.0,none,0.0,none,0.0,none,0.0,none,0.0,1.5,1.3,2.7403372192648217,2.1794222937227317,2.0662159840433914,2.0662159840433914,2.0662159840433914,
474_p3conc_147.9_i23,Vudalimab,Bispecific,5.0,152.0,8.1,0.3,147.9047,25.0,Acetate,5.0,20.0,none,0.0,none,0.0,none,0.0,none,0.0,1.5,1.3,3.339076992243321,2.623159778223828,2.623159778223828,2.607487133402423,2.607487133402423,
474_p3conc_158.5_i24,Vudalimab,Bispecific,5.0,152.0,8.1,0.3,158.5203,25.0,Acetate,5.0,20.0,none,0.0,none,0.0,none,0.0,none,0.0,1.5,1.3,3.8886960264699173,3.2032189788492884,3.2032189788492884,3.1951095241479597,3.0827142845062445,
474_p3conc_169.9_i25,Vudalimab,Bispecific,5.0,152.0,8.1,0.3,169.8979,25.0,Acetate,5.0,20.0,none,0.0,none,0.0,none,0.0,none,0.0,1.5,1.3,4.501640747646366,3.466035515059449,3.437892111914903,3.437892111914903,3.133486950980558,
474_p3conc_179.2_i26,Vudalimab,Bispecific,5.0,152.0,8.1,0.3,179.1798,25.0,Acetate,5.0,20.0,none,0.0,none,0.0,none,0.0,none,0.0,1.5,1.3,4.90346463526816,3.741074943790411,3.741074943790411,3.741074943790411,3.741074943790411,
474_p3conc_182.1_i27,Vudalimab,Bispecific,5.0,152.0,8.1,0.3,182.0921,25.0,Acetate,5.0,20.0,none,0.0,none,0.0,none,0.0,none,0.0,1.5,1.3,4.899212423206953,3.879268050004354,3.879268050004354,3.7107974712076053,3.6720115891713783,
474_p3conc_195.2_i28,Vudalimab,Bispecific,5.0,152.0,8.1,0.3,195.1614,25.0,Acetate,5.0,20.0,none,0.0,none,0.0,none,0.0,none,0.0,1.5,1.3,5.821840609782341,4.511351294910014,4.511351294910014,3.9725586334085903,3.9725586334085903,
473_p3conc_209.2_i29,Vudalimab,Bispecific,5.0,152.0,8.1,0.3,209.1688,25.0,Acetate,5.0,20.0,none,0.0,none,0.0,none,0.0,none,0.0,1.5,1.3,6.588519678980067,5.579343774869811,5.457369439226773,4.4118885506171175,4.240338900556497,
473_p3conc_224.2_i30,Vudalimab,Bispecific,5.0,152.0,8.1,0.3,224.1816,25.0,Acetate,5.0,20.0,none,0.0,none,0.0,none,0.0,none,0.0,1.5,1.3,7.8964248844007665,5.6593751518439985,5.6593751518439985,5.439642111923068,4.4269186225166255,
473_p3conc_240.3_i31,Vudalimab,Bispecific,5.0,152.0,8.1,0.3,240.2719,25.0,Acetate,5.0,20.0,none,0.0,none,0.0,none,0.0,none,0.0,1.5,1.3,8.958414238101522,7.1828425261696935,6.898491875873185,6.420822571992171,5.349564662127731,
473_p3conc_257.5_i32,Vudalimab,Bispecific,5.0,152.0,8.1,0.3,257.5171,25.0,Acetate,5.0,20.0,none,0.0,none,0.0,none,0.0,none,0.0,1.5,1.3,10.838508623936752,9.342630007606262,7.950729756943714,7.351337595033364,6.1545612586369485,
473_p3conc_259.6_i33,Vudalimab,Bispecific,5.0,152.0,8.1,0.3,259.5607,25.0,Acetate,5.0,20.0,none,0.0,none,0.0,none,0.0,none,0.0,1.5,1.3,10.303434147831396,8.40677655066026,8.40677655066026,7.491971044718355,5.487872947759367,
473_p3conc_298.2_i34,Vudalimab,Bispecific,5.0,152.0,8.1,0.3,298.1803,25.0,Acetate,5.0,20.0,none,0.0,none,0.0,none,0.0,none,0.0,1.5,1.3,13.848735315744147,11.957704653290737,11.15555184138701,9.454239941252778,6.402205980576728,
473_p3conc_309.9_i35,Vudalimab,Bispecific,5.0,152.0,8.1,0.3,309.9303,25.0,Acetate,5.0,20.0,none,0.0,none,0.0,none,0.0,none,0.0,1.5,1.3,15.2865167858371,12.385774360762746,12.099841522237043,9.45225739593023,7.120878540217429,
473_p3conc_322.1_i36,Vudalimab,Bispecific,5.0,152.0,8.1,0.3,322.1425,25.0,Acetate,5.0,20.0,none,0.0,none,0.0,none,0.0,none,0.0,1.5,1.3,18.654102618539923,12.800469453728558,12.020855617791621,10.460544358807281,6.5172001913888,
473_p3conc_334.8_i37,Vudalimab,Bispecific,5.0,152.0,8.1,0.3,334.8367,25.0,Acetate,5.0,20.0,none,0.0,none,0.0,none,0.0,none,0.0,1.5,1.3,16.4663450761709,14.532207370594577,13.073701515589121,11.663103543522244,7.763151911461951,
473_p3conc_348.0_i38,Vudalimab,Bispecific,5.0,152.0,8.1,0.3,348.0311,25.0,Acetate,5.0,20.0,none,0.0,none,0.0,none,0.0,none,0.0,1.5,1.3,18.435495154830367,14.722363904875726,13.74315338605632,11.111602205608792,8.198713206340406,
473_p3conc_361.7_i39,Vudalimab,Bispecific,5.0,152.0,8.1,0.3,361.7454,25.0,Acetate,5.0,20.0,none,0.0,none,0.0,none,0.0,none,0.0,1.5,1.3,19.045679953242978,15.266408664558494,14.361026177377331,12.685861091689816,8.738452999634257,
481_p3conc_1.4_i0,Vudalimab,Bispecific,5.0,152.0,8.1,0.3,1.4395,25.0,Histidine,6.0,15.0,none,0.0,none,0.0,none,0.0,none,0.0,1.5,1.3,0.9435832225137023,0.91,0.91,0.91,0.91,
481_p3conc_2.1_i1,Vudalimab,Bispecific,5.0,152.0,8.1,0.3,2.0722,25.0,Histidine,6.0,15.0,none,0.0,none,0.0,none,0.0,none,0.0,1.5,1.3,0.91,0.91,0.91,0.91,0.91,
481_p3conc_2.7_i2,Vudalimab,Bispecific,5.0,152.0,8.1,0.3,2.6592,25.0,Histidine,6.0,15.0,none,0.0,none,0.0,none,0.0,none,0.0,1.5,1.3,0.9352240964937133,0.9352240964937133,0.9352240964937133,0.9149301802610343,0.9149301802610343,
481_p3conc_3.0_i3,Vudalimab,Bispecific,5.0,152.0,8.1,0.3,2.983,25.0,Histidine,6.0,15.0,none,0.0,none,0.0,none,0.0,none,0.0,1.5,1.3,0.9337438249496169,0.9337438249496169,0.9170306059126068,0.91,0.91,
481_p3conc_4.3_i4,Vudalimab,Bispecific,5.0,152.0,8.1,0.3,4.2941,25.0,Histidine,6.0,15.0,none,0.0,none,0.0,none,0.0,none,0.0,1.5,1.3,0.9969922197171917,0.9969922197171917,0.91,0.91,0.91,
481_p3conc_6.2_i5,Vudalimab,Bispecific,5.0,152.0,8.1,0.3,6.1814,25.0,Histidine,6.0,15.0,none,0.0,none,0.0,none,0.0,none,0.0,1.5,1.3,1.0550703024022599,1.034925526170302,1.034925526170302,0.9712431906977526,0.9712431906977526,
481_p3conc_7.1_i6,Vudalimab,Bispecific,5.0,152.0,8.1,0.3,7.0711,25.0,Histidine,6.0,15.0,none,0.0,none,0.0,none,0.0,none,0.0,1.5,1.3,1.0812473120662276,1.0675790139931784,1.0121709265667398,1.0121709265667398,1.0121709265667398,
481_p3conc_8.9_i7,Vudalimab,Bispecific,5.0,152.0,8.1,0.3,8.8983,25.0,Histidine,6.0,15.0,none,0.0,none,0.0,none,0.0,none,0.0,1.5,1.3,1.1888154171007748,1.1888154171007748,1.0774312294902102,1.0488370414824473,1.0488370414824473,
481_p3conc_12.8_i8,Vudalimab,Bispecific,5.0,152.0,8.1,0.3,12.8092,25.0,Histidine,6.0,15.0,none,0.0,none,0.0,none,0.0,none,0.0,1.5,1.3,1.2604230943832968,1.2604230943832968,1.0906766765813574,1.0906766765813574,1.0906766765813574,
481_p3conc_18.4_i9,Vudalimab,Bispecific,5.0,152.0,8.1,0.3,18.4391,25.0,Histidine,6.0,15.0,none,0.0,none,0.0,none,0.0,none,0.0,1.5,1.3,1.265755072212743,1.265755072212743,1.2069962494308646,1.2069962494308646,1.2069962494308646,
481_p3conc_18.8_i10,Vudalimab,Bispecific,5.0,152.0,8.1,0.3,18.803,25.0,Histidine,6.0,15.0,none,0.0,none,0.0,none,0.0,none,0.0,1.5,1.3,1.2692499698118,1.2692499698118,1.2692499698118,1.2331962093250406,1.2331962093250406,
481_p3conc_26.5_i11,Vudalimab,Bispecific,5.0,152.0,8.1,0.3,26.5434,25.0,Histidine,6.0,15.0,none,0.0,none,0.0,none,0.0,none,0.0,1.5,1.3,1.6214764619461914,1.6214764619461914,1.2613172624016449,1.2613172624016449,1.2613172624016449,
481_p3conc_38.2_i12,Vudalimab,Bispecific,5.0,152.0,8.1,0.3,38.2097,25.0,Histidine,6.0,15.0,none,0.0,none,0.0,none,0.0,none,0.0,1.5,1.3,1.7369244274120048,1.7369244274120048,1.5154795512358044,1.3201874368094784,1.3201874368094784,
481_p3conc_55.0_i13,Vudalimab,Bispecific,5.0,152.0,8.1,0.3,55.0037,25.0,Histidine,6.0,15.0,none,0.0,none,0.0,none,0.0,none,0.0,1.5,1.3,2.1828551109213934,2.1828551109213934,1.6652841512689314,1.5074330226894361,1.3297822998899491,
466_p3conc_109.7_i14,Vudalimab,Bispecific,5.0,152.0,8.1,0.3,109.7342,25.0,Histidine,6.0,15.0,none,0.0,none,0.0,none,0.0,none,0.0,1.5,1.3,3.33917268071098,3.2889377690444546,3.2889377690444546,3.2889377690444546,2.867712774565493,
466_p3conc_114.0_i15,Vudalimab,Bispecific,5.0,152.0,8.1,0.3,113.9796,25.0,Histidine,6.0,15.0,none,0.0,none,0.0,none,0.0,none,0.0,1.5,1.3,3.4792171707009527,3.4792171707009527,3.433060721321608,3.332510609023421,3.021793703156992,
466_p3conc_120.4_i16,Vudalimab,Bispecific,5.0,152.0,8.1,0.3,120.4159,25.0,Histidine,6.0,15.0,none,0.0,none,0.0,none,0.0,none,0.0,1.5,1.3,3.7557605654655615,3.1778444934111043,3.1778444934111043,3.1778444934111043,3.1778444934111043,
464_p3conc_132.1_i17,Vudalimab,Bispecific,5.0,152.0,8.1,0.3,132.1375,25.0,Histidine,6.0,15.0,none,0.0,none,0.0,none,0.0,none,0.0,1.5,1.3,4.120027523571387,3.7153450573297944,3.7153450573297944,3.7153450573297944,3.7153450573297944,
480_p3conc_160.4_i18,Vudalimab,Bispecific,5.0,152.0,8.1,0.3,160.4172,25.0,Histidine,6.0,15.0,none,0.0,none,0.0,none,0.0,none,0.0,1.5,1.3,6.470060555460514,5.391629794626804,4.901872999087602,4.499384926104527,3.7703853742878355,
480_p3conc_164.1_i19,Vudalimab,Bispecific,5.0,152.0,8.1,0.3,164.0756,25.0,Histidine,6.0,15.0,none,0.0,none,0.0,none,0.0,none,0.0,1.5,1.3,7.152049765950828,5.634059598876203,5.634059598876203,4.410349840798279,3.8275125581452016,
480_p3conc_171.6_i20,Vudalimab,Bispecific,5.0,152.0,8.1,0.3,171.558,25.0,Histidine,6.0,15.0,none,0.0,none,0.0,none,0.0,none,0.0,1.5,1.3,8.227678837307666,6.277200493166069,6.277200493166069,4.616840213648198,3.6878978744071653,
480_p3conc_183.5_i21,Vudalimab,Bispecific,5.0,152.0,8.1,0.3,183.4725,25.0,Histidine,6.0,15.0,none,0.0,none,0.0,none,0.0,none,0.0,1.5,1.3,10.277671841696158,7.950452939483892,7.063505044955807,4.45341417782886,3.5143160527210506,
463_p3conc_196.2_i22,Vudalimab,Bispecific,5.0,152.0,8.1,0.3,196.2145,25.0,Histidine,6.0,15.0,none,0.0,none,0.0,none,0.0,none,0.0,1.5,1.3,12.438458281204763,8.450314083827577,7.29590389820573,5.339374460415943,3.666619594479387,
463_p3conc_209.8_i23,Vudalimab,Bispecific,5.0,152.0,8.1,0.3,209.8413,25.0,Histidine,6.0,15.0,none,0.0,none,0.0,none,0.0,none,0.0,1.5,1.3,13.583899832387317,10.104979455637578,7.859868839503962,5.485157067189569,3.7191255836568407,
463_p3conc_224.4_i24,Vudalimab,Bispecific,5.0,152.0,8.1,0.3,224.4145,25.0,Histidine,6.0,15.0,none,0.0,none,0.0,none,0.0,none,0.0,1.5,1.3,14.794378483812457,10.554860694422155,8.850761830533001,7.117763519864461,4.333643749532595,
463_p3conc_261.8_i25,Vudalimab,Bispecific,5.0,152.0,8.1,0.3,261.8352,25.0,Histidine,6.0,15.0,none,0.0,none,0.0,none,0.0,none,0.0,1.5,1.3,17.947390394873402,12.737458533260147,9.958328360784115,8.800329144675974,4.936356554567033,
463_p3conc_273.5_i26,Vudalimab,Bispecific,5.0,152.0,8.1,0.3,273.4872,25.0,Histidine,6.0,15.0,none,0.0,none,0.0,none,0.0,none,0.0,1.5,1.3,18.49413762933634,12.915987565362874,10.892842761724467,8.93023254332703,5.173935244915117,
463_p3conc_285.7_i27,Vudalimab,Bispecific,5.0,152.0,8.1,0.3,285.6571,25.0,Histidine,6.0,15.0,none,0.0,none,0.0,none,0.0,none,0.0,1.5,1.3,20.13869339460113,12.821391444726576,12.148268674430174,8.441065507966693,5.576011152935127,
463_p3conc_298.4_i28,Vudalimab,Bispecific,5.0,152.0,8.1,0.3,298.3692,25.0,Histidine,6.0,15.0,none,0.0,none,0.0,none,0.0,none,0.0,1.5,1.3,19.13552257511164,13.24888692032719,12.503026335640277,8.852474194830384,5.682283654370718,
463_p3conc_311.6_i29,Vudalimab,Bispecific,5.0,152.0,8.1,0.3,311.6463,25.0,Histidine,6.0,15.0,none,0.0,none,0.0,none,0.0,none,0.0,1.5,1.3,20.606295393409706,13.710002543939463,12.213896156338889,9.56153348371599,5.423600138205539,
463_p3conc_325.5_i30,Vudalimab,Bispecific,5.0,152.0,8.1,0.3,325.5142,25.0,Histidine,6.0,15.0,none,0.0,none,0.0,none,0.0,none,0.0,1.5,1.3,25.387053822616934,14.857306330772229,12.676372297290964,10.38025171348371,6.127730665227161,
320_p3conc_1.4_i0,poly-hIgG,Polyclonal,3.0,150.0,7.6,1.0,1.4309,25.0,Acetate,5.0,20.0,none,0.0,none,0.0,none,0.0,none,0.0,0.9,0.9,0.91,0.91,0.91,0.91,0.91,
320_p3conc_2.0_i1,poly-hIgG,Polyclonal,3.0,150.0,7.6,1.0,2.0476,25.0,Acetate,5.0,20.0,none,0.0,none,0.0,none,0.0,none,0.0,0.9,0.9,0.91,0.91,0.91,0.91,0.91,
320_p3conc_2.1_i2,poly-hIgG,Polyclonal,3.0,150.0,7.6,1.0,2.0536,25.0,Acetate,5.0,20.0,none,0.0,none,0.0,none,0.0,none,0.0,0.9,0.9,0.91,0.91,0.91,0.91,0.91,
320_p3conc_2.9_i3,poly-hIgG,Polyclonal,3.0,150.0,7.6,1.0,2.93,25.0,Acetate,5.0,20.0,none,0.0,none,0.0,none,0.0,none,0.0,0.9,0.9,0.91,0.91,0.91,0.91,0.91,
320_p3conc_4.2_i4,poly-hIgG,Polyclonal,3.0,150.0,7.6,1.0,4.1927,25.0,Acetate,5.0,20.0,none,0.0,none,0.0,none,0.0,none,0.0,0.9,0.9,1.0577544546444266,0.91,0.91,0.91,0.91,
320_p3conc_4.2_i5,poly-hIgG,Polyclonal,3.0,150.0,7.6,1.0,4.2172,25.0,Acetate,5.0,20.0,none,0.0,none,0.0,none,0.0,none,0.0,0.9,0.9,0.9906935955667413,0.91,0.91,0.91,0.91,
320_p3conc_6.0_i6,poly-hIgG,Polyclonal,3.0,150.0,7.6,1.0,5.9995,25.0,Acetate,5.0,20.0,none,0.0,none,0.0,none,0.0,none,0.0,0.9,0.9,0.92528523517479,0.92528523517479,0.92528523517479,0.92528523517479,0.92528523517479,
320_p3conc_8.6_i7,poly-hIgG,Polyclonal,3.0,150.0,7.6,1.0,8.5849,25.0,Acetate,5.0,20.0,none,0.0,none,0.0,none,0.0,none,0.0,0.9,0.9,0.9499000094010158,0.9294484644084859,0.9294484644084859,0.9294484644084859,0.9294484644084859,
320_p3conc_8.7_i8,poly-hIgG,Polyclonal,3.0,150.0,7.6,1.0,8.6603,25.0,Acetate,5.0,20.0,none,0.0,none,0.0,none,0.0,none,0.0,0.9,0.9,1.0338464043041402,1.0338464043041402,1.0231688883455101,1.0219286117293507,1.0136636498262763,
320_p3conc_12.3_i9,poly-hIgG,Polyclonal,3.0,150.0,7.6,1.0,12.2845,25.0,Acetate,5.0,20.0,none,0.0,none,0.0,none,0.0,none,0.0,0.9,0.9,1.0562829791479138,1.0440917731650263,1.0440917731650263,1.0440917731650263,0.9655168365376364,
320_p3conc_17.6_i10,poly-hIgG,Polyclonal,3.0,150.0,7.6,1.0,17.5784,25.0,Acetate,5.0,20.0,none,0.0,none,0.0,none,0.0,none,0.0,0.9,0.9,1.100510903274672,1.0353351023234396,1.0353351023234396,1.0353351023234396,0.9742452579919125,
320_p3conc_17.8_i11,poly-hIgG,Polyclonal,3.0,150.0,7.6,1.0,17.7845,25.0,Acetate,5.0,20.0,none,0.0,none,0.0,none,0.0,none,0.0,0.9,0.9,1.1215454972663226,1.1215454972663226,1.1074878084965767,1.0756585350044006,1.0756585350044006,
320_p3conc_25.2_i12,poly-hIgG,Polyclonal,3.0,150.0,7.6,1.0,25.1537,25.0,Acetate,5.0,20.0,none,0.0,none,0.0,none,0.0,none,0.0,0.9,0.9,1.2011597973630592,1.136444277253568,1.136444277253568,1.136444277253568,1.0724555717831072,
320_p3conc_36.0_i13,poly-hIgG,Polyclonal,3.0,150.0,7.6,1.0,35.9935,25.0,Acetate,5.0,20.0,none,0.0,none,0.0,none,0.0,none,0.0,0.9,0.9,1.30956243280319,1.2254415203375422,1.2254415203375422,1.2139665631509884,1.1391095616124343,
320_p3conc_36.5_i14,poly-hIgG,Polyclonal,3.0,150.0,7.6,1.0,36.5217,25.0,Acetate,5.0,20.0,none,0.0,none,0.0,none,0.0,none,0.0,0.9,0.9,1.269565464153251,1.269565464153251,1.269565464153251,1.1809023235412965,1.123452002305788,
320_p3conc_51.5_i15,poly-hIgG,Polyclonal,3.0,150.0,7.6,1.0,51.5046,25.0,Acetate,5.0,20.0,none,0.0,none,0.0,none,0.0,none,0.0,0.9,0.9,1.5071798086817318,1.3903553747835435,1.3714186270224602,1.3714186270224602,1.2113936885653651,
320_p3conc_84.2_i16,poly-hIgG,Polyclonal,3.0,150.0,7.6,1.0,84.2306,25.0,Acetate,5.0,20.0,none,0.0,none,0.0,none,0.0,none,0.0,0.9,0.9,1.8382695630557562,1.8382695630557562,1.8382695630557562,1.6448733699275888,1.3455697160182223,
320_p3conc_94.6_i17,poly-hIgG,Polyclonal,3.0,150.0,7.6,1.0,94.5974,25.0,Acetate,5.0,20.0,none,0.0,none,0.0,none,0.0,none,0.0,0.9,0.9,2.6988446390965737,2.6988446390965737,2.6988446390965737,2.0475501406081142,1.6275995425548657,
154_p3conc_105.5_i18,poly-hIgG,Polyclonal,3.0,150.0,7.6,1.0,105.4608,27.5,Acetate,5.0,20.0,none,0.0,none,0.0,none,0.0,none,0.0,0.9,0.9,4.0007172530793635,4.0007172530793635,3.924763793726008,3.1816322629214846,1.674312494569126,
154_p3conc_106.2_i19,poly-hIgG,Polyclonal,3.0,150.0,7.6,1.0,106.2397,27.5,Acetate,5.0,20.0,none,0.0,none,0.0,none,0.0,none,0.0,0.9,0.9,4.723732621166633,4.108438318486781,3.772898005915949,3.131987529385402,1.6962670264400757,
154_p3conc_119.3_i20,poly-hIgG,Polyclonal,3.0,150.0,7.6,1.0,119.3153,27.5,Acetate,5.0,20.0,none,0.0,none,0.0,none,0.0,none,0.0,0.9,0.9,5.884924466359941,5.884924466359941,5.641223522553653,4.605229933877804,1.9263078228152297,
153_p3conc_219.5_i21,poly-hIgG,Polyclonal,3.0,150.0,7.6,1.0,219.4689,27.5,Acetate,5.0,20.0,none,0.0,none,0.0,none,0.0,none,0.0,0.9,0.9,17.993859032115086,17.993859032115086,17.35452094358942,14.164958589948467,4.182229188358198,
153_p3conc_230.5_i22,poly-hIgG,Polyclonal,3.0,150.0,7.6,1.0,230.4618,27.5,Acetate,5.0,20.0,none,0.0,none,0.0,none,0.0,none,0.0,0.9,0.9,19.641412105660702,19.641412105660702,19.641412105660702,15.677283633838343,4.154645256048459,
153_p3conc_242.0_i23,poly-hIgG,Polyclonal,3.0,150.0,7.6,1.0,242.0059,27.5,Acetate,5.0,20.0,none,0.0,none,0.0,none,0.0,none,0.0,0.9,0.9,20.38888906309115,20.38888906309115,20.38888906309115,17.877969623685747,4.8654735023410085,
153_p3conc_254.1_i24,poly-hIgG,Polyclonal,3.0,150.0,7.6,1.0,254.1277,27.5,Acetate,5.0,20.0,none,0.0,none,0.0,none,0.0,none,0.0,0.9,0.9,23.071115364491238,23.071115364491238,23.071115364491238,18.425213034924706,4.742551104720639,
153_p3conc_266.9_i25,poly-hIgG,Polyclonal,3.0,150.0,7.6,1.0,266.8572,27.5,Acetate,5.0,20.0,none,0.0,none,0.0,none,0.0,none,0.0,0.9,0.9,26.32067302927334,25.755198340462158,25.755198340462158,21.29012285084422,5.520043157616195,
153_p3conc_280.2_i26,poly-hIgG,Polyclonal,3.0,150.0,7.6,1.0,280.2238,27.5,Acetate,5.0,20.0,none,0.0,none,0.0,none,0.0,none,0.0,0.9,0.9,30.588354698434348,30.588354698434348,28.855711014692666,22.75661294110828,5.951602247433735,
153_p3conc_294.3_i27,poly-hIgG,Polyclonal,3.0,150.0,7.6,1.0,294.2605,27.5,Acetate,5.0,20.0,none,0.0,none,0.0,none,0.0,none,0.0,0.9,0.9,32.62536862796456,32.11816722580758,31.488054118325003,28.543560653151133,5.618302344586156,
382_p3conc_1.4_i0,poly-hIgG,Polyclonal,3.0,150.0,7.6,1.0,1.4028,25.0,Acetate,5.0,50.0,none,0.0,none,0.0,none,0.0,none,0.0,0.9,0.9,1.048820322392638,1.031020304778534,0.9836299097155236,0.9836299097155236,0.9836299097155236,
382_p3conc_1.7_i1,poly-hIgG,Polyclonal,3.0,150.0,7.6,1.0,1.71,25.0,Acetate,5.0,50.0,none,0.0,none,0.0,none,0.0,none,0.0,0.9,0.9,1.0458253326826563,1.0458253326826563,1.0458253326826563,1.0458253326826563,1.0458253326826563,
382_p3conc_2.0_i2,poly-hIgG,Polyclonal,3.0,150.0,7.6,1.0,1.968,25.0,Acetate,5.0,50.0,none,0.0,none,0.0,none,0.0,none,0.0,0.9,0.9,1.0934456708045628,1.058855397378501,1.058855397378501,1.058855397378501,1.058855397378501,
382_p3conc_2.8_i3,poly-hIgG,Polyclonal,3.0,150.0,7.6,1.0,2.7608,25.0,Acetate,5.0,50.0,none,0.0,none,0.0,none,0.0,none,0.0,0.9,0.9,1.2989979239994507,1.2989979239994507,1.2747850783033854,1.2515588762752448,1.1438362036357417,
382_p3conc_2.9_i4,poly-hIgG,Polyclonal,3.0,150.0,7.6,1.0,2.924,25.0,Acetate,5.0,50.0,none,0.0,none,0.0,none,0.0,none,0.0,0.9,0.9,1.263625171720919,1.263625171720919,1.263625171720919,1.2323048361601519,1.1565425442721302,
382_p3conc_3.9_i5,poly-hIgG,Polyclonal,3.0,150.0,7.6,1.0,3.873,25.0,Acetate,5.0,50.0,none,0.0,none,0.0,none,0.0,none,0.0,0.9,0.9,1.5016285251499069,1.3813113013277754,1.3813113013277754,1.3150527454934184,1.2593779609152551,
382_p3conc_5.0_i6,poly-hIgG,Polyclonal,3.0,150.0,7.6,1.0,5.0,25.0,Acetate,5.0,50.0,none,0.0,none,0.0,none,0.0,none,0.0,0.9,0.9,1.839180349493705,1.5122117039113263,1.5122117039113263,1.503994836546619,1.3768875861862633,
382_p3conc_5.4_i7,poly-hIgG,Polyclonal,3.0,150.0,7.6,1.0,5.4332,25.0,Acetate,5.0,50.0,none,0.0,none,0.0,none,0.0,none,0.0,0.9,0.9,1.6248534480474026,1.6248534480474026,1.5596105926071098,1.4554796790870146,1.4554796790870146,
382_p3conc_7.6_i8,poly-hIgG,Polyclonal,3.0,150.0,7.6,1.0,7.622,25.0,Acetate,5.0,50.0,none,0.0,none,0.0,none,0.0,none,0.0,0.9,0.9,1.874460543029215,1.6945005317841926,1.6945005317841926,1.6945005317841926,1.557253587002836,
382_p3conc_8.5_i9,poly-hIgG,Polyclonal,3.0,150.0,7.6,1.0,8.5499,25.0,Acetate,5.0,50.0,none,0.0,none,0.0,none,0.0,none,0.0,0.9,0.9,1.931805896577366,1.83677130624796,1.728412650719486,1.728412650719486,1.5663023983895235,
382_p3conc_10.7_i10,poly-hIgG,Polyclonal,3.0,150.0,7.6,1.0,10.6925,25.0,Acetate,5.0,50.0,none,0.0,none,0.0,none,0.0,none,0.0,0.9,0.9,2.2303073673218967,2.062751557256505,1.964620605886795,1.8670684165534839,1.6564236511617303,
382_p3conc_14.6_i11,poly-hIgG,Polyclonal,3.0,150.0,7.6,1.0,14.6201,25.0,Acetate,5.0,50.0,none,0.0,none,0.0,none,0.0,none,0.0,0.9,0.9,2.40459921179903,2.40459921179903,2.22674392961263,2.0933157789406427,1.775107363164075,
382_p3conc_15.0_i12,poly-hIgG,Polyclonal,3.0,150.0,7.6,1.0,15.0,25.0,Acetate,5.0,50.0,none,0.0,none,0.0,none,0.0,none,0.0,0.9,0.9,2.338518847051378,2.3367510096999777,2.148720911616752,2.1332663470143793,1.7728224521273381,
382_p3conc_21.0_i13,poly-hIgG,Polyclonal,3.0,150.0,7.6,1.0,21.0428,25.0,Acetate,5.0,50.0,none,0.0,none,0.0,none,0.0,none,0.0,0.9,0.9,2.983018056332812,2.4807597440276834,2.1446630107798326,2.1446630107798326,1.8910489797429202,
382_p3conc_25.0_i14,poly-hIgG,Polyclonal,3.0,150.0,7.6,1.0,25.0,25.0,Acetate,5.0,50.0,none,0.0,none,0.0,none,0.0,none,0.0,0.9,0.9,2.963958517345363,2.6373854789583344,2.6373854789583344,2.414744288116715,1.968357319838124,
382_p3conc_29.5_i15,poly-hIgG,Polyclonal,3.0,150.0,7.6,1.0,29.5198,25.0,Acetate,5.0,50.0,none,0.0,none,0.0,none,0.0,none,0.0,0.9,0.9,3.4101328074175905,3.0748820717632253,2.9472580693613946,2.567076263634576,2.124373820750222,
382_p3conc_41.4_i16,poly-hIgG,Polyclonal,3.0,150.0,7.6,1.0,41.4119,25.0,Acetate,5.0,50.0,none,0.0,none,0.0,none,0.0,none,0.0,0.9,0.9,3.440477988553548,3.2206982294246154,3.1466703566017045,2.8242115647522064,2.555254503635683,
382_p3conc_42.7_i17,poly-hIgG,Polyclonal,3.0,150.0,7.6,1.0,42.7494,25.0,Acetate,5.0,50.0,none,0.0,none,0.0,none,0.0,none,0.0,0.9,0.9,3.719086980379329,3.670222790304482,2.817374425698667,2.817374425698667,2.0833752466414266,
382_p3conc_58.1_i18,poly-hIgG,Polyclonal,3.0,150.0,7.6,1.0,58.0948,25.0,Acetate,5.0,50.0,none,0.0,none,0.0,none,0.0,none,0.0,0.9,0.9,3.775090012530206,3.4543375409644748,3.4543375409644748,3.1862996059010724,2.604002812748195,
382_p3conc_73.1_i19,poly-hIgG,Polyclonal,3.0,150.0,7.6,1.0,73.1004,25.0,Acetate,5.0,50.0,none,0.0,none,0.0,none,0.0,none,0.0,0.9,0.9,4.332628600214984,4.292101970934918,3.5665367525975418,3.5665367525975418,2.65494293252357,
382_p3conc_81.5_i20,poly-hIgG,Polyclonal,3.0,150.0,7.6,1.0,81.4982,25.0,Acetate,5.0,50.0,none,0.0,none,0.0,none,0.0,none,0.0,0.9,0.9,5.044923649627537,4.3858495982615615,3.804789387461618,3.5347040665424596,2.607869065273038,
382_p3conc_114.3_i21,poly-hIgG,Polyclonal,3.0,150.0,7.6,1.0,114.3299,25.0,Acetate,5.0,50.0,none,0.0,none,0.0,none,0.0,none,0.0,0.9,0.9,5.206151735739298,4.674443346844553,4.458061688275774,3.6953775167988225,2.9281945611939513,
382_p3conc_134.5_i22,poly-hIgG,Polyclonal,3.0,150.0,7.6,1.0,134.53,25.0,Acetate,5.0,50.0,none,0.0,none,0.0,none,0.0,none,0.0,0.9,0.9,5.151070017979781,4.769519379131555,4.677120597365753,4.352333430754977,2.7809546582070346,
382_p3conc_144.8_i23,poly-hIgG,Polyclonal,3.0,150.0,7.6,1.0,144.7865,25.0,Acetate,5.0,50.0,none,0.0,none,0.0,none,0.0,none,0.0,0.9,0.9,6.080755981159993,5.4905491130540955,4.379239015275357,4.379239015275357,3.0875381285358876,
382_p3conc_155.8_i24,poly-hIgG,Polyclonal,3.0,150.0,7.6,1.0,155.825,25.0,Acetate,5.0,50.0,none,0.0,none,0.0,none,0.0,none,0.0,0.9,0.9,5.7067688572514115,5.428598477417852,4.879852327418489,4.211855383708843,3.1278263764177616,
382_p3conc_160.4_i25,poly-hIgG,Polyclonal,3.0,150.0,7.6,1.0,160.3877,25.0,Acetate,5.0,50.0,none,0.0,none,0.0,none,0.0,none,0.0,0.9,0.9,5.656619264498007,5.621707656022031,4.422673806513488,4.330763642596717,3.4783185987746723,
382_p3conc_167.7_i26,poly-hIgG,Polyclonal,3.0,150.0,7.6,1.0,167.705,25.0,Acetate,5.0,50.0,none,0.0,none,0.0,none,0.0,none,0.0,0.9,0.9,6.082170266661645,5.685628797166723,4.856464174741701,4.1928833735407895,3.2799881101440307,
382_p3conc_180.5_i27,poly-hIgG,Polyclonal,3.0,150.0,7.6,1.0,180.4908,25.0,Acetate,5.0,50.0,none,0.0,none,0.0,none,0.0,none,0.0,0.9,0.9,5.859195658966481,5.859195658966481,4.972701886395255,4.65997833123008,3.6039403436388326,
382_p3conc_194.3_i28,poly-hIgG,Polyclonal,3.0,150.0,7.6,1.0,194.2513,25.0,Acetate,5.0,50.0,none,0.0,none,0.0,none,0.0,none,0.0,0.9,0.9,5.9062787089465765,5.133219177402015,5.133219177402015,4.775863839956257,3.3298069175641816,
382_p3conc_209.1_i29,poly-hIgG,Polyclonal,3.0,150.0,7.6,1.0,209.061,25.0,Acetate,5.0,50.0,none,0.0,none,0.0,none,0.0,none,0.0,0.9,0.9,6.050009613581518,5.9332599732100375,5.250857413202091,4.805959299001747,3.281051932364565,
383_p3conc_1.4_i0,poly-hIgG,Polyclonal,3.0,150.0,7.6,1.0,1.4028,25.0,Acetate,5.0,80.0,none,0.0,none,0.0,none,0.0,none,0.0,0.9,0.9,1.0101589353083926,1.0101589353083926,0.9284874463290057,0.9284874463290057,0.9284874463290057,
383_p3conc_1.7_i1,poly-hIgG,Polyclonal,3.0,150.0,7.6,1.0,1.71,25.0,Acetate,5.0,80.0,none,0.0,none,0.0,none,0.0,none,0.0,0.9,0.9,1.090524472020174,0.9886393983131453,0.9886393983131453,0.9543098600395252,0.9543098600395252,
383_p3conc_2.0_i2,poly-hIgG,Polyclonal,3.0,150.0,7.6,1.0,1.968,25.0,Acetate,5.0,80.0,none,0.0,none,0.0,none,0.0,none,0.0,0.9,0.9,1.1015743541333294,1.0745520687995571,1.0745520687995571,1.0745520687995571,1.0337198467527617,
383_p3conc_2.8_i3,poly-hIgG,Polyclonal,3.0,150.0,7.6,1.0,2.7608,25.0,Acetate,5.0,80.0,none,0.0,none,0.0,none,0.0,none,0.0,0.9,0.9,1.2296822607147337,1.186488559682649,1.1848712984778584,1.098563536166091,1.098563536166091,
383_p3conc_2.9_i4,poly-hIgG,Polyclonal,3.0,150.0,7.6,1.0,2.924,25.0,Acetate,5.0,80.0,none,0.0,none,0.0,none,0.0,none,0.0,0.9,0.9,1.3580046227528921,1.213246143215751,1.1935799090463535,1.1935799090463535,1.166439294108762,
383_p3conc_3.9_i5,poly-hIgG,Polyclonal,3.0,150.0,7.6,1.0,3.873,25.0,Acetate,5.0,80.0,none,0.0,none,0.0,none,0.0,none,0.0,0.9,0.9,1.3281058556117888,1.2831699109342707,1.2831699109342707,1.249085990518509,1.223395706703793,
383_p3conc_5.0_i6,poly-hIgG,Polyclonal,3.0,150.0,7.6,1.0,5.0,25.0,Acetate,5.0,80.0,none,0.0,none,0.0,none,0.0,none,0.0,0.9,0.9,1.340852002588601,1.340852002588601,1.340852002588601,1.244399446490638,1.2097354643739902,
383_p3conc_5.4_i7,poly-hIgG,Polyclonal,3.0,150.0,7.6,1.0,5.4332,25.0,Acetate,5.0,80.0,none,0.0,none,0.0,none,0.0,none,0.0,0.9,0.9,1.3418784247947755,1.3255890102692434,1.3255890102692434,1.3055010142066739,1.2202071898194664,
383_p3conc_7.6_i8,poly-hIgG,Polyclonal,3.0,150.0,7.6,1.0,7.622,25.0,Acetate,5.0,80.0,none,0.0,none,0.0,none,0.0,none,0.0,0.9,0.9,1.5622867047475242,1.482250495688941,1.482250495688941,1.482250495688941,1.3538754839117793,
383_p3conc_8.5_i9,poly-hIgG,Polyclonal,3.0,150.0,7.6,1.0,8.5499,25.0,Acetate,5.0,80.0,none,0.0,none,0.0,none,0.0,none,0.0,0.9,0.9,1.6790497422953172,1.6790497422953172,1.620148851607048,1.4749588311861515,1.2737778463349387,
383_p3conc_10.7_i10,poly-hIgG,Polyclonal,3.0,150.0,7.6,1.0,10.6925,25.0,Acetate,5.0,80.0,none,0.0,none,0.0,none,0.0,none,0.0,0.9,0.9,1.6724423484068156,1.6724423484068156,1.640074078695757,1.640074078695757,1.4928813938153571,
383_p3conc_14.6_i11,poly-hIgG,Polyclonal,3.0,150.0,7.6,1.0,14.6201,25.0,Acetate,5.0,80.0,none,0.0,none,0.0,none,0.0,none,0.0,0.9,0.9,1.9347635854862621,1.8390477624597714,1.7630166928495388,1.7630166928495388,1.5281301808726522,
383_p3conc_15.0_i12,poly-hIgG,Polyclonal,3.0,150.0,7.6,1.0,15.0,25.0,Acetate,5.0,80.0,none,0.0,none,0.0,none,0.0,none,0.0,0.9,0.9,1.9289593604358604,1.9153421991115103,1.888312967744255,1.8590803863987753,1.4668781340257018,
383_p3conc_21.0_i13,poly-hIgG,Polyclonal,3.0,150.0,7.6,1.0,21.0428,25.0,Acetate,5.0,80.0,none,0.0,none,0.0,none,0.0,none,0.0,0.9,0.9,2.0069451781667627,2.0069451781667627,2.0069451781667627,1.8220923518086387,1.5923716877203535,
383_p3conc_25.0_i14,poly-hIgG,Polyclonal,3.0,150.0,7.6,1.0,25.0,25.0,Acetate,5.0,80.0,none,0.0,none,0.0,none,0.0,none,0.0,0.9,0.9,2.1982558999901523,2.108174222199354,2.09730276088531,1.9658158353909434,1.6710929918206874,
383_p3conc_29.5_i15,poly-hIgG,Polyclonal,3.0,150.0,7.6,1.0,29.5198,25.0,Acetate,5.0,80.0,none,0.0,none,0.0,none,0.0,none,0.0,0.9,0.9,2.125091167963971,2.125091167963971,2.125091167963971,2.0520037407344662,1.8408850786925124,
383_p3conc_41.4_i16,poly-hIgG,Polyclonal,3.0,150.0,7.6,1.0,41.4119,25.0,Acetate,5.0,80.0,none,0.0,none,0.0,none,0.0,none,0.0,0.9,0.9,2.3539265818659056,2.3539265818659056,2.3539265818659056,2.023052429817861,1.7626590047928723,
383_p3conc_42.7_i17,poly-hIgG,Polyclonal,3.0,150.0,7.6,1.0,42.7494,25.0,Acetate,5.0,80.0,none,0.0,none,0.0,none,0.0,none,0.0,0.9,0.9,2.469991929693981,2.469991929693981,2.469991929693981,2.1417152907078245,1.754581692602297,
383_p3conc_58.1_i18,poly-hIgG,Polyclonal,3.0,150.0,7.6,1.0,58.0948,25.0,Acetate,5.0,80.0,none,0.0,none,0.0,none,0.0,none,0.0,0.9,0.9,2.7502882182790622,2.7502882182790622,2.6992136027815175,2.204914864531421,2.02286286844479,
383_p3conc_73.1_i19,poly-hIgG,Polyclonal,3.0,150.0,7.6,1.0,73.1004,25.0,Acetate,5.0,80.0,none,0.0,none,0.0,none,0.0,none,0.0,0.9,0.9,2.993555798940078,2.993555798940078,2.772608323671321,2.489397918665849,1.9852240758483215,
383_p3conc_81.5_i20,poly-hIgG,Polyclonal,3.0,150.0,7.6,1.0,81.4982,25.0,Acetate,5.0,80.0,none,0.0,none,0.0,none,0.0,none,0.0,0.9,0.9,2.790466150510246,2.790466150510246,2.790466150510246,2.6550708936723515,1.9627195681618868,
383_p3conc_114.3_i21,poly-hIgG,Polyclonal,3.0,150.0,7.6,1.0,114.3299,25.0,Acetate,5.0,80.0,none,0.0,none,0.0,none,0.0,none,0.0,0.9,0.9,3.2265993269709825,3.2265993269709825,3.0643127268823522,2.8957504974992165,2.187797055540506,
383_p3conc_134.5_i22,poly-hIgG,Polyclonal,3.0,150.0,7.6,1.0,134.53,25.0,Acetate,5.0,80.0,none,0.0,none,0.0,none,0.0,none,0.0,0.9,0.9,3.394089470924157,3.2407491290649375,3.1460268895721586,2.927540657269549,2.3213809982693983,
383_p3conc_144.8_i23,poly-hIgG,Polyclonal,3.0,150.0,7.6,1.0,144.7865,25.0,Acetate,5.0,80.0,none,0.0,none,0.0,none,0.0,none,0.0,0.9,0.9,3.426325341794375,3.3459557376478912,3.3459557376478912,3.026210517556677,2.241151946636412,
383_p3conc_155.8_i24,poly-hIgG,Polyclonal,3.0,150.0,7.6,1.0,155.825,25.0,Acetate,5.0,80.0,none,0.0,none,0.0,none,0.0,none,0.0,0.9,0.9,3.545863407629334,3.487918702319845,3.4263226498912704,2.691509450286962,2.34363584152703,
383_p3conc_160.4_i25,poly-hIgG,Polyclonal,3.0,150.0,7.6,1.0,160.3877,25.0,Acetate,5.0,80.0,none,0.0,none,0.0,none,0.0,none,0.0,0.9,0.9,3.5915575807602025,3.534341510068972,3.2587840582460066,3.0954831522687978,2.543538603509268,
383_p3conc_167.7_i26,poly-hIgG,Polyclonal,3.0,150.0,7.6,1.0,167.705,25.0,Acetate,5.0,80.0,none,0.0,none,0.0,none,0.0,none,0.0,0.9,0.9,3.505577612373136,3.505577612373136,3.391240020632708,2.784823764702611,2.268903546209718,
383_p3conc_180.5_i27,poly-hIgG,Polyclonal,3.0,150.0,7.6,1.0,180.4908,25.0,Acetate,5.0,80.0,none,0.0,none,0.0,none,0.0,none,0.0,0.9,0.9,3.633166425075317,3.309905163949432,3.309905163949432,3.309905163949432,2.2491502590889043,
383_p3conc_194.3_i28,poly-hIgG,Polyclonal,3.0,150.0,7.6,1.0,194.2513,25.0,Acetate,5.0,80.0,none,0.0,none,0.0,none,0.0,none,0.0,0.9,0.9,3.5716863209939858,3.492160009439498,3.492160009439498,3.005673914072985,2.3696610083347434,
383_p3conc_209.1_i29,poly-hIgG,Polyclonal,3.0,150.0,7.6,1.0,209.061,25.0,Acetate,5.0,80.0,none,0.0,none,0.0,none,0.0,none,0.0,0.9,0.9,3.707851988692646,3.707851988692646,3.707851988692646,3.065837620459437,2.4784241878511817,
508_p3conc_1.4_i0,poly-hIgG,Polyclonal,3.0,150.0,7.6,1.0,1.4411,25.475,Histidine,6.0,15.0,none,0.0,none,0.0,none,0.0,none,0.0,0.9,0.9,0.9949484432918617,0.9200679274737723,0.91,0.91,0.91,
508_p3conc_2.1_i1,poly-hIgG,Polyclonal,3.0,150.0,7.6,1.0,2.0768,25.475,Histidine,6.0,15.0,none,0.0,none,0.0,none,0.0,none,0.0,0.9,0.9,1.127522047123509,1.0035691048041966,0.9789783151606187,0.91,0.91,
508_p3conc_2.7_i2,poly-hIgG,Polyclonal,3.0,150.0,7.6,1.0,2.6723,25.475,Histidine,6.0,15.0,none,0.0,none,0.0,none,0.0,none,0.0,0.9,0.9,1.1002013456310709,1.0152989726178998,0.91,0.91,0.91,
508_p3conc_3.0_i3,poly-hIgG,Polyclonal,3.0,150.0,7.6,1.0,2.9928,25.475,Histidine,6.0,15.0,none,0.0,none,0.0,none,0.0,none,0.0,0.9,0.9,0.9804639313041382,0.9804639313041382,0.9359183715192065,0.9359183715192065,0.9359183715192065,
508_p3conc_4.3_i4,poly-hIgG,Polyclonal,3.0,150.0,7.6,1.0,4.3129,25.475,Histidine,6.0,15.0,none,0.0,none,0.0,none,0.0,none,0.0,0.9,0.9,1.078542052366625,1.078542052366625,1.078542052366625,1.0184982484043275,0.9710821204561411,
508_p3conc_6.2_i5,poly-hIgG,Polyclonal,3.0,150.0,7.6,1.0,6.2153,25.475,Histidine,6.0,15.0,none,0.0,none,0.0,none,0.0,none,0.0,0.9,0.9,1.1948834878695929,1.1948834878695929,0.91,0.91,0.91,
508_p3conc_7.1_i6,poly-hIgG,Polyclonal,3.0,150.0,7.6,1.0,7.1414,25.475,Histidine,6.0,15.0,none,0.0,none,0.0,none,0.0,none,0.0,0.9,0.9,1.1977818851297533,1.1977818851297533,1.0098230926176917,1.0098230926176917,0.9292345996148045,
508_p3conc_9.0_i7,poly-hIgG,Polyclonal,3.0,150.0,7.6,1.0,8.9568,25.475,Histidine,6.0,15.0,none,0.0,none,0.0,none,0.0,none,0.0,0.9,0.9,1.2784851615382884,1.2784851615382884,1.036127969354374,1.036127969354374,0.9626749699083506,
508_p3conc_12.9_i8,poly-hIgG,Polyclonal,3.0,150.0,7.6,1.0,12.9076,25.475,Histidine,6.0,15.0,none,0.0,none,0.0,none,0.0,none,0.0,0.9,0.9,1.395689544723133,1.2956894884710217,1.135488694613399,1.1184770110608793,0.9690473171895349,
508_p3conc_18.6_i9,poly-hIgG,Polyclonal,3.0,150.0,7.6,1.0,18.6011,25.475,Histidine,6.0,15.0,none,0.0,none,0.0,none,0.0,none,0.0,0.9,0.9,1.502674503233447,1.4285187779957733,1.133990822843975,1.133990822843975,0.9872034166836022,
508_p3conc_19.1_i10,poly-hIgG,Polyclonal,3.0,150.0,7.6,1.0,19.0844,25.475,Histidine,6.0,15.0,none,0.0,none,0.0,none,0.0,none,0.0,0.9,0.9,1.3820298112127394,1.3717073795326136,1.1850626248290583,1.1850626248290583,1.0177577881771274,
508_p3conc_26.8_i11,poly-hIgG,Polyclonal,3.0,150.0,7.6,1.0,26.8059,25.475,Histidine,6.0,15.0,none,0.0,none,0.0,none,0.0,none,0.0,0.9,0.9,1.4861106457975821,1.4861106457975821,1.2126359144877992,1.2126359144877992,1.0515758773100858,
508_p3conc_38.6_i12,poly-hIgG,Polyclonal,3.0,150.0,7.6,1.0,38.6298,25.475,Histidine,6.0,15.0,none,0.0,none,0.0,none,0.0,none,0.0,0.9,0.9,1.6758905717465677,1.6758905717465677,1.3667099239771683,1.3667099239771683,1.157277713968932,
508_p3conc_55.7_i13,poly-hIgG,Polyclonal,3.0,150.0,7.6,1.0,55.6692,25.475,Histidine,6.0,15.0,none,0.0,none,0.0,none,0.0,none,0.0,0.9,0.9,1.6782063796124291,1.6782063796124291,1.4047082530824713,1.4047082530824713,1.1526889226612513,
318_p3conc_80.2_i14,poly-hIgG,Polyclonal,3.0,150.0,7.6,1.0,80.2245,25.0,Histidine,6.0,15.0,none,0.0,none,0.0,none,0.0,none,0.0,0.9,0.9,1.799108223458483,1.799108223458483,1.799108223458483,1.6585870839849226,1.474526506049153,
318_p3conc_84.7_i15,poly-hIgG,Polyclonal,3.0,150.0,7.6,1.0,84.7005,25.0,Histidine,6.0,15.0,none,0.0,none,0.0,none,0.0,none,0.0,0.9,0.9,1.9004640067787055,1.8021450036945952,1.8021450036945952,1.8021450036945952,1.589620156051949,
318_p3conc_95.7_i16,poly-hIgG,Polyclonal,3.0,150.0,7.6,1.0,95.6557,25.0,Histidine,6.0,15.0,none,0.0,none,0.0,none,0.0,none,0.0,0.9,0.9,2.0183647066485304,2.0183647066485304,2.0183647066485304,2.0183647066485304,1.5864517103361027,
505_p3conc_108.0_i17,poly-hIgG,Polyclonal,3.0,150.0,7.6,1.0,108.0277,25.380000000000003,Histidine,6.0,15.0,none,0.0,none,0.0,none,0.0,none,0.0,0.9,0.9,2.653428788939042,2.5457270942960264,2.5457270942960264,2.5457270942960264,1.6841966468424585,
505_p3conc_115.6_i18,poly-hIgG,Polyclonal,3.0,150.0,7.6,1.0,115.611,25.380000000000003,Histidine,6.0,15.0,none,0.0,none,0.0,none,0.0,none,0.0,0.9,0.9,2.7617997548208764,2.7617997548208764,2.7617997548208764,2.7617997548208764,1.8613968009082833,
505_p3conc_131.1_i19,poly-hIgG,Polyclonal,3.0,150.0,7.6,1.0,131.1279,25.380000000000003,Histidine,6.0,15.0,none,0.0,none,0.0,none,0.0,none,0.0,0.9,0.9,3.3848830489854675,3.3848830489854675,3.3848830489854675,3.3848830489854675,1.8870993581089803,
505_p3conc_140.9_i20,poly-hIgG,Polyclonal,3.0,150.0,7.6,1.0,140.9389,25.380000000000003,Histidine,6.0,15.0,none,0.0,none,0.0,none,0.0,none,0.0,0.9,0.9,4.210913278085357,4.210913278085357,3.8968685684953273,3.8968685684953273,2.46608628274792,
155_p3conc_151.5_i21,poly-hIgG,Polyclonal,3.0,150.0,7.6,1.0,151.4841,27.5,Histidine,6.0,15.0,none,0.0,none,0.0,none,0.0,none,0.0,0.9,0.9,5.229679727012924,5.084695726516128,4.5556083566082215,3.8143786358019414,2.4487016266341293,
155_p3conc_162.8_i22,poly-hIgG,Polyclonal,3.0,150.0,7.6,1.0,162.8178,27.5,Histidine,6.0,15.0,none,0.0,none,0.0,none,0.0,none,0.0,0.9,0.9,6.608114404784078,5.982357031842956,5.451220479631253,4.468223599912536,3.1027639769299364,
506_p3conc_197.4_i23,poly-hIgG,Polyclonal,3.0,150.0,7.6,1.0,197.4099,25.216363636363635,Histidine,6.0,15.0,none,0.0,none,0.0,none,0.0,none,0.0,0.9,0.9,12.617821241992345,11.48164756097537,10.148044990130565,10.148044990130565,2.9647469906133996,
151_p3conc_208.4_i24,poly-hIgG,Polyclonal,3.0,150.0,7.6,1.0,208.3992,27.5,Histidine,6.0,15.0,none,0.0,none,0.0,none,0.0,none,0.0,0.9,0.9,13.448762520302418,11.117442259452911,11.117442259452911,11.024923364751876,3.024736222654423,
507_p3conc_267.9_i25,poly-hIgG,Polyclonal,3.0,150.0,7.6,1.0,267.8983,25.0775,Histidine,6.0,15.0,none,0.0,none,0.0,none,0.0,none,0.0,0.9,0.9,76.62067388597897,76.62067388597897,75.53920478360132,66.95756522265296,11.434764625427935,
507_p3conc_279.6_i26,poly-hIgG,Polyclonal,3.0,150.0,7.6,1.0,279.5683,25.0775,Histidine,6.0,15.0,none,0.0,none,0.0,none,0.0,none,0.0,0.9,0.9,76.22027568070266,76.22027568070266,76.22027568070266,69.85449365067547,11.551155893875114,
507_p3conc_291.7_i27,poly-hIgG,Polyclonal,3.0,150.0,7.6,1.0,291.7467,25.0775,Histidine,6.0,15.0,none,0.0,none,0.0,none,0.0,none,0.0,0.9,0.9,81.22940609555789,81.22940609555789,81.22940609555789,77.51379853683746,13.145709063020833,
507_p3conc_304.5_i28,poly-hIgG,Polyclonal,3.0,150.0,7.6,1.0,304.4549,25.0775,Histidine,6.0,15.0,none,0.0,none,0.0,none,0.0,none,0.0,0.9,0.9,89.52414425515123,89.52414425515123,89.52414425515123,86.61377846317193,13.95636524140098,
507_p3conc_317.7_i29,poly-hIgG,Polyclonal,3.0,150.0,7.6,1.0,317.7174,25.0775,Histidine,6.0,15.0,none,0.0,none,0.0,none,0.0,none,0.0,0.9,0.9,110.46179400794712,94.2981643804865,94.2981643804865,94.2981643804865,14.306285626905494,
507_p3conc_331.6_i30,poly-hIgG,Polyclonal,3.0,150.0,7.6,1.0,331.5568,25.0775,Histidine,6.0,15.0,none,0.0,none,0.0,none,0.0,none,0.0,0.9,0.9,103.68313074241026,103.68313074241026,103.68313074241026,103.68313074241026,14.065688261625995,
337_p3conc_1.4_i0,poly-hIgG,Polyclonal,3.0,150.0,7.6,1.0,1.4028,25.0,Histidine,6.0,25.0,none,0.0,none,0.0,none,0.0,none,0.0,0.9,0.9,0.9873109496640498,0.9873109496640498,0.9873109496640498,0.9873109496640498,0.9873109496640498,
337_p3conc_1.7_i1,poly-hIgG,Polyclonal,3.0,150.0,7.6,1.0,1.71,25.0,Histidine,6.0,25.0,none,0.0,none,0.0,none,0.0,none,0.0,0.9,0.9,1.051396958627293,1.0176341419025743,1.0176341419025743,1.0176341419025743,0.9608050690507002,
337_p3conc_2.0_i2,poly-hIgG,Polyclonal,3.0,150.0,7.6,1.0,1.968,25.0,Histidine,6.0,25.0,none,0.0,none,0.0,none,0.0,none,0.0,0.9,0.9,1.145750693686093,1.145750693686093,1.1097781084475542,1.1097781084475542,1.102212475139943,
337_p3conc_2.8_i3,poly-hIgG,Polyclonal,3.0,150.0,7.6,1.0,2.7608,25.0,Histidine,6.0,25.0,none,0.0,none,0.0,none,0.0,none,0.0,0.9,0.9,1.1586912562203333,1.121772046182593,1.121772046182593,1.121772046182593,1.0560915974618401,
337_p3conc_2.9_i4,poly-hIgG,Polyclonal,3.0,150.0,7.6,1.0,2.924,25.0,Histidine,6.0,25.0,none,0.0,none,0.0,none,0.0,none,0.0,0.9,0.9,1.3188960085140435,1.3188960085140435,1.245518037183133,1.1588432350175186,1.1544113780439302,
337_p3conc_3.9_i5,poly-hIgG,Polyclonal,3.0,150.0,7.6,1.0,3.873,25.0,Histidine,6.0,25.0,none,0.0,none,0.0,none,0.0,none,0.0,0.9,0.9,1.278896009308674,1.278896009308674,1.278896009308674,1.278896009308674,1.245058941428176,
337_p3conc_5.0_i6,poly-hIgG,Polyclonal,3.0,150.0,7.6,1.0,5.0,25.0,Histidine,6.0,25.0,none,0.0,none,0.0,none,0.0,none,0.0,0.9,0.9,1.475324611830509,1.475324611830509,1.451088464100708,1.3674339305390937,1.1412677634002624,
337_p3conc_5.4_i7,poly-hIgG,Polyclonal,3.0,150.0,7.6,1.0,5.4332,25.0,Histidine,6.0,25.0,none,0.0,none,0.0,none,0.0,none,0.0,0.9,0.9,1.3265628550236739,1.3265628550236739,1.3265628550236739,1.3265628550236739,1.2145108696431193,
337_p3conc_7.6_i8,poly-hIgG,Polyclonal,3.0,150.0,7.6,1.0,7.622,25.0,Histidine,6.0,25.0,none,0.0,none,0.0,none,0.0,none,0.0,0.9,0.9,1.6791873841662015,1.55099134760053,1.55099134760053,1.55099134760053,1.3128234216620576,
337_p3conc_8.5_i9,poly-hIgG,Polyclonal,3.0,150.0,7.6,1.0,8.5499,25.0,Histidine,6.0,25.0,none,0.0,none,0.0,none,0.0,none,0.0,0.9,0.9,1.7293674286964493,1.71116230275875,1.6022777282028284,1.5439744838089053,1.3924389607949939,
337_p3conc_10.7_i10,poly-hIgG,Polyclonal,3.0,150.0,7.6,1.0,10.6925,25.0,Histidine,6.0,25.0,none,0.0,none,0.0,none,0.0,none,0.0,0.9,0.9,1.6958427972445926,1.6958427972445926,1.6958427972445926,1.6286980474839348,1.458663142062615,
337_p3conc_14.6_i11,poly-hIgG,Polyclonal,3.0,150.0,7.6,1.0,14.6201,25.0,Histidine,6.0,25.0,none,0.0,none,0.0,none,0.0,none,0.0,0.9,0.9,1.9960967300212484,1.8895751272074806,1.7823430349803844,1.7823430349803844,1.4746353746637546,
337_p3conc_15.0_i12,poly-hIgG,Polyclonal,3.0,150.0,7.6,1.0,15.0,25.0,Histidine,6.0,25.0,none,0.0,none,0.0,none,0.0,none,0.0,0.9,0.9,1.8973673901640409,1.8973673901640409,1.8973673901640409,1.8652916972161595,1.6761904479745122,
337_p3conc_21.0_i13,poly-hIgG,Polyclonal,3.0,150.0,7.6,1.0,21.0428,25.0,Histidine,6.0,25.0,none,0.0,none,0.0,none,0.0,none,0.0,0.9,0.9,2.1323522851736882,2.1323522851736882,2.1323522851736882,1.9690539885455778,1.641583624185489,
337_p3conc_25.0_i14,poly-hIgG,Polyclonal,3.0,150.0,7.6,1.0,25.0,25.0,Histidine,6.0,25.0,none,0.0,none,0.0,none,0.0,none,0.0,0.9,0.9,2.147645540054056,2.147645540054056,2.147645540054056,2.1170506449457918,1.5943857167373536,
337_p3conc_29.5_i15,poly-hIgG,Polyclonal,3.0,150.0,7.6,1.0,29.5198,25.0,Histidine,6.0,25.0,none,0.0,none,0.0,none,0.0,none,0.0,0.9,0.9,2.4265101764504284,2.293681246279571,2.293681246279571,2.2826088835968945,1.9008914131693375,
337_p3conc_41.4_i16,poly-hIgG,Polyclonal,3.0,150.0,7.6,1.0,41.4119,25.0,Histidine,6.0,25.0,none,0.0,none,0.0,none,0.0,none,0.0,0.9,0.9,2.719166337635003,2.6806231285941027,2.6091599199154185,2.3179714917855008,1.9534577017237857,
337_p3conc_42.7_i17,poly-hIgG,Polyclonal,3.0,150.0,7.6,1.0,42.7494,25.0,Histidine,6.0,25.0,none,0.0,none,0.0,none,0.0,none,0.0,0.9,0.9,2.741147506570366,2.580335397695573,2.580335397695573,2.580335397695573,1.9000648743239468,
337_p3conc_58.1_i18,poly-hIgG,Polyclonal,3.0,150.0,7.6,1.0,58.0948,25.0,Histidine,6.0,25.0,none,0.0,none,0.0,none,0.0,none,0.0,0.9,0.9,2.8583001459280264,2.8583001459280264,2.8583001459280264,2.733377095482782,2.0785389799084064,
337_p3conc_73.1_i19,poly-hIgG,Polyclonal,3.0,150.0,7.6,1.0,73.1004,25.0,Histidine,6.0,25.0,none,0.0,none,0.0,none,0.0,none,0.0,0.9,0.9,3.3135805958451185,3.032143658103072,2.957532147842733,2.957532147842733,2.1778763631520786,
337_p3conc_81.5_i20,poly-hIgG,Polyclonal,3.0,150.0,7.6,1.0,81.4982,25.0,Histidine,6.0,25.0,none,0.0,none,0.0,none,0.0,none,0.0,0.9,0.9,3.1017524898753743,3.1017524898753743,3.005477374507379,2.9838870542453546,2.059074384160272,
337_p3conc_114.3_i21,poly-hIgG,Polyclonal,3.0,150.0,7.6,1.0,114.3299,25.0,Histidine,6.0,25.0,none,0.0,none,0.0,none,0.0,none,0.0,0.9,0.9,3.621645422603961,3.4262366232550248,3.2914309701959743,3.2914309701959743,2.6155082136617938,
337_p3conc_134.5_i22,poly-hIgG,Polyclonal,3.0,150.0,7.6,1.0,134.53,25.0,Histidine,6.0,25.0,none,0.0,none,0.0,none,0.0,none,0.0,0.9,0.9,3.750917574724463,3.628128779758701,3.517140711942284,3.4166324230260288,2.5081580528319565,
337_p3conc_144.8_i23,poly-hIgG,Polyclonal,3.0,150.0,7.6,1.0,144.7865,25.0,Histidine,6.0,25.0,none,0.0,none,0.0,none,0.0,none,0.0,0.9,0.9,3.7550661078052663,3.7550661078052663,3.7550661078052663,3.2486384264637933,2.505591326541347,
337_p3conc_155.8_i24,poly-hIgG,Polyclonal,3.0,150.0,7.6,1.0,155.825,25.0,Histidine,6.0,25.0,none,0.0,none,0.0,none,0.0,none,0.0,0.9,0.9,3.5115729718588478,3.5115729718588478,3.5115729718588478,3.5034233077123296,2.3292724420692292,
337_p3conc_160.4_i25,poly-hIgG,Polyclonal,3.0,150.0,7.6,1.0,160.3877,25.0,Histidine,6.0,25.0,none,0.0,none,0.0,none,0.0,none,0.0,0.9,0.9,4.056361103051915,3.7694128825665065,3.7694128825665065,3.622716783126085,2.4282488286245374,
337_p3conc_167.7_i26,poly-hIgG,Polyclonal,3.0,150.0,7.6,1.0,167.705,25.0,Histidine,6.0,25.0,none,0.0,none,0.0,none,0.0,none,0.0,0.9,0.9,4.074131790747738,3.972183325393161,3.946007486144478,3.5042837709128434,2.419874159888281,
337_p3conc_180.5_i27,poly-hIgG,Polyclonal,3.0,150.0,7.6,1.0,180.4908,25.0,Histidine,6.0,25.0,none,0.0,none,0.0,none,0.0,none,0.0,0.9,0.9,3.9207753890682775,3.916846912609923,3.916846912609923,3.384668784143332,2.7648435819116663,
337_p3conc_194.3_i28,poly-hIgG,Polyclonal,3.0,150.0,7.6,1.0,194.2513,25.0,Histidine,6.0,25.0,none,0.0,none,0.0,none,0.0,none,0.0,0.9,0.9,4.378709027661738,3.962909021894665,3.962909021894665,3.5556401768157837,2.7618989546058947,
337_p3conc_209.1_i29,poly-hIgG,Polyclonal,3.0,150.0,7.6,1.0,209.061,25.0,Histidine,6.0,25.0,none,0.0,none,0.0,none,0.0,none,0.0,0.9,0.9,4.013558622054267,4.013558622054267,3.900990809577746,3.900990809577746,2.82387775385384,
351_p3conc_1.4_i0,poly-hIgG,Polyclonal,3.0,150.0,7.6,1.0,1.4206,25.0,Histidine,6.0,50.0,none,0.0,none,0.0,none,0.0,none,0.0,0.9,0.9,0.91,0.91,0.91,0.91,0.91,
351_p3conc_2.0_i1,poly-hIgG,Polyclonal,3.0,150.0,7.6,1.0,2.018,25.0,Histidine,6.0,50.0,none,0.0,none,0.0,none,0.0,none,0.0,0.9,0.9,0.9760501036331224,0.9651505289827641,0.9383580243336663,0.9383580243336663,0.91,
351_p3conc_2.1_i2,poly-hIgG,Polyclonal,3.0,150.0,7.6,1.0,2.0536,25.0,Histidine,6.0,50.0,none,0.0,none,0.0,none,0.0,none,0.0,0.9,0.9,0.9335874207904404,0.91,0.91,0.91,0.91,
351_p3conc_2.9_i3,poly-hIgG,Polyclonal,3.0,150.0,7.6,1.0,2.8667,25.0,Histidine,6.0,50.0,none,0.0,none,0.0,none,0.0,none,0.0,0.9,0.9,0.9666290867066507,0.9666290867066507,0.9666290867066507,0.9666290867066507,0.9662086847237394,
351_p3conc_4.1_i4,poly-hIgG,Polyclonal,3.0,150.0,7.6,1.0,4.0722,25.0,Histidine,6.0,50.0,none,0.0,none,0.0,none,0.0,none,0.0,0.9,0.9,1.0252421205522346,1.0252421205522346,1.0165359323182759,0.9334002473662257,0.9334002473662257,
351_p3conc_4.2_i5,poly-hIgG,Polyclonal,3.0,150.0,7.6,1.0,4.2172,25.0,Histidine,6.0,50.0,none,0.0,none,0.0,none,0.0,none,0.0,0.9,0.9,1.0346340738728477,1.023785965467916,1.001101662069942,0.9366392552518433,0.91,
351_p3conc_5.8_i6,poly-hIgG,Polyclonal,3.0,150.0,7.6,1.0,5.7848,25.0,Histidine,6.0,50.0,none,0.0,none,0.0,none,0.0,none,0.0,0.9,0.9,1.1079268812955074,1.1079268812955074,1.1079268812955074,0.9225698518824195,0.9133277341758305,
351_p3conc_8.2_i7,poly-hIgG,Polyclonal,3.0,150.0,7.6,1.0,8.2177,25.0,Histidine,6.0,50.0,none,0.0,none,0.0,none,0.0,none,0.0,0.9,0.9,1.0983492043277368,1.0983492043277368,1.0983492043277368,1.017159600460421,0.9532323360005059,
351_p3conc_8.7_i8,poly-hIgG,Polyclonal,3.0,150.0,7.6,1.0,8.6603,25.0,Histidine,6.0,50.0,none,0.0,none,0.0,none,0.0,none,0.0,0.9,0.9,1.0988518877176399,1.0988518877176399,1.0988518877176399,1.0075417640487454,0.9306603978551995,
351_p3conc_11.7_i9,poly-hIgG,Polyclonal,3.0,150.0,7.6,1.0,11.6737,25.0,Histidine,6.0,50.0,none,0.0,none,0.0,none,0.0,none,0.0,0.9,0.9,1.1894577412525749,1.1894577412525749,1.1894577412525749,1.0085829979739758,0.9143257980065616,
351_p3conc_16.6_i10,poly-hIgG,Polyclonal,3.0,150.0,7.6,1.0,16.5831,25.0,Histidine,6.0,50.0,none,0.0,none,0.0,none,0.0,none,0.0,0.9,0.9,1.2965187615911378,1.2965187615911378,1.2965187615911378,1.161727445330644,0.9883199056855109,
351_p3conc_17.8_i11,poly-hIgG,Polyclonal,3.0,150.0,7.6,1.0,17.7845,25.0,Histidine,6.0,50.0,none,0.0,none,0.0,none,0.0,none,0.0,0.9,0.9,1.3671076132012072,1.3671076132012072,1.3567443424516823,1.1085674414471376,0.9356830373884846,
351_p3conc_23.6_i12,poly-hIgG,Polyclonal,3.0,150.0,7.6,1.0,23.5573,25.0,Histidine,6.0,50.0,none,0.0,none,0.0,none,0.0,none,0.0,0.9,0.9,1.4693522671197357,1.4338491852026172,1.4137569083567914,1.2182438586825484,0.9319836708331638,
351_p3conc_33.5_i13,poly-hIgG,Polyclonal,3.0,150.0,7.6,1.0,33.4644,25.0,Histidine,6.0,50.0,none,0.0,none,0.0,none,0.0,none,0.0,0.9,0.9,1.71371608241946,1.71371608241946,1.5958649201188857,1.3276381495781084,0.9763831920200986,
351_p3conc_36.5_i14,poly-hIgG,Polyclonal,3.0,150.0,7.6,1.0,36.5217,25.0,Histidine,6.0,50.0,none,0.0,none,0.0,none,0.0,none,0.0,0.9,0.9,1.7041994672297518,1.6571379843710372,1.5236836312066278,1.2086263786017373,1.0163163190673825,
351_p3conc_47.5_i15,poly-hIgG,Polyclonal,3.0,150.0,7.6,1.0,47.538,25.0,Histidine,6.0,50.0,none,0.0,none,0.0,none,0.0,none,0.0,0.9,0.9,1.8425799699979466,1.7607357768388772,1.7607357768388772,1.349184188363336,1.0727805996809114,
351_p3conc_67.5_i16,poly-hIgG,Polyclonal,3.0,150.0,7.6,1.0,67.5305,25.0,Histidine,6.0,50.0,none,0.0,none,0.0,none,0.0,none,0.0,0.9,0.9,2.009221628527598,1.99655476562127,1.99655476562127,1.4105794493113262,1.0292246536768286,
351_p3conc_85.2_i17,poly-hIgG,Polyclonal,3.0,150.0,7.6,1.0,85.2164,25.0,Histidine,6.0,50.0,none,0.0,none,0.0,none,0.0,none,0.0,0.9,0.9,2.209560606131456,2.209560606131456,2.1976593019086015,1.5568836453912027,1.1772340319786974,
351_p3conc_95.9_i18,poly-hIgG,Polyclonal,3.0,150.0,7.6,1.0,95.9308,25.0,Histidine,6.0,50.0,none,0.0,none,0.0,none,0.0,none,0.0,0.9,0.9,2.4605063067732513,2.3863046864789013,2.254342760912574,1.8211846861541583,1.5172275543085767,
351_p3conc_96.8_i19,poly-hIgG,Polyclonal,3.0,150.0,7.6,1.0,96.8247,25.0,Histidine,6.0,50.0,none,0.0,none,0.0,none,0.0,none,0.0,0.9,0.9,2.4836957585779285,2.4836957585779285,2.3941986128916257,1.7307819503305284,1.6556168955577268,
344_p3conc_110.0_i20,poly-hIgG,Polyclonal,3.0,150.0,7.6,1.0,110.014,25.0,Histidine,6.0,50.0,none,0.0,none,0.0,none,0.0,none,0.0,0.9,0.9,3.0365525069280364,2.4505692082185813,2.4505692082185813,2.3052560541640617,2.1716430085605634,
344_p3conc_136.0_i21,poly-hIgG,Polyclonal,3.0,150.0,7.6,1.0,135.9697,25.0,Histidine,6.0,50.0,none,0.0,none,0.0,none,0.0,none,0.0,0.9,0.9,4.052148740855952,3.353746073681673,3.353746073681673,3.353746073681673,2.718083418920962,
344_p3conc_136.3_i22,poly-hIgG,Polyclonal,3.0,150.0,7.6,1.0,136.2749,25.0,Histidine,6.0,50.0,none,0.0,none,0.0,none,0.0,none,0.0,0.9,0.9,3.9831318662055084,3.3351720063169155,3.0678261888916847,3.0678261888916847,2.9129891635088554,
344_p3conc_147.9_i23,poly-hIgG,Polyclonal,3.0,150.0,7.6,1.0,147.902,25.0,Histidine,6.0,50.0,none,0.0,none,0.0,none,0.0,none,0.0,0.9,0.9,4.2442356790174935,4.050121215058157,4.0187084723001405,4.0187084723001405,2.7920342577353052,
353_p3conc_160.9_i24,poly-hIgG,Polyclonal,3.0,150.0,7.6,1.0,160.8815,25.0,Histidine,6.0,50.0,none,0.0,none,0.0,none,0.0,none,0.0,0.9,0.9,5.603544542560898,4.753067186324113,4.753067186324113,4.753067186324113,3.058072816063277,
353_p3conc_185.2_i25,poly-hIgG,Polyclonal,3.0,150.0,7.6,1.0,185.1719,25.0,Histidine,6.0,50.0,none,0.0,none,0.0,none,0.0,none,0.0,0.9,0.9,8.008456821686304,6.637919798349127,6.637919798349127,6.637919798349127,3.4639046488364014,
353_p3conc_193.6_i26,poly-hIgG,Polyclonal,3.0,150.0,7.6,1.0,193.586,25.0,Histidine,6.0,50.0,none,0.0,none,0.0,none,0.0,none,0.0,0.9,0.9,8.486917526354418,7.790145183994762,7.790145183994762,7.790145183994762,3.8012261683269912,
353_p3conc_195.9_i27,poly-hIgG,Polyclonal,3.0,150.0,7.6,1.0,195.935,25.0,Histidine,6.0,50.0,none,0.0,none,0.0,none,0.0,none,0.0,0.9,0.9,9.048809600865027,8.122447798163245,8.122447798163245,7.565356361950204,3.67069688491353,
353_p3conc_207.3_i28,poly-hIgG,Polyclonal,3.0,150.0,7.6,1.0,207.3237,25.0,Histidine,6.0,50.0,none,0.0,none,0.0,none,0.0,none,0.0,0.9,0.9,9.20007113671447,8.724908475816434,8.406599497011502,8.35900823219924,3.970661539345931,
353_p3conc_219.4_i29,poly-hIgG,Polyclonal,3.0,150.0,7.6,1.0,219.3739,25.0,Histidine,6.0,50.0,none,0.0,none,0.0,none,0.0,none,0.0,0.9,0.9,9.141169640302126,9.141169640302126,8.992999002056752,8.992999002056752,4.527225928535875,
353_p3conc_232.1_i30,poly-hIgG,Polyclonal,3.0,150.0,7.6,1.0,232.125,25.0,Histidine,6.0,50.0,none,0.0,none,0.0,none,0.0,none,0.0,0.9,0.9,10.24337971454501,10.24337971454501,9.81202661316163,9.81202661316163,4.664358725099347,
353_p3conc_245.6_i31,poly-hIgG,Polyclonal,3.0,150.0,7.6,1.0,245.6173,25.0,Histidine,6.0,50.0,none,0.0,none,0.0,none,0.0,none,0.0,0.9,0.9,11.3790960810239,10.667195036566575,10.667195036566575,10.667195036566575,4.853938661907379,
353_p3conc_259.9_i32,poly-hIgG,Polyclonal,3.0,150.0,7.6,1.0,259.8938,25.0,Histidine,6.0,50.0,none,0.0,none,0.0,none,0.0,none,0.0,0.9,0.9,10.996464495792576,10.996464495792576,10.996464495792576,10.996464495792576,5.400001181798408,
352_p3conc_1.4_i0,poly-hIgG,Polyclonal,3.0,150.0,7.6,1.0,1.4206,25.0,Histidine,6.0,75.0,none,0.0,none,0.0,none,0.0,none,0.0,0.9,0.9,0.9568567456795859,0.9568567456795859,0.9185869853108416,0.91,0.91,
352_p3conc_2.0_i1,poly-hIgG,Polyclonal,3.0,150.0,7.6,1.0,2.018,25.0,Histidine,6.0,75.0,none,0.0,none,0.0,none,0.0,none,0.0,0.9,0.9,0.9284608019178622,0.9204226736801663,0.9204226736801663,0.9204226736801663,0.9106997923701191,
352_p3conc_2.1_i2,poly-hIgG,Polyclonal,3.0,150.0,7.6,1.0,2.0536,25.0,Histidine,6.0,75.0,none,0.0,none,0.0,none,0.0,none,0.0,0.9,0.9,0.9681472423296511,0.9186727278586383,0.9186727278586383,0.91,0.91,
352_p3conc_2.9_i3,poly-hIgG,Polyclonal,3.0,150.0,7.6,1.0,2.8667,25.0,Histidine,6.0,75.0,none,0.0,none,0.0,none,0.0,none,0.0,0.9,0.9,0.914587431411839,0.914587431411839,0.91,0.91,0.91,
352_p3conc_4.1_i4,poly-hIgG,Polyclonal,3.0,150.0,7.6,1.0,4.0722,25.0,Histidine,6.0,75.0,none,0.0,none,0.0,none,0.0,none,0.0,0.9,0.9,0.941764992515027,0.941764992515027,0.941764992515027,0.941764992515027,0.9253649525221489,
352_p3conc_4.2_i5,poly-hIgG,Polyclonal,3.0,150.0,7.6,1.0,4.2172,25.0,Histidine,6.0,75.0,none,0.0,none,0.0,none,0.0,none,0.0,0.9,0.9,1.036860088235058,1.036860088235058,0.9826980098430256,0.91,0.91,
352_p3conc_5.8_i6,poly-hIgG,Polyclonal,3.0,150.0,7.6,1.0,5.7848,25.0,Histidine,6.0,75.0,none,0.0,none,0.0,none,0.0,none,0.0,0.9,0.9,0.9119767605299861,0.9119767605299861,0.9119767605299861,0.9119767605299861,0.9119767605299861,
352_p3conc_8.2_i7,poly-hIgG,Polyclonal,3.0,150.0,7.6,1.0,8.2177,25.0,Histidine,6.0,75.0,none,0.0,none,0.0,none,0.0,none,0.0,0.9,0.9,1.0266365641212507,1.0266365641212507,1.0266365641212507,1.0266365641212507,0.9327316872726658,
352_p3conc_8.7_i8,poly-hIgG,Polyclonal,3.0,150.0,7.6,1.0,8.6603,25.0,Histidine,6.0,75.0,none,0.0,none,0.0,none,0.0,none,0.0,0.9,0.9,0.9998084318780418,0.9998084318780418,0.9998084318780418,0.9998084318780418,0.91,
352_p3conc_11.7_i9,poly-hIgG,Polyclonal,3.0,150.0,7.6,1.0,11.6737,25.0,Histidine,6.0,75.0,none,0.0,none,0.0,none,0.0,none,0.0,0.9,0.9,1.1105404071721707,1.065207913559928,1.065207913559928,1.0429129631157485,0.9739301836394078,
352_p3conc_16.6_i10,poly-hIgG,Polyclonal,3.0,150.0,7.6,1.0,16.5831,25.0,Histidine,6.0,75.0,none,0.0,none,0.0,none,0.0,none,0.0,0.9,0.9,1.2049328800577646,1.2049328800577646,1.2049328800577646,1.2049328800577646,0.9927185895871837,
352_p3conc_17.8_i11,poly-hIgG,Polyclonal,3.0,150.0,7.6,1.0,17.7845,25.0,Histidine,6.0,75.0,none,0.0,none,0.0,none,0.0,none,0.0,0.9,0.9,1.2449737618231478,1.2449737618231478,1.121856162845038,1.121856162845038,0.9147187609080875,
352_p3conc_23.6_i12,poly-hIgG,Polyclonal,3.0,150.0,7.6,1.0,23.5573,25.0,Histidine,6.0,75.0,none,0.0,none,0.0,none,0.0,none,0.0,0.9,0.9,1.205519912036502,1.205519912036502,1.205519912036502,1.205519912036502,0.9955110553610909,
352_p3conc_33.5_i13,poly-hIgG,Polyclonal,3.0,150.0,7.6,1.0,33.4644,25.0,Histidine,6.0,75.0,none,0.0,none,0.0,none,0.0,none,0.0,0.9,0.9,1.3181078669077602,1.3181078669077602,1.3181078669077602,1.3181078669077602,1.0360948393145015,
352_p3conc_36.5_i14,poly-hIgG,Polyclonal,3.0,150.0,7.6,1.0,36.5217,25.0,Histidine,6.0,75.0,none,0.0,none,0.0,none,0.0,none,0.0,0.9,0.9,1.433100432263263,1.433100432263263,1.433100432263263,1.3531799230726673,0.9914153765882224,
352_p3conc_47.5_i15,poly-hIgG,Polyclonal,3.0,150.0,7.6,1.0,47.538,25.0,Histidine,6.0,75.0,none,0.0,none,0.0,none,0.0,none,0.0,0.9,0.9,1.6108163167282161,1.6108163167282161,1.6108163167282161,1.440273936401471,0.9931226591593715,
352_p3conc_67.5_i16,poly-hIgG,Polyclonal,3.0,150.0,7.6,1.0,67.5305,25.0,Histidine,6.0,75.0,none,0.0,none,0.0,none,0.0,none,0.0,0.9,0.9,1.8038784695872894,1.8038784695872894,1.8038784695872894,1.6003613906487828,1.0631424544697279,
352_p3conc_85.2_i17,poly-hIgG,Polyclonal,3.0,150.0,7.6,1.0,85.2164,25.0,Histidine,6.0,75.0,none,0.0,none,0.0,none,0.0,none,0.0,0.9,0.9,2.0633972875742486,1.9963148388820076,1.9963148388820076,1.7125675822744768,1.223867633056323,
352_p3conc_95.9_i18,poly-hIgG,Polyclonal,3.0,150.0,7.6,1.0,95.9308,25.0,Histidine,6.0,75.0,none,0.0,none,0.0,none,0.0,none,0.0,0.9,0.9,2.3899103646292033,2.3548401246260355,2.2001815779975358,1.9372828763471597,1.5081730529397968,
352_p3conc_96.8_i19,poly-hIgG,Polyclonal,3.0,150.0,7.6,1.0,96.8247,25.0,Histidine,6.0,75.0,none,0.0,none,0.0,none,0.0,none,0.0,0.9,0.9,2.2964580656357567,2.1622061506305243,2.1622061506305243,2.130882198020271,1.5526578938947233,
385_p3conc_110.0_i20,poly-hIgG,Polyclonal,3.0,150.0,7.6,1.0,110.014,25.0,Histidine,6.0,75.0,none,0.0,none,0.0,none,0.0,none,0.0,0.9,0.9,3.19163949562368,2.9567012213258783,2.6688962690214484,2.2602657453919934,2.056192360960391,
385_p3conc_136.0_i21,poly-hIgG,Polyclonal,3.0,150.0,7.6,1.0,135.9697,25.0,Histidine,6.0,75.0,none,0.0,none,0.0,none,0.0,none,0.0,0.9,0.9,3.8343420861775903,3.2360519186738976,3.089954868723899,2.981246191714982,2.488643080064216,
385_p3conc_136.3_i22,poly-hIgG,Polyclonal,3.0,150.0,7.6,1.0,136.2749,25.0,Histidine,6.0,75.0,none,0.0,none,0.0,none,0.0,none,0.0,0.9,0.9,4.058575568177129,3.3325076959464672,3.1008472565288505,3.0349454186309384,2.7634849432846993,
385_p3conc_147.9_i23,poly-hIgG,Polyclonal,3.0,150.0,7.6,1.0,147.902,25.0,Histidine,6.0,75.0,none,0.0,none,0.0,none,0.0,none,0.0,0.9,0.9,4.507251015767909,3.3943603470257093,3.3943603470257093,3.168625996987879,2.9131791993148144,
354_p3conc_160.9_i24,poly-hIgG,Polyclonal,3.0,150.0,7.6,1.0,160.8815,25.0,Histidine,6.0,75.0,none,0.0,none,0.0,none,0.0,none,0.0,0.9,0.9,4.109835177807725,4.109835177807725,4.109835177807725,3.881365033459889,2.9903862656876083,
354_p3conc_185.2_i25,poly-hIgG,Polyclonal,3.0,150.0,7.6,1.0,185.1719,25.0,Histidine,6.0,75.0,none,0.0,none,0.0,none,0.0,none,0.0,0.9,0.9,4.6763774871348955,4.6763774871348955,4.6763774871348955,4.098885676730517,3.618368121904764,
354_p3conc_193.6_i26,poly-hIgG,Polyclonal,3.0,150.0,7.6,1.0,193.586,25.0,Histidine,6.0,75.0,none,0.0,none,0.0,none,0.0,none,0.0,0.9,0.9,4.838709929271377,4.838709929271377,4.838709929271377,4.336635926820206,3.7206746176111176,
354_p3conc_195.9_i27,poly-hIgG,Polyclonal,3.0,150.0,7.6,1.0,195.935,25.0,Histidine,6.0,75.0,none,0.0,none,0.0,none,0.0,none,0.0,0.9,0.9,5.0858009175570045,5.0858009175570045,5.07258516163989,4.833370256002608,3.749961988993043,
354_p3conc_207.3_i28,poly-hIgG,Polyclonal,3.0,150.0,7.6,1.0,207.3237,25.0,Histidine,6.0,75.0,none,0.0,none,0.0,none,0.0,none,0.0,0.9,0.9,5.523108630085907,5.4853277845410595,5.471834107144194,5.13055233157267,4.17815603751402,
354_p3conc_219.4_i29,poly-hIgG,Polyclonal,3.0,150.0,7.6,1.0,219.3739,25.0,Histidine,6.0,75.0,none,0.0,none,0.0,none,0.0,none,0.0,0.9,0.9,5.7414539301539405,5.400191637274175,5.400191637274175,5.400191637274175,4.369482247702527,
354_p3conc_232.1_i30,poly-hIgG,Polyclonal,3.0,150.0,7.6,1.0,232.125,25.0,Histidine,6.0,75.0,none,0.0,none,0.0,none,0.0,none,0.0,0.9,0.9,6.2500521762596435,5.91587779436202,5.864666179002364,5.671441824918874,5.445573563406466,
354_p3conc_245.6_i31,poly-hIgG,Polyclonal,3.0,150.0,7.6,1.0,245.6173,25.0,Histidine,6.0,75.0,none,0.0,none,0.0,none,0.0,none,0.0,0.9,0.9,6.992018592074898,6.871720054003089,6.578724707723622,5.764041676786238,5.40638807012144,
354_p3conc_259.9_i32,poly-hIgG,Polyclonal,3.0,150.0,7.6,1.0,259.8938,25.0,Histidine,6.0,75.0,none,0.0,none,0.0,none,0.0,none,0.0,0.9,0.9,6.050505290388259,6.050505290388259,6.050505290388259,6.050505290388259,5.992868401790502,
386_p3conc_1.4_i0,poly-hIgG,Polyclonal,3.0,150.0,7.6,1.0,1.4028,25.0,Histidine,6.0,97.0,none,0.0,none,0.0,none,0.0,none,0.0,0.9,0.9,0.9184769694673376,0.9184769694673376,0.9184769694673376,0.9184769694673376,0.9184769694673376,
386_p3conc_1.7_i1,poly-hIgG,Polyclonal,3.0,150.0,7.6,1.0,1.71,25.0,Histidine,6.0,97.0,none,0.0,none,0.0,none,0.0,none,0.0,0.9,0.9,1.0987555403737002,1.0718375751654265,1.0579334936976492,1.0579334936976492,0.9841596321507189,
386_p3conc_2.0_i2,poly-hIgG,Polyclonal,3.0,150.0,7.6,1.0,1.968,25.0,Histidine,6.0,97.0,none,0.0,none,0.0,none,0.0,none,0.0,0.9,0.9,1.0868702775345456,1.056959919673641,1.0242694364403497,1.0242694364403497,1.0104458082988044,
386_p3conc_2.8_i3,poly-hIgG,Polyclonal,3.0,150.0,7.6,1.0,2.7608,25.0,Histidine,6.0,97.0,none,0.0,none,0.0,none,0.0,none,0.0,0.9,0.9,1.2072994283491953,1.1293548527591455,1.1001747701112186,1.1001747701112186,1.0534482859804073,
386_p3conc_2.9_i4,poly-hIgG,Polyclonal,3.0,150.0,7.6,1.0,2.924,25.0,Histidine,6.0,97.0,none,0.0,none,0.0,none,0.0,none,0.0,0.9,0.9,1.1126878873572135,1.1126878873572135,1.1126878873572135,1.1126878873572135,1.0424428046858305,
386_p3conc_3.9_i5,poly-hIgG,Polyclonal,3.0,150.0,7.6,1.0,3.873,25.0,Histidine,6.0,97.0,none,0.0,none,0.0,none,0.0,none,0.0,0.9,0.9,1.2011688137175038,1.168123958518284,1.168123958518284,1.168123958518284,1.137037683342479,
386_p3conc_5.0_i6,poly-hIgG,Polyclonal,3.0,150.0,7.6,1.0,5.0,25.0,Histidine,6.0,97.0,none,0.0,none,0.0,none,0.0,none,0.0,0.9,0.9,1.2450558195546346,1.2450558195546346,1.2450558195546346,1.1046013711216092,1.1046013711216092,
386_p3conc_5.4_i7,poly-hIgG,Polyclonal,3.0,150.0,7.6,1.0,5.4332,25.0,Histidine,6.0,97.0,none,0.0,none,0.0,none,0.0,none,0.0,0.9,0.9,1.247259049408493,1.247259049408493,1.247259049408493,1.247259049408493,1.247259049408493,
386_p3conc_7.6_i8,poly-hIgG,Polyclonal,3.0,150.0,7.6,1.0,7.622,25.0,Histidine,6.0,97.0,none,0.0,none,0.0,none,0.0,none,0.0,0.9,0.9,1.468405087734327,1.373144211717495,1.373144211717495,1.373144211717495,1.241909815233422,
386_p3conc_8.5_i9,poly-hIgG,Polyclonal,3.0,150.0,7.6,1.0,8.5499,25.0,Histidine,6.0,97.0,none,0.0,none,0.0,none,0.0,none,0.0,0.9,0.9,1.4489295706906347,1.3537340294927833,1.3537340294927833,1.3537340294927833,1.1878601925443641,
386_p3conc_10.7_i10,poly-hIgG,Polyclonal,3.0,150.0,7.6,1.0,10.6925,25.0,Histidine,6.0,97.0,none,0.0,none,0.0,none,0.0,none,0.0,0.9,0.9,1.508752697210886,1.508752697210886,1.508752697210886,1.390143928995062,1.2654573140676582,
386_p3conc_14.6_i11,poly-hIgG,Polyclonal,3.0,150.0,7.6,1.0,14.6201,25.0,Histidine,6.0,97.0,none,0.0,none,0.0,none,0.0,none,0.0,0.9,0.9,1.758215737504193,1.6499179255742502,1.6499179255742502,1.6499179255742502,1.2736820564011788,
386_p3conc_15.0_i12,poly-hIgG,Polyclonal,3.0,150.0,7.6,1.0,15.0,25.0,Histidine,6.0,97.0,none,0.0,none,0.0,none,0.0,none,0.0,0.9,0.9,1.6349264226065465,1.6349264226065465,1.5439932359886173,1.5439932359886173,1.3680811259623762,
386_p3conc_21.0_i13,poly-hIgG,Polyclonal,3.0,150.0,7.6,1.0,21.0428,25.0,Histidine,6.0,97.0,none,0.0,none,0.0,none,0.0,none,0.0,0.9,0.9,1.7357970511876653,1.7357970511876653,1.7357970511876653,1.648521312868881,1.448239112716897,
386_p3conc_25.0_i14,poly-hIgG,Polyclonal,3.0,150.0,7.6,1.0,25.0,25.0,Histidine,6.0,97.0,none,0.0,none,0.0,none,0.0,none,0.0,0.9,0.9,1.9763867947159581,1.7959579021115657,1.7550271437782536,1.753322813550342,1.4650985268331227,
386_p3conc_29.5_i15,poly-hIgG,Polyclonal,3.0,150.0,7.6,1.0,29.5198,25.0,Histidine,6.0,97.0,none,0.0,none,0.0,none,0.0,none,0.0,0.9,0.9,1.8624046909046357,1.8624046909046357,1.8624046909046357,1.7569648297457496,1.6045707977904002,
386_p3conc_41.4_i16,poly-hIgG,Polyclonal,3.0,150.0,7.6,1.0,41.4119,25.0,Histidine,6.0,97.0,none,0.0,none,0.0,none,0.0,none,0.0,0.9,0.9,2.1997031588911025,2.0067102318442323,2.0067102318442323,1.8891409849913348,1.5953084339780212,
386_p3conc_42.7_i17,poly-hIgG,Polyclonal,3.0,150.0,7.6,1.0,42.7494,25.0,Histidine,6.0,97.0,none,0.0,none,0.0,none,0.0,none,0.0,0.9,0.9,2.2679621835751016,1.976571665172366,1.976571665172366,1.913747611042755,1.5658693931860845,
386_p3conc_58.1_i18,poly-hIgG,Polyclonal,3.0,150.0,7.6,1.0,58.0948,25.0,Histidine,6.0,97.0,none,0.0,none,0.0,none,0.0,none,0.0,0.9,0.9,2.285834457329782,2.2273890736510076,2.06986154668212,1.9714785917839521,1.5509242483445298,
386_p3conc_73.1_i19,poly-hIgG,Polyclonal,3.0,150.0,7.6,1.0,73.1004,25.0,Histidine,6.0,97.0,none,0.0,none,0.0,none,0.0,none,0.0,0.9,0.9,2.41471305245702,2.2068122637588656,2.2068122637588656,2.075499812452749,1.6950559085958106,
386_p3conc_81.5_i20,poly-hIgG,Polyclonal,3.0,150.0,7.6,1.0,81.4982,25.0,Histidine,6.0,97.0,none,0.0,none,0.0,none,0.0,none,0.0,0.9,0.9,2.5395546265916833,2.4277602624295542,2.4277602624295542,2.2517598527404945,1.6871237667227599,
386_p3conc_114.3_i21,poly-hIgG,Polyclonal,3.0,150.0,7.6,1.0,114.3299,25.0,Histidine,6.0,97.0,none,0.0,none,0.0,none,0.0,none,0.0,0.9,0.9,2.5060176762761928,2.5060176762761928,2.50110573358571,2.2903116702253103,1.6968640523889125,
386_p3conc_134.5_i22,poly-hIgG,Polyclonal,3.0,150.0,7.6,1.0,134.53,25.0,Histidine,6.0,97.0,none,0.0,none,0.0,none,0.0,none,0.0,0.9,0.9,2.6657854444546873,2.6321321599466727,2.6321321599466727,2.5008961978949897,1.8350111135807394,
386_p3conc_144.8_i23,poly-hIgG,Polyclonal,3.0,150.0,7.6,1.0,144.7865,25.0,Histidine,6.0,97.0,none,0.0,none,0.0,none,0.0,none,0.0,0.9,0.9,2.668913373191899,2.668913373191899,2.623582083550977,2.46009634653862,1.9242978987046127,
386_p3conc_155.8_i24,poly-hIgG,Polyclonal,3.0,150.0,7.6,1.0,155.825,25.0,Histidine,6.0,97.0,none,0.0,none,0.0,none,0.0,none,0.0,0.9,0.9,2.8085652013521396,2.624078148101814,2.624078148101814,2.624078148101814,1.901237088104475,
386_p3conc_160.4_i25,poly-hIgG,Polyclonal,3.0,150.0,7.6,1.0,160.3877,25.0,Histidine,6.0,97.0,none,0.0,none,0.0,none,0.0,none,0.0,0.9,0.9,2.8869275665651886,2.8869275665651886,2.8355858783751757,2.663286202490799,1.6675659068518869,
386_p3conc_167.7_i26,poly-hIgG,Polyclonal,3.0,150.0,7.6,1.0,167.705,25.0,Histidine,6.0,97.0,none,0.0,none,0.0,none,0.0,none,0.0,0.9,0.9,3.0818581906439793,2.836621179530031,2.7173228474913245,2.5677825017376343,1.9344348917520409,
386_p3conc_180.5_i27,poly-hIgG,Polyclonal,3.0,150.0,7.6,1.0,180.4908,25.0,Histidine,6.0,97.0,none,0.0,none,0.0,none,0.0,none,0.0,0.9,0.9,3.0148117145567035,2.861938360517378,2.861938360517378,2.5984639810856907,1.9392956398763679,
386_p3conc_194.3_i28,poly-hIgG,Polyclonal,3.0,150.0,7.6,1.0,194.2513,25.0,Histidine,6.0,97.0,none,0.0,none,0.0,none,0.0,none,0.0,0.9,0.9,2.9495417913530475,2.9495417913530475,2.8801148669073355,2.720022216231433,1.8441164243940735,
386_p3conc_209.1_i29,poly-hIgG,Polyclonal,3.0,150.0,7.6,1.0,209.061,25.0,Histidine,6.0,97.0,none,0.0,none,0.0,none,0.0,none,0.0,0.9,0.9,2.996300298776227,2.8840555241947787,2.8367411131869216,2.623652257935829,1.9171961909951138,
