ID,Protein_type,Protein_class_type,kP,MW,PI_mean,PI_range,Protein_conc,Temperature,Buffer_type,Buffer_pH,Buffer_conc,Salt_type,Salt_conc,Stabilizer_type,Stabilizer_conc,Surfactant_type,Surfactant_conc,Excipient_type,Excipient_conc,C_Class,HCI,Viscosity_100,Viscosity_1000,Viscosity_10000,Viscosity_100000,Viscosity_15000000,_conc_bin
1,poly-hIgG,Polyclonal,3.0,150.0,7.6,1.0,145.0,27.5,PBS,7.4,10.0,NaCl,140.0,Sucrose,1.0,none,0.0,none,0.0,0.9,0.9,14.38,13.23,11.27,9.24,6.92,
2,none,,0.0,0.0,0.0,0.0,0.0,27.5,PBS,7.4,10.0,NaCl,140.0,Sucrose,1.0,none,0.0,none,0.0,0.0,0.0,3.25,3.25,3.25,3.25,3.25,
3,poly-hIgG,Polyclonal,3.0,150.0,7.6,1.0,140.0,27.5,PBS,7.4,10.0,NaCl,140.0,none,0.0,none,0.0,none,0.0,0.9,0.9,4.6,4.6,4.6,3.68,2.41,
4,none,,0.0,0.0,0.0,0.0,0.0,25.0,PBS,7.4,10.0,NaCl,140.0,none,0.0,none,0.0,none,0.0,0.0,0.0,0.95,0.95,0.95,0.95,0.95,
5,poly-hIgG,Polyclonal,3.0,150.0,7.6,1.0,142.0,27.5,PBS,7.4,10.0,NaCl,140.0,Sucrose,0.5,none,0.0,none,0.0,0.9,0.9,8.31,8.31,8.31,6.83,4.6,
6,poly-hIgG,Polyclonal,3.0,150.0,7.6,1.0,70.0,27.5,PBS,7.4,10.0,NaCl,140.0,Sucrose,1.0,none,0.0,none,0.0,0.9,0.9,8.84,8.84,8.84,6.93,4.16,
7,poly-hIgG,Polyclonal,3.0,150.0,7.6,1.0,93.0,27.5,PBS,7.4,10.0,NaCl,140.0,none,0.0,none,0.0,none,0.0,0.9,0.9,2.44,2.44,2.44,2.23,2.0,
8,poly-hIgG,Polyclonal,3.0,150.0,7.6,1.0,47.0,27.5,PBS,7.4,10.0,NaCl,140.0,none,0.0,none,0.0,none,0.0,0.9,0.9,1.84,1.84,1.84,1.68,1.2,
9,poly-hIgG,Polyclonal,3.0,150.0,7.6,1.0,140.0,27.5,PBS,7.4,10.0,NaCl,140.0,Sucrose,0.25,none,0.0,none,0.0,0.9,0.9,6.15,5.35,5.35,4.62,3.26,
10,poly-hIgG,Polyclonal,3.0,150.0,7.6,1.0,52.0,27.5,PBS,7.4,10.0,NaCl,140.0,Sucrose,0.75,none,0.0,none,0.0,0.9,0.9,3.57,3.57,3.34,2.89,2.58,
11,poly-hIgG,Polyclonal,3.0,150.0,7.6,1.0,145.0,27.5,PBS,7.4,10.0,NaCl,140.0,Sucrose,1.0,none,0.0,none,0.0,0.9,0.9,14.72,14.49,14.49,11.55,6.92,
12,poly-hIgG,Polyclonal,3.0,150.0,7.6,1.0,137.0,27.5,PBS,7.4,10.0,NaCl,140.0,none,0.0,tween-20,0.1,none,0.0,0.9,0.9,4.14,4.14,4.14,3.15,2.25,
13,poly-hIgG,Polyclonal,3.0,150.0,7.6,1.0,142.0,27.5,PBS,7.4,10.0,NaCl,140.0,Sucrose,1.0,tween-20,0.1,none,0.0,0.9,0.9,17.25,17.25,17.25,14.7,13.0,
14,none,,0.0,0.0,0.0,0.0,0.0,25.0,PBS,7.4,10.0,NaCl,140.0,Sucrose,0.1,none,0.0,none,0.0,0.0,0.0,1.15,1.15,1.15,1.15,1.15,
15,none,,0.0,0.0,0.0,0.0,0.0,25.0,PBS,7.4,10.0,NaCl,140.0,Sucrose,0.2,none,0.0,none,0.0,0.0,0.0,1.25,1.25,1.25,1.25,1.25,
16,none,,0.0,0.0,0.0,0.0,0.0,25.0,PBS,7.4,10.0,NaCl,140.0,Sucrose,0.4,none,0.0,none,0.0,0.0,0.0,1.5,1.5,1.5,1.5,1.5,
17,none,,0.0,0.0,0.0,0.0,0.0,25.0,PBS,7.4,10.0,NaCl,140.0,Sucrose,0.5,none,0.0,none,0.0,0.0,0.0,1.65,1.65,1.65,1.65,1.65,
18,none,,0.0,0.0,0.0,0.0,0.0,25.0,PBS,7.4,10.0,NaCl,140.0,Sucrose,0.75,none,0.0,none,0.0,0.0,0.0,2.25,2.25,2.25,2.25,2.25,
19,poly-hIgG,Polyclonal,3.0,150.0,7.6,1.0,260.0,27.5,PBS,7.4,10.0,NaCl,140.0,none,0.0,none,0.0,none,0.0,0.9,0.9,27.03,24.15,21.85,14.7,6.5,
20,poly-hIgG,Polyclonal,3.0,150.0,7.6,1.0,240.0,27.5,PBS,7.4,10.0,NaCl,140.0,Sucrose,1.0,none,0.0,none,0.0,0.9,0.9,76.59,56.35,37.95,29.4,18.0,
21,BSA,Other,2.0,66.0,4.7,0.3,185.0,27.5,PBS,7.4,10.0,NaCl,140.0,Sucrose,0.41,none,0.0,none,0.0,0.85,0.9,9.09,9.09,8.63,6.93,3.58,
22,BSA,Other,2.0,66.0,4.7,0.3,83.3,27.5,PBS,7.4,10.0,NaCl,140.0,Sucrose,0.19,none,0.0,none,0.0,0.85,0.9,2.19,2.19,2.19,2.0,1.56,
23,poly-hIgG,Polyclonal,3.0,150.0,7.6,1.0,38.3,27.5,PBS,7.4,10.0,NaCl,140.0,none,0.0,tween-20,0.21,none,0.0,0.9,0.9,1.32,1.32,1.32,1.21,1.15,
24,poly-hIgG,Polyclonal,3.0,150.0,7.6,1.0,124.0,27.5,PBS,7.4,10.0,NaCl,140.0,none,0.0,tween-20,0.09,none,0.0,0.9,0.9,2.99,2.99,2.99,2.73,2.6,
25,poly-hIgG,Polyclonal,3.0,150.0,7.6,1.0,189.0,27.5,PBS,7.4,10.0,NaCl,140.0,none,0.0,tween-20,0.05,none,0.0,0.9,0.9,9.2,9.2,9.2,6.83,4.17,
26,poly-hIgG,Polyclonal,3.0,150.0,7.6,1.0,95.0,27.5,PBS,7.4,10.0,NaCl,140.0,Sucrose,0.46,none,0.0,none,0.0,0.9,0.9,4.37,3.85,3.85,3.15,2.24,
27,poly-hIgG,Polyclonal,3.0,150.0,7.6,1.0,164.0,27.5,PBS,7.4,10.0,NaCl,140.0,Sucrose,0.3,tween-20,0.1,none,0.0,0.9,0.9,7.82,6.9,6.67,5.15,4.0,
28,BSA,Other,2.0,66.0,4.7,0.3,177.0,27.5,PBS,7.4,10.0,NaCl,140.0,none,0.0,none,0.0,none,0.0,0.85,0.9,5.06,4.6,4.6,3.99,3.0,
29,none,,0.0,0.0,0.0,0.0,0.0,25.0,PBS,7.4,10.0,NaCl,140.0,none,0.0,tween-20,0.1,none,0.0,0.0,0.0,1.0,1.0,1.0,1.0,1.0,
30,none,,0.0,0.0,0.0,0.0,0.0,25.0,PBS,7.4,10.0,NaCl,140.0,none,0.0,tween-20,0.05,none,0.0,0.0,0.0,0.97,0.97,0.97,0.97,0.97,
31,none,,0.0,0.0,0.0,0.0,0.0,25.0,PBS,7.4,10.0,NaCl,140.0,Sucrose,0.1,tween-20,0.1,none,0.0,0.0,0.0,1.2,1.2,1.2,1.2,1.2,
32,none,,0.0,0.0,0.0,0.0,0.0,25.0,PBS,7.4,10.0,NaCl,140.0,Sucrose,0.2,tween-20,0.1,none,0.0,0.0,0.0,1.3,1.3,1.3,1.3,1.3,
33,none,,0.0,0.0,0.0,0.0,0.0,25.0,PBS,7.4,10.0,NaCl,140.0,Sucrose,0.4,tween-20,0.1,none,0.0,0.0,0.0,1.55,1.55,1.55,1.55,1.55,
34,none,,0.0,0.0,0.0,0.0,0.0,25.0,PBS,7.4,10.0,NaCl,140.0,Sucrose,0.75,tween-20,0.1,none,0.0,0.0,0.0,2.32,2.32,2.32,2.32,2.32,
35,none,,0.0,0.0,0.0,0.0,0.0,25.0,PBS,7.4,10.0,NaCl,140.0,Sucrose,0.1,tween-20,0.05,none,0.0,0.0,0.0,1.17,1.17,1.17,1.17,1.17,
36,none,,0.0,0.0,0.0,0.0,0.0,25.0,PBS,7.4,10.0,NaCl,140.0,Sucrose,0.2,tween-20,0.05,none,0.0,0.0,0.0,1.27,1.27,1.27,1.27,1.27,
37,none,,0.0,0.0,0.0,0.0,0.0,25.0,PBS,7.4,10.0,NaCl,140.0,Sucrose,0.4,tween-20,0.05,none,0.0,0.0,0.0,1.52,1.52,1.52,1.52,1.52,
38,none,,0.0,0.0,0.0,0.0,0.0,25.0,PBS,7.4,10.0,NaCl,140.0,Sucrose,0.75,tween-20,0.05,none,0.0,0.0,0.0,2.29,2.29,2.29,2.29,2.29,
39,none,,0.0,0.0,0.0,0.0,0.0,25.0,PBS,7.4,10.0,NaCl,140.0,none,0.0,tween-80,0.1,none,0.0,0.0,0.0,1.07,1.07,1.07,1.07,1.07,
40,none,,0.0,0.0,0.0,0.0,0.0,25.0,PBS,7.4,10.0,NaCl,140.0,none,0.0,tween-80,0.05,none,0.0,0.0,0.0,1.0,1.0,1.0,1.0,1.0,
41,none,,0.0,0.0,0.0,0.0,0.0,25.0,PBS,7.4,10.0,NaCl,140.0,Sucrose,0.1,tween-80,0.1,none,0.0,0.0,0.0,1.27,1.27,1.27,1.27,1.27,
42,none,,0.0,0.0,0.0,0.0,0.0,25.0,PBS,7.4,10.0,NaCl,140.0,Sucrose,0.2,tween-80,0.1,none,0.0,0.0,0.0,1.38,1.38,1.38,1.38,1.38,
43,none,,0.0,0.0,0.0,0.0,0.0,25.0,PBS,7.4,10.0,NaCl,140.0,Sucrose,0.4,tween-80,0.1,none,0.0,0.0,0.0,1.64,1.64,1.64,1.64,1.64,
44,none,,0.0,0.0,0.0,0.0,0.0,25.0,PBS,7.4,10.0,NaCl,140.0,Sucrose,0.75,tween-80,0.1,none,0.0,0.0,0.0,2.42,2.42,2.42,2.42,2.42,
45,none,,0.0,0.0,0.0,0.0,0.0,25.0,PBS,7.4,10.0,NaCl,140.0,Sucrose,0.1,tween-80,0.05,none,0.0,0.0,0.0,1.2,1.2,1.2,1.2,1.2,
46,none,,0.0,0.0,0.0,0.0,0.0,25.0,PBS,7.4,10.0,NaCl,140.0,Sucrose,0.2,tween-80,0.05,none,0.0,0.0,0.0,1.3,1.3,1.3,1.3,1.3,
47,none,,0.0,0.0,0.0,0.0,0.0,25.0,PBS,7.4,10.0,NaCl,140.0,Sucrose,0.4,tween-80,0.05,none,0.0,0.0,0.0,1.55,1.55,1.55,1.55,1.55,
48,none,,0.0,0.0,0.0,0.0,0.0,25.0,PBS,7.4,10.0,NaCl,140.0,Sucrose,0.75,tween-80,0.05,none,0.0,0.0,0.0,2.32,2.32,2.32,2.32,2.32,
49,BGG,Polyclonal,3.0,150.0,6.6,1.0,85.0,27.5,PBS,7.4,10.0,NaCl,140.0,Sucrose,0.22,none,0.0,none,0.0,0.9,0.9,3.45,3.45,3.45,3.15,2.95,
50,BGG,Polyclonal,3.0,150.0,6.6,1.0,43.6,27.5,PBS,7.4,10.0,NaCl,140.0,none,0.0,tween-80,0.15,none,0.0,0.9,0.9,1.55,1.55,1.55,1.42,1.3,
51,BGG,Polyclonal,3.0,150.0,6.6,1.0,64.0,27.5,PBS,7.4,10.0,NaCl,140.0,Sucrose,0.704,tween-80,0.037,none,0.0,0.9,0.9,3.62,3.62,3.62,3.31,3.15,
52,BGG,Polyclonal,3.0,150.0,6.6,1.0,85.7,27.5,PBS,7.4,10.0,NaCl,140.0,none,0.0,tween-20,0.0624,none,0.0,0.9,0.9,2.74,2.74,2.74,2.42,2.0,
53,poly-hIgG,Polyclonal,3.0,150.0,7.6,1.0,86.4,27.5,PBS,7.4,10.0,NaCl,140.0,none,0.0,tween-80,0.003,none,0.0,0.9,0.9,2.53,2.53,2.53,2.1,1.75,
54,poly-hIgG,Polyclonal,3.0,150.0,7.6,1.0,141.0,27.5,PBS,7.4,10.0,NaCl,140.0,none,0.0,tween-80,0.1067,none,0.0,0.9,0.9,5.87,3.62,3.57,3.2,2.75,
55,poly-hIgG,Polyclonal,3.0,150.0,7.6,1.0,75.0,27.5,PBS,7.4,10.0,NaCl,140.0,Sucrose,0.28,tween-20,0.228,none,0.0,0.9,0.9,2.88,2.51,2.3,2.0,1.73,
56,BSA,Other,2.0,66.0,4.7,0.3,132.0,27.5,PBS,7.4,10.0,NaCl,140.0,Sucrose,0.46,tween-20,0.123,none,0.0,0.85,0.9,3.51,3.51,3.51,3.2,3.05,
57,BSA,Other,2.0,66.0,4.7,0.3,83.0,27.5,PBS,7.4,10.0,NaCl,140.0,none,0.0,tween-20,0.218,none,0.0,0.85,0.9,2.24,2.22,1.84,1.63,1.47,
58,poly-hIgG,Polyclonal,3.0,150.0,7.6,1.0,51.7,27.5,Histidine,6.0,100.0,NaCl,140.0,Sucrose,1.01,none,0.0,none,0.0,0.9,0.9,6.33,6.33,6.33,5.78,5.5,
59,poly-hIgG,Polyclonal,3.0,150.0,7.6,1.0,118.7,27.5,Histidine,6.0,100.0,NaCl,140.0,Sucrose,0.53,none,0.0,none,0.0,0.9,0.9,6.33,5.18,5.06,4.41,3.88,
60,none,,0.0,0.0,0.0,0.0,0.0,25.0,PBS,7.4,10.0,NaCl,140.0,Trehalose,0.5,none,0.0,none,0.0,0.0,0.0,1.38,1.38,1.38,1.38,1.38,
61,none,,0.0,0.0,0.0,0.0,0.0,25.0,PBS,7.4,10.0,NaCl,140.0,Trehalose,1.0,none,0.0,none,0.0,0.0,0.0,3.05,3.05,3.05,3.05,3.05,
62,none,,0.0,0.0,0.0,0.0,0.0,25.0,Histidine,6.0,100.0,NaCl,140.0,none,0.0,none,0.0,none,0.0,0.0,0.0,0.98,0.98,0.98,0.98,0.98,
63,none,,0.0,0.0,0.0,0.0,0.0,25.0,Histidine,6.0,100.0,NaCl,140.0,Sucrose,1.0,none,0.0,none,0.0,0.0,0.0,3.3,3.3,3.3,3.3,3.3,
64,none,,0.0,0.0,0.0,0.0,0.0,25.0,Histidine,6.0,100.0,NaCl,140.0,none,0.0,tween-20,0.1,none,0.0,0.0,0.0,1.04,1.04,1.04,1.04,1.04,
65,none,,0.0,0.0,0.0,0.0,0.0,25.0,Histidine,6.0,100.0,NaCl,140.0,none,0.0,tween-20,0.05,none,0.0,0.0,0.0,1.01,1.01,1.01,1.01,1.01,
66,none,,0.0,0.0,0.0,0.0,0.0,25.0,Histidine,6.0,100.0,NaCl,140.0,none,0.0,tween-80,0.1,none,0.0,0.0,0.0,1.11,1.11,1.11,1.11,1.11,
67,none,,0.0,0.0,0.0,0.0,0.0,25.0,Histidine,6.0,100.0,NaCl,140.0,none,0.0,tween-80,0.05,none,0.0,0.0,0.0,1.04,1.04,1.04,1.04,1.04,
68,none,,0.0,0.0,0.0,0.0,0.0,25.0,Histidine,6.0,100.0,NaCl,140.0,Sucrose,0.1,tween-20,0.1,none,0.0,0.0,0.0,1.24,1.24,1.24,1.24,1.24,
69,none,,0.0,0.0,0.0,0.0,0.0,25.0,Histidine,6.0,100.0,NaCl,140.0,Sucrose,0.2,tween-20,0.1,none,0.0,0.0,0.0,1.33,1.33,1.33,1.33,1.33,
70,none,,0.0,0.0,0.0,0.0,0.0,25.0,Histidine,6.0,100.0,NaCl,140.0,Sucrose,0.4,tween-20,0.1,none,0.0,0.0,0.0,1.6,1.6,1.6,1.6,1.6,
71,none,,0.0,0.0,0.0,0.0,0.0,25.0,Histidine,6.0,100.0,NaCl,140.0,Sucrose,0.75,tween-20,0.1,none,0.0,0.0,0.0,2.35,2.35,2.35,2.35,2.35,
72,none,,0.0,0.0,0.0,0.0,0.0,25.0,Histidine,6.0,100.0,NaCl,140.0,Sucrose,0.1,tween-20,0.05,none,0.0,0.0,0.0,1.21,1.21,1.21,1.21,1.21,
73,none,,0.0,0.0,0.0,0.0,0.0,25.0,Histidine,6.0,100.0,NaCl,140.0,Sucrose,0.2,tween-20,0.05,none,0.0,0.0,0.0,1.31,1.31,1.31,1.31,1.31,
74,none,,0.0,0.0,0.0,0.0,0.0,25.0,Histidine,6.0,100.0,NaCl,140.0,Sucrose,0.4,tween-20,0.05,none,0.0,0.0,0.0,1.56,1.56,1.56,1.56,1.56,
75,none,,0.0,0.0,0.0,0.0,0.0,25.0,Histidine,6.0,100.0,NaCl,140.0,Sucrose,0.75,tween-20,0.05,none,0.0,0.0,0.0,2.33,2.33,2.33,2.33,2.33,
76,none,,0.0,0.0,0.0,0.0,0.0,25.0,Histidine,6.0,100.0,NaCl,140.0,Trehalose,0.5,none,0.0,none,0.0,0.0,0.0,1.42,1.42,1.42,1.42,1.42,
77,none,,0.0,0.0,0.0,0.0,0.0,25.0,Histidine,6.0,100.0,NaCl,140.0,Trehalose,1.0,none,0.0,none,0.0,0.0,0.0,3.1,3.1,3.1,3.1,3.1,
78,none,,0.0,0.0,0.0,0.0,0.0,25.0,Histidine,6.0,100.0,NaCl,140.0,Trehalose,0.5,tween-20,0.1,none,0.0,0.0,0.0,1.47,1.47,1.47,1.47,1.47,
79,none,,0.0,0.0,0.0,0.0,0.0,25.0,Histidine,6.0,100.0,NaCl,140.0,Trehalose,1.0,tween-20,0.1,none,0.0,0.0,0.0,3.15,3.15,3.15,3.15,3.15,
80,none,,0.0,0.0,0.0,0.0,0.0,25.0,Histidine,6.0,100.0,NaCl,140.0,Trehalose,0.5,tween-80,0.1,none,0.0,0.0,0.0,1.54,1.54,1.54,1.54,1.54,
81,none,,0.0,0.0,0.0,0.0,0.0,25.0,Histidine,6.0,100.0,NaCl,140.0,Trehalose,1.0,tween-80,0.1,none,0.0,0.0,0.0,3.22,3.22,3.22,3.22,3.22,
82,BSA,Other,2.0,66.0,4.7,0.3,145.0,27.5,PBS,7.4,10.0,NaCl,140.0,Trehalose,1.0,none,0.0,none,0.0,0.85,0.9,10.35,10.35,10.35,10.35,10.35,
83,BGG,Polyclonal,3.0,150.0,6.6,1.0,163.0,27.5,PBS,7.4,10.0,NaCl,140.0,Trehalose,1.0,none,0.0,none,0.0,0.9,0.9,18.06,18.06,14.95,12.43,9.5,
84,poly-hIgG,Polyclonal,3.0,150.0,7.6,1.0,166.0,27.5,PBS,7.4,10.0,NaCl,140.0,Trehalose,1.0,none,0.0,none,0.0,0.9,0.9,19.09,19.09,19.09,16.72,9.3,
85,BSA,Other,2.0,66.0,4.7,0.3,65.0,27.5,PBS,7.4,10.0,NaCl,140.0,Trehalose,1.0,none,0.0,none,0.0,0.85,0.9,4.95,4.95,4.95,4.95,4.3,
86,BGG,Polyclonal,3.0,150.0,6.6,1.0,77.0,27.5,PBS,7.4,10.0,NaCl,140.0,Trehalose,1.0,none,0.0,none,0.0,0.9,0.9,5.75,5.75,5.75,5.75,5.7,
87,poly-hIgG,Polyclonal,3.0,150.0,7.6,1.0,72.0,27.5,PBS,7.4,10.0,NaCl,140.0,Trehalose,1.0,none,0.0,none,0.0,0.9,0.9,5.87,5.06,5.06,5.06,4.4,
88,BGG,Polyclonal,3.0,150.0,6.6,1.0,66.0,27.5,PBS,7.4,10.0,NaCl,140.0,Trehalose,0.47,none,0.0,none,0.0,0.9,0.9,2.42,2.42,2.42,2.42,2.4,
89,BSA,Other,2.0,66.0,4.7,0.3,67.0,27.5,PBS,7.4,10.0,NaCl,140.0,Trehalose,0.466,none,0.0,none,0.0,0.85,0.9,2.76,2.65,2.42,2.42,2.0,
90,poly-hIgG,Polyclonal,3.0,150.0,7.6,1.0,68.0,27.5,PBS,7.4,10.0,NaCl,140.0,Trehalose,0.447,none,0.0,none,0.0,0.9,0.9,3.45,2.88,2.71,2.71,2.7,
91,BGG,Polyclonal,3.0,150.0,6.6,1.0,152.0,27.5,Histidine,6.0,100.0,NaCl,140.0,none,0.0,none,0.0,none,0.0,0.9,0.9,4.72,4.72,4.72,4.2,2.7,
92,BGG,Polyclonal,3.0,150.0,6.6,1.0,87.0,27.5,Histidine,6.0,100.0,NaCl,140.0,none,0.0,none,0.0,none,0.0,0.9,0.9,2.88,2.88,2.88,2.53,1.8,
93,BGG,Polyclonal,3.0,150.0,6.6,1.0,66.0,27.5,Histidine,6.0,100.0,NaCl,140.0,none,0.0,none,0.0,none,0.0,0.9,0.9,1.92,1.92,1.92,1.92,1.9,
94,BGG,Polyclonal,3.0,150.0,6.6,1.0,57.0,27.5,Histidine,6.0,100.0,NaCl,140.0,none,0.0,none,0.0,none,0.0,0.9,0.9,1.61,1.61,1.61,1.61,1.6,
95,BGG,Polyclonal,3.0,150.0,6.6,1.0,165.0,27.5,Histidine,6.0,100.0,NaCl,140.0,none,0.0,none,0.0,none,0.0,0.9,0.9,8.05,7.25,6.9,5.8,4.25,
96,poly-hIgG,Polyclonal,3.0,150.0,7.6,1.0,144.0,27.5,Histidine,6.0,100.0,NaCl,140.0,none,0.0,none,0.0,none,0.0,0.9,0.9,6.33,5.98,5.98,5.28,3.7,
97,poly-hIgG,Polyclonal,3.0,150.0,7.6,1.0,94.0,27.5,Histidine,6.0,100.0,NaCl,140.0,none,0.0,none,0.0,none,0.0,0.9,0.9,2.86,2.86,2.86,2.6,1.68,
98,poly-hIgG,Polyclonal,3.0,150.0,7.6,1.0,66.0,27.5,Histidine,6.0,100.0,NaCl,140.0,none,0.0,none,0.0,none,0.0,0.9,0.9,1.61,1.61,1.61,1.61,1.6,
99,poly-hIgG,Polyclonal,3.0,150.0,7.6,1.0,45.0,27.5,Histidine,6.0,100.0,NaCl,140.0,none,0.0,none,0.0,none,0.0,0.9,0.9,1.32,1.32,1.32,1.32,1.3,
100,poly-hIgG,Polyclonal,3.0,150.0,7.6,1.0,165.0,27.5,Histidine,6.0,100.0,NaCl,140.0,none,0.0,none,0.0,none,0.0,0.9,0.9,7.36,7.36,7.36,6.6,4.18,
101,BGG,Polyclonal,3.0,150.0,6.6,1.0,95.85,27.5,Histidine,6.0,100.0,NaCl,140.0,none,0.0,tween-20,0.1,none,0.0,0.9,0.9,4.36,4.36,4.04,3.47,2.8,
102,BGG,Polyclonal,3.0,150.0,6.6,1.0,150.8,27.5,Histidine,6.0,100.0,NaCl,140.0,none,0.0,tween-80,0.25,none,0.0,0.9,0.9,6.24,6.355421780873455,6.470843561746911,5.97,3.85,
103,BGG,Polyclonal,3.0,150.0,6.6,1.0,44.0,27.5,Histidine,6.0,100.0,NaCl,140.0,Sucrose,0.25,tween-20,0.15,none,0.0,0.9,0.9,2.02,2.02,2.02,2.02,2.0,
104,BGG,Polyclonal,3.0,150.0,6.6,1.0,71.5,27.5,Histidine,6.0,100.0,NaCl,140.0,Sucrose,0.75,tween-80,0.2,none,0.0,0.9,0.9,5.23,5.23,5.23,4.6,4.18,
105,poly-hIgG,Polyclonal,3.0,150.0,7.6,1.0,135.0,27.5,Histidine,6.0,100.0,NaCl,140.0,none,0.0,tween-20,0.2,none,0.0,0.9,0.9,3.67,3.67,3.67,3.26,2.96,
106,poly-hIgG,Polyclonal,3.0,150.0,7.6,1.0,174.0,27.5,Histidine,6.0,100.0,NaCl,140.0,none,0.0,tween-80,0.1,none,0.0,0.9,0.9,6.89,6.89,6.89,5.53,4.82,
107,poly-hIgG,Polyclonal,3.0,150.0,7.6,1.0,89.0,27.5,Histidine,6.0,100.0,NaCl,140.0,Sucrose,0.5,tween-20,0.05,none,0.0,0.9,0.9,3.94,3.966911893281596,3.993823786563192,4.0,3.64,
108,poly-hIgG,Polyclonal,3.0,150.0,7.6,1.0,63.0,27.5,Histidine,6.0,100.0,NaCl,140.0,Sucrose,1.0,tween-80,0.15,none,0.0,0.9,0.9,6.24,6.24,6.24,6.24,5.43,
109,poly-hIgG,Polyclonal,3.0,150.0,7.6,1.0,202.0,27.5,Histidine,6.0,100.0,NaCl,140.0,none,0.0,tween-20,0.02,none,0.0,0.9,0.9,12.58,12.31,12.31,8.53,5.04,
110,poly-hIgG,Polyclonal,3.0,150.0,7.6,1.0,202.0,27.5,Histidine,6.0,100.0,NaCl,140.0,none,0.0,tween-80,0.02,none,0.0,0.9,0.9,11.66,10.29,10.29,7.82,6.33,
111,poly-hIgG,Polyclonal,3.0,150.0,7.6,1.0,211.0,27.5,PBS,7.4,10.0,NaCl,140.0,none,0.0,tween-20,0.02,none,0.0,0.9,0.9,13.69,12.77,11.29,7.91,6.0,
112,poly-hIgG,Polyclonal,3.0,150.0,7.6,1.0,211.0,27.5,PBS,7.4,10.0,NaCl,140.0,none,0.0,tween-80,0.02,none,0.0,0.9,0.9,12.67,12.67,12.67,7.72,6.0,
113,BSA,Other,2.0,66.0,4.7,0.3,98.0,27.5,Histidine,6.0,100.0,NaCl,140.0,none,0.0,none,0.0,none,0.0,0.85,0.9,1.43,1.43,1.43,1.43,1.4,
114,BSA,Other,2.0,66.0,4.7,0.3,127.0,27.5,Histidine,6.0,100.0,NaCl,140.0,none,0.0,none,0.0,none,0.0,0.85,0.9,2.76,2.3,2.3,2.21,1.92,
115,BSA,Other,2.0,66.0,4.7,0.3,194.0,27.5,Histidine,6.0,100.0,NaCl,140.0,none,0.0,none,0.0,none,0.0,0.85,0.9,3.83,3.83,3.83,3.5,2.5,
116,BSA,Other,2.0,66.0,4.7,0.3,266.0,27.5,Histidine,6.0,100.0,NaCl,140.0,none,0.0,none,0.0,none,0.0,0.85,0.9,12.35,7.99,7.99,6.29,5.5,
117,BSA,Other,2.0,66.0,4.7,0.3,72.0,27.5,PBS,7.4,10.0,NaCl,140.0,none,0.0,none,0.0,none,0.0,0.85,0.9,1.75,1.68,1.61,1.5,1.36,
118,BSA,Other,2.0,66.0,4.7,0.3,131.0,27.5,PBS,7.4,10.0,NaCl,140.0,none,0.0,none,0.0,none,0.0,0.85,0.9,3.4,2.76,2.3,2.02,1.7,
119,BSA,Other,2.0,66.0,4.7,0.3,183.0,27.5,PBS,7.4,10.0,NaCl,140.0,none,0.0,none,0.0,none,0.0,0.85,0.9,3.76,3.55,3.22,2.76,2.0,
120,BSA,Other,2.0,66.0,4.7,0.3,265.0,27.5,PBS,7.4,10.0,NaCl,140.0,none,0.0,none,0.0,none,0.0,0.85,0.9,6.89,6.89,6.7,5.71,4.4,
121,BSA,Other,2.0,66.0,4.7,0.3,193.0,27.5,Acetate,5.0,20.0,NaCl,140.0,none,0.0,none,0.0,none,0.0,0.85,0.9,5.32,5.32,5.32,4.61,3.35,
122,BSA,Other,2.0,66.0,4.7,0.3,66.0,27.5,Acetate,5.0,20.0,NaCl,140.0,none,0.0,none,0.0,none,0.0,0.85,0.9,1.47,1.47,1.47,1.47,1.47,
123,BSA,Other,2.0,66.0,4.7,0.3,110.0,27.5,Acetate,5.0,20.0,NaCl,140.0,none,0.0,none,0.0,none,0.0,0.85,0.9,2.25,2.25,2.25,2.11,1.25,
124,BSA,Other,2.0,66.0,4.7,0.3,132.0,27.5,Acetate,5.0,20.0,NaCl,140.0,none,0.0,none,0.0,none,0.0,0.85,0.9,2.76,2.76,2.76,2.76,2.4,
125,poly-hIgG,Polyclonal,3.0,150.0,7.6,1.0,213.0,27.5,Acetate,5.0,20.0,NaCl,140.0,none,0.0,none,0.0,none,0.0,0.9,0.9,13.5,12.48,11.02,6.54,4.35,
126,poly-hIgG,Polyclonal,3.0,150.0,7.6,1.0,63.0,27.5,Acetate,5.0,20.0,NaCl,140.0,none,0.0,none,0.0,none,0.0,0.9,0.9,1.84,1.84,1.84,1.84,1.8,
127,poly-hIgG,Polyclonal,3.0,150.0,7.6,1.0,101.0,27.5,Acetate,5.0,20.0,NaCl,140.0,none,0.0,none,0.0,none,0.0,0.9,0.9,2.44,2.44,2.44,2.35,2.2,
128,poly-hIgG,Polyclonal,3.0,150.0,7.6,1.0,167.0,27.5,Acetate,5.0,20.0,NaCl,140.0,none,0.0,none,0.0,none,0.0,0.9,0.9,4.59,4.59,4.59,3.51,2.77,
129,BGG,Polyclonal,3.0,150.0,6.6,1.0,203.0,27.5,Acetate,5.0,20.0,NaCl,140.0,none,0.0,none,0.0,none,0.0,0.9,0.9,18.37,15.62,15.16,10.06,4.58,
130,BGG,Polyclonal,3.0,150.0,6.6,1.0,79.0,27.5,Acetate,5.0,20.0,NaCl,140.0,none,0.0,none,0.0,none,0.0,0.9,0.9,1.75,1.71,1.66,1.66,1.44,
131,BGG,Polyclonal,3.0,150.0,6.6,1.0,108.0,27.5,Acetate,5.0,20.0,NaCl,140.0,none,0.0,none,0.0,none,0.0,0.9,0.9,2.67,2.67,2.67,2.46,2.16,
132,BGG,Polyclonal,3.0,150.0,6.6,1.0,163.0,27.5,Acetate,5.0,20.0,NaCl,140.0,none,0.0,none,0.0,none,0.0,0.9,0.9,5.05,5.05,5.05,4.65,4.23,
133,BSA,Other,2.0,66.0,4.7,0.3,150.0,27.5,Acetate,5.0,20.0,NaCl,140.0,Sucrose,0.51,none,0.0,none,0.0,0.85,0.9,5.05,5.05,5.05,4.74,4.11,
134,BSA,Other,2.0,66.0,4.7,0.3,94.0,27.5,Acetate,5.0,20.0,NaCl,140.0,Sucrose,0.978,none,0.0,none,0.0,0.85,0.9,6.7,6.7,6.7,6.15,5.59,
135,poly-hIgG,Polyclonal,3.0,150.0,7.6,1.0,171.0,27.5,Acetate,5.0,20.0,NaCl,140.0,Sucrose,0.488,none,0.0,none,0.0,0.9,0.9,10.97,10.11,9.46,6.54,4.17,
136,poly-hIgG,Polyclonal,3.0,150.0,7.6,1.0,111.0,27.5,Acetate,5.0,20.0,NaCl,140.0,Sucrose,0.986,none,0.0,none,0.0,0.9,0.9,11.02,10.11,9.19,6.88,5.75,
137,BGG,Polyclonal,3.0,150.0,6.6,1.0,159.0,27.5,Acetate,5.0,20.0,NaCl,140.0,Sucrose,0.476,none,0.0,none,0.0,0.9,0.9,9.65,9.65,9.65,6.71,4.65,
138,BGG,Polyclonal,3.0,150.0,6.6,1.0,97.0,27.5,Acetate,5.0,20.0,NaCl,140.0,Sucrose,1.0,none,0.0,none,0.0,0.9,0.9,12.31,10.11,10.11,7.55,6.24,
139,BGG,Polyclonal,3.0,150.0,6.6,1.0,181.0,27.5,Acetate,5.0,20.0,NaCl,140.0,Sucrose,0.1,none,0.0,none,0.0,0.9,0.9,15.62,15.62,13.78,8.64,4.14,
140,BGG,Polyclonal,3.0,150.0,6.6,1.0,154.0,27.5,Acetate,5.0,20.0,NaCl,140.0,Sucrose,0.1,none,0.0,none,0.0,0.9,0.9,6.43,5.97,5.97,4.61,3.45,
141,BGG,Polyclonal,3.0,150.0,6.6,1.0,102.0,27.5,Acetate,5.0,20.0,NaCl,140.0,Sucrose,0.1,none,0.0,none,0.0,0.9,0.9,2.76,2.76,2.76,2.46,2.0,
142,BGG,Polyclonal,3.0,150.0,6.6,1.0,75.0,27.5,Acetate,5.0,20.0,NaCl,140.0,Sucrose,0.1,none,0.0,none,0.0,0.9,0.9,2.02,2.02,2.02,2.02,1.76,
143,BSA,Other,2.0,66.0,4.7,0.3,183.0,27.5,Acetate,5.0,20.0,NaCl,140.0,Sucrose,0.1,none,0.0,none,0.0,0.85,0.9,4.04,4.04,4.04,4.04,4.0,
144,BSA,Other,2.0,66.0,4.7,0.3,125.0,27.5,Acetate,5.0,20.0,NaCl,140.0,Sucrose,0.1,none,0.0,none,0.0,0.85,0.9,3.04,3.04,3.04,2.76,1.5,
145,BSA,Other,2.0,66.0,4.7,0.3,105.0,27.5,Acetate,5.0,20.0,NaCl,140.0,Sucrose,0.1,none,0.0,none,0.0,0.85,0.9,2.48,2.48,2.48,2.21,1.5,
146,BSA,Other,2.0,66.0,4.7,0.3,63.0,27.5,Acetate,5.0,20.0,NaCl,140.0,Sucrose,0.1,none,0.0,none,0.0,0.85,0.9,1.84,1.84,1.84,1.76,1.3,
147,poly-hIgG,Polyclonal,3.0,150.0,7.6,1.0,202.0,27.5,Acetate,5.0,20.0,NaCl,140.0,Sucrose,0.1,none,0.0,none,0.0,0.9,0.9,9.19,9.19,9.19,5.87,3.4,
148,poly-hIgG,Polyclonal,3.0,150.0,7.6,1.0,158.0,27.5,Acetate,5.0,20.0,NaCl,140.0,Sucrose,0.1,none,0.0,none,0.0,0.9,0.9,4.59,4.59,4.59,3.77,3.4,
149,poly-hIgG,Polyclonal,3.0,150.0,7.6,1.0,95.0,27.5,Acetate,5.0,20.0,NaCl,140.0,Sucrose,0.1,none,0.0,none,0.0,0.9,0.9,2.71,2.71,2.71,2.39,2.28,
150,poly-hIgG,Polyclonal,3.0,150.0,7.6,1.0,60.0,27.5,Acetate,5.0,20.0,NaCl,140.0,Sucrose,0.1,none,0.0,none,0.0,0.9,0.9,1.47,1.47,1.47,1.47,1.4,
151,poly-hIgG,Polyclonal,3.0,150.0,7.6,1.0,220.0,27.5,Histidine,6.0,15.0,none,0.0,none,0.0,none,0.0,none,0.0,0.9,0.9,14.7,12.12,12.12,10.06,4.0,
152,poly-hIgG,Polyclonal,3.0,150.0,7.6,1.0,194.0,27.5,Acetate,5.0,20.0,none,0.0,none,0.0,none,0.0,none,0.0,0.9,0.9,14.38,14.38,14.38,12.6,3.5,
153,poly-hIgG,Polyclonal,3.0,150.0,7.6,1.0,209.0,27.5,Acetate,5.0,20.0,none,0.0,none,0.0,none,0.0,none,0.0,0.9,0.9,15.64,15.64,15.64,12.6,3.81,
154,poly-hIgG,Polyclonal,3.0,150.0,7.6,1.0,134.0,27.5,Acetate,5.0,20.0,none,0.0,none,0.0,none,0.0,none,0.0,0.9,0.9,6.8,6.8,6.43,5.45,2.21,
155,poly-hIgG,Polyclonal,3.0,150.0,7.6,1.0,175.0,27.5,Histidine,6.0,15.0,none,0.0,none,0.0,none,0.0,none,0.0,0.9,0.9,6.8,6.34,6.34,5.45,3.3,
156,poly-hIgG,Polyclonal,3.0,150.0,7.6,1.0,157.0,27.5,Acetate,5.0,20.0,none,0.0,none,0.0,none,0.0,none,0.0,0.9,0.9,6.67,6.67,6.67,6.09,2.6,
157,poly-hIgG,Polyclonal,3.0,150.0,7.6,1.0,163.0,27.5,Histidine,6.0,36.0,NaCl,32.0,none,0.0,none,0.0,none,0.0,0.9,0.9,9.19,7.35,7.35,6.37,2.5,
158,poly-hIgG,Polyclonal,3.0,150.0,7.6,1.0,150.0,27.5,Acetate,5.0,20.0,NaCl,32.0,none,0.0,none,0.0,none,0.0,0.9,0.9,6.06,4.59,4.5,3.6,2.3,
159,poly-hIgG,Polyclonal,3.0,150.0,7.6,1.0,175.0,27.5,Histidine,6.0,15.0,none,0.0,none,0.0,none,0.0,none,0.0,0.9,0.9,6.43,5.23,4.96,4.02,2.0,
160,poly-hIgG,Polyclonal,3.0,150.0,7.6,1.0,175.0,27.5,Histidine,6.0,15.0,none,0.0,none,0.0,none,0.0,none,0.0,0.9,0.9,10.66,10.66,9.37,6.71,3.28,
161,Adalimumab,mAb_IgG1,3.0,148.0,8.7,0.3,143.0,27.5,Histidine,6.0,15.0,none,0.0,none,0.0,none,0.0,none,0.0,1.0,1.0,6.15,6.15,6.15,4.44,2.54,
162,Adalimumab,mAb_IgG1,3.0,148.0,8.7,0.3,139.0,27.5,Acetate,5.0,20.0,none,0.0,none,0.0,none,0.0,none,0.0,1.0,1.0,6.43,5.23,5.23,3.81,2.28,
163,Adalimumab,mAb_IgG1,3.0,148.0,8.7,0.3,100.0,27.5,Acetate,5.0,20.0,none,0.0,none,0.0,none,0.0,none,0.0,1.0,1.0,3.67,3.13,2.85,2.44,1.45,
164,Adalimumab,mAb_IgG1,3.0,148.0,8.7,0.3,35.0,27.5,Acetate,5.0,20.0,none,0.0,none,0.0,tween-80,0.1,none,0.0,1.0,1.0,1.47,1.47,1.47,1.47,1.47,
165,Adalimumab,mAb_IgG1,3.0,148.0,8.7,0.3,35.0,27.5,Acetate,5.0,20.0,none,0.0,Sucrose,0.5,none,0.0,none,0.0,1.0,1.0,1.97,1.97,1.97,1.76,1.2,
166,Adalimumab,mAb_IgG1,3.0,148.0,8.7,0.3,52.0,27.5,Acetate,5.0,20.0,none,0.0,Sucrose,0.25,tween-80,0.05,none,0.0,1.0,1.0,2.02,2.02,2.02,2.02,2.0,
167,Adalimumab,mAb_IgG1,3.0,148.0,8.7,0.3,100.0,27.5,Histidine,6.0,15.0,none,0.0,none,0.0,none,0.0,none,0.0,1.0,1.0,3.22,2.67,2.48,2.1,1.3,
168,Adalimumab,mAb_IgG1,3.0,148.0,8.7,0.3,52.0,27.5,Histidine,6.0,15.0,none,0.0,Sucrose,0.5,none,0.0,none,0.0,1.0,1.0,2.76,2.48,2.02,1.58,1.2,
169,Adalimumab,mAb_IgG1,3.0,148.0,8.7,0.3,52.0,27.5,Histidine,6.0,15.0,none,0.0,Sucrose,0.25,tween-80,0.05,none,0.0,1.0,1.0,2.76,2.39,1.7,1.58,1.15,
170,Adalimumab,mAb_IgG1,3.0,148.0,8.7,0.3,35.0,27.5,Histidine,6.0,15.0,none,0.0,Sucrose,0.5,tween-80,0.1,none,0.0,1.0,1.0,1.84,1.84,1.75,1.67,1.52,
171,Bevacizumab,mAb_IgG1,3.0,149.0,8.3,0.3,146.0,27.5,Acetate,5.0,20.0,none,0.0,none,0.0,none,0.0,none,0.0,1.0,1.0,3.22,3.22,3.22,2.64,1.75,
172,Bevacizumab,mAb_IgG1,3.0,149.0,8.3,0.3,136.0,27.5,Histidine,6.0,15.0,none,0.0,none,0.0,none,0.0,none,0.0,1.0,1.0,3.31,3.31,3.04,2.52,1.66,
173,Bevacizumab,mAb_IgG1,3.0,149.0,8.3,0.3,100.0,27.5,Histidine,6.0,15.0,none,0.0,none,0.0,none,0.0,none,0.0,1.0,1.0,3.04,2.76,2.35,2.24,1.4,
174,Bevacizumab,mAb_IgG1,3.0,149.0,8.3,0.3,50.0,27.5,Histidine,6.0,15.0,none,0.0,Sucrose,0.5,none,0.0,none,0.0,1.0,1.0,1.62,1.62,1.62,1.45,1.3,
175,Bevacizumab,mAb_IgG1,3.0,149.0,8.3,0.3,60.0,27.5,Histidine,6.0,15.0,none,0.0,Sucrose,0.25,tween-80,0.1,none,0.0,1.0,1.0,2.3,2.3,2.02,1.94,1.1,
176,Bevacizumab,mAb_IgG1,3.0,149.0,8.3,0.3,80.0,27.5,Histidine,6.0,15.0,none,0.0,none,0.0,tween-80,0.1,none,0.0,1.0,1.0,2.3,2.3,2.3,2.3,2.3,
177,Bevacizumab,mAb_IgG1,3.0,149.0,8.3,0.3,75.0,27.5,Acetate,5.0,20.0,none,0.0,none,0.0,none,0.0,none,0.0,1.0,1.0,1.38,1.38,1.38,1.23,1.12,
178,Bevacizumab,mAb_IgG1,3.0,149.0,8.3,0.3,50.0,27.5,Acetate,5.0,20.0,none,0.0,Sucrose,0.5,tween-80,0.05,none,0.0,1.0,1.0,2.0,2.0,2.0,2.0,2.0,
179,Bevacizumab,mAb_IgG1,3.0,149.0,8.3,0.3,75.0,27.5,Acetate,5.0,20.0,none,0.0,none,0.0,tween-80,0.05,none,0.0,1.0,1.0,1.75,1.66,1.66,1.66,1.6,
180,Bevacizumab,mAb_IgG1,3.0,149.0,8.3,0.3,100.0,27.5,Acetate,5.0,20.0,none,0.0,Sucrose,0.25,tween-80,0.1,none,0.0,1.0,1.0,2.58,2.39,2.07,1.76,1.2,
181,none,,0.0,0.0,0.0,0.0,0.0,20.0,PBS,7.4,10.0,NaCl,140.0,Sucrose,1.0,none,0.0,none,0.0,0.0,0.0,3.77,3.77,3.77,3.77,3.77,
182,none,,0.0,0.0,0.0,0.0,0.0,15.0,PBS,7.4,10.0,NaCl,140.0,Sucrose,1.0,none,0.0,none,0.0,0.0,0.0,4.38,4.38,4.38,4.38,4.38,
183,none,,0.0,0.0,0.0,0.0,0.0,30.0,PBS,7.4,10.0,NaCl,140.0,Sucrose,1.0,none,0.0,none,0.0,0.0,0.0,2.8,2.8,2.8,2.8,2.8,
184,none,,0.0,0.0,0.0,0.0,0.0,35.0,PBS,7.4,10.0,NaCl,140.0,Sucrose,1.0,none,0.0,none,0.0,0.0,0.0,2.41,2.41,2.41,2.41,2.41,
185,none,,0.0,0.0,0.0,0.0,0.0,15.0,PBS,7.4,10.0,NaCl,140.0,Sucrose,0.75,none,0.0,none,0.0,0.0,0.0,3.03,3.03,3.03,3.03,3.03,
186,none,,0.0,0.0,0.0,0.0,0.0,20.0,PBS,7.4,10.0,NaCl,140.0,Sucrose,0.75,none,0.0,none,0.0,0.0,0.0,2.6,2.6,2.6,2.6,2.6,
187,none,,0.0,0.0,0.0,0.0,0.0,30.0,PBS,7.4,10.0,NaCl,140.0,Sucrose,0.75,none,0.0,none,0.0,0.0,0.0,1.93,1.93,1.93,1.93,1.93,
188,none,,0.0,0.0,0.0,0.0,0.0,35.0,PBS,7.4,10.0,NaCl,140.0,Sucrose,0.75,none,0.0,none,0.0,0.0,0.0,2.6,1.67,1.67,1.67,1.67,
189,none,,0.0,0.0,0.0,0.0,0.0,15.0,PBS,7.4,10.0,NaCl,140.0,Sucrose,0.5,none,0.0,none,0.0,0.0,0.0,2.22,2.22,2.22,2.22,2.22,
190,none,,0.0,0.0,0.0,0.0,0.0,20.0,PBS,7.4,10.0,NaCl,140.0,Sucrose,0.5,none,0.0,none,0.0,0.0,0.0,1.92,1.92,1.92,1.92,1.92,
191,none,,0.0,0.0,0.0,0.0,0.0,30.0,PBS,7.4,10.0,NaCl,140.0,Sucrose,0.5,none,0.0,none,0.0,0.0,0.0,1.42,1.42,1.42,1.42,1.42,
192,none,,0.0,0.0,0.0,0.0,0.0,35.0,PBS,7.4,10.0,NaCl,140.0,Sucrose,0.5,none,0.0,none,0.0,0.0,0.0,1.22,1.22,1.22,1.22,1.22,
193,none,,0.0,0.0,0.0,0.0,0.0,20.0,PBS,7.4,10.0,NaCl,140.0,Sucrose,1.0,tween-20,0.1,none,0.0,0.0,0.0,3.82,3.82,3.82,3.82,3.82,
194,none,,0.0,0.0,0.0,0.0,0.0,15.0,PBS,7.4,10.0,NaCl,140.0,Sucrose,1.0,tween-20,0.1,none,0.0,0.0,0.0,4.43,4.43,4.43,4.43,4.43,
195,none,,0.0,0.0,0.0,0.0,0.0,30.0,PBS,7.4,10.0,NaCl,140.0,Sucrose,1.0,tween-20,0.1,none,0.0,0.0,0.0,2.85,2.85,2.85,2.85,2.85,
196,none,,0.0,0.0,0.0,0.0,0.0,35.0,PBS,7.4,10.0,NaCl,140.0,Sucrose,1.0,tween-20,0.1,none,0.0,0.0,0.0,2.46,2.46,2.46,2.46,2.46,
197,none,,0.0,0.0,0.0,0.0,0.0,15.0,PBS,7.4,10.0,NaCl,140.0,Sucrose,0.75,tween-20,0.1,none,0.0,0.0,0.0,3.08,3.08,3.08,3.08,3.08,
198,none,,0.0,0.0,0.0,0.0,0.0,20.0,PBS,7.4,10.0,NaCl,140.0,Sucrose,0.75,tween-20,0.1,none,0.0,0.0,0.0,2.65,2.65,2.65,2.65,2.65,
199,none,,0.0,0.0,0.0,0.0,0.0,30.0,PBS,7.4,10.0,NaCl,140.0,Sucrose,0.75,tween-20,0.1,none,0.0,0.0,0.0,1.98,1.98,1.98,1.98,1.98,
200,none,,0.0,0.0,0.0,0.0,0.0,35.0,PBS,7.4,10.0,NaCl,140.0,Sucrose,0.75,tween-20,0.1,none,0.0,0.0,0.0,2.65,2.65,2.65,2.65,2.65,
201,none,,0.0,0.0,0.0,0.0,0.0,15.0,PBS,7.4,10.0,NaCl,140.0,Sucrose,0.5,tween-20,0.1,none,0.0,0.0,0.0,2.27,2.27,2.27,2.27,2.27,
202,none,,0.0,0.0,0.0,0.0,0.0,20.0,PBS,7.4,10.0,NaCl,140.0,Sucrose,0.5,tween-20,0.1,none,0.0,0.0,0.0,1.97,1.97,1.97,1.97,1.97,
203,none,,0.0,0.0,0.0,0.0,0.0,30.0,PBS,7.4,10.0,NaCl,140.0,Sucrose,0.5,tween-20,0.1,none,0.0,0.0,0.0,1.47,1.47,1.47,1.47,1.47,
204,none,,0.0,0.0,0.0,0.0,0.0,35.0,PBS,7.4,10.0,NaCl,140.0,Sucrose,0.5,tween-20,0.1,none,0.0,0.0,0.0,1.27,1.27,1.27,1.27,1.27,
205,none,,0.0,0.0,0.0,0.0,0.0,20.0,PBS,7.4,10.0,NaCl,140.0,Sucrose,1.0,tween-80,0.1,none,0.0,0.0,0.0,3.87,3.87,3.87,3.87,3.87,
206,none,,0.0,0.0,0.0,0.0,0.0,15.0,PBS,7.4,10.0,NaCl,140.0,Sucrose,1.0,tween-80,0.1,none,0.0,0.0,0.0,4.48,4.48,4.48,4.48,4.48,
207,none,,0.0,0.0,0.0,0.0,0.0,30.0,PBS,7.4,10.0,NaCl,140.0,Sucrose,1.0,tween-80,0.1,none,0.0,0.0,0.0,2.9,2.9,2.9,2.9,2.9,
208,none,,0.0,0.0,0.0,0.0,0.0,35.0,PBS,7.4,10.0,NaCl,140.0,Sucrose,1.0,tween-80,0.1,none,0.0,0.0,0.0,2.51,2.51,2.51,2.51,2.51,
209,none,,0.0,0.0,0.0,0.0,0.0,15.0,PBS,7.4,10.0,NaCl,140.0,Sucrose,0.75,tween-80,0.1,none,0.0,0.0,0.0,3.13,3.13,3.13,3.13,3.13,
210,none,,0.0,0.0,0.0,0.0,0.0,20.0,PBS,7.4,10.0,NaCl,140.0,Sucrose,0.75,tween-80,0.1,none,0.0,0.0,0.0,2.7,2.7,2.7,2.7,2.7,
211,none,,0.0,0.0,0.0,0.0,0.0,30.0,PBS,7.4,10.0,NaCl,140.0,Sucrose,0.75,tween-80,0.1,none,0.0,0.0,0.0,2.03,2.03,2.03,2.03,2.03,
212,none,,0.0,0.0,0.0,0.0,0.0,35.0,PBS,7.4,10.0,NaCl,140.0,Sucrose,0.75,tween-80,0.1,none,0.0,0.0,0.0,2.7,2.7,2.7,2.7,2.7,
213,none,,0.0,0.0,0.0,0.0,0.0,15.0,PBS,7.4,10.0,NaCl,140.0,Sucrose,0.5,tween-80,0.1,none,0.0,0.0,0.0,2.32,2.32,2.32,2.32,2.32,
214,none,,0.0,0.0,0.0,0.0,0.0,20.0,PBS,7.4,10.0,NaCl,140.0,Sucrose,0.5,tween-80,0.1,none,0.0,0.0,0.0,2.02,2.02,2.02,2.02,2.02,
215,none,,0.0,0.0,0.0,0.0,0.0,30.0,PBS,7.4,10.0,NaCl,140.0,Sucrose,0.5,tween-80,0.1,none,0.0,0.0,0.0,1.52,1.52,1.52,1.52,1.52,
216,none,,0.0,0.0,0.0,0.0,0.0,35.0,PBS,7.4,10.0,NaCl,140.0,Sucrose,0.5,tween-80,0.1,none,0.0,0.0,0.0,1.32,1.32,1.32,1.32,1.32,
217,Pembrolizumab,mAb_IgG4,3.5,149.0,7.57,0.3,193.0,27.5,Acetate,5.0,20.0,none,0.0,none,0.0,none,0.0,none,0.0,1.3,1.1,15.25,11.11,10.38,6.9,4.0,
218,Bevacizumab,mAb_IgG1,3.0,149.0,8.3,0.3,250.0,27.5,PBS,7.4,10.0,NaCl,140.0,none,0.0,none,0.0,none,0.0,1.0,1.0,15.99,15.99,14.51,7.97,3.82,
219,Bevacizumab,mAb_IgG1,3.0,149.0,8.3,0.3,60.0,27.5,PBS,7.4,10.0,NaCl,140.0,Sucrose,0.1,none,0.0,none,0.0,1.0,1.0,2.76,2.76,2.76,2.52,1.2,
220,Bevacizumab,mAb_IgG1,3.0,149.0,8.3,0.3,100.0,27.5,PBS,7.4,10.0,NaCl,140.0,none,0.0,tween-80,0.1,none,0.0,1.0,1.0,2.21,2.21,2.21,1.68,1.6,
221,Bevacizumab,mAb_IgG1,3.0,149.0,8.3,0.3,100.0,27.5,PBS,7.4,10.0,NaCl,140.0,none,0.0,none,0.0,none,0.0,1.0,1.0,5.0,3.22,2.76,2.36,1.4,
222,Bevacizumab,mAb_IgG1,3.0,149.0,8.3,0.3,80.0,27.5,PBS,7.4,10.0,NaCl,140.0,Sucrose,0.5,tween-80,0.05,none,0.0,1.0,1.0,5.32,3.84,2.48,1.9,1.81,
223,Bevacizumab,mAb_IgG1,3.0,149.0,8.3,0.3,75.0,27.5,PBS,7.4,10.0,NaCl,140.0,Sucrose,0.25,tween-80,0.05,none,0.0,1.0,1.0,2.82,2.82,2.82,2.57,1.6,
224,Pembrolizumab,mAb_IgG4,3.5,149.0,7.57,0.3,50.0,27.5,Acetate,5.0,20.0,none,0.0,Sucrose,0.1,tween-80,0.1,none,0.0,1.3,1.1,1.99,1.99,1.99,1.68,1.2,
225,Pembrolizumab,mAb_IgG4,3.5,149.0,7.57,0.3,100.0,27.5,Acetate,5.0,20.0,none,0.0,none,0.0,none,0.0,none,0.0,1.3,1.1,3.16,3.16,2.3,2.1,1.43,
226,Pembrolizumab,mAb_IgG4,3.5,149.0,7.57,0.3,80.0,27.5,Acetate,5.0,20.0,none,0.0,Sucrose,0.5,tween-80,0.1,none,0.0,1.3,1.1,3.91,3.8,3.22,2.69,2.0,
227,Pembrolizumab,mAb_IgG4,3.5,149.0,7.57,0.3,100.0,27.5,Acetate,5.0,20.0,NaCl,140.0,none,0.0,none,0.0,none,0.0,1.3,1.1,7.59,4.14,2.99,2.31,1.3,
228,Pembrolizumab,mAb_IgG4,3.5,149.0,7.57,0.3,60.0,27.5,Acetate,5.0,20.0,none,0.0,Sucrose,0.25,tween-80,0.05,none,0.0,1.3,1.1,2.88,2.88,2.3,1.79,1.4,
229,Adalimumab,mAb_IgG1,3.0,148.0,8.7,0.3,267.0,27.5,PBS,7.4,10.0,NaCl,140.0,none,0.0,none,0.0,none,0.0,1.0,1.0,56.35,55.2,41.4,26.25,5.75,
230,Adalimumab,mAb_IgG1,3.0,148.0,8.7,0.3,62.0,27.5,PBS,7.4,10.0,NaCl,140.0,Sucrose,0.25,none,0.0,none,0.0,1.0,1.0,1.61,1.61,1.61,1.37,1.12,
231,Adalimumab,mAb_IgG1,3.0,148.0,8.7,0.3,100.0,27.5,PBS,7.4,10.0,NaCl,140.0,none,0.0,tween-80,0.1,none,0.0,1.0,1.0,7.13,4.72,4.14,3.78,2.14,
232,Adalimumab,mAb_IgG1,3.0,148.0,8.7,0.3,80.0,27.5,PBS,7.4,10.0,NaCl,140.0,Sucrose,0.5,tween-80,0.05,none,0.0,1.0,1.0,6.44,5.75,4.83,4.31,1.6,
233,Adalimumab,mAb_IgG1,3.0,148.0,8.7,0.3,75.0,27.5,PBS,7.4,10.0,NaCl,140.0,Sucrose,0.1,tween-80,0.05,none,0.0,1.0,1.0,5.18,2.65,1.61,1.26,1.04,
234,BSA,Other,2.0,66.0,4.7,0.3,392.0,27.5,Histidine,6.0,15.0,none,0.0,none,0.0,none,0.0,none,0.0,0.85,0.9,61.54,55.11,45.01,29.36,27.96,
235,BSA,Other,2.0,66.0,4.7,0.3,414.0,27.5,Acetate,5.0,20.0,none,0.0,none,0.0,none,0.0,none,0.0,0.85,0.9,129.51,74.41,57.87,40.26,33.0,
236,BSA,Other,2.0,66.0,4.7,0.3,431.0,27.5,PBS,7.4,10.0,NaCl,140.0,none,0.0,none,0.0,none,0.0,0.85,0.9,146.97,110.23,71.65,53.68,44.0,
237,BSA,Other,2.0,66.0,4.7,0.3,160.0,27.5,Histidine,6.0,15.0,none,0.0,none,0.0,none,0.0,none,0.0,0.85,0.9,3.85,3.59,3.27,2.86,2.38,
238,BSA,Other,2.0,66.0,4.7,0.3,174.0,27.5,PBS,7.4,10.0,NaCl,140.0,none,0.0,none,0.0,none,0.0,0.85,0.9,4.4,4.4,3.67,3.52,2.41,
239,BSA,Other,2.0,66.0,4.7,0.3,162.0,27.5,Acetate,5.0,20.0,none,0.0,none,0.0,none,0.0,none,0.0,0.85,0.9,4.59,4.59,4.31,3.77,2.5,
240,BSA,Other,2.0,66.0,4.7,0.3,182.0,27.5,Histidine,6.0,15.0,NaCl,140.0,none,0.0,none,0.0,none,0.0,0.85,0.9,4.31,4.31,4.31,3.77,2.8,
241,BSA,Other,2.0,66.0,4.7,0.3,172.0,27.5,Histidine,6.0,30.0,none,0.0,none,0.0,none,0.0,none,0.0,0.85,0.9,4.4,4.17,3.99,3.35,2.48,
242,BSA,Other,2.0,66.0,4.7,0.3,169.0,27.5,Acetate,5.0,20.0,NaCl,140.0,none,0.0,none,0.0,none,0.0,0.85,0.9,4.68,4.13,3.27,2.1,2.0,
243,BSA,Other,2.0,66.0,4.7,0.3,5.0,27.5,PBS,7.4,10.0,NaCl,140.0,none,0.0,none,0.0,none,0.0,0.85,0.9,1.008,1.008,0.96,0.96,0.8,
244,BSA,Other,2.0,66.0,4.7,0.3,10.0,27.5,PBS,7.4,10.0,NaCl,140.0,none,0.0,none,0.0,none,0.0,0.85,0.9,1.032,1.032,1.032,0.96,0.8,
245,BSA,Other,2.0,66.0,4.7,0.3,20.0,27.5,PBS,7.4,10.0,NaCl,140.0,none,0.0,none,0.0,none,0.0,0.85,0.9,1.104,1.104,1.104,1.056,0.88,
246,BSA,Other,2.0,66.0,4.7,0.3,25.0,27.5,PBS,7.4,10.0,NaCl,140.0,none,0.0,none,0.0,none,0.0,0.85,0.9,1.2,1.2,1.2,1.152,0.96,
247,BSA,Other,2.0,66.0,4.7,0.3,5.0,27.5,Acetate,5.0,20.0,none,0.0,none,0.0,none,0.0,none,0.0,0.85,0.9,1.008,1.008,0.96,0.96,0.8,
248,BSA,Other,2.0,66.0,4.7,0.3,10.0,27.5,Acetate,5.0,20.0,none,0.0,none,0.0,none,0.0,none,0.0,0.85,0.9,1.032,1.032,1.032,0.96,0.8,
249,BSA,Other,2.0,66.0,4.7,0.3,20.0,27.5,Acetate,5.0,20.0,none,0.0,none,0.0,none,0.0,none,0.0,0.85,0.9,1.2,1.2,1.2,1.152,0.96,
250,BSA,Other,2.0,66.0,4.7,0.3,25.0,27.5,Acetate,5.0,20.0,none,0.0,none,0.0,none,0.0,none,0.0,0.85,0.9,1.344,1.344,1.344,1.296,1.08,
251,BSA,Other,2.0,66.0,4.7,0.3,5.0,27.5,Histidine,6.0,15.0,none,0.0,none,0.0,none,0.0,none,0.0,0.85,0.9,1.008,1.008,0.96,0.96,0.8,
252,BSA,Other,2.0,66.0,4.7,0.3,10.0,27.5,Histidine,6.0,15.0,none,0.0,none,0.0,none,0.0,none,0.0,0.85,0.9,1.044,1.032,1.0387527772064538,0.984,0.82,
253,BSA,Other,2.0,66.0,4.7,0.3,20.0,27.5,Histidine,6.0,15.0,none,0.0,none,0.0,none,0.0,none,0.0,0.85,0.9,1.104,1.104,1.104,1.056,0.88,
254,BSA,Other,2.0,66.0,4.7,0.3,20.0,27.5,Histidine,6.0,30.0,none,0.0,none,0.0,none,0.0,none,0.0,0.85,0.9,1.128,1.128,1.128,1.056,0.88,
255,BSA,Other,2.0,66.0,4.7,0.3,25.0,27.5,Histidine,6.0,15.0,none,0.0,none,0.0,none,0.0,none,0.0,0.85,0.9,1.248,1.248,1.2,1.2,1.0,
256,BSA,Other,2.0,66.0,4.7,0.3,25.0,27.5,Histidine,6.0,30.0,none,0.0,none,0.0,none,0.0,none,0.0,0.85,0.9,1.344,1.344,1.344,1.248,1.04,
257,poly-hIgG,Polyclonal,3.0,150.0,7.6,1.0,10.0,25.0,PBS,7.4,10.0,NaCl,140.0,none,0.0,none,0.0,none,0.0,0.9,0.9,1.08,1.068,1.0753891812807646,1.056,0.88,
258,poly-hIgG,Polyclonal,3.0,150.0,7.6,1.0,20.0,25.0,PBS,7.4,10.0,NaCl,140.0,none,0.0,none,0.0,none,0.0,0.9,0.9,1.392,1.392,1.392,1.344,1.12,
259,Ibalizumab,mAb_IgG4,3.5,150.0,8.0,0.3,304.0,27.5,Histidine,6.0,15.0,none,0.0,none,0.0,none,0.0,none,0.0,1.3,1.1,14.15,14.15,13.32,8.39,4.5,
260,Ibalizumab,mAb_IgG4,3.5,150.0,8.0,0.3,300.0,27.5,Acetate,5.0,20.0,none,0.0,none,0.0,none,0.0,none,0.0,1.3,1.1,24.07,24.07,20.67,12.5,7.9,
261,Ibalizumab,mAb_IgG4,3.5,150.0,8.0,0.3,290.0,27.5,PBS,7.4,10.0,NaCl,140.0,none,0.0,none,0.0,none,0.0,1.3,1.1,15.16,15.16,15.16,10.9,5.95,
262,Ibalizumab,mAb_IgG4,3.5,150.0,8.0,0.3,187.5,27.5,Histidine,6.0,15.0,none,0.0,Sucrose,0.75,none,0.0,none,0.0,1.3,1.1,4.22,4.22,3.67,2.44,1.4,
263,Ibalizumab,mAb_IgG4,3.5,150.0,8.0,0.3,270.0,27.5,Acetate,5.0,20.0,none,0.0,none,0.0,tween-80,0.1,none,0.0,1.3,1.1,15.07,11.94,10.11,6.46,4.5,
264,Ibalizumab,mAb_IgG4,3.5,150.0,8.0,0.3,245.0,27.5,PBS,7.4,10.0,NaCl,140.0,Trehalose,0.155,none,0.0,none,0.0,1.3,1.1,11.94,8.73,7.56,5.68,5.41,
265,Ibalizumab,mAb_IgG4,3.5,150.0,8.0,0.3,230.0,27.5,Histidine,6.0,15.0,none,0.0,Sucrose,0.5,none,0.0,none,0.0,1.3,1.1,6.15,5.97,5.97,5.28,4.1,
266,Ibalizumab,mAb_IgG4,3.5,150.0,8.0,0.3,150.0,27.5,PBS,7.4,10.0,NaCl,140.0,Sucrose,0.75,none,0.0,none,0.0,1.3,1.1,8.27,7.35,7.35,5.87,5.0,
267,Ibalizumab,mAb_IgG4,3.5,150.0,8.0,0.3,150.0,27.5,Acetate,5.0,20.0,none,0.0,none,0.0,tween-80,0.075,none,0.0,1.3,1.1,2.58,2.53,2.53,2.31,2.2,
268,Ibalizumab,mAb_IgG4,3.5,150.0,8.0,0.3,150.0,27.5,Histidine,6.0,15.0,none,0.0,Trehalose,0.25,none,0.0,none,0.0,1.3,1.1,3.67,3.67,3.67,3.28,2.7,
269,Ibalizumab,mAb_IgG4,3.5,150.0,8.0,0.3,100.0,27.5,Acetate,5.0,20.0,none,0.0,none,0.0,none,0.0,none,0.0,1.3,1.1,3.04,3.04,3.04,2.52,1.8,
270,Ibalizumab,mAb_IgG4,3.5,150.0,8.0,0.3,70.0,27.5,Acetate,5.0,20.0,none,0.0,Sucrose,0.75,tween-80,0.05,none,0.0,1.3,1.1,3.85,3.4,3.4,3.11,2.7,
271,Ibalizumab,mAb_IgG4,3.5,150.0,8.0,0.3,70.0,27.5,Acetate,5.0,20.0,none,0.0,Trehalose,0.5,none,0.0,none,0.0,1.3,1.1,3.59,3.13,3.13,2.52,2.4,
272,Ibalizumab,mAb_IgG4,3.5,150.0,8.0,0.3,55.0,27.5,Acetate,5.0,20.0,none,0.0,none,0.0,tween-20,0.05,none,0.0,1.3,1.1,1.2,1.2,1.2,1.01,0.96,
273,Ibalizumab,mAb_IgG4,3.5,150.0,8.0,0.3,55.0,27.5,Acetate,5.0,20.0,none,0.0,Trehalose,0.25,tween-80,0.025,none,0.0,1.3,1.1,1.7,1.7,1.7,1.43,1.2,
274,Ibalizumab,mAb_IgG4,3.5,150.0,8.0,0.3,40.0,27.5,Acetate,5.0,20.0,NaCl,140.0,none,0.0,none,0.0,none,0.0,1.3,1.1,1.33,1.33,1.33,1.18,1.05,
275,Ibalizumab,mAb_IgG4,3.5,150.0,8.0,0.3,40.0,27.5,Acetate,5.0,20.0,none,0.0,Trehalose,0.5,none,0.0,none,0.0,1.3,1.1,1.84,1.84,1.84,1.68,1.6,
276,Ibalizumab,mAb_IgG4,3.5,150.0,8.0,0.3,25.0,27.5,Acetate,5.0,20.0,none,0.0,none,0.0,none,0.0,none,0.0,1.3,1.1,0.92,0.92,0.92,0.84,0.8,
277,Ibalizumab,mAb_IgG4,3.5,150.0,8.0,0.3,10.0,27.5,Acetate,5.0,20.0,none,0.0,Sucrose,0.25,tween-80,0.025,none,0.0,1.3,1.1,1.01,1.01,1.01,0.92,0.88,
278,Ibalizumab,mAb_IgG4,3.5,150.0,8.0,0.3,10.0,27.5,Acetate,5.0,20.0,none,0.0,Trehalose,0.25,none,0.0,none,0.0,1.3,1.1,1.2,1.2,1.2,1.09,1.04,
279,Ibalizumab,mAb_IgG4,3.5,150.0,8.0,0.3,100.0,27.5,Histidine,6.0,15.0,none,0.0,Trehalose,0.25,tween-80,0.05,none,0.0,1.3,1.1,2.94,2.94,2.94,2.6,2.48,
280,Ibalizumab,mAb_IgG4,3.5,150.0,8.0,0.3,75.0,27.5,Histidine,6.0,15.0,none,0.0,Sucrose,0.5,tween-80,0.025,none,0.0,1.3,1.1,2.48,2.12,1.75,1.6,1.52,
281,Ibalizumab,mAb_IgG4,3.5,150.0,8.0,0.3,55.0,27.5,Histidine,6.0,15.0,none,0.0,Sucrose,0.5,none,0.0,none,0.0,1.3,1.1,2.21,1.93,1.56,1.26,1.2,
282,Ibalizumab,mAb_IgG4,3.5,150.0,8.0,0.3,40.0,27.5,Histidine,6.0,15.0,none,0.0,none,0.0,none,0.0,none,0.0,1.3,1.1,1.29,1.29,1.29,1.09,1.04,
283,Ibalizumab,mAb_IgG4,3.5,150.0,8.0,0.3,30.0,27.5,Histidine,6.0,15.0,none,0.0,none,0.0,tween-20,0.025,none,0.0,1.3,1.1,1.01,1.01,1.01,0.92,0.88,
284,Ibalizumab,mAb_IgG4,3.5,150.0,8.0,0.3,25.0,27.5,Histidine,6.0,15.0,none,0.0,Sucrose,0.25,none,0.0,none,0.0,1.3,1.1,1.15,1.15,1.15,1.15,1.15,
285,Ibalizumab,mAb_IgG4,3.5,150.0,8.0,0.3,25.0,27.5,Histidine,6.0,15.0,NaCl,140.0,none,0.0,none,0.0,none,0.0,1.3,1.1,1.2,1.2,1.2,1.2,1.2,
286,Ibalizumab,mAb_IgG4,3.5,150.0,8.0,0.3,10.0,27.5,Histidine,6.0,15.0,none,0.0,none,0.0,none,0.0,none,0.0,1.3,1.1,0.8,0.8,0.8,0.8,0.8,
287,Ibalizumab,mAb_IgG4,3.5,150.0,8.0,0.3,80.0,27.5,PBS,7.4,10.0,NaCl,140.0,Sucrose,0.5,tween-80,0.1,none,0.0,1.3,1.1,2.12,2.12,2.12,2.12,2.12,
288,Ibalizumab,mAb_IgG4,3.5,150.0,8.0,0.3,55.0,27.5,PBS,7.4,10.0,NaCl,140.0,none,0.0,tween-80,0.025,none,0.0,1.3,1.1,1.66,1.66,1.66,1.43,1.21,
289,Ibalizumab,mAb_IgG4,3.5,150.0,8.0,0.3,30.0,27.5,PBS,7.4,10.0,NaCl,140.0,none,0.0,tween-80,0.1,none,0.0,1.3,1.1,1.33,1.33,1.33,1.18,1.12,
290,Ibalizumab,mAb_IgG4,3.5,150.0,8.0,0.3,30.0,27.5,PBS,7.4,10.0,NaCl,140.0,Trehalose,0.5,tween-80,0.1,none,0.0,1.3,1.1,2.37,2.37,2.37,2.02,1.55,
291,Ibalizumab,mAb_IgG4,3.5,150.0,8.0,0.3,10.0,27.5,PBS,7.4,10.0,NaCl,140.0,none,0.0,none,0.0,none,0.0,1.3,1.1,0.97,0.97,0.97,0.93,0.9328284271247462,
292,Ibalizumab,mAb_IgG4,3.5,150.0,8.0,0.3,20.0,27.5,PBS,7.4,10.0,NaCl,140.0,none,0.0,tween-20,0.1,none,0.0,1.3,1.1,1.06,1.06,1.06,1.01,0.88,
293,poly-hIgG,Polyclonal,3.0,150.0,7.6,1.0,145.0,27.5,PBS,7.4,10.0,NaCl,140.0,none,0.0,none,0.0,none,0.0,0.9,0.9,5.91,5.91,5.91,5.37,2.52,
294,poly-hIgG,Polyclonal,3.0,150.0,7.6,1.0,145.0,17.5,PBS,7.4,10.0,NaCl,140.0,none,0.0,none,0.0,none,0.0,0.9,0.9,8.27,6.7,6.7,6.12,4.7,
295,poly-hIgG,Polyclonal,3.0,150.0,7.6,1.0,145.0,26.5,PBS,7.4,10.0,NaCl,140.0,none,0.0,none,0.0,none,0.0,0.9,0.9,4.59,4.22,4.22,3.85,3.0,
296,poly-hIgG,Polyclonal,3.0,150.0,7.6,1.0,151.0,17.5,PBS,7.4,10.0,NaCl,140.0,Sucrose,0.25,none,0.0,none,0.0,0.9,0.9,10.11,8.27,8.27,6.71,4.55,
297,poly-hIgG,Polyclonal,3.0,150.0,7.6,1.0,151.0,27.5,PBS,7.4,10.0,NaCl,140.0,Sucrose,0.25,none,0.0,none,0.0,0.9,0.9,5.6,5.6,5.6,5.11,2.6,
298,poly-hIgG,Polyclonal,3.0,150.0,7.6,1.0,151.0,36.5,PBS,7.4,10.0,NaCl,140.0,Sucrose,0.25,none,0.0,none,0.0,0.9,0.9,5.42,5.42,5.42,4.95,2.88,
299,poly-hIgG,Polyclonal,3.0,150.0,7.6,1.0,157.0,17.5,PBS,7.4,10.0,NaCl,140.0,Sucrose,0.5,none,0.0,none,0.0,0.9,0.9,11.48,11.48,11.48,9.23,6.0,
300,poly-hIgG,Polyclonal,3.0,150.0,7.6,1.0,157.0,27.5,PBS,7.4,10.0,NaCl,140.0,Sucrose,0.5,none,0.0,none,0.0,0.9,0.9,9.19,9.19,9.19,8.39,5.8,
301,poly-hIgG,Polyclonal,3.0,150.0,7.6,1.0,157.0,36.5,PBS,7.4,10.0,NaCl,140.0,Sucrose,0.5,none,0.0,none,0.0,0.9,0.9,8.27,6.98,6.98,6.04,4.3,
302,Trastuzumab,mAb_IgG1,3.0,149.0,8.9,0.3,147.0,25.0,Acetate,5.0,20.0,none,0.0,none,0.0,none,0.0,none,0.0,1.0,1.0,7.29,5.99,3.55,3.22,1.06,
303,Trastuzumab,mAb_IgG1,3.0,149.0,8.9,0.3,157.0,25.0,Histidine,6.0,15.0,none,0.0,none,0.0,none,0.0,none,0.0,1.0,1.0,4.69,4.69,4.59,3.85,1.9,
304,Trastuzumab,mAb_IgG1,3.0,149.0,8.9,0.3,100.0,25.0,Histidine,6.0,15.0,none,0.0,Sucrose,0.3,tween-80,0.05,none,0.0,1.0,1.0,3.4,3.4,3.3,3.04,2.34,
305,Trastuzumab,mAb_IgG1,3.0,149.0,8.9,0.3,50.0,25.0,Histidine,6.0,15.0,none,0.0,none,0.0,tween-80,0.1,none,0.0,1.0,1.0,1.9,1.9,1.9,1.56,1.2,
306,Trastuzumab,mAb_IgG1,3.0,149.0,8.9,0.3,75.0,25.0,Histidine,6.0,15.0,none,0.0,Sucrose,0.5,none,0.0,none,0.0,1.0,1.0,1.95,1.95,1.95,1.79,0.8,
307,Trastuzumab,mAb_IgG1,3.0,149.0,8.9,0.3,90.0,25.0,Acetate,5.0,20.0,none,0.0,Sucrose,0.3,tween-80,0.1,none,0.0,1.0,1.0,3.99,3.4,3.1,3.13,1.85,
308,Trastuzumab,mAb_IgG1,3.0,149.0,8.9,0.3,70.0,25.0,Acetate,5.0,20.0,none,0.0,Sucrose,0.5,none,0.0,none,0.0,1.0,1.0,3.9,3.3,3.3,2.48,1.8,
309,Trastuzumab,mAb_IgG1,3.0,149.0,8.9,0.3,100.0,25.0,Acetate,5.0,20.0,none,0.0,none,0.0,tween-80,0.05,none,0.0,1.0,1.0,3.5,2.6,2.0,1.84,1.6,
310,Trastuzumab,mAb_IgG1,3.0,149.0,8.9,0.3,60.0,25.0,Acetate,5.0,20.0,none,0.0,Sucrose,0.4,tween-80,0.05,none,0.0,1.0,1.0,2.5,2.5,2.1,1.66,1.25,
311,Trastuzumab,mAb_IgG1,3.0,149.0,8.9,0.3,125.0,25.0,Histidine,6.0,15.0,none,0.0,none,0.0,none,0.0,none,0.0,1.0,1.0,2.95,2.95,2.95,2.71,2.36,
312,Trastuzumab,mAb_IgG1,3.0,149.0,8.9,0.3,125.0,25.0,Histidine,6.0,25.0,none,0.0,none,0.0,none,0.0,none,0.0,1.0,1.0,3.99,3.15,2.4,1.93,1.68,
313,Trastuzumab,mAb_IgG1,3.0,149.0,8.9,0.3,125.0,25.0,Histidine,6.0,25.0,none,0.0,none,0.0,none,0.0,Arginine,60.0,1.0,1.0,3.6,3.6,3.15,2.9,2.5,
314,Trastuzumab,mAb_IgG1,3.0,149.0,8.9,0.3,125.0,25.0,Histidine,6.0,25.0,none,0.0,none,0.0,none,0.0,Arginine,160.0,1.0,1.0,4.19,3.4,2.6,1.99,1.73,
315,Trastuzumab,mAb_IgG1,3.0,149.0,8.9,0.3,125.0,25.0,Histidine,6.0,40.0,none,0.0,none,0.0,none,0.0,none,0.0,1.0,1.0,2.6,2.6,2.05,1.89,1.64,
316,Trastuzumab,mAb_IgG1,3.0,149.0,8.9,0.3,125.0,25.0,Histidine,6.0,25.0,none,0.0,none,0.0,none,0.0,Proline,75.0,1.0,1.0,2.45,2.45,2.45,2.25,1.96,
317,Trastuzumab,mAb_IgG1,3.0,149.0,8.9,0.3,125.0,25.0,Histidine,6.0,25.0,none,0.0,Sucrose,0.2,none,0.0,Arginine,60.0,1.0,1.0,3.7,3.16,2.7,2.3,2.0,
318,poly-hIgG,Polyclonal,3.0,150.0,7.6,1.0,75.0,25.0,Histidine,6.0,15.0,none,0.0,none,0.0,none,0.0,none,0.0,0.9,0.9,1.81,1.81,1.81,1.67,1.45,
319,poly-hIgG,Polyclonal,3.0,150.0,7.6,1.0,175.0,25.0,Histidine,6.0,15.0,none,0.0,none,0.0,none,0.0,none,0.0,0.9,0.9,11.98,10.39,6.09,4.96,4.31,
320,poly-hIgG,Polyclonal,3.0,150.0,7.6,1.0,75.0,25.0,Acetate,5.0,20.0,none,0.0,none,0.0,none,0.0,none,0.0,0.9,0.9,1.6,1.6,1.6,1.47,1.28,
321,poly-hIgG,Polyclonal,3.0,150.0,7.6,1.0,175.0,25.0,Acetate,5.0,20.0,none,0.0,none,0.0,none,0.0,none,0.0,0.9,0.9,11.29,11.29,9.59,8.73,5.0,
322,poly-hIgG,Polyclonal,3.0,150.0,7.6,1.0,75.0,25.0,Histidine,6.0,15.0,none,0.0,none,0.0,none,0.0,Arginine,20.0,0.9,0.9,1.3,1.3,1.3,1.2,1.04,
323,poly-hIgG,Polyclonal,3.0,150.0,7.6,1.0,75.0,25.0,Histidine,6.0,15.0,none,0.0,Sucrose,0.2,none,0.0,Arginine,60.0,0.9,0.9,1.6,1.6,1.6,1.47,1.28,
324,poly-hIgG,Polyclonal,3.0,150.0,7.6,1.0,75.0,25.0,Histidine,6.0,15.0,none,0.0,none,0.0,none,0.0,Arginine,120.0,0.9,0.9,1.7,1.7,1.6,1.47,1.28,
325,poly-hIgG,Polyclonal,3.0,150.0,7.6,1.0,75.0,25.0,Histidine,6.0,15.0,none,0.0,none,0.0,none,0.0,Proline,25.0,0.9,0.9,2.0,2.0,2.0,1.84,1.6,
326,poly-hIgG,Polyclonal,3.0,150.0,7.6,1.0,75.0,25.0,Histidine,6.0,15.0,none,0.0,Sucrose,0.4,none,0.0,Proline,75.0,0.9,0.9,2.4,2.1,1.8,1.66,1.44,
327,poly-hIgG,Polyclonal,3.0,150.0,7.6,1.0,75.0,25.0,Histidine,6.0,15.0,none,0.0,none,0.0,none,0.0,Proline,150.0,0.9,0.9,1.5,1.5,1.5,1.5,1.5,
328,poly-hIgG,Polyclonal,3.0,150.0,7.6,1.0,75.0,25.0,Histidine,6.0,15.0,none,0.0,none,0.0,none,0.0,Arginine,60.0,0.9,0.9,1.45,1.45,1.45,1.45,1.45,
329,poly-hIgG,Polyclonal,3.0,150.0,7.6,1.0,75.0,25.0,Histidine,6.0,15.0,none,0.0,none,0.0,none,0.0,Proline,75.0,0.9,0.9,2.8,2.4,2.0,1.84,1.6,
330,poly-hIgG,Polyclonal,3.0,150.0,7.6,1.0,75.0,25.0,Acetate,5.0,20.0,none,0.0,none,0.0,none,0.0,Arginine,60.0,0.9,0.9,2.23,2.23,2.23,2.23,2.0,
331,poly-hIgG,Polyclonal,3.0,150.0,7.6,1.0,175.0,25.0,Histidine,6.0,15.0,none,0.0,none,0.0,none,0.0,Arginine,20.0,0.9,0.9,8.44,8.44,8.44,7.16,5.0,
332,poly-hIgG,Polyclonal,3.0,150.0,7.6,1.0,175.0,25.0,Histidine,6.0,15.0,none,0.0,none,0.0,none,0.0,Arginine,60.0,0.9,0.9,7.15,7.15,7.15,6.89,4.75,
333,poly-hIgG,Polyclonal,3.0,150.0,7.6,1.0,175.0,25.0,Histidine,6.0,15.0,none,0.0,none,0.0,none,0.0,Arginine,120.0,0.9,0.9,5.79,5.79,5.79,5.23,4.0,
334,poly-hIgG,Polyclonal,3.0,150.0,7.6,1.0,175.0,25.0,Histidine,6.0,15.0,none,0.0,none,0.0,none,0.0,Proline,25.0,0.9,0.9,9.29,8.69,7.39,6.52,5.67,
335,poly-hIgG,Polyclonal,3.0,150.0,7.6,1.0,175.0,25.0,Histidine,6.0,15.0,none,0.0,none,0.0,none,0.0,Proline,75.0,0.9,0.9,11.98,10.49,8.99,6.8,5.0,
336,poly-hIgG,Polyclonal,3.0,150.0,7.6,1.0,175.0,25.0,Histidine,6.0,15.0,none,0.0,none,0.0,none,0.0,Proline,150.0,0.9,0.9,9.19,9.19,7.99,6.61,5.0,
337,poly-hIgG,Polyclonal,3.0,150.0,7.6,1.0,125.0,25.0,Histidine,6.0,25.0,none,0.0,none,0.0,none,0.0,none,0.0,0.9,0.9,3.6,3.6,3.6,3.31,2.4,
338,poly-hIgG,Polyclonal,3.0,150.0,7.6,1.0,125.0,25.0,Histidine,6.0,25.0,none,0.0,none,0.0,none,0.0,Arginine,25.0,0.9,0.9,2.59,2.59,2.59,2.59,2.59,
339,poly-hIgG,Polyclonal,3.0,150.0,7.6,1.0,125.0,25.0,Histidine,6.0,25.0,none,0.0,none,0.0,none,0.0,Arginine,50.0,0.9,0.9,3.0,3.0,3.0,3.0,3.0,
340,poly-hIgG,Polyclonal,3.0,150.0,7.6,1.0,125.0,25.0,Histidine,6.0,25.0,none,0.0,none,0.0,none,0.0,Arginine,75.0,0.9,0.9,5.79,4.74,4.74,4.31,3.66,
341,poly-hIgG,Polyclonal,3.0,150.0,7.6,1.0,125.0,25.0,Histidine,6.0,25.0,none,0.0,none,0.0,none,0.0,Arginine,100.0,0.9,0.9,2.1,2.1,2.1,1.93,1.68,
342,poly-hIgG,Polyclonal,3.0,150.0,7.6,1.0,125.0,25.0,Histidine,6.0,25.0,none,0.0,none,0.0,none,0.0,Arginine,150.0,0.9,0.9,2.71,2.71,2.71,2.5,2.17,
343,poly-hIgG,Polyclonal,3.0,150.0,7.6,1.0,125.0,25.0,Histidine,6.0,25.0,none,0.0,none,0.0,none,0.0,Arginine,200.0,0.9,0.9,1.86,1.86,1.86,1.86,1.86,
344,poly-hIgG,Polyclonal,3.0,150.0,7.6,1.0,125.0,25.0,Histidine,6.0,50.0,none,0.0,none,0.0,none,0.0,none,0.0,0.9,0.9,2.5,2.5,2.5,2.5,2.5,
345,poly-hIgG,Polyclonal,3.0,150.0,7.6,1.0,75.0,25.0,Histidine,6.0,15.0,none,0.0,none,0.0,none,0.0,Lysine,25.0,0.9,0.9,1.5,1.5,1.21,1.12,1.12,
346,poly-hIgG,Polyclonal,3.0,150.0,7.6,1.0,75.0,25.0,Histidine,6.0,15.0,none,0.0,none,0.0,none,0.0,Lysine,75.0,0.9,0.9,1.28,1.28,1.28,1.28,1.28,
347,poly-hIgG,Polyclonal,3.0,150.0,7.6,1.0,75.0,25.0,Histidine,6.0,15.0,none,0.0,none,0.0,none,0.0,Lysine,150.0,0.9,0.9,1.51,1.51,1.51,1.51,1.51,
348,poly-hIgG,Polyclonal,3.0,150.0,7.6,1.0,175.0,25.0,Histidine,6.0,15.0,none,0.0,none,0.0,none,0.0,Lysine,25.0,0.9,0.9,4.99,4.99,3.99,3.5,2.26,
349,poly-hIgG,Polyclonal,3.0,150.0,7.6,1.0,175.0,25.0,Histidine,6.0,15.0,none,0.0,none,0.0,none,0.0,Lysine,75.0,0.9,0.9,4.56,4.56,4.56,4.2,2.83,
350,poly-hIgG,Polyclonal,3.0,150.0,7.6,1.0,175.0,25.0,Histidine,6.0,15.0,none,0.0,none,0.0,none,0.0,Lysine,150.0,0.9,0.9,5.96,5.96,5.96,5.49,4.77,
351,poly-hIgG,Polyclonal,3.0,150.0,7.6,1.0,75.0,25.0,Histidine,6.0,50.0,none,0.0,none,0.0,none,0.0,none,0.0,0.9,0.9,2.1,2.1,2.1,1.47,1.1,
352,poly-hIgG,Polyclonal,3.0,150.0,7.6,1.0,75.0,25.0,Histidine,6.0,75.0,none,0.0,none,0.0,none,0.0,none,0.0,0.9,0.9,1.89,1.89,1.89,1.66,1.1,
353,poly-hIgG,Polyclonal,3.0,150.0,7.6,1.0,175.0,25.0,Histidine,6.0,50.0,none,0.0,none,0.0,none,0.0,none,0.0,0.9,0.9,6.94,6.94,6.94,6.38,3.2,
354,poly-hIgG,Polyclonal,3.0,150.0,7.6,1.0,175.0,25.0,Histidine,6.0,75.0,none,0.0,none,0.0,none,0.0,none,0.0,0.9,0.9,4.54,4.54,4.54,4.17,3.3,
355,poly-hIgG,Polyclonal,3.0,150.0,7.6,1.0,125.0,25.0,Histidine,6.0,25.0,none,0.0,Sucrose,0.2,none,0.0,none,0.0,0.9,0.9,3.99,2.8,2.3,2.12,1.84,
356,poly-hIgG,Polyclonal,3.0,150.0,7.6,1.0,125.0,25.0,Histidine,6.0,25.0,none,0.0,Sucrose,0.4,none,0.0,none,0.0,0.9,0.9,4.29,3.99,3.7,3.04,2.64,
357,poly-hIgG,Polyclonal,3.0,150.0,7.6,1.0,125.0,25.0,Histidine,6.0,25.0,none,0.0,Sucrose,0.6,none,0.0,none,0.0,0.9,0.9,3.45,3.45,3.45,3.17,2.05,
358,poly-hIgG,Polyclonal,3.0,150.0,7.6,1.0,125.0,25.0,Histidine,6.0,25.0,none,0.0,Sucrose,0.2,tween-80,0.05,none,0.0,0.9,0.9,3.0,2.0,1.91,1.91,1.8,
359,poly-hIgG,Polyclonal,3.0,150.0,7.6,1.0,125.0,25.0,Histidine,6.0,25.0,none,0.0,Sucrose,0.2,tween-80,0.1,none,0.0,0.9,0.9,4.79,3.75,3.7,3.13,2.17,
360,poly-hIgG,Polyclonal,3.0,150.0,7.6,1.0,125.0,25.0,Histidine,6.0,25.0,none,0.0,Sucrose,0.5,none,0.0,none,0.0,0.9,0.9,5.49,3.6,3.1,2.76,2.35,
361,poly-hIgG,Polyclonal,3.0,150.0,7.6,1.0,125.0,25.0,Histidine,6.0,25.0,none,0.0,Sucrose,0.2,none,0.0,Arginine,25.0,0.9,0.9,4.99,3.5,3.3,2.85,2.07,
362,poly-hIgG,Polyclonal,3.0,150.0,7.6,1.0,125.0,25.0,Histidine,6.0,25.0,none,0.0,Sucrose,0.2,none,0.0,Arginine,50.0,0.9,0.9,2.76,2.76,2.76,2.54,1.0,
363,poly-hIgG,Polyclonal,3.0,150.0,7.6,1.0,125.0,25.0,Histidine,6.0,25.0,none,0.0,Sucrose,0.2,none,0.0,Arginine,75.0,0.9,0.9,3.8,3.5,3.1,2.76,1.7,
364,poly-hIgG,Polyclonal,3.0,150.0,7.6,1.0,75.0,25.0,Acetate,5.0,20.0,none,0.0,none,0.0,none,0.0,Arginine,20.0,0.9,0.9,1.74,1.74,1.74,1.74,1.7,
365,poly-hIgG,Polyclonal,3.0,150.0,7.6,1.0,75.0,25.0,Acetate,5.0,20.0,none,0.0,Sucrose,0.2,none,0.0,Arginine,60.0,0.9,0.9,2.4,2.4,2.4,2.4,2.4,
366,poly-hIgG,Polyclonal,3.0,150.0,7.6,1.0,75.0,25.0,Acetate,5.0,20.0,none,0.0,none,0.0,none,0.0,Arginine,60.0,0.9,0.9,1.5,1.5,1.5,1.5,1.5,
367,poly-hIgG,Polyclonal,3.0,150.0,7.6,1.0,75.0,25.0,Acetate,5.0,20.0,none,0.0,none,0.0,none,0.0,Proline,25.0,0.9,0.9,1.56,1.56,1.56,1.56,1.56,
368,poly-hIgG,Polyclonal,3.0,150.0,7.6,1.0,75.0,25.0,Acetate,5.0,20.0,none,0.0,none,0.0,none,0.0,Proline,75.0,0.9,0.9,1.8,1.8,1.8,1.8,1.8,
369,poly-hIgG,Polyclonal,3.0,150.0,7.6,1.0,75.0,25.0,Acetate,5.0,20.0,none,0.0,none,0.0,none,0.0,Proline,150.0,0.9,0.9,2.5,2.0,1.6,1.47,1.28,
370,poly-hIgG,Polyclonal,3.0,150.0,7.6,1.0,175.0,25.0,Acetate,5.0,20.0,none,0.0,none,0.0,none,0.0,Arginine,20.0,0.9,0.9,8.8,8.8,8.8,8.1,4.0,
371,poly-hIgG,Polyclonal,3.0,150.0,7.6,1.0,175.0,25.0,Acetate,5.0,20.0,none,0.0,none,0.0,none,0.0,Arginine,60.0,0.9,0.9,7.54,7.54,7.54,6.93,4.4,
372,poly-hIgG,Polyclonal,3.0,150.0,7.6,1.0,175.0,25.0,Acetate,5.0,20.0,none,0.0,none,0.0,none,0.0,Arginine,120.0,0.9,0.9,7.26,7.26,7.26,6.61,5.5,
373,poly-hIgG,Polyclonal,3.0,150.0,7.6,1.0,175.0,25.0,Acetate,5.0,20.0,none,0.0,none,0.0,none,0.0,Proline,25.0,0.9,0.9,8.75,8.75,8.75,7.9,5.11,
374,poly-hIgG,Polyclonal,3.0,150.0,7.6,1.0,175.0,25.0,Acetate,5.0,20.0,none,0.0,none,0.0,none,0.0,Proline,75.0,0.9,0.9,6.64,6.64,6.29,5.51,2.67,
375,poly-hIgG,Polyclonal,3.0,150.0,7.6,1.0,175.0,25.0,Acetate,5.0,20.0,none,0.0,none,0.0,none,0.0,Proline,150.0,0.9,0.9,10.49,10.49,10.49,9.19,6.6,
376,poly-hIgG,Polyclonal,3.0,150.0,7.6,1.0,75.0,25.0,Acetate,5.0,20.0,none,0.0,none,0.0,none,0.0,Lysine,25.0,0.9,0.9,1.78,1.78,1.78,1.78,1.78,
377,poly-hIgG,Polyclonal,3.0,150.0,7.6,1.0,75.0,25.0,Acetate,5.0,20.0,none,0.0,none,0.0,none,0.0,Lysine,75.0,0.9,0.9,1.68,1.68,1.68,1.68,1.68,
378,poly-hIgG,Polyclonal,3.0,150.0,7.6,1.0,75.0,25.0,Acetate,5.0,20.0,none,0.0,none,0.0,none,0.0,Lysine,150.0,0.9,0.9,1.56,1.56,1.56,1.56,1.56,
379,poly-hIgG,Polyclonal,3.0,150.0,7.6,1.0,175.0,25.0,Acetate,5.0,20.0,none,0.0,none,0.0,none,0.0,Lysine,25.0,0.9,0.9,4.19,4.19,4.19,3.76,2.9,
380,poly-hIgG,Polyclonal,3.0,150.0,7.6,1.0,175.0,25.0,Acetate,5.0,20.0,none,0.0,none,0.0,none,0.0,Lysine,75.0,0.9,0.9,6.01,6.01,6.01,5.32,3.64,
381,poly-hIgG,Polyclonal,3.0,150.0,7.6,1.0,175.0,25.0,Acetate,5.0,20.0,none,0.0,none,0.0,none,0.0,Lysine,150.0,0.9,0.9,5.24,5.24,4.74,4.31,3.75,
382,poly-hIgG,Polyclonal,3.0,150.0,7.6,1.0,125.0,25.0,Acetate,5.0,50.0,none,0.0,none,0.0,none,0.0,none,0.0,0.9,0.9,5.29,4.89,4.44,4.04,3.04,
383,poly-hIgG,Polyclonal,3.0,150.0,7.6,1.0,125.0,25.0,Acetate,5.0,80.0,none,0.0,none,0.0,none,0.0,none,0.0,0.9,0.9,3.26,3.26,3.26,2.76,2.25,
384,poly-hIgG,Polyclonal,3.0,150.0,7.6,1.0,125.0,25.0,Histidine,6.0,50.0,none,0.0,none,0.0,none,0.0,none,0.0,0.9,0.9,4.49,3.5,3.5,3.22,2.8,
385,poly-hIgG,Polyclonal,3.0,150.0,7.6,1.0,125.0,25.0,Histidine,6.0,75.0,none,0.0,none,0.0,none,0.0,none,0.0,0.9,0.9,3.7,3.05,3.0,2.76,2.4,
386,poly-hIgG,Polyclonal,3.0,150.0,7.6,1.0,125.0,25.0,Histidine,6.0,97.0,none,0.0,none,0.0,none,0.0,none,0.0,0.9,0.9,2.65,2.65,2.65,2.44,1.8,
387,Belatacept,Fc-Fusion,4.5,90.0,5.6,0.5,70.0,25.0,Histidine,6.0,15.0,none,0.0,none,0.0,none,0.0,none,0.0,1.4,1.5,3.94,3.94,3.94,3.31,1.8,
388,Belatacept,Fc-Fusion,4.5,90.0,5.6,0.5,55.0,25.0,Histidine,6.0,15.0,none,0.0,none,0.0,none,0.0,none,0.0,1.4,1.5,2.3,2.3,2.3,2.12,1.84,
389,Belatacept,Fc-Fusion,4.5,90.0,5.6,0.5,55.0,25.0,Histidine,6.0,30.0,none,0.0,none,0.0,none,0.0,none,0.0,1.4,1.5,2.05,2.05,2.05,1.89,1.64,
390,Belatacept,Fc-Fusion,4.5,90.0,5.6,0.5,55.0,25.0,Histidine,6.0,15.0,none,0.0,Sucrose,0.3,none,0.0,Arginine,25.0,1.4,1.5,3.0,2.35,2.35,1.66,1.1,
391,Belatacept,Fc-Fusion,4.5,90.0,5.6,0.5,55.0,25.0,Histidine,6.0,15.0,none,0.0,Sucrose,0.3,none,0.0,none,0.0,1.4,1.5,2.19,2.19,2.19,2.19,2.19,
392,Belatacept,Fc-Fusion,4.5,90.0,5.6,0.5,20.0,25.0,Histidine,6.0,15.0,none,0.0,none,0.0,none,0.0,none,0.0,1.4,1.5,1.66,1.66,1.19,1.09,0.95,
393,Belatacept,Fc-Fusion,4.5,90.0,5.6,0.5,70.0,25.0,PBS,7.4,10.0,NaCl,140.0,none,0.0,none,0.0,none,0.0,1.4,1.5,2.9,2.55,2.55,2.55,2.5,
394,Belatacept,Fc-Fusion,4.5,90.0,5.6,0.5,70.0,25.0,PBS,7.4,10.0,NaCl,140.0,Sucrose,0.2,none,0.0,none,0.0,1.4,1.5,3.39,3.39,3.39,2.76,2.1,
395,Belatacept,Fc-Fusion,4.5,90.0,5.6,0.5,70.0,25.0,PBS,7.4,10.0,NaCl,140.0,none,0.0,none,0.0,Arginine,25.0,1.4,1.5,2.25,2.25,2.25,2.25,2.25,
396,Belatacept,Fc-Fusion,4.5,90.0,5.6,0.5,70.0,25.0,PBS,7.4,10.0,NaCl,140.0,none,0.0,none,0.0,Proline,25.0,1.4,1.5,2.89,2.89,2.89,2.66,2.31,
397,Belatacept,Fc-Fusion,4.5,90.0,5.6,0.5,35.0,25.0,PBS,7.4,10.0,NaCl,140.0,none,0.0,none,0.0,none,0.0,1.4,1.5,1.3,1.3,1.3,1.3,1.3,
398,Etanercept,Fc-Fusion,4.5,150.0,7.9,0.6,55.0,25.0,Acetate,5.0,20.0,none,0.0,none,0.0,none,0.0,none,0.0,1.4,1.5,4.59,4.59,3.3,3.04,1.75,
399,Etanercept,Fc-Fusion,4.5,150.0,7.9,0.6,55.0,25.0,Acetate,5.0,20.0,none,0.0,Sucrose,0.25,none,0.0,none,0.0,1.4,1.5,5.34,5.34,5.34,4.59,2.8,
400,Etanercept,Fc-Fusion,4.5,150.0,7.9,0.6,55.0,25.0,Acetate,5.0,20.0,NaCl,140.0,none,0.0,none,0.0,none,0.0,1.4,1.5,4.28,4.28,4.04,3.71,2.42,
401,Etanercept,Fc-Fusion,4.5,150.0,7.9,0.6,20.0,25.0,Acetate,5.0,20.0,none,0.0,none,0.0,none,0.0,Arginine,25.0,1.4,1.5,1.55,1.55,1.55,1.55,1.55,
402,Etanercept,Fc-Fusion,4.5,150.0,7.9,0.6,20.0,25.0,Acetate,5.0,20.0,none,0.0,Sucrose,0.25,none,0.0,Arginine,25.0,1.4,1.5,1.98,1.98,1.98,1.98,1.98,
403,Etanercept,Fc-Fusion,4.5,150.0,7.9,0.6,20.0,25.0,Acetate,5.0,20.0,none,0.0,none,0.0,none,0.0,none,0.0,1.4,1.5,1.65,1.65,1.65,1.65,1.6,
404,Etanercept,Fc-Fusion,4.5,150.0,7.9,0.6,20.0,25.0,Acetate,5.0,20.0,none,0.0,Sucrose,0.25,tween-80,0.05,Arginine,25.0,1.4,1.5,2.11,2.11,2.11,2.11,2.1,
405,Etanercept,Fc-Fusion,4.5,150.0,7.9,0.6,55.0,25.0,PBS,7.4,10.0,NaCl,140.0,Sucrose,0.2,none,0.0,none,0.0,1.4,1.5,5.69,5.69,5.69,5.23,2.4,
406,Etanercept,Fc-Fusion,4.5,150.0,7.9,0.6,55.0,25.0,PBS,7.4,10.0,NaCl,140.0,none,0.0,none,0.0,Arginine,25.0,1.4,1.5,6.79,6.79,5.99,5.51,3.0,
407,Etanercept,Fc-Fusion,4.5,150.0,7.9,0.6,55.0,25.0,PBS,7.4,10.0,NaCl,140.0,Sucrose,0.2,none,0.0,Arginine,25.0,1.4,1.5,7.66,7.66,7.66,6.43,2.2,
408,Etanercept,Fc-Fusion,4.5,150.0,7.9,0.6,20.0,25.0,PBS,7.4,10.0,NaCl,140.0,none,0.0,none,0.0,none,0.0,1.4,1.5,1.51,1.51,1.51,1.51,1.5,
409,Etanercept,Fc-Fusion,4.5,150.0,7.9,0.6,20.0,25.0,PBS,7.4,10.0,NaCl,140.0,none,0.0,tween-80,0.05,none,0.0,1.4,1.5,1.66,1.66,1.66,1.66,1.0,
410,Etanercept,Fc-Fusion,4.5,150.0,7.9,0.6,134.0,25.0,Histidine,6.0,15.0,none,0.0,none,0.0,none,0.0,none,0.0,1.4,1.5,68.89,66.89,56.91,34.9,8.1,
411,Etanercept,Fc-Fusion,4.5,150.0,7.9,0.6,55.0,25.0,Histidine,6.0,15.0,none,0.0,none,0.0,none,0.0,none,0.0,1.4,1.5,4.09,4.09,4.09,3.76,2.15,
412,Etanercept,Fc-Fusion,4.5,150.0,7.9,0.6,55.0,25.0,Histidine,6.0,30.0,none,0.0,none,0.0,none,0.0,none,0.0,1.4,1.5,6.99,4.99,4.39,3.5,2.1,
413,Etanercept,Fc-Fusion,4.5,150.0,7.9,0.6,55.0,25.0,Histidine,6.0,15.0,NaCl,140.0,none,0.0,none,0.0,none,0.0,1.4,1.5,5.83,5.83,5.19,4.5,1.35,
414,Etanercept,Fc-Fusion,4.5,150.0,7.9,0.6,55.0,25.0,Histidine,6.0,30.0,none,0.0,none,0.0,none,0.0,Lysine,25.0,1.4,1.5,6.56,6.56,4.99,4.59,1.0,
415,Etanercept,Fc-Fusion,4.5,150.0,7.9,0.6,20.0,25.0,Histidine,6.0,30.0,none,0.0,none,0.0,none,0.0,none,0.0,1.4,1.5,1.1,1.1,1.1,0.9,0.9,
416,Etanercept,Fc-Fusion,4.5,150.0,7.9,0.6,20.0,25.0,Histidine,6.0,30.0,none,0.0,none,0.0,none,0.0,Arginine,25.0,1.4,1.5,1.21,1.21,1.21,1.1,1.0,
417,Etanercept,Fc-Fusion,4.5,150.0,7.9,0.6,20.0,25.0,Histidine,6.0,30.0,none,0.0,none,0.0,tween-80,0.05,Arginine,25.0,1.4,1.5,1.84,1.84,1.84,1.38,1.12,
418,Etanercept,Fc-Fusion,4.5,150.0,7.9,0.6,100.0,25.0,Histidine,6.0,15.0,none,0.0,none,0.0,none,0.0,none,0.0,1.4,1.5,24.96,19.96,18.98,11.94,4.3,
419,Etanercept,Fc-Fusion,4.5,150.0,7.9,0.6,120.0,25.0,Histidine,6.0,15.0,none,0.0,none,0.0,none,0.0,none,0.0,1.4,1.5,47.93,39.94,32.95,22.97,6.0,
420,Etanercept,Fc-Fusion,4.5,150.0,7.9,0.6,150.0,25.0,Histidine,6.0,15.0,none,0.0,none,0.0,none,0.0,none,0.0,1.4,1.5,99.84,99.84,89.85,55.11,10.5,
421,Belatacept,Fc-Fusion,4.5,90.0,5.6,0.5,110.0,25.0,Histidine,6.0,15.0,none,0.0,none,0.0,none,0.0,none,0.0,1.4,1.5,7.29,7.29,7.29,6.43,3.2,
422,Pembrolizumab,mAb_IgG4,3.5,149.0,7.57,0.3,74.0,25.0,Histidine,6.0,15.0,none,0.0,none,0.0,none,0.0,none,0.0,1.3,1.1,5.63,5.0,4.75,4.14,2.0,
423,Pembrolizumab,mAb_IgG4,3.5,149.0,7.57,0.3,150.0,25.0,Histidine,6.0,15.0,none,0.0,none,0.0,none,0.0,none,0.0,1.3,1.1,25.63,21.0,18.38,14.61,8.3,
424,Pembrolizumab,mAb_IgG4,3.5,149.0,7.57,0.3,135.0,25.0,Histidine,6.0,15.0,none,0.0,none,0.0,none,0.0,none,0.0,1.3,1.1,27.0,20.13,15.88,10.81,2.2,
425,Pembrolizumab,mAb_IgG4,3.5,149.0,7.57,0.3,214.0,25.0,Histidine,6.0,15.0,none,0.0,none,0.0,none,0.0,none,0.0,1.3,1.1,43.75,43.75,43.75,40.25,14.0,
426,Pembrolizumab,mAb_IgG4,3.5,149.0,7.57,0.3,49.0,25.0,Histidine,6.0,15.0,none,0.0,none,0.0,none,0.0,none,0.0,1.3,1.1,1.63,1.63,1.5,1.5,1.5,
427,Pembrolizumab,mAb_IgG4,3.5,149.0,7.57,0.3,80.0,25.0,Histidine,6.0,15.0,none,0.0,none,0.0,none,0.0,none,0.0,1.3,1.1,5.75,5.63,5.13,4.14,2.5,
428,Pembrolizumab,mAb_IgG4,3.5,149.0,7.57,0.3,80.0,25.0,Histidine,6.0,15.0,NaCl,140.0,none,0.0,none,0.0,none,0.0,1.3,1.1,4.25,3.38,2.88,2.19,1.1,
429,Pembrolizumab,mAb_IgG4,3.5,149.0,7.57,0.3,80.0,25.0,Histidine,6.0,15.0,none,0.0,Sucrose,0.4,none,0.0,none,0.0,1.3,1.1,6.75,5.0,4.38,3.45,1.9,
430,Pembrolizumab,mAb_IgG4,3.5,149.0,7.57,0.3,80.0,25.0,Histidine,6.0,15.0,none,0.0,none,0.0,tween-80,0.05,none,0.0,1.3,1.1,5.0,4.0,3.5,2.76,1.6,
431,Pembrolizumab,mAb_IgG4,3.5,149.0,7.57,0.3,80.0,25.0,Histidine,6.0,15.0,NaCl,140.0,Sucrose,0.4,none,0.0,none,0.0,1.3,1.1,3.75,3.25,3.0,2.65,2.3,
432,Pembrolizumab,mAb_IgG4,3.5,149.0,7.57,0.3,99.0,25.0,Histidine,6.0,15.0,none,0.0,none,0.0,none,0.0,Arginine,250.0,1.3,1.1,6.63,6.25,6.25,5.75,5.2,
433,Pembrolizumab,mAb_IgG4,3.5,149.0,7.57,0.3,80.0,25.0,Histidine,6.0,15.0,NaCl,140.0,Sucrose,0.4,none,0.0,Arginine,250.0,1.3,1.1,7.25,6.25,5.63,4.72,3.2,
434,Pembrolizumab,mAb_IgG4,3.5,149.0,7.57,0.3,80.0,25.0,Histidine,6.0,15.0,none,0.0,Sucrose,0.4,none,0.0,Proline,75.0,1.3,1.1,6.38,5.13,4.5,3.68,2.2,
435,Pembrolizumab,mAb_IgG4,3.5,149.0,7.57,0.3,80.0,25.0,Histidine,6.0,15.0,none,0.0,Sucrose,0.4,none,0.0,Proline,250.0,1.3,1.1,4.63,3.5,3.0,2.3,1.9,
436,Pembrolizumab,mAb_IgG4,3.5,149.0,7.57,0.3,80.0,25.0,Histidine,6.0,15.0,NaCl,140.0,Sucrose,0.4,none,0.0,Proline,250.0,1.3,1.1,7.0,5.5,4.63,3.57,2.0,
437,Pembrolizumab,mAb_IgG4,3.5,149.0,7.57,0.3,99.0,25.0,Histidine,6.0,15.0,NaCl,140.0,Sucrose,0.4,none,0.0,Proline,250.0,1.3,1.1,5.13,4.0,3.5,2.88,2.0,
438,Pembrolizumab,mAb_IgG4,3.5,149.0,7.57,0.3,135.0,25.0,Histidine,6.0,15.0,none,0.0,Sucrose,0.4,tween-80,0.05,none,0.0,1.3,1.1,7.25,6.5,6.13,5.18,3.8,
439,Pembrolizumab,mAb_IgG4,3.5,149.0,7.57,0.3,135.0,25.0,Histidine,6.0,15.0,NaCl,140.0,none,0.0,none,0.0,none,0.0,1.3,1.1,7.75,6.88,6.0,4.83,2.8,
440,Pembrolizumab,mAb_IgG4,3.5,149.0,7.57,0.3,135.0,25.0,Histidine,6.0,15.0,none,0.0,none,0.0,none,0.0,Arginine,25.0,1.3,1.1,9.5,7.5,6.25,4.83,2.4,
441,Pembrolizumab,mAb_IgG4,3.5,149.0,7.57,0.3,135.0,25.0,Histidine,6.0,15.0,none,0.0,none,0.0,none,0.0,Arginine,100.0,1.3,1.1,6.0,5.63,5.25,4.6,3.6,
442,Pembrolizumab,mAb_IgG4,3.5,149.0,7.57,0.3,135.0,25.0,Histidine,6.0,15.0,NaCl,140.0,none,0.0,none,0.0,Arginine,100.0,1.3,1.1,6.88,6.0,5.63,4.83,3.7,
443,none,,0.0,0.0,0.0,0.0,0.0,25.0,Histidine,6.0,15.0,none,0.0,none,0.0,none,0.0,none,0.0,0.0,0.0,1.0,1.0,1.0,1.0,1.0,
444,Adalimumab,mAb_IgG1,3.0,148.0,8.7,0.3,135.0,25.0,Histidine,6.0,15.0,none,0.0,none,0.0,none,0.0,none,0.0,1.0,1.0,10.31,8.75,7.88,7.25,1.35,
445,Adalimumab,mAb_IgG1,3.0,148.0,8.7,0.3,135.0,25.0,Histidine,6.0,15.0,NaCl,140.0,none,0.0,none,0.0,none,0.0,1.0,1.0,7.5,6.38,5.75,4.83,3.0,
446,Adalimumab,mAb_IgG1,3.0,148.0,8.7,0.3,135.0,25.0,Histidine,6.0,15.0,none,0.0,Sucrose,0.4,none,0.0,none,0.0,1.0,1.0,8.38,8.38,8.38,7.71,1.4,
447,Adalimumab,mAb_IgG1,3.0,148.0,8.7,0.3,135.0,25.0,Histidine,6.0,15.0,none,0.0,none,0.0,tween-80,0.05,none,0.0,1.0,1.0,8.13,7.38,7.38,6.79,2.7,
448,Adalimumab,mAb_IgG1,3.0,148.0,8.7,0.3,135.0,25.0,Histidine,6.0,15.0,none,0.0,none,0.0,none,0.0,Arginine,25.0,1.0,1.0,11.38,8.75,7.63,6.1,3.6,
449,Adalimumab,mAb_IgG1,3.0,148.0,8.7,0.3,135.0,25.0,Histidine,6.0,15.0,none,0.0,none,0.0,none,0.0,Arginine,100.0,1.0,1.0,5.13,4.25,4.0,3.45,2.6,
450,Adalimumab,mAb_IgG1,3.0,148.0,8.7,0.3,135.0,25.0,Histidine,6.0,15.0,NaCl,140.0,none,0.0,none,0.0,Arginine,100.0,1.0,1.0,9.25,6.5,5.63,4.49,2.6,
451,Adalimumab,mAb_IgG1,3.0,148.0,8.7,0.3,135.0,25.0,Histidine,6.0,15.0,none,0.0,Sucrose,0.4,none,0.0,Arginine,100.0,1.0,1.0,4.0,3.88,3.88,3.57,2.2,
452,Adalimumab,mAb_IgG1,3.0,148.0,8.7,0.3,135.0,25.0,Histidine,6.0,15.0,none,0.0,none,0.0,none,0.0,Arginine,250.0,1.0,1.0,3.75,3.75,3.75,3.45,3.45,
453,Adalimumab,mAb_IgG1,3.0,148.0,8.7,0.3,135.0,25.0,Histidine,6.0,15.0,none,0.0,none,0.0,tween-80,0.05,Arginine,100.0,1.0,1.0,3.88,3.5,3.38,2.99,2.6,
454,Adalimumab,mAb_IgG1,3.0,148.0,8.7,0.3,135.0,25.0,Histidine,6.0,15.0,none,0.0,none,0.0,none,0.0,Lysine,25.0,1.0,1.0,3.63,3.63,3.63,3.34,2.3,
455,Adalimumab,mAb_IgG1,3.0,148.0,8.7,0.3,135.0,25.0,Histidine,6.0,15.0,none,0.0,none,0.0,none,0.0,Lysine,100.0,1.0,1.0,5.75,5.75,5.75,5.29,2.6,
456,Adalimumab,mAb_IgG1,3.0,148.0,8.7,0.3,135.0,25.0,Histidine,6.0,15.0,NaCl,140.0,none,0.0,none,0.0,Lysine,100.0,1.0,1.0,6.63,5.25,4.5,3.68,2.2,
457,Adalimumab,mAb_IgG1,3.0,148.0,8.7,0.3,135.0,25.0,Histidine,6.0,15.0,none,0.0,Sucrose,0.4,none,0.0,Lysine,100.0,1.0,1.0,6.38,5.38,4.75,3.91,2.6,
458,Adalimumab,mAb_IgG1,3.0,148.0,8.7,0.3,135.0,25.0,Histidine,6.0,15.0,none,0.0,none,0.0,tween-80,0.05,Lysine,100.0,1.0,1.0,5.25,5.0,5.0,5.0,5.0,
459,Adalimumab,mAb_IgG1,3.0,148.0,8.7,0.3,135.0,25.0,Histidine,6.0,15.0,none,0.0,none,0.0,none,0.0,Lysine,250.0,1.0,1.0,2.5,2.13,2.0,1.73,1.5,
460,Adalimumab,mAb_IgG1,3.0,148.0,8.7,0.3,135.0,25.0,Histidine,6.0,15.0,none,0.0,none,0.0,none,0.0,Proline,25.0,1.0,1.0,4.88,4.88,4.75,4.37,3.8,
461,Adalimumab,mAb_IgG1,3.0,148.0,8.7,0.3,135.0,25.0,Histidine,6.0,15.0,none,0.0,none,0.0,none,0.0,Proline,100.0,1.0,1.0,5.63,4.25,3.88,3.34,2.4,
462,Adalimumab,mAb_IgG1,3.0,148.0,8.7,0.3,135.0,25.0,Histidine,6.0,15.0,none,0.0,none,0.0,none,0.0,Proline,250.0,1.0,1.0,3.5,2.63,2.13,1.73,1.5,
463,Vudalimab,Bispecific,5.0,152.0,8.1,0.3,240.0,25.0,Histidine,6.0,15.0,none,0.0,none,0.0,none,0.0,none,0.0,1.5,1.3,16.25,11.0,9.63,7.71,4.6,
464,Vudalimab,Bispecific,5.0,152.0,8.1,0.3,145.0,25.0,Histidine,6.0,15.0,none,0.0,none,0.0,none,0.0,none,0.0,1.5,1.3,4.5,4.25,4.25,4.25,4.25,
465,Vudalimab,Bispecific,5.0,152.0,8.1,0.3,80.0,25.0,Histidine,6.0,15.0,none,0.0,none,0.0,none,0.0,none,0.0,1.5,1.3,4.13,2.88,2.5,2.07,1.3,
466,Vudalimab,Bispecific,5.0,152.0,8.1,0.3,100.0,25.0,Histidine,6.0,15.0,none,0.0,none,0.0,none,0.0,none,0.0,1.5,1.3,3.38,3.25,3.13,2.76,2.3,
467,Vudalimab,Bispecific,5.0,152.0,8.1,0.3,100.0,25.0,Histidine,6.0,15.0,NaCl,140.0,none,0.0,none,0.0,none,0.0,1.5,1.3,1.5,1.5,1.5,1.5,1.5,
468,Vudalimab,Bispecific,5.0,152.0,8.1,0.3,100.0,25.0,Histidine,6.0,15.0,none,0.0,Sucrose,0.4,none,0.0,none,0.0,1.5,1.3,2.88,2.38,1.88,1.38,1.0,
469,Vudalimab,Bispecific,5.0,152.0,8.1,0.3,100.0,25.0,Histidine,6.0,15.0,none,0.0,none,0.0,tween-80,0.05,none,0.0,1.5,1.3,2.63,2.63,2.5,2.19,1.9,
470,Vudalimab,Bispecific,5.0,152.0,8.1,0.3,100.0,25.0,Histidine,6.0,15.0,NaCl,140.0,Sucrose,0.4,none,0.0,none,0.0,1.5,1.3,3.13,2.38,2.13,1.84,1.3,
471,Vudalimab,Bispecific,5.0,152.0,8.1,0.3,145.0,25.0,Histidine,6.0,15.0,none,0.0,none,0.0,none,0.0,Arginine,100.0,1.5,1.3,8.0,5.38,4.88,4.03,2.7,
472,Vudalimab,Bispecific,5.0,152.0,8.1,0.3,145.0,25.0,Histidine,6.0,15.0,none,0.0,none,0.0,none,0.0,Arginine,200.0,1.5,1.3,6.25,5.25,5.0,4.49,3.7,
473,Vudalimab,Bispecific,5.0,152.0,8.1,0.3,276.0,25.0,Acetate,5.0,20.0,none,0.0,none,0.0,none,0.0,none,0.0,1.5,1.3,12.88,10.63,9.88,8.4,6.1,
474,Vudalimab,Bispecific,5.0,152.0,8.1,0.3,138.0,25.0,Acetate,5.0,20.0,none,0.0,none,0.0,none,0.0,none,0.0,1.5,1.3,3.13,2.5,2.5,2.5,2.5,
475,Vudalimab,Bispecific,5.0,152.0,8.1,0.3,69.0,25.0,Acetate,5.0,20.0,none,0.0,none,0.0,none,0.0,none,0.0,1.5,1.3,1.38,1.25,1.25,1.13,1.0,
476,Vudalimab,Bispecific,5.0,152.0,8.1,0.3,150.0,25.0,Acetate,5.0,20.0,NaCl,175.0,none,0.0,none,0.0,none,0.0,1.5,1.3,3.38,3.13,3.13,2.88,2.5,
477,Vudalimab,Bispecific,5.0,152.0,8.1,0.3,150.0,25.0,Acetate,5.0,20.0,none,0.0,Sucrose,0.5,none,0.0,none,0.0,1.5,1.3,9.5,7.63,7.0,5.98,4.3,
478,Vudalimab,Bispecific,5.0,152.0,8.1,0.3,150.0,25.0,Acetate,5.0,20.0,none,0.0,none,0.0,tween-80,0.0625,none,0.0,1.5,1.3,4.25,3.88,3.75,3.34,2.8,
479,Vudalimab,Bispecific,5.0,152.0,8.1,0.3,150.0,25.0,Acetate,5.0,20.0,NaCl,175.0,Sucrose,0.5,none,0.0,none,0.0,1.5,1.3,13.13,9.25,8.25,6.67,4.0,
480,Vudalimab,Bispecific,5.0,152.0,8.1,0.3,150.0,25.0,Histidine,6.0,15.0,none,0.0,none,0.0,none,0.0,none,0.0,1.5,1.3,5.25,4.75,4.63,4.26,3.7,
481,Vudalimab,Bispecific,5.0,152.0,8.1,0.3,50.0,25.0,Histidine,6.0,15.0,none,0.0,none,0.0,none,0.0,none,0.0,1.5,1.3,2.0,2.0,1.63,1.5,1.4,
482,Vudalimab,Bispecific,5.0,152.0,8.1,0.3,50.0,25.0,Histidine,6.0,15.0,none,0.0,Sucrose,0.4,none,0.0,none,0.0,1.5,1.3,2.38,1.88,1.75,1.5,1.3,
483,Vudalimab,Bispecific,5.0,152.0,8.1,0.3,50.0,25.0,Histidine,6.0,15.0,none,0.0,Sucrose,0.8,none,0.0,none,0.0,1.5,1.3,1.5,1.5,1.38,1.27,1.2,
484,Vudalimab,Bispecific,5.0,152.0,8.1,0.3,150.0,25.0,Histidine,6.0,15.0,NaCl,140.0,Sucrose,0.8,none,0.0,none,0.0,1.5,1.3,4.25,3.75,3.63,3.22,2.7,
485,Vudalimab,Bispecific,5.0,152.0,8.1,0.3,150.0,25.0,Histidine,6.0,15.0,none,0.0,Sucrose,0.4,none,0.0,none,0.0,1.5,1.3,3.63,3.63,3.63,3.34,2.5,
486,Nivolumab,mAb_IgG4,3.5,146.0,8.8,0.3,12.0,25.75,PBS,7.4,10.0,NaCl,140.0,none,0.0,none,0.0,none,0.0,1.3,1.1,1.48,1.48,1.42992162383138,1.3209192384736852,1.05,
487,Nivolumab,mAb_IgG4,3.5,146.0,8.8,0.3,53.0,25.25,PBS,7.4,10.0,NaCl,140.0,none,0.0,none,0.0,Arginine,5.0,1.3,1.1,2.91,2.761467213372999,2.543790025335465,2.393708266764341,2.17,
488,Nivolumab,mAb_IgG4,3.5,146.0,8.8,0.3,82.0,25.68,Histidine,6.0,15.0,none,0.0,none,0.0,none,0.0,Arginine,25.0,1.3,1.1,3.04,3.0186446145934664,2.7501273993667743,2.512858220029287,2.0,
489,Nivolumab,mAb_IgG4,3.5,146.0,8.8,0.3,69.0,26.04,PBS,7.4,10.0,NaCl,140.0,none,0.0,none,0.0,Arginine,25.0,1.3,1.1,2.57,2.470900147732846,2.3779344387421952,2.3196476249520104,2.21,
490,Nivolumab,mAb_IgG4,3.5,146.0,8.8,0.3,119.0,26.14,Histidine,6.0,15.0,none,0.0,none,0.0,none,0.0,Lysine,125.0,1.3,1.1,3.27,3.213736226723729,2.953627106930759,2.5954413689699103,1.78,
491,Nivolumab,mAb_IgG4,3.5,146.0,8.8,0.3,148.0,25.69,Histidine,6.0,15.0,none,0.0,none,0.0,none,0.0,Lysine,25.0,1.3,1.1,2.96,2.737572288520089,2.27857542117122,1.9586604357601929,1.41,
492,Nivolumab,mAb_IgG4,3.5,146.0,8.8,0.3,335.0,25.21,Histidine,6.0,15.0,none,0.0,none,0.0,none,0.0,none,0.0,1.3,1.1,108.62763247668865,110.48915866313888,113.44864108990168,112.93919802120152,28.59806775862293,
493,Nivolumab,mAb_IgG4,3.5,146.0,8.8,0.3,168.0,25.25,Histidine,6.0,15.0,none,0.0,none,0.0,none,0.0,none,0.0,1.3,1.1,4.52,4.608759799705657,4.520119365178778,4.014935817598745,1.86,
494,Nivolumab,mAb_IgG4,3.5,146.0,8.8,0.3,55.0,25.64,Histidine,6.0,15.0,none,0.0,none,0.0,none,0.0,none,0.0,1.3,1.1,1.72,1.72,1.4334819052941308,1.3096125718659462,1.13,
495,Nivolumab,mAb_IgG4,3.5,146.0,8.8,0.3,122.0,24.47,Histidine,6.0,15.0,none,0.0,none,0.0,none,0.0,none,0.0,1.3,1.1,2.99,3.0040753434604546,2.799297614243684,2.856481326582219,1.8,
496,Nivolumab,mAb_IgG4,3.5,146.0,8.8,0.3,26.0,26.0,Histidine,6.0,15.0,none,0.0,none,0.0,none,0.0,none,0.0,1.3,1.1,1.04,1.04,1.0155001997063864,1.0116806923245345,1.012889038023482,
497,Nivolumab,mAb_IgG4,3.5,146.0,8.8,0.3,321.0,26.03,PBS,7.4,10.0,NaCl,140.0,none,0.0,none,0.0,none,0.0,1.3,1.1,64.4,52.090734368908855,43.026137652974505,34.23232435878468,15.155465680842164,
498,Nivolumab,mAb_IgG4,3.5,146.0,8.8,0.3,172.0,25.77,PBS,7.4,10.0,NaCl,140.0,none,0.0,none,0.0,none,0.0,1.3,1.1,4.95,4.871529928156416,4.869452318610989,4.848882223507466,3.281140481883721,
499,Nivolumab,mAb_IgG4,3.5,146.0,8.8,0.3,99.0,25.85,PBS,7.4,10.0,NaCl,140.0,none,0.0,none,0.0,none,0.0,1.3,1.1,2.37,2.3923585037181443,2.260401894,2.0098135783722286,1.45,
500,Nivolumab,mAb_IgG4,3.5,146.0,8.8,0.3,25.0,25.73,PBS,7.4,10.0,NaCl,140.0,none,0.0,none,0.0,none,0.0,1.3,1.1,1.31,1.31,1.3255091615326768,1.3410183230653536,1.25,
501,Nivolumab,mAb_IgG4,3.5,146.0,8.8,0.3,51.0,25.72,PBS,7.4,10.0,NaCl,140.0,none,0.0,none,0.0,none,0.0,1.3,1.1,1.52,1.52,1.3030148135792754,1.2424562535130548,1.251822888673494,
502,Nivolumab,mAb_IgG4,3.5,146.0,8.8,0.3,240.0,25.29,Histidine,6.0,15.0,none,0.0,none,0.0,none,0.0,none,0.0,1.3,1.1,26.91,23.17895406,21.294294701937304,17.06656418528116,6.072965624060352,
503,Nivolumab,mAb_IgG4,3.5,146.0,8.8,0.3,215.0,25.29,Histidine,6.0,15.0,NaCl,70.0,Sucrose,0.2,tween-80,0.05,Lysine,25.0,1.3,1.1,23.2,19.6,16.4,13.4,6.7,
504,Nivolumab,mAb_IgG4,3.5,146.0,8.8,0.3,189.0,25.0,Histidine,6.0,15.0,none,0.0,none,0.0,none,0.0,Arginine,21.0,1.3,1.1,12.4,12.1,12.433204141630922,12.6,5.0,
511,poly-hIgG,Polyclonal,3.0,150.0,7.6,1.0,83.0,25.001,Histidine,6.0,15.0,none,0.0,Sucrose,0.25,none,0.0,none,0.0,0.9,0.9,4.15,4.241726808503929,4.224562944902968,3.8919067922752015,1.72,
510,poly-hIgG,Polyclonal,3.0,150.0,7.6,1.0,242.0,25.655,Histidine,6.0,15.0,none,0.0,Sucrose,0.25,none,0.0,none,0.0,0.9,0.9,29.38,30.34088903295536,31.301778065910717,28.06995509686825,6.111796504318651,
506,poly-hIgG,Polyclonal,3.0,150.0,7.6,1.0,187.0,25.216363636363635,Histidine,6.0,15.0,none,0.0,none,0.0,none,0.0,none,0.0,0.9,0.9,12.52,10.321785009980417,10.723818589982448,11.125852169984476,2.7313683010081693,
508,poly-hIgG,Polyclonal,3.0,150.0,7.6,1.0,51.0,25.475,Histidine,6.0,15.0,none,0.0,none,0.0,none,0.0,none,0.0,0.9,0.9,1.72,1.72,1.4183669622711517,1.4410542584139543,1.14,
515,poly-hIgG,Polyclonal,3.0,150.0,7.6,1.0,159.0,25.251,Histidine,6.0,15.0,none,0.0,none,0.0,tween-80,0.05,none,0.0,0.9,0.9,6.71,5.691395576632083,5.425949696535762,5.426417598201115,3.00470612918506,
517,poly-hIgG,Polyclonal,3.0,150.0,7.6,1.0,296.0,25.568571428571428,Histidine,6.0,15.0,none,0.0,none,0.0,tween-80,0.05,none,0.0,0.9,0.9,88.57646767469906,78.772050896506,72.44930075569195,65.02211788951377,18.94786898775565,
514,poly-hIgG,Polyclonal,3.0,150.0,7.6,1.0,55.0,25.722727272727276,Histidine,6.0,15.0,none,0.0,Sucrose,0.5,none,0.0,none,0.0,0.9,0.9,5.25,5.132474531519482,5.29679914324673,5.461123754973978,2.16,
518,poly-hIgG,Polyclonal,3.0,150.0,7.6,1.0,63.0,25.244,Histidine,6.0,15.0,none,0.0,none,0.0,tween-80,0.05,none,0.0,0.9,0.9,1.82,1.82,1.5960672785417862,1.604774931875364,1.6105121914967662,
509,poly-hIgG,Polyclonal,3.0,150.0,7.6,1.0,172.0,24.80181818181818,Histidine,6.0,15.0,none,0.0,Sucrose,0.25,none,0.0,none,0.0,0.9,0.9,14.6,11.911294294387185,12.311684208098823,12.666615154277906,3.2894519705939445,
512,poly-hIgG,Polyclonal,3.0,150.0,7.6,1.0,169.0,25.24636363636364,Histidine,6.0,15.0,none,0.0,Sucrose,0.5,none,0.0,none,0.0,0.9,0.9,14.13,14.773708753852125,15.417417507704249,16.061126261556375,4.075273287044114,
505,poly-hIgG,Polyclonal,3.0,150.0,7.6,1.0,122.0,25.380000000000003,Histidine,6.0,15.0,none,0.0,none,0.0,none,0.0,none,0.0,0.9,0.9,3.1,3.090004176425829,3.1703124375952543,3.250620698764679,1.79,
516,poly-hIgG,Polyclonal,3.0,150.0,7.6,1.0,213.0,25.50111111111111,Histidine,6.0,15.0,none,0.0,none,0.0,tween-80,0.05,none,0.0,0.9,0.9,20.23,20.728437778133426,16.56236264609049,16.339430136328815,4.712363191521079,
507,poly-hIgG,Polyclonal,3.0,150.0,7.6,1.0,246.0,25.0775,Histidine,6.0,15.0,none,0.0,none,0.0,none,0.0,none,0.0,0.9,0.9,61.0,63.08708953794008,65.17417907588015,58.68797105586572,10.463958633272128,
513,poly-hIgG,Polyclonal,3.0,150.0,7.6,1.0,207.0,24.963,Histidine,6.0,15.0,none,0.0,Sucrose,0.5,none,0.0,none,0.0,0.9,0.9,32.91703110346997,33.17984165373529,31.087439816165663,29.22844459852041,6.9844521999087785,
630,Adalimumab,mAb_IgG1,3.0,148.0,8.7,0.3,206.0,25.352,Histidine,6.0,15.0,NaCl,70.0,Sucrose,0.2,tween-80,0.05,none,0.0,1.0,1.0,36.409639311346425,38.00580243930652,39.60196556726662,40.86606349338408,6.360255266991149,
631,Adalimumab,mAb_IgG1,3.0,148.0,8.7,0.3,206.0,25.32333333333333,Histidine,6.0,15.0,NaCl,70.0,Sucrose,0.2,tween-80,0.05,none,0.0,1.0,1.0,52.19857144459378,52.12424942979692,53.14314424266189,47.45329065859241,8.137937880920497,
7_cb1_s1,poly-hIgG,Polyclonal,3.0,150.0,7.6,1.0,92.56450526007453,28.368567048529066,PBS,7.4,10.153486945830581,NaCl,138.68547171938212,none,0.0,none,0.0,none,0.0,0.9,0.9,2.4763595167131207,2.4763595167131207,2.476359427133063,2.241780562653856,1.992544525250713,1.0
24_cb1_s2,poly-hIgG,Polyclonal,3.0,150.0,7.6,1.0,119.72220377536767,27.190741858917466,PBS,7.4,9.797433775933115,NaCl,140.87989253126676,none,0.0,tween-20,0.08836555666406182,none,0.0,0.9,0.9,3.0386677107496802,3.0386677107496802,3.038667498553502,2.7245149068198775,2.5640699434968557,1.0
26_cb1_s3,poly-hIgG,Polyclonal,3.0,150.0,7.6,1.0,93.96567282340216,27.561007424340424,PBS,7.4,9.76980128451554,NaCl,141.0519544513679,Sucrose,0.454474124052747,none,0.0,none,0.0,0.9,0.9,3.630327028638833,3.233833957359553,2.7946480971517085,2.3744808362265006,1.7876726784111014,1.0
49_cb1_s4,BGG,Polyclonal,3.0,150.0,6.6,1.0,86.39832635057542,26.82853599251594,PBS,7.4,10.041772719000953,NaCl,134.51292365313662,Sucrose,0.2141559813848469,none,0.0,none,0.0,0.9,0.9,3.4039660511659386,3.355714178043689,3.355714178043689,3.148042662340232,2.809750760265839,1.0
52_cb1_s5,BGG,Polyclonal,3.0,150.0,6.6,1.0,83.16581330851024,27.10408568538291,PBS,7.4,9.907872245808043,NaCl,142.959942233413,none,0.0,tween-20,0.06282883562538144,none,0.0,0.9,0.9,2.756182108333238,2.756182108333237,2.7561817442653,2.4449828037702854,2.0423663684652262,1.0
53_cb1_s6,poly-hIgG,Polyclonal,3.0,150.0,7.6,1.0,88.181567174873,28.012204065513906,PBS,7.4,9.832156495355472,NaCl,139.1342053476166,none,0.0,tween-80,0.0030198758058842135,none,0.0,0.9,0.9,2.332704451181425,2.332704451181425,2.332704451181425,2.03554568858854,1.799996142823304,1.0
86_cb1_s7,BGG,Polyclonal,3.0,150.0,6.6,1.0,78.25128976648706,28.24593201571395,PBS,7.4,9.985597975683934,NaCl,142.80989211409766,Trehalose,1.0072327205009526,none,0.0,none,0.0,0.9,0.9,6.014212199241906,5.624505683100759,5.624505683100759,5.464383171848629,5.39449410929698,1.0
92_cb1_s8,BGG,Polyclonal,3.0,150.0,6.6,1.0,82.44164351888385,27.952046377406376,Histidine,6.0,100.17409413647633,NaCl,139.16277941869558,none,0.0,none,0.0,none,0.0,0.9,0.9,2.8242617204022697,2.8242617204022697,2.8242614435379187,2.5164278012620636,1.8497576159941858,1.0
97_cb1_s9,poly-hIgG,Polyclonal,3.0,150.0,7.6,1.0,93.02565198964554,27.055328518408746,Histidine,6.0,98.99648591283092,NaCl,142.56312592956579,none,0.0,none,0.0,none,0.0,0.9,0.9,2.867873269315442,2.867873269315371,2.867872785170597,2.609475764255932,1.6293459837742805,1.0
3_cb2_s1,poly-hIgG,Polyclonal,3.0,150.0,7.6,1.0,138.03425133714342,27.319785819371226,PBS,7.4,9.921578369373568,NaCl,135.90215814523006,none,0.0,none,0.0,none,0.0,0.9,0.9,4.670171765302927,4.489134603489592,4.489134603489592,3.6964885871688153,2.5199385034045005,2.0
5_cb2_s2,poly-hIgG,Polyclonal,3.0,150.0,7.6,1.0,140.80536728334638,27.311507015910276,PBS,7.4,9.839544546155675,NaCl,139.54840000733518,Sucrose,0.5040405085681454,none,0.0,none,0.0,0.9,0.9,8.424098365513983,8.410506082316298,8.311957097317118,6.756611701815972,4.309733512083027,2.0
25_cb4_s1,poly-hIgG,Polyclonal,3.0,150.0,7.6,1.0,188.89977755080196,27.533126615467562,PBS,7.4,10.492648422497057,NaCl,139.46138929861286,none,0.0,tween-20,0.05030154734233361,none,0.0,0.9,0.9,10.034865256760495,9.274262490128908,9.274262490128908,6.806624386485121,3.8173381328645046,4.0
109_cb4_s2,poly-hIgG,Polyclonal,3.0,150.0,7.6,1.0,198.32607468262924,28.271536871014852,Histidine,6.0,97.19629787441544,NaCl,141.64319986264076,none,0.0,tween-20,0.020876182250323994,none,0.0,0.9,0.9,12.43464576134057,12.433146819390739,12.294407506639045,8.36042940091797,4.863853362911484,4.0
110_cb4_s3,poly-hIgG,Polyclonal,3.0,150.0,7.6,1.0,202.27699441821636,26.915732957450643,Histidine,6.0,100.94718486127037,NaCl,137.42561214414536,none,0.0,tween-80,0.020619973762007016,none,0.0,0.9,0.9,10.941896661561012,10.599499320554594,9.575193105558725,7.765666193994029,6.182061919098858,4.0
112_cb4_s4,poly-hIgG,Polyclonal,3.0,150.0,7.6,1.0,216.51614242307187,26.615884220991322,PBS,7.4,10.03692677170646,NaCl,140.72767182389558,none,0.0,tween-80,0.020312729148710927,none,0.0,0.9,0.9,12.372301343729212,12.372301343729191,12.37221355788482,7.560210806420959,5.941460869474641,4.0
139_cb4_s5,BGG,Polyclonal,3.0,150.0,6.6,1.0,182.25414251837904,27.12598640313183,Acetate,5.0,20.0929014788644,NaCl,140.8206029252363,Sucrose,0.09857129716394727,none,0.0,none,0.0,0.9,0.9,15.04036507508176,15.040364728347074,13.258883738654296,8.386347729047685,4.0440059442890135,4.0
147_cb4_s6,poly-hIgG,Polyclonal,3.0,150.0,7.6,1.0,205.1798217991195,28.137227568454072,Acetate,5.0,19.671727072659316,NaCl,142.69745316188408,Sucrose,0.100825561853873,none,0.0,none,0.0,0.9,0.9,10.014539909198444,9.392737166501199,8.699402828390447,6.050192228718198,3.2507628176909886,4.0
151_cb4_s7,poly-hIgG,Polyclonal,3.0,150.0,7.6,1.0,216.41043474615205,27.45759405982224,Histidine,6.0,15.102345592444994,none,0.0,none,0.0,none,0.0,none,0.0,0.9,0.9,11.45122247808483,9.207716594371123,6.536873763442574,3.998745985586042,1.2159217867867138,4.0
152_cb4_s8,poly-hIgG,Polyclonal,3.0,150.0,7.6,1.0,204.5542563663677,27.844117041270753,Acetate,5.0,19.65713697743349,none,0.0,none,0.0,none,0.0,none,0.0,0.9,0.9,14.499364726471274,14.499364726471214,14.499364241181484,12.742361724136,3.5845611629413114,4.0
153_cb4_s9,poly-hIgG,Polyclonal,3.0,150.0,7.6,1.0,208.69557514509427,27.034263455062376,Acetate,5.0,19.394061110125655,none,0.0,none,0.0,none,0.0,none,0.0,0.9,0.9,15.137537681608833,15.137537681608794,15.13753677871874,12.293930295776587,3.8559580303336705,4.0
510_cb4_s10,poly-hIgG,Polyclonal,3.0,150.0,7.6,1.0,243.86493611788757,25.201492749485197,Histidine,6.0,15.046117531783658,none,0.0,Sucrose,0.25029104359223,none,0.0,none,0.0,0.9,0.9,29.934459221674096,29.934459221674075,29.93445894999794,27.602431918731483,6.237157688784572,4.0
243_cb0_s1,BSA,Other,2.0,66.0,4.7,0.3,4.862233063204291,26.98419622804668,PBS,7.4,10.103007053441733,NaCl,141.43860066255417,none,0.0,none,0.0,none,0.0,0.85,0.9,0.9514924896073819,0.9235355569510495,0.8755272815204762,0.8031893270434762,0.6113290367057528,0.0
244_cb0_s2,BSA,Other,2.0,66.0,4.7,0.3,10.13027825026116,27.32660191544781,PBS,7.4,10.151793844098654,NaCl,137.8360893992948,none,0.0,none,0.0,none,0.0,0.85,0.9,1.0479458982076666,1.0479458982076666,1.0479458644216322,0.9970360710584827,0.8810548186725429,0.0
245_cb0_s3,BSA,Other,2.0,66.0,4.7,0.3,20.274504076149803,26.61300627084569,PBS,7.4,9.905613626842113,NaCl,143.0490616715086,none,0.0,none,0.0,none,0.0,0.85,0.9,1.0961566697031162,1.0961566697030996,1.0961565040113685,1.040435897093794,0.8551583853639232,0.0
247_cb0_s4,BSA,Other,2.0,66.0,4.7,0.3,5.021645858958198,27.525064511947097,Acetate,5.0,19.739359860957673,none,0.0,none,0.0,none,0.0,none,0.0,0.85,0.9,0.9797859946134031,0.9449798214759599,0.8863923409804687,0.8004239368366126,0.5856134418632565,0.0
248_cb0_s5,BSA,Other,2.0,66.0,4.7,0.3,10.170486666959244,27.064113593862015,Acetate,5.0,19.95410542341324,none,0.0,none,0.0,none,0.0,none,0.0,0.85,0.9,1.0983765318961387,1.0983765318961387,1.098376488720321,1.014643106076254,0.8192674162599802,0.0
249_cb0_s6,BSA,Other,2.0,66.0,4.7,0.3,19.738668306970514,28.470999832154604,Acetate,5.0,20.161992684384384,none,0.0,none,0.0,none,0.0,none,0.0,0.85,0.9,1.2181796955259379,1.2181796955256383,1.2181792792649748,1.1715565096546643,0.9781488377392158,0.0
251_cb0_s7,BSA,Other,2.0,66.0,4.7,0.3,4.951576592713375,28.19680113205264,Histidine,6.0,14.787699160314366,none,0.0,none,0.0,none,0.0,none,0.0,0.85,0.9,0.9438607285431736,0.9125989233250323,0.8596879359303093,0.781906957354645,0.5900382733112015,0.0
252_cb0_s8,BSA,Other,2.0,66.0,4.7,0.3,9.795122471733142,27.36108751673376,Histidine,6.0,14.625665045410544,none,0.0,none,0.0,none,0.0,none,0.0,0.85,0.9,1.052074804745243,1.052074804745243,1.052074801421658,0.9870121454653973,0.8148653056063768,0.0
253_cb0_s9,BSA,Other,2.0,66.0,4.7,0.3,19.425655139528224,28.139740063685228,Histidine,6.0,15.003069918305874,none,0.0,none,0.0,none,0.0,none,0.0,0.85,0.9,1.1580655701029796,1.1580655701028957,1.158065260004729,1.1033159638082437,0.8823284662576553,0.0
254_cb0_s10,BSA,Other,2.0,66.0,4.7,0.3,19.845874561255297,27.562434539888187,Histidine,6.0,30.397278404712626,none,0.0,none,0.0,none,0.0,none,0.0,0.85,0.9,1.0947857636014593,1.0947857636014593,1.0947857032253254,1.0323834517839308,0.8801178000516261,0.0
243_cb0_s11,BSA,Other,2.0,66.0,4.7,0.3,5.058831720648458,27.65454552725427,PBS,7.4,9.87546009603588,NaCl,139.41725769899963,none,0.0,none,0.0,none,0.0,0.85,0.9,1.0109889783073334,0.9687806359984186,0.9024196586594584,0.8108394622182623,0.593028264601406,0.0
244_cb0_s12,BSA,Other,2.0,66.0,4.7,0.3,10.179919975086651,27.669014736482136,PBS,7.4,10.162572423767793,NaCl,141.7629607573861,none,0.0,none,0.0,none,0.0,0.85,0.9,1.016736712252181,1.016736712252181,1.016736638780901,0.9409672982218392,0.7829370223381484,0.0
245_cb0_s13,BSA,Other,2.0,66.0,4.7,0.3,20.046930953323514,28.202715692683633,PBS,7.4,9.881685722232834,NaCl,141.5318726672761,none,0.0,none,0.0,none,0.0,0.85,0.9,1.0765437853723256,1.0765437853722655,1.076543509330026,1.0294474398020208,0.8626889253146848,0.0
247_cb0_s14,BSA,Other,2.0,66.0,4.7,0.3,5.130547880715433,27.51155211289802,Acetate,5.0,20.272781188517985,none,0.0,none,0.0,none,0.0,none,0.0,0.85,0.9,0.9766463291799945,0.9458725754682953,0.8934518950072512,0.815145885643128,0.6101633869316208,0.0
248_cb0_s15,BSA,Other,2.0,66.0,4.7,0.3,9.836355863353305,28.650813001627004,Acetate,5.0,19.597593047400117,none,0.0,none,0.0,none,0.0,none,0.0,0.85,0.9,1.0223941625229889,1.0223941625229889,1.0223941078023528,0.9572754990466815,0.8077032514639387,0.0
249_cb0_s16,BSA,Other,2.0,66.0,4.7,0.3,19.995101290861236,27.006510095682792,Acetate,5.0,20.03032182327749,none,0.0,none,0.0,none,0.0,none,0.0,0.85,0.9,1.1562893556245066,1.1562893556243599,1.1562890479453276,1.12038165691067,0.9773495527102984,0.0
251_cb0_s17,BSA,Other,2.0,66.0,4.7,0.3,5.041293145427562,27.189951495957814,Histidine,6.0,14.753333881330072,none,0.0,none,0.0,none,0.0,none,0.0,0.85,0.9,0.9553991771530383,0.9216788233085709,0.8670654856822804,0.7896429527104474,0.6011884951217701,0.0
252_cb0_s18,BSA,Other,2.0,66.0,4.7,0.3,9.710383131700535,26.725894924092895,Histidine,6.0,14.784466733624269,none,0.0,none,0.0,none,0.0,none,0.0,0.85,0.9,1.0458411809627215,1.0458411809627215,1.0458411774049365,0.9930925427798913,0.8282965678894609,0.0
253_cb0_s19,BSA,Other,2.0,66.0,4.7,0.3,19.992393516838924,26.948608849449204,Histidine,6.0,14.994446059202284,none,0.0,none,0.0,none,0.0,none,0.0,0.85,0.9,1.0969307323656479,1.0969307323655904,1.0969304375282243,1.0482342766554011,0.8823801694651952,0.0
254_cb0_s20,BSA,Other,2.0,66.0,4.7,0.3,19.956495940617256,27.720941447154416,Histidine,6.0,30.41408639502667,none,0.0,none,0.0,none,0.0,none,0.0,0.85,0.9,1.1182318083620804,1.1182318083620804,1.1182317818782248,1.0612155173465392,0.9039289223143797,0.0
243_cb0_s21,BSA,Other,2.0,66.0,4.7,0.3,5.002451017425894,27.773899060185,PBS,7.4,10.290228721559009,NaCl,142.68595831303858,none,0.0,none,0.0,none,0.0,0.85,0.9,0.9653508892058265,0.9313623970548363,0.8750579123990139,0.79368947010155,0.5935490271247652,0.0
244_cb0_s22,BSA,Other,2.0,66.0,4.7,0.3,9.83834034292897,27.038152986800576,PBS,7.4,9.880121470911195,NaCl,134.05309197193256,none,0.0,none,0.0,none,0.0,0.85,0.9,1.0986625517811452,1.098662551781145,1.098662465248154,1.0133328401482928,0.8090569077392848,0.0
245_cb0_s23,BSA,Other,2.0,66.0,4.7,0.3,20.380169535274423,27.182702989385678,PBS,7.4,9.820317065730329,NaCl,141.37737368021823,none,0.0,none,0.0,none,0.0,0.85,0.9,1.0865870947501701,1.0865870947501115,1.0865868564567784,1.0452369693915546,0.8790572622028748,0.0
247_cb0_s24,BSA,Other,2.0,66.0,4.7,0.3,5.135387237416541,27.43700308511106,Acetate,5.0,20.495126524789384,none,0.0,none,0.0,none,0.0,none,0.0,0.85,0.9,0.9368884703261946,0.9036584390403888,0.8497317071488645,0.773602331330508,0.593723608224571,0.0
248_cb0_s25,BSA,Other,2.0,66.0,4.7,0.3,10.124569986469501,26.912808763839575,Acetate,5.0,19.94304820599148,none,0.0,none,0.0,none,0.0,none,0.0,0.85,0.9,0.9826365401622832,0.9826365401622831,0.9826364830142799,0.9186575517617339,0.7794919007236111,0.0
249_cb0_s26,BSA,Other,2.0,66.0,4.7,0.3,20.511070728759403,27.68277270658878,Acetate,5.0,19.70060538537738,none,0.0,none,0.0,none,0.0,none,0.0,0.85,0.9,1.204330794479399,1.2043307944785606,1.2043299638365894,1.1504322640682427,0.9580762016008123,0.0
251_cb0_s27,BSA,Other,2.0,66.0,4.7,0.3,5.175534084244321,27.363069718336508,Histidine,6.0,15.291471285286308,none,0.0,none,0.0,none,0.0,none,0.0,0.85,0.9,1.0269375688726097,0.9943732698253451,0.9396458995226917,0.858490000903917,0.6425630253970842,0.0
252_cb0_s28,BSA,Other,2.0,66.0,4.7,0.3,9.648252102715377,26.849207818033825,Histidine,6.0,14.38823034667197,none,0.0,none,0.0,none,0.0,none,0.0,0.85,0.9,1.058352792100643,1.058352792100643,1.058352790523613,1.0121645713254366,0.8583014568806802,0.0
253_cb0_s29,BSA,Other,2.0,66.0,4.7,0.3,19.447959416714042,26.563139658354665,Histidine,6.0,14.983335690331014,none,0.0,none,0.0,none,0.0,none,0.0,0.85,0.9,1.095077347501149,1.0950773475010618,1.0950770333458544,1.0548239385378653,0.9043564629991787,0.0
254_cb0_s30,BSA,Other,2.0,66.0,4.7,0.3,20.267869019532014,27.701629035353267,Histidine,6.0,29.436072128203584,none,0.0,none,0.0,none,0.0,none,0.0,0.85,0.9,1.1409967918352866,1.1409967918352866,1.1409967575362079,1.0612867297268391,0.8685366125840202,0.0
57_cb1_s1,BSA,Other,2.0,66.0,4.7,0.3,83.83671721575962,27.208358309895157,PBS,7.4,9.841425433547531,NaCl,139.70031499212723,none,0.0,tween-20,0.21348634347425155,none,0.0,0.85,0.9,2.205468164961838,2.1849188823158023,1.781978521999355,1.5693441229661458,1.4174734801832654,1.0
85_cb1_s2,BSA,Other,2.0,66.0,4.7,0.3,65.27817388395448,27.438219572670043,PBS,7.4,9.955806080093355,NaCl,141.7196667601216,Trehalose,1.015150154200946,none,0.0,none,0.0,0.85,0.9,4.825387699716946,4.684331710474702,4.684331710474702,4.684331710474702,4.163647413525237,1.0
89_cb1_s3,BSA,Other,2.0,66.0,4.7,0.3,68.83161151837567,28.40473224242571,PBS,7.4,9.950192792088725,NaCl,141.61435949655615,Trehalose,0.4689008514403458,none,0.0,none,0.0,0.85,0.9,2.2118064220185065,2.0578921132819668,1.9022989535635726,1.7509849508237274,1.4628826846917793,1.0
122_cb1_s4,BSA,Other,2.0,66.0,4.7,0.3,66.26857199934473,27.084007090093635,Acetate,5.0,19.43109851616093,NaCl,138.18959592412094,none,0.0,none,0.0,none,0.0,0.85,0.9,1.6052098018455823,1.583654482761501,1.541172686588624,1.5260075617594426,1.5198697541951143,1.0
146_cb1_s5,BSA,Other,2.0,66.0,4.7,0.3,63.097484067635996,27.026293689269455,Acetate,5.0,20.60924963090786,NaCl,141.50894812231704,Sucrose,0.0979255076913471,none,0.0,none,0.0,0.85,0.9,1.7802987571715003,1.7802987571704705,1.7802982041187785,1.7175020772352476,1.3546925770859992,1.0
246_cb1_s6,BSA,Other,2.0,66.0,4.7,0.3,24.30071621309043,27.809633080179815,PBS,7.4,9.869871486175635,NaCl,138.63604892545885,none,0.0,none,0.0,none,0.0,0.85,0.9,1.1931479579177968,1.193147957917704,1.193147736517477,1.1532021122058842,0.9633973281735195,1.0
250_cb1_s7,BSA,Other,2.0,66.0,4.7,0.3,24.974880945275434,27.368578574223474,Acetate,5.0,19.63697453518336,none,0.0,none,0.0,none,0.0,none,0.0,0.85,0.9,1.3201148198891626,1.3201148198883135,1.3201142421017182,1.2725791422591948,1.0567300128217152,1.0
255_cb1_s8,BSA,Other,2.0,66.0,4.7,0.3,25.375693561685896,26.581827095383247,Histidine,6.0,15.16300805771398,none,0.0,none,0.0,none,0.0,none,0.0,0.85,0.9,1.1840083544558353,1.1382692338260756,1.0591724168647856,0.9421357277627472,0.6688615019692127,1.0
256_cb1_s9,BSA,Other,2.0,66.0,4.7,0.3,25.02404247333069,27.642847375946815,Histidine,6.0,29.457410024937356,none,0.0,none,0.0,none,0.0,none,0.0,0.85,0.9,1.3172830273799798,1.3172830273799798,1.3172829382199702,1.2267448130874743,1.0408601300529698,1.0
117_cb1_s10,BSA,Other,2.0,66.0,4.7,0.3,72.06825408669563,27.026772649093825,PBS,7.4,9.923088891154034,NaCl,142.81761986580042,none,0.0,none,0.0,none,0.0,0.85,0.9,1.7032834669702943,1.6081538318613713,1.4932751629847871,1.3859120409117855,1.2808178026751855,1.0
57_cb1_s11,BSA,Other,2.0,66.0,4.7,0.3,78.8970701297887,27.06170760949124,PBS,7.4,10.115414425436109,NaCl,139.43147291907962,none,0.0,tween-20,0.2196181960078989,none,0.0,0.85,0.9,2.201232901583619,2.1875126687497453,1.8672816636157534,1.6758112423726017,1.515298341670327,1.0
85_cb1_s12,BSA,Other,2.0,66.0,4.7,0.3,65.43888346069775,27.273467668632644,PBS,7.4,9.9024787551855,NaCl,138.78883707410506,Trehalose,1.007889042847566,none,0.0,none,0.0,0.85,0.9,4.814215149560093,4.814215149560093,4.814215149560093,4.814215149560093,4.350677306057499,1.0
89_cb1_s13,BSA,Other,2.0,66.0,4.7,0.3,68.60962665569969,27.275558544838148,PBS,7.4,9.59237509296443,NaCl,137.17735832943126,Trehalose,0.44856421929603907,none,0.0,none,0.0,0.85,0.9,2.461081138240683,2.3125048493153852,2.154687618474937,1.9935118906501783,1.6630997261417213,1.0
122_cb1_s14,BSA,Other,2.0,66.0,4.7,0.3,67.0948153671622,26.283875580045663,Acetate,5.0,20.094245823243426,NaCl,142.15842254288353,none,0.0,none,0.0,none,0.0,0.85,0.9,1.4545933570733849,1.4586691490406813,1.4665693390956893,1.4694574206854032,1.470699543809696,1.0
146_cb1_s15,BSA,Other,2.0,66.0,4.7,0.3,65.86107300083353,27.60002644028217,Acetate,5.0,20.099288234520138,NaCl,138.7137894812873,Sucrose,0.09830031126107042,none,0.0,none,0.0,0.85,0.9,1.7583822436560341,1.7583822436546854,1.7583816272688755,1.694281199807698,1.3249138599250077,1.0
246_cb1_s16,BSA,Other,2.0,66.0,4.7,0.3,25.166831052643474,28.070646969341848,PBS,7.4,9.89799672022905,NaCl,139.24435018117856,none,0.0,none,0.0,none,0.0,0.85,0.9,1.2298922443539384,1.2298922443534768,1.2298916408364433,1.1759131491564223,0.9553607089704791,1.0
250_cb1_s17,BSA,Other,2.0,66.0,4.7,0.3,25.43480296005283,28.24560082234272,Acetate,5.0,20.16537396128948,none,0.0,none,0.0,none,0.0,none,0.0,0.85,0.9,1.3045363882076237,1.304536388207352,1.3045360316533143,1.2565067783217452,1.0537894501777485,1.0
255_cb1_s18,BSA,Other,2.0,66.0,4.7,0.3,25.32718282817703,27.46942843099925,Histidine,6.0,15.083990587895945,none,0.0,none,0.0,none,0.0,none,0.0,0.85,0.9,1.265953148283213,1.2125184065929933,1.1218240446282535,0.9893488301715103,0.677168844031574,1.0
256_cb1_s19,BSA,Other,2.0,66.0,4.7,0.3,25.24050461586836,27.623136213353522,Histidine,6.0,29.525715326732815,none,0.0,none,0.0,none,0.0,none,0.0,0.85,0.9,1.29862029870793,1.29862029870793,1.2986202638527167,1.236369344849014,1.0970454999046249,1.0
117_cb1_s20,BSA,Other,2.0,66.0,4.7,0.3,70.57496905882763,27.430817193945195,PBS,7.4,10.011144982457738,NaCl,143.06373625171864,none,0.0,none,0.0,none,0.0,0.85,0.9,1.7628496180638185,1.6964222755937024,1.6081033577210975,1.517749705221102,1.4223011808479669,1.0
57_cb1_s21,BSA,Other,2.0,66.0,4.7,0.3,80.25293792470282,27.952743821179055,PBS,7.4,10.01466359343768,NaCl,136.38810948072503,none,0.0,tween-20,0.2123534565538026,none,0.0,0.85,0.9,2.126266375065721,2.109654618856528,1.8003038720992688,1.6365379418405956,1.5197718780474705,1.0
85_cb1_s22,BSA,Other,2.0,66.0,4.7,0.3,64.64545935932803,26.016712346382135,PBS,7.4,9.989141026696437,NaCl,139.3533833154157,Trehalose,1.0139241272962685,none,0.0,none,0.0,0.85,0.9,4.874044668059398,4.874044668059398,4.874044668059398,4.618940202823944,4.251611707650473,1.0
89_cb1_s23,BSA,Other,2.0,66.0,4.7,0.3,67.07935270157941,27.507661110552124,PBS,7.4,9.995174982578,NaCl,140.55463733015,Trehalose,0.4646545609608689,none,0.0,none,0.0,0.85,0.9,2.872669750174003,2.756673914017316,2.6288602627843187,2.491796778687272,2.1792888183290273,1.0
122_cb1_s24,BSA,Other,2.0,66.0,4.7,0.3,66.14048790055331,27.35976253041853,Acetate,5.0,20.601597195433076,NaCl,132.57728453649958,none,0.0,none,0.0,none,0.0,0.85,0.9,1.4447086913075446,1.4449962709321444,1.4455747216586818,1.4457865682360496,1.4458757490149308,1.0
146_cb1_s25,BSA,Other,2.0,66.0,4.7,0.3,61.226535264655546,27.072200821825017,Acetate,5.0,19.55576966181367,NaCl,144.90635724158614,Sucrose,0.10187135678629494,none,0.0,none,0.0,0.85,0.9,1.9002513991423897,1.9002513991412648,1.900250870091741,1.8272565485629526,1.3444724186897299,1.0
246_cb1_s26,BSA,Other,2.0,66.0,4.7,0.3,24.38893609555403,27.89214913659481,PBS,7.4,9.951934920368373,NaCl,138.95050173886113,none,0.0,none,0.0,none,0.0,0.85,0.9,1.2457761403794017,1.2457761403790464,1.24577568510582,1.1981893925730531,0.9915050859139891,1.0
250_cb1_s27,BSA,Other,2.0,66.0,4.7,0.3,25.30796780347213,27.826205691882613,Acetate,5.0,19.876181424274403,none,0.0,none,0.0,none,0.0,none,0.0,0.85,0.9,1.3726660545215892,1.3726660545213887,1.372665743927815,1.3196014174045705,1.0877083391341267,1.0
255_cb1_s28,BSA,Other,2.0,66.0,4.7,0.3,25.52450461291845,27.112610970201484,Histidine,6.0,14.577461611090932,none,0.0,none,0.0,none,0.0,none,0.0,0.85,0.9,1.2168867141840858,1.1681802111997848,1.082099024785687,0.9523129854992753,0.6466683277500345,1.0
256_cb1_s29,BSA,Other,2.0,66.0,4.7,0.3,25.848228184145018,27.616059606961443,Histidine,6.0,29.941972132877762,none,0.0,none,0.0,none,0.0,none,0.0,0.85,0.9,1.2812367285896802,1.2812367285896802,1.2812367122509236,1.200500746953052,1.0352179102369217,1.0
117_cb1_s30,BSA,Other,2.0,66.0,4.7,0.3,72.2164345365051,27.30001328328238,PBS,7.4,9.988610875255787,NaCl,140.86184495289777,none,0.0,none,0.0,none,0.0,0.85,0.9,1.7018687501114416,1.6339774827240388,1.545191065438322,1.4557731373576774,1.3625635435994585,1.0
22_cb2_s1,BSA,Other,2.0,66.0,4.7,0.3,83.33071093248695,27.691169937948917,PBS,7.4,9.892048063938129,NaCl,137.82074676887353,Sucrose,0.1907442119693712,none,0.0,none,0.0,0.85,0.9,2.0776419699588,2.0776419699588,2.0776418520286897,1.8951861749158616,1.4866904599739736,2.0
56_cb2_s2,BSA,Other,2.0,66.0,4.7,0.3,132.67591849858863,28.04048004117003,PBS,7.4,10.333094888892516,NaCl,142.84023618205077,Sucrose,0.4430639570717489,tween-20,0.11985224066183017,none,0.0,0.85,0.9,3.406977451530124,3.406977451530124,3.4069773630976914,3.197017667206107,3.087073807827306,2.0
113_cb2_s3,BSA,Other,2.0,66.0,4.7,0.3,96.5194494525875,27.16366520835443,Histidine,6.0,97.18667780630355,NaCl,137.41494691088946,none,0.0,none,0.0,none,0.0,0.85,0.9,1.4031955207984566,1.4031954862404672,1.4031913651368977,1.402702198382008,1.1636469224005277,2.0
114_cb2_s4,BSA,Other,2.0,66.0,4.7,0.3,128.25302746823746,27.601659868032183,Histidine,6.0,98.28328443963757,NaCl,141.96086766234518,none,0.0,none,0.0,none,0.0,0.85,0.9,2.7627132289643623,2.5649051498659685,2.4074785421183806,2.282189742300841,2.0909294250935537,2.0
123_cb2_s5,BSA,Other,2.0,66.0,4.7,0.3,108.45301186472304,27.480756330226672,Acetate,5.0,20.708320254254204,NaCl,138.24449223819425,none,0.0,none,0.0,none,0.0,0.85,0.9,2.2111447988852753,2.211144798881185,2.2111432603081465,2.0591020066045154,1.259255519206336,2.0
124_cb2_s6,BSA,Other,2.0,66.0,4.7,0.3,133.6415783002534,26.63637640406025,Acetate,5.0,19.709145129670052,NaCl,139.3069478204558,none,0.0,none,0.0,none,0.0,0.85,0.9,3.0002542058400765,2.8514392330066642,2.6894269130999184,2.6894269130999184,2.509934167998297,2.0
134_cb2_s7,BSA,Other,2.0,66.0,4.7,0.3,95.14790120113358,27.807884746362074,Acetate,5.0,20.432312290221848,NaCl,142.33498203273695,Sucrose,0.9869815623497082,none,0.0,none,0.0,0.85,0.9,6.68503895982131,6.68503895982131,6.685038571766559,6.193025065745966,5.691671118540084,2.0
144_cb2_s8,BSA,Other,2.0,66.0,4.7,0.3,121.80812856044923,26.905418902775455,Acetate,5.0,20.42126114133316,NaCl,139.88924556920136,Sucrose,0.10136300139474526,none,0.0,none,0.0,0.85,0.9,3.0336012289383825,3.033601228937715,3.0336001770065866,2.7397070657317,1.4439683612668208,2.0
145_cb2_s9,BSA,Other,2.0,66.0,4.7,0.3,104.02922189371941,27.261027074912224,Acetate,5.0,19.876331150612543,NaCl,140.62197456057442,Sucrose,0.09904250275667305,none,0.0,none,0.0,0.85,0.9,2.4821070027567647,2.4821070027567567,2.4821064797996515,2.2053537864282364,1.5017115496057947,2.0
118_cb2_s10,BSA,Other,2.0,66.0,4.7,0.3,131.5149735144603,28.067514496707744,PBS,7.4,9.702887925392606,NaCl,140.74774074443394,none,0.0,none,0.0,none,0.0,0.85,0.9,3.5302173670089423,2.9353476143296553,2.478741634114706,2.1648506858528593,1.7798938199420737,2.0
22_cb2_s11,BSA,Other,2.0,66.0,4.7,0.3,87.12996427394967,27.300438791758186,PBS,7.4,9.910899495719846,NaCl,144.06947653592957,Sucrose,0.19600237415377672,none,0.0,none,0.0,0.85,0.9,2.2484487793710866,2.2484487793710866,2.2484486129128376,2.0637735670022668,1.6142445181223422,2.0
56_cb2_s12,BSA,Other,2.0,66.0,4.7,0.3,129.34906837577455,27.077711339192728,PBS,7.4,9.993063022522644,NaCl,140.65580125110225,Sucrose,0.4742646045338895,tween-20,0.12054404905978257,none,0.0,0.85,0.9,3.454942945632184,3.454942945632184,3.454942460716793,3.1573608526419816,3.011537541614705,2.0
113_cb2_s13,BSA,Other,2.0,66.0,4.7,0.3,98.74952310252074,27.591548714517177,Histidine,6.0,100.9849025280163,NaCl,140.8096722029419,none,0.0,none,0.0,none,0.0,0.85,0.9,1.4722276805219696,1.4722276574138564,1.4722242734599138,1.4717306200471212,1.173886629423516,2.0
114_cb2_s14,BSA,Other,2.0,66.0,4.7,0.3,125.38103669664144,28.153959092109154,Histidine,6.0,102.84100849597971,NaCl,138.40191037750148,none,0.0,none,0.0,none,0.0,0.85,0.9,2.812795177470453,2.474892476755983,2.2511340543509792,2.102961721057797,1.9309504854803776,2.0
123_cb2_s15,BSA,Other,2.0,66.0,4.7,0.3,106.66536294700609,28.35112786073153,Acetate,5.0,20.71835106923821,NaCl,138.28419166664372,none,0.0,none,0.0,none,0.0,0.85,0.9,2.193816348211987,2.193816348210545,2.193815629375243,2.069662485729121,1.2608627960952188,2.0
124_cb2_s16,BSA,Other,2.0,66.0,4.7,0.3,131.5328593194157,27.06093651550385,Acetate,5.0,19.44827230879419,NaCl,137.95339588816262,none,0.0,none,0.0,none,0.0,0.85,0.9,2.7111593913257854,2.7111593913257854,2.7111593913257854,2.7111593913257854,2.6327846213429122,2.0
134_cb2_s17,BSA,Other,2.0,66.0,4.7,0.3,96.2341793540824,28.88981283423049,Acetate,5.0,19.78765249083187,NaCl,138.62956956094897,Sucrose,0.9984237867554709,none,0.0,none,0.0,0.85,0.9,6.69334155762099,6.69334155762099,6.693341420973052,6.296263402130253,5.8835808582915625,2.0
144_cb2_s18,BSA,Other,2.0,66.0,4.7,0.3,127.77175895145726,27.951265199658554,Acetate,5.0,20.20290961244292,NaCl,142.98668913084964,Sucrose,0.10233859118089135,none,0.0,none,0.0,0.85,0.9,3.102188853405721,3.102188853404696,3.1021875846529046,2.820563978835771,1.5809319751759174,2.0
145_cb2_s19,BSA,Other,2.0,66.0,4.7,0.3,103.2844350909268,27.702770319880095,Acetate,5.0,19.842664475069057,NaCl,140.08048550421748,Sucrose,0.1025569037252146,none,0.0,none,0.0,0.85,0.9,2.5828327491958754,2.5828327491958722,2.5828324383297794,2.315110215907385,1.5653926956997926,2.0
118_cb2_s20,BSA,Other,2.0,66.0,4.7,0.3,136.6677273750603,27.33072197077585,PBS,7.4,10.043830065532788,NaCl,140.69827431439012,none,0.0,none,0.0,none,0.0,0.85,0.9,3.4242196396100892,2.8247651352258565,2.3770341904686454,2.0826187232594506,1.744317561698119,2.0
22_cb2_s21,BSA,Other,2.0,66.0,4.7,0.3,82.55624159815882,27.606749496094068,PBS,7.4,10.214726349971954,NaCl,137.12575716164903,Sucrose,0.19050528476175813,none,0.0,none,0.0,0.85,0.9,2.293638717304607,2.293638717304607,2.2936386151705714,2.080049631510845,1.584430828464564,2.0
56_cb2_s22,BSA,Other,2.0,66.0,4.7,0.3,136.13298343717867,27.463837356409858,PBS,7.4,9.88896009466136,NaCl,145.26723979443364,Sucrose,0.44667827211617056,tween-20,0.1175909373467146,none,0.0,0.85,0.9,3.4362773841030014,3.4362773841030014,3.4362772307781726,3.2537158026574367,3.158939813378374,2.0
113_cb2_s23,BSA,Other,2.0,66.0,4.7,0.3,96.89440588375601,26.79583258073101,Histidine,6.0,101.74491465656028,NaCl,141.82056329828427,none,0.0,none,0.0,none,0.0,0.85,0.9,1.4488768655963726,1.4488768458211982,1.4488739356657354,1.448447279059964,1.1800044223325163,2.0
114_cb2_s24,BSA,Other,2.0,66.0,4.7,0.3,126.88421151845704,27.633836697127478,Histidine,6.0,99.51752788428733,NaCl,140.98575511024004,none,0.0,none,0.0,none,0.0,0.85,0.9,2.7090725215678537,2.448792196672469,2.2777859875948097,2.1654335708400847,2.036495575112177,2.0
123_cb2_s25,BSA,Other,2.0,66.0,4.7,0.3,111.00485708213832,27.81337200412771,Acetate,5.0,20.179083424006926,NaCl,141.79962372762913,none,0.0,none,0.0,none,0.0,0.85,0.9,2.165521433757299,2.1655214337562825,2.1655208226971987,2.045396484039256,1.2873908461519625,2.0
124_cb2_s26,BSA,Other,2.0,66.0,4.7,0.3,130.21432432256353,28.49051723810095,Acetate,5.0,19.98393681974226,NaCl,135.99382971406948,none,0.0,none,0.0,none,0.0,0.85,0.9,2.934216349553537,2.7850917412659735,2.7850917412659735,2.748617885613264,2.564564262445887,2.0
134_cb2_s27,BSA,Other,2.0,66.0,4.7,0.3,90.4476634258224,27.251231524413008,Acetate,5.0,19.030448269348415,NaCl,135.56507209423998,Sucrose,0.9928737106741824,none,0.0,none,0.0,0.85,0.9,6.725749066949006,6.725749066949006,6.7257486149150525,6.094390766755309,5.477970974418259,2.0
144_cb2_s28,BSA,Other,2.0,66.0,4.7,0.3,122.10408827701865,28.326869065971934,Acetate,5.0,20.35094491623027,NaCl,139.38130031327694,Sucrose,0.10005377167798907,none,0.0,none,0.0,0.85,0.9,3.1116653250885578,3.11166532508792,3.1116644239741786,2.8395850930763684,1.5247346330832294,2.0
145_cb2_s29,BSA,Other,2.0,66.0,4.7,0.3,104.4096893849395,28.488727589767233,Acetate,5.0,20.256337144506805,NaCl,138.40069882860817,Sucrose,0.10114516556271232,none,0.0,none,0.0,0.85,0.9,2.495503797107742,2.495503797107734,2.495503307372915,2.18954769073643,1.4128196180858679,2.0
118_cb2_s30,BSA,Other,2.0,66.0,4.7,0.3,132.030931709805,27.992356271015254,PBS,7.4,10.127034360336394,NaCl,142.93874760289413,none,0.0,none,0.0,none,0.0,0.85,0.9,3.543150212774637,2.9148206707301085,2.4525346729401476,2.1476582800096247,1.7958384017775257,2.0
28_cb3_s1,BSA,Other,2.0,66.0,4.7,0.3,183.145311863205,27.60885093090446,PBS,7.4,9.869716399277111,NaCl,138.6451196646479,none,0.0,none,0.0,none,0.0,0.85,0.9,4.594100488631158,4.232326395260079,3.7836558863325402,3.289344134866072,2.3815748200477436,3.0
82_cb3_s2,BSA,Other,2.0,66.0,4.7,0.3,151.21258403997442,28.45014874355539,PBS,7.4,10.087264733934806,NaCl,140.10640973887098,Trehalose,1.0024006265343652,none,0.0,none,0.0,0.85,0.9,10.251277151247148,10.291758497333868,10.411390762763553,10.459377655085708,10.479873719168172,3.0
133_cb3_s3,BSA,Other,2.0,66.0,4.7,0.3,151.9415878191082,27.234247445735345,Acetate,5.0,20.629594705316016,NaCl,136.56785614359345,Sucrose,0.49506337622185986,none,0.0,none,0.0,0.85,0.9,5.194715142592642,4.81765312042672,4.81765312042672,4.389415169450274,4.18626083235307,3.0
238_cb3_s4,BSA,Other,2.0,66.0,4.7,0.3,173.86599052613752,27.40505498503255,PBS,7.4,10.176731987497334,NaCl,141.82650405955758,none,0.0,none,0.0,none,0.0,0.85,0.9,4.436755004563202,4.412923171251654,4.1324304002794205,3.867834282653558,3.3491301559618836,3.0
239_cb3_s5,BSA,Other,2.0,66.0,4.7,0.3,163.60065780355606,27.643370571203146,Acetate,5.0,19.77987793846183,none,0.0,none,0.0,none,0.0,none,0.0,0.85,0.9,4.389322892423632,4.349917453716627,4.145024553150525,3.669295089832366,2.573634497712338,3.0
240_cb3_s6,BSA,Other,2.0,66.0,4.7,0.3,184.80898330675998,25.933301558653458,Histidine,6.0,15.34462971011163,NaCl,135.1288014194213,none,0.0,none,0.0,none,0.0,0.85,0.9,4.17873473196635,4.17873473196635,4.17873473196635,3.865568319187473,2.752616727302739,3.0
237_cb3_s7,BSA,Other,2.0,66.0,4.7,0.3,161.1088124215383,27.47419368161645,Histidine,6.0,15.143112248166936,none,0.0,none,0.0,none,0.0,none,0.0,0.85,0.9,3.7822126315515643,3.5186800003049923,3.145385317599758,2.73955528164824,2.287933744840839,3.0
241_cb3_s8,BSA,Other,2.0,66.0,4.7,0.3,170.52728384627724,28.32541788484887,Histidine,6.0,30.51013304526809,none,0.0,none,0.0,none,0.0,none,0.0,0.85,0.9,4.361020640037901,4.232642047501289,3.904429145753005,3.2921235592431186,2.3851983063487445,3.0
242_cb3_s9,BSA,Other,2.0,66.0,4.7,0.3,170.4535407675058,28.066655899717514,Acetate,5.0,20.095515663610605,NaCl,139.27468199170204,none,0.0,none,0.0,none,0.0,0.85,0.9,4.617815299129299,4.255006912137742,3.2168571912002912,2.217454297076929,1.908554991012098,3.0
28_cb3_s10,BSA,Other,2.0,66.0,4.7,0.3,179.59354587334312,27.45560588094028,PBS,7.4,10.015727038063218,NaCl,134.4050380833101,none,0.0,none,0.0,none,0.0,0.85,0.9,4.567309945049436,4.192896333736099,3.7377652838474305,3.2433622224339196,2.3366812432127566,3.0
82_cb3_s11,BSA,Other,2.0,66.0,4.7,0.3,144.59519007835,28.10950054920563,PBS,7.4,9.792018814574895,NaCl,141.7157669341752,Trehalose,0.9789316887365269,none,0.0,none,0.0,0.85,0.9,10.633719234684973,10.602446283340065,10.515197857692653,10.47728284615252,10.459477580781073,3.0
133_cb3_s12,BSA,Other,2.0,66.0,4.7,0.3,151.48704566391783,27.582730397828968,Acetate,5.0,20.14598440098649,NaCl,146.72956363866717,Sucrose,0.5094122882702574,none,0.0,none,0.0,0.85,0.9,4.906999332511097,4.906999332511097,4.906999332511097,4.787700768263522,4.278023604270269,3.0
238_cb3_s13,BSA,Other,2.0,66.0,4.7,0.3,170.02234290369793,28.398387342765606,PBS,7.4,9.770730921396263,NaCl,140.84737930266928,none,0.0,none,0.0,none,0.0,0.85,0.9,4.433667478771679,4.402515112849708,4.007435371055249,3.6451168099478246,2.9658846110872874,3.0
239_cb3_s14,BSA,Other,2.0,66.0,4.7,0.3,167.22842451175003,27.74944386583269,Acetate,5.0,19.90233734588374,none,0.0,none,0.0,none,0.0,none,0.0,0.85,0.9,4.504030572485588,4.467774471286355,4.266332777083546,3.7814269908441296,2.6601952500554633,3.0
240_cb3_s15,BSA,Other,2.0,66.0,4.7,0.3,180.91686884776962,28.25663874732139,Histidine,6.0,14.954983323890241,NaCl,140.3516140697203,none,0.0,none,0.0,none,0.0,0.85,0.9,4.505666194126013,4.505666194126013,4.073100385803641,3.8751574388775625,2.8918881134775463,3.0
237_cb3_s16,BSA,Other,2.0,66.0,4.7,0.3,157.28972368538135,26.95473420779903,Histidine,6.0,14.353982965918885,none,0.0,none,0.0,none,0.0,none,0.0,0.85,0.9,3.7227484079909368,3.4448531733748826,3.0860315273323096,2.7289892969378235,2.360588646220954,3.0
241_cb3_s17,BSA,Other,2.0,66.0,4.7,0.3,179.74837917038442,28.039971017845374,Histidine,6.0,29.805101169894826,none,0.0,none,0.0,none,0.0,none,0.0,0.85,0.9,4.281570934097596,4.174288229786747,3.8807937424569214,3.293829859852775,2.3812076252616055,3.0
242_cb3_s18,BSA,Other,2.0,66.0,4.7,0.3,177.24636313342674,28.261350050180788,Acetate,5.0,20.225563648020945,NaCl,141.6653121566628,none,0.0,none,0.0,none,0.0,0.85,0.9,4.278942857323814,3.9104803291896304,3.05407194897232,2.3040895621098465,2.060697361498939,3.0
28_cb3_s19,BSA,Other,2.0,66.0,4.7,0.3,174.33096535541196,27.34562870772327,PBS,7.4,9.661408637160923,NaCl,139.72464904497468,none,0.0,none,0.0,none,0.0,0.85,0.9,4.664599629749696,4.27226011269734,3.8015408927395837,3.296259137811025,2.3816340475100857,3.0
82_cb3_s20,BSA,Other,2.0,66.0,4.7,0.3,140.4455482494928,26.955704524886315,PBS,7.4,10.188154237597644,NaCl,137.24903529809274,Trehalose,0.9955073370000596,none,0.0,none,0.0,0.85,0.9,10.042962827578183,10.037204470360242,10.018631981735878,10.011038796167623,10.00766132007505,3.0
133_cb3_s21,BSA,Other,2.0,66.0,4.7,0.3,150.9593458024276,26.623853446557582,Acetate,5.0,20.17618989518416,NaCl,139.94501416300528,Sucrose,0.5156353975350549,none,0.0,none,0.0,0.85,0.9,5.1795546545947095,4.829748196879309,4.829748196879309,4.4575665090099355,3.997739294852611,3.0
238_cb3_s22,BSA,Other,2.0,66.0,4.7,0.3,175.89067714104664,27.52687303867914,PBS,7.4,10.008118338240777,NaCl,138.0344232741411,none,0.0,none,0.0,none,0.0,0.85,0.9,4.436683916008563,4.399625328097198,3.875375791076091,3.4086521813325015,2.578140982457742,3.0
239_cb3_s23,BSA,Other,2.0,66.0,4.7,0.3,159.6723604595558,27.992208407319442,Acetate,5.0,19.882020128683187,none,0.0,none,0.0,none,0.0,none,0.0,0.85,0.9,4.5119087264583415,4.451535177248866,4.1536586136786395,3.498133901663118,2.1214908929408756,3.0
240_cb3_s24,BSA,Other,2.0,66.0,4.7,0.3,177.6771417547326,27.670401390624864,Histidine,6.0,15.19013306427963,NaCl,141.1586374728642,none,0.0,none,0.0,none,0.0,0.85,0.9,4.564908865238412,4.17837541663392,4.17837541663392,3.627725427970632,3.090729617663421,3.0
237_cb3_s25,BSA,Other,2.0,66.0,4.7,0.3,167.07367360509232,27.193379518245692,Histidine,6.0,14.589059106126276,none,0.0,none,0.0,none,0.0,none,0.0,0.85,0.9,3.76850129055249,3.4998033922138285,3.1363366801492845,2.758325198443951,2.3533571052304536,3.0
241_cb3_s26,BSA,Other,2.0,66.0,4.7,0.3,170.0956564485245,27.812940693551898,Histidine,6.0,30.97703797387712,none,0.0,none,0.0,none,0.0,none,0.0,0.85,0.9,4.365546465314302,4.278389045271543,4.031632910798734,3.515510213090934,2.6644165624158056,3.0
242_cb3_s27,BSA,Other,2.0,66.0,4.7,0.3,164.86308189834358,27.518745907542574,Acetate,5.0,19.692010707576543,NaCl,140.6546005530141,none,0.0,none,0.0,none,0.0,0.85,0.9,4.567269577354866,4.1381965221482275,3.1111321140800468,2.2058018069052507,1.9169632478928418,3.0
28_cb3_s28,BSA,Other,2.0,66.0,4.7,0.3,181.34594823335547,26.834697439719836,PBS,7.4,10.33451447736754,NaCl,141.17325322622494,none,0.0,none,0.0,none,0.0,0.85,0.9,4.246471935095956,3.889376472698118,3.476436269217575,3.0461839070004078,2.2836462040169305,3.0
82_cb3_s29,BSA,Other,2.0,66.0,4.7,0.3,142.33004658006982,27.593148453219843,PBS,7.4,9.717257100619003,NaCl,139.68856702822364,Trehalose,0.9819218471707042,none,0.0,none,0.0,0.85,0.9,10.131669749927099,10.165978591111408,10.270134736641902,10.312437920302598,10.330952486028082,3.0
133_cb3_s30,BSA,Other,2.0,66.0,4.7,0.3,149.0507746509156,28.16720373498855,Acetate,5.0,20.05668676545596,NaCl,146.49412271194876,Sucrose,0.5140118419618226,none,0.0,none,0.0,0.85,0.9,4.881808950043454,4.881808950043454,4.881808950043454,4.874848284525143,3.908369059835301,3.0
238_cb3_s31,BSA,Other,2.0,66.0,4.7,0.3,177.32932406244518,27.067705796720627,PBS,7.4,9.733753409288445,NaCl,134.85862495531077,none,0.0,none,0.0,none,0.0,0.85,0.9,4.432470965857238,4.4064438798750585,4.030187780035056,3.6823780851079886,3.0257451045467048,3.0
21_cb4_s1,BSA,Other,2.0,66.0,4.7,0.3,184.97753762730238,27.9611699259484,PBS,7.4,10.016365871709514,NaCl,139.7231089710648,Sucrose,0.41753642716049966,none,0.0,none,0.0,0.85,0.9,9.243486573250344,9.229634581763806,9.015028182606358,8.06919479797762,5.750225466342833,4.0
115_cb4_s2,BSA,Other,2.0,66.0,4.7,0.3,193.3211561440218,27.084340162278938,Histidine,6.0,101.0730196871408,NaCl,137.4842896509851,none,0.0,none,0.0,none,0.0,0.85,0.9,3.796647594809169,3.7966475948091514,3.796647060401921,3.4921613275089762,2.539764277447233,4.0
116_cb4_s3,BSA,Other,2.0,66.0,4.7,0.3,270.3505167117455,28.26461415195952,Histidine,6.0,101.11562061270372,NaCl,140.02898733556145,none,0.0,none,0.0,none,0.0,0.85,0.9,12.117486332282892,8.709923140881036,7.088410531499164,6.316802567043217,5.755460042626085,4.0
120_cb4_s4,BSA,Other,2.0,66.0,4.7,0.3,265.3002446019547,27.791331014896198,PBS,7.4,9.985900244388182,NaCl,141.36220460271335,none,0.0,none,0.0,none,0.0,0.85,0.9,6.618843837059286,6.618842889754617,6.435082449946238,5.465168382261129,4.201105242750831,4.0
121_cb4_s5,BSA,Other,2.0,66.0,4.7,0.3,195.31572489778534,28.341912957789035,Acetate,5.0,20.487504740678926,NaCl,139.4023599613954,none,0.0,none,0.0,none,0.0,0.85,0.9,5.330290182644812,5.330290182644812,5.330289999374754,4.541106564790916,3.1571695213045126,4.0
143_cb4_s6,BSA,Other,2.0,66.0,4.7,0.3,181.5792728441391,27.59372892230652,Acetate,5.0,20.064229592419945,NaCl,140.00852885642956,Sucrose,0.1008738763394927,none,0.0,none,0.0,0.85,0.9,4.220676229836707,4.220676200912762,4.220671885060766,4.220030302590757,3.8185717703417317,4.0
119_cb4_s7,BSA,Other,2.0,66.0,4.7,0.3,177.99722396379957,27.376379028959022,PBS,7.4,9.765977394788127,NaCl,134.95445477477594,none,0.0,none,0.0,none,0.0,0.85,0.9,3.673410955213046,3.3506675900581024,2.9157657558313432,2.4651160185855265,1.9838381525671895,4.0
234_cb4_s8,BSA,Other,2.0,66.0,4.7,0.3,395.071743402356,26.68659863717423,Histidine,6.0,15.055007975933748,none,0.0,none,0.0,none,0.0,none,0.0,0.85,0.9,61.32933759584991,56.22247339901722,43.32552140349676,31.468096233684427,27.63673118187263,4.0
235_cb4_s9,BSA,Other,2.0,66.0,4.7,0.3,412.68737513533665,27.48498250326954,Acetate,5.0,19.62669281637072,none,0.0,none,0.0,none,0.0,none,0.0,0.85,0.9,132.03584157099405,82.09135349633198,57.08683997133351,44.56842969163967,34.80261454358666,4.0
236_cb4_s10,BSA,Other,2.0,66.0,4.7,0.3,417.09110075030253,28.309143680121487,PBS,7.4,9.958135264569627,NaCl,138.12659633175224,none,0.0,none,0.0,none,0.0,0.85,0.9,145.6269855697447,107.63641740728082,68.35762859356011,51.17329197359119,42.58232655693943,4.0
21_cb4_s11,BSA,Other,2.0,66.0,4.7,0.3,192.98204038908239,27.166856792348163,PBS,7.4,10.148419074401861,NaCl,140.8380192251382,Sucrose,0.4206742785730701,none,0.0,none,0.0,0.85,0.9,9.387769062355483,9.354027958810416,8.843798569630469,6.914418041879242,3.3521867347634813,4.0
115_cb4_s12,BSA,Other,2.0,66.0,4.7,0.3,201.81194252040328,27.575094432095504,Histidine,6.0,99.26935689737579,NaCl,140.51710485642172,none,0.0,none,0.0,none,0.0,0.85,0.9,4.009417784282622,4.009417784282616,4.009417439768458,3.638812167520598,2.5109410192066424,4.0
116_cb4_s13,BSA,Other,2.0,66.0,4.7,0.3,268.8549926434452,28.152137285064647,Histidine,6.0,101.43790662133014,NaCl,142.78893352025628,none,0.0,none,0.0,none,0.0,0.85,0.9,11.467653402358383,8.181945909034107,6.691484757898088,6.0153825434267745,5.554558355067306,4.0
120_cb4_s14,BSA,Other,2.0,66.0,4.7,0.3,272.0394289518,27.805926505170362,PBS,7.4,10.091177554416323,NaCl,146.062006565723,none,0.0,none,0.0,none,0.0,0.85,0.9,6.733570848174219,6.733569625042685,6.515388401909926,5.501096281594783,4.190820604795767,4.0
121_cb4_s15,BSA,Other,2.0,66.0,4.7,0.3,194.96024601927795,27.7960628434773,Acetate,5.0,20.429002934923922,NaCl,138.97813235727992,none,0.0,none,0.0,none,0.0,0.85,0.9,5.2172945550724545,5.2172945550724545,5.217294401567768,4.60505912616118,3.451889360451644,4.0
143_cb4_s16,BSA,Other,2.0,66.0,4.7,0.3,182.19021173767607,27.347752685061092,Acetate,5.0,20.12296267912364,NaCl,142.28406419511,Sucrose,0.1017209469767195,none,0.0,none,0.0,0.85,0.9,3.9382879956649015,3.9382879890274194,3.9382864990493625,3.9379528607277456,3.6062778654225274,4.0
119_cb4_s17,BSA,Other,2.0,66.0,4.7,0.3,184.796968322996,27.904182782327396,PBS,7.4,10.132576253733482,NaCl,143.2857268009589,none,0.0,none,0.0,none,0.0,0.85,0.9,3.582114210845625,3.3068829114190983,2.902429877287325,2.446741983353675,1.9237260792505,4.0
234_cb4_s18,BSA,Other,2.0,66.0,4.7,0.3,396.59709390703995,28.1810556892885,Histidine,6.0,15.006381473020818,none,0.0,none,0.0,none,0.0,none,0.0,0.85,0.9,60.981121550632245,56.252133080321386,42.88670513422034,30.003460821954217,25.972398663724096,4.0
235_cb4_s19,BSA,Other,2.0,66.0,4.7,0.3,399.4208843541898,27.91433789160749,Acetate,5.0,20.15246335395311,none,0.0,none,0.0,none,0.0,none,0.0,0.85,0.9,131.77021687912836,81.0544695251661,56.40037098084352,44.41544351135423,35.437489158469006,4.0
236_cb4_s20,BSA,Other,2.0,66.0,4.7,0.3,423.66851368471583,27.180712102607405,PBS,7.4,10.117715680884123,NaCl,144.67573261218394,none,0.0,none,0.0,none,0.0,0.85,0.9,151.5646409875137,113.18818380081046,73.43279316987237,54.832524021505144,44.874211831612165,4.0
21_cb4_s21,BSA,Other,2.0,66.0,4.7,0.3,184.50413648331022,27.508078507101057,PBS,7.4,9.843020337383553,NaCl,141.8151852147628,Sucrose,0.40900822518141616,none,0.0,none,0.0,0.85,0.9,9.211779183485666,9.181644932205351,8.69778641223156,6.780258082900761,3.235804007189751,4.0
115_cb4_s22,BSA,Other,2.0,66.0,4.7,0.3,200.70061974278562,27.28020009791197,Histidine,6.0,100.44936945150378,NaCl,142.61125432924467,none,0.0,none,0.0,none,0.0,0.85,0.9,3.878204420747376,3.878204420747371,3.8782041049953406,3.5239745472656097,2.4471086352705593,4.0
116_cb4_s23,BSA,Other,2.0,66.0,4.7,0.3,279.6096201997551,27.18966382073844,Histidine,6.0,100.36910260639407,NaCl,144.31790786719003,none,0.0,none,0.0,none,0.0,0.85,0.9,11.650589603514206,8.259603899501982,6.685306127376247,5.954423335864023,5.440318342955855,4.0
120_cb4_s24,BSA,Other,2.0,66.0,4.7,0.3,269.12531370368316,27.196847856019307,PBS,7.4,9.83636022331554,NaCl,139.99055151924932,none,0.0,none,0.0,none,0.0,0.85,0.9,7.304659826294916,7.304659183895566,7.109679686404876,6.153602163745399,4.824377235105219,4.0
121_cb4_s25,BSA,Other,2.0,66.0,4.7,0.3,198.70326611287334,26.87207098722657,Acetate,5.0,19.922536216288115,NaCl,137.99289750231213,none,0.0,none,0.0,none,0.0,0.85,0.9,5.2928385998221215,5.2928385998221215,5.292838435167365,4.5677675836071225,3.3086554222020967,4.0
143_cb4_s26,BSA,Other,2.0,66.0,4.7,0.3,179.25147622295512,28.519750911483804,Acetate,5.0,20.48841347821014,NaCl,141.62987356971215,Sucrose,0.09954703180230035,none,0.0,none,0.0,0.85,0.9,3.8137759628073837,3.8137759580591872,3.81377497711316,3.8135728598706793,3.6229483264983067,4.0
119_cb4_s27,BSA,Other,2.0,66.0,4.7,0.3,181.21081111626222,26.884210411691043,PBS,7.4,10.028177249382242,NaCl,135.048369776424,none,0.0,none,0.0,none,0.0,0.85,0.9,3.608048188249038,3.362428622964555,2.9724974430641726,2.49838903102973,1.9166812327705784,4.0
234_cb4_s28,BSA,Other,2.0,66.0,4.7,0.3,387.8236254170506,26.85654574035934,Histidine,6.0,14.138321336015505,none,0.0,none,0.0,none,0.0,none,0.0,0.85,0.9,61.11707302405924,56.26347884678029,43.22327507256158,30.856025047597928,26.902966840681433,4.0
235_cb4_s29,BSA,Other,2.0,66.0,4.7,0.3,417.88145084030117,26.950888008446437,Acetate,5.0,20.120716759927788,none,0.0,none,0.0,none,0.0,none,0.0,0.85,0.9,126.27063595180202,76.0149696754506,52.87968543870849,42.22931764944487,34.823490174986475,4.0
236_cb4_s30,BSA,Other,2.0,66.0,4.7,0.3,423.8722913481764,27.37543660945416,PBS,7.4,10.073473101363234,NaCl,142.55803695345313,none,0.0,none,0.0,none,0.0,0.85,0.9,149.90017084040156,111.67522487166673,72.37049217360551,54.58086255668135,45.40825968651258,4.0
164_cb0_s1,Adalimumab,mAb_IgG1,3.0,148.0,8.7,0.3,33.30303181780894,27.98622496799858,Acetate,5.0,20.29473755883697,none,0.0,none,0.0,tween-80,0.09943734488576357,none,0.0,1.0,1.0,1.4351435321307984,1.4594682718400596,1.5093146988900392,1.527514707525929,1.5351633317090552,0.0
165_cb0_s2,Adalimumab,mAb_IgG1,3.0,148.0,8.7,0.3,34.12199740378153,27.661456862691647,Acetate,5.0,19.457367278150638,none,0.0,Sucrose,0.5046642998243352,none,0.0,none,0.0,1.0,1.0,1.973959276633497,1.9739592766334884,1.973958976993373,1.7860730857042393,1.229051847044947,0.0
166_cb0_s3,Adalimumab,mAb_IgG1,3.0,148.0,8.7,0.3,52.20859196512018,28.131750542185795,Acetate,5.0,19.593671272408642,none,0.0,Sucrose,0.25030839924923987,tween-80,0.05042881650033058,none,0.0,1.0,1.0,2.0166871906335317,1.8752049170847573,1.8752049170847573,1.8752049170847573,1.8752049170847573,0.0
170_cb0_s4,Adalimumab,mAb_IgG1,3.0,148.0,8.7,0.3,34.249502691610076,25.893257234077968,Histidine,6.0,15.130967941247299,none,0.0,Sucrose,0.509039348410862,tween-80,0.09527413512891633,none,0.0,1.0,1.0,1.879014510681414,1.8772263552050998,1.7906718951859344,1.708959680552573,1.559162721838509,0.0
174_cb0_s5,Bevacizumab,mAb_IgG1,3.0,149.0,8.3,0.3,49.81710355889516,28.2561820305315,Histidine,6.0,14.80621074626264,none,0.0,Sucrose,0.4920080799334975,none,0.0,none,0.0,1.0,1.0,1.570927118206925,1.570927118206925,1.5709269840071665,1.4334728069692586,1.322780792631252,0.0
175_cb0_s6,Bevacizumab,mAb_IgG1,3.0,149.0,8.3,0.3,59.69717579744845,27.339503802096452,Histidine,6.0,14.531042757391003,none,0.0,Sucrose,0.2544155488857358,tween-80,0.0998443256059744,none,0.0,1.0,1.0,2.131522640529491,1.9404223439695465,1.6398906334311176,1.2457638764954355,0.522378593001569,0.0
178_cb0_s7,Bevacizumab,mAb_IgG1,3.0,149.0,8.3,0.3,51.14844570919676,27.562298725795774,Acetate,5.0,19.424688808673054,none,0.0,Sucrose,0.509192289345752,tween-80,0.04933185591446101,none,0.0,1.0,1.0,1.990242377634038,2.0358027220015344,2.1363681306440547,2.17413868497918,2.1901696840744194,0.0
219_cb0_s8,Bevacizumab,mAb_IgG1,3.0,149.0,8.3,0.3,61.02332841014666,27.76660304951196,PBS,7.4,9.830728669001825,NaCl,138.1980604695111,Sucrose,0.10205992163516234,none,0.0,none,0.0,1.0,1.0,2.9151093459599355,2.915109345959559,2.9151088563028855,2.6703220335437763,1.242877415928744,0.0
230_cb0_s9,Adalimumab,mAb_IgG1,3.0,148.0,8.7,0.3,60.67625918632471,27.513320701170016,PBS,7.4,10.282444111083088,NaCl,139.777004104512,Sucrose,0.25226185898124864,none,0.0,none,0.0,1.0,1.0,1.593830398097637,1.593830398097637,1.5938303109105905,1.365777346972565,1.108146984598148,0.0
305_cb0_s10,Trastuzumab,mAb_IgG1,3.0,149.0,8.9,0.3,52.58956364201861,25.28981658660679,Histidine,6.0,15.097738894974649,none,0.0,none,0.0,tween-80,0.10038876860315467,none,0.0,1.0,1.0,1.8394436305584012,1.8394436305584012,1.8394435221948833,1.5414919627962316,1.2147727063450058,0.0
308_cb0_s11,Trastuzumab,mAb_IgG1,3.0,149.0,8.9,0.3,68.5908404086085,25.569939280564526,Acetate,5.0,20.52684602693595,none,0.0,Sucrose,0.4988193147300892,none,0.0,none,0.0,1.0,1.0,3.5756511800626605,3.183351828260149,2.6893194340779467,2.2091753133678305,1.7235004881649723,0.0
310_cb0_s12,Trastuzumab,mAb_IgG1,3.0,149.0,8.9,0.3,59.394270094526135,25.42031001325228,Acetate,5.0,20.21869342728055,none,0.0,Sucrose,0.3980885432066425,tween-80,0.049633175588185315,none,0.0,1.0,1.0,2.34086206274434,2.3408583988981135,1.9434392190797043,1.537036674591819,1.185162716695024,0.0
168_cb0_s13,Adalimumab,mAb_IgG1,3.0,148.0,8.7,0.3,53.58216869399935,28.049070993981378,Histidine,6.0,14.870513906184584,none,0.0,Sucrose,0.5040373009033661,none,0.0,none,0.0,1.0,1.0,2.725181397380682,2.450152481641342,2.0013335120950146,1.5678284531139774,1.1768056656554253,0.0
169_cb0_s14,Adalimumab,mAb_IgG1,3.0,148.0,8.7,0.3,51.51679801080967,27.61063781073006,Histidine,6.0,15.084986361463844,none,0.0,Sucrose,0.24870547513147961,tween-80,0.050586693801475284,none,0.0,1.0,1.0,2.757996988234238,2.3928084582118867,1.8459475944956834,1.5197256160324482,1.1941107521357521,0.0
164_cb0_s15,Adalimumab,mAb_IgG1,3.0,148.0,8.7,0.3,34.2997680727761,27.12724026621133,Acetate,5.0,20.205563139863564,none,0.0,none,0.0,tween-80,0.1003591635638792,none,0.0,1.0,1.0,1.4493357347666007,1.4621195243640623,1.490828824283383,1.5023634825679382,1.507829903670942,0.0
165_cb0_s16,Adalimumab,mAb_IgG1,3.0,148.0,8.7,0.3,34.83111964176702,27.8699155356615,Acetate,5.0,20.759952773958087,none,0.0,Sucrose,0.4986736625361743,none,0.0,none,0.0,1.0,1.0,1.9907223651761736,1.99072236517617,1.9907220837456663,1.779779884899765,1.221848940680723,0.0
166_cb0_s17,Adalimumab,mAb_IgG1,3.0,148.0,8.7,0.3,51.44325868660792,27.45020669473271,Acetate,5.0,20.132792132227607,none,0.0,Sucrose,0.25095249839889533,tween-80,0.05070945181713904,none,0.0,1.0,1.0,1.9313491080294716,1.9313491080294716,1.9313491080294716,1.8276708218463906,1.8276708218463906,0.0
170_cb0_s18,Adalimumab,mAb_IgG1,3.0,148.0,8.7,0.3,34.345192908568784,28.097290163896268,Histidine,6.0,14.839210966465787,none,0.0,Sucrose,0.5080805779828115,tween-80,0.10073457462680269,none,0.0,1.0,1.0,1.816691188905697,1.815622041246924,1.7604225965440834,1.7066467560926273,1.6025759936692237,0.0
174_cb0_s19,Bevacizumab,mAb_IgG1,3.0,149.0,8.3,0.3,50.79994190194205,26.611029165359877,Histidine,6.0,14.683895274256093,none,0.0,Sucrose,0.4893219707842081,none,0.0,none,0.0,1.0,1.0,1.7093357598314223,1.7093357598314223,1.709335646320893,1.4889221626845073,1.2926189665548036,0.0
175_cb0_s20,Bevacizumab,mAb_IgG1,3.0,149.0,8.3,0.3,61.39425396312983,26.989955776195185,Histidine,6.0,15.071510694820434,none,0.0,Sucrose,0.25487598814891216,tween-80,0.10100218833987969,none,0.0,1.0,1.0,2.178311479735103,1.9625281509866142,1.6408048095007541,1.2399172719634806,0.5399165481371233,0.0
178_cb0_s21,Bevacizumab,mAb_IgG1,3.0,149.0,8.3,0.3,48.16936710314354,27.78116142973874,Acetate,5.0,20.549463418065184,none,0.0,Sucrose,0.4986255148537231,tween-80,0.050952874547202945,none,0.0,1.0,1.0,2.0115492658530254,2.0212735979287433,2.0462615689063846,2.0557368964424656,2.0597175281511895,0.0
219_cb0_s22,Bevacizumab,mAb_IgG1,3.0,149.0,8.3,0.3,58.0776410257234,27.364665631528528,PBS,7.4,9.831350680936762,NaCl,146.07863960899388,Sucrose,0.09964822837513533,none,0.0,none,0.0,1.0,1.0,2.893496927699881,2.8934969276990543,2.8934960640914795,2.6086017719611387,1.2466439894403676,0.0
230_cb0_s23,Adalimumab,mAb_IgG1,3.0,148.0,8.7,0.3,62.24131324449418,27.091641177866073,PBS,7.4,9.735995497755859,NaCl,138.28704654546522,Sucrose,0.24981481601475794,none,0.0,none,0.0,1.0,1.0,1.6159508394533582,1.6159508394533582,1.6159507672625564,1.380001313499549,1.1377115804060027,0.0
305_cb0_s24,Trastuzumab,mAb_IgG1,3.0,149.0,8.9,0.3,50.760055963689595,25.041219876467252,Histidine,6.0,14.56273455016052,none,0.0,none,0.0,tween-80,0.09938158184590028,none,0.0,1.0,1.0,1.87552983607499,1.87552983607499,1.8755297006937253,1.5386097058305506,1.1740531027416445,0.0
308_cb0_s25,Trastuzumab,mAb_IgG1,3.0,149.0,8.9,0.3,69.77581408620671,25.33567003822523,Acetate,5.0,20.085278651295077,none,0.0,Sucrose,0.49248030668261183,none,0.0,none,0.0,1.0,1.0,3.4176955530555215,3.0184443718912983,2.550127679900054,2.1240629635400583,1.7162363953320707,0.0
310_cb0_s26,Trastuzumab,mAb_IgG1,3.0,149.0,8.9,0.3,59.927207023422454,24.645796616544768,Acetate,5.0,19.39451424295487,none,0.0,Sucrose,0.3855748825899525,tween-80,0.048415864056994516,none,0.0,1.0,1.0,2.4760722031625884,2.4760693609159876,2.12965105287834,1.7293810633585414,1.2995424247333673,0.0
168_cb0_s27,Adalimumab,mAb_IgG1,3.0,148.0,8.7,0.3,52.15266473246497,28.386721345540483,Histidine,6.0,15.269051794759658,none,0.0,Sucrose,0.49731469352094165,none,0.0,none,0.0,1.0,1.0,2.796729001672148,2.521733410110304,2.053868825260678,1.6004310945832645,1.2154100649798754,0.0
169_cb0_s28,Adalimumab,mAb_IgG1,3.0,148.0,8.7,0.3,51.863492754224005,27.542268535627326,Histidine,6.0,14.932543205457575,none,0.0,Sucrose,0.2467499870958827,tween-80,0.05016865467196673,none,0.0,1.0,1.0,2.6862097564483696,2.2713413862353695,1.6765113175750732,1.3594352343537632,1.0895359295047011,0.0
164_cb0_s29,Adalimumab,mAb_IgG1,3.0,148.0,8.7,0.3,35.49575009627959,27.628268872194926,Acetate,5.0,20.381254653565296,none,0.0,none,0.0,tween-80,0.10057424833040365,none,0.0,1.0,1.0,1.4890806547317745,1.4723519662046236,1.4397265706036277,1.42764962487149,1.4223993009922087,0.0
165_cb0_s30,Adalimumab,mAb_IgG1,3.0,148.0,8.7,0.3,34.85431819990922,27.42930436870859,Acetate,5.0,19.247260381800942,none,0.0,Sucrose,0.4945127509225904,none,0.0,none,0.0,1.0,1.0,1.9338050738565182,1.933805073856513,1.9338048126234424,1.7423247749894712,1.2057829720462043,0.0
166_cb0_s31,Adalimumab,mAb_IgG1,3.0,148.0,8.7,0.3,53.008235488547804,27.734956899029427,Acetate,5.0,19.741509076062478,none,0.0,Sucrose,0.2588765544630476,tween-80,0.04880636316824352,none,0.0,1.0,1.0,2.0286553352012957,2.0286553352012957,1.9266279953833083,1.9266279953833083,1.9217925200430446,0.0
170_cb0_s32,Adalimumab,mAb_IgG1,3.0,148.0,8.7,0.3,35.2020855404959,27.64317701132417,Histidine,6.0,14.959707377558836,none,0.0,Sucrose,0.5081080827315978,tween-80,0.10158697744110444,none,0.0,1.0,1.0,1.8914974077908264,1.8897309738043957,1.7882540857942986,1.6943988722047236,1.5281287437282502,0.0
174_cb0_s33,Bevacizumab,mAb_IgG1,3.0,149.0,8.3,0.3,48.9090335697848,27.274052141624978,Histidine,6.0,14.66828859945422,none,0.0,Sucrose,0.49785078969711266,none,0.0,none,0.0,1.0,1.0,1.5350213758603417,1.5350213758603417,1.5350213543578388,1.4403382808026584,1.3490809660174947,0.0
175_cb0_s34,Bevacizumab,mAb_IgG1,3.0,149.0,8.3,0.3,59.74893375150657,26.57410899427848,Histidine,6.0,14.758238980051143,none,0.0,Sucrose,0.25482425816548726,tween-80,0.10323116564709647,none,0.0,1.0,1.0,2.1351609505832574,1.939429370644716,1.6345600939571576,1.2393167680259134,0.5283610837762709,0.0
178_cb0_s35,Bevacizumab,mAb_IgG1,3.0,149.0,8.3,0.3,50.42406104446408,27.239388359110997,Acetate,5.0,19.994219091648688,none,0.0,Sucrose,0.505462842480037,tween-80,0.05000642226981094,none,0.0,1.0,1.0,1.9261127124473525,1.934651208177681,1.9540489440199238,1.9612094710164105,1.9641963940630038,0.0
219_cb0_s36,Bevacizumab,mAb_IgG1,3.0,149.0,8.3,0.3,61.91837660460566,27.808505696367686,PBS,7.4,9.940903936394168,NaCl,141.9514723326301,Sucrose,0.09933236102048798,none,0.0,none,0.0,1.0,1.0,2.723867519322616,2.7238675193212227,2.7238665935564,2.488368717632085,1.1937154283051816,0.0
176_cb1_s1,Bevacizumab,mAb_IgG1,3.0,149.0,8.3,0.3,78.19717204974431,26.84334124648052,Histidine,6.0,15.042882928429112,none,0.0,none,0.0,tween-80,0.10346502999897018,none,0.0,1.0,1.0,2.3807144566134335,2.368667604924112,2.3402766352564077,2.329982812557557,2.32583759030246,1.0
177_cb1_s2,Bevacizumab,mAb_IgG1,3.0,149.0,8.3,0.3,73.81832437213764,27.158533820961885,Acetate,5.0,19.932742472566083,none,0.0,none,0.0,none,0.0,none,0.0,1.0,1.0,1.5293436680867243,1.4211506185626515,1.4121992480140297,1.1320978269098312,1.0923568758018039,1.0
179_cb1_s3,Bevacizumab,mAb_IgG1,3.0,149.0,8.3,0.3,78.11112400462497,26.994338474627465,Acetate,5.0,18.98788499090147,none,0.0,none,0.0,tween-80,0.04971399577811989,none,0.0,1.0,1.0,1.6774176881986824,1.6109180322276393,1.570906404575819,1.5468321455425458,1.5225051362664634,1.0
220_cb1_s4,Bevacizumab,mAb_IgG1,3.0,149.0,8.3,0.3,99.78810329139172,28.954388840859366,PBS,7.4,9.69940593432097,NaCl,140.71047105218483,none,0.0,tween-80,0.10093538634353089,none,0.0,1.0,1.0,2.28404694509897,2.284046945098826,2.2820495025506355,1.7749806418157883,1.6932307860844102,1.0
223_cb1_s5,Bevacizumab,mAb_IgG1,3.0,149.0,8.3,0.3,74.48521158675388,27.84186453942083,PBS,7.4,9.926077932791273,NaCl,141.05588110292612,Sucrose,0.24985368593157511,tween-80,0.05112605025077217,none,0.0,1.0,1.0,2.9118577737610503,2.9118577737606293,2.9118568302236554,2.6440136348314653,1.6164543435739345,1.0
304_cb1_s6,Trastuzumab,mAb_IgG1,3.0,149.0,8.9,0.3,98.80867741191301,25.687219046585408,Histidine,6.0,14.359297735806392,none,0.0,Sucrose,0.31882649120195994,tween-80,0.05105605680906605,none,0.0,1.0,1.0,3.3991100661496882,3.3793430106634927,3.254717794107472,2.9070447023058414,2.046336636370109,1.0
306_cb1_s7,Trastuzumab,mAb_IgG1,3.0,149.0,8.9,0.3,75.83340669900517,25.044790340627625,Histidine,6.0,14.940798473907803,none,0.0,Sucrose,0.49848726716346486,none,0.0,none,0.0,1.0,1.0,1.9630597546498363,1.9630597546486122,1.9630590458725583,1.8007139535919718,0.8027965627575983,1.0
307_cb1_s8,Trastuzumab,mAb_IgG1,3.0,149.0,8.9,0.3,90.35052515049378,24.990645621777052,Acetate,5.0,19.844592618764445,none,0.0,Sucrose,0.3067446763199161,tween-80,0.10189505292424572,none,0.0,1.0,1.0,3.0082808914943833,2.6219979502085264,2.2152724634182017,1.8318158063337793,1.2515487762343298,1.0
163_cb1_s9,Adalimumab,mAb_IgG1,3.0,148.0,8.7,0.3,101.72478694476553,28.02421877495685,Acetate,5.0,20.205234168038917,none,0.0,none,0.0,none,0.0,none,0.0,1.0,1.0,2.5755906755809477,2.1495317958753644,1.7411992697303273,1.3886678597005813,0.9097297382929415,1.0
167_cb1_s10,Adalimumab,mAb_IgG1,3.0,148.0,8.7,0.3,101.50858265962714,28.153902354311054,Histidine,6.0,15.212491154160318,none,0.0,none,0.0,none,0.0,none,0.0,1.0,1.0,3.123938197113978,2.75534990146441,2.3794207419250193,2.008921450321501,1.2810629609419706,1.0
173_cb1_s11,Bevacizumab,mAb_IgG1,3.0,149.0,8.3,0.3,98.5101947103871,27.12865194876409,Histidine,6.0,14.956644398785345,none,0.0,none,0.0,none,0.0,none,0.0,1.0,1.0,2.3765112814573,2.050124976367318,1.719661072288458,1.4068422865747856,0.8739194888356375,1.0
180_cb1_s12,Bevacizumab,mAb_IgG1,3.0,149.0,8.3,0.3,98.36582273786362,27.862585117637824,Acetate,5.0,20.37502805505062,none,0.0,Sucrose,0.24196220067815513,tween-80,0.09847455044286757,none,0.0,1.0,1.0,2.5227161853536004,2.339179937359809,2.034332229628756,1.7212387685687514,1.1786943122677436,1.0
221_cb1_s13,Bevacizumab,mAb_IgG1,3.0,149.0,8.3,0.3,95.99227527118649,27.849479916615074,PBS,7.4,9.752148321029306,NaCl,140.16781136474572,none,0.0,none,0.0,none,0.0,1.0,1.0,4.710204854996893,3.362331402973094,2.5281254441771424,2.011831026513141,1.468509633249316,1.0
222_cb1_s14,Bevacizumab,mAb_IgG1,3.0,149.0,8.3,0.3,82.88081789041738,28.181420494116693,PBS,7.4,10.041931883054925,NaCl,138.62341868023026,Sucrose,0.5080712259663731,tween-80,0.049026453800295536,none,0.0,1.0,1.0,5.105090967800314,3.682767403908825,2.4710270609303358,1.985108025094461,1.8704473024386523,1.0
231_cb1_s15,Adalimumab,mAb_IgG1,3.0,148.0,8.7,0.3,98.982072748585,27.485934128294403,PBS,7.4,9.646184819022176,NaCl,138.05480323295063,none,0.0,tween-80,0.0991814351237738,none,0.0,1.0,1.0,7.125115437257703,5.45018846705216,4.293102570180599,3.4937556180145473,2.506314438309686,1.0
232_cb1_s16,Adalimumab,mAb_IgG1,3.0,148.0,8.7,0.3,79.9851194861782,27.319657905917897,PBS,7.4,10.031038136771794,NaCl,142.31027514106938,Sucrose,0.491328697842891,tween-80,0.04934188351092475,none,0.0,1.0,1.0,5.281946057781604,4.3490582318113375,3.221242841448264,2.0980930803618403,0.665189324827805,1.0
233_cb1_s17,Adalimumab,mAb_IgG1,3.0,148.0,8.7,0.3,75.39384199350287,27.606474451252147,PBS,7.4,10.170179592433595,NaCl,139.61535899248167,Sucrose,0.10078092969985777,tween-80,0.04989677824706751,none,0.0,1.0,1.0,5.1513006672434525,2.676690866652693,1.6272938004886548,1.227482865145539,1.0115423471698708,1.0
309_cb1_s18,Trastuzumab,mAb_IgG1,3.0,149.0,8.9,0.3,101.85243080448319,25.482698742295582,Acetate,5.0,20.494452288722485,none,0.0,none,0.0,tween-80,0.05008865759096144,none,0.0,1.0,1.0,3.5292073917017945,2.6757385748250613,2.0958475235232257,1.8160173927829308,1.6085045013322343,1.0
176_cb1_s19,Bevacizumab,mAb_IgG1,3.0,149.0,8.3,0.3,79.7768859589104,27.252395904331724,Histidine,6.0,15.00015838765698,none,0.0,none,0.0,tween-80,0.10120241349785825,none,0.0,1.0,1.0,2.31340727094855,2.3021756425575868,2.2741080756401804,2.2629661774018466,2.2578935250245373,1.0
177_cb1_s20,Bevacizumab,mAb_IgG1,3.0,149.0,8.3,0.3,74.7783295217738,27.250713375037343,Acetate,5.0,20.5809870137883,none,0.0,none,0.0,none,0.0,none,0.0,1.0,1.0,1.2912251904137573,1.241524994791094,1.241524994791094,1.1627620875088294,1.0940954670670076,1.0
179_cb1_s21,Bevacizumab,mAb_IgG1,3.0,149.0,8.3,0.3,74.8863535701968,27.868764339482667,Acetate,5.0,19.571257106783936,none,0.0,none,0.0,tween-80,0.04844624123398394,none,0.0,1.0,1.0,1.7699865092364917,1.7142955073611956,1.679323527183568,1.657362365761763,1.6337615092014508,1.0
220_cb1_s22,Bevacizumab,mAb_IgG1,3.0,149.0,8.3,0.3,97.62117621426535,28.40347012429078,PBS,7.4,9.819875853070426,NaCl,141.78749739170348,none,0.0,tween-80,0.09934276304850204,none,0.0,1.0,1.0,2.265270746710048,2.265270746709512,2.2623999268396853,1.7061415388497259,1.6174037681527624,1.0
223_cb1_s23,Bevacizumab,mAb_IgG1,3.0,149.0,8.3,0.3,76.11123651813018,27.217732538440625,PBS,7.4,9.954280016931996,NaCl,137.21582175109617,Sucrose,0.23718833170602344,tween-80,0.04980897223739983,none,0.0,1.0,1.0,2.871029903826025,2.871029903825744,2.8710291397889725,2.599642682287622,1.5706628917796344,1.0
304_cb1_s24,Trastuzumab,mAb_IgG1,3.0,149.0,8.9,0.3,101.09423823035041,24.409593592345576,Histidine,6.0,15.334296508400662,none,0.0,Sucrose,0.30429228789264745,tween-80,0.05071818572570794,none,0.0,1.0,1.0,3.651827645211009,3.6376226564827587,3.5427300467708,3.262581414208577,2.520938246512046,1.0
306_cb1_s25,Trastuzumab,mAb_IgG1,3.0,149.0,8.9,0.3,74.13959734065465,25.05092814763099,Histidine,6.0,15.464706045448555,none,0.0,Sucrose,0.487608929243461,none,0.0,none,0.0,1.0,1.0,1.975651110677894,1.9756511106766128,1.9756503478865537,1.802723932932313,0.7992766462745863,1.0
307_cb1_s26,Trastuzumab,mAb_IgG1,3.0,149.0,8.9,0.3,89.59823594165735,25.74493171930104,Acetate,5.0,19.359638408609396,none,0.0,Sucrose,0.2950290178513185,tween-80,0.09979349047970192,none,0.0,1.0,1.0,3.1086575224406645,2.7328013977281165,2.313625793167646,1.8992769301000954,1.248251023749237,1.0
163_cb1_s27,Adalimumab,mAb_IgG1,3.0,148.0,8.7,0.3,97.47967046965485,27.161001225578286,Acetate,5.0,19.849921447870425,none,0.0,none,0.0,none,0.0,none,0.0,1.0,1.0,2.673112511721586,2.2482080217195803,1.8279614146552134,1.4541995026425742,0.9271140929027716,1.0
167_cb1_s28,Adalimumab,mAb_IgG1,3.0,148.0,8.7,0.3,100.99644349699358,28.127081971186698,Histidine,6.0,15.474162205970513,none,0.0,none,0.0,none,0.0,none,0.0,1.0,1.0,2.7460250609934933,2.390912639331927,2.0365956937900846,1.6948824038157888,1.0451493479517129,1.0
173_cb1_s29,Bevacizumab,mAb_IgG1,3.0,149.0,8.3,0.3,101.9746690331782,27.458226936996613,Histidine,6.0,14.904045743023547,none,0.0,none,0.0,none,0.0,none,0.0,1.0,1.0,2.3708904180568404,2.058623618429746,1.737176088706945,1.4276176274968946,0.8857813139842696,1.0
180_cb1_s30,Bevacizumab,mAb_IgG1,3.0,149.0,8.3,0.3,104.04721243845927,27.503739914508,Acetate,5.0,19.923984385999404,none,0.0,Sucrose,0.24821277288594787,tween-80,0.09963921663647518,none,0.0,1.0,1.0,2.587273532284741,2.4020964680729326,2.1079388357431457,1.8045750346208527,1.2679287902604786,1.0
221_cb1_s31,Bevacizumab,mAb_IgG1,3.0,149.0,8.3,0.3,99.14151115940267,27.823704298373897,PBS,7.4,9.68037512962325,NaCl,141.29408346502942,none,0.0,none,0.0,none,0.0,1.0,1.0,4.956417575282157,3.4968763707505666,2.593665045337396,2.034728704326384,1.446633084051896,1.0
222_cb1_s32,Bevacizumab,mAb_IgG1,3.0,149.0,8.3,0.3,80.0306364438652,27.14718220002563,PBS,7.4,10.097574456974215,NaCl,145.05217470740288,Sucrose,0.498090962082727,tween-80,0.05071975794214818,none,0.0,1.0,1.0,5.522498460873187,3.9073800708222923,2.441172191506139,1.8552289500169281,1.7237737321186253,1.0
311_cb2_s1,Trastuzumab,mAb_IgG1,3.0,149.0,8.9,0.3,124.21735492369211,24.999645702711675,Histidine,6.0,14.624877679809085,none,0.0,none,0.0,none,0.0,none,0.0,1.0,1.0,2.8355455511750467,2.835545551175043,2.8355451636865947,2.61266969948624,2.29165071619663,2.0
313_cb2_s2,Trastuzumab,mAb_IgG1,3.0,149.0,8.9,0.3,123.90820065989851,24.96693369268709,Histidine,6.0,26.04986089458326,none,0.0,none,0.0,none,0.0,Arginine,59.7035691591048,1.0,1.0,3.6709117008694836,3.654381631656406,3.2552719169285735,2.9627407949818116,2.58688030344022,2.0
315_cb2_s3,Trastuzumab,mAb_IgG1,3.0,149.0,8.9,0.3,128.30326008068252,25.70980150225682,Histidine,6.0,39.51966114740904,none,0.0,none,0.0,none,0.0,none,0.0,1.0,1.0,2.5794862337804894,2.549710036570474,2.0424212910578663,1.7960904954167192,1.619753555778547,2.0
316_cb2_s4,Trastuzumab,mAb_IgG1,3.0,149.0,8.9,0.3,127.23149334574826,24.39441403535961,Histidine,6.0,25.365382059533264,none,0.0,none,0.0,none,0.0,Proline,75.02140960175466,1.0,1.0,2.3128094269298995,2.312809426929899,2.3128092808410954,2.187124231232731,2.009112174135349,2.0
446_cb2_s5,Adalimumab,mAb_IgG1,3.0,148.0,8.7,0.3,140.3363895781918,24.217879194144473,Histidine,6.0,15.485163772490589,none,0.0,Sucrose,0.4008348475001857,none,0.0,none,0.0,1.0,1.0,8.019831252001964,8.019831252001964,8.019831252001964,7.747690565113789,1.4381901012985667,2.0
447_cb2_s6,Adalimumab,mAb_IgG1,3.0,148.0,8.7,0.3,139.08011831166783,24.274412154974222,Histidine,6.0,14.996373315646183,none,0.0,none,0.0,tween-80,0.04874760655558688,none,0.0,1.0,1.0,7.330197531226694,6.763795719111102,5.549679180226504,3.5377408146478873,0.2621494970433727,2.0
451_cb2_s7,Adalimumab,mAb_IgG1,3.0,148.0,8.7,0.3,136.17919408968046,25.20214737748085,Histidine,6.0,15.370734657546647,none,0.0,Sucrose,0.39143157056280764,none,0.0,Arginine,101.3604322109009,1.0,1.0,3.989870625326194,3.933318019258997,3.7529127077187168,3.290370057852911,2.131109936424573,2.0
452_cb2_s8,Adalimumab,mAb_IgG1,3.0,148.0,8.7,0.3,135.93872650555352,24.756385717943225,Histidine,6.0,14.797287576251517,none,0.0,none,0.0,none,0.0,Arginine,250.1707620874401,1.0,1.0,3.8868981102358244,3.886898110231904,3.8642726637626668,3.3196488047708828,3.2507208629808835,2.0
454_cb2_s9,Adalimumab,mAb_IgG1,3.0,148.0,8.7,0.3,136.24899649070568,24.137096635604703,Histidine,6.0,14.796730604299304,none,0.0,none,0.0,none,0.0,Lysine,25.597054701523685,1.0,1.0,3.4527227491952375,3.4527227491952375,3.4527227491952375,3.167893597001579,2.3716690494784713,2.0
455_cb2_s10,Adalimumab,mAb_IgG1,3.0,148.0,8.7,0.3,133.38672247433257,25.71118493084925,Histidine,6.0,15.521669899139273,none,0.0,none,0.0,none,0.0,Lysine,101.95771610156359,1.0,1.0,5.5807491873009045,5.580749187300679,5.58074861854988,5.122113659733966,2.5530267484704927,2.0
458_cb2_s11,Adalimumab,mAb_IgG1,3.0,148.0,8.7,0.3,138.78431620095535,25.32522504626807,Histidine,6.0,14.549075909472055,none,0.0,none,0.0,tween-80,0.051051947617722915,Lysine,98.00387874537118,1.0,1.0,5.169332566588214,4.902012354240849,4.875280267838356,4.872607053042809,4.872312008590818,2.0
460_cb2_s12,Adalimumab,mAb_IgG1,3.0,148.0,8.7,0.3,134.50536912945495,25.267252824240277,Histidine,6.0,15.26629662776215,none,0.0,none,0.0,none,0.0,Proline,24.839666187221404,1.0,1.0,4.823786813667812,4.823786643578421,4.709342033355059,4.394275900409287,3.8941596291157543,2.0
312_cb2_s13,Trastuzumab,mAb_IgG1,3.0,149.0,8.9,0.3,127.09735125117402,24.691373406726537,Histidine,6.0,24.720849123026984,none,0.0,none,0.0,none,0.0,none,0.0,1.0,1.0,4.2416841184991405,3.3291824892552224,2.49823154020385,1.9730422204746463,1.6922487626426836,2.0
314_cb2_s14,Trastuzumab,mAb_IgG1,3.0,149.0,8.9,0.3,124.98600995292739,25.334370827796253,Histidine,6.0,24.454149561930343,none,0.0,none,0.0,none,0.0,Arginine,158.7612809520819,1.0,1.0,4.1004709789185165,3.368498389554866,2.569190979140046,2.019321190464368,1.7452232479533931,2.0
317_cb2_s15,Trastuzumab,mAb_IgG1,3.0,149.0,8.9,0.3,124.10742699798348,25.44519158175989,Histidine,6.0,25.28760250805328,none,0.0,Sucrose,0.20200266288552485,none,0.0,Arginine,60.059728424617155,1.0,1.0,3.674932397570721,3.1412052164650124,2.6603580607612587,2.3145318527968852,2.040989298296551,2.0
444_cb2_s16,Adalimumab,mAb_IgG1,3.0,148.0,8.7,0.3,133.57970592479754,23.92332854006438,Histidine,6.0,15.329145813526107,none,0.0,none,0.0,none,0.0,none,0.0,1.0,1.0,9.137459112550204,8.05682292499993,6.170353119268295,3.646378354263212,0.2735569122340374,2.0
445_cb2_s17,Adalimumab,mAb_IgG1,3.0,148.0,8.7,0.3,136.66591606385708,25.341784661600236,Histidine,6.0,14.59021328663984,NaCl,143.39344315908193,none,0.0,none,0.0,none,0.0,1.0,1.0,6.813571085123197,5.974648917725124,5.128051563615663,4.302236842900121,2.7042747535598513,2.0
448_cb2_s18,Adalimumab,mAb_IgG1,3.0,148.0,8.7,0.3,132.22069692790842,24.323664857078235,Histidine,6.0,14.543292244134632,none,0.0,none,0.0,none,0.0,Arginine,25.55634418749496,1.0,1.0,11.73770955965446,9.736705405224935,8.076825551578347,6.699916302139822,4.461009766632245,2.0
449_cb2_s19,Adalimumab,mAb_IgG1,3.0,148.0,8.7,0.3,138.33669137401876,24.922050911031665,Histidine,6.0,14.83551381105282,none,0.0,none,0.0,none,0.0,Arginine,100.32003645170558,1.0,1.0,4.473092273784562,3.694920317889423,3.0712804291010722,2.5714850973089427,1.8004099134835991,2.0
450_cb2_s20,Adalimumab,mAb_IgG1,3.0,148.0,8.7,0.3,133.88364406496714,25.130140253291444,Histidine,6.0,14.710872322136817,NaCl,137.31997743829388,none,0.0,none,0.0,Arginine,100.68757576309977,1.0,1.0,8.715264651972216,6.288259770138142,4.634400260542451,3.507393352341348,2.1429542950005214,2.0
453_cb2_s21,Adalimumab,mAb_IgG1,3.0,148.0,8.7,0.3,137.40353571003692,25.517624667361876,Histidine,6.0,14.446143641328572,none,0.0,none,0.0,tween-80,0.04907048913980759,Arginine,97.00694148981984,1.0,1.0,3.1967541447157135,2.95000898162591,2.7388998980438224,2.5688187204218345,2.336364695327136,2.0
456_cb2_s22,Adalimumab,mAb_IgG1,3.0,148.0,8.7,0.3,135.55962178937713,25.034672168518124,Histidine,6.0,14.783478733998823,NaCl,140.4950984419903,none,0.0,none,0.0,Lysine,98.90663983082547,1.0,1.0,5.894335398491601,4.513672309262378,3.4564096986627373,2.6467956542044,1.4808157724735933,2.0
457_cb2_s23,Adalimumab,mAb_IgG1,3.0,148.0,8.7,0.3,137.1907706971273,24.42586835562369,Histidine,6.0,15.24563329312646,none,0.0,Sucrose,0.4123034553473004,none,0.0,Lysine,97.75491038751117,1.0,1.0,7.499763314830837,6.681755068117384,5.896314074002982,5.157143807639487,3.7512849737576928,2.0
459_cb2_s24,Adalimumab,mAb_IgG1,3.0,148.0,8.7,0.3,136.05487898650597,24.33676393584446,Histidine,6.0,15.314195311986436,none,0.0,none,0.0,none,0.0,Lysine,255.8479499621389,1.0,1.0,2.486928110268939,2.2048465491175993,1.9851076308809112,1.8139330603811632,1.560963359631796,2.0
161_cb3_s1,Adalimumab,mAb_IgG1,3.0,148.0,8.7,0.3,142.82213369138196,28.118394347928774,Histidine,6.0,14.899776830706019,none,0.0,none,0.0,none,0.0,none,0.0,1.0,1.0,6.107677627309513,6.107677627309513,6.107677301230337,4.4860902431938,2.542803251110677,3.0
162_cb3_s2,Adalimumab,mAb_IgG1,3.0,148.0,8.7,0.3,137.97271513784327,27.42769007238058,Acetate,5.0,20.3304188685766,none,0.0,none,0.0,none,0.0,none,0.0,1.0,1.0,4.6659458668434555,3.7777329259440298,2.9290588304844594,2.2206189332780144,1.3702371300714846,3.0
171_cb3_s3,Bevacizumab,mAb_IgG1,3.0,149.0,8.3,0.3,148.013946791316,27.22336387619676,Acetate,5.0,20.105394886132423,none,0.0,none,0.0,none,0.0,none,0.0,1.0,1.0,3.1558807690025574,2.990365886246742,2.990365886246742,2.813409881189451,1.6488942167423546,3.0
172_cb3_s4,Bevacizumab,mAb_IgG1,3.0,149.0,8.3,0.3,133.7374435936132,27.46305194047285,Histidine,6.0,14.785272003266774,none,0.0,none,0.0,none,0.0,none,0.0,1.0,1.0,3.3410688465823366,3.3358660053872478,2.996139597491546,2.343722592855777,1.362443322556142,3.0
218_cb3_s5,Bevacizumab,mAb_IgG1,3.0,149.0,8.3,0.3,252.36001135459634,27.541775397353845,PBS,7.4,10.148536483671943,NaCl,141.35029706750584,none,0.0,none,0.0,none,0.0,1.0,1.0,16.317180580386765,16.317180267887853,14.919526228947817,8.336360062671938,4.0314669197074995,3.0
303_cb3_s6,Trastuzumab,mAb_IgG1,3.0,149.0,8.9,0.3,159.14565303742677,24.89534309021032,Histidine,6.0,15.321893414329805,none,0.0,none,0.0,none,0.0,none,0.0,1.0,1.0,4.517874334426929,4.512778125433009,4.411968506441254,3.6962862692216527,1.8337353202504838,3.0
630_cb3_s7,Adalimumab,mAb_IgG1,3.0,148.0,8.7,0.3,205.04883053975956,26.088861286730296,Histidine,6.0,14.598418260083026,NaCl,70.97008607224426,Sucrose,0.19757655671696445,tween-80,0.0517193779062073,none,0.0,1.0,1.0,41.46888441640993,41.46888441640993,41.46888441640626,41.44008866135639,7.5539393308501595,3.0
631_cb3_s8,Adalimumab,mAb_IgG1,3.0,148.0,8.7,0.3,205.81290578211917,25.336191722057375,Histidine,6.0,14.424098053140703,NaCl,69.98062715546807,Sucrose,0.1972410889037433,tween-80,0.04950687717760023,none,0.0,1.0,1.0,55.62618859971984,55.62618859971984,55.626188536949755,50.66508539711289,8.026783467990606,3.0
229_cb3_s9,Adalimumab,mAb_IgG1,3.0,148.0,8.7,0.3,271.2205859249161,27.687028212012887,PBS,7.4,10.114122599443906,NaCl,142.710917049492,none,0.0,none,0.0,none,0.0,1.0,1.0,59.37276507695649,56.27121659463102,43.699413125737486,25.744357574428673,6.363146582574284,3.0
302_cb3_s10,Trastuzumab,mAb_IgG1,3.0,149.0,8.9,0.3,150.65935796736613,24.324462816895988,Acetate,5.0,19.47101681730257,none,0.0,none,0.0,none,0.0,none,0.0,1.0,1.0,7.217546216714085,6.420980381027542,5.211514748194863,4.229865802572038,2.685909598610407,3.0
161_cb3_s11,Adalimumab,mAb_IgG1,3.0,148.0,8.7,0.3,143.93773543909577,27.54724115346133,Histidine,6.0,14.334209888175739,none,0.0,none,0.0,none,0.0,none,0.0,1.0,1.0,6.238904512695142,6.238904512695142,6.238903631782955,4.483488109580155,2.5795011950310394,3.0
162_cb3_s12,Adalimumab,mAb_IgG1,3.0,148.0,8.7,0.3,138.12838747244072,28.00699082608749,Acetate,5.0,20.193075154883683,none,0.0,none,0.0,none,0.0,none,0.0,1.0,1.0,5.10576633063659,4.195050564869722,3.2683014429842383,2.4520526963415934,1.4245691474707447,3.0
171_cb3_s13,Bevacizumab,mAb_IgG1,3.0,149.0,8.3,0.3,143.2949671004539,27.805531955488238,Acetate,5.0,19.632525395405562,none,0.0,none,0.0,none,0.0,none,0.0,1.0,1.0,3.282900813086494,3.282900813086494,3.282900813086494,2.5060293795737905,1.788589554960778,3.0
172_cb3_s14,Bevacizumab,mAb_IgG1,3.0,149.0,8.3,0.3,136.1494207819196,27.109731079887958,Histidine,6.0,14.622448526797399,none,0.0,none,0.0,none,0.0,none,0.0,1.0,1.0,3.270372755641974,3.2652398284415427,2.8911815040102344,2.21332438997676,1.2295032366601935,3.0
218_cb3_s15,Bevacizumab,mAb_IgG1,3.0,149.0,8.3,0.3,247.1761299791453,28.06176081248617,PBS,7.4,10.417688554573985,NaCl,135.55924672573371,none,0.0,none,0.0,none,0.0,1.0,1.0,15.88589711997159,15.885896536116425,14.032283628577792,7.464703142180939,3.6311343450389315,3.0
303_cb3_s16,Trastuzumab,mAb_IgG1,3.0,149.0,8.9,0.3,148.723752099487,25.00168775329858,Histidine,6.0,15.098346351852927,none,0.0,none,0.0,none,0.0,none,0.0,1.0,1.0,4.427486925647099,4.422947789450499,4.333809720139343,3.693074134855556,1.9508297720859207,3.0
630_cb3_s17,Adalimumab,mAb_IgG1,3.0,148.0,8.7,0.3,202.31117315186435,25.145076550512204,Histidine,6.0,14.701255381562932,NaCl,70.91159073855312,Sucrose,0.20343380446662668,tween-80,0.04976537943004259,none,0.0,1.0,1.0,39.79652092790068,39.79652092790068,39.79652092788548,39.745002718348864,7.078809607519919,3.0
631_cb3_s18,Adalimumab,mAb_IgG1,3.0,148.0,8.7,0.3,201.41869585381045,26.064890298853484,Histidine,6.0,15.299057632039741,NaCl,70.39289096628619,Sucrose,0.20703448193678053,tween-80,0.05037210547260687,none,0.0,1.0,1.0,52.548866894908684,52.548866894908684,52.54886679307482,47.76173943745629,7.899218771658736,3.0
229_cb3_s19,Adalimumab,mAb_IgG1,3.0,148.0,8.7,0.3,259.95521998084257,27.38836064943239,PBS,7.4,9.83999228712047,NaCl,139.822131191077,none,0.0,none,0.0,none,0.0,1.0,1.0,57.64250099427083,54.77092265881672,42.2897042425388,24.410330125099716,5.795189562310416,3.0
302_cb3_s20,Trastuzumab,mAb_IgG1,3.0,149.0,8.9,0.3,140.39414535808527,24.69664985261735,Acetate,5.0,20.084513476911788,none,0.0,none,0.0,none,0.0,none,0.0,1.0,1.0,7.560628998797395,6.255875208303086,4.497807356450079,3.2338034764960812,1.577275656983533,3.0
161_cb3_s21,Adalimumab,mAb_IgG1,3.0,148.0,8.7,0.3,139.59755335500157,27.156610035657724,Histidine,6.0,14.944642392703244,none,0.0,none,0.0,none,0.0,none,0.0,1.0,1.0,6.371414796532994,6.371414796532994,6.37141448766792,4.601982248731261,2.50970053170921,3.0
162_cb3_s22,Adalimumab,mAb_IgG1,3.0,148.0,8.7,0.3,135.837233836219,27.389179656328864,Acetate,5.0,19.997391473908216,none,0.0,none,0.0,none,0.0,none,0.0,1.0,1.0,4.770040454051756,3.8878431572321457,3.0181784930211806,2.2719283185694676,1.3510452349103304,3.0
171_cb3_s23,Bevacizumab,mAb_IgG1,3.0,149.0,8.3,0.3,150.25100118066857,27.8874785969036,Acetate,5.0,20.31562267495021,none,0.0,none,0.0,none,0.0,none,0.0,1.0,1.0,3.310028700706844,3.310028700706844,3.1129517961975455,2.6499875770355175,1.7872432140575212,3.0
172_cb3_s24,Bevacizumab,mAb_IgG1,3.0,149.0,8.3,0.3,137.89829690130614,27.256325788379336,Histidine,6.0,14.856152109780227,none,0.0,none,0.0,none,0.0,none,0.0,1.0,1.0,3.32017386231178,3.3178040049265602,3.170125843869105,2.865733928284616,2.2934760661632456,3.0
218_cb3_s25,Bevacizumab,mAb_IgG1,3.0,149.0,8.3,0.3,255.35771576117443,27.60484957519576,PBS,7.4,10.188262116153497,NaCl,137.1089330701229,none,0.0,none,0.0,none,0.0,1.0,1.0,16.132267491151367,16.132267157638104,14.744167193765644,8.475650827782076,4.083391834357201,3.0
303_cb3_s26,Trastuzumab,mAb_IgG1,3.0,149.0,8.9,0.3,153.57855226274492,24.60761904593615,Histidine,6.0,14.888847570422993,none,0.0,none,0.0,none,0.0,none,0.0,1.0,1.0,4.748079435089899,4.7422411008160665,4.627319329269029,3.805954867716208,1.733125344429162,3.0
630_cb3_s27,Adalimumab,mAb_IgG1,3.0,148.0,8.7,0.3,208.10446340473368,25.87454558013482,Histidine,6.0,14.802649633844359,NaCl,71.19633531789326,Sucrose,0.19563226439841874,tween-80,0.05089024750083651,none,0.0,1.0,1.0,37.08998562344233,37.08998562344233,37.089985623425655,37.03301261037001,7.1886714924244375,3.0
631_cb3_s28,Adalimumab,mAb_IgG1,3.0,148.0,8.7,0.3,202.0928062225963,25.557931880071802,Histidine,6.0,14.589858658061926,NaCl,71.18744389773333,Sucrose,0.19506990674092597,tween-80,0.050552299937679526,none,0.0,1.0,1.0,52.75924354207256,52.75924354207256,52.75924340807235,48.42104385567876,8.30058711889412,3.0
229_cb3_s29,Adalimumab,mAb_IgG1,3.0,148.0,8.7,0.3,261.6143179870331,26.42055586958008,PBS,7.4,10.06993000945994,NaCl,135.61855224018623,none,0.0,none,0.0,none,0.0,1.0,1.0,58.005702322851064,55.03168109084662,42.60388717199403,24.799202614550214,5.9553837586855325,3.0
302_cb3_s30,Trastuzumab,mAb_IgG1,3.0,149.0,8.9,0.3,149.1516998706076,25.167529014542055,Acetate,5.0,20.126462382873108,none,0.0,none,0.0,none,0.0,none,0.0,1.0,1.0,7.310849176989451,5.7961250947762695,3.893398331991464,2.6152904762309923,1.1002011437563348,3.0
161_cb3_s31,Adalimumab,mAb_IgG1,3.0,148.0,8.7,0.3,142.3019298452918,27.4783809918048,Histidine,6.0,14.95965096467948,none,0.0,none,0.0,none,0.0,none,0.0,1.0,1.0,6.236580094544182,6.236580094544182,6.236579397129381,4.3801147775440565,2.4241263355746643,3.0
162_cb3_s32,Adalimumab,mAb_IgG1,3.0,148.0,8.7,0.3,142.69443462830844,27.712744686379065,Acetate,5.0,20.436392170074388,none,0.0,none,0.0,none,0.0,none,0.0,1.0,1.0,4.496096944999628,3.6520378322014113,2.861476617172346,2.211680149050973,1.439174103384107,3.0
171_cb3_s33,Bevacizumab,mAb_IgG1,3.0,149.0,8.3,0.3,146.06979688639208,27.306722170357446,Acetate,5.0,20.625365343532845,none,0.0,none,0.0,none,0.0,none,0.0,1.0,1.0,3.5326554426278456,3.3754374352315026,3.2571821312552656,2.77016537334002,1.7617156215517986,3.0
172_cb3_s34,Bevacizumab,mAb_IgG1,3.0,149.0,8.3,0.3,130.28792789918757,27.844029409257068,Histidine,6.0,15.265569444896697,none,0.0,none,0.0,none,0.0,none,0.0,1.0,1.0,3.2305224622520834,3.226446435500022,2.993511343864165,2.5368609051252196,1.760185731778844,3.0
218_cb3_s35,Bevacizumab,mAb_IgG1,3.0,149.0,8.3,0.3,257.408317012313,28.579422954791937,PBS,7.4,10.000739134369569,NaCl,142.8320964991434,none,0.0,none,0.0,none,0.0,1.0,1.0,15.705847044877697,15.705846264437996,13.958608801893106,7.522826678582321,3.69209211550095,3.0
303_cb3_s36,Trastuzumab,mAb_IgG1,3.0,149.0,8.9,0.3,158.76744590094748,24.560092823248972,Histidine,6.0,15.596118333509832,none,0.0,none,0.0,none,0.0,none,0.0,1.0,1.0,4.881077733921745,4.8784312401005785,4.813897103590605,4.259571976166362,2.5954144205038876,3.0
630_cb3_s37,Adalimumab,mAb_IgG1,3.0,148.0,8.7,0.3,207.70924586149104,25.586905816311088,Histidine,6.0,15.013054400593038,NaCl,70.78139532032591,Sucrose,0.1898817596892228,tween-80,0.0497033925409302,none,0.0,1.0,1.0,38.105990227354354,38.105990227354354,38.105990227352336,38.06903230433558,7.104575402858663,3.0
631_cb3_s38,Adalimumab,mAb_IgG1,3.0,148.0,8.7,0.3,212.48084126788518,25.087418339427288,Histidine,6.0,14.954748686529992,NaCl,69.89647340814825,Sucrose,0.19819336209536154,tween-80,0.05019502498402813,none,0.0,1.0,1.0,52.868654981130234,52.868654981130234,52.868654848843995,47.55591383160024,7.932792026117864,3.0
229_cb3_s39,Adalimumab,mAb_IgG1,3.0,148.0,8.7,0.3,271.7811980002723,27.152632248959065,PBS,7.4,10.050633047607596,NaCl,142.29696323531485,none,0.0,none,0.0,none,0.0,1.0,1.0,55.65512664067403,52.80757045051978,40.69605331546043,23.398189979314864,5.456895988493033,3.0
302_cb3_s40,Trastuzumab,mAb_IgG1,3.0,149.0,8.9,0.3,144.8050596611717,24.91161291844211,Acetate,5.0,19.3805526804545,none,0.0,none,0.0,none,0.0,none,0.0,1.0,1.0,7.282649511308902,5.833160494258543,3.9463224425492354,2.6698152477398707,1.1407064818695807,3.0
274_cb0_s1,Ibalizumab,mAb_IgG4,3.5,150.0,8.0,0.3,40.383553214468854,27.980984390772885,Acetate,5.0,19.740093909260693,NaCl,136.63103760491038,none,0.0,none,0.0,none,0.0,1.3,1.1,1.3104030028876241,1.3104030028876241,1.310402887834182,1.1666374954897878,1.0409113568557875,0.0
275_cb0_s2,Ibalizumab,mAb_IgG4,3.5,150.0,8.0,0.3,39.63510333802065,27.599784641062683,Acetate,5.0,20.238011786334226,none,0.0,Trehalose,0.4944257694689168,none,0.0,none,0.0,1.3,1.1,1.7824791923354935,1.7824791923354935,1.782479050051645,1.6459273958743208,1.576550784980762,0.0
276_cb0_s3,Ibalizumab,mAb_IgG4,3.5,150.0,8.0,0.3,24.107066754032942,27.30220368015115,Acetate,5.0,20.120442935676696,none,0.0,none,0.0,none,0.0,none,0.0,1.3,1.1,0.9086012826099882,0.9086012826099882,0.9086011795940444,0.8214363337279487,0.777791288232156,0.0
277_cb0_s4,Ibalizumab,mAb_IgG4,3.5,150.0,8.0,0.3,9.64475073330671,27.45567013788678,Acetate,5.0,19.666777577199696,none,0.0,Sucrose,0.2545769513778008,tween-80,0.024725229862702234,none,0.0,1.3,1.1,1.015570241065877,1.015570241065877,1.0155701098085956,0.9706176008274315,0.9509374529238098,0.0
278_cb0_s5,Ibalizumab,mAb_IgG4,3.5,150.0,8.0,0.3,10.162830352423653,27.76513670003446,Acetate,5.0,20.14749325892701,none,0.0,Trehalose,0.25196898649108124,none,0.0,none,0.0,1.3,1.1,1.195796484710277,1.195796484710277,1.1957961292538084,1.0723461045783114,1.0201915925115062,0.0
282_cb0_s6,Ibalizumab,mAb_IgG4,3.5,150.0,8.0,0.3,39.958076439538026,28.437258033940523,Histidine,6.0,15.374067514660414,none,0.0,none,0.0,none,0.0,none,0.0,1.3,1.1,1.2154064172977928,1.2154064172977903,1.2153840157899336,1.0671324448420776,1.0312067743772586,0.0
283_cb0_s7,Ibalizumab,mAb_IgG4,3.5,150.0,8.0,0.3,30.937733261104917,27.349303804993884,Histidine,6.0,14.926984806187495,none,0.0,none,0.0,tween-20,0.02485008090186256,none,0.0,1.3,1.1,1.0081213333324823,1.0081213333324823,1.0081211127349654,0.9371214438231393,0.9050570974357249,0.0
284_cb0_s8,Ibalizumab,mAb_IgG4,3.5,150.0,8.0,0.3,24.241678725289603,28.312313934365047,Histidine,6.0,14.64966613461962,none,0.0,Sucrose,0.25108387781881314,none,0.0,none,0.0,1.3,1.1,1.215620424907685,1.2130259358602036,1.2085408169437801,1.2068935814312998,1.2061652011981174,0.0
285_cb0_s9,Ibalizumab,mAb_IgG4,3.5,150.0,8.0,0.3,24.72586560253746,27.95833365147917,Histidine,6.0,14.668541162081244,NaCl,140.61751599563883,none,0.0,none,0.0,none,0.0,1.3,1.1,1.1606199422720076,1.1652324103886016,1.1740651086175673,1.1773004575652715,1.178678183394723,0.0
286_cb0_s10,Ibalizumab,mAb_IgG4,3.5,150.0,8.0,0.3,10.03882152619067,27.207832137965823,Histidine,6.0,15.145162995356413,none,0.0,none,0.0,none,0.0,none,0.0,1.3,1.1,0.8288718547004407,0.817349323652105,0.7984719699306201,0.7913413041475765,0.7880301325324632,0.0
289_cb0_s11,Ibalizumab,mAb_IgG4,3.5,150.0,8.0,0.3,29.467991446629927,27.794149534990247,PBS,7.4,10.245796100497813,NaCl,138.21553830831937,none,0.0,tween-80,0.10091677340710298,none,0.0,1.3,1.1,1.2860187223002524,1.2860187223002524,1.2860182465058896,1.1831897466128312,1.1427538762302907,0.0
290_cb0_s12,Ibalizumab,mAb_IgG4,3.5,150.0,8.0,0.3,29.59933226611867,27.660706000579502,PBS,7.4,9.962534196318725,NaCl,133.7329525466901,Trehalose,0.4787929984736493,tween-80,0.09878626964428566,none,0.0,1.3,1.1,2.22161243984152,2.22161243984152,2.2216121945617644,1.9165320823975374,1.5166888023634917,0.0
291_cb0_s13,Ibalizumab,mAb_IgG4,3.5,150.0,8.0,0.3,9.922995637657428,27.71064394160751,PBS,7.4,10.02825142801749,NaCl,134.03441385653983,none,0.0,none,0.0,none,0.0,1.3,1.1,0.9837229581781946,0.9837229581773375,0.9789266941876152,0.8670443649742332,0.8529227860452037,0.0
292_cb0_s14,Ibalizumab,mAb_IgG4,3.5,150.0,8.0,0.3,20.68987865990444,27.341903864329804,PBS,7.4,10.057465780880602,NaCl,139.87256571315652,none,0.0,tween-20,0.09915152733320393,none,0.0,1.3,1.1,1.0844290027310937,1.0844290027310937,1.0844289882582585,1.018506679879823,0.8702196586471782,0.0
486_cb0_s15,Nivolumab,mAb_IgG4,3.5,146.0,8.8,0.3,11.728783358630315,25.518243378132155,PBS,7.4,10.251429843372515,NaCl,138.50106175635457,none,0.0,none,0.0,none,0.0,1.3,1.1,1.4572901734580128,1.4499543177372918,1.398064513800824,1.2625460299574631,0.9472539393174224,0.0
496_cb0_s16,Nivolumab,mAb_IgG4,3.5,146.0,8.8,0.3,25.90870674834041,26.34770049847411,Histidine,6.0,15.029420261861684,none,0.0,none,0.0,none,0.0,none,0.0,1.3,1.1,1.05133091289431,1.0505393408786137,0.9973352142910846,0.9906381564599405,0.9898989978404648,0.0
500_cb0_s17,Nivolumab,mAb_IgG4,3.5,146.0,8.8,0.3,25.045876242224185,25.859802908001168,PBS,7.4,9.976754191375608,NaCl,140.60119691287747,none,0.0,none,0.0,none,0.0,1.3,1.1,1.3730118372317774,1.3730118371983362,1.3730117947500355,1.372957937250075,1.0140981407046863,0.0
274_cb0_s18,Ibalizumab,mAb_IgG4,3.5,150.0,8.0,0.3,40.7642404465902,27.981825735891388,Acetate,5.0,20.589068270300395,NaCl,138.30885424728615,none,0.0,none,0.0,none,0.0,1.3,1.1,1.3929669502516808,1.3929669502516808,1.392966747362081,1.2220786868374747,1.0810823784708377,0.0
275_cb0_s19,Ibalizumab,mAb_IgG4,3.5,150.0,8.0,0.3,40.51238383616066,27.395223291701203,Acetate,5.0,20.129622811288623,none,0.0,Trehalose,0.4885230861018433,none,0.0,none,0.0,1.3,1.1,1.827328959219791,1.827328959219791,1.8273288554840856,1.6246513593869507,1.5214866878486077,0.0
276_cb0_s20,Ibalizumab,mAb_IgG4,3.5,150.0,8.0,0.3,25.388703676382256,27.75666904008134,Acetate,5.0,20.608402490863753,none,0.0,none,0.0,none,0.0,none,0.0,1.3,1.1,0.9223518036515687,0.9223518036515685,0.9223516048799747,0.7934208151254762,0.728405394307892,0.0
277_cb0_s21,Ibalizumab,mAb_IgG4,3.5,150.0,8.0,0.3,9.778741297517673,27.04651721115978,Acetate,5.0,19.75656411070412,none,0.0,Sucrose,0.24735511145967992,tween-80,0.024471721178619874,none,0.0,1.3,1.1,0.9812478827740453,0.9812478827740453,0.9812477822445788,0.9425075444079609,0.9259583224617723,0.0
278_cb0_s22,Ibalizumab,mAb_IgG4,3.5,150.0,8.0,0.3,10.054011471678283,26.448259763519125,Acetate,5.0,19.972546381565813,none,0.0,Trehalose,0.24315842480583594,none,0.0,none,0.0,1.3,1.1,1.2440310504209182,1.2440310504209182,1.2440307347447093,1.0975839320975447,1.0320310183243702,0.0
282_cb0_s23,Ibalizumab,mAb_IgG4,3.5,150.0,8.0,0.3,40.43478350293608,27.609895738545294,Histidine,6.0,15.0792060244001,none,0.0,none,0.0,none,0.0,none,0.0,1.3,1.1,1.3669158430368602,1.3669158430368593,1.3668944839673896,1.1279822394106154,1.0684891495480664,0.0
224_cb1_s1,Pembrolizumab,mAb_IgG4,3.5,149.0,7.57,0.3,49.877291066404275,27.551354805852156,Acetate,5.0,19.54791851013043,none,0.0,Sucrose,0.10482335335115685,tween-80,0.10303278811050716,none,0.0,1.3,1.1,2.11008595322462,2.058272722118531,2.0166361575582914,1.556723684640042,1.1481015946137672,1.0
228_cb1_s2,Pembrolizumab,mAb_IgG4,3.5,149.0,7.57,0.3,60.3093030481713,26.817031683485105,Acetate,5.0,20.133670566897962,none,0.0,Sucrose,0.24922370475587627,tween-80,0.048092192442122615,none,0.0,1.3,1.1,2.932029860823617,2.9320130151647414,2.3385431856283603,1.8123475776594664,1.407899183445118,1.0
270_cb1_s3,Ibalizumab,mAb_IgG4,3.5,150.0,8.0,0.3,70.68045080518469,26.6489828060839,Acetate,5.0,20.43307642155483,none,0.0,Sucrose,0.7429331302227318,tween-80,0.04990636381126083,none,0.0,1.3,1.1,3.3375713704422214,2.954532230025696,2.6372947324208837,2.3745549253210028,1.9483631369073593,1.0
271_cb1_s4,Ibalizumab,mAb_IgG4,3.5,150.0,8.0,0.3,67.87291549433242,25.942314421039185,Acetate,5.0,19.8195364566364,none,0.0,Trehalose,0.5055174079991092,none,0.0,none,0.0,1.3,1.1,3.6219795689200405,3.327656476772426,2.9391700241885195,2.576149111489357,2.284638807382918,1.0
272_cb1_s5,Ibalizumab,mAb_IgG4,3.5,150.0,8.0,0.3,54.57262714729869,27.604733139458784,Acetate,5.0,20.179687488514016,none,0.0,none,0.0,tween-20,0.04949019330680912,none,0.0,1.3,1.1,1.2432145346786883,1.2432145346786876,1.2432024949063551,1.0092846463297662,0.9467497368746376,1.0
273_cb1_s6,Ibalizumab,mAb_IgG4,3.5,150.0,8.0,0.3,55.064882643748554,27.745779875441485,Acetate,5.0,19.86298031965689,none,0.0,Trehalose,0.2508523188549829,tween-80,0.024518633717357696,none,0.0,1.3,1.1,1.7026984536435343,1.515941262858078,1.515941262858078,1.4601793816154416,1.1469259138116936,1.0
288_cb1_s7,Ibalizumab,mAb_IgG4,3.5,150.0,8.0,0.3,55.78607076970029,26.37253229678239,PBS,7.4,10.23181481299118,NaCl,139.058486731693,none,0.0,tween-80,0.025212744966620116,none,0.0,1.3,1.1,1.6497107966991245,1.6497107966991245,1.6497106522980636,1.4357558828187689,1.231521597842914,1.0
426_cb1_s8,Pembrolizumab,mAb_IgG4,3.5,149.0,7.57,0.3,50.70023784432007,24.571613953086604,Histidine,6.0,14.83333596615394,none,0.0,none,0.0,none,0.0,none,0.0,1.3,1.1,1.6907038708737472,1.682251231007698,1.4617177726319028,1.4362750039275891,1.4334668690323793,1.0
494_cb1_s9,Nivolumab,mAb_IgG4,3.5,146.0,8.8,0.3,54.89727445521006,25.368558492736476,Histidine,6.0,14.54565890724577,none,0.0,none,0.0,none,0.0,none,0.0,1.3,1.1,1.7342611628968507,1.7219406075005161,1.4350668708467578,1.2624735919951227,1.0968724858422518,1.0
501_cb1_s10,Nivolumab,mAb_IgG4,3.5,146.0,8.8,0.3,49.705282893522366,26.595773540141867,PBS,7.4,10.04046575928456,NaCl,144.56919931744952,none,0.0,none,0.0,none,0.0,1.3,1.1,1.5346733296288093,1.5346600054121853,1.35709026963827,1.3148556669770668,1.3101942063959933,1.0
280_cb1_s11,Ibalizumab,mAb_IgG4,3.5,150.0,8.0,0.3,74.62720707288833,28.16029241216063,Histidine,6.0,15.042107960954414,none,0.0,Sucrose,0.48032930296412846,tween-80,0.0244414067691465,none,0.0,1.3,1.1,2.430343126192358,2.1180677059245188,1.800275911780437,1.6709487676584076,1.6011480113796002,1.0
281_cb1_s12,Ibalizumab,mAb_IgG4,3.5,150.0,8.0,0.3,55.15794673015568,26.500111426037066,Histidine,6.0,15.227913688645252,none,0.0,Sucrose,0.49905541285557997,none,0.0,none,0.0,1.3,1.1,2.2152940056209074,1.9616707623561056,1.5663266321389402,1.2918272538115116,1.2010875340564504,1.0
422_cb1_s13,Pembrolizumab,mAb_IgG4,3.5,149.0,7.57,0.3,73.8083144746421,25.289928642647563,Histidine,6.0,14.787932229603795,none,0.0,none,0.0,none,0.0,none,0.0,1.3,1.1,5.002993445704425,4.364594178716111,3.4765444357138766,2.4702956488710957,1.0321458685831435,1.0
487_cb1_s14,Nivolumab,mAb_IgG4,3.5,146.0,8.8,0.3,51.62926996361583,25.539057107143716,PBS,7.4,10.090120682572508,NaCl,134.76451424930994,none,0.0,none,0.0,Arginine,4.883821615608764,1.3,1.1,2.9846897167130564,2.844982697638576,2.64911538586213,2.499787921462788,2.2861554934048685,1.0
489_cb1_s15,Nivolumab,mAb_IgG4,3.5,146.0,8.8,0.3,68.73190859786965,25.64638378671752,PBS,7.4,10.209741425283312,NaCl,144.6351399166472,none,0.0,none,0.0,Arginine,24.75821925807673,1.3,1.1,2.5492151294575938,2.4558396550626744,2.3742702630839925,2.308372190513307,2.2054568474345393,1.0
224_cb1_s16,Pembrolizumab,mAb_IgG4,3.5,149.0,7.57,0.3,48.09064391249271,28.22506627866897,Acetate,5.0,20.029072209731737,none,0.0,Sucrose,0.09917701371087564,tween-80,0.09982153169155711,none,0.0,1.3,1.1,1.9346826548669582,1.9346826548669582,1.9346826548669582,1.6692498186097586,1.2415788591713206,1.0
228_cb1_s17,Pembrolizumab,mAb_IgG4,3.5,149.0,7.57,0.3,61.14185972468886,26.938360648341835,Acetate,5.0,20.18938875961409,none,0.0,Sucrose,0.24866179454550602,tween-80,0.0508467707752165,none,0.0,1.3,1.1,2.8767606053191304,2.87673981152688,2.2740320152435336,1.7542540500444266,1.3449597794791133,1.0
270_cb1_s18,Ibalizumab,mAb_IgG4,3.5,150.0,8.0,0.3,69.00932374724916,27.108304374703177,Acetate,5.0,19.95573385257707,none,0.0,Sucrose,0.7365503665902718,tween-80,0.050841983695452134,none,0.0,1.3,1.1,3.69416781045822,3.5219658503805604,3.3612765625621046,3.2113302599784523,2.9187710260238706,1.0
271_cb1_s19,Ibalizumab,mAb_IgG4,3.5,150.0,8.0,0.3,68.2676027064884,27.560174659508135,Acetate,5.0,20.531456331299292,none,0.0,Trehalose,0.5031318447386498,none,0.0,none,0.0,1.3,1.1,3.4257090979433826,3.1405306496881655,2.77201112294937,2.434699744624517,2.168594268762785,1.0
272_cb1_s20,Ibalizumab,mAb_IgG4,3.5,150.0,8.0,0.3,53.07298831257311,27.285541961392305,Acetate,5.0,20.06322139596805,none,0.0,none,0.0,tween-20,0.049903376329985115,none,0.0,1.3,1.1,1.178170722273622,1.1781707222736197,1.1781575605287842,1.0164042444602535,0.9730806046402821,1.0
273_cb1_s21,Ibalizumab,mAb_IgG4,3.5,150.0,8.0,0.3,53.8975612791806,27.086160619455832,Acetate,5.0,19.41328592375373,none,0.0,Trehalose,0.2474929892655718,tween-80,0.025487656229238993,none,0.0,1.3,1.1,1.6677447524416869,1.6275487286315498,1.6275487286315498,1.3458398981946575,1.2436603953021712,1.0
288_cb1_s22,Ibalizumab,mAb_IgG4,3.5,150.0,8.0,0.3,54.14178095797079,28.231816197221473,PBS,7.4,9.760642270714738,NaCl,142.5023535302895,none,0.0,tween-80,0.025446476935054387,none,0.0,1.3,1.1,1.6856783180703159,1.6856783180703157,1.6856781084328776,1.4574274081318606,1.2448848241457438,1.0
426_cb1_s23,Pembrolizumab,mAb_IgG4,3.5,149.0,7.57,0.3,47.49566055741829,24.059994983046117,Histidine,6.0,15.213813608658398,none,0.0,none,0.0,none,0.0,none,0.0,1.3,1.1,1.721666453638042,1.7114528416214678,1.5023986355190837,1.4791728211311692,1.476609372922827,1.0
494_cb1_s24,Nivolumab,mAb_IgG4,3.5,146.0,8.8,0.3,55.24451884138094,26.295802389067106,Histidine,6.0,14.71430508577836,none,0.0,none,0.0,none,0.0,none,0.0,1.3,1.1,1.6263129191258467,1.6153017320274143,1.3956381305010712,1.2589556336871477,1.120015452393159,1.0
501_cb1_s25,Nivolumab,mAb_IgG4,3.5,146.0,8.8,0.3,52.207163540227725,25.11401577782159,PBS,7.4,10.333444822310227,NaCl,144.2650681407943,none,0.0,none,0.0,none,0.0,1.3,1.1,1.4891374433543743,1.4891199095611696,1.2715636759172972,1.221362871462499,1.215822176043968,1.0
225_cb2_s1,Pembrolizumab,mAb_IgG4,3.5,149.0,7.57,0.3,101.44295864751469,26.92242259321882,Acetate,5.0,20.302998059734993,none,0.0,none,0.0,none,0.0,none,0.0,1.3,1.1,3.239914152642731,3.1921502063670184,2.4521378369584137,1.9790635684387414,1.4733265544181129,2.0
269_cb2_s2,Ibalizumab,mAb_IgG4,3.5,150.0,8.0,0.3,102.49923781059334,27.92864195214793,Acetate,5.0,19.984392192248983,none,0.0,none,0.0,none,0.0,none,0.0,1.3,1.1,3.164992991311316,3.1649929913113155,3.1649925093065585,2.5968447434866047,1.8363198492268786,2.0
279_cb2_s3,Ibalizumab,mAb_IgG4,3.5,150.0,8.0,0.3,100.37895964244217,28.05409418525736,Histidine,6.0,14.623523199599312,none,0.0,Trehalose,0.2509235523739054,tween-80,0.05093791553751066,none,0.0,1.3,1.1,2.9031413695266073,2.9031413695266073,2.903139921878991,2.4841634688855136,2.3295613164955893,2.0
287_cb2_s4,Ibalizumab,mAb_IgG4,3.5,150.0,8.0,0.3,81.23507224773869,27.742718933434585,PBS,7.4,9.853368760578,NaCl,140.64118989888613,Sucrose,0.48142098548601714,tween-80,0.10120649500114279,none,0.0,1.3,1.1,2.1214218155990503,2.1578275908925892,2.2505323021958437,2.2859014699594864,2.3010640641106925,2.0
432_cb2_s5,Pembrolizumab,mAb_IgG4,3.5,149.0,7.57,0.3,97.25548469341064,24.643889618175475,Histidine,6.0,15.3560203860532,none,0.0,none,0.0,none,0.0,Arginine,257.1816770285299,1.3,1.1,6.250854294087105,5.955065066803696,5.64648737283036,5.3692514958108575,5.015786169759299,2.0
488_cb2_s6,Nivolumab,mAb_IgG4,3.5,146.0,8.8,0.3,85.18359659580055,25.228893267560487,Histidine,6.0,14.886597630294535,none,0.0,none,0.0,none,0.0,Arginine,25.115722961262787,1.3,1.1,3.0183221319418685,3.007660491729229,2.860777748259803,2.703687409206568,2.3909973518634167,2.0
499_cb2_s7,Nivolumab,mAb_IgG4,3.5,146.0,8.8,0.3,97.18577728088383,26.550763928171545,PBS,7.4,10.23403974183932,NaCl,140.3760301922938,none,0.0,none,0.0,none,0.0,1.3,1.1,2.4306214309936123,2.4239745332924825,2.3527719437567653,2.159726050258296,1.730192840572305,2.0
226_cb2_s8,Pembrolizumab,mAb_IgG4,3.5,149.0,7.57,0.3,81.4023290328047,26.641178727656975,Acetate,5.0,20.6013679313716,none,0.0,Sucrose,0.4966987990603355,tween-80,0.09957666603613766,none,0.0,1.3,1.1,3.9186734900802955,3.7748107984542356,3.034390025045453,2.4244171474933323,1.7646106775182018,2.0
227_cb2_s9,Pembrolizumab,mAb_IgG4,3.5,149.0,7.57,0.3,100.67604696220343,26.83613809367853,Acetate,5.0,19.569875042780303,NaCl,144.69390047618296,none,0.0,none,0.0,none,0.0,1.3,1.1,7.531921958838578,4.597128266240401,3.045478782670398,2.2251091179798195,1.5347433204209266,2.0
427_cb2_s10,Pembrolizumab,mAb_IgG4,3.5,149.0,7.57,0.3,80.3465999606474,24.48712365817986,Histidine,6.0,15.33024641952678,none,0.0,none,0.0,none,0.0,none,0.0,1.3,1.1,5.584793120211406,5.455670931597343,4.916208733300662,3.877375333469609,2.2785233232054103,2.0
428_cb2_s11,Pembrolizumab,mAb_IgG4,3.5,149.0,7.57,0.3,78.10900139932671,25.224736956416155,Histidine,6.0,15.625814114861132,NaCl,137.1586734190796,none,0.0,none,0.0,none,0.0,1.3,1.1,4.529537325332923,3.7542164206445765,3.009768280721021,2.32828304446045,1.1698866384650128,2.0
429_cb2_s12,Pembrolizumab,mAb_IgG4,3.5,149.0,7.57,0.3,83.7120651552276,25.098065729511955,Histidine,6.0,14.7287795130792,none,0.0,Sucrose,0.3876083157995722,none,0.0,none,0.0,1.3,1.1,7.0478131554312125,5.998121718350714,5.104769865279366,4.344472608949352,3.058620465255172,2.0
430_cb2_s13,Pembrolizumab,mAb_IgG4,3.5,149.0,7.57,0.3,78.25253818765106,25.41737566316244,Histidine,6.0,15.274131486415675,none,0.0,none,0.0,tween-80,0.048454270213309274,none,0.0,1.3,1.1,4.487001997552372,3.6885572989883006,2.9689954961803173,2.341863012879494,1.3113463077611467,2.0
431_cb2_s14,Pembrolizumab,mAb_IgG4,3.5,149.0,7.57,0.3,79.76164910437232,25.2513922134476,Histidine,6.0,15.53890824687809,NaCl,141.97702095868237,Sucrose,0.39805854978550376,none,0.0,none,0.0,1.3,1.1,3.6198826437431144,3.095316125480344,2.7254971398059924,2.464775059586642,2.132893520791168,2.0
433_cb2_s15,Pembrolizumab,mAb_IgG4,3.5,149.0,7.57,0.3,82.54493131618857,25.33946564502964,Histidine,6.0,14.958901353167262,NaCl,138.54569015888686,Sucrose,0.3972727369812314,none,0.0,Arginine,252.1415834618762,1.3,1.1,6.985622130448706,6.125474203143739,5.278122507645842,4.469596953920326,2.9412131595830666,2.0
434_cb2_s16,Pembrolizumab,mAb_IgG4,3.5,149.0,7.57,0.3,80.73306898366192,24.510139387641598,Histidine,6.0,14.654000279038277,none,0.0,Sucrose,0.38650124522311435,none,0.0,Proline,72.30916125319817,1.3,1.1,3.8863319572966506,3.026804901865484,2.3065148914490066,1.7224239455011114,0.8587007517363219,2.0
435_cb2_s17,Pembrolizumab,mAb_IgG4,3.5,149.0,7.57,0.3,80.64077021841013,25.065532593107925,Histidine,6.0,14.976766961782202,none,0.0,Sucrose,0.3904376498912061,none,0.0,Proline,257.25463774139604,1.3,1.1,4.425092418661157,3.4410060218461,2.7869340198012402,2.3522058116358746,1.8448018268088668,2.0
436_cb2_s18,Pembrolizumab,mAb_IgG4,3.5,149.0,7.57,0.3,80.80954488552939,24.635863898796693,Histidine,6.0,15.649516820341981,NaCl,143.33353606416208,Sucrose,0.4017005922450578,none,0.0,Proline,255.13493131659865,1.3,1.1,5.727862426982709,4.490037928696907,3.4531246432328353,2.6096261229373368,1.3472926050803395,2.0
437_cb2_s19,Pembrolizumab,mAb_IgG4,3.5,149.0,7.57,0.3,99.27533958933375,24.211501758904504,Histidine,6.0,14.759152666814746,NaCl,139.79287598193574,Sucrose,0.3993946751653934,none,0.0,Proline,259.86271088394903,1.3,1.1,5.5059584338689564,4.6634017706667485,3.9747136768889524,3.4117945911288388,2.516861156299042,2.0
225_cb2_s20,Pembrolizumab,mAb_IgG4,3.5,149.0,7.57,0.3,100.98285890544041,27.813368196459255,Acetate,5.0,20.078192692621318,none,0.0,none,0.0,none,0.0,none,0.0,1.3,1.1,3.038151756265043,2.9708579447231593,2.312100647862563,1.8889975037852693,1.424326456162774,2.0
269_cb2_s21,Ibalizumab,mAb_IgG4,3.5,150.0,8.0,0.3,99.55505020644347,28.625774207645755,Acetate,5.0,19.73002639248378,none,0.0,none,0.0,none,0.0,none,0.0,1.3,1.1,3.030985408604334,3.030985408604334,3.030985311949797,2.5586715620308786,1.824297100894251,2.0
266_cb3_s1,Ibalizumab,mAb_IgG4,3.5,150.0,8.0,0.3,152.52220344638863,27.614291379044325,PBS,7.4,9.741474930569547,NaCl,138.50992802324387,Sucrose,0.7408896835018168,none,0.0,none,0.0,1.3,1.1,7.98833000174657,7.691283396461953,7.059695500571291,6.159943951977758,5.263399533029983,3.0
267_cb3_s2,Ibalizumab,mAb_IgG4,3.5,150.0,8.0,0.3,150.7577065379899,28.26149262617665,Acetate,5.0,20.177679330916266,none,0.0,none,0.0,tween-80,0.07665198443660363,none,0.0,1.3,1.1,2.5502895116425806,2.5492557573531354,2.520353433424748,2.3253340616467,2.2277711842367376,3.0
268_cb3_s3,Ibalizumab,mAb_IgG4,3.5,150.0,8.0,0.3,152.66711136683966,27.81555943155243,Histidine,6.0,14.617108675038498,none,0.0,Trehalose,0.24355846191268232,none,0.0,none,0.0,1.3,1.1,3.721366786110693,3.721366786110692,3.721366326091107,3.3655358645186846,2.812992002865413,3.0
490_cb3_s4,Nivolumab,mAb_IgG4,3.5,146.0,8.8,0.3,120.65505788942971,25.543480751101267,Histidine,6.0,14.966547351857118,none,0.0,none,0.0,none,0.0,Lysine,122.9875837978686,1.3,1.1,3.318665988024325,3.2856207368329478,3.182524441923079,3.001600064781935,2.5598725659077135,3.0
495_cb3_s5,Nivolumab,mAb_IgG4,3.5,146.0,8.8,0.3,120.63211736609256,23.03632781111289,Histidine,6.0,15.6158916073505,none,0.0,none,0.0,none,0.0,none,0.0,1.3,1.1,2.8765159565093144,2.763866842776237,2.4844728573034196,1.9251060891469907,0.6410491354069986,3.0
423_cb3_s6,Pembrolizumab,mAb_IgG4,3.5,149.0,7.57,0.3,155.69186608431934,25.07834686412326,Histidine,6.0,15.307059193255604,none,0.0,none,0.0,none,0.0,none,0.0,1.3,1.1,29.45923700486148,25.8685604994642,22.2785968985855,18.80105400994328,12.098316614529464,3.0
424_cb3_s7,Pembrolizumab,mAb_IgG4,3.5,149.0,7.57,0.3,134.4096361509254,24.954300221245443,Histidine,6.0,14.975736450640362,none,0.0,none,0.0,none,0.0,none,0.0,1.3,1.1,16.08266739374007,10.688368732969439,6.192719603523089,3.0507403230627785,0.3478759278673473,3.0
438_cb3_s8,Pembrolizumab,mAb_IgG4,3.5,149.0,7.57,0.3,129.31475325703113,25.57679517165846,Histidine,6.0,15.415904819178852,none,0.0,Sucrose,0.39758255530413905,tween-80,0.0473968629121727,none,0.0,1.3,1.1,5.812770732195364,5.112552635517265,4.4229591718526144,3.800255588424907,2.857391733339748,3.0
439_cb3_s9,Pembrolizumab,mAb_IgG4,3.5,149.0,7.57,0.3,136.7953033382147,24.53771794281095,Histidine,6.0,14.520720249121371,NaCl,139.08435151069264,none,0.0,none,0.0,none,0.0,1.3,1.1,5.757874605776627,4.694026070789046,3.676381574353102,2.849724704902078,1.9597127017975722,3.0
440_cb3_s10,Pembrolizumab,mAb_IgG4,3.5,149.0,7.57,0.3,137.2018527605995,24.975955746334613,Histidine,6.0,14.945054858684012,none,0.0,none,0.0,none,0.0,Arginine,24.821663432910064,1.3,1.1,11.57597613777583,9.882155306071448,8.239377691917946,6.7044141116673694,3.93696448918926,3.0
441_cb3_s11,Pembrolizumab,mAb_IgG4,3.5,149.0,7.57,0.3,131.29434302071294,25.161487251808833,Histidine,6.0,14.981698808443385,none,0.0,none,0.0,none,0.0,Arginine,101.00048093887315,1.3,1.1,5.847244544799745,5.342591463594514,4.695120134226762,4.054726222569631,3.397313345559289,3.0
442_cb3_s12,Pembrolizumab,mAb_IgG4,3.5,149.0,7.57,0.3,136.1738791743036,25.23771534126331,Histidine,6.0,14.761332879617735,NaCl,141.18830302601083,none,0.0,none,0.0,Arginine,102.55903733952032,1.3,1.1,3.82483028901449,3.1581619247816586,2.578042974427917,2.083578709477646,1.2749977395655043,3.0
491_cb3_s13,Nivolumab,mAb_IgG4,3.5,146.0,8.8,0.3,146.27792518115953,25.08686047428667,Histidine,6.0,14.940618681304596,none,0.0,none,0.0,none,0.0,Lysine,26.033953169081776,1.3,1.1,2.7631466883149587,2.653872505696026,2.4083797866602312,2.192138872231649,1.8064863745274975,3.0
266_cb3_s14,Ibalizumab,mAb_IgG4,3.5,150.0,8.0,0.3,146.28284189242007,28.652713925995037,PBS,7.4,10.31888847834984,NaCl,141.90105156573424,Sucrose,0.7378139647659387,none,0.0,none,0.0,1.3,1.1,7.6744358474791365,7.409340039205059,6.7850138145492505,5.812517198090522,4.813672219366129,3.0
267_cb3_s15,Ibalizumab,mAb_IgG4,3.5,150.0,8.0,0.3,146.7678717690457,28.257073047510744,Acetate,5.0,20.12525285600526,none,0.0,none,0.0,tween-80,0.07603059869378838,none,0.0,1.3,1.1,2.552471294486026,2.5518526857640165,2.526637977932116,2.302349328376217,2.189196163748157,3.0
268_cb3_s16,Ibalizumab,mAb_IgG4,3.5,150.0,8.0,0.3,151.04012993281475,28.881356103371434,Histidine,6.0,14.447976676648274,none,0.0,Trehalose,0.24983859694475266,none,0.0,none,0.0,1.3,1.1,3.831466300285186,3.831466300285183,3.8314656101915547,3.330249331883688,2.615512981379529,3.0
490_cb3_s17,Nivolumab,mAb_IgG4,3.5,146.0,8.8,0.3,117.19890173470209,24.995108932637212,Histidine,6.0,15.358377666154121,none,0.0,none,0.0,none,0.0,Lysine,127.39596454960511,1.3,1.1,3.3384933142106794,3.262203623586654,3.043922393358186,2.6877922224452333,1.9128629513251294,3.0
495_cb3_s18,Nivolumab,mAb_IgG4,3.5,146.0,8.8,0.3,121.2741434298678,25.112084841658092,Histidine,6.0,15.096235717779805,none,0.0,none,0.0,none,0.0,none,0.0,1.3,1.1,2.9290071366620625,2.831775864360165,2.575004139567401,2.0244690830380425,0.6640252558378773,3.0
423_cb3_s19,Pembrolizumab,mAb_IgG4,3.5,149.0,7.57,0.3,147.55387311505163,24.466882534050388,Histidine,6.0,15.637431420905086,none,0.0,none,0.0,none,0.0,none,0.0,1.3,1.1,23.249195552938623,19.538864842212057,15.99405320454354,12.73656319884898,7.04158915506062,3.0
424_cb3_s20,Pembrolizumab,mAb_IgG4,3.5,149.0,7.57,0.3,133.12162383156794,24.540936508291715,Histidine,6.0,15.371875201932468,none,0.0,none,0.0,none,0.0,none,0.0,1.3,1.1,16.491501717233227,10.93174994974588,6.314186651941453,3.099417904482091,0.3500772008088469,3.0
438_cb3_s21,Pembrolizumab,mAb_IgG4,3.5,149.0,7.57,0.3,138.39992974742435,25.573220435200362,Histidine,6.0,14.70798634859189,none,0.0,Sucrose,0.4080570666917853,tween-80,0.050336144963026234,none,0.0,1.3,1.1,6.129099484681771,5.395046598102602,4.650799429354899,3.969879620561496,2.961549722842972,3.0
439_cb3_s22,Pembrolizumab,mAb_IgG4,3.5,149.0,7.57,0.3,137.11175100413493,24.604550309166225,Histidine,6.0,14.766044116133509,NaCl,143.02955746589984,none,0.0,none,0.0,none,0.0,1.3,1.1,6.230586321791323,5.104628667751918,3.9689825535313243,3.006759082213892,1.9437902631553923,3.0
440_cb3_s23,Pembrolizumab,mAb_IgG4,3.5,149.0,7.57,0.3,136.06871340895898,25.346427877908905,Histidine,6.0,15.220391263637797,none,0.0,none,0.0,none,0.0,Arginine,24.507098095666084,1.3,1.1,8.912251538428869,7.28460940918874,5.780395851829187,4.448827947674035,2.2656883703909934,3.0
441_cb3_s24,Pembrolizumab,mAb_IgG4,3.5,149.0,7.57,0.3,129.658791826688,25.023467451030186,Histidine,6.0,15.569330105023793,none,0.0,none,0.0,none,0.0,Arginine,98.10421456546202,1.3,1.1,5.585974228356452,5.1392762709088675,4.594029643705415,4.079350856215206,3.571335852524188,3.0
442_cb3_s25,Pembrolizumab,mAb_IgG4,3.5,149.0,7.57,0.3,133.28742821123862,24.882015006394514,Histidine,6.0,15.223255713094511,NaCl,141.18032903390238,none,0.0,none,0.0,Arginine,100.5336367925908,1.3,1.1,8.144846944184568,7.532483567823078,6.934047623191578,6.357047884664943,5.200926242830989,3.0
491_cb3_s26,Nivolumab,mAb_IgG4,3.5,146.0,8.8,0.3,147.45959583583655,25.181359686186777,Histidine,6.0,14.989497716998128,none,0.0,none,0.0,none,0.0,Lysine,24.594499568185576,1.3,1.1,2.929886123968356,2.678123806991137,2.201669791707128,1.8339993385307558,1.2983175010225603,3.0
266_cb3_s27,Ibalizumab,mAb_IgG4,3.5,150.0,8.0,0.3,151.22415854051027,27.802938664750517,PBS,7.4,10.08895476156632,NaCl,137.688169688154,Sucrose,0.7522404522340679,none,0.0,none,0.0,1.3,1.1,7.83480678666619,7.553987470068767,6.921370132848991,5.972601196169535,5.007825346758054,3.0
259_cb4_s1,Ibalizumab,mAb_IgG4,3.5,150.0,8.0,0.3,301.8109612459575,27.099557596179572,Histidine,6.0,15.112004567913418,none,0.0,none,0.0,none,0.0,none,0.0,1.3,1.1,14.304577845443246,14.304577546839196,13.723099266017948,9.188290727318886,5.008123258057539,4.0
260_cb4_s2,Ibalizumab,mAb_IgG4,3.5,150.0,8.0,0.3,299.14712077835674,27.686278024856932,Acetate,5.0,20.411782992639345,none,0.0,none,0.0,none,0.0,none,0.0,1.3,1.1,24.295568449663648,24.295568309464976,21.18650503556057,12.99242221270848,8.227835400090065,4.0
261_cb4_s3,Ibalizumab,mAb_IgG4,3.5,150.0,8.0,0.3,290.4245425478098,27.417366356160958,PBS,7.4,10.238341499421413,NaCl,139.7655897124222,none,0.0,none,0.0,none,0.0,1.3,1.1,15.781399315752093,14.382646786806763,14.382646786806763,10.867576996527635,5.970001602277446,4.0
262_cb4_s4,Ibalizumab,mAb_IgG4,3.5,150.0,8.0,0.3,184.3104927046986,28.86685445417339,Histidine,6.0,15.079432593293395,none,0.0,Sucrose,0.7691308610699852,none,0.0,none,0.0,1.3,1.1,4.078265729826519,4.0782654031555365,3.570159371399712,2.422306164738243,1.4099075526532245,4.0
265_cb4_s5,Ibalizumab,mAb_IgG4,3.5,150.0,8.0,0.3,234.01210620033572,27.32670229784324,Histidine,6.0,14.828476187413182,none,0.0,Sucrose,0.503326075103242,none,0.0,none,0.0,1.3,1.1,6.047514091575409,6.037832521405195,5.940529557265603,5.307902357374668,4.163583303113209,4.0
425_cb4_s6,Pembrolizumab,mAb_IgG4,3.5,149.0,7.57,0.3,210.41797938775193,24.929812470547333,Histidine,6.0,15.092283800456759,none,0.0,none,0.0,none,0.0,none,0.0,1.3,1.1,44.974730701290895,44.974730701290895,44.97473049842175,40.87560965132486,13.846969494940089,4.0
492_cb4_s7,Nivolumab,mAb_IgG4,3.5,146.0,8.8,0.3,326.18403402993573,25.351684863992087,Histidine,6.0,14.360221312153548,none,0.0,none,0.0,none,0.0,none,0.0,1.3,1.1,109.62342986397717,109.62342986397717,109.62342986397698,109.62342841534702,26.16529822463658,4.0
493_cb4_s8,Nivolumab,mAb_IgG4,3.5,146.0,8.8,0.3,167.64270767149478,25.752768664571025,Histidine,6.0,15.510951782975411,none,0.0,none,0.0,none,0.0,none,0.0,1.3,1.1,4.701842140911023,4.700708988087481,4.664507751873523,4.096705166514091,1.8401756665594016,4.0
498_cb4_s9,Nivolumab,mAb_IgG4,3.5,146.0,8.8,0.3,175.68001380514443,25.15167589388052,PBS,7.4,9.536771227406224,NaCl,142.40243974684603,none,0.0,none,0.0,none,0.0,1.3,1.1,4.65558163012714,4.6198521556259555,4.439555468132982,3.662836748159121,0.2586084877463256,4.0
504_cb4_s10,Nivolumab,mAb_IgG4,3.5,146.0,8.8,0.3,187.26933310023017,24.92031888392705,Histidine,6.0,14.888825171279764,none,0.0,none,0.0,none,0.0,Arginine,20.433820212985133,1.3,1.1,12.07562692675199,12.07562692675199,12.07562692675199,12.075626893547495,4.807373265352147,4.0
217_cb4_s11,Pembrolizumab,mAb_IgG4,3.5,149.0,7.57,0.3,192.29939779415633,26.30261422445643,Acetate,5.0,20.071390665554155,none,0.0,none,0.0,none,0.0,none,0.0,1.3,1.1,10.852877792504586,8.272004392683993,6.201253083648286,4.581199829277519,2.2739125019688298,4.0
263_cb4_s12,Ibalizumab,mAb_IgG4,3.5,150.0,8.0,0.3,267.57958707197923,27.119262318903758,Acetate,5.0,19.212430743033565,none,0.0,none,0.0,tween-80,0.10020687625861623,none,0.0,1.3,1.1,15.57736027990291,12.961885642608218,9.793803336892243,6.891926658812465,4.254306107312323,4.0
264_cb4_s13,Ibalizumab,mAb_IgG4,3.5,150.0,8.0,0.3,241.01622957592537,27.95280395362274,PBS,7.4,10.045152304622352,NaCl,140.04931710541425,Trehalose,0.15197636531543743,none,0.0,none,0.0,1.3,1.1,12.595768710861424,9.232765868843085,7.350575350222243,6.297159756797019,5.3368739058042385,4.0
497_cb4_s14,Nivolumab,mAb_IgG4,3.5,146.0,8.8,0.3,315.97953757807915,25.634498557039763,PBS,7.4,9.645786289382382,NaCl,141.320318665171,none,0.0,none,0.0,none,0.0,1.3,1.1,51.301665418230115,40.338165815933245,30.088516689113487,21.17822904201495,7.961774875473104,4.0
502_cb4_s15,Nivolumab,mAb_IgG4,3.5,146.0,8.8,0.3,238.43185817670548,24.762664202035623,Histidine,6.0,14.648329873969008,none,0.0,none,0.0,none,0.0,none,0.0,1.3,1.1,18.880043001883422,14.635035212377282,9.844106489148706,5.473709897802278,0.7300762528010929,4.0
503_cb4_s16,Nivolumab,mAb_IgG4,3.5,146.0,8.8,0.3,220.6040955604591,25.586482661838666,Histidine,6.0,14.876275854535056,NaCl,70.3600785584983,Sucrose,0.19903733930187917,tween-80,0.050007880184694736,Lysine,24.83719447392575,1.3,1.1,16.028103838514944,12.644790606326993,9.537076063945621,6.952221509744307,3.577075111227928,4.0
259_cb4_s17,Ibalizumab,mAb_IgG4,3.5,150.0,8.0,0.3,294.2703516846174,26.830494519278737,Histidine,6.0,15.047838752041239,none,0.0,none,0.0,none,0.0,none,0.0,1.3,1.1,14.080239990325035,14.080239187720428,13.253575792770535,8.063735605383203,4.306996243333458,4.0
260_cb4_s18,Ibalizumab,mAb_IgG4,3.5,150.0,8.0,0.3,304.8647918735503,26.95337552884083,Acetate,5.0,20.168076617157993,none,0.0,none,0.0,none,0.0,none,0.0,1.3,1.1,23.42531827379516,23.425317592394343,20.253933097290503,12.543221785688864,8.043422570501024,4.0
261_cb4_s19,Ibalizumab,mAb_IgG4,3.5,150.0,8.0,0.3,289.2823721116059,27.281276168511965,PBS,7.4,9.763193888355488,NaCl,138.88028262603282,none,0.0,none,0.0,none,0.0,1.3,1.1,14.57368024256542,14.57368024256542,14.302410315229135,10.036085878176266,5.846024376617385,4.0
262_cb4_s20,Ibalizumab,mAb_IgG4,3.5,150.0,8.0,0.3,183.08934998791958,27.768158163397697,Histidine,6.0,15.354567327887988,none,0.0,Sucrose,0.7572136213912335,none,0.0,none,0.0,1.3,1.1,4.254092996983301,4.254092300726378,3.7413095352014945,2.5634159958098817,1.4818397591292816,4.0
265_cb4_s21,Ibalizumab,mAb_IgG4,3.5,150.0,8.0,0.3,228.17123427873807,28.180709566631602,Histidine,6.0,15.113930290812268,none,0.0,Sucrose,0.49031954241489756,none,0.0,none,0.0,1.3,1.1,6.0371881563652465,6.020973302580918,5.887187294235268,5.1836683643948565,4.0346440830903,4.0
425_cb4_s22,Pembrolizumab,mAb_IgG4,3.5,149.0,7.57,0.3,220.8855820625431,25.41411484509231,Histidine,6.0,15.327258501181108,none,0.0,none,0.0,none,0.0,none,0.0,1.3,1.1,43.34272123916664,43.342721239166636,43.342721074305146,40.055782412962756,13.623405796304105,4.0
492_cb4_s23,Nivolumab,mAb_IgG4,3.5,146.0,8.8,0.3,343.68362251393535,24.651771532968205,Histidine,6.0,14.89034821890442,none,0.0,none,0.0,none,0.0,none,0.0,1.3,1.1,109.82934489440166,109.82934489440166,109.82934489440132,109.82934297721384,25.91123174264679,4.0
493_cb4_s24,Nivolumab,mAb_IgG4,3.5,146.0,8.8,0.3,166.4814501103761,24.851384054611565,Histidine,6.0,14.997886504355835,none,0.0,none,0.0,none,0.0,none,0.0,1.3,1.1,4.542461520155223,4.540669723141797,4.49840181741828,3.966538483090661,1.7967619604991052,4.0
388_cb0_s1,Belatacept,Fc-Fusion,4.5,90.0,5.6,0.5,55.153875956123045,25.49805910745556,Histidine,6.0,14.582933422453962,none,0.0,none,0.0,none,0.0,none,0.0,1.4,1.5,2.277275870303524,2.260948543188197,2.2241219878078375,2.1514257105538306,1.9855927041081762,0.0
389_cb0_s2,Belatacept,Fc-Fusion,4.5,90.0,5.6,0.5,56.04501741153661,25.121502361027197,Histidine,6.0,29.08037966406604,none,0.0,none,0.0,none,0.0,none,0.0,1.4,1.5,2.0649478583854326,1.9489760156934663,1.9152054217408803,1.8267300625251501,1.7325342736061735,0.0
390_cb0_s3,Belatacept,Fc-Fusion,4.5,90.0,5.6,0.5,54.92951445943641,25.268145454758596,Histidine,6.0,14.341161653670015,none,0.0,Sucrose,0.29902725614712083,none,0.0,Arginine,25.071524384939476,1.4,1.5,2.4017805599507605,2.008739406699991,1.6456629908322742,1.3209204131770855,0.7657691067327753,0.0
391_cb0_s4,Belatacept,Fc-Fusion,4.5,90.0,5.6,0.5,54.56764196723246,25.50081591260428,Histidine,6.0,15.418036358257329,none,0.0,Sucrose,0.3042632946137867,none,0.0,none,0.0,1.4,1.5,2.245763816568169,2.243385041210069,2.238185845019213,2.236319771169987,2.23557860209902,0.0
392_cb0_s5,Belatacept,Fc-Fusion,4.5,90.0,5.6,0.5,19.62297679768325,25.807389395354924,Histidine,6.0,14.903391553652382,none,0.0,none,0.0,none,0.0,none,0.0,1.4,1.5,1.6876760696791964,1.673085271946046,1.2500159924398737,1.0767233876262603,0.982203293433226,0.0
397_cb0_s6,Belatacept,Fc-Fusion,4.5,90.0,5.6,0.5,35.15297382968766,25.504735894297987,PBS,7.4,9.8310117122813,NaCl,135.8027553107165,none,0.0,none,0.0,none,0.0,1.4,1.5,1.3243648730963256,1.294184822201237,1.2667292783281616,1.2527255015545429,1.2457474863222264,0.0
398_cb0_s7,Etanercept,Fc-Fusion,4.5,150.0,7.9,0.6,57.04105364627369,25.112117372267644,Acetate,5.0,19.86142939759724,none,0.0,none,0.0,none,0.0,none,0.0,1.4,1.5,4.5881907142809935,4.480062233173738,3.5209501946138255,2.7940850150925387,1.7715341524224002,0.0
399_cb0_s8,Etanercept,Fc-Fusion,4.5,150.0,7.9,0.6,53.70269396620412,25.08612719320552,Acetate,5.0,20.26861246869162,none,0.0,Sucrose,0.2576401567969392,none,0.0,none,0.0,1.4,1.5,5.08182705959377,5.081827059593769,5.081826795609915,4.415420038973739,2.7700340271960915,0.0
400_cb0_s9,Etanercept,Fc-Fusion,4.5,150.0,7.9,0.6,53.53394486277239,24.825280336391522,Acetate,5.0,19.6909725004975,NaCl,141.06162873243315,none,0.0,none,0.0,none,0.0,1.4,1.5,4.427015383707166,4.382054127460144,4.259003439787969,3.9855776000793512,2.9511149309727958,0.0
401_cb0_s10,Etanercept,Fc-Fusion,4.5,150.0,7.9,0.6,20.215051961179952,25.21409312390529,Acetate,5.0,19.888002679250206,none,0.0,none,0.0,none,0.0,Arginine,24.360484631890106,1.4,1.5,1.606800544419302,1.5887735316436737,1.5469554268846146,1.5304498281231367,1.5229839245379717,0.0
402_cb0_s11,Etanercept,Fc-Fusion,4.5,150.0,7.9,0.6,19.75544590104455,24.953527896693206,Acetate,5.0,19.9041992311913,none,0.0,Sucrose,0.2555841688776498,none,0.0,Arginine,25.09320808487202,1.4,1.5,2.0102158238313583,1.9913284536452098,1.951579769036115,1.937083644383878,1.9309766722715216,0.0
403_cb0_s12,Etanercept,Fc-Fusion,4.5,150.0,7.9,0.6,20.14524625109781,25.1555549955716,Acetate,5.0,19.24414028316154,none,0.0,none,0.0,none,0.0,none,0.0,1.4,1.5,1.5953328553443786,1.5953328553443786,1.5953328553443786,1.5953328553443786,1.5558060375597753,0.0
404_cb0_s13,Etanercept,Fc-Fusion,4.5,150.0,7.9,0.6,20.03467907976576,25.177834474281614,Acetate,5.0,20.076630958477637,none,0.0,Sucrose,0.25253120494652964,tween-80,0.051447305699391814,Arginine,25.284051602564322,1.4,1.5,2.2375671954726064,2.2375670694336978,2.237558985253978,2.237044814784436,2.10838800818187,0.0
405_cb0_s14,Etanercept,Fc-Fusion,4.5,150.0,7.9,0.6,55.267170214465295,23.958950648405505,PBS,7.4,10.11062983127584,NaCl,138.46503916513302,Sucrose,0.20769378317929982,none,0.0,none,0.0,1.4,1.5,5.510824049478812,5.510824049478769,5.51082378244884,5.022921242039734,2.455053441043534,0.0
406_cb0_s15,Etanercept,Fc-Fusion,4.5,150.0,7.9,0.6,52.728408649118045,25.01422879059158,PBS,7.4,9.584437636028762,NaCl,139.1031661472974,none,0.0,none,0.0,Arginine,25.821689077902267,1.4,1.5,5.874147072094848,5.142653407569608,4.145132018848765,3.0276780446626974,1.4045610076852726,0.0
407_cb0_s16,Etanercept,Fc-Fusion,4.5,150.0,7.9,0.6,53.49645580039109,25.29628363692367,PBS,7.4,9.459121673679444,NaCl,138.23632325338133,Sucrose,0.19804690463019384,none,0.0,Arginine,25.316663413035617,1.4,1.5,7.742877295623615,7.742877295623496,7.742876088212127,6.505608293368722,2.1823838364466366,0.0
408_cb0_s17,Etanercept,Fc-Fusion,4.5,150.0,7.9,0.6,19.7683503561457,24.75958310524401,PBS,7.4,10.139233599431858,NaCl,138.5504607959662,none,0.0,none,0.0,none,0.0,1.4,1.5,1.5115745261478892,1.4153559866498737,1.4153559866498737,1.4153559866498737,1.4153559866498737,0.0
409_cb0_s18,Etanercept,Fc-Fusion,4.5,150.0,7.9,0.6,19.72854277548236,24.84088123612869,PBS,7.4,9.843768724373778,NaCl,139.27255960585097,none,0.0,tween-80,0.05159853811209634,none,0.0,1.4,1.5,1.6532794332194256,1.6532794332194256,1.5546564582170523,1.5243027509324978,1.036744627035728,0.0
411_cb0_s19,Etanercept,Fc-Fusion,4.5,150.0,7.9,0.6,54.10968109680897,25.478351593192826,Histidine,6.0,15.155083954724512,none,0.0,none,0.0,none,0.0,none,0.0,1.4,1.5,4.188421691959046,4.188421691955164,4.1884195764216265,3.8500409133413114,2.1621029263421527,0.0
413_cb0_s20,Etanercept,Fc-Fusion,4.5,150.0,7.9,0.6,53.222524533848485,25.14982384391867,Histidine,6.0,15.2797304612864,NaCl,138.83771919090256,none,0.0,none,0.0,none,0.0,1.4,1.5,5.487166768396731,4.889960557092481,3.802335219410128,2.2827247701343776,0.1707798144264245,0.0
414_cb0_s21,Etanercept,Fc-Fusion,4.5,150.0,7.9,0.6,55.19937627886225,25.23013581249115,Histidine,6.0,30.116905404162083,none,0.0,none,0.0,none,0.0,Lysine,24.49015234014557,1.4,1.5,6.082153317346364,5.128811148355776,3.7018257809985697,2.0648181632219176,0.15621921409477316,0.0
415_cb0_s22,Etanercept,Fc-Fusion,4.5,150.0,7.9,0.6,20.29996009576948,25.139633919108263,Histidine,6.0,29.42945356218766,none,0.0,none,0.0,none,0.0,none,0.0,1.4,1.5,1.1085853312577234,1.1085853312573344,1.1024280627625054,0.9475802891171655,0.9280992100151448,0.0
416_cb0_s23,Etanercept,Fc-Fusion,4.5,150.0,7.9,0.6,19.52430701396915,25.526992885591437,Histidine,6.0,30.343203766980285,none,0.0,none,0.0,none,0.0,Arginine,24.64763578219456,1.4,1.5,1.2278796179788547,1.1559829725670876,1.1559829725670876,1.1096327120970282,1.0137827225632672,0.0
417_cb0_s24,Etanercept,Fc-Fusion,4.5,150.0,7.9,0.6,19.197017255701997,24.80582653084942,Histidine,6.0,29.81662853335901,none,0.0,none,0.0,tween-80,0.05063366102477406,Arginine,24.650900162694477,1.4,1.5,1.755125377711785,1.755125377711785,1.7551252414325962,1.3492751666352432,1.1149660886756865,0.0
412_cb0_s25,Etanercept,Fc-Fusion,4.5,150.0,7.9,0.6,55.0877816324646,25.569777768012734,Histidine,6.0,29.767582821268313,none,0.0,none,0.0,none,0.0,none,0.0,1.4,1.5,7.438519052087591,6.038383244034999,4.9324216616091645,4.058827105241765,2.7403475071079546,0.0
388_cb0_s26,Belatacept,Fc-Fusion,4.5,90.0,5.6,0.5,53.86484923369612,25.29774544881963,Histidine,6.0,14.823031573061133,none,0.0,none,0.0,none,0.0,none,0.0,1.4,1.5,2.1865299351102587,2.1865299351102587,2.1865299351102587,2.1417413935957645,1.9476587274739006,0.0
389_cb0_s27,Belatacept,Fc-Fusion,4.5,90.0,5.6,0.5,55.97481030744328,24.968680211336384,Histidine,6.0,30.145874075107738,none,0.0,none,0.0,none,0.0,none,0.0,1.4,1.5,2.0375603175274817,2.0375603175274817,1.9131517696763698,1.823413069465978,1.745280779500605,0.0
390_cb0_s28,Belatacept,Fc-Fusion,4.5,90.0,5.6,0.5,54.144891366669505,25.779394592248444,Histidine,6.0,14.540861577076987,none,0.0,Sucrose,0.30977785278667674,none,0.0,Arginine,24.813662208024013,1.4,1.5,3.4849921661922596,3.0863302291480323,2.6924709081899216,2.314207641664515,1.5862205444122894,0.0
391_cb0_s29,Belatacept,Fc-Fusion,4.5,90.0,5.6,0.5,54.848957937632235,25.47889580723645,Histidine,6.0,15.062281005420186,none,0.0,Sucrose,0.30184605992040664,none,0.0,none,0.0,1.4,1.5,2.1735040729874515,2.150021136082507,2.095752875255066,2.075216138775871,2.066576793902607,0.0
392_cb0_s30,Belatacept,Fc-Fusion,4.5,90.0,5.6,0.5,19.902775520447655,25.001143968071755,Histidine,6.0,15.321109548068977,none,0.0,none,0.0,none,0.0,none,0.0,1.4,1.5,1.6114537278990624,1.5883021343187633,1.1904652359851535,1.031499997622936,0.9448508412434472,0.0
397_cb0_s31,Belatacept,Fc-Fusion,4.5,90.0,5.6,0.5,35.623912580808835,25.002114929497075,PBS,7.4,10.123777259604632,NaCl,144.58740725035864,none,0.0,none,0.0,none,0.0,1.4,1.5,1.3369882990584303,1.322061510453861,1.3077983809106815,1.3001640315119944,1.296090113005901,0.0
398_cb0_s32,Etanercept,Fc-Fusion,4.5,150.0,7.9,0.6,54.89569334559104,24.74260866254263,Acetate,5.0,20.09741208167454,none,0.0,none,0.0,none,0.0,none,0.0,1.4,1.5,4.653498334588506,4.575826936452562,3.682646695644233,2.9822530576271475,1.9557943770933561,0.0
399_cb0_s33,Etanercept,Fc-Fusion,4.5,150.0,7.9,0.6,54.76115581755918,25.263268341836152,Acetate,5.0,19.80903571752288,none,0.0,Sucrose,0.24675086557251283,none,0.0,none,0.0,1.4,1.5,5.33032348046508,5.330323480465077,5.330322878642878,4.635350814194863,2.9109600973232217,0.0
400_cb0_s34,Etanercept,Fc-Fusion,4.5,150.0,7.9,0.6,54.52394872805277,25.396909233571908,Acetate,5.0,19.881049568302757,NaCl,139.31012647295927,none,0.0,none,0.0,none,0.0,1.4,1.5,4.296812785581516,4.203584350869272,3.959923366570338,3.4558316529470376,1.8808024726791401,0.0
401_cb0_s35,Etanercept,Fc-Fusion,4.5,150.0,7.9,0.6,19.613501472098697,24.912310772050656,Acetate,5.0,20.196602258898714,none,0.0,none,0.0,none,0.0,Arginine,24.995355719216093,1.4,1.5,1.5954677807547002,1.577623222982189,1.5383530539227834,1.5236803090428492,1.5174456674621182,0.0
402_cb0_s36,Etanercept,Fc-Fusion,4.5,150.0,7.9,0.6,19.66145611204521,24.707546173291114,Acetate,5.0,19.808496571391323,none,0.0,Sucrose,0.25179737898773563,none,0.0,Arginine,26.17453789335038,1.4,1.5,1.9986292935476164,2.0181599312882836,2.063169225023233,2.0799834774805204,2.0870922890116583,0.0
403_cb0_s37,Etanercept,Fc-Fusion,4.5,150.0,7.9,0.6,20.513638317579247,23.786803964732396,Acetate,5.0,19.04522805192173,none,0.0,none,0.0,none,0.0,none,0.0,1.4,1.5,1.5964785046989838,1.5964785046989838,1.5964785046989838,1.5964785046989838,1.5964785046989838,0.0
404_cb0_s38,Etanercept,Fc-Fusion,4.5,150.0,7.9,0.6,20.097462889481083,24.454895796600283,Acetate,5.0,19.60578415971163,none,0.0,Sucrose,0.24515128140182663,tween-80,0.05011053531747394,Arginine,24.686842361908496,1.4,1.5,2.078611171636208,2.078611026646935,2.078603755607325,2.078243017691921,2.0109893102985446,0.0
405_cb0_s39,Etanercept,Fc-Fusion,4.5,150.0,7.9,0.6,54.408147465660846,25.398921889947886,PBS,7.4,9.62813264566799,NaCl,140.1273761337261,Sucrose,0.20223334569284682,none,0.0,none,0.0,1.4,1.5,5.774336965738298,5.774336965737187,5.77433584685326,5.306853053634285,2.2268111549827094,0.0
406_cb0_s40,Etanercept,Fc-Fusion,4.5,150.0,7.9,0.6,55.92925181335987,24.997219853175963,PBS,7.4,10.235702537959686,NaCl,136.1544719108847,none,0.0,none,0.0,Arginine,25.259951069764377,1.4,1.5,6.315954802624628,5.501066054444416,4.393811958288892,3.165388032677412,1.4370873322094897,0.0
407_cb0_s41,Etanercept,Fc-Fusion,4.5,150.0,7.9,0.6,56.49113022928138,24.694571180097466,PBS,7.4,10.100896651276603,NaCl,135.6235039416005,Sucrose,0.19528216134196888,none,0.0,Arginine,25.717543699611117,1.4,1.5,8.089454768288263,8.08945476828812,8.089453322490009,6.694328804458096,2.191584650254363,0.0
408_cb0_s42,Etanercept,Fc-Fusion,4.5,150.0,7.9,0.6,19.764043072897756,25.349344406758522,PBS,7.4,10.005042173508016,NaCl,135.67926896175996,none,0.0,none,0.0,none,0.0,1.4,1.5,1.486041375370484,1.486041375370484,1.486041375370484,1.3871997179629294,1.3871997179629294,0.0
387_cb1_s1,Belatacept,Fc-Fusion,4.5,90.0,5.6,0.5,70.29493585128435,25.1047671151314,Histidine,6.0,14.672512448352268,none,0.0,none,0.0,none,0.0,none,0.0,1.4,1.5,3.959419812521932,3.9594198125219267,3.9594192718565475,3.3674051372758145,1.9202633947829006,1.0
393_cb1_s2,Belatacept,Fc-Fusion,4.5,90.0,5.6,0.5,68.75712268384605,25.49881603846012,PBS,7.4,9.942641152852346,NaCl,142.1266416849611,none,0.0,none,0.0,none,0.0,1.4,1.5,2.9850952840696556,2.6439311108701777,2.6098146149941805,2.6064029575509586,2.606026410704669,1.0
394_cb1_s3,Belatacept,Fc-Fusion,4.5,90.0,5.6,0.5,68.43025876386785,25.464704992395408,PBS,7.4,9.97357268221969,NaCl,138.53355235224,Sucrose,0.1945657039389701,none,0.0,none,0.0,1.4,1.5,3.360328221238855,3.360328221238855,3.3603279878463423,2.7229001131501445,2.092767682764869,1.0
395_cb1_s4,Belatacept,Fc-Fusion,4.5,90.0,5.6,0.5,69.90462720476486,25.18198531542637,PBS,7.4,10.418639586441989,NaCl,135.766726425223,none,0.0,none,0.0,Arginine,25.57969052165026,1.4,1.5,2.176809597422345,2.1629083348474576,2.1308258993114078,2.1188860376891694,2.113945021469375,1.0
396_cb1_s5,Belatacept,Fc-Fusion,4.5,90.0,5.6,0.5,72.11278341876637,25.30280311631566,PBS,7.4,10.101721674646688,NaCl,138.795133904127,none,0.0,none,0.0,Proline,24.25797166753783,1.4,1.5,2.9743680001932913,2.9743680001932864,2.9743675750264496,2.6905491235960763,2.2609217184612045,1.0
387_cb1_s6,Belatacept,Fc-Fusion,4.5,90.0,5.6,0.5,68.62148330121383,24.603738276442392,Histidine,6.0,14.872920425481546,none,0.0,none,0.0,none,0.0,none,0.0,1.4,1.5,3.915359226863519,3.915359226863511,3.9153587069488665,3.341524970111611,1.8559321907896704,1.0
393_cb1_s7,Belatacept,Fc-Fusion,4.5,90.0,5.6,0.5,69.11796502865255,25.365977751254924,PBS,7.4,9.960615638400622,NaCl,138.69917298127626,none,0.0,none,0.0,none,0.0,1.4,1.5,2.800271528493082,2.4883103712082253,2.4571141836479207,2.453994557708694,2.453650242569039,1.0
394_cb1_s8,Belatacept,Fc-Fusion,4.5,90.0,5.6,0.5,71.40829431651498,24.43625195052348,PBS,7.4,10.225581798650714,NaCl,140.43258226366672,Sucrose,0.1986537896404873,none,0.0,none,0.0,1.4,1.5,3.3945113646010747,3.3945113646010747,3.394511121495085,2.7000111406448726,1.9925480680850214,1.0
395_cb1_s9,Belatacept,Fc-Fusion,4.5,90.0,5.6,0.5,71.45082404890148,24.70223253240807,PBS,7.4,10.180106615466318,NaCl,144.7584207524244,none,0.0,none,0.0,Arginine,24.799102486529183,1.4,1.5,2.248625656478995,2.247279441462286,2.2443452566424806,2.243254252932963,2.2427986751910662,1.0
396_cb1_s10,Belatacept,Fc-Fusion,4.5,90.0,5.6,0.5,69.09619909915045,24.169458292216415,PBS,7.4,10.1006504129499,NaCl,134.22247117305753,none,0.0,none,0.0,Proline,24.841324753878734,1.4,1.5,2.9490742077607384,2.9490742077607353,2.949073833819221,2.66202095323585,2.235429318183164,1.0
387_cb1_s11,Belatacept,Fc-Fusion,4.5,90.0,5.6,0.5,70.038238731792,24.976314648727783,Histidine,6.0,14.525346970996162,none,0.0,none,0.0,none,0.0,none,0.0,1.4,1.5,4.051247871837771,4.051247871837768,4.051247287736977,3.3360805338274986,1.7976980231429367,1.0
393_cb1_s12,Belatacept,Fc-Fusion,4.5,90.0,5.6,0.5,67.6579485381638,25.202106432638665,PBS,7.4,10.143174548938191,NaCl,140.63569654082167,none,0.0,none,0.0,none,0.0,1.4,1.5,2.867068226281631,2.5231989562993777,2.488811950122215,2.4853732415865886,2.4849937090936733,1.0
394_cb1_s13,Belatacept,Fc-Fusion,4.5,90.0,5.6,0.5,70.38724107171565,25.597740325412737,PBS,7.4,9.880674188277654,NaCl,145.8742301495708,Sucrose,0.1978974762640585,none,0.0,none,0.0,1.4,1.5,3.357042340648299,3.357042340648299,3.357042108338219,2.7464906355032834,2.1340354564118735,1.0
395_cb1_s14,Belatacept,Fc-Fusion,4.5,90.0,5.6,0.5,68.47103031951201,25.067669173946143,PBS,7.4,10.198889475101783,NaCl,141.80881732392075,none,0.0,none,0.0,Arginine,23.814170319570554,1.4,1.5,2.2519118565571987,2.2413298841992124,2.217692787257316,2.208721507414797,2.2049373951209175,1.0
396_cb1_s15,Belatacept,Fc-Fusion,4.5,90.0,5.6,0.5,69.06641179626781,25.09895833367104,PBS,7.4,9.878505542475938,NaCl,138.86778642046795,none,0.0,none,0.0,Proline,24.656860432122457,1.4,1.5,3.0670475367177032,3.067047536717701,3.067047266390895,2.7841849890377404,2.3357701911434843,1.0
387_cb1_s16,Belatacept,Fc-Fusion,4.5,90.0,5.6,0.5,70.45407629402082,24.733637250891547,Histidine,6.0,15.251899159329355,none,0.0,none,0.0,none,0.0,none,0.0,1.4,1.5,3.770658416643485,3.7706584166434824,3.7706579887683764,3.1949808656465253,1.8072075103299095,1.0
393_cb1_s17,Belatacept,Fc-Fusion,4.5,90.0,5.6,0.5,70.682227331863,25.535964932605896,PBS,7.4,9.824143443517602,NaCl,140.97606633561077,none,0.0,none,0.0,none,0.0,1.4,1.5,2.8234324709544403,2.4956389346751897,2.4628595055699205,2.4595815551116424,2.459219765592062,1.0
394_cb1_s18,Belatacept,Fc-Fusion,4.5,90.0,5.6,0.5,71.22663683406772,24.6658274025766,PBS,7.4,9.987784865729525,NaCl,137.03636622580336,Sucrose,0.19000775593002825,none,0.0,none,0.0,1.4,1.5,3.3772698351467665,3.3772698351467665,3.3772695938788013,2.7836541520442957,2.152328716176424,1.0
395_cb1_s19,Belatacept,Fc-Fusion,4.5,90.0,5.6,0.5,66.89431313592848,25.684850553827093,PBS,7.4,9.782789083576382,NaCl,143.5151301064877,none,0.0,none,0.0,Arginine,25.472934821842074,1.4,1.5,2.263695196302929,2.2698226563621695,2.2834661059927113,2.288684004145981,2.290904243112352,1.0
396_cb1_s20,Belatacept,Fc-Fusion,4.5,90.0,5.6,0.5,69.32404137287031,24.10942079276718,PBS,7.4,9.553906396175108,NaCl,140.6347158957849,none,0.0,none,0.0,Proline,24.719221126834686,1.4,1.5,2.8119189061078687,2.811918906107863,2.811918489942944,2.580074942767456,2.2321385795393858,1.0
387_cb1_s21,Belatacept,Fc-Fusion,4.5,90.0,5.6,0.5,70.70020024635944,24.321532215150214,Histidine,6.0,15.066945916424308,none,0.0,none,0.0,none,0.0,none,0.0,1.4,1.5,3.8746249512282827,3.8746249512282747,3.8746242191566083,3.239541232764621,1.8120717281116185,1.0
393_cb1_s22,Belatacept,Fc-Fusion,4.5,90.0,5.6,0.5,70.1398417361729,25.240372289883993,PBS,7.4,10.299342081489195,NaCl,138.61409665496942,none,0.0,none,0.0,none,0.0,1.4,1.5,2.979024755146563,2.6190833195201333,2.5830890930777763,2.579489662145554,2.5790923906174124,1.0
394_cb1_s23,Belatacept,Fc-Fusion,4.5,90.0,5.6,0.5,68.38003673380142,24.333435822611097,PBS,7.4,9.689697550188214,NaCl,141.85374513732373,Sucrose,0.20475438729234804,none,0.0,none,0.0,1.4,1.5,3.3393969505996908,3.3393969505996908,3.339396819076602,2.7661106730638134,2.169519869948058,1.0
395_cb1_s24,Belatacept,Fc-Fusion,4.5,90.0,5.6,0.5,71.19011106538457,25.208840376119703,PBS,7.4,10.02148887486818,NaCl,141.08464014577237,none,0.0,none,0.0,Arginine,25.161592741229104,1.4,1.5,2.3744773332675067,2.3589567276983296,2.324905203212264,2.3124458688509697,2.307333783608549,1.0
396_cb1_s25,Belatacept,Fc-Fusion,4.5,90.0,5.6,0.5,69.35436237515154,25.37828233745657,PBS,7.4,9.721100986228148,NaCl,142.95089634642846,none,0.0,none,0.0,Proline,24.40273853011698,1.4,1.5,3.00130701746168,3.0013070174616785,3.001306784079196,2.761030875011781,2.4002302233049035,1.0
387_cb1_s26,Belatacept,Fc-Fusion,4.5,90.0,5.6,0.5,70.58897948342587,24.711039611583644,Histidine,6.0,15.26434401624401,none,0.0,none,0.0,none,0.0,none,0.0,1.4,1.5,3.973782120375474,3.9737821203754686,3.973781466432695,3.2725861017420472,1.7290816561138271,1.0
393_cb1_s27,Belatacept,Fc-Fusion,4.5,90.0,5.6,0.5,71.19938347233958,25.838688543902744,PBS,7.4,9.838965649651424,NaCl,143.0151748050415,none,0.0,none,0.0,none,0.0,1.4,1.5,2.93756037550424,2.5955006986560036,2.5612946522089133,2.5578740396879622,2.5574965044639315,1.0
394_cb1_s28,Belatacept,Fc-Fusion,4.5,90.0,5.6,0.5,70.57819847699291,24.89296615113607,PBS,7.4,10.075881079521023,NaCl,141.93332352114024,Sucrose,0.20106246797269015,none,0.0,none,0.0,1.4,1.5,3.169343876543121,3.169343876543121,3.1693436021427326,2.6118131183055358,2.0212466291181785,1.0
395_cb1_s29,Belatacept,Fc-Fusion,4.5,90.0,5.6,0.5,68.69016518173261,24.911041062097798,PBS,7.4,9.817437816140696,NaCl,138.8311949304296,none,0.0,none,0.0,Arginine,25.172026960781736,1.4,1.5,2.2942274256526853,2.2842557593804917,2.259090966509806,2.2496308330242614,2.2456524561663618,1.0
396_cb1_s30,Belatacept,Fc-Fusion,4.5,90.0,5.6,0.5,72.90509105508796,25.59006408687076,PBS,7.4,10.228858613711989,NaCl,136.11396805872377,none,0.0,none,0.0,Proline,25.381930175816713,1.4,1.5,2.9202013219185354,2.9202013219185345,2.9202011379800785,2.660696174987353,2.2520729973982485,1.0
387_cb1_s31,Belatacept,Fc-Fusion,4.5,90.0,5.6,0.5,68.77013667812112,25.371229456796314,Histidine,6.0,14.80872373737721,none,0.0,none,0.0,none,0.0,none,0.0,1.4,1.5,3.933722946183099,3.933722946183097,3.933722586185212,3.3073490281153037,1.788268040043788,1.0
393_cb1_s32,Belatacept,Fc-Fusion,4.5,90.0,5.6,0.5,72.7232731039877,24.089456965352753,PBS,7.4,9.880466463349029,NaCl,141.03659329183688,none,0.0,none,0.0,none,0.0,1.4,1.5,2.8834214378006866,2.5424007126901595,2.5082985616560864,2.5048883387003595,2.5045119501793858,1.0
394_cb1_s33,Belatacept,Fc-Fusion,4.5,90.0,5.6,0.5,71.95045376110886,25.4196745571158,PBS,7.4,10.174564870201126,NaCl,137.29476117456284,Sucrose,0.1996824463023772,none,0.0,none,0.0,1.4,1.5,3.449424826831774,3.449424826831774,3.4494246299291285,2.7871138805536337,2.094654177302773,1.0
395_cb1_s34,Belatacept,Fc-Fusion,4.5,90.0,5.6,0.5,68.50173181194793,25.859520306420908,PBS,7.4,9.820733468281587,NaCl,140.61404654416123,none,0.0,none,0.0,Arginine,25.39592965519403,1.4,1.5,2.229495117009959,2.2193922363712373,2.195816082171315,2.186609487889807,2.1825164089588167,1.0
396_cb1_s35,Belatacept,Fc-Fusion,4.5,90.0,5.6,0.5,69.16502402884358,24.85040911378628,PBS,7.4,10.161783853878543,NaCl,138.36352518281876,none,0.0,none,0.0,Proline,24.625321155288614,1.4,1.5,2.840525565286668,2.8405255652866677,2.8405254713497436,2.6589504344537107,2.3656209042668133,1.0
387_cb1_s36,Belatacept,Fc-Fusion,4.5,90.0,5.6,0.5,70.29325811710689,24.507732974759016,Histidine,6.0,14.998213587236181,none,0.0,none,0.0,none,0.0,none,0.0,1.4,1.5,3.9138145434481864,3.9138145434481753,3.913813590701256,3.260421129193689,1.763882303441626,1.0
393_cb1_s37,Belatacept,Fc-Fusion,4.5,90.0,5.6,0.5,69.3564805188178,24.460078776109256,PBS,7.4,9.877282478927441,NaCl,140.54947463386682,none,0.0,none,0.0,none,0.0,1.4,1.5,2.8850817498853765,2.5504207194080495,2.516954539301675,2.513607913585156,2.5132385443327503,1.0
394_cb1_s38,Belatacept,Fc-Fusion,4.5,90.0,5.6,0.5,71.80778337462223,25.210890037125434,PBS,7.4,10.262038381616179,NaCl,139.39531054301935,Sucrose,0.2037499099700277,none,0.0,none,0.0,1.4,1.5,3.4455065847850954,3.4455065847850954,3.4455063425591796,2.7220917294694216,1.9679578726651012,1.0
395_cb1_s39,Belatacept,Fc-Fusion,4.5,90.0,5.6,0.5,70.68495634910686,25.343176777507264,PBS,7.4,9.832221465194852,NaCl,140.18994783896744,none,0.0,none,0.0,Arginine,23.990036333921932,1.4,1.5,2.3602740068689365,2.355758073742034,2.3447140769486143,2.3404936207519924,2.33869854955339,1.0
396_cb1_s40,Belatacept,Fc-Fusion,4.5,90.0,5.6,0.5,66.02749098204367,24.991694828837048,PBS,7.4,9.97883624850046,NaCl,138.7298181147433,none,0.0,none,0.0,Proline,25.863113272817817,1.4,1.5,3.0150167281526055,3.0150167281526015,3.0150163366316787,2.7282604907507015,2.2816765961202568,1.0
387_cb1_s41,Belatacept,Fc-Fusion,4.5,90.0,5.6,0.5,68.97384354122674,25.548034953738703,Histidine,6.0,15.127596392499033,none,0.0,none,0.0,none,0.0,none,0.0,1.4,1.5,3.835117823841996,3.835117823841995,3.8351174968642017,3.2203706674398767,1.8065210887706789,1.0
393_cb1_s42,Belatacept,Fc-Fusion,4.5,90.0,5.6,0.5,65.92004161425629,25.261611592868515,PBS,7.4,9.755935862011205,NaCl,134.35145136525725,none,0.0,none,0.0,none,0.0,1.4,1.5,2.8312872911145712,2.5210850643117997,2.490064770204733,2.486962733651332,2.4866203598636063,1.0
394_cb1_s43,Belatacept,Fc-Fusion,4.5,90.0,5.6,0.5,70.8922545562323,25.80815002136096,PBS,7.4,9.7214529055666,NaCl,139.9032582529289,Sucrose,0.19353314650020795,none,0.0,none,0.0,1.4,1.5,3.10195252186807,3.10195252186807,3.1019523349948734,2.640084749418154,2.1458334704978483,1.0
395_cb1_s44,Belatacept,Fc-Fusion,4.5,90.0,5.6,0.5,70.98481618639445,26.07746433869157,PBS,7.4,9.936940668942775,NaCl,137.36513643813413,none,0.0,none,0.0,Arginine,25.123041807658204,1.4,1.5,2.234511016545335,2.2342352783372634,2.233590141400739,2.233340080695285,2.233229098266327,1.0
396_cb1_s45,Belatacept,Fc-Fusion,4.5,90.0,5.6,0.5,71.00578439286029,24.92112650838426,PBS,7.4,9.871666635973924,NaCl,144.6629853693459,none,0.0,none,0.0,Proline,24.571915079669125,1.4,1.5,2.8204424115915634,2.8204424115915607,2.82044217945971,2.656452725481646,2.4062122529427152,1.0
387_cb1_s46,Belatacept,Fc-Fusion,4.5,90.0,5.6,0.5,71.15189589316759,24.518674494040514,Histidine,6.0,15.207830709554658,none,0.0,none,0.0,none,0.0,none,0.0,1.4,1.5,3.9442040805477103,3.944204080547708,3.9442037905351772,3.3322133234012514,1.8082531793992902,1.0
393_cb1_s47,Belatacept,Fc-Fusion,4.5,90.0,5.6,0.5,72.05944856714395,24.650252389916176,PBS,7.4,9.792586785286,NaCl,141.86303301809193,none,0.0,none,0.0,none,0.0,1.4,1.5,2.9748057895973194,2.631027444963314,2.5966495313419204,2.5932117320639647,2.5928322999264086,1.0
394_cb1_s48,Belatacept,Fc-Fusion,4.5,90.0,5.6,0.5,70.34032841872497,25.475653122149744,PBS,7.4,10.105379584733159,NaCl,139.4655577852511,Sucrose,0.19920721729448113,none,0.0,none,0.0,1.4,1.5,3.3090329601237447,3.3090329601237447,3.3090327829590285,2.708945974058212,2.0410453572743723,1.0
395_cb1_s49,Belatacept,Fc-Fusion,4.5,90.0,5.6,0.5,67.97671262982288,25.33313483602176,PBS,7.4,10.11559570472791,NaCl,141.61661787029865,none,0.0,none,0.0,Arginine,24.93567027682397,1.4,1.5,2.284683671301112,2.296001899634453,2.321961640070053,2.331586099761372,2.3355639561930337,1.0
396_cb1_s50,Belatacept,Fc-Fusion,4.5,90.0,5.6,0.5,70.82954243024487,25.204818059342,PBS,7.4,10.071394551853386,NaCl,140.22757958175734,none,0.0,none,0.0,Proline,24.981053459141584,1.4,1.5,3.0119813385215974,3.0119813385215934,3.0119808894333953,2.711749350246205,2.280164519721303,1.0
387_cb1_s51,Belatacept,Fc-Fusion,4.5,90.0,5.6,0.5,70.72519268694803,25.01310237638702,Histidine,6.0,14.908930702420225,none,0.0,none,0.0,none,0.0,none,0.0,1.4,1.5,4.222305752182911,4.222305752182906,4.222305143920039,3.5432773114050145,1.9041724627983396,1.0
393_cb1_s52,Belatacept,Fc-Fusion,4.5,90.0,5.6,0.5,70.02708169913646,24.40551829023252,PBS,7.4,9.990023969174377,NaCl,137.070860961825,none,0.0,none,0.0,none,0.0,1.4,1.5,2.6715032054470598,2.3255516245315473,2.290956386781593,2.2874968550407404,2.2871150242771496,1.0
394_cb1_s53,Belatacept,Fc-Fusion,4.5,90.0,5.6,0.5,68.0889694864027,25.350747390962358,PBS,7.4,10.103774236088023,NaCl,141.3882540588772,Sucrose,0.20000647612542777,none,0.0,none,0.0,1.4,1.5,3.4381456100344057,3.4381456100344057,3.4381451897557875,2.7809969638702015,2.118260462911065,1.0
395_cb1_s54,Belatacept,Fc-Fusion,4.5,90.0,5.6,0.5,68.78443465376233,25.048906646546655,PBS,7.4,10.22078670934038,NaCl,139.28241369209562,none,0.0,none,0.0,Arginine,24.882041735343936,1.4,1.5,2.2783429481834294,2.2956446724079727,2.336485376152292,2.351567988517762,2.357774891545048,1.0
396_cb1_s55,Belatacept,Fc-Fusion,4.5,90.0,5.6,0.5,69.06840878261876,25.360951742719074,PBS,7.4,9.746000280521226,NaCl,141.87275236552944,none,0.0,none,0.0,Proline,25.33597230390725,1.4,1.5,2.854723140339253,2.8547231403392423,2.854722622056004,2.626904223739221,2.2749305079038473,1.0
387_cb1_s56,Belatacept,Fc-Fusion,4.5,90.0,5.6,0.5,71.44117834133745,25.39835096353537,Histidine,6.0,15.00455488276213,none,0.0,none,0.0,none,0.0,none,0.0,1.4,1.5,3.985412857290493,3.985412857290478,3.98541194236485,3.3191583574248353,1.755377508172299,1.0
393_cb1_s57,Belatacept,Fc-Fusion,4.5,90.0,5.6,0.5,69.96607403258243,25.601225623991535,PBS,7.4,9.780945896231438,NaCl,131.1052293230512,none,0.0,none,0.0,none,0.0,1.4,1.5,2.9279924864662483,2.611615980627002,2.579978257194539,2.5768144775664297,2.5764652891554753,1.0
394_cb1_s58,Belatacept,Fc-Fusion,4.5,90.0,5.6,0.5,69.57214514018467,25.365479488188107,PBS,7.4,9.869868034526323,NaCl,134.14715188321117,Sucrose,0.19931896701281637,none,0.0,none,0.0,1.4,1.5,3.418382903814125,3.418382903814125,3.418382704215555,2.8265888770751983,2.1239371366053024,1.0
395_cb1_s59,Belatacept,Fc-Fusion,4.5,90.0,5.6,0.5,68.2303913648737,25.24309239578097,PBS,7.4,9.610125648935515,NaCl,134.25899911960423,none,0.0,none,0.0,Arginine,25.369590247350782,1.4,1.5,2.2320340743746963,2.2301216694187422,2.2255538980157885,2.2238192110111297,2.223075285419385,1.0
396_cb1_s60,Belatacept,Fc-Fusion,4.5,90.0,5.6,0.5,67.76574844399624,24.630485670988385,PBS,7.4,10.130466067635336,NaCl,143.9964550200098,none,0.0,none,0.0,Proline,24.790282623670727,1.4,1.5,2.9339587511587593,2.9339587511587553,2.9339584685774893,2.694817179174976,2.3076792518765936,1.0
387_cb1_s61,Belatacept,Fc-Fusion,4.5,90.0,5.6,0.5,69.6531466144644,25.660207004891916,Histidine,6.0,14.737669305498025,none,0.0,none,0.0,none,0.0,none,0.0,1.4,1.5,4.029417097762856,4.0294170977628445,4.029416224481381,3.345369032105633,1.7341051815650257,1.0
393_cb1_s62,Belatacept,Fc-Fusion,4.5,90.0,5.6,0.5,69.98026144773065,24.96867588893909,PBS,7.4,10.048248049681344,NaCl,140.23661440794,none,0.0,none,0.0,none,0.0,1.4,1.5,2.8912110913635893,2.544806765448825,2.5101662530946993,2.5067021938830045,2.5063198634195185,1.0
420_cb2_s1,Etanercept,Fc-Fusion,4.5,150.0,7.9,0.6,151.7635676644132,25.309869392351438,Histidine,6.0,14.426604932501249,none,0.0,none,0.0,none,0.0,none,0.0,1.4,1.5,102.59308213273682,101.86736208911425,92.18242035840403,54.772493929617816,9.321339423272875,2.0
421_cb2_s2,Belatacept,Fc-Fusion,4.5,90.0,5.6,0.5,108.22597075594028,25.037847470002543,Histidine,6.0,15.205676923889527,none,0.0,none,0.0,none,0.0,none,0.0,1.4,1.5,7.310334978458265,7.3103349784581795,7.3103343430372085,6.468659134447627,3.1529797042421426,2.0
410_cb2_s3,Etanercept,Fc-Fusion,4.5,150.0,7.9,0.6,132.49426317373744,25.23968047671471,Histidine,6.0,14.212554883087765,none,0.0,none,0.0,none,0.0,none,0.0,1.4,1.5,68.42673531020259,65.92652595080872,55.14798325204963,33.555512344885884,7.8192426035518245,2.0
418_cb2_s4,Etanercept,Fc-Fusion,4.5,150.0,7.9,0.6,101.74149328917682,25.474406548235812,Histidine,6.0,15.039207007339316,none,0.0,none,0.0,none,0.0,none,0.0,1.4,1.5,22.79438553070539,18.147597319750723,12.662062741888464,7.641972219532731,2.8132069211207162,2.0
419_cb2_s5,Etanercept,Fc-Fusion,4.5,150.0,7.9,0.6,119.81790851835595,24.157666211386807,Histidine,6.0,15.057274957243115,none,0.0,none,0.0,none,0.0,none,0.0,1.4,1.5,31.139776887786635,21.85536943700081,13.14128158751499,6.536006558443222,0.8052886398396089,2.0
420_cb2_s6,Etanercept,Fc-Fusion,4.5,150.0,7.9,0.6,146.26637249974584,25.116434043713447,Histidine,6.0,14.817598157118804,none,0.0,none,0.0,none,0.0,none,0.0,1.4,1.5,100.10583580582606,99.63762077564424,92.01604538236813,58.406288482122946,12.670910949159584,2.0
421_cb2_s7,Belatacept,Fc-Fusion,4.5,90.0,5.6,0.5,112.18632087196696,25.686957192605725,Histidine,6.0,14.744283970177769,none,0.0,none,0.0,none,0.0,none,0.0,1.4,1.5,7.0681336871875695,7.0681336871869975,7.068131984065922,6.225010368361456,3.091483389181271,2.0
410_cb2_s8,Etanercept,Fc-Fusion,4.5,150.0,7.9,0.6,134.6096889469619,25.31798387535587,Histidine,6.0,14.753377196451622,none,0.0,none,0.0,none,0.0,none,0.0,1.4,1.5,69.86005680956775,67.87306508841316,58.3351905106968,37.238473544319554,9.390607632787987,2.0
418_cb2_s9,Etanercept,Fc-Fusion,4.5,150.0,7.9,0.6,96.62298962386299,24.439976288765063,Histidine,6.0,15.201273374483062,none,0.0,none,0.0,none,0.0,none,0.0,1.4,1.5,19.015517075961892,14.803478996492686,10.183726651842067,6.230811372354468,2.633822162038348,2.0
419_cb2_s10,Etanercept,Fc-Fusion,4.5,150.0,7.9,0.6,121.54684437994871,25.46412284567216,Histidine,6.0,14.85104047935541,none,0.0,none,0.0,none,0.0,none,0.0,1.4,1.5,31.273732742260435,21.859195706014667,13.099019253567347,6.504665714163081,0.806360253399262,2.0
420_cb2_s11,Etanercept,Fc-Fusion,4.5,150.0,7.9,0.6,152.48134628569733,25.078987156125727,Histidine,6.0,14.618424299666184,none,0.0,none,0.0,none,0.0,none,0.0,1.4,1.5,96.71952047622126,96.00859162881788,87.5727574092166,56.00288587902975,12.223587444743753,2.0
421_cb2_s12,Belatacept,Fc-Fusion,4.5,90.0,5.6,0.5,113.66021223071564,25.152621563265676,Histidine,6.0,15.176217509941806,none,0.0,none,0.0,none,0.0,none,0.0,1.4,1.5,7.336232848026254,7.336232848026171,7.336232210387431,6.533100344370551,3.3176835353311573,2.0
410_cb2_s13,Etanercept,Fc-Fusion,4.5,150.0,7.9,0.6,130.54129538918414,24.928370542317904,Histidine,6.0,15.328964135469075,none,0.0,none,0.0,none,0.0,none,0.0,1.4,1.5,71.79347332812078,69.67004960987981,59.32957555955438,36.66235760337817,8.553527842975885,2.0
418_cb2_s14,Etanercept,Fc-Fusion,4.5,150.0,7.9,0.6,100.00629545381265,25.614995184219342,Histidine,6.0,15.294804942830984,none,0.0,none,0.0,none,0.0,none,0.0,1.4,1.5,18.908419430670246,14.872413635178166,10.35624919128384,6.4211306841840035,2.7864948818598445,2.0
419_cb2_s15,Etanercept,Fc-Fusion,4.5,150.0,7.9,0.6,124.19552896589,25.520030909951284,Histidine,6.0,14.778068650808109,none,0.0,none,0.0,none,0.0,none,0.0,1.4,1.5,31.27444780356745,22.204847130566723,13.500576381293275,6.771943016865862,0.8351039744997171,2.0
420_cb2_s16,Etanercept,Fc-Fusion,4.5,150.0,7.9,0.6,152.36975916654256,25.484784512876452,Histidine,6.0,15.098056620183131,none,0.0,none,0.0,none,0.0,none,0.0,1.4,1.5,96.1807273364858,95.50690958637796,87.03667433616789,55.09227276111889,11.897653463749498,2.0
421_cb2_s17,Belatacept,Fc-Fusion,4.5,90.0,5.6,0.5,109.29875370645851,24.485094075729076,Histidine,6.0,14.962996780786167,none,0.0,none,0.0,none,0.0,none,0.0,1.4,1.5,6.986160766442678,6.986160766442314,6.986159322244609,6.142370126053793,3.1716211079148233,2.0
410_cb2_s18,Etanercept,Fc-Fusion,4.5,150.0,7.9,0.6,133.21085856966405,25.72637777256309,Histidine,6.0,15.458624355162273,none,0.0,none,0.0,none,0.0,none,0.0,1.4,1.5,69.49332792249561,67.42192002093375,57.62330333288739,36.317229993319046,8.869501993832612,2.0
418_cb2_s19,Etanercept,Fc-Fusion,4.5,150.0,7.9,0.6,102.75693925492303,25.05791229361347,Histidine,6.0,15.116881357227598,none,0.0,none,0.0,none,0.0,none,0.0,1.4,1.5,19.354621412853923,14.9700227947354,10.225938177509292,6.216203839543398,2.604044499062623,2.0
419_cb2_s20,Etanercept,Fc-Fusion,4.5,150.0,7.9,0.6,121.35562166064031,25.81789890306791,Histidine,6.0,14.933687260938884,none,0.0,none,0.0,none,0.0,none,0.0,1.4,1.5,30.81837562602091,21.95128067622289,13.387795693985455,6.729735733686619,0.8222319809821709,2.0
420_cb2_s21,Etanercept,Fc-Fusion,4.5,150.0,7.9,0.6,149.6555932537228,25.28338586309209,Histidine,6.0,14.802788233801584,none,0.0,none,0.0,none,0.0,none,0.0,1.4,1.5,100.3609417266689,99.31712290482822,88.83038873242938,55.0529494361524,11.303440385799197,2.0
421_cb2_s22,Belatacept,Fc-Fusion,4.5,90.0,5.6,0.5,109.06772869955006,24.773292945808073,Histidine,6.0,14.461307048210996,none,0.0,none,0.0,none,0.0,none,0.0,1.4,1.5,7.279291763221726,7.279291763221446,7.279290109786357,6.26458389158406,3.2338029682353358,2.0
410_cb2_s23,Etanercept,Fc-Fusion,4.5,150.0,7.9,0.6,132.03225469711762,24.929235181331077,Histidine,6.0,15.47949654229231,none,0.0,none,0.0,none,0.0,none,0.0,1.4,1.5,68.28030181762792,66.57618500418374,57.383162320351374,35.74895773621329,8.5000271386672,2.0
418_cb2_s24,Etanercept,Fc-Fusion,4.5,150.0,7.9,0.6,95.79050098856197,26.021088955267363,Histidine,6.0,15.046597499759821,none,0.0,none,0.0,none,0.0,none,0.0,1.4,1.5,20.941881160634303,16.48904265238435,11.417865758489294,6.927537426321965,2.7247609768989323,2.0
419_cb2_s25,Etanercept,Fc-Fusion,4.5,150.0,7.9,0.6,125.46500759532793,24.382744000788804,Histidine,6.0,14.690410114845847,none,0.0,none,0.0,none,0.0,none,0.0,1.4,1.5,32.5171549141129,22.979580691668705,13.902763965695051,6.940344188727914,0.8440836481201985,2.0
420_cb2_s26,Etanercept,Fc-Fusion,4.5,150.0,7.9,0.6,152.19300188035646,25.269217478608226,Histidine,6.0,15.214720272351252,none,0.0,none,0.0,none,0.0,none,0.0,1.4,1.5,98.85214063936944,98.02820117650975,88.91476652368951,56.58003218836309,12.279535028347489,2.0
421_cb2_s27,Belatacept,Fc-Fusion,4.5,90.0,5.6,0.5,111.09801079550306,24.153864584178336,Histidine,6.0,14.948884270383541,none,0.0,none,0.0,none,0.0,none,0.0,1.4,1.5,7.8136473936265585,7.813647393626489,7.8136467978535435,6.938568116874548,3.422882340782698,2.0
410_cb2_s28,Etanercept,Fc-Fusion,4.5,150.0,7.9,0.6,137.0065888328486,24.906660518843278,Histidine,6.0,15.218719093500708,none,0.0,none,0.0,none,0.0,none,0.0,1.4,1.5,67.05784655390376,64.66017209061881,54.262441033908715,33.323970840827364,7.959508234538799,2.0
418_cb2_s29,Etanercept,Fc-Fusion,4.5,150.0,7.9,0.6,101.41870502891064,25.00972912775944,Histidine,6.0,14.958446326617832,none,0.0,none,0.0,none,0.0,none,0.0,1.4,1.5,19.817725139789324,15.389468297632162,10.557130577327577,6.44123943350125,2.710005602537842,2.0
419_cb2_s30,Etanercept,Fc-Fusion,4.5,150.0,7.9,0.6,121.78476426129643,24.89756166806764,Histidine,6.0,15.009418759659834,none,0.0,none,0.0,none,0.0,none,0.0,1.4,1.5,31.48375522462966,22.208349766537882,13.415813364829084,6.6935467066640655,0.8206997178744782,2.0
420_cb2_s31,Etanercept,Fc-Fusion,4.5,150.0,7.9,0.6,151.8285781356258,24.22231313307938,Histidine,6.0,15.060253527934712,none,0.0,none,0.0,none,0.0,none,0.0,1.4,1.5,105.00031465687539,104.04145665744822,93.45544107283953,56.90345516313818,10.693616512021826,2.0
421_cb2_s32,Belatacept,Fc-Fusion,4.5,90.0,5.6,0.5,107.81410306569312,25.067962283609173,Histidine,6.0,15.025340035916985,none,0.0,none,0.0,none,0.0,none,0.0,1.4,1.5,7.312043424927214,7.312043424926941,7.312042134240972,6.427321843264346,3.229090633109456,2.0
410_cb2_s33,Etanercept,Fc-Fusion,4.5,150.0,7.9,0.6,134.22650951518509,24.64320766504641,Histidine,6.0,14.453771916659395,none,0.0,none,0.0,none,0.0,none,0.0,1.4,1.5,66.66901341375153,64.67910527495901,54.88422760231777,33.78851845941558,8.190764754749786,2.0
418_cb2_s34,Etanercept,Fc-Fusion,4.5,150.0,7.9,0.6,101.77830764957561,24.439124448572056,Histidine,6.0,14.769940788598635,none,0.0,none,0.0,none,0.0,none,0.0,1.4,1.5,19.93165290533269,15.660125395095351,10.825914474724597,6.56991379365253,2.6052861753862926,2.0
419_cb2_s35,Etanercept,Fc-Fusion,4.5,150.0,7.9,0.6,120.96056605326426,25.10082645256463,Histidine,6.0,14.691008317566919,none,0.0,none,0.0,none,0.0,none,0.0,1.4,1.5,33.03044296826469,23.518383007935313,14.339878383708028,7.208098699263166,0.8811896569554385,2.0
420_cb2_s36,Etanercept,Fc-Fusion,4.5,150.0,7.9,0.6,149.88031684874488,24.297880216869206,Histidine,6.0,14.959745936796923,none,0.0,none,0.0,none,0.0,none,0.0,1.4,1.5,100.32787847851338,99.62893981983483,91.33122153040048,60.2016941180841,14.773478786661984,2.0
421_cb2_s37,Belatacept,Fc-Fusion,4.5,90.0,5.6,0.5,106.96268284702077,24.781922279246256,Histidine,6.0,14.922713854346702,none,0.0,none,0.0,none,0.0,none,0.0,1.4,1.5,7.4035841802355495,7.403584180234503,7.403582118037217,6.593348755802829,3.364229899989012,2.0
410_cb2_s38,Etanercept,Fc-Fusion,4.5,150.0,7.9,0.6,134.40092252615034,25.04891358735396,Histidine,6.0,15.130801732566773,none,0.0,none,0.0,none,0.0,none,0.0,1.4,1.5,68.73631037304371,66.72453134960736,56.816873033104955,34.98660259487236,8.176873368934366,2.0
418_cb2_s39,Etanercept,Fc-Fusion,4.5,150.0,7.9,0.6,100.95901509600323,25.364470597285226,Histidine,6.0,14.79229476772986,none,0.0,none,0.0,none,0.0,none,0.0,1.4,1.5,19.82259697905072,15.321347864453223,10.468965345320134,6.381304300940849,2.7089392937607193,2.0
419_cb2_s40,Etanercept,Fc-Fusion,4.5,150.0,7.9,0.6,122.17910955270493,25.061739904582296,Histidine,6.0,14.962714266851268,none,0.0,none,0.0,none,0.0,none,0.0,1.4,1.5,33.57208384193111,24.15058122748379,14.86261862517967,7.511641109485997,0.8973603894337145,2.0
420_cb2_s41,Etanercept,Fc-Fusion,4.5,150.0,7.9,0.6,151.5543051060899,24.735399495094242,Histidine,6.0,14.739213903903407,none,0.0,none,0.0,none,0.0,none,0.0,1.4,1.5,99.56972886636655,98.9615771758264,89.85503766194444,53.279593921252065,9.315855297085987,2.0
421_cb2_s42,Belatacept,Fc-Fusion,4.5,90.0,5.6,0.5,110.60062357848764,23.962679981226817,Histidine,6.0,14.972412965218721,none,0.0,none,0.0,none,0.0,none,0.0,1.4,1.5,7.2876237730764775,7.287623773075836,7.287621376678223,6.260384691800267,3.1817950755404074,2.0
410_cb2_s43,Etanercept,Fc-Fusion,4.5,150.0,7.9,0.6,131.9467961739634,24.43596872259615,Histidine,6.0,15.09296843381419,none,0.0,none,0.0,none,0.0,none,0.0,1.4,1.5,68.88079833015335,66.72824044432986,56.40189987615686,34.391213625237086,8.017716079380728,2.0
418_cb2_s44,Etanercept,Fc-Fusion,4.5,150.0,7.9,0.6,97.39682403439333,24.073490758551216,Histidine,6.0,14.96253393439498,none,0.0,none,0.0,none,0.0,none,0.0,1.4,1.5,20.03964411067627,15.886597253637532,11.083254143085423,6.769503417662674,2.6845032458938167,2.0
419_cb2_s45,Etanercept,Fc-Fusion,4.5,150.0,7.9,0.6,122.49703414234762,24.022475614840857,Histidine,6.0,14.889318168290561,none,0.0,none,0.0,none,0.0,none,0.0,1.4,1.5,32.22198684677216,22.803988076600827,13.827290121174912,6.925292318183591,0.8512550559833981,2.0
420_cb2_s46,Etanercept,Fc-Fusion,4.5,150.0,7.9,0.6,151.66806629052687,24.704357605599053,Histidine,6.0,14.446028085658675,none,0.0,none,0.0,none,0.0,none,0.0,1.4,1.5,100.81734518345748,99.92511841053044,89.69158012652626,54.39857199789457,10.365729662330676,2.0
421_cb2_s47,Belatacept,Fc-Fusion,4.5,90.0,5.6,0.5,109.27229522874929,24.74491959317489,Histidine,6.0,15.044836826898994,none,0.0,none,0.0,none,0.0,none,0.0,1.4,1.5,7.196253665694369,7.196253665693812,7.196252124911035,6.405681948377227,3.299147871999201,2.0
410_cb2_s48,Etanercept,Fc-Fusion,4.5,150.0,7.9,0.6,131.25067347600182,25.031165674809564,Histidine,6.0,15.03215097457788,none,0.0,none,0.0,none,0.0,none,0.0,1.4,1.5,70.5323491289131,68.60990928256429,58.356452535617166,35.21544403439792,8.060075353763471,2.0
418_cb2_s49,Etanercept,Fc-Fusion,4.5,150.0,7.9,0.6,100.58192946027489,24.746495670364972,Histidine,6.0,14.845829812005347,none,0.0,none,0.0,none,0.0,none,0.0,1.4,1.5,20.0441514068408,15.857968643755674,11.046061392804233,6.7489877593718735,2.6987797553032333,2.0
419_cb2_s50,Etanercept,Fc-Fusion,4.5,150.0,7.9,0.6,127.04557896558667,24.463335983888552,Histidine,6.0,14.871345622318177,none,0.0,none,0.0,none,0.0,none,0.0,1.4,1.5,30.955397688502607,21.88254991549222,13.251752249989007,6.631563906392741,0.8288187475064033,2.0
420_cb2_s51,Etanercept,Fc-Fusion,4.5,150.0,7.9,0.6,146.8319076001,24.87152743743911,Histidine,6.0,15.092349711754165,none,0.0,none,0.0,none,0.0,none,0.0,1.4,1.5,101.45363940076928,100.83182562896044,91.90728376917383,56.56845042920822,11.303905322417004,2.0
421_cb2_s52,Belatacept,Fc-Fusion,4.5,90.0,5.6,0.5,109.77561162340095,24.578783684936838,Histidine,6.0,15.2252618338204,none,0.0,none,0.0,none,0.0,none,0.0,1.4,1.5,7.742321477175527,7.742321477175158,7.742319849886758,6.719059408074996,3.120453297494786,2.0
410_cb2_s53,Etanercept,Fc-Fusion,4.5,150.0,7.9,0.6,136.19592035861362,25.21194474122199,Histidine,6.0,14.710265210140813,none,0.0,none,0.0,none,0.0,none,0.0,1.4,1.5,70.17540160935167,67.86929751212703,56.8783012899706,33.738484483027065,7.377425749685546,2.0
418_cb2_s54,Etanercept,Fc-Fusion,4.5,150.0,7.9,0.6,99.17504197622414,24.63065125083522,Histidine,6.0,14.511898523739976,none,0.0,none,0.0,none,0.0,none,0.0,1.4,1.5,19.575888205082585,15.272031007551734,10.51278966736562,6.410209763216097,2.654243922646622,2.0
419_cb2_s55,Etanercept,Fc-Fusion,4.5,150.0,7.9,0.6,122.85860605145635,24.59069748666996,Histidine,6.0,15.327632035194728,none,0.0,none,0.0,none,0.0,none,0.0,1.4,1.5,35.01855364446157,24.945571568811083,15.216059992443112,7.64817788578105,0.925005398852407,2.0
420_cb2_s56,Etanercept,Fc-Fusion,4.5,150.0,7.9,0.6,146.40082420472936,25.349459842540394,Histidine,6.0,14.87705962686194,none,0.0,none,0.0,none,0.0,none,0.0,1.4,1.5,98.55765176141071,97.99889749477772,90.27605367191426,59.20834138427396,14.525696184399187,2.0
421_cb2_s57,Belatacept,Fc-Fusion,4.5,90.0,5.6,0.5,108.58962121361562,25.329527171956713,Histidine,6.0,15.308068385477373,none,0.0,none,0.0,none,0.0,none,0.0,1.4,1.5,7.461320975851516,7.461320975851017,7.4613195521312115,6.612499899671107,3.0931385470185973,2.0
410_cb2_s58,Etanercept,Fc-Fusion,4.5,150.0,7.9,0.6,132.37818128857592,25.455209249842785,Histidine,6.0,15.472120264966534,none,0.0,none,0.0,none,0.0,none,0.0,1.4,1.5,70.07465596418831,67.93326967706192,58.011321714848265,36.755654406115255,9.245657194567492,2.0
418_cb2_s59,Etanercept,Fc-Fusion,4.5,150.0,7.9,0.6,100.15914706988434,25.379412208081803,Histidine,6.0,15.208896858624097,none,0.0,none,0.0,none,0.0,none,0.0,1.4,1.5,21.5523359430603,17.184389144342546,12.00451635547191,7.244199278337258,2.6492855360883105,2.0
419_cb2_s60,Etanercept,Fc-Fusion,4.5,150.0,7.9,0.6,119.38247999851731,25.541056156496573,Histidine,6.0,14.961289765461064,none,0.0,none,0.0,none,0.0,none,0.0,1.4,1.5,34.287387008822,24.623911870465385,15.1351965872047,7.647561375006784,0.9161341410446481,2.0
420_cb2_s61,Etanercept,Fc-Fusion,4.5,150.0,7.9,0.6,147.58471445690847,25.094237880509052,Histidine,6.0,14.802993196311775,none,0.0,none,0.0,none,0.0,none,0.0,1.4,1.5,97.62940840141763,96.93398022690127,88.49246423190269,56.46303065064464,12.207922642902947,2.0
475_cb0_s1,Vudalimab,Bispecific,5.0,152.0,8.1,0.3,69.30812766029241,24.40080393752398,Acetate,5.0,20.433679297617417,none,0.0,none,0.0,none,0.0,none,0.0,1.5,1.3,1.8799716561266726,1.820458446856017,1.761952174491049,1.7046719792709548,1.5849808101237461,0.0
481_cb0_s2,Vudalimab,Bispecific,5.0,152.0,8.1,0.3,50.475588435928586,24.12655215432722,Histidine,6.0,14.83837174879617,none,0.0,none,0.0,none,0.0,none,0.0,1.5,1.3,2.016353303835054,2.0069972459594183,1.6506011128562157,1.4989844222322128,1.4138561359952582,0.0
483_cb0_s3,Vudalimab,Bispecific,5.0,152.0,8.1,0.3,49.48746588935345,24.59923620494773,Histidine,6.0,14.895844051466321,none,0.0,Sucrose,0.8123328355198076,none,0.0,none,0.0,1.5,1.3,1.488527698644441,1.4885266033595468,1.3718273725351318,1.2700257159609296,1.2071099398680118,0.0
465_cb0_s4,Vudalimab,Bispecific,5.0,152.0,8.1,0.3,82.6797754766625,24.86259884762366,Histidine,6.0,14.339626957964724,none,0.0,none,0.0,none,0.0,none,0.0,1.5,1.3,3.9165884780148605,2.9575464739471857,2.3026461957634314,1.8554349468045492,1.3123372893480634,0.0
482_cb0_s5,Vudalimab,Bispecific,5.0,152.0,8.1,0.3,51.16225959750567,24.730204389631435,Histidine,6.0,15.268473166808048,none,0.0,Sucrose,0.3869438809197887,none,0.0,none,0.0,1.5,1.3,2.26048854628823,1.891719562713479,1.649186948431439,1.4896777102372447,1.3063474799059902,0.0
475_cb0_s6,Vudalimab,Bispecific,5.0,152.0,8.1,0.3,69.08539902698425,24.536223334594137,Acetate,5.0,19.923903662234714,none,0.0,none,0.0,none,0.0,none,0.0,1.5,1.3,1.4218680125834773,1.346748815796263,1.274819835078084,1.2062580547691037,1.0690068385954663,0.0
481_cb0_s7,Vudalimab,Bispecific,5.0,152.0,8.1,0.3,48.75775346645077,24.437206442984017,Histidine,6.0,14.671133902539431,none,0.0,none,0.0,none,0.0,none,0.0,1.5,1.3,1.9136981614660622,1.907537723678515,1.6489952700806279,1.5324194913705873,1.4619331008241183,0.0
483_cb0_s8,Vudalimab,Bispecific,5.0,152.0,8.1,0.3,50.60873558912442,24.721434713713887,Histidine,6.0,14.824075455333368,none,0.0,Sucrose,0.790083645947938,none,0.0,none,0.0,1.5,1.3,1.4969461019024173,1.4969457358433784,1.3724540948401598,1.268588301759213,1.2106162782063352,0.0
465_cb0_s9,Vudalimab,Bispecific,5.0,152.0,8.1,0.3,77.57995365552179,24.334647434334535,Histidine,6.0,14.346609680341594,none,0.0,none,0.0,none,0.0,none,0.0,1.5,1.3,4.138397161073276,3.3450013881930416,2.7475389408600566,2.297623038047329,1.665777313147755,0.0
482_cb0_s10,Vudalimab,Bispecific,5.0,152.0,8.1,0.3,50.80315474261402,25.1198137591195,Histidine,6.0,15.219916284439797,none,0.0,Sucrose,0.3848579025792796,none,0.0,none,0.0,1.5,1.3,2.207701044893337,1.8015793408932446,1.5571656631406388,1.4100717411924237,1.2613832027905936,0.0
475_cb0_s11,Vudalimab,Bispecific,5.0,152.0,8.1,0.3,67.82487482790454,25.00313657809221,Acetate,5.0,19.38738587390254,none,0.0,none,0.0,none,0.0,none,0.0,1.5,1.3,1.4557847142296505,1.3768584664516132,1.3014362311868806,1.2296887532466054,1.0865031702526573,0.0
481_cb0_s12,Vudalimab,Bispecific,5.0,152.0,8.1,0.3,49.23581321336216,25.43808696584654,Histidine,6.0,14.787170652801457,none,0.0,none,0.0,none,0.0,none,0.0,1.5,1.3,2.072855831256834,2.058772441969942,1.6517075483400183,1.4860465716954834,1.3966560588661912,0.0
483_cb0_s13,Vudalimab,Bispecific,5.0,152.0,8.1,0.3,50.03390272368233,24.404796132162755,Histidine,6.0,15.277792530214384,none,0.0,Sucrose,0.7985427862343516,none,0.0,none,0.0,1.5,1.3,1.529007115264397,1.5290066129248716,1.3913801545726883,1.2624187185906999,1.1858279138400851,0.0
465_cb0_s14,Vudalimab,Bispecific,5.0,152.0,8.1,0.3,77.1616486142206,24.65697512148241,Histidine,6.0,14.814836326005612,none,0.0,none,0.0,none,0.0,none,0.0,1.5,1.3,3.9157907955435074,2.9066121716663424,2.2349681882216483,1.7879654187198568,1.265216517354343,0.0
482_cb0_s15,Vudalimab,Bispecific,5.0,152.0,8.1,0.3,51.18398744319689,25.170912606977485,Histidine,6.0,14.981988737493431,none,0.0,Sucrose,0.3951844444645186,none,0.0,none,0.0,1.5,1.3,2.3510161634341697,1.9369060407882754,1.6679711501313925,1.4933172262385503,1.2962425488719678,0.0
475_cb0_s16,Vudalimab,Bispecific,5.0,152.0,8.1,0.3,67.1373131642539,25.884084646529892,Acetate,5.0,20.127986076458065,none,0.0,none,0.0,none,0.0,none,0.0,1.5,1.3,1.1797793348892598,1.0994986935863686,1.0242673674800284,0.9541080495465114,0.8184462436232877,0.0
481_cb0_s17,Vudalimab,Bispecific,5.0,152.0,8.1,0.3,50.97604071935594,25.69974321348617,Histidine,6.0,14.811403708477629,none,0.0,none,0.0,none,0.0,none,0.0,1.5,1.3,1.919138435192467,1.911041128118761,1.5837274119160287,1.4521675484191483,1.3833566998080864,0.0
483_cb0_s18,Vudalimab,Bispecific,5.0,152.0,8.1,0.3,51.090183471020445,24.62595196768918,Histidine,6.0,14.409802480732202,none,0.0,Sucrose,0.7996600835315801,none,0.0,none,0.0,1.5,1.3,1.487512199250827,1.4875115740458265,1.3621118830485515,1.2439869026191923,1.1658325336608393,0.0
465_cb0_s19,Vudalimab,Bispecific,5.0,152.0,8.1,0.3,80.61077467034002,24.813315787498457,Histidine,6.0,14.849940654871203,none,0.0,none,0.0,none,0.0,none,0.0,1.5,1.3,4.317050844181945,3.49500270217153,2.8700102797301783,2.3948367377181867,1.7178581226717176,0.0
482_cb0_s20,Vudalimab,Bispecific,5.0,152.0,8.1,0.3,51.098983357441966,25.97991862737234,Histidine,6.0,15.135183914829417,none,0.0,Sucrose,0.4006621832302834,none,0.0,none,0.0,1.5,1.3,2.336592603940603,1.935351332877359,1.6809304797354157,1.5196062056885025,1.3437858295871525,0.0
475_cb0_s21,Vudalimab,Bispecific,5.0,152.0,8.1,0.3,68.01818217216449,24.807771560511455,Acetate,5.0,19.83559002539873,none,0.0,none,0.0,none,0.0,none,0.0,1.5,1.3,1.768222940086264,1.7016789132650818,1.6367327792583166,1.5736121595813173,1.4432512968371627,0.0
481_cb0_s22,Vudalimab,Bispecific,5.0,152.0,8.1,0.3,49.87145370674804,24.674162438921794,Histidine,6.0,14.341685259053992,none,0.0,none,0.0,none,0.0,none,0.0,1.5,1.3,2.065122841849051,2.047836510574415,1.633288739044529,1.4715999848492203,1.3877808282649602,0.0
483_cb0_s23,Vudalimab,Bispecific,5.0,152.0,8.1,0.3,49.516382860444565,25.42089038739201,Histidine,6.0,14.68463399106525,none,0.0,Sucrose,0.759491690939987,none,0.0,none,0.0,1.5,1.3,1.571976522126379,1.5719756575839323,1.4250721490630183,1.2982631224926615,1.2238352457881805,0.0
465_cb0_s24,Vudalimab,Bispecific,5.0,152.0,8.1,0.3,80.41403168839027,25.597765694043357,Histidine,6.0,14.544309065756005,none,0.0,none,0.0,none,0.0,none,0.0,1.5,1.3,4.115535356861606,3.216674865344184,2.5673261109417114,2.098227949112816,1.4790765856590435,0.0
482_cb0_s25,Vudalimab,Bispecific,5.0,152.0,8.1,0.3,49.338458557484714,25.37670973175122,Histidine,6.0,14.815638364892672,none,0.0,Sucrose,0.3931492118537504,none,0.0,none,0.0,1.5,1.3,2.3407074547892863,1.9142502280300389,1.6478187798702653,1.4813643751752457,1.3038018277565535,0.0
475_cb0_s26,Vudalimab,Bispecific,5.0,152.0,8.1,0.3,70.78304326137061,24.625414136698378,Acetate,5.0,20.52620331637604,none,0.0,none,0.0,none,0.0,none,0.0,1.5,1.3,1.2617668740747434,1.183127845470151,1.108849213457841,1.0390239301939799,0.9023103229942945,0.0
481_cb0_s27,Vudalimab,Bispecific,5.0,152.0,8.1,0.3,48.767568760836,25.476230985268085,Histidine,6.0,15.506756680095503,none,0.0,none,0.0,none,0.0,none,0.0,1.5,1.3,2.0163649208730576,1.9989265647434373,1.62857053581779,1.4790401062819067,1.3976172159583427,0.0
483_cb0_s28,Vudalimab,Bispecific,5.0,152.0,8.1,0.3,52.0358735351818,25.23448903907423,Histidine,6.0,14.852412928539154,none,0.0,Sucrose,0.8212489102237917,none,0.0,none,0.0,1.5,1.3,1.5751468556496446,1.5751460541400029,1.4347759884646378,1.3121723819219941,1.241411811473395,0.0
465_cb0_s29,Vudalimab,Bispecific,5.0,152.0,8.1,0.3,77.67851537422204,25.03778818633502,Histidine,6.0,15.314659242562609,none,0.0,none,0.0,none,0.0,none,0.0,1.5,1.3,3.9379412279833423,3.0043969737130736,2.356964008482977,1.9079553600677799,1.350097459508209,0.0
482_cb0_s30,Vudalimab,Bispecific,5.0,152.0,8.1,0.3,50.746980840104705,25.015745781131,Histidine,6.0,15.207022102900984,none,0.0,Sucrose,0.40870168340926294,none,0.0,none,0.0,1.5,1.3,2.3238973496803212,1.9104946301174373,1.6504497400144276,1.4868723722388122,1.3106480984453321,0.0
475_cb0_s31,Vudalimab,Bispecific,5.0,152.0,8.1,0.3,68.52519173974817,24.812732924624875,Acetate,5.0,19.608029770087104,none,0.0,none,0.0,none,0.0,none,0.0,1.5,1.3,1.0240948692824474,0.941953195544351,0.8663680431956056,0.7971781100684612,0.6673112927076228,0.0
481_cb0_s32,Vudalimab,Bispecific,5.0,152.0,8.1,0.3,51.900268424310966,25.511528277626123,Histidine,6.0,15.493062452736158,none,0.0,none,0.0,none,0.0,none,0.0,1.5,1.3,1.8860534367529924,1.877306102075927,1.5740413996112026,1.446270112670608,1.3753047836648213,0.0
483_cb0_s33,Vudalimab,Bispecific,5.0,152.0,8.1,0.3,51.1861454740423,25.770161989909944,Histidine,6.0,14.83404682639582,none,0.0,Sucrose,0.7959367726976443,none,0.0,none,0.0,1.5,1.3,1.5176010728745495,1.5176004110143122,1.3964228068870403,1.2925190983706363,1.2361403753873537,0.0
465_cb0_s34,Vudalimab,Bispecific,5.0,152.0,8.1,0.3,79.55732516524937,25.056697195983347,Histidine,6.0,15.137698200502289,none,0.0,none,0.0,none,0.0,none,0.0,1.5,1.3,4.010669437359431,3.115034588818834,2.476552625999222,2.0213903285676835,1.4323717784630796,0.0
482_cb0_s35,Vudalimab,Bispecific,5.0,152.0,8.1,0.3,50.22058353773736,24.36452413945386,Histidine,6.0,14.886426077036054,none,0.0,Sucrose,0.4071893532827134,none,0.0,none,0.0,1.5,1.3,2.387428224859498,1.984845078424972,1.716307650203066,1.5371835582632694,1.3270146545771973,0.0
467_cb1_s1,Vudalimab,Bispecific,5.0,152.0,8.1,0.3,98.97802165960854,23.72322520197205,Histidine,6.0,14.949484523258144,NaCl,139.08716501171284,none,0.0,none,0.0,none,0.0,1.5,1.3,1.501696965303638,1.5071277610836413,1.522288371715,1.5272964898774377,1.5294760878680844,1.0
469_cb1_s2,Vudalimab,Bispecific,5.0,152.0,8.1,0.3,100.95330208160111,25.857953815566347,Histidine,6.0,14.970742384876313,none,0.0,none,0.0,tween-80,0.050327811073574126,none,0.0,1.5,1.3,2.6608000902545044,2.6607992874947364,2.515808903205026,2.175228678789374,1.8778270403854453,1.0
466_cb1_s3,Vudalimab,Bispecific,5.0,152.0,8.1,0.3,100.30280609590348,25.14922590699072,Histidine,6.0,14.765220420774424,none,0.0,none,0.0,none,0.0,none,0.0,1.5,1.3,3.4465591028934863,3.3597389934802484,3.1440302615762183,2.7614651253001474,2.245739314016295,1.0
468_cb1_s4,Vudalimab,Bispecific,5.0,152.0,8.1,0.3,101.57281242399164,24.720226857355264,Histidine,6.0,14.150090912957177,none,0.0,Sucrose,0.41087351595331223,none,0.0,none,0.0,1.5,1.3,2.930063134496071,2.4499434497745955,1.9110149926879916,1.4512293203442004,1.0577498873520648,1.0
470_cb1_s5,Vudalimab,Bispecific,5.0,152.0,8.1,0.3,101.87728004535789,24.911943783020067,Histidine,6.0,15.024896225643753,NaCl,139.63340774564685,Sucrose,0.4090259182661507,none,0.0,none,0.0,1.5,1.3,3.2915096563953377,2.8220144208659024,2.4415134039566517,2.1331374873275353,1.6492019416751358,1.0
467_cb1_s6,Vudalimab,Bispecific,5.0,152.0,8.1,0.3,98.65697558603891,24.97261081983059,Histidine,6.0,14.723276104546814,NaCl,140.02061550798598,none,0.0,none,0.0,none,0.0,1.5,1.3,1.4605871741485084,1.4611582095808966,1.4628522312529855,1.4634399902809683,1.4637109384369624,1.0
469_cb1_s7,Vudalimab,Bispecific,5.0,152.0,8.1,0.3,96.53947453903132,25.666942872750287,Histidine,6.0,15.749224537925956,none,0.0,none,0.0,tween-80,0.05004600638673634,none,0.0,1.5,1.3,2.513342833241642,2.5133426483045005,2.4108622687067625,2.1423064597296007,1.8773008170572045,1.0
466_cb1_s8,Vudalimab,Bispecific,5.0,152.0,8.1,0.3,102.69029524090483,25.179869487563394,Histidine,6.0,14.850409831263464,none,0.0,none,0.0,none,0.0,none,0.0,1.5,1.3,3.3030079662894662,3.2494308946223804,3.110834258030423,2.853013702367373,2.487419325538454,1.0
468_cb1_s9,Vudalimab,Bispecific,5.0,152.0,8.1,0.3,97.0119244134205,25.627572894187452,Histidine,6.0,14.850698242971289,none,0.0,Sucrose,0.38985490556019753,none,0.0,none,0.0,1.5,1.3,2.8066603309095695,2.3477417355673182,1.8258794843836443,1.3754950316132741,0.9867601579025703,1.0
470_cb1_s10,Vudalimab,Bispecific,5.0,152.0,8.1,0.3,103.42205761838157,25.26198025603837,Histidine,6.0,14.880030002967205,NaCl,137.9135302431114,Sucrose,0.39916025833949104,none,0.0,none,0.0,1.5,1.3,2.986313201100222,2.343498974110987,1.8951413173245797,1.58241552671775,1.1905898165473645,1.0
467_cb1_s11,Vudalimab,Bispecific,5.0,152.0,8.1,0.3,99.31358814631392,23.9571037805475,Histidine,6.0,15.29211786925571,NaCl,140.83663378490093,none,0.0,none,0.0,none,0.0,1.5,1.3,1.5275749222503885,1.5224317679035233,1.5064427163761105,1.501240477752281,1.499045527586003,1.0
469_cb1_s12,Vudalimab,Bispecific,5.0,152.0,8.1,0.3,100.79609643301852,25.19728999274211,Histidine,6.0,14.872273318604524,none,0.0,none,0.0,tween-80,0.050450495723778035,none,0.0,1.5,1.3,2.568974524606201,2.5689740912178665,2.47114755882694,2.2325507848675565,1.9946401541094352,1.0
466_cb1_s13,Vudalimab,Bispecific,5.0,152.0,8.1,0.3,98.4658650891994,24.69808085125341,Histidine,6.0,14.865611598465007,none,0.0,none,0.0,none,0.0,none,0.0,1.5,1.3,3.3335706820969095,3.265680624829444,3.0934586536383755,2.7788986871900883,2.3364200536831503,1.0
468_cb1_s14,Vudalimab,Bispecific,5.0,152.0,8.1,0.3,99.71024287610423,25.02152043542519,Histidine,6.0,15.306852441465228,none,0.0,Sucrose,0.3984764305125663,none,0.0,none,0.0,1.5,1.3,2.770868361413421,2.3069746919145855,1.77916108810148,1.3239589456918348,0.9324277092066967,1.0
470_cb1_s15,Vudalimab,Bispecific,5.0,152.0,8.1,0.3,100.19786757405778,25.169178720967977,Histidine,6.0,14.702226597981353,NaCl,140.05716806819618,Sucrose,0.3882746091412632,none,0.0,none,0.0,1.5,1.3,2.965079287554951,2.363580441305833,1.933329867193767,1.6255727411166951,1.2253043210634562,1.0
467_cb1_s16,Vudalimab,Bispecific,5.0,152.0,8.1,0.3,98.04719990267242,24.977372849017833,Histidine,6.0,14.630069608495543,NaCl,143.8947226024039,none,0.0,none,0.0,none,0.0,1.5,1.3,1.420394777169806,1.4371482330584318,1.4904348136242802,1.5081326337083016,1.5157969310304509,1.0
469_cb1_s17,Vudalimab,Bispecific,5.0,152.0,8.1,0.3,98.96266656075758,25.426600772525777,Histidine,6.0,15.008829177503264,none,0.0,none,0.0,tween-80,0.05051664444593597,none,0.0,1.5,1.3,2.5230141270793123,2.523013895674591,2.4095940934174367,2.1277410066823195,1.8704229550583302,1.0
466_cb1_s18,Vudalimab,Bispecific,5.0,152.0,8.1,0.3,99.8401830946749,25.102537669617313,Histidine,6.0,14.512985241017628,none,0.0,none,0.0,none,0.0,none,0.0,1.5,1.3,3.257803181409379,3.184778347694004,2.9995740419980956,2.6637482073104413,2.2025908444756834,1.0
468_cb1_s19,Vudalimab,Bispecific,5.0,152.0,8.1,0.3,97.39431047295051,25.226033919129836,Histidine,6.0,14.89320777468425,none,0.0,Sucrose,0.4002335240314846,none,0.0,none,0.0,1.5,1.3,2.9504705389013575,2.4327068877451437,1.8640961326651575,1.389460855377221,0.9922213222688203,1.0
470_cb1_s20,Vudalimab,Bispecific,5.0,152.0,8.1,0.3,99.72383533067703,25.295568058961965,Histidine,6.0,14.967908559042456,NaCl,145.43828766531763,Sucrose,0.386022226664278,none,0.0,none,0.0,1.5,1.3,3.3569969195053795,2.9593790440113477,2.6242715403418497,2.341847017761257,1.87131261833633,1.0
467_cb1_s21,Vudalimab,Bispecific,5.0,152.0,8.1,0.3,99.4303261245156,24.946902954980125,Histidine,6.0,15.929489830221378,NaCl,139.27710961351198,none,0.0,none,0.0,none,0.0,1.5,1.3,1.5042567587220632,1.4925161377715932,1.4486817626841453,1.4338995034691884,1.4274527578757146,1.0
469_cb1_s22,Vudalimab,Bispecific,5.0,152.0,8.1,0.3,103.63779706440064,25.58859248159217,Histidine,6.0,15.04102399421977,none,0.0,none,0.0,tween-80,0.047695788064056034,none,0.0,1.5,1.3,2.6702490103209096,2.6702484987811674,2.5221287110053936,2.178310746293292,1.8662826848508516,1.0
466_cb1_s23,Vudalimab,Bispecific,5.0,152.0,8.1,0.3,100.43792783171195,24.579089184065925,Histidine,6.0,14.269406300465132,none,0.0,none,0.0,none,0.0,none,0.0,1.5,1.3,3.334198714916263,3.2828857397108675,3.1437458079849083,2.8728928436193617,2.4798090957408534,1.0
468_cb1_s24,Vudalimab,Bispecific,5.0,152.0,8.1,0.3,100.0674381098021,25.13429679052215,Histidine,6.0,14.665553343794276,none,0.0,Sucrose,0.4095752875900909,none,0.0,none,0.0,1.5,1.3,2.825762395451848,2.328253216606246,1.7886475843181127,1.342784250401755,0.9717026265986859,1.0
470_cb1_s25,Vudalimab,Bispecific,5.0,152.0,8.1,0.3,102.72426480737016,24.88177558163207,Histidine,6.0,14.96411411268937,NaCl,136.91108373254735,Sucrose,0.4065644280231032,none,0.0,none,0.0,1.5,1.3,3.035752139867052,2.481044136277001,2.0649819178429007,1.7529118415594218,1.3172577357288482,1.0
467_cb1_s26,Vudalimab,Bispecific,5.0,152.0,8.1,0.3,98.8174439812606,25.179172255538003,Histidine,6.0,14.641032621414993,NaCl,135.8181726208912,none,0.0,none,0.0,none,0.0,1.5,1.3,1.5082935688089922,1.5038781278465545,1.488296724799755,1.4833142245571997,1.48126930716493,1.0
469_cb1_s27,Vudalimab,Bispecific,5.0,152.0,8.1,0.3,98.15709795314216,24.7173035148573,Histidine,6.0,15.072940396541547,none,0.0,none,0.0,tween-80,0.04952979666121469,none,0.0,1.5,1.3,2.4624207185157196,2.462420620803445,2.3580497946040824,2.110061994795291,1.8944998022858694,1.0
466_cb1_s28,Vudalimab,Bispecific,5.0,152.0,8.1,0.3,98.96386196104989,24.84950984380339,Histidine,6.0,14.810568891755045,none,0.0,none,0.0,none,0.0,none,0.0,1.5,1.3,3.406283527435823,3.314625230211366,3.097001385677128,2.726509854034288,2.234227704411765,1.0
468_cb1_s29,Vudalimab,Bispecific,5.0,152.0,8.1,0.3,98.80035721216588,24.67143251886097,Histidine,6.0,14.790684328830528,none,0.0,Sucrose,0.39477229683420156,none,0.0,none,0.0,1.5,1.3,2.8477638621992107,2.350106682878563,1.8194344534991194,1.3871076565079197,1.0303513327896938,1.0
470_cb1_s30,Vudalimab,Bispecific,5.0,152.0,8.1,0.3,102.54213065201408,24.509968849079694,Histidine,6.0,14.5146598158554,NaCl,141.06617859982214,Sucrose,0.3934607349246853,none,0.0,none,0.0,1.5,1.3,2.9565023069180683,2.3293699500685547,1.8883431590839725,1.5781939095707413,1.184849229267357,1.0
467_cb1_s31,Vudalimab,Bispecific,5.0,152.0,8.1,0.3,97.04244575230743,25.836132952048764,Histidine,6.0,14.778786028950613,NaCl,137.66428242354866,none,0.0,none,0.0,none,0.0,1.5,1.3,1.514455111038132,1.4900250248257765,1.4223320939374784,1.4011324335628343,1.3925359439030647,1.0
469_cb1_s32,Vudalimab,Bispecific,5.0,152.0,8.1,0.3,96.95942641551878,25.225481317388237,Histidine,6.0,15.302019021368121,none,0.0,none,0.0,tween-80,0.04842884764888212,none,0.0,1.5,1.3,2.45120867173011,2.4512084093280904,2.3343085075220693,2.064499485596128,1.836762736713698,1.0
466_cb1_s33,Vudalimab,Bispecific,5.0,152.0,8.1,0.3,99.69606523536793,25.530071909335632,Histidine,6.0,14.731876194274886,none,0.0,none,0.0,none,0.0,none,0.0,1.5,1.3,3.4651128714890023,3.3855513867221037,3.181948223846571,2.8105490996221443,2.3028283305886768,1.0
468_cb1_s34,Vudalimab,Bispecific,5.0,152.0,8.1,0.3,101.0114708649456,24.956649431925896,Histidine,6.0,15.377285716907808,none,0.0,Sucrose,0.40324844897942463,none,0.0,none,0.0,1.5,1.3,2.9657996432234466,2.5089943063711,1.9575321917435635,1.4538206198493113,0.9966656102016689,1.0
470_cb1_s35,Vudalimab,Bispecific,5.0,152.0,8.1,0.3,97.80191049689026,25.626141830978323,Histidine,6.0,15.048389862798809,NaCl,141.80354654998033,Sucrose,0.4006559105105978,none,0.0,none,0.0,1.5,1.3,3.111583527608418,2.5935090377624443,2.1934118583862876,1.8844258826168148,1.433719125539191,1.0
464_cb2_s1,Vudalimab,Bispecific,5.0,152.0,8.1,0.3,146.1694962328078,24.51664905464867,Histidine,6.0,14.76118075868381,none,0.0,none,0.0,none,0.0,none,0.0,1.5,1.3,4.339815351050486,4.154417174537171,4.135877310295706,4.134023319602593,4.133818693446492,2.0
474_cb2_s2,Vudalimab,Bispecific,5.0,152.0,8.1,0.3,133.6375331233667,25.62228258017763,Acetate,5.0,20.8925995644111,none,0.0,none,0.0,none,0.0,none,0.0,1.5,1.3,2.9514596869294842,2.3749965240654505,2.317350075011435,2.311585416832433,2.3109491677677583,2.0
471_cb2_s3,Vudalimab,Bispecific,5.0,152.0,8.1,0.3,147.41744929402833,24.699436723665578,Histidine,6.0,15.349774956076569,none,0.0,none,0.0,none,0.0,Arginine,96.66647318642161,1.5,1.3,7.6416173910646155,5.871496914557221,4.691251934408891,3.904312260038522,2.9815442073000598,2.0
472_cb2_s4,Vudalimab,Bispecific,5.0,152.0,8.1,0.3,146.53959351122626,25.429069535467008,Histidine,6.0,14.963059069394319,none,0.0,none,0.0,none,0.0,Arginine,202.41032107191336,1.5,1.3,6.139747238753634,5.580237573203239,5.110215131179819,4.715367446487314,4.06079274853048,2.0
464_cb2_s5,Vudalimab,Bispecific,5.0,152.0,8.1,0.3,141.01101842025065,25.684039675244303,Histidine,6.0,15.037770416518487,none,0.0,none,0.0,none,0.0,none,0.0,1.5,1.3,4.6727752422422055,4.52163732823782,4.506523499781937,4.505012113456257,4.504845300766551,2.0
474_cb2_s6,Vudalimab,Bispecific,5.0,152.0,8.1,0.3,138.0020852005747,25.342928909304206,Acetate,5.0,19.138507770483415,none,0.0,none,0.0,none,0.0,none,0.0,1.5,1.3,3.221950867423095,2.639262643236818,2.580993686561629,2.575166777477172,2.5745236577396593,2.0
471_cb2_s7,Vudalimab,Bispecific,5.0,152.0,8.1,0.3,146.41029898071565,24.50077957356164,Histidine,6.0,15.486977007158416,none,0.0,none,0.0,none,0.0,Arginine,103.98274083683381,1.5,1.3,7.917028740132897,5.969631130495439,4.6894822342550135,3.8479585836633667,2.8814443570489257,2.0
472_cb2_s8,Vudalimab,Bispecific,5.0,152.0,8.1,0.3,146.2613290112669,24.80300665937844,Histidine,6.0,15.161330457110545,none,0.0,none,0.0,none,0.0,Arginine,201.22555792829365,1.5,1.3,6.283958442909309,5.5810847970642,5.018252542389856,4.567559663556844,3.8731057243614835,2.0
464_cb2_s9,Vudalimab,Bispecific,5.0,152.0,8.1,0.3,141.46952899885883,25.233975211065925,Histidine,6.0,14.648915788080966,none,0.0,none,0.0,none,0.0,none,0.0,1.5,1.3,4.498548121532407,4.328344399033722,4.311323984215103,4.309621938814141,4.309434082958552,2.0
474_cb2_s10,Vudalimab,Bispecific,5.0,152.0,8.1,0.3,140.31054638227462,24.83942048064715,Acetate,5.0,19.36574971729216,none,0.0,none,0.0,none,0.0,none,0.0,1.5,1.3,3.0690537730266785,2.499609056404534,2.4426644535007305,2.4369699800983557,2.4363414773730296,2.0
471_cb2_s11,Vudalimab,Bispecific,5.0,152.0,8.1,0.3,148.1731206878123,25.239501571696383,Histidine,6.0,14.741607126090868,none,0.0,none,0.0,none,0.0,Arginine,104.35712434798332,1.5,1.3,8.11183560843136,6.084310495750437,4.754493969209303,3.8822917536949455,2.8838368263796648,2.0
472_cb2_s12,Vudalimab,Bispecific,5.0,152.0,8.1,0.3,152.22733359594199,24.862439285872476,Histidine,6.0,14.904671731794782,none,0.0,none,0.0,none,0.0,Arginine,200.46631404804987,1.5,1.3,6.304497909141592,5.6368623596366865,5.090172402442047,4.642518125315695,3.9288851041620525,2.0
464_cb2_s13,Vudalimab,Bispecific,5.0,152.0,8.1,0.3,143.76798909217564,25.251249848064646,Histidine,6.0,14.732775340934321,none,0.0,none,0.0,none,0.0,none,0.0,1.5,1.3,4.426979736279158,4.089142825163565,4.055359034643111,4.051980647812051,4.051607773064819,2.0
474_cb2_s14,Vudalimab,Bispecific,5.0,152.0,8.1,0.3,140.25576512231777,25.477042551078316,Acetate,5.0,20.487392085948674,none,0.0,none,0.0,none,0.0,none,0.0,1.5,1.3,3.0702507396822627,2.5466818698729115,2.4943248622062386,2.489089149383911,2.488511280361556,2.0
471_cb2_s15,Vudalimab,Bispecific,5.0,152.0,8.1,0.3,149.4453327313453,24.327492758034666,Histidine,6.0,14.741685098350327,none,0.0,none,0.0,none,0.0,Arginine,102.75436187300913,1.5,1.3,8.308328344320714,6.180710125354886,4.800627594619275,3.9054352024896533,2.8970835701334696,2.0
472_cb2_s16,Vudalimab,Bispecific,5.0,152.0,8.1,0.3,145.21607782209765,25.512816056936295,Histidine,6.0,15.792603573147787,none,0.0,none,0.0,none,0.0,Arginine,202.39239662018988,1.5,1.3,6.790285944656807,6.2752099368923915,5.823478528636172,5.427301533146065,4.725482670741901,2.0
464_cb2_s17,Vudalimab,Bispecific,5.0,152.0,8.1,0.3,144.208493371346,24.582155497489982,Histidine,6.0,15.329166057481933,none,0.0,none,0.0,none,0.0,none,0.0,1.5,1.3,4.569500733060393,4.3587726140494745,4.337699751206617,4.33559246007012,4.335359876979681,2.0
474_cb2_s18,Vudalimab,Bispecific,5.0,152.0,8.1,0.3,139.2496075317317,25.85366490477961,Acetate,5.0,19.691672478908522,none,0.0,none,0.0,none,0.0,none,0.0,1.5,1.3,3.1097248379846976,2.5126325022066234,2.4529231309998223,2.4469521801305354,2.4462931624077435,2.0
471_cb2_s19,Vudalimab,Bispecific,5.0,152.0,8.1,0.3,145.9286280760516,25.610647472842572,Histidine,6.0,15.04018751417407,none,0.0,none,0.0,none,0.0,Arginine,99.80977670459846,1.5,1.3,7.854284772168807,6.204691449638453,5.03771195142771,4.212150247377122,3.1558851518068587,2.0
472_cb2_s20,Vudalimab,Bispecific,5.0,152.0,8.1,0.3,147.1615460998258,25.046761748219303,Histidine,6.0,14.951188889529273,none,0.0,none,0.0,none,0.0,Arginine,196.51522787996947,1.5,1.3,6.115165451942724,5.401837128099807,4.833519185540833,4.380732897602014,3.6883987553695334,2.0
464_cb2_s21,Vudalimab,Bispecific,5.0,152.0,8.1,0.3,142.91761212750703,24.706071847546,Histidine,6.0,15.069183254629863,none,0.0,none,0.0,none,0.0,none,0.0,1.5,1.3,4.577605956398461,4.361392255945778,4.339770827961015,4.337608680184015,4.337370042530561,2.0
474_cb2_s22,Vudalimab,Bispecific,5.0,152.0,8.1,0.3,135.624311227303,25.267103931187336,Acetate,5.0,19.709303238047195,none,0.0,none,0.0,none,0.0,none,0.0,1.5,1.3,3.1286440605006645,2.571334602802917,2.5156035286609653,2.5100304084142016,2.5094152995154224,2.0
471_cb2_s23,Vudalimab,Bispecific,5.0,152.0,8.1,0.3,142.01002670207282,25.411175235447875,Histidine,6.0,14.748905893668123,none,0.0,none,0.0,none,0.0,Arginine,101.10392851866365,1.5,1.3,7.986615009857934,5.906402963812938,4.572792793553619,3.717824216495199,2.7710528172692905,2.0
472_cb2_s24,Vudalimab,Bispecific,5.0,152.0,8.1,0.3,149.4379702366278,24.610952607083643,Histidine,6.0,15.351543042982152,none,0.0,none,0.0,none,0.0,Arginine,205.99239053395112,1.5,1.3,6.168013776676723,5.4915864826047525,4.944179978088645,4.501185019409984,3.8075392603001017,2.0
464_cb2_s25,Vudalimab,Bispecific,5.0,152.0,8.1,0.3,145.10094186744954,24.59890029598241,Histidine,6.0,14.655852146696486,none,0.0,none,0.0,none,0.0,none,0.0,1.5,1.3,4.326632964069821,4.0850061853041195,4.060843444130527,4.058427164449485,4.058160478092841,2.0
474_cb2_s26,Vudalimab,Bispecific,5.0,152.0,8.1,0.3,137.87323643267715,24.99171579508874,Acetate,5.0,20.273329804606437,none,0.0,none,0.0,none,0.0,none,0.0,1.5,1.3,3.122607936777976,2.5089705245479124,2.4476066419886693,2.4414702396031727,2.4407929608891528,2.0
471_cb2_s27,Vudalimab,Bispecific,5.0,152.0,8.1,0.3,145.74704248645457,25.946095880416536,Histidine,6.0,14.73488425779268,none,0.0,none,0.0,none,0.0,Arginine,98.4539405807946,1.5,1.3,7.685126130692497,5.499592173682149,4.194840813426563,3.4159117240832,2.637574235541715,2.0
472_cb2_s28,Vudalimab,Bispecific,5.0,152.0,8.1,0.3,145.2678926957558,24.2176889363321,Histidine,6.0,15.04302797005725,none,0.0,none,0.0,none,0.0,Arginine,203.4860975443517,1.5,1.3,5.8037959591262265,5.038199484202018,4.4607137044223055,4.025118927316273,3.4118600825969057,2.0
464_cb2_s29,Vudalimab,Bispecific,5.0,152.0,8.1,0.3,144.5534067709263,24.919022591529334,Histidine,6.0,15.131523809848995,none,0.0,none,0.0,none,0.0,none,0.0,1.5,1.3,4.29181803263778,4.072649553161648,4.050732649797355,4.048540954414366,4.048299055572461,2.0
474_cb2_s30,Vudalimab,Bispecific,5.0,152.0,8.1,0.3,137.27327045301695,24.921487585777648,Acetate,5.0,19.515935622634338,none,0.0,none,0.0,none,0.0,none,0.0,1.5,1.3,3.1132497910999404,2.5552166750191856,2.4994132347612656,2.493832877886242,2.4932169702761056,2.0
471_cb2_s31,Vudalimab,Bispecific,5.0,152.0,8.1,0.3,150.66346040921957,24.969451245997064,Histidine,6.0,14.775360061193984,none,0.0,none,0.0,none,0.0,Arginine,100.83360314896623,1.5,1.3,7.833802368276148,5.5725684203658945,4.241538834748655,3.4580552628197205,2.690798734528021,2.0
472_cb2_s32,Vudalimab,Bispecific,5.0,152.0,8.1,0.3,143.0460086935875,25.478768581639883,Histidine,6.0,14.186216230856868,none,0.0,none,0.0,none,0.0,Arginine,199.40217722734005,1.5,1.3,6.046795375676965,5.1816702911506605,4.535520625468011,4.052920596952594,3.383467422408505,2.0
464_cb2_s33,Vudalimab,Bispecific,5.0,152.0,8.1,0.3,141.81828341607644,26.145955633409347,Histidine,6.0,15.560238601248404,none,0.0,none,0.0,none,0.0,none,0.0,1.5,1.3,4.395044625236054,4.203955661009708,4.184846713900036,4.182935814789067,4.1827249076139505,2.0
474_cb2_s34,Vudalimab,Bispecific,5.0,152.0,8.1,0.3,136.17909375013906,25.491926171803076,Acetate,5.0,20.050354612230663,none,0.0,none,0.0,none,0.0,none,0.0,1.5,1.3,3.1954254493576575,2.660631559560703,2.607152047374236,2.6018040838414622,2.601213825635341,2.0
471_cb2_s35,Vudalimab,Bispecific,5.0,152.0,8.1,0.3,141.52966978237527,24.86721974374073,Histidine,6.0,15.411030556083112,none,0.0,none,0.0,none,0.0,Arginine,102.39859914584318,1.5,1.3,7.739364076149499,5.790955615407412,4.526391054149471,3.705657991066686,2.7804041315364385,2.0
472_cb2_s36,Vudalimab,Bispecific,5.0,152.0,8.1,0.3,140.86454746035068,25.19693660908237,Histidine,6.0,15.248797131774857,none,0.0,none,0.0,none,0.0,Arginine,197.47339390194543,1.5,1.3,6.054435293771657,5.308493179054832,4.724746231356466,4.2679272741958085,3.5881337858122255,2.0
476_cb3_s1,Vudalimab,Bispecific,5.0,152.0,8.1,0.3,152.90810790722415,24.68429872221672,Acetate,5.0,20.021010547286124,NaCl,172.35417252657828,none,0.0,none,0.0,none,0.0,1.5,1.3,2.945216658360386,2.772011872058616,2.596095014290168,2.428621108180754,2.1390260346364767,3.0
485_cb3_s2,Vudalimab,Bispecific,5.0,152.0,8.1,0.3,148.18527970821546,25.24889415470889,Histidine,6.0,15.161223600846114,none,0.0,Sucrose,0.4051384098800894,none,0.0,none,0.0,1.5,1.3,3.66925222902369,3.6692522290236878,3.6692520477773582,3.3921995761530344,2.5179344539688318,3.0
477_cb3_s3,Vudalimab,Bispecific,5.0,152.0,8.1,0.3,150.90562014216303,24.806838762276413,Acetate,5.0,19.117882250897637,none,0.0,Sucrose,0.5138976413394636,none,0.0,none,0.0,1.5,1.3,10.330309791439229,10.108095525237957,9.891453306320846,9.680243414986936,9.238753646850565,3.0
478_cb3_s4,Vudalimab,Bispecific,5.0,152.0,8.1,0.3,149.52648747047922,25.154146031819412,Acetate,5.0,19.75984572285156,none,0.0,none,0.0,tween-80,0.0626745671119567,none,0.0,1.5,1.3,5.017954213561176,4.833694048430227,4.641569936587336,4.444287192341322,4.009543252266183,3.0
479_cb3_s5,Vudalimab,Bispecific,5.0,152.0,8.1,0.3,152.22546688317038,24.954015766898475,Acetate,5.0,19.567234252514748,NaCl,173.5884927283117,Sucrose,0.5008452698378433,none,0.0,none,0.0,1.5,1.3,12.669879730007239,9.723623538031372,7.580953457457793,6.022692816008627,3.945439353586595,3.0
480_cb3_s6,Vudalimab,Bispecific,5.0,152.0,8.1,0.3,150.55751288670825,25.459935757977213,Histidine,6.0,15.30567697202697,none,0.0,none,0.0,none,0.0,none,0.0,1.5,1.3,5.412825715035789,5.085016224337585,4.781227488710037,4.499699349742141,3.9563169392844655,3.0
484_cb3_s7,Vudalimab,Bispecific,5.0,152.0,8.1,0.3,149.05475421627324,24.879284717637503,Histidine,6.0,15.440034767069692,NaCl,141.41556198900204,Sucrose,0.806979771276817,none,0.0,none,0.0,1.5,1.3,4.890240293758534,4.858109785732073,4.826217147055034,4.794560616727332,4.72648065476738,3.0
476_cb3_s8,Vudalimab,Bispecific,5.0,152.0,8.1,0.3,148.24262182965393,24.88920015280748,Acetate,5.0,19.423607346190032,NaCl,178.35585707263684,none,0.0,none,0.0,none,0.0,1.5,1.3,2.9241409614498166,2.767846474157434,2.606590594238589,2.4511567847988998,2.179665475852184,3.0
485_cb3_s9,Vudalimab,Bispecific,5.0,152.0,8.1,0.3,149.79466052200075,25.014387782040497,Histidine,6.0,14.944470705173634,none,0.0,Sucrose,0.4096970336338679,none,0.0,none,0.0,1.5,1.3,3.752805170919316,3.7528051709192893,3.752804425593577,3.4108755601210694,2.4250077020775223,3.0
477_cb3_s10,Vudalimab,Bispecific,5.0,152.0,8.1,0.3,148.4131597118259,25.478652411296764,Acetate,5.0,19.957563745863432,none,0.0,Sucrose,0.5123340607635267,none,0.0,none,0.0,1.5,1.3,10.285334299908232,9.894747481187,9.521430041682148,9.164618434227883,8.441738483503782,3.0
478_cb3_s11,Vudalimab,Bispecific,5.0,152.0,8.1,0.3,148.44945935047852,25.30951647329427,Acetate,5.0,20.556815500634833,none,0.0,none,0.0,tween-80,0.06263891171912064,none,0.0,1.5,1.3,2.8790177939911703,2.533956361802678,2.2072779878031343,1.904456377339198,1.3427002879687755,3.0
479_cb3_s12,Vudalimab,Bispecific,5.0,152.0,8.1,0.3,150.2522831647506,25.345455478696095,Acetate,5.0,19.822077264731803,NaCl,175.48660040433595,Sucrose,0.4995487710967595,none,0.0,none,0.0,1.5,1.3,13.28849675638646,10.265116625026375,8.033326219185572,6.3858693421185295,4.140301601054805,3.0
480_cb3_s13,Vudalimab,Bispecific,5.0,152.0,8.1,0.3,150.22702062184015,24.783852410446336,Histidine,6.0,15.38181442019138,none,0.0,none,0.0,none,0.0,none,0.0,1.5,1.3,5.082346297335526,4.75808412069008,4.459212567714899,4.183743482601063,3.656557552940172,3.0
484_cb3_s14,Vudalimab,Bispecific,5.0,152.0,8.1,0.3,152.20343023500368,23.961440073113064,Histidine,6.0,14.929417827008269,NaCl,146.00830979021418,Sucrose,0.7752810252455457,none,0.0,none,0.0,1.5,1.3,3.47525659716056,2.9630795274244104,2.5405296901632908,2.1919229767440873,1.6297877045451385,3.0
476_cb3_s15,Vudalimab,Bispecific,5.0,152.0,8.1,0.3,152.0496372120032,25.695127663755997,Acetate,5.0,20.71493856577193,NaCl,174.13782651587053,none,0.0,none,0.0,none,0.0,1.5,1.3,2.8917060229922606,2.7278950947630882,2.5542400609156517,2.3831696608796147,2.078811112905981,3.0
485_cb3_s16,Vudalimab,Bispecific,5.0,152.0,8.1,0.3,153.356683793792,25.63721421334379,Histidine,6.0,14.948497903822565,none,0.0,Sucrose,0.40878787900841457,none,0.0,none,0.0,1.5,1.3,3.3793698501131813,3.3793698501131724,3.3793695147526606,3.133156427743113,2.411860965353049,3.0
477_cb3_s17,Vudalimab,Bispecific,5.0,152.0,8.1,0.3,145.6847664996163,24.742414550453994,Acetate,5.0,19.94939244121842,none,0.0,Sucrose,0.5043945269045799,none,0.0,none,0.0,1.5,1.3,10.628056388524506,10.073971011875509,9.553256439699691,9.063902854308646,8.098474604815683,3.0
478_cb3_s18,Vudalimab,Bispecific,5.0,152.0,8.1,0.3,144.17442402186177,24.9980979331646,Acetate,5.0,19.36394326772788,none,0.0,none,0.0,tween-80,0.06166918612812242,none,0.0,1.5,1.3,5.390155138188498,5.189170273523239,4.9798513928917565,4.765098323281623,4.29229697437278,3.0
479_cb3_s19,Vudalimab,Bispecific,5.0,152.0,8.1,0.3,145.69858252821476,25.165056895235473,Acetate,5.0,19.67439573228338,NaCl,173.72013021114319,Sucrose,0.5050427074803838,none,0.0,none,0.0,1.5,1.3,12.918712606581392,10.526614434534036,8.651905596924273,7.1826794417065045,4.9914775442137715,3.0
480_cb3_s20,Vudalimab,Bispecific,5.0,152.0,8.1,0.3,150.54596964786842,25.219743024004256,Histidine,6.0,14.970507045763688,none,0.0,none,0.0,none,0.0,none,0.0,1.5,1.3,5.061216993536376,4.62614696356705,4.237483019210717,3.8902753257691574,3.257374629827237,3.0
484_cb3_s21,Vudalimab,Bispecific,5.0,152.0,8.1,0.3,154.4276374515119,25.245722755447204,Histidine,6.0,14.931275690723488,NaCl,136.81630792718704,Sucrose,0.7868509627452585,none,0.0,none,0.0,1.5,1.3,3.4587059318058,2.9634705482249784,2.5530232663759986,2.2128477119575996,1.660455089536855,3.0
476_cb3_s22,Vudalimab,Bispecific,5.0,152.0,8.1,0.3,154.50252909084114,25.67640026744836,Acetate,5.0,19.81337037151889,NaCl,172.799654135392,none,0.0,none,0.0,none,0.0,1.5,1.3,3.1209691809934204,2.930106697278675,2.730181121568893,2.535518652529043,2.1948503549782856,3.0
485_cb3_s23,Vudalimab,Bispecific,5.0,152.0,8.1,0.3,145.96399353775428,24.859417978767723,Histidine,6.0,15.151601144294203,none,0.0,Sucrose,0.4042227147993247,none,0.0,none,0.0,1.5,1.3,3.3448854136036172,3.3448854136036124,3.3448851775852813,3.10297136024821,2.366750371632895,3.0
477_cb3_s24,Vudalimab,Bispecific,5.0,152.0,8.1,0.3,147.3059183210266,24.6169773987998,Acetate,5.0,19.815493179800676,none,0.0,Sucrose,0.4774720660526866,none,0.0,none,0.0,1.5,1.3,9.260684964267735,8.217641964081619,7.31335165681751,6.529356213039217,5.16503443338423,3.0
478_cb3_s25,Vudalimab,Bispecific,5.0,152.0,8.1,0.3,145.48042422588264,24.497854718252874,Acetate,5.0,19.52720720157271,none,0.0,none,0.0,tween-80,0.06374496709855806,none,0.0,1.5,1.3,3.5698891659455394,3.248326906326813,2.9334250495391934,2.6305698446314287,2.0322160259918034,3.0
479_cb3_s26,Vudalimab,Bispecific,5.0,152.0,8.1,0.3,151.79730999559078,24.396120303728324,Acetate,5.0,20.323645116292553,NaCl,172.02597677482805,Sucrose,0.4951701607392716,none,0.0,none,0.0,1.5,1.3,12.52313309087623,9.695770008430088,7.615413650335592,6.084700256525046,4.008315525261693,3.0
480_cb3_s27,Vudalimab,Bispecific,5.0,152.0,8.1,0.3,142.8577826834295,24.08515909239596,Histidine,6.0,15.18479010181405,none,0.0,none,0.0,none,0.0,none,0.0,1.5,1.3,5.355692991113595,5.035424527223197,4.738309692268444,4.462674607766385,3.929784111564485,3.0
484_cb3_s28,Vudalimab,Bispecific,5.0,152.0,8.1,0.3,143.91696818498747,24.556979876510812,Histidine,6.0,14.900226186045039,NaCl,141.96879255226094,Sucrose,0.8399748877395439,none,0.0,none,0.0,1.5,1.3,4.700843494842882,4.469457727534958,4.250955559025322,4.044619628346072,3.634451607244557,3.0
476_cb3_s29,Vudalimab,Bispecific,5.0,152.0,8.1,0.3,147.2800543645371,25.47899697074001,Acetate,5.0,20.265418247399374,NaCl,171.4087170453153,none,0.0,none,0.0,none,0.0,1.5,1.3,3.0483554651955567,2.8696149060924903,2.6781217068311447,2.487151830672056,2.1396320402856817,3.0
485_cb3_s30,Vudalimab,Bispecific,5.0,152.0,8.1,0.3,153.6818214662438,24.394919748509558,Histidine,6.0,15.1315737872763,none,0.0,Sucrose,0.3890397869810846,none,0.0,none,0.0,1.5,1.3,3.6715373803061553,3.671537380306143,3.671536861890351,3.3703214825220678,2.555062179297672,3.0
477_cb3_s31,Vudalimab,Bispecific,5.0,152.0,8.1,0.3,154.27388319623174,25.775622633213864,Acetate,5.0,20.352914597039685,none,0.0,Sucrose,0.4923841213496378,none,0.0,none,0.0,1.5,1.3,8.979884922015772,7.1907180786665865,5.824666298705969,4.78166828403293,3.2862188012280864,3.0
478_cb3_s32,Vudalimab,Bispecific,5.0,152.0,8.1,0.3,141.88995585867792,25.169677906378112,Acetate,5.0,19.860737041273076,none,0.0,none,0.0,tween-80,0.06240634180485194,none,0.0,1.5,1.3,4.4197045800753445,4.1465213634663725,3.8692894374147304,3.592861574388417,3.0139531630602585,3.0
479_cb3_s33,Vudalimab,Bispecific,5.0,152.0,8.1,0.3,149.8759883855725,25.00979980828881,Acetate,5.0,19.679027984054066,NaCl,177.0262502699993,Sucrose,0.5046004232386047,none,0.0,none,0.0,1.5,1.3,12.5096969778123,9.615473669692475,7.507724722410985,5.972734108058604,3.922269840086832,3.0
463_cb4_s1,Vudalimab,Bispecific,5.0,152.0,8.1,0.3,243.3404740845161,24.741692900619945,Histidine,6.0,14.693024032987324,none,0.0,none,0.0,none,0.0,none,0.0,1.5,1.3,16.0445314973883,11.580371926048104,8.644998862362804,6.7148674867522065,4.49717852867742,4.0
473_cb4_s2,Vudalimab,Bispecific,5.0,152.0,8.1,0.3,273.9613603887268,24.210281850641202,Acetate,5.0,19.672843263144596,none,0.0,none,0.0,none,0.0,none,0.0,1.5,1.3,12.988398238522786,11.348991369055033,9.91651186978542,8.664841186903814,6.460190120179745,4.0
463_cb4_s3,Vudalimab,Bispecific,5.0,152.0,8.1,0.3,236.41221286100057,24.85974897329419,Histidine,6.0,14.579140152837644,none,0.0,none,0.0,none,0.0,none,0.0,1.5,1.3,16.377722008956223,12.49963504852663,9.741610316079699,7.780153510104611,5.2508380712596505,4.0
473_cb4_s4,Vudalimab,Bispecific,5.0,152.0,8.1,0.3,283.4304708657187,24.903347886776015,Acetate,5.0,20.588634033027958,none,0.0,none,0.0,none,0.0,none,0.0,1.5,1.3,12.236135689615239,10.427744443290251,8.886617245845017,7.573254861719356,5.347423089210117,4.0
463_cb4_s5,Vudalimab,Bispecific,5.0,152.0,8.1,0.3,246.18654444099025,24.93349841803497,Histidine,6.0,14.603732315248152,none,0.0,none,0.0,none,0.0,none,0.0,1.5,1.3,15.981347954405445,12.124990493115375,9.410824110170909,7.50055029566111,5.074939362680807,4.0
473_cb4_s6,Vudalimab,Bispecific,5.0,152.0,8.1,0.3,270.4365691190138,25.12686864838742,Acetate,5.0,19.282769440835043,none,0.0,none,0.0,none,0.0,none,0.0,1.5,1.3,12.635562846983202,10.556767738210434,8.819974762511702,7.3689179326651235,4.9834506296553895,4.0
463_cb4_s7,Vudalimab,Bispecific,5.0,152.0,8.1,0.3,240.49698313895607,25.715576058880867,Histidine,6.0,14.921989124945867,none,0.0,none,0.0,none,0.0,none,0.0,1.5,1.3,16.898519266061427,13.57810721063472,11.046471082959187,9.116234609375685,6.354477577319901,4.0
473_cb4_s8,Vudalimab,Bispecific,5.0,152.0,8.1,0.3,272.5650683696251,24.079866807602215,Acetate,5.0,20.531266421582934,none,0.0,none,0.0,none,0.0,none,0.0,1.5,1.3,14.62039816235841,13.978018011917866,13.363862283365187,12.776690873016758,11.58657305024431,4.0
463_cb4_s9,Vudalimab,Bispecific,5.0,152.0,8.1,0.3,240.2805575073871,25.456310161270217,Histidine,6.0,15.12651507990093,none,0.0,none,0.0,none,0.0,none,0.0,1.5,1.3,14.977058190403273,10.66745541376843,7.888956608910611,6.097595415830824,4.097546794857269,4.0
473_cb4_s10,Vudalimab,Bispecific,5.0,152.0,8.1,0.3,277.1225442191932,25.34087170440757,Acetate,5.0,20.38500115432004,none,0.0,none,0.0,none,0.0,none,0.0,1.5,1.3,11.642613608300065,9.61508251887741,7.940640762311512,6.557798737960764,4.324445475766576,4.0
463_cb4_s11,Vudalimab,Bispecific,5.0,152.0,8.1,0.3,251.35395730559986,24.280639949471567,Histidine,6.0,14.932421207252593,none,0.0,none,0.0,none,0.0,none,0.0,1.5,1.3,16.07960477889496,12.707624645315143,10.211030827238412,8.362567897302803,5.831700312740262,4.0
473_cb4_s12,Vudalimab,Bispecific,5.0,152.0,8.1,0.3,264.68667987064043,25.186766841705882,Acetate,5.0,20.58217379356613,none,0.0,none,0.0,none,0.0,none,0.0,1.5,1.3,10.962630133615692,9.13175162839331,7.606649781309039,6.3362565589596365,4.257324043167347,4.0
463_cb4_s13,Vudalimab,Bispecific,5.0,152.0,8.1,0.3,236.34039383710603,24.619818179391935,Histidine,6.0,14.881916525390096,none,0.0,none,0.0,none,0.0,none,0.0,1.5,1.3,15.504871320488073,11.473587992100084,8.735482218999284,6.875721461945845,4.634958694687985,4.0
473_cb4_s14,Vudalimab,Bispecific,5.0,152.0,8.1,0.3,285.9175919132461,24.57325225996933,Acetate,5.0,19.732225234546604,none,0.0,none,0.0,none,0.0,none,0.0,1.5,1.3,11.37871457498636,9.208942363247834,7.452917401565837,6.0317434878399885,3.8062395414728476,4.0
463_cb4_s15,Vudalimab,Bispecific,5.0,152.0,8.1,0.3,240.96335373258663,25.12862671055575,Histidine,6.0,14.896656837374264,none,0.0,none,0.0,none,0.0,none,0.0,1.5,1.3,16.212165957639627,12.806242816215374,10.282067994653744,8.411368747173169,5.846334002934745,4.0
473_cb4_s16,Vudalimab,Bispecific,5.0,152.0,8.1,0.3,284.47958538615933,24.9443405756011,Acetate,5.0,20.119634293608442,none,0.0,none,0.0,none,0.0,none,0.0,1.5,1.3,10.792840477329753,8.638849554700526,6.914743363009296,5.534727259413271,3.4096679016231146,4.0
463_cb4_s17,Vudalimab,Bispecific,5.0,152.0,8.1,0.3,235.56449852476288,24.373246993814117,Histidine,6.0,14.935513548576315,none,0.0,none,0.0,none,0.0,none,0.0,1.5,1.3,15.733078333266732,11.434009899850615,8.56896272743053,6.65959712281512,4.422267637194054,4.0
473_cb4_s18,Vudalimab,Bispecific,5.0,152.0,8.1,0.3,276.68605703557665,25.468028083968008,Acetate,5.0,20.310774681172607,none,0.0,none,0.0,none,0.0,none,0.0,1.5,1.3,13.410010417047106,11.93724953498983,10.626235341414304,9.459203926677516,7.343581583943821,4.0
463_cb4_s19,Vudalimab,Bispecific,5.0,152.0,8.1,0.3,241.2866420524308,25.35758719506403,Histidine,6.0,14.984664392095386,none,0.0,none,0.0,none,0.0,none,0.0,1.5,1.3,15.740022331571335,11.635942030441715,8.835698291336847,6.92507191429867,4.607597201604742,4.0
473_cb4_s20,Vudalimab,Bispecific,5.0,152.0,8.1,0.3,272.16277554341565,25.236572726633895,Acetate,5.0,19.718835424784174,none,0.0,none,0.0,none,0.0,none,0.0,1.5,1.3,10.458206872142942,8.111132100696597,6.29079777116782,4.878990566909696,2.806353043669935,4.0
463_cb4_s21,Vudalimab,Bispecific,5.0,152.0,8.1,0.3,245.4112804289063,24.43507507139072,Histidine,6.0,14.752848939107654,none,0.0,none,0.0,none,0.0,none,0.0,1.5,1.3,16.465061548953067,12.900227569415758,10.275003387443185,8.341729281863024,5.715931294844239,4.0
473_cb4_s22,Vudalimab,Bispecific,5.0,152.0,8.1,0.3,269.580004570429,24.79328811468178,Acetate,5.0,20.012958485473433,none,0.0,none,0.0,none,0.0,none,0.0,1.5,1.3,12.869825892662579,11.005921934901911,9.411962439690276,8.04885203810771,5.7263346712459,4.0
463_cb4_s23,Vudalimab,Bispecific,5.0,152.0,8.1,0.3,241.36682204825075,24.01835542608051,Histidine,6.0,15.138247459621159,none,0.0,none,0.0,none,0.0,none,0.0,1.5,1.3,17.558663943316716,13.966750140422091,11.25345427046835,9.203857692884103,6.312012319853987,4.0
473_cb4_s24,Vudalimab,Bispecific,5.0,152.0,8.1,0.3,281.9968215258562,25.166684925630438,Acetate,5.0,19.00287580024186,none,0.0,none,0.0,none,0.0,none,0.0,1.5,1.3,13.957478785071636,12.586230288768174,11.349699716975781,10.234651744927673,8.17225631871559,4.0
463_cb4_s25,Vudalimab,Bispecific,5.0,152.0,8.1,0.3,248.5628284569685,25.840746228709005,Histidine,6.0,14.734839331457781,none,0.0,none,0.0,none,0.0,none,0.0,1.5,1.3,15.10912824539416,10.920228593114816,8.180848806750019,6.389399635819289,4.347385364199122,4.0
473_cb4_s26,Vudalimab,Bispecific,5.0,152.0,8.1,0.3,277.83218983134753,26.467703103194236,Acetate,5.0,19.588830493995705,none,0.0,none,0.0,none,0.0,none,0.0,1.5,1.3,13.992427250198777,12.818577009577805,11.743203213482374,10.758044492795058,8.8904964683015,4.0
463_cb4_s27,Vudalimab,Bispecific,5.0,152.0,8.1,0.3,235.5734932539282,24.52269094902497,Histidine,6.0,15.155465685133624,none,0.0,none,0.0,none,0.0,none,0.0,1.5,1.3,14.619775401227706,10.571822433067728,7.917907006716098,6.177949647859938,4.187294020762461,4.0
473_cb4_s28,Vudalimab,Bispecific,5.0,152.0,8.1,0.3,278.0189951232329,24.02921609968989,Acetate,5.0,19.046037796419768,none,0.0,none,0.0,none,0.0,none,0.0,1.5,1.3,12.137131825579731,10.369128919815301,8.85866911214469,7.568236374082168,5.372879251229951,4.0
463_cb4_s29,Vudalimab,Bispecific,5.0,152.0,8.1,0.3,239.0617313107873,25.14861361079254,Histidine,6.0,15.50017705252486,none,0.0,none,0.0,none,0.0,none,0.0,1.5,1.3,16.53452726814051,12.84927474226466,10.163215911208084,8.205436452705127,5.586958715268093,4.0
473_cb4_s30,Vudalimab,Bispecific,5.0,152.0,8.1,0.3,272.5267489345975,24.983976252918144,Acetate,5.0,20.013409880955436,none,0.0,none,0.0,none,0.0,none,0.0,1.5,1.3,14.335032815790965,13.866866469586276,13.413989920469936,12.975903820513814,12.071398951044552,4.0
463_cb4_s31,Vudalimab,Bispecific,5.0,152.0,8.1,0.3,241.55537492499136,25.412051448427853,Histidine,6.0,14.950755176183467,none,0.0,none,0.0,none,0.0,none,0.0,1.5,1.3,15.490828061208166,12.07764381277897,9.582291438127697,7.757958910558415,5.306847786283106,4.0
473_cb4_s32,Vudalimab,Bispecific,5.0,152.0,8.1,0.3,273.6749825322967,25.488215688599038,Acetate,5.0,19.547140343713597,none,0.0,none,0.0,none,0.0,none,0.0,1.5,1.3,14.236325561473352,12.934796265824543,11.752256847100512,10.677828878778087,8.667107406620115,4.0
463_cb4_s33,Vudalimab,Bispecific,5.0,152.0,8.1,0.3,237.08514521238678,24.899899372849816,Histidine,6.0,15.419768385021348,none,0.0,none,0.0,none,0.0,none,0.0,1.5,1.3,16.019384062270397,12.517421827451981,9.954497046037027,8.078810686151689,5.554784912788284,4.0
473_cb4_s34,Vudalimab,Bispecific,5.0,152.0,8.1,0.3,270.99389613153426,23.824772073687818,Acetate,5.0,20.66914728075941,none,0.0,none,0.0,none,0.0,none,0.0,1.5,1.3,11.965805891588298,9.77882769051166,7.991561309518787,6.530951818736146,4.20950346852319,4.0
463_cb4_s35,Vudalimab,Bispecific,5.0,152.0,8.1,0.3,233.73687892592184,25.22083128209303,Histidine,6.0,14.56988099255693,none,0.0,none,0.0,none,0.0,none,0.0,1.5,1.3,15.336855329276897,11.352390287311135,8.643289198513223,6.801328457581031,4.5786433520213405,4.0
473_cb4_s36,Vudalimab,Bispecific,5.0,152.0,8.1,0.3,267.8240756000881,24.9988155419336,Acetate,5.0,19.782557241562778,none,0.0,none,0.0,none,0.0,none,0.0,1.5,1.3,9.98640298582521,7.640865310328254,5.846231453342061,4.473108900553177,2.4980602622205135,4.0
463_cb4_s37,Vudalimab,Bispecific,5.0,152.0,8.1,0.3,237.13210148148286,24.2522292317509,Histidine,6.0,14.996310465207582,none,0.0,none,0.0,none,0.0,none,0.0,1.5,1.3,17.45501675404414,13.508930685368147,10.64452052915503,8.56528434492939,5.801288032310053,4.0
473_cb4_s38,Vudalimab,Bispecific,5.0,152.0,8.1,0.3,276.60213799633107,25.192985046284438,Acetate,5.0,19.52934202243998,none,0.0,none,0.0,none,0.0,none,0.0,1.5,1.3,11.098734934201529,8.951546446595163,7.21975834867651,5.8230062547624435,3.647152029764594,4.0
163_p3conc_1.4_i0,Adalimumab,mAb_IgG1,3.0,148.0,8.7,0.3,1.4082,27.5,Acetate,5.0,20.0,none,0.0,none,0.0,none,0.0,none,0.0,1.0,1.0,0.9551316515418241,0.91,0.91,0.91,0.91,
163_p3conc_1.8_i1,Adalimumab,mAb_IgG1,3.0,148.0,8.7,0.3,1.7783,27.5,Acetate,5.0,20.0,none,0.0,none,0.0,none,0.0,none,0.0,1.0,1.0,0.91,0.91,0.91,0.91,0.91,
163_p3conc_2.0_i2,Adalimumab,mAb_IgG1,3.0,148.0,8.7,0.3,1.9829,27.5,Acetate,5.0,20.0,none,0.0,none,0.0,none,0.0,none,0.0,1.0,1.0,0.9264171950480786,0.9264171950480786,0.9264171950480786,0.91,0.91,
163_p3conc_2.8_i3,Adalimumab,mAb_IgG1,3.0,148.0,8.7,0.3,2.7922,27.5,Acetate,5.0,20.0,none,0.0,none,0.0,none,0.0,none,0.0,1.0,1.0,0.91,0.91,0.91,0.91,0.91,
163_p3conc_3.2_i4,Adalimumab,mAb_IgG1,3.0,148.0,8.7,0.3,3.1623,27.5,Acetate,5.0,20.0,none,0.0,none,0.0,none,0.0,none,0.0,1.0,1.0,0.9442890073607481,0.921417019528868,0.91,0.91,0.91,
163_p3conc_3.9_i5,Adalimumab,mAb_IgG1,3.0,148.0,8.7,0.3,3.9319,27.5,Acetate,5.0,20.0,none,0.0,none,0.0,none,0.0,none,0.0,1.0,1.0,1.031921643735017,1.0303711459245484,0.944747109009238,0.933703122861661,0.933703122861661,
163_p3conc_5.5_i6,Adalimumab,mAb_IgG1,3.0,148.0,8.7,0.3,5.5367,27.5,Acetate,5.0,20.0,none,0.0,none,0.0,none,0.0,none,0.0,1.0,1.0,1.0192921212219979,0.9259594915660713,0.9244111117814098,0.91,0.91,
163_p3conc_5.6_i7,Adalimumab,mAb_IgG1,3.0,148.0,8.7,0.3,5.6234,27.5,Acetate,5.0,20.0,none,0.0,none,0.0,none,0.0,none,0.0,1.0,1.0,1.000595606283151,0.91,0.91,0.91,0.91,
163_p3conc_7.8_i8,Adalimumab,mAb_IgG1,3.0,148.0,8.7,0.3,7.7965,27.5,Acetate,5.0,20.0,none,0.0,none,0.0,none,0.0,none,0.0,1.0,1.0,1.0258147002585865,0.9547119842513978,0.9533937764941004,0.91,0.91,
163_p3conc_10.0_i9,Adalimumab,mAb_IgG1,3.0,148.0,8.7,0.3,10.0,27.5,Acetate,5.0,20.0,none,0.0,none,0.0,none,0.0,none,0.0,1.0,1.0,1.0291521894113218,0.9806707336920342,0.9779908800375168,0.9779908800375168,0.91,
163_p3conc_11.0_i10,Adalimumab,mAb_IgG1,3.0,148.0,8.7,0.3,10.9787,27.5,Acetate,5.0,20.0,none,0.0,none,0.0,none,0.0,none,0.0,1.0,1.0,0.9766922660409305,0.9766922660409305,0.9669819667160833,0.9669819667160833,0.959861310627021,
163_p3conc_15.5_i11,Adalimumab,mAb_IgG1,3.0,148.0,8.7,0.3,15.4596,27.5,Acetate,5.0,20.0,none,0.0,none,0.0,none,0.0,none,0.0,1.0,1.0,1.309135423337525,1.0231983018681385,1.0231983018681385,1.004679145429737,0.91,
163_p3conc_17.8_i12,Adalimumab,mAb_IgG1,3.0,148.0,8.7,0.3,17.7828,27.5,Acetate,5.0,20.0,none,0.0,none,0.0,none,0.0,none,0.0,1.0,1.0,1.111928009488523,1.0583106888903324,1.0583106888903324,0.9910115766357751,0.9685666215450868,
163_p3conc_21.8_i13,Adalimumab,mAb_IgG1,3.0,148.0,8.7,0.3,21.7695,27.5,Acetate,5.0,20.0,none,0.0,none,0.0,none,0.0,none,0.0,1.0,1.0,1.2183271049270272,1.1931698442254006,1.0824948502574303,1.0824948502574303,0.9486455650239302,
163_p3conc_30.7_i14,Adalimumab,mAb_IgG1,3.0,148.0,8.7,0.3,30.6548,27.5,Acetate,5.0,20.0,none,0.0,none,0.0,none,0.0,none,0.0,1.0,1.0,1.3043460009071015,1.2836452639807052,1.1658532218969662,1.1501997728675997,0.91,
163_p3conc_31.6_i15,Adalimumab,mAb_IgG1,3.0,148.0,8.7,0.3,31.6228,27.5,Acetate,5.0,20.0,none,0.0,none,0.0,none,0.0,none,0.0,1.0,1.0,1.4837254666495787,1.2795406417356059,1.2795406417356059,1.2706107343404822,0.910232162591176,
163_p3conc_43.2_i16,Adalimumab,mAb_IgG1,3.0,148.0,8.7,0.3,43.1667,27.5,Acetate,5.0,20.0,none,0.0,none,0.0,none,0.0,none,0.0,1.0,1.0,1.560308536425485,1.560308536425485,1.5092792943272006,1.3520361407517665,1.0258726996102467,
163_p3conc_56.2_i17,Adalimumab,mAb_IgG1,3.0,148.0,8.7,0.3,56.2341,27.5,Acetate,5.0,20.0,none,0.0,none,0.0,none,0.0,none,0.0,1.0,1.0,1.915775202985973,1.829959489398874,1.5698528768121014,1.4053716805102034,1.0210965987587373,
163_p3conc_60.8_i18,Adalimumab,mAb_IgG1,3.0,148.0,8.7,0.3,60.7852,27.5,Acetate,5.0,20.0,none,0.0,none,0.0,none,0.0,none,0.0,1.0,1.0,2.105254143745541,1.8031241182683837,1.7093690372737471,1.5383295705638738,1.0747996536922888,
163_p3conc_85.6_i19,Adalimumab,mAb_IgG1,3.0,148.0,8.7,0.3,85.5949,27.5,Acetate,5.0,20.0,none,0.0,none,0.0,none,0.0,none,0.0,1.0,1.0,3.109452024793688,2.632061925562121,2.350063486829317,2.178831521759821,1.3390282399980662,
163_p3conc_108.6_i20,Adalimumab,mAb_IgG1,3.0,148.0,8.7,0.3,108.581,27.5,Acetate,5.0,20.0,none,0.0,none,0.0,none,0.0,none,0.0,1.0,1.0,4.434482518237013,3.4244823242962212,3.15458148752833,2.5243799424821325,1.5298641259100894,
163_p3conc_117.9_i21,Adalimumab,mAb_IgG1,3.0,148.0,8.7,0.3,117.8982,27.5,Acetate,5.0,20.0,none,0.0,none,0.0,none,0.0,none,0.0,1.0,1.0,4.957726664199189,4.195699932682601,3.8747172433118755,2.7415079741373676,1.8167754349071827,
162_p3conc_120.5_i22,Adalimumab,mAb_IgG1,3.0,148.0,8.7,0.3,120.5308,27.5,Acetate,5.0,20.0,none,0.0,none,0.0,none,0.0,none,0.0,1.0,1.0,4.525509299308112,4.2642618527427105,3.7992771415090925,3.1699573727034465,1.6785005009229328,
162_p3conc_128.0_i23,Adalimumab,mAb_IgG1,3.0,148.0,8.7,0.3,128.015,27.5,Acetate,5.0,20.0,none,0.0,none,0.0,none,0.0,none,0.0,1.0,1.0,5.790412103498263,4.223128014465673,4.223128014465673,3.197278806532256,1.8128685775075228,
162_p3conc_148.7_i24,Adalimumab,mAb_IgG1,3.0,148.0,8.7,0.3,148.7435,27.5,Acetate,5.0,20.0,none,0.0,none,0.0,none,0.0,none,0.0,1.0,1.0,7.429287423712058,6.46138545164888,6.46138545164888,4.277791595544281,2.687679151989225,
162_p3conc_159.2_i25,Adalimumab,mAb_IgG1,3.0,148.0,8.7,0.3,159.1699,27.5,Acetate,5.0,20.0,none,0.0,none,0.0,none,0.0,none,0.0,1.0,1.0,8.685776943123694,6.978912442477753,6.978912442477753,4.840814348733647,2.953549522007784,
162_p3conc_169.7_i26,Adalimumab,mAb_IgG1,3.0,148.0,8.7,0.3,169.7259,27.5,Acetate,5.0,20.0,none,0.0,none,0.0,none,0.0,none,0.0,1.0,1.0,9.73906071834603,7.809213976652611,7.809213976652611,5.622487114703156,3.100831249891677,
162_p3conc_170.3_i27,Adalimumab,mAb_IgG1,3.0,148.0,8.7,0.3,170.3268,27.5,Acetate,5.0,20.0,none,0.0,none,0.0,none,0.0,none,0.0,1.0,1.0,10.0648634891316,8.626459278171227,8.626459278171227,5.799170980150001,3.2833414838907915,
162_p3conc_182.3_i28,Adalimumab,mAb_IgG1,3.0,148.0,8.7,0.3,182.2661,27.5,Acetate,5.0,20.0,none,0.0,none,0.0,none,0.0,none,0.0,1.0,1.0,12.156723067787269,9.680380749051748,9.680380749051748,5.70950333372949,3.5456409808252474,
162_p3conc_195.0_i29,Adalimumab,mAb_IgG1,3.0,148.0,8.7,0.3,195.0424,27.5,Acetate,5.0,20.0,none,0.0,none,0.0,none,0.0,none,0.0,1.0,1.0,15.28868532010517,10.798170622149573,10.798170622149573,6.822582376233755,4.2589059028974185,
162_p3conc_208.7_i30,Adalimumab,mAb_IgG1,3.0,148.0,8.7,0.3,208.7142,27.5,Acetate,5.0,20.0,none,0.0,none,0.0,none,0.0,none,0.0,1.0,1.0,16.425202312900883,14.416822732666349,14.416822732666349,8.427882661141732,5.260998570842299,
162_p3conc_223.3_i31,Adalimumab,mAb_IgG1,3.0,148.0,8.7,0.3,223.3444,27.5,Acetate,5.0,20.0,none,0.0,none,0.0,none,0.0,none,0.0,1.0,1.0,22.60303877360868,16.58074997528047,16.58074997528047,9.702017774469079,5.985329859064095,
167_p3conc_1.4_i0,Adalimumab,mAb_IgG1,3.0,148.0,8.7,0.3,1.4096,27.5,Histidine,6.0,15.0,none,0.0,none,0.0,none,0.0,none,0.0,1.0,1.0,0.942834746276937,0.91,0.91,0.91,0.91,
167_p3conc_1.8_i1,Adalimumab,mAb_IgG1,3.0,148.0,8.7,0.3,1.7783,27.5,Histidine,6.0,15.0,none,0.0,none,0.0,none,0.0,none,0.0,1.0,1.0,0.91,0.91,0.91,0.91,0.91,
167_p3conc_2.0_i2,Adalimumab,mAb_IgG1,3.0,148.0,8.7,0.3,1.987,27.5,Histidine,6.0,15.0,none,0.0,none,0.0,none,0.0,none,0.0,1.0,1.0,0.980117744753088,0.9686637537919695,0.968345097881909,0.968345097881909,0.9272688815926965,
167_p3conc_2.8_i3,Adalimumab,mAb_IgG1,3.0,148.0,8.7,0.3,2.8009,27.5,Histidine,6.0,15.0,none,0.0,none,0.0,none,0.0,none,0.0,1.0,1.0,0.911897384943021,0.911897384943021,0.911897384943021,0.91,0.91,
167_p3conc_3.2_i4,Adalimumab,mAb_IgG1,3.0,148.0,8.7,0.3,3.1623,27.5,Histidine,6.0,15.0,none,0.0,none,0.0,none,0.0,none,0.0,1.0,1.0,0.91,0.91,0.91,0.91,0.91,
167_p3conc_3.9_i5,Adalimumab,mAb_IgG1,3.0,148.0,8.7,0.3,3.9482,27.5,Histidine,6.0,15.0,none,0.0,none,0.0,none,0.0,none,0.0,1.0,1.0,0.91,0.91,0.91,0.91,0.91,
167_p3conc_5.6_i6,Adalimumab,mAb_IgG1,3.0,148.0,8.7,0.3,5.5655,27.5,Histidine,6.0,15.0,none,0.0,none,0.0,none,0.0,none,0.0,1.0,1.0,0.9266441048264106,0.91,0.91,0.91,0.91,
167_p3conc_5.6_i7,Adalimumab,mAb_IgG1,3.0,148.0,8.7,0.3,5.6234,27.5,Histidine,6.0,15.0,none,0.0,none,0.0,none,0.0,none,0.0,1.0,1.0,0.91,0.91,0.91,0.91,0.91,
167_p3conc_7.8_i8,Adalimumab,mAb_IgG1,3.0,148.0,8.7,0.3,7.8452,27.5,Histidine,6.0,15.0,none,0.0,none,0.0,none,0.0,none,0.0,1.0,1.0,0.91,0.91,0.91,0.91,0.91,
167_p3conc_10.0_i9,Adalimumab,mAb_IgG1,3.0,148.0,8.7,0.3,10.0,27.5,Histidine,6.0,15.0,none,0.0,none,0.0,none,0.0,none,0.0,1.0,1.0,0.91,0.91,0.91,0.91,0.91,
167_p3conc_11.1_i10,Adalimumab,mAb_IgG1,3.0,148.0,8.7,0.3,11.0587,27.5,Histidine,6.0,15.0,none,0.0,none,0.0,none,0.0,none,0.0,1.0,1.0,0.9272847011667728,0.9194517292945579,0.91,0.91,0.91,
167_p3conc_15.6_i11,Adalimumab,mAb_IgG1,3.0,148.0,8.7,0.3,15.5885,27.5,Histidine,6.0,15.0,none,0.0,none,0.0,none,0.0,none,0.0,1.0,1.0,0.9626220994552915,0.9626220994552915,0.9498035550096893,0.9358370421643074,0.91,
167_p3conc_17.8_i12,Adalimumab,mAb_IgG1,3.0,148.0,8.7,0.3,17.7828,27.5,Histidine,6.0,15.0,none,0.0,none,0.0,none,0.0,none,0.0,1.0,1.0,0.9445588225677026,0.9445588225677026,0.9445588225677026,0.9445588225677026,0.9445588225677026,
167_p3conc_22.0_i13,Adalimumab,mAb_IgG1,3.0,148.0,8.7,0.3,21.9737,27.5,Histidine,6.0,15.0,none,0.0,none,0.0,none,0.0,none,0.0,1.0,1.0,1.0098462250372315,0.9366804020502654,0.9366804020502654,0.9366804020502654,0.9366804020502654,
167_p3conc_31.0_i14,Adalimumab,mAb_IgG1,3.0,148.0,8.7,0.3,30.9745,27.5,Histidine,6.0,15.0,none,0.0,none,0.0,none,0.0,none,0.0,1.0,1.0,1.0405398868849318,1.0191776771786336,1.0191776771786336,0.91,0.91,
167_p3conc_31.6_i15,Adalimumab,mAb_IgG1,3.0,148.0,8.7,0.3,31.6228,27.5,Histidine,6.0,15.0,none,0.0,none,0.0,none,0.0,none,0.0,1.0,1.0,1.0207969768598264,0.9708509996781397,0.9708509996781397,0.9708509996781397,0.9708509996781397,
167_p3conc_43.7_i16,Adalimumab,mAb_IgG1,3.0,148.0,8.7,0.3,43.662,27.5,Histidine,6.0,15.0,none,0.0,none,0.0,none,0.0,none,0.0,1.0,1.0,1.2669336505264068,1.2669336505264068,1.164569886281666,1.075022925302357,1.075022925302357,
167_p3conc_56.2_i17,Adalimumab,mAb_IgG1,3.0,148.0,8.7,0.3,56.2341,27.5,Histidine,6.0,15.0,none,0.0,none,0.0,none,0.0,none,0.0,1.0,1.0,1.5428278486102038,1.2927295260749394,1.2623820329093811,1.1923690355706054,1.0577630252585324,
167_p3conc_61.5_i18,Adalimumab,mAb_IgG1,3.0,148.0,8.7,0.3,61.5467,27.5,Histidine,6.0,15.0,none,0.0,none,0.0,none,0.0,none,0.0,1.0,1.0,1.594132855953779,1.3181573260378885,1.3181573260378885,1.3181573260378885,1.160364743112932,
167_p3conc_86.8_i19,Adalimumab,mAb_IgG1,3.0,148.0,8.7,0.3,86.7571,27.5,Histidine,6.0,15.0,none,0.0,none,0.0,none,0.0,none,0.0,1.0,1.0,2.684614187244395,1.9817307338010284,1.9817307338010284,1.789441173931394,1.1724552156282608,
167_p3conc_110.5_i20,Adalimumab,mAb_IgG1,3.0,148.0,8.7,0.3,110.521,27.5,Histidine,6.0,15.0,none,0.0,none,0.0,none,0.0,none,0.0,1.0,1.0,5.199926362402914,3.776244752849175,3.338673444913532,2.782983983393334,1.3000070365763468,
444_p3conc_122.1_i21,Adalimumab,mAb_IgG1,3.0,148.0,8.7,0.3,122.1487,25.0,Histidine,6.0,15.0,none,0.0,none,0.0,none,0.0,none,0.0,1.0,1.0,7.622200098538206,6.454439994579984,5.743368258767445,5.34857538536803,1.2989293848927794,
444_p3conc_122.3_i22,Adalimumab,mAb_IgG1,3.0,148.0,8.7,0.3,122.294,25.0,Histidine,6.0,15.0,none,0.0,none,0.0,none,0.0,none,0.0,1.0,1.0,7.053968171324318,6.418314670567135,5.2519311721323785,5.2519311721323785,1.264167753580213,
161_p3conc_152.8_i23,Adalimumab,mAb_IgG1,3.0,148.0,8.7,0.3,152.7988,27.5,Histidine,6.0,15.0,none,0.0,none,0.0,none,0.0,none,0.0,1.0,1.0,7.577164270486789,7.577164270486789,7.499701450935346,5.83124055042127,2.778902098449097,
161_p3conc_163.3_i24,Adalimumab,mAb_IgG1,3.0,148.0,8.7,0.3,163.2691,27.5,Histidine,6.0,15.0,none,0.0,none,0.0,none,0.0,none,0.0,1.0,1.0,10.107755953644968,9.791400986353333,9.762438333253261,7.279327051896455,3.1246536865239274,
161_p3conc_172.4_i25,Adalimumab,mAb_IgG1,3.0,148.0,8.7,0.3,172.3876,27.5,Histidine,6.0,15.0,none,0.0,none,0.0,none,0.0,none,0.0,1.0,1.0,10.815853739529409,10.815853739529409,10.815853739529409,9.238424391480072,3.230212411857799,
161_p3conc_174.5_i26,Adalimumab,mAb_IgG1,3.0,148.0,8.7,0.3,174.4564,27.5,Histidine,6.0,15.0,none,0.0,none,0.0,none,0.0,none,0.0,1.0,1.0,11.74347064943701,11.74347064943701,11.74347064943701,9.670819748452265,3.601623207754397,
161_p3conc_186.4_i27,Adalimumab,mAb_IgG1,3.0,148.0,8.7,0.3,186.4108,27.5,Histidine,6.0,15.0,none,0.0,none,0.0,none,0.0,none,0.0,1.0,1.0,14.867130566566402,14.867130566566402,14.867130566566402,11.74851440704795,4.231655783209243,
161_p3conc_199.2_i28,Adalimumab,mAb_IgG1,3.0,148.0,8.7,0.3,199.1843,27.5,Histidine,6.0,15.0,none,0.0,none,0.0,none,0.0,none,0.0,1.0,1.0,18.91271600034601,18.91271600034601,18.91271600034601,17.041147844177768,4.111093363281007,
161_p3conc_212.8_i29,Adalimumab,mAb_IgG1,3.0,148.0,8.7,0.3,212.833,27.5,Histidine,6.0,15.0,none,0.0,none,0.0,none,0.0,none,0.0,1.0,1.0,26.266720674803608,26.266720674803608,26.266720674803608,22.179703548246135,5.679943275447514,
161_p3conc_227.4_i30,Adalimumab,mAb_IgG1,3.0,148.0,8.7,0.3,227.4165,27.5,Histidine,6.0,15.0,none,0.0,none,0.0,none,0.0,none,0.0,1.0,1.0,35.75284354153365,35.75284354153365,35.75284354153365,29.48482375946898,6.754028003963417,
247_p3conc_1.5_i0,BSA,Other,2.0,66.0,4.7,0.3,1.4772,27.5,Acetate,5.0,20.0,none,0.0,none,0.0,none,0.0,none,0.0,0.85,0.9,0.9572641067478592,0.91,0.91,0.91,0.91,
247_p3conc_2.2_i1,BSA,Other,2.0,66.0,4.7,0.3,2.1821,27.5,Acetate,5.0,20.0,none,0.0,none,0.0,none,0.0,none,0.0,0.85,0.9,0.9994170730859264,0.9138839001971353,0.91,0.91,0.91,
247_p3conc_3.2_i2,BSA,Other,2.0,66.0,4.7,0.3,3.2233,27.5,Acetate,5.0,20.0,none,0.0,none,0.0,none,0.0,none,0.0,0.85,0.9,0.9738733683365284,0.9738733683365284,0.91,0.91,0.91,
247_p3conc_7.0_i3,BSA,Other,2.0,66.0,4.7,0.3,7.0336,27.5,Acetate,5.0,20.0,none,0.0,none,0.0,none,0.0,none,0.0,0.85,0.9,1.112258580919469,1.0138454777418187,1.0138454777418187,0.9617060239936654,0.91,
249_p3conc_15.3_i4,BSA,Other,2.0,66.0,4.7,0.3,15.3478,27.5,Acetate,5.0,20.0,none,0.0,none,0.0,none,0.0,none,0.0,0.85,0.9,1.0904620638627807,1.0904620638627807,1.0904620638627807,1.0904620638627807,0.91,
250_p3conc_22.7_i5,BSA,Other,2.0,66.0,4.7,0.3,22.6716,27.5,Acetate,5.0,20.0,none,0.0,none,0.0,none,0.0,none,0.0,0.85,0.9,1.3503258475511923,1.2229289683593578,1.2229289683593578,1.1923742393301313,1.0437105253087184,
250_p3conc_30.1_i6,BSA,Other,2.0,66.0,4.7,0.3,30.1369,27.5,Acetate,5.0,20.0,none,0.0,none,0.0,none,0.0,none,0.0,0.85,0.9,1.4231133706398382,1.4231133706398382,1.3831521369242579,1.3831521369242579,1.1820202304738978,
250_p3conc_33.5_i7,BSA,Other,2.0,66.0,4.7,0.3,33.4901,27.5,Acetate,5.0,20.0,none,0.0,none,0.0,none,0.0,none,0.0,0.85,0.9,1.3768346073978863,1.3768346073978863,1.3768346073978863,1.3195621156276267,1.1955661809651004,
250_p3conc_36.3_i8,BSA,Other,2.0,66.0,4.7,0.3,36.3291,27.5,Acetate,5.0,20.0,none,0.0,none,0.0,none,0.0,none,0.0,0.85,0.9,1.5737270943000237,1.5663268183551464,1.5663268183551464,1.5517876809082345,1.2384185360429902,
250_p3conc_43.8_i9,BSA,Other,2.0,66.0,4.7,0.3,43.7938,27.5,Acetate,5.0,20.0,none,0.0,none,0.0,none,0.0,none,0.0,0.85,0.9,1.7570948830569864,1.7154466181040724,1.7154466181040724,1.5238932712083748,1.3179977428248015,
250_p3conc_49.5_i10,BSA,Other,2.0,66.0,4.7,0.3,49.4711,27.5,Acetate,5.0,20.0,none,0.0,none,0.0,none,0.0,none,0.0,0.85,0.9,1.8395658522343803,1.8395658522343803,1.749917598042673,1.5964217618542798,1.3831239134506104,
250_p3conc_52.8_i11,BSA,Other,2.0,66.0,4.7,0.3,52.7922,27.5,Acetate,5.0,20.0,none,0.0,none,0.0,none,0.0,none,0.0,0.85,0.9,1.924438029011205,1.924438029011205,1.7758748554680708,1.7758748554680708,1.5712855046199177,
250_p3conc_63.6_i12,BSA,Other,2.0,66.0,4.7,0.3,63.6397,27.5,Acetate,5.0,20.0,none,0.0,none,0.0,none,0.0,none,0.0,0.85,0.9,2.074459958758414,1.999890195861313,1.999890195861313,1.968180495927546,1.5585953886448234,
250_p3conc_73.1_i13,BSA,Other,2.0,66.0,4.7,0.3,73.0781,27.5,Acetate,5.0,20.0,none,0.0,none,0.0,none,0.0,none,0.0,0.85,0.9,2.229270849979053,2.229270849979053,2.148143735454482,1.95414845953148,1.6893090743927355,
250_p3conc_76.7_i14,BSA,Other,2.0,66.0,4.7,0.3,76.7158,27.5,Acetate,5.0,20.0,none,0.0,none,0.0,none,0.0,none,0.0,0.85,0.9,2.1248000547270194,2.1248000547270194,2.1248000547270194,2.1248000547270194,1.5545236819118562,
250_p3conc_92.5_i15,BSA,Other,2.0,66.0,4.7,0.3,92.479,27.5,Acetate,5.0,20.0,none,0.0,none,0.0,none,0.0,none,0.0,0.85,0.9,2.6491418583213635,2.6491418583213635,2.630288872242656,2.485359139785996,1.681641901368453,
239_p3conc_107.9_i16,BSA,Other,2.0,66.0,4.7,0.3,107.9498,27.5,Acetate,5.0,20.0,none,0.0,none,0.0,none,0.0,none,0.0,0.85,0.9,3.1980666316404824,3.0340809651844047,2.993107072467543,2.5664112345089074,1.9975698566798439,
239_p3conc_111.5_i17,BSA,Other,2.0,66.0,4.7,0.3,111.4808,27.5,Acetate,5.0,20.0,none,0.0,none,0.0,none,0.0,none,0.0,0.85,0.9,2.9963678402669007,2.9963678402669007,2.8374088769301324,2.5749722994264213,1.9718162523462925,
239_p3conc_134.4_i18,BSA,Other,2.0,66.0,4.7,0.3,134.3872,27.5,Acetate,5.0,20.0,none,0.0,none,0.0,none,0.0,none,0.0,0.85,0.9,3.5080413721471717,3.484821210534583,3.35289673359645,3.188757301818176,2.0542482172560472,
239_p3conc_170.7_i19,BSA,Other,2.0,66.0,4.7,0.3,170.6684,27.5,Acetate,5.0,20.0,none,0.0,none,0.0,none,0.0,none,0.0,0.85,0.9,5.004115427050528,5.002150384095704,4.275788104034328,3.791568454770045,2.711420679862626,
239_p3conc_179.8_i20,BSA,Other,2.0,66.0,4.7,0.3,179.8005,27.5,Acetate,5.0,20.0,none,0.0,none,0.0,none,0.0,none,0.0,0.85,0.9,5.366703836729358,5.366703836729358,5.317761279457481,4.533957632167326,3.116883964889775,
239_p3conc_189.4_i21,BSA,Other,2.0,66.0,4.7,0.3,189.4214,27.5,Acetate,5.0,20.0,none,0.0,none,0.0,none,0.0,none,0.0,0.85,0.9,6.14746184803371,6.14746184803371,5.420350726903365,5.3343581476853075,3.391437391528982,
239_p3conc_199.6_i22,BSA,Other,2.0,66.0,4.7,0.3,199.557,27.5,Acetate,5.0,20.0,none,0.0,none,0.0,none,0.0,none,0.0,0.85,0.9,6.916838425818969,6.795707392555055,6.526446341274363,5.167317689028813,3.263805813648824,
239_p3conc_210.2_i23,BSA,Other,2.0,66.0,4.7,0.3,210.235,27.5,Acetate,5.0,20.0,none,0.0,none,0.0,none,0.0,none,0.0,0.85,0.9,8.131169999182676,7.471063408509506,6.847836136055538,5.49649962592483,3.4014148695202047,
239_p3conc_221.5_i24,BSA,Other,2.0,66.0,4.7,0.3,221.4843,27.5,Acetate,5.0,20.0,none,0.0,none,0.0,none,0.0,none,0.0,0.85,0.9,9.003341344663204,8.715057107001357,7.491958328800368,6.739452520612352,3.929844681543275,
239_p3conc_233.3_i25,BSA,Other,2.0,66.0,4.7,0.3,233.3361,27.5,Acetate,5.0,20.0,none,0.0,none,0.0,none,0.0,none,0.0,0.85,0.9,9.771158169907062,9.428860219440029,8.466434194129207,7.263873040148291,4.354943079543794,
239_p3conc_235.6_i26,BSA,Other,2.0,66.0,4.7,0.3,235.5554,27.5,Acetate,5.0,20.0,none,0.0,none,0.0,none,0.0,none,0.0,0.85,0.9,11.221218062664882,10.59867602429549,8.6703009195588,7.575363279522921,4.3865202531599135,
239_p3conc_245.8_i27,BSA,Other,2.0,66.0,4.7,0.3,245.8216,27.5,Acetate,5.0,20.0,none,0.0,none,0.0,none,0.0,none,0.0,0.85,0.9,12.549520492632375,11.321371193104186,10.002381456892541,7.839284269666924,4.419137769745396,
239_p3conc_259.0_i28,BSA,Other,2.0,66.0,4.7,0.3,258.9751,27.5,Acetate,5.0,20.0,none,0.0,none,0.0,none,0.0,none,0.0,0.85,0.9,13.661834199235416,12.06067459424642,10.47700931631776,8.892378606793498,5.626767842242798,
239_p3conc_272.8_i29,BSA,Other,2.0,66.0,4.7,0.3,272.8324,27.5,Acetate,5.0,20.0,none,0.0,none,0.0,none,0.0,none,0.0,0.85,0.9,16.16828098654342,13.731881745422603,12.19579505807981,10.577773133185795,6.372415204374181,
239_p3conc_287.4_i30,BSA,Other,2.0,66.0,4.7,0.3,287.4313,27.5,Acetate,5.0,20.0,none,0.0,none,0.0,none,0.0,none,0.0,0.85,0.9,19.849959848836427,16.56489362276807,14.861334049750361,11.752969289244835,6.616406069008526,
235_p3conc_302.8_i31,BSA,Other,2.0,66.0,4.7,0.3,302.8112,27.5,Acetate,5.0,20.0,none,0.0,none,0.0,none,0.0,none,0.0,0.85,0.9,26.18350202652164,21.439562207142846,16.345036924647264,12.722901539584383,8.751425933876112,
235_p3conc_319.0_i32,BSA,Other,2.0,66.0,4.7,0.3,319.0142,27.5,Acetate,5.0,20.0,none,0.0,none,0.0,none,0.0,none,0.0,0.85,0.9,30.14724432658379,24.33704732596364,18.58969086593386,14.75528605974808,11.416572397609212,
235_p3conc_336.1_i33,BSA,Other,2.0,66.0,4.7,0.3,336.0841,27.5,Acetate,5.0,20.0,none,0.0,none,0.0,none,0.0,none,0.0,0.85,0.9,38.06012474629364,31.01086841713902,24.785745294348953,16.86555575994517,13.237138806569584,
235_p3conc_348.0_i34,BSA,Other,2.0,66.0,4.7,0.3,347.9589,27.5,Acetate,5.0,20.0,none,0.0,none,0.0,none,0.0,none,0.0,0.85,0.9,46.896426213940735,32.913303128450465,28.026600843574908,21.05234366707122,15.208698145189688,
235_p3conc_354.1_i35,BSA,Other,2.0,66.0,4.7,0.3,354.0674,27.5,Acetate,5.0,20.0,none,0.0,none,0.0,none,0.0,none,0.0,0.85,0.9,54.436087775960935,36.786054273074306,27.795317031898247,21.407941380793744,18.095744309777235,
235_p3conc_373.0_i36,BSA,Other,2.0,66.0,4.7,0.3,373.013,27.5,Acetate,5.0,20.0,none,0.0,none,0.0,none,0.0,none,0.0,0.85,0.9,70.71601219333257,50.38609803375785,38.8809604537195,26.738743599146375,20.060740646504243,
235_p3conc_393.0_i37,BSA,Other,2.0,66.0,4.7,0.3,392.9724,27.5,Acetate,5.0,20.0,none,0.0,none,0.0,none,0.0,none,0.0,0.85,0.9,92.7471051778794,53.04753637854466,45.60295899482879,34.247284688245436,24.583997201553114,
235_p3conc_437.0_i38,BSA,Other,2.0,66.0,4.7,0.3,437.0096,27.5,Acetate,5.0,20.0,none,0.0,none,0.0,none,0.0,none,0.0,0.85,0.9,172.8526493078169,98.35892565843807,69.6029522542924,48.54716626898953,38.646615547103615,
235_p3conc_449.0_i39,BSA,Other,2.0,66.0,4.7,0.3,448.9893,27.5,Acetate,5.0,20.0,none,0.0,none,0.0,none,0.0,none,0.0,0.85,0.9,187.92218502213115,100.98451003004948,78.34773174225721,58.96593592949027,43.19903158807564,
235_p3conc_461.3_i40,BSA,Other,2.0,66.0,4.7,0.3,461.2985,27.5,Acetate,5.0,20.0,none,0.0,none,0.0,none,0.0,none,0.0,0.85,0.9,226.7839432067412,119.03258216438452,97.32748035432259,65.57688850891226,52.31818420910314,
235_p3conc_473.9_i41,BSA,Other,2.0,66.0,4.7,0.3,473.944,27.5,Acetate,5.0,20.0,none,0.0,none,0.0,none,0.0,none,0.0,0.85,0.9,265.2036792377685,137.51200963405077,98.82825799764231,75.68915286971296,54.33324694092327,
235_p3conc_486.9_i42,BSA,Other,2.0,66.0,4.7,0.3,486.9361,27.5,Acetate,5.0,20.0,none,0.0,none,0.0,none,0.0,none,0.0,0.85,0.9,313.95538296380266,167.09389061186653,115.6525568361108,81.64306144459826,65.42913899854261,
235_p3conc_500.3_i43,BSA,Other,2.0,66.0,4.7,0.3,500.2856,27.5,Acetate,5.0,20.0,none,0.0,none,0.0,none,0.0,none,0.0,0.85,0.9,385.57763264777464,178.9812372172951,127.53039193257916,85.79224827000674,71.82465560760151,
251_p3conc_1.5_i0,BSA,Other,2.0,66.0,4.7,0.3,1.4732,27.5,Histidine,6.0,15.0,none,0.0,none,0.0,none,0.0,none,0.0,0.85,0.9,0.9270104045653019,0.91,0.91,0.91,0.91,
251_p3conc_2.2_i1,BSA,Other,2.0,66.0,4.7,0.3,2.1702,27.5,Histidine,6.0,15.0,none,0.0,none,0.0,none,0.0,none,0.0,0.85,0.9,0.9658829150636354,0.9658829150636354,0.9482093799668694,0.9448573653261338,0.91,
251_p3conc_3.2_i2,BSA,Other,2.0,66.0,4.7,0.3,3.197,27.5,Histidine,6.0,15.0,none,0.0,none,0.0,none,0.0,none,0.0,0.85,0.9,0.9915780558023328,0.9618245104340637,0.91,0.91,0.91,
251_p3conc_4.7_i3,BSA,Other,2.0,66.0,4.7,0.3,4.7097,27.5,Histidine,6.0,15.0,none,0.0,none,0.0,none,0.0,none,0.0,0.85,0.9,0.9897781522506727,0.9897781522506727,0.9755393921100695,0.9755393921100695,0.91,
251_p3conc_6.9_i4,BSA,Other,2.0,66.0,4.7,0.3,6.9381,27.5,Histidine,6.0,15.0,none,0.0,none,0.0,none,0.0,none,0.0,0.85,0.9,1.0289806222338087,0.9598638987158138,0.9598638987158138,0.9598638987158138,0.91,
253_p3conc_15.1_i5,BSA,Other,2.0,66.0,4.7,0.3,15.0569,27.5,Histidine,6.0,15.0,none,0.0,none,0.0,none,0.0,none,0.0,0.85,0.9,1.139789579357078,1.0669401323908951,1.0669401323908951,1.0669401323908951,0.91,
253_p3conc_22.2_i6,BSA,Other,2.0,66.0,4.7,0.3,22.1811,27.5,Histidine,6.0,15.0,none,0.0,none,0.0,none,0.0,none,0.0,0.85,0.9,1.1899547511570052,1.1546177129721047,1.1325682964935153,1.074765257194654,1.0020548453606553,
255_p3conc_30.1_i7,BSA,Other,2.0,66.0,4.7,0.3,30.0994,27.5,Histidine,6.0,15.0,none,0.0,none,0.0,none,0.0,none,0.0,0.85,0.9,1.318525097315964,1.318525097315964,1.1660043536228477,1.1660043536228477,1.1164071351163287,
255_p3conc_32.7_i8,BSA,Other,2.0,66.0,4.7,0.3,32.6761,27.5,Histidine,6.0,15.0,none,0.0,none,0.0,none,0.0,none,0.0,0.85,0.9,1.39495210360938,1.3683028150828591,1.3312191140245773,1.3312191140245773,1.0097510984849136,
255_p3conc_36.2_i9,BSA,Other,2.0,66.0,4.7,0.3,36.239,27.5,Histidine,6.0,15.0,none,0.0,none,0.0,none,0.0,none,0.0,0.85,0.9,1.5070185018030158,1.3851028548123867,1.3548442677207073,1.3505535447144787,1.1158366469207397,
255_p3conc_43.6_i10,BSA,Other,2.0,66.0,4.7,0.3,43.6309,27.5,Histidine,6.0,15.0,none,0.0,none,0.0,none,0.0,none,0.0,0.85,0.9,1.5863215324680908,1.4905513809840847,1.4905513809840847,1.3530121363018033,1.2547233172543917,
255_p3conc_48.1_i11,BSA,Other,2.0,66.0,4.7,0.3,48.1369,27.5,Histidine,6.0,15.0,none,0.0,none,0.0,none,0.0,none,0.0,0.85,0.9,1.642141072437481,1.5590377188103255,1.531441113537822,1.4240760391578513,1.2762645235387027,
255_p3conc_52.5_i12,BSA,Other,2.0,66.0,4.7,0.3,52.5306,27.5,Histidine,6.0,15.0,none,0.0,none,0.0,none,0.0,none,0.0,0.85,0.9,1.633143756689928,1.633143756689928,1.5097275649630195,1.5097275649630195,1.338886974302515,
255_p3conc_63.2_i13,BSA,Other,2.0,66.0,4.7,0.3,63.2456,27.5,Histidine,6.0,15.0,none,0.0,none,0.0,none,0.0,none,0.0,0.85,0.9,1.8578751747299294,1.8578751747299294,1.5985911954618228,1.5985911954618228,1.5485653540328366,
255_p3conc_70.9_i14,BSA,Other,2.0,66.0,4.7,0.3,70.913,27.5,Histidine,6.0,15.0,none,0.0,none,0.0,none,0.0,none,0.0,0.85,0.9,2.3312724918603522,2.0065243325417392,1.8777106299060051,1.6591419162732801,1.6049186569781932,
255_p3conc_76.1_i15,BSA,Other,2.0,66.0,4.7,0.3,76.1462,27.5,Histidine,6.0,15.0,none,0.0,none,0.0,none,0.0,none,0.0,0.85,0.9,2.210647432719346,2.0274747793758796,1.9859564288834137,1.8339187915796826,1.510337195494263,
255_p3conc_91.7_i16,BSA,Other,2.0,66.0,4.7,0.3,91.6782,27.5,Histidine,6.0,15.0,none,0.0,none,0.0,none,0.0,none,0.0,0.85,0.9,2.4254885698730044,2.1780311452818677,2.1681841945801477,1.9102276136051826,1.5870729831230506,
237_p3conc_104.5_i17,BSA,Other,2.0,66.0,4.7,0.3,104.4658,27.5,Histidine,6.0,15.0,none,0.0,none,0.0,none,0.0,none,0.0,0.85,0.9,2.4657529002607483,2.4657529002607483,2.169450346187942,1.9944269799595278,1.7133075790827523,
237_p3conc_110.4_i18,BSA,Other,2.0,66.0,4.7,0.3,110.3784,27.5,Histidine,6.0,15.0,none,0.0,none,0.0,none,0.0,none,0.0,0.85,0.9,2.6626338053472076,2.4108630286126433,2.191999491270579,2.191999491270579,1.7367185908028566,
237_p3conc_132.9_i19,BSA,Other,2.0,66.0,4.7,0.3,132.893,27.5,Histidine,6.0,15.0,none,0.0,none,0.0,none,0.0,none,0.0,0.85,0.9,3.039128823389243,2.863430390609112,2.608273045087609,2.4846378369900304,2.0940286390076968,
237_p3conc_169.2_i20,BSA,Other,2.0,66.0,4.7,0.3,169.2166,27.5,Histidine,6.0,15.0,none,0.0,none,0.0,none,0.0,none,0.0,0.85,0.9,4.153622681325832,3.6961794509746833,3.6961794509746833,3.059389626476155,2.77335729593897,
237_p3conc_179.0_i21,BSA,Other,2.0,66.0,4.7,0.3,178.9641,27.5,Histidine,6.0,15.0,none,0.0,none,0.0,none,0.0,none,0.0,0.85,0.9,4.185582383922381,4.185582383922381,4.185582383922381,3.267979808251525,2.745040566933784,
237_p3conc_189.3_i22,BSA,Other,2.0,66.0,4.7,0.3,189.2731,27.5,Histidine,6.0,15.0,none,0.0,none,0.0,none,0.0,none,0.0,0.85,0.9,5.224005464654067,4.629021613448421,4.210071534043042,3.558488636944513,2.939559697877371,
237_p3conc_200.2_i23,BSA,Other,2.0,66.0,4.7,0.3,200.176,27.5,Histidine,6.0,15.0,none,0.0,none,0.0,none,0.0,none,0.0,0.85,0.9,6.105138612946019,5.410864506973959,4.795349116532456,4.111653946660122,3.2864926728671993,
237_p3conc_211.7_i24,BSA,Other,2.0,66.0,4.7,0.3,211.7064,27.5,Histidine,6.0,15.0,none,0.0,none,0.0,none,0.0,none,0.0,0.85,0.9,6.288974601016152,5.798765134315173,5.308206851304416,4.167993046891535,3.605397677703845,
237_p3conc_223.9_i25,BSA,Other,2.0,66.0,4.7,0.3,223.9015,27.5,Histidine,6.0,15.0,none,0.0,none,0.0,none,0.0,none,0.0,0.85,0.9,7.2605403560264845,7.2605403560264845,5.281216352440828,4.836832578856251,4.472324018824224,
237_p3conc_226.7_i26,BSA,Other,2.0,66.0,4.7,0.3,226.7091,27.5,Histidine,6.0,15.0,none,0.0,none,0.0,none,0.0,none,0.0,0.85,0.9,7.71049597757846,7.230332355293837,6.204048934564903,4.850908063845813,3.825585131556092,
237_p3conc_236.8_i27,BSA,Other,2.0,66.0,4.7,0.3,236.7991,27.5,Histidine,6.0,15.0,none,0.0,none,0.0,none,0.0,none,0.0,0.85,0.9,8.655661231073372,7.516000854753549,6.608326908914011,5.3623282173678355,5.064126058964426,
237_p3conc_250.4_i28,BSA,Other,2.0,66.0,4.7,0.3,250.4396,27.5,Histidine,6.0,15.0,none,0.0,none,0.0,none,0.0,none,0.0,0.85,0.9,11.176162928628905,9.151024844769031,7.757456606545633,5.908884682984023,5.464368889678595,
237_p3conc_264.9_i29,BSA,Other,2.0,66.0,4.7,0.3,264.8659,27.5,Histidine,6.0,15.0,none,0.0,none,0.0,none,0.0,none,0.0,0.85,0.9,12.836352498853984,10.556047177545157,8.31503522182665,7.39854702252151,6.4849431484363045,
234_p3conc_280.1_i30,BSA,Other,2.0,66.0,4.7,0.3,280.1231,27.5,Histidine,6.0,15.0,none,0.0,none,0.0,none,0.0,none,0.0,0.85,0.9,13.175363138306702,12.868985957938241,11.244585520066813,8.326115042273353,7.0213427707819,
234_p3conc_296.3_i31,BSA,Other,2.0,66.0,4.7,0.3,296.2593,27.5,Histidine,6.0,15.0,none,0.0,none,0.0,none,0.0,none,0.0,0.85,0.9,18.079448682759633,15.218230861407147,12.397248350981595,8.975826558323721,8.975826558323721,
234_p3conc_313.3_i32,BSA,Other,2.0,66.0,4.7,0.3,313.325,27.5,Histidine,6.0,15.0,none,0.0,none,0.0,none,0.0,none,0.0,0.85,0.9,21.974505993284385,19.236517270010314,15.944734886744204,11.540733672878392,10.02926248483817,
234_p3conc_331.4_i33,BSA,Other,2.0,66.0,4.7,0.3,331.3729,27.5,Histidine,6.0,15.0,none,0.0,none,0.0,none,0.0,none,0.0,0.85,0.9,26.406669442352097,21.88523484467568,19.637696175973147,14.209562094719221,13.392576591141358,
234_p3conc_334.0_i34,BSA,Other,2.0,66.0,4.7,0.3,333.9773,27.5,Histidine,6.0,15.0,none,0.0,none,0.0,none,0.0,none,0.0,0.85,0.9,27.817190301707544,25.89162340995258,22.33314604679834,15.581149279968344,13.72780110528893,
234_p3conc_350.5_i35,BSA,Other,2.0,66.0,4.7,0.3,350.4612,27.5,Histidine,6.0,15.0,none,0.0,none,0.0,none,0.0,none,0.0,0.85,0.9,34.687111198504894,29.661746124339384,26.778946217339,19.33488422784771,16.678985601825193,
234_p3conc_370.6_i36,BSA,Other,2.0,66.0,4.7,0.3,370.6491,27.5,Histidine,6.0,15.0,none,0.0,none,0.0,none,0.0,none,0.0,0.85,0.9,49.83796316737316,38.065294732332774,31.970999966641315,23.580114120162946,21.42489530393599,
234_p3conc_414.9_i37,BSA,Other,2.0,66.0,4.7,0.3,414.912,27.5,Histidine,6.0,15.0,none,0.0,none,0.0,none,0.0,none,0.0,0.85,0.9,83.22607759089638,69.62993600058005,54.077905427451505,35.495849667594356,32.050449138317504,
234_p3conc_426.9_i38,BSA,Other,2.0,66.0,4.7,0.3,426.8654,27.5,Histidine,6.0,15.0,none,0.0,none,0.0,none,0.0,none,0.0,0.85,0.9,84.35305292082917,82.3575535860122,65.83814895921485,40.45183820748889,35.39927085027142,
234_p3conc_439.2_i39,BSA,Other,2.0,66.0,4.7,0.3,439.1633,27.5,Histidine,6.0,15.0,none,0.0,none,0.0,none,0.0,none,0.0,0.85,0.9,99.4877315506185,84.41807794684526,75.27565651284083,43.10582598239577,40.736288640494415,
234_p3conc_451.8_i40,BSA,Other,2.0,66.0,4.7,0.3,451.8143,27.5,Histidine,6.0,15.0,none,0.0,none,0.0,none,0.0,none,0.0,0.85,0.9,115.72148472065385,98.71502922746315,86.37672878015971,47.79500133165441,45.01721630018687,
234_p3conc_464.8_i41,BSA,Other,2.0,66.0,4.7,0.3,464.8309,27.5,Histidine,6.0,15.0,none,0.0,none,0.0,none,0.0,none,0.0,0.85,0.9,120.03639923323809,115.99710141581156,89.2545125928639,51.85041378873791,51.85041378873791,
234_p3conc_478.2_i42,BSA,Other,2.0,66.0,4.7,0.3,478.2225,27.5,Histidine,6.0,15.0,none,0.0,none,0.0,none,0.0,none,0.0,0.85,0.9,157.3928418944364,133.0584298554781,111.14526559781154,64.15811123595421,58.69248667721441,
254_p3conc_1.4_i0,BSA,Other,2.0,66.0,4.7,0.3,1.4196,27.5,Histidine,6.0,30.0,none,0.0,none,0.0,none,0.0,none,0.0,0.85,0.9,0.91,0.91,0.91,0.91,0.91,
254_p3conc_2.0_i1,BSA,Other,2.0,66.0,4.7,0.3,2.0152,27.5,Histidine,6.0,30.0,none,0.0,none,0.0,none,0.0,none,0.0,0.85,0.9,0.936585439753797,0.91,0.91,0.91,0.91,
254_p3conc_2.9_i2,BSA,Other,2.0,66.0,4.7,0.3,2.8608,27.5,Histidine,6.0,30.0,none,0.0,none,0.0,none,0.0,none,0.0,0.85,0.9,0.91,0.91,0.91,0.91,0.91,
254_p3conc_4.1_i3,BSA,Other,2.0,66.0,4.7,0.3,4.0611,27.5,Histidine,6.0,30.0,none,0.0,none,0.0,none,0.0,none,0.0,0.85,0.9,0.91,0.91,0.91,0.91,0.91,
254_p3conc_5.8_i4,BSA,Other,2.0,66.0,4.7,0.3,5.765,27.5,Histidine,6.0,30.0,none,0.0,none,0.0,none,0.0,none,0.0,0.85,0.9,0.91,0.91,0.91,0.91,0.91,
254_p3conc_8.2_i5,BSA,Other,2.0,66.0,4.7,0.3,8.184,27.5,Histidine,6.0,30.0,none,0.0,none,0.0,none,0.0,none,0.0,0.85,0.9,0.91,0.91,0.91,0.91,0.91,
254_p3conc_11.6_i6,BSA,Other,2.0,66.0,4.7,0.3,11.6178,27.5,Histidine,6.0,30.0,none,0.0,none,0.0,none,0.0,none,0.0,0.85,0.9,0.9897892968991336,0.9897892968991336,0.9247566228392332,0.9247566228392332,0.91,
254_p3conc_16.5_i7,BSA,Other,2.0,66.0,4.7,0.3,16.4924,27.5,Histidine,6.0,30.0,none,0.0,none,0.0,none,0.0,none,0.0,0.85,0.9,1.034255583313267,1.0201366069643176,1.0201366069643176,1.0201366069643176,0.9150891140302094,
256_p3conc_23.4_i8,BSA,Other,2.0,66.0,4.7,0.3,23.4123,27.5,Histidine,6.0,30.0,none,0.0,none,0.0,none,0.0,none,0.0,0.85,0.9,1.3486362501863955,1.3117977541608699,1.1913589166725935,1.1913589166725935,1.0400808858762671,
256_p3conc_29.8_i9,BSA,Other,2.0,66.0,4.7,0.3,29.7909,27.5,Histidine,6.0,30.0,none,0.0,none,0.0,none,0.0,none,0.0,0.85,0.9,1.3952657328778886,1.3952657328778886,1.3952657328778886,1.3952657328778886,1.0835836124179934,
256_p3conc_33.2_i10,BSA,Other,2.0,66.0,4.7,0.3,33.2358,27.5,Histidine,6.0,30.0,none,0.0,none,0.0,none,0.0,none,0.0,0.85,0.9,1.4555749682052572,1.4555749682052572,1.4555749682052572,1.2838038017588438,1.0471765707703053,
256_p3conc_35.5_i11,BSA,Other,2.0,66.0,4.7,0.3,35.5001,27.5,Histidine,6.0,30.0,none,0.0,none,0.0,none,0.0,none,0.0,0.85,0.9,1.5912761438197602,1.544265738149956,1.544265738149956,1.5026010962749736,1.153403254897526,
256_p3conc_42.3_i12,BSA,Other,2.0,66.0,4.7,0.3,42.3032,27.5,Histidine,6.0,30.0,none,0.0,none,0.0,none,0.0,none,0.0,0.85,0.9,1.6067854112250028,1.6067854112250028,1.6067854112250028,1.492750294694343,1.3449045077792254,
256_p3conc_47.2_i13,BSA,Other,2.0,66.0,4.7,0.3,47.1809,27.5,Histidine,6.0,30.0,none,0.0,none,0.0,none,0.0,none,0.0,0.85,0.9,1.842838957258295,1.842838957258295,1.842838957258295,1.7466834950900514,1.3266226367343885,
256_p3conc_50.4_i14,BSA,Other,2.0,66.0,4.7,0.3,50.4102,27.5,Histidine,6.0,30.0,none,0.0,none,0.0,none,0.0,none,0.0,0.85,0.9,2.1020148696681744,1.7528581652425301,1.7528581652425301,1.6593982888623793,1.4838037740173389,
256_p3conc_60.1_i15,BSA,Other,2.0,66.0,4.7,0.3,60.0706,27.5,Histidine,6.0,30.0,none,0.0,none,0.0,none,0.0,none,0.0,0.85,0.9,2.2338012724013203,2.112550434427934,2.112550434427934,1.9963447146049202,1.5757043309573302,
256_p3conc_67.0_i16,BSA,Other,2.0,66.0,4.7,0.3,66.9772,27.5,Histidine,6.0,30.0,none,0.0,none,0.0,none,0.0,none,0.0,0.85,0.9,2.2982516607001258,2.2982516607001258,2.2982516607001258,2.0492844493627365,1.6837846145626278,
256_p3conc_71.6_i17,BSA,Other,2.0,66.0,4.7,0.3,71.5824,27.5,Histidine,6.0,30.0,none,0.0,none,0.0,none,0.0,none,0.0,0.85,0.9,2.313473902290844,2.313473902290844,2.313473902290844,2.0631161100503883,1.6334426461825067,
256_p3conc_85.3_i18,BSA,Other,2.0,66.0,4.7,0.3,85.3004,27.5,Histidine,6.0,30.0,none,0.0,none,0.0,none,0.0,none,0.0,0.85,0.9,2.8933611325177098,2.400958654575503,2.400958654575503,2.3146970561789906,1.9191313941617465,
256_p3conc_95.1_i19,BSA,Other,2.0,66.0,4.7,0.3,95.0795,27.5,Histidine,6.0,30.0,none,0.0,none,0.0,none,0.0,none,0.0,0.85,0.9,3.0732699459056927,3.0495232736516042,3.0495232736516042,2.7109884611733843,2.078019373916192,
241_p3conc_101.6_i20,BSA,Other,2.0,66.0,4.7,0.3,101.6471,27.5,Histidine,6.0,30.0,none,0.0,none,0.0,none,0.0,none,0.0,0.85,0.9,3.285931894345018,3.285931894345018,3.105060433661286,2.679389669116241,2.1084764863865657,
241_p3conc_121.1_i21,BSA,Other,2.0,66.0,4.7,0.3,121.1267,27.5,Histidine,6.0,30.0,none,0.0,none,0.0,none,0.0,none,0.0,0.85,0.9,3.72045891007011,3.72045891007011,3.4978839856977912,3.0861688424667033,2.418001904064888,
241_p3conc_135.0_i22,BSA,Other,2.0,66.0,4.7,0.3,134.9733,27.5,Histidine,6.0,30.0,none,0.0,none,0.0,none,0.0,none,0.0,0.85,0.9,4.284259206074569,3.6464076760885273,3.6464076760885273,3.2877098898220023,2.4628167393834164,
241_p3conc_144.3_i23,BSA,Other,2.0,66.0,4.7,0.3,144.3391,27.5,Histidine,6.0,30.0,none,0.0,none,0.0,none,0.0,none,0.0,0.85,0.9,4.010818194036322,3.892724496642832,3.892724496642832,3.1322898600542985,2.382125257945191,
241_p3conc_182.1_i24,BSA,Other,2.0,66.0,4.7,0.3,182.1415,27.5,Histidine,6.0,30.0,none,0.0,none,0.0,none,0.0,none,0.0,0.85,0.9,5.159268894904918,4.520824598157045,4.179998592603012,3.460511659308917,2.687009891588272,
241_p3conc_191.6_i25,BSA,Other,2.0,66.0,4.7,0.3,191.6055,27.5,Histidine,6.0,30.0,none,0.0,none,0.0,none,0.0,none,0.0,0.85,0.9,4.892294586860004,4.840130036800982,4.729271438239743,4.094579344733023,2.8989959165596,
241_p3conc_192.9_i26,BSA,Other,2.0,66.0,4.7,0.3,192.8808,27.5,Histidine,6.0,30.0,none,0.0,none,0.0,none,0.0,none,0.0,0.85,0.9,5.088909660308408,5.088909660308408,4.63989065508687,3.6769859663596223,2.8118837027688146,
241_p3conc_204.3_i27,BSA,Other,2.0,66.0,4.7,0.3,204.2533,27.5,Histidine,6.0,30.0,none,0.0,none,0.0,none,0.0,none,0.0,0.85,0.9,6.192322396346096,5.47081736634439,5.148774570784481,4.554488571476456,2.8535980548010396,
241_p3conc_216.3_i28,BSA,Other,2.0,66.0,4.7,0.3,216.2963,27.5,Histidine,6.0,30.0,none,0.0,none,0.0,none,0.0,none,0.0,0.85,0.9,6.054097589208162,5.56192348976933,5.56192348976933,4.6409509549539605,3.534421457524625,
241_p3conc_229.0_i29,BSA,Other,2.0,66.0,4.7,0.3,229.0493,27.5,Histidine,6.0,30.0,none,0.0,none,0.0,none,0.0,none,0.0,0.85,0.9,7.243287703724719,6.527942032229523,6.257856871051723,5.074913493635821,3.3070729921566095,
241_p3conc_242.6_i30,BSA,Other,2.0,66.0,4.7,0.3,242.5543,27.5,Histidine,6.0,30.0,none,0.0,none,0.0,none,0.0,none,0.0,0.85,0.9,9.106827347916893,7.607580563237984,7.028294636524423,5.721657627125942,4.023193737381588,
241_p3conc_256.9_i31,BSA,Other,2.0,66.0,4.7,0.3,256.8556,27.5,Histidine,6.0,30.0,none,0.0,none,0.0,none,0.0,none,0.0,0.85,0.9,9.023964128637624,8.110425852468126,8.009889415830061,6.2742504807256765,4.110550526017891,
392_p3conc_1.4_i0,Belatacept,Fc-Fusion,4.5,90.0,5.6,0.5,1.3968,25.0,Histidine,6.0,15.0,none,0.0,none,0.0,none,0.0,none,0.0,1.4,1.5,0.9868011539116455,0.9369490542369309,0.9369490542369309,0.9369490542369309,0.9109405843697821,
392_p3conc_2.0_i1,Belatacept,Fc-Fusion,4.5,90.0,5.6,0.5,1.9511,25.0,Histidine,6.0,15.0,none,0.0,none,0.0,none,0.0,none,0.0,1.4,1.5,0.9587357457280433,0.9587357457280433,0.91,0.91,0.91,
392_p3conc_2.7_i2,Belatacept,Fc-Fusion,4.5,90.0,5.6,0.5,2.7253,25.0,Histidine,6.0,15.0,none,0.0,none,0.0,none,0.0,none,0.0,1.4,1.5,0.9321956334964604,0.9321956334964604,0.91,0.91,0.91,
392_p3conc_3.8_i3,Belatacept,Fc-Fusion,4.5,90.0,5.6,0.5,3.8068,25.0,Histidine,6.0,15.0,none,0.0,none,0.0,none,0.0,none,0.0,1.4,1.5,1.0503835005526363,0.969534504910839,0.969534504910839,0.969534504910839,0.91,
392_p3conc_5.3_i4,Belatacept,Fc-Fusion,4.5,90.0,5.6,0.5,5.3173,25.0,Histidine,6.0,15.0,none,0.0,none,0.0,none,0.0,none,0.0,1.4,1.5,1.2149001124327594,0.9955953924028893,0.9929920737649159,0.9897542982649977,0.9507981692468386,
392_p3conc_7.4_i5,Belatacept,Fc-Fusion,4.5,90.0,5.6,0.5,7.4273,25.0,Histidine,6.0,15.0,none,0.0,none,0.0,none,0.0,none,0.0,1.4,1.5,1.156457439128732,1.1518818601094771,1.0096957816561836,0.9909610930902242,0.9412685604077253,
392_p3conc_10.4_i6,Belatacept,Fc-Fusion,4.5,90.0,5.6,0.5,10.3746,25.0,Histidine,6.0,15.0,none,0.0,none,0.0,none,0.0,none,0.0,1.4,1.5,1.360109232898366,1.2370727253915283,1.0195631950759831,0.9388751682378209,0.91,
392_p3conc_14.5_i7,Belatacept,Fc-Fusion,4.5,90.0,5.6,0.5,14.4914,25.0,Histidine,6.0,15.0,none,0.0,none,0.0,none,0.0,none,0.0,1.4,1.5,1.543129738277781,1.4799863210160984,1.2328985612845496,1.031779263950997,0.9345248739072611,
392_p3conc_28.0_i8,Belatacept,Fc-Fusion,4.5,90.0,5.6,0.5,28.0204,25.0,Histidine,6.0,15.0,none,0.0,none,0.0,none,0.0,none,0.0,1.4,1.5,1.8312435227568091,1.7695639791925517,1.3479250796606055,1.2859750127742138,1.0619085514717583,
392_p3conc_28.3_i9,Belatacept,Fc-Fusion,4.5,90.0,5.6,0.5,28.274,25.0,Histidine,6.0,15.0,none,0.0,none,0.0,none,0.0,none,0.0,1.4,1.5,1.7607795899818597,1.7501388184386801,1.3291870568886877,1.2300220514345703,1.1220289896687783,
388_p3conc_39.3_i10,Belatacept,Fc-Fusion,4.5,90.0,5.6,0.5,39.2571,25.0,Histidine,6.0,15.0,none,0.0,none,0.0,none,0.0,none,0.0,1.4,1.5,1.850367223011256,1.850367223011256,1.6466165426876729,1.3747275039868014,1.356732914540303,
388_p3conc_39.5_i11,Belatacept,Fc-Fusion,4.5,90.0,5.6,0.5,39.4935,25.0,Histidine,6.0,15.0,none,0.0,none,0.0,none,0.0,none,0.0,1.4,1.5,1.910372526433084,1.9001873698905434,1.6574157549832131,1.4919050153431417,1.3830000912411993,
387_p3conc_77.1_i12,Belatacept,Fc-Fusion,4.5,90.0,5.6,0.5,77.0554,25.0,Histidine,6.0,15.0,none,0.0,none,0.0,none,0.0,none,0.0,1.4,1.5,4.71521336105481,4.71521336105481,4.71521336105481,3.533673805737947,1.8873825500520094,
387_p3conc_78.4_i13,Belatacept,Fc-Fusion,4.5,90.0,5.6,0.5,78.374,25.0,Histidine,6.0,15.0,none,0.0,none,0.0,none,0.0,none,0.0,1.4,1.5,4.720622244364858,4.720622244364858,4.672981413576632,3.991500339038792,1.866259975715326,
387_p3conc_87.7_i14,Belatacept,Fc-Fusion,4.5,90.0,5.6,0.5,87.7496,25.0,Histidine,6.0,15.0,none,0.0,none,0.0,none,0.0,none,0.0,1.4,1.5,5.608603324001533,5.52721564832027,5.52721564832027,4.831583407597664,2.098414541507287,
421_p3conc_98.2_i15,Belatacept,Fc-Fusion,4.5,90.0,5.6,0.5,98.2469,25.0,Histidine,6.0,15.0,none,0.0,none,0.0,none,0.0,none,0.0,1.4,1.5,7.034185145110588,6.610936948001138,6.610936948001138,5.928774813581668,2.573156462228559,
421_p3conc_119.3_i16,Belatacept,Fc-Fusion,4.5,90.0,5.6,0.5,119.2603,25.0,Histidine,6.0,15.0,none,0.0,none,0.0,none,0.0,none,0.0,1.4,1.5,8.511994532230977,8.448689675602138,8.448689675602138,7.336477132892448,3.5788016242470726,
421_p3conc_129.3_i17,Belatacept,Fc-Fusion,4.5,90.0,5.6,0.5,129.3001,25.0,Histidine,6.0,15.0,none,0.0,none,0.0,none,0.0,none,0.0,1.4,1.5,10.479598263745276,10.430181092623496,10.430181092623496,9.546930036495159,3.9627122224025246,
421_p3conc_140.2_i18,Belatacept,Fc-Fusion,4.5,90.0,5.6,0.5,140.1855,25.0,Histidine,6.0,15.0,none,0.0,none,0.0,none,0.0,none,0.0,1.4,1.5,12.589860684035216,12.144919839499314,12.144919839499314,11.551342026871712,4.7303550033407475,
421_p3conc_150.3_i19,Belatacept,Fc-Fusion,4.5,90.0,5.6,0.5,150.3422,25.0,Histidine,6.0,15.0,none,0.0,none,0.0,none,0.0,none,0.0,1.4,1.5,14.19393866129306,14.19393866129306,14.19393866129306,14.19393866129306,5.794204098737085,
421_p3conc_152.0_i20,Belatacept,Fc-Fusion,4.5,90.0,5.6,0.5,151.9868,25.0,Histidine,6.0,15.0,none,0.0,none,0.0,none,0.0,none,0.0,1.4,1.5,14.301827028395317,14.301827028395317,14.301827028395317,14.301827028395317,6.068129347561341,
421_p3conc_164.8_i21,Belatacept,Fc-Fusion,4.5,90.0,5.6,0.5,164.7817,25.0,Histidine,6.0,15.0,none,0.0,none,0.0,none,0.0,none,0.0,1.4,1.5,18.267957935462114,18.267957935462114,18.267957935462114,18.267957935462114,6.286194413400718,
421_p3conc_178.7_i22,Belatacept,Fc-Fusion,4.5,90.0,5.6,0.5,178.6541,25.0,Histidine,6.0,15.0,none,0.0,none,0.0,none,0.0,none,0.0,1.4,1.5,22.1977113713367,22.1977113713367,22.1977113713367,22.1977113713367,8.613131889519051,
421_p3conc_193.7_i23,Belatacept,Fc-Fusion,4.5,90.0,5.6,0.5,193.6939,25.0,Histidine,6.0,15.0,none,0.0,none,0.0,none,0.0,none,0.0,1.4,1.5,30.52145762128654,28.400336024714836,28.400336024714836,28.400336024714836,9.097590382714356,
389_p3conc_1.4_i0,Belatacept,Fc-Fusion,4.5,90.0,5.6,0.5,1.3706,25.0,Histidine,6.0,30.0,none,0.0,none,0.0,none,0.0,none,0.0,1.4,1.5,0.9520630223362384,0.9498767241457496,0.91,0.91,0.91,
389_p3conc_1.9_i1,Belatacept,Fc-Fusion,4.5,90.0,5.6,0.5,1.8784,25.0,Histidine,6.0,30.0,none,0.0,none,0.0,none,0.0,none,0.0,1.4,1.5,1.0065376223552842,1.0065376223552842,0.91,0.91,0.91,
389_p3conc_2.2_i2,Belatacept,Fc-Fusion,4.5,90.0,5.6,0.5,2.2288,25.0,Histidine,6.0,30.0,none,0.0,none,0.0,none,0.0,none,0.0,1.4,1.5,0.91,0.91,0.91,0.91,0.91,
389_p3conc_2.6_i3,Belatacept,Fc-Fusion,4.5,90.0,5.6,0.5,2.5745,25.0,Histidine,6.0,30.0,none,0.0,none,0.0,none,0.0,none,0.0,1.4,1.5,0.9216170941124836,0.9216170941124836,0.9216170941124836,0.9216170941124836,0.9216170941124836,
389_p3conc_3.5_i4,Belatacept,Fc-Fusion,4.5,90.0,5.6,0.5,3.5284,25.0,Histidine,6.0,30.0,none,0.0,none,0.0,none,0.0,none,0.0,1.4,1.5,0.9976297841758627,0.91,0.91,0.91,0.91,
389_p3conc_4.8_i5,Belatacept,Fc-Fusion,4.5,90.0,5.6,0.5,4.8359,25.0,Histidine,6.0,30.0,none,0.0,none,0.0,none,0.0,none,0.0,1.4,1.5,1.0122677277135341,0.9124575201346709,0.9124575201346709,0.91,0.91,
389_p3conc_5.0_i6,Belatacept,Fc-Fusion,4.5,90.0,5.6,0.5,4.9676,25.0,Histidine,6.0,30.0,none,0.0,none,0.0,none,0.0,none,0.0,1.4,1.5,1.0269877451235692,0.9606050614273768,0.91,0.91,0.91,
389_p3conc_6.6_i7,Belatacept,Fc-Fusion,4.5,90.0,5.6,0.5,6.6279,25.0,Histidine,6.0,30.0,none,0.0,none,0.0,none,0.0,none,0.0,1.4,1.5,0.9403672473827859,0.9403672473827859,0.938261184104746,0.938261184104746,0.938261184104746,
389_p3conc_9.1_i8,Belatacept,Fc-Fusion,4.5,90.0,5.6,0.5,9.0839,25.0,Histidine,6.0,30.0,none,0.0,none,0.0,none,0.0,none,0.0,1.4,1.5,1.0317037192080405,1.014555110221007,1.014555110221007,1.014555110221007,1.0093378991801258,
389_p3conc_11.1_i9,Belatacept,Fc-Fusion,4.5,90.0,5.6,0.5,11.0718,25.0,Histidine,6.0,30.0,none,0.0,none,0.0,none,0.0,none,0.0,1.4,1.5,1.086734051151972,1.0485416828188423,1.0485416828188423,1.0268037501258853,1.015773719556801,
389_p3conc_12.4_i10,Belatacept,Fc-Fusion,4.5,90.0,5.6,0.5,12.4499,25.0,Histidine,6.0,30.0,none,0.0,none,0.0,none,0.0,none,0.0,1.4,1.5,1.0674215610659683,1.0584844326903915,1.0472409355537515,1.0472409355537515,1.0472409355537515,
389_p3conc_17.1_i11,Belatacept,Fc-Fusion,4.5,90.0,5.6,0.5,17.0633,25.0,Histidine,6.0,30.0,none,0.0,none,0.0,none,0.0,none,0.0,1.4,1.5,1.2228812531689544,1.093530602113729,1.093530602113729,1.093530602113729,1.093530602113729,
389_p3conc_23.4_i12,Belatacept,Fc-Fusion,4.5,90.0,5.6,0.5,23.3861,25.0,Histidine,6.0,30.0,none,0.0,none,0.0,none,0.0,none,0.0,1.4,1.5,1.2221841641946687,1.2221841641946687,1.2221841641946687,1.1506368525505375,1.1506368525505375,
389_p3conc_24.7_i13,Belatacept,Fc-Fusion,4.5,90.0,5.6,0.5,24.6769,25.0,Histidine,6.0,30.0,none,0.0,none,0.0,none,0.0,none,0.0,1.4,1.5,1.3823270081380359,1.2888403802035169,1.2888403802035169,1.2428652025772067,1.225159161394546,
389_p3conc_32.1_i14,Belatacept,Fc-Fusion,4.5,90.0,5.6,0.5,32.0518,25.0,Histidine,6.0,30.0,none,0.0,none,0.0,none,0.0,none,0.0,1.4,1.5,1.3106641472066647,1.3106641472066647,1.3106641472066647,1.3106641472066647,1.1659892612128688,
389_p3conc_43.9_i15,Belatacept,Fc-Fusion,4.5,90.0,5.6,0.5,43.9288,25.0,Histidine,6.0,30.0,none,0.0,none,0.0,none,0.0,none,0.0,1.4,1.5,1.7587355177603448,1.6239081295625566,1.6239081295625566,1.6239081295625566,1.3917800172746921,
389_p3conc_60.2_i16,Belatacept,Fc-Fusion,4.5,90.0,5.6,0.5,60.2067,25.0,Histidine,6.0,30.0,none,0.0,none,0.0,none,0.0,none,0.0,1.4,1.5,2.334435443223406,2.300774323242565,2.300774323242565,2.028825766759647,1.6262897853751543,
389_p3conc_62.6_i17,Belatacept,Fc-Fusion,4.5,90.0,5.6,0.5,62.605,25.0,Histidine,6.0,30.0,none,0.0,none,0.0,none,0.0,none,0.0,1.4,1.5,2.4042796424317703,2.2699699381806875,2.1559164728441136,2.1559164728441136,1.962716217517362,
389_p3conc_71.3_i18,Belatacept,Fc-Fusion,4.5,90.0,5.6,0.5,71.2615,25.0,Histidine,6.0,30.0,none,0.0,none,0.0,none,0.0,none,0.0,1.4,1.5,2.613029660356566,2.613029660356566,2.613029660356566,2.314410101793908,1.9022462921850531,
389_p3conc_81.1_i19,Belatacept,Fc-Fusion,4.5,90.0,5.6,0.5,81.115,25.0,Histidine,6.0,30.0,none,0.0,none,0.0,none,0.0,none,0.0,1.4,1.5,3.273943483482653,2.9290491031200006,2.9290491031200006,2.622929185378854,2.134748035821588,
389_p3conc_82.5_i20,Belatacept,Fc-Fusion,4.5,90.0,5.6,0.5,82.5163,25.0,Histidine,6.0,30.0,none,0.0,none,0.0,none,0.0,none,0.0,1.4,1.5,3.2515273575520474,3.0470647397608275,3.0435925399057697,2.8897681217061626,2.383080853921823,
389_p3conc_92.3_i21,Belatacept,Fc-Fusion,4.5,90.0,5.6,0.5,92.3309,25.0,Histidine,6.0,30.0,none,0.0,none,0.0,none,0.0,none,0.0,1.4,1.5,3.7023916597825846,3.4873309758127244,3.4873309758127244,3.144104374759686,2.500932687603726,
389_p3conc_105.1_i22,Belatacept,Fc-Fusion,4.5,90.0,5.6,0.5,105.0976,25.0,Histidine,6.0,30.0,none,0.0,none,0.0,none,0.0,none,0.0,1.4,1.5,4.16121022698489,4.16121022698489,4.16121022698489,3.4405599892007577,2.713824652670734,
389_p3conc_113.1_i23,Belatacept,Fc-Fusion,4.5,90.0,5.6,0.5,113.0931,25.0,Histidine,6.0,30.0,none,0.0,none,0.0,none,0.0,none,0.0,1.4,1.5,4.798645949367968,4.798645949367968,4.798645949367968,4.194744579802389,2.9731732613899666,
389_p3conc_119.6_i24,Belatacept,Fc-Fusion,4.5,90.0,5.6,0.5,119.6297,25.0,Histidine,6.0,30.0,none,0.0,none,0.0,none,0.0,none,0.0,1.4,1.5,5.4740541476815086,5.3315651187647655,5.3315651187647655,4.655610105583799,3.509010620848138,
389_p3conc_136.2_i25,Belatacept,Fc-Fusion,4.5,90.0,5.6,0.5,136.1714,25.0,Histidine,6.0,30.0,none,0.0,none,0.0,none,0.0,none,0.0,1.4,1.5,6.941548617683185,6.941548617683185,6.941548617683185,5.488468132933161,4.40105282041025,
177_p3conc_1.4_i0,Bevacizumab,mAb_IgG1,3.0,149.0,8.3,0.3,1.4107,27.5,Acetate,5.0,20.0,none,0.0,none,0.0,none,0.0,none,0.0,1.0,1.0,0.9247305038730608,0.91,0.91,0.91,0.91,
177_p3conc_2.0_i1,Bevacizumab,mAb_IgG1,3.0,149.0,8.3,0.3,1.9901,27.5,Acetate,5.0,20.0,none,0.0,none,0.0,none,0.0,none,0.0,1.0,1.0,0.91,0.91,0.91,0.91,0.91,
177_p3conc_2.1_i2,Bevacizumab,mAb_IgG1,3.0,149.0,8.3,0.3,2.0536,27.5,Acetate,5.0,20.0,none,0.0,none,0.0,none,0.0,none,0.0,1.0,1.0,0.9166559565942906,0.9166559565942906,0.91,0.91,0.91,
177_p3conc_2.8_i3,Bevacizumab,mAb_IgG1,3.0,149.0,8.3,0.3,2.8074,27.5,Acetate,5.0,20.0,none,0.0,none,0.0,none,0.0,none,0.0,1.0,1.0,0.9324723887682421,0.91,0.91,0.91,0.91,
177_p3conc_4.0_i4,Bevacizumab,mAb_IgG1,3.0,149.0,8.3,0.3,3.9604,27.5,Acetate,5.0,20.0,none,0.0,none,0.0,none,0.0,none,0.0,1.0,1.0,0.91,0.91,0.91,0.91,0.91,
177_p3conc_4.2_i5,Bevacizumab,mAb_IgG1,3.0,149.0,8.3,0.3,4.2172,27.5,Acetate,5.0,20.0,none,0.0,none,0.0,none,0.0,none,0.0,1.0,1.0,0.91,0.91,0.91,0.91,0.91,
177_p3conc_5.6_i6,Bevacizumab,mAb_IgG1,3.0,149.0,8.3,0.3,5.5868,27.5,Acetate,5.0,20.0,none,0.0,none,0.0,none,0.0,none,0.0,1.0,1.0,0.91,0.91,0.91,0.91,0.91,
177_p3conc_7.9_i7,Bevacizumab,mAb_IgG1,3.0,149.0,8.3,0.3,7.8814,27.5,Acetate,5.0,20.0,none,0.0,none,0.0,none,0.0,none,0.0,1.0,1.0,0.9941900207461212,0.9900507964854058,0.9619162296857634,0.91,0.91,
177_p3conc_8.7_i8,Bevacizumab,mAb_IgG1,3.0,149.0,8.3,0.3,8.6603,27.5,Acetate,5.0,20.0,none,0.0,none,0.0,none,0.0,none,0.0,1.0,1.0,0.91,0.91,0.91,0.91,0.91,
177_p3conc_11.1_i9,Bevacizumab,mAb_IgG1,3.0,149.0,8.3,0.3,11.1182,27.5,Acetate,5.0,20.0,none,0.0,none,0.0,none,0.0,none,0.0,1.0,1.0,0.9300461813228831,0.91,0.91,0.91,0.91,
177_p3conc_15.7_i10,Bevacizumab,mAb_IgG1,3.0,149.0,8.3,0.3,15.6844,27.5,Acetate,5.0,20.0,none,0.0,none,0.0,none,0.0,none,0.0,1.0,1.0,0.9270101485924823,0.9237081314762449,0.91,0.91,0.91,
177_p3conc_17.8_i11,Bevacizumab,mAb_IgG1,3.0,149.0,8.3,0.3,17.7845,27.5,Acetate,5.0,20.0,none,0.0,none,0.0,none,0.0,none,0.0,1.0,1.0,0.9117518094465047,0.9117518094465047,0.9117518094465047,0.9117518094465047,0.9117518094465047,
177_p3conc_22.1_i12,Bevacizumab,mAb_IgG1,3.0,149.0,8.3,0.3,22.1259,27.5,Acetate,5.0,20.0,none,0.0,none,0.0,none,0.0,none,0.0,1.0,1.0,0.9848153270744643,0.9683017626464491,0.9683017626464491,0.91,0.91,
177_p3conc_31.2_i13,Bevacizumab,mAb_IgG1,3.0,149.0,8.3,0.3,31.2129,27.5,Acetate,5.0,20.0,none,0.0,none,0.0,none,0.0,none,0.0,1.0,1.0,1.0342678057465133,0.9584291616603168,0.9584291616603168,0.9403514261247338,0.9403514261247338,
177_p3conc_36.5_i14,Bevacizumab,mAb_IgG1,3.0,149.0,8.3,0.3,36.5217,27.5,Acetate,5.0,20.0,none,0.0,none,0.0,none,0.0,none,0.0,1.0,1.0,1.1164930202327423,1.1042853554052887,1.0598745048504086,0.9845520377923783,0.9845520377923783,
177_p3conc_44.0_i15,Bevacizumab,mAb_IgG1,3.0,149.0,8.3,0.3,44.032,27.5,Acetate,5.0,20.0,none,0.0,none,0.0,none,0.0,none,0.0,1.0,1.0,1.1425707483135479,1.076519500612756,1.0678034721754555,0.9420936788154617,0.9420936788154617,
177_p3conc_62.1_i16,Bevacizumab,mAb_IgG1,3.0,149.0,8.3,0.3,62.1156,27.5,Acetate,5.0,20.0,none,0.0,none,0.0,none,0.0,none,0.0,1.0,1.0,1.2484276595531905,1.2484276595531905,1.2484276595531905,1.2133401207433188,1.0327676490212616,
177_p3conc_83.8_i17,Bevacizumab,mAb_IgG1,3.0,149.0,8.3,0.3,83.8064,27.5,Acetate,5.0,20.0,none,0.0,none,0.0,none,0.0,none,0.0,1.0,1.0,1.564870356145782,1.449229044991822,1.449229044991822,1.219926820659093,1.17550033698783,
177_p3conc_87.6_i18,Bevacizumab,mAb_IgG1,3.0,149.0,8.3,0.3,87.6264,27.5,Acetate,5.0,20.0,none,0.0,none,0.0,none,0.0,none,0.0,1.0,1.0,1.4038899690207216,1.4038899690207216,1.4038899690207216,1.3120248697395205,1.1283191292659873,
177_p3conc_93.6_i19,Bevacizumab,mAb_IgG1,3.0,149.0,8.3,0.3,93.6466,27.5,Acetate,5.0,20.0,none,0.0,none,0.0,none,0.0,none,0.0,1.0,1.0,1.6975078659549299,1.624875798631047,1.5962393513872764,1.4172645003500333,1.3792214252306114,
177_p3conc_104.6_i20,Bevacizumab,mAb_IgG1,3.0,149.0,8.3,0.3,104.6422,27.5,Acetate,5.0,20.0,none,0.0,none,0.0,none,0.0,none,0.0,1.0,1.0,1.9420981878098693,1.9420981878098693,1.8789362808170331,1.5862304789018855,1.165243998989657,
171_p3conc_116.9_i21,Bevacizumab,mAb_IgG1,3.0,149.0,8.3,0.3,116.9289,27.5,Acetate,5.0,20.0,none,0.0,none,0.0,none,0.0,none,0.0,1.0,1.0,2.074835339310225,2.074835339310225,1.9636559691194468,1.7119011731634577,1.286013759249515,
171_p3conc_123.6_i22,Bevacizumab,mAb_IgG1,3.0,149.0,8.3,0.3,123.6141,27.5,Acetate,5.0,20.0,none,0.0,none,0.0,none,0.0,none,0.0,1.0,1.0,2.333657517486645,2.333657517486645,2.333657517486645,1.996442230998915,1.4121005066539354,
171_p3conc_130.7_i23,Bevacizumab,mAb_IgG1,3.0,149.0,8.3,0.3,130.6586,27.5,Acetate,5.0,20.0,none,0.0,none,0.0,none,0.0,none,0.0,1.0,1.0,2.3563707721374128,2.3563707721374128,2.3563707721374128,2.0573068372079977,1.5427056740577691,
171_p3conc_155.8_i24,Bevacizumab,mAb_IgG1,3.0,149.0,8.3,0.3,155.8389,27.5,Acetate,5.0,20.0,none,0.0,none,0.0,none,0.0,none,0.0,1.0,1.0,3.455933356660838,3.455933356660838,3.455933356660838,2.9361643063736373,1.9620129727205746,
171_p3conc_166.3_i25,Bevacizumab,mAb_IgG1,3.0,149.0,8.3,0.3,166.3405,27.5,Acetate,5.0,20.0,none,0.0,none,0.0,none,0.0,none,0.0,1.0,1.0,3.887508961981682,3.887508961981682,3.887508961981682,3.2356477810994235,2.071428192132436,
171_p3conc_174.4_i26,Bevacizumab,mAb_IgG1,3.0,149.0,8.3,0.3,174.3821,27.5,Acetate,5.0,20.0,none,0.0,none,0.0,none,0.0,none,0.0,1.0,1.0,4.704723419619131,4.32537731581826,4.32537731581826,3.6293099655037233,2.0656515329737157,
171_p3conc_177.6_i27,Bevacizumab,mAb_IgG1,3.0,149.0,8.3,0.3,177.5501,27.5,Acetate,5.0,20.0,none,0.0,none,0.0,none,0.0,none,0.0,1.0,1.0,4.820291044960405,4.7533158681517085,4.7533158681517085,3.454574417354063,2.121859726149366,
171_p3conc_189.5_i28,Bevacizumab,mAb_IgG1,3.0,149.0,8.3,0.3,189.5152,27.5,Acetate,5.0,20.0,none,0.0,none,0.0,none,0.0,none,0.0,1.0,1.0,5.190571349604177,5.190571349604177,5.023909155066322,4.283759837509311,2.2347423697253745,
171_p3conc_202.3_i29,Bevacizumab,mAb_IgG1,3.0,149.0,8.3,0.3,202.2865,27.5,Acetate,5.0,20.0,none,0.0,none,0.0,none,0.0,none,0.0,1.0,1.0,6.093863323198956,5.897201707772096,5.897201707772096,5.08456745324076,2.4899378839664945,
171_p3conc_215.9_i30,Bevacizumab,mAb_IgG1,3.0,149.0,8.3,0.3,215.9186,27.5,Acetate,5.0,20.0,none,0.0,none,0.0,none,0.0,none,0.0,1.0,1.0,7.634517872320892,7.634517872320892,7.507634466884423,5.458516794661118,2.7749237176804686,
171_p3conc_230.5_i31,Bevacizumab,mAb_IgG1,3.0,149.0,8.3,0.3,230.4687,27.5,Acetate,5.0,20.0,none,0.0,none,0.0,none,0.0,none,0.0,1.0,1.0,8.605020914838667,8.605020914838667,8.22697158238803,6.835198909827405,2.9235173941982344,
173_p3conc_1.4_i0,Bevacizumab,mAb_IgG1,3.0,149.0,8.3,0.3,1.407,27.5,Histidine,6.0,15.0,none,0.0,none,0.0,none,0.0,none,0.0,1.0,1.0,0.9249229313612298,0.91,0.91,0.91,0.91,
173_p3conc_1.8_i1,Bevacizumab,mAb_IgG1,3.0,149.0,8.3,0.3,1.7783,27.5,Histidine,6.0,15.0,none,0.0,none,0.0,none,0.0,none,0.0,1.0,1.0,0.9619106620249588,0.9553444800314563,0.9171439487472548,0.91,0.91,
173_p3conc_2.0_i2,Bevacizumab,mAb_IgG1,3.0,149.0,8.3,0.3,1.9798,27.5,Histidine,6.0,15.0,none,0.0,none,0.0,none,0.0,none,0.0,1.0,1.0,1.0050385479503576,0.9553610673945022,0.91,0.91,0.91,
173_p3conc_2.8_i3,Bevacizumab,mAb_IgG1,3.0,149.0,8.3,0.3,2.7856,27.5,Histidine,6.0,15.0,none,0.0,none,0.0,none,0.0,none,0.0,1.0,1.0,0.9983192248192925,0.9471613776249604,0.91,0.91,0.91,
173_p3conc_3.2_i4,Bevacizumab,mAb_IgG1,3.0,149.0,8.3,0.3,3.1623,27.5,Histidine,6.0,15.0,none,0.0,none,0.0,none,0.0,none,0.0,1.0,1.0,1.021239185809942,1.0099139258690764,0.96563998786803,0.9256897733361611,0.91,
173_p3conc_3.9_i5,Bevacizumab,mAb_IgG1,3.0,149.0,8.3,0.3,3.9195,27.5,Histidine,6.0,15.0,none,0.0,none,0.0,none,0.0,none,0.0,1.0,1.0,0.9757633423624466,0.9523088628478547,0.94662633858624,0.94662633858624,0.91,
173_p3conc_5.5_i6,Bevacizumab,mAb_IgG1,3.0,149.0,8.3,0.3,5.5149,27.5,Histidine,6.0,15.0,none,0.0,none,0.0,none,0.0,none,0.0,1.0,1.0,1.0178285159063025,1.0049041635391576,0.9880938207877238,0.9880938207877238,0.953099191713559,
173_p3conc_5.6_i7,Bevacizumab,mAb_IgG1,3.0,149.0,8.3,0.3,5.6234,27.5,Histidine,6.0,15.0,none,0.0,none,0.0,none,0.0,none,0.0,1.0,1.0,0.9754693459456155,0.9745079141393858,0.9627220067426143,0.9627220067426143,0.9627220067426143,
173_p3conc_7.8_i8,Bevacizumab,mAb_IgG1,3.0,149.0,8.3,0.3,7.7596,27.5,Histidine,6.0,15.0,none,0.0,none,0.0,none,0.0,none,0.0,1.0,1.0,1.0657115906791625,1.0657115906791625,1.0657115906791625,0.9979238110945048,0.91,
173_p3conc_10.0_i9,Bevacizumab,mAb_IgG1,3.0,149.0,8.3,0.3,10.0,27.5,Histidine,6.0,15.0,none,0.0,none,0.0,none,0.0,none,0.0,1.0,1.0,1.1414043141769301,1.0188936445022239,0.9699245422669743,0.9699245422669743,0.9250104315813062,
173_p3conc_10.9_i10,Bevacizumab,mAb_IgG1,3.0,149.0,8.3,0.3,10.9181,27.5,Histidine,6.0,15.0,none,0.0,none,0.0,none,0.0,none,0.0,1.0,1.0,1.1277688705820628,0.9855552315197142,0.9673770047692073,0.9673770047692073,0.9673770047692073,
173_p3conc_15.4_i11,Bevacizumab,mAb_IgG1,3.0,149.0,8.3,0.3,15.3623,27.5,Histidine,6.0,15.0,none,0.0,none,0.0,none,0.0,none,0.0,1.0,1.0,1.2227854681592667,1.0898981059911723,1.019995471329111,1.019995471329111,0.9762120992844796,
173_p3conc_17.8_i12,Bevacizumab,mAb_IgG1,3.0,149.0,8.3,0.3,17.7828,27.5,Histidine,6.0,15.0,none,0.0,none,0.0,none,0.0,none,0.0,1.0,1.0,1.3261061606033582,1.064739949256941,1.064739949256941,1.0590653423187708,0.91,
173_p3conc_21.6_i13,Bevacizumab,mAb_IgG1,3.0,149.0,8.3,0.3,21.6154,27.5,Histidine,6.0,15.0,none,0.0,none,0.0,none,0.0,none,0.0,1.0,1.0,1.382213518797875,1.2661076223953258,1.1645593612635585,1.1645593612635585,0.969451994167962,
173_p3conc_30.4_i14,Bevacizumab,mAb_IgG1,3.0,149.0,8.3,0.3,30.4138,27.5,Histidine,6.0,15.0,none,0.0,none,0.0,none,0.0,none,0.0,1.0,1.0,1.494226015640157,1.494226015640157,1.235891855022573,1.235891855022573,1.0290291945538876,
173_p3conc_31.6_i15,Bevacizumab,mAb_IgG1,3.0,149.0,8.3,0.3,31.6228,27.5,Histidine,6.0,15.0,none,0.0,none,0.0,none,0.0,none,0.0,1.0,1.0,1.4263693142194138,1.2853655318862407,1.2322421735588684,1.2322421735588684,1.0722710900564556,
173_p3conc_42.8_i16,Bevacizumab,mAb_IgG1,3.0,149.0,8.3,0.3,42.7934,27.5,Histidine,6.0,15.0,none,0.0,none,0.0,none,0.0,none,0.0,1.0,1.0,1.9062763682908037,1.5510295519710886,1.5243143813816171,1.4165221668770593,1.095589564145045,
173_p3conc_56.2_i17,Bevacizumab,mAb_IgG1,3.0,149.0,8.3,0.3,56.2341,27.5,Histidine,6.0,15.0,none,0.0,none,0.0,none,0.0,none,0.0,1.0,1.0,2.166386961635225,1.8750121094564218,1.7114444684734018,1.6238138129987536,1.0811012359926988,
173_p3conc_60.2_i18,Bevacizumab,mAb_IgG1,3.0,149.0,8.3,0.3,60.2121,27.5,Histidine,6.0,15.0,none,0.0,none,0.0,none,0.0,none,0.0,1.0,1.0,2.268930066074296,1.934910187123468,1.934910187123468,1.7898909367388707,1.148899650455878,
173_p3conc_84.7_i19,Bevacizumab,mAb_IgG1,3.0,149.0,8.3,0.3,84.721,27.5,Histidine,6.0,15.0,none,0.0,none,0.0,none,0.0,none,0.0,1.0,1.0,2.6789017574189997,2.2638084507473066,1.9769087888074697,1.9769087888074697,1.3949325874239764,
173_p3conc_110.8_i20,Bevacizumab,mAb_IgG1,3.0,149.0,8.3,0.3,110.7932,27.5,Histidine,6.0,15.0,none,0.0,none,0.0,none,0.0,none,0.0,1.0,1.0,3.3228796141314008,2.9803921647456804,2.5161436347473356,2.372880979991358,1.4369720506713257,
172_p3conc_119.2_i21,Bevacizumab,mAb_IgG1,3.0,149.0,8.3,0.3,119.206,27.5,Histidine,6.0,15.0,none,0.0,none,0.0,none,0.0,none,0.0,1.0,1.0,3.5000641515164195,3.0577867669250662,2.7032952957768366,2.1809625694525328,1.517648747906233,
172_p3conc_122.8_i22,Bevacizumab,mAb_IgG1,3.0,149.0,8.3,0.3,122.7513,27.5,Histidine,6.0,15.0,none,0.0,none,0.0,none,0.0,none,0.0,1.0,1.0,3.388607498813609,2.9870737280737623,2.6875174029988007,2.5329306369098834,1.4550912536543665,
172_p3conc_145.7_i23,Bevacizumab,mAb_IgG1,3.0,149.0,8.3,0.3,145.7005,27.5,Histidine,6.0,15.0,none,0.0,none,0.0,none,0.0,none,0.0,1.0,1.0,3.555835715009459,3.39195806487147,3.200583798781168,2.470053990163141,1.7684938539865405,
172_p3conc_156.1_i24,Bevacizumab,mAb_IgG1,3.0,149.0,8.3,0.3,156.0925,27.5,Histidine,6.0,15.0,none,0.0,none,0.0,none,0.0,none,0.0,1.0,1.0,3.8873228722812745,3.797559229522862,3.372791126357487,2.8357141746965318,1.799138569035628,
172_p3conc_167.2_i25,Bevacizumab,mAb_IgG1,3.0,149.0,8.3,0.3,167.2261,27.5,Histidine,6.0,15.0,none,0.0,none,0.0,none,0.0,none,0.0,1.0,1.0,3.7963971686600413,3.7963971686600413,3.3188689440905423,2.6649448127071422,2.009858456210825,
172_p3conc_167.7_i26,Bevacizumab,mAb_IgG1,3.0,149.0,8.3,0.3,167.7278,27.5,Histidine,6.0,15.0,none,0.0,none,0.0,none,0.0,none,0.0,1.0,1.0,3.5927755571136872,3.5927755571136872,3.5927755571136872,2.560695553300422,1.9210616284766777,
172_p3conc_179.2_i27,Bevacizumab,mAb_IgG1,3.0,149.0,8.3,0.3,179.1534,27.5,Histidine,6.0,15.0,none,0.0,none,0.0,none,0.0,none,0.0,1.0,1.0,4.058254183904294,4.058254183904294,4.058254183904294,3.0224929421958766,2.134705527717082,
172_p3conc_191.9_i28,Bevacizumab,mAb_IgG1,3.0,149.0,8.3,0.3,191.9318,27.5,Histidine,6.0,15.0,none,0.0,none,0.0,none,0.0,none,0.0,1.0,1.0,4.137368441708262,4.137368441708262,4.137368441708262,3.173418695608858,2.3127294098414097,
172_p3conc_205.6_i29,Bevacizumab,mAb_IgG1,3.0,149.0,8.3,0.3,205.6217,27.5,Histidine,6.0,15.0,none,0.0,none,0.0,none,0.0,none,0.0,1.0,1.0,3.8167715750631777,3.8167715750631777,3.8167715750631777,3.288184883448135,2.394101748219556,
172_p3conc_220.3_i30,Bevacizumab,mAb_IgG1,3.0,149.0,8.3,0.3,220.2876,27.5,Histidine,6.0,15.0,none,0.0,none,0.0,none,0.0,none,0.0,1.0,1.0,3.7832655300969344,3.7832655300969344,3.7832655300969344,3.2799239826174253,2.3728273603802426,
403_p3conc_1.4_i0,Etanercept,Fc-Fusion,4.5,150.0,7.9,0.6,1.3706,25.0,Acetate,5.0,20.0,none,0.0,none,0.0,none,0.0,none,0.0,1.4,1.5,1.042715150316098,0.9311947535103615,0.91,0.91,0.91,
403_p3conc_1.9_i1,Etanercept,Fc-Fusion,4.5,150.0,7.9,0.6,1.8784,25.0,Acetate,5.0,20.0,none,0.0,none,0.0,none,0.0,none,0.0,1.4,1.5,0.9279114509091964,0.9279114509091964,0.91,0.91,0.91,
403_p3conc_2.6_i2,Etanercept,Fc-Fusion,4.5,150.0,7.9,0.6,2.5745,25.0,Acetate,5.0,20.0,none,0.0,none,0.0,none,0.0,none,0.0,1.4,1.5,0.91,0.91,0.91,0.91,0.91,
403_p3conc_3.5_i3,Etanercept,Fc-Fusion,4.5,150.0,7.9,0.6,3.5284,25.0,Acetate,5.0,20.0,none,0.0,none,0.0,none,0.0,none,0.0,1.4,1.5,0.9794044826080996,0.9756529703299597,0.9756529703299597,0.9756529703299597,0.9756529703299597,
403_p3conc_4.8_i4,Etanercept,Fc-Fusion,4.5,150.0,7.9,0.6,4.8359,25.0,Acetate,5.0,20.0,none,0.0,none,0.0,none,0.0,none,0.0,1.4,1.5,1.0842472247549702,1.035769385063781,1.035769385063781,1.035769385063781,1.035769385063781,
403_p3conc_6.6_i5,Etanercept,Fc-Fusion,4.5,150.0,7.9,0.6,6.6279,25.0,Acetate,5.0,20.0,none,0.0,none,0.0,none,0.0,none,0.0,1.4,1.5,1.0412993192580107,1.0231132125596052,1.0231132125596052,1.0231132125596052,1.0231132125596052,
403_p3conc_9.1_i6,Etanercept,Fc-Fusion,4.5,150.0,7.9,0.6,9.0839,25.0,Acetate,5.0,20.0,none,0.0,none,0.0,none,0.0,none,0.0,1.4,1.5,1.175897912461619,1.175897912461619,1.128944295983326,1.1013755808930665,1.1013755808930665,
403_p3conc_12.4_i7,Etanercept,Fc-Fusion,4.5,150.0,7.9,0.6,12.4499,25.0,Acetate,5.0,20.0,none,0.0,none,0.0,none,0.0,none,0.0,1.4,1.5,1.2852799160892765,1.2852799160892765,1.2852799160892765,1.2852799160892765,1.2852799160892765,
403_p3conc_17.1_i8,Etanercept,Fc-Fusion,4.5,150.0,7.9,0.6,17.0633,25.0,Acetate,5.0,20.0,none,0.0,none,0.0,none,0.0,none,0.0,1.4,1.5,1.4703374913739926,1.4703374913739926,1.4703374913739926,1.4703374913739926,1.4703374913739926,
403_p3conc_23.4_i9,Etanercept,Fc-Fusion,4.5,150.0,7.9,0.6,23.3861,25.0,Acetate,5.0,20.0,none,0.0,none,0.0,none,0.0,none,0.0,1.4,1.5,1.8232359854963307,1.754566935324887,1.747010054454743,1.7345575345448392,1.6765467452330598,
403_p3conc_28.0_i10,Etanercept,Fc-Fusion,4.5,150.0,7.9,0.6,28.0204,25.0,Acetate,5.0,20.0,none,0.0,none,0.0,none,0.0,none,0.0,1.4,1.5,2.1260706631169968,1.9768092042378478,1.9620798909262924,1.9620798909262924,1.6865107805093114,
403_p3conc_32.1_i11,Etanercept,Fc-Fusion,4.5,150.0,7.9,0.6,32.0518,25.0,Acetate,5.0,20.0,none,0.0,none,0.0,none,0.0,none,0.0,1.4,1.5,2.4319630999823993,2.4112515676814317,2.364659263969685,2.171820774603608,1.6543742893803828,
398_p3conc_39.3_i12,Etanercept,Fc-Fusion,4.5,150.0,7.9,0.6,39.2571,25.0,Acetate,5.0,20.0,none,0.0,none,0.0,none,0.0,none,0.0,1.4,1.5,2.8075203399803166,2.8075203399803166,2.28154282725374,2.28154282725374,1.7024824763322546,
398_p3conc_43.9_i13,Etanercept,Fc-Fusion,4.5,150.0,7.9,0.6,43.9288,25.0,Acetate,5.0,20.0,none,0.0,none,0.0,none,0.0,none,0.0,1.4,1.5,3.1489937778039,3.1489937778039,2.893830835020732,2.6888226887269058,1.7426146956949302,
398_p3conc_60.2_i14,Etanercept,Fc-Fusion,4.5,150.0,7.9,0.6,60.2067,25.0,Acetate,5.0,20.0,none,0.0,none,0.0,none,0.0,none,0.0,1.4,1.5,5.420498758483061,5.367410981144791,3.873943419425987,3.348284005410251,1.6583009483707216,
398_p3conc_62.6_i15,Etanercept,Fc-Fusion,4.5,150.0,7.9,0.6,62.605,25.0,Acetate,5.0,20.0,none,0.0,none,0.0,none,0.0,none,0.0,1.4,1.5,6.179617192521218,5.831305288805828,3.7336910857241845,3.276958388101365,1.8172416118260317,
398_p3conc_71.3_i16,Etanercept,Fc-Fusion,4.5,150.0,7.9,0.6,71.2615,25.0,Acetate,5.0,20.0,none,0.0,none,0.0,none,0.0,none,0.0,1.4,1.5,7.343628966380626,7.343628966380626,4.481863553521137,3.885346766387249,1.9012352707204163,
398_p3conc_81.1_i17,Etanercept,Fc-Fusion,4.5,150.0,7.9,0.6,81.115,25.0,Acetate,5.0,20.0,none,0.0,none,0.0,none,0.0,none,0.0,1.4,1.5,10.276637560074382,9.924723800952991,5.710215017743458,4.7878267295056895,1.8912711061681307,
398_p3conc_82.5_i18,Etanercept,Fc-Fusion,4.5,150.0,7.9,0.6,82.5163,25.0,Acetate,5.0,20.0,none,0.0,none,0.0,none,0.0,none,0.0,1.4,1.5,10.825173682580317,10.559453014133902,5.6466674705412165,5.230760809736595,1.6839823929701183,
398_p3conc_92.3_i19,Etanercept,Fc-Fusion,4.5,150.0,7.9,0.6,92.3309,25.0,Acetate,5.0,20.0,none,0.0,none,0.0,none,0.0,none,0.0,1.4,1.5,15.023596736772005,12.63610626846619,6.715058750175238,5.822628261878965,1.9125743775460298,
398_p3conc_105.1_i20,Etanercept,Fc-Fusion,4.5,150.0,7.9,0.6,105.0976,25.0,Acetate,5.0,20.0,none,0.0,none,0.0,none,0.0,none,0.0,1.4,1.5,20.793868516427008,18.908206660174702,9.007651407730073,7.098677658513059,2.016724764463546,
398_p3conc_113.1_i21,Etanercept,Fc-Fusion,4.5,150.0,7.9,0.6,113.0931,25.0,Acetate,5.0,20.0,none,0.0,none,0.0,none,0.0,none,0.0,1.4,1.5,25.00433764230804,25.00433764230804,10.166369497422686,8.187791714854905,2.057689380115448,
398_p3conc_119.6_i22,Etanercept,Fc-Fusion,4.5,150.0,7.9,0.6,119.6297,25.0,Acetate,5.0,20.0,none,0.0,none,0.0,none,0.0,none,0.0,1.4,1.5,31.707934014740967,29.534392959968077,11.402744621320656,9.664990638314535,2.061828915808959,
398_p3conc_136.2_i23,Etanercept,Fc-Fusion,4.5,150.0,7.9,0.6,136.1714,25.0,Acetate,5.0,20.0,none,0.0,none,0.0,none,0.0,none,0.0,1.4,1.5,51.1566678012666,47.225475682491876,15.17290598367046,12.237722587842324,2.0795487608495957,
411_p3conc_1.4_i0,Etanercept,Fc-Fusion,4.5,150.0,7.9,0.6,1.4121,25.0,Histidine,6.0,15.0,none,0.0,none,0.0,none,0.0,none,0.0,1.4,1.5,0.914641442975965,0.91,0.91,0.91,0.91,
411_p3conc_2.0_i1,Etanercept,Fc-Fusion,4.5,150.0,7.9,0.6,1.9941,25.0,Histidine,6.0,15.0,none,0.0,none,0.0,none,0.0,none,0.0,1.4,1.5,0.9361886165440452,0.9361886165440452,0.9313806929342631,0.9313806929342631,0.91,
411_p3conc_2.2_i2,Etanercept,Fc-Fusion,4.5,150.0,7.9,0.6,2.2288,25.0,Histidine,6.0,15.0,none,0.0,none,0.0,none,0.0,none,0.0,1.4,1.5,0.9962832044043164,0.9269723922426039,0.91,0.91,0.91,
411_p3conc_2.8_i3,Etanercept,Fc-Fusion,4.5,150.0,7.9,0.6,2.8159,25.0,Histidine,6.0,15.0,none,0.0,none,0.0,none,0.0,none,0.0,1.4,1.5,0.975428467351677,0.975428467351677,0.917618008544097,0.917618008544097,0.91,
411_p3conc_4.0_i4,Etanercept,Fc-Fusion,4.5,150.0,7.9,0.6,3.9764,25.0,Histidine,6.0,15.0,none,0.0,none,0.0,none,0.0,none,0.0,1.4,1.5,0.9907383677243584,0.9384675462273842,0.9384675462273842,0.9362083612013665,0.9362083612013665,
411_p3conc_5.0_i5,Etanercept,Fc-Fusion,4.5,150.0,7.9,0.6,4.9676,25.0,Histidine,6.0,15.0,none,0.0,none,0.0,none,0.0,none,0.0,1.4,1.5,1.0388498672994706,1.0025390279743824,0.9644988126420732,0.9644988126420732,0.9373859072856964,
411_p3conc_5.6_i6,Etanercept,Fc-Fusion,4.5,150.0,7.9,0.6,5.6151,25.0,Histidine,6.0,15.0,none,0.0,none,0.0,none,0.0,none,0.0,1.4,1.5,0.9108700375129225,0.9108700375129225,0.9108700375129225,0.9108700375129225,0.9108700375129225,
411_p3conc_7.9_i7,Etanercept,Fc-Fusion,4.5,150.0,7.9,0.6,7.9292,25.0,Histidine,6.0,15.0,none,0.0,none,0.0,none,0.0,none,0.0,1.4,1.5,1.0906444799575625,1.0906444799575625,1.022835037281668,1.022835037281668,1.0143313252901793,
411_p3conc_11.1_i8,Etanercept,Fc-Fusion,4.5,150.0,7.9,0.6,11.0718,25.0,Histidine,6.0,15.0,none,0.0,none,0.0,none,0.0,none,0.0,1.4,1.5,1.226109328247901,1.131596934675992,1.131596934675992,1.131596934675992,1.0426529378277887,
411_p3conc_11.2_i9,Etanercept,Fc-Fusion,4.5,150.0,7.9,0.6,11.1969,25.0,Histidine,6.0,15.0,none,0.0,none,0.0,none,0.0,none,0.0,1.4,1.5,1.1538089362194808,1.0894654579586673,1.0894654579586673,1.0894654579586673,1.0571187111144278,
411_p3conc_15.8_i10,Etanercept,Fc-Fusion,4.5,150.0,7.9,0.6,15.8114,25.0,Histidine,6.0,15.0,none,0.0,none,0.0,none,0.0,none,0.0,1.4,1.5,1.2819090703803377,1.2819090703803377,1.2480569057464799,1.2480569057464799,1.1964869327484624,
411_p3conc_22.3_i11,Etanercept,Fc-Fusion,4.5,150.0,7.9,0.6,22.3275,25.0,Histidine,6.0,15.0,none,0.0,none,0.0,none,0.0,none,0.0,1.4,1.5,1.5513053919884843,1.4996125248747725,1.4996125248747725,1.4996125248747725,1.3595932798516581,
411_p3conc_24.7_i12,Etanercept,Fc-Fusion,4.5,150.0,7.9,0.6,24.6769,25.0,Histidine,6.0,15.0,none,0.0,none,0.0,none,0.0,none,0.0,1.4,1.5,1.551182904514631,1.551182904514631,1.551182904514631,1.551182904514631,1.3778189610860625,
411_p3conc_31.5_i13,Etanercept,Fc-Fusion,4.5,150.0,7.9,0.6,31.5292,25.0,Histidine,6.0,15.0,none,0.0,none,0.0,none,0.0,none,0.0,1.4,1.5,2.0173608245007464,2.0173608245007464,1.8809138220023167,1.8809138220023167,1.6666531973973993,
411_p3conc_44.5_i14,Etanercept,Fc-Fusion,4.5,150.0,7.9,0.6,44.523,25.0,Histidine,6.0,15.0,none,0.0,none,0.0,none,0.0,none,0.0,1.4,1.5,2.85608220334068,2.85608220334068,2.85608220334068,2.6874714504833292,1.7983879074776032,
411_p3conc_62.9_i15,Etanercept,Fc-Fusion,4.5,150.0,7.9,0.6,62.8717,25.0,Histidine,6.0,15.0,none,0.0,none,0.0,none,0.0,none,0.0,1.4,1.5,5.699210977556204,5.083716398974406,5.083716398974406,4.717957823383045,2.428823300079205,
411_p3conc_63.9_i16,Etanercept,Fc-Fusion,4.5,150.0,7.9,0.6,63.8663,25.0,Histidine,6.0,15.0,none,0.0,none,0.0,none,0.0,none,0.0,1.4,1.5,5.798772269057812,5.524945867552347,5.524945867552347,4.612774693499065,2.492195433637029,
411_p3conc_74.2_i17,Etanercept,Fc-Fusion,4.5,150.0,7.9,0.6,74.1619,25.0,Histidine,6.0,15.0,none,0.0,none,0.0,none,0.0,none,0.0,1.4,1.5,8.271617304996223,8.271617304996223,7.617761439550409,6.382865732421445,2.8525878052538016,
418_p3conc_86.1_i18,Etanercept,Fc-Fusion,4.5,150.0,7.9,0.6,86.1174,25.0,Histidine,6.0,15.0,none,0.0,none,0.0,none,0.0,none,0.0,1.4,1.5,14.561334160353082,11.846665579327443,11.470810517448285,7.54121038910402,3.2948983550858157,
418_p3conc_88.8_i19,Etanercept,Fc-Fusion,4.5,150.0,7.9,0.6,88.7822,25.0,Histidine,6.0,15.0,none,0.0,none,0.0,none,0.0,none,0.0,1.4,1.5,15.893820411456202,13.488507421761591,13.488507421761591,8.58060008804171,3.4604842257166784,
420_p3conc_159.9_i20,Etanercept,Fc-Fusion,4.5,150.0,7.9,0.6,159.8903,25.0,Histidine,6.0,15.0,none,0.0,none,0.0,none,0.0,none,0.0,1.4,1.5,130.8842720548304,130.8842720548304,130.8842720548304,77.40803786971382,12.805280191129903,
420_p3conc_170.4_i21,Etanercept,Fc-Fusion,4.5,150.0,7.9,0.6,170.4327,25.0,Histidine,6.0,15.0,none,0.0,none,0.0,none,0.0,none,0.0,1.4,1.5,206.35020011856176,206.35020011856176,177.5518760843035,101.54769098697791,14.572134008617146,
420_p3conc_177.0_i22,Etanercept,Fc-Fusion,4.5,150.0,7.9,0.6,177.039,25.0,Histidine,6.0,15.0,none,0.0,none,0.0,none,0.0,none,0.0,1.4,1.5,235.72572270317343,235.72572270317343,216.767143599135,119.29080567534125,18.053368470413893,
420_p3conc_181.7_i23,Etanercept,Fc-Fusion,4.5,150.0,7.9,0.6,181.6707,25.0,Histidine,6.0,15.0,none,0.0,none,0.0,none,0.0,none,0.0,1.4,1.5,295.01968443240736,295.01968443240736,247.18570930597056,133.7822523514343,16.794652962426678,
420_p3conc_193.6_i24,Etanercept,Fc-Fusion,4.5,150.0,7.9,0.6,193.6493,25.0,Histidine,6.0,15.0,none,0.0,none,0.0,none,0.0,none,0.0,1.4,1.5,427.3028032547145,427.3028032547145,372.7334919992979,199.3095200537631,22.00797926718433,
420_p3conc_206.4_i25,Etanercept,Fc-Fusion,4.5,150.0,7.9,0.6,206.4177,25.0,Histidine,6.0,15.0,none,0.0,none,0.0,none,0.0,none,0.0,1.4,1.5,672.3322905072345,672.3322905072345,562.4303912759319,289.5524640630729,26.538998588179584,
420_p3conc_220.0_i26,Etanercept,Fc-Fusion,4.5,150.0,7.9,0.6,220.028,25.0,Histidine,6.0,15.0,none,0.0,none,0.0,none,0.0,none,0.0,1.4,1.5,1122.8999623497082,1122.8999623497082,888.6504769167144,362.7272335116498,33.99040986153954,
420_p3conc_234.5_i27,Etanercept,Fc-Fusion,4.5,150.0,7.9,0.6,234.5357,25.0,Histidine,6.0,15.0,none,0.0,none,0.0,none,0.0,none,0.0,1.4,1.5,1886.0853579067796,1840.0585157007292,1441.4258154046074,564.3100134753357,41.898448041717224,
415_p3conc_1.4_i0,Etanercept,Fc-Fusion,4.5,150.0,7.9,0.6,1.3706,25.0,Histidine,6.0,30.0,none,0.0,none,0.0,none,0.0,none,0.0,1.4,1.5,0.9274978253039993,0.9274592106905489,0.9274592106905489,0.91,0.91,
415_p3conc_1.9_i1,Etanercept,Fc-Fusion,4.5,150.0,7.9,0.6,1.8784,25.0,Histidine,6.0,30.0,none,0.0,none,0.0,none,0.0,none,0.0,1.4,1.5,0.9112049386707776,0.91,0.91,0.91,0.91,
415_p3conc_2.6_i2,Etanercept,Fc-Fusion,4.5,150.0,7.9,0.6,2.5745,25.0,Histidine,6.0,30.0,none,0.0,none,0.0,none,0.0,none,0.0,1.4,1.5,0.91,0.91,0.91,0.91,0.91,
415_p3conc_3.5_i3,Etanercept,Fc-Fusion,4.5,150.0,7.9,0.6,3.5284,25.0,Histidine,6.0,30.0,none,0.0,none,0.0,none,0.0,none,0.0,1.4,1.5,0.9961315352244215,0.91,0.91,0.91,0.91,
415_p3conc_4.8_i4,Etanercept,Fc-Fusion,4.5,150.0,7.9,0.6,4.8359,25.0,Histidine,6.0,30.0,none,0.0,none,0.0,none,0.0,none,0.0,1.4,1.5,0.91,0.91,0.91,0.91,0.91,
415_p3conc_6.6_i5,Etanercept,Fc-Fusion,4.5,150.0,7.9,0.6,6.6279,25.0,Histidine,6.0,30.0,none,0.0,none,0.0,none,0.0,none,0.0,1.4,1.5,0.9113754743145313,0.9113754743145313,0.91,0.91,0.91,
415_p3conc_9.1_i6,Etanercept,Fc-Fusion,4.5,150.0,7.9,0.6,9.0839,25.0,Histidine,6.0,30.0,none,0.0,none,0.0,none,0.0,none,0.0,1.4,1.5,0.9169325747904903,0.9169325747904903,0.9169325747904903,0.9169325747904903,0.9169325747904903,
415_p3conc_12.4_i7,Etanercept,Fc-Fusion,4.5,150.0,7.9,0.6,12.4499,25.0,Histidine,6.0,30.0,none,0.0,none,0.0,none,0.0,none,0.0,1.4,1.5,0.923760461874804,0.923760461874804,0.91,0.91,0.91,
415_p3conc_17.1_i8,Etanercept,Fc-Fusion,4.5,150.0,7.9,0.6,17.0633,25.0,Histidine,6.0,30.0,none,0.0,none,0.0,none,0.0,none,0.0,1.4,1.5,1.0799277512716015,1.0630431665776083,1.0448225318241144,0.91,0.91,
415_p3conc_23.4_i9,Etanercept,Fc-Fusion,4.5,150.0,7.9,0.6,23.3861,25.0,Histidine,6.0,30.0,none,0.0,none,0.0,none,0.0,none,0.0,1.4,1.5,1.099148032799092,1.099148032799092,1.099148032799092,0.9843716128611445,0.91,
415_p3conc_28.0_i10,Etanercept,Fc-Fusion,4.5,150.0,7.9,0.6,28.0204,25.0,Histidine,6.0,30.0,none,0.0,none,0.0,none,0.0,none,0.0,1.4,1.5,1.3976322220917234,1.3036050791978444,1.3036050791978444,1.032340829251949,0.9611667202104085,
415_p3conc_32.1_i11,Etanercept,Fc-Fusion,4.5,150.0,7.9,0.6,32.0518,25.0,Histidine,6.0,30.0,none,0.0,none,0.0,none,0.0,none,0.0,1.4,1.5,1.566117171660436,1.566117171660436,1.525977602569067,1.0621267934214356,0.9570546726316145,
412_p3conc_39.3_i12,Etanercept,Fc-Fusion,4.5,150.0,7.9,0.6,39.2571,25.0,Histidine,6.0,30.0,none,0.0,none,0.0,none,0.0,none,0.0,1.4,1.5,2.276207098017654,2.1937825133100444,2.0603061268285954,1.3741303581726576,1.1458608960932737,
412_p3conc_43.9_i13,Etanercept,Fc-Fusion,4.5,150.0,7.9,0.6,43.9288,25.0,Histidine,6.0,30.0,none,0.0,none,0.0,none,0.0,none,0.0,1.4,1.5,3.272910812770894,2.455946515226617,2.455946515226617,1.7678828320907152,1.502721404852313,
412_p3conc_60.2_i14,Etanercept,Fc-Fusion,4.5,150.0,7.9,0.6,60.2067,25.0,Histidine,6.0,30.0,none,0.0,none,0.0,none,0.0,none,0.0,1.4,1.5,8.882553319326398,6.586603397866894,5.4397489479225865,4.333672351039904,2.1754765237680593,
412_p3conc_62.6_i15,Etanercept,Fc-Fusion,4.5,150.0,7.9,0.6,62.605,25.0,Histidine,6.0,30.0,none,0.0,none,0.0,none,0.0,none,0.0,1.4,1.5,9.438819820827902,6.860921705850273,5.998006948411047,4.464005802589636,2.401051775581011,
412_p3conc_71.3_i16,Etanercept,Fc-Fusion,4.5,150.0,7.9,0.6,71.2615,25.0,Histidine,6.0,30.0,none,0.0,none,0.0,none,0.0,none,0.0,1.4,1.5,16.936792050523355,10.33887985964174,8.298054069925893,6.818886290802998,2.949188420700781,
412_p3conc_81.1_i17,Etanercept,Fc-Fusion,4.5,150.0,7.9,0.6,81.115,25.0,Histidine,6.0,30.0,none,0.0,none,0.0,none,0.0,none,0.0,1.4,1.5,27.3258848394099,16.636270646577884,12.36848250834509,9.698139001402318,4.394419127833192,
412_p3conc_82.5_i18,Etanercept,Fc-Fusion,4.5,150.0,7.9,0.6,82.5163,25.0,Histidine,6.0,30.0,none,0.0,none,0.0,none,0.0,none,0.0,1.4,1.5,28.045248805531937,16.994944032011215,14.070026038109523,10.029514829693667,4.253122577661884,
412_p3conc_92.3_i19,Etanercept,Fc-Fusion,4.5,150.0,7.9,0.6,92.3309,25.0,Histidine,6.0,30.0,none,0.0,none,0.0,none,0.0,none,0.0,1.4,1.5,48.018037775538595,24.255410294821765,19.555339066872293,15.457726117597792,5.459099535077717,
412_p3conc_105.1_i20,Etanercept,Fc-Fusion,4.5,150.0,7.9,0.6,105.0976,25.0,Histidine,6.0,30.0,none,0.0,none,0.0,none,0.0,none,0.0,1.4,1.5,106.01632948423234,43.324841005771816,33.62690811718325,24.069918797156305,7.361534849287531,
412_p3conc_113.1_i21,Etanercept,Fc-Fusion,4.5,150.0,7.9,0.6,113.0931,25.0,Histidine,6.0,30.0,none,0.0,none,0.0,none,0.0,none,0.0,1.4,1.5,151.91088145204725,62.66422701618604,44.52412844417489,30.97191453712427,8.13777685888085,
412_p3conc_119.6_i22,Etanercept,Fc-Fusion,4.5,150.0,7.9,0.6,119.6297,25.0,Histidine,6.0,30.0,none,0.0,none,0.0,none,0.0,none,0.0,1.4,1.5,213.537422369066,75.33682393159559,58.74970191856464,44.73516964708378,10.191895681190868,
412_p3conc_136.2_i23,Etanercept,Fc-Fusion,4.5,150.0,7.9,0.6,136.1714,25.0,Histidine,6.0,30.0,none,0.0,none,0.0,none,0.0,none,0.0,1.4,1.5,483.67571117687413,177.3082471926262,119.45497146179054,82.20965964066525,15.340356575256651,
276_p3conc_1.5_i0,Ibalizumab,mAb_IgG4,3.5,150.0,8.0,0.3,1.4542,27.5,Acetate,5.0,20.0,none,0.0,none,0.0,none,0.0,none,0.0,1.3,1.1,0.9184984136733086,0.9184984136733086,0.91,0.91,0.91,
276_p3conc_2.1_i1,Ibalizumab,mAb_IgG4,3.5,150.0,8.0,0.3,2.1147,27.5,Acetate,5.0,20.0,none,0.0,none,0.0,none,0.0,none,0.0,1.3,1.1,1.0138350613912628,0.91,0.91,0.91,0.91,
276_p3conc_3.1_i2,Ibalizumab,mAb_IgG4,3.5,150.0,8.0,0.3,3.0753,27.5,Acetate,5.0,20.0,none,0.0,none,0.0,none,0.0,none,0.0,1.3,1.1,0.91,0.91,0.91,0.91,0.91,
276_p3conc_4.5_i3,Ibalizumab,mAb_IgG4,3.5,150.0,8.0,0.3,4.4721,27.5,Acetate,5.0,20.0,none,0.0,none,0.0,none,0.0,none,0.0,1.3,1.1,0.918891993615439,0.918891993615439,0.918891993615439,0.91,0.91,
276_p3conc_6.5_i4,Ibalizumab,mAb_IgG4,3.5,150.0,8.0,0.3,6.5035,27.5,Acetate,5.0,20.0,none,0.0,none,0.0,none,0.0,none,0.0,1.3,1.1,0.91,0.91,0.91,0.91,0.91,
276_p3conc_9.5_i5,Ibalizumab,mAb_IgG4,3.5,150.0,8.0,0.3,9.4574,27.5,Acetate,5.0,20.0,none,0.0,none,0.0,none,0.0,none,0.0,1.3,1.1,0.9389485464212176,0.9176669614490456,0.9176669614490456,0.91,0.91,
276_p3conc_13.8_i6,Ibalizumab,mAb_IgG4,3.5,150.0,8.0,0.3,13.7531,27.5,Acetate,5.0,20.0,none,0.0,none,0.0,none,0.0,none,0.0,1.3,1.1,0.9213550259044573,0.9213550259044573,0.9213550259044573,0.91,0.91,
276_p3conc_20.0_i7,Ibalizumab,mAb_IgG4,3.5,150.0,8.0,0.3,20.0,27.5,Acetate,5.0,20.0,none,0.0,none,0.0,none,0.0,none,0.0,1.3,1.1,1.0601667349101602,0.9557724171112704,0.9342899925239887,0.91,0.91,
276_p3conc_29.1_i8,Ibalizumab,mAb_IgG4,3.5,150.0,8.0,0.3,29.0843,27.5,Acetate,5.0,20.0,none,0.0,none,0.0,none,0.0,none,0.0,1.3,1.1,0.9239458486730383,0.9239458486730383,0.91,0.91,0.91,
276_p3conc_31.5_i9,Ibalizumab,mAb_IgG4,3.5,150.0,8.0,0.3,31.498,27.5,Acetate,5.0,20.0,none,0.0,none,0.0,none,0.0,none,0.0,1.3,1.1,0.9502622714283616,0.9309261608326238,0.9309261608326238,0.91,0.91,
276_p3conc_39.7_i10,Ibalizumab,mAb_IgG4,3.5,150.0,8.0,0.3,39.6851,27.5,Acetate,5.0,20.0,none,0.0,none,0.0,none,0.0,none,0.0,1.3,1.1,1.0869814477387685,1.0196301841429334,1.0196301841429334,1.0049285384209652,0.91,
276_p3conc_42.3_i11,Ibalizumab,mAb_IgG4,3.5,150.0,8.0,0.3,42.2948,27.5,Acetate,5.0,20.0,none,0.0,none,0.0,none,0.0,none,0.0,1.3,1.1,1.042293535411711,1.0340172713336948,0.9584833564114061,0.9290592331806845,0.91,
276_p3conc_50.0_i12,Ibalizumab,mAb_IgG4,3.5,150.0,8.0,0.3,50.0,27.5,Acetate,5.0,20.0,none,0.0,none,0.0,none,0.0,none,0.0,1.3,1.1,1.2066312321380577,1.2066312321380577,1.1601660382150685,1.0202617587636371,0.9953359325822889,
276_p3conc_61.5_i13,Ibalizumab,mAb_IgG4,3.5,150.0,8.0,0.3,61.5058,27.5,Acetate,5.0,20.0,none,0.0,none,0.0,none,0.0,none,0.0,1.3,1.1,1.4285615290778693,1.4285615290778693,1.4285615290778693,1.379340574668479,1.1371077656255633,
269_p3conc_63.0_i14,Ibalizumab,mAb_IgG4,3.5,150.0,8.0,0.3,62.996,27.5,Acetate,5.0,20.0,none,0.0,none,0.0,none,0.0,none,0.0,1.3,1.1,1.4195880732394672,1.4195880732394672,1.4195880732394672,1.323099467304366,1.087134289257994,
269_p3conc_79.4_i15,Ibalizumab,mAb_IgG4,3.5,150.0,8.0,0.3,79.3701,27.5,Acetate,5.0,20.0,none,0.0,none,0.0,none,0.0,none,0.0,1.3,1.1,2.224786690994286,2.141534167463099,2.1404180130738926,1.8946920973553054,1.380142681797847,
269_p3conc_89.4_i16,Ibalizumab,mAb_IgG4,3.5,150.0,8.0,0.3,89.4427,27.5,Acetate,5.0,20.0,none,0.0,none,0.0,none,0.0,none,0.0,1.3,1.1,2.772181335069238,2.487083137276688,2.487083137276688,2.3318349098519775,1.5071431760483187,
269_p3conc_108.2_i17,Ibalizumab,mAb_IgG4,3.5,150.0,8.0,0.3,108.1633,27.5,Acetate,5.0,20.0,none,0.0,none,0.0,none,0.0,none,0.0,1.3,1.1,3.324991623437668,3.324991623437668,3.324991623437668,2.7305788698898597,1.8728719424691997,
269_p3conc_117.0_i18,Ibalizumab,mAb_IgG4,3.5,150.0,8.0,0.3,116.993,27.5,Acetate,5.0,20.0,none,0.0,none,0.0,none,0.0,none,0.0,1.3,1.1,3.9523576477496403,3.9523576477496403,3.5530506295550772,2.861964557359945,2.1180952445137042,
269_p3conc_126.5_i19,Ibalizumab,mAb_IgG4,3.5,150.0,8.0,0.3,126.5435,27.5,Acetate,5.0,20.0,none,0.0,none,0.0,none,0.0,none,0.0,1.3,1.1,4.39362045873624,4.209727103049777,4.209727103049777,3.239193767431768,2.069144489540233,
269_p3conc_130.1_i20,Ibalizumab,mAb_IgG4,3.5,150.0,8.0,0.3,130.0691,27.5,Acetate,5.0,20.0,none,0.0,none,0.0,none,0.0,none,0.0,1.3,1.1,4.3748833542123,4.3748833542123,4.336443036173046,3.2924246744151824,2.1636528386980856,
269_p3conc_136.9_i21,Ibalizumab,mAb_IgG4,3.5,150.0,8.0,0.3,136.8737,27.5,Acetate,5.0,20.0,none,0.0,none,0.0,none,0.0,none,0.0,1.3,1.1,4.741933224916462,4.741933224916462,4.741933224916462,3.936834450116505,2.4037701596075762,
269_p3conc_148.0_i22,Ibalizumab,mAb_IgG4,3.5,150.0,8.0,0.3,148.0471,27.5,Acetate,5.0,20.0,none,0.0,none,0.0,none,0.0,none,0.0,1.3,1.1,5.2808541548554935,5.2808541548554935,5.2808541548554935,4.2555166040278305,2.5037203264385908,
269_p3conc_160.1_i23,Ibalizumab,mAb_IgG4,3.5,150.0,8.0,0.3,160.1331,27.5,Acetate,5.0,20.0,none,0.0,none,0.0,none,0.0,none,0.0,1.3,1.1,6.187126913802609,6.187126913802609,6.187126913802609,4.880987683431736,3.0615910589367648,
269_p3conc_173.2_i24,Ibalizumab,mAb_IgG4,3.5,150.0,8.0,0.3,173.2052,27.5,Acetate,5.0,20.0,none,0.0,none,0.0,none,0.0,none,0.0,1.3,1.1,7.618352928820016,7.53256210411115,7.444784892293256,5.420068679248064,3.3967135405220668,
269_p3conc_187.3_i25,Ibalizumab,mAb_IgG4,3.5,150.0,8.0,0.3,187.3445,27.5,Acetate,5.0,20.0,none,0.0,none,0.0,none,0.0,none,0.0,1.3,1.1,8.697736190908946,8.697736190908946,8.582047487424783,6.1603207465013705,3.858397481607568,
269_p3conc_189.1_i26,Ibalizumab,mAb_IgG4,3.5,150.0,8.0,0.3,189.1481,27.5,Acetate,5.0,20.0,none,0.0,none,0.0,none,0.0,none,0.0,1.3,1.1,9.55676810822976,9.094103431978438,8.30045109650273,6.440598268638608,3.610829944069974,
260_p3conc_202.6_i27,Ibalizumab,mAb_IgG4,3.5,150.0,8.0,0.3,202.6381,27.5,Acetate,5.0,20.0,none,0.0,none,0.0,none,0.0,none,0.0,1.3,1.1,9.893341853670167,9.893341853670167,9.893341853670167,6.562805600538342,4.1909942940030165,
260_p3conc_219.2_i28,Ibalizumab,mAb_IgG4,3.5,150.0,8.0,0.3,219.18,27.5,Acetate,5.0,20.0,none,0.0,none,0.0,none,0.0,none,0.0,1.3,1.1,11.996158920913667,11.996158920913667,11.996158920913667,8.205150327327786,4.81444449284551,
260_p3conc_237.1_i29,Ibalizumab,mAb_IgG4,3.5,150.0,8.0,0.3,237.0724,27.5,Acetate,5.0,20.0,none,0.0,none,0.0,none,0.0,none,0.0,1.3,1.1,14.303834461900182,13.78410969283177,13.78410969283177,9.302203635162076,5.2842100208383656,
260_p3conc_256.4_i30,Ibalizumab,mAb_IgG4,3.5,150.0,8.0,0.3,256.4254,27.5,Acetate,5.0,20.0,none,0.0,none,0.0,none,0.0,none,0.0,1.3,1.1,18.013697611898472,17.370263468825936,15.520794446186143,10.44990918461013,5.982992420612582,
260_p3conc_275.1_i31,Ibalizumab,mAb_IgG4,3.5,150.0,8.0,0.3,275.0623,27.5,Acetate,5.0,20.0,none,0.0,none,0.0,none,0.0,none,0.0,1.3,1.1,19.92468091693967,19.92468091693967,17.509035877710904,11.667798846430701,7.54188013721167,
260_p3conc_277.4_i32,Ibalizumab,mAb_IgG4,3.5,150.0,8.0,0.3,277.3582,27.5,Acetate,5.0,20.0,none,0.0,none,0.0,none,0.0,none,0.0,1.3,1.1,19.892449250637245,19.07531487222354,16.580822714529106,11.358000880321441,6.799613285421813,
260_p3conc_322.4_i33,Ibalizumab,mAb_IgG4,3.5,150.0,8.0,0.3,322.371,27.5,Acetate,5.0,20.0,none,0.0,none,0.0,none,0.0,none,0.0,1.3,1.1,31.47070139126942,31.36181333771972,24.533143808447104,14.202888938681488,9.60690767747069,
260_p3conc_334.2_i34,Ibalizumab,mAb_IgG4,3.5,150.0,8.0,0.3,334.1743,27.5,Acetate,5.0,20.0,none,0.0,none,0.0,none,0.0,none,0.0,1.3,1.1,35.94966905511268,35.03240557128872,27.851826724699592,17.64081090530528,11.06125977865826,
260_p3conc_346.4_i35,Ibalizumab,mAb_IgG4,3.5,150.0,8.0,0.3,346.4105,27.5,Acetate,5.0,20.0,none,0.0,none,0.0,none,0.0,none,0.0,1.3,1.1,41.682683210502255,39.577334465760515,34.445067988581265,18.195354304584296,12.099207406930553,
260_p3conc_359.1_i36,Ibalizumab,mAb_IgG4,3.5,150.0,8.0,0.3,359.0939,27.5,Acetate,5.0,20.0,none,0.0,none,0.0,none,0.0,none,0.0,1.3,1.1,47.82852225999718,43.92248851213308,38.957444142773824,22.31389021676989,12.581946695856402,
260_p3conc_372.2_i37,Ibalizumab,mAb_IgG4,3.5,150.0,8.0,0.3,372.2417,27.5,Acetate,5.0,20.0,none,0.0,none,0.0,none,0.0,none,0.0,1.3,1.1,54.76674107357237,52.42600553768459,46.82880375089986,24.003318027905863,12.874539982751257,
260_p3conc_385.9_i38,Ibalizumab,mAb_IgG4,3.5,150.0,8.0,0.3,385.8718,27.5,Acetate,5.0,20.0,none,0.0,none,0.0,none,0.0,none,0.0,1.3,1.1,63.82854096561574,63.82854096561574,52.03763032543748,30.472643225002464,16.20301415207511,
286_p3conc_1.5_i0,Ibalizumab,mAb_IgG4,3.5,150.0,8.0,0.3,1.4551,27.5,Histidine,6.0,15.0,none,0.0,none,0.0,none,0.0,none,0.0,1.3,1.1,0.9153940738676377,0.91,0.91,0.91,0.91,
286_p3conc_2.1_i1,Ibalizumab,mAb_IgG4,3.5,150.0,8.0,0.3,2.1174,27.5,Histidine,6.0,15.0,none,0.0,none,0.0,none,0.0,none,0.0,1.3,1.1,0.9106652858827922,0.91,0.91,0.91,0.91,
286_p3conc_3.1_i2,Ibalizumab,mAb_IgG4,3.5,150.0,8.0,0.3,3.081,27.5,Histidine,6.0,15.0,none,0.0,none,0.0,none,0.0,none,0.0,1.3,1.1,0.91,0.91,0.91,0.91,0.91,
286_p3conc_4.5_i3,Ibalizumab,mAb_IgG4,3.5,150.0,8.0,0.3,4.4833,27.5,Histidine,6.0,15.0,none,0.0,none,0.0,none,0.0,none,0.0,1.3,1.1,0.91,0.91,0.91,0.91,0.91,
286_p3conc_6.5_i4,Ibalizumab,mAb_IgG4,3.5,150.0,8.0,0.3,6.5237,27.5,Histidine,6.0,15.0,none,0.0,none,0.0,none,0.0,none,0.0,1.3,1.1,0.91,0.91,0.91,0.91,0.91,
286_p3conc_9.5_i5,Ibalizumab,mAb_IgG4,3.5,150.0,8.0,0.3,9.4928,27.5,Histidine,6.0,15.0,none,0.0,none,0.0,none,0.0,none,0.0,1.3,1.1,0.91,0.91,0.91,0.91,0.91,
286_p3conc_13.8_i6,Ibalizumab,mAb_IgG4,3.5,150.0,8.0,0.3,13.8131,27.5,Histidine,6.0,15.0,none,0.0,none,0.0,none,0.0,none,0.0,1.3,1.1,0.91,0.91,0.91,0.91,0.91,
286_p3conc_20.1_i7,Ibalizumab,mAb_IgG4,3.5,150.0,8.0,0.3,20.0998,27.5,Histidine,6.0,15.0,none,0.0,none,0.0,none,0.0,none,0.0,1.3,1.1,0.91,0.91,0.91,0.91,0.91,
282_p3conc_29.2_i8,Ibalizumab,mAb_IgG4,3.5,150.0,8.0,0.3,29.2476,27.5,Histidine,6.0,15.0,none,0.0,none,0.0,none,0.0,none,0.0,1.3,1.1,0.9971071349534193,0.9971071349534193,0.9971071349534193,0.961408147348276,0.9170922446085431,
282_p3conc_42.6_i9,Ibalizumab,mAb_IgG4,3.5,150.0,8.0,0.3,42.5587,27.5,Histidine,6.0,15.0,none,0.0,none,0.0,none,0.0,none,0.0,1.3,1.1,1.3426750268721872,1.3331612453728532,1.2721095121576862,1.1485867233141744,1.0569965907530008,
282_p3conc_44.5_i10,Ibalizumab,mAb_IgG4,3.5,150.0,8.0,0.3,44.506,27.5,Histidine,6.0,15.0,none,0.0,none,0.0,none,0.0,none,0.0,1.3,1.1,1.303744076557883,1.303744076557883,1.303744076557883,1.1280145431999475,1.1280145431999475,
282_p3conc_49.5_i11,Ibalizumab,mAb_IgG4,3.5,150.0,8.0,0.3,49.5196,27.5,Histidine,6.0,15.0,none,0.0,none,0.0,none,0.0,none,0.0,1.3,1.1,1.5807268063988371,1.4424923465956194,1.4424923465956194,1.1364378575641225,1.1062524734659058,
282_p3conc_55.1_i12,Ibalizumab,mAb_IgG4,3.5,150.0,8.0,0.3,55.098,27.5,Histidine,6.0,15.0,none,0.0,none,0.0,none,0.0,none,0.0,1.3,1.1,1.5418913019306648,1.5418913019306648,1.5418913019306648,1.284121602081586,1.1719592626824848,
282_p3conc_61.3_i13,Ibalizumab,mAb_IgG4,3.5,150.0,8.0,0.3,61.3047,27.5,Histidine,6.0,15.0,none,0.0,none,0.0,none,0.0,none,0.0,1.3,1.1,1.5888436906708607,1.5888436906708607,1.5888436906708607,1.306980093499423,1.271776254440953,
282_p3conc_61.9_i14,Ibalizumab,mAb_IgG4,3.5,150.0,8.0,0.3,61.928,27.5,Histidine,6.0,15.0,none,0.0,none,0.0,none,0.0,none,0.0,1.3,1.1,1.6046071828545598,1.6046071828545598,1.6046071828545598,1.313323039031254,1.2431688262338692,
282_p3conc_68.2_i15,Ibalizumab,mAb_IgG4,3.5,150.0,8.0,0.3,68.2108,27.5,Histidine,6.0,15.0,none,0.0,none,0.0,none,0.0,none,0.0,1.3,1.1,1.8168502796128798,1.8168502796128798,1.8015303700016827,1.4534530359364566,1.185178384008317,
282_p3conc_75.9_i16,Ibalizumab,mAb_IgG4,3.5,150.0,8.0,0.3,75.8948,27.5,Histidine,6.0,15.0,none,0.0,none,0.0,none,0.0,none,0.0,1.3,1.1,1.9747985757993982,1.9747985757993982,1.9747985757993982,1.617937842120198,1.319453462780378,
282_p3conc_84.4_i17,Ibalizumab,mAb_IgG4,3.5,150.0,8.0,0.3,84.4442,27.5,Histidine,6.0,15.0,none,0.0,none,0.0,none,0.0,none,0.0,1.3,1.1,2.3836107212108275,2.160057034047741,2.160057034047741,1.6930227107349243,1.3674313712983004,
282_p3conc_90.1_i18,Ibalizumab,mAb_IgG4,3.5,150.0,8.0,0.3,90.1127,27.5,Histidine,6.0,15.0,none,0.0,none,0.0,none,0.0,none,0.0,1.3,1.1,2.4169232719633307,2.3773731965437896,2.3773731965437896,1.697198833079095,1.4625185511346122,
282_p3conc_94.0_i19,Ibalizumab,mAb_IgG4,3.5,150.0,8.0,0.3,93.957,27.5,Histidine,6.0,15.0,none,0.0,none,0.0,none,0.0,none,0.0,1.3,1.1,2.65682472882532,2.4831708152120378,2.4831708152120378,1.755772626737788,1.6447068396764406,
282_p3conc_104.5_i20,Ibalizumab,mAb_IgG4,3.5,150.0,8.0,0.3,104.5411,27.5,Histidine,6.0,15.0,none,0.0,none,0.0,none,0.0,none,0.0,1.3,1.1,2.7383419284446098,2.7383419284446098,2.7383419284446098,1.9075403928538204,1.7625958085201976,
282_p3conc_116.3_i21,Ibalizumab,mAb_IgG4,3.5,150.0,8.0,0.3,116.3178,27.5,Histidine,6.0,15.0,none,0.0,none,0.0,none,0.0,none,0.0,1.3,1.1,3.3720999204479765,3.2134432102850337,2.9427312403635963,2.1547834348240245,1.7802809936101307,
282_p3conc_129.4_i22,Ibalizumab,mAb_IgG4,3.5,150.0,8.0,0.3,129.4211,27.5,Histidine,6.0,15.0,none,0.0,none,0.0,none,0.0,none,0.0,1.3,1.1,3.9576115327383117,3.9576115327383117,3.584615931377838,2.5033044527251627,2.0005175060657074,
282_p3conc_131.1_i23,Ibalizumab,mAb_IgG4,3.5,150.0,8.0,0.3,131.1248,27.5,Histidine,6.0,15.0,none,0.0,none,0.0,none,0.0,none,0.0,1.3,1.1,4.015539481576372,3.9106544648389825,3.4463522147798704,2.4302683197429578,1.8514508991996341,
282_p3conc_144.0_i24,Ibalizumab,mAb_IgG4,3.5,150.0,8.0,0.3,144.0002,27.5,Histidine,6.0,15.0,none,0.0,none,0.0,none,0.0,none,0.0,1.3,1.1,4.354914204274949,4.354914204274949,4.354914204274949,2.87514036616183,2.1534364623745077,
282_p3conc_160.2_i25,Ibalizumab,mAb_IgG4,3.5,150.0,8.0,0.3,160.2219,27.5,Histidine,6.0,15.0,none,0.0,none,0.0,none,0.0,none,0.0,1.3,1.1,4.904100061447228,4.635631458699068,4.635631458699068,3.0852626935662095,2.2398655127047657,
259_p3conc_178.3_i26,Ibalizumab,mAb_IgG4,3.5,150.0,8.0,0.3,178.2711,27.5,Histidine,6.0,15.0,none,0.0,none,0.0,none,0.0,none,0.0,1.3,1.1,5.7515558229988635,5.7515558229988635,5.7515558229988635,3.710858502363407,2.6286895287050003,
259_p3conc_190.8_i27,Ibalizumab,mAb_IgG4,3.5,150.0,8.0,0.3,190.8025,27.5,Histidine,6.0,15.0,none,0.0,none,0.0,none,0.0,none,0.0,1.3,1.1,7.525078755694492,6.6625061580843585,6.6625061580843585,3.975024465288257,2.8871625694321725,
259_p3conc_198.4_i28,Ibalizumab,mAb_IgG4,3.5,150.0,8.0,0.3,198.3531,27.5,Histidine,6.0,15.0,none,0.0,none,0.0,none,0.0,none,0.0,1.3,1.1,7.324088142852032,7.324088142852032,7.324088142852032,4.0713827534183755,2.911770143527562,
259_p3conc_220.7_i29,Ibalizumab,mAb_IgG4,3.5,150.0,8.0,0.3,220.6978,27.5,Histidine,6.0,15.0,none,0.0,none,0.0,none,0.0,none,0.0,1.3,1.1,8.883524687383451,8.883524687383451,8.238144776968488,4.944604236934721,3.3271652868950907,
259_p3conc_245.6_i30,Ibalizumab,mAb_IgG4,3.5,150.0,8.0,0.3,245.5591,27.5,Histidine,6.0,15.0,none,0.0,none,0.0,none,0.0,none,0.0,1.3,1.1,10.732722848487034,10.732722848487034,10.679499206227153,5.88056357963246,3.699901646355526,
259_p3conc_273.2_i31,Ibalizumab,mAb_IgG4,3.5,150.0,8.0,0.3,273.2216,27.5,Histidine,6.0,15.0,none,0.0,none,0.0,none,0.0,none,0.0,1.3,1.1,12.713881379323764,12.713881379323764,10.987495792759104,6.927384346864941,3.8159102026891922,
259_p3conc_277.6_i32,Ibalizumab,mAb_IgG4,3.5,150.0,8.0,0.3,277.6406,27.5,Histidine,6.0,15.0,none,0.0,none,0.0,none,0.0,none,0.0,1.3,1.1,13.584584780353628,12.772142612339447,12.077030632428682,7.519479848266684,4.231392589743311,
259_p3conc_326.4_i33,Ibalizumab,mAb_IgG4,3.5,150.0,8.0,0.3,326.4006,27.5,Histidine,6.0,15.0,none,0.0,none,0.0,none,0.0,none,0.0,1.3,1.1,16.6176632796768,16.6176632796768,16.14720837261325,9.2391336268769,4.958065840279442,
259_p3conc_338.2_i34,Ibalizumab,mAb_IgG4,3.5,150.0,8.0,0.3,338.212,27.5,Histidine,6.0,15.0,none,0.0,none,0.0,none,0.0,none,0.0,1.3,1.1,19.41714102028287,19.41714102028287,17.091012035449776,11.588553809966447,5.451970899065399,
259_p3conc_350.5_i35,Ibalizumab,mAb_IgG4,3.5,150.0,8.0,0.3,350.4508,27.5,Histidine,6.0,15.0,none,0.0,none,0.0,none,0.0,none,0.0,1.3,1.1,22.033491052422157,22.033491052422157,19.769029399610872,12.361228692482706,5.778279400717468,
259_p3conc_363.1_i36,Ibalizumab,mAb_IgG4,3.5,150.0,8.0,0.3,363.1332,27.5,Histidine,6.0,15.0,none,0.0,none,0.0,none,0.0,none,0.0,1.3,1.1,23.8070853964126,23.8070853964126,23.8070853964126,13.832152914915627,6.595551523517968,
259_p3conc_376.3_i37,Ibalizumab,mAb_IgG4,3.5,150.0,8.0,0.3,376.2738,27.5,Histidine,6.0,15.0,none,0.0,none,0.0,none,0.0,none,0.0,1.3,1.1,27.442315892267814,26.114455608042526,26.114455608042526,16.312190096952627,7.318848698668234,
259_p3conc_389.9_i38,Ibalizumab,mAb_IgG4,3.5,150.0,8.0,0.3,389.8908,27.5,Histidine,6.0,15.0,none,0.0,none,0.0,none,0.0,none,0.0,1.3,1.1,31.497630747901884,30.331991065351282,28.14591752238927,15.290038634765892,7.335387874632665,
496_p3conc_1.5_i0,Nivolumab,mAb_IgG4,3.5,146.0,8.8,0.3,1.4619,26.0,Histidine,6.0,15.0,none,0.0,none,0.0,none,0.0,none,0.0,1.3,1.1,0.9799056890838124,0.91,0.91,0.91,0.91,
496_p3conc_2.1_i1,Nivolumab,mAb_IgG4,3.5,146.0,8.8,0.3,2.137,26.0,Histidine,6.0,15.0,none,0.0,none,0.0,none,0.0,none,0.0,1.3,1.1,0.9998345459416155,0.997836525903169,0.91,0.91,0.91,
496_p3conc_3.1_i2,Nivolumab,mAb_IgG4,3.5,146.0,8.8,0.3,3.124,26.0,Histidine,6.0,15.0,none,0.0,none,0.0,none,0.0,none,0.0,1.3,1.1,0.91,0.91,0.91,0.91,0.91,
496_p3conc_4.6_i3,Nivolumab,mAb_IgG4,3.5,146.0,8.8,0.3,4.5669,26.0,Histidine,6.0,15.0,none,0.0,none,0.0,none,0.0,none,0.0,1.3,1.1,0.91,0.91,0.91,0.91,0.91,
496_p3conc_6.7_i4,Nivolumab,mAb_IgG4,3.5,146.0,8.8,0.3,6.6762,26.0,Histidine,6.0,15.0,none,0.0,none,0.0,none,0.0,none,0.0,1.3,1.1,0.9629499003777408,0.9502284208778469,0.9502284208778469,0.91,0.91,
496_p3conc_9.8_i5,Nivolumab,mAb_IgG4,3.5,146.0,8.8,0.3,9.7596,26.0,Histidine,6.0,15.0,none,0.0,none,0.0,none,0.0,none,0.0,1.3,1.1,0.962962463234076,0.94927335596825,0.94927335596825,0.94927335596825,0.94927335596825,
496_p3conc_14.3_i6,Nivolumab,mAb_IgG4,3.5,146.0,8.8,0.3,14.2672,26.0,Histidine,6.0,15.0,none,0.0,none,0.0,none,0.0,none,0.0,1.3,1.1,0.9770885080279255,0.9770885080279255,0.9346483401540833,0.9346483401540833,0.9346483401540833,
496_p3conc_20.9_i7,Nivolumab,mAb_IgG4,3.5,146.0,8.8,0.3,20.8567,26.0,Histidine,6.0,15.0,none,0.0,none,0.0,none,0.0,none,0.0,1.3,1.1,1.0754195792784256,1.0325310360108186,0.9799435019388988,0.9799435019388988,0.91,
496_p3conc_30.5_i8,Nivolumab,mAb_IgG4,3.5,146.0,8.8,0.3,30.4895,26.0,Histidine,6.0,15.0,none,0.0,none,0.0,none,0.0,none,0.0,1.3,1.1,1.0254452086738277,1.0254452086738277,1.0254452086738277,1.0254452086738277,1.0254452086738277,
494_p3conc_44.6_i9,Nivolumab,mAb_IgG4,3.5,146.0,8.8,0.3,44.5714,25.64,Histidine,6.0,15.0,none,0.0,none,0.0,none,0.0,none,0.0,1.3,1.1,1.4761001760074333,1.3845064362995176,1.2878292222938563,1.2345006563291419,1.1453140818952576,
494_p3conc_64.5_i10,Nivolumab,mAb_IgG4,3.5,146.0,8.8,0.3,64.5003,25.64,Histidine,6.0,15.0,none,0.0,none,0.0,none,0.0,none,0.0,1.3,1.1,2.0904763950229346,1.927781523170392,1.6068977732226168,1.35151250272988,1.1672857062940614,
494_p3conc_65.2_i11,Nivolumab,mAb_IgG4,3.5,146.0,8.8,0.3,65.157,25.64,Histidine,6.0,15.0,none,0.0,none,0.0,none,0.0,none,0.0,1.3,1.1,1.9007128129348352,1.9007128129348352,1.55331516184498,1.5152065190494055,1.201772686999394,
494_p3conc_75.6_i12,Nivolumab,mAb_IgG4,3.5,146.0,8.8,0.3,75.6418,25.64,Histidine,6.0,15.0,none,0.0,none,0.0,none,0.0,none,0.0,1.3,1.1,2.09027141214936,2.09027141214936,1.7456223292049704,1.6243692171160493,1.20942528860997,
495_p3conc_88.7_i13,Nivolumab,mAb_IgG4,3.5,146.0,8.8,0.3,88.7076,24.47,Histidine,6.0,15.0,none,0.0,none,0.0,none,0.0,none,0.0,1.3,1.1,2.3046675246345165,2.2830677443951264,1.9727585410598392,1.9727585410598392,1.5163332674888306,
495_p3conc_95.3_i14,Nivolumab,mAb_IgG4,3.5,146.0,8.8,0.3,95.2504,24.47,Histidine,6.0,15.0,none,0.0,none,0.0,none,0.0,none,0.0,1.3,1.1,2.469333768491726,2.469333768491726,2.2097744427083,2.0954614671512504,1.5241052554609258,
495_p3conc_104.0_i15,Nivolumab,mAb_IgG4,3.5,146.0,8.8,0.3,104.0303,24.47,Histidine,6.0,15.0,none,0.0,none,0.0,none,0.0,none,0.0,1.3,1.1,2.6381383264265064,2.6381383264265064,2.4982739984101263,2.497566501163891,1.624335324123552,
495_p3conc_132.2_i16,Nivolumab,mAb_IgG4,3.5,146.0,8.8,0.3,132.1591,24.47,Histidine,6.0,15.0,none,0.0,none,0.0,none,0.0,none,0.0,1.3,1.1,3.231835224124289,3.231835224124289,3.231835224124289,3.2286518287780708,1.8117445549987352,
495_p3conc_139.2_i17,Nivolumab,mAb_IgG4,3.5,146.0,8.8,0.3,139.2429,24.47,Histidine,6.0,15.0,none,0.0,none,0.0,none,0.0,none,0.0,1.3,1.1,3.237494428839562,3.237494428839562,3.237494428839562,3.237494428839562,1.7344334048453929,
495_p3conc_143.2_i18,Nivolumab,mAb_IgG4,3.5,146.0,8.8,0.3,143.1644,24.47,Histidine,6.0,15.0,none,0.0,none,0.0,none,0.0,none,0.0,1.3,1.1,3.544701481689992,3.544701481689992,3.2489854454887563,3.2489854454887563,1.7962494268519718,
493_p3conc_155.1_i19,Nivolumab,mAb_IgG4,3.5,146.0,8.8,0.3,155.0858,25.25,Histidine,6.0,15.0,none,0.0,none,0.0,none,0.0,none,0.0,1.3,1.1,4.15506596034571,3.8916832832849555,3.685234047170472,3.5143876579502615,1.8304281901699782,
493_p3conc_178.3_i20,Nivolumab,mAb_IgG4,3.5,146.0,8.8,0.3,178.2896,25.25,Histidine,6.0,15.0,none,0.0,none,0.0,none,0.0,none,0.0,1.3,1.1,5.271695924327559,5.271695924327559,5.271695924327559,4.555054896259274,1.9584684320079264,
493_p3conc_189.2_i21,Nivolumab,mAb_IgG4,3.5,146.0,8.8,0.3,189.2095,25.25,Histidine,6.0,15.0,none,0.0,none,0.0,none,0.0,none,0.0,1.3,1.1,6.393659358336524,6.393659358336524,6.393659358336524,5.984665690132107,2.1515558737412745,
493_p3conc_200.8_i22,Nivolumab,mAb_IgG4,3.5,146.0,8.8,0.3,200.7983,25.25,Histidine,6.0,15.0,none,0.0,none,0.0,none,0.0,none,0.0,1.3,1.1,8.764250873376541,8.764250873376541,8.764250873376541,6.752434747976866,2.5658422272447137,
493_p3conc_203.6_i23,Nivolumab,mAb_IgG4,3.5,146.0,8.8,0.3,203.5532,25.25,Histidine,6.0,15.0,none,0.0,none,0.0,none,0.0,none,0.0,1.3,1.1,11.078261392246512,10.300173236110721,8.217598353148379,7.3638897977595095,3.1392260956096885,
502_p3conc_213.1_i24,Nivolumab,mAb_IgG4,3.5,146.0,8.8,0.3,213.0968,25.29,Histidine,6.0,15.0,none,0.0,none,0.0,none,0.0,none,0.0,1.3,1.1,13.366817103949831,12.077011321380034,11.458616791789666,8.892099974665424,3.2818721322392865,
502_p3conc_226.1_i25,Nivolumab,mAb_IgG4,3.5,146.0,8.8,0.3,226.1487,25.29,Histidine,6.0,15.0,none,0.0,none,0.0,none,0.0,none,0.0,1.3,1.1,20.63781545270259,15.750283491976866,15.750283491976866,13.193409708441493,4.381110538796767,
502_p3conc_264.0_i26,Nivolumab,mAb_IgG4,3.5,146.0,8.8,0.3,263.9927,25.29,Histidine,6.0,15.0,none,0.0,none,0.0,none,0.0,none,0.0,1.3,1.1,39.710521371353266,38.273960477365875,34.48053012856779,26.7873202601407,9.504150014820466,
502_p3conc_276.9_i27,Nivolumab,mAb_IgG4,3.5,146.0,8.8,0.3,276.8745,25.29,Histidine,6.0,15.0,none,0.0,none,0.0,none,0.0,none,0.0,1.3,1.1,54.31589584053854,45.99538309183261,40.9112668695469,34.956316089960204,11.245669992664816,
492_p3conc_290.4_i28,Nivolumab,mAb_IgG4,3.5,146.0,8.8,0.3,290.3842,25.21,Histidine,6.0,15.0,none,0.0,none,0.0,none,0.0,none,0.0,1.3,1.1,62.80772005872048,59.57399147331325,50.59114963049695,43.51978007631554,13.951216261918955,
492_p3conc_297.6_i29,Nivolumab,mAb_IgG4,3.5,146.0,8.8,0.3,297.5665,25.21,Histidine,6.0,15.0,none,0.0,none,0.0,none,0.0,none,0.0,1.3,1.1,68.70658784467086,62.26745826882489,56.70812361534151,53.823228646684306,15.516410173312096,
492_p3conc_304.6_i30,Nivolumab,mAb_IgG4,3.5,146.0,8.8,0.3,304.5538,25.21,Histidine,6.0,15.0,none,0.0,none,0.0,none,0.0,none,0.0,1.3,1.1,79.66540106706199,71.75479683908989,68.90303656916713,65.2213560378132,16.407283602831676,
492_p3conc_357.6_i31,Nivolumab,mAb_IgG4,3.5,146.0,8.8,0.3,357.607,25.21,Histidine,6.0,15.0,none,0.0,none,0.0,none,0.0,none,0.0,1.3,1.1,156.60056966758484,143.4423283492857,143.4423283492857,143.4423283492857,37.662975464378874,
492_p3conc_369.5_i32,Nivolumab,mAb_IgG4,3.5,146.0,8.8,0.3,369.4758,25.21,Histidine,6.0,15.0,none,0.0,none,0.0,none,0.0,none,0.0,1.3,1.1,182.1897408000141,182.1897408000141,182.1897408000141,182.1897408000141,39.77178337783577,
492_p3conc_381.7_i33,Nivolumab,mAb_IgG4,3.5,146.0,8.8,0.3,381.7394,25.21,Histidine,6.0,15.0,none,0.0,none,0.0,none,0.0,none,0.0,1.3,1.1,223.7971723220979,212.30636911122775,212.30636911122775,211.84109784565516,45.195762928472654,
492_p3conc_394.4_i34,Nivolumab,mAb_IgG4,3.5,146.0,8.8,0.3,394.4101,25.21,Histidine,6.0,15.0,none,0.0,none,0.0,none,0.0,none,0.0,1.3,1.1,287.5744323294276,263.23837409917763,263.23837409917763,263.23837409917763,52.477812614717145,
492_p3conc_407.5_i35,Nivolumab,mAb_IgG4,3.5,146.0,8.8,0.3,407.5004,25.21,Histidine,6.0,15.0,none,0.0,none,0.0,none,0.0,none,0.0,1.3,1.1,312.07495667950496,310.54606228210343,310.54606228210343,310.54606228210343,56.38412522953294,
492_p3conc_421.0_i36,Nivolumab,mAb_IgG4,3.5,146.0,8.8,0.3,421.0261,25.21,Histidine,6.0,15.0,none,0.0,none,0.0,none,0.0,none,0.0,1.3,1.1,426.06259035081086,411.22854541889524,407.4927068467205,396.8589983473127,73.33716071721189,
225_p3conc_1.4_i0,Pembrolizumab,mAb_IgG4,3.5,149.0,7.57,0.3,1.4262,27.5,Acetate,5.0,20.0,none,0.0,none,0.0,none,0.0,none,0.0,1.3,1.1,0.91,0.91,0.91,0.91,0.91,
225_p3conc_1.8_i1,Pembrolizumab,mAb_IgG4,3.5,149.0,7.57,0.3,1.7783,27.5,Acetate,5.0,20.0,none,0.0,none,0.0,none,0.0,none,0.0,1.3,1.1,0.9729917921522957,0.91,0.91,0.91,0.91,
225_p3conc_2.0_i2,Pembrolizumab,mAb_IgG4,3.5,149.0,7.57,0.3,2.034,27.5,Acetate,5.0,20.0,none,0.0,none,0.0,none,0.0,none,0.0,1.3,1.1,0.91,0.91,0.91,0.91,0.91,
225_p3conc_2.9_i3,Pembrolizumab,mAb_IgG4,3.5,149.0,7.57,0.3,2.9009,27.5,Acetate,5.0,20.0,none,0.0,none,0.0,none,0.0,none,0.0,1.3,1.1,0.9326993726349644,0.91,0.91,0.91,0.91,
225_p3conc_3.2_i4,Pembrolizumab,mAb_IgG4,3.5,149.0,7.57,0.3,3.1623,27.5,Acetate,5.0,20.0,none,0.0,none,0.0,none,0.0,none,0.0,1.3,1.1,0.9492133700045561,0.9492133700045561,0.9226141235595333,0.9226141235595333,0.91,
225_p3conc_4.1_i5,Pembrolizumab,mAb_IgG4,3.5,149.0,7.57,0.3,4.1373,27.5,Acetate,5.0,20.0,none,0.0,none,0.0,none,0.0,none,0.0,1.3,1.1,0.9549053626299502,0.91,0.91,0.91,0.91,
225_p3conc_5.6_i6,Pembrolizumab,mAb_IgG4,3.5,149.0,7.57,0.3,5.6234,27.5,Acetate,5.0,20.0,none,0.0,none,0.0,none,0.0,none,0.0,1.3,1.1,0.9222171859256829,0.9222171859256829,0.9222171859256829,0.91,0.91,
225_p3conc_5.9_i7,Pembrolizumab,mAb_IgG4,3.5,149.0,7.57,0.3,5.9006,27.5,Acetate,5.0,20.0,none,0.0,none,0.0,none,0.0,none,0.0,1.3,1.1,0.9959550538128128,0.9897108954543017,0.91,0.91,0.91,
225_p3conc_8.4_i8,Pembrolizumab,mAb_IgG4,3.5,149.0,7.57,0.3,8.4154,27.5,Acetate,5.0,20.0,none,0.0,none,0.0,none,0.0,none,0.0,1.3,1.1,1.0222089878628118,1.0128598052187592,0.9623289112839287,0.9623289112839287,0.9623289112839287,
225_p3conc_10.0_i9,Pembrolizumab,mAb_IgG4,3.5,149.0,7.57,0.3,10.0,27.5,Acetate,5.0,20.0,none,0.0,none,0.0,none,0.0,none,0.0,1.3,1.1,0.9578073671386218,0.9578073671386218,0.9578073671386218,0.9578073671386218,0.91,
225_p3conc_12.0_i10,Pembrolizumab,mAb_IgG4,3.5,149.0,7.57,0.3,12.002,27.5,Acetate,5.0,20.0,none,0.0,none,0.0,none,0.0,none,0.0,1.3,1.1,1.009426288330238,0.9933975878080734,0.9550074640722754,0.9293001177840541,0.91,
225_p3conc_17.1_i11,Pembrolizumab,mAb_IgG4,3.5,149.0,7.57,0.3,17.1173,27.5,Acetate,5.0,20.0,none,0.0,none,0.0,none,0.0,none,0.0,1.3,1.1,1.062042228609583,1.062042228609583,0.9388247855001368,0.9388247855001368,0.9388247855001368,
225_p3conc_17.8_i12,Pembrolizumab,mAb_IgG4,3.5,149.0,7.57,0.3,17.7828,27.5,Acetate,5.0,20.0,none,0.0,none,0.0,none,0.0,none,0.0,1.3,1.1,1.0508558413091265,1.0508558413091265,1.0267925803328768,1.0267925803328768,1.0039699288968833,
225_p3conc_24.4_i13,Pembrolizumab,mAb_IgG4,3.5,149.0,7.57,0.3,24.4125,27.5,Acetate,5.0,20.0,none,0.0,none,0.0,none,0.0,none,0.0,1.3,1.1,1.1586800896765816,1.1586800896765816,1.1121104971054119,1.0930249741450944,0.951328448406534,
225_p3conc_31.6_i14,Pembrolizumab,mAb_IgG4,3.5,149.0,7.57,0.3,31.6228,27.5,Acetate,5.0,20.0,none,0.0,none,0.0,none,0.0,none,0.0,1.3,1.1,1.363142081744268,1.3110908766555573,1.13416477514003,1.1288135749206338,0.9426476328086779,
225_p3conc_34.8_i15,Pembrolizumab,mAb_IgG4,3.5,149.0,7.57,0.3,34.8171,27.5,Acetate,5.0,20.0,none,0.0,none,0.0,none,0.0,none,0.0,1.3,1.1,1.3328796470423876,1.3328796470423876,1.1875768690086828,1.157920936928259,0.9889512445276444,
225_p3conc_49.7_i16,Pembrolizumab,mAb_IgG4,3.5,149.0,7.57,0.3,49.6559,27.5,Acetate,5.0,20.0,none,0.0,none,0.0,none,0.0,none,0.0,1.3,1.1,1.6188407771440605,1.6188407771440605,1.3691964220755968,1.2865191949057488,1.0802896189301685,
225_p3conc_56.2_i17,Pembrolizumab,mAb_IgG4,3.5,149.0,7.57,0.3,56.2341,27.5,Acetate,5.0,20.0,none,0.0,none,0.0,none,0.0,none,0.0,1.3,1.1,1.772796827729852,1.7200042878176167,1.4306319468423545,1.251950203680854,1.1249028885308143,
225_p3conc_70.8_i18,Pembrolizumab,mAb_IgG4,3.5,149.0,7.57,0.3,70.8192,27.5,Acetate,5.0,20.0,none,0.0,none,0.0,none,0.0,none,0.0,1.3,1.1,2.1666965930450712,2.1666965930450712,1.621240469565247,1.6011153820616824,1.2734891590554354,
225_p3conc_109.8_i19,Pembrolizumab,mAb_IgG4,3.5,149.0,7.57,0.3,109.8485,27.5,Acetate,5.0,20.0,none,0.0,none,0.0,none,0.0,none,0.0,1.3,1.1,3.899787831048884,3.589922443685959,2.6168338267831888,2.4514518240800265,1.431297862563264,
225_p3conc_120.7_i20,Pembrolizumab,mAb_IgG4,3.5,149.0,7.57,0.3,120.6669,27.5,Acetate,5.0,20.0,none,0.0,none,0.0,none,0.0,none,0.0,1.3,1.1,4.2504465362063515,4.2504465362063515,3.1490824154173467,2.673374224978638,1.5660415803478114,
225_p3conc_132.6_i21,Pembrolizumab,mAb_IgG4,3.5,149.0,7.57,0.3,132.5507,27.5,Acetate,5.0,20.0,none,0.0,none,0.0,none,0.0,none,0.0,1.3,1.1,5.204714798716517,4.727567141665673,3.639835303543424,2.914687410017122,1.7937869485067732,
225_p3conc_144.0_i22,Pembrolizumab,mAb_IgG4,3.5,149.0,7.57,0.3,144.0486,27.5,Acetate,5.0,20.0,none,0.0,none,0.0,none,0.0,none,0.0,1.3,1.1,5.741196105117488,5.741196105117488,4.218203192707602,3.517801384134863,2.1264602738295206,
225_p3conc_145.6_i23,Pembrolizumab,mAb_IgG4,3.5,149.0,7.57,0.3,145.6049,27.5,Acetate,5.0,20.0,none,0.0,none,0.0,none,0.0,none,0.0,1.3,1.1,6.1715795706897065,5.463961272447755,4.207677537500258,3.446163774150342,2.20117960378393,
217_p3conc_159.9_i24,Pembrolizumab,mAb_IgG4,3.5,149.0,7.57,0.3,159.9448,27.5,Acetate,5.0,20.0,none,0.0,none,0.0,none,0.0,none,0.0,1.3,1.1,8.010963362604947,7.625115275278474,5.89145400969114,4.469975455889403,2.5532632330233125,
217_p3conc_175.7_i25,Pembrolizumab,mAb_IgG4,3.5,149.0,7.57,0.3,175.6965,27.5,Acetate,5.0,20.0,none,0.0,none,0.0,none,0.0,none,0.0,1.3,1.1,11.83212898682413,8.64831867148916,7.4544917894700955,5.403756483042297,3.2517487430652903,
217_p3conc_203.3_i26,Pembrolizumab,mAb_IgG4,3.5,149.0,7.57,0.3,203.3391,27.5,Acetate,5.0,20.0,none,0.0,none,0.0,none,0.0,none,0.0,1.3,1.1,18.706995096796597,12.500145696530916,11.975589372764642,8.111151165199782,4.634772462789463,
217_p3conc_205.4_i27,Pembrolizumab,mAb_IgG4,3.5,149.0,7.57,0.3,205.4414,27.5,Acetate,5.0,20.0,none,0.0,none,0.0,none,0.0,none,0.0,1.3,1.1,18.486363735536756,12.21847387183251,12.21847387183251,8.325945487479972,4.988045269607863,
217_p3conc_214.2_i28,Pembrolizumab,mAb_IgG4,3.5,149.0,7.57,0.3,214.2323,27.5,Acetate,5.0,20.0,none,0.0,none,0.0,none,0.0,none,0.0,1.3,1.1,20.671670265661323,14.515865686751368,14.382271672207528,9.636381873381769,5.050683581229778,
217_p3conc_225.7_i29,Pembrolizumab,mAb_IgG4,3.5,149.0,7.57,0.3,225.7091,27.5,Acetate,5.0,20.0,none,0.0,none,0.0,none,0.0,none,0.0,1.3,1.1,25.441734718834272,17.739097609343546,17.309660488886518,9.909816202258996,5.512164163132997,
217_p3conc_237.8_i30,Pembrolizumab,mAb_IgG4,3.5,149.0,7.57,0.3,237.8001,27.5,Acetate,5.0,20.0,none,0.0,none,0.0,none,0.0,none,0.0,1.3,1.1,35.25714968732314,20.72197666859967,20.72197666859967,12.098259596423464,6.654255982332269,
217_p3conc_250.5_i31,Pembrolizumab,mAb_IgG4,3.5,149.0,7.57,0.3,250.5394,27.5,Acetate,5.0,20.0,none,0.0,none,0.0,none,0.0,none,0.0,1.3,1.1,40.90811065026036,24.51241423393881,24.51241423393881,14.992207306340996,7.566789099630509,
217_p3conc_264.0_i32,Pembrolizumab,mAb_IgG4,3.5,149.0,7.57,0.3,263.9611,27.5,Acetate,5.0,20.0,none,0.0,none,0.0,none,0.0,none,0.0,1.3,1.1,48.450710422748344,28.19009332930335,28.19009332930335,18.77524588099914,9.123795600976512,
217_p3conc_278.1_i33,Pembrolizumab,mAb_IgG4,3.5,149.0,7.57,0.3,278.1019,27.5,Acetate,5.0,20.0,none,0.0,none,0.0,none,0.0,none,0.0,1.3,1.1,61.97226618244275,34.652323246611864,34.652323246611864,22.001618449498896,9.603908414693016,
426_p3conc_1.4_i0,Pembrolizumab,mAb_IgG4,3.5,149.0,7.57,0.3,1.4324,25.0,Histidine,6.0,15.0,none,0.0,none,0.0,none,0.0,none,0.0,1.3,1.1,0.9148654812773288,0.91,0.91,0.91,0.91,
426_p3conc_2.1_i1,Pembrolizumab,mAb_IgG4,3.5,149.0,7.57,0.3,2.0517,25.0,Histidine,6.0,15.0,none,0.0,none,0.0,none,0.0,none,0.0,1.3,1.1,0.91,0.91,0.91,0.91,0.91,
426_p3conc_2.6_i2,Pembrolizumab,mAb_IgG4,3.5,149.0,7.57,0.3,2.6458,25.0,Histidine,6.0,15.0,none,0.0,none,0.0,none,0.0,none,0.0,1.3,1.1,0.91,0.91,0.91,0.91,0.91,
426_p3conc_2.9_i3,Pembrolizumab,mAb_IgG4,3.5,149.0,7.57,0.3,2.9388,25.0,Histidine,6.0,15.0,none,0.0,none,0.0,none,0.0,none,0.0,1.3,1.1,0.9287163212218756,0.91,0.91,0.91,0.91,
426_p3conc_4.2_i4,Pembrolizumab,mAb_IgG4,3.5,149.0,7.57,0.3,4.2095,25.0,Histidine,6.0,15.0,none,0.0,none,0.0,none,0.0,none,0.0,1.3,1.1,0.9464560730718692,0.9153016251795635,0.9153016251795635,0.91,0.91,
426_p3conc_6.0_i5,Pembrolizumab,mAb_IgG4,3.5,149.0,7.57,0.3,6.0296,25.0,Histidine,6.0,15.0,none,0.0,none,0.0,none,0.0,none,0.0,1.3,1.1,0.9156210933521884,0.9134948498282152,0.9134948498282152,0.9134948498282152,0.91,
426_p3conc_7.0_i6,Pembrolizumab,mAb_IgG4,3.5,149.0,7.57,0.3,7.0,25.0,Histidine,6.0,15.0,none,0.0,none,0.0,none,0.0,none,0.0,1.3,1.1,0.9832252222892945,0.91,0.91,0.91,0.91,
426_p3conc_8.6_i7,Pembrolizumab,mAb_IgG4,3.5,149.0,7.57,0.3,8.6367,25.0,Histidine,6.0,15.0,none,0.0,none,0.0,none,0.0,none,0.0,1.3,1.1,0.9965606499288938,0.91,0.91,0.91,0.91,
426_p3conc_12.4_i8,Pembrolizumab,mAb_IgG4,3.5,149.0,7.57,0.3,12.3711,25.0,Histidine,6.0,15.0,none,0.0,none,0.0,none,0.0,none,0.0,1.3,1.1,0.9588763703256814,0.9588763703256814,0.9461989415880018,0.9461989415880018,0.9461989415880018,
426_p3conc_17.7_i9,Pembrolizumab,mAb_IgG4,3.5,149.0,7.57,0.3,17.7201,25.0,Histidine,6.0,15.0,none,0.0,none,0.0,none,0.0,none,0.0,1.3,1.1,0.9699310554703066,0.929160341612276,0.929160341612276,0.9135444120326727,0.9135444120326727,
426_p3conc_18.5_i10,Pembrolizumab,mAb_IgG4,3.5,149.0,7.57,0.3,18.5203,25.0,Histidine,6.0,15.0,none,0.0,none,0.0,none,0.0,none,0.0,1.3,1.1,0.9899487645902287,0.9899487645902287,0.9615939345709912,0.9615939345709912,0.9615939345709912,
426_p3conc_25.4_i11,Pembrolizumab,mAb_IgG4,3.5,149.0,7.57,0.3,25.3818,25.0,Histidine,6.0,15.0,none,0.0,none,0.0,none,0.0,none,0.0,1.3,1.1,1.0779279262532222,1.0620880086058826,1.0620880086058826,1.0112539739926776,1.0112539739926776,
426_p3conc_36.4_i12,Pembrolizumab,mAb_IgG4,3.5,149.0,7.57,0.3,36.3564,25.0,Histidine,6.0,15.0,none,0.0,none,0.0,none,0.0,none,0.0,1.3,1.1,1.3537174455911336,1.3264908848845056,1.2188690140211604,1.2188690140211604,1.2188690140211604,
426_p3conc_52.1_i13,Pembrolizumab,mAb_IgG4,3.5,149.0,7.57,0.3,52.0762,25.0,Histidine,6.0,15.0,none,0.0,none,0.0,none,0.0,none,0.0,1.3,1.1,1.9128962292199796,1.791527980644169,1.5580057422804092,1.5580057422804092,1.5580057422804092,
427_p3conc_88.8_i14,Pembrolizumab,mAb_IgG4,3.5,149.0,7.57,0.3,88.8258,25.0,Histidine,6.0,15.0,none,0.0,none,0.0,none,0.0,none,0.0,1.3,1.1,6.569883830779412,6.569883830779412,5.884133778971198,4.493299069268377,2.2196703396296895,
427_p3conc_98.6_i15,Pembrolizumab,mAb_IgG4,3.5,149.0,7.57,0.3,98.625,25.0,Histidine,6.0,15.0,none,0.0,none,0.0,none,0.0,none,0.0,1.3,1.1,8.63936178324551,8.63936178324551,7.345565592696348,4.987564147362183,2.2709983708334165,
427_p3conc_106.8_i16,Pembrolizumab,mAb_IgG4,3.5,149.0,7.57,0.3,106.8452,25.0,Histidine,6.0,15.0,none,0.0,none,0.0,none,0.0,none,0.0,1.3,1.1,13.68614273740765,12.36522123574043,8.955300868062023,5.685152850119586,2.464703507590483,
424_p3conc_109.5_i17,Pembrolizumab,mAb_IgG4,3.5,149.0,7.57,0.3,109.5055,25.0,Histidine,6.0,15.0,none,0.0,none,0.0,none,0.0,none,0.0,1.3,1.1,15.348950807271995,13.184187925692054,10.646596241481875,5.880493584448784,2.2426548813672866,
424_p3conc_121.6_i18,Pembrolizumab,mAb_IgG4,3.5,149.0,7.57,0.3,121.5864,25.0,Histidine,6.0,15.0,none,0.0,none,0.0,none,0.0,none,0.0,1.3,1.1,20.548125716488126,17.292957210756573,12.75784954792318,8.043898041074055,2.327574373207036,
423_p3conc_161.0_i19,Pembrolizumab,mAb_IgG4,3.5,149.0,7.57,0.3,161.0482,25.0,Histidine,6.0,15.0,none,0.0,none,0.0,none,0.0,none,0.0,1.3,1.1,27.509046961214185,20.772155829438944,20.268858147679737,18.492547151978822,9.705235643815088,
423_p3conc_172.9_i20,Pembrolizumab,mAb_IgG4,3.5,149.0,7.57,0.3,172.91,25.0,Histidine,6.0,15.0,none,0.0,none,0.0,none,0.0,none,0.0,1.3,1.1,26.286894366559004,25.712600287019814,22.685076493176823,21.55442928575379,11.64596818555536,
425_p3conc_185.6_i21,Pembrolizumab,mAb_IgG4,3.5,149.0,7.57,0.3,185.6457,25.0,Histidine,6.0,15.0,none,0.0,none,0.0,none,0.0,none,0.0,1.3,1.1,29.14933655132515,29.14933655132515,27.74091716808074,27.74091716808074,12.714003290337278,
425_p3conc_199.3_i22,Pembrolizumab,mAb_IgG4,3.5,149.0,7.57,0.3,199.3191,25.0,Histidine,6.0,15.0,none,0.0,none,0.0,none,0.0,none,0.0,1.3,1.1,35.92854028057117,35.30727601002628,33.68637974398429,30.087004849327304,13.910335010521768,
425_p3conc_235.5_i23,Pembrolizumab,mAb_IgG4,3.5,149.0,7.57,0.3,235.5282,25.0,Histidine,6.0,15.0,none,0.0,none,0.0,none,0.0,none,0.0,1.3,1.1,66.53936965169318,66.53936965169318,65.37728245827653,58.987119560042764,20.459759410850708,
425_p3conc_247.1_i24,Pembrolizumab,mAb_IgG4,3.5,149.0,7.57,0.3,247.091,25.0,Histidine,6.0,15.0,none,0.0,none,0.0,none,0.0,none,0.0,1.3,1.1,77.48463474318915,77.48463474318915,77.48463474318915,73.5237730310152,21.44437104426177,
425_p3conc_259.2_i25,Pembrolizumab,mAb_IgG4,3.5,149.0,7.57,0.3,259.2221,25.0,Histidine,6.0,15.0,none,0.0,none,0.0,none,0.0,none,0.0,1.3,1.1,101.01657903236266,101.01657903236266,101.01657903236266,95.70405108341446,25.70020452726285,
425_p3conc_271.9_i26,Pembrolizumab,mAb_IgG4,3.5,149.0,7.57,0.3,271.9481,25.0,Histidine,6.0,15.0,none,0.0,none,0.0,none,0.0,none,0.0,1.3,1.1,128.09239131561392,128.09239131561392,128.09239131561392,116.71526359884355,29.785579805726332,
425_p3conc_285.3_i27,Pembrolizumab,mAb_IgG4,3.5,149.0,7.57,0.3,285.2995,25.0,Histidine,6.0,15.0,none,0.0,none,0.0,none,0.0,none,0.0,1.3,1.1,169.07104387192152,165.80073260371495,150.95097128022022,150.95097128022022,34.82500828657403,
425_p3conc_299.3_i28,Pembrolizumab,mAb_IgG4,3.5,149.0,7.57,0.3,299.3057,25.0,Histidine,6.0,15.0,none,0.0,none,0.0,none,0.0,none,0.0,1.3,1.1,211.16377203094518,211.16377203094518,211.16377203094518,194.91538781433877,46.68717299653536,
302_p3conc_1.4_i0,Trastuzumab,mAb_IgG1,3.0,149.0,8.9,0.3,1.4111,25.0,Acetate,5.0,20.0,none,0.0,none,0.0,none,0.0,none,0.0,1.0,1.0,0.91,0.91,0.91,0.91,0.91,
302_p3conc_1.6_i1,Trastuzumab,mAb_IgG1,3.0,149.0,8.9,0.3,1.5741,25.0,Acetate,5.0,20.0,none,0.0,none,0.0,none,0.0,none,0.0,1.0,1.0,0.9348644694460545,0.9348644694460545,0.91,0.91,0.91,
302_p3conc_2.0_i2,Trastuzumab,mAb_IgG1,3.0,149.0,8.9,0.3,1.9911,25.0,Acetate,5.0,20.0,none,0.0,none,0.0,none,0.0,none,0.0,1.0,1.0,0.91,0.91,0.91,0.91,0.91,
302_p3conc_2.5_i3,Trastuzumab,mAb_IgG1,3.0,149.0,8.9,0.3,2.4778,25.0,Acetate,5.0,20.0,none,0.0,none,0.0,none,0.0,none,0.0,1.0,1.0,0.91,0.91,0.91,0.91,0.91,
302_p3conc_2.8_i4,Trastuzumab,mAb_IgG1,3.0,149.0,8.9,0.3,2.8095,25.0,Acetate,5.0,20.0,none,0.0,none,0.0,none,0.0,none,0.0,1.0,1.0,0.989955807247674,0.9396990574622484,0.91,0.91,0.91,
302_p3conc_3.9_i5,Trastuzumab,mAb_IgG1,3.0,149.0,8.9,0.3,3.9002,25.0,Acetate,5.0,20.0,none,0.0,none,0.0,none,0.0,none,0.0,1.0,1.0,0.91,0.91,0.91,0.91,0.91,
302_p3conc_4.0_i6,Trastuzumab,mAb_IgG1,3.0,149.0,8.9,0.3,3.9644,25.0,Acetate,5.0,20.0,none,0.0,none,0.0,none,0.0,none,0.0,1.0,1.0,0.9774723138582884,0.9240022473092243,0.91,0.91,0.91,
302_p3conc_5.6_i7,Trastuzumab,mAb_IgG1,3.0,149.0,8.9,0.3,5.5939,25.0,Acetate,5.0,20.0,none,0.0,none,0.0,none,0.0,none,0.0,1.0,1.0,1.0180844051846747,0.9148614332278742,0.9148614332278742,0.9148614332278742,0.9148614332278742,
302_p3conc_6.1_i8,Trastuzumab,mAb_IgG1,3.0,149.0,8.9,0.3,6.1392,25.0,Acetate,5.0,20.0,none,0.0,none,0.0,none,0.0,none,0.0,1.0,1.0,0.9564301656822487,0.9564301656822487,0.9564301656822487,0.91,0.91,
302_p3conc_7.9_i9,Trastuzumab,mAb_IgG1,3.0,149.0,8.9,0.3,7.8933,25.0,Acetate,5.0,20.0,none,0.0,none,0.0,none,0.0,none,0.0,1.0,1.0,1.0125293663892243,1.0125293663892243,0.9325886508507321,0.9325886508507321,0.9325886508507321,
302_p3conc_9.7_i10,Trastuzumab,mAb_IgG1,3.0,149.0,8.9,0.3,9.6637,25.0,Acetate,5.0,20.0,none,0.0,none,0.0,none,0.0,none,0.0,1.0,1.0,1.024991528521172,1.0037872373383219,0.9556114957409693,0.9556114957409693,0.91,
302_p3conc_11.1_i11,Trastuzumab,mAb_IgG1,3.0,149.0,8.9,0.3,11.1379,25.0,Acetate,5.0,20.0,none,0.0,none,0.0,none,0.0,none,0.0,1.0,1.0,1.0477712384182745,1.0477712384182745,0.9724568433771126,0.9724568433771126,0.91,
302_p3conc_15.2_i12,Trastuzumab,mAb_IgG1,3.0,149.0,8.9,0.3,15.2115,25.0,Acetate,5.0,20.0,none,0.0,none,0.0,none,0.0,none,0.0,1.0,1.0,1.1336697959759394,1.1066030911641176,1.0419839066680128,1.0188867780019777,0.9112475091406441,
302_p3conc_15.7_i13,Trastuzumab,mAb_IgG1,3.0,149.0,8.9,0.3,15.7162,25.0,Acetate,5.0,20.0,none,0.0,none,0.0,none,0.0,none,0.0,1.0,1.0,1.1485958577477986,1.0988918398494432,1.0590831192397034,1.0439009499390763,0.9731709236302621,
302_p3conc_22.2_i14,Trastuzumab,mAb_IgG1,3.0,149.0,8.9,0.3,22.1764,25.0,Acetate,5.0,20.0,none,0.0,none,0.0,none,0.0,none,0.0,1.0,1.0,1.269566276193226,1.2067029959276934,1.1889343025477912,1.1144200576253422,0.9879885225369194,
302_p3conc_23.9_i15,Trastuzumab,mAb_IgG1,3.0,149.0,8.9,0.3,23.9443,25.0,Acetate,5.0,20.0,none,0.0,none,0.0,none,0.0,none,0.0,1.0,1.0,1.2977678068717138,1.1241247846664688,1.1241247846664688,1.1168442591816385,0.929856519472714,
302_p3conc_31.3_i16,Trastuzumab,mAb_IgG1,3.0,149.0,8.9,0.3,31.2922,25.0,Acetate,5.0,20.0,none,0.0,none,0.0,none,0.0,none,0.0,1.0,1.0,1.419599708583437,1.3241616650808166,1.219668832726686,1.15099211976557,0.9960369386556768,
302_p3conc_37.7_i17,Trastuzumab,mAb_IgG1,3.0,149.0,8.9,0.3,37.6904,25.0,Acetate,5.0,20.0,none,0.0,none,0.0,none,0.0,none,0.0,1.0,1.0,1.5271077099898465,1.4356657418109942,1.2277518261605624,1.2277518261605624,0.9537533330808472,
302_p3conc_44.2_i18,Trastuzumab,mAb_IgG1,3.0,149.0,8.9,0.3,44.1549,25.0,Acetate,5.0,20.0,none,0.0,none,0.0,none,0.0,none,0.0,1.0,1.0,1.7136526401430126,1.5149418155027718,1.2640425723643018,1.2640425723643018,1.0193440267033855,
302_p3conc_59.3_i19,Trastuzumab,mAb_IgG1,3.0,149.0,8.9,0.3,59.328,25.0,Acetate,5.0,20.0,none,0.0,none,0.0,none,0.0,none,0.0,1.0,1.0,1.9931643964217092,1.9931643964217092,1.5881914494881395,1.507145835115084,0.9496499051437375,
302_p3conc_62.3_i20,Trastuzumab,mAb_IgG1,3.0,149.0,8.9,0.3,62.305,25.0,Acetate,5.0,20.0,none,0.0,none,0.0,none,0.0,none,0.0,1.0,1.0,2.045532408165368,2.045532408165368,1.5551312561222133,1.4924196380867967,1.0155567314616867,
302_p3conc_87.9_i21,Trastuzumab,mAb_IgG1,3.0,149.0,8.9,0.3,87.9156,25.0,Acetate,5.0,20.0,none,0.0,none,0.0,none,0.0,none,0.0,1.0,1.0,2.8797661431184194,2.6047399575894836,2.044652904492907,1.9571454688199081,1.0190233673555813,
302_p3conc_93.4_i22,Trastuzumab,mAb_IgG1,3.0,149.0,8.9,0.3,93.3873,25.0,Acetate,5.0,20.0,none,0.0,none,0.0,none,0.0,none,0.0,1.0,1.0,3.348487830180195,3.348487830180195,2.1309858995729365,2.0031332198224514,0.9661245913843723,
302_p3conc_124.1_i23,Trastuzumab,mAb_IgG1,3.0,149.0,8.9,0.3,124.0538,25.0,Acetate,5.0,20.0,none,0.0,none,0.0,none,0.0,none,0.0,1.0,1.0,5.286608528289911,4.5825148850296396,3.0296019388464837,2.4649910415174148,1.0232257307533414,
302_p3conc_156.9_i24,Trastuzumab,mAb_IgG1,3.0,149.0,8.9,0.3,156.852,25.0,Acetate,5.0,20.0,none,0.0,none,0.0,none,0.0,none,0.0,1.0,1.0,8.56331354208512,6.9886320163478866,3.892712219580204,3.5953241458141716,1.031806068290364,
302_p3conc_167.4_i25,Trastuzumab,mAb_IgG1,3.0,149.0,8.9,0.3,167.364,25.0,Acetate,5.0,20.0,none,0.0,none,0.0,none,0.0,none,0.0,1.0,1.0,10.469628799353213,8.155063288734585,4.0344861662074205,3.655124325052054,1.0318343050947318,
302_p3conc_175.0_i26,Trastuzumab,mAb_IgG1,3.0,149.0,8.9,0.3,175.0463,25.0,Acetate,5.0,20.0,none,0.0,none,0.0,none,0.0,none,0.0,1.0,1.0,11.217166791282635,8.108535577069649,4.541231762544703,4.1915639201432064,1.0882077528221312,
302_p3conc_178.6_i27,Trastuzumab,mAb_IgG1,3.0,149.0,8.9,0.3,178.5809,25.0,Acetate,5.0,20.0,none,0.0,none,0.0,none,0.0,none,0.0,1.0,1.0,11.571226598923102,8.573017349103653,4.897829179696885,4.114379435611961,1.0793119276052012,
302_p3conc_190.5_i28,Trastuzumab,mAb_IgG1,3.0,149.0,8.9,0.3,190.5491,25.0,Acetate,5.0,20.0,none,0.0,none,0.0,none,0.0,none,0.0,1.0,1.0,13.70992330312505,10.558388210481873,5.333939567540084,4.534658069220697,1.0941587654143612,
302_p3conc_203.3_i29,Trastuzumab,mAb_IgG1,3.0,149.0,8.9,0.3,203.32,25.0,Acetate,5.0,20.0,none,0.0,none,0.0,none,0.0,none,0.0,1.0,1.0,16.269388201311855,11.63108153181273,5.875300559097674,5.337237566782037,1.0600317674278688,
302_p3conc_216.9_i30,Trastuzumab,mAb_IgG1,3.0,149.0,8.9,0.3,216.9462,25.0,Acetate,5.0,20.0,none,0.0,none,0.0,none,0.0,none,0.0,1.0,1.0,20.83532762898708,15.663690535642502,6.4350703083023415,6.279661872141855,1.1328709833699107,
302_p3conc_231.5_i31,Trastuzumab,mAb_IgG1,3.0,149.0,8.9,0.3,231.4861,25.0,Acetate,5.0,20.0,none,0.0,none,0.0,none,0.0,none,0.0,1.0,1.0,24.776251961307505,17.42089518086746,8.143152010228325,6.816497493835333,1.1152396200025367,
311_p3conc_1.4_i0,Trastuzumab,mAb_IgG1,3.0,149.0,8.9,0.3,1.4146,25.0,Histidine,6.0,15.0,none,0.0,none,0.0,none,0.0,none,0.0,1.0,1.0,0.91,0.91,0.91,0.91,0.91,
311_p3conc_1.7_i1,Trastuzumab,mAb_IgG1,3.0,149.0,8.9,0.3,1.71,25.0,Histidine,6.0,15.0,none,0.0,none,0.0,none,0.0,none,0.0,1.0,1.0,0.91,0.91,0.91,0.91,0.91,
311_p3conc_2.0_i2,Trastuzumab,mAb_IgG1,3.0,149.0,8.9,0.3,2.001,25.0,Histidine,6.0,15.0,none,0.0,none,0.0,none,0.0,none,0.0,1.0,1.0,0.9211349715410495,0.91,0.91,0.91,0.91,
311_p3conc_2.8_i3,Trastuzumab,mAb_IgG1,3.0,149.0,8.9,0.3,2.8305,25.0,Histidine,6.0,15.0,none,0.0,none,0.0,none,0.0,none,0.0,1.0,1.0,0.9526976071561833,0.91,0.91,0.91,0.91,
311_p3conc_2.9_i4,Trastuzumab,mAb_IgG1,3.0,149.0,8.9,0.3,2.924,25.0,Histidine,6.0,15.0,none,0.0,none,0.0,none,0.0,none,0.0,1.0,1.0,0.91,0.91,0.91,0.91,0.91,
311_p3conc_4.0_i5,Trastuzumab,mAb_IgG1,3.0,149.0,8.9,0.3,4.0039,25.0,Histidine,6.0,15.0,none,0.0,none,0.0,none,0.0,none,0.0,1.0,1.0,0.9661843777295321,0.928259744689426,0.928259744689426,0.91,0.91,
311_p3conc_5.0_i6,Trastuzumab,mAb_IgG1,3.0,149.0,8.9,0.3,5.0,25.0,Histidine,6.0,15.0,none,0.0,none,0.0,none,0.0,none,0.0,1.0,1.0,0.9431689094993406,0.91,0.91,0.91,0.91,
311_p3conc_5.7_i7,Trastuzumab,mAb_IgG1,3.0,149.0,8.9,0.3,5.6637,25.0,Histidine,6.0,15.0,none,0.0,none,0.0,none,0.0,none,0.0,1.0,1.0,0.951940983331407,0.9417318832119581,0.9417318832119581,0.9417318832119581,0.9417318832119581,
311_p3conc_8.0_i8,Trastuzumab,mAb_IgG1,3.0,149.0,8.9,0.3,8.0117,25.0,Histidine,6.0,15.0,none,0.0,none,0.0,none,0.0,none,0.0,1.0,1.0,0.9957998818220226,0.91,0.91,0.91,0.91,
311_p3conc_8.5_i9,Trastuzumab,mAb_IgG1,3.0,149.0,8.9,0.3,8.5499,25.0,Histidine,6.0,15.0,none,0.0,none,0.0,none,0.0,none,0.0,1.0,1.0,0.9594814211972497,0.9594814211972497,0.91,0.91,0.91,
311_p3conc_11.3_i10,Trastuzumab,mAb_IgG1,3.0,149.0,8.9,0.3,11.333,25.0,Histidine,6.0,15.0,none,0.0,none,0.0,none,0.0,none,0.0,1.0,1.0,0.9828051730101576,0.9758143257688265,0.9305794043851611,0.9305794043851611,0.9305794043851611,
311_p3conc_14.6_i11,Trastuzumab,mAb_IgG1,3.0,149.0,8.9,0.3,14.6201,25.0,Histidine,6.0,15.0,none,0.0,none,0.0,none,0.0,none,0.0,1.0,1.0,0.9863821096756802,0.9863821096756802,0.9863821096756802,0.9520488433646114,0.9520488433646114,
311_p3conc_16.0_i12,Trastuzumab,mAb_IgG1,3.0,149.0,8.9,0.3,16.0312,25.0,Histidine,6.0,15.0,none,0.0,none,0.0,none,0.0,none,0.0,1.0,1.0,1.0215387179463788,1.0215387179463788,0.9588989202705158,0.9588989202705158,0.9588989202705158,
311_p3conc_22.7_i13,Trastuzumab,mAb_IgG1,3.0,149.0,8.9,0.3,22.6771,25.0,Histidine,6.0,15.0,none,0.0,none,0.0,none,0.0,none,0.0,1.0,1.0,1.0534903648505054,1.0534903648505054,0.9590790399938659,0.9590790399938659,0.9590790399938659,
311_p3conc_25.0_i14,Trastuzumab,mAb_IgG1,3.0,149.0,8.9,0.3,25.0,25.0,Histidine,6.0,15.0,none,0.0,none,0.0,none,0.0,none,0.0,1.0,1.0,1.0301106251092103,1.0301106251092103,1.0301106251092103,1.0301106251092103,1.0301106251092103,
311_p3conc_32.1_i15,Trastuzumab,mAb_IgG1,3.0,149.0,8.9,0.3,32.0781,25.0,Histidine,6.0,15.0,none,0.0,none,0.0,none,0.0,none,0.0,1.0,1.0,1.1296356587649197,1.1237980862683457,1.0805261627332658,1.0805261627332658,1.0805261627332658,
311_p3conc_42.7_i16,Trastuzumab,mAb_IgG1,3.0,149.0,8.9,0.3,42.7494,25.0,Histidine,6.0,15.0,none,0.0,none,0.0,none,0.0,none,0.0,1.0,1.0,1.2507849964077433,1.1834634253618883,1.1834634253618883,1.1834634253618883,1.1834634253618883,
311_p3conc_45.4_i17,Trastuzumab,mAb_IgG1,3.0,149.0,8.9,0.3,45.3763,25.0,Histidine,6.0,15.0,none,0.0,none,0.0,none,0.0,none,0.0,1.0,1.0,1.162869822241251,1.162869822241251,1.162869822241251,1.162869822241251,1.162869822241251,
311_p3conc_64.2_i18,Trastuzumab,mAb_IgG1,3.0,149.0,8.9,0.3,64.1874,25.0,Histidine,6.0,15.0,none,0.0,none,0.0,none,0.0,none,0.0,1.0,1.0,1.4449034442041109,1.4449034442041109,1.4449034442041109,1.4449034442041109,1.4449034442041109,
311_p3conc_73.1_i19,Trastuzumab,mAb_IgG1,3.0,149.0,8.9,0.3,73.1004,25.0,Histidine,6.0,15.0,none,0.0,none,0.0,none,0.0,none,0.0,1.0,1.0,1.7214442616967465,1.7214442616967465,1.5867146808446793,1.5548221209201851,1.5548221209201851,
311_p3conc_90.8_i20,Trastuzumab,mAb_IgG1,3.0,149.0,8.9,0.3,90.7969,25.0,Histidine,6.0,15.0,none,0.0,none,0.0,none,0.0,none,0.0,1.0,1.0,2.111446958108791,1.9361821746293641,1.8907761689383809,1.8907761689383809,1.8907761689383809,
311_p3conc_134.9_i21,Trastuzumab,mAb_IgG1,3.0,149.0,8.9,0.3,134.8674,25.0,Histidine,6.0,15.0,none,0.0,none,0.0,none,0.0,none,0.0,1.0,1.0,3.397398643448145,3.3946676676069076,3.2155802719356696,3.099329680493729,2.226865538206587,
303_p3conc_145.5_i22,Trastuzumab,mAb_IgG1,3.0,149.0,8.9,0.3,145.5134,25.0,Histidine,6.0,15.0,none,0.0,none,0.0,none,0.0,none,0.0,1.0,1.0,3.8972566213726916,3.8972566213726916,3.765144586281121,3.290685096202516,2.178932688226251,
303_p3conc_167.0_i23,Trastuzumab,mAb_IgG1,3.0,149.0,8.9,0.3,166.976,25.0,Histidine,6.0,15.0,none,0.0,none,0.0,none,0.0,none,0.0,1.0,1.0,5.20941911682614,5.20941911682614,5.20941911682614,4.72151946366522,1.9537171600376904,
303_p3conc_177.6_i24,Trastuzumab,mAb_IgG1,3.0,149.0,8.9,0.3,177.5857,25.0,Histidine,6.0,15.0,none,0.0,none,0.0,none,0.0,none,0.0,1.0,1.0,6.458850824038256,6.458850824038256,5.805733248367753,4.851442442638642,1.8973972691680128,
303_p3conc_181.7_i25,Trastuzumab,mAb_IgG1,3.0,149.0,8.9,0.3,181.682,25.0,Histidine,6.0,15.0,none,0.0,none,0.0,none,0.0,none,0.0,1.0,1.0,6.806266392433256,6.7422897641964985,6.568882331301102,4.975651317585338,1.9051351035479398,
303_p3conc_188.9_i26,Trastuzumab,mAb_IgG1,3.0,149.0,8.9,0.3,188.8696,25.0,Histidine,6.0,15.0,none,0.0,none,0.0,none,0.0,none,0.0,1.0,1.0,7.033096778088855,7.033096778088855,7.033096778088855,5.5425157042210795,1.898170327725123,
303_p3conc_200.9_i27,Trastuzumab,mAb_IgG1,3.0,149.0,8.9,0.3,200.8704,25.0,Histidine,6.0,15.0,none,0.0,none,0.0,none,0.0,none,0.0,1.0,1.0,9.663561705991144,8.317600538171165,7.99527089140914,6.741757012105473,1.9040257596327221,
303_p3conc_213.6_i28,Trastuzumab,mAb_IgG1,3.0,149.0,8.9,0.3,213.6343,25.0,Histidine,6.0,15.0,none,0.0,none,0.0,none,0.0,none,0.0,1.0,1.0,10.536012560493333,10.081934089594299,10.081934089594299,7.349073835902262,1.8066071043714524,
303_p3conc_227.2_i29,Trastuzumab,mAb_IgG1,3.0,149.0,8.9,0.3,227.2087,25.0,Histidine,6.0,15.0,none,0.0,none,0.0,none,0.0,none,0.0,1.0,1.0,12.886513985227687,12.771168781236506,12.250786104809189,7.900330808614398,2.012762581526057,
303_p3conc_241.6_i30,Trastuzumab,mAb_IgG1,3.0,149.0,8.9,0.3,241.6457,25.0,Histidine,6.0,15.0,none,0.0,none,0.0,none,0.0,none,0.0,1.0,1.0,16.676239383035423,15.72237439539054,14.633015432724022,9.684992845377387,1.8331053709746672,
312_p3conc_1.4_i0,Trastuzumab,mAb_IgG1,3.0,149.0,8.9,0.3,1.4028,25.0,Histidine,6.0,25.0,none,0.0,none,0.0,none,0.0,none,0.0,1.0,1.0,0.91,0.91,0.91,0.91,0.91,
312_p3conc_1.7_i1,Trastuzumab,mAb_IgG1,3.0,149.0,8.9,0.3,1.71,25.0,Histidine,6.0,25.0,none,0.0,none,0.0,none,0.0,none,0.0,1.0,1.0,0.9335024887368011,0.91,0.91,0.91,0.91,
312_p3conc_2.0_i2,Trastuzumab,mAb_IgG1,3.0,149.0,8.9,0.3,1.968,25.0,Histidine,6.0,25.0,none,0.0,none,0.0,none,0.0,none,0.0,1.0,1.0,0.9479461426153898,0.9479461426153898,0.9479461426153898,0.9479461426153898,0.9236060620422814,
312_p3conc_2.8_i3,Trastuzumab,mAb_IgG1,3.0,149.0,8.9,0.3,2.7608,25.0,Histidine,6.0,25.0,none,0.0,none,0.0,none,0.0,none,0.0,1.0,1.0,0.971662537137668,0.91,0.91,0.91,0.91,
312_p3conc_2.9_i4,Trastuzumab,mAb_IgG1,3.0,149.0,8.9,0.3,2.924,25.0,Histidine,6.0,25.0,none,0.0,none,0.0,none,0.0,none,0.0,1.0,1.0,0.9892859307544236,0.91,0.91,0.91,0.91,
312_p3conc_3.9_i5,Trastuzumab,mAb_IgG1,3.0,149.0,8.9,0.3,3.873,25.0,Histidine,6.0,25.0,none,0.0,none,0.0,none,0.0,none,0.0,1.0,1.0,0.9515972317517345,0.91,0.91,0.91,0.91,
312_p3conc_5.0_i6,Trastuzumab,mAb_IgG1,3.0,149.0,8.9,0.3,5.0,25.0,Histidine,6.0,25.0,none,0.0,none,0.0,none,0.0,none,0.0,1.0,1.0,0.9184624128179585,0.9184624128179585,0.9184624128179585,0.9184624128179585,0.91,
312_p3conc_5.4_i7,Trastuzumab,mAb_IgG1,3.0,149.0,8.9,0.3,5.4332,25.0,Histidine,6.0,25.0,none,0.0,none,0.0,none,0.0,none,0.0,1.0,1.0,0.9227215965002804,0.9227215965002804,0.9112802240969908,0.9112802240969908,0.9112802240969908,
312_p3conc_7.6_i8,Trastuzumab,mAb_IgG1,3.0,149.0,8.9,0.3,7.622,25.0,Histidine,6.0,25.0,none,0.0,none,0.0,none,0.0,none,0.0,1.0,1.0,0.9989962269829041,0.9989962269829041,0.91,0.91,0.91,
312_p3conc_8.5_i9,Trastuzumab,mAb_IgG1,3.0,149.0,8.9,0.3,8.5499,25.0,Histidine,6.0,25.0,none,0.0,none,0.0,none,0.0,none,0.0,1.0,1.0,1.0818244394843528,1.0772561274715067,1.0502880030205022,0.944195894804252,0.91,
312_p3conc_10.7_i10,Trastuzumab,mAb_IgG1,3.0,149.0,8.9,0.3,10.6925,25.0,Histidine,6.0,25.0,none,0.0,none,0.0,none,0.0,none,0.0,1.0,1.0,0.9169747844335544,0.9169747844335544,0.9169747844335544,0.9169747844335544,0.9169747844335544,
312_p3conc_14.6_i11,Trastuzumab,mAb_IgG1,3.0,149.0,8.9,0.3,14.6201,25.0,Histidine,6.0,25.0,none,0.0,none,0.0,none,0.0,none,0.0,1.0,1.0,1.081680348284042,1.0011002288678679,0.9684716086357041,0.9684716086357041,0.9684716086357041,
312_p3conc_15.0_i12,Trastuzumab,mAb_IgG1,3.0,149.0,8.9,0.3,15.0,25.0,Histidine,6.0,25.0,none,0.0,none,0.0,none,0.0,none,0.0,1.0,1.0,1.0948513420135864,0.9982392937770613,0.9982392937770613,0.9982392937770613,0.9283047396528931,
312_p3conc_21.0_i13,Trastuzumab,mAb_IgG1,3.0,149.0,8.9,0.3,21.0428,25.0,Histidine,6.0,25.0,none,0.0,none,0.0,none,0.0,none,0.0,1.0,1.0,1.1145867657444855,1.1145867657444855,1.0529972427980019,1.0529972427980019,1.0282585206838322,
312_p3conc_25.0_i14,Trastuzumab,mAb_IgG1,3.0,149.0,8.9,0.3,25.0,25.0,Histidine,6.0,25.0,none,0.0,none,0.0,none,0.0,none,0.0,1.0,1.0,1.1845504871135246,1.1566766186311295,1.1010975725816188,1.0178182063241505,0.9824836886636605,
312_p3conc_29.5_i15,Trastuzumab,mAb_IgG1,3.0,149.0,8.9,0.3,29.5198,25.0,Histidine,6.0,25.0,none,0.0,none,0.0,none,0.0,none,0.0,1.0,1.0,1.320420932677807,1.258861337599427,1.169460096663004,1.1599676791757307,1.0219910974912776,
312_p3conc_41.4_i16,Trastuzumab,mAb_IgG1,3.0,149.0,8.9,0.3,41.4119,25.0,Histidine,6.0,25.0,none,0.0,none,0.0,none,0.0,none,0.0,1.0,1.0,1.5912332226401238,1.3084950810356921,1.1913735498531475,1.0721475114405936,1.0721475114405936,
312_p3conc_42.7_i17,Trastuzumab,mAb_IgG1,3.0,149.0,8.9,0.3,42.7494,25.0,Histidine,6.0,25.0,none,0.0,none,0.0,none,0.0,none,0.0,1.0,1.0,1.4625072752305899,1.4162045197062092,1.2756230092601502,1.109471492294552,1.0985915636977863,
312_p3conc_58.1_i18,Trastuzumab,mAb_IgG1,3.0,149.0,8.9,0.3,58.0948,25.0,Histidine,6.0,25.0,none,0.0,none,0.0,none,0.0,none,0.0,1.0,1.0,1.76678757236488,1.4853331841796584,1.359398287239866,1.2415572215707165,1.2415572215707165,
312_p3conc_73.1_i19,Trastuzumab,mAb_IgG1,3.0,149.0,8.9,0.3,73.1004,25.0,Histidine,6.0,25.0,none,0.0,none,0.0,none,0.0,none,0.0,1.0,1.0,2.168326039976319,1.931280834531218,1.4926566812123185,1.488606605049737,1.380022560492934,
312_p3conc_81.5_i20,Trastuzumab,mAb_IgG1,3.0,149.0,8.9,0.3,81.4982,25.0,Histidine,6.0,25.0,none,0.0,none,0.0,none,0.0,none,0.0,1.0,1.0,2.166720863065906,1.972501264133544,1.7473155385374062,1.5272018736590423,1.313188371958391,
312_p3conc_114.3_i21,Trastuzumab,mAb_IgG1,3.0,149.0,8.9,0.3,114.3299,25.0,Histidine,6.0,25.0,none,0.0,none,0.0,none,0.0,none,0.0,1.0,1.0,3.464377571083433,2.753970324040375,2.2191071706213465,1.9116326888200168,1.5380707086174403,
312_p3conc_134.5_i22,Trastuzumab,mAb_IgG1,3.0,149.0,8.9,0.3,134.53,25.0,Histidine,6.0,25.0,none,0.0,none,0.0,none,0.0,none,0.0,1.0,1.0,4.680851332305348,3.34289362301625,2.4867243002910806,2.12335949963018,1.837435001240828,
312_p3conc_144.8_i23,Trastuzumab,mAb_IgG1,3.0,149.0,8.9,0.3,144.7865,25.0,Histidine,6.0,25.0,none,0.0,none,0.0,none,0.0,none,0.0,1.0,1.0,5.253311731224013,3.6144731496555176,2.742190889572431,2.2600536655285333,1.8562142360700313,
312_p3conc_155.8_i24,Trastuzumab,mAb_IgG1,3.0,149.0,8.9,0.3,155.825,25.0,Histidine,6.0,25.0,none,0.0,none,0.0,none,0.0,none,0.0,1.0,1.0,5.483728729850894,4.380595347671091,2.955378883708247,2.5270624607314374,2.1008609180100732,
312_p3conc_160.4_i25,Trastuzumab,mAb_IgG1,3.0,149.0,8.9,0.3,160.3877,25.0,Histidine,6.0,25.0,none,0.0,none,0.0,none,0.0,none,0.0,1.0,1.0,6.255359287763563,4.780021428992862,3.1746985257968565,2.477699872311151,2.14216275123049,
312_p3conc_167.7_i26,Trastuzumab,mAb_IgG1,3.0,149.0,8.9,0.3,167.705,25.0,Histidine,6.0,25.0,none,0.0,none,0.0,none,0.0,none,0.0,1.0,1.0,6.713685189742663,4.77450662398439,3.098615298586969,2.4908360363669604,2.155158016183427,
312_p3conc_180.5_i27,Trastuzumab,mAb_IgG1,3.0,149.0,8.9,0.3,180.4908,25.0,Histidine,6.0,25.0,none,0.0,none,0.0,none,0.0,none,0.0,1.0,1.0,8.075214244716019,5.6198443075177,3.6129461172789235,2.466827929631352,2.160536353105448,
312_p3conc_194.3_i28,Trastuzumab,mAb_IgG1,3.0,149.0,8.9,0.3,194.2513,25.0,Histidine,6.0,25.0,none,0.0,none,0.0,none,0.0,none,0.0,1.0,1.0,8.982366378205246,6.211865717536484,4.244207017477654,3.2182728916106935,2.379494384533954,
312_p3conc_209.1_i29,Trastuzumab,mAb_IgG1,3.0,149.0,8.9,0.3,209.061,25.0,Histidine,6.0,25.0,none,0.0,none,0.0,none,0.0,none,0.0,1.0,1.0,10.759965371358422,7.2227531210299105,4.658163554015383,3.0927175598632397,2.5598779611349674,
315_p3conc_1.4_i0,Trastuzumab,mAb_IgG1,3.0,149.0,8.9,0.3,1.4028,25.0,Histidine,6.0,40.0,none,0.0,none,0.0,none,0.0,none,0.0,1.0,1.0,0.9322635031821195,0.9219686568489547,0.9219686568489547,0.9219686568489547,0.91,
315_p3conc_1.7_i1,Trastuzumab,mAb_IgG1,3.0,149.0,8.9,0.3,1.71,25.0,Histidine,6.0,40.0,none,0.0,none,0.0,none,0.0,none,0.0,1.0,1.0,0.9427344412876599,0.91,0.91,0.91,0.91,
315_p3conc_2.0_i2,Trastuzumab,mAb_IgG1,3.0,149.0,8.9,0.3,1.968,25.0,Histidine,6.0,40.0,none,0.0,none,0.0,none,0.0,none,0.0,1.0,1.0,0.91,0.91,0.91,0.91,0.91,
315_p3conc_2.8_i3,Trastuzumab,mAb_IgG1,3.0,149.0,8.9,0.3,2.7608,25.0,Histidine,6.0,40.0,none,0.0,none,0.0,none,0.0,none,0.0,1.0,1.0,0.933868237650523,0.933868237650523,0.933868237650523,0.91,0.91,
315_p3conc_2.9_i4,Trastuzumab,mAb_IgG1,3.0,149.0,8.9,0.3,2.924,25.0,Histidine,6.0,40.0,none,0.0,none,0.0,none,0.0,none,0.0,1.0,1.0,0.9132485376681981,0.9132485376681981,0.9132485376681981,0.91,0.91,
315_p3conc_3.9_i5,Trastuzumab,mAb_IgG1,3.0,149.0,8.9,0.3,3.873,25.0,Histidine,6.0,40.0,none,0.0,none,0.0,none,0.0,none,0.0,1.0,1.0,0.91,0.91,0.91,0.91,0.91,
315_p3conc_5.0_i6,Trastuzumab,mAb_IgG1,3.0,149.0,8.9,0.3,5.0,25.0,Histidine,6.0,40.0,none,0.0,none,0.0,none,0.0,none,0.0,1.0,1.0,0.9132972824438078,0.91,0.91,0.91,0.91,
315_p3conc_5.4_i7,Trastuzumab,mAb_IgG1,3.0,149.0,8.9,0.3,5.4332,25.0,Histidine,6.0,40.0,none,0.0,none,0.0,none,0.0,none,0.0,1.0,1.0,0.91,0.91,0.91,0.91,0.91,
315_p3conc_7.6_i8,Trastuzumab,mAb_IgG1,3.0,149.0,8.9,0.3,7.622,25.0,Histidine,6.0,40.0,none,0.0,none,0.0,none,0.0,none,0.0,1.0,1.0,0.9204918689307158,0.91,0.91,0.91,0.91,
315_p3conc_8.5_i9,Trastuzumab,mAb_IgG1,3.0,149.0,8.9,0.3,8.5499,25.0,Histidine,6.0,40.0,none,0.0,none,0.0,none,0.0,none,0.0,1.0,1.0,0.9204923162027279,0.91,0.91,0.91,0.91,
315_p3conc_10.7_i10,Trastuzumab,mAb_IgG1,3.0,149.0,8.9,0.3,10.6925,25.0,Histidine,6.0,40.0,none,0.0,none,0.0,none,0.0,none,0.0,1.0,1.0,1.018924804047859,1.001800326286787,0.9519384809351109,0.9379708611393998,0.9379708611393998,
315_p3conc_14.6_i11,Trastuzumab,mAb_IgG1,3.0,149.0,8.9,0.3,14.6201,25.0,Histidine,6.0,40.0,none,0.0,none,0.0,none,0.0,none,0.0,1.0,1.0,1.0307076716063945,0.9269764989260467,0.9269764989260467,0.9269764989260467,0.9269764989260467,
315_p3conc_15.0_i12,Trastuzumab,mAb_IgG1,3.0,149.0,8.9,0.3,15.0,25.0,Histidine,6.0,40.0,none,0.0,none,0.0,none,0.0,none,0.0,1.0,1.0,1.0514189352595833,1.0194564623793143,0.9938628555993076,0.9938628555993076,0.9418746167550943,
315_p3conc_21.0_i13,Trastuzumab,mAb_IgG1,3.0,149.0,8.9,0.3,21.0428,25.0,Histidine,6.0,40.0,none,0.0,none,0.0,none,0.0,none,0.0,1.0,1.0,1.174952108890068,1.0454662629492668,1.0419243958196276,1.0109361396255099,1.0065990789989567,
315_p3conc_25.0_i14,Trastuzumab,mAb_IgG1,3.0,149.0,8.9,0.3,25.0,25.0,Histidine,6.0,40.0,none,0.0,none,0.0,none,0.0,none,0.0,1.0,1.0,1.1380939819305298,1.1375303474873768,1.028598709571314,0.9954496712754153,0.9954496712754153,
315_p3conc_29.5_i15,Trastuzumab,mAb_IgG1,3.0,149.0,8.9,0.3,29.5198,25.0,Histidine,6.0,40.0,none,0.0,none,0.0,none,0.0,none,0.0,1.0,1.0,1.13298802577598,1.13298802577598,1.018619216593204,1.018619216593204,1.018619216593204,
315_p3conc_41.4_i16,Trastuzumab,mAb_IgG1,3.0,149.0,8.9,0.3,41.4119,25.0,Histidine,6.0,40.0,none,0.0,none,0.0,none,0.0,none,0.0,1.0,1.0,1.3094442747121902,1.1302685330582847,1.1302685330582847,1.0952030469913006,1.0952030469913006,
315_p3conc_42.7_i17,Trastuzumab,mAb_IgG1,3.0,149.0,8.9,0.3,42.7494,25.0,Histidine,6.0,40.0,none,0.0,none,0.0,none,0.0,none,0.0,1.0,1.0,1.235440830071333,1.235440830071333,1.181199205285983,1.1088343514370091,1.0855666734069656,
315_p3conc_58.1_i18,Trastuzumab,mAb_IgG1,3.0,149.0,8.9,0.3,58.0948,25.0,Histidine,6.0,40.0,none,0.0,none,0.0,none,0.0,none,0.0,1.0,1.0,1.3967030099159998,1.3561513961264913,1.3561513961264913,1.2002565571714494,1.1837226354569566,
315_p3conc_73.1_i19,Trastuzumab,mAb_IgG1,3.0,149.0,8.9,0.3,73.1004,25.0,Histidine,6.0,40.0,none,0.0,none,0.0,none,0.0,none,0.0,1.0,1.0,1.7346148325459423,1.6287197098910222,1.40483217688569,1.40483217688569,1.3493904879085272,
315_p3conc_81.5_i20,Trastuzumab,mAb_IgG1,3.0,149.0,8.9,0.3,81.4982,25.0,Histidine,6.0,40.0,none,0.0,none,0.0,none,0.0,none,0.0,1.0,1.0,1.7046552201838965,1.7046552201838965,1.423524806263659,1.423524806263659,1.3359403790123803,
315_p3conc_114.3_i21,Trastuzumab,mAb_IgG1,3.0,149.0,8.9,0.3,114.3299,25.0,Histidine,6.0,40.0,none,0.0,none,0.0,none,0.0,none,0.0,1.0,1.0,2.2837485154048984,2.2837485154048984,1.7915902990588517,1.7811053409130788,1.6366135330306582,
315_p3conc_134.5_i22,Trastuzumab,mAb_IgG1,3.0,149.0,8.9,0.3,134.53,25.0,Histidine,6.0,40.0,none,0.0,none,0.0,none,0.0,none,0.0,1.0,1.0,2.67960665356115,2.67960665356115,2.233121978245841,2.1139704541832463,1.6019158861125946,
315_p3conc_144.8_i23,Trastuzumab,mAb_IgG1,3.0,149.0,8.9,0.3,144.7865,25.0,Histidine,6.0,40.0,none,0.0,none,0.0,none,0.0,none,0.0,1.0,1.0,3.050352668930635,3.050352668930635,2.322707647652998,1.8948562876583173,1.8436720624015939,
315_p3conc_155.8_i24,Trastuzumab,mAb_IgG1,3.0,149.0,8.9,0.3,155.825,25.0,Histidine,6.0,40.0,none,0.0,none,0.0,none,0.0,none,0.0,1.0,1.0,3.619925324423718,3.3934864510337572,2.392280374528296,2.213636921569244,2.0598315782016114,
315_p3conc_160.4_i25,Trastuzumab,mAb_IgG1,3.0,149.0,8.9,0.3,160.3877,25.0,Histidine,6.0,40.0,none,0.0,none,0.0,none,0.0,none,0.0,1.0,1.0,3.6583781361823013,3.6131823029288888,2.627488638878681,2.2585306246437917,1.922359134858338,
315_p3conc_167.7_i26,Trastuzumab,mAb_IgG1,3.0,149.0,8.9,0.3,167.705,25.0,Histidine,6.0,40.0,none,0.0,none,0.0,none,0.0,none,0.0,1.0,1.0,3.7190811323047552,3.7190811323047552,2.90673009070196,2.559449829172364,1.8817125825083998,
315_p3conc_180.5_i27,Trastuzumab,mAb_IgG1,3.0,149.0,8.9,0.3,180.4908,25.0,Histidine,6.0,40.0,none,0.0,none,0.0,none,0.0,none,0.0,1.0,1.0,4.2022872832885705,4.2022872832885705,3.0336967966431674,2.5463893608836776,2.4411770681323026,
315_p3conc_194.3_i28,Trastuzumab,mAb_IgG1,3.0,149.0,8.9,0.3,194.2513,25.0,Histidine,6.0,40.0,none,0.0,none,0.0,none,0.0,none,0.0,1.0,1.0,4.406154550365827,4.406154550365827,3.261429509871111,3.133792621795407,2.1927042211748664,
315_p3conc_209.1_i29,Trastuzumab,mAb_IgG1,3.0,149.0,8.9,0.3,209.061,25.0,Histidine,6.0,40.0,none,0.0,none,0.0,none,0.0,none,0.0,1.0,1.0,5.232848977928938,5.232848977928938,3.552257032800454,3.054587766242286,2.509388358631485,
475_p3conc_1.4_i0,Vudalimab,Bispecific,5.0,152.0,8.1,0.3,1.4486,25.0,Acetate,5.0,20.0,none,0.0,none,0.0,none,0.0,none,0.0,1.5,1.3,0.9228560859053341,0.9228560859053341,0.9228560859053341,0.9228560859053341,0.9223126613927761,
475_p3conc_2.0_i1,Vudalimab,Bispecific,5.0,152.0,8.1,0.3,2.0252,25.0,Acetate,5.0,20.0,none,0.0,none,0.0,none,0.0,none,0.0,1.5,1.3,0.922158168264115,0.922158168264115,0.9142382195121395,0.9100385039889392,0.9100385039889392,
475_p3conc_2.1_i2,Vudalimab,Bispecific,5.0,152.0,8.1,0.3,2.0984,25.0,Acetate,5.0,20.0,none,0.0,none,0.0,none,0.0,none,0.0,1.5,1.3,0.9793845233250521,0.91,0.91,0.91,0.91,
475_p3conc_3.0_i3,Vudalimab,Bispecific,5.0,152.0,8.1,0.3,3.0398,25.0,Acetate,5.0,20.0,none,0.0,none,0.0,none,0.0,none,0.0,1.5,1.3,0.933445771933858,0.933445771933858,0.91,0.91,0.91,
475_p3conc_4.1_i4,Vudalimab,Bispecific,5.0,152.0,8.1,0.3,4.1016,25.0,Acetate,5.0,20.0,none,0.0,none,0.0,none,0.0,none,0.0,1.5,1.3,0.958531855113898,0.91,0.91,0.91,0.91,
475_p3conc_4.4_i5,Vudalimab,Bispecific,5.0,152.0,8.1,0.3,4.4035,25.0,Acetate,5.0,20.0,none,0.0,none,0.0,none,0.0,none,0.0,1.5,1.3,0.9123897899929954,0.91,0.91,0.91,0.91,
475_p3conc_6.4_i6,Vudalimab,Bispecific,5.0,152.0,8.1,0.3,6.3789,25.0,Acetate,5.0,20.0,none,0.0,none,0.0,none,0.0,none,0.0,1.5,1.3,0.91,0.91,0.91,0.91,0.91,
475_p3conc_8.3_i7,Vudalimab,Bispecific,5.0,152.0,8.1,0.3,8.3066,25.0,Acetate,5.0,20.0,none,0.0,none,0.0,none,0.0,none,0.0,1.5,1.3,0.91,0.91,0.91,0.91,0.91,
475_p3conc_9.2_i8,Vudalimab,Bispecific,5.0,152.0,8.1,0.3,9.2405,25.0,Acetate,5.0,20.0,none,0.0,none,0.0,none,0.0,none,0.0,1.5,1.3,0.9898310806844346,0.9205052914400156,0.91,0.91,0.91,
475_p3conc_13.4_i9,Vudalimab,Bispecific,5.0,152.0,8.1,0.3,13.3858,25.0,Acetate,5.0,20.0,none,0.0,none,0.0,none,0.0,none,0.0,1.5,1.3,0.9273265782697064,0.9196377568576634,0.9196377568576634,0.9196377568576634,0.91,
475_p3conc_16.8_i10,Vudalimab,Bispecific,5.0,152.0,8.1,0.3,16.8228,25.0,Acetate,5.0,20.0,none,0.0,none,0.0,none,0.0,none,0.0,1.5,1.3,0.9131500063477836,0.9131500063477836,0.9131500063477836,0.9131500063477836,0.91,
475_p3conc_19.4_i11,Vudalimab,Bispecific,5.0,152.0,8.1,0.3,19.3907,25.0,Acetate,5.0,20.0,none,0.0,none,0.0,none,0.0,none,0.0,1.5,1.3,1.029538369811449,0.9837019008563623,0.9266891542467341,0.9266891542467341,0.91,
475_p3conc_28.1_i12,Vudalimab,Bispecific,5.0,152.0,8.1,0.3,28.0894,25.0,Acetate,5.0,20.0,none,0.0,none,0.0,none,0.0,none,0.0,1.5,1.3,1.0645369944234844,0.9830148757098821,0.9751929314256775,0.9488964869960216,0.9270460370286941,
475_p3conc_34.1_i13,Vudalimab,Bispecific,5.0,152.0,8.1,0.3,34.0701,25.0,Acetate,5.0,20.0,none,0.0,none,0.0,none,0.0,none,0.0,1.5,1.3,1.1145147442514558,1.0512282744130894,1.0156569324907245,1.0035344109590754,0.9499531718531184,
475_p3conc_40.7_i14,Vudalimab,Bispecific,5.0,152.0,8.1,0.3,40.6904,25.0,Acetate,5.0,20.0,none,0.0,none,0.0,none,0.0,none,0.0,1.5,1.3,1.094907359034803,1.051774119821929,1.0506362609068882,1.0162336502513694,0.9263483661556369,
475_p3conc_58.9_i15,Vudalimab,Bispecific,5.0,152.0,8.1,0.3,58.9443,25.0,Acetate,5.0,20.0,none,0.0,none,0.0,none,0.0,none,0.0,1.5,1.3,1.2519270832127134,1.2519270832127134,1.2259034370682758,1.0387457612062378,1.0024165059559063,
475_p3conc_77.4_i16,Vudalimab,Bispecific,5.0,152.0,8.1,0.3,77.4499,25.0,Acetate,5.0,20.0,none,0.0,none,0.0,none,0.0,none,0.0,1.5,1.3,1.4975463424464153,1.352507480188183,1.3370468648983858,1.2624356740350802,1.0638297040873004,
475_p3conc_85.4_i17,Vudalimab,Bispecific,5.0,152.0,8.1,0.3,85.3869,25.0,Acetate,5.0,20.0,none,0.0,none,0.0,none,0.0,none,0.0,1.5,1.3,1.6158422165964519,1.4920539021534527,1.4384814837925586,1.294793974587988,1.152583475627157,
475_p3conc_86.9_i18,Vudalimab,Bispecific,5.0,152.0,8.1,0.3,86.9345,25.0,Acetate,5.0,20.0,none,0.0,none,0.0,none,0.0,none,0.0,1.5,1.3,1.6421837047383556,1.4433283037920324,1.4053774977013131,1.2645548449768633,1.1062460748168983,
475_p3conc_97.6_i19,Vudalimab,Bispecific,5.0,152.0,8.1,0.3,97.5807,25.0,Acetate,5.0,20.0,none,0.0,none,0.0,none,0.0,none,0.0,1.5,1.3,1.7600867394561475,1.5408747985430842,1.5408747985430842,1.4941325204162819,1.3374678377777591,
474_p3conc_109.5_i20,Vudalimab,Bispecific,5.0,152.0,8.1,0.3,109.5307,25.0,Acetate,5.0,20.0,none,0.0,none,0.0,none,0.0,none,0.0,1.5,1.3,1.9661932419603672,1.9651248594452828,1.9258127363937638,1.7822134148889333,1.7822134148889333,
474_p3conc_122.9_i21,Vudalimab,Bispecific,5.0,152.0,8.1,0.3,122.9439,25.0,Acetate,5.0,20.0,none,0.0,none,0.0,none,0.0,none,0.0,1.5,1.3,2.4961103062925334,2.318128944894882,2.0370633238354072,2.0370633238354072,1.9523144020825267,
474_p3conc_123.7_i22,Vudalimab,Bispecific,5.0,152.0,8.1,0.3,123.6915,25.0,Acetate,5.0,20.0,none,0.0,none,0.0,none,0.0,none,0.0,1.5,1.3,2.6378109643619134,2.1813914814718864,2.132155298792449,2.132155298792449,2.1034877892277213,
474_p3conc_147.9_i23,Vudalimab,Bispecific,5.0,152.0,8.1,0.3,147.9047,25.0,Acetate,5.0,20.0,none,0.0,none,0.0,none,0.0,none,0.0,1.5,1.3,3.4088923239676916,2.695915695799511,2.695915695799511,2.6797586645806573,2.6797586645806573,
474_p3conc_158.5_i24,Vudalimab,Bispecific,5.0,152.0,8.1,0.3,158.5203,25.0,Acetate,5.0,20.0,none,0.0,none,0.0,none,0.0,none,0.0,1.5,1.3,4.149495859356242,2.858145541194056,2.858145541194056,2.858145541194056,2.858145541194056,
474_p3conc_169.9_i25,Vudalimab,Bispecific,5.0,152.0,8.1,0.3,169.8979,25.0,Acetate,5.0,20.0,none,0.0,none,0.0,none,0.0,none,0.0,1.5,1.3,4.561077625354151,3.640797487738639,3.3956363517024797,3.3956363517024797,3.115295452334682,
474_p3conc_179.2_i26,Vudalimab,Bispecific,5.0,152.0,8.1,0.3,179.1798,25.0,Acetate,5.0,20.0,none,0.0,none,0.0,none,0.0,none,0.0,1.5,1.3,4.932646400307451,3.909898921127127,3.863675034321857,3.863675034321857,3.4494754890445987,
474_p3conc_182.1_i27,Vudalimab,Bispecific,5.0,152.0,8.1,0.3,182.0921,25.0,Acetate,5.0,20.0,none,0.0,none,0.0,none,0.0,none,0.0,1.5,1.3,4.933175198597252,4.2977312024306675,3.8573878958396026,3.8573878958396026,3.6488348456359274,
474_p3conc_195.2_i28,Vudalimab,Bispecific,5.0,152.0,8.1,0.3,195.1614,25.0,Acetate,5.0,20.0,none,0.0,none,0.0,none,0.0,none,0.0,1.5,1.3,5.587820665248937,4.862605819299472,4.318759753820978,4.127580027777856,3.969359004830328,
473_p3conc_209.2_i29,Vudalimab,Bispecific,5.0,152.0,8.1,0.3,209.1688,25.0,Acetate,5.0,20.0,none,0.0,none,0.0,none,0.0,none,0.0,1.5,1.3,6.120194220112232,5.0698425864706,4.865938239735839,4.865938239735839,4.345308394794574,
473_p3conc_224.2_i30,Vudalimab,Bispecific,5.0,152.0,8.1,0.3,224.1816,25.0,Acetate,5.0,20.0,none,0.0,none,0.0,none,0.0,none,0.0,1.5,1.3,8.144725300023145,6.524626824623138,6.124147645339966,5.562988086600458,4.967937229904888,
473_p3conc_240.3_i31,Vudalimab,Bispecific,5.0,152.0,8.1,0.3,240.2719,25.0,Acetate,5.0,20.0,none,0.0,none,0.0,none,0.0,none,0.0,1.5,1.3,8.551605380093891,7.208648044281615,6.663062080409951,6.627466456279767,6.065818737126935,
473_p3conc_257.5_i32,Vudalimab,Bispecific,5.0,152.0,8.1,0.3,257.5171,25.0,Acetate,5.0,20.0,none,0.0,none,0.0,none,0.0,none,0.0,1.5,1.3,11.089263108282635,7.952615934730586,7.952615934730586,7.386112287546689,5.820373380787501,
473_p3conc_259.6_i33,Vudalimab,Bispecific,5.0,152.0,8.1,0.3,259.5607,25.0,Acetate,5.0,20.0,none,0.0,none,0.0,none,0.0,none,0.0,1.5,1.3,10.683571531679567,9.01020889379132,7.9281207345287745,7.140785741831402,6.014530196807949,
473_p3conc_298.2_i34,Vudalimab,Bispecific,5.0,152.0,8.1,0.3,298.1803,25.0,Acetate,5.0,20.0,none,0.0,none,0.0,none,0.0,none,0.0,1.5,1.3,15.588384868627475,13.712316451189594,11.575317805930812,11.263556505809236,7.093605509326256,
473_p3conc_309.9_i35,Vudalimab,Bispecific,5.0,152.0,8.1,0.3,309.9303,25.0,Acetate,5.0,20.0,none,0.0,none,0.0,none,0.0,none,0.0,1.5,1.3,18.33624506999047,15.340337326987504,13.506993263755945,11.695988221055245,8.332613446028658,
473_p3conc_322.1_i36,Vudalimab,Bispecific,5.0,152.0,8.1,0.3,322.1425,25.0,Acetate,5.0,20.0,none,0.0,none,0.0,none,0.0,none,0.0,1.5,1.3,22.07068618455017,17.783145574539496,15.53734745487047,12.970154492219883,10.019967557805966,
473_p3conc_334.8_i37,Vudalimab,Bispecific,5.0,152.0,8.1,0.3,334.8367,25.0,Acetate,5.0,20.0,none,0.0,none,0.0,none,0.0,none,0.0,1.5,1.3,25.27340715216336,18.744212338518544,17.858707400384,14.517282312368508,9.943704386103413,
473_p3conc_348.0_i38,Vudalimab,Bispecific,5.0,152.0,8.1,0.3,348.0311,25.0,Acetate,5.0,20.0,none,0.0,none,0.0,none,0.0,none,0.0,1.5,1.3,26.330908064041378,22.000937235408948,22.000937235408948,17.177387114471678,9.968494903113196,
473_p3conc_361.7_i39,Vudalimab,Bispecific,5.0,152.0,8.1,0.3,361.7454,25.0,Acetate,5.0,20.0,none,0.0,none,0.0,none,0.0,none,0.0,1.5,1.3,34.134919376844955,27.17614254735481,22.873379297376818,19.70911083906738,12.060405548434337,
481_p3conc_1.4_i0,Vudalimab,Bispecific,5.0,152.0,8.1,0.3,1.4395,25.0,Histidine,6.0,15.0,none,0.0,none,0.0,none,0.0,none,0.0,1.5,1.3,0.91,0.91,0.91,0.91,0.91,
481_p3conc_2.1_i1,Vudalimab,Bispecific,5.0,152.0,8.1,0.3,2.0722,25.0,Histidine,6.0,15.0,none,0.0,none,0.0,none,0.0,none,0.0,1.5,1.3,0.9176544737665584,0.9176544737665584,0.9176544737665584,0.91,0.91,
481_p3conc_2.7_i2,Vudalimab,Bispecific,5.0,152.0,8.1,0.3,2.6592,25.0,Histidine,6.0,15.0,none,0.0,none,0.0,none,0.0,none,0.0,1.5,1.3,0.9323398049360242,0.91,0.91,0.91,0.91,
481_p3conc_3.0_i3,Vudalimab,Bispecific,5.0,152.0,8.1,0.3,2.983,25.0,Histidine,6.0,15.0,none,0.0,none,0.0,none,0.0,none,0.0,1.5,1.3,0.9382898410305035,0.91,0.91,0.91,0.91,
481_p3conc_4.3_i4,Vudalimab,Bispecific,5.0,152.0,8.1,0.3,4.2941,25.0,Histidine,6.0,15.0,none,0.0,none,0.0,none,0.0,none,0.0,1.5,1.3,1.0020932938790768,0.9763759094576633,0.9763759094576633,0.9405483730245252,0.9405483730245252,
481_p3conc_6.2_i5,Vudalimab,Bispecific,5.0,152.0,8.1,0.3,6.1814,25.0,Histidine,6.0,15.0,none,0.0,none,0.0,none,0.0,none,0.0,1.5,1.3,0.9848219233112225,0.9848219233112225,0.9608595092951235,0.9167373779265032,0.9167373779265032,
481_p3conc_7.1_i6,Vudalimab,Bispecific,5.0,152.0,8.1,0.3,7.0711,25.0,Histidine,6.0,15.0,none,0.0,none,0.0,none,0.0,none,0.0,1.5,1.3,0.9759446347269671,0.9759446347269671,0.9759446347269671,0.9123783813712064,0.9123783813712064,
481_p3conc_8.9_i7,Vudalimab,Bispecific,5.0,152.0,8.1,0.3,8.8983,25.0,Histidine,6.0,15.0,none,0.0,none,0.0,none,0.0,none,0.0,1.5,1.3,1.0494155882636564,1.0494155882636564,0.9881252869085233,0.9881252869085233,0.9881252869085233,
481_p3conc_12.8_i8,Vudalimab,Bispecific,5.0,152.0,8.1,0.3,12.8092,25.0,Histidine,6.0,15.0,none,0.0,none,0.0,none,0.0,none,0.0,1.5,1.3,0.9839035995500688,0.9839035995500688,0.9839035995500688,0.9839035995500688,0.9839035995500688,
481_p3conc_18.4_i9,Vudalimab,Bispecific,5.0,152.0,8.1,0.3,18.4391,25.0,Histidine,6.0,15.0,none,0.0,none,0.0,none,0.0,none,0.0,1.5,1.3,1.1167857454200245,1.1167857454200245,1.073600993997351,1.073600993997351,1.073600993997351,
481_p3conc_18.8_i10,Vudalimab,Bispecific,5.0,152.0,8.1,0.3,18.803,25.0,Histidine,6.0,15.0,none,0.0,none,0.0,none,0.0,none,0.0,1.5,1.3,1.1930734206751892,1.186172778681206,1.090257431862272,1.0760629813286902,1.0760629813286902,
481_p3conc_26.5_i11,Vudalimab,Bispecific,5.0,152.0,8.1,0.3,26.5434,25.0,Histidine,6.0,15.0,none,0.0,none,0.0,none,0.0,none,0.0,1.5,1.3,1.2555935438971133,1.2555935438971133,1.2555935438971133,1.1240386732749026,1.1240386732749026,
481_p3conc_38.2_i12,Vudalimab,Bispecific,5.0,152.0,8.1,0.3,38.2097,25.0,Histidine,6.0,15.0,none,0.0,none,0.0,none,0.0,none,0.0,1.5,1.3,1.5592465129572417,1.5592465129572417,1.3735897029406703,1.3735897029406703,1.2831385475143926,
481_p3conc_55.0_i13,Vudalimab,Bispecific,5.0,152.0,8.1,0.3,55.0037,25.0,Histidine,6.0,15.0,none,0.0,none,0.0,none,0.0,none,0.0,1.5,1.3,2.1587355995435895,2.076402790001916,1.6787881323928437,1.5601771722735152,1.3476127527612423,
466_p3conc_109.7_i14,Vudalimab,Bispecific,5.0,152.0,8.1,0.3,109.7342,25.0,Histidine,6.0,15.0,none,0.0,none,0.0,none,0.0,none,0.0,1.5,1.3,3.298350647917255,3.298350647917255,3.298350647917255,3.255143473060424,2.847362439720167,
466_p3conc_114.0_i15,Vudalimab,Bispecific,5.0,152.0,8.1,0.3,113.9796,25.0,Histidine,6.0,15.0,none,0.0,none,0.0,none,0.0,none,0.0,1.5,1.3,3.4888152525823064,3.400708428888331,3.295430204595451,3.295430204595451,2.8526704207503215,
466_p3conc_120.4_i16,Vudalimab,Bispecific,5.0,152.0,8.1,0.3,120.4159,25.0,Histidine,6.0,15.0,none,0.0,none,0.0,none,0.0,none,0.0,1.5,1.3,3.423509841633087,3.423509841633087,3.423509841633087,3.423509841633087,3.423509841633087,
464_p3conc_132.1_i17,Vudalimab,Bispecific,5.0,152.0,8.1,0.3,132.1375,25.0,Histidine,6.0,15.0,none,0.0,none,0.0,none,0.0,none,0.0,1.5,1.3,3.8654445197736984,3.5785456036706096,3.5785456036706096,3.5785456036706096,3.5785456036706096,
480_p3conc_160.4_i18,Vudalimab,Bispecific,5.0,152.0,8.1,0.3,160.4172,25.0,Histidine,6.0,15.0,none,0.0,none,0.0,none,0.0,none,0.0,1.5,1.3,6.392907010631511,5.786710469335569,5.027171434873866,4.170796353129811,3.533346438207475,
480_p3conc_164.1_i19,Vudalimab,Bispecific,5.0,152.0,8.1,0.3,164.0756,25.0,Histidine,6.0,15.0,none,0.0,none,0.0,none,0.0,none,0.0,1.5,1.3,6.964456517145107,5.546850198392951,5.327157237478103,4.2195735247666875,3.658906143608475,
480_p3conc_171.6_i20,Vudalimab,Bispecific,5.0,152.0,8.1,0.3,171.558,25.0,Histidine,6.0,15.0,none,0.0,none,0.0,none,0.0,none,0.0,1.5,1.3,7.4451930071849155,6.490232734992138,6.358540712231668,4.487746733674936,3.984076605464564,
480_p3conc_183.5_i21,Vudalimab,Bispecific,5.0,152.0,8.1,0.3,183.4725,25.0,Histidine,6.0,15.0,none,0.0,none,0.0,none,0.0,none,0.0,1.5,1.3,10.399146058111143,7.797031178029433,6.87241805699527,4.700955532452998,3.875628032221028,
463_p3conc_196.2_i22,Vudalimab,Bispecific,5.0,152.0,8.1,0.3,196.2145,25.0,Histidine,6.0,15.0,none,0.0,none,0.0,none,0.0,none,0.0,1.5,1.3,11.602285045555218,7.941517104562525,7.934378969959336,4.808477084921295,3.6455365761102216,
463_p3conc_209.8_i23,Vudalimab,Bispecific,5.0,152.0,8.1,0.3,209.8413,25.0,Histidine,6.0,15.0,none,0.0,none,0.0,none,0.0,none,0.0,1.5,1.3,13.868745900189786,9.722458611343653,8.094661120485128,5.6655927092422935,4.124007223816132,
463_p3conc_224.4_i24,Vudalimab,Bispecific,5.0,152.0,8.1,0.3,224.4145,25.0,Histidine,6.0,15.0,none,0.0,none,0.0,none,0.0,none,0.0,1.5,1.3,14.757561521776829,11.280579285605402,8.691104217809306,7.115986258166251,4.106056508967868,
463_p3conc_261.8_i25,Vudalimab,Bispecific,5.0,152.0,8.1,0.3,261.8352,25.0,Histidine,6.0,15.0,none,0.0,none,0.0,none,0.0,none,0.0,1.5,1.3,20.308749399031583,12.169208899647986,11.681458759701973,9.404894249072552,5.377901910138438,
463_p3conc_273.5_i26,Vudalimab,Bispecific,5.0,152.0,8.1,0.3,273.4872,25.0,Histidine,6.0,15.0,none,0.0,none,0.0,none,0.0,none,0.0,1.5,1.3,22.061079272969074,14.053196535781879,13.701552494129341,10.304199236416112,6.313649806850335,
463_p3conc_285.7_i27,Vudalimab,Bispecific,5.0,152.0,8.1,0.3,285.6571,25.0,Histidine,6.0,15.0,none,0.0,none,0.0,none,0.0,none,0.0,1.5,1.3,24.928942455915656,15.97908703512328,15.062926207679638,10.604518506694982,6.081011106272832,
463_p3conc_298.4_i28,Vudalimab,Bispecific,5.0,152.0,8.1,0.3,298.3692,25.0,Histidine,6.0,15.0,none,0.0,none,0.0,none,0.0,none,0.0,1.5,1.3,30.469156786343696,17.23374293740407,14.954371098518243,13.896416406755803,6.620275508255249,
463_p3conc_311.6_i29,Vudalimab,Bispecific,5.0,152.0,8.1,0.3,311.6463,25.0,Histidine,6.0,15.0,none,0.0,none,0.0,none,0.0,none,0.0,1.5,1.3,33.31965790418431,20.45901562908378,16.094989046014465,14.121556604246518,7.9438021173381115,
463_p3conc_325.5_i30,Vudalimab,Bispecific,5.0,152.0,8.1,0.3,325.5142,25.0,Histidine,6.0,15.0,none,0.0,none,0.0,none,0.0,none,0.0,1.5,1.3,38.52590858446003,23.95901945301957,20.380293738614316,16.64895659430665,8.345721775960017,
320_p3conc_1.4_i0,poly-hIgG,Polyclonal,3.0,150.0,7.6,1.0,1.4309,25.0,Acetate,5.0,20.0,none,0.0,none,0.0,none,0.0,none,0.0,0.9,0.9,0.91,0.91,0.91,0.91,0.91,
320_p3conc_2.0_i1,poly-hIgG,Polyclonal,3.0,150.0,7.6,1.0,2.0476,25.0,Acetate,5.0,20.0,none,0.0,none,0.0,none,0.0,none,0.0,0.9,0.9,0.9217067503291508,0.91,0.91,0.91,0.91,
320_p3conc_2.1_i2,poly-hIgG,Polyclonal,3.0,150.0,7.6,1.0,2.0536,25.0,Acetate,5.0,20.0,none,0.0,none,0.0,none,0.0,none,0.0,0.9,0.9,0.9361486854525322,0.9117254283417475,0.91,0.91,0.91,
320_p3conc_2.9_i3,poly-hIgG,Polyclonal,3.0,150.0,7.6,1.0,2.93,25.0,Acetate,5.0,20.0,none,0.0,none,0.0,none,0.0,none,0.0,0.9,0.9,0.9661905082618475,0.9384437825049741,0.91,0.91,0.91,
320_p3conc_4.2_i4,poly-hIgG,Polyclonal,3.0,150.0,7.6,1.0,4.1927,25.0,Acetate,5.0,20.0,none,0.0,none,0.0,none,0.0,none,0.0,0.9,0.9,0.91,0.91,0.91,0.91,0.91,
320_p3conc_4.2_i5,poly-hIgG,Polyclonal,3.0,150.0,7.6,1.0,4.2172,25.0,Acetate,5.0,20.0,none,0.0,none,0.0,none,0.0,none,0.0,0.9,0.9,0.91,0.91,0.91,0.91,0.91,
320_p3conc_6.0_i6,poly-hIgG,Polyclonal,3.0,150.0,7.6,1.0,5.9995,25.0,Acetate,5.0,20.0,none,0.0,none,0.0,none,0.0,none,0.0,0.9,0.9,1.0390830380099194,0.91,0.91,0.91,0.91,
320_p3conc_8.6_i7,poly-hIgG,Polyclonal,3.0,150.0,7.6,1.0,8.5849,25.0,Acetate,5.0,20.0,none,0.0,none,0.0,none,0.0,none,0.0,0.9,0.9,0.9531566755676099,0.9312674738701826,0.9312674738701826,0.91,0.91,
320_p3conc_8.7_i8,poly-hIgG,Polyclonal,3.0,150.0,7.6,1.0,8.6603,25.0,Acetate,5.0,20.0,none,0.0,none,0.0,none,0.0,none,0.0,0.9,0.9,0.91,0.91,0.91,0.91,0.91,
320_p3conc_12.3_i9,poly-hIgG,Polyclonal,3.0,150.0,7.6,1.0,12.2845,25.0,Acetate,5.0,20.0,none,0.0,none,0.0,none,0.0,none,0.0,0.9,0.9,0.948144378483,0.948144378483,0.9391207873381257,0.9391207873381257,0.9391207873381257,
320_p3conc_17.6_i10,poly-hIgG,Polyclonal,3.0,150.0,7.6,1.0,17.5784,25.0,Acetate,5.0,20.0,none,0.0,none,0.0,none,0.0,none,0.0,0.9,0.9,0.9168021083930208,0.91,0.91,0.91,0.91,
320_p3conc_17.8_i11,poly-hIgG,Polyclonal,3.0,150.0,7.6,1.0,17.7845,25.0,Acetate,5.0,20.0,none,0.0,none,0.0,none,0.0,none,0.0,0.9,0.9,0.966535265195703,0.9414359113909183,0.9414359113909183,0.911571895478799,0.911571895478799,
320_p3conc_25.2_i12,poly-hIgG,Polyclonal,3.0,150.0,7.6,1.0,25.1537,25.0,Acetate,5.0,20.0,none,0.0,none,0.0,none,0.0,none,0.0,0.9,0.9,1.0360918506518086,1.0360918506518086,0.9541679266968508,0.9541679266968508,0.9541679266968508,
320_p3conc_36.0_i13,poly-hIgG,Polyclonal,3.0,150.0,7.6,1.0,35.9935,25.0,Acetate,5.0,20.0,none,0.0,none,0.0,none,0.0,none,0.0,0.9,0.9,1.0817703188094403,1.0505348884270942,1.0505348884270942,0.9508529547998023,0.9508529547998023,
320_p3conc_36.5_i14,poly-hIgG,Polyclonal,3.0,150.0,7.6,1.0,36.5217,25.0,Acetate,5.0,20.0,none,0.0,none,0.0,none,0.0,none,0.0,0.9,0.9,1.09018085592027,1.09018085592027,1.09018085592027,1.09018085592027,1.0172372167886041,
320_p3conc_51.5_i15,poly-hIgG,Polyclonal,3.0,150.0,7.6,1.0,51.5046,25.0,Acetate,5.0,20.0,none,0.0,none,0.0,none,0.0,none,0.0,0.9,0.9,1.303995754203769,1.1884965286807294,1.1884965286807294,1.1884965286807294,1.1776968185769523,
320_p3conc_84.2_i16,poly-hIgG,Polyclonal,3.0,150.0,7.6,1.0,84.2306,25.0,Acetate,5.0,20.0,none,0.0,none,0.0,none,0.0,none,0.0,0.9,0.9,1.9117077828918563,1.8735725943476502,1.7595332827735009,1.7232413216061708,1.300555867950096,
320_p3conc_94.6_i17,poly-hIgG,Polyclonal,3.0,150.0,7.6,1.0,94.5974,25.0,Acetate,5.0,20.0,none,0.0,none,0.0,none,0.0,none,0.0,0.9,0.9,2.4845260670888227,2.4394467074449473,2.4394467074449473,2.1807709101829693,1.5227426199478342,
154_p3conc_105.5_i18,poly-hIgG,Polyclonal,3.0,150.0,7.6,1.0,105.4608,27.5,Acetate,5.0,20.0,none,0.0,none,0.0,none,0.0,none,0.0,0.9,0.9,3.617309468623677,3.617309468623677,3.502503473839931,2.869196798496892,1.6960810766806194,
154_p3conc_106.2_i19,poly-hIgG,Polyclonal,3.0,150.0,7.6,1.0,106.2397,27.5,Acetate,5.0,20.0,none,0.0,none,0.0,none,0.0,none,0.0,0.9,0.9,4.178252288255459,3.876384196632002,3.5640374242648525,2.8360733346992597,1.6751266222322292,
154_p3conc_119.3_i20,poly-hIgG,Polyclonal,3.0,150.0,7.6,1.0,119.3153,27.5,Acetate,5.0,20.0,none,0.0,none,0.0,none,0.0,none,0.0,0.9,0.9,5.674834401487001,5.514460274772471,4.850111414244186,4.142921391527605,2.069525237445108,
153_p3conc_219.5_i21,poly-hIgG,Polyclonal,3.0,150.0,7.6,1.0,219.4689,27.5,Acetate,5.0,20.0,none,0.0,none,0.0,none,0.0,none,0.0,0.9,0.9,19.972051879671273,17.947744651553737,17.947744651553737,14.159008396509577,4.464069056459363,
153_p3conc_230.5_i22,poly-hIgG,Polyclonal,3.0,150.0,7.6,1.0,230.4618,27.5,Acetate,5.0,20.0,none,0.0,none,0.0,none,0.0,none,0.0,0.9,0.9,22.80513796021909,22.80513796021909,20.77608918912156,18.45467536044652,4.615819729551932,
153_p3conc_242.0_i23,poly-hIgG,Polyclonal,3.0,150.0,7.6,1.0,242.0059,27.5,Acetate,5.0,20.0,none,0.0,none,0.0,none,0.0,none,0.0,0.9,0.9,28.5517457885476,28.5517457885476,27.41375153018877,21.008495054832196,5.307596771544242,
153_p3conc_254.1_i24,poly-hIgG,Polyclonal,3.0,150.0,7.6,1.0,254.1277,27.5,Acetate,5.0,20.0,none,0.0,none,0.0,none,0.0,none,0.0,0.9,0.9,33.66154662918318,32.42510994325959,32.15731910350831,24.593623398399416,5.5750255337129575,
153_p3conc_266.9_i25,poly-hIgG,Polyclonal,3.0,150.0,7.6,1.0,266.8572,27.5,Acetate,5.0,20.0,none,0.0,none,0.0,none,0.0,none,0.0,0.9,0.9,44.11975985728746,42.28008921058472,40.60513485877464,33.62995812399014,6.156239887967709,
153_p3conc_280.2_i26,poly-hIgG,Polyclonal,3.0,150.0,7.6,1.0,280.2238,27.5,Acetate,5.0,20.0,none,0.0,none,0.0,none,0.0,none,0.0,0.9,0.9,52.898722183413966,52.23307194690074,52.23307194690074,37.48570155840383,6.93348443694211,
153_p3conc_294.3_i27,poly-hIgG,Polyclonal,3.0,150.0,7.6,1.0,294.2605,27.5,Acetate,5.0,20.0,none,0.0,none,0.0,none,0.0,none,0.0,0.9,0.9,62.04305688978816,62.04305688978816,62.04305688978816,49.526070365524724,7.986172018805612,
382_p3conc_1.4_i0,poly-hIgG,Polyclonal,3.0,150.0,7.6,1.0,1.4028,25.0,Acetate,5.0,50.0,none,0.0,none,0.0,none,0.0,none,0.0,0.9,0.9,0.9527062060741683,0.9527062060741683,0.9109739766583633,0.9109739766583633,0.91,
382_p3conc_1.7_i1,poly-hIgG,Polyclonal,3.0,150.0,7.6,1.0,1.71,25.0,Acetate,5.0,50.0,none,0.0,none,0.0,none,0.0,none,0.0,0.9,0.9,0.9794398437774979,0.9794398437774979,0.9406044277562234,0.91,0.91,
382_p3conc_2.0_i2,poly-hIgG,Polyclonal,3.0,150.0,7.6,1.0,1.968,25.0,Acetate,5.0,50.0,none,0.0,none,0.0,none,0.0,none,0.0,0.9,0.9,0.9489979228261555,0.91,0.91,0.91,0.91,
382_p3conc_2.8_i3,poly-hIgG,Polyclonal,3.0,150.0,7.6,1.0,2.7608,25.0,Acetate,5.0,50.0,none,0.0,none,0.0,none,0.0,none,0.0,0.9,0.9,0.934418377607638,0.91,0.91,0.91,0.91,
382_p3conc_2.9_i4,poly-hIgG,Polyclonal,3.0,150.0,7.6,1.0,2.924,25.0,Acetate,5.0,50.0,none,0.0,none,0.0,none,0.0,none,0.0,0.9,0.9,1.0309138732245964,0.91,0.91,0.91,0.91,
382_p3conc_3.9_i5,poly-hIgG,Polyclonal,3.0,150.0,7.6,1.0,3.873,25.0,Acetate,5.0,50.0,none,0.0,none,0.0,none,0.0,none,0.0,0.9,0.9,0.9498972056287477,0.9498972056287477,0.9498972056287477,0.9498972056287477,0.9275026128680225,
382_p3conc_5.0_i6,poly-hIgG,Polyclonal,3.0,150.0,7.6,1.0,5.0,25.0,Acetate,5.0,50.0,none,0.0,none,0.0,none,0.0,none,0.0,0.9,0.9,0.91,0.91,0.91,0.91,0.91,
382_p3conc_5.4_i7,poly-hIgG,Polyclonal,3.0,150.0,7.6,1.0,5.4332,25.0,Acetate,5.0,50.0,none,0.0,none,0.0,none,0.0,none,0.0,0.9,0.9,0.9498814001654187,0.91,0.91,0.91,0.91,
382_p3conc_7.6_i8,poly-hIgG,Polyclonal,3.0,150.0,7.6,1.0,7.622,25.0,Acetate,5.0,50.0,none,0.0,none,0.0,none,0.0,none,0.0,0.9,0.9,1.015308043130289,0.972024809102728,0.9661316518091002,0.94172299279371,0.91,
382_p3conc_8.5_i9,poly-hIgG,Polyclonal,3.0,150.0,7.6,1.0,8.5499,25.0,Acetate,5.0,50.0,none,0.0,none,0.0,none,0.0,none,0.0,0.9,0.9,1.085800299362085,0.9627183700619081,0.9627183700619081,0.9318750380627635,0.9318750380627635,
382_p3conc_10.7_i10,poly-hIgG,Polyclonal,3.0,150.0,7.6,1.0,10.6925,25.0,Acetate,5.0,50.0,none,0.0,none,0.0,none,0.0,none,0.0,0.9,0.9,1.051140234314343,0.9990694490988432,0.9990694490988432,0.9990694490988432,0.996615221369173,
382_p3conc_14.6_i11,poly-hIgG,Polyclonal,3.0,150.0,7.6,1.0,14.6201,25.0,Acetate,5.0,50.0,none,0.0,none,0.0,none,0.0,none,0.0,0.9,0.9,1.0948877989660775,1.0481561522209952,0.9925602420938981,0.9925602420938981,0.9925602420938981,
382_p3conc_15.0_i12,poly-hIgG,Polyclonal,3.0,150.0,7.6,1.0,15.0,25.0,Acetate,5.0,50.0,none,0.0,none,0.0,none,0.0,none,0.0,0.9,0.9,1.1677178517664846,0.9920213393055932,0.9920213393055932,0.9920213393055932,0.9920213393055932,
382_p3conc_21.0_i13,poly-hIgG,Polyclonal,3.0,150.0,7.6,1.0,21.0428,25.0,Acetate,5.0,50.0,none,0.0,none,0.0,none,0.0,none,0.0,0.9,0.9,1.2014264542732023,1.1875304488522442,1.1875304488522442,1.110730352522513,1.110730352522513,
382_p3conc_25.0_i14,poly-hIgG,Polyclonal,3.0,150.0,7.6,1.0,25.0,25.0,Acetate,5.0,50.0,none,0.0,none,0.0,none,0.0,none,0.0,0.9,0.9,1.3051534991491025,1.2416146761204159,1.2416146761204159,1.2416146761204159,1.1997373381748497,
382_p3conc_29.5_i15,poly-hIgG,Polyclonal,3.0,150.0,7.6,1.0,29.5198,25.0,Acetate,5.0,50.0,none,0.0,none,0.0,none,0.0,none,0.0,0.9,0.9,1.187091808939737,1.187091808939737,1.187091808939737,1.187091808939737,1.187091808939737,
382_p3conc_41.4_i16,poly-hIgG,Polyclonal,3.0,150.0,7.6,1.0,41.4119,25.0,Acetate,5.0,50.0,none,0.0,none,0.0,none,0.0,none,0.0,0.9,0.9,1.736731610519891,1.6391187699533354,1.6231080879275173,1.621412550776344,1.3617289343787,
382_p3conc_42.7_i17,poly-hIgG,Polyclonal,3.0,150.0,7.6,1.0,42.7494,25.0,Acetate,5.0,50.0,none,0.0,none,0.0,none,0.0,none,0.0,0.9,0.9,1.5309691480909882,1.5309691480909882,1.5309691480909882,1.5083120621639088,1.2896698220390168,
382_p3conc_58.1_i18,poly-hIgG,Polyclonal,3.0,150.0,7.6,1.0,58.0948,25.0,Acetate,5.0,50.0,none,0.0,none,0.0,none,0.0,none,0.0,0.9,0.9,1.8984030820281736,1.8984030820281736,1.8984030820281736,1.8984030820281736,1.6541201518920199,
382_p3conc_73.1_i19,poly-hIgG,Polyclonal,3.0,150.0,7.6,1.0,73.1004,25.0,Acetate,5.0,50.0,none,0.0,none,0.0,none,0.0,none,0.0,0.9,0.9,2.658657050538402,2.4101420112430385,2.110762083975824,2.110762083975824,1.813221526642801,
382_p3conc_81.5_i20,poly-hIgG,Polyclonal,3.0,150.0,7.6,1.0,81.4982,25.0,Acetate,5.0,50.0,none,0.0,none,0.0,none,0.0,none,0.0,0.9,0.9,2.7883164757572563,2.717750704647498,2.5985238475886336,2.4908136277142168,1.9658024411358797,
382_p3conc_114.3_i21,poly-hIgG,Polyclonal,3.0,150.0,7.6,1.0,114.3299,25.0,Acetate,5.0,50.0,none,0.0,none,0.0,none,0.0,none,0.0,0.9,0.9,4.164887276312275,4.138208592597594,3.881735508955689,3.7595376716836735,2.6695747698556116,
382_p3conc_134.5_i22,poly-hIgG,Polyclonal,3.0,150.0,7.6,1.0,134.53,25.0,Acetate,5.0,50.0,none,0.0,none,0.0,none,0.0,none,0.0,0.9,0.9,6.200910752954698,5.639429937549755,5.025315833661076,4.72871609810676,3.2353092412176707,
382_p3conc_144.8_i23,poly-hIgG,Polyclonal,3.0,150.0,7.6,1.0,144.7865,25.0,Acetate,5.0,50.0,none,0.0,none,0.0,none,0.0,none,0.0,0.9,0.9,6.82226241035555,6.391437733051195,5.55159411065519,5.246101762942911,3.5661276100845627,
382_p3conc_155.8_i24,poly-hIgG,Polyclonal,3.0,150.0,7.6,1.0,155.825,25.0,Acetate,5.0,50.0,none,0.0,none,0.0,none,0.0,none,0.0,0.9,0.9,8.27954585275185,7.393356552889375,6.649598660418679,5.729384196061902,4.039341637165854,
382_p3conc_160.4_i25,poly-hIgG,Polyclonal,3.0,150.0,7.6,1.0,160.3877,25.0,Acetate,5.0,50.0,none,0.0,none,0.0,none,0.0,none,0.0,0.9,0.9,8.780676560043359,7.975492201071771,6.978162376656115,6.686972259450886,4.097816682569941,
382_p3conc_167.7_i26,poly-hIgG,Polyclonal,3.0,150.0,7.6,1.0,167.705,25.0,Acetate,5.0,50.0,none,0.0,none,0.0,none,0.0,none,0.0,0.9,0.9,9.67012694391584,8.115903241499874,7.796256307017648,6.412349551968186,4.546871183810852,
382_p3conc_180.5_i27,poly-hIgG,Polyclonal,3.0,150.0,7.6,1.0,180.4908,25.0,Acetate,5.0,50.0,none,0.0,none,0.0,none,0.0,none,0.0,0.9,0.9,11.43127591571448,10.512985960848933,8.797604794755246,7.6588588439968825,5.571972932635495,
382_p3conc_194.3_i28,poly-hIgG,Polyclonal,3.0,150.0,7.6,1.0,194.2513,25.0,Acetate,5.0,50.0,none,0.0,none,0.0,none,0.0,none,0.0,0.9,0.9,14.323717220438594,12.187828131013477,10.636287792627634,10.018754705041252,5.898195437419007,
382_p3conc_209.1_i29,poly-hIgG,Polyclonal,3.0,150.0,7.6,1.0,209.061,25.0,Acetate,5.0,50.0,none,0.0,none,0.0,none,0.0,none,0.0,0.9,0.9,16.899552718775222,14.813766566874907,12.677539362975876,10.797680853202372,6.492207370201205,
383_p3conc_1.4_i0,poly-hIgG,Polyclonal,3.0,150.0,7.6,1.0,1.4028,25.0,Acetate,5.0,80.0,none,0.0,none,0.0,none,0.0,none,0.0,0.9,0.9,0.91,0.91,0.91,0.91,0.91,
383_p3conc_1.7_i1,poly-hIgG,Polyclonal,3.0,150.0,7.6,1.0,1.71,25.0,Acetate,5.0,80.0,none,0.0,none,0.0,none,0.0,none,0.0,0.9,0.9,0.9718880864962192,0.9718880864962192,0.91,0.91,0.91,
383_p3conc_2.0_i2,poly-hIgG,Polyclonal,3.0,150.0,7.6,1.0,1.968,25.0,Acetate,5.0,80.0,none,0.0,none,0.0,none,0.0,none,0.0,0.9,0.9,0.9489057044811151,0.9104862622818338,0.91,0.91,0.91,
383_p3conc_2.8_i3,poly-hIgG,Polyclonal,3.0,150.0,7.6,1.0,2.7608,25.0,Acetate,5.0,80.0,none,0.0,none,0.0,none,0.0,none,0.0,0.9,0.9,0.9403983496749705,0.91,0.91,0.91,0.91,
383_p3conc_2.9_i4,poly-hIgG,Polyclonal,3.0,150.0,7.6,1.0,2.924,25.0,Acetate,5.0,80.0,none,0.0,none,0.0,none,0.0,none,0.0,0.9,0.9,0.91,0.91,0.91,0.91,0.91,
383_p3conc_3.9_i5,poly-hIgG,Polyclonal,3.0,150.0,7.6,1.0,3.873,25.0,Acetate,5.0,80.0,none,0.0,none,0.0,none,0.0,none,0.0,0.9,0.9,0.9450075068763993,0.91,0.91,0.91,0.91,
383_p3conc_5.0_i6,poly-hIgG,Polyclonal,3.0,150.0,7.6,1.0,5.0,25.0,Acetate,5.0,80.0,none,0.0,none,0.0,none,0.0,none,0.0,0.9,0.9,0.9606305735148881,0.9606305735148881,0.9606305735148881,0.9606305735148881,0.91,
383_p3conc_5.4_i7,poly-hIgG,Polyclonal,3.0,150.0,7.6,1.0,5.4332,25.0,Acetate,5.0,80.0,none,0.0,none,0.0,none,0.0,none,0.0,0.9,0.9,0.9821966857930368,0.9821966857930368,0.91,0.91,0.91,
383_p3conc_7.6_i8,poly-hIgG,Polyclonal,3.0,150.0,7.6,1.0,7.622,25.0,Acetate,5.0,80.0,none,0.0,none,0.0,none,0.0,none,0.0,0.9,0.9,0.9420205686633816,0.9420205686633816,0.9420205686633816,0.9420205686633816,0.9420205686633816,
383_p3conc_8.5_i9,poly-hIgG,Polyclonal,3.0,150.0,7.6,1.0,8.5499,25.0,Acetate,5.0,80.0,none,0.0,none,0.0,none,0.0,none,0.0,0.9,0.9,0.9462952596953798,0.9459954897791499,0.9459954897791499,0.9459954897791499,0.9459954897791499,
383_p3conc_10.7_i10,poly-hIgG,Polyclonal,3.0,150.0,7.6,1.0,10.6925,25.0,Acetate,5.0,80.0,none,0.0,none,0.0,none,0.0,none,0.0,0.9,0.9,1.0276032943366704,1.004066965515003,1.004066965515003,0.9772043730513663,0.9772043730513663,
383_p3conc_14.6_i11,poly-hIgG,Polyclonal,3.0,150.0,7.6,1.0,14.6201,25.0,Acetate,5.0,80.0,none,0.0,none,0.0,none,0.0,none,0.0,0.9,0.9,0.9765644663346602,0.9765644663346602,0.9765644663346602,0.9765644663346602,0.9631491778429112,
383_p3conc_15.0_i12,poly-hIgG,Polyclonal,3.0,150.0,7.6,1.0,15.0,25.0,Acetate,5.0,80.0,none,0.0,none,0.0,none,0.0,none,0.0,0.9,0.9,1.0255074065308518,0.9802151093733162,0.9802151093733162,0.9802151093733162,0.9318030796234199,
383_p3conc_21.0_i13,poly-hIgG,Polyclonal,3.0,150.0,7.6,1.0,21.0428,25.0,Acetate,5.0,80.0,none,0.0,none,0.0,none,0.0,none,0.0,0.9,0.9,1.0762652882008592,1.0762652882008592,1.0762652882008592,1.054361356838247,1.0497722658727808,
383_p3conc_25.0_i14,poly-hIgG,Polyclonal,3.0,150.0,7.6,1.0,25.0,25.0,Acetate,5.0,80.0,none,0.0,none,0.0,none,0.0,none,0.0,0.9,0.9,1.1835136036511824,1.0903709047683499,1.0903709047683499,1.0871769619969576,1.0833646580454006,
383_p3conc_29.5_i15,poly-hIgG,Polyclonal,3.0,150.0,7.6,1.0,29.5198,25.0,Acetate,5.0,80.0,none,0.0,none,0.0,none,0.0,none,0.0,0.9,0.9,1.218407667733142,1.1911314835430316,1.1642006337072375,1.1591948761149407,1.1591948761149407,
383_p3conc_41.4_i16,poly-hIgG,Polyclonal,3.0,150.0,7.6,1.0,41.4119,25.0,Acetate,5.0,80.0,none,0.0,none,0.0,none,0.0,none,0.0,0.9,0.9,1.295433902138227,1.295433902138227,1.295433902138227,1.295433902138227,1.1626066965410702,
383_p3conc_42.7_i17,poly-hIgG,Polyclonal,3.0,150.0,7.6,1.0,42.7494,25.0,Acetate,5.0,80.0,none,0.0,none,0.0,none,0.0,none,0.0,0.9,0.9,1.349586969177414,1.349586969177414,1.3326385285947862,1.3094907767525472,1.211343331523025,
383_p3conc_58.1_i18,poly-hIgG,Polyclonal,3.0,150.0,7.6,1.0,58.0948,25.0,Acetate,5.0,80.0,none,0.0,none,0.0,none,0.0,none,0.0,0.9,0.9,1.7832941334490526,1.5519862680253576,1.5519862680253576,1.5341591325193669,1.314176334540588,
383_p3conc_73.1_i19,poly-hIgG,Polyclonal,3.0,150.0,7.6,1.0,73.1004,25.0,Acetate,5.0,80.0,none,0.0,none,0.0,none,0.0,none,0.0,0.9,0.9,1.9724517109287858,1.8763043678173383,1.7038134284794615,1.7038134284794615,1.463175378706445,
383_p3conc_81.5_i20,poly-hIgG,Polyclonal,3.0,150.0,7.6,1.0,81.4982,25.0,Acetate,5.0,80.0,none,0.0,none,0.0,none,0.0,none,0.0,0.9,0.9,1.9853883430342725,1.9853883430342725,1.9853883430342725,1.9508111799565087,1.7316642449208508,
383_p3conc_114.3_i21,poly-hIgG,Polyclonal,3.0,150.0,7.6,1.0,114.3299,25.0,Acetate,5.0,80.0,none,0.0,none,0.0,none,0.0,none,0.0,0.9,0.9,2.835519348562245,2.835519348562245,2.821122653252821,2.7803986841799655,2.0160156595260554,
383_p3conc_134.5_i22,poly-hIgG,Polyclonal,3.0,150.0,7.6,1.0,134.53,25.0,Acetate,5.0,80.0,none,0.0,none,0.0,none,0.0,none,0.0,0.9,0.9,3.769905569811648,3.738389288519141,3.648635501820424,2.91428541231768,2.3953521297395253,
383_p3conc_144.8_i23,poly-hIgG,Polyclonal,3.0,150.0,7.6,1.0,144.7865,25.0,Acetate,5.0,80.0,none,0.0,none,0.0,none,0.0,none,0.0,0.9,0.9,3.618886236595823,3.618886236595823,3.618886236595823,3.3148966916216303,2.2669886900058556,
383_p3conc_155.8_i24,poly-hIgG,Polyclonal,3.0,150.0,7.6,1.0,155.825,25.0,Acetate,5.0,80.0,none,0.0,none,0.0,none,0.0,none,0.0,0.9,0.9,4.223444772901006,4.223444772901006,4.223444772901006,3.6853838419405123,2.795815365899728,
383_p3conc_160.4_i25,poly-hIgG,Polyclonal,3.0,150.0,7.6,1.0,160.3877,25.0,Acetate,5.0,80.0,none,0.0,none,0.0,none,0.0,none,0.0,0.9,0.9,4.831432418754195,4.475547294806305,4.475547294806305,3.8718772404414343,2.9643540050712014,
383_p3conc_167.7_i26,poly-hIgG,Polyclonal,3.0,150.0,7.6,1.0,167.705,25.0,Acetate,5.0,80.0,none,0.0,none,0.0,none,0.0,none,0.0,0.9,0.9,5.0168647833330375,5.0168647833330375,5.0168647833330375,3.8680783781682004,3.108454602258051,
383_p3conc_180.5_i27,poly-hIgG,Polyclonal,3.0,150.0,7.6,1.0,180.4908,25.0,Acetate,5.0,80.0,none,0.0,none,0.0,none,0.0,none,0.0,0.9,0.9,5.973992814584447,5.616333085256032,5.616333085256032,4.6151801300286435,3.028768930147563,
383_p3conc_194.3_i28,poly-hIgG,Polyclonal,3.0,150.0,7.6,1.0,194.2513,25.0,Acetate,5.0,80.0,none,0.0,none,0.0,none,0.0,none,0.0,0.9,0.9,6.740721511256584,6.525177984933395,6.525177984933395,5.356806899113444,3.7639731562021628,
383_p3conc_209.1_i29,poly-hIgG,Polyclonal,3.0,150.0,7.6,1.0,209.061,25.0,Acetate,5.0,80.0,none,0.0,none,0.0,none,0.0,none,0.0,0.9,0.9,8.359974501379094,7.679373140137317,7.679373140137317,6.076751555885436,4.137618134033924,
508_p3conc_1.4_i0,poly-hIgG,Polyclonal,3.0,150.0,7.6,1.0,1.4411,25.475,Histidine,6.0,15.0,none,0.0,none,0.0,none,0.0,none,0.0,0.9,0.9,0.9515259689899725,0.91,0.91,0.91,0.91,
508_p3conc_2.1_i1,poly-hIgG,Polyclonal,3.0,150.0,7.6,1.0,2.0768,25.475,Histidine,6.0,15.0,none,0.0,none,0.0,none,0.0,none,0.0,0.9,0.9,0.9436309134457538,0.9436309134457538,0.9436309134457538,0.91,0.91,
508_p3conc_2.7_i2,poly-hIgG,Polyclonal,3.0,150.0,7.6,1.0,2.6723,25.475,Histidine,6.0,15.0,none,0.0,none,0.0,none,0.0,none,0.0,0.9,0.9,0.9594643243583771,0.9594643243583771,0.9549657126014087,0.9549657126014087,0.91,
508_p3conc_3.0_i3,poly-hIgG,Polyclonal,3.0,150.0,7.6,1.0,2.9928,25.475,Histidine,6.0,15.0,none,0.0,none,0.0,none,0.0,none,0.0,0.9,0.9,0.9263123888894109,0.9148540707152443,0.9148540707152443,0.9148540707152443,0.9148540707152443,
508_p3conc_4.3_i4,poly-hIgG,Polyclonal,3.0,150.0,7.6,1.0,4.3129,25.475,Histidine,6.0,15.0,none,0.0,none,0.0,none,0.0,none,0.0,0.9,0.9,0.9651614737134783,0.9649690238504304,0.91,0.91,0.91,
508_p3conc_6.2_i5,poly-hIgG,Polyclonal,3.0,150.0,7.6,1.0,6.2153,25.475,Histidine,6.0,15.0,none,0.0,none,0.0,none,0.0,none,0.0,0.9,0.9,0.9986163156710336,0.9726104938555797,0.91,0.91,0.91,
508_p3conc_7.1_i6,poly-hIgG,Polyclonal,3.0,150.0,7.6,1.0,7.1414,25.475,Histidine,6.0,15.0,none,0.0,none,0.0,none,0.0,none,0.0,0.9,0.9,0.950441041790483,0.950441041790483,0.950441041790483,0.950441041790483,0.950441041790483,
508_p3conc_9.0_i7,poly-hIgG,Polyclonal,3.0,150.0,7.6,1.0,8.9568,25.475,Histidine,6.0,15.0,none,0.0,none,0.0,none,0.0,none,0.0,0.9,0.9,1.069596368801233,0.9920853955719293,0.9876168778249342,0.9876168778249342,0.91,
508_p3conc_12.9_i8,poly-hIgG,Polyclonal,3.0,150.0,7.6,1.0,12.9076,25.475,Histidine,6.0,15.0,none,0.0,none,0.0,none,0.0,none,0.0,0.9,0.9,1.165908566375908,1.0515744151956499,1.0508050097412616,0.9933030065866102,0.91,
508_p3conc_18.6_i9,poly-hIgG,Polyclonal,3.0,150.0,7.6,1.0,18.6011,25.475,Histidine,6.0,15.0,none,0.0,none,0.0,none,0.0,none,0.0,0.9,0.9,1.2400481740194758,1.2400481740194758,1.0622204032643898,1.0581810109226142,0.9287976243982388,
508_p3conc_19.1_i10,poly-hIgG,Polyclonal,3.0,150.0,7.6,1.0,19.0844,25.475,Histidine,6.0,15.0,none,0.0,none,0.0,none,0.0,none,0.0,0.9,0.9,1.1920949591940733,1.1920949591940733,1.1124001548224833,1.0999600603645925,0.9909993330788549,
508_p3conc_26.8_i11,poly-hIgG,Polyclonal,3.0,150.0,7.6,1.0,26.8059,25.475,Histidine,6.0,15.0,none,0.0,none,0.0,none,0.0,none,0.0,0.9,0.9,1.4992951539416493,1.3646420206139593,1.1236482335502271,1.1236482335502271,1.0545319852633648,
508_p3conc_38.6_i12,poly-hIgG,Polyclonal,3.0,150.0,7.6,1.0,38.6298,25.475,Histidine,6.0,15.0,none,0.0,none,0.0,none,0.0,none,0.0,0.9,0.9,1.4769369786360669,1.4769369786360669,1.26239918955901,1.26239918955901,1.0185430715519417,
508_p3conc_55.7_i13,poly-hIgG,Polyclonal,3.0,150.0,7.6,1.0,55.6692,25.475,Histidine,6.0,15.0,none,0.0,none,0.0,none,0.0,none,0.0,0.9,0.9,1.6760486393937728,1.6760486393937728,1.4451770337873167,1.4451770337873167,1.1223061395848088,
318_p3conc_80.2_i14,poly-hIgG,Polyclonal,3.0,150.0,7.6,1.0,80.2245,25.0,Histidine,6.0,15.0,none,0.0,none,0.0,none,0.0,none,0.0,0.9,0.9,1.8031034740416694,1.7091260851436643,1.7091260851436643,1.7091260851436643,1.472833573273632,
318_p3conc_84.7_i15,poly-hIgG,Polyclonal,3.0,150.0,7.6,1.0,84.7005,25.0,Histidine,6.0,15.0,none,0.0,none,0.0,none,0.0,none,0.0,0.9,0.9,1.8899612436919195,1.8899612436919195,1.8899612436919195,1.8899612436919195,1.4803064401584547,
318_p3conc_95.7_i16,poly-hIgG,Polyclonal,3.0,150.0,7.6,1.0,95.6557,25.0,Histidine,6.0,15.0,none,0.0,none,0.0,none,0.0,none,0.0,0.9,0.9,1.9898191828596423,1.9898191828596423,1.9898191828596423,1.9898191828596423,1.6114479887744704,
505_p3conc_108.0_i17,poly-hIgG,Polyclonal,3.0,150.0,7.6,1.0,108.0277,25.380000000000003,Histidine,6.0,15.0,none,0.0,none,0.0,none,0.0,none,0.0,0.9,0.9,2.465871778349139,2.4129748550162895,2.4129748550162895,2.4129748550162895,1.7407880437242553,
505_p3conc_115.6_i18,poly-hIgG,Polyclonal,3.0,150.0,7.6,1.0,115.611,25.380000000000003,Histidine,6.0,15.0,none,0.0,none,0.0,none,0.0,none,0.0,0.9,0.9,3.059358957675918,2.895522609350992,2.8675431345259526,2.8675431345259526,1.7250700518545041,
505_p3conc_131.1_i19,poly-hIgG,Polyclonal,3.0,150.0,7.6,1.0,131.1279,25.380000000000003,Histidine,6.0,15.0,none,0.0,none,0.0,none,0.0,none,0.0,0.9,0.9,3.594265548550905,3.517876581058698,3.077928159097321,3.077928159097321,1.988079429295457,
505_p3conc_140.9_i20,poly-hIgG,Polyclonal,3.0,150.0,7.6,1.0,140.9389,25.380000000000003,Histidine,6.0,15.0,none,0.0,none,0.0,none,0.0,none,0.0,0.9,0.9,4.259259443315398,4.1055750789165115,3.938344879440807,3.6456980346536505,2.2710549729515908,
155_p3conc_151.5_i21,poly-hIgG,Polyclonal,3.0,150.0,7.6,1.0,151.4841,27.5,Histidine,6.0,15.0,none,0.0,none,0.0,none,0.0,none,0.0,0.9,0.9,4.813333416432252,4.813333416432252,4.5115701960078916,3.9466163372469385,2.605575580501056,
155_p3conc_162.8_i22,poly-hIgG,Polyclonal,3.0,150.0,7.6,1.0,162.8178,27.5,Histidine,6.0,15.0,none,0.0,none,0.0,none,0.0,none,0.0,0.9,0.9,6.195962694743864,5.835313141207618,5.20302134443236,4.510604055360853,2.683114945498221,
506_p3conc_197.4_i23,poly-hIgG,Polyclonal,3.0,150.0,7.6,1.0,197.4099,25.216363636363635,Histidine,6.0,15.0,none,0.0,none,0.0,none,0.0,none,0.0,0.9,0.9,13.66268456429179,10.696138767756684,10.696138767756684,10.214859906522236,2.759598833420233,
151_p3conc_208.4_i24,poly-hIgG,Polyclonal,3.0,150.0,7.6,1.0,208.3992,27.5,Histidine,6.0,15.0,none,0.0,none,0.0,none,0.0,none,0.0,0.9,0.9,14.393285617271337,11.346278463632522,11.333010961212805,10.296334150823764,3.362852656524904,
507_p3conc_267.9_i25,poly-hIgG,Polyclonal,3.0,150.0,7.6,1.0,267.8983,25.0775,Histidine,6.0,15.0,none,0.0,none,0.0,none,0.0,none,0.0,0.9,0.9,90.41787454973714,90.19257116976115,90.19257116976115,87.90910276379225,13.12126328730725,
507_p3conc_279.6_i26,poly-hIgG,Polyclonal,3.0,150.0,7.6,1.0,279.5683,25.0775,Histidine,6.0,15.0,none,0.0,none,0.0,none,0.0,none,0.0,0.9,0.9,108.37532790058026,108.37532790058026,108.37532790058026,106.90943925685932,14.985407707975817,
507_p3conc_291.7_i27,poly-hIgG,Polyclonal,3.0,150.0,7.6,1.0,291.7467,25.0775,Histidine,6.0,15.0,none,0.0,none,0.0,none,0.0,none,0.0,0.9,0.9,126.94938890094308,126.94938890094308,126.94938890094308,126.94938890094308,15.004103197909789,
507_p3conc_304.5_i28,poly-hIgG,Polyclonal,3.0,150.0,7.6,1.0,304.4549,25.0775,Histidine,6.0,15.0,none,0.0,none,0.0,none,0.0,none,0.0,0.9,0.9,168.25597240795545,168.0991714380397,168.0991714380397,154.44747024420923,17.104431564947134,
507_p3conc_317.7_i29,poly-hIgG,Polyclonal,3.0,150.0,7.6,1.0,317.7174,25.0775,Histidine,6.0,15.0,none,0.0,none,0.0,none,0.0,none,0.0,0.9,0.9,198.1852870327743,194.80376621398284,194.80376621398284,188.81724485242458,19.551453297030967,
507_p3conc_331.6_i30,poly-hIgG,Polyclonal,3.0,150.0,7.6,1.0,331.5568,25.0775,Histidine,6.0,15.0,none,0.0,none,0.0,none,0.0,none,0.0,0.9,0.9,280.6246044244502,243.09900266568448,243.09900266568448,243.09900266568448,24.509829800396304,
337_p3conc_1.4_i0,poly-hIgG,Polyclonal,3.0,150.0,7.6,1.0,1.4028,25.0,Histidine,6.0,25.0,none,0.0,none,0.0,none,0.0,none,0.0,0.9,0.9,0.91,0.91,0.91,0.91,0.91,
337_p3conc_1.7_i1,poly-hIgG,Polyclonal,3.0,150.0,7.6,1.0,1.71,25.0,Histidine,6.0,25.0,none,0.0,none,0.0,none,0.0,none,0.0,0.9,0.9,0.91,0.91,0.91,0.91,0.91,
337_p3conc_2.0_i2,poly-hIgG,Polyclonal,3.0,150.0,7.6,1.0,1.968,25.0,Histidine,6.0,25.0,none,0.0,none,0.0,none,0.0,none,0.0,0.9,0.9,0.91,0.91,0.91,0.91,0.91,
337_p3conc_2.8_i3,poly-hIgG,Polyclonal,3.0,150.0,7.6,1.0,2.7608,25.0,Histidine,6.0,25.0,none,0.0,none,0.0,none,0.0,none,0.0,0.9,0.9,0.91,0.91,0.91,0.91,0.91,
337_p3conc_2.9_i4,poly-hIgG,Polyclonal,3.0,150.0,7.6,1.0,2.924,25.0,Histidine,6.0,25.0,none,0.0,none,0.0,none,0.0,none,0.0,0.9,0.9,0.91,0.91,0.91,0.91,0.91,
337_p3conc_3.9_i5,poly-hIgG,Polyclonal,3.0,150.0,7.6,1.0,3.873,25.0,Histidine,6.0,25.0,none,0.0,none,0.0,none,0.0,none,0.0,0.9,0.9,0.9540410062847857,0.91,0.91,0.91,0.91,
337_p3conc_5.0_i6,poly-hIgG,Polyclonal,3.0,150.0,7.6,1.0,5.0,25.0,Histidine,6.0,25.0,none,0.0,none,0.0,none,0.0,none,0.0,0.9,0.9,0.9628268907801133,0.9628268907801133,0.9355640816310955,0.9355640816310955,0.91,
337_p3conc_5.4_i7,poly-hIgG,Polyclonal,3.0,150.0,7.6,1.0,5.4332,25.0,Histidine,6.0,25.0,none,0.0,none,0.0,none,0.0,none,0.0,0.9,0.9,0.9362707081260627,0.9362707081260627,0.9362707081260627,0.9327513149962696,0.91,
337_p3conc_7.6_i8,poly-hIgG,Polyclonal,3.0,150.0,7.6,1.0,7.622,25.0,Histidine,6.0,25.0,none,0.0,none,0.0,none,0.0,none,0.0,0.9,0.9,1.0256622703706952,1.0043991294725845,1.0043991294725845,0.91,0.91,
337_p3conc_8.5_i9,poly-hIgG,Polyclonal,3.0,150.0,7.6,1.0,8.5499,25.0,Histidine,6.0,25.0,none,0.0,none,0.0,none,0.0,none,0.0,0.9,0.9,0.9767967038012437,0.976775980335402,0.9618023961316583,0.9618023961316583,0.9618023961316583,
337_p3conc_10.7_i10,poly-hIgG,Polyclonal,3.0,150.0,7.6,1.0,10.6925,25.0,Histidine,6.0,25.0,none,0.0,none,0.0,none,0.0,none,0.0,0.9,0.9,0.927832268410895,0.927832268410895,0.927832268410895,0.927832268410895,0.927832268410895,
337_p3conc_14.6_i11,poly-hIgG,Polyclonal,3.0,150.0,7.6,1.0,14.6201,25.0,Histidine,6.0,25.0,none,0.0,none,0.0,none,0.0,none,0.0,0.9,0.9,0.9899370268413875,0.9899370268413875,0.9899370268413875,0.9899370268413875,0.9899370268413875,
337_p3conc_15.0_i12,poly-hIgG,Polyclonal,3.0,150.0,7.6,1.0,15.0,25.0,Histidine,6.0,25.0,none,0.0,none,0.0,none,0.0,none,0.0,0.9,0.9,1.0851135622726766,1.0343857243929122,1.0343857243929122,1.0343857243929122,1.0343857243929122,
337_p3conc_21.0_i13,poly-hIgG,Polyclonal,3.0,150.0,7.6,1.0,21.0428,25.0,Histidine,6.0,25.0,none,0.0,none,0.0,none,0.0,none,0.0,0.9,0.9,1.1322722426347749,1.1322722426347749,1.1322722426347749,1.1322722426347749,1.120357051485802,
337_p3conc_25.0_i14,poly-hIgG,Polyclonal,3.0,150.0,7.6,1.0,25.0,25.0,Histidine,6.0,25.0,none,0.0,none,0.0,none,0.0,none,0.0,0.9,0.9,1.2494816160273392,1.1805846836757035,1.1805846836757035,1.147939066845248,1.0521961041211119,
337_p3conc_29.5_i15,poly-hIgG,Polyclonal,3.0,150.0,7.6,1.0,29.5198,25.0,Histidine,6.0,25.0,none,0.0,none,0.0,none,0.0,none,0.0,0.9,0.9,1.2331633498485783,1.2331633498485783,1.156588485011839,1.156588485011839,1.0012978183655477,
337_p3conc_41.4_i16,poly-hIgG,Polyclonal,3.0,150.0,7.6,1.0,41.4119,25.0,Histidine,6.0,25.0,none,0.0,none,0.0,none,0.0,none,0.0,0.9,0.9,1.61430864061077,1.5266089888395384,1.4075701817108404,1.386729101691849,1.2657883746270768,
337_p3conc_42.7_i17,poly-hIgG,Polyclonal,3.0,150.0,7.6,1.0,42.7494,25.0,Histidine,6.0,25.0,none,0.0,none,0.0,none,0.0,none,0.0,0.9,0.9,1.4071787122405908,1.4071787122405908,1.4071787122405908,1.3994792230428976,1.2719608572546808,
337_p3conc_58.1_i18,poly-hIgG,Polyclonal,3.0,150.0,7.6,1.0,58.0948,25.0,Histidine,6.0,25.0,none,0.0,none,0.0,none,0.0,none,0.0,0.9,0.9,1.6135220216634547,1.6135220216634547,1.6135220216634547,1.6135220216634547,1.408150383650803,
337_p3conc_73.1_i19,poly-hIgG,Polyclonal,3.0,150.0,7.6,1.0,73.1004,25.0,Histidine,6.0,25.0,none,0.0,none,0.0,none,0.0,none,0.0,0.9,0.9,2.1334325128559732,1.991813642732289,1.991813642732289,1.991813642732289,1.593474494185041,
337_p3conc_81.5_i20,poly-hIgG,Polyclonal,3.0,150.0,7.6,1.0,81.4982,25.0,Histidine,6.0,25.0,none,0.0,none,0.0,none,0.0,none,0.0,0.9,0.9,2.2441921869386756,2.2122952556700235,2.2122952556700235,2.0793988733318973,1.8118536662525127,
337_p3conc_114.3_i21,poly-hIgG,Polyclonal,3.0,150.0,7.6,1.0,114.3299,25.0,Histidine,6.0,25.0,none,0.0,none,0.0,none,0.0,none,0.0,0.9,0.9,3.1830019607896607,3.074110466477618,3.074110466477618,2.9206492364467813,2.271851466417672,
337_p3conc_134.5_i22,poly-hIgG,Polyclonal,3.0,150.0,7.6,1.0,134.53,25.0,Histidine,6.0,25.0,none,0.0,none,0.0,none,0.0,none,0.0,0.9,0.9,3.5287169147258712,3.5287169147258712,3.5287169147258712,3.480663057688295,2.520666342871781,
337_p3conc_144.8_i23,poly-hIgG,Polyclonal,3.0,150.0,7.6,1.0,144.7865,25.0,Histidine,6.0,25.0,none,0.0,none,0.0,none,0.0,none,0.0,0.9,0.9,4.366490563804064,4.366490563804064,4.20978638896041,4.127027600432961,2.9836027509352454,
337_p3conc_155.8_i24,poly-hIgG,Polyclonal,3.0,150.0,7.6,1.0,155.825,25.0,Histidine,6.0,25.0,none,0.0,none,0.0,none,0.0,none,0.0,0.9,0.9,5.133262093633412,5.133262093633412,5.133262093633412,4.830176511527427,3.3289868910221236,
337_p3conc_160.4_i25,poly-hIgG,Polyclonal,3.0,150.0,7.6,1.0,160.3877,25.0,Histidine,6.0,25.0,none,0.0,none,0.0,none,0.0,none,0.0,0.9,0.9,5.209159190656829,5.156820205558318,5.156820205558318,4.943485009222624,3.2803498917817246,
337_p3conc_167.7_i26,poly-hIgG,Polyclonal,3.0,150.0,7.6,1.0,167.705,25.0,Histidine,6.0,25.0,none,0.0,none,0.0,none,0.0,none,0.0,0.9,0.9,6.306406854989748,5.783939408485673,5.783939408485673,4.93574166506127,3.697996726675858,
337_p3conc_180.5_i27,poly-hIgG,Polyclonal,3.0,150.0,7.6,1.0,180.4908,25.0,Histidine,6.0,25.0,none,0.0,none,0.0,none,0.0,none,0.0,0.9,0.9,6.559183813496643,6.559183813496643,6.556102008435019,5.72645297553627,3.5817785027275963,
337_p3conc_194.3_i28,poly-hIgG,Polyclonal,3.0,150.0,7.6,1.0,194.2513,25.0,Histidine,6.0,25.0,none,0.0,none,0.0,none,0.0,none,0.0,0.9,0.9,7.575054107683827,7.286918402297138,7.286918402297138,7.286918402297138,4.26715614359546,
337_p3conc_209.1_i29,poly-hIgG,Polyclonal,3.0,150.0,7.6,1.0,209.061,25.0,Histidine,6.0,25.0,none,0.0,none,0.0,none,0.0,none,0.0,0.9,0.9,9.54356493875995,9.54356493875995,9.54356493875995,7.320877018826488,4.376524615273668,
351_p3conc_1.4_i0,poly-hIgG,Polyclonal,3.0,150.0,7.6,1.0,1.4206,25.0,Histidine,6.0,50.0,none,0.0,none,0.0,none,0.0,none,0.0,0.9,0.9,0.91,0.91,0.91,0.91,0.91,
351_p3conc_2.0_i1,poly-hIgG,Polyclonal,3.0,150.0,7.6,1.0,2.018,25.0,Histidine,6.0,50.0,none,0.0,none,0.0,none,0.0,none,0.0,0.9,0.9,0.9231084522102988,0.91,0.91,0.91,0.91,
351_p3conc_2.1_i2,poly-hIgG,Polyclonal,3.0,150.0,7.6,1.0,2.0536,25.0,Histidine,6.0,50.0,none,0.0,none,0.0,none,0.0,none,0.0,0.9,0.9,0.9115856795878559,0.91,0.91,0.91,0.91,
351_p3conc_2.9_i3,poly-hIgG,Polyclonal,3.0,150.0,7.6,1.0,2.8667,25.0,Histidine,6.0,50.0,none,0.0,none,0.0,none,0.0,none,0.0,0.9,0.9,0.91,0.91,0.91,0.91,0.91,
351_p3conc_4.1_i4,poly-hIgG,Polyclonal,3.0,150.0,7.6,1.0,4.0722,25.0,Histidine,6.0,50.0,none,0.0,none,0.0,none,0.0,none,0.0,0.9,0.9,0.9857057850648607,0.96748579973757,0.946521659938285,0.91,0.91,
351_p3conc_4.2_i5,poly-hIgG,Polyclonal,3.0,150.0,7.6,1.0,4.2172,25.0,Histidine,6.0,50.0,none,0.0,none,0.0,none,0.0,none,0.0,0.9,0.9,0.9776973209124024,0.9577390933174795,0.9577390933174795,0.9376931385273761,0.9376931385273761,
351_p3conc_5.8_i6,poly-hIgG,Polyclonal,3.0,150.0,7.6,1.0,5.7848,25.0,Histidine,6.0,50.0,none,0.0,none,0.0,none,0.0,none,0.0,0.9,0.9,0.9715437008683612,0.9715437008683612,0.9370873358885725,0.91,0.91,
351_p3conc_8.2_i7,poly-hIgG,Polyclonal,3.0,150.0,7.6,1.0,8.2177,25.0,Histidine,6.0,50.0,none,0.0,none,0.0,none,0.0,none,0.0,0.9,0.9,1.0106537812483585,1.0106537812483585,1.0106537812483585,0.91,0.91,
351_p3conc_8.7_i8,poly-hIgG,Polyclonal,3.0,150.0,7.6,1.0,8.6603,25.0,Histidine,6.0,50.0,none,0.0,none,0.0,none,0.0,none,0.0,0.9,0.9,1.010886458180649,0.9775614715069327,0.9775614715069327,0.9539645112606163,0.91,
351_p3conc_11.7_i9,poly-hIgG,Polyclonal,3.0,150.0,7.6,1.0,11.6737,25.0,Histidine,6.0,50.0,none,0.0,none,0.0,none,0.0,none,0.0,0.9,0.9,1.013285839410595,1.013285839410595,1.013285839410595,0.9471899640924775,0.91,
351_p3conc_16.6_i10,poly-hIgG,Polyclonal,3.0,150.0,7.6,1.0,16.5831,25.0,Histidine,6.0,50.0,none,0.0,none,0.0,none,0.0,none,0.0,0.9,0.9,1.087078792675392,1.087078792675392,1.087078792675392,0.973768049754239,0.91,
351_p3conc_17.8_i11,poly-hIgG,Polyclonal,3.0,150.0,7.6,1.0,17.7845,25.0,Histidine,6.0,50.0,none,0.0,none,0.0,none,0.0,none,0.0,0.9,0.9,1.1447959669553152,1.1447959669553152,1.1447959669553152,1.0012881257705026,0.9823637762219887,
351_p3conc_23.6_i12,poly-hIgG,Polyclonal,3.0,150.0,7.6,1.0,23.5573,25.0,Histidine,6.0,50.0,none,0.0,none,0.0,none,0.0,none,0.0,0.9,0.9,1.1986767514314571,1.1986767514314571,1.1877565881066252,1.0105383623884516,0.9866669292743769,
351_p3conc_33.5_i13,poly-hIgG,Polyclonal,3.0,150.0,7.6,1.0,33.4644,25.0,Histidine,6.0,50.0,none,0.0,none,0.0,none,0.0,none,0.0,0.9,0.9,1.3052971762685104,1.3052971762685104,1.3052971762685104,1.0468314916623873,0.9757901994553262,
351_p3conc_36.5_i14,poly-hIgG,Polyclonal,3.0,150.0,7.6,1.0,36.5217,25.0,Histidine,6.0,50.0,none,0.0,none,0.0,none,0.0,none,0.0,0.9,0.9,1.360035897719291,1.360035897719291,1.3484394863938312,1.1435629770235944,0.9212214875060502,
351_p3conc_47.5_i15,poly-hIgG,Polyclonal,3.0,150.0,7.6,1.0,47.538,25.0,Histidine,6.0,50.0,none,0.0,none,0.0,none,0.0,none,0.0,0.9,0.9,1.4458496153331415,1.4458496153331415,1.4458496153331415,1.1103147986257202,0.9120071868932789,
351_p3conc_67.5_i16,poly-hIgG,Polyclonal,3.0,150.0,7.6,1.0,67.5305,25.0,Histidine,6.0,50.0,none,0.0,none,0.0,none,0.0,none,0.0,0.9,0.9,1.944065053855455,1.944065053855455,1.944065053855455,1.3802950736211286,1.0871846978040245,
351_p3conc_85.2_i17,poly-hIgG,Polyclonal,3.0,150.0,7.6,1.0,85.2164,25.0,Histidine,6.0,50.0,none,0.0,none,0.0,none,0.0,none,0.0,0.9,0.9,2.3119060075758475,2.1196308252704874,2.1196308252704874,1.6166386583944419,1.224904687070708,
351_p3conc_95.9_i18,poly-hIgG,Polyclonal,3.0,150.0,7.6,1.0,95.9308,25.0,Histidine,6.0,50.0,none,0.0,none,0.0,none,0.0,none,0.0,0.9,0.9,2.643516943607856,2.4999479527731423,2.4824902009123893,1.8411967663013495,1.4415840813736858,
351_p3conc_96.8_i19,poly-hIgG,Polyclonal,3.0,150.0,7.6,1.0,96.8247,25.0,Histidine,6.0,50.0,none,0.0,none,0.0,none,0.0,none,0.0,0.9,0.9,2.6105751894576414,2.4860109883434602,2.1738472710740595,1.8164780113835435,1.5191423495153382,
344_p3conc_110.0_i20,poly-hIgG,Polyclonal,3.0,150.0,7.6,1.0,110.014,25.0,Histidine,6.0,50.0,none,0.0,none,0.0,none,0.0,none,0.0,0.9,0.9,2.892459272364929,2.5300089057097566,2.5300089057097566,2.253649667492673,2.106839939118736,
344_p3conc_136.0_i21,poly-hIgG,Polyclonal,3.0,150.0,7.6,1.0,135.9697,25.0,Histidine,6.0,50.0,none,0.0,none,0.0,none,0.0,none,0.0,0.9,0.9,3.7049884647633613,3.2672605661690444,3.201534093319483,3.201534093319483,2.899384546409393,
344_p3conc_136.3_i22,poly-hIgG,Polyclonal,3.0,150.0,7.6,1.0,136.2749,25.0,Histidine,6.0,50.0,none,0.0,none,0.0,none,0.0,none,0.0,0.9,0.9,3.710404133251005,3.6239891050040236,3.330289993815387,3.330289993815387,2.746495197844449,
344_p3conc_147.9_i23,poly-hIgG,Polyclonal,3.0,150.0,7.6,1.0,147.902,25.0,Histidine,6.0,50.0,none,0.0,none,0.0,none,0.0,none,0.0,0.9,0.9,4.108506143863308,4.108506143863308,4.090250629430244,4.037213623224052,2.9112873319063524,
353_p3conc_160.9_i24,poly-hIgG,Polyclonal,3.0,150.0,7.6,1.0,160.8815,25.0,Histidine,6.0,50.0,none,0.0,none,0.0,none,0.0,none,0.0,0.9,0.9,5.484872905842339,5.028081177642168,5.028081177642168,5.028081177642168,3.1663920325677664,
353_p3conc_185.2_i25,poly-hIgG,Polyclonal,3.0,150.0,7.6,1.0,185.1719,25.0,Histidine,6.0,50.0,none,0.0,none,0.0,none,0.0,none,0.0,0.9,0.9,8.060554481562837,7.7540486205695505,7.714815477131295,7.0242058551022595,3.506890246405267,
353_p3conc_193.6_i26,poly-hIgG,Polyclonal,3.0,150.0,7.6,1.0,193.586,25.0,Histidine,6.0,50.0,none,0.0,none,0.0,none,0.0,none,0.0,0.9,0.9,7.437458790496792,7.437458790496792,7.437458790496792,7.437458790496792,3.8545204245424705,
353_p3conc_195.9_i27,poly-hIgG,Polyclonal,3.0,150.0,7.6,1.0,195.935,25.0,Histidine,6.0,50.0,none,0.0,none,0.0,none,0.0,none,0.0,0.9,0.9,9.05722042120959,8.062053819255782,8.062053819255782,8.029563702462033,3.7850489235140867,
353_p3conc_207.3_i28,poly-hIgG,Polyclonal,3.0,150.0,7.6,1.0,207.3237,25.0,Histidine,6.0,50.0,none,0.0,none,0.0,none,0.0,none,0.0,0.9,0.9,10.125616446071188,10.125616446071188,10.125616446071188,10.125616446071188,4.5150533539958975,
353_p3conc_219.4_i29,poly-hIgG,Polyclonal,3.0,150.0,7.6,1.0,219.3739,25.0,Histidine,6.0,50.0,none,0.0,none,0.0,none,0.0,none,0.0,0.9,0.9,11.414309256087522,11.414309256087522,11.414309256087522,11.414309256087522,5.281998296858147,
353_p3conc_232.1_i30,poly-hIgG,Polyclonal,3.0,150.0,7.6,1.0,232.125,25.0,Histidine,6.0,50.0,none,0.0,none,0.0,none,0.0,none,0.0,0.9,0.9,13.494231440348024,13.494231440348024,13.494231440348024,13.494231440348024,5.733762722340307,
353_p3conc_245.6_i31,poly-hIgG,Polyclonal,3.0,150.0,7.6,1.0,245.6173,25.0,Histidine,6.0,50.0,none,0.0,none,0.0,none,0.0,none,0.0,0.9,0.9,15.518569730654772,14.849358300028134,14.849358300028134,14.849358300028134,6.995730252595053,
353_p3conc_259.9_i32,poly-hIgG,Polyclonal,3.0,150.0,7.6,1.0,259.8938,25.0,Histidine,6.0,50.0,none,0.0,none,0.0,none,0.0,none,0.0,0.9,0.9,20.913323349949472,19.891121113972606,18.502926758574347,18.502926758574347,8.139915393925333,
352_p3conc_1.4_i0,poly-hIgG,Polyclonal,3.0,150.0,7.6,1.0,1.4206,25.0,Histidine,6.0,75.0,none,0.0,none,0.0,none,0.0,none,0.0,0.9,0.9,0.931559298774688,0.91,0.91,0.91,0.91,
352_p3conc_2.0_i1,poly-hIgG,Polyclonal,3.0,150.0,7.6,1.0,2.018,25.0,Histidine,6.0,75.0,none,0.0,none,0.0,none,0.0,none,0.0,0.9,0.9,0.91,0.91,0.91,0.91,0.91,
352_p3conc_2.1_i2,poly-hIgG,Polyclonal,3.0,150.0,7.6,1.0,2.0536,25.0,Histidine,6.0,75.0,none,0.0,none,0.0,none,0.0,none,0.0,0.9,0.9,0.9122528308056359,0.91,0.91,0.91,0.91,
352_p3conc_2.9_i3,poly-hIgG,Polyclonal,3.0,150.0,7.6,1.0,2.8667,25.0,Histidine,6.0,75.0,none,0.0,none,0.0,none,0.0,none,0.0,0.9,0.9,0.9745471726461514,0.9318431016997218,0.91,0.91,0.91,
352_p3conc_4.1_i4,poly-hIgG,Polyclonal,3.0,150.0,7.6,1.0,4.0722,25.0,Histidine,6.0,75.0,none,0.0,none,0.0,none,0.0,none,0.0,0.9,0.9,0.9467973439852181,0.9224849954811677,0.9185440165362562,0.91,0.91,
352_p3conc_4.2_i5,poly-hIgG,Polyclonal,3.0,150.0,7.6,1.0,4.2172,25.0,Histidine,6.0,75.0,none,0.0,none,0.0,none,0.0,none,0.0,0.9,0.9,0.91,0.91,0.91,0.91,0.91,
352_p3conc_5.8_i6,poly-hIgG,Polyclonal,3.0,150.0,7.6,1.0,5.7848,25.0,Histidine,6.0,75.0,none,0.0,none,0.0,none,0.0,none,0.0,0.9,0.9,0.9530394213270371,0.9530394213270371,0.9530394213270371,0.9530394213270371,0.91,
352_p3conc_8.2_i7,poly-hIgG,Polyclonal,3.0,150.0,7.6,1.0,8.2177,25.0,Histidine,6.0,75.0,none,0.0,none,0.0,none,0.0,none,0.0,0.9,0.9,0.9432426431741936,0.9432426431741936,0.9432426431741936,0.9385125584355173,0.9354872210234573,
352_p3conc_8.7_i8,poly-hIgG,Polyclonal,3.0,150.0,7.6,1.0,8.6603,25.0,Histidine,6.0,75.0,none,0.0,none,0.0,none,0.0,none,0.0,0.9,0.9,0.9865707243561813,0.9865707243561813,0.9865707243561813,0.9865707243561813,0.9174329134068951,
352_p3conc_11.7_i9,poly-hIgG,Polyclonal,3.0,150.0,7.6,1.0,11.6737,25.0,Histidine,6.0,75.0,none,0.0,none,0.0,none,0.0,none,0.0,0.9,0.9,1.043948614326881,0.9965661035734126,0.9965661035734126,0.9965661035734126,0.9576666129118148,
352_p3conc_16.6_i10,poly-hIgG,Polyclonal,3.0,150.0,7.6,1.0,16.5831,25.0,Histidine,6.0,75.0,none,0.0,none,0.0,none,0.0,none,0.0,0.9,0.9,1.0398885473147683,1.0315068503076867,0.9999720454261728,0.9999720454261728,0.9861121493520821,
352_p3conc_17.8_i11,poly-hIgG,Polyclonal,3.0,150.0,7.6,1.0,17.7845,25.0,Histidine,6.0,75.0,none,0.0,none,0.0,none,0.0,none,0.0,0.9,0.9,1.031610138232521,1.031610138232521,1.031610138232521,1.0139568371636507,0.9778130119213129,
352_p3conc_23.6_i12,poly-hIgG,Polyclonal,3.0,150.0,7.6,1.0,23.5573,25.0,Histidine,6.0,75.0,none,0.0,none,0.0,none,0.0,none,0.0,0.9,0.9,0.9642930712220672,0.9642930712220672,0.9642930712220672,0.9642930712220672,0.9429218836344231,
352_p3conc_33.5_i13,poly-hIgG,Polyclonal,3.0,150.0,7.6,1.0,33.4644,25.0,Histidine,6.0,75.0,none,0.0,none,0.0,none,0.0,none,0.0,0.9,0.9,1.2275457216036902,1.2275457216036902,1.2275457216036902,1.1111430983405566,0.91,
352_p3conc_36.5_i14,poly-hIgG,Polyclonal,3.0,150.0,7.6,1.0,36.5217,25.0,Histidine,6.0,75.0,none,0.0,none,0.0,none,0.0,none,0.0,0.9,0.9,1.2712727912476216,1.2595107734555044,1.210399546764063,1.210399546764063,1.0183087123980756,
352_p3conc_47.5_i15,poly-hIgG,Polyclonal,3.0,150.0,7.6,1.0,47.538,25.0,Histidine,6.0,75.0,none,0.0,none,0.0,none,0.0,none,0.0,0.9,0.9,1.5005541703742327,1.4577756219849187,1.4577756219849187,1.3887733465228254,0.9576020175700264,
352_p3conc_67.5_i16,poly-hIgG,Polyclonal,3.0,150.0,7.6,1.0,67.5305,25.0,Histidine,6.0,75.0,none,0.0,none,0.0,none,0.0,none,0.0,0.9,0.9,1.8270908226287423,1.779983486155002,1.779983486155002,1.565184360381693,1.1294498659643082,
352_p3conc_85.2_i17,poly-hIgG,Polyclonal,3.0,150.0,7.6,1.0,85.2164,25.0,Histidine,6.0,75.0,none,0.0,none,0.0,none,0.0,none,0.0,0.9,0.9,2.189106209812325,1.9511044963793613,1.9511044963793613,1.7539885638712778,1.2869170888110761,
352_p3conc_95.9_i18,poly-hIgG,Polyclonal,3.0,150.0,7.6,1.0,95.9308,25.0,Histidine,6.0,75.0,none,0.0,none,0.0,none,0.0,none,0.0,0.9,0.9,2.5507951103807183,2.451150544677215,2.4274572343913148,2.0902034466781156,1.4932970391148452,
352_p3conc_96.8_i19,poly-hIgG,Polyclonal,3.0,150.0,7.6,1.0,96.8247,25.0,Histidine,6.0,75.0,none,0.0,none,0.0,none,0.0,none,0.0,0.9,0.9,2.64924973642825,2.1349376406308758,2.1349376406308758,1.9651917926485676,1.4959843797006322,
385_p3conc_110.0_i20,poly-hIgG,Polyclonal,3.0,150.0,7.6,1.0,110.014,25.0,Histidine,6.0,75.0,none,0.0,none,0.0,none,0.0,none,0.0,0.9,0.9,3.006867568094589,2.519505977767044,2.519505977767044,2.5005132463670074,1.9252961129719008,
385_p3conc_136.0_i21,poly-hIgG,Polyclonal,3.0,150.0,7.6,1.0,135.9697,25.0,Histidine,6.0,75.0,none,0.0,none,0.0,none,0.0,none,0.0,0.9,0.9,3.9908181161370413,3.3115481549175336,3.3115481549175336,2.9510766941608684,2.7667262597430633,
385_p3conc_136.3_i22,poly-hIgG,Polyclonal,3.0,150.0,7.6,1.0,136.2749,25.0,Histidine,6.0,75.0,none,0.0,none,0.0,none,0.0,none,0.0,0.9,0.9,3.918165311255002,3.293850173817853,3.293850173817853,2.9705691857783023,2.6901866778979158,
385_p3conc_147.9_i23,poly-hIgG,Polyclonal,3.0,150.0,7.6,1.0,147.902,25.0,Histidine,6.0,75.0,none,0.0,none,0.0,none,0.0,none,0.0,0.9,0.9,4.117453266643396,3.7751682960420037,3.7751682960420037,3.2620099469389854,2.885142409409413,
354_p3conc_160.9_i24,poly-hIgG,Polyclonal,3.0,150.0,7.6,1.0,160.8815,25.0,Histidine,6.0,75.0,none,0.0,none,0.0,none,0.0,none,0.0,0.9,0.9,4.537576764903832,4.0088475002297965,4.0088475002297965,3.843477304150719,3.3039368855416233,
354_p3conc_185.2_i25,poly-hIgG,Polyclonal,3.0,150.0,7.6,1.0,185.1719,25.0,Histidine,6.0,75.0,none,0.0,none,0.0,none,0.0,none,0.0,0.9,0.9,4.826693237994255,4.752411018119532,4.752411018119532,4.37997319780486,3.7873566231941918,
354_p3conc_193.6_i26,poly-hIgG,Polyclonal,3.0,150.0,7.6,1.0,193.586,25.0,Histidine,6.0,75.0,none,0.0,none,0.0,none,0.0,none,0.0,0.9,0.9,5.06475027557437,5.06475027557437,5.06475027557437,4.95149982800153,4.212496821047572,
354_p3conc_195.9_i27,poly-hIgG,Polyclonal,3.0,150.0,7.6,1.0,195.935,25.0,Histidine,6.0,75.0,none,0.0,none,0.0,none,0.0,none,0.0,0.9,0.9,5.058213771549043,5.058213771549043,5.058213771549043,5.028887978674639,3.813121193617333,
354_p3conc_207.3_i28,poly-hIgG,Polyclonal,3.0,150.0,7.6,1.0,207.3237,25.0,Histidine,6.0,75.0,none,0.0,none,0.0,none,0.0,none,0.0,0.9,0.9,6.1631633348888,5.7273147156690225,5.7273147156690225,5.477147116521902,4.479012806495047,
354_p3conc_219.4_i29,poly-hIgG,Polyclonal,3.0,150.0,7.6,1.0,219.3739,25.0,Histidine,6.0,75.0,none,0.0,none,0.0,none,0.0,none,0.0,0.9,0.9,6.454357924257775,6.454357924257775,6.314085464008848,6.062724471135115,5.539833548104517,
354_p3conc_232.1_i30,poly-hIgG,Polyclonal,3.0,150.0,7.6,1.0,232.125,25.0,Histidine,6.0,75.0,none,0.0,none,0.0,none,0.0,none,0.0,0.9,0.9,8.443447370017854,7.65635354586346,7.180008697486566,6.939205478548633,6.190150908907849,
354_p3conc_245.6_i31,poly-hIgG,Polyclonal,3.0,150.0,7.6,1.0,245.6173,25.0,Histidine,6.0,75.0,none,0.0,none,0.0,none,0.0,none,0.0,0.9,0.9,8.295309513198314,8.295309513198314,8.295309513198314,8.295309513198314,7.065700291922905,
354_p3conc_259.9_i32,poly-hIgG,Polyclonal,3.0,150.0,7.6,1.0,259.8938,25.0,Histidine,6.0,75.0,none,0.0,none,0.0,none,0.0,none,0.0,0.9,0.9,10.154688546811842,9.480405022077006,9.135510181711517,9.135510181711517,7.710113098129876,
386_p3conc_1.4_i0,poly-hIgG,Polyclonal,3.0,150.0,7.6,1.0,1.4028,25.0,Histidine,6.0,97.0,none,0.0,none,0.0,none,0.0,none,0.0,0.9,0.9,0.91,0.91,0.91,0.91,0.91,
386_p3conc_1.7_i1,poly-hIgG,Polyclonal,3.0,150.0,7.6,1.0,1.71,25.0,Histidine,6.0,97.0,none,0.0,none,0.0,none,0.0,none,0.0,0.9,0.9,0.91,0.91,0.91,0.91,0.91,
386_p3conc_2.0_i2,poly-hIgG,Polyclonal,3.0,150.0,7.6,1.0,1.968,25.0,Histidine,6.0,97.0,none,0.0,none,0.0,none,0.0,none,0.0,0.9,0.9,0.9155368954219353,0.91,0.91,0.91,0.91,
386_p3conc_2.8_i3,poly-hIgG,Polyclonal,3.0,150.0,7.6,1.0,2.7608,25.0,Histidine,6.0,97.0,none,0.0,none,0.0,none,0.0,none,0.0,0.9,0.9,0.9225792202982318,0.9225792202982318,0.91,0.91,0.91,
386_p3conc_2.9_i4,poly-hIgG,Polyclonal,3.0,150.0,7.6,1.0,2.924,25.0,Histidine,6.0,97.0,none,0.0,none,0.0,none,0.0,none,0.0,0.9,0.9,0.9754012466437565,0.9224580393160619,0.9224580393160619,0.9224580393160619,0.9224580393160619,
386_p3conc_3.9_i5,poly-hIgG,Polyclonal,3.0,150.0,7.6,1.0,3.873,25.0,Histidine,6.0,97.0,none,0.0,none,0.0,none,0.0,none,0.0,0.9,0.9,0.9199961098696833,0.9199961098696833,0.9199961098696833,0.91,0.91,
386_p3conc_5.0_i6,poly-hIgG,Polyclonal,3.0,150.0,7.6,1.0,5.0,25.0,Histidine,6.0,97.0,none,0.0,none,0.0,none,0.0,none,0.0,0.9,0.9,1.007702764539528,0.9905273854066776,0.9648607383434237,0.9202104191310936,0.91,
386_p3conc_5.4_i7,poly-hIgG,Polyclonal,3.0,150.0,7.6,1.0,5.4332,25.0,Histidine,6.0,97.0,none,0.0,none,0.0,none,0.0,none,0.0,0.9,0.9,0.9200536209482447,0.9200536209482447,0.9184776599673761,0.9184776599673761,0.91,
386_p3conc_7.6_i8,poly-hIgG,Polyclonal,3.0,150.0,7.6,1.0,7.622,25.0,Histidine,6.0,97.0,none,0.0,none,0.0,none,0.0,none,0.0,0.9,0.9,1.0015828733501981,0.9398464026653433,0.9398464026653433,0.91,0.91,
386_p3conc_8.5_i9,poly-hIgG,Polyclonal,3.0,150.0,7.6,1.0,8.5499,25.0,Histidine,6.0,97.0,none,0.0,none,0.0,none,0.0,none,0.0,0.9,0.9,0.9715352106085716,0.9136964510737177,0.9136964510737177,0.91,0.91,
386_p3conc_10.7_i10,poly-hIgG,Polyclonal,3.0,150.0,7.6,1.0,10.6925,25.0,Histidine,6.0,97.0,none,0.0,none,0.0,none,0.0,none,0.0,0.9,0.9,0.9900567811583316,0.9727996969014434,0.9402496409171094,0.9402496409171094,0.9170295095215141,
386_p3conc_14.6_i11,poly-hIgG,Polyclonal,3.0,150.0,7.6,1.0,14.6201,25.0,Histidine,6.0,97.0,none,0.0,none,0.0,none,0.0,none,0.0,0.9,0.9,1.0099385598966502,1.0099385598966502,1.0099385598966502,1.0099385598966502,1.0039655282981585,
386_p3conc_15.0_i12,poly-hIgG,Polyclonal,3.0,150.0,7.6,1.0,15.0,25.0,Histidine,6.0,97.0,none,0.0,none,0.0,none,0.0,none,0.0,0.9,0.9,1.0807589076482715,0.91,0.91,0.91,0.91,
386_p3conc_21.0_i13,poly-hIgG,Polyclonal,3.0,150.0,7.6,1.0,21.0428,25.0,Histidine,6.0,97.0,none,0.0,none,0.0,none,0.0,none,0.0,0.9,0.9,1.1730668756506928,1.1581134659525558,1.0584995896686478,1.0428321897423474,0.9697297842593178,
386_p3conc_25.0_i14,poly-hIgG,Polyclonal,3.0,150.0,7.6,1.0,25.0,25.0,Histidine,6.0,97.0,none,0.0,none,0.0,none,0.0,none,0.0,0.9,0.9,1.0871651853305488,1.05739107342416,1.05739107342416,1.0299748281171417,1.0299748281171417,
386_p3conc_29.5_i15,poly-hIgG,Polyclonal,3.0,150.0,7.6,1.0,29.5198,25.0,Histidine,6.0,97.0,none,0.0,none,0.0,none,0.0,none,0.0,0.9,0.9,1.1977584634936085,1.077912693663391,1.077912693663391,1.077912693663391,1.077912693663391,
386_p3conc_41.4_i16,poly-hIgG,Polyclonal,3.0,150.0,7.6,1.0,41.4119,25.0,Histidine,6.0,97.0,none,0.0,none,0.0,none,0.0,none,0.0,0.9,0.9,1.2449544214226922,1.2449544214226922,1.2449544214226922,1.2449544214226922,1.2449544214226922,
386_p3conc_42.7_i17,poly-hIgG,Polyclonal,3.0,150.0,7.6,1.0,42.7494,25.0,Histidine,6.0,97.0,none,0.0,none,0.0,none,0.0,none,0.0,0.9,0.9,1.306817955409238,1.306817955409238,1.306817955409238,1.3030824764096602,1.060113629459796,
386_p3conc_58.1_i18,poly-hIgG,Polyclonal,3.0,150.0,7.6,1.0,58.0948,25.0,Histidine,6.0,97.0,none,0.0,none,0.0,none,0.0,none,0.0,0.9,0.9,1.514264277103575,1.439067284987724,1.431702014961641,1.431702014961641,1.2335683393261199,
386_p3conc_73.1_i19,poly-hIgG,Polyclonal,3.0,150.0,7.6,1.0,73.1004,25.0,Histidine,6.0,97.0,none,0.0,none,0.0,none,0.0,none,0.0,0.9,0.9,1.617667639186899,1.617667639186899,1.595681940092809,1.595681940092809,1.310306185989712,
386_p3conc_81.5_i20,poly-hIgG,Polyclonal,3.0,150.0,7.6,1.0,81.4982,25.0,Histidine,6.0,97.0,none,0.0,none,0.0,none,0.0,none,0.0,0.9,0.9,1.866290335720313,1.866290335720313,1.7798776713318674,1.7691174360401647,1.351284198669173,
386_p3conc_114.3_i21,poly-hIgG,Polyclonal,3.0,150.0,7.6,1.0,114.3299,25.0,Histidine,6.0,97.0,none,0.0,none,0.0,none,0.0,none,0.0,0.9,0.9,2.705308792606636,2.5236496050564163,2.395793177707554,2.1630876334091877,1.688504123979512,
386_p3conc_134.5_i22,poly-hIgG,Polyclonal,3.0,150.0,7.6,1.0,134.53,25.0,Histidine,6.0,97.0,none,0.0,none,0.0,none,0.0,none,0.0,0.9,0.9,2.832191141392828,2.832191141392828,2.719014602988294,2.6485398066127246,1.8952763273975068,
386_p3conc_144.8_i23,poly-hIgG,Polyclonal,3.0,150.0,7.6,1.0,144.7865,25.0,Histidine,6.0,97.0,none,0.0,none,0.0,none,0.0,none,0.0,0.9,0.9,3.125864175574584,3.125864175574584,3.125864175574584,2.9730491262475756,2.064055461561013,
386_p3conc_155.8_i24,poly-hIgG,Polyclonal,3.0,150.0,7.6,1.0,155.825,25.0,Histidine,6.0,97.0,none,0.0,none,0.0,none,0.0,none,0.0,0.9,0.9,3.523871792467862,3.0058138401119923,3.0058138401119923,2.889080371258152,2.1970433113611625,
386_p3conc_160.4_i25,poly-hIgG,Polyclonal,3.0,150.0,7.6,1.0,160.3877,25.0,Histidine,6.0,97.0,none,0.0,none,0.0,none,0.0,none,0.0,0.9,0.9,3.84780157023679,3.4450691053037414,3.4450691053037414,3.145189317272911,2.314839908844482,
386_p3conc_167.7_i26,poly-hIgG,Polyclonal,3.0,150.0,7.6,1.0,167.705,25.0,Histidine,6.0,97.0,none,0.0,none,0.0,none,0.0,none,0.0,0.9,0.9,3.8460613624370854,3.8460613624370854,3.8460613624370854,3.465452559877976,2.2837954460276806,
386_p3conc_180.5_i27,poly-hIgG,Polyclonal,3.0,150.0,7.6,1.0,180.4908,25.0,Histidine,6.0,97.0,none,0.0,none,0.0,none,0.0,none,0.0,0.9,0.9,4.4395629289676535,3.946632158675156,3.946632158675156,3.781617379516419,2.5254932714785943,
386_p3conc_194.3_i28,poly-hIgG,Polyclonal,3.0,150.0,7.6,1.0,194.2513,25.0,Histidine,6.0,97.0,none,0.0,none,0.0,none,0.0,none,0.0,0.9,0.9,4.772434066566149,4.589012921477558,4.589012921477558,4.026765037840865,2.4110481698497983,
386_p3conc_209.1_i29,poly-hIgG,Polyclonal,3.0,150.0,7.6,1.0,209.061,25.0,Histidine,6.0,97.0,none,0.0,none,0.0,none,0.0,none,0.0,0.9,0.9,5.6555882389350325,5.617157024368585,5.588267051070743,5.056274396034042,2.7719812172262093,
