ID,Protein_type,Protein_class_type,kP,MW,PI_mean,PI_range,Protein_conc,Temperature,Buffer_type,Buffer_pH,Buffer_conc,Salt_type,Salt_conc,Stabilizer_type,Stabilizer_conc,Surfactant_type,Surfactant_conc,Excipient_type,Excipient_conc,C_Class,HCI,Viscosity_100,Viscosity_1000,Viscosity_10000,Viscosity_100000,Viscosity_15000000,
1.0,poly-hIgG,Polyclonal,3.0,150.0,7.6,1.0,145.0,27.5,PBS,7.4,10.0,NaCl,140.0,Sucrose,1.0,none,0.0,none,0.0,0.9,0.9,13.85,12.75,10.86,8.9,6.92,
2.0,none,,0.0,0.0,0.0,0.0,0.0,27.5,PBS,7.4,10.0,NaCl,140.0,Sucrose,1.0,none,0.0,none,0.0,0.0,0.0,3.25,3.25,3.25,3.25,3.25,
3.0,poly-hIgG,Polyclonal,3.0,150.0,7.6,1.0,140.0,27.5,PBS,7.4,10.0,NaCl,140.0,none,0.0,none,0.0,none,0.0,0.9,0.9,4.47,4.47,4.47,3.57,2.41,
4.0,none,,0.0,0.0,0.0,0.0,0.0,25.0,PBS,7.4,10.0,NaCl,140.0,none,0.0,none,0.0,none,0.0,0.0,0.0,0.95,0.95,0.95,0.95,0.95,
5.0,poly-hIgG,Polyclonal,3.0,150.0,7.6,1.0,142.0,27.5,PBS,7.4,10.0,NaCl,140.0,Sucrose,0.5,none,0.0,none,0.0,0.9,0.9,8.04,8.04,8.04,6.61,4.6,
6.0,poly-hIgG,Polyclonal,3.0,150.0,7.6,1.0,70.0,27.5,PBS,7.4,10.0,NaCl,140.0,Sucrose,1.0,none,0.0,none,0.0,0.9,0.9,8.84,8.84,8.84,6.93,4.16,
7.0,poly-hIgG,Polyclonal,3.0,150.0,7.6,1.0,93.0,27.5,PBS,7.4,10.0,NaCl,140.0,none,0.0,none,0.0,none,0.0,0.9,0.9,2.44,2.44,2.44,2.23,2.0,
8.0,poly-hIgG,Polyclonal,3.0,150.0,7.6,1.0,47.0,27.5,PBS,7.4,10.0,NaCl,140.0,none,0.0,none,0.0,none,0.0,0.9,0.9,1.84,1.84,1.84,1.68,1.2,
9.0,poly-hIgG,Polyclonal,3.0,150.0,7.6,1.0,140.0,27.5,PBS,7.4,10.0,NaCl,140.0,Sucrose,0.25,none,0.0,none,0.0,0.9,0.9,5.97,5.19,5.19,4.49,3.26,
10.0,poly-hIgG,Polyclonal,3.0,150.0,7.6,1.0,52.0,27.5,PBS,7.4,10.0,NaCl,140.0,Sucrose,0.75,none,0.0,none,0.0,0.9,0.9,3.57,3.57,3.34,2.89,2.58,
11.0,poly-hIgG,Polyclonal,3.0,150.0,7.6,1.0,145.0,27.5,PBS,7.4,10.0,NaCl,140.0,Sucrose,1.0,none,0.0,none,0.0,0.9,0.9,14.18,13.96,13.96,11.13,6.92,
12.0,poly-hIgG,Polyclonal,3.0,150.0,7.6,1.0,137.0,27.5,PBS,7.4,10.0,NaCl,140.0,none,0.0,tween-20,0.1,none,0.0,0.9,0.9,4.04,4.04,4.04,3.07,2.25,
13.0,poly-hIgG,Polyclonal,3.0,150.0,7.6,1.0,142.0,27.5,PBS,7.4,10.0,NaCl,140.0,Sucrose,1.0,tween-20,0.1,none,0.0,0.9,0.9,16.7,16.7,16.7,14.23,13.0,
14.0,none,,0.0,0.0,0.0,0.0,0.0,25.0,PBS,7.4,10.0,NaCl,140.0,Sucrose,0.1,none,0.0,none,0.0,0.0,0.0,1.15,1.15,1.15,1.15,1.15,
15.0,none,,0.0,0.0,0.0,0.0,0.0,25.0,PBS,7.4,10.0,NaCl,140.0,Sucrose,0.2,none,0.0,none,0.0,0.0,0.0,1.25,1.25,1.25,1.25,1.25,
16.0,none,,0.0,0.0,0.0,0.0,0.0,25.0,PBS,7.4,10.0,NaCl,140.0,Sucrose,0.4,none,0.0,none,0.0,0.0,0.0,1.5,1.5,1.5,1.5,1.5,
17.0,none,,0.0,0.0,0.0,0.0,0.0,25.0,PBS,7.4,10.0,NaCl,140.0,Sucrose,0.5,none,0.0,none,0.0,0.0,0.0,1.65,1.65,1.65,1.65,1.65,
18.0,none,,0.0,0.0,0.0,0.0,0.0,25.0,PBS,7.4,10.0,NaCl,140.0,Sucrose,0.75,none,0.0,none,0.0,0.0,0.0,2.25,2.25,2.25,2.25,2.25,
19.0,poly-hIgG,Polyclonal,3.0,150.0,7.6,1.0,260.0,27.5,PBS,7.4,10.0,NaCl,140.0,none,0.0,none,0.0,none,0.0,0.9,0.9,22.12,19.76,17.88,12.03,6.5,
20.0,poly-hIgG,Polyclonal,3.0,150.0,7.6,1.0,240.0,27.5,PBS,7.4,10.0,NaCl,140.0,Sucrose,1.0,none,0.0,none,0.0,0.9,0.9,64.36,47.35,31.89,24.71,18.0,
21.0,BSA,Other,2.0,66.0,4.7,0.3,185.0,27.5,PBS,7.4,10.0,NaCl,140.0,Sucrose,0.41,none,0.0,none,0.0,0.85,0.9,8.25,8.25,7.83,6.29,3.58,
22.0,BSA,Other,2.0,66.0,4.7,0.3,83.3,27.5,PBS,7.4,10.0,NaCl,140.0,Sucrose,0.19,none,0.0,none,0.0,0.85,0.9,2.19,2.19,2.19,2.0,1.56,
23.0,poly-hIgG,Polyclonal,3.0,150.0,7.6,1.0,38.3,27.5,PBS,7.4,10.0,NaCl,140.0,none,0.0,tween-20,0.21,none,0.0,0.9,0.9,1.32,1.32,1.32,1.21,1.15,
24.0,poly-hIgG,Polyclonal,3.0,150.0,7.6,1.0,124.0,27.5,PBS,7.4,10.0,NaCl,140.0,none,0.0,tween-20,0.09,none,0.0,0.9,0.9,2.98,2.98,2.98,2.72,2.6,
25.0,poly-hIgG,Polyclonal,3.0,150.0,7.6,1.0,189.0,27.5,PBS,7.4,10.0,NaCl,140.0,none,0.0,tween-20,0.05,none,0.0,0.9,0.9,8.3,8.3,8.3,6.16,4.17,
26.0,poly-hIgG,Polyclonal,3.0,150.0,7.6,1.0,95.0,27.5,PBS,7.4,10.0,NaCl,140.0,Sucrose,0.46,none,0.0,none,0.0,0.9,0.9,4.37,3.85,3.85,3.15,2.24,
27.0,poly-hIgG,Polyclonal,3.0,150.0,7.6,1.0,164.0,27.5,PBS,7.4,10.0,NaCl,140.0,Sucrose,0.3,tween-20,0.1,none,0.0,0.9,0.9,7.32,6.46,6.24,4.82,4.0,
28.0,BSA,Other,2.0,66.0,4.7,0.3,177.0,27.5,PBS,7.4,10.0,NaCl,140.0,none,0.0,none,0.0,none,0.0,0.85,0.9,4.65,4.22,4.22,3.66,3.0,
29.0,none,,0.0,0.0,0.0,0.0,0.0,25.0,PBS,7.4,10.0,NaCl,140.0,none,0.0,tween-20,0.1,none,0.0,0.0,0.0,1.0,1.0,1.0,1.0,1.0,
30.0,none,,0.0,0.0,0.0,0.0,0.0,25.0,PBS,7.4,10.0,NaCl,140.0,none,0.0,tween-20,0.05,none,0.0,0.0,0.0,0.97,0.97,0.97,0.97,0.97,
31.0,none,,0.0,0.0,0.0,0.0,0.0,25.0,PBS,7.4,10.0,NaCl,140.0,Sucrose,0.1,tween-20,0.1,none,0.0,0.0,0.0,1.2,1.2,1.2,1.2,1.2,
32.0,none,,0.0,0.0,0.0,0.0,0.0,25.0,PBS,7.4,10.0,NaCl,140.0,Sucrose,0.2,tween-20,0.1,none,0.0,0.0,0.0,1.3,1.3,1.3,1.3,1.3,
33.0,none,,0.0,0.0,0.0,0.0,0.0,25.0,PBS,7.4,10.0,NaCl,140.0,Sucrose,0.4,tween-20,0.1,none,0.0,0.0,0.0,1.55,1.55,1.55,1.55,1.55,
34.0,none,,0.0,0.0,0.0,0.0,0.0,25.0,PBS,7.4,10.0,NaCl,140.0,Sucrose,0.75,tween-20,0.1,none,0.0,0.0,0.0,2.32,2.32,2.32,2.32,2.32,
35.0,none,,0.0,0.0,0.0,0.0,0.0,25.0,PBS,7.4,10.0,NaCl,140.0,Sucrose,0.1,tween-20,0.05,none,0.0,0.0,0.0,1.17,1.17,1.17,1.17,1.17,
36.0,none,,0.0,0.0,0.0,0.0,0.0,25.0,PBS,7.4,10.0,NaCl,140.0,Sucrose,0.2,tween-20,0.05,none,0.0,0.0,0.0,1.27,1.27,1.27,1.27,1.27,
37.0,none,,0.0,0.0,0.0,0.0,0.0,25.0,PBS,7.4,10.0,NaCl,140.0,Sucrose,0.4,tween-20,0.05,none,0.0,0.0,0.0,1.52,1.52,1.52,1.52,1.52,
38.0,none,,0.0,0.0,0.0,0.0,0.0,25.0,PBS,7.4,10.0,NaCl,140.0,Sucrose,0.75,tween-20,0.05,none,0.0,0.0,0.0,2.29,2.29,2.29,2.29,2.29,
39.0,none,,0.0,0.0,0.0,0.0,0.0,25.0,PBS,7.4,10.0,NaCl,140.0,none,0.0,tween-80,0.1,none,0.0,0.0,0.0,1.07,1.07,1.07,1.07,1.07,
40.0,none,,0.0,0.0,0.0,0.0,0.0,25.0,PBS,7.4,10.0,NaCl,140.0,none,0.0,tween-80,0.05,none,0.0,0.0,0.0,1.0,1.0,1.0,1.0,1.0,
41.0,none,,0.0,0.0,0.0,0.0,0.0,25.0,PBS,7.4,10.0,NaCl,140.0,Sucrose,0.1,tween-80,0.1,none,0.0,0.0,0.0,1.27,1.27,1.27,1.27,1.27,
42.0,none,,0.0,0.0,0.0,0.0,0.0,25.0,PBS,7.4,10.0,NaCl,140.0,Sucrose,0.2,tween-80,0.1,none,0.0,0.0,0.0,1.38,1.38,1.38,1.38,1.38,
43.0,none,,0.0,0.0,0.0,0.0,0.0,25.0,PBS,7.4,10.0,NaCl,140.0,Sucrose,0.4,tween-80,0.1,none,0.0,0.0,0.0,1.64,1.64,1.64,1.64,1.64,
44.0,none,,0.0,0.0,0.0,0.0,0.0,25.0,PBS,7.4,10.0,NaCl,140.0,Sucrose,0.75,tween-80,0.1,none,0.0,0.0,0.0,2.42,2.42,2.42,2.42,2.42,
45.0,none,,0.0,0.0,0.0,0.0,0.0,25.0,PBS,7.4,10.0,NaCl,140.0,Sucrose,0.1,tween-80,0.05,none,0.0,0.0,0.0,1.2,1.2,1.2,1.2,1.2,
46.0,none,,0.0,0.0,0.0,0.0,0.0,25.0,PBS,7.4,10.0,NaCl,140.0,Sucrose,0.2,tween-80,0.05,none,0.0,0.0,0.0,1.3,1.3,1.3,1.3,1.3,
47.0,none,,0.0,0.0,0.0,0.0,0.0,25.0,PBS,7.4,10.0,NaCl,140.0,Sucrose,0.4,tween-80,0.05,none,0.0,0.0,0.0,1.55,1.55,1.55,1.55,1.55,
48.0,none,,0.0,0.0,0.0,0.0,0.0,25.0,PBS,7.4,10.0,NaCl,140.0,Sucrose,0.75,tween-80,0.05,none,0.0,0.0,0.0,2.32,2.32,2.32,2.32,2.32,
49.0,BGG,Polyclonal,3.0,150.0,6.6,1.0,85.0,27.5,PBS,7.4,10.0,NaCl,140.0,Sucrose,0.22,none,0.0,none,0.0,0.9,0.9,3.45,3.45,3.45,3.15,2.95,
50.0,BGG,Polyclonal,3.0,150.0,6.6,1.0,43.6,27.5,PBS,7.4,10.0,NaCl,140.0,none,0.0,tween-80,0.15,none,0.0,0.9,0.9,1.55,1.55,1.55,1.42,1.3,
51.0,BGG,Polyclonal,3.0,150.0,6.6,1.0,64.0,27.5,PBS,7.4,10.0,NaCl,140.0,Sucrose,0.704,tween-80,0.037,none,0.0,0.9,0.9,3.62,3.62,3.62,3.31,3.15,
52.0,BGG,Polyclonal,3.0,150.0,6.6,1.0,85.7,27.5,PBS,7.4,10.0,NaCl,140.0,none,0.0,tween-20,0.0624,none,0.0,0.9,0.9,2.74,2.74,2.74,2.42,2.0,
53.0,poly-hIgG,Polyclonal,3.0,150.0,7.6,1.0,86.4,27.5,PBS,7.4,10.0,NaCl,140.0,none,0.0,tween-80,0.003,none,0.0,0.9,0.9,2.53,2.53,2.53,2.1,1.75,
54.0,poly-hIgG,Polyclonal,3.0,150.0,7.6,1.0,141.0,27.5,PBS,7.4,10.0,NaCl,140.0,none,0.0,tween-80,0.1067,none,0.0,0.9,0.9,5.69,3.51,3.46,3.1,2.75,
55.0,poly-hIgG,Polyclonal,3.0,150.0,7.6,1.0,75.0,27.5,PBS,7.4,10.0,NaCl,140.0,Sucrose,0.28,tween-20,0.228,none,0.0,0.9,0.9,2.88,2.51,2.3,2.0,1.73,
56.0,BSA,Other,2.0,66.0,4.7,0.3,132.0,27.5,PBS,7.4,10.0,NaCl,140.0,Sucrose,0.46,tween-20,0.123,none,0.0,0.85,0.9,3.45,3.45,3.45,3.15,3.05,
57.0,BSA,Other,2.0,66.0,4.7,0.3,83.0,27.5,PBS,7.4,10.0,NaCl,140.0,none,0.0,tween-20,0.218,none,0.0,0.85,0.9,2.24,2.22,1.84,1.63,1.47,
58.0,poly-hIgG,Polyclonal,3.0,150.0,7.6,1.0,51.7,27.5,Histidine,6.0,100.0,NaCl,140.0,Sucrose,1.01,none,0.0,none,0.0,0.9,0.9,6.33,6.33,6.33,5.78,5.5,
59.0,poly-hIgG,Polyclonal,3.0,150.0,7.6,1.0,118.7,27.5,Histidine,6.0,100.0,NaCl,140.0,Sucrose,0.53,none,0.0,none,0.0,0.9,0.9,6.33,5.18,5.06,4.41,3.88,
60.0,none,,0.0,0.0,0.0,0.0,0.0,25.0,PBS,7.4,10.0,NaCl,140.0,Trehalose,0.5,none,0.0,none,0.0,0.0,0.0,1.38,1.38,1.38,1.38,1.38,
61.0,none,,0.0,0.0,0.0,0.0,0.0,25.0,PBS,7.4,10.0,NaCl,140.0,Trehalose,1.0,none,0.0,none,0.0,0.0,0.0,3.05,3.05,3.05,3.05,3.05,
62.0,none,,0.0,0.0,0.0,0.0,0.0,25.0,Histidine,6.0,100.0,NaCl,140.0,none,0.0,none,0.0,none,0.0,0.0,0.0,0.98,0.98,0.98,0.98,0.98,
63.0,none,,0.0,0.0,0.0,0.0,0.0,25.0,Histidine,6.0,100.0,NaCl,140.0,Sucrose,1.0,none,0.0,none,0.0,0.0,0.0,3.3,3.3,3.3,3.3,3.3,
64.0,none,,0.0,0.0,0.0,0.0,0.0,25.0,Histidine,6.0,100.0,NaCl,140.0,none,0.0,tween-20,0.1,none,0.0,0.0,0.0,1.04,1.04,1.04,1.04,1.04,
65.0,none,,0.0,0.0,0.0,0.0,0.0,25.0,Histidine,6.0,100.0,NaCl,140.0,none,0.0,tween-20,0.05,none,0.0,0.0,0.0,1.01,1.01,1.01,1.01,1.01,
66.0,none,,0.0,0.0,0.0,0.0,0.0,25.0,Histidine,6.0,100.0,NaCl,140.0,none,0.0,tween-80,0.1,none,0.0,0.0,0.0,1.11,1.11,1.11,1.11,1.11,
67.0,none,,0.0,0.0,0.0,0.0,0.0,25.0,Histidine,6.0,100.0,NaCl,140.0,none,0.0,tween-80,0.05,none,0.0,0.0,0.0,1.04,1.04,1.04,1.04,1.04,
68.0,none,,0.0,0.0,0.0,0.0,0.0,25.0,Histidine,6.0,100.0,NaCl,140.0,Sucrose,0.1,tween-20,0.1,none,0.0,0.0,0.0,1.24,1.24,1.24,1.24,1.24,
69.0,none,,0.0,0.0,0.0,0.0,0.0,25.0,Histidine,6.0,100.0,NaCl,140.0,Sucrose,0.2,tween-20,0.1,none,0.0,0.0,0.0,1.33,1.33,1.33,1.33,1.33,
70.0,none,,0.0,0.0,0.0,0.0,0.0,25.0,Histidine,6.0,100.0,NaCl,140.0,Sucrose,0.4,tween-20,0.1,none,0.0,0.0,0.0,1.6,1.6,1.6,1.6,1.6,
71.0,none,,0.0,0.0,0.0,0.0,0.0,25.0,Histidine,6.0,100.0,NaCl,140.0,Sucrose,0.75,tween-20,0.1,none,0.0,0.0,0.0,2.35,2.35,2.35,2.35,2.35,
72.0,none,,0.0,0.0,0.0,0.0,0.0,25.0,Histidine,6.0,100.0,NaCl,140.0,Sucrose,0.1,tween-20,0.05,none,0.0,0.0,0.0,1.21,1.21,1.21,1.21,1.21,
73.0,none,,0.0,0.0,0.0,0.0,0.0,25.0,Histidine,6.0,100.0,NaCl,140.0,Sucrose,0.2,tween-20,0.05,none,0.0,0.0,0.0,1.31,1.31,1.31,1.31,1.31,
74.0,none,,0.0,0.0,0.0,0.0,0.0,25.0,Histidine,6.0,100.0,NaCl,140.0,Sucrose,0.4,tween-20,0.05,none,0.0,0.0,0.0,1.56,1.56,1.56,1.56,1.56,
75.0,none,,0.0,0.0,0.0,0.0,0.0,25.0,Histidine,6.0,100.0,NaCl,140.0,Sucrose,0.75,tween-20,0.05,none,0.0,0.0,0.0,2.33,2.33,2.33,2.33,2.33,
76.0,none,,0.0,0.0,0.0,0.0,0.0,25.0,Histidine,6.0,100.0,NaCl,140.0,Trehalose,0.5,none,0.0,none,0.0,0.0,0.0,1.42,1.42,1.42,1.42,1.42,
77.0,none,,0.0,0.0,0.0,0.0,0.0,25.0,Histidine,6.0,100.0,NaCl,140.0,Trehalose,1.0,none,0.0,none,0.0,0.0,0.0,3.1,3.1,3.1,3.1,3.1,
78.0,none,,0.0,0.0,0.0,0.0,0.0,25.0,Histidine,6.0,100.0,NaCl,140.0,Trehalose,0.5,tween-20,0.1,none,0.0,0.0,0.0,1.47,1.47,1.47,1.47,1.47,
79.0,none,,0.0,0.0,0.0,0.0,0.0,25.0,Histidine,6.0,100.0,NaCl,140.0,Trehalose,1.0,tween-20,0.1,none,0.0,0.0,0.0,3.15,3.15,3.15,3.15,3.15,
80.0,none,,0.0,0.0,0.0,0.0,0.0,25.0,Histidine,6.0,100.0,NaCl,140.0,Trehalose,0.5,tween-80,0.1,none,0.0,0.0,0.0,1.54,1.54,1.54,1.54,1.54,
81.0,none,,0.0,0.0,0.0,0.0,0.0,25.0,Histidine,6.0,100.0,NaCl,140.0,Trehalose,1.0,tween-80,0.1,none,0.0,0.0,0.0,3.22,3.22,3.22,3.22,3.22,
82.0,BSA,Other,2.0,66.0,4.7,0.3,145.0,27.5,PBS,7.4,10.0,NaCl,140.0,Trehalose,1.0,none,0.0,none,0.0,0.85,0.9,9.97,9.97,9.97,9.97,10.35,
83.0,BGG,Polyclonal,3.0,150.0,6.6,1.0,163.0,27.5,PBS,7.4,10.0,NaCl,140.0,Trehalose,1.0,none,0.0,none,0.0,0.9,0.9,16.93,16.93,14.01,11.65,9.5,
84.0,poly-hIgG,Polyclonal,3.0,150.0,7.6,1.0,166.0,27.5,PBS,7.4,10.0,NaCl,140.0,Trehalose,1.0,none,0.0,none,0.0,0.9,0.9,17.81,17.81,17.81,15.6,9.3,
85.0,BSA,Other,2.0,66.0,4.7,0.3,65.0,27.5,PBS,7.4,10.0,NaCl,140.0,Trehalose,1.0,none,0.0,none,0.0,0.85,0.9,4.95,4.95,4.95,4.95,4.3,
86.0,BGG,Polyclonal,3.0,150.0,6.6,1.0,77.0,27.5,PBS,7.4,10.0,NaCl,140.0,Trehalose,1.0,none,0.0,none,0.0,0.9,0.9,5.75,5.75,5.75,5.75,5.7,
87.0,poly-hIgG,Polyclonal,3.0,150.0,7.6,1.0,72.0,27.5,PBS,7.4,10.0,NaCl,140.0,Trehalose,1.0,none,0.0,none,0.0,0.9,0.9,5.87,5.06,5.06,5.06,4.4,
88.0,BGG,Polyclonal,3.0,150.0,6.6,1.0,66.0,27.5,PBS,7.4,10.0,NaCl,140.0,Trehalose,0.47,none,0.0,none,0.0,0.9,0.9,2.42,2.42,2.42,2.42,2.4,
89.0,BSA,Other,2.0,66.0,4.7,0.3,67.0,27.5,PBS,7.4,10.0,NaCl,140.0,Trehalose,0.466,none,0.0,none,0.0,0.85,0.9,2.76,2.65,2.42,2.42,2.0,
90.0,poly-hIgG,Polyclonal,3.0,150.0,7.6,1.0,68.0,27.5,PBS,7.4,10.0,NaCl,140.0,Trehalose,0.447,none,0.0,none,0.0,0.9,0.9,3.45,2.88,2.71,2.71,2.7,
91.0,BGG,Polyclonal,3.0,150.0,6.6,1.0,152.0,27.5,Histidine,6.0,100.0,NaCl,140.0,none,0.0,none,0.0,none,0.0,0.9,0.9,4.5,4.5,4.5,4.0,2.7,
92.0,BGG,Polyclonal,3.0,150.0,6.6,1.0,87.0,27.5,Histidine,6.0,100.0,NaCl,140.0,none,0.0,none,0.0,none,0.0,0.9,0.9,2.88,2.88,2.88,2.53,1.8,
93.0,BGG,Polyclonal,3.0,150.0,6.6,1.0,66.0,27.5,Histidine,6.0,100.0,NaCl,140.0,none,0.0,none,0.0,none,0.0,0.9,0.9,1.92,1.92,1.92,1.92,1.9,
94.0,BGG,Polyclonal,3.0,150.0,6.6,1.0,57.0,27.5,Histidine,6.0,100.0,NaCl,140.0,none,0.0,none,0.0,none,0.0,0.9,0.9,1.61,1.61,1.61,1.61,1.6,
95.0,BGG,Polyclonal,3.0,150.0,6.6,1.0,165.0,27.5,Histidine,6.0,100.0,NaCl,140.0,none,0.0,none,0.0,none,0.0,0.9,0.9,7.52,6.78,6.45,5.42,4.25,
96.0,poly-hIgG,Polyclonal,3.0,150.0,7.6,1.0,144.0,27.5,Histidine,6.0,100.0,NaCl,140.0,none,0.0,none,0.0,none,0.0,0.9,0.9,6.11,5.77,5.77,5.09,3.7,
97.0,poly-hIgG,Polyclonal,3.0,150.0,7.6,1.0,94.0,27.5,Histidine,6.0,100.0,NaCl,140.0,none,0.0,none,0.0,none,0.0,0.9,0.9,2.86,2.86,2.86,2.6,1.68,
98.0,poly-hIgG,Polyclonal,3.0,150.0,7.6,1.0,66.0,27.5,Histidine,6.0,100.0,NaCl,140.0,none,0.0,none,0.0,none,0.0,0.9,0.9,1.61,1.61,1.61,1.61,1.6,
99.0,poly-hIgG,Polyclonal,3.0,150.0,7.6,1.0,45.0,27.5,Histidine,6.0,100.0,NaCl,140.0,none,0.0,none,0.0,none,0.0,0.9,0.9,1.32,1.32,1.32,1.32,1.3,
100.0,poly-hIgG,Polyclonal,3.0,150.0,7.6,1.0,165.0,27.5,Histidine,6.0,100.0,NaCl,140.0,none,0.0,none,0.0,none,0.0,0.9,0.9,6.88,6.88,6.88,6.17,4.18,
101.0,BGG,Polyclonal,3.0,150.0,6.6,1.0,95.85,27.5,Histidine,6.0,100.0,NaCl,140.0,none,0.0,tween-20,0.1,none,0.0,0.9,0.9,4.36,4.36,4.04,3.47,2.8,
102.0,BGG,Polyclonal,3.0,150.0,6.6,1.0,150.8,27.5,Histidine,6.0,100.0,NaCl,140.0,none,0.0,tween-80,0.25,none,0.0,0.9,0.9,5.96,6.07,6.18,5.7,3.85,
103.0,BGG,Polyclonal,3.0,150.0,6.6,1.0,44.0,27.5,Histidine,6.0,100.0,NaCl,140.0,Sucrose,0.25,tween-20,0.15,none,0.0,0.9,0.9,2.02,2.02,2.02,2.02,2.0,
104.0,BGG,Polyclonal,3.0,150.0,6.6,1.0,71.5,27.5,Histidine,6.0,100.0,NaCl,140.0,Sucrose,0.75,tween-80,0.2,none,0.0,0.9,0.9,5.23,5.23,5.23,4.6,4.18,
105.0,poly-hIgG,Polyclonal,3.0,150.0,7.6,1.0,135.0,27.5,Histidine,6.0,100.0,NaCl,140.0,none,0.0,tween-20,0.2,none,0.0,0.9,0.9,3.59,3.59,3.59,3.19,2.96,
106.0,poly-hIgG,Polyclonal,3.0,150.0,7.6,1.0,174.0,27.5,Histidine,6.0,100.0,NaCl,140.0,none,0.0,tween-80,0.1,none,0.0,0.9,0.9,6.35,6.35,6.35,5.1,4.82,
107.0,poly-hIgG,Polyclonal,3.0,150.0,7.6,1.0,89.0,27.5,Histidine,6.0,100.0,NaCl,140.0,Sucrose,0.5,tween-20,0.05,none,0.0,0.9,0.9,3.94,3.97,3.99,4.0,3.64,
108.0,poly-hIgG,Polyclonal,3.0,150.0,7.6,1.0,63.0,27.5,Histidine,6.0,100.0,NaCl,140.0,Sucrose,1.0,tween-80,0.15,none,0.0,0.9,0.9,6.24,6.24,6.24,6.24,5.43,
109.0,poly-hIgG,Polyclonal,3.0,150.0,7.6,1.0,202.0,27.5,Histidine,6.0,100.0,NaCl,140.0,none,0.0,tween-20,0.02,none,0.0,0.9,0.9,11.14,10.9,10.9,7.55,5.04,
110.0,poly-hIgG,Polyclonal,3.0,150.0,7.6,1.0,202.0,27.5,Histidine,6.0,100.0,NaCl,140.0,none,0.0,tween-80,0.02,none,0.0,0.9,0.9,10.33,9.11,9.11,6.93,6.33,
111.0,poly-hIgG,Polyclonal,3.0,150.0,7.6,1.0,211.0,27.5,PBS,7.4,10.0,NaCl,140.0,none,0.0,tween-20,0.02,none,0.0,0.9,0.9,11.97,11.17,9.87,6.92,6.0,
112.0,poly-hIgG,Polyclonal,3.0,150.0,7.6,1.0,211.0,27.5,PBS,7.4,10.0,NaCl,140.0,none,0.0,tween-80,0.02,none,0.0,0.9,0.9,11.08,11.08,11.08,6.75,6.0,
113.0,BSA,Other,2.0,66.0,4.7,0.3,98.0,27.5,Histidine,6.0,100.0,NaCl,140.0,none,0.0,none,0.0,none,0.0,0.85,0.9,1.43,1.43,1.43,1.43,1.4,
114.0,BSA,Other,2.0,66.0,4.7,0.3,127.0,27.5,Histidine,6.0,100.0,NaCl,140.0,none,0.0,none,0.0,none,0.0,0.85,0.9,2.73,2.28,2.28,2.19,1.92,
115.0,BSA,Other,2.0,66.0,4.7,0.3,194.0,27.5,Histidine,6.0,100.0,NaCl,140.0,none,0.0,none,0.0,none,0.0,0.85,0.9,3.43,3.43,3.43,3.14,2.5,
116.0,BSA,Other,2.0,66.0,4.7,0.3,266.0,27.5,Histidine,6.0,100.0,NaCl,140.0,none,0.0,none,0.0,none,0.0,0.85,0.9,10.03,6.49,6.49,6.0,5.5,
117.0,BSA,Other,2.0,66.0,4.7,0.3,72.0,27.5,PBS,7.4,10.0,NaCl,140.0,none,0.0,none,0.0,none,0.0,0.85,0.9,1.75,1.68,1.61,1.5,1.36,
118.0,BSA,Other,2.0,66.0,4.7,0.3,131.0,27.5,PBS,7.4,10.0,NaCl,140.0,none,0.0,none,0.0,none,0.0,0.85,0.9,3.35,2.72,2.26,1.99,1.7,
119.0,BSA,Other,2.0,66.0,4.7,0.3,183.0,27.5,PBS,7.4,10.0,NaCl,140.0,none,0.0,none,0.0,none,0.0,0.85,0.9,3.42,3.23,2.93,2.51,2.0,
120.0,BSA,Other,2.0,66.0,4.7,0.3,265.0,27.5,PBS,7.4,10.0,NaCl,140.0,none,0.0,none,0.0,none,0.0,0.85,0.9,5.6,5.6,5.45,4.64,4.4,
121.0,BSA,Other,2.0,66.0,4.7,0.3,193.0,27.5,Acetate,6.7,20.0,NaCl,140.0,none,0.0,none,0.0,none,0.0,0.85,0.9,4.77,4.77,4.77,4.14,3.35,
122.0,BSA,Other,2.0,66.0,4.7,0.3,66.0,27.5,Acetate,6.0,20.0,NaCl,140.0,none,0.0,none,0.0,none,0.0,0.85,0.9,1.47,1.47,1.47,1.47,1.47,
123.0,BSA,Other,2.0,66.0,4.7,0.3,110.0,27.5,Acetate,6.5,20.0,NaCl,140.0,none,0.0,none,0.0,none,0.0,0.85,0.9,2.25,2.25,2.25,2.11,1.25,
124.0,BSA,Other,2.0,66.0,4.7,0.3,132.0,27.5,Acetate,6.6,20.0,NaCl,140.0,none,0.0,none,0.0,none,0.0,0.85,0.9,2.71,2.71,2.71,2.71,2.4,
125.0,poly-hIgG,Polyclonal,3.0,150.0,7.6,1.0,213.0,27.5,Acetate,5.0,20.0,NaCl,140.0,none,0.0,none,0.0,none,0.0,0.9,0.9,11.77,10.88,9.61,5.7,4.35,
126.0,poly-hIgG,Polyclonal,3.0,150.0,7.6,1.0,63.0,27.5,Acetate,5.0,20.0,NaCl,140.0,none,0.0,none,0.0,none,0.0,0.9,0.9,1.84,1.84,1.84,1.84,1.8,
127.0,poly-hIgG,Polyclonal,3.0,150.0,7.6,1.0,101.0,27.5,Acetate,5.0,20.0,NaCl,140.0,none,0.0,none,0.0,none,0.0,0.9,0.9,2.44,2.44,2.44,2.35,2.2,
128.0,poly-hIgG,Polyclonal,3.0,150.0,7.6,1.0,167.0,27.5,Acetate,5.0,20.0,NaCl,140.0,none,0.0,none,0.0,none,0.0,0.9,0.9,4.28,4.28,4.28,3.27,2.77,
129.0,BGG,Polyclonal,3.0,150.0,6.6,1.0,203.0,27.5,Acetate,5.0,20.0,NaCl,140.0,none,0.0,none,0.0,none,0.0,0.9,0.9,16.25,13.81,13.41,8.9,4.58,
130.0,BGG,Polyclonal,3.0,150.0,6.6,1.0,79.0,27.5,Acetate,5.0,20.0,NaCl,140.0,none,0.0,none,0.0,none,0.0,0.9,0.9,1.75,1.71,1.66,1.66,1.44,
131.0,BGG,Polyclonal,3.0,150.0,6.6,1.0,108.0,27.5,Acetate,5.0,20.0,NaCl,140.0,none,0.0,none,0.0,none,0.0,0.9,0.9,2.67,2.67,2.67,2.46,2.16,
132.0,BGG,Polyclonal,3.0,150.0,6.6,1.0,163.0,27.5,Acetate,5.0,20.0,NaCl,140.0,none,0.0,none,0.0,none,0.0,0.9,0.9,4.73,4.73,4.73,4.36,4.23,
133.0,BSA,Other,2.0,66.0,4.7,0.3,150.0,27.5,Acetate,5.0,20.0,NaCl,140.0,Sucrose,0.51,none,0.0,none,0.0,0.85,0.9,4.83,4.83,4.83,4.53,4.11,
134.0,BSA,Other,2.0,66.0,4.7,0.3,94.0,27.5,Acetate,5.0,20.0,NaCl,140.0,Sucrose,0.978,none,0.0,none,0.0,0.85,0.9,6.7,6.7,6.7,6.15,5.59,
135.0,poly-hIgG,Polyclonal,3.0,150.0,7.6,1.0,171.0,27.5,Acetate,5.0,20.0,NaCl,140.0,Sucrose,0.488,none,0.0,none,0.0,0.9,0.9,10.16,9.36,8.76,6.06,4.17,
136.0,poly-hIgG,Polyclonal,3.0,150.0,7.6,1.0,111.0,27.5,Acetate,5.0,20.0,NaCl,140.0,Sucrose,0.986,none,0.0,none,0.0,0.9,0.9,11.02,10.11,9.19,6.88,5.75,
137.0,BGG,Polyclonal,3.0,150.0,6.6,1.0,159.0,27.5,Acetate,5.0,20.0,NaCl,140.0,Sucrose,0.476,none,0.0,none,0.0,0.9,0.9,9.1,9.1,9.1,6.33,4.65,
138.0,BGG,Polyclonal,3.0,150.0,6.6,1.0,97.0,27.5,Acetate,5.0,20.0,NaCl,140.0,Sucrose,1.0,none,0.0,none,0.0,0.9,0.9,12.31,10.11,10.11,7.55,6.24,
139.0,BGG,Polyclonal,3.0,150.0,6.6,1.0,181.0,27.5,Acetate,5.0,20.0,NaCl,140.0,Sucrose,0.1,none,0.0,none,0.0,0.9,0.9,14.26,14.26,12.58,7.89,4.14,
140.0,BGG,Polyclonal,3.0,150.0,6.6,1.0,154.0,27.5,Acetate,5.0,20.0,NaCl,140.0,Sucrose,0.1,none,0.0,none,0.0,0.9,0.9,6.11,5.67,5.67,4.38,3.45,
141.0,BGG,Polyclonal,3.0,150.0,6.6,1.0,102.0,27.5,Acetate,5.0,20.0,NaCl,140.0,Sucrose,0.1,none,0.0,none,0.0,0.9,0.9,2.76,2.76,2.76,2.46,2.0,
142.0,BGG,Polyclonal,3.0,150.0,6.6,1.0,75.0,27.5,Acetate,5.0,20.0,NaCl,140.0,Sucrose,0.1,none,0.0,none,0.0,0.9,0.9,2.02,2.02,2.02,2.02,1.76,
143.0,BSA,Other,2.0,66.0,4.7,0.3,183.0,27.5,Acetate,6.7,20.0,NaCl,140.0,Sucrose,0.1,none,0.0,none,0.0,0.85,0.9,3.68,3.68,3.68,3.68,3.68,
144.0,BSA,Other,2.0,66.0,4.7,0.3,125.0,27.5,Acetate,6.6,20.0,NaCl,140.0,Sucrose,0.1,none,0.0,none,0.0,0.85,0.9,3.02,3.02,3.02,2.74,1.5,
145.0,BSA,Other,2.0,66.0,4.7,0.3,105.0,27.5,Acetate,6.5,20.0,NaCl,140.0,Sucrose,0.1,none,0.0,none,0.0,0.85,0.9,2.48,2.48,2.48,2.21,1.5,
146.0,BSA,Other,2.0,66.0,4.7,0.3,63.0,27.5,Acetate,6.0,20.0,NaCl,140.0,Sucrose,0.1,none,0.0,none,0.0,0.85,0.9,1.84,1.84,1.84,1.76,1.3,
147.0,poly-hIgG,Polyclonal,3.0,150.0,7.6,1.0,202.0,27.5,Acetate,5.0,20.0,NaCl,140.0,Sucrose,0.1,none,0.0,none,0.0,0.9,0.9,8.14,8.14,8.14,5.2,3.4,
148.0,poly-hIgG,Polyclonal,3.0,150.0,7.6,1.0,158.0,27.5,Acetate,5.0,20.0,NaCl,140.0,Sucrose,0.1,none,0.0,none,0.0,0.9,0.9,4.34,4.34,4.34,3.56,3.4,
149.0,poly-hIgG,Polyclonal,3.0,150.0,7.6,1.0,95.0,27.5,Acetate,5.0,20.0,NaCl,140.0,Sucrose,0.1,none,0.0,none,0.0,0.9,0.9,2.71,2.71,2.71,2.39,2.28,
150.0,poly-hIgG,Polyclonal,3.0,150.0,7.6,1.0,60.0,27.5,Acetate,5.0,20.0,NaCl,140.0,Sucrose,0.1,none,0.0,none,0.0,0.9,0.9,1.47,1.47,1.47,1.47,1.4,
151.0,poly-hIgG,Polyclonal,3.0,150.0,7.6,1.0,220.0,27.5,Histidine,6.3,11.0,none,0.0,none,0.0,none,0.0,none,0.0,0.9,0.9,12.69,10.47,10.47,8.69,4.0,
152.0,poly-hIgG,Polyclonal,3.0,150.0,7.6,1.0,194.0,27.5,Acetate,5.2,31.0,none,0.0,none,0.0,none,0.0,none,0.0,0.9,0.9,12.88,12.88,12.88,11.29,3.5,
153.0,poly-hIgG,Polyclonal,3.0,150.0,7.6,1.0,209.0,27.5,Acetate,5.2,31.0,none,0.0,none,0.0,none,0.0,none,0.0,0.9,0.9,13.71,13.71,13.71,11.05,3.81,
154.0,poly-hIgG,Polyclonal,3.0,150.0,7.6,1.0,134.0,27.5,Acetate,5.2,27.0,none,0.0,none,0.0,none,0.0,none,0.0,0.9,0.9,6.66,6.66,6.3,5.34,2.21,
155.0,poly-hIgG,Polyclonal,3.0,150.0,7.6,1.0,175.0,27.5,Histidine,6.2,12.0,none,0.0,none,0.0,none,0.0,none,0.0,0.9,0.9,6.26,5.84,5.84,5.02,3.3,
156.0,poly-hIgG,Polyclonal,3.0,150.0,7.6,1.0,157.0,27.5,Acetate,5.2,28.0,none,0.0,none,0.0,none,0.0,none,0.0,0.9,0.9,6.31,6.31,6.31,5.76,2.6,
157.0,poly-hIgG,Polyclonal,3.0,150.0,7.6,1.0,163.0,27.5,Histidine,6.2,12.0,NaCl,32.0,none,0.0,none,0.0,none,0.0,0.9,0.9,8.61,6.89,6.89,5.97,2.5,
158.0,poly-hIgG,Polyclonal,3.0,150.0,7.6,1.0,150.0,27.5,Acetate,5.2,28.0,NaCl,32.0,none,0.0,none,0.0,none,0.0,0.9,0.9,5.79,4.39,4.3,3.44,2.3,
159.0,poly-hIgG,Polyclonal,3.0,150.0,7.6,1.0,175.0,27.5,Histidine,6.2,12.0,none,0.0,none,0.0,none,0.0,none,0.0,0.9,0.9,5.92,4.82,4.57,3.7,2.0,
160.0,poly-hIgG,Polyclonal,3.0,150.0,7.6,1.0,175.0,27.5,Histidine,6.2,12.0,none,0.0,none,0.0,none,0.0,none,0.0,0.9,0.9,9.82,9.82,8.63,6.18,3.28,
161.0,Adalimumab,mAb_IgG1,3.0,148.0,8.7,0.3,143.0,27.5,Histidine,6.3,10.0,none,0.0,none,0.0,none,0.0,none,0.0,1.0,1.0,5.94,5.94,5.94,4.29,2.54,
162.0,Adalimumab,mAb_IgG1,3.0,148.0,8.7,0.3,139.0,27.5,Acetate,5.4,40.0,none,0.0,none,0.0,none,0.0,none,0.0,1.0,1.0,6.25,5.09,5.09,3.7,2.28,
163.0,Adalimumab,mAb_IgG1,3.0,148.0,8.7,0.3,100.0,27.5,Acetate,5.3,34.0,none,0.0,none,0.0,none,0.0,none,0.0,1.0,1.0,3.67,3.13,2.85,2.44,1.45,
164.0,Adalimumab,mAb_IgG1,3.0,148.0,8.7,0.3,35.0,27.5,Acetate,5.1,25.0,none,0.0,none,0.0,tween-80,0.1,none,0.0,1.0,1.0,1.47,1.47,1.47,1.47,1.47,
165.0,Adalimumab,mAb_IgG1,3.0,148.0,8.7,0.3,35.0,27.5,Acetate,5.1,25.0,none,0.0,Sucrose,0.5,none,0.0,none,0.0,1.0,1.0,1.97,1.97,1.97,1.76,1.2,
166.0,Adalimumab,mAb_IgG1,3.0,148.0,8.7,0.3,52.0,27.5,Acetate,5.2,27.0,none,0.0,Sucrose,0.25,tween-80,0.05,none,0.0,1.0,1.0,2.02,2.02,2.02,2.02,2.0,
167.0,Adalimumab,mAb_IgG1,3.0,148.0,8.7,0.3,100.0,27.5,Histidine,6.3,11.0,none,0.0,none,0.0,none,0.0,none,0.0,1.0,1.0,3.22,2.67,2.48,2.1,1.3,
168.0,Adalimumab,mAb_IgG1,3.0,148.0,8.7,0.3,52.0,27.5,Histidine,6.2,13.0,none,0.0,Sucrose,0.5,none,0.0,none,0.0,1.0,1.0,2.76,2.48,2.02,1.58,1.2,
169.0,Adalimumab,mAb_IgG1,3.0,148.0,8.7,0.3,52.0,27.5,Histidine,6.2,13.0,none,0.0,Sucrose,0.25,tween-80,0.05,none,0.0,1.0,1.0,2.76,2.39,1.7,1.58,1.15,
170.0,Adalimumab,mAb_IgG1,3.0,148.0,8.7,0.3,35.0,27.5,Histidine,6.1,14.0,none,0.0,Sucrose,0.5,tween-80,0.1,none,0.0,1.0,1.0,1.84,1.84,1.75,1.67,1.52,
171.0,Bevacizumab,mAb_IgG1,3.0,149.0,8.3,0.3,146.0,27.5,Acetate,5.4,40.0,none,0.0,none,0.0,none,0.0,none,0.0,1.0,1.0,3.1,3.1,3.1,2.54,1.75,
172.0,Bevacizumab,mAb_IgG1,3.0,149.0,8.3,0.3,136.0,27.5,Histidine,6.3,11.0,none,0.0,none,0.0,none,0.0,none,0.0,1.0,1.0,3.23,3.23,2.97,2.46,1.66,
173.0,Bevacizumab,mAb_IgG1,3.0,149.0,8.3,0.3,100.0,27.5,Histidine,6.2,11.5,none,0.0,none,0.0,none,0.0,none,0.0,1.0,1.0,3.04,2.76,2.35,2.24,1.4,
174.0,Bevacizumab,mAb_IgG1,3.0,149.0,8.3,0.3,50.0,27.5,Histidine,6.1,12.3,none,0.0,Sucrose,0.5,none,0.0,none,0.0,1.0,1.0,1.62,1.62,1.62,1.45,1.3,
175.0,Bevacizumab,mAb_IgG1,3.0,149.0,8.3,0.3,60.0,27.5,Histidine,6.1,12.3,none,0.0,Sucrose,0.25,tween-80,0.1,none,0.0,1.0,1.0,2.3,2.3,2.02,1.94,1.1,
176.0,Bevacizumab,mAb_IgG1,3.0,149.0,8.3,0.3,80.0,27.5,Histidine,6.2,11.8,none,0.0,none,0.0,tween-80,0.1,none,0.0,1.0,1.0,2.3,2.3,2.3,2.3,2.3,
177.0,Bevacizumab,mAb_IgG1,3.0,149.0,8.3,0.3,75.0,27.5,Acetate,5.2,31.0,none,0.0,none,0.0,none,0.0,none,0.0,1.0,1.0,1.38,1.38,1.38,1.23,1.12,
178.0,Bevacizumab,mAb_IgG1,3.0,149.0,8.3,0.3,50.0,27.5,Acetate,5.2,27.0,none,0.0,Sucrose,0.5,tween-80,0.05,none,0.0,1.0,1.0,2.0,2.0,2.0,2.0,2.0,
179.0,Bevacizumab,mAb_IgG1,3.0,149.0,8.3,0.3,75.0,27.5,Acetate,5.2,31.0,none,0.0,none,0.0,tween-80,0.05,none,0.0,1.0,1.0,1.75,1.66,1.66,1.66,1.6,
180.0,Bevacizumab,mAb_IgG1,3.0,149.0,8.3,0.3,100.0,27.5,Acetate,5.3,35.0,none,0.0,Sucrose,0.25,tween-80,0.1,none,0.0,1.0,1.0,2.58,2.39,2.07,1.76,1.2,
181.0,none,,0.0,0.0,0.0,0.0,0.0,20.0,PBS,7.4,10.0,NaCl,140.0,Sucrose,1.0,none,0.0,none,0.0,0.0,0.0,3.77,3.77,3.77,3.77,3.77,
182.0,none,,0.0,0.0,0.0,0.0,0.0,15.0,PBS,7.4,10.0,NaCl,140.0,Sucrose,1.0,none,0.0,none,0.0,0.0,0.0,4.38,4.38,4.38,4.38,4.38,
183.0,none,,0.0,0.0,0.0,0.0,0.0,30.0,PBS,7.4,10.0,NaCl,140.0,Sucrose,1.0,none,0.0,none,0.0,0.0,0.0,2.8,2.8,2.8,2.8,2.8,
184.0,none,,0.0,0.0,0.0,0.0,0.0,35.0,PBS,7.4,10.0,NaCl,140.0,Sucrose,1.0,none,0.0,none,0.0,0.0,0.0,2.41,2.41,2.41,2.41,2.41,
185.0,none,,0.0,0.0,0.0,0.0,0.0,15.0,PBS,7.4,10.0,NaCl,140.0,Sucrose,0.75,none,0.0,none,0.0,0.0,0.0,3.03,3.03,3.03,3.03,3.03,
186.0,none,,0.0,0.0,0.0,0.0,0.0,20.0,PBS,7.4,10.0,NaCl,140.0,Sucrose,0.75,none,0.0,none,0.0,0.0,0.0,2.6,2.6,2.6,2.6,2.6,
187.0,none,,0.0,0.0,0.0,0.0,0.0,30.0,PBS,7.4,10.0,NaCl,140.0,Sucrose,0.75,none,0.0,none,0.0,0.0,0.0,1.93,1.93,1.93,1.93,1.93,
188.0,none,,0.0,0.0,0.0,0.0,0.0,35.0,PBS,7.4,10.0,NaCl,140.0,Sucrose,0.75,none,0.0,none,0.0,0.0,0.0,2.6,1.67,1.67,1.67,1.67,
189.0,none,,0.0,0.0,0.0,0.0,0.0,15.0,PBS,7.4,10.0,NaCl,140.0,Sucrose,0.5,none,0.0,none,0.0,0.0,0.0,2.22,2.22,2.22,2.22,2.22,
190.0,none,,0.0,0.0,0.0,0.0,0.0,20.0,PBS,7.4,10.0,NaCl,140.0,Sucrose,0.5,none,0.0,none,0.0,0.0,0.0,1.92,1.92,1.92,1.92,1.92,
191.0,none,,0.0,0.0,0.0,0.0,0.0,30.0,PBS,7.4,10.0,NaCl,140.0,Sucrose,0.5,none,0.0,none,0.0,0.0,0.0,1.42,1.42,1.42,1.42,1.42,
192.0,none,,0.0,0.0,0.0,0.0,0.0,35.0,PBS,7.4,10.0,NaCl,140.0,Sucrose,0.5,none,0.0,none,0.0,0.0,0.0,1.22,1.22,1.22,1.22,1.22,
193.0,none,,0.0,0.0,0.0,0.0,0.0,20.0,PBS,7.4,10.0,NaCl,140.0,Sucrose,1.0,tween-20,0.1,none,0.0,0.0,0.0,3.82,3.82,3.82,3.82,3.82,
194.0,none,,0.0,0.0,0.0,0.0,0.0,15.0,PBS,7.4,10.0,NaCl,140.0,Sucrose,1.0,tween-20,0.1,none,0.0,0.0,0.0,4.43,4.43,4.43,4.43,4.43,
195.0,none,,0.0,0.0,0.0,0.0,0.0,30.0,PBS,7.4,10.0,NaCl,140.0,Sucrose,1.0,tween-20,0.1,none,0.0,0.0,0.0,2.85,2.85,2.85,2.85,2.85,
196.0,none,,0.0,0.0,0.0,0.0,0.0,35.0,PBS,7.4,10.0,NaCl,140.0,Sucrose,1.0,tween-20,0.1,none,0.0,0.0,0.0,2.46,2.46,2.46,2.46,2.46,
197.0,none,,0.0,0.0,0.0,0.0,0.0,15.0,PBS,7.4,10.0,NaCl,140.0,Sucrose,0.75,tween-20,0.1,none,0.0,0.0,0.0,3.08,3.08,3.08,3.08,3.08,
198.0,none,,0.0,0.0,0.0,0.0,0.0,20.0,PBS,7.4,10.0,NaCl,140.0,Sucrose,0.75,tween-20,0.1,none,0.0,0.0,0.0,2.65,2.65,2.65,2.65,2.65,
199.0,none,,0.0,0.0,0.0,0.0,0.0,30.0,PBS,7.4,10.0,NaCl,140.0,Sucrose,0.75,tween-20,0.1,none,0.0,0.0,0.0,1.98,1.98,1.98,1.98,1.98,
200.0,none,,0.0,0.0,0.0,0.0,0.0,35.0,PBS,7.4,10.0,NaCl,140.0,Sucrose,0.75,tween-20,0.1,none,0.0,0.0,0.0,2.65,2.65,2.65,2.65,2.65,
201.0,none,,0.0,0.0,0.0,0.0,0.0,15.0,PBS,7.4,10.0,NaCl,140.0,Sucrose,0.5,tween-20,0.1,none,0.0,0.0,0.0,2.27,2.27,2.27,2.27,2.27,
202.0,none,,0.0,0.0,0.0,0.0,0.0,20.0,PBS,7.4,10.0,NaCl,140.0,Sucrose,0.5,tween-20,0.1,none,0.0,0.0,0.0,1.97,1.97,1.97,1.97,1.97,
203.0,none,,0.0,0.0,0.0,0.0,0.0,30.0,PBS,7.4,10.0,NaCl,140.0,Sucrose,0.5,tween-20,0.1,none,0.0,0.0,0.0,1.47,1.47,1.47,1.47,1.47,
204.0,none,,0.0,0.0,0.0,0.0,0.0,35.0,PBS,7.4,10.0,NaCl,140.0,Sucrose,0.5,tween-20,0.1,none,0.0,0.0,0.0,1.27,1.27,1.27,1.27,1.27,
205.0,none,,0.0,0.0,0.0,0.0,0.0,20.0,PBS,7.4,10.0,NaCl,140.0,Sucrose,1.0,tween-80,0.1,none,0.0,0.0,0.0,3.87,3.87,3.87,3.87,3.87,
206.0,none,,0.0,0.0,0.0,0.0,0.0,15.0,PBS,7.4,10.0,NaCl,140.0,Sucrose,1.0,tween-80,0.1,none,0.0,0.0,0.0,4.48,4.48,4.48,4.48,4.48,
207.0,none,,0.0,0.0,0.0,0.0,0.0,30.0,PBS,7.4,10.0,NaCl,140.0,Sucrose,1.0,tween-80,0.1,none,0.0,0.0,0.0,2.9,2.9,2.9,2.9,2.9,
208.0,none,,0.0,0.0,0.0,0.0,0.0,35.0,PBS,7.4,10.0,NaCl,140.0,Sucrose,1.0,tween-80,0.1,none,0.0,0.0,0.0,2.51,2.51,2.51,2.51,2.51,
209.0,none,,0.0,0.0,0.0,0.0,0.0,15.0,PBS,7.4,10.0,NaCl,140.0,Sucrose,0.75,tween-80,0.1,none,0.0,0.0,0.0,3.13,3.13,3.13,3.13,3.13,
210.0,none,,0.0,0.0,0.0,0.0,0.0,20.0,PBS,7.4,10.0,NaCl,140.0,Sucrose,0.75,tween-80,0.1,none,0.0,0.0,0.0,2.7,2.7,2.7,2.7,2.7,
211.0,none,,0.0,0.0,0.0,0.0,0.0,30.0,PBS,7.4,10.0,NaCl,140.0,Sucrose,0.75,tween-80,0.1,none,0.0,0.0,0.0,2.03,2.03,2.03,2.03,2.03,
212.0,none,,0.0,0.0,0.0,0.0,0.0,35.0,PBS,7.4,10.0,NaCl,140.0,Sucrose,0.75,tween-80,0.1,none,0.0,0.0,0.0,2.7,2.7,2.7,2.7,2.7,
213.0,none,,0.0,0.0,0.0,0.0,0.0,15.0,PBS,7.4,10.0,NaCl,140.0,Sucrose,0.5,tween-80,0.1,none,0.0,0.0,0.0,2.32,2.32,2.32,2.32,2.32,
214.0,none,,0.0,0.0,0.0,0.0,0.0,20.0,PBS,7.4,10.0,NaCl,140.0,Sucrose,0.5,tween-80,0.1,none,0.0,0.0,0.0,2.02,2.02,2.02,2.02,2.02,
215.0,none,,0.0,0.0,0.0,0.0,0.0,30.0,PBS,7.4,10.0,NaCl,140.0,Sucrose,0.5,tween-80,0.1,none,0.0,0.0,0.0,1.52,1.52,1.52,1.52,1.52,
216.0,none,,0.0,0.0,0.0,0.0,0.0,35.0,PBS,7.4,10.0,NaCl,140.0,Sucrose,0.5,tween-80,0.1,none,0.0,0.0,0.0,1.32,1.32,1.32,1.32,1.32,
217.0,Pembrolizumab,mAb_IgG4,3.5,149.0,7.57,0.3,193.0,27.5,Acetate,5.4,40.0,none,0.0,none,0.0,none,0.0,none,0.0,1.3,1.1,13.68,9.97,9.31,6.19,4.0,
218.0,Bevacizumab,mAb_IgG1,3.0,149.0,8.3,0.3,250.0,27.5,PBS,7.4,10.0,NaCl,140.0,none,0.0,none,0.0,none,0.0,1.0,1.0,13.26,13.26,12.03,6.61,3.82,
219.0,Bevacizumab,mAb_IgG1,3.0,149.0,8.3,0.3,60.0,27.5,PBS,7.4,10.0,NaCl,140.0,Sucrose,0.1,none,0.0,none,0.0,1.0,1.0,2.76,2.76,2.76,2.52,1.2,
220.0,Bevacizumab,mAb_IgG1,3.0,149.0,8.3,0.3,100.0,27.5,PBS,7.4,10.0,NaCl,140.0,none,0.0,tween-80,0.1,none,0.0,1.0,1.0,2.21,2.21,2.21,1.68,1.6,
221.0,Bevacizumab,mAb_IgG1,3.0,149.0,8.3,0.3,100.0,27.5,PBS,7.4,10.0,NaCl,140.0,none,0.0,none,0.0,none,0.0,1.0,1.0,5.0,3.22,2.76,2.36,1.4,
222.0,Bevacizumab,mAb_IgG1,3.0,149.0,8.3,0.3,80.0,27.5,PBS,7.4,10.0,NaCl,140.0,Sucrose,0.5,tween-80,0.05,none,0.0,1.0,1.0,5.32,3.84,2.48,1.9,1.81,
223.0,Bevacizumab,mAb_IgG1,3.0,149.0,8.3,0.3,75.0,27.5,PBS,7.4,10.0,NaCl,140.0,Sucrose,0.25,tween-80,0.05,none,0.0,1.0,1.0,2.82,2.82,2.82,2.57,1.6,
224.0,Pembrolizumab,mAb_IgG4,3.5,149.0,7.57,0.3,50.0,27.5,Acetate,5.1,27.0,none,0.0,Sucrose,0.1,tween-80,0.1,none,0.0,1.3,1.1,1.99,1.99,1.99,1.68,1.2,
225.0,Pembrolizumab,mAb_IgG4,3.5,149.0,7.57,0.3,100.0,27.5,Acetate,5.3,32.0,none,0.0,none,0.0,none,0.0,none,0.0,1.3,1.1,3.16,3.16,2.3,2.1,1.43,
226.0,Pembrolizumab,mAb_IgG4,3.5,149.0,7.57,0.3,80.0,27.5,Acetate,5.2,29.0,none,0.0,Sucrose,0.5,tween-80,0.1,none,0.0,1.3,1.1,3.91,3.8,3.22,2.69,2.0,
227.0,Pembrolizumab,mAb_IgG4,3.5,149.0,7.57,0.3,100.0,27.5,Acetate,5.3,32.0,NaCl,140.0,none,0.0,none,0.0,none,0.0,1.3,1.1,7.59,4.14,2.99,2.31,1.3,
228.0,Pembrolizumab,mAb_IgG4,3.5,149.0,7.57,0.3,60.0,27.5,Acetate,5.1,27.0,none,0.0,Sucrose,0.25,tween-80,0.05,none,0.0,1.3,1.1,2.88,2.88,2.3,1.79,1.4,
229.0,Adalimumab,mAb_IgG1,3.0,148.0,8.7,0.3,267.0,27.5,PBS,7.4,10.0,NaCl,140.0,none,0.0,none,0.0,none,0.0,1.0,1.0,45.69,44.76,33.57,21.29,5.75,
230.0,Adalimumab,mAb_IgG1,3.0,148.0,8.7,0.3,62.0,27.5,PBS,7.4,10.0,NaCl,140.0,Sucrose,0.25,none,0.0,none,0.0,1.0,1.0,1.61,1.61,1.61,1.37,1.12,
231.0,Adalimumab,mAb_IgG1,3.0,148.0,8.7,0.3,100.0,27.5,PBS,7.4,10.0,NaCl,140.0,none,0.0,tween-80,0.1,none,0.0,1.0,1.0,7.13,4.72,4.14,3.78,2.14,
232.0,Adalimumab,mAb_IgG1,3.0,148.0,8.7,0.3,80.0,27.5,PBS,7.4,10.0,NaCl,140.0,Sucrose,0.5,tween-80,0.05,none,0.0,1.0,1.0,6.44,5.75,4.83,4.31,1.6,
233.0,Adalimumab,mAb_IgG1,3.0,148.0,8.7,0.3,75.0,27.5,PBS,7.4,10.0,NaCl,140.0,Sucrose,0.1,tween-80,0.05,none,0.0,1.0,1.0,5.18,2.65,1.61,1.26,1.04,
234.0,BSA,Other,2.0,66.0,4.7,0.3,392.0,27.5,Histidine,6.7,15.0,none,0.0,none,0.0,none,0.0,none,0.0,0.85,0.9,42.94,38.45,31.41,30.0,27.96,
235.0,BSA,Other,2.0,66.0,4.7,0.3,414.0,27.5,Acetate,6.8,20.0,none,0.0,none,0.0,none,0.0,none,0.0,0.85,0.9,88.2,50.67,39.41,35.0,33.0,
236.0,BSA,Other,2.0,66.0,4.7,0.3,431.0,27.5,PBS,7.4,10.0,NaCl,140.0,none,0.0,none,0.0,none,0.0,0.85,0.9,98.27,73.7,47.91,46.0,44.0,
237.0,BSA,Other,2.0,66.0,4.7,0.3,160.0,27.5,Histidine,6.4,15.0,none,0.0,none,0.0,none,0.0,none,0.0,0.85,0.9,3.63,3.38,3.08,2.69,2.38,
238.0,BSA,Other,2.0,66.0,4.7,0.3,174.0,27.5,PBS,7.4,10.0,NaCl,140.0,none,0.0,none,0.0,none,0.0,0.85,0.9,4.06,4.06,3.38,3.25,2.41,
239.0,BSA,Other,2.0,66.0,4.7,0.3,162.0,27.5,Acetate,6.6,20.0,none,0.0,none,0.0,none,0.0,none,0.0,0.85,0.9,4.31,4.31,4.05,3.54,2.5,
240.0,BSA,Other,2.0,66.0,4.7,0.3,182.0,27.5,Histidine,6.5,15.0,NaCl,140.0,none,0.0,none,0.0,none,0.0,0.85,0.9,3.93,3.93,3.93,3.44,2.8,
241.0,BSA,Other,2.0,66.0,4.7,0.3,172.0,27.5,Histidine,6.5,30.0,none,0.0,none,0.0,none,0.0,none,0.0,0.85,0.9,4.07,3.86,3.69,3.1,2.48,
242.0,BSA,Other,2.0,66.0,4.7,0.3,169.0,27.5,Acetate,6.7,20.0,NaCl,140.0,none,0.0,none,0.0,none,0.0,0.85,0.9,4.35,3.84,3.04,3.0,2.0,
243.0,BSA,Other,2.0,66.0,4.7,0.3,5.0,27.5,PBS,7.4,10.0,NaCl,140.0,none,0.0,none,0.0,none,0.0,0.85,0.9,1.01,1.01,0.96,0.96,0.8,
244.0,BSA,Other,2.0,66.0,4.7,0.3,10.0,27.5,PBS,7.4,10.0,NaCl,140.0,none,0.0,none,0.0,none,0.0,0.85,0.9,1.03,1.03,1.03,0.96,0.8,
245.0,BSA,Other,2.0,66.0,4.7,0.3,20.0,27.5,PBS,7.4,10.0,NaCl,140.0,none,0.0,none,0.0,none,0.0,0.85,0.9,1.1,1.1,1.1,1.06,0.88,
246.0,BSA,Other,2.0,66.0,4.7,0.3,25.0,27.5,PBS,7.4,10.0,NaCl,140.0,none,0.0,none,0.0,none,0.0,0.85,0.9,1.2,1.2,1.2,1.15,0.96,
247.0,BSA,Other,2.0,66.0,4.7,0.3,5.0,27.5,Acetate,5.0,20.0,none,0.0,none,0.0,none,0.0,none,0.0,0.85,0.9,1.01,1.01,0.96,0.96,0.8,
248.0,BSA,Other,2.0,66.0,4.7,0.3,10.0,27.5,Acetate,5.0,20.0,none,0.0,none,0.0,none,0.0,none,0.0,0.85,0.9,1.03,1.03,1.03,0.96,0.8,
249.0,BSA,Other,2.0,66.0,4.7,0.3,20.0,27.5,Acetate,5.0,20.0,none,0.0,none,0.0,none,0.0,none,0.0,0.85,0.9,1.2,1.2,1.2,1.15,0.96,
250.0,BSA,Other,2.0,66.0,4.7,0.3,25.0,27.5,Acetate,5.0,20.0,none,0.0,none,0.0,none,0.0,none,0.0,0.85,0.9,1.34,1.34,1.34,1.3,1.08,
251.0,BSA,Other,2.0,66.0,4.7,0.3,5.0,27.5,Histidine,6.0,15.0,none,0.0,none,0.0,none,0.0,none,0.0,0.85,0.9,1.01,1.01,0.96,0.96,0.8,
252.0,BSA,Other,2.0,66.0,4.7,0.3,10.0,27.5,Histidine,6.0,15.0,none,0.0,none,0.0,none,0.0,none,0.0,0.85,0.9,1.04,1.03,1.04,0.98,0.82,
253.0,BSA,Other,2.0,66.0,4.7,0.3,20.0,27.5,Histidine,6.0,15.0,none,0.0,none,0.0,none,0.0,none,0.0,0.85,0.9,1.1,1.1,1.1,1.06,0.88,
254.0,BSA,Other,2.0,66.0,4.7,0.3,20.0,27.5,Histidine,6.0,30.0,none,0.0,none,0.0,none,0.0,none,0.0,0.85,0.9,1.13,1.13,1.13,1.06,0.88,
255.0,BSA,Other,2.0,66.0,4.7,0.3,25.0,27.5,Histidine,6.0,15.0,none,0.0,none,0.0,none,0.0,none,0.0,0.85,0.9,1.25,1.25,1.2,1.2,1.0,
256.0,BSA,Other,2.0,66.0,4.7,0.3,25.0,27.5,Histidine,6.0,30.0,none,0.0,none,0.0,none,0.0,none,0.0,0.85,0.9,1.34,1.34,1.34,1.25,1.04,
257.0,poly-hIgG,Polyclonal,3.0,150.0,7.6,1.0,10.0,25.0,PBS,7.4,10.0,NaCl,140.0,none,0.0,none,0.0,none,0.0,0.9,0.9,1.08,1.07,1.08,1.06,0.88,
258.0,poly-hIgG,Polyclonal,3.0,150.0,7.6,1.0,20.0,25.0,PBS,7.4,10.0,NaCl,140.0,none,0.0,none,0.0,none,0.0,0.9,0.9,1.39,1.39,1.39,1.34,1.12,
259.0,Ibalizumab,mAb_IgG4,3.5,150.0,6.85,0.3,304.0,27.5,Histidine,6.2,11.6,none,0.0,none,0.0,none,0.0,none,0.0,1.3,1.1,10.95,10.95,10.31,6.49,4.5,
260.0,Ibalizumab,mAb_IgG4,3.5,150.0,6.85,0.3,300.0,27.5,Acetate,5.4,43.0,none,0.0,none,0.0,none,0.0,none,0.0,1.3,1.1,18.72,18.72,16.07,9.72,7.9,
261.0,Ibalizumab,mAb_IgG4,3.5,150.0,6.85,0.3,290.0,27.5,PBS,7.4,10.0,NaCl,140.0,none,0.0,none,0.0,none,0.0,1.3,1.1,11.94,11.94,11.94,8.58,5.95,
262.0,Ibalizumab,mAb_IgG4,3.5,150.0,6.85,0.3,187.5,27.5,Histidine,6.2,13.5,none,0.0,Sucrose,0.75,none,0.0,none,0.0,1.3,1.1,3.82,3.82,3.32,2.21,1.4,
263.0,Ibalizumab,mAb_IgG4,3.5,150.0,6.85,0.3,270.0,27.5,Acetate,5.4,41.0,none,0.0,none,0.0,tween-80,0.1,none,0.0,1.3,1.1,12.17,9.64,8.17,5.22,4.5,
264.0,Ibalizumab,mAb_IgG4,3.5,150.0,6.85,0.3,245.0,27.5,PBS,7.4,10.0,NaCl,140.0,Trehalose,0.155,none,0.0,none,0.0,1.3,1.1,9.97,7.29,6.31,6.0,5.41,
265.0,Ibalizumab,mAb_IgG4,3.5,150.0,6.85,0.3,230.0,27.5,Histidine,6.2,12.8,none,0.0,Sucrose,0.5,none,0.0,none,0.0,1.3,1.1,5.24,5.09,5.09,4.5,4.1,
266.0,Ibalizumab,mAb_IgG4,3.5,150.0,6.85,0.3,150.0,27.5,PBS,7.4,10.0,NaCl,140.0,Sucrose,0.75,none,0.0,none,0.0,1.3,1.1,7.91,7.03,7.03,5.61,5.0,
267.0,Ibalizumab,mAb_IgG4,3.5,150.0,6.85,0.3,150.0,27.5,Acetate,5.3,30.0,none,0.0,none,0.0,tween-80,0.075,none,0.0,1.3,1.1,2.47,2.42,2.42,2.21,2.2,
268.0,Ibalizumab,mAb_IgG4,3.5,150.0,6.85,0.3,150.0,27.5,Histidine,6.2,13.3,none,0.0,Trehalose,0.25,none,0.0,none,0.0,1.3,1.1,3.51,3.51,3.51,3.14,2.7,
269.0,Ibalizumab,mAb_IgG4,3.5,150.0,6.85,0.3,100.0,27.5,Acetate,5.2,27.0,none,0.0,none,0.0,none,0.0,none,0.0,1.3,1.1,3.04,3.04,3.04,2.52,1.8,
270.0,Ibalizumab,mAb_IgG4,3.5,150.0,6.85,0.3,70.0,27.5,Acetate,5.2,25.0,none,0.0,Sucrose,0.75,tween-80,0.05,none,0.0,1.3,1.1,3.85,3.4,3.4,3.11,2.7,
271.0,Ibalizumab,mAb_IgG4,3.5,150.0,6.85,0.3,70.0,27.5,Acetate,5.2,25.0,none,0.0,Trehalose,0.5,none,0.0,none,0.0,1.3,1.1,3.59,3.13,3.13,2.52,2.4,
272.0,Ibalizumab,mAb_IgG4,3.5,150.0,6.85,0.3,55.0,27.5,Acetate,5.1,23.0,none,0.0,none,0.0,tween-20,0.05,none,0.0,1.3,1.1,1.2,1.2,1.2,1.01,0.96,
273.0,Ibalizumab,mAb_IgG4,3.5,150.0,6.85,0.3,55.0,27.5,Acetate,5.1,23.0,none,0.0,Trehalose,0.25,tween-80,0.025,none,0.0,1.3,1.1,1.7,1.7,1.7,1.43,1.2,
274.0,Ibalizumab,mAb_IgG4,3.5,150.0,6.85,0.3,40.0,27.5,Acetate,5.1,23.0,NaCl,140.0,none,0.0,none,0.0,none,0.0,1.3,1.1,1.33,1.33,1.33,1.18,1.05,
275.0,Ibalizumab,mAb_IgG4,3.5,150.0,6.85,0.3,40.0,27.5,Acetate,5.1,23.0,none,0.0,Trehalose,0.5,none,0.0,none,0.0,1.3,1.1,1.84,1.84,1.84,1.68,1.6,
276.0,Ibalizumab,mAb_IgG4,3.5,150.0,6.85,0.3,25.0,27.5,Acetate,5.1,22.0,none,0.0,none,0.0,none,0.0,none,0.0,1.3,1.1,0.92,0.92,0.92,0.84,0.8,
277.0,Ibalizumab,mAb_IgG4,3.5,150.0,6.85,0.3,10.0,27.5,Acetate,5.0,20.0,none,0.0,Sucrose,0.25,tween-80,0.025,none,0.0,1.3,1.1,1.01,1.01,1.01,0.92,0.88,
278.0,Ibalizumab,mAb_IgG4,3.5,150.0,6.85,0.3,10.0,27.5,Acetate,5.0,20.0,none,0.0,Trehalose,0.25,none,0.0,none,0.0,1.3,1.1,1.2,1.2,1.2,1.09,1.04,
279.0,Ibalizumab,mAb_IgG4,3.5,150.0,6.85,0.3,100.0,27.5,Histidine,6.1,13.9,none,0.0,Trehalose,0.25,tween-80,0.05,none,0.0,1.3,1.1,2.94,2.94,2.94,2.6,2.48,
280.0,Ibalizumab,mAb_IgG4,3.5,150.0,6.85,0.3,75.0,27.5,Histidine,6.1,14.2,none,0.0,Sucrose,0.5,tween-80,0.025,none,0.0,1.3,1.1,2.48,2.12,1.75,1.6,1.52,
281.0,Ibalizumab,mAb_IgG4,3.5,150.0,6.85,0.3,55.0,27.5,Histidine,6.0,15.0,none,0.0,Sucrose,0.5,none,0.0,none,0.0,1.3,1.1,2.21,1.93,1.56,1.26,1.2,
282.0,Ibalizumab,mAb_IgG4,3.5,150.0,6.85,0.3,40.0,27.5,Histidine,6.0,15.0,none,0.0,none,0.0,none,0.0,none,0.0,1.3,1.1,1.29,1.29,1.29,1.09,1.04,
283.0,Ibalizumab,mAb_IgG4,3.5,150.0,6.85,0.3,30.0,27.5,Histidine,6.0,15.0,none,0.0,none,0.0,tween-20,0.025,none,0.0,1.3,1.1,1.01,1.01,1.01,0.92,0.88,
284.0,Ibalizumab,mAb_IgG4,3.5,150.0,6.85,0.3,25.0,27.5,Histidine,6.0,15.0,none,0.0,Sucrose,0.25,none,0.0,none,0.0,1.3,1.1,1.15,1.15,1.15,1.15,1.15,
285.0,Ibalizumab,mAb_IgG4,3.5,150.0,6.85,0.3,25.0,27.5,Histidine,6.0,15.0,NaCl,140.0,none,0.0,none,0.0,none,0.0,1.3,1.1,1.2,1.2,1.2,1.2,1.2,
286.0,Ibalizumab,mAb_IgG4,3.5,150.0,6.85,0.3,10.0,27.5,Histidine,6.0,15.0,none,0.0,none,0.0,none,0.0,none,0.0,1.3,1.1,0.8,0.8,0.8,0.8,0.8,
287.0,Ibalizumab,mAb_IgG4,3.5,150.0,6.85,0.3,80.0,27.5,PBS,7.4,10.0,NaCl,140.0,Sucrose,0.5,tween-80,0.1,none,0.0,1.3,1.1,2.12,2.12,2.12,2.12,2.12,
288.0,Ibalizumab,mAb_IgG4,3.5,150.0,6.85,0.3,55.0,27.5,PBS,7.4,10.0,NaCl,140.0,none,0.0,tween-80,0.025,none,0.0,1.3,1.1,1.66,1.66,1.66,1.43,1.21,
289.0,Ibalizumab,mAb_IgG4,3.5,150.0,6.85,0.3,30.0,27.5,PBS,7.4,10.0,NaCl,140.0,none,0.0,tween-80,0.1,none,0.0,1.3,1.1,1.33,1.33,1.33,1.18,1.12,
290.0,Ibalizumab,mAb_IgG4,3.5,150.0,6.85,0.3,30.0,27.5,PBS,7.4,10.0,NaCl,140.0,Trehalose,0.5,tween-80,0.1,none,0.0,1.3,1.1,2.37,2.37,2.37,2.02,1.55,
291.0,Ibalizumab,mAb_IgG4,3.5,150.0,6.85,0.3,10.0,27.5,PBS,7.4,10.0,NaCl,140.0,none,0.0,none,0.0,none,0.0,1.3,1.1,0.97,0.97,0.97,0.96,0.932828427,
292.0,Ibalizumab,mAb_IgG4,3.5,150.0,6.85,0.3,20.0,27.5,PBS,7.4,10.0,NaCl,140.0,none,0.0,tween-20,0.1,none,0.0,1.3,1.1,1.06,1.06,1.06,1.01,0.88,
293.0,poly-hIgG,Polyclonal,3.0,150.0,7.6,1.0,145.0,27.5,PBS,7.4,10.0,NaCl,140.0,none,0.0,none,0.0,none,0.0,0.9,0.9,5.69,5.69,5.69,5.17,2.52,
294.0,poly-hIgG,Polyclonal,3.0,150.0,7.6,1.0,145.0,17.5,PBS,7.4,10.0,NaCl,140.0,none,0.0,none,0.0,none,0.0,0.9,0.9,7.97,6.45,6.45,5.9,4.7,
295.0,poly-hIgG,Polyclonal,3.0,150.0,7.6,1.0,145.0,26.5,PBS,7.4,10.0,NaCl,140.0,none,0.0,none,0.0,none,0.0,0.9,0.9,4.42,4.07,4.07,3.71,3.0,
296.0,poly-hIgG,Polyclonal,3.0,150.0,7.6,1.0,151.0,17.5,PBS,7.4,10.0,NaCl,140.0,Sucrose,0.25,none,0.0,none,0.0,0.9,0.9,9.65,7.89,7.89,6.41,4.55,
297.0,poly-hIgG,Polyclonal,3.0,150.0,7.6,1.0,151.0,27.5,PBS,7.4,10.0,NaCl,140.0,Sucrose,0.25,none,0.0,none,0.0,0.9,0.9,5.35,5.35,5.35,4.88,2.6,
298.0,poly-hIgG,Polyclonal,3.0,150.0,7.6,1.0,151.0,36.5,PBS,7.4,10.0,NaCl,140.0,Sucrose,0.25,none,0.0,none,0.0,0.9,0.9,5.17,5.17,5.17,4.73,2.88,
299.0,poly-hIgG,Polyclonal,3.0,150.0,7.6,1.0,157.0,17.5,PBS,7.4,10.0,NaCl,140.0,Sucrose,0.5,none,0.0,none,0.0,0.9,0.9,10.86,10.86,10.86,8.73,6.0,
300.0,poly-hIgG,Polyclonal,3.0,150.0,7.6,1.0,157.0,27.5,PBS,7.4,10.0,NaCl,140.0,Sucrose,0.5,none,0.0,none,0.0,0.9,0.9,8.69,8.69,8.69,7.94,5.8,
301.0,poly-hIgG,Polyclonal,3.0,150.0,7.6,1.0,157.0,36.5,PBS,7.4,10.0,NaCl,140.0,Sucrose,0.5,none,0.0,none,0.0,0.9,0.9,7.82,6.6,6.6,5.71,4.3,
302.0,Trastuzumab,mAb_IgG1,3.0,149.0,8.6,0.3,147.0,25.0,Acetate,5.4,43.0,none,0.0,none,0.0,none,0.0,none,0.0,1.0,1.0,7.0,5.75,3.41,3.09,1.06,
303.0,Trastuzumab,mAb_IgG1,3.0,149.0,8.6,0.3,157.0,25.0,Histidine,6.4,10.5,none,0.0,none,0.0,none,0.0,none,0.0,1.0,1.0,4.44,4.44,4.34,3.64,1.9,
304.0,Trastuzumab,mAb_IgG1,3.0,149.0,8.6,0.3,100.0,25.0,Histidine,6.3,12.0,none,0.0,Sucrose,0.3,tween-80,0.05,none,0.0,1.0,1.0,3.4,3.4,3.3,3.04,2.34,
305.0,Trastuzumab,mAb_IgG1,3.0,149.0,8.6,0.3,50.0,25.0,Histidine,6.2,13.5,none,0.0,none,0.0,tween-80,0.1,none,0.0,1.0,1.0,1.9,1.9,1.9,1.56,1.2,
306.0,Trastuzumab,mAb_IgG1,3.0,149.0,8.6,0.3,75.0,25.0,Histidine,6.2,12.8,none,0.0,Sucrose,0.5,none,0.0,none,0.0,1.0,1.0,1.95,1.95,1.95,1.79,0.8,
307.0,Trastuzumab,mAb_IgG1,3.0,149.0,8.6,0.3,90.0,25.0,Acetate,5.3,33.0,none,0.0,Sucrose,0.3,tween-80,0.1,none,0.0,1.0,1.0,3.99,3.4,3.1,3.13,1.85,
308.0,Trastuzumab,mAb_IgG1,3.0,149.0,8.6,0.3,70.0,25.0,Acetate,5.2,29.0,none,0.0,Sucrose,0.5,none,0.0,none,0.0,1.0,1.0,3.9,3.3,3.3,2.48,1.8,
309.0,Trastuzumab,mAb_IgG1,3.0,149.0,8.6,0.3,100.0,25.0,Acetate,5.3,35.0,none,0.0,none,0.0,tween-80,0.05,none,0.0,1.0,1.0,3.5,2.6,2.0,1.84,1.6,
310.0,Trastuzumab,mAb_IgG1,3.0,149.0,8.6,0.3,60.0,25.0,Acetate,5.2,27.0,none,0.0,Sucrose,0.4,tween-80,0.05,none,0.0,1.0,1.0,2.5,2.5,2.1,1.66,1.25,
311.0,Trastuzumab,mAb_IgG1,3.0,149.0,8.6,0.3,125.0,25.0,Histidine,6.3,12.5,none,0.0,none,0.0,none,0.0,none,0.0,1.0,1.0,2.93,2.93,2.93,2.69,2.36,
312.0,Trastuzumab,mAb_IgG1,3.0,149.0,8.6,0.3,125.0,25.0,Histidine,6.2,22.5,none,0.0,none,0.0,none,0.0,none,0.0,1.0,1.0,3.97,3.13,2.39,1.92,1.68,
313.0,Trastuzumab,mAb_IgG1,3.0,149.0,8.6,0.3,125.0,25.0,Histidine,6.2,22.5,none,0.0,none,0.0,none,0.0,Arginine,60.0,1.0,1.0,3.58,3.58,3.13,2.88,2.5,
314.0,Trastuzumab,mAb_IgG1,3.0,149.0,8.6,0.3,125.0,25.0,Histidine,6.2,22.5,none,0.0,none,0.0,none,0.0,Arginine,160.0,1.0,1.0,4.17,3.38,2.58,1.98,1.73,
315.0,Trastuzumab,mAb_IgG1,3.0,149.0,8.6,0.3,125.0,25.0,Histidine,6.1,37.5,none,0.0,none,0.0,none,0.0,none,0.0,1.0,1.0,2.58,2.58,2.04,1.88,1.64,
316.0,Trastuzumab,mAb_IgG1,3.0,149.0,8.6,0.3,125.0,25.0,Histidine,6.2,22.5,none,0.0,none,0.0,none,0.0,Proline,75.0,1.0,1.0,2.44,2.44,2.44,2.24,1.96,
317.0,Trastuzumab,mAb_IgG1,3.0,149.0,8.6,0.3,125.0,25.0,Histidine,6.0,25.0,none,0.0,Sucrose,0.2,none,0.0,Arginine,60.0,1.0,1.0,3.68,3.14,2.68,2.29,2.0,
318.0,poly-hIgG,Polyclonal,3.0,150.0,7.6,1.0,75.0,25.0,Histidine,6.1,13.75,none,0.0,none,0.0,none,0.0,none,0.0,0.9,0.9,1.81,1.81,1.81,1.67,1.45,
319.0,poly-hIgG,Polyclonal,3.0,150.0,7.6,1.0,175.0,25.0,Histidine,6.2,12.3,none,0.0,none,0.0,none,0.0,none,0.0,0.9,0.9,11.03,9.57,5.61,4.57,4.31,
320.0,poly-hIgG,Polyclonal,3.0,150.0,7.6,1.0,75.0,25.0,Acetate,5.0,20.0,none,0.0,none,0.0,none,0.0,none,0.0,0.9,0.9,1.6,1.6,1.6,1.47,1.28,
321.0,poly-hIgG,Polyclonal,3.0,150.0,7.6,1.0,175.0,25.0,Acetate,5.0,20.0,none,0.0,none,0.0,none,0.0,none,0.0,0.9,0.9,10.4,10.4,8.83,8.04,5.0,
322.0,poly-hIgG,Polyclonal,3.0,150.0,7.6,1.0,75.0,25.0,Histidine,6.1,13.75,none,0.0,none,0.0,none,0.0,Arginine,20.0,0.9,0.9,1.3,1.3,1.3,1.2,1.04,
323.0,poly-hIgG,Polyclonal,3.0,150.0,7.6,1.0,75.0,25.0,Histidine,6.1,13.75,none,0.0,Sucrose,0.2,none,0.0,Arginine,60.0,0.9,0.9,1.6,1.6,1.6,1.47,1.28,
324.0,poly-hIgG,Polyclonal,3.0,150.0,7.6,1.0,75.0,25.0,Histidine,6.1,13.75,none,0.0,none,0.0,none,0.0,Arginine,120.0,0.9,0.9,1.7,1.7,1.6,1.47,1.28,
325.0,poly-hIgG,Polyclonal,3.0,150.0,7.6,1.0,75.0,25.0,Histidine,6.1,13.75,none,0.0,none,0.0,none,0.0,Proline,25.0,0.9,0.9,2.0,2.0,2.0,1.84,1.6,
326.0,poly-hIgG,Polyclonal,3.0,150.0,7.6,1.0,75.0,25.0,Histidine,6.1,13.75,none,0.0,Sucrose,0.4,none,0.0,Proline,75.0,0.9,0.9,2.4,2.1,1.8,1.66,1.44,
327.0,poly-hIgG,Polyclonal,3.0,150.0,7.6,1.0,75.0,25.0,Histidine,6.1,13.75,none,0.0,none,0.0,none,0.0,Proline,150.0,0.9,0.9,1.5,1.5,1.5,1.5,1.5,
328.0,poly-hIgG,Polyclonal,3.0,150.0,7.6,1.0,75.0,25.0,Histidine,6.1,13.75,none,0.0,none,0.0,none,0.0,Arginine,60.0,0.9,0.9,1.45,1.45,1.45,1.45,1.45,
329.0,poly-hIgG,Polyclonal,3.0,150.0,7.6,1.0,75.0,25.0,Histidine,6.1,13.75,none,0.0,none,0.0,none,0.0,Proline,75.0,0.9,0.9,2.8,2.4,2.0,1.84,1.6,
330.0,poly-hIgG,Polyclonal,3.0,150.0,7.6,1.0,75.0,25.0,Acetate,5.0,20.0,none,0.0,none,0.0,none,0.0,Arginine,60.0,0.9,0.9,2.23,2.23,2.23,2.23,2.0,
331.0,poly-hIgG,Polyclonal,3.0,150.0,7.6,1.0,175.0,25.0,Histidine,6.2,12.3,none,0.0,none,0.0,none,0.0,Arginine,20.0,0.9,0.9,7.77,7.77,7.77,6.59,5.0,
332.0,poly-hIgG,Polyclonal,3.0,150.0,7.6,1.0,175.0,25.0,Histidine,6.2,12.3,none,0.0,none,0.0,none,0.0,Arginine,60.0,0.9,0.9,6.58,6.58,6.58,6.34,4.75,
333.0,poly-hIgG,Polyclonal,3.0,150.0,7.6,1.0,175.0,25.0,Histidine,6.2,12.3,none,0.0,none,0.0,none,0.0,Arginine,120.0,0.9,0.9,5.33,5.33,5.33,4.82,4.0,
334.0,poly-hIgG,Polyclonal,3.0,150.0,7.6,1.0,175.0,25.0,Histidine,6.2,12.3,none,0.0,none,0.0,none,0.0,Proline,25.0,0.9,0.9,8.55,8.0,6.8,6.0,5.67,
335.0,poly-hIgG,Polyclonal,3.0,150.0,7.6,1.0,175.0,25.0,Histidine,6.2,12.3,none,0.0,none,0.0,none,0.0,Proline,75.0,0.9,0.9,11.03,9.66,8.28,6.26,5.0,
336.0,poly-hIgG,Polyclonal,3.0,150.0,7.6,1.0,175.0,25.0,Histidine,6.2,12.3,none,0.0,none,0.0,none,0.0,Proline,150.0,0.9,0.9,8.46,8.46,7.36,6.09,5.0,
337.0,poly-hIgG,Polyclonal,3.0,150.0,7.6,1.0,125.0,25.0,Histidine,6.0,23.0,none,0.0,none,0.0,none,0.0,none,0.0,0.9,0.9,3.58,3.58,3.58,3.29,2.4,
338.0,poly-hIgG,Polyclonal,3.0,150.0,7.6,1.0,125.0,25.0,Histidine,6.0,23.0,none,0.0,none,0.0,none,0.0,Arginine,25.0,0.9,0.9,2.57,2.57,2.57,2.57,2.57,
339.0,poly-hIgG,Polyclonal,3.0,150.0,7.6,1.0,125.0,25.0,Histidine,6.0,23.0,none,0.0,none,0.0,none,0.0,Arginine,50.0,0.9,0.9,2.98,2.98,2.98,2.98,2.98,
340.0,poly-hIgG,Polyclonal,3.0,150.0,7.6,1.0,125.0,25.0,Histidine,6.0,23.0,none,0.0,none,0.0,none,0.0,Arginine,75.0,0.9,0.9,5.76,4.71,4.71,4.28,3.66,
341.0,poly-hIgG,Polyclonal,3.0,150.0,7.6,1.0,125.0,25.0,Histidine,6.0,23.0,none,0.0,none,0.0,none,0.0,Arginine,100.0,0.9,0.9,2.09,2.09,2.09,1.92,1.68,
342.0,poly-hIgG,Polyclonal,3.0,150.0,7.6,1.0,125.0,25.0,Histidine,6.0,23.0,none,0.0,none,0.0,none,0.0,Arginine,150.0,0.9,0.9,2.69,2.69,2.69,2.49,2.17,
343.0,poly-hIgG,Polyclonal,3.0,150.0,7.6,1.0,125.0,25.0,Histidine,6.0,23.0,none,0.0,none,0.0,none,0.0,Arginine,200.0,0.9,0.9,1.85,1.85,1.85,1.85,1.85,
344.0,poly-hIgG,Polyclonal,3.0,150.0,7.6,1.0,125.0,25.0,Histidine,6.0,48.0,none,0.0,none,0.0,none,0.0,none,0.0,0.9,0.9,2.49,2.49,2.49,2.49,2.49,
345.0,poly-hIgG,Polyclonal,3.0,150.0,7.6,1.0,75.0,25.0,Histidine,6.1,13.75,none,0.0,none,0.0,none,0.0,Lysine,25.0,0.9,0.9,1.5,1.5,1.21,1.12,1.12,
346.0,poly-hIgG,Polyclonal,3.0,150.0,7.6,1.0,75.0,25.0,Histidine,6.1,13.75,none,0.0,none,0.0,none,0.0,Lysine,75.0,0.9,0.9,1.28,1.28,1.28,1.28,1.28,
347.0,poly-hIgG,Polyclonal,3.0,150.0,7.6,1.0,75.0,25.0,Histidine,6.1,13.75,none,0.0,none,0.0,none,0.0,Lysine,150.0,0.9,0.9,1.51,1.51,1.51,1.51,1.51,
348.0,poly-hIgG,Polyclonal,3.0,150.0,7.6,1.0,175.0,25.0,Histidine,6.2,12.3,none,0.0,none,0.0,none,0.0,Lysine,25.0,0.9,0.9,4.59,4.59,3.67,3.22,2.26,
349.0,poly-hIgG,Polyclonal,3.0,150.0,7.6,1.0,175.0,25.0,Histidine,6.2,12.3,none,0.0,none,0.0,none,0.0,Lysine,75.0,0.9,0.9,4.2,4.2,4.2,3.87,2.83,
350.0,poly-hIgG,Polyclonal,3.0,150.0,7.6,1.0,175.0,25.0,Histidine,6.2,12.3,none,0.0,none,0.0,none,0.0,Lysine,150.0,0.9,0.9,5.49,5.49,5.49,5.06,4.77,
351.0,poly-hIgG,Polyclonal,3.0,150.0,7.6,1.0,75.0,25.0,Histidine,6.0,50.0,none,0.0,none,0.0,none,0.0,none,0.0,0.9,0.9,2.1,2.1,2.1,1.47,1.1,
352.0,poly-hIgG,Polyclonal,3.0,150.0,7.6,1.0,75.0,25.0,Histidine,6.0,75.0,none,0.0,none,0.0,none,0.0,none,0.0,0.9,0.9,1.89,1.89,1.89,1.66,1.1,
353.0,poly-hIgG,Polyclonal,3.0,150.0,7.6,1.0,175.0,25.0,Histidine,6.0,50.0,none,0.0,none,0.0,none,0.0,none,0.0,0.9,0.9,6.39,6.39,6.39,5.87,3.2,
354.0,poly-hIgG,Polyclonal,3.0,150.0,7.6,1.0,175.0,25.0,Histidine,6.0,75.0,none,0.0,none,0.0,none,0.0,none,0.0,0.9,0.9,4.18,4.18,4.18,3.84,3.3,
355.0,poly-hIgG,Polyclonal,3.0,150.0,7.6,1.0,125.0,25.0,Histidine,6.0,23.0,none,0.0,Sucrose,0.2,none,0.0,none,0.0,0.9,0.9,3.97,2.78,2.29,2.11,1.84,
356.0,poly-hIgG,Polyclonal,3.0,150.0,7.6,1.0,125.0,25.0,Histidine,6.0,23.0,none,0.0,Sucrose,0.4,none,0.0,none,0.0,0.9,0.9,4.26,3.97,3.68,3.02,2.64,
357.0,poly-hIgG,Polyclonal,3.0,150.0,7.6,1.0,125.0,25.0,Histidine,6.0,23.0,none,0.0,Sucrose,0.6,none,0.0,none,0.0,0.9,0.9,3.43,3.43,3.43,3.15,2.05,
358.0,poly-hIgG,Polyclonal,3.0,150.0,7.6,1.0,125.0,25.0,Histidine,6.0,23.0,none,0.0,Sucrose,0.2,tween-80,0.05,none,0.0,0.9,0.9,2.98,1.99,1.9,1.9,1.8,
359.0,poly-hIgG,Polyclonal,3.0,150.0,7.6,1.0,125.0,25.0,Histidine,6.0,23.0,none,0.0,Sucrose,0.2,tween-80,0.1,none,0.0,0.9,0.9,4.76,3.73,3.68,3.11,2.17,
360.0,poly-hIgG,Polyclonal,3.0,150.0,7.6,1.0,125.0,25.0,Histidine,6.0,23.0,none,0.0,Sucrose,0.5,none,0.0,none,0.0,0.9,0.9,5.46,3.58,3.08,2.74,2.35,
361.0,poly-hIgG,Polyclonal,3.0,150.0,7.6,1.0,125.0,25.0,Histidine,6.0,23.0,none,0.0,Sucrose,0.2,none,0.0,Arginine,25.0,0.9,0.9,4.96,3.48,3.28,2.83,2.07,
362.0,poly-hIgG,Polyclonal,3.0,150.0,7.6,1.0,125.0,25.0,Histidine,6.0,23.0,none,0.0,Sucrose,0.2,none,0.0,Arginine,50.0,0.9,0.9,2.74,2.74,2.74,2.52,1.0,
363.0,poly-hIgG,Polyclonal,3.0,150.0,7.6,1.0,125.0,25.0,Histidine,6.0,23.0,none,0.0,Sucrose,0.2,none,0.0,Arginine,75.0,0.9,0.9,3.78,3.48,3.08,2.74,1.7,
364.0,poly-hIgG,Polyclonal,3.0,150.0,7.6,1.0,75.0,25.0,Acetate,5.1,25.0,none,0.0,none,0.0,none,0.0,Arginine,20.0,0.9,0.9,1.74,1.74,1.74,1.74,1.7,
365.0,poly-hIgG,Polyclonal,3.0,150.0,7.6,1.0,75.0,25.0,Acetate,5.1,25.0,none,0.0,Sucrose,0.2,none,0.0,Arginine,60.0,0.9,0.9,2.4,2.4,2.4,2.4,2.4,
366.0,poly-hIgG,Polyclonal,3.0,150.0,7.6,1.0,75.0,25.0,Acetate,5.1,25.0,none,0.0,none,0.0,none,0.0,Arginine,60.0,0.9,0.9,1.5,1.5,1.5,1.5,1.5,
367.0,poly-hIgG,Polyclonal,3.0,150.0,7.6,1.0,75.0,25.0,Acetate,5.1,25.0,none,0.0,none,0.0,none,0.0,Proline,25.0,0.9,0.9,1.56,1.56,1.56,1.56,1.56,
368.0,poly-hIgG,Polyclonal,3.0,150.0,7.6,1.0,75.0,25.0,Acetate,5.1,25.0,none,0.0,none,0.0,none,0.0,Proline,75.0,0.9,0.9,1.8,1.8,1.8,1.8,1.8,
369.0,poly-hIgG,Polyclonal,3.0,150.0,7.6,1.0,75.0,25.0,Acetate,5.1,25.0,none,0.0,none,0.0,none,0.0,Proline,150.0,0.9,0.9,2.5,2.0,1.6,1.47,1.28,
370.0,poly-hIgG,Polyclonal,3.0,150.0,7.6,1.0,175.0,25.0,Acetate,5.2,30.0,none,0.0,none,0.0,none,0.0,Arginine,20.0,0.9,0.9,8.1,8.1,8.1,7.46,4.0,
371.0,poly-hIgG,Polyclonal,3.0,150.0,7.6,1.0,175.0,25.0,Acetate,5.2,30.0,none,0.0,none,0.0,none,0.0,Arginine,60.0,0.9,0.9,6.94,6.94,6.94,6.38,4.4,
372.0,poly-hIgG,Polyclonal,3.0,150.0,7.6,1.0,175.0,25.0,Acetate,5.2,30.0,none,0.0,none,0.0,none,0.0,Arginine,120.0,0.9,0.9,6.69,6.69,6.69,6.09,5.5,
373.0,poly-hIgG,Polyclonal,3.0,150.0,7.6,1.0,175.0,25.0,Acetate,5.2,30.0,none,0.0,none,0.0,none,0.0,Proline,25.0,0.9,0.9,8.06,8.06,8.06,7.27,5.11,
374.0,poly-hIgG,Polyclonal,3.0,150.0,7.6,1.0,175.0,25.0,Acetate,5.2,30.0,none,0.0,none,0.0,none,0.0,Proline,75.0,0.9,0.9,6.11,6.11,5.79,5.07,2.67,
375.0,poly-hIgG,Polyclonal,3.0,150.0,7.6,1.0,175.0,25.0,Acetate,5.2,30.0,none,0.0,none,0.0,none,0.0,Proline,150.0,0.9,0.9,9.66,9.66,9.66,8.46,6.6,
376.0,poly-hIgG,Polyclonal,3.0,150.0,7.6,1.0,75.0,25.0,Acetate,5.1,25.0,none,0.0,none,0.0,none,0.0,Lysine,25.0,0.9,0.9,1.78,1.78,1.78,1.78,1.78,
377.0,poly-hIgG,Polyclonal,3.0,150.0,7.6,1.0,75.0,25.0,Acetate,5.1,25.0,none,0.0,none,0.0,none,0.0,Lysine,75.0,0.9,0.9,1.68,1.68,1.68,1.68,1.68,
378.0,poly-hIgG,Polyclonal,3.0,150.0,7.6,1.0,75.0,25.0,Acetate,5.1,25.0,none,0.0,none,0.0,none,0.0,Lysine,150.0,0.9,0.9,1.56,1.56,1.56,1.56,1.56,
379.0,poly-hIgG,Polyclonal,3.0,150.0,7.6,1.0,175.0,25.0,Acetate,5.2,30.0,none,0.0,none,0.0,none,0.0,Lysine,25.0,0.9,0.9,3.86,3.86,3.86,3.46,2.9,
380.0,poly-hIgG,Polyclonal,3.0,150.0,7.6,1.0,175.0,25.0,Acetate,5.2,30.0,none,0.0,none,0.0,none,0.0,Lysine,75.0,0.9,0.9,5.53,5.53,5.53,4.9,3.64,
381.0,poly-hIgG,Polyclonal,3.0,150.0,7.6,1.0,175.0,25.0,Acetate,5.2,30.0,none,0.0,none,0.0,none,0.0,Lysine,150.0,0.9,0.9,4.83,4.83,4.36,3.97,3.75,
382.0,poly-hIgG,Polyclonal,3.0,150.0,7.6,1.0,125.0,25.0,Acetate,5.0,68.0,none,0.0,none,0.0,none,0.0,none,0.0,0.9,0.9,5.26,4.86,4.41,4.02,3.04,
383.0,poly-hIgG,Polyclonal,3.0,150.0,7.6,1.0,125.0,25.0,Acetate,5.0,98.0,none,0.0,none,0.0,none,0.0,none,0.0,0.9,0.9,3.24,3.24,3.24,2.74,2.25,
384.0,poly-hIgG,Polyclonal,3.0,150.0,7.6,1.0,125.0,25.0,Histidine,6.0,50.0,none,0.0,none,0.0,none,0.0,none,0.0,0.9,0.9,4.46,3.48,3.48,3.2,2.8,
385.0,poly-hIgG,Polyclonal,3.0,150.0,7.6,1.0,125.0,25.0,Histidine,6.0,75.0,none,0.0,none,0.0,none,0.0,none,0.0,0.9,0.9,3.68,3.03,2.98,2.74,2.4,
386.0,poly-hIgG,Polyclonal,3.0,150.0,7.6,1.0,125.0,25.0,Histidine,6.0,97.0,none,0.0,none,0.0,none,0.0,none,0.0,0.9,0.9,2.63,2.63,2.63,2.43,1.8,
387.0,Belatacept,Fc-Fusion,4.5,90.0,5.6,0.5,70.0,25.0,Histidine,5.9,18.8,none,0.0,none,0.0,none,0.0,none,0.0,1.4,1.5,3.94,3.94,3.94,3.31,1.8,
388.0,Belatacept,Fc-Fusion,4.5,90.0,5.6,0.5,55.0,25.0,Histidine,5.9,17.5,none,0.0,none,0.0,none,0.0,none,0.0,1.4,1.5,2.3,2.3,2.3,2.12,1.84,
389.0,Belatacept,Fc-Fusion,4.5,90.0,5.6,0.5,55.0,25.0,Histidine,6.0,35.0,none,0.0,none,0.0,none,0.0,none,0.0,1.4,1.5,2.05,2.05,2.05,1.89,1.64,
390.0,Belatacept,Fc-Fusion,4.5,90.0,5.6,0.5,55.0,25.0,Histidine,5.9,17.5,none,0.0,Sucrose,0.3,none,0.0,Arginine,25.0,1.4,1.5,3.0,2.35,2.35,1.66,1.1,
391.0,Belatacept,Fc-Fusion,4.5,90.0,5.6,0.5,55.0,25.0,Histidine,5.9,17.5,none,0.0,Sucrose,0.3,none,0.0,none,0.0,1.4,1.5,2.19,2.19,2.19,2.19,2.19,
392.0,Belatacept,Fc-Fusion,4.5,90.0,5.6,0.5,20.0,25.0,Histidine,6.0,15.0,none,0.0,none,0.0,none,0.0,none,0.0,1.4,1.5,1.66,1.66,1.19,1.09,0.95,
393.0,Belatacept,Fc-Fusion,4.5,90.0,5.6,0.5,70.0,25.0,PBS,7.4,10.0,NaCl,140.0,none,0.0,none,0.0,none,0.0,1.4,1.5,2.9,2.55,2.55,2.55,2.5,
394.0,Belatacept,Fc-Fusion,4.5,90.0,5.6,0.5,70.0,25.0,PBS,7.4,10.0,NaCl,140.0,Sucrose,0.2,none,0.0,none,0.0,1.4,1.5,3.39,3.39,3.39,2.76,2.1,
395.0,Belatacept,Fc-Fusion,4.5,90.0,5.6,0.5,70.0,25.0,PBS,7.4,10.0,NaCl,140.0,none,0.0,none,0.0,Arginine,25.0,1.4,1.5,2.25,2.25,2.25,2.25,2.25,
396.0,Belatacept,Fc-Fusion,4.5,90.0,5.6,0.5,70.0,25.0,PBS,7.4,10.0,NaCl,140.0,none,0.0,none,0.0,Proline,25.0,1.4,1.5,2.89,2.89,2.89,2.66,2.31,
397.0,Belatacept,Fc-Fusion,4.5,90.0,5.6,0.5,35.0,25.0,PBS,7.4,10.0,NaCl,140.0,none,0.0,none,0.0,none,0.0,1.4,1.5,1.3,1.3,1.3,1.3,1.3,
398.0,Etanercept,Fc-Fusion,4.5,150.0,7.4,0.6,55.0,25.0,Acetate,5.0,20.0,none,0.0,none,0.0,none,0.0,none,0.0,1.4,1.5,4.59,4.59,3.3,3.04,1.75,
399.0,Etanercept,Fc-Fusion,4.5,150.0,7.4,0.6,55.0,25.0,Acetate,5.0,20.0,none,0.0,Sucrose,0.25,none,0.0,none,0.0,1.4,1.5,5.34,5.34,5.34,4.59,2.8,
400.0,Etanercept,Fc-Fusion,4.5,150.0,7.4,0.6,55.0,25.0,Acetate,5.0,20.0,NaCl,140.0,none,0.0,none,0.0,none,0.0,1.4,1.5,4.28,4.28,4.04,3.71,2.42,
401.0,Etanercept,Fc-Fusion,4.5,150.0,7.4,0.6,20.0,25.0,Acetate,5.0,20.0,none,0.0,none,0.0,none,0.0,Arginine,25.0,1.4,1.5,1.55,1.55,1.55,1.55,1.55,
402.0,Etanercept,Fc-Fusion,4.5,150.0,7.4,0.6,20.0,25.0,Acetate,5.0,20.0,none,0.0,Sucrose,0.25,none,0.0,Arginine,25.0,1.4,1.5,1.98,1.98,1.98,1.98,1.98,
403.0,Etanercept,Fc-Fusion,4.5,150.0,7.4,0.6,20.0,25.0,Acetate,5.0,20.0,none,0.0,none,0.0,none,0.0,none,0.0,1.4,1.5,1.65,1.65,1.65,1.65,1.6,
404.0,Etanercept,Fc-Fusion,4.5,150.0,7.4,0.6,20.0,25.0,Acetate,5.0,20.0,none,0.0,Sucrose,0.25,tween-80,0.05,Arginine,25.0,1.4,1.5,2.11,2.11,2.11,2.11,2.1,
405.0,Etanercept,Fc-Fusion,4.5,150.0,7.4,0.6,55.0,25.0,PBS,7.4,10.0,NaCl,140.0,Sucrose,0.2,none,0.0,none,0.0,1.4,1.5,5.69,5.69,5.69,5.23,2.4,
406.0,Etanercept,Fc-Fusion,4.5,150.0,7.4,0.6,55.0,25.0,PBS,7.4,10.0,NaCl,140.0,none,0.0,none,0.0,Arginine,25.0,1.4,1.5,6.79,6.79,5.99,5.51,3.0,
407.0,Etanercept,Fc-Fusion,4.5,150.0,7.4,0.6,55.0,25.0,PBS,7.4,10.0,NaCl,140.0,Sucrose,0.2,none,0.0,Arginine,25.0,1.4,1.5,7.66,7.66,7.66,6.43,2.2,
408.0,Etanercept,Fc-Fusion,4.5,150.0,7.4,0.6,20.0,25.0,PBS,7.4,10.0,NaCl,140.0,none,0.0,none,0.0,none,0.0,1.4,1.5,1.51,1.51,1.51,1.51,1.5,
409.0,Etanercept,Fc-Fusion,4.5,150.0,7.4,0.6,20.0,25.0,PBS,7.4,10.0,NaCl,140.0,none,0.0,tween-80,0.05,none,0.0,1.4,1.5,1.66,1.66,1.66,1.66,1.0,
410.0,Etanercept,Fc-Fusion,4.5,150.0,7.4,0.6,134.0,25.0,Histidine,6.2,12.5,none,0.0,none,0.0,none,0.0,none,0.0,1.4,1.5,67.51,65.55,55.77,34.2,8.1,
411.0,Etanercept,Fc-Fusion,4.5,150.0,7.4,0.6,55.0,25.0,Histidine,6.1,14.5,none,0.0,none,0.0,none,0.0,none,0.0,1.4,1.5,4.09,4.09,4.09,3.76,2.15,
412.0,Etanercept,Fc-Fusion,4.5,150.0,7.4,0.6,55.0,25.0,Histidine,6.0,29.5,none,0.0,none,0.0,none,0.0,none,0.0,1.4,1.5,6.99,4.99,4.39,3.5,2.1,
413.0,Etanercept,Fc-Fusion,4.5,150.0,7.4,0.6,55.0,25.0,Histidine,6.1,14.5,NaCl,140.0,none,0.0,none,0.0,none,0.0,1.4,1.5,5.83,5.83,5.19,4.5,1.35,
414.0,Etanercept,Fc-Fusion,4.5,150.0,7.4,0.6,55.0,25.0,Histidine,6.0,29.5,none,0.0,none,0.0,none,0.0,Lysine,25.0,1.4,1.5,6.56,6.56,4.99,4.59,1.0,
415.0,Etanercept,Fc-Fusion,4.5,150.0,7.4,0.6,20.0,25.0,Histidine,6.0,30.0,none,0.0,none,0.0,none,0.0,none,0.0,1.4,1.5,1.1,1.1,1.1,0.9,0.9,
416.0,Etanercept,Fc-Fusion,4.5,150.0,7.4,0.6,20.0,25.0,Histidine,6.0,30.0,none,0.0,none,0.0,none,0.0,Arginine,25.0,1.4,1.5,1.21,1.21,1.21,1.1,1.0,
417.0,Etanercept,Fc-Fusion,4.5,150.0,7.4,0.6,20.0,25.0,Histidine,6.0,30.0,none,0.0,none,0.0,tween-80,0.05,Arginine,25.0,1.4,1.5,1.84,1.84,1.84,1.38,1.12,
418.0,Etanercept,Fc-Fusion,4.5,150.0,7.4,0.6,100.0,25.0,Histidine,6.2,12.5,none,0.0,none,0.0,none,0.0,none,0.0,1.4,1.5,24.96,19.96,18.98,11.94,4.3,
419.0,Etanercept,Fc-Fusion,4.5,150.0,7.4,0.6,120.0,25.0,Histidine,6.2,12.5,none,0.0,none,0.0,none,0.0,none,0.0,1.4,1.5,47.93,39.94,32.95,22.97,6.0,
420.0,Etanercept,Fc-Fusion,4.5,150.0,7.4,0.6,150.0,25.0,Histidine,6.2,12.5,none,0.0,none,0.0,none,0.0,none,0.0,1.4,1.5,95.45,95.45,85.9,52.69,10.5,
421.0,Belatacept,Fc-Fusion,4.5,90.0,5.6,0.5,110.0,25.0,Histidine,5.8,20.0,none,0.0,none,0.0,none,0.0,none,0.0,1.4,1.5,7.29,7.29,7.29,6.43,3.2,
422.0,Pembrolizumab,mAb_IgG4,3.5,149.0,7.57,0.3,74.0,25.0,Histidine,6.1,13.7,none,0.0,none,0.0,none,0.0,none,0.0,1.3,1.1,5.63,5.0,4.75,4.14,2.0,
423.0,Pembrolizumab,mAb_IgG4,3.5,149.0,7.57,0.3,150.0,25.0,Histidine,6.2,11.7,none,0.0,none,0.0,none,0.0,none,0.0,1.3,1.1,24.5,20.08,17.57,13.97,8.3,
424.0,Pembrolizumab,mAb_IgG4,3.5,149.0,7.57,0.3,135.0,25.0,Histidine,6.2,12.7,none,0.0,none,0.0,none,0.0,none,0.0,1.3,1.1,26.42,19.7,15.54,10.58,2.2,
425.0,Pembrolizumab,mAb_IgG4,3.5,149.0,7.57,0.3,214.0,25.0,Histidine,6.3,11.2,none,0.0,none,0.0,none,0.0,none,0.0,1.3,1.1,38.1,38.1,38.1,35.05,14.0,
426.0,Pembrolizumab,mAb_IgG4,3.5,149.0,7.57,0.3,49.0,25.0,Histidine,6.1,13.9,none,0.0,none,0.0,none,0.0,none,0.0,1.3,1.1,1.63,1.63,1.5,1.5,1.5,
427.0,Pembrolizumab,mAb_IgG4,3.5,149.0,7.57,0.3,80.0,25.0,Histidine,6.1,13.3,none,0.0,none,0.0,none,0.0,none,0.0,1.3,1.1,5.75,5.63,5.13,4.14,2.5,
428.0,Pembrolizumab,mAb_IgG4,3.5,149.0,7.57,0.3,80.0,25.0,Histidine,6.1,13.3,NaCl,140.0,none,0.0,none,0.0,none,0.0,1.3,1.1,4.25,3.38,2.88,2.19,1.1,
429.0,Pembrolizumab,mAb_IgG4,3.5,149.0,7.57,0.3,80.0,25.0,Histidine,6.1,13.3,none,0.0,Sucrose,0.4,none,0.0,none,0.0,1.3,1.1,6.75,5.0,4.38,3.45,1.9,
430.0,Pembrolizumab,mAb_IgG4,3.5,149.0,7.57,0.3,80.0,25.0,Histidine,6.1,13.3,none,0.0,none,0.0,tween-80,0.05,none,0.0,1.3,1.1,5.0,4.0,3.5,2.76,1.6,
431.0,Pembrolizumab,mAb_IgG4,3.5,149.0,7.57,0.3,80.0,25.0,Histidine,6.1,13.3,NaCl,140.0,Sucrose,0.4,none,0.0,none,0.0,1.3,1.1,3.75,3.25,3.0,2.65,2.3,
432.0,Pembrolizumab,mAb_IgG4,3.5,149.0,7.57,0.3,99.0,25.0,Histidine,6.1,12.8,none,0.0,none,0.0,none,0.0,Arginine,250.0,1.3,1.1,6.63,6.25,6.25,5.75,5.2,
433.0,Pembrolizumab,mAb_IgG4,3.5,149.0,7.57,0.3,80.0,25.0,Histidine,6.1,13.3,NaCl,140.0,Sucrose,0.4,none,0.0,Arginine,250.0,1.3,1.1,7.25,6.25,5.63,4.72,3.2,
434.0,Pembrolizumab,mAb_IgG4,3.5,149.0,7.57,0.3,80.0,25.0,Histidine,6.1,13.3,none,0.0,Sucrose,0.4,none,0.0,Proline,75.0,1.3,1.1,6.38,5.13,4.5,3.68,2.2,
435.0,Pembrolizumab,mAb_IgG4,3.5,149.0,7.57,0.3,80.0,25.0,Histidine,6.1,13.3,none,0.0,Sucrose,0.4,none,0.0,Proline,250.0,1.3,1.1,4.63,3.5,3.0,2.3,1.9,
436.0,Pembrolizumab,mAb_IgG4,3.5,149.0,7.57,0.3,80.0,25.0,Histidine,6.1,13.3,NaCl,140.0,Sucrose,0.4,none,0.0,Proline,250.0,1.3,1.1,7.0,5.5,4.63,3.57,2.0,
437.0,Pembrolizumab,mAb_IgG4,3.5,149.0,7.57,0.3,99.0,25.0,Histidine,6.0,12.8,NaCl,140.0,Sucrose,0.4,none,0.0,Proline,250.0,1.3,1.1,5.13,4.0,3.5,2.88,2.0,
438.0,Pembrolizumab,mAb_IgG4,3.5,149.0,7.57,0.3,135.0,25.0,Histidine,6.2,12.0,none,0.0,Sucrose,0.4,tween-80,0.05,none,0.0,1.3,1.1,7.09,6.36,6.0,5.07,3.8,
439.0,Pembrolizumab,mAb_IgG4,3.5,149.0,7.57,0.3,135.0,25.0,Histidine,6.2,12.0,NaCl,140.0,none,0.0,none,0.0,none,0.0,1.3,1.1,7.58,6.73,5.87,4.73,2.8,
440.0,Pembrolizumab,mAb_IgG4,3.5,149.0,7.57,0.3,135.0,25.0,Histidine,6.2,12.0,none,0.0,none,0.0,none,0.0,Arginine,25.0,1.3,1.1,9.3,7.34,6.12,4.73,2.4,
441.0,Pembrolizumab,mAb_IgG4,3.5,149.0,7.57,0.3,135.0,25.0,Histidine,6.2,12.0,none,0.0,none,0.0,none,0.0,Arginine,100.0,1.3,1.1,5.87,5.51,5.14,4.5,3.6,
442.0,Pembrolizumab,mAb_IgG4,3.5,149.0,7.57,0.3,135.0,25.0,Histidine,6.2,12.0,NaCl,140.0,none,0.0,none,0.0,Arginine,100.0,1.3,1.1,6.73,5.87,5.51,4.73,3.7,
443.0,none,,0.0,0.0,0.0,0.0,0.0,25.0,Histidine,6.0,15.0,none,0.0,none,0.0,none,0.0,none,0.0,0.0,0.0,1.0,1.0,1.0,1.0,1.0,
444.0,Adalimumab,mAb_IgG1,3.0,148.0,8.7,0.3,135.0,25.0,Histidine,6.3,12.5,none,0.0,none,0.0,none,0.0,none,0.0,1.0,1.0,10.09,8.56,7.71,7.09,1.35,
445.0,Adalimumab,mAb_IgG1,3.0,148.0,8.7,0.3,135.0,25.0,Histidine,6.3,12.5,NaCl,140.0,none,0.0,none,0.0,none,0.0,1.0,1.0,7.34,6.24,5.63,4.73,3.0,
446.0,Adalimumab,mAb_IgG1,3.0,148.0,8.7,0.3,135.0,25.0,Histidine,6.3,12.5,none,0.0,Sucrose,0.4,none,0.0,none,0.0,1.0,1.0,8.2,8.2,8.2,7.54,1.4,
447.0,Adalimumab,mAb_IgG1,3.0,148.0,8.7,0.3,135.0,25.0,Histidine,6.3,12.5,none,0.0,none,0.0,tween-80,0.05,none,0.0,1.0,1.0,7.95,7.22,7.22,6.64,2.7,
448.0,Adalimumab,mAb_IgG1,3.0,148.0,8.7,0.3,135.0,25.0,Histidine,6.3,12.5,none,0.0,none,0.0,none,0.0,Arginine,25.0,1.0,1.0,11.14,8.56,7.47,5.97,3.6,
449.0,Adalimumab,mAb_IgG1,3.0,148.0,8.7,0.3,135.0,25.0,Histidine,6.3,12.5,none,0.0,none,0.0,none,0.0,Arginine,100.0,1.0,1.0,5.02,4.16,3.91,3.38,2.6,
450.0,Adalimumab,mAb_IgG1,3.0,148.0,8.7,0.3,135.0,25.0,Histidine,6.3,12.5,NaCl,140.0,none,0.0,none,0.0,Arginine,100.0,1.0,1.0,9.05,6.36,5.51,4.39,2.6,
451.0,Adalimumab,mAb_IgG1,3.0,148.0,8.7,0.3,135.0,25.0,Histidine,6.3,12.5,none,0.0,Sucrose,0.4,none,0.0,Arginine,100.0,1.0,1.0,3.91,3.8,3.8,3.49,2.2,
452.0,Adalimumab,mAb_IgG1,3.0,148.0,8.7,0.3,135.0,25.0,Histidine,6.3,12.5,none,0.0,none,0.0,none,0.0,Arginine,250.0,1.0,1.0,3.67,3.67,3.67,3.5,3.45,
453.0,Adalimumab,mAb_IgG1,3.0,148.0,8.7,0.3,135.0,25.0,Histidine,6.3,12.5,none,0.0,none,0.0,tween-80,0.05,Arginine,100.0,1.0,1.0,3.8,3.42,3.31,2.93,2.6,
454.0,Adalimumab,mAb_IgG1,3.0,148.0,8.7,0.3,135.0,25.0,Histidine,6.3,12.5,none,0.0,none,0.0,none,0.0,Lysine,25.0,1.0,1.0,3.55,3.55,3.55,3.27,2.3,
455.0,Adalimumab,mAb_IgG1,3.0,148.0,8.7,0.3,135.0,25.0,Histidine,6.3,12.5,none,0.0,none,0.0,none,0.0,Lysine,100.0,1.0,1.0,5.63,5.63,5.63,5.18,2.6,
456.0,Adalimumab,mAb_IgG1,3.0,148.0,8.7,0.3,135.0,25.0,Histidine,6.3,12.5,NaCl,140.0,none,0.0,none,0.0,Lysine,100.0,1.0,1.0,6.49,5.14,4.4,3.6,2.2,
457.0,Adalimumab,mAb_IgG1,3.0,148.0,8.7,0.3,135.0,25.0,Histidine,6.3,12.5,none,0.0,Sucrose,0.4,none,0.0,Lysine,100.0,1.0,1.0,6.24,5.26,4.65,3.83,2.6,
458.0,Adalimumab,mAb_IgG1,3.0,148.0,8.7,0.3,135.0,25.0,Histidine,6.3,12.5,none,0.0,none,0.0,tween-80,0.05,Lysine,100.0,1.0,1.0,5.14,4.89,4.89,4.89,4.89,
459.0,Adalimumab,mAb_IgG1,3.0,148.0,8.7,0.3,135.0,25.0,Histidine,6.3,12.5,none,0.0,none,0.0,none,0.0,Lysine,250.0,1.0,1.0,2.45,2.08,1.96,1.69,1.5,
460.0,Adalimumab,mAb_IgG1,3.0,148.0,8.7,0.3,135.0,25.0,Histidine,6.3,12.5,none,0.0,none,0.0,none,0.0,Proline,25.0,1.0,1.0,4.77,4.77,4.65,4.28,3.8,
461.0,Adalimumab,mAb_IgG1,3.0,148.0,8.7,0.3,135.0,25.0,Histidine,6.3,12.5,none,0.0,none,0.0,none,0.0,Proline,100.0,1.0,1.0,5.51,4.16,3.8,3.27,2.4,
462.0,Adalimumab,mAb_IgG1,3.0,148.0,8.7,0.3,135.0,25.0,Histidine,6.3,12.5,none,0.0,none,0.0,none,0.0,Proline,250.0,1.0,1.0,3.42,2.57,2.08,1.69,1.5,
463.0,Vudalimab,Bispecific,5.0,152.0,8.7,0.3,240.0,25.0,Histidine,6.5,10.0,none,0.0,none,0.0,none,0.0,none,0.0,1.5,1.3,13.66,9.24,8.09,6.48,4.6,
464.0,Vudalimab,Bispecific,5.0,152.0,8.7,0.3,145.0,25.0,Histidine,6.3,12.0,none,0.0,none,0.0,none,0.0,none,0.0,1.5,1.3,4.34,4.09,4.09,4.09,4.0,
465.0,Vudalimab,Bispecific,5.0,152.0,8.7,0.3,80.0,25.0,Histidine,6.2,13.5,none,0.0,none,0.0,none,0.0,none,0.0,1.5,1.3,4.13,2.88,2.5,2.07,1.3,
466.0,Vudalimab,Bispecific,5.0,152.0,8.7,0.3,100.0,25.0,Histidine,6.2,13.0,none,0.0,none,0.0,none,0.0,none,0.0,1.5,1.3,3.38,3.25,3.13,2.76,2.3,
467.0,Vudalimab,Bispecific,5.0,152.0,8.7,0.3,100.0,25.0,Histidine,6.2,13.0,NaCl,140.0,none,0.0,none,0.0,none,0.0,1.5,1.3,1.5,1.5,1.5,1.5,1.5,
468.0,Vudalimab,Bispecific,5.0,152.0,8.7,0.3,100.0,25.0,Histidine,6.2,13.0,none,0.0,Sucrose,0.4,none,0.0,none,0.0,1.5,1.3,2.88,2.38,1.88,1.38,1.0,
469.0,Vudalimab,Bispecific,5.0,152.0,8.7,0.3,100.0,25.0,Histidine,6.2,13.0,none,0.0,none,0.0,tween-80,0.05,none,0.0,1.5,1.3,2.63,2.63,2.5,2.19,1.9,
470.0,Vudalimab,Bispecific,5.0,152.0,8.7,0.3,100.0,25.0,Histidine,6.2,13.0,NaCl,140.0,Sucrose,0.4,none,0.0,none,0.0,1.5,1.3,3.13,2.38,2.13,1.84,1.3,
471.0,Vudalimab,Bispecific,5.0,152.0,8.7,0.3,145.0,25.0,Histidine,6.3,12.0,none,0.0,none,0.0,none,0.0,Arginine,100.0,1.5,1.3,7.71,5.18,4.7,3.88,2.7,
472.0,Vudalimab,Bispecific,5.0,152.0,8.7,0.3,145.0,25.0,Histidine,6.3,12.0,none,0.0,none,0.0,none,0.0,Arginine,200.0,1.5,1.3,6.02,5.06,4.82,4.33,3.7,
473.0,Vudalimab,Bispecific,5.0,152.0,8.7,0.3,276.0,25.0,Acetate,5.5,54.0,none,0.0,none,0.0,none,0.0,none,0.0,1.5,1.3,10.32,8.52,7.92,6.73,6.1,
474.0,Vudalimab,Bispecific,5.0,152.0,8.7,0.3,138.0,25.0,Acetate,5.4,37.0,none,0.0,none,0.0,none,0.0,none,0.0,1.5,1.3,3.05,2.43,2.43,2.43,2.43,
475.0,Vudalimab,Bispecific,5.0,152.0,8.7,0.3,69.0,25.0,Acetate,5.2,28.0,none,0.0,none,0.0,none,0.0,none,0.0,1.5,1.3,1.38,1.25,1.25,1.13,1.0,
476.0,Vudalimab,Bispecific,5.0,152.0,8.7,0.3,150.0,25.0,Acetate,5.4,41.0,NaCl,175.0,none,0.0,none,0.0,none,0.0,1.5,1.3,3.23,2.99,2.99,2.75,2.5,
477.0,Vudalimab,Bispecific,5.0,152.0,8.7,0.3,150.0,25.0,Acetate,5.4,41.0,none,0.0,Sucrose,0.5,none,0.0,none,0.0,1.5,1.3,9.08,7.29,6.69,5.72,4.3,
478.0,Vudalimab,Bispecific,5.0,152.0,8.7,0.3,150.0,25.0,Acetate,5.4,41.0,none,0.0,none,0.0,tween-80,0.0625,none,0.0,1.5,1.3,4.06,3.71,3.59,3.19,2.8,
479.0,Vudalimab,Bispecific,5.0,152.0,8.7,0.3,150.0,25.0,Acetate,5.4,41.0,NaCl,175.0,Sucrose,0.5,none,0.0,none,0.0,1.5,1.3,12.55,8.84,7.89,6.38,4.0,
480.0,Vudalimab,Bispecific,5.0,152.0,8.7,0.3,150.0,25.0,Histidine,6.3,12.0,none,0.0,none,0.0,none,0.0,none,0.0,1.5,1.3,5.02,4.54,4.43,4.07,3.7,
481.0,Vudalimab,Bispecific,5.0,152.0,8.7,0.3,50.0,25.0,Histidine,6.2,14.0,none,0.0,none,0.0,none,0.0,none,0.0,1.5,1.3,2.0,2.0,1.63,1.5,1.4,
482.0,Vudalimab,Bispecific,5.0,152.0,8.7,0.3,50.0,25.0,Histidine,6.2,14.0,none,0.0,Sucrose,0.4,none,0.0,none,0.0,1.5,1.3,2.38,1.88,1.75,1.5,1.3,
483.0,Vudalimab,Bispecific,5.0,152.0,8.7,0.3,50.0,25.0,Histidine,6.2,14.0,none,0.0,Sucrose,0.8,none,0.0,none,0.0,1.5,1.3,1.5,1.5,1.38,1.27,1.2,
484.0,Vudalimab,Bispecific,5.0,152.0,8.7,0.3,150.0,25.0,Histidine,6.3,12.0,NaCl,140.0,Sucrose,0.8,none,0.0,none,0.0,1.5,1.3,4.06,3.59,3.47,3.08,2.7,
485.0,Vudalimab,Bispecific,5.0,152.0,8.7,0.3,150.0,25.0,Histidine,6.3,12.0,none,0.0,Sucrose,0.4,none,0.0,none,0.0,1.5,1.3,3.47,3.47,3.47,3.19,2.5,
486.0,Nivolumab,mAb_IgG4,3.5,146.0,8.1,0.3,12.0,25.75,PBS,7.4,10.0,NaCl,140.0,none,0.0,none,0.0,none,0.0,1.3,1.1,1.48,1.48,1.43,1.32,1.05,
487.0,Nivolumab,mAb_IgG4,3.5,146.0,8.1,0.3,53.0,25.25,PBS,7.4,10.0,NaCl,140.0,none,0.0,none,0.0,Arginine,5.0,1.3,1.1,2.91,2.76,2.54,2.39,2.17,
488.0,Nivolumab,mAb_IgG4,3.5,146.0,8.1,0.3,82.0,25.68,Histidine,6.1,13.7,none,0.0,none,0.0,none,0.0,Arginine,25.0,1.3,1.1,3.04,3.02,2.75,2.51,2.0,
489.0,Nivolumab,mAb_IgG4,3.5,146.0,8.1,0.3,69.0,26.04,PBS,7.4,10.0,NaCl,140.0,none,0.0,none,0.0,Arginine,25.0,1.3,1.1,2.57,2.47,2.38,2.32,2.21,
490.0,Nivolumab,mAb_IgG4,3.5,146.0,8.1,0.3,119.0,26.14,Histidine,6.2,13.3,none,0.0,none,0.0,none,0.0,Lysine,125.0,1.3,1.1,3.27,3.21,2.95,2.6,1.78,
491.0,Nivolumab,mAb_IgG4,3.5,146.0,8.1,0.3,148.0,25.69,Histidine,6.2,13.0,none,0.0,none,0.0,none,0.0,Lysine,25.0,1.3,1.1,2.84,2.63,2.19,1.88,1.41,
492.0,Nivolumab,mAb_IgG4,3.5,146.0,8.1,0.3,335.0,25.21,Histidine,6.4,10.0,none,0.0,none,0.0,none,0.0,none,0.0,1.3,1.1,80.94,82.33,84.54,84.16,28.59806776,
493.0,Nivolumab,mAb_IgG4,3.5,146.0,8.1,0.3,168.0,25.25,Histidine,6.3,12.5,none,0.0,none,0.0,none,0.0,none,0.0,1.3,1.1,4.21,4.29,4.21,3.74,1.86,
494.0,Nivolumab,mAb_IgG4,3.5,146.0,8.1,0.3,55.0,25.64,Histidine,6.1,14.0,none,0.0,none,0.0,none,0.0,none,0.0,1.3,1.1,1.72,1.72,1.43,1.31,1.13,
495.0,Nivolumab,mAb_IgG4,3.5,146.0,8.1,0.3,122.0,24.47,Histidine,6.2,13.3,none,0.0,none,0.0,none,0.0,none,0.0,1.3,1.1,2.99,3.0,2.8,2.86,1.8,
496.0,Nivolumab,mAb_IgG4,3.5,146.0,8.1,0.3,26.0,26.0,Histidine,6.0,14.5,none,0.0,none,0.0,none,0.0,none,0.0,1.3,1.1,1.04,1.04,1.02,1.01,1.012889038,
497.0,Nivolumab,mAb_IgG4,3.5,146.0,8.1,0.3,321.0,26.03,PBS,7.4,10.0,NaCl,140.0,none,0.0,none,0.0,none,0.0,1.3,1.1,48.8,39.47,32.61,25.94,15.15546568,
498.0,Nivolumab,mAb_IgG4,3.5,146.0,8.1,0.3,172.0,25.77,PBS,7.4,10.0,NaCl,140.0,none,0.0,none,0.0,none,0.0,1.3,1.1,4.58,4.51,4.5,4.48,3.281140482,
499.0,Nivolumab,mAb_IgG4,3.5,146.0,8.1,0.3,99.0,25.85,PBS,7.4,10.0,NaCl,140.0,none,0.0,none,0.0,none,0.0,1.3,1.1,2.37,2.39,2.26,2.01,1.45,
500.0,Nivolumab,mAb_IgG4,3.5,146.0,8.1,0.3,25.0,25.73,PBS,7.4,10.0,NaCl,140.0,none,0.0,none,0.0,none,0.0,1.3,1.1,1.31,1.31,1.33,1.34,1.25,
501.0,Nivolumab,mAb_IgG4,3.5,146.0,8.1,0.3,51.0,25.72,PBS,7.4,10.0,NaCl,140.0,none,0.0,none,0.0,none,0.0,1.3,1.1,1.52,1.52,1.3,1.24,1.251822889,
502.0,Nivolumab,mAb_IgG4,3.5,146.0,8.1,0.3,240.0,25.29,Histidine,6.3,11.0,none,0.0,none,0.0,none,0.0,none,0.0,1.3,1.1,22.61,19.48,17.89,14.34,6.072965624,
503.0,Nivolumab,mAb_IgG4,3.5,146.0,8.1,0.3,215.0,25.29,Histidine,6.0,14.3,NaCl,85.0,Sucrose,0.2,tween-80,0.05,Lysine,23.0,1.3,1.1,20.17,17.04,14.26,11.65,6.7,
504.0,Nivolumab,mAb_IgG4,3.5,146.0,8.1,0.3,189.0,25.0,Histidine,6.1,13.3,none,0.0,none,0.0,none,0.0,Arginine,21.0,1.3,1.1,11.19,10.92,11.22,11.37,5.0,
511.0,poly-hIgG,Polyclonal,3.0,150.0,7.6,1.0,83.0,25.001,Histidine,6.1,14.0,none,0.0,Sucrose,0.25,none,0.0,none,0.0,0.9,0.9,4.15,4.24,4.22,3.89,1.72,
510.0,poly-hIgG,Polyclonal,3.0,150.0,7.6,1.0,242.0,25.655,Histidine,6.3,11.0,none,0.0,Sucrose,0.25,none,0.0,none,0.0,0.9,0.9,24.62,25.43,26.23,23.52,6.111796504,
506.0,poly-hIgG,Polyclonal,3.0,150.0,7.6,1.0,187.0,25.21636364,Histidine,6.3,12.0,none,0.0,none,0.0,none,0.0,none,0.0,0.9,0.9,11.33,9.34,9.7,10.07,2.731368301,
508.0,poly-hIgG,Polyclonal,3.0,150.0,7.6,1.0,51.0,25.475,Histidine,6.0,15.0,none,0.0,none,0.0,none,0.0,none,0.0,0.9,0.9,1.72,1.72,1.42,1.44,1.14,
515.0,poly-hIgG,Polyclonal,3.0,150.0,7.6,1.0,159.0,25.251,Histidine,6.3,12.0,none,0.0,none,0.0,tween-80,0.05,none,0.0,0.9,0.9,6.33,5.37,5.12,5.12,3.004706129,
517.0,poly-hIgG,Polyclonal,3.0,150.0,7.6,1.0,296.0,25.56857143,Histidine,6.4,10.0,none,0.0,none,0.0,tween-80,0.05,none,0.0,0.9,0.9,69.22,61.56,56.62,50.81,18.94786899,
514.0,poly-hIgG,Polyclonal,3.0,150.0,7.6,1.0,55.0,25.72272727,Histidine,6.0,15.0,none,0.0,Sucrose,0.5,none,0.0,none,0.0,0.9,0.9,5.25,5.13,5.3,5.46,2.16,
518.0,poly-hIgG,Polyclonal,3.0,150.0,7.6,1.0,63.0,25.244,Histidine,6.0,15.0,none,0.0,none,0.0,tween-80,0.05,none,0.0,0.9,0.9,1.82,1.82,1.6,1.6,1.6,
509.0,poly-hIgG,Polyclonal,3.0,150.0,7.6,1.0,172.0,24.80181818,Histidine,6.2,12.5,none,0.0,Sucrose,0.25,none,0.0,none,0.0,0.9,0.9,13.5,11.02,11.39,11.72,3.289451971,
512.0,poly-hIgG,Polyclonal,3.0,150.0,7.6,1.0,169.0,25.24636364,Histidine,6.2,12.5,none,0.0,Sucrose,0.5,none,0.0,none,0.0,0.9,0.9,13.13,13.73,14.32,14.92,4.075273287,
505.0,poly-hIgG,Polyclonal,3.0,150.0,7.6,1.0,122.0,25.38,Histidine,6.1,13.5,none,0.0,none,0.0,none,0.0,none,0.0,0.9,0.9,3.1,3.09,3.17,3.25,1.79,
516.0,poly-hIgG,Polyclonal,3.0,150.0,7.6,1.0,213.0,25.50111111,Histidine,6.3,12.0,none,0.0,none,0.0,tween-80,0.05,none,0.0,0.9,0.9,17.64,18.08,14.44,14.25,4.712363192,
507.0,poly-hIgG,Polyclonal,3.0,150.0,7.6,1.0,246.0,25.0775,Histidine,6.3,11.0,none,0.0,none,0.0,none,0.0,none,0.0,0.9,0.9,50.85,52.59,54.33,48.92,10.46395863,
513.0,poly-hIgG,Polyclonal,3.0,150.0,7.6,1.0,207.0,24.963,Histidine,6.3,12.0,none,0.0,Sucrose,0.5,none,0.0,none,0.0,0.9,0.9,28.95,29.18,27.34,25.7,6.9844522,
630.0,Adalimumab,mAb_IgG1,3.0,148.0,8.7,0.3,206.0,25.352,Histidine,6.1,13.5,NaCl,76.0,Sucrose,0.2,tween-80,0.05,none,0.0,1.0,1.0,32.06,33.47,34.87,35.99,6.360255267,
631.0,Adalimumab,mAb_IgG1,3.0,148.0,8.7,0.3,206.0,25.32333333,Histidine,6.1,13.5,NaCl,76.0,Sucrose,0.2,tween-80,0.05,none,0.0,1.0,1.0,45.97,45.9,46.8,41.79,8.137937881,
,,,,,,,,,,,,none,,none,,none,,none,,,,,,,,,
,,,,,,,,,,,,none,,none,,none,,none,,,,,,,,,
,,,,,,,,,,,,none,,none,,none,,none,,,,,,,,,
,,,,,,,,,,,,none,,none,,none,,none,,,,,,,,,
,,,,,,,,,,,,none,,none,,none,,none,,,,,,,,,
,,,,,,,,,,,,none,,none,,none,,none,,,,,,,,,
,,,,,,,,,,,,none,,none,,none,,none,,,,,,,,,
,,,,,,,,,,,,none,,none,,none,,none,,,,19.0,,,,,
,,,,,,,,,,,,none,,none,,none,,none,,,,13.57142857,,,,,
7.0_cb1_s1,poly-hIgG,Polyclonal,3.0,150.0,7.6,1.0,92.56450526007453,28.368567048529066,PBS,7.4,10.153486945830581,NaCl,138.68547171938212,none,0.0,none,0.0,none,0.0,0.9,0.9,2.4763595167131207,2.4763595167131207,2.476359427133063,2.241780562653856,1.992544525250713,1.0
24.0_cb1_s2,poly-hIgG,Polyclonal,3.0,150.0,7.6,1.0,119.72220377536767,27.190741858917466,PBS,7.4,9.797433775933115,NaCl,140.87989253126676,none,0.0,tween-20,0.08836555666406182,none,0.0,0.9,0.9,3.028504992983617,3.028504992983617,3.028504635372845,2.7128067052114853,2.56405763985614,1.0
26.0_cb1_s3,poly-hIgG,Polyclonal,3.0,150.0,7.6,1.0,93.96567282340216,27.561007424340424,PBS,7.4,9.76980128451554,NaCl,141.0519544513679,Sucrose,0.454474124052747,none,0.0,none,0.0,0.9,0.9,3.630327028638833,3.233833957359553,2.7946480971517085,2.3744808362265006,1.7876726784111014,1.0
49.0_cb1_s4,BGG,Polyclonal,3.0,150.0,6.6,1.0,86.39832635057542,26.82853599251594,PBS,7.4,10.041772719000953,NaCl,134.51292365313662,Sucrose,0.2141559813848469,none,0.0,none,0.0,0.9,0.9,3.4039660511659386,3.355714178043689,3.355714178043689,3.148042662340232,2.809750760265839,1.0
52.0_cb1_s5,BGG,Polyclonal,3.0,150.0,6.6,1.0,83.16581330851024,27.10408568538291,PBS,7.4,9.907872245808043,NaCl,142.959942233413,none,0.0,tween-20,0.06282883562538144,none,0.0,0.9,0.9,2.756182108333238,2.756182108333237,2.7561817442653,2.4449828037702854,2.0423663684652262,1.0
53.0_cb1_s6,poly-hIgG,Polyclonal,3.0,150.0,7.6,1.0,88.181567174873,28.012204065513906,PBS,7.4,9.832156495355472,NaCl,139.1342053476166,none,0.0,tween-80,0.0030198758058842135,none,0.0,0.9,0.9,2.332704451181425,2.332704451181425,2.332704451181425,2.03554568858854,1.799996142823304,1.0
86.0_cb1_s7,BGG,Polyclonal,3.0,150.0,6.6,1.0,78.25128976648706,28.24593201571395,PBS,7.4,9.985597975683934,NaCl,142.80989211409766,Trehalose,1.0072327205009526,none,0.0,none,0.0,0.9,0.9,6.014212199241906,5.624505683100759,5.624505683100759,5.464383171848629,5.39449410929698,1.0
92.0_cb1_s8,BGG,Polyclonal,3.0,150.0,6.6,1.0,82.44164351888385,27.952046377406376,Histidine,6.0,100.17409413647633,NaCl,139.16277941869558,none,0.0,none,0.0,none,0.0,0.9,0.9,2.8242617204022697,2.8242617204022697,2.8242614435379187,2.5164278012620636,1.8497576159941858,1.0
97.0_cb1_s9,poly-hIgG,Polyclonal,3.0,150.0,7.6,1.0,93.02565198964554,27.055328518408746,Histidine,6.0,98.99648591283092,NaCl,142.56312592956579,none,0.0,none,0.0,none,0.0,0.9,0.9,2.867873269315442,2.867873269315371,2.867872785170597,2.609475764255932,1.6293459837742805,1.0
3.0_cb2_s1,poly-hIgG,Polyclonal,3.0,150.0,7.6,1.0,138.03425133714342,27.319785819371226,PBS,7.4,9.921578369373568,NaCl,135.90215814523006,none,0.0,none,0.0,none,0.0,0.9,0.9,4.514085688541163,4.514085688541163,4.514085137064372,3.5808677349887255,2.378345423423531,2.0
5.0_cb2_s2,poly-hIgG,Polyclonal,3.0,150.0,7.6,1.0,140.80536728334638,27.311507015910276,PBS,7.4,9.839544546155675,NaCl,139.54840000733518,Sucrose,0.5040405085681454,none,0.0,none,0.0,0.9,0.9,8.111424372618638,8.111424372618636,8.111423821532686,6.640000929116417,4.628698457487817,2.0
25.0_cb4_s1,poly-hIgG,Polyclonal,3.0,150.0,7.6,1.0,188.89977755080196,27.533126615467562,PBS,7.4,10.492648422497057,NaCl,139.46138929861286,none,0.0,tween-20,0.05030154734233361,none,0.0,0.9,0.9,8.769660593842433,8.769660593842433,8.769659497570247,6.347903241425872,4.1908482897437604,4.0
109.0_cb4_s2,poly-hIgG,Polyclonal,3.0,150.0,7.6,1.0,198.32607468262924,28.271536871014852,Histidine,6.0,97.19629787441544,NaCl,141.64319986264076,none,0.0,tween-20,0.020876182250323994,none,0.0,0.9,0.9,11.008524295438324,11.008524290331252,10.869774356303328,7.534319290682256,4.9539682914555625,4.0
110.0_cb4_s3,poly-hIgG,Polyclonal,3.0,150.0,7.6,1.0,202.27699441821636,26.915732957450643,Histidine,6.0,100.94718486127037,NaCl,137.42561214414536,none,0.0,tween-80,0.020619973762007016,none,0.0,0.9,0.9,9.657004725497146,9.413260833684296,8.495674949822423,6.968974638067952,6.141921559327114,4.0
112.0_cb4_s4,poly-hIgG,Polyclonal,3.0,150.0,7.6,1.0,216.51614242307187,26.615884220991322,PBS,7.4,10.03692677170646,NaCl,140.72767182389558,none,0.0,tween-80,0.020312729148710927,none,0.0,0.9,0.9,10.822713052623284,10.822713052619996,10.808871956966824,6.64548001003641,5.941092719988221,4.0
139.0_cb4_s5,BGG,Polyclonal,3.0,150.0,6.6,1.0,182.25414251837904,27.12598640313183,Acetate,5.0,20.0929014788644,NaCl,140.8206029252363,Sucrose,0.09857129716394727,none,0.0,none,0.0,0.9,0.9,13.730832671670093,13.730832309621247,12.098566243905955,7.643376999954729,4.020665880516302,4.0
147.0_cb4_s6,poly-hIgG,Polyclonal,3.0,150.0,7.6,1.0,205.1798217991195,28.137227568454072,Acetate,5.0,19.671727072659316,NaCl,142.69745316188408,Sucrose,0.100825561853873,none,0.0,none,0.0,0.9,0.9,8.8703324114119,8.31957350765177,7.705455824058568,5.359625142987162,3.2507628176909886,4.0
151.0_cb4_s7,poly-hIgG,Polyclonal,3.0,150.0,7.6,1.0,216.41043474615205,27.45759405982224,Histidine,6.3,11.075053434459662,none,0.0,none,0.0,none,0.0,none,0.0,0.9,0.9,9.692435363128169,7.839460534340537,5.763886427521636,3.8647284162243007,1.7308324628007479,4.0
152.0_cb4_s8,poly-hIgG,Polyclonal,3.0,150.0,7.6,1.0,204.5542563663677,27.844117041270753,Acetate,5.2,30.468562315021906,none,0.0,none,0.0,none,0.0,none,0.0,0.9,0.9,12.986913505181974,12.986913505181962,12.986913225919652,11.393229775226498,3.570746418357692,4.0
153.0_cb4_s9,poly-hIgG,Polyclonal,3.0,150.0,7.6,1.0,208.69557514509427,27.034263455062376,Acetate,5.2,30.060794720694762,none,0.0,none,0.0,none,0.0,none,0.0,0.9,0.9,13.05027324063931,13.05027324063931,13.05027324063931,11.41937376284446,3.8939442390370678,4.0
510.0_cb4_s10,poly-hIgG,Polyclonal,3.0,150.0,7.6,1.0,243.86493611788757,25.201492749485197,Histidine,6.3,11.033819523308015,none,0.0,Sucrose,0.25029104359223,none,0.0,none,0.0,0.9,0.9,25.086065053975727,25.086065053975723,25.08606493557202,23.160889258423214,6.208590728128969,4.0
243.0_cb0_s1,BSA,Other,2.0,66.0,4.7,0.3,4.862233063204291,26.98419622804668,PBS,7.4,10.103007053441733,NaCl,141.43860066255417,none,0.0,none,0.0,none,0.0,0.85,0.9,0.9528629783476342,0.9243878688203874,0.8764193209518509,0.8052756533040069,0.6176636632667452,0.0
244.0_cb0_s2,BSA,Other,2.0,66.0,4.7,0.3,10.13027825026116,27.32660191544781,PBS,7.4,10.151793844098654,NaCl,137.8360893992948,none,0.0,none,0.0,none,0.0,0.85,0.9,1.045915004750197,1.045915004750197,1.0459149565839059,0.9965537709187735,0.8809718260312606,0.0
245.0_cb0_s3,BSA,Other,2.0,66.0,4.7,0.3,20.274504076149803,26.61300627084569,PBS,7.4,9.905613626842113,NaCl,143.0490616715086,none,0.0,none,0.0,none,0.0,0.85,0.9,1.09218514937813,1.0921851493779813,1.0921848780191288,1.0457527395055306,0.855372079071663,0.0
247.0_cb0_s4,BSA,Other,2.0,66.0,4.7,0.3,5.021645858958198,27.525064511947097,Acetate,5.0,19.739359860957673,none,0.0,none,0.0,none,0.0,none,0.0,0.85,0.9,0.9806144586086019,0.9450500658217726,0.8863405492859371,0.8015758502763766,0.5911609578542953,0.0
248.0_cb0_s5,BSA,Other,2.0,66.0,4.7,0.3,10.170486666959244,27.064113593862015,Acetate,5.0,19.95410542341324,none,0.0,none,0.0,none,0.0,none,0.0,0.85,0.9,1.0962479051070257,1.0962479051070255,1.0962478419847494,1.0149093957192232,0.8193103358047125,0.0
249.0_cb0_s6,BSA,Other,2.0,66.0,4.7,0.3,19.738668306970514,28.470999832154604,Acetate,5.0,20.161992684384384,none,0.0,none,0.0,none,0.0,none,0.0,0.85,0.9,1.2181796734872437,1.2181796734870534,1.2181793197943913,1.1698204743050309,0.9790578793705645,0.0
251.0_cb0_s7,BSA,Other,2.0,66.0,4.7,0.3,4.951576592713375,28.19680113205264,Histidine,6.0,14.787699160314366,none,0.0,none,0.0,none,0.0,none,0.0,0.85,0.9,0.9447636692213005,0.912761776836222,0.8596671330516454,0.7829121159864805,0.5949574847320728,0.0
252.0_cb0_s8,BSA,Other,2.0,66.0,4.7,0.3,9.795122471733142,27.36108751673376,Histidine,6.0,14.625665045410544,none,0.0,none,0.0,none,0.0,none,0.0,0.85,0.9,1.050469451476534,1.050469451476534,1.0504694484126793,0.9849804506204836,0.8209742462366927,0.0
253.0_cb0_s9,BSA,Other,2.0,66.0,4.7,0.3,19.425655139528224,28.139740063685228,Histidine,6.0,15.003069918305874,none,0.0,none,0.0,none,0.0,none,0.0,0.85,0.9,1.1538697456588551,1.1538697456581872,1.1538692417448198,1.1083262003170884,0.8824551663170048,0.0
254.0_cb0_s10,BSA,Other,2.0,66.0,4.7,0.3,19.845874561255297,27.562434539888187,Histidine,6.0,30.397278404712626,none,0.0,none,0.0,none,0.0,none,0.0,0.85,0.9,1.096726870482871,1.096726870482871,1.0967268196391198,1.0359113563303213,0.8798462402072798,0.0
243.0_cb0_s11,BSA,Other,2.0,66.0,4.7,0.3,5.058831720648458,27.65454552725427,PBS,7.4,9.87546009603588,NaCl,139.41725769899963,none,0.0,none,0.0,none,0.0,0.85,0.9,1.0114151673675105,0.9685745711870577,0.9023897431211051,0.8123165187702097,0.598997319329083,0.0
244.0_cb0_s12,BSA,Other,2.0,66.0,4.7,0.3,10.179919975086651,27.669014736482136,PBS,7.4,10.162572423767793,NaCl,141.7629607573861,none,0.0,none,0.0,none,0.0,0.85,0.9,1.014766301431915,1.0147663014319148,1.0147661974640447,0.9410438541828425,0.7829595164166783,0.0
245.0_cb0_s13,BSA,Other,2.0,66.0,4.7,0.3,20.046930953323514,28.202715692683633,PBS,7.4,9.881685722232834,NaCl,141.5318726672761,none,0.0,none,0.0,none,0.0,0.85,0.9,1.0726433251164924,1.072643325116014,1.0726428869594682,1.0332008341845245,0.8626504089227074,0.0
247.0_cb0_s14,BSA,Other,2.0,66.0,4.7,0.3,5.130547880715433,27.51155211289802,Acetate,5.0,20.272781188517985,none,0.0,none,0.0,none,0.0,none,0.0,0.85,0.9,0.977891476989584,0.9465417219949083,0.8941500041656061,0.8171074252402395,0.6165794711298991,0.0
248.0_cb0_s15,BSA,Other,2.0,66.0,4.7,0.3,9.836355863353305,28.650813001627004,Acetate,5.0,19.597593047400117,none,0.0,none,0.0,none,0.0,none,0.0,0.85,0.9,1.0204127877028057,1.0204127877028055,1.020412709626476,0.9571420778658996,0.8076734502631148,0.0
249.0_cb0_s16,BSA,Other,2.0,66.0,4.7,0.3,19.995101290861236,27.006510095682792,Acetate,5.0,20.03032182327749,none,0.0,none,0.0,none,0.0,none,0.0,0.85,0.9,1.1562893347055012,1.1562893347054086,1.15628907280028,1.1191215696249839,0.9786561337672572,0.0
251.0_cb0_s17,BSA,Other,2.0,66.0,4.7,0.3,5.041293145427562,27.189951495957814,Histidine,6.0,14.753333881330072,none,0.0,none,0.0,none,0.0,none,0.0,0.85,0.9,0.9562401450991732,0.9219325004536935,0.8673783423741372,0.7911815966833412,0.6066715480303233,0.0
252.0_cb0_s18,BSA,Other,2.0,66.0,4.7,0.3,9.710383131700535,26.725894924092895,Histidine,6.0,14.784466733624269,none,0.0,none,0.0,none,0.0,none,0.0,0.85,0.9,1.0442453395350624,1.0442453395350624,1.04424533610908,0.9889677959262894,0.8277328848835431,0.0
253.0_cb0_s19,BSA,Other,2.0,66.0,4.7,0.3,19.992393516838924,26.948608849449204,Histidine,6.0,14.994446059202284,none,0.0,none,0.0,none,0.0,none,0.0,0.85,0.9,1.0929564075094464,1.09295640750899,1.092955945420784,1.05197478335002,0.8823202222134349,0.0
254.0_cb0_s20,BSA,Other,2.0,66.0,4.7,0.3,19.956495940617256,27.720941447154416,Histidine,6.0,30.41408639502667,none,0.0,none,0.0,none,0.0,none,0.0,0.85,0.9,1.120214486188548,1.120214486188548,1.1202144639868488,1.0649452290372854,0.9044834192198532,0.0
243.0_cb0_s21,BSA,Other,2.0,66.0,4.7,0.3,5.002451017425894,27.773899060185,PBS,7.4,10.290228721559009,NaCl,142.68595831303858,none,0.0,none,0.0,none,0.0,0.85,0.9,0.9661757429559447,0.9314932881903789,0.8751263993418124,0.79494108255146,0.5989232751074876,0.0
244.0_cb0_s22,BSA,Other,2.0,66.0,4.7,0.3,9.83834034292897,27.038152986800576,PBS,7.4,9.880121470911195,NaCl,134.05309197193256,none,0.0,none,0.0,none,0.0,0.85,0.9,1.0965333706925078,1.0965333706925073,1.0965332482474832,1.0134104241057287,0.8090052847552598,0.0
245.0_cb0_s23,BSA,Other,2.0,66.0,4.7,0.3,20.380169535274423,27.182702989385678,PBS,7.4,9.820317065730329,NaCl,141.37737368021823,none,0.0,none,0.0,none,0.0,0.85,0.9,1.0826502462585794,1.0826502462581136,1.0826498634247144,1.0481652681879168,0.8787547331484491,0.0
247.0_cb0_s24,BSA,Other,2.0,66.0,4.7,0.3,5.135387237416541,27.43700308511106,Acetate,5.0,20.495126524789384,none,0.0,none,0.0,none,0.0,none,0.0,0.85,0.9,0.9375796562266747,0.9036685008070644,0.8496734366673002,0.7746332671273874,0.5984474346146744,0.0
248.0_cb0_s25,BSA,Other,2.0,66.0,4.7,0.3,10.124569986469501,26.912808763839575,Acetate,5.0,19.94304820599148,none,0.0,none,0.0,none,0.0,none,0.0,0.85,0.9,0.9807322146394685,0.9807322146394681,0.9807321332995669,0.9185751362918039,0.7794910588144092,0.0
249.0_cb0_s26,BSA,Other,2.0,66.0,4.7,0.3,20.511070728759403,27.68277270658878,Acetate,5.0,19.70060538537738,none,0.0,none,0.0,none,0.0,none,0.0,0.85,0.9,1.2043307726912522,1.2043307726907138,1.2043300640788113,1.1488887455631884,0.9603467144798075,0.0
251.0_cb0_s27,BSA,Other,2.0,66.0,4.7,0.3,5.175534084244321,27.363069718336508,Histidine,6.0,15.291471285286308,none,0.0,none,0.0,none,0.0,none,0.0,0.85,0.9,1.0283706243946953,0.9953507154844283,0.9408591070603924,0.8612289262686177,0.6502784510093251,0.0
252.0_cb0_s28,BSA,Other,2.0,66.0,4.7,0.3,9.648252102715377,26.849207818033825,Histidine,6.0,14.38823034667197,none,0.0,none,0.0,none,0.0,none,0.0,0.85,0.9,1.0567378592968322,1.0567378592968322,1.0567378577715778,1.0079550433578448,0.8566672375425899,0.0
253.0_cb0_s29,BSA,Other,2.0,66.0,4.7,0.3,19.447959416714042,26.563139658354665,Histidine,6.0,14.983335690331014,none,0.0,none,0.0,none,0.0,none,0.0,0.85,0.9,1.0911097377029888,1.0911097377023258,1.091109248747763,1.0572403609020629,0.9039512679188116,0.0
254.0_cb0_s30,BSA,Other,2.0,66.0,4.7,0.3,20.267869019532014,27.701629035353267,Histidine,6.0,29.436072128203584,none,0.0,none,0.0,none,0.0,none,0.0,0.85,0.9,1.1430198330529715,1.1430198330529715,1.1430198039288688,1.0656202094177043,0.8681576113535278,0.0
57.0_cb1_s1,BSA,Other,2.0,66.0,4.7,0.3,83.83671721575962,27.208358309895157,PBS,7.4,9.841425433547531,NaCl,139.70031499212723,none,0.0,tween-20,0.21348634347425155,none,0.0,0.85,0.9,2.205468164961838,2.1849188823158023,1.781978521999355,1.5693441229661458,1.4174734801832654,1.0
85.0_cb1_s2,BSA,Other,2.0,66.0,4.7,0.3,65.27817388395448,27.438219572670043,PBS,7.4,9.955806080093355,NaCl,141.7196667601216,Trehalose,1.015150154200946,none,0.0,none,0.0,0.85,0.9,4.825387699716946,4.684331710474702,4.684331710474702,4.684331710474702,4.163647413525237,1.0
89.0_cb1_s3,BSA,Other,2.0,66.0,4.7,0.3,68.83161151837567,28.40473224242571,PBS,7.4,9.950192792088725,NaCl,141.61435949655615,Trehalose,0.4689008514403458,none,0.0,none,0.0,0.85,0.9,2.2118064220185065,2.0578921132819668,1.9022989535635726,1.7509849508237274,1.4628826846917793,1.0
122.0_cb1_s4,BSA,Other,2.0,66.0,4.7,0.3,66.26857199934473,27.084007090093635,Acetate,6.0,19.43109851616093,NaCl,138.18959592412094,none,0.0,none,0.0,none,0.0,0.85,0.9,1.6052098018455823,1.583654482761501,1.541172686588624,1.5260075617594426,1.5198697541951143,1.0
146.0_cb1_s5,BSA,Other,2.0,66.0,4.7,0.3,63.097484067635996,27.026293689269455,Acetate,6.0,20.60924963090786,NaCl,141.50894812231704,Sucrose,0.0979255076913471,none,0.0,none,0.0,0.85,0.9,1.7802987571715003,1.7802987571704705,1.7802982041187785,1.7175020772352476,1.3546925770859992,1.0
246.0_cb1_s6,BSA,Other,2.0,66.0,4.7,0.3,24.30071621309043,27.809633080179815,PBS,7.4,9.869871486175635,NaCl,138.63604892545885,none,0.0,none,0.0,none,0.0,0.85,0.9,1.1931479363319641,1.1931479363319046,1.193147744779671,1.1506447828760653,0.95953613765562,1.0
250.0_cb1_s7,BSA,Other,2.0,66.0,4.7,0.3,24.974880945275434,27.368578574223474,Acetate,5.0,19.63697453518336,none,0.0,none,0.0,none,0.0,none,0.0,0.85,0.9,1.3161861885970758,1.3161861885811246,1.3161845194357187,1.276574113292238,1.05723446057811,1.0
255.0_cb1_s8,BSA,Other,2.0,66.0,4.7,0.3,25.375693561685896,26.581827095383247,Histidine,6.0,15.16300805771398,none,0.0,none,0.0,none,0.0,none,0.0,0.85,0.9,1.1829244851411456,1.1354175577656256,1.0551805622737023,0.9389677253687048,0.6717509690989355,1.0
256.0_cb1_s9,BSA,Other,2.0,66.0,4.7,0.3,25.02404247333069,27.642847375946815,Histidine,6.0,29.457410024937356,none,0.0,none,0.0,none,0.0,none,0.0,0.85,0.9,1.313362549923489,1.313362549923489,1.3133624189245596,1.2231053354645236,1.0275214529531298,1.0
117.0_cb1_s10,BSA,Other,2.0,66.0,4.7,0.3,72.06825408669563,27.026772649093825,PBS,7.4,9.923088891154034,NaCl,142.81761986580042,none,0.0,none,0.0,none,0.0,0.85,0.9,1.7032834669702943,1.6081538318613713,1.4932751629847871,1.3859120409117855,1.2808178026751855,1.0
57.0_cb1_s11,BSA,Other,2.0,66.0,4.7,0.3,78.8970701297887,27.06170760949124,PBS,7.4,10.115414425436109,NaCl,139.43147291907962,none,0.0,tween-20,0.2196181960078989,none,0.0,0.85,0.9,2.201232901583619,2.1875126687497453,1.8672816636157534,1.6758112423726017,1.515298341670327,1.0
85.0_cb1_s12,BSA,Other,2.0,66.0,4.7,0.3,65.43888346069775,27.273467668632644,PBS,7.4,9.9024787551855,NaCl,138.78883707410506,Trehalose,1.007889042847566,none,0.0,none,0.0,0.85,0.9,4.814215149560093,4.814215149560093,4.814215149560093,4.814215149560093,4.350677306057499,1.0
89.0_cb1_s13,BSA,Other,2.0,66.0,4.7,0.3,68.60962665569969,27.275558544838148,PBS,7.4,9.59237509296443,NaCl,137.17735832943126,Trehalose,0.44856421929603907,none,0.0,none,0.0,0.85,0.9,2.461081138240683,2.3125048493153852,2.154687618474937,1.9935118906501783,1.6630997261417213,1.0
122.0_cb1_s14,BSA,Other,2.0,66.0,4.7,0.3,67.0948153671622,26.283875580045663,Acetate,6.0,20.094245823243426,NaCl,142.15842254288353,none,0.0,none,0.0,none,0.0,0.85,0.9,1.4545933570733849,1.4586691490406813,1.4665693390956893,1.4694574206854032,1.470699543809696,1.0
146.0_cb1_s15,BSA,Other,2.0,66.0,4.7,0.3,65.86107300083353,27.60002644028217,Acetate,6.0,20.099288234520138,NaCl,138.7137894812873,Sucrose,0.09830031126107042,none,0.0,none,0.0,0.85,0.9,1.7583822436560341,1.7583822436546854,1.7583816272688755,1.694281199807698,1.3249138599250077,1.0
246.0_cb1_s16,BSA,Other,2.0,66.0,4.7,0.3,25.166831052643474,28.070646969341848,PBS,7.4,9.89799672022905,NaCl,139.24435018117856,none,0.0,none,0.0,none,0.0,0.85,0.9,1.2298922221033466,1.229892222103047,1.2298916990539617,1.1731543077560644,0.9531202718215316,1.0
250.0_cb1_s17,BSA,Other,2.0,66.0,4.7,0.3,25.43480296005283,28.24560082234272,Acetate,5.0,20.16537396128948,none,0.0,none,0.0,none,0.0,none,0.0,0.85,0.9,1.300654117969336,1.3006541179634792,1.3006530399918301,1.260342492446622,1.0525068000077777,1.0
255.0_cb1_s18,BSA,Other,2.0,66.0,4.7,0.3,25.32718282817703,27.46942843099925,Histidine,6.0,15.083990587895945,none,0.0,none,0.0,none,0.0,none,0.0,0.85,0.9,1.2643952729375783,1.2090351749549084,1.1171877337196392,0.9857295333473483,0.680297779514327,1.0
256.0_cb1_s19,BSA,Other,2.0,66.0,4.7,0.3,25.24050461586836,27.623136213353522,Histidine,6.0,29.525715326732815,none,0.0,none,0.0,none,0.0,none,0.0,0.85,0.9,1.2947553649770582,1.2947553649770582,1.294755313188269,1.234548611724811,1.088233442797493,1.0
117.0_cb1_s20,BSA,Other,2.0,66.0,4.7,0.3,70.57496905882763,27.430817193945195,PBS,7.4,10.011144982457738,NaCl,143.06373625171864,none,0.0,none,0.0,none,0.0,0.85,0.9,1.7628496180638185,1.6964222755937024,1.6081033577210975,1.517749705221102,1.4223011808479669,1.0
57.0_cb1_s21,BSA,Other,2.0,66.0,4.7,0.3,80.25293792470282,27.952743821179055,PBS,7.4,10.01466359343768,NaCl,136.38810948072503,none,0.0,tween-20,0.2123534565538026,none,0.0,0.85,0.9,2.126266375065721,2.109654618856528,1.8003038720992688,1.6365379418405956,1.5197718780474705,1.0
85.0_cb1_s22,BSA,Other,2.0,66.0,4.7,0.3,64.64545935932803,26.016712346382135,PBS,7.4,9.989141026696437,NaCl,139.3533833154157,Trehalose,1.0139241272962685,none,0.0,none,0.0,0.85,0.9,4.874044668059398,4.874044668059398,4.874044668059398,4.618940202823944,4.251611707650473,1.0
89.0_cb1_s23,BSA,Other,2.0,66.0,4.7,0.3,67.07935270157941,27.507661110552124,PBS,7.4,9.995174982578,NaCl,140.55463733015,Trehalose,0.4646545609608689,none,0.0,none,0.0,0.85,0.9,2.872669750174003,2.756673914017316,2.6288602627843187,2.491796778687272,2.1792888183290273,1.0
122.0_cb1_s24,BSA,Other,2.0,66.0,4.7,0.3,66.14048790055331,27.35976253041853,Acetate,6.0,20.601597195433076,NaCl,132.57728453649958,none,0.0,none,0.0,none,0.0,0.85,0.9,1.4447086913075446,1.4449962709321444,1.4455747216586818,1.4457865682360496,1.4458757490149308,1.0
146.0_cb1_s25,BSA,Other,2.0,66.0,4.7,0.3,61.226535264655546,27.072200821825017,Acetate,6.0,19.55576966181367,NaCl,144.90635724158614,Sucrose,0.10187135678629494,none,0.0,none,0.0,0.85,0.9,1.9002513991423897,1.9002513991412648,1.900250870091741,1.8272565485629526,1.3444724186897299,1.0
246.0_cb1_s26,BSA,Other,2.0,66.0,4.7,0.3,24.38893609555403,27.89214913659481,PBS,7.4,9.951934920368373,NaCl,138.95050173886113,none,0.0,none,0.0,none,0.0,0.85,0.9,1.2457761178414464,1.2457761178412174,1.2457757262624811,1.1958864603831805,0.9902194650517234,1.0
250.0_cb1_s27,BSA,Other,2.0,66.0,4.7,0.3,25.30796780347213,27.826205691882613,Acetate,5.0,19.876181424274403,none,0.0,none,0.0,none,0.0,none,0.0,0.85,0.9,1.368581031965876,1.36858103196132,1.3685800644432085,1.3243240551642939,1.086889646202488,1.0
255.0_cb1_s28,BSA,Other,2.0,66.0,4.7,0.3,25.52450461291845,27.112610970201484,Histidine,6.0,14.577461611090932,none,0.0,none,0.0,none,0.0,none,0.0,0.85,0.9,1.2156407648595584,1.1649120639772106,1.0774047984537196,0.9483622738526866,0.6493676831549267,1.0
256.0_cb1_s29,BSA,Other,2.0,66.0,4.7,0.3,25.848228184145018,27.616059606961443,Histidine,6.0,29.941972132877762,none,0.0,none,0.0,none,0.0,none,0.0,0.85,0.9,1.2774235315724418,1.2774235315724418,1.2774235054975318,1.1947905160120942,1.017478885786481,1.0
117.0_cb1_s30,BSA,Other,2.0,66.0,4.7,0.3,72.2164345365051,27.30001328328238,PBS,7.4,9.988610875255787,NaCl,140.86184495289777,none,0.0,none,0.0,none,0.0,0.85,0.9,1.7018687501114416,1.6339774827240388,1.545191065438322,1.4557731373576774,1.3625635435994585,1.0
22.0_cb2_s1,BSA,Other,2.0,66.0,4.7,0.3,83.33071093248695,27.691169937948917,PBS,7.4,9.892048063938129,NaCl,137.82074676887353,Sucrose,0.1907442119693712,none,0.0,none,0.0,0.85,0.9,2.0776419699588,2.0776419699588,2.0776418520286897,1.8951861749158616,1.4866904599739736,2.0
56.0_cb2_s2,BSA,Other,2.0,66.0,4.7,0.3,132.67591849858863,28.04048004117003,PBS,7.4,10.333094888892516,NaCl,142.84023618205077,Sucrose,0.4430639570717489,tween-20,0.11985224066183017,none,0.0,0.85,0.9,3.348739712906694,3.348739712906694,3.3487385994108,3.1560644872989307,3.087138186959909,2.0
113.0_cb2_s3,BSA,Other,2.0,66.0,4.7,0.3,96.5194494525875,27.16366520835443,Histidine,6.0,97.18667780630355,NaCl,137.41494691088946,none,0.0,none,0.0,none,0.0,0.85,0.9,1.4031955207984566,1.4031954862404672,1.4031913651368977,1.402702198382008,1.1636469224005277,2.0
114.0_cb2_s4,BSA,Other,2.0,66.0,4.7,0.3,128.25302746823746,27.601659868032183,Histidine,6.0,98.28328443963757,NaCl,141.96086766234518,none,0.0,none,0.0,none,0.0,0.85,0.9,2.720113432472544,2.512925626436314,2.3532039518824304,2.230074054373769,2.0509506530100956,2.0
123.0_cb2_s5,BSA,Other,2.0,66.0,4.7,0.3,108.45301186472304,27.480756330226672,Acetate,6.5,20.708320254254204,NaCl,138.24449223819425,none,0.0,none,0.0,none,0.0,0.85,0.9,2.2111447988852753,2.211144798881185,2.2111432603081465,2.0591020066045154,1.259255519206336,2.0
124.0_cb2_s6,BSA,Other,2.0,66.0,4.7,0.3,133.6415783002534,26.63637640406025,Acetate,6.6,19.709145129670052,NaCl,139.3069478204558,none,0.0,none,0.0,none,0.0,0.85,0.9,2.945901774574858,2.799782725162341,2.6407054110510066,2.6407054110510066,2.509934167998297,2.0
134.0_cb2_s7,BSA,Other,2.0,66.0,4.7,0.3,95.14790120113358,27.807884746362074,Acetate,5.0,20.432312290221848,NaCl,142.33498203273695,Sucrose,0.9869815623497082,none,0.0,none,0.0,0.85,0.9,6.68503895982131,6.68503895982131,6.685038571766559,6.193025065745966,5.691671118540084,2.0
144.0_cb2_s8,BSA,Other,2.0,66.0,4.7,0.3,121.80812856044923,26.905418902775455,Acetate,6.6,20.42126114133316,NaCl,139.88924556920136,Sucrose,0.10136300139474526,none,0.0,none,0.0,0.85,0.9,3.0136433321831078,3.013643332182404,3.013642266567457,2.7190953228925085,1.4420656229849822,2.0
145.0_cb2_s9,BSA,Other,2.0,66.0,4.7,0.3,104.02922189371941,27.261027074912224,Acetate,6.5,19.876331150612543,NaCl,140.62197456057442,Sucrose,0.09904250275667305,none,0.0,none,0.0,0.85,0.9,2.4821070027567647,2.4821070027567567,2.4821064797996515,2.2053537864282364,1.5017115496057947,2.0
118.0_cb2_s10,BSA,Other,2.0,66.0,4.7,0.3,131.5149735144603,28.067514496707744,PBS,7.4,9.702887925392606,NaCl,140.74774074443394,none,0.0,none,0.0,none,0.0,0.85,0.9,3.476859473526952,2.878349524256092,2.412209507323286,2.1051540216932394,1.7514297474117764,2.0
22.0_cb2_s11,BSA,Other,2.0,66.0,4.7,0.3,87.12996427394967,27.300438791758186,PBS,7.4,9.910899495719846,NaCl,144.06947653592957,Sucrose,0.19600237415377672,none,0.0,none,0.0,0.85,0.9,2.2484487793710866,2.2484487793710866,2.2484486129128376,2.0637735670022668,1.6142445181223422,2.0
56.0_cb2_s12,BSA,Other,2.0,66.0,4.7,0.3,129.34906837577455,27.077711339192728,PBS,7.4,9.993063022522644,NaCl,140.65580125110225,Sucrose,0.4742646045338895,tween-20,0.12054404905978257,none,0.0,0.85,0.9,3.3958853008167704,3.395885300816769,3.3958799429651645,3.108446290031147,3.0115405740245187,2.0
113.0_cb2_s13,BSA,Other,2.0,66.0,4.7,0.3,98.74952310252074,27.591548714517177,Histidine,6.0,100.9849025280163,NaCl,140.8096722029419,none,0.0,none,0.0,none,0.0,0.85,0.9,1.4722276805219696,1.4722276574138564,1.4722242734599138,1.4717306200471212,1.173886629423516,2.0
114.0_cb2_s14,BSA,Other,2.0,66.0,4.7,0.3,125.38103669664144,28.153959092109154,Histidine,6.0,102.84100849597971,NaCl,138.40191037750148,none,0.0,none,0.0,none,0.0,0.85,0.9,2.7862185541528617,2.446771472684244,2.228422280313353,2.087969254166478,1.9316744662657062,2.0
123.0_cb2_s15,BSA,Other,2.0,66.0,4.7,0.3,106.66536294700609,28.35112786073153,Acetate,6.5,20.71835106923821,NaCl,138.28419166664372,none,0.0,none,0.0,none,0.0,0.85,0.9,2.193816348211987,2.193816348210545,2.193815629375243,2.069662485729121,1.2608627960952188,2.0
124.0_cb2_s16,BSA,Other,2.0,66.0,4.7,0.3,131.5328593194157,27.06093651550385,Acetate,6.6,19.44827230879419,NaCl,137.95339588816262,none,0.0,none,0.0,none,0.0,0.85,0.9,2.662044184961188,2.662044184961188,2.662044184961188,2.662044184961188,2.6327846213429122,2.0
134.0_cb2_s17,BSA,Other,2.0,66.0,4.7,0.3,96.2341793540824,28.88981283423049,Acetate,5.0,19.78765249083187,NaCl,138.62956956094897,Sucrose,0.9984237867554709,none,0.0,none,0.0,0.85,0.9,6.69334155762099,6.69334155762099,6.693341420973052,6.296263402130253,5.8835808582915625,2.0
144.0_cb2_s18,BSA,Other,2.0,66.0,4.7,0.3,127.77175895145726,27.951265199658554,Acetate,6.6,20.20290961244292,NaCl,142.98668913084964,Sucrose,0.10233859118089135,none,0.0,none,0.0,0.85,0.9,3.0817797224161145,3.081779722415036,3.0817784389069582,2.799905424835707,1.5806672459252964,2.0
145.0_cb2_s19,BSA,Other,2.0,66.0,4.7,0.3,103.2844350909268,27.702770319880095,Acetate,6.5,19.842664475069057,NaCl,140.08048550421748,Sucrose,0.1025569037252146,none,0.0,none,0.0,0.85,0.9,2.5828327491958754,2.5828327491958722,2.5828324383297794,2.315110215907385,1.5653926956997926,2.0
118.0_cb2_s20,BSA,Other,2.0,66.0,4.7,0.3,136.6677273750603,27.33072197077585,PBS,7.4,10.043830065532788,NaCl,140.69827431439012,none,0.0,none,0.0,none,0.0,0.85,0.9,3.371241139395222,2.7791288802638636,2.327584189493397,2.0427876575781445,1.7347850430997578,2.0
22.0_cb2_s21,BSA,Other,2.0,66.0,4.7,0.3,82.55624159815882,27.606749496094068,PBS,7.4,10.214726349971954,NaCl,137.12575716164903,Sucrose,0.19050528476175813,none,0.0,none,0.0,0.85,0.9,2.293638717304607,2.293638717304607,2.2936386151705714,2.080049631510845,1.584430828464564,2.0
56.0_cb2_s22,BSA,Other,2.0,66.0,4.7,0.3,136.13298343717867,27.463837356409858,PBS,7.4,9.88896009466136,NaCl,145.26723979443364,Sucrose,0.44667827211617056,tween-20,0.1175909373467146,none,0.0,0.85,0.9,3.3775388021839703,3.37753880218397,3.3775371630231947,3.2162811315764763,3.159035512495555,2.0
113.0_cb2_s23,BSA,Other,2.0,66.0,4.7,0.3,96.89440588375601,26.79583258073101,Histidine,6.0,101.74491465656028,NaCl,141.82056329828427,none,0.0,none,0.0,none,0.0,0.85,0.9,1.4488768655963726,1.4488768458211982,1.4488739356657354,1.448447279059964,1.1800044223325163,2.0
114.0_cb2_s24,BSA,Other,2.0,66.0,4.7,0.3,126.88421151845704,27.633836697127478,Histidine,6.0,99.51752788428733,NaCl,140.98575511024004,none,0.0,none,0.0,none,0.0,0.85,0.9,2.6887021072072534,2.4302317756602863,2.2652539784265713,2.1599510857612922,2.0440819054936283,2.0
123.0_cb2_s25,BSA,Other,2.0,66.0,4.7,0.3,111.00485708213832,27.81337200412771,Acetate,6.5,20.179083424006926,NaCl,141.79962372762913,none,0.0,none,0.0,none,0.0,0.85,0.9,2.165521433757299,2.1655214337562825,2.1655208226971987,2.045396484039256,1.2873908461519625,2.0
124.0_cb2_s26,BSA,Other,2.0,66.0,4.7,0.3,130.21432432256353,28.49051723810095,Acetate,6.6,19.98393681974226,NaCl,135.99382971406948,none,0.0,none,0.0,none,0.0,0.85,0.9,2.8810602562645236,2.7346371807357928,2.7346371807357928,2.6988240833376618,2.564564262445887,2.0
134.0_cb2_s27,BSA,Other,2.0,66.0,4.7,0.3,90.4476634258224,27.251231524413008,Acetate,5.0,19.030448269348415,NaCl,135.56507209423998,Sucrose,0.9928737106741824,none,0.0,none,0.0,0.85,0.9,6.725749066949006,6.725749066949006,6.7257486149150525,6.094390766755309,5.477970974418259,2.0
144.0_cb2_s28,BSA,Other,2.0,66.0,4.7,0.3,122.10408827701865,28.326869065971934,Acetate,6.6,20.35094491623027,NaCl,139.38130031327694,Sucrose,0.10005377167798907,none,0.0,none,0.0,0.85,0.9,3.091193848909463,3.091193848908791,3.091192936980054,2.8191739616696503,1.5242824660408334,2.0
145.0_cb2_s29,BSA,Other,2.0,66.0,4.7,0.3,104.4096893849395,28.488727589767233,Acetate,6.5,20.256337144506805,NaCl,138.40069882860817,Sucrose,0.10114516556271232,none,0.0,none,0.0,0.85,0.9,2.495503797107742,2.495503797107734,2.495503307372915,2.18954769073643,1.4128196180858679,2.0
118.0_cb2_s30,BSA,Other,2.0,66.0,4.7,0.3,132.030931709805,27.992356271015254,PBS,7.4,10.127034360336394,NaCl,142.93874760289413,none,0.0,none,0.0,none,0.0,0.85,0.9,3.4906119028918727,2.8664629617454755,2.4000796920552334,2.105082176961062,1.784724258207503,2.0
28.0_cb3_s1,BSA,Other,2.0,66.0,4.7,0.3,183.145311863205,27.60885093090446,PBS,7.4,9.869716399277111,NaCl,138.6451196646479,none,0.0,none,0.0,none,0.0,0.85,0.9,4.180198842571826,3.8578421494294926,3.5087293744346475,3.1746700337381877,2.677136345471263,3.0
82.0_cb3_s2,BSA,Other,2.0,66.0,4.7,0.3,151.21258403997442,28.45014874355539,PBS,7.4,10.087264733934806,NaCl,140.10640973887098,Trehalose,1.0024006265343652,none,0.0,none,0.0,0.85,0.9,9.82399679580842,9.82399679580842,9.82399679580842,9.710043113778617,9.710043113778617,3.0
133.0_cb3_s3,BSA,Other,2.0,66.0,4.7,0.3,151.9415878191082,27.234247445735345,Acetate,5.0,20.629594705316016,NaCl,136.56785614359345,Sucrose,0.49506337622185986,none,0.0,none,0.0,0.85,0.9,4.918898833381604,4.918898833381602,4.918898294926318,4.539128911938453,3.995726229560921,3.0
238.0_cb3_s4,BSA,Other,2.0,66.0,4.7,0.3,173.86599052613752,27.40505498503255,PBS,7.4,10.176731987497334,NaCl,141.82650405955758,none,0.0,none,0.0,none,0.0,0.85,0.9,4.091092303411063,4.05235329165874,3.784202578772198,3.5370087074445644,3.065341147989892,3.0
239.0_cb3_s5,BSA,Other,2.0,66.0,4.7,0.3,163.60065780355606,27.643370571203146,Acetate,6.6,19.77987793846183,none,0.0,none,0.0,none,0.0,none,0.0,0.85,0.9,4.11647786006223,4.093656044766242,3.8976888363013016,3.467927934465446,2.5953180748078037,3.0
240.0_cb3_s6,BSA,Other,2.0,66.0,4.7,0.3,184.80898330675998,25.933301558653458,Histidine,6.5,15.34462971011163,NaCl,135.1288014194213,none,0.0,none,0.0,none,0.0,0.85,0.9,3.8508158006992113,3.850815800699208,3.8508151924971292,3.377593073214081,2.7951602983604826,3.0
242.0_cb3_s7,BSA,Other,2.0,66.0,4.7,0.3,170.17118312024982,27.47419368161645,Acetate,6.7,20.19081633088925,NaCl,140.21510129496872,none,0.0,none,0.0,none,0.0,0.85,0.9,4.301467622776526,3.624108219338619,3.0357047266925625,2.542833343457394,1.7293619954932908,3.0
237.0_cb3_s8,BSA,Other,2.0,66.0,4.7,0.3,164.80243133002978,27.967621958162418,Histidine,6.4,14.895404359677642,none,0.0,none,0.0,none,0.0,none,0.0,0.85,0.9,3.4753986274298083,3.2732430768080185,2.986444922588904,2.696949795022321,2.445251368737192,3.0
241.0_cb3_s9,BSA,Other,2.0,66.0,4.7,0.3,175.54417508186955,27.63133403746458,Histidine,6.5,29.844574712507576,none,0.0,none,0.0,none,0.0,none,0.0,0.85,0.9,3.9901627970289897,3.8905439325078572,3.6087264540513684,3.077222110990513,2.4525159441416955,3.0
28.0_cb3_s10,BSA,Other,2.0,66.0,4.7,0.3,179.59354587334312,27.45560588094028,PBS,7.4,10.015727038063218,NaCl,134.4050380833101,none,0.0,none,0.0,none,0.0,0.85,0.9,4.116854949631138,3.781337321992959,3.4247843362434995,3.0880718275260994,2.587753034657605,3.0
82.0_cb3_s11,BSA,Other,2.0,66.0,4.7,0.3,144.59519007835,28.10950054920563,PBS,7.4,9.792018814574895,NaCl,141.7157669341752,Trehalose,0.9789316887365269,none,0.0,none,0.0,0.85,0.9,10.399721561488253,10.130361137929535,10.130361137929535,8.725092718437962,8.725092718437962,3.0
133.0_cb3_s12,BSA,Other,2.0,66.0,4.7,0.3,151.48704566391783,27.582730397828968,Acetate,5.0,20.14598440098649,NaCl,146.72956363866717,Sucrose,0.5094122882702574,none,0.0,none,0.0,0.85,0.9,4.739615953843924,4.739615953843924,4.739615840412636,4.572869182842184,4.331619312426416,3.0
238.0_cb3_s13,BSA,Other,2.0,66.0,4.7,0.3,170.02234290369793,28.398387342765606,PBS,7.4,9.770730921396263,NaCl,140.84737930266928,none,0.0,none,0.0,none,0.0,0.85,0.9,4.088245323374103,4.039205321465525,3.6862274458305593,3.3699489911875573,2.7925514438497077,3.0
239.0_cb3_s14,BSA,Other,2.0,66.0,4.7,0.3,167.22842451175003,27.74944386583269,Acetate,6.6,19.90233734588374,none,0.0,none,0.0,none,0.0,none,0.0,0.85,0.9,4.2233652126029,4.202734569306218,4.009507528807254,3.5721034751603766,2.6827081532652173,3.0
240.0_cb3_s15,BSA,Other,2.0,66.0,4.7,0.3,180.91686884776962,28.25663874732139,Histidine,6.5,14.954983323890241,NaCl,140.3516140697203,none,0.0,none,0.0,none,0.0,0.85,0.9,4.043666082724996,4.043666082724994,4.043665734189348,3.568239604523491,2.901096772576203,3.0
242.0_cb3_s16,BSA,Other,2.0,66.0,4.7,0.3,166.13727064268406,26.95473420779903,Acetate,6.7,19.138643954558514,NaCl,138.2109071064694,none,0.0,none,0.0,none,0.0,0.85,0.9,4.367014226647681,4.186402149719167,4.00698812908964,3.8352631248033844,3.4865798730683504,3.0
237.0_cb3_s17,BSA,Other,2.0,66.0,4.7,0.3,163.1416495583731,27.321342739070257,Histidine,6.4,14.25017828553793,none,0.0,none,0.0,none,0.0,none,0.0,0.85,0.9,3.4959977333570524,3.3059841691032053,3.0283173625705415,2.7414902843909164,2.490582169989348,3.0
241.0_cb3_s18,BSA,Other,2.0,66.0,4.7,0.3,176.7618984956762,27.8101500160288,Histidine,6.5,30.35685260499917,none,0.0,none,0.0,none,0.0,none,0.0,0.85,0.9,4.310047357921436,4.199065771255288,3.871276632479253,3.214688694410656,2.3818574167596287,3.0
28.0_cb3_s19,BSA,Other,2.0,66.0,4.7,0.3,174.33096535541196,27.34562870772327,PBS,7.4,9.661408637160923,NaCl,139.72464904497468,none,0.0,none,0.0,none,0.0,0.85,0.9,4.197305261643844,3.8501868435956563,3.4858672289031127,3.1455901047490222,2.645704487071334,3.0
82.0_cb3_s20,BSA,Other,2.0,66.0,4.7,0.3,140.4455482494928,26.955704524886315,PBS,7.4,10.188154237597644,NaCl,137.24903529809274,Trehalose,0.9955073370000596,none,0.0,none,0.0,0.85,0.9,9.526279865295095,9.475963341833607,9.475963341833607,9.475963341833607,9.475963341833607,3.0
133.0_cb3_s21,BSA,Other,2.0,66.0,4.7,0.3,150.9593458024276,26.623853446557582,Acetate,5.0,20.17618989518416,NaCl,139.94501416300528,Sucrose,0.5156353975350549,none,0.0,none,0.0,0.85,0.9,4.90970262813368,4.9097026281336795,4.909702104236754,4.525030487744316,3.997981312113954,3.0
238.0_cb3_s22,BSA,Other,2.0,66.0,4.7,0.3,175.89067714104664,27.52687303867914,PBS,7.4,10.008118338240777,NaCl,138.0344232741411,none,0.0,none,0.0,none,0.0,0.85,0.9,4.091026753286129,4.033092495609651,3.5845282106391765,3.195278049426298,2.5203726395263844,3.0
239.0_cb3_s23,BSA,Other,2.0,66.0,4.7,0.3,159.6723604595558,27.992208407319442,Acetate,6.6,19.882020128683187,none,0.0,none,0.0,none,0.0,none,0.0,0.85,0.9,4.233705110993272,4.19570037277207,3.8901605437749187,3.257420030252196,2.0951291675255255,3.0
240.0_cb3_s24,BSA,Other,2.0,66.0,4.7,0.3,177.6771417547326,27.670401390624864,Histidine,6.5,15.19013306427963,NaCl,141.1586374728642,none,0.0,none,0.0,none,0.0,0.85,0.9,4.077108997652301,4.0771089976522905,4.077107989890335,3.511568647577308,2.752286263521561,3.0
242.0_cb3_s25,BSA,Other,2.0,66.0,4.7,0.3,176.47156774537876,27.193379518245692,Acetate,6.7,19.45207880816837,NaCl,139.75281026461647,none,0.0,none,0.0,none,0.0,0.85,0.9,4.348637001037763,4.005609754728794,3.6807312016568363,3.3822022044905036,2.8135968704144676,3.0
237.0_cb3_s26,BSA,Other,2.0,66.0,4.7,0.3,161.82074585339285,28.395618142720696,Histidine,6.4,14.886261677703754,none,0.0,none,0.0,none,0.0,none,0.0,0.85,0.9,3.907507341316946,3.6453048288369345,3.225770675049084,2.7558747486310597,2.325097725618334,3.0
241.0_cb3_s27,BSA,Other,2.0,66.0,4.7,0.3,172.11724713081173,27.076514722917747,Histidine,6.5,30.14027154707445,none,0.0,none,0.0,none,0.0,none,0.0,0.85,0.9,4.001947200867905,3.8947251593929586,3.6038235306524986,3.0707999831838926,2.435185287758114,3.0
28.0_cb3_s28,BSA,Other,2.0,66.0,4.7,0.3,181.34594823335547,26.834697439719836,PBS,7.4,10.33451447736754,NaCl,141.17325322622494,none,0.0,none,0.0,none,0.0,0.85,0.9,3.8420828083625285,3.544810966558462,3.2435349730415464,2.9698421233475707,2.5755106815149795,3.0
82.0_cb3_s29,BSA,Other,2.0,66.0,4.7,0.3,142.33004658006982,27.593148453219843,PBS,7.4,9.717257100619003,NaCl,139.68856702822364,Trehalose,0.9819218471707042,none,0.0,none,0.0,0.85,0.9,9.651502359781293,9.651502359781293,9.651502359781293,9.651502359781293,9.651502359781293,3.0
133.0_cb3_s30,BSA,Other,2.0,66.0,4.7,0.3,149.0507746509156,28.16720373498855,Acetate,5.0,20.05668676545596,NaCl,146.49412271194876,Sucrose,0.5140118419618226,none,0.0,none,0.0,0.85,0.9,4.7234217873069655,4.7234217873069655,4.723421619073602,4.516699510988338,4.247863921052647,3.0
238.0_cb3_s31,BSA,Other,2.0,66.0,4.7,0.3,177.32932406244518,27.067705796720627,PBS,7.4,9.733753409288445,NaCl,134.85862495531077,none,0.0,none,0.0,none,0.0,0.85,0.9,4.0871420294567224,4.043808784118495,3.7012827836276307,3.3926560089963806,2.8252964484660987,3.0
21.0_cb4_s1,BSA,Other,2.0,66.0,4.7,0.3,184.97753762730238,27.9611699259484,PBS,7.4,10.016365871709514,NaCl,139.7231089710648,Sucrose,0.41753642716049966,none,0.0,none,0.0,0.85,0.9,8.382554001806422,8.377665013449763,8.217584787897644,7.518300156466015,5.96444132537539,4.0
115.0_cb4_s2,BSA,Other,2.0,66.0,4.7,0.3,193.3211561440218,27.084340162278938,Histidine,6.0,101.0730196871408,NaCl,137.4842896509851,none,0.0,none,0.0,none,0.0,0.85,0.9,3.3844541046122276,3.3844541046122276,3.3844541046122276,3.0448635760079923,2.616862210306215,4.0
116.0_cb4_s3,BSA,Other,2.0,66.0,4.7,0.3,270.3505167117455,28.26461415195952,Histidine,6.0,101.11562061270372,NaCl,140.02898733556145,none,0.0,none,0.0,none,0.0,0.85,0.9,9.921068503189485,6.6541620747987285,6.027796383795896,5.907702962154341,5.879998398570802,4.0
120.0_cb4_s4,BSA,Other,2.0,66.0,4.7,0.3,265.3002446019547,27.791331014896198,PBS,7.4,9.985900244388182,NaCl,141.36220460271335,none,0.0,none,0.0,none,0.0,0.85,0.9,5.379611513014654,5.379611512885189,5.243606944898918,4.483304681790107,4.2589441302644016,4.0
121.0_cb4_s5,BSA,Other,2.0,66.0,4.7,0.3,195.31572489778534,28.341912957789035,Acetate,6.7,20.487504740678926,NaCl,139.4023599613954,none,0.0,none,0.0,none,0.0,0.85,0.9,4.779226385319742,4.779226385319742,4.779226110923043,4.063174511806328,3.1568597339543025,4.0
143.0_cb4_s6,BSA,Other,2.0,66.0,4.7,0.3,181.5792728441391,27.59372892230652,Acetate,6.7,20.064229592419945,NaCl,140.00852885642956,Sucrose,0.1008738763394927,none,0.0,none,0.0,0.85,0.9,3.8440025499726724,3.815402835312147,3.739597307492532,3.7100501373660197,3.6975179011504142,4.0
119.0_cb4_s7,BSA,Other,2.0,66.0,4.7,0.3,177.99722396379957,27.376379028959022,PBS,7.4,9.765977394788127,NaCl,134.95445477477594,none,0.0,none,0.0,none,0.0,0.85,0.9,3.480863284744785,3.266248399316901,2.9273445303377947,2.523153128548895,2.053580420652911,4.0
234.0_cb4_s8,BSA,Other,2.0,66.0,4.7,0.3,395.071743402356,26.68659863717423,Histidine,6.7,15.055007975933748,none,0.0,none,0.0,none,0.0,none,0.0,0.85,0.9,43.63752370466766,39.07083126585166,32.36426272224139,30.006745060755314,28.860219771835812,4.0
235.0_cb4_s9,BSA,Other,2.0,66.0,4.7,0.3,412.68737513533665,27.48498250326954,Acetate,6.8,19.62669281637072,none,0.0,none,0.0,none,0.0,none,0.0,0.85,0.9,89.70327723921763,52.67158031837575,40.11052506820997,35.849848288769785,33.87080386866002,4.0
236.0_cb4_s10,BSA,Other,2.0,66.0,4.7,0.3,417.09110075030253,28.309143680121487,PBS,7.4,9.958135264569627,NaCl,138.12659633175224,none,0.0,none,0.0,none,0.0,0.85,0.9,96.96316856091158,72.52085030378659,46.91123340462717,43.90993971788044,43.51530867244674,4.0
21.0_cb4_s11,BSA,Other,2.0,66.0,4.7,0.3,192.98204038908239,27.166856792348163,PBS,7.4,10.148419074401861,NaCl,140.8380192251382,Sucrose,0.4206742785730701,none,0.0,none,0.0,0.85,0.9,8.514088870872035,8.49826387295953,8.005070134414503,6.244458285477123,3.3306420789209477,4.0
115.0_cb4_s12,BSA,Other,2.0,66.0,4.7,0.3,201.81194252040328,27.575094432095504,Histidine,6.0,99.26935689737579,NaCl,140.51710485642172,none,0.0,none,0.0,none,0.0,0.85,0.9,3.685737013329148,3.4350590173608113,3.313033006652468,3.2072225068117866,2.423180141932123,4.0
116.0_cb4_s13,BSA,Other,2.0,66.0,4.7,0.3,268.8549926434452,28.152137285064647,Histidine,6.0,101.43790662133014,NaCl,142.78893352025628,none,0.0,none,0.0,none,0.0,0.85,0.9,9.50082747957277,6.421965696900228,5.843325469833515,5.734576027685505,5.710069838761551,4.0
120.0_cb4_s14,BSA,Other,2.0,66.0,4.7,0.3,272.0394289518,27.805926505170362,PBS,7.4,10.091177554416323,NaCl,146.062006565723,none,0.0,none,0.0,none,0.0,0.85,0.9,5.472858425170669,5.472858424968716,5.287226020857172,4.456205402415692,4.212771422308389,4.0
121.0_cb4_s15,BSA,Other,2.0,66.0,4.7,0.3,194.96024601927795,27.7960628434773,Acetate,6.7,20.429002934923922,NaCl,138.97813235727992,none,0.0,none,0.0,none,0.0,0.85,0.9,4.677912635746052,4.677912635746052,4.677912412778354,4.140118171062135,3.4410742745150533,4.0
143.0_cb4_s16,BSA,Other,2.0,66.0,4.7,0.3,182.19021173767607,27.347752685061092,Acetate,6.7,20.12296267912364,NaCl,142.28406419511,Sucrose,0.1017209469767195,none,0.0,none,0.0,0.85,0.9,3.5872979264795095,3.583306077546295,3.5712488006207384,3.5666775573248195,3.5648074679789947,4.0
119.0_cb4_s17,BSA,Other,2.0,66.0,4.7,0.3,184.796968322996,27.904182782327396,PBS,7.4,10.132576253733482,NaCl,143.2857268009589,none,0.0,none,0.0,none,0.0,0.85,0.9,3.354463860104217,3.1775089806290757,2.8723204398753186,2.476515857814761,1.9879340040256743,4.0
234.0_cb4_s18,BSA,Other,2.0,66.0,4.7,0.3,396.59709390703995,28.1810556892885,Histidine,6.7,15.006381473020818,none,0.0,none,0.0,none,0.0,none,0.0,0.85,0.9,43.17320357930698,38.07230091211068,30.892316457682675,28.366739164549923,27.13740820688804,4.0
235.0_cb4_s19,BSA,Other,2.0,66.0,4.7,0.3,399.4208843541898,27.91433789160749,Acetate,6.8,20.15246335395311,none,0.0,none,0.0,none,0.0,none,0.0,0.85,0.9,90.10946025156684,53.131605883394,40.86569699558487,36.79697748692208,34.96041490556246,4.0
236.0_cb4_s20,BSA,Other,2.0,66.0,4.7,0.3,423.66851368471583,27.180712102607405,PBS,7.4,10.117715680884123,NaCl,144.67573261218394,none,0.0,none,0.0,none,0.0,0.85,0.9,102.07232897105757,76.26732355765476,49.215712136579086,46.02678598902484,45.604784319744034,4.0
21.0_cb4_s21,BSA,Other,2.0,66.0,4.7,0.3,184.50413648331022,27.508078507101057,PBS,7.4,9.843020337383553,NaCl,141.8151852147628,Sucrose,0.40900822518141616,none,0.0,none,0.0,0.85,0.9,8.35431890305899,8.340431335877765,7.871095970475877,6.1099456270027765,3.206407026296334,4.0
115.0_cb4_s22,BSA,Other,2.0,66.0,4.7,0.3,200.70061974278562,27.28020009791197,Histidine,6.0,100.44936945150378,NaCl,142.61125432924467,none,0.0,none,0.0,none,0.0,0.85,0.9,3.4969125275695174,3.2926402021372443,3.2926402021372443,3.246214962910186,2.4574423911526146,4.0
116.0_cb4_s23,BSA,Other,2.0,66.0,4.7,0.3,279.6096201997551,27.18966382073844,Histidine,6.0,100.36910260639407,NaCl,144.31790786719003,none,0.0,none,0.0,none,0.0,0.85,0.9,9.655119397284711,6.345360639792889,5.717278655529894,5.598089616144251,5.570924282054264,4.0
120.0_cb4_s24,BSA,Other,2.0,66.0,4.7,0.3,269.12531370368316,27.196847856019307,PBS,7.4,9.83636022331554,NaCl,139.99055151924932,none,0.0,none,0.0,none,0.0,0.85,0.9,5.937023605265341,5.937023605186814,5.759229882306837,4.923504338047372,4.672344984346719,4.0
121.0_cb4_s25,BSA,Other,2.0,66.0,4.7,0.3,198.70326611287334,26.87207098722657,Acetate,6.7,19.922536216288115,NaCl,137.99289750231213,none,0.0,none,0.0,none,0.0,0.85,0.9,4.745646676398645,4.745646676398645,4.745646433685588,4.097647028434804,3.305474925516945,4.0
143.0_cb4_s26,BSA,Other,2.0,66.0,4.7,0.3,179.25147622295512,28.519750911483804,Acetate,6.7,20.48841347821014,NaCl,141.62987356971215,Sucrose,0.09954703180230035,none,0.0,none,0.0,0.85,0.9,3.4744727518815455,3.5103630514254935,3.611597814195515,3.651550714669596,3.669192005637724,4.0
119.0_cb4_s27,BSA,Other,2.0,66.0,4.7,0.3,181.21081111626222,26.884210411691043,PBS,7.4,10.028177249382242,NaCl,135.048369776424,none,0.0,none,0.0,none,0.0,0.85,0.9,3.3514848779999165,3.198017010707963,2.9110301173973423,2.5078591725029002,1.9779283870007918,4.0
234.0_cb4_s28,BSA,Other,2.0,66.0,4.7,0.3,387.8236254170506,26.85654574035934,Histidine,6.7,14.138321336015505,none,0.0,none,0.0,none,0.0,none,0.0,0.85,0.9,43.356316259631264,38.778735053583006,31.92369126308042,29.414077924250435,28.127509842478993,4.0
235.0_cb4_s29,BSA,Other,2.0,66.0,4.7,0.3,417.88145084030117,26.950888008446437,Acetate,6.8,20.120716759927788,none,0.0,none,0.0,none,0.0,none,0.0,0.85,0.9,86.98914940651952,51.44316330641304,40.129325955780025,36.52827497723749,34.986198400480546,4.0
236.0_cb4_s30,BSA,Other,2.0,66.0,4.7,0.3,423.8722913481764,27.37543660945416,PBS,7.4,10.073473101363234,NaCl,142.55803695345313,none,0.0,none,0.0,none,0.0,0.85,0.9,100.52849030744261,75.70996875225204,49.7934309238374,46.74856035526935,46.3471069653037,4.0
164.0_cb0_s1,Adalimumab,mAb_IgG1,3.0,148.0,8.7,0.3,33.30303181780894,27.98622496799858,Acetate,5.1,25.368421948546217,none,0.0,none,0.0,tween-80,0.09943734488576357,none,0.0,1.0,1.0,1.4351435321307984,1.4594682718400596,1.5093146988900392,1.527514707525929,1.5351633317090552,0.0
165.0_cb0_s2,Adalimumab,mAb_IgG1,3.0,148.0,8.7,0.3,34.12199740378153,27.661456862691647,Acetate,5.1,24.3217090976883,none,0.0,Sucrose,0.5046642998243352,none,0.0,none,0.0,1.0,1.0,1.973959276633497,1.9739592766334884,1.973958976993373,1.7860730857042393,1.229051847044947,0.0
166.0_cb0_s3,Adalimumab,mAb_IgG1,3.0,148.0,8.7,0.3,52.20859196512018,28.131750542185795,Acetate,5.2,26.451456217751666,none,0.0,Sucrose,0.25030839924923987,tween-80,0.05042881650033058,none,0.0,1.0,1.0,2.0166871906335317,1.8752049170847573,1.8752049170847573,1.8752049170847573,1.8752049170847573,0.0
170.0_cb0_s4,Adalimumab,mAb_IgG1,3.0,148.0,8.7,0.3,34.249502691610076,25.893257234077968,Histidine,6.1,14.122236745164146,none,0.0,Sucrose,0.509039348410862,tween-80,0.09527413512891633,none,0.0,1.0,1.0,1.879014510681414,1.8772263552050998,1.7906718951859344,1.708959680552573,1.559162721838509,0.0
174.0_cb0_s5,Bevacizumab,mAb_IgG1,3.0,149.0,8.3,0.3,49.81710355889516,28.2561820305315,Histidine,6.1,12.141092811935366,none,0.0,Sucrose,0.4920080799334975,none,0.0,none,0.0,1.0,1.0,1.570927118206925,1.570927118206925,1.5709269840071665,1.4334728069692586,1.322780792631252,0.0
175.0_cb0_s6,Bevacizumab,mAb_IgG1,3.0,149.0,8.3,0.3,59.69717579744845,27.339503802096452,Histidine,6.1,11.915455061060623,none,0.0,Sucrose,0.2544155488857358,tween-80,0.0998443256059744,none,0.0,1.0,1.0,2.131522640529491,1.9404223439695465,1.6398906334311176,1.2457638764954355,0.522378593001569,0.0
178.0_cb0_s7,Bevacizumab,mAb_IgG1,3.0,149.0,8.3,0.3,51.14844570919676,27.562298725795774,Acetate,5.2,26.223329891708623,none,0.0,Sucrose,0.509192289345752,tween-80,0.04933185591446101,none,0.0,1.0,1.0,1.990242377634038,2.0358027220015344,2.1363681306440547,2.17413868497918,2.1901696840744194,0.0
219.0_cb0_s8,Bevacizumab,mAb_IgG1,3.0,149.0,8.3,0.3,61.02332841014666,27.76660304951196,PBS,7.4,9.830728669001825,NaCl,138.1980604695111,Sucrose,0.10205992163516234,none,0.0,none,0.0,1.0,1.0,2.9151093459599355,2.915109345959559,2.9151088563028855,2.6703220335437763,1.242877415928744,0.0
230.0_cb0_s9,Adalimumab,mAb_IgG1,3.0,148.0,8.7,0.3,60.67625918632471,27.513320701170016,PBS,7.4,10.282444111083088,NaCl,139.777004104512,Sucrose,0.25226185898124864,none,0.0,none,0.0,1.0,1.0,1.593830398097637,1.593830398097637,1.5938303109105905,1.365777346972565,1.108146984598148,0.0
305.0_cb0_s10,Trastuzumab,mAb_IgG1,3.0,149.0,8.6,0.3,52.58956364201861,25.28981658660679,Histidine,6.2,13.587965005477184,none,0.0,none,0.0,tween-80,0.10038876860315467,none,0.0,1.0,1.0,1.8394436305584012,1.8394436305584012,1.8394435221948833,1.5414919627962316,1.2147727063450058,0.0
308.0_cb0_s11,Trastuzumab,mAb_IgG1,3.0,149.0,8.6,0.3,68.5908404086085,25.569939280564526,Acetate,5.2,29.763926739057123,none,0.0,Sucrose,0.4988193147300892,none,0.0,none,0.0,1.0,1.0,3.5756511800626605,3.183351828260149,2.6893194340779467,2.2091753133678305,1.7235004881649723,0.0
310.0_cb0_s12,Trastuzumab,mAb_IgG1,3.0,149.0,8.6,0.3,59.394270094526135,25.42031001325228,Acetate,5.2,27.29523612682874,none,0.0,Sucrose,0.3980885432066425,tween-80,0.049633175588185315,none,0.0,1.0,1.0,2.34086206274434,2.3408583988981135,1.9434392190797043,1.537036674591819,1.185162716695024,0.0
168.0_cb0_s13,Adalimumab,mAb_IgG1,3.0,148.0,8.7,0.3,53.58216869399935,28.049070993981378,Histidine,6.2,12.887778718693307,none,0.0,Sucrose,0.5040373009033661,none,0.0,none,0.0,1.0,1.0,2.725181397380682,2.450152481641342,2.0013335120950146,1.5678284531139774,1.1768056656554253,0.0
169.0_cb0_s14,Adalimumab,mAb_IgG1,3.0,148.0,8.7,0.3,51.51679801080967,27.61063781073006,Histidine,6.2,13.073654846601997,none,0.0,Sucrose,0.24870547513147961,tween-80,0.050586693801475284,none,0.0,1.0,1.0,2.757996988234238,2.3928084582118867,1.8459475944956834,1.5197256160324482,1.1941107521357521,0.0
164.0_cb0_s15,Adalimumab,mAb_IgG1,3.0,148.0,8.7,0.3,34.2997680727761,27.12724026621133,Acetate,5.1,25.256953924829457,none,0.0,none,0.0,tween-80,0.1003591635638792,none,0.0,1.0,1.0,1.4493357347666007,1.4621195243640623,1.490828824283383,1.5023634825679382,1.507829903670942,0.0
165.0_cb0_s16,Adalimumab,mAb_IgG1,3.0,148.0,8.7,0.3,34.83111964176702,27.8699155356615,Acetate,5.1,25.94994096744761,none,0.0,Sucrose,0.4986736625361743,none,0.0,none,0.0,1.0,1.0,1.9907223651761736,1.99072236517617,1.9907220837456663,1.779779884899765,1.221848940680723,0.0
166.0_cb0_s17,Adalimumab,mAb_IgG1,3.0,148.0,8.7,0.3,51.44325868660792,27.45020669473271,Acetate,5.2,27.179269378507268,none,0.0,Sucrose,0.25095249839889533,tween-80,0.05070945181713904,none,0.0,1.0,1.0,1.9313491080294716,1.9313491080294716,1.9313491080294716,1.8276708218463906,1.8276708218463906,0.0
170.0_cb0_s18,Adalimumab,mAb_IgG1,3.0,148.0,8.7,0.3,34.345192908568784,28.097290163896268,Histidine,6.1,13.849930235368067,none,0.0,Sucrose,0.5080805779828115,tween-80,0.10073457462680269,none,0.0,1.0,1.0,1.816691188905697,1.815622041246924,1.7604225965440834,1.7066467560926273,1.6025759936692237,0.0
174.0_cb0_s19,Bevacizumab,mAb_IgG1,3.0,149.0,8.3,0.3,50.79994190194205,26.611029165359877,Histidine,6.1,12.040794124889997,none,0.0,Sucrose,0.4893219707842081,none,0.0,none,0.0,1.0,1.0,1.7093357598314223,1.7093357598314223,1.709335646320893,1.4889221626845073,1.2926189665548036,0.0
175.0_cb0_s20,Bevacizumab,mAb_IgG1,3.0,149.0,8.3,0.3,61.39425396312983,26.989955776195185,Histidine,6.1,12.358638769752757,none,0.0,Sucrose,0.25487598814891216,tween-80,0.10100218833987969,none,0.0,1.0,1.0,2.178311479735103,1.9625281509866142,1.6408048095007541,1.2399172719634806,0.5399165481371233,0.0
178.0_cb0_s21,Bevacizumab,mAb_IgG1,3.0,149.0,8.3,0.3,48.16936710314354,27.78116142973874,Acetate,5.2,27.741775614387997,none,0.0,Sucrose,0.4986255148537231,tween-80,0.050952874547202945,none,0.0,1.0,1.0,2.0115492658530254,2.0212735979287433,2.0462615689063846,2.0557368964424656,2.0597175281511895,0.0
219.0_cb0_s22,Bevacizumab,mAb_IgG1,3.0,149.0,8.3,0.3,58.0776410257234,27.364665631528528,PBS,7.4,9.831350680936762,NaCl,146.07863960899388,Sucrose,0.09964822837513533,none,0.0,none,0.0,1.0,1.0,2.893496927699881,2.8934969276990543,2.8934960640914795,2.6086017719611387,1.2466439894403676,0.0
230.0_cb0_s23,Adalimumab,mAb_IgG1,3.0,148.0,8.7,0.3,62.24131324449418,27.091641177866073,PBS,7.4,9.735995497755859,NaCl,138.28704654546522,Sucrose,0.24981481601475794,none,0.0,none,0.0,1.0,1.0,1.6159508394533582,1.6159508394533582,1.6159507672625564,1.380001313499549,1.1377115804060027,0.0
305.0_cb0_s24,Trastuzumab,mAb_IgG1,3.0,149.0,8.6,0.3,50.760055963689595,25.041219876467252,Histidine,6.2,13.106461095144468,none,0.0,none,0.0,tween-80,0.09938158184590028,none,0.0,1.0,1.0,1.87552983607499,1.87552983607499,1.8755297006937253,1.5386097058305506,1.1740531027416445,0.0
308.0_cb0_s25,Trastuzumab,mAb_IgG1,3.0,149.0,8.6,0.3,69.77581408620671,25.33567003822523,Acetate,5.2,29.123654044377858,none,0.0,Sucrose,0.49248030668261183,none,0.0,none,0.0,1.0,1.0,3.4176955530555215,3.0184443718912983,2.550127679900054,2.1240629635400583,1.7162363953320707,0.0
310.0_cb0_s26,Trastuzumab,mAb_IgG1,3.0,149.0,8.6,0.3,59.927207023422454,24.645796616544768,Acetate,5.2,26.182594227989075,none,0.0,Sucrose,0.3855748825899525,tween-80,0.048415864056994516,none,0.0,1.0,1.0,2.4760722031625884,2.4760693609159876,2.12965105287834,1.7293810633585414,1.2995424247333673,0.0
168.0_cb0_s27,Adalimumab,mAb_IgG1,3.0,148.0,8.7,0.3,52.15266473246497,28.386721345540483,Histidine,6.2,13.233178222125037,none,0.0,Sucrose,0.49731469352094165,none,0.0,none,0.0,1.0,1.0,2.796729001672148,2.521733410110304,2.053868825260678,1.6004310945832645,1.2154100649798754,0.0
169.0_cb0_s28,Adalimumab,mAb_IgG1,3.0,148.0,8.7,0.3,51.863492754224005,27.542268535627326,Histidine,6.2,12.9415374447299,none,0.0,Sucrose,0.2467499870958827,tween-80,0.05016865467196673,none,0.0,1.0,1.0,2.6862097564483696,2.2713413862353695,1.6765113175750732,1.3594352343537632,1.0895359295047011,0.0
164.0_cb0_s29,Adalimumab,mAb_IgG1,3.0,148.0,8.7,0.3,35.49575009627959,27.628268872194926,Acetate,5.1,25.476568316956623,none,0.0,none,0.0,tween-80,0.10057424833040365,none,0.0,1.0,1.0,1.4890806547317745,1.4723519662046236,1.4397265706036277,1.42764962487149,1.4223993009922087,0.0
165.0_cb0_s30,Adalimumab,mAb_IgG1,3.0,148.0,8.7,0.3,34.85431819990922,27.42930436870859,Acetate,5.1,24.05907547725118,none,0.0,Sucrose,0.4945127509225904,none,0.0,none,0.0,1.0,1.0,1.9338050738565182,1.933805073856513,1.9338048126234424,1.7423247749894712,1.2057829720462043,0.0
166.0_cb0_s31,Adalimumab,mAb_IgG1,3.0,148.0,8.7,0.3,53.008235488547804,27.734956899029427,Acetate,5.2,26.651037252684347,none,0.0,Sucrose,0.2588765544630476,tween-80,0.04880636316824352,none,0.0,1.0,1.0,2.0286553352012957,2.0286553352012957,1.9266279953833083,1.9266279953833083,1.9217925200430446,0.0
170.0_cb0_s32,Adalimumab,mAb_IgG1,3.0,148.0,8.7,0.3,35.2020855404959,27.64317701132417,Histidine,6.1,13.962393552388248,none,0.0,Sucrose,0.5081080827315978,tween-80,0.10158697744110444,none,0.0,1.0,1.0,1.8914974077908264,1.8897309738043957,1.7882540857942986,1.6943988722047236,1.5281287437282502,0.0
174.0_cb0_s33,Bevacizumab,mAb_IgG1,3.0,149.0,8.3,0.3,48.9090335697848,27.274052141624978,Histidine,6.1,12.02799665155246,none,0.0,Sucrose,0.49785078969711266,none,0.0,none,0.0,1.0,1.0,1.5350213758603417,1.5350213758603417,1.5350213543578388,1.4403382808026584,1.3490809660174947,0.0
175.0_cb0_s34,Bevacizumab,mAb_IgG1,3.0,149.0,8.3,0.3,59.74893375150657,26.57410899427848,Histidine,6.1,12.101755963641939,none,0.0,Sucrose,0.25482425816548726,tween-80,0.10323116564709647,none,0.0,1.0,1.0,2.1351609505832574,1.939429370644716,1.6345600939571576,1.2393167680259134,0.5283610837762709,0.0
178.0_cb0_s35,Bevacizumab,mAb_IgG1,3.0,149.0,8.3,0.3,50.42406104446408,27.239388359110997,Acetate,5.2,26.99219577372573,none,0.0,Sucrose,0.505462842480037,tween-80,0.05000642226981094,none,0.0,1.0,1.0,1.9261127124473525,1.934651208177681,1.9540489440199238,1.9612094710164105,1.9641963940630038,0.0
219.0_cb0_s36,Bevacizumab,mAb_IgG1,3.0,149.0,8.3,0.3,61.91837660460566,27.808505696367686,PBS,7.4,9.940903936394168,NaCl,141.9514723326301,Sucrose,0.09933236102048798,none,0.0,none,0.0,1.0,1.0,2.723867519322616,2.7238675193212227,2.7238665935564,2.488368717632085,1.1937154283051816,0.0
176.0_cb1_s1,Bevacizumab,mAb_IgG1,3.0,149.0,8.3,0.3,78.19717204974431,26.84334124648052,Histidine,6.2,11.833734570364236,none,0.0,none,0.0,tween-80,0.10346502999897018,none,0.0,1.0,1.0,2.3807144566134335,2.368667604924112,2.3402766352564077,2.329982812557557,2.32583759030246,1.0
177.0_cb1_s2,Bevacizumab,mAb_IgG1,3.0,149.0,8.3,0.3,73.81832437213764,27.158533820961885,Acetate,5.2,30.895750832477432,none,0.0,none,0.0,none,0.0,none,0.0,1.0,1.0,1.5293436680867243,1.4211506185626515,1.4121992480140297,1.1320978269098312,1.0923568758018039,1.0
179.0_cb1_s3,Bevacizumab,mAb_IgG1,3.0,149.0,8.3,0.3,78.11112400462497,26.994338474627465,Acetate,5.2,29.431221735897278,none,0.0,none,0.0,tween-80,0.04971399577811989,none,0.0,1.0,1.0,1.6774176881986824,1.6109180322276393,1.570906404575819,1.5468321455425458,1.5225051362664634,1.0
220.0_cb1_s4,Bevacizumab,mAb_IgG1,3.0,149.0,8.3,0.3,99.78810329139172,28.954388840859366,PBS,7.4,9.69940593432097,NaCl,140.71047105218483,none,0.0,tween-80,0.10093538634353089,none,0.0,1.0,1.0,2.28404694509897,2.284046945098826,2.2820495025506355,1.7749806418157883,1.6932307860844102,1.0
223.0_cb1_s5,Bevacizumab,mAb_IgG1,3.0,149.0,8.3,0.3,74.48521158675388,27.84186453942083,PBS,7.4,9.926077932791273,NaCl,141.05588110292612,Sucrose,0.24985368593157511,tween-80,0.05112605025077217,none,0.0,1.0,1.0,2.9118577737610503,2.9118577737606293,2.9118568302236554,2.6440136348314653,1.6164543435739345,1.0
304.0_cb1_s6,Trastuzumab,mAb_IgG1,3.0,149.0,8.6,0.3,98.80867741191301,25.687219046585408,Histidine,6.3,11.487438188645113,none,0.0,Sucrose,0.31882649120195994,tween-80,0.05105605680906605,none,0.0,1.0,1.0,3.3991100661496882,3.3793430106634927,3.254717794107472,2.9070447023058414,2.046336636370109,1.0
306.0_cb1_s7,Trastuzumab,mAb_IgG1,3.0,149.0,8.6,0.3,75.83340669900517,25.044790340627625,Histidine,6.2,12.749481364401326,none,0.0,Sucrose,0.49848726716346486,none,0.0,none,0.0,1.0,1.0,1.9630597546498363,1.9630597546486122,1.9630590458725583,1.8007139535919718,0.8027965627575983,1.0
307.0_cb1_s8,Trastuzumab,mAb_IgG1,3.0,149.0,8.6,0.3,90.35052515049378,24.990645621777052,Acetate,5.3,32.743577820961335,none,0.0,Sucrose,0.3067446763199161,tween-80,0.10189505292424572,none,0.0,1.0,1.0,3.0082808914943833,2.6219979502085264,2.2152724634182017,1.8318158063337793,1.2515487762343298,1.0
163.0_cb1_s9,Adalimumab,mAb_IgG1,3.0,148.0,8.7,0.3,101.72478694476553,28.02421877495685,Acetate,5.3,34.34889808566616,none,0.0,none,0.0,none,0.0,none,0.0,1.0,1.0,2.5755906755809477,2.1495317958753644,1.7411992697303273,1.3886678597005813,0.9097297382929415,1.0
167.0_cb1_s10,Adalimumab,mAb_IgG1,3.0,148.0,8.7,0.3,101.50858265962714,28.153902354311054,Histidine,6.3,11.155826846384233,none,0.0,none,0.0,none,0.0,none,0.0,1.0,1.0,3.123938197113978,2.75534990146441,2.3794207419250193,2.008921450321501,1.2810629609419706,1.0
173.0_cb1_s11,Bevacizumab,mAb_IgG1,3.0,149.0,8.3,0.3,98.5101947103871,27.12865194876409,Histidine,6.2,11.466760705735432,none,0.0,none,0.0,none,0.0,none,0.0,1.0,1.0,2.3765112814573,2.050124976367318,1.719661072288458,1.4068422865747856,0.8739194888356375,1.0
180.0_cb1_s12,Bevacizumab,mAb_IgG1,3.0,149.0,8.3,0.3,98.36582273786362,27.862585117637824,Acetate,5.3,35.656299096338586,none,0.0,Sucrose,0.24196220067815513,tween-80,0.09847455044286757,none,0.0,1.0,1.0,2.5227161853536004,2.339179937359809,2.034332229628756,1.7212387685687514,1.1786943122677436,1.0
221.0_cb1_s13,Bevacizumab,mAb_IgG1,3.0,149.0,8.3,0.3,95.99227527118649,27.849479916615074,PBS,7.4,9.752148321029306,NaCl,140.16781136474572,none,0.0,none,0.0,none,0.0,1.0,1.0,4.710204854996893,3.362331402973094,2.5281254441771424,2.011831026513141,1.468509633249316,1.0
222.0_cb1_s14,Bevacizumab,mAb_IgG1,3.0,149.0,8.3,0.3,82.88081789041738,28.181420494116693,PBS,7.4,10.041931883054925,NaCl,138.62341868023026,Sucrose,0.5080712259663731,tween-80,0.049026453800295536,none,0.0,1.0,1.0,5.105090967800314,3.682767403908825,2.4710270609303358,1.985108025094461,1.8704473024386523,1.0
231.0_cb1_s15,Adalimumab,mAb_IgG1,3.0,148.0,8.7,0.3,98.982072748585,27.485934128294403,PBS,7.4,9.646184819022176,NaCl,138.05480323295063,none,0.0,tween-80,0.0991814351237738,none,0.0,1.0,1.0,7.125115437257703,5.45018846705216,4.293102570180599,3.4937556180145473,2.506314438309686,1.0
232.0_cb1_s16,Adalimumab,mAb_IgG1,3.0,148.0,8.7,0.3,79.9851194861782,27.319657905917897,PBS,7.4,10.031038136771794,NaCl,142.31027514106938,Sucrose,0.491328697842891,tween-80,0.04934188351092475,none,0.0,1.0,1.0,5.281946057781604,4.3490582318113375,3.221242841448264,2.0980930803618403,0.665189324827805,1.0
233.0_cb1_s17,Adalimumab,mAb_IgG1,3.0,148.0,8.7,0.3,75.39384199350287,27.606474451252147,PBS,7.4,10.170179592433595,NaCl,139.61535899248167,Sucrose,0.10078092969985777,tween-80,0.04989677824706751,none,0.0,1.0,1.0,5.1513006672434525,2.676690866652693,1.6272938004886548,1.227482865145539,1.0115423471698708,1.0
309.0_cb1_s18,Trastuzumab,mAb_IgG1,3.0,149.0,8.6,0.3,101.85243080448319,25.482698742295582,Acetate,5.3,35.86529150526435,none,0.0,none,0.0,tween-80,0.05008865759096144,none,0.0,1.0,1.0,3.5292073917017945,2.6757385748250613,2.0958475235232257,1.8160173927829308,1.6085045013322343,1.0
176.0_cb1_s19,Bevacizumab,mAb_IgG1,3.0,149.0,8.3,0.3,79.7768859589104,27.252395904331724,Histidine,6.2,11.800124598290159,none,0.0,none,0.0,tween-80,0.10120241349785825,none,0.0,1.0,1.0,2.31340727094855,2.3021756425575868,2.2741080756401804,2.2629661774018466,2.2578935250245373,1.0
177.0_cb1_s20,Bevacizumab,mAb_IgG1,3.0,149.0,8.3,0.3,74.7783295217738,27.250713375037343,Acetate,5.2,31.900529871371862,none,0.0,none,0.0,none,0.0,none,0.0,1.0,1.0,1.2912251904137573,1.241524994791094,1.241524994791094,1.1627620875088294,1.0940954670670076,1.0
179.0_cb1_s21,Bevacizumab,mAb_IgG1,3.0,149.0,8.3,0.3,74.8863535701968,27.868764339482667,Acetate,5.2,30.335448515515104,none,0.0,none,0.0,tween-80,0.04844624123398394,none,0.0,1.0,1.0,1.7699865092364917,1.7142955073611956,1.679323527183568,1.657362365761763,1.6337615092014508,1.0
220.0_cb1_s22,Bevacizumab,mAb_IgG1,3.0,149.0,8.3,0.3,97.62117621426535,28.40347012429078,PBS,7.4,9.819875853070426,NaCl,141.78749739170348,none,0.0,tween-80,0.09934276304850204,none,0.0,1.0,1.0,2.265270746710048,2.265270746709512,2.2623999268396853,1.7061415388497259,1.6174037681527624,1.0
223.0_cb1_s23,Bevacizumab,mAb_IgG1,3.0,149.0,8.3,0.3,76.11123651813018,27.217732538440625,PBS,7.4,9.954280016931996,NaCl,137.21582175109617,Sucrose,0.23718833170602344,tween-80,0.04980897223739983,none,0.0,1.0,1.0,2.871029903826025,2.871029903825744,2.8710291397889725,2.599642682287622,1.5706628917796344,1.0
304.0_cb1_s24,Trastuzumab,mAb_IgG1,3.0,149.0,8.6,0.3,101.09423823035041,24.409593592345576,Histidine,6.3,12.26743720672053,none,0.0,Sucrose,0.30429228789264745,tween-80,0.05071818572570794,none,0.0,1.0,1.0,3.651827645211009,3.6376226564827587,3.5427300467708,3.262581414208577,2.520938246512046,1.0
306.0_cb1_s25,Trastuzumab,mAb_IgG1,3.0,149.0,8.6,0.3,74.13959734065465,25.05092814763099,Histidine,6.2,13.196549158782767,none,0.0,Sucrose,0.487608929243461,none,0.0,none,0.0,1.0,1.0,1.975651110677894,1.9756511106766128,1.9756503478865537,1.802723932932313,0.7992766462745863,1.0
307.0_cb1_s26,Trastuzumab,mAb_IgG1,3.0,149.0,8.6,0.3,89.59823594165735,25.74493171930104,Acetate,5.3,31.943403374205502,none,0.0,Sucrose,0.2950290178513185,tween-80,0.09979349047970192,none,0.0,1.0,1.0,3.1086575224406645,2.7328013977281165,2.313625793167646,1.8992769301000954,1.248251023749237,1.0
163.0_cb1_s27,Adalimumab,mAb_IgG1,3.0,148.0,8.7,0.3,97.47967046965485,27.161001225578286,Acetate,5.3,33.74486646137972,none,0.0,none,0.0,none,0.0,none,0.0,1.0,1.0,2.673112511721586,2.2482080217195803,1.8279614146552134,1.4541995026425742,0.9271140929027716,1.0
167.0_cb1_s28,Adalimumab,mAb_IgG1,3.0,148.0,8.7,0.3,100.99644349699358,28.127081971186698,Histidine,6.3,11.347718951045042,none,0.0,none,0.0,none,0.0,none,0.0,1.0,1.0,2.7460250609934933,2.390912639331927,2.0365956937900846,1.6948824038157888,1.0451493479517129,1.0
173.0_cb1_s29,Bevacizumab,mAb_IgG1,3.0,149.0,8.3,0.3,101.9746690331782,27.458226936996613,Histidine,6.2,11.426435069651385,none,0.0,none,0.0,none,0.0,none,0.0,1.0,1.0,2.3708904180568404,2.058623618429746,1.737176088706945,1.4276176274968946,0.8857813139842696,1.0
180.0_cb1_s30,Bevacizumab,mAb_IgG1,3.0,149.0,8.3,0.3,104.04721243845927,27.503739914508,Acetate,5.3,34.86697267549896,none,0.0,Sucrose,0.24821277288594787,tween-80,0.09963921663647518,none,0.0,1.0,1.0,2.587273532284741,2.4020964680729326,2.1079388357431457,1.8045750346208527,1.2679287902604786,1.0
221.0_cb1_s31,Bevacizumab,mAb_IgG1,3.0,149.0,8.3,0.3,99.14151115940267,27.823704298373897,PBS,7.4,9.68037512962325,NaCl,141.29408346502942,none,0.0,none,0.0,none,0.0,1.0,1.0,4.956417575282157,3.4968763707505666,2.593665045337396,2.034728704326384,1.446633084051896,1.0
222.0_cb1_s32,Bevacizumab,mAb_IgG1,3.0,149.0,8.3,0.3,80.0306364438652,27.14718220002563,PBS,7.4,10.097574456974215,NaCl,145.05217470740288,Sucrose,0.498090962082727,tween-80,0.05071975794214818,none,0.0,1.0,1.0,5.522498460873187,3.9073800708222923,2.441172191506139,1.8552289500169281,1.7237737321186253,1.0
311.0_cb2_s1,Trastuzumab,mAb_IgG1,3.0,149.0,8.6,0.3,124.21735492369211,24.999645702711675,Histidine,6.3,12.187398066507571,none,0.0,none,0.0,none,0.0,none,0.0,1.0,1.0,2.8163213749190508,2.8163213749190508,2.8163212515469467,2.5940604807627947,2.2916301764780536,2.0
313.0_cb2_s2,Trastuzumab,mAb_IgG1,3.0,149.0,8.6,0.3,123.90820065989851,24.96693369268709,Histidine,6.2,23.444874805124932,none,0.0,none,0.0,none,0.0,Arginine,59.7035691591048,1.0,1.0,3.6504915728729275,3.6347608963708673,3.231690499567171,2.9425000801021426,2.5840780656489204,2.0
315.0_cb2_s3,Trastuzumab,mAb_IgG1,3.0,149.0,8.6,0.3,128.30326008068252,25.70980150225682,Histidine,6.1,37.04968232569597,none,0.0,none,0.0,none,0.0,none,0.0,1.0,1.0,2.55952536731899,2.5309409556737212,2.0305315676820705,1.7895431611993033,1.619284613741778,2.0
316.0_cb2_s4,Trastuzumab,mAb_IgG1,3.0,149.0,8.6,0.3,127.23149334574826,24.39441403535961,Histidine,6.2,22.828843853579937,none,0.0,none,0.0,none,0.0,Proline,75.02140960175466,1.0,1.0,2.303369342358233,2.303369342358233,2.303369258434783,2.178120811357066,2.0079278853270823,2.0
446.0_cb2_s5,Adalimumab,mAb_IgG1,3.0,148.0,8.7,0.3,140.3363895781918,24.217879194144473,Histidine,6.3,12.904303143742158,none,0.0,Sucrose,0.4008348475001857,none,0.0,none,0.0,1.0,1.0,7.847567573558008,7.847567573558008,7.847567573558008,7.576859515039944,1.4381901012985667,2.0
447.0_cb2_s6,Adalimumab,mAb_IgG1,3.0,148.0,8.7,0.3,139.08011831166783,24.274412154974222,Histidine,6.3,12.496977763038487,none,0.0,none,0.0,tween-80,0.04874760655558688,none,0.0,1.0,1.0,7.145979330288158,6.564794675078631,5.347710301563466,3.3801972149285464,0.2508216017666089,2.0
451.0_cb2_s7,Adalimumab,mAb_IgG1,3.0,148.0,8.7,0.3,136.17919408968046,25.20214737748085,Histidine,6.3,12.808945547955538,none,0.0,Sucrose,0.39143157056280764,none,0.0,Arginine,101.3604322109009,1.0,1.0,3.908861947870636,3.875861226433938,3.752024686663506,3.3706539852483006,2.212375792880411,2.0
452.0_cb2_s8,Adalimumab,mAb_IgG1,3.0,148.0,8.7,0.3,135.93872650555352,24.756385717943225,Histidine,6.3,12.331072980209596,none,0.0,none,0.0,none,0.0,Arginine,250.1707620874401,1.0,1.0,3.801297104491141,3.8012971044911383,3.8012790671174925,3.386821291759851,3.266412408916347,2.0
454.0_cb2_s9,Adalimumab,mAb_IgG1,3.0,148.0,8.7,0.3,136.24899649070568,24.137096635604703,Histidine,6.3,12.330608836916086,none,0.0,none,0.0,none,0.0,Lysine,25.597054701523685,1.0,1.0,3.434208497033319,3.4342084970331612,3.434207529966435,3.166252514525168,2.241999215244821,2.0
455.0_cb2_s10,Adalimumab,mAb_IgG1,3.0,148.0,8.7,0.3,133.38672247433257,25.71118493084925,Histidine,6.3,12.934724915949394,none,0.0,none,0.0,none,0.0,Lysine,101.95771610156359,1.0,1.0,5.464281452459877,5.464281452459488,5.464280717766515,5.016217110836946,2.553640683102543,2.0
458.0_cb2_s11,Adalimumab,mAb_IgG1,3.0,148.0,8.7,0.3,138.78431620095535,25.32522504626807,Histidine,6.3,12.124229924560046,none,0.0,none,0.0,tween-80,0.051051947617722915,Lysine,98.00387874537118,1.0,1.0,5.0589556427353815,4.794375207423491,4.767917101186112,4.765271284470162,4.764979263961999,2.0
460.0_cb2_s12,Adalimumab,mAb_IgG1,3.0,148.0,8.7,0.3,134.50536912945495,25.267252824240277,Histidine,6.3,12.721913856468458,none,0.0,none,0.0,none,0.0,Proline,24.839666187221404,1.0,1.0,4.715053932901454,4.715053747275355,4.604300393387389,4.286097726711048,3.851088390512427,2.0
312.0_cb2_s13,Trastuzumab,mAb_IgG1,3.0,149.0,8.6,0.3,127.09735125117402,24.691373406726537,Histidine,6.2,22.248764210724286,none,0.0,none,0.0,none,0.0,none,0.0,1.0,1.0,4.21942676519541,3.3091631544159723,2.4834367700604627,1.9651285040146675,1.6911934390072942,2.0
314.0_cb2_s14,Trastuzumab,mAb_IgG1,3.0,149.0,8.6,0.3,124.98600995292739,25.334370827796253,Histidine,6.2,22.00873460573731,none,0.0,none,0.0,none,0.0,Arginine,158.7612809520819,1.0,1.0,4.080976564291018,3.3480071402449525,2.550637803448874,2.0089759603548134,1.7453451466979053,2.0
317.0_cb2_s15,Trastuzumab,mAb_IgG1,3.0,149.0,8.6,0.3,124.10742699798348,25.44519158175989,Histidine,6.0,25.28760250805328,none,0.0,Sucrose,0.20200266288552485,none,0.0,Arginine,60.059728424617155,1.0,1.0,3.676098911115165,3.1411758351896473,2.6604238922199688,2.3153909154989,2.0429298660986652,2.0
444.0_cb2_s16,Adalimumab,mAb_IgG1,3.0,148.0,8.7,0.3,133.57970592479754,23.92332854006438,Histidine,6.3,12.774288177938423,none,0.0,none,0.0,none,0.0,none,0.0,1.0,1.0,8.908330736716996,7.818714240301609,5.9495714880835395,3.4928937399420388,0.26222297669691536,2.0
445.0_cb2_s17,Adalimumab,mAb_IgG1,3.0,148.0,8.7,0.3,136.66591606385708,25.341784661600236,Histidine,6.3,12.158511072199866,NaCl,143.39344315908193,none,0.0,none,0.0,none,0.0,1.0,1.0,7.7590460168112,6.976695997924536,6.167188923582268,5.353992495133141,3.689175656473587,2.0
448.0_cb2_s18,Adalimumab,mAb_IgG1,3.0,148.0,8.7,0.3,132.22069692790842,24.323664857078235,Histidine,6.3,12.119410203445527,none,0.0,none,0.0,none,0.0,Arginine,25.55634418749496,1.0,1.0,11.36515719006591,9.447441575728046,7.853314381741325,6.528174485450533,4.366525513420879,2.0
449.0_cb2_s19,Adalimumab,mAb_IgG1,3.0,148.0,8.7,0.3,138.33669137401876,24.922050911031665,Histidine,6.3,12.36292817587735,none,0.0,none,0.0,none,0.0,Arginine,100.32003645170558,1.0,1.0,4.505686379855067,3.757244520118369,3.170481488612816,2.7104713457130374,2.024054696997169,2.0
450.0_cb2_s20,Adalimumab,mAb_IgG1,3.0,148.0,8.7,0.3,133.88364406496714,25.130140253291444,Histidine,6.3,12.259060268447348,NaCl,137.31997743829388,none,0.0,none,0.0,Arginine,100.68757576309977,1.0,1.0,8.573375536542233,6.190629000298976,4.583226995345987,3.498872810416296,2.2053816823860393,2.0
453.0_cb2_s21,Adalimumab,mAb_IgG1,3.0,148.0,8.7,0.3,137.40353571003692,25.517624667361876,Histidine,6.3,12.038453034440478,none,0.0,none,0.0,tween-80,0.04907048913980759,Arginine,97.00694148981984,1.0,1.0,3.2322035386981973,2.9897297884185425,2.786434049535468,2.6264371128997794,2.4165843260776176,2.0
456.0_cb2_s22,Adalimumab,mAb_IgG1,3.0,148.0,8.7,0.3,135.55962178937713,25.034672168518124,Histidine,6.3,12.319565611665686,NaCl,140.4950984419903,none,0.0,none,0.0,Lysine,98.90663983082547,1.0,1.0,5.747320718811629,4.409480488061956,3.38305776445097,2.595562018582684,1.458180277865767,2.0
457.0_cb2_s23,Adalimumab,mAb_IgG1,3.0,148.0,8.7,0.3,137.1907706971273,24.42586835562369,Histidine,6.3,12.704694410938716,none,0.0,Sucrose,0.4123034553473004,none,0.0,Lysine,97.75491038751117,1.0,1.0,7.773823407066016,6.947924988224966,6.164499723192706,5.433472623696113,4.050136069523295,2.0
459.0_cb2_s24,Adalimumab,mAb_IgG1,3.0,148.0,8.7,0.3,136.05487898650597,24.33676393584446,Histidine,6.3,12.761829426655364,none,0.0,none,0.0,none,0.0,Lysine,255.8479499621389,1.0,1.0,2.419675668680466,2.1376501032727324,1.9265059169280554,1.7684285193605782,1.5483612178616202,2.0
161.0_cb3_s1,Adalimumab,mAb_IgG1,3.0,148.0,8.7,0.3,142.82213369138196,28.118394347928774,Histidine,6.3,9.933184553804011,none,0.0,none,0.0,none,0.0,none,0.0,1.0,1.0,5.877581097053917,5.877581097053917,5.535594828544106,4.3928096758623525,2.607803509516379,3.0
162.0_cb3_s2,Adalimumab,mAb_IgG1,3.0,148.0,8.7,0.3,137.97271513784327,27.42769007238058,Acetate,5.4,40.6608377371532,none,0.0,none,0.0,none,0.0,none,0.0,1.0,1.0,4.888890532382662,4.058547508187791,3.2362844347778164,2.5026356004730923,1.458165456014886,3.0
171.0_cb3_s3,Bevacizumab,mAb_IgG1,3.0,149.0,8.3,0.3,148.013946791316,27.22336387619676,Acetate,5.4,40.210789772264846,none,0.0,none,0.0,none,0.0,none,0.0,1.0,1.0,3.059381013287937,3.059381013287937,3.059380743470827,2.443880583297769,1.6616968329987263,3.0
172.0_cb3_s4,Bevacizumab,mAb_IgG1,3.0,149.0,8.3,0.3,133.7374435936132,27.46305194047285,Histidine,6.3,10.842532802395635,none,0.0,none,0.0,none,0.0,none,0.0,1.0,1.0,3.2585104034199026,3.2585101728829686,2.935503377389766,2.3114771197902826,1.4142262742399159,3.0
218.0_cb3_s5,Bevacizumab,mAb_IgG1,3.0,149.0,8.3,0.3,252.36001135459634,27.541775397353845,PBS,7.4,10.148536483671943,NaCl,141.35029706750584,none,0.0,none,0.0,none,0.0,1.0,1.0,13.531320544119357,13.531320185818885,12.368167749549738,6.896775888049129,4.005114566654063,3.0
303.0_cb3_s6,Trastuzumab,mAb_IgG1,3.0,149.0,8.6,0.3,159.14565303742677,24.89534309021032,Histidine,6.4,10.725325390030862,none,0.0,none,0.0,none,0.0,none,0.0,1.0,1.0,4.277016953946993,4.272305456751842,4.171752135269672,3.496645842195595,1.8347993892660241,3.0
630.0_cb3_s7,Adalimumab,mAb_IgG1,3.0,148.0,8.7,0.3,205.04883053975956,26.088861286730296,Histidine,6.1,13.138576434074723,NaCl,77.05323630700805,Sucrose,0.19757655671696445,tween-80,0.0517193779062073,none,0.0,1.0,1.0,36.51556434424429,36.51556434424429,36.51556434424423,36.515563788726695,6.781239924768094,3.0
631.0_cb3_s8,Adalimumab,mAb_IgG1,3.0,148.0,8.7,0.3,205.81290578211917,25.33619171872235,Histidine,6.1,12.981688247826634,NaCl,75.97896662593676,Sucrose,0.1972410889037433,tween-80,0.04950687717760023,none,0.0,1.0,1.0,48.98635638378557,48.986356383777384,48.98634906766316,44.62656999129525,7.980781073610521,3.0
229.0_cb3_s9,Adalimumab,mAb_IgG1,3.0,148.0,8.7,0.3,271.2205859249161,27.687028212012887,PBS,7.4,10.114122599443906,NaCl,142.710917049492,none,0.0,none,0.0,none,0.0,1.0,1.0,47.917049349920845,46.14781673786851,35.071162921595146,20.88773187027596,6.2099874886014295,3.0
302.0_cb3_s10,Trastuzumab,mAb_IgG1,3.0,149.0,8.6,0.3,150.65935796736613,24.324462816895988,Acetate,5.4,41.86268615720053,none,0.0,none,0.0,none,0.0,none,0.0,1.0,1.0,6.930429318231967,6.166813001978985,5.026747306043705,4.097446778740116,2.626235058247283,3.0
161.0_cb3_s11,Adalimumab,mAb_IgG1,3.0,148.0,8.7,0.3,143.93773543909577,27.54724115346133,Histidine,6.3,9.556139925450493,none,0.0,none,0.0,none,0.0,none,0.0,1.0,1.0,6.073286462087478,6.073286462087478,6.073286462087478,4.239925018399438,2.5253677579929263,3.0
162.0_cb3_s12,Adalimumab,mAb_IgG1,3.0,148.0,8.7,0.3,138.12838747244072,28.00699082608749,Acetate,5.4,40.386150309767366,none,0.0,none,0.0,none,0.0,none,0.0,1.0,1.0,5.301533444624495,4.460748379396184,3.5823269610264963,2.7620148592360922,1.5428521664211583,3.0
171.0_cb3_s13,Bevacizumab,mAb_IgG1,3.0,149.0,8.3,0.3,143.2949671004539,27.805531955488238,Acetate,5.4,39.265050790811124,none,0.0,none,0.0,none,0.0,none,0.0,1.0,1.0,3.1390688772383513,3.1390688772383513,3.139068149724421,2.5560640871708538,1.7818486821027528,3.0
172.0_cb3_s14,Bevacizumab,mAb_IgG1,3.0,149.0,8.3,0.3,136.1494207819196,27.109731079887958,Histidine,6.3,10.723128919651426,none,0.0,none,0.0,none,0.0,none,0.0,1.0,1.0,3.189557239274743,3.1895570274891654,2.834180645468594,2.193858119413666,1.3013416693612843,3.0
218.0_cb3_s15,Bevacizumab,mAb_IgG1,3.0,149.0,8.3,0.3,247.1761299791453,28.06176081248617,PBS,7.4,10.417688554573985,NaCl,135.55924672573371,none,0.0,none,0.0,none,0.0,1.0,1.0,13.173670843577975,13.173670198335227,11.647330410172444,6.284726462312666,3.7208593937916596,3.0
303.0_cb3_s16,Trastuzumab,mAb_IgG1,3.0,149.0,8.6,0.3,148.723752099487,25.00168775329858,Histidine,6.4,10.56884244629705,none,0.0,none,0.0,none,0.0,none,0.0,1.0,1.0,4.191448183436991,4.187300287885954,4.099392979004861,3.5004887847558295,1.9581209927748697,3.0
630.0_cb3_s17,Adalimumab,mAb_IgG1,3.0,148.0,8.7,0.3,202.31117315186435,25.145076550512204,Histidine,6.1,13.231129843406638,NaCl,76.98972708757196,Sucrose,0.20343380446662668,tween-80,0.04976537943004259,none,0.0,1.0,1.0,35.04295910224123,35.04295910224123,35.042959102240964,35.042957772138834,6.413044709335381,3.0
631.0_cb3_s18,Adalimumab,mAb_IgG1,3.0,148.0,8.7,0.3,201.41869585381045,26.06489029542254,Histidine,6.1,13.769151868835767,NaCl,76.426567334825,Sucrose,0.20703448193678053,tween-80,0.05037210547260687,none,0.0,1.0,1.0,46.27635985995044,46.27635985993332,46.27634923197015,41.94712038465529,7.800355160724873,3.0
229.0_cb3_s19,Adalimumab,mAb_IgG1,3.0,148.0,8.7,0.3,259.95521998084257,27.38836064943239,PBS,7.4,9.83999228712047,NaCl,139.822131191077,none,0.0,none,0.0,none,0.0,1.0,1.0,46.482711963765865,44.83651788638482,33.71152274600991,19.663339107136665,5.6155805414875966,3.0
302.0_cb3_s20,Trastuzumab,mAb_IgG1,3.0,149.0,8.6,0.3,140.39414535808527,24.69664985261735,Acetate,5.4,43.18170397536035,none,0.0,none,0.0,none,0.0,none,0.0,1.0,1.0,7.25986349069747,5.999892561193259,4.33123745345318,3.126658983407226,1.5384917254241777,3.0
161.0_cb3_s21,Adalimumab,mAb_IgG1,3.0,148.0,8.7,0.3,139.59755335500157,27.156610035657724,Histidine,6.3,9.96309492846883,none,0.0,none,0.0,none,0.0,none,0.0,1.0,1.0,6.277518830234677,5.806954137238053,5.448229467969557,4.414195067154461,2.4667575654650946,3.0
162.0_cb3_s22,Adalimumab,mAb_IgG1,3.0,148.0,8.7,0.3,135.837233836219,27.389179656328864,Acetate,5.4,39.99478294781643,none,0.0,none,0.0,none,0.0,none,0.0,1.0,1.0,4.989594579801236,4.17230084221743,3.3400985520288953,2.5787177126230256,1.4638560757110977,3.0
171.0_cb3_s23,Bevacizumab,mAb_IgG1,3.0,149.0,8.3,0.3,150.25100118066857,27.8874785969036,Acetate,5.4,40.63124534990042,none,0.0,none,0.0,none,0.0,none,0.0,1.0,1.0,3.1556879683300942,3.1556879683300942,3.155687759939374,2.6026867250726236,1.7884009121870375,3.0
172.0_cb3_s24,Bevacizumab,mAb_IgG1,3.0,149.0,8.3,0.3,137.89829690130614,27.256325788379336,Histidine,6.3,10.894511547172167,none,0.0,none,0.0,none,0.0,none,0.0,1.0,1.0,3.2381228850310384,3.2381227305536835,3.082415450929872,2.7613196568288325,2.184651053782295,3.0
218.0_cb3_s25,Bevacizumab,mAb_IgG1,3.0,149.0,8.3,0.3,255.35771576117443,27.60484957519576,PBS,7.4,10.188262116153497,NaCl,137.1089330701229,none,0.0,none,0.0,none,0.0,1.0,1.0,13.377977981602454,13.377977593355068,12.197962643209157,6.915388031984988,3.954660064506479,3.0
303.0_cb3_s26,Trastuzumab,mAb_IgG1,3.0,149.0,8.6,0.3,153.57855226274492,24.60761904593615,Histidine,6.4,10.422193299296094,none,0.0,none,0.0,none,0.0,none,0.0,1.0,1.0,4.49494966123493,4.489495613649683,4.373612709537882,3.5897511706271614,1.725437742862605,3.0
630.0_cb3_s27,Adalimumab,mAb_IgG1,3.0,148.0,8.7,0.3,208.10446340473368,25.87454558013482,Histidine,6.1,13.322384670459924,NaCl,77.29887834514126,Sucrose,0.19563226439841874,tween-80,0.05089024750083651,none,0.0,1.0,1.0,32.659710421917225,32.659710421917225,32.65971042191695,32.65970900573005,6.22754328149675,3.0
631.0_cb3_s28,Adalimumab,mAb_IgG1,3.0,148.0,8.7,0.3,202.0928062225963,25.557931876707592,Histidine,6.1,13.130872792255733,NaCl,77.28922480325333,Sucrose,0.19506990674092597,tween-80,0.050552299937679526,none,0.0,1.0,1.0,46.46162485243363,46.461624852404135,46.46161180048874,42.498334404023545,8.27890931203766,3.0
229.0_cb3_s29,Adalimumab,mAb_IgG1,3.0,148.0,8.7,0.3,261.6143179870331,26.42055586958008,PBS,7.4,10.06993000945994,NaCl,135.61855224018623,none,0.0,none,0.0,none,0.0,1.0,1.0,46.79804213701565,45.10098336329407,34.083966905203134,20.022918674613074,5.777610728433472,3.0
302.0_cb3_s30,Trastuzumab,mAb_IgG1,3.0,149.0,8.6,0.3,149.1516998706076,25.167529014542055,Acetate,5.4,43.271894123177184,none,0.0,none,0.0,none,0.0,none,0.0,1.0,1.0,7.020019054362404,5.554638645049771,3.745778950157697,2.525971735688758,1.0716911951533878,3.0
161.0_cb3_s31,Adalimumab,mAb_IgG1,3.0,148.0,8.7,0.3,142.3019298452918,27.4783809918048,Histidine,6.3,9.973100643119654,none,0.0,none,0.0,none,0.0,none,0.0,1.0,1.0,6.069763878202653,5.534456808536112,5.534456808536112,4.412723017713966,2.4238182662013648,3.0
162.0_cb3_s32,Adalimumab,mAb_IgG1,3.0,148.0,8.7,0.3,142.69443462830844,27.712744686379065,Acetate,5.4,40.872784340148776,none,0.0,none,0.0,none,0.0,none,0.0,1.0,1.0,4.731660237567462,3.937612328089147,3.1630917364386177,2.4795677503822047,1.5111609967810054,3.0
171.0_cb3_s33,Bevacizumab,mAb_IgG1,3.0,149.0,8.3,0.3,146.06979688639208,27.306722170357446,Acetate,5.4,41.25073068706569,none,0.0,none,0.0,none,0.0,none,0.0,1.0,1.0,3.287141245304247,3.287141245304247,3.2871410408563984,2.6720653667244023,1.8087768021381538,3.0
172.0_cb3_s34,Bevacizumab,mAb_IgG1,3.0,149.0,8.3,0.3,130.28792789918757,27.844029409257068,Histidine,6.3,11.194750926257578,none,0.0,none,0.0,none,0.0,none,0.0,1.0,1.0,3.150694344765737,3.1506940550953333,2.922146062559147,2.4733689434677424,1.7441677067243497,3.0
218.0_cb3_s35,Bevacizumab,mAb_IgG1,3.0,149.0,8.3,0.3,257.408317012313,28.579422954791937,PBS,7.4,10.000739134369569,NaCl,142.8320964991434,none,0.0,none,0.0,none,0.0,1.0,1.0,13.024361024514187,13.024360163769993,11.585568508307038,6.3302491063712285,3.7735566195948644,3.0
303.0_cb3_s36,Trastuzumab,mAb_IgG1,3.0,149.0,8.6,0.3,158.76744590094748,24.560092823248972,Histidine,6.4,10.917282833456882,none,0.0,none,0.0,none,0.0,none,0.0,1.0,1.0,4.620843763779457,4.61850131725193,4.556390093388262,4.053327110128752,2.6243865533331214,3.0
630.0_cb3_s37,Adalimumab,mAb_IgG1,3.0,148.0,8.7,0.3,207.70924586149104,25.586905816311088,Histidine,6.1,13.511748960533735,NaCl,76.84837206206814,Sucrose,0.1898817596892228,tween-80,0.0497033925409302,none,0.0,1.0,1.0,33.55435666114707,33.55435666114707,33.55435666114705,33.554356263617436,6.306639522437753,3.0
631.0_cb3_s38,Adalimumab,mAb_IgG1,3.0,148.0,8.7,0.3,212.48084126788518,25.08741833612501,Histidine,6.1,13.459273817876992,NaCl,75.88759970027525,Sucrose,0.19819336209536154,tween-80,0.05019502498402813,none,0.0,1.0,1.0,46.557976371044944,46.55797637102292,46.557963512872895,41.82425068528495,7.8668556015670195,3.0
229.0_cb3_s39,Adalimumab,mAb_IgG1,3.0,148.0,8.7,0.3,271.7811980002723,27.152632248959065,PBS,7.4,10.050633047607596,NaCl,142.29696323531485,none,0.0,none,0.0,none,0.0,1.0,1.0,44.89437268359993,43.26364704892613,32.467488968561405,18.808074194707082,5.263677720890214,3.0
302.0_cb3_s40,Trastuzumab,mAb_IgG1,3.0,149.0,8.6,0.3,144.8050596611717,24.91161291844211,Acetate,5.4,41.668188262977175,none,0.0,none,0.0,none,0.0,none,0.0,1.0,1.0,6.992941993287904,5.590268345545937,3.796845183244851,2.578773074822175,1.1112420252004074,3.0
274.0_cb0_s1,Ibalizumab,mAb_IgG4,3.5,150.0,6.85,0.3,40.383553214468854,27.980984390772885,Acetate,5.1,22.7011079956498,NaCl,136.63103760491038,none,0.0,none,0.0,none,0.0,1.3,1.1,1.3104030028876241,1.3104030028876241,1.310402887834182,1.1666374954897878,1.0409113568557875,0.0
275.0_cb0_s2,Ibalizumab,mAb_IgG4,3.5,150.0,6.85,0.3,39.63510333802065,27.599784641062683,Acetate,5.1,23.27371355428436,none,0.0,Trehalose,0.4944257694689168,none,0.0,none,0.0,1.3,1.1,1.7824791923354935,1.7824791923354935,1.782479050051645,1.6459273958743208,1.576550784980762,0.0
276.0_cb0_s3,Ibalizumab,mAb_IgG4,3.5,150.0,6.85,0.3,24.107066754032942,27.30220368015115,Acetate,5.1,22.132487229244365,none,0.0,none,0.0,none,0.0,none,0.0,1.3,1.1,0.9086012826099882,0.9086012826099882,0.9086011795940444,0.8214363337279487,0.777791288232156,0.0
277.0_cb0_s4,Ibalizumab,mAb_IgG4,3.5,150.0,6.85,0.3,9.64475073330671,27.45567013788678,Acetate,5.0,19.666777577199696,none,0.0,Sucrose,0.2545769513778008,tween-80,0.024725229862702234,none,0.0,1.3,1.1,1.015570241065877,1.015570241065877,1.0155701098085956,0.9706176008274315,0.9509374529238098,0.0
278.0_cb0_s5,Ibalizumab,mAb_IgG4,3.5,150.0,6.85,0.3,10.162830352423653,27.76513670003446,Acetate,5.0,20.14749325892701,none,0.0,Trehalose,0.25196898649108124,none,0.0,none,0.0,1.3,1.1,1.195796484710277,1.195796484710277,1.1957961292538084,1.0723461045783114,1.0201915925115062,0.0
282.0_cb0_s6,Ibalizumab,mAb_IgG4,3.5,150.0,6.85,0.3,39.958076439538026,28.437258033940523,Histidine,6.0,15.374067514660414,none,0.0,none,0.0,none,0.0,none,0.0,1.3,1.1,1.2154064172977928,1.2154064172977903,1.2153840157899336,1.0671324448420776,1.0312067743772586,0.0
283.0_cb0_s7,Ibalizumab,mAb_IgG4,3.5,150.0,6.85,0.3,30.937733261104917,27.349303804993884,Histidine,6.0,14.926984806187495,none,0.0,none,0.0,tween-20,0.02485008090186256,none,0.0,1.3,1.1,1.0081213333324823,1.0081213333324823,1.0081211127349654,0.9371214438231393,0.9050570974357249,0.0
284.0_cb0_s8,Ibalizumab,mAb_IgG4,3.5,150.0,6.85,0.3,24.241678725289603,28.312313934365047,Histidine,6.0,14.64966613461962,none,0.0,Sucrose,0.25108387781881314,none,0.0,none,0.0,1.3,1.1,1.215620424907685,1.2130259358602036,1.2085408169437801,1.2068935814312998,1.2061652011981174,0.0
285.0_cb0_s9,Ibalizumab,mAb_IgG4,3.5,150.0,6.85,0.3,24.72586560253746,27.95833365147917,Histidine,6.0,14.668541162081244,NaCl,140.61751599563883,none,0.0,none,0.0,none,0.0,1.3,1.1,1.1606199422720076,1.1652324103886016,1.1740651086175673,1.1773004575652715,1.178678183394723,0.0
286.0_cb0_s10,Ibalizumab,mAb_IgG4,3.5,150.0,6.85,0.3,10.03882152619067,27.207832137965823,Histidine,6.0,15.145162995356413,none,0.0,none,0.0,none,0.0,none,0.0,1.3,1.1,0.8288718547004407,0.817349323652105,0.7984719699306201,0.7913413041475765,0.7880301325324632,0.0
289.0_cb0_s11,Ibalizumab,mAb_IgG4,3.5,150.0,6.85,0.3,29.467991446629927,27.794149534990247,PBS,7.4,10.245796100497813,NaCl,138.21553830831937,none,0.0,tween-80,0.10091677340710298,none,0.0,1.3,1.1,1.2860187223002524,1.2860187223002524,1.2860182465058896,1.1831897466128312,1.1427538762302907,0.0
290.0_cb0_s12,Ibalizumab,mAb_IgG4,3.5,150.0,6.85,0.3,29.59933226611867,27.660706000579502,PBS,7.4,9.962534196318725,NaCl,133.7329525466901,Trehalose,0.4787929984736493,tween-80,0.09878626964428566,none,0.0,1.3,1.1,2.22161243984152,2.22161243984152,2.2216121945617644,1.9165320823975374,1.5166888023634917,0.0
291.0_cb0_s13,Ibalizumab,mAb_IgG4,3.5,150.0,6.85,0.3,9.922995637657428,27.71064394160751,PBS,7.4,10.02825142801749,NaCl,134.03441385653983,none,0.0,none,0.0,none,0.0,1.3,1.1,0.990661912007185,0.8547156133318615,0.8547156133318615,0.8547156133318615,0.8547156133318615,0.0
292.0_cb0_s14,Ibalizumab,mAb_IgG4,3.5,150.0,6.85,0.3,20.68987865990444,27.341903864329804,PBS,7.4,10.057465780880602,NaCl,139.87256571315652,none,0.0,tween-20,0.09915152733320393,none,0.0,1.3,1.1,1.0844290027310937,1.0844290027310937,1.0844289882582585,1.018506679879823,0.8702196586471782,0.0
486.0_cb0_s15,Nivolumab,mAb_IgG4,3.5,146.0,8.1,0.3,11.728783358630315,25.518243378132155,PBS,7.4,10.251429843372515,NaCl,138.50106175635457,none,0.0,none,0.0,none,0.0,1.3,1.1,1.4572113465609466,1.4501603465609094,1.3979942200954498,1.2612980635354203,0.9468528871664146,0.0
496.0_cb0_s16,Nivolumab,mAb_IgG4,3.5,146.0,8.1,0.3,25.90870674834041,26.34770049847411,Histidine,6.0,14.528439586466295,none,0.0,none,0.0,none,0.0,none,0.0,1.3,1.1,1.0511837759449816,1.051183675358499,1.0072566934347942,0.9907650282403342,0.9889448316919084,0.0
500.0_cb0_s17,Nivolumab,mAb_IgG4,3.5,146.0,8.1,0.3,25.045876242224185,25.859802908001168,PBS,7.4,9.976754191375608,NaCl,140.60119691287747,none,0.0,none,0.0,none,0.0,1.3,1.1,1.3739137160883663,1.3739137160559167,1.373913674451833,1.3738603564658691,1.0136390875163326,0.0
274.0_cb0_s18,Ibalizumab,mAb_IgG4,3.5,150.0,6.85,0.3,40.7642404465902,27.981825735891388,Acetate,5.1,23.677428510845452,NaCl,138.30885424728615,none,0.0,none,0.0,none,0.0,1.3,1.1,1.3929669502516808,1.3929669502516808,1.392966747362081,1.2220786868374747,1.0810823784708377,0.0
275.0_cb0_s19,Ibalizumab,mAb_IgG4,3.5,150.0,6.85,0.3,40.51238383616066,27.395223291701203,Acetate,5.1,23.149066232981916,none,0.0,Trehalose,0.4885230861018433,none,0.0,none,0.0,1.3,1.1,1.827328959219791,1.827328959219791,1.8273288554840856,1.6246513593869507,1.5214866878486077,0.0
276.0_cb0_s20,Ibalizumab,mAb_IgG4,3.5,150.0,6.85,0.3,25.388703676382256,27.75666904008134,Acetate,5.1,22.66924273995013,none,0.0,none,0.0,none,0.0,none,0.0,1.3,1.1,0.9223518036515687,0.9223518036515685,0.9223516048799747,0.7934208151254762,0.728405394307892,0.0
277.0_cb0_s21,Ibalizumab,mAb_IgG4,3.5,150.0,6.85,0.3,9.778741297517673,27.04651721115978,Acetate,5.0,19.75656411070412,none,0.0,Sucrose,0.24735511145967992,tween-80,0.024471721178619874,none,0.0,1.3,1.1,0.9812478827740453,0.9812478827740453,0.9812477822445788,0.9425075444079609,0.9259583224617723,0.0
278.0_cb0_s22,Ibalizumab,mAb_IgG4,3.5,150.0,6.85,0.3,10.054011471678283,26.448259763519125,Acetate,5.0,19.972546381565813,none,0.0,Trehalose,0.24315842480583594,none,0.0,none,0.0,1.3,1.1,1.2440310504209182,1.2440310504209182,1.2440307347447093,1.0975839320975447,1.0320310183243702,0.0
282.0_cb0_s23,Ibalizumab,mAb_IgG4,3.5,150.0,6.85,0.3,40.43478350293608,27.609895738545294,Histidine,6.0,15.0792060244001,none,0.0,none,0.0,none,0.0,none,0.0,1.3,1.1,1.3669158430368602,1.3669158430368593,1.3668944839673896,1.1279822394106154,1.0684891495480664,0.0
224.0_cb1_s1,Pembrolizumab,mAb_IgG4,3.5,149.0,7.57,0.3,49.877291066404275,27.551354805852156,Acetate,5.1,26.389689988676082,none,0.0,Sucrose,0.10482335335115685,tween-80,0.10303278811050716,none,0.0,1.3,1.1,2.11008595322462,2.058272722118531,2.0166361575582914,1.556723684640042,1.1481015946137672,1.0
228.0_cb1_s2,Pembrolizumab,mAb_IgG4,3.5,149.0,7.57,0.3,60.3093030481713,26.817031683485105,Acetate,5.1,27.180455265312247,none,0.0,Sucrose,0.24922370475587627,tween-80,0.048092192442122615,none,0.0,1.3,1.1,2.932029860823617,2.9320130151647414,2.3385431856283603,1.8123475776594664,1.407899183445118,1.0
270.0_cb1_s3,Ibalizumab,mAb_IgG4,3.5,150.0,6.85,0.3,70.68045080518469,26.6489828060839,Acetate,5.2,25.541345526943537,none,0.0,Sucrose,0.7429331302227318,tween-80,0.04990636381126083,none,0.0,1.3,1.1,3.3375713704422214,2.954532230025696,2.6372947324208837,2.3745549253210028,1.9483631369073593,1.0
271.0_cb1_s4,Ibalizumab,mAb_IgG4,3.5,150.0,6.85,0.3,67.87291549433242,25.942314421039185,Acetate,5.2,24.7744205707955,none,0.0,Trehalose,0.5055174079991092,none,0.0,none,0.0,1.3,1.1,3.6219795689200405,3.327656476772426,2.9391700241885195,2.576149111489357,2.284638807382918,1.0
272.0_cb1_s5,Ibalizumab,mAb_IgG4,3.5,150.0,6.85,0.3,54.57262714729869,27.604733139458784,Acetate,5.1,23.20664061179112,none,0.0,none,0.0,tween-20,0.04949019330680912,none,0.0,1.3,1.1,1.2432145346786883,1.2432145346786876,1.2432024949063551,1.0092846463297662,0.9467497368746376,1.0
273.0_cb1_s6,Ibalizumab,mAb_IgG4,3.5,150.0,6.85,0.3,55.064882643748554,27.745779875441485,Acetate,5.1,22.842427367605428,none,0.0,Trehalose,0.2508523188549829,tween-80,0.024518633717357696,none,0.0,1.3,1.1,1.7026984536435343,1.515941262858078,1.515941262858078,1.4601793816154416,1.1469259138116936,1.0
288.0_cb1_s7,Ibalizumab,mAb_IgG4,3.5,150.0,6.85,0.3,55.78607076970029,26.37253229678239,PBS,7.4,10.23181481299118,NaCl,139.058486731693,none,0.0,tween-80,0.025212744966620116,none,0.0,1.3,1.1,1.6497107966991245,1.6497107966991245,1.6497106522980636,1.4357558828187689,1.231521597842914,1.0
426.0_cb1_s8,Pembrolizumab,mAb_IgG4,3.5,149.0,7.57,0.3,50.70023784432007,24.571613953086604,Histidine,6.1,13.745557995302653,none,0.0,none,0.0,none,0.0,none,0.0,1.3,1.1,1.6907038708737472,1.682251231007698,1.4617177726319028,1.4362750039275891,1.4334668690323793,1.0
494.0_cb1_s9,Nivolumab,mAb_IgG4,3.5,146.0,8.1,0.3,54.89727445521006,25.368558492736476,Histidine,6.1,13.575948313429386,none,0.0,none,0.0,none,0.0,none,0.0,1.3,1.1,1.7343500436054136,1.7214173017251706,1.4330315309985688,1.260935990654255,1.097379506423049,1.0
501.0_cb1_s10,Nivolumab,mAb_IgG4,3.5,146.0,8.1,0.3,49.705282893522366,26.595773540141867,PBS,7.4,10.04046575928456,NaCl,144.56919931744952,none,0.0,none,0.0,none,0.0,1.3,1.1,1.534677700449566,1.5346575851896191,1.3543353764768842,1.3135709979504202,1.3090718069876655,1.0
280.0_cb1_s11,Ibalizumab,mAb_IgG4,3.5,150.0,6.85,0.3,74.62720707288833,28.16029241216063,Histidine,6.1,14.239862203036845,none,0.0,Sucrose,0.48032930296412846,tween-80,0.0244414067691465,none,0.0,1.3,1.1,2.430343126192358,2.1180677059245188,1.800275911780437,1.6709487676584076,1.6011480113796002,1.0
281.0_cb1_s12,Ibalizumab,mAb_IgG4,3.5,150.0,6.85,0.3,55.15794673015568,26.500111426037066,Histidine,6.0,15.227913688645252,none,0.0,Sucrose,0.49905541285557997,none,0.0,none,0.0,1.3,1.1,2.2152940056209074,1.9616707623561056,1.5663266321389402,1.2918272538115116,1.2010875340564504,1.0
422.0_cb1_s13,Pembrolizumab,mAb_IgG4,3.5,149.0,7.57,0.3,73.8083144746421,25.289928642647563,Histidine,6.1,13.506311436371465,none,0.0,none,0.0,none,0.0,none,0.0,1.3,1.1,5.002993445704425,4.364594178716111,3.4765444357138766,2.4702956488710957,1.0321458685831435,1.0
487.0_cb1_s14,Nivolumab,mAb_IgG4,3.5,146.0,8.1,0.3,51.62926996361583,25.539057107143716,PBS,7.4,10.090120682572508,NaCl,134.76451424930994,none,0.0,none,0.0,Arginine,4.883821615608764,1.3,1.1,2.9846897405943995,2.8433078836815993,2.644927674831613,2.4954052115647474,2.2851400415100196,1.0
489.0_cb1_s15,Nivolumab,mAb_IgG4,3.5,146.0,8.1,0.3,68.73190859786965,25.64638378671752,PBS,7.4,10.209741425283312,NaCl,144.6351399166472,none,0.0,none,0.0,Arginine,24.75821925807673,1.3,1.1,2.5499379889107736,2.4559862657023177,2.3761858144448316,2.3108715097927535,2.20682265473062,1.0
224.0_cb1_s16,Pembrolizumab,mAb_IgG4,3.5,149.0,7.57,0.3,48.09064391249271,28.22506627866897,Acetate,5.1,27.039247483137842,none,0.0,Sucrose,0.09917701371087564,tween-80,0.09982153169155711,none,0.0,1.3,1.1,1.9346826548669582,1.9346826548669582,1.9346826548669582,1.6692498186097586,1.2415788591713206,1.0
228.0_cb1_s17,Pembrolizumab,mAb_IgG4,3.5,149.0,7.57,0.3,61.14185972468886,26.938360648341835,Acetate,5.1,27.255674825479023,none,0.0,Sucrose,0.24866179454550602,tween-80,0.0508467707752165,none,0.0,1.3,1.1,2.8767606053191304,2.87673981152688,2.2740320152435336,1.7542540500444266,1.3449597794791133,1.0
270.0_cb1_s18,Ibalizumab,mAb_IgG4,3.5,150.0,6.85,0.3,69.00932374724916,27.108304374703177,Acetate,5.2,24.944667315721336,none,0.0,Sucrose,0.7365503665902718,tween-80,0.050841983695452134,none,0.0,1.3,1.1,3.69416781045822,3.5219658503805604,3.3612765625621046,3.2113302599784523,2.9187710260238706,1.0
271.0_cb1_s19,Ibalizumab,mAb_IgG4,3.5,150.0,6.85,0.3,68.2676027064884,27.560174659508135,Acetate,5.2,25.664320414124113,none,0.0,Trehalose,0.5031318447386498,none,0.0,none,0.0,1.3,1.1,3.4257090979433826,3.1405306496881655,2.77201112294937,2.434699744624517,2.168594268762785,1.0
272.0_cb1_s20,Ibalizumab,mAb_IgG4,3.5,150.0,6.85,0.3,53.07298831257311,27.285541961392305,Acetate,5.1,23.07270460536326,none,0.0,none,0.0,tween-20,0.049903376329985115,none,0.0,1.3,1.1,1.178170722273622,1.1781707222736197,1.1781575605287842,1.0164042444602535,0.9730806046402821,1.0
273.0_cb1_s21,Ibalizumab,mAb_IgG4,3.5,150.0,6.85,0.3,53.8975612791806,27.086160619455832,Acetate,5.1,22.32527881231679,none,0.0,Trehalose,0.2474929892655718,tween-80,0.025487656229238993,none,0.0,1.3,1.1,1.6677447524416869,1.6275487286315498,1.6275487286315498,1.3458398981946575,1.2436603953021712,1.0
288.0_cb1_s22,Ibalizumab,mAb_IgG4,3.5,150.0,6.85,0.3,54.14178095797079,28.231816197221473,PBS,7.4,9.760642270714738,NaCl,142.5023535302895,none,0.0,tween-80,0.025446476935054387,none,0.0,1.3,1.1,1.6856783180703159,1.6856783180703157,1.6856781084328776,1.4574274081318606,1.2448848241457438,1.0
426.0_cb1_s23,Pembrolizumab,mAb_IgG4,3.5,149.0,7.57,0.3,47.49566055741829,24.059994983046117,Histidine,6.1,14.09813394402345,none,0.0,none,0.0,none,0.0,none,0.0,1.3,1.1,1.721666453638042,1.7114528416214678,1.5023986355190837,1.4791728211311692,1.476609372922827,1.0
494.0_cb1_s24,Nivolumab,mAb_IgG4,3.5,146.0,8.1,0.3,55.24451884138094,26.295802389067106,Histidine,6.1,13.733351413393136,none,0.0,none,0.0,none,0.0,none,0.0,1.3,1.1,1.6263962674978611,1.6148655133501464,1.3940606506242368,1.2577741296054912,1.1205921893591624,1.0
501.0_cb1_s25,Nivolumab,mAb_IgG4,3.5,146.0,8.1,0.3,52.207163540227725,25.11401577782159,PBS,7.4,10.333444822310227,NaCl,144.2650681407943,none,0.0,none,0.0,none,0.0,1.3,1.1,1.489141684486817,1.4891150286749903,1.2685175882095678,1.2201217794009191,1.214780302541112,1.0
225.0_cb2_s1,Pembrolizumab,mAb_IgG4,3.5,149.0,7.57,0.3,101.44295864751469,26.92242259321882,Acetate,5.3,32.48479689557599,none,0.0,none,0.0,none,0.0,none,0.0,1.3,1.1,3.239914152642731,3.1921502063670184,2.4521378369584137,1.9790635684387414,1.4733265544181129,2.0
269.0_cb2_s2,Ibalizumab,mAb_IgG4,3.5,150.0,6.85,0.3,102.49923781059334,27.92864195214793,Acetate,5.2,26.978929459536126,none,0.0,none,0.0,none,0.0,none,0.0,1.3,1.1,3.164992991311316,3.1649929913113155,3.1649925093065585,2.5968447434866047,1.8363198492268786,2.0
279.0_cb2_s3,Ibalizumab,mAb_IgG4,3.5,150.0,6.85,0.3,100.37895964244217,28.05409418525736,Histidine,6.1,13.551131498295362,none,0.0,Trehalose,0.2509235523739054,tween-80,0.05093791553751066,none,0.0,1.3,1.1,2.9031413695266073,2.9031413695266073,2.903139921878991,2.4841634688855136,2.3295613164955893,2.0
287.0_cb2_s4,Ibalizumab,mAb_IgG4,3.5,150.0,6.85,0.3,81.23507224773869,27.742718933434585,PBS,7.4,9.853368760578,NaCl,140.64118989888613,Sucrose,0.48142098548601714,tween-80,0.10120649500114279,none,0.0,1.3,1.1,2.1214218155990503,2.1578275908925892,2.2505323021958437,2.2859014699594864,2.3010640641106925,2.0
432.0_cb2_s5,Pembrolizumab,mAb_IgG4,3.5,149.0,7.57,0.3,97.25548469341064,24.643889618175475,Histidine,6.1,13.103804062765398,none,0.0,none,0.0,none,0.0,Arginine,257.1816770285299,1.3,1.1,6.250854294087105,5.955065066803696,5.64648737283036,5.3692514958108575,5.015786169759299,2.0
488.0_cb2_s6,Nivolumab,mAb_IgG4,3.5,146.0,8.1,0.3,85.18359659580055,25.228893267560487,Histidine,6.1,13.596425835669008,none,0.0,none,0.0,none,0.0,Arginine,25.115722961262787,1.3,1.1,3.0183029649251933,3.0083991131170893,2.860075864884602,2.7031178163200402,2.390682876046178,2.0
499.0_cb2_s7,Nivolumab,mAb_IgG4,3.5,146.0,8.1,0.3,97.18577728088383,26.550763928171545,PBS,7.4,10.23403974183932,NaCl,140.3760301922938,none,0.0,none,0.0,none,0.0,1.3,1.1,2.429721990381774,2.4228326901917248,2.3518623263466556,2.1597149470289683,1.72938021262016,2.0
226.0_cb2_s8,Pembrolizumab,mAb_IgG4,3.5,149.0,7.57,0.3,81.4023290328047,26.641178727656975,Acetate,5.2,29.87198350048882,none,0.0,Sucrose,0.4966987990603355,tween-80,0.09957666603613766,none,0.0,1.3,1.1,3.9186734900802955,3.7748107984542356,3.034390025045453,2.4244171474933323,1.7646106775182018,2.0
227.0_cb2_s9,Pembrolizumab,mAb_IgG4,3.5,149.0,7.57,0.3,100.67604696220343,26.83613809367853,Acetate,5.3,31.311800068448488,NaCl,144.69390047618296,none,0.0,none,0.0,none,0.0,1.3,1.1,7.531921958838578,4.597128266240401,3.045478782670398,2.2251091179798195,1.5347433204209266,2.0
427.0_cb2_s10,Pembrolizumab,mAb_IgG4,3.5,149.0,7.57,0.3,80.3465999606474,24.48712365817986,Histidine,6.1,13.592818491980413,none,0.0,none,0.0,none,0.0,none,0.0,1.3,1.1,5.584793120211406,5.455670931597343,4.916208733300662,3.877375333469609,2.2785233232054103,2.0
428.0_cb2_s11,Pembrolizumab,mAb_IgG4,3.5,149.0,7.57,0.3,78.10900139932671,25.224736956416155,Histidine,6.1,13.854888515176873,NaCl,137.1586734190796,none,0.0,none,0.0,none,0.0,1.3,1.1,4.529537325332923,3.7542164206445765,3.009768280721021,2.32828304446045,1.1698866384650128,2.0
429.0_cb2_s12,Pembrolizumab,mAb_IgG4,3.5,149.0,7.57,0.3,83.7120651552276,25.098065729511955,Histidine,6.1,13.059517834930226,none,0.0,Sucrose,0.3876083157995722,none,0.0,none,0.0,1.3,1.1,7.0478131554312125,5.998121718350714,5.104769865279366,4.344472608949352,3.058620465255172,2.0
430.0_cb2_s13,Pembrolizumab,mAb_IgG4,3.5,149.0,7.57,0.3,78.25253818765106,25.41737566316244,Histidine,6.1,13.543063251288567,none,0.0,none,0.0,tween-80,0.048454270213309274,none,0.0,1.3,1.1,4.487001997552372,3.6885572989883006,2.9689954961803173,2.341863012879494,1.3113463077611467,2.0
431.0_cb2_s14,Pembrolizumab,mAb_IgG4,3.5,149.0,7.57,0.3,79.76164910437232,25.2513922134476,Histidine,6.1,13.777831978898574,NaCl,141.97702095868237,Sucrose,0.39805854978550376,none,0.0,none,0.0,1.3,1.1,3.6198826437431144,3.095316125480344,2.7254971398059924,2.464775059586642,2.132893520791168,2.0
433.0_cb2_s15,Pembrolizumab,mAb_IgG4,3.5,149.0,7.57,0.3,82.54493131618857,25.33946564502964,Histidine,6.1,13.263559199808306,NaCl,138.54569015888686,Sucrose,0.3972727369812314,none,0.0,Arginine,252.1415834618762,1.3,1.1,6.985622130448706,6.125474203143739,5.278122507645842,4.469596953920326,2.9412131595830666,2.0
434.0_cb2_s16,Pembrolizumab,mAb_IgG4,3.5,149.0,7.57,0.3,80.73306898366192,24.510139387641598,Histidine,6.1,12.993213580747273,none,0.0,Sucrose,0.38650124522311435,none,0.0,Proline,72.30916125319817,1.3,1.1,3.8863319572966506,3.026804901865484,2.3065148914490066,1.7224239455011114,0.8587007517363219,2.0
435.0_cb2_s17,Pembrolizumab,mAb_IgG4,3.5,149.0,7.57,0.3,80.64077021841013,25.065532593107925,Histidine,6.1,13.279400039446886,none,0.0,Sucrose,0.3904376498912061,none,0.0,Proline,257.25463774139604,1.3,1.1,4.425092418661157,3.4410060218461,2.7869340198012402,2.3522058116358746,1.8448018268088668,2.0
436.0_cb2_s18,Pembrolizumab,mAb_IgG4,3.5,149.0,7.57,0.3,80.80954488552939,24.635863898796693,Histidine,6.1,13.875904914036557,NaCl,143.33353606416208,Sucrose,0.4017005922450578,none,0.0,Proline,255.13493131659865,1.3,1.1,5.727862426982709,4.490037928696907,3.4531246432328353,2.6096261229373368,1.3472926050803395,2.0
437.0_cb2_s19,Pembrolizumab,mAb_IgG4,3.5,149.0,7.57,0.3,99.27533958933375,24.211501758904504,Histidine,6.0,12.594476942348585,NaCl,139.79287598193574,Sucrose,0.3993946751653934,none,0.0,Proline,259.86271088394903,1.3,1.1,5.5059584338689564,4.6634017706667485,3.9747136768889524,3.4117945911288388,2.516861156299042,2.0
225.0_cb2_s20,Pembrolizumab,mAb_IgG4,3.5,149.0,7.57,0.3,100.98285890544041,27.813368196459255,Acetate,5.3,32.12510830819411,none,0.0,none,0.0,none,0.0,none,0.0,1.3,1.1,3.038151756265043,2.9708579447231593,2.312100647862563,1.8889975037852693,1.424326456162774,2.0
269.0_cb2_s21,Ibalizumab,mAb_IgG4,3.5,150.0,6.85,0.3,99.55505020644347,28.625774207645755,Acetate,5.2,26.635535629853102,none,0.0,none,0.0,none,0.0,none,0.0,1.3,1.1,3.030985408604334,3.030985408604334,3.030985311949797,2.5586715620308786,1.824297100894251,2.0
266.0_cb3_s1,Ibalizumab,mAb_IgG4,3.5,150.0,6.85,0.3,152.52220344638863,27.614291379044325,PBS,7.4,9.741474930569547,NaCl,138.50992802324387,Sucrose,0.7408896835018168,none,0.0,none,0.0,1.3,1.1,7.637891342186615,7.365517864614839,6.7632794440965425,5.937521357227093,5.255063235251947,3.0
267.0_cb3_s2,Ibalizumab,mAb_IgG4,3.5,150.0,6.85,0.3,150.7577065379899,28.26149262617665,Acetate,5.3,30.2665189963744,none,0.0,none,0.0,tween-80,0.07665198443660363,none,0.0,1.3,1.1,2.4394975696153574,2.4394975695982497,2.414436429253637,2.241666054218737,2.2217311379734586,3.0
268.0_cb3_s3,Ibalizumab,mAb_IgG4,3.5,150.0,6.85,0.3,152.66711136683966,27.81555943155243,Histidine,6.2,12.960503025200802,none,0.0,Trehalose,0.24355846191268232,none,0.0,none,0.0,1.3,1.1,3.559127304978782,3.559127304978782,3.559127040294774,3.2217307633930745,2.8096336103362116,3.0
490.0_cb3_s4,Nivolumab,mAb_IgG4,3.5,146.0,8.1,0.3,120.65505788942971,25.543480751101267,Histidine,6.2,13.270338651979978,none,0.0,none,0.0,none,0.0,Lysine,122.9875837978686,1.3,1.1,3.321834966671657,3.285746543594299,3.18147925085904,3.0003598137175125,2.548587684063034,3.0
495.0_cb3_s5,Nivolumab,mAb_IgG4,3.5,146.0,8.1,0.3,120.63211736609256,23.03632781111289,Histidine,6.2,13.846090558517444,none,0.0,none,0.0,none,0.0,none,0.0,1.3,1.1,2.879659537457786,2.774638056451262,2.5066646902487877,1.9536753035651016,0.6469012265526949,3.0
423.0_cb3_s6,Pembrolizumab,mAb_IgG4,3.5,149.0,7.57,0.3,155.69186608431934,25.07834686412326,Histidine,6.2,11.939506170739369,none,0.0,none,0.0,none,0.0,none,0.0,1.3,1.1,30.92064085090625,27.442324733070176,24.004076516246947,20.69517434189641,14.290202646267026,3.0
424.0_cb3_s7,Pembrolizumab,mAb_IgG4,3.5,149.0,7.57,0.3,134.4096361509254,24.954300221245443,Histidine,6.2,12.679456861542173,none,0.0,none,0.0,none,0.0,none,0.0,1.3,1.1,15.19664945941401,10.001126682406566,5.741781145531213,2.8076325868944103,0.31796835199325735,3.0
438.0_cb3_s8,Pembrolizumab,mAb_IgG4,3.5,149.0,7.57,0.3,129.31475325703113,25.57679517165846,Histidine,6.2,12.332723855343083,none,0.0,Sucrose,0.39758255530413905,tween-80,0.0473968629121727,none,0.0,1.3,1.1,5.698346662540832,5.005068107902302,4.340975726962305,3.7802188644940284,3.080799504850707,3.0
439.0_cb3_s9,Pembrolizumab,mAb_IgG4,3.5,149.0,7.57,0.3,136.7953033382147,24.53771794281095,Histidine,6.2,11.616576199297096,NaCl,139.08435151069264,none,0.0,none,0.0,none,0.0,1.3,1.1,5.635096646062281,4.599913045763336,3.621687365962771,2.84510108828381,2.055548507457758,3.0
440.0_cb3_s10,Pembrolizumab,mAb_IgG4,3.5,149.0,7.57,0.3,137.2018527605995,24.975955746334613,Histidine,6.2,11.95604388694721,none,0.0,none,0.0,none,0.0,Arginine,24.821663432910064,1.3,1.1,11.71570937723284,10.036418365615274,8.416324303628176,6.907081415518772,4.180027139776271,3.0
441.0_cb3_s11,Pembrolizumab,mAb_IgG4,3.5,149.0,7.57,0.3,131.29434302071294,25.161487251808833,Histidine,6.2,11.985359046754708,none,0.0,none,0.0,none,0.0,Arginine,101.00048093887315,1.3,1.1,5.8422831434398494,5.4010202929060975,4.79387687881243,4.152052809168294,3.4547993601166285,3.0
442.0_cb3_s12,Pembrolizumab,mAb_IgG4,3.5,149.0,7.57,0.3,136.1738791743036,25.23771534126331,Histidine,6.2,11.809066303694188,NaCl,141.18830302601083,none,0.0,none,0.0,Arginine,102.55903733952032,1.3,1.1,2.581042719481494,2.0904743129238743,1.6836817479119066,1.3498052491999915,0.8244452854125919,3.0
491.0_cb3_s13,Nivolumab,mAb_IgG4,3.5,146.0,8.1,0.3,146.27792518115953,25.08686047428667,Histidine,6.2,12.948536190463983,none,0.0,none,0.0,none,0.0,Lysine,26.033953169081776,1.3,1.1,2.651127225226485,2.5358820322435816,2.263419285001706,2.03545569331696,1.6598776091454166,3.0
266.0_cb3_s14,Ibalizumab,mAb_IgG4,3.5,150.0,6.85,0.3,146.28284189242007,28.652713925995037,PBS,7.4,10.31888847834984,NaCl,141.90105156573424,Sucrose,0.7378139647659387,none,0.0,none,0.0,1.3,1.1,7.3316815146186665,7.084243540758342,6.475366095278735,5.565833736456192,4.804306973655694,3.0
267.0_cb3_s15,Ibalizumab,mAb_IgG4,3.5,150.0,6.85,0.3,146.7678717690457,28.257073047510744,Acetate,5.3,30.18787928400789,none,0.0,none,0.0,tween-80,0.07603059869378838,none,0.0,1.3,1.1,2.441565568235723,2.441565568233634,2.413632986243781,2.206894779819645,2.1831800715634335,3.0
268.0_cb3_s16,Ibalizumab,mAb_IgG4,3.5,150.0,6.85,0.3,151.04012993281475,28.881356103371434,Histidine,6.2,12.810539319961471,none,0.0,Trehalose,0.24983859694475266,none,0.0,none,0.0,1.3,1.1,3.6644268386409493,3.664426838640949,3.6644264342227593,3.1764019460621578,2.61392082774729,3.0
490.0_cb3_s17,Nivolumab,mAb_IgG4,3.5,146.0,8.1,0.3,117.19890173470209,24.995108932637212,Histidine,6.2,13.617761530656654,none,0.0,none,0.0,none,0.0,Lysine,127.39596454960511,1.3,1.1,3.3386656826433727,3.257240865383632,3.0406621022504976,2.6906174972559334,1.9114276676240547,3.0
495.0_cb3_s18,Nivolumab,mAb_IgG4,3.5,146.0,8.1,0.3,121.2741434298678,25.112084841658092,Histidine,6.2,13.385329003098095,none,0.0,none,0.0,none,0.0,none,0.0,1.3,1.1,2.9309438969334094,2.840678279393108,2.595286212108197,2.0524748482881905,0.6698167757438381,3.0
423.0_cb3_s19,Pembrolizumab,mAb_IgG4,3.5,149.0,7.57,0.3,147.55387311505163,24.466882534050388,Histidine,6.2,12.197196508305966,none,0.0,none,0.0,none,0.0,none,0.0,1.3,1.1,21.674182165397223,18.084730244453283,14.757201239033973,11.77778892977292,6.703341613264202,3.0
424.0_cb3_s20,Pembrolizumab,mAb_IgG4,3.5,149.0,7.57,0.3,133.12162383156794,24.540936508291715,Histidine,6.2,13.014854337636157,none,0.0,none,0.0,none,0.0,none,0.0,1.3,1.1,15.578587439887473,10.22599691570971,5.852895460249654,2.8518307250339068,0.31997525586947,3.0
438.0_cb3_s21,Pembrolizumab,mAb_IgG4,3.5,149.0,7.57,0.3,138.39992974742435,25.573220435200362,Histidine,6.2,11.766389078873512,none,0.0,Sucrose,0.4080570666917853,tween-80,0.050336144963026234,none,0.0,1.3,1.1,6.119249139047854,5.409880306686956,4.692836200871394,4.064279377077176,3.273964194187728,3.0
439.0_cb3_s22,Pembrolizumab,mAb_IgG4,3.5,149.0,7.57,0.3,137.11175100413493,24.604550309166225,Histidine,6.2,11.812835292906808,NaCl,143.02955746589984,none,0.0,none,0.0,none,0.0,1.3,1.1,6.101420725518279,5.002870323789094,3.9042366253462655,2.9910054736844467,2.0339179589895857,3.0
440.0_cb3_s23,Pembrolizumab,mAb_IgG4,3.5,149.0,7.57,0.3,136.06871340895898,25.346427877908905,Histidine,6.2,12.176313010910238,none,0.0,none,0.0,none,0.0,Arginine,24.507098095666084,1.3,1.1,8.698722845602873,7.094852362380369,5.62861863722505,4.342101825915363,2.2477978037255864,3.0
441.0_cb3_s24,Pembrolizumab,mAb_IgG4,3.5,149.0,7.57,0.3,129.658791826688,25.023467451030186,Histidine,6.2,12.455464084019034,none,0.0,none,0.0,none,0.0,Arginine,98.10421456546202,1.3,1.1,5.585007695721615,5.19370882749466,4.682250956518041,4.167415199670212,3.630978078851369,3.0
442.0_cb3_s25,Pembrolizumab,mAb_IgG4,3.5,149.0,7.57,0.3,133.28742821123862,24.882015006394514,Histidine,6.2,12.17860457047561,NaCl,141.18032903390238,none,0.0,none,0.0,Arginine,100.5336367925908,1.3,1.1,9.038533391658376,8.386634989592126,7.765361875603667,7.177397906036118,6.018634880446137,3.0
491.0_cb3_s26,Nivolumab,mAb_IgG4,3.5,146.0,8.1,0.3,147.45959583583655,25.181359686186777,Histidine,6.2,12.990898021398378,none,0.0,none,0.0,none,0.0,Lysine,24.594499568185576,1.3,1.1,2.811106971552629,2.582218642567929,2.1274522041276525,1.7930706819391897,1.339961994587274,3.0
266.0_cb3_s27,Ibalizumab,mAb_IgG4,3.5,150.0,6.85,0.3,151.22415854051027,27.802938664750517,PBS,7.4,10.08895476156632,NaCl,137.688169688154,Sucrose,0.7522404522340679,none,0.0,none,0.0,1.3,1.1,7.48740482204091,7.227163088897762,6.615813543573768,5.734800020112539,4.998682367738742,3.0
259.0_cb4_s1,Ibalizumab,mAb_IgG4,3.5,150.0,6.85,0.3,301.8109612459575,27.099557596179572,Histidine,6.2,11.686616865853043,none,0.0,none,0.0,none,0.0,none,0.0,1.3,1.1,11.0696204580382,11.069620034555802,10.590241582666922,6.816481444069504,4.594038358222601,4.0
260.0_cb4_s2,Ibalizumab,mAb_IgG4,3.5,150.0,6.85,0.3,299.14712077835674,27.686278024856932,Acetate,5.4,43.88533343417459,none,0.0,none,0.0,none,0.0,none,0.0,1.3,1.1,18.895431758557105,18.89543160236608,16.490476721676856,10.06196211415298,8.18502964189935,4.0
261.0_cb4_s3,Ibalizumab,mAb_IgG4,3.5,150.0,6.85,0.3,290.4245425478098,27.417366356160958,PBS,7.4,10.238341499421413,NaCl,139.7655897124222,none,0.0,none,0.0,none,0.0,1.3,1.1,12.429413445255937,11.327757429714561,11.327757429714561,8.554478039468542,5.970001602277446,4.0
262.0_cb4_s4,Ibalizumab,mAb_IgG4,3.5,150.0,6.85,0.3,184.3104927046986,28.86685445417339,Histidine,6.2,13.571489333964056,none,0.0,Sucrose,0.7691308610699852,none,0.0,none,0.0,1.3,1.1,3.691700297711146,3.69169995089119,3.2266807450631503,2.1859285667813513,1.3965467181626465,4.0
265.0_cb4_s5,Ibalizumab,mAb_IgG4,3.5,150.0,6.85,0.3,234.01210620033572,27.32670229784324,Histidine,6.2,12.653633013259249,none,0.0,Sucrose,0.503326075103242,none,0.0,none,0.0,1.3,1.1,5.14787575870768,5.144443374226475,5.07043283943443,4.532795491425907,4.164445102477003,4.0
425.0_cb4_s6,Pembrolizumab,mAb_IgG4,3.5,149.0,7.57,0.3,210.41797938775193,24.929812470547333,Histidine,6.3,11.268905237674378,none,0.0,none,0.0,none,0.0,none,0.0,1.3,1.1,39.16656545578288,39.16656545578288,39.16656532223753,35.59032327153284,13.826948168390064,4.0
492.0_cb4_s7,Nivolumab,mAb_IgG4,3.5,146.0,8.1,0.3,326.18403402993573,25.351684863992087,Histidine,6.4,9.573480874769032,none,0.0,none,0.0,none,0.0,none,0.0,1.3,1.1,81.68644628118749,81.68644628118749,81.68644628118749,81.68644530664658,26.68511242158426,4.0
493.0_cb4_s8,Nivolumab,mAb_IgG4,3.5,146.0,8.1,0.3,167.64270767149478,25.752768664571025,Histidine,6.3,12.925793152479509,none,0.0,none,0.0,none,0.0,none,0.0,1.3,1.1,4.378117408296793,4.377173821526052,4.343416214030207,3.812277783250781,1.8408309724415655,4.0
498.0_cb4_s9,Nivolumab,mAb_IgG4,3.5,146.0,8.1,0.3,175.68001380514443,25.15167589388052,PBS,7.4,9.536771227406224,NaCl,142.40243974684603,none,0.0,none,0.0,none,0.0,1.3,1.1,4.303031333604181,4.254347466070335,4.051720097211549,3.346326988348581,0.8062899907852608,4.0
504.0_cb4_s10,Nivolumab,mAb_IgG4,3.5,146.0,8.1,0.3,187.26933310023017,24.92031888392705,Histidine,6.1,13.201424985201392,none,0.0,none,0.0,none,0.0,Arginine,20.433820212985133,1.3,1.1,10.897347241334671,10.89734724133467,10.897347241218059,10.897335394721006,3.7571147268348923,4.0
217.0_cb4_s11,Pembrolizumab,mAb_IgG4,3.5,149.0,7.57,0.3,192.29939779415633,26.30261422445643,Acetate,5.4,40.14278133110831,none,0.0,none,0.0,none,0.0,none,0.0,1.3,1.1,12.226508596056533,9.07017257764042,6.732830842594448,5.001973816957326,2.6315079491629616,4.0
263.0_cb4_s12,Ibalizumab,mAb_IgG4,3.5,150.0,6.85,0.3,267.57958707197923,27.119262318903758,Acetate,5.4,39.38548302321881,none,0.0,none,0.0,tween-80,0.10020687625861623,none,0.0,1.3,1.1,12.544071781159055,10.419441821756529,7.767994246435553,5.577359759415516,4.189052063958558,4.0
264.0_cb4_s13,Ibalizumab,mAb_IgG4,3.5,150.0,6.85,0.3,241.01622957592537,27.95280395362274,PBS,7.4,10.045152304622352,NaCl,140.04931710541425,Trehalose,0.15197636531543743,none,0.0,none,0.0,1.3,1.1,10.442738455887234,7.619608171345295,6.417568914256142,5.905761778109413,5.585453278695572,4.0
497.0_cb4_s14,Nivolumab,mAb_IgG4,3.5,146.0,8.1,0.3,315.97953757807915,25.634498557039763,PBS,7.4,9.645786289382382,NaCl,141.320318665171,none,0.0,none,0.0,none,0.0,1.3,1.1,45.43877753102393,36.51928495842448,28.881006347846412,22.511219611002506,12.552951174145749,4.0
502.0_cb4_s15,Nivolumab,mAb_IgG4,3.5,146.0,8.1,0.3,238.43185817670548,24.762664202035623,Histidine,6.3,10.74210857424394,none,0.0,none,0.0,none,0.0,none,0.0,1.3,1.1,17.120523788237985,13.924929101641556,10.25740948965419,6.870379752751125,3.1893632978187085,4.0
503.0_cb4_s16,Nivolumab,mAb_IgG4,3.5,146.0,8.1,0.3,220.6040955604591,25.586482661838666,Histidine,6.0,14.182049647990087,NaCl,85.43723824960509,Sucrose,0.19903733930187917,tween-80,0.050007880184694736,Lysine,22.850218916011688,1.3,1.1,20.095210190499515,17.158973391938098,14.319843914588834,11.670284737375985,6.886114497201311,4.0
259.0_cb4_s17,Ibalizumab,mAb_IgG4,3.5,150.0,6.85,0.3,294.2703516846174,26.830494519278737,Histidine,6.2,11.636995301578558,none,0.0,none,0.0,none,0.0,none,0.0,1.3,1.1,10.896016249835345,10.89601526711088,10.286493726705324,6.395229404162327,4.488169877373592,4.0
260.0_cb4_s18,Ibalizumab,mAb_IgG4,3.5,150.0,6.85,0.3,304.8647918735503,26.95337552884083,Acetate,5.4,43.36136472688969,none,0.0,none,0.0,none,0.0,none,0.0,1.3,1.1,18.218610681286798,18.218609940892023,15.73310691105939,9.766070105568607,8.020190431556927,4.0
261.0_cb4_s19,Ibalizumab,mAb_IgG4,3.5,150.0,6.85,0.3,289.2823721116059,27.281276168511965,PBS,7.4,9.763193888355488,NaCl,138.88028262603282,none,0.0,none,0.0,none,0.0,1.3,1.1,11.478215177851656,11.478215177851656,11.264563269382313,7.8999648472249895,5.846024376617383,4.0
262.0_cb4_s20,Ibalizumab,mAb_IgG4,3.5,150.0,6.85,0.3,183.08934998791958,27.768158163397697,Histidine,6.2,13.81911059509919,none,0.0,Sucrose,0.7572136213912335,none,0.0,none,0.0,1.3,1.1,3.850861474914764,3.850860727673157,3.3750109697707242,2.294010026575486,1.4432371249505271,4.0
265.0_cb4_s21,Ibalizumab,mAb_IgG4,3.5,150.0,6.85,0.3,228.17123427873807,28.180709566631602,Histidine,6.2,12.89722051482647,none,0.0,Sucrose,0.49031954241489756,none,0.0,none,0.0,1.3,1.1,5.139789710470003,5.133573500646479,5.030520665271688,4.432449755052057,4.034356671124941,4.0
425.0_cb4_s22,Pembrolizumab,mAb_IgG4,3.5,149.0,7.57,0.3,220.8855820625431,25.41411484509231,Histidine,6.3,11.444353014215226,none,0.0,none,0.0,none,0.0,none,0.0,1.3,1.1,37.745318359334746,37.745318359334746,37.745318251905815,34.81956638118603,13.576631783303865,4.0
492.0_cb4_s23,Nivolumab,mAb_IgG4,3.5,146.0,8.1,0.3,343.68362251393535,24.651771532968205,Histidine,6.4,9.926898812602946,none,0.0,none,0.0,none,0.0,none,0.0,1.3,1.1,81.8398848945581,81.8398848945581,81.8398848945581,81.83988420783189,29.229757641703237,4.0
493.0_cb4_s24,Nivolumab,mAb_IgG4,3.5,146.0,8.1,0.3,166.4814501103761,24.851384054611565,Histidine,6.3,12.498238753629861,none,0.0,none,0.0,none,0.0,none,0.0,1.3,1.1,4.229718083660584,4.228232527651493,4.189376737758524,3.694400742469916,1.7950108142001429,4.0
388.0_cb0_s1,Belatacept,Fc-Fusion,4.5,90.0,5.6,0.5,55.153875956123045,25.49805910745556,Histidine,5.9,17.013422326196288,none,0.0,none,0.0,none,0.0,none,0.0,1.4,1.5,2.277275870303524,2.260948543188197,2.2241219878078375,2.1514257105538306,1.9855927041081762,0.0
389.0_cb0_s2,Belatacept,Fc-Fusion,4.5,90.0,5.6,0.5,56.04501741153661,25.121502361027197,Histidine,6.0,33.927109608077046,none,0.0,none,0.0,none,0.0,none,0.0,1.4,1.5,2.0649478583854326,1.9489760156934663,1.9152054217408803,1.8267300625251501,1.7325342736061735,0.0
390.0_cb0_s3,Belatacept,Fc-Fusion,4.5,90.0,5.6,0.5,54.92951445943641,25.268145454758596,Histidine,5.9,16.73135526261502,none,0.0,Sucrose,0.29902725614712083,none,0.0,Arginine,25.071524384939476,1.4,1.5,2.4017805599507605,2.008739406699991,1.6456629908322742,1.3209204131770855,0.7657691067327753,0.0
391.0_cb0_s4,Belatacept,Fc-Fusion,4.5,90.0,5.6,0.5,54.56764196723246,25.50081591260428,Histidine,5.9,17.98770908463355,none,0.0,Sucrose,0.3042632946137867,none,0.0,none,0.0,1.4,1.5,2.245763816568169,2.243385041210069,2.238185845019213,2.236319771169987,2.23557860209902,0.0
392.0_cb0_s5,Belatacept,Fc-Fusion,4.5,90.0,5.6,0.5,19.62297679768325,25.807389395354924,Histidine,6.0,14.903391553652382,none,0.0,none,0.0,none,0.0,none,0.0,1.4,1.5,1.6876760696791964,1.673085271946046,1.2500159924398737,1.0767233876262603,0.982203293433226,0.0
397.0_cb0_s6,Belatacept,Fc-Fusion,4.5,90.0,5.6,0.5,35.15297382968766,25.504735894297987,PBS,7.4,9.8310117122813,NaCl,135.8027553107165,none,0.0,none,0.0,none,0.0,1.4,1.5,1.3243648730963256,1.294184822201237,1.2667292783281616,1.2527255015545429,1.2457474863222264,0.0
398.0_cb0_s7,Etanercept,Fc-Fusion,4.5,150.0,7.4,0.6,57.04105364627369,25.112117372267644,Acetate,5.0,19.86142939759724,none,0.0,none,0.0,none,0.0,none,0.0,1.4,1.5,4.5881907142809935,4.480062233173738,3.5209501946138255,2.7940850150925387,1.7715341524224002,0.0
399.0_cb0_s8,Etanercept,Fc-Fusion,4.5,150.0,7.4,0.6,53.70269396620412,25.08612719320552,Acetate,5.0,20.26861246869162,none,0.0,Sucrose,0.2576401567969392,none,0.0,none,0.0,1.4,1.5,5.08182705959377,5.081827059593769,5.081826795609915,4.415420038973739,2.7700340271960915,0.0
400.0_cb0_s9,Etanercept,Fc-Fusion,4.5,150.0,7.4,0.6,53.53394486277239,24.825280336391522,Acetate,5.0,19.6909725004975,NaCl,141.06162873243315,none,0.0,none,0.0,none,0.0,1.4,1.5,4.427015383707166,4.382054127460144,4.259003439787969,3.9855776000793512,2.9511149309727958,0.0
401.0_cb0_s10,Etanercept,Fc-Fusion,4.5,150.0,7.4,0.6,20.215051961179952,25.21409312390529,Acetate,5.0,19.888002679250206,none,0.0,none,0.0,none,0.0,Arginine,24.360484631890106,1.4,1.5,1.606800544419302,1.5887735316436737,1.5469554268846146,1.5304498281231367,1.5229839245379717,0.0
402.0_cb0_s11,Etanercept,Fc-Fusion,4.5,150.0,7.4,0.6,19.75544590104455,24.953527896693206,Acetate,5.0,19.9041992311913,none,0.0,Sucrose,0.2555841688776498,none,0.0,Arginine,25.09320808487202,1.4,1.5,2.0102158238313583,1.9913284536452098,1.951579769036115,1.937083644383878,1.9309766722715216,0.0
403.0_cb0_s12,Etanercept,Fc-Fusion,4.5,150.0,7.4,0.6,20.14524625109781,25.1555549955716,Acetate,5.0,19.24414028316154,none,0.0,none,0.0,none,0.0,none,0.0,1.4,1.5,1.5953328553443786,1.5953328553443786,1.5953328553443786,1.5953328553443786,1.5558060375597753,0.0
404.0_cb0_s13,Etanercept,Fc-Fusion,4.5,150.0,7.4,0.6,20.03467907976576,25.177834474281614,Acetate,5.0,20.076630958477637,none,0.0,Sucrose,0.25253120494652964,tween-80,0.051447305699391814,Arginine,25.284051602564322,1.4,1.5,2.2375671954726064,2.2375670694336978,2.237558985253978,2.237044814784436,2.10838800818187,0.0
405.0_cb0_s14,Etanercept,Fc-Fusion,4.5,150.0,7.4,0.6,55.267170214465295,23.958950648405505,PBS,7.4,10.11062983127584,NaCl,138.46503916513302,Sucrose,0.20769378317929982,none,0.0,none,0.0,1.4,1.5,5.510824049478812,5.510824049478769,5.51082378244884,5.022921242039734,2.455053441043534,0.0
406.0_cb0_s15,Etanercept,Fc-Fusion,4.5,150.0,7.4,0.6,52.728408649118045,25.01422879059158,PBS,7.4,9.584437636028762,NaCl,139.1031661472974,none,0.0,none,0.0,Arginine,25.821689077902267,1.4,1.5,5.874147072094848,5.142653407569608,4.145132018848765,3.0276780446626974,1.4045610076852726,0.0
407.0_cb0_s16,Etanercept,Fc-Fusion,4.5,150.0,7.4,0.6,53.49645580039109,25.29628363692367,PBS,7.4,9.459121673679444,NaCl,138.23632325338133,Sucrose,0.19804690463019384,none,0.0,Arginine,25.316663413035617,1.4,1.5,7.742877295623615,7.742877295623496,7.742876088212127,6.505608293368722,2.1823838364466366,0.0
408.0_cb0_s17,Etanercept,Fc-Fusion,4.5,150.0,7.4,0.6,19.7683503561457,24.75958310524401,PBS,7.4,10.139233599431858,NaCl,138.5504607959662,none,0.0,none,0.0,none,0.0,1.4,1.5,1.5115745261478892,1.4153559866498737,1.4153559866498737,1.4153559866498737,1.4153559866498737,0.0
409.0_cb0_s18,Etanercept,Fc-Fusion,4.5,150.0,7.4,0.6,19.72854277548236,24.84088123612869,PBS,7.4,9.843768724373778,NaCl,139.27255960585097,none,0.0,tween-80,0.05159853811209634,none,0.0,1.4,1.5,1.6532794332194256,1.6532794332194256,1.5546564582170523,1.5243027509324978,1.036744627035728,0.0
411.0_cb0_s19,Etanercept,Fc-Fusion,4.5,150.0,7.4,0.6,54.10968109680897,25.478351593192826,Histidine,6.1,14.649914489567028,none,0.0,none,0.0,none,0.0,none,0.0,1.4,1.5,4.188421691959046,4.188421691955164,4.1884195764216265,3.8500409133413114,2.1621029263421527,0.0
413.0_cb0_s20,Etanercept,Fc-Fusion,4.5,150.0,7.4,0.6,53.222524533848485,25.14982384391867,Histidine,6.1,14.770406112576854,NaCl,138.83771919090256,none,0.0,none,0.0,none,0.0,1.4,1.5,5.487166768396731,4.889960557092481,3.802335219410128,2.2827247701343776,0.1707798144264245,0.0
414.0_cb0_s21,Etanercept,Fc-Fusion,4.5,150.0,7.4,0.6,55.19937627886225,25.23013581249115,Histidine,6.0,29.614956980759384,none,0.0,none,0.0,none,0.0,Lysine,24.49015234014557,1.4,1.5,6.082153317346364,5.128811148355776,3.7018257809985697,2.0648181632219176,0.15621921409477316,0.0
415.0_cb0_s22,Etanercept,Fc-Fusion,4.5,150.0,7.4,0.6,20.29996009576948,25.139633919108263,Histidine,6.0,29.42945356218766,none,0.0,none,0.0,none,0.0,none,0.0,1.4,1.5,1.1085853312577234,1.1085853312573344,1.1024280627625054,0.9475802891171655,0.9280992100151448,0.0
416.0_cb0_s23,Etanercept,Fc-Fusion,4.5,150.0,7.4,0.6,19.52430701396915,25.526992885591437,Histidine,6.0,30.343203766980285,none,0.0,none,0.0,none,0.0,Arginine,24.64763578219456,1.4,1.5,1.2278796179788547,1.1559829725670876,1.1559829725670876,1.1096327120970282,1.0137827225632672,0.0
417.0_cb0_s24,Etanercept,Fc-Fusion,4.5,150.0,7.4,0.6,19.197017255701997,24.80582653084942,Histidine,6.0,29.81662853335901,none,0.0,none,0.0,tween-80,0.05063366102477406,Arginine,24.650900162694477,1.4,1.5,1.755125377711785,1.755125377711785,1.7551252414325962,1.3492751666352432,1.1149660886756865,0.0
412.0_cb0_s25,Etanercept,Fc-Fusion,4.5,150.0,7.4,0.6,55.0877816324646,25.569777768012734,Histidine,6.0,29.27145644091384,none,0.0,none,0.0,none,0.0,none,0.0,1.4,1.5,7.438519052087591,6.038383244034999,4.9324216616091645,4.058827105241765,2.7403475071079546,0.0
388.0_cb0_s26,Belatacept,Fc-Fusion,4.5,90.0,5.6,0.5,53.86484923369612,25.29774544881963,Histidine,5.9,17.29353683523799,none,0.0,none,0.0,none,0.0,none,0.0,1.4,1.5,2.1865299351102587,2.1865299351102587,2.1865299351102587,2.1417413935957645,1.9476587274739006,0.0
389.0_cb0_s27,Belatacept,Fc-Fusion,4.5,90.0,5.6,0.5,55.97481030744328,24.968680211336384,Histidine,6.0,35.17018642095903,none,0.0,none,0.0,none,0.0,none,0.0,1.4,1.5,2.0375603175274817,2.0375603175274817,1.9131517696763698,1.823413069465978,1.745280779500605,0.0
390.0_cb0_s28,Belatacept,Fc-Fusion,4.5,90.0,5.6,0.5,54.144891366669505,25.779394592248444,Histidine,5.9,16.96433850658982,none,0.0,Sucrose,0.30977785278667674,none,0.0,Arginine,24.813662208024013,1.4,1.5,3.4849921661922596,3.0863302291480323,2.6924709081899216,2.314207641664515,1.5862205444122894,0.0
391.0_cb0_s29,Belatacept,Fc-Fusion,4.5,90.0,5.6,0.5,54.848957937632235,25.47889580723645,Histidine,5.9,17.572661172990216,none,0.0,Sucrose,0.30184605992040664,none,0.0,none,0.0,1.4,1.5,2.1735040729874515,2.150021136082507,2.095752875255066,2.075216138775871,2.066576793902607,0.0
392.0_cb0_s30,Belatacept,Fc-Fusion,4.5,90.0,5.6,0.5,19.902775520447655,25.001143968071755,Histidine,6.0,15.321109548068977,none,0.0,none,0.0,none,0.0,none,0.0,1.4,1.5,1.6114537278990624,1.5883021343187633,1.1904652359851535,1.031499997622936,0.9448508412434472,0.0
397.0_cb0_s31,Belatacept,Fc-Fusion,4.5,90.0,5.6,0.5,35.623912580808835,25.002114929497075,PBS,7.4,10.123777259604632,NaCl,144.58740725035864,none,0.0,none,0.0,none,0.0,1.4,1.5,1.3369882990584303,1.322061510453861,1.3077983809106815,1.3001640315119944,1.296090113005901,0.0
398.0_cb0_s32,Etanercept,Fc-Fusion,4.5,150.0,7.4,0.6,54.89569334559104,24.74260866254263,Acetate,5.0,20.09741208167454,none,0.0,none,0.0,none,0.0,none,0.0,1.4,1.5,4.653498334588506,4.575826936452562,3.682646695644233,2.9822530576271475,1.9557943770933561,0.0
399.0_cb0_s33,Etanercept,Fc-Fusion,4.5,150.0,7.4,0.6,54.76115581755918,25.263268341836152,Acetate,5.0,19.80903571752288,none,0.0,Sucrose,0.24675086557251283,none,0.0,none,0.0,1.4,1.5,5.33032348046508,5.330323480465077,5.330322878642878,4.635350814194863,2.9109600973232217,0.0
400.0_cb0_s34,Etanercept,Fc-Fusion,4.5,150.0,7.4,0.6,54.52394872805277,25.396909233571908,Acetate,5.0,19.881049568302757,NaCl,139.31012647295927,none,0.0,none,0.0,none,0.0,1.4,1.5,4.296812785581516,4.203584350869272,3.959923366570338,3.4558316529470376,1.8808024726791401,0.0
401.0_cb0_s35,Etanercept,Fc-Fusion,4.5,150.0,7.4,0.6,19.613501472098697,24.912310772050656,Acetate,5.0,20.196602258898714,none,0.0,none,0.0,none,0.0,Arginine,24.995355719216093,1.4,1.5,1.5954677807547002,1.577623222982189,1.5383530539227834,1.5236803090428492,1.5174456674621182,0.0
402.0_cb0_s36,Etanercept,Fc-Fusion,4.5,150.0,7.4,0.6,19.66145611204521,24.707546173291114,Acetate,5.0,19.808496571391323,none,0.0,Sucrose,0.25179737898773563,none,0.0,Arginine,26.17453789335038,1.4,1.5,1.9986292935476164,2.0181599312882836,2.063169225023233,2.0799834774805204,2.0870922890116583,0.0
403.0_cb0_s37,Etanercept,Fc-Fusion,4.5,150.0,7.4,0.6,20.513638317579247,23.786803964732396,Acetate,5.0,19.04522805192173,none,0.0,none,0.0,none,0.0,none,0.0,1.4,1.5,1.5964785046989838,1.5964785046989838,1.5964785046989838,1.5964785046989838,1.5964785046989838,0.0
404.0_cb0_s38,Etanercept,Fc-Fusion,4.5,150.0,7.4,0.6,20.097462889481083,24.454895796600283,Acetate,5.0,19.60578415971163,none,0.0,Sucrose,0.24515128140182663,tween-80,0.05011053531747394,Arginine,24.686842361908496,1.4,1.5,2.078611171636208,2.078611026646935,2.078603755607325,2.078243017691921,2.0109893102985446,0.0
405.0_cb0_s39,Etanercept,Fc-Fusion,4.5,150.0,7.4,0.6,54.408147465660846,25.398921889947886,PBS,7.4,9.62813264566799,NaCl,140.1273761337261,Sucrose,0.20223334569284682,none,0.0,none,0.0,1.4,1.5,5.774336965738298,5.774336965737187,5.77433584685326,5.306853053634285,2.2268111549827094,0.0
406.0_cb0_s40,Etanercept,Fc-Fusion,4.5,150.0,7.4,0.6,55.92925181335987,24.997219853175963,PBS,7.4,10.235702537959686,NaCl,136.1544719108847,none,0.0,none,0.0,Arginine,25.259951069764377,1.4,1.5,6.315954802624628,5.501066054444416,4.393811958288892,3.165388032677412,1.4370873322094897,0.0
407.0_cb0_s41,Etanercept,Fc-Fusion,4.5,150.0,7.4,0.6,56.49113022928138,24.694571180097466,PBS,7.4,10.100896651276603,NaCl,135.6235039416005,Sucrose,0.19528216134196888,none,0.0,Arginine,25.717543699611117,1.4,1.5,8.089454768288263,8.08945476828812,8.089453322490009,6.694328804458096,2.191584650254363,0.0
408.0_cb0_s42,Etanercept,Fc-Fusion,4.5,150.0,7.4,0.6,19.764043072897756,25.349344406758522,PBS,7.4,10.005042173508016,NaCl,135.67926896175996,none,0.0,none,0.0,none,0.0,1.4,1.5,1.486041375370484,1.486041375370484,1.486041375370484,1.3871997179629294,1.3871997179629294,0.0
387.0_cb1_s1,Belatacept,Fc-Fusion,4.5,90.0,5.6,0.5,70.29493585128435,25.1047671151314,Histidine,5.9,18.389548935268177,none,0.0,none,0.0,none,0.0,none,0.0,1.4,1.5,3.959419812521932,3.9594198125219267,3.9594192718565475,3.3674051372758145,1.9202633947829006,1.0
393.0_cb1_s2,Belatacept,Fc-Fusion,4.5,90.0,5.6,0.5,68.75712268384605,25.49881603846012,PBS,7.4,9.942641152852346,NaCl,142.1266416849611,none,0.0,none,0.0,none,0.0,1.4,1.5,2.9850952840696556,2.6439311108701777,2.6098146149941805,2.6064029575509586,2.606026410704669,1.0
394.0_cb1_s3,Belatacept,Fc-Fusion,4.5,90.0,5.6,0.5,68.43025876386785,25.464704992395408,PBS,7.4,9.97357268221969,NaCl,138.53355235224,Sucrose,0.1945657039389701,none,0.0,none,0.0,1.4,1.5,3.360328221238855,3.360328221238855,3.3603279878463423,2.7229001131501445,2.092767682764869,1.0
395.0_cb1_s4,Belatacept,Fc-Fusion,4.5,90.0,5.6,0.5,69.90462720476486,25.18198531542637,PBS,7.4,10.418639586441989,NaCl,135.766726425223,none,0.0,none,0.0,Arginine,25.57969052165026,1.4,1.5,2.176809597422345,2.1629083348474576,2.1308258993114078,2.1188860376891694,2.113945021469375,1.0
396.0_cb1_s5,Belatacept,Fc-Fusion,4.5,90.0,5.6,0.5,72.11278341876637,25.30280311631566,PBS,7.4,10.101721674646688,NaCl,138.795133904127,none,0.0,none,0.0,Proline,24.25797166753783,1.4,1.5,2.9743680001932913,2.9743680001932864,2.9743675750264496,2.6905491235960763,2.2609217184612045,1.0
387.0_cb1_s6,Belatacept,Fc-Fusion,4.5,90.0,5.6,0.5,68.62148330121383,24.603738276442392,Histidine,5.9,18.640726933270205,none,0.0,none,0.0,none,0.0,none,0.0,1.4,1.5,3.915359226863519,3.915359226863511,3.9153587069488665,3.341524970111611,1.8559321907896704,1.0
393.0_cb1_s7,Belatacept,Fc-Fusion,4.5,90.0,5.6,0.5,69.11796502865255,25.365977751254924,PBS,7.4,9.960615638400622,NaCl,138.69917298127626,none,0.0,none,0.0,none,0.0,1.4,1.5,2.800271528493082,2.4883103712082253,2.4571141836479207,2.453994557708694,2.453650242569039,1.0
394.0_cb1_s8,Belatacept,Fc-Fusion,4.5,90.0,5.6,0.5,71.40829431651498,24.43625195052348,PBS,7.4,10.225581798650714,NaCl,140.43258226366672,Sucrose,0.1986537896404873,none,0.0,none,0.0,1.4,1.5,3.3945113646010747,3.3945113646010747,3.394511121495085,2.7000111406448726,1.9925480680850214,1.0
395.0_cb1_s9,Belatacept,Fc-Fusion,4.5,90.0,5.6,0.5,71.45082404890148,24.70223253240807,PBS,7.4,10.180106615466318,NaCl,144.7584207524244,none,0.0,none,0.0,Arginine,24.799102486529183,1.4,1.5,2.248625656478995,2.247279441462286,2.2443452566424806,2.243254252932963,2.2427986751910662,1.0
396.0_cb1_s10,Belatacept,Fc-Fusion,4.5,90.0,5.6,0.5,69.09619909915045,24.169458292216415,PBS,7.4,10.1006504129499,NaCl,134.22247117305753,none,0.0,none,0.0,Proline,24.841324753878734,1.4,1.5,2.9490742077607384,2.9490742077607353,2.949073833819221,2.66202095323585,2.235429318183164,1.0
387.0_cb1_s11,Belatacept,Fc-Fusion,4.5,90.0,5.6,0.5,70.038238731792,24.976314648727783,Histidine,5.9,18.205101536981857,none,0.0,none,0.0,none,0.0,none,0.0,1.4,1.5,4.051247871837771,4.051247871837768,4.051247287736977,3.3360805338274986,1.7976980231429367,1.0
393.0_cb1_s12,Belatacept,Fc-Fusion,4.5,90.0,5.6,0.5,67.6579485381638,25.202106432638665,PBS,7.4,10.143174548938191,NaCl,140.63569654082167,none,0.0,none,0.0,none,0.0,1.4,1.5,2.867068226281631,2.5231989562993777,2.488811950122215,2.4853732415865886,2.4849937090936733,1.0
394.0_cb1_s13,Belatacept,Fc-Fusion,4.5,90.0,5.6,0.5,70.38724107171565,25.597740325412737,PBS,7.4,9.880674188277654,NaCl,145.8742301495708,Sucrose,0.1978974762640585,none,0.0,none,0.0,1.4,1.5,3.357042340648299,3.357042340648299,3.357042108338219,2.7464906355032834,2.1340354564118735,1.0
395.0_cb1_s14,Belatacept,Fc-Fusion,4.5,90.0,5.6,0.5,68.47103031951201,25.067669173946143,PBS,7.4,10.198889475101783,NaCl,141.80881732392075,none,0.0,none,0.0,Arginine,23.814170319570554,1.4,1.5,2.2519118565571987,2.2413298841992124,2.217692787257316,2.208721507414797,2.2049373951209175,1.0
396.0_cb1_s15,Belatacept,Fc-Fusion,4.5,90.0,5.6,0.5,69.06641179626781,25.09895833367104,PBS,7.4,9.878505542475938,NaCl,138.86778642046795,none,0.0,none,0.0,Proline,24.656860432122457,1.4,1.5,3.0670475367177032,3.067047536717701,3.067047266390895,2.7841849890377404,2.3357701911434843,1.0
387.0_cb1_s16,Belatacept,Fc-Fusion,4.5,90.0,5.6,0.5,70.45407629402082,24.733637250891547,Histidine,5.9,19.115713613026127,none,0.0,none,0.0,none,0.0,none,0.0,1.4,1.5,3.770658416643485,3.7706584166434824,3.7706579887683764,3.1949808656465253,1.8072075103299095,1.0
393.0_cb1_s17,Belatacept,Fc-Fusion,4.5,90.0,5.6,0.5,70.682227331863,25.535964932605896,PBS,7.4,9.824143443517602,NaCl,140.97606633561077,none,0.0,none,0.0,none,0.0,1.4,1.5,2.8234324709544403,2.4956389346751897,2.4628595055699205,2.4595815551116424,2.459219765592062,1.0
394.0_cb1_s18,Belatacept,Fc-Fusion,4.5,90.0,5.6,0.5,71.22663683406772,24.6658274025766,PBS,7.4,9.987784865729525,NaCl,137.03636622580336,Sucrose,0.19000775593002825,none,0.0,none,0.0,1.4,1.5,3.3772698351467665,3.3772698351467665,3.3772695938788013,2.7836541520442957,2.152328716176424,1.0
395.0_cb1_s19,Belatacept,Fc-Fusion,4.5,90.0,5.6,0.5,66.89431313592848,25.684850553827093,PBS,7.4,9.782789083576382,NaCl,143.5151301064877,none,0.0,none,0.0,Arginine,25.472934821842074,1.4,1.5,2.263695196302929,2.2698226563621695,2.2834661059927113,2.288684004145981,2.290904243112352,1.0
396.0_cb1_s20,Belatacept,Fc-Fusion,4.5,90.0,5.6,0.5,69.32404137287031,24.10942079276718,PBS,7.4,9.553906396175108,NaCl,140.6347158957849,none,0.0,none,0.0,Proline,24.719221126834686,1.4,1.5,2.8119189061078687,2.811918906107863,2.811918489942944,2.580074942767456,2.2321385795393858,1.0
387.0_cb1_s21,Belatacept,Fc-Fusion,4.5,90.0,5.6,0.5,70.70020024635944,24.321532215150214,Histidine,5.9,18.883905548585133,none,0.0,none,0.0,none,0.0,none,0.0,1.4,1.5,3.8746249512282827,3.8746249512282747,3.8746242191566083,3.239541232764621,1.8120717281116185,1.0
393.0_cb1_s22,Belatacept,Fc-Fusion,4.5,90.0,5.6,0.5,70.1398417361729,25.240372289883993,PBS,7.4,10.299342081489195,NaCl,138.61409665496942,none,0.0,none,0.0,none,0.0,1.4,1.5,2.979024755146563,2.6190833195201333,2.5830890930777763,2.579489662145554,2.5790923906174124,1.0
394.0_cb1_s23,Belatacept,Fc-Fusion,4.5,90.0,5.6,0.5,68.38003673380142,24.333435822611097,PBS,7.4,9.689697550188214,NaCl,141.85374513732373,Sucrose,0.20475438729234804,none,0.0,none,0.0,1.4,1.5,3.3393969505996908,3.3393969505996908,3.339396819076602,2.7661106730638134,2.169519869948058,1.0
395.0_cb1_s24,Belatacept,Fc-Fusion,4.5,90.0,5.6,0.5,71.19011106538457,25.208840376119703,PBS,7.4,10.02148887486818,NaCl,141.08464014577237,none,0.0,none,0.0,Arginine,25.161592741229104,1.4,1.5,2.3744773332675067,2.3589567276983296,2.324905203212264,2.3124458688509697,2.307333783608549,1.0
396.0_cb1_s25,Belatacept,Fc-Fusion,4.5,90.0,5.6,0.5,69.35436237515154,25.37828233745657,PBS,7.4,9.721100986228148,NaCl,142.95089634642846,none,0.0,none,0.0,Proline,24.40273853011698,1.4,1.5,3.00130701746168,3.0013070174616785,3.001306784079196,2.761030875011781,2.4002302233049035,1.0
387.0_cb1_s26,Belatacept,Fc-Fusion,4.5,90.0,5.6,0.5,70.58897948342587,24.711039611583644,Histidine,5.9,19.131311167025824,none,0.0,none,0.0,none,0.0,none,0.0,1.4,1.5,3.973782120375474,3.9737821203754686,3.973781466432695,3.2725861017420472,1.7290816561138271,1.0
393.0_cb1_s27,Belatacept,Fc-Fusion,4.5,90.0,5.6,0.5,71.19938347233958,25.838688543902744,PBS,7.4,9.838965649651424,NaCl,143.0151748050415,none,0.0,none,0.0,none,0.0,1.4,1.5,2.93756037550424,2.5955006986560036,2.5612946522089133,2.5578740396879622,2.5574965044639315,1.0
394.0_cb1_s28,Belatacept,Fc-Fusion,4.5,90.0,5.6,0.5,70.57819847699291,24.89296615113607,PBS,7.4,10.075881079521023,NaCl,141.93332352114024,Sucrose,0.20106246797269015,none,0.0,none,0.0,1.4,1.5,3.169343876543121,3.169343876543121,3.1693436021427326,2.6118131183055358,2.0212466291181785,1.0
395.0_cb1_s29,Belatacept,Fc-Fusion,4.5,90.0,5.6,0.5,68.69016518173261,24.911041062097798,PBS,7.4,9.817437816140696,NaCl,138.8311949304296,none,0.0,none,0.0,Arginine,25.172026960781736,1.4,1.5,2.2942274256526853,2.2842557593804917,2.259090966509806,2.2496308330242614,2.2456524561663618,1.0
396.0_cb1_s30,Belatacept,Fc-Fusion,4.5,90.0,5.6,0.5,72.90509105508796,25.59006408687076,PBS,7.4,10.228858613711989,NaCl,136.11396805872377,none,0.0,none,0.0,Proline,25.381930175816713,1.4,1.5,2.9202013219185354,2.9202013219185345,2.9202011379800785,2.660696174987353,2.2520729973982485,1.0
387.0_cb1_s31,Belatacept,Fc-Fusion,4.5,90.0,5.6,0.5,68.77013667812112,25.371229456796314,Histidine,5.9,18.56026708417944,none,0.0,none,0.0,none,0.0,none,0.0,1.4,1.5,3.933722946183099,3.933722946183097,3.933722586185212,3.3073490281153037,1.788268040043788,1.0
393.0_cb1_s32,Belatacept,Fc-Fusion,4.5,90.0,5.6,0.5,72.7232731039877,24.089456965352753,PBS,7.4,9.880466463349029,NaCl,141.03659329183688,none,0.0,none,0.0,none,0.0,1.4,1.5,2.8834214378006866,2.5424007126901595,2.5082985616560864,2.5048883387003595,2.5045119501793858,1.0
394.0_cb1_s33,Belatacept,Fc-Fusion,4.5,90.0,5.6,0.5,71.95045376110886,25.4196745571158,PBS,7.4,10.174564870201126,NaCl,137.29476117456284,Sucrose,0.1996824463023772,none,0.0,none,0.0,1.4,1.5,3.449424826831774,3.449424826831774,3.4494246299291285,2.7871138805536337,2.094654177302773,1.0
395.0_cb1_s34,Belatacept,Fc-Fusion,4.5,90.0,5.6,0.5,68.50173181194793,25.859520306420908,PBS,7.4,9.820733468281587,NaCl,140.61404654416123,none,0.0,none,0.0,Arginine,25.39592965519403,1.4,1.5,2.229495117009959,2.2193922363712373,2.195816082171315,2.186609487889807,2.1825164089588167,1.0
396.0_cb1_s35,Belatacept,Fc-Fusion,4.5,90.0,5.6,0.5,69.16502402884358,24.85040911378628,PBS,7.4,10.161783853878543,NaCl,138.36352518281876,none,0.0,none,0.0,Proline,24.625321155288614,1.4,1.5,2.840525565286668,2.8405255652866677,2.8405254713497436,2.6589504344537107,2.3656209042668133,1.0
387.0_cb1_s36,Belatacept,Fc-Fusion,4.5,90.0,5.6,0.5,70.29325811710689,24.507732974759016,Histidine,5.9,18.797761029336016,none,0.0,none,0.0,none,0.0,none,0.0,1.4,1.5,3.9138145434481864,3.9138145434481753,3.913813590701256,3.260421129193689,1.763882303441626,1.0
393.0_cb1_s37,Belatacept,Fc-Fusion,4.5,90.0,5.6,0.5,69.3564805188178,24.460078776109256,PBS,7.4,9.877282478927441,NaCl,140.54947463386682,none,0.0,none,0.0,none,0.0,1.4,1.5,2.8850817498853765,2.5504207194080495,2.516954539301675,2.513607913585156,2.5132385443327503,1.0
394.0_cb1_s38,Belatacept,Fc-Fusion,4.5,90.0,5.6,0.5,71.80778337462223,25.210890037125434,PBS,7.4,10.262038381616179,NaCl,139.39531054301935,Sucrose,0.2037499099700277,none,0.0,none,0.0,1.4,1.5,3.4455065847850954,3.4455065847850954,3.4455063425591796,2.7220917294694216,1.9679578726651012,1.0
395.0_cb1_s39,Belatacept,Fc-Fusion,4.5,90.0,5.6,0.5,70.68495634910686,25.343176777507264,PBS,7.4,9.832221465194852,NaCl,140.18994783896744,none,0.0,none,0.0,Arginine,23.990036333921932,1.4,1.5,2.3602740068689365,2.355758073742034,2.3447140769486143,2.3404936207519924,2.33869854955339,1.0
396.0_cb1_s40,Belatacept,Fc-Fusion,4.5,90.0,5.6,0.5,66.02749098204367,24.991694828837048,PBS,7.4,9.97883624850046,NaCl,138.7298181147433,none,0.0,none,0.0,Proline,25.863113272817817,1.4,1.5,3.0150167281526055,3.0150167281526015,3.0150163366316787,2.7282604907507015,2.2816765961202568,1.0
387.0_cb1_s41,Belatacept,Fc-Fusion,4.5,90.0,5.6,0.5,68.97384354122674,25.548034953738703,Histidine,5.9,18.959920811932122,none,0.0,none,0.0,none,0.0,none,0.0,1.4,1.5,3.835117823841996,3.835117823841995,3.8351174968642017,3.2203706674398767,1.8065210887706789,1.0
393.0_cb1_s42,Belatacept,Fc-Fusion,4.5,90.0,5.6,0.5,65.92004161425629,25.261611592868515,PBS,7.4,9.755935862011205,NaCl,134.35145136525725,none,0.0,none,0.0,none,0.0,1.4,1.5,2.8312872911145712,2.5210850643117997,2.490064770204733,2.486962733651332,2.4866203598636063,1.0
394.0_cb1_s43,Belatacept,Fc-Fusion,4.5,90.0,5.6,0.5,70.8922545562323,25.80815002136096,PBS,7.4,9.7214529055666,NaCl,139.9032582529289,Sucrose,0.19353314650020795,none,0.0,none,0.0,1.4,1.5,3.10195252186807,3.10195252186807,3.1019523349948734,2.640084749418154,2.1458334704978483,1.0
395.0_cb1_s44,Belatacept,Fc-Fusion,4.5,90.0,5.6,0.5,70.98481618639445,26.07746433869157,PBS,7.4,9.936940668942775,NaCl,137.36513643813413,none,0.0,none,0.0,Arginine,25.123041807658204,1.4,1.5,2.234511016545335,2.2342352783372634,2.233590141400739,2.233340080695285,2.233229098266327,1.0
396.0_cb1_s45,Belatacept,Fc-Fusion,4.5,90.0,5.6,0.5,71.00578439286029,24.92112650838426,PBS,7.4,9.871666635973924,NaCl,144.6629853693459,none,0.0,none,0.0,Proline,24.571915079669125,1.4,1.5,2.8204424115915634,2.8204424115915607,2.82044217945971,2.656452725481646,2.4062122529427152,1.0
387.0_cb1_s46,Belatacept,Fc-Fusion,4.5,90.0,5.6,0.5,71.15189589316759,24.518674494040514,Histidine,5.9,19.06048115597517,none,0.0,none,0.0,none,0.0,none,0.0,1.4,1.5,3.9442040805477103,3.944204080547708,3.9442037905351772,3.3322133234012514,1.8082531793992902,1.0
393.0_cb1_s47,Belatacept,Fc-Fusion,4.5,90.0,5.6,0.5,72.05944856714395,24.650252389916176,PBS,7.4,9.792586785286,NaCl,141.86303301809193,none,0.0,none,0.0,none,0.0,1.4,1.5,2.9748057895973194,2.631027444963314,2.5966495313419204,2.5932117320639647,2.5928322999264086,1.0
394.0_cb1_s48,Belatacept,Fc-Fusion,4.5,90.0,5.6,0.5,70.34032841872497,25.475653122149744,PBS,7.4,10.105379584733159,NaCl,139.4655577852511,Sucrose,0.19920721729448113,none,0.0,none,0.0,1.4,1.5,3.3090329601237447,3.3090329601237447,3.3090327829590285,2.708945974058212,2.0410453572743723,1.0
395.0_cb1_s49,Belatacept,Fc-Fusion,4.5,90.0,5.6,0.5,67.97671262982288,25.33313483602176,PBS,7.4,10.11559570472791,NaCl,141.61661787029865,none,0.0,none,0.0,Arginine,24.93567027682397,1.4,1.5,2.284683671301112,2.296001899634453,2.321961640070053,2.331586099761372,2.3355639561930337,1.0
396.0_cb1_s50,Belatacept,Fc-Fusion,4.5,90.0,5.6,0.5,70.82954243024487,25.204818059342,PBS,7.4,10.071394551853386,NaCl,140.22757958175734,none,0.0,none,0.0,Proline,24.981053459141584,1.4,1.5,3.0119813385215974,3.0119813385215934,3.0119808894333953,2.711749350246205,2.280164519721303,1.0
387.0_cb1_s51,Belatacept,Fc-Fusion,4.5,90.0,5.6,0.5,70.72519268694803,25.01310237638702,Histidine,5.9,18.685859813700016,none,0.0,none,0.0,none,0.0,none,0.0,1.4,1.5,4.222305752182911,4.222305752182906,4.222305143920039,3.5432773114050145,1.9041724627983396,1.0
393.0_cb1_s52,Belatacept,Fc-Fusion,4.5,90.0,5.6,0.5,70.02708169913646,24.40551829023252,PBS,7.4,9.990023969174377,NaCl,137.070860961825,none,0.0,none,0.0,none,0.0,1.4,1.5,2.6715032054470598,2.3255516245315473,2.290956386781593,2.2874968550407404,2.2871150242771496,1.0
394.0_cb1_s53,Belatacept,Fc-Fusion,4.5,90.0,5.6,0.5,68.0889694864027,25.350747390962358,PBS,7.4,10.103774236088023,NaCl,141.3882540588772,Sucrose,0.20000647612542777,none,0.0,none,0.0,1.4,1.5,3.4381456100344057,3.4381456100344057,3.4381451897557875,2.7809969638702015,2.118260462911065,1.0
395.0_cb1_s54,Belatacept,Fc-Fusion,4.5,90.0,5.6,0.5,68.78443465376233,25.048906646546655,PBS,7.4,10.22078670934038,NaCl,139.28241369209562,none,0.0,none,0.0,Arginine,24.882041735343936,1.4,1.5,2.2783429481834294,2.2956446724079727,2.336485376152292,2.351567988517762,2.357774891545048,1.0
396.0_cb1_s55,Belatacept,Fc-Fusion,4.5,90.0,5.6,0.5,69.06840878261876,25.360951742719074,PBS,7.4,9.746000280521226,NaCl,141.87275236552944,none,0.0,none,0.0,Proline,25.33597230390725,1.4,1.5,2.854723140339253,2.8547231403392423,2.854722622056004,2.626904223739221,2.2749305079038473,1.0
387.0_cb1_s56,Belatacept,Fc-Fusion,4.5,90.0,5.6,0.5,71.44117834133745,25.39835096353537,Histidine,5.9,18.805708786395204,none,0.0,none,0.0,none,0.0,none,0.0,1.4,1.5,3.985412857290493,3.985412857290478,3.98541194236485,3.3191583574248353,1.755377508172299,1.0
393.0_cb1_s57,Belatacept,Fc-Fusion,4.5,90.0,5.6,0.5,69.96607403258243,25.601225623991535,PBS,7.4,9.780945896231438,NaCl,131.1052293230512,none,0.0,none,0.0,none,0.0,1.4,1.5,2.9279924864662483,2.611615980627002,2.579978257194539,2.5768144775664297,2.5764652891554753,1.0
394.0_cb1_s58,Belatacept,Fc-Fusion,4.5,90.0,5.6,0.5,69.57214514018467,25.365479488188107,PBS,7.4,9.869868034526323,NaCl,134.14715188321117,Sucrose,0.19931896701281637,none,0.0,none,0.0,1.4,1.5,3.418382903814125,3.418382903814125,3.418382704215555,2.8265888770751983,2.1239371366053024,1.0
395.0_cb1_s59,Belatacept,Fc-Fusion,4.5,90.0,5.6,0.5,68.2303913648737,25.24309239578097,PBS,7.4,9.610125648935515,NaCl,134.25899911960423,none,0.0,none,0.0,Arginine,25.369590247350782,1.4,1.5,2.2320340743746963,2.2301216694187422,2.2255538980157885,2.2238192110111297,2.223075285419385,1.0
396.0_cb1_s60,Belatacept,Fc-Fusion,4.5,90.0,5.6,0.5,67.76574844399624,24.630485670988385,PBS,7.4,10.130466067635336,NaCl,143.9964550200098,none,0.0,none,0.0,Proline,24.790282623670727,1.4,1.5,2.9339587511587593,2.9339587511587553,2.9339584685774893,2.694817179174976,2.3076792518765936,1.0
387.0_cb1_s61,Belatacept,Fc-Fusion,4.5,90.0,5.6,0.5,69.6531466144644,25.660207004891916,Histidine,5.9,18.471212196224194,none,0.0,none,0.0,none,0.0,none,0.0,1.4,1.5,4.029417097762856,4.0294170977628445,4.029416224481381,3.345369032105633,1.7341051815650257,1.0
393.0_cb1_s62,Belatacept,Fc-Fusion,4.5,90.0,5.6,0.5,69.98026144773065,24.96867588893909,PBS,7.4,10.048248049681344,NaCl,140.23661440794,none,0.0,none,0.0,none,0.0,1.4,1.5,2.8912110913635893,2.544806765448825,2.5101662530946993,2.5067021938830045,2.5063198634195185,1.0
420.0_cb2_s1,Etanercept,Fc-Fusion,4.5,150.0,7.4,0.6,151.7635676644132,25.309869392351438,Histidine,6.2,12.022170777084373,none,0.0,none,0.0,none,0.0,none,0.0,1.4,1.5,98.06425604451151,97.40658937944353,88.08275382954089,52.24350111010566,9.278517645976573,2.0
421.0_cb2_s2,Belatacept,Fc-Fusion,4.5,90.0,5.6,0.5,108.22597075594028,25.037847470002543,Histidine,5.8,20.27423589851937,none,0.0,none,0.0,none,0.0,none,0.0,1.4,1.5,7.310334978458265,7.3103349784581795,7.3103343430372085,6.468659134447627,3.1529797042421426,2.0
410.0_cb2_s3,Etanercept,Fc-Fusion,4.5,150.0,7.4,0.6,132.49426317373744,25.23968047671471,Histidine,6.2,11.843795735906472,none,0.0,none,0.0,none,0.0,none,0.0,1.4,1.5,67.0560101675928,64.60635220923089,54.04688259202207,32.89836853222291,7.846892917077074,2.0
418.0_cb2_s4,Etanercept,Fc-Fusion,4.5,150.0,7.4,0.6,101.74149328917682,25.474406548235812,Histidine,6.2,12.532672506116096,none,0.0,none,0.0,none,0.0,none,0.0,1.4,1.5,22.79438553070539,18.147597319750723,12.662062741888464,7.641972219532731,2.8132069211207162,2.0
419.0_cb2_s5,Etanercept,Fc-Fusion,4.5,150.0,7.4,0.6,119.81790851835595,24.157666211386807,Histidine,6.2,12.54772913103593,none,0.0,none,0.0,none,0.0,none,0.0,1.4,1.5,31.139776887786635,21.85536943700081,13.14128158751499,6.536006558443222,0.8052886398396089,2.0
420.0_cb2_s6,Etanercept,Fc-Fusion,4.5,150.0,7.4,0.6,146.26637249974584,25.116434043713447,Histidine,6.2,12.34799846426567,none,0.0,none,0.0,none,0.0,none,0.0,1.4,1.5,95.68464971298283,95.26354017382235,87.95047799469462,55.90471693223618,12.724426222132964,2.0
421.0_cb2_s7,Belatacept,Fc-Fusion,4.5,90.0,5.6,0.5,112.18632087196696,25.686957192605725,Histidine,5.8,19.659045293570358,none,0.0,none,0.0,none,0.0,none,0.0,1.4,1.5,7.0681336871875695,7.0681336871869975,7.068131984065922,6.225010368361456,3.091483389181271,2.0
410.0_cb2_s8,Etanercept,Fc-Fusion,4.5,150.0,7.4,0.6,134.6096889469619,25.31798387535587,Histidine,6.2,12.294480997043019,none,0.0,none,0.0,none,0.0,none,0.0,1.4,1.5,68.46005725982558,66.50988760085876,57.15036349488343,36.45501961819602,9.327877791606504,2.0
418.0_cb2_s9,Etanercept,Fc-Fusion,4.5,150.0,7.4,0.6,96.62298962386299,24.439976288765063,Histidine,6.2,12.667727812069218,none,0.0,none,0.0,none,0.0,none,0.0,1.4,1.5,19.015517075961892,14.803478996492686,10.183726651842067,6.230811372354468,2.633822162038348,2.0
419.0_cb2_s10,Etanercept,Fc-Fusion,4.5,150.0,7.4,0.6,121.54684437994871,25.46412284567216,Histidine,6.2,12.375867066129507,none,0.0,none,0.0,none,0.0,none,0.0,1.4,1.5,31.273732742260435,21.859195706014667,13.099019253567347,6.504665714163081,0.806360253399262,2.0
420.0_cb2_s11,Etanercept,Fc-Fusion,4.5,150.0,7.4,0.6,152.48134628569733,25.078987156125727,Histidine,6.2,12.18202024972182,none,0.0,none,0.0,none,0.0,none,0.0,1.4,1.5,92.45102701878088,91.81069932822058,83.75797763933605,53.66418055926712,12.272784778002368,2.0
421.0_cb2_s12,Belatacept,Fc-Fusion,4.5,90.0,5.6,0.5,113.66021223071564,25.152621563265676,Histidine,5.8,20.234956679922405,none,0.0,none,0.0,none,0.0,none,0.0,1.4,1.5,7.336232848026254,7.336232848026171,7.336232210387431,6.533100344370551,3.3176835353311573,2.0
410.0_cb2_s13,Etanercept,Fc-Fusion,4.5,150.0,7.4,0.6,130.54129538918414,24.928370542317904,Histidine,6.2,12.774136779557562,none,0.0,none,0.0,none,0.0,none,0.0,1.4,1.5,70.35513818882035,68.27333236710217,58.13633167469797,35.916348893035405,8.53709199218368,2.0
418.0_cb2_s14,Etanercept,Fc-Fusion,4.5,150.0,7.4,0.6,100.00629545381265,25.614995184219342,Histidine,6.2,12.745670785692486,none,0.0,none,0.0,none,0.0,none,0.0,1.4,1.5,18.908419430670246,14.872413635178166,10.35624919128384,6.4211306841840035,2.7864948818598445,2.0
419.0_cb2_s15,Etanercept,Fc-Fusion,4.5,150.0,7.4,0.6,124.19552896589,25.520030909951284,Histidine,6.2,12.315057209006758,none,0.0,none,0.0,none,0.0,none,0.0,1.4,1.5,31.27444780356745,22.204847130566723,13.500576381293275,6.771943016865862,0.8351039744997171,2.0
420.0_cb2_s16,Etanercept,Fc-Fusion,4.5,150.0,7.4,0.6,152.36975916654256,25.484784512876452,Histidine,6.2,12.58171385015261,none,0.0,none,0.0,none,0.0,none,0.0,1.4,1.5,91.93536000683818,91.32783682168706,83.22751488767048,52.78082165209963,11.947282570041965,2.0
421.0_cb2_s17,Belatacept,Fc-Fusion,4.5,90.0,5.6,0.5,109.29875370645851,24.485094075729076,Histidine,5.8,19.950662374381555,none,0.0,none,0.0,none,0.0,none,0.0,1.4,1.5,6.986160766442678,6.986160766442314,6.986159322244609,6.142370126053793,3.1716211079148233,2.0
410.0_cb2_s18,Etanercept,Fc-Fusion,4.5,150.0,7.4,0.6,133.21085856966405,25.72637777256309,Histidine,6.2,12.882186962635227,none,0.0,none,0.0,none,0.0,none,0.0,1.4,1.5,68.10072742645693,66.06822447801764,56.45507604319376,35.55825774734178,8.820564261693924,2.0
418.0_cb2_s19,Etanercept,Fc-Fusion,4.5,150.0,7.4,0.6,102.75693925492303,25.05791229361347,Histidine,6.2,12.597401131022998,none,0.0,none,0.0,none,0.0,none,0.0,1.4,1.5,19.354621412853923,14.9700227947354,10.225938177509292,6.216203839543398,2.604044499062623,2.0
419.0_cb2_s20,Etanercept,Fc-Fusion,4.5,150.0,7.4,0.6,121.35562166064031,25.81789890306791,Histidine,6.2,12.444739384115737,none,0.0,none,0.0,none,0.0,none,0.0,1.4,1.5,30.81837562602091,21.95128067622289,13.387795693985455,6.729735733686619,0.8222319809821709,2.0
420.0_cb2_s21,Etanercept,Fc-Fusion,4.5,150.0,7.4,0.6,149.6555932537228,25.28338586309209,Histidine,6.2,12.335656861501318,none,0.0,none,0.0,none,0.0,none,0.0,1.4,1.5,95.93518969439793,94.98986764960647,84.96849139307369,52.75755934142783,11.335297560424511,2.0
421.0_cb2_s22,Belatacept,Fc-Fusion,4.5,90.0,5.6,0.5,109.06772869955006,24.773292945808073,Histidine,5.8,19.281742730947997,none,0.0,none,0.0,none,0.0,none,0.0,1.4,1.5,7.279291763221726,7.279291763221446,7.279290109786357,6.26458389158406,3.2338029682353358,2.0
410.0_cb2_s23,Etanercept,Fc-Fusion,4.5,150.0,7.4,0.6,132.03225469711762,24.929235181331077,Histidine,6.2,12.899580451910259,none,0.0,none,0.0,none,0.0,none,0.0,1.4,1.5,66.91255051385563,65.24241324197688,56.23306723234779,35.0274304430164,8.48717373076524,2.0
418.0_cb2_s24,Etanercept,Fc-Fusion,4.5,150.0,7.4,0.6,95.79050098856197,26.021088955267363,Histidine,6.2,12.53883124979985,none,0.0,none,0.0,none,0.0,none,0.0,1.4,1.5,20.941881160634303,16.48904265238435,11.417865758489294,6.927537426321965,2.7247609768989323,2.0
419.0_cb2_s25,Etanercept,Fc-Fusion,4.5,150.0,7.4,0.6,125.46500759532793,24.382744000788804,Histidine,6.2,12.242008429038204,none,0.0,none,0.0,none,0.0,none,0.0,1.4,1.5,32.5171549141129,22.979580691668705,13.902763965695051,6.940344188727914,0.8440836481201985,2.0
420.0_cb2_s26,Etanercept,Fc-Fusion,4.5,150.0,7.4,0.6,152.19300188035646,25.269217478608226,Histidine,6.2,12.67893356029271,none,0.0,none,0.0,none,0.0,none,0.0,1.4,1.5,94.49071002882103,93.74760783754813,85.05137766153182,54.233263924712645,12.329327476172292,2.0
421.0_cb2_s27,Belatacept,Fc-Fusion,4.5,90.0,5.6,0.5,111.09801079550306,24.153864584178336,Histidine,5.8,19.93184569384472,none,0.0,none,0.0,none,0.0,none,0.0,1.4,1.5,7.8136473936265585,7.813647393626489,7.8136467978535435,6.938568116874548,3.422882340782698,2.0
410.0_cb2_s28,Etanercept,Fc-Fusion,4.5,150.0,7.4,0.6,137.0065888328486,24.906660518843278,Histidine,6.2,12.682265911250589,none,0.0,none,0.0,none,0.0,none,0.0,1.4,1.5,65.71439301151261,63.36445616307453,53.17505314448656,32.66261406524533,7.9738874109381594,2.0
418.0_cb2_s29,Etanercept,Fc-Fusion,4.5,150.0,7.4,0.6,101.41870502891064,25.00972912775944,Histidine,6.2,12.465371938848193,none,0.0,none,0.0,none,0.0,none,0.0,1.4,1.5,19.817725139789324,15.389468297632162,10.557130577327577,6.44123943350125,2.710005602537842,2.0
419.0_cb2_s30,Etanercept,Fc-Fusion,4.5,150.0,7.4,0.6,121.78476426129643,24.89756166806764,Histidine,6.2,12.507848966383195,none,0.0,none,0.0,none,0.0,none,0.0,1.4,1.5,31.48375522462966,22.208349766537882,13.415813364829084,6.6935467066640655,0.8206997178744782,2.0
420.0_cb2_s31,Etanercept,Fc-Fusion,4.5,150.0,7.4,0.6,151.8285781356258,24.22231313307938,Histidine,6.2,12.550211273278927,none,0.0,none,0.0,none,0.0,none,0.0,1.4,1.5,100.3680622993985,99.49934324184098,89.35434512349413,54.4149512824205,10.684030554372848,2.0
421.0_cb2_s32,Belatacept,Fc-Fusion,4.5,90.0,5.6,0.5,107.81410306569312,25.067962283609173,Histidine,5.8,20.03378671455598,none,0.0,none,0.0,none,0.0,none,0.0,1.4,1.5,7.312043424927214,7.312043424926941,7.312042134240972,6.427321843264346,3.229090633109456,2.0
410.0_cb2_s33,Etanercept,Fc-Fusion,4.5,150.0,7.4,0.6,134.22650951518509,24.64320766504641,Histidine,6.2,12.044809930549496,none,0.0,none,0.0,none,0.0,none,0.0,1.4,1.5,65.33346354759496,63.38317332839558,53.7837309723594,33.110674081912705,8.19223226864538,2.0
418.0_cb2_s34,Etanercept,Fc-Fusion,4.5,150.0,7.4,0.6,101.77830764957561,24.439124448572056,Histidine,6.2,12.308283990498863,none,0.0,none,0.0,none,0.0,none,0.0,1.4,1.5,19.93165290533269,15.660125395095351,10.825914474724597,6.56991379365253,2.6052861753862926,2.0
419.0_cb2_s35,Etanercept,Fc-Fusion,4.5,150.0,7.4,0.6,120.96056605326426,25.10082645256463,Histidine,6.2,12.242506931305766,none,0.0,none,0.0,none,0.0,none,0.0,1.4,1.5,33.03044296826469,23.518383007935313,14.339878383708028,7.208098699263166,0.8811896569554385,2.0
420.0_cb2_s36,Etanercept,Fc-Fusion,4.5,150.0,7.4,0.6,149.88031684874488,24.297880216869206,Histidine,6.2,12.466454947330769,none,0.0,none,0.0,none,0.0,none,0.0,1.4,1.5,95.89993742509195,95.27259956738689,87.3806439543914,57.80834526403509,14.898747005582893,2.0
421.0_cb2_s37,Belatacept,Fc-Fusion,4.5,90.0,5.6,0.5,106.96268284702077,24.781922279246256,Histidine,5.8,19.896951805795602,none,0.0,none,0.0,none,0.0,none,0.0,1.4,1.5,7.4035841802355495,7.403584180234503,7.403582118037217,6.593348755802829,3.364229899989012,2.0
410.0_cb2_s38,Etanercept,Fc-Fusion,4.5,150.0,7.4,0.6,134.40092252615034,25.04891358735396,Histidine,6.2,12.609001443805646,none,0.0,none,0.0,none,0.0,none,0.0,1.4,1.5,67.35940688994518,65.3880009954065,55.679755196196695,34.2884380754991,8.181061050306518,2.0
418.0_cb2_s39,Etanercept,Fc-Fusion,4.5,150.0,7.4,0.6,100.95901509600323,25.364470597285226,Histidine,6.2,12.326912306441551,none,0.0,none,0.0,none,0.0,none,0.0,1.4,1.5,19.82259697905072,15.321347864453223,10.468965345320134,6.381304300940849,2.7089392937607193,2.0
419.0_cb2_s40,Etanercept,Fc-Fusion,4.5,150.0,7.4,0.6,122.17910955270493,25.061739904582296,Histidine,6.2,12.468928555709391,none,0.0,none,0.0,none,0.0,none,0.0,1.4,1.5,33.57208384193111,24.15058122748379,14.86261862517967,7.511641109485997,0.8973603894337145,2.0
420.0_cb2_s41,Etanercept,Fc-Fusion,4.5,150.0,7.4,0.6,151.5543051060899,24.735399495094242,Histidine,6.2,12.28267825325284,none,0.0,none,0.0,none,0.0,none,0.0,1.4,1.5,95.17320081420758,94.62213728269323,85.83871167083417,50.83004297939446,9.287337245499991,2.0
421.0_cb2_s42,Belatacept,Fc-Fusion,4.5,90.0,5.6,0.5,110.60062357848764,23.962679981226817,Histidine,5.8,19.963217286958294,none,0.0,none,0.0,none,0.0,none,0.0,1.4,1.5,7.2876237730764775,7.287623773075836,7.287621376678223,6.260384691800267,3.1817950755404074,2.0
410.0_cb2_s43,Etanercept,Fc-Fusion,4.5,150.0,7.4,0.6,131.9467961739634,24.43596872259615,Histidine,6.2,12.577473694845159,none,0.0,none,0.0,none,0.0,none,0.0,1.4,1.5,67.50101171416684,65.39181987290009,55.273961271649306,33.708298460101126,8.030277596425433,2.0
418.0_cb2_s44,Etanercept,Fc-Fusion,4.5,150.0,7.4,0.6,97.39682403439333,24.073490758551216,Histidine,6.2,12.468778278662484,none,0.0,none,0.0,none,0.0,none,0.0,1.4,1.5,20.03964411067627,15.886597253637532,11.083254143085423,6.769503417662674,2.6845032458938167,2.0
419.0_cb2_s45,Etanercept,Fc-Fusion,4.5,150.0,7.4,0.6,122.49703414234762,24.022475614840857,Histidine,6.2,12.407765140242134,none,0.0,none,0.0,none,0.0,none,0.0,1.4,1.5,32.22198684677216,22.803988076600827,13.827290121174912,6.925292318183591,0.8512550559833981,2.0
420.0_cb2_s46,Etanercept,Fc-Fusion,4.5,150.0,7.4,0.6,151.66806629052687,24.704357605599053,Histidine,6.2,12.038356738048895,none,0.0,none,0.0,none,0.0,none,0.0,1.4,1.5,96.369041062811,95.5602812487717,85.7447045271009,52.03274487360009,10.367065722107863,2.0
421.0_cb2_s47,Belatacept,Fc-Fusion,4.5,90.0,5.6,0.5,109.27229522874929,24.74491959317489,Histidine,5.8,20.059782435865326,none,0.0,none,0.0,none,0.0,none,0.0,1.4,1.5,7.196253665694369,7.196253665693812,7.196252124911035,6.405681948377227,3.299147871999201,2.0
410.0_cb2_s48,Etanercept,Fc-Fusion,4.5,150.0,7.4,0.6,131.25067347600182,25.031165674809564,Histidine,6.2,12.5267924788149,none,0.0,none,0.0,none,0.0,none,0.0,1.4,1.5,69.11974750323401,67.23732701836087,57.19685556783976,34.52942111821553,8.089994983895894,2.0
418.0_cb2_s49,Etanercept,Fc-Fusion,4.5,150.0,7.4,0.6,100.58192946027489,24.746495670364972,Histidine,6.2,12.371524843337788,none,0.0,none,0.0,none,0.0,none,0.0,1.4,1.5,20.0441514068408,15.857968643755674,11.046061392804233,6.7489877593718735,2.6987797553032333,2.0
419.0_cb2_s50,Etanercept,Fc-Fusion,4.5,150.0,7.4,0.6,127.04557896558667,24.463335983888552,Histidine,6.2,12.392788018598482,none,0.0,none,0.0,none,0.0,none,0.0,1.4,1.5,30.955397688502607,21.88254991549222,13.251752249989007,6.631563906392741,0.8288187475064033,2.0
420.0_cb2_s51,Etanercept,Fc-Fusion,4.5,150.0,7.4,0.6,146.8319076001,24.87152743743911,Histidine,6.2,12.576958093128471,none,0.0,none,0.0,none,0.0,none,0.0,1.4,1.5,96.97417928568949,96.412356035649,87.83784376768396,54.103232623280206,11.323843269818779,2.0
421.0_cb2_s52,Belatacept,Fc-Fusion,4.5,90.0,5.6,0.5,109.77561162340095,24.578783684936838,Histidine,5.8,20.300349111760532,none,0.0,none,0.0,none,0.0,none,0.0,1.4,1.5,7.742321477175527,7.742321477175158,7.742319849886758,6.719059408074996,3.120453297494786,2.0
410.0_cb2_s53,Etanercept,Fc-Fusion,4.5,150.0,7.4,0.6,136.19592035861362,25.21194474122199,Histidine,6.2,12.25855434178401,none,0.0,none,0.0,none,0.0,none,0.0,1.4,1.5,68.77007074040124,66.51254538602713,55.75286176657974,33.095456800625435,7.42856229982087,2.0
418.0_cb2_s54,Etanercept,Fc-Fusion,4.5,150.0,7.4,0.6,99.17504197622414,24.63065125083522,Histidine,6.2,12.093248769783314,none,0.0,none,0.0,none,0.0,none,0.0,1.4,1.5,19.575888205082585,15.272031007551734,10.51278966736562,6.410209763216097,2.654243922646622,2.0
419.0_cb2_s55,Etanercept,Fc-Fusion,4.5,150.0,7.4,0.6,122.85860605145635,24.59069748666996,Histidine,6.2,12.773026695995608,none,0.0,none,0.0,none,0.0,none,0.0,1.4,1.5,35.01855364446157,24.945571568811083,15.216059992443112,7.64817788578105,0.925005398852407,2.0
420.0_cb2_s56,Etanercept,Fc-Fusion,4.5,150.0,7.4,0.6,146.40082420472936,25.349459842540394,Histidine,6.2,12.397549689051617,none,0.0,none,0.0,none,0.0,none,0.0,1.4,1.5,94.20609542338688,93.70477061087145,86.34054780134423,56.83151873123206,14.654180855990399,2.0
421.0_cb2_s57,Belatacept,Fc-Fusion,4.5,90.0,5.6,0.5,108.58962121361562,25.329527171956713,Histidine,5.8,20.410757847303167,none,0.0,none,0.0,none,0.0,none,0.0,1.4,1.5,7.461320975851516,7.461320975851017,7.4613195521312115,6.612499899671107,3.0931385470185973,2.0
410.0_cb2_s58,Etanercept,Fc-Fusion,4.5,150.0,7.4,0.6,132.37818128857592,25.455209249842785,Histidine,6.2,12.893433554138777,none,0.0,none,0.0,none,0.0,none,0.0,1.4,1.5,68.67037839276642,66.56926106308255,56.83555969602053,35.991238286765366,9.201369893689343,2.0
418.0_cb2_s59,Etanercept,Fc-Fusion,4.5,150.0,7.4,0.6,100.15914706988434,25.379412208081803,Histidine,6.2,12.67408071552008,none,0.0,none,0.0,none,0.0,none,0.0,1.4,1.5,21.5523359430603,17.184389144342546,12.00451635547191,7.244199278337258,2.6492855360883105,2.0
419.0_cb2_s60,Etanercept,Fc-Fusion,4.5,150.0,7.4,0.6,119.38247999851731,25.541056156496573,Histidine,6.2,12.467741471217554,none,0.0,none,0.0,none,0.0,none,0.0,1.4,1.5,34.287387008822,24.623911870465385,15.1351965872047,7.647561375006784,0.9161341410446481,2.0
420.0_cb2_s61,Etanercept,Fc-Fusion,4.5,150.0,7.4,0.6,147.58471445690847,25.094237880509052,Histidine,6.2,12.335827663593147,none,0.0,none,0.0,none,0.0,none,0.0,1.4,1.5,93.32045287013186,92.69406648213764,84.63150846438306,54.09078828716825,12.252607150207481,2.0
475.0_cb0_s1,Vudalimab,Bispecific,5.0,152.0,8.7,0.3,69.30812766029241,24.40080393752398,Acetate,5.2,28.607151016664385,none,0.0,none,0.0,none,0.0,none,0.0,1.5,1.3,1.8799716561266726,1.820458446856017,1.761952174491049,1.7046719792709548,1.5849808101237461,0.0
481.0_cb0_s2,Vudalimab,Bispecific,5.0,152.0,8.7,0.3,50.475588435928586,24.12655215432722,Histidine,6.2,13.849146965543092,none,0.0,none,0.0,none,0.0,none,0.0,1.5,1.3,2.016353303835054,2.0069972459594183,1.6506011128562157,1.4989844222322128,1.4138561359952582,0.0
483.0_cb0_s3,Vudalimab,Bispecific,5.0,152.0,8.7,0.3,49.48746588935345,24.59923620494773,Histidine,6.2,13.902787781368566,none,0.0,Sucrose,0.8123328355198076,none,0.0,none,0.0,1.5,1.3,1.488527698644441,1.4885266033595468,1.3718273725351318,1.2700257159609296,1.2071099398680118,0.0
465.0_cb0_s4,Vudalimab,Bispecific,5.0,152.0,8.7,0.3,82.6797754766625,24.86259884762366,Histidine,6.2,12.905664262168251,none,0.0,none,0.0,none,0.0,none,0.0,1.5,1.3,3.9165884780148605,2.9575464739471857,2.3026461957634314,1.8554349468045492,1.3123372893480634,0.0
482.0_cb0_s5,Vudalimab,Bispecific,5.0,152.0,8.7,0.3,51.16225959750567,24.730204389631435,Histidine,6.2,14.250574955687512,none,0.0,Sucrose,0.3869438809197887,none,0.0,none,0.0,1.5,1.3,2.26048854628823,1.891719562713479,1.649186948431439,1.4896777102372447,1.3063474799059902,0.0
475.0_cb0_s6,Vudalimab,Bispecific,5.0,152.0,8.7,0.3,69.08539902698425,24.536223334594137,Acetate,5.2,27.8934651271286,none,0.0,none,0.0,none,0.0,none,0.0,1.5,1.3,1.4218680125834773,1.346748815796263,1.274819835078084,1.2062580547691037,1.0690068385954663,0.0
481.0_cb0_s7,Vudalimab,Bispecific,5.0,152.0,8.7,0.3,48.75775346645077,24.437206442984017,Histidine,6.2,13.693058309036802,none,0.0,none,0.0,none,0.0,none,0.0,1.5,1.3,1.9136981614660622,1.907537723678515,1.6489952700806279,1.5324194913705873,1.4619331008241183,0.0
483.0_cb0_s8,Vudalimab,Bispecific,5.0,152.0,8.7,0.3,50.60873558912442,24.721434713713887,Histidine,6.2,13.835803758311144,none,0.0,Sucrose,0.790083645947938,none,0.0,none,0.0,1.5,1.3,1.4969461019024173,1.4969457358433784,1.3724540948401598,1.268588301759213,1.2106162782063352,0.0
465.0_cb0_s9,Vudalimab,Bispecific,5.0,152.0,8.7,0.3,77.57995365552179,24.334647434334535,Histidine,6.2,12.911948712307435,none,0.0,none,0.0,none,0.0,none,0.0,1.5,1.3,4.138397161073276,3.3450013881930416,2.7475389408600566,2.297623038047329,1.665777313147755,0.0
482.0_cb0_s10,Vudalimab,Bispecific,5.0,152.0,8.7,0.3,50.80315474261402,25.1198137591195,Histidine,6.2,14.205255198810478,none,0.0,Sucrose,0.3848579025792796,none,0.0,none,0.0,1.5,1.3,2.207701044893337,1.8015793408932446,1.5571656631406388,1.4100717411924237,1.2613832027905936,0.0
475.0_cb0_s11,Vudalimab,Bispecific,5.0,152.0,8.7,0.3,67.82487482790454,25.00313657809221,Acetate,5.2,27.14234022346356,none,0.0,none,0.0,none,0.0,none,0.0,1.5,1.3,1.4557847142296505,1.3768584664516132,1.3014362311868806,1.2296887532466054,1.0865031702526573,0.0
481.0_cb0_s12,Vudalimab,Bispecific,5.0,152.0,8.7,0.3,49.23581321336216,25.43808696584654,Histidine,6.2,13.801359275948027,none,0.0,none,0.0,none,0.0,none,0.0,1.5,1.3,2.072855831256834,2.058772441969942,1.6517075483400183,1.4860465716954834,1.3966560588661912,0.0
483.0_cb0_s13,Vudalimab,Bispecific,5.0,152.0,8.7,0.3,50.03390272368233,24.404796132162755,Histidine,6.2,14.259273028200091,none,0.0,Sucrose,0.7985427862343516,none,0.0,none,0.0,1.5,1.3,1.529007115264397,1.5290066129248716,1.3913801545726883,1.2624187185906999,1.1858279138400851,0.0
465.0_cb0_s14,Vudalimab,Bispecific,5.0,152.0,8.7,0.3,77.1616486142206,24.65697512148241,Histidine,6.2,13.33335269340505,none,0.0,none,0.0,none,0.0,none,0.0,1.5,1.3,3.9157907955435074,2.9066121716663424,2.2349681882216483,1.7879654187198568,1.265216517354343,0.0
482.0_cb0_s15,Vudalimab,Bispecific,5.0,152.0,8.7,0.3,51.18398744319689,25.170912606977485,Histidine,6.2,13.983189488327202,none,0.0,Sucrose,0.3951844444645186,none,0.0,none,0.0,1.5,1.3,2.3510161634341697,1.9369060407882754,1.6679711501313925,1.4933172262385503,1.2962425488719678,0.0
475.0_cb0_s16,Vudalimab,Bispecific,5.0,152.0,8.7,0.3,67.1373131642539,25.884084646529892,Acetate,5.2,28.179180507041295,none,0.0,none,0.0,none,0.0,none,0.0,1.5,1.3,1.1797793348892598,1.0994986935863686,1.0242673674800284,0.9541080495465114,0.8184462436232877,0.0
481.0_cb0_s17,Vudalimab,Bispecific,5.0,152.0,8.7,0.3,50.97604071935594,25.69974321348617,Histidine,6.2,13.82397679457912,none,0.0,none,0.0,none,0.0,none,0.0,1.5,1.3,1.919138435192467,1.911041128118761,1.5837274119160287,1.4521675484191483,1.3833566998080864,0.0
483.0_cb0_s18,Vudalimab,Bispecific,5.0,152.0,8.7,0.3,51.090183471020445,24.62595196768918,Histidine,6.2,13.449148982016721,none,0.0,Sucrose,0.7996600835315801,none,0.0,none,0.0,1.5,1.3,1.487512199250827,1.4875115740458265,1.3621118830485515,1.2439869026191923,1.1658325336608393,0.0
465.0_cb0_s19,Vudalimab,Bispecific,5.0,152.0,8.7,0.3,80.61077467034002,24.813315787498457,Histidine,6.2,13.364946589384083,none,0.0,none,0.0,none,0.0,none,0.0,1.5,1.3,4.317050844181945,3.49500270217153,2.8700102797301783,2.3948367377181867,1.7178581226717176,0.0
482.0_cb0_s20,Vudalimab,Bispecific,5.0,152.0,8.7,0.3,51.098983357441966,25.97991862737234,Histidine,6.2,14.126171653840789,none,0.0,Sucrose,0.4006621832302834,none,0.0,none,0.0,1.5,1.3,2.336592603940603,1.935351332877359,1.6809304797354157,1.5196062056885025,1.3437858295871525,0.0
475.0_cb0_s21,Vudalimab,Bispecific,5.0,152.0,8.7,0.3,68.01818217216449,24.807771560511455,Acetate,5.2,27.76982603555822,none,0.0,none,0.0,none,0.0,none,0.0,1.5,1.3,1.768222940086264,1.7016789132650818,1.6367327792583166,1.5736121595813173,1.4432512968371627,0.0
481.0_cb0_s22,Vudalimab,Bispecific,5.0,152.0,8.7,0.3,49.87145370674804,24.674162438921794,Histidine,6.2,13.385572908450394,none,0.0,none,0.0,none,0.0,none,0.0,1.5,1.3,2.065122841849051,2.047836510574415,1.633288739044529,1.4715999848492203,1.3877808282649602,0.0
483.0_cb0_s23,Vudalimab,Bispecific,5.0,152.0,8.7,0.3,49.516382860444565,25.42089038739201,Histidine,6.2,13.705658391660899,none,0.0,Sucrose,0.759491690939987,none,0.0,none,0.0,1.5,1.3,1.571976522126379,1.5719756575839323,1.4250721490630183,1.2982631224926615,1.2238352457881805,0.0
465.0_cb0_s24,Vudalimab,Bispecific,5.0,152.0,8.7,0.3,80.41403168839027,25.597765694043357,Histidine,6.2,13.089878159180405,none,0.0,none,0.0,none,0.0,none,0.0,1.5,1.3,4.115535356861606,3.216674865344184,2.5673261109417114,2.098227949112816,1.4790765856590435,0.0
482.0_cb0_s25,Vudalimab,Bispecific,5.0,152.0,8.7,0.3,49.338458557484714,25.37670973175122,Histidine,6.2,13.827929140566495,none,0.0,Sucrose,0.3931492118537504,none,0.0,none,0.0,1.5,1.3,2.3407074547892863,1.9142502280300389,1.6478187798702653,1.4813643751752457,1.3038018277565535,0.0
475.0_cb0_s26,Vudalimab,Bispecific,5.0,152.0,8.7,0.3,70.78304326137061,24.625414136698378,Acetate,5.2,28.73668464292646,none,0.0,none,0.0,none,0.0,none,0.0,1.5,1.3,1.2617668740747434,1.183127845470151,1.108849213457841,1.0390239301939799,0.9023103229942945,0.0
481.0_cb0_s27,Vudalimab,Bispecific,5.0,152.0,8.7,0.3,48.767568760836,25.476230985268085,Histidine,6.2,14.47297290142247,none,0.0,none,0.0,none,0.0,none,0.0,1.5,1.3,2.0163649208730576,1.9989265647434373,1.62857053581779,1.4790401062819067,1.3976172159583427,0.0
483.0_cb0_s28,Vudalimab,Bispecific,5.0,152.0,8.7,0.3,52.0358735351818,25.23448903907423,Histidine,6.2,13.862252066636545,none,0.0,Sucrose,0.8212489102237917,none,0.0,none,0.0,1.5,1.3,1.5751468556496446,1.5751460541400029,1.4347759884646378,1.3121723819219941,1.241411811473395,0.0
465.0_cb0_s29,Vudalimab,Bispecific,5.0,152.0,8.7,0.3,77.67851537422204,25.03778818633502,Histidine,6.2,13.783193318306347,none,0.0,none,0.0,none,0.0,none,0.0,1.5,1.3,3.9379412279833423,3.0043969737130736,2.356964008482977,1.9079553600677799,1.350097459508209,0.0
482.0_cb0_s30,Vudalimab,Bispecific,5.0,152.0,8.7,0.3,50.746980840104705,25.015745781131,Histidine,6.2,14.19322062937425,none,0.0,Sucrose,0.40870168340926294,none,0.0,none,0.0,1.5,1.3,2.3238973496803212,1.9104946301174373,1.6504497400144276,1.4868723722388122,1.3106480984453321,0.0
475.0_cb0_s31,Vudalimab,Bispecific,5.0,152.0,8.7,0.3,68.52519173974817,24.812732924624875,Acetate,5.2,27.451241678121946,none,0.0,none,0.0,none,0.0,none,0.0,1.5,1.3,1.0240948692824474,0.941953195544351,0.8663680431956056,0.7971781100684612,0.6673112927076228,0.0
481.0_cb0_s32,Vudalimab,Bispecific,5.0,152.0,8.7,0.3,51.900268424310966,25.511528277626123,Histidine,6.2,14.460191622553747,none,0.0,none,0.0,none,0.0,none,0.0,1.5,1.3,1.8860534367529924,1.877306102075927,1.5740413996112026,1.446270112670608,1.3753047836648213,0.0
483.0_cb0_s33,Vudalimab,Bispecific,5.0,152.0,8.7,0.3,51.1861454740423,25.770161989909944,Histidine,6.2,13.845110371302765,none,0.0,Sucrose,0.7959367726976443,none,0.0,none,0.0,1.5,1.3,1.5176010728745495,1.5176004110143122,1.3964228068870403,1.2925190983706363,1.2361403753873537,0.0
465.0_cb0_s34,Vudalimab,Bispecific,5.0,152.0,8.7,0.3,79.55732516524937,25.056697195983347,Histidine,6.2,13.62392838045206,none,0.0,none,0.0,none,0.0,none,0.0,1.5,1.3,4.010669437359431,3.115034588818834,2.476552625999222,2.0213903285676835,1.4323717784630796,0.0
482.0_cb0_s35,Vudalimab,Bispecific,5.0,152.0,8.7,0.3,50.22058353773736,24.36452413945386,Histidine,6.2,13.893997671900317,none,0.0,Sucrose,0.4071893532827134,none,0.0,none,0.0,1.5,1.3,2.387428224859498,1.984845078424972,1.716307650203066,1.5371835582632694,1.3270146545771973,0.0
467.0_cb1_s1,Vudalimab,Bispecific,5.0,152.0,8.7,0.3,98.97802165960854,23.72322520197205,Histidine,6.2,12.956219920157059,NaCl,139.08716501171284,none,0.0,none,0.0,none,0.0,1.5,1.3,1.501696965303638,1.5071277610836413,1.522288371715,1.5272964898774377,1.5294760878680844,1.0
469.0_cb1_s2,Vudalimab,Bispecific,5.0,152.0,8.7,0.3,100.95330208160111,25.857953815566347,Histidine,6.2,12.974643400226139,none,0.0,none,0.0,tween-80,0.050327811073574126,none,0.0,1.5,1.3,2.6608000902545044,2.6607992874947364,2.515808903205026,2.175228678789374,1.8778270403854453,1.0
466.0_cb1_s3,Vudalimab,Bispecific,5.0,152.0,8.7,0.3,100.30280609590348,25.14922590699072,Histidine,6.2,12.796524364671168,none,0.0,none,0.0,none,0.0,none,0.0,1.5,1.3,3.4465591028934863,3.3597389934802484,3.1440302615762183,2.7614651253001474,2.245739314016295,1.0
468.0_cb1_s4,Vudalimab,Bispecific,5.0,152.0,8.7,0.3,101.57281242399164,24.720226857355264,Histidine,6.2,12.263412124562887,none,0.0,Sucrose,0.41087351595331223,none,0.0,none,0.0,1.5,1.3,2.930063134496071,2.4499434497745955,1.9110149926879916,1.4512293203442004,1.0577498873520648,1.0
470.0_cb1_s5,Vudalimab,Bispecific,5.0,152.0,8.7,0.3,101.87728004535789,24.911943783020067,Histidine,6.2,13.021576728891253,NaCl,139.63340774564685,Sucrose,0.4090259182661507,none,0.0,none,0.0,1.5,1.3,3.2915096563953377,2.8220144208659024,2.4415134039566517,2.1331374873275353,1.6492019416751358,1.0
467.0_cb1_s6,Vudalimab,Bispecific,5.0,152.0,8.7,0.3,98.65697558603891,24.97261081983059,Histidine,6.2,12.760172623940573,NaCl,140.02061550798598,none,0.0,none,0.0,none,0.0,1.5,1.3,1.4605871741485084,1.4611582095808966,1.4628522312529855,1.4634399902809683,1.4637109384369624,1.0
469.0_cb1_s7,Vudalimab,Bispecific,5.0,152.0,8.7,0.3,96.53947453903132,25.666942872750287,Histidine,6.2,13.649327932869163,none,0.0,none,0.0,tween-80,0.05004600638673634,none,0.0,1.5,1.3,2.513342833241642,2.5133426483045005,2.4108622687067625,2.1423064597296007,1.8773008170572045,1.0
466.0_cb1_s8,Vudalimab,Bispecific,5.0,152.0,8.7,0.3,102.69029524090483,25.179869487563394,Histidine,6.2,12.870355187095003,none,0.0,none,0.0,none,0.0,none,0.0,1.5,1.3,3.3030079662894662,3.2494308946223804,3.110834258030423,2.853013702367373,2.487419325538454,1.0
468.0_cb1_s9,Vudalimab,Bispecific,5.0,152.0,8.7,0.3,97.0119244134205,25.627572894187452,Histidine,6.2,12.87060514390845,none,0.0,Sucrose,0.38985490556019753,none,0.0,none,0.0,1.5,1.3,2.8066603309095695,2.3477417355673182,1.8258794843836443,1.3754950316132741,0.9867601579025703,1.0
470.0_cb1_s10,Vudalimab,Bispecific,5.0,152.0,8.7,0.3,103.42205761838157,25.26198025603837,Histidine,6.2,12.896026002571578,NaCl,137.9135302431114,Sucrose,0.39916025833949104,none,0.0,none,0.0,1.5,1.3,2.986313201100222,2.343498974110987,1.8951413173245797,1.58241552671775,1.1905898165473645,1.0
467.0_cb1_s11,Vudalimab,Bispecific,5.0,152.0,8.7,0.3,99.31358814631392,23.9571037805475,Histidine,6.2,13.253168820021616,NaCl,140.83663378490093,none,0.0,none,0.0,none,0.0,1.5,1.3,1.5275749222503885,1.5224317679035233,1.5064427163761105,1.501240477752281,1.499045527586003,1.0
469.0_cb1_s12,Vudalimab,Bispecific,5.0,152.0,8.7,0.3,100.79609643301852,25.19728999274211,Histidine,6.2,12.889303542790586,none,0.0,none,0.0,tween-80,0.050450495723778035,none,0.0,1.5,1.3,2.568974524606201,2.5689740912178665,2.47114755882694,2.2325507848675565,1.9946401541094352,1.0
466.0_cb1_s13,Vudalimab,Bispecific,5.0,152.0,8.7,0.3,98.4658650891994,24.69808085125341,Histidine,6.2,12.883530052003007,none,0.0,none,0.0,none,0.0,none,0.0,1.5,1.3,3.3335706820969095,3.265680624829444,3.0934586536383755,2.7788986871900883,2.3364200536831503,1.0
468.0_cb1_s14,Vudalimab,Bispecific,5.0,152.0,8.7,0.3,99.71024287610423,25.02152043542519,Histidine,6.2,13.265938782603198,none,0.0,Sucrose,0.3984764305125663,none,0.0,none,0.0,1.5,1.3,2.770868361413421,2.3069746919145855,1.77916108810148,1.3239589456918348,0.9324277092066967,1.0
470.0_cb1_s15,Vudalimab,Bispecific,5.0,152.0,8.7,0.3,100.19786757405778,25.169178720967977,Histidine,6.2,12.741929718250507,NaCl,140.05716806819618,Sucrose,0.3882746091412632,none,0.0,none,0.0,1.5,1.3,2.965079287554951,2.363580441305833,1.933329867193767,1.6255727411166951,1.2253043210634562,1.0
467.0_cb1_s16,Vudalimab,Bispecific,5.0,152.0,8.7,0.3,98.04719990267242,24.977372849017833,Histidine,6.2,12.679393660696137,NaCl,143.8947226024039,none,0.0,none,0.0,none,0.0,1.5,1.3,1.420394777169806,1.4371482330584318,1.4904348136242802,1.5081326337083016,1.5157969310304509,1.0
469.0_cb1_s17,Vudalimab,Bispecific,5.0,152.0,8.7,0.3,98.96266656075758,25.426600772525777,Histidine,6.2,13.007651953836163,none,0.0,none,0.0,tween-80,0.05051664444593597,none,0.0,1.5,1.3,2.5230141270793123,2.523013895674591,2.4095940934174367,2.1277410066823195,1.8704229550583302,1.0
466.0_cb1_s18,Vudalimab,Bispecific,5.0,152.0,8.7,0.3,99.8401830946749,25.102537669617313,Histidine,6.2,12.577920542215278,none,0.0,none,0.0,none,0.0,none,0.0,1.5,1.3,3.257803181409379,3.184778347694004,2.9995740419980956,2.6637482073104413,2.2025908444756834,1.0
468.0_cb1_s19,Vudalimab,Bispecific,5.0,152.0,8.7,0.3,97.39431047295051,25.226033919129836,Histidine,6.2,12.907446738059683,none,0.0,Sucrose,0.4002335240314846,none,0.0,none,0.0,1.5,1.3,2.9504705389013575,2.4327068877451437,1.8640961326651575,1.389460855377221,0.9922213222688203,1.0
470.0_cb1_s20,Vudalimab,Bispecific,5.0,152.0,8.7,0.3,99.72383533067703,25.295568058961965,Histidine,6.2,12.972187417836794,NaCl,145.43828766531763,Sucrose,0.386022226664278,none,0.0,none,0.0,1.5,1.3,3.3569969195053795,2.9593790440113477,2.6242715403418497,2.341847017761257,1.87131261833633,1.0
467.0_cb1_s21,Vudalimab,Bispecific,5.0,152.0,8.7,0.3,99.4303261245156,24.946902954980125,Histidine,6.2,13.805557852858527,NaCl,139.27710961351198,none,0.0,none,0.0,none,0.0,1.5,1.3,1.5042567587220632,1.4925161377715932,1.4486817626841453,1.4338995034691884,1.4274527578757146,1.0
469.0_cb1_s22,Vudalimab,Bispecific,5.0,152.0,8.7,0.3,103.63779706440064,25.58859248159217,Histidine,6.2,13.0355541283238,none,0.0,none,0.0,tween-80,0.047695788064056034,none,0.0,1.5,1.3,2.6702490103209096,2.6702484987811674,2.5221287110053936,2.178310746293292,1.8662826848508516,1.0
466.0_cb1_s23,Vudalimab,Bispecific,5.0,152.0,8.7,0.3,100.43792783171195,24.579089184065925,Histidine,6.2,12.36681879373645,none,0.0,none,0.0,none,0.0,none,0.0,1.5,1.3,3.334198714916263,3.2828857397108675,3.1437458079849083,2.8728928436193617,2.4798090957408534,1.0
468.0_cb1_s24,Vudalimab,Bispecific,5.0,152.0,8.7,0.3,100.0674381098021,25.13429679052215,Histidine,6.2,12.710146231288372,none,0.0,Sucrose,0.4095752875900909,none,0.0,none,0.0,1.5,1.3,2.825762395451848,2.328253216606246,1.7886475843181127,1.342784250401755,0.9717026265986859,1.0
470.0_cb1_s25,Vudalimab,Bispecific,5.0,152.0,8.7,0.3,102.72426480737016,24.88177558163207,Histidine,6.2,12.968898897664118,NaCl,136.91108373254735,Sucrose,0.4065644280231032,none,0.0,none,0.0,1.5,1.3,3.035752139867052,2.481044136277001,2.0649819178429007,1.7529118415594218,1.3172577357288482,1.0
467.0_cb1_s26,Vudalimab,Bispecific,5.0,152.0,8.7,0.3,98.8174439812606,25.179172255538003,Histidine,6.2,12.688894938559661,NaCl,135.8181726208912,none,0.0,none,0.0,none,0.0,1.5,1.3,1.5082935688089922,1.5038781278465545,1.488296724799755,1.4833142245571997,1.48126930716493,1.0
469.0_cb1_s27,Vudalimab,Bispecific,5.0,152.0,8.7,0.3,98.15709795314216,24.7173035148573,Histidine,6.2,13.063215010336007,none,0.0,none,0.0,tween-80,0.04952979666121469,none,0.0,1.5,1.3,2.4624207185157196,2.462420620803445,2.3580497946040824,2.110061994795291,1.8944998022858694,1.0
466.0_cb1_s28,Vudalimab,Bispecific,5.0,152.0,8.7,0.3,98.96386196104989,24.84950984380339,Histidine,6.2,12.835826372854372,none,0.0,none,0.0,none,0.0,none,0.0,1.5,1.3,3.406283527435823,3.314625230211366,3.097001385677128,2.726509854034288,2.234227704411765,1.0
468.0_cb1_s29,Vudalimab,Bispecific,5.0,152.0,8.7,0.3,98.80035721216588,24.67143251886097,Histidine,6.2,12.818593084986457,none,0.0,Sucrose,0.39477229683420156,none,0.0,none,0.0,1.5,1.3,2.8477638621992107,2.350106682878563,1.8194344534991194,1.3871076565079197,1.0303513327896938,1.0
470.0_cb1_s30,Vudalimab,Bispecific,5.0,152.0,8.7,0.3,102.54213065201408,24.509968849079694,Histidine,6.2,12.579371840408013,NaCl,141.06617859982214,Sucrose,0.3934607349246853,none,0.0,none,0.0,1.5,1.3,2.9565023069180683,2.3293699500685547,1.8883431590839725,1.5781939095707413,1.184849229267357,1.0
467.0_cb1_s31,Vudalimab,Bispecific,5.0,152.0,8.7,0.3,97.04244575230743,25.836132952048764,Histidine,6.2,12.80828122509053,NaCl,137.66428242354866,none,0.0,none,0.0,none,0.0,1.5,1.3,1.514455111038132,1.4900250248257765,1.4223320939374784,1.4011324335628343,1.3925359439030647,1.0
469.0_cb1_s32,Vudalimab,Bispecific,5.0,152.0,8.7,0.3,96.95942641551878,25.225481317388237,Histidine,6.2,13.261749818519037,none,0.0,none,0.0,tween-80,0.04842884764888212,none,0.0,1.5,1.3,2.45120867173011,2.4512084093280904,2.3343085075220693,2.064499485596128,1.836762736713698,1.0
466.0_cb1_s33,Vudalimab,Bispecific,5.0,152.0,8.7,0.3,99.69606523536793,25.530071909335632,Histidine,6.2,12.767626035038235,none,0.0,none,0.0,none,0.0,none,0.0,1.5,1.3,3.4651128714890023,3.3855513867221037,3.181948223846571,2.8105490996221443,2.3028283305886768,1.0
468.0_cb1_s34,Vudalimab,Bispecific,5.0,152.0,8.7,0.3,101.0114708649456,24.956649431925896,Histidine,6.2,13.326980954653434,none,0.0,Sucrose,0.40324844897942463,none,0.0,none,0.0,1.5,1.3,2.9657996432234466,2.5089943063711,1.9575321917435635,1.4538206198493113,0.9966656102016689,1.0
470.0_cb1_s35,Vudalimab,Bispecific,5.0,152.0,8.7,0.3,97.80191049689026,25.626141830978323,Histidine,6.2,13.0419378810923,NaCl,141.80354654998033,Sucrose,0.4006559105105978,none,0.0,none,0.0,1.5,1.3,3.111583527608418,2.5935090377624443,2.1934118583862876,1.8844258826168148,1.433719125539191,1.0
464.0_cb2_s1,Vudalimab,Bispecific,5.0,152.0,8.7,0.3,146.1694962328078,24.51664905464867,Histidine,6.3,11.808944606947048,none,0.0,none,0.0,none,0.0,none,0.0,1.5,1.3,4.209502126054032,3.9953371352170888,3.956396676488944,3.949316344080389,3.947781399001254,2.0
474.0_cb2_s2,Vudalimab,Bispecific,5.0,152.0,8.7,0.3,133.6375331233667,25.62228258017763,Acetate,5.4,38.65130919416054,none,0.0,none,0.0,none,0.0,none,0.0,1.5,1.3,2.876089259792236,2.3090544912326814,2.2523508837806943,2.2466805099789924,2.2460546671422343,2.0
471.0_cb2_s3,Vudalimab,Bispecific,5.0,152.0,8.7,0.3,147.41744929402833,24.699436723665578,Histidine,6.3,12.279819964861254,none,0.0,none,0.0,none,0.0,Arginine,96.66647318642161,1.5,1.3,7.43859003110323,5.669225366867218,4.52735207326431,3.790435420220791,2.9664920427179537,2.0
472.0_cb2_s4,Vudalimab,Bispecific,5.0,152.0,8.7,0.3,146.53959351122626,25.429069535467008,Histidine,6.3,11.970447255515456,none,0.0,none,0.0,none,0.0,Arginine,202.41032107191336,1.5,1.3,5.916702933182506,5.3202853684759805,4.8496274143693165,4.478211619172049,3.9184600409459884,2.0
464.0_cb2_s5,Vudalimab,Bispecific,5.0,152.0,8.7,0.3,141.01101842025065,25.684039675244303,Histidine,6.3,12.030216333214788,none,0.0,none,0.0,none,0.0,none,0.0,1.5,1.3,4.554706653039888,4.347101583359759,4.310095905002583,4.303499629523501,4.302102349605544,2.0
474.0_cb2_s6,Vudalimab,Bispecific,5.0,152.0,8.7,0.3,138.0020852005747,25.342928909304206,Acetate,5.4,35.40623937539432,none,0.0,none,0.0,none,0.0,none,0.0,1.5,1.3,3.1394283384044623,2.565944028913317,2.5085954658285203,2.5028605963150308,2.5022276350447026,2.0
471.0_cb2_s7,Vudalimab,Bispecific,5.0,152.0,8.7,0.3,146.41029898071565,24.50077957356164,Histidine,6.3,12.389581605726733,none,0.0,none,0.0,none,0.0,Arginine,103.98274083683381,1.5,1.3,7.651213005438578,5.723126506030366,4.4960559166810725,3.7151251229640696,2.8594765140464267,2.0
472.0_cb2_s8,Vudalimab,Bispecific,5.0,152.0,8.7,0.3,146.2613290112669,24.80300665937844,Histidine,6.3,12.129064365688436,none,0.0,none,0.0,none,0.0,Arginine,201.22555792829365,1.5,1.3,6.077674105454623,5.37320403250609,4.8425400446685645,4.442800906868273,3.8811571568186913,2.0
464.0_cb2_s9,Vudalimab,Bispecific,5.0,152.0,8.7,0.3,141.46952899885883,25.233975211065925,Histidine,6.3,11.719132630464774,none,0.0,none,0.0,none,0.0,none,0.0,1.5,1.3,4.373751264628561,4.162395277624718,4.123984427229959,4.117003818596901,4.115491359849696,2.0
474.0_cb2_s10,Vudalimab,Bispecific,5.0,152.0,8.7,0.3,140.31054638227462,24.83942048064715,Acetate,5.4,35.8266369769905,none,0.0,none,0.0,none,0.0,none,0.0,1.5,1.3,2.99066238895442,2.430195860938412,2.374149078964724,2.3685443878620918,2.3679257944674603,2.0
471.0_cb2_s11,Vudalimab,Bispecific,5.0,152.0,8.7,0.3,148.1731206878123,25.239501571696383,Histidine,6.3,11.793285700872694,none,0.0,none,0.0,none,0.0,Arginine,104.35712434798332,1.5,1.3,7.82930638867503,5.823534397833801,4.549852168594702,3.741053237197309,2.8577158379460954,2.0
472.0_cb2_s12,Vudalimab,Bispecific,5.0,152.0,8.7,0.3,152.22733359594199,24.862439285872476,Histidine,6.3,11.923737385435825,none,0.0,none,0.0,none,0.0,Arginine,200.46631404804987,1.5,1.3,6.067706302714517,5.375757164806435,4.84310195810633,4.433069558752726,3.8378723695963877,2.0
464.0_cb2_s13,Vudalimab,Bispecific,5.0,152.0,8.7,0.3,143.76798909217564,25.251249848064646,Histidine,6.3,11.786220272747457,none,0.0,none,0.0,none,0.0,none,0.0,1.5,1.3,4.204099567803462,3.927220959639719,3.879273534497821,3.87097041714742,3.869269705604424,2.0
474.0_cb2_s14,Vudalimab,Bispecific,5.0,152.0,8.7,0.3,140.25576512231777,25.477042551078316,Acetate,5.4,37.90167535900505,none,0.0,none,0.0,none,0.0,none,0.0,1.5,1.3,2.991332705394518,2.475897502806477,2.4243538637371147,2.4191994879618033,2.418630596162118,2.0
471.0_cb2_s15,Vudalimab,Bispecific,5.0,152.0,8.7,0.3,149.4453327313453,24.327492758034666,Histidine,6.3,11.793348078680262,none,0.0,none,0.0,none,0.0,Arginine,102.75436187300913,1.5,1.3,7.995315781229403,5.902845427715337,4.588506085690579,3.7629327938658697,2.875385343681912,2.0
472.0_cb2_s16,Vudalimab,Bispecific,5.0,152.0,8.7,0.3,145.21607782209765,25.512816056936295,Histidine,6.3,12.63408285851823,none,0.0,none,0.0,none,0.0,Arginine,202.39239662018988,1.5,1.3,6.485714938645227,5.875562104348258,5.373517586844008,4.960426505289227,4.297008428063999,2.0
464.0_cb2_s17,Vudalimab,Bispecific,5.0,152.0,8.7,0.3,144.208493371346,24.582155497489982,Histidine,6.3,12.263332845985545,none,0.0,none,0.0,none,0.0,none,0.0,1.5,1.3,4.421024760497112,4.1903929793954635,4.1491792622694055,4.141814403571121,4.14024973876651,2.0
474.0_cb2_s18,Vudalimab,Bispecific,5.0,152.0,8.7,0.3,139.2496075317317,25.85366490477961,Acetate,5.4,36.42959408598077,none,0.0,none,0.0,none,0.0,none,0.0,1.5,1.3,3.030319104301247,2.442866365794313,2.3841209565368895,2.3782464020845016,2.377598023696807,2.0
471.0_cb2_s19,Vudalimab,Bispecific,5.0,152.0,8.7,0.3,145.9286280760516,25.610647472842572,Histidine,6.3,12.032150011339256,none,0.0,none,0.0,none,0.0,Arginine,99.80977670459846,1.5,1.3,7.723290056464085,6.019085978146046,4.853358848018207,4.05596631034744,3.085182113207669,2.0
472.0_cb2_s20,Vudalimab,Bispecific,5.0,152.0,8.7,0.3,147.1615460998258,25.046761748219303,Histidine,6.3,11.96095111162342,none,0.0,none,0.0,none,0.0,Arginine,196.51522787996947,1.5,1.3,5.905727313921289,5.1898484394793645,4.65323515306953,4.250996976384552,3.6899939056410784,2.0
464.0_cb2_s21,Vudalimab,Bispecific,5.0,152.0,8.7,0.3,142.91761212750703,24.706071847546,Histidine,6.3,12.05534660370389,none,0.0,none,0.0,none,0.0,none,0.0,1.5,1.3,4.428634485343843,4.193376436939008,4.151297415370818,4.143771024383788,4.142170331653036,2.0
474.0_cb2_s22,Vudalimab,Bispecific,5.0,152.0,8.7,0.3,135.624311227303,25.267103931187336,Acetate,5.4,36.462210990387305,none,0.0,none,0.0,none,0.0,none,0.0,1.5,1.3,3.048552835461026,2.4999046112507832,2.445039662452743,2.439553154939803,2.438947605544671,2.0
471.0_cb2_s23,Vudalimab,Bispecific,5.0,152.0,8.7,0.3,142.01002670207282,25.411175235447875,Histidine,6.3,11.7991247149345,none,0.0,none,0.0,none,0.0,Arginine,101.10392851866365,1.5,1.3,7.668649393222473,5.634776926254419,4.371875715966217,3.5876971553887294,2.7585634156521803,2.0
472.0_cb2_s24,Vudalimab,Bispecific,5.0,152.0,8.7,0.3,149.4379702366278,24.610952607083643,Histidine,6.3,12.281234434385723,none,0.0,none,0.0,none,0.0,Arginine,205.99239053395112,1.5,1.3,5.949325078621177,5.260100020117433,4.73556985454666,4.336379656852566,3.7668033343821414,2.0
464.0_cb2_s25,Vudalimab,Bispecific,5.0,152.0,8.7,0.3,145.10094186744954,24.59890029598241,Histidine,6.3,11.72468171735719,none,0.0,none,0.0,none,0.0,none,0.0,1.5,1.3,4.173672729669821,3.930356464688233,3.88558547785364,3.877347470168179,3.875536522156793,2.0
474.0_cb2_s26,Vudalimab,Bispecific,5.0,152.0,8.7,0.3,137.87323643267715,24.99171579508874,Acetate,5.4,37.50566013852191,none,0.0,none,0.0,none,0.0,none,0.0,1.5,1.3,3.043022156509614,2.4393253942284168,2.3789555789537453,2.3729185835255984,2.37225227642198,2.0
471.0_cb2_s27,Vudalimab,Bispecific,5.0,152.0,8.7,0.3,145.74704248645457,25.946095880416536,Histidine,6.3,11.787907406234144,none,0.0,none,0.0,none,0.0,Arginine,98.4539405807946,1.5,1.3,7.2918549484217525,5.222877566946415,4.02508245427957,3.3316418608637672,2.6684517414290205,2.0
472.0_cb2_s28,Vudalimab,Bispecific,5.0,152.0,8.7,0.3,145.2678926957558,24.2176889363321,Histidine,6.3,12.0344223760458,none,0.0,none,0.0,none,0.0,Arginine,203.4860975443517,1.5,1.3,5.649413095246214,4.924443718493706,4.409121241701033,4.042819907478942,3.5708278046666444,2.0
464.0_cb2_s29,Vudalimab,Bispecific,5.0,152.0,8.7,0.3,144.5534067709263,24.919022591529334,Histidine,6.3,12.105219047879196,none,0.0,none,0.0,none,0.0,none,0.0,1.5,1.3,4.1429100591044685,3.9163690852969193,3.8752104947390964,3.867732688197583,3.86611305081978,2.0
474.0_cb2_s30,Vudalimab,Bispecific,5.0,152.0,8.7,0.3,137.27327045301695,24.921487585777648,Acetate,5.4,36.10448090187352,none,0.0,none,0.0,none,0.0,none,0.0,1.5,1.3,3.0335339528541327,2.484233605982126,2.4293034446587094,2.4238104158782163,2.423204146726552,2.0
471.0_cb2_s31,Vudalimab,Bispecific,5.0,152.0,8.7,0.3,150.66346040921957,24.969451245997064,Histidine,6.3,11.820288048955186,none,0.0,none,0.0,none,0.0,Arginine,100.83360314896623,1.5,1.3,7.414030332207985,5.287256357427638,4.072957697498735,3.3796442291362814,2.7295106753039136,2.0
472.0_cb2_s32,Vudalimab,Bispecific,5.0,152.0,8.7,0.3,143.0460086935875,25.478768581639883,Histidine,6.3,11.348972984685494,none,0.0,none,0.0,none,0.0,Arginine,199.40217722734005,1.5,1.3,5.859613277674996,5.035024453969106,4.454479748574697,4.045752220175623,3.5265157025969587,2.0
464.0_cb2_s33,Vudalimab,Bispecific,5.0,152.0,8.7,0.3,141.81828341607644,26.145955633409347,Histidine,6.3,12.448190880998723,none,0.0,none,0.0,none,0.0,none,0.0,1.5,1.3,4.253883233646666,4.040224166080913,4.002524752224054,3.995872819214813,3.9944803315909563,2.0
474.0_cb2_s34,Vudalimab,Bispecific,5.0,152.0,8.7,0.3,136.17909375013906,25.491926171803076,Acetate,5.4,37.09315603262672,none,0.0,none,0.0,none,0.0,none,0.0,1.5,1.3,3.113322044730395,2.5866803028536216,2.534016007337435,2.5287495656594,2.528168305073297,2.0
471.0_cb2_s35,Vudalimab,Bispecific,5.0,152.0,8.7,0.3,141.52966978237527,24.86721974374073,Histidine,6.3,12.32882444486649,none,0.0,none,0.0,none,0.0,Arginine,102.39859914584318,1.5,1.3,7.465427190951614,5.5465081218305485,4.34050000881976,3.582544589389964,2.7670250058620054,2.0
472.0_cb2_s36,Vudalimab,Bispecific,5.0,152.0,8.7,0.3,140.86454746035068,25.19693660908237,Histidine,6.3,12.199037705419887,none,0.0,none,0.0,none,0.0,Arginine,197.47339390194543,1.5,1.3,5.853740030480147,5.120027439864986,4.579529448932869,4.18136526482909,3.6403110502209444,2.0
476.0_cb3_s1,Vudalimab,Bispecific,5.0,152.0,8.7,0.3,152.90810790722415,24.68429872221672,Acetate,5.4,41.043071621936555,NaCl,172.35417252657828,none,0.0,none,0.0,none,0.0,1.5,1.3,2.7673654914164376,2.61053885738274,2.4613436130944595,2.3199604024032827,2.0392379754826635,3.0
485.0_cb3_s2,Vudalimab,Bispecific,5.0,152.0,8.7,0.3,148.18527970821546,25.24889415470889,Histidine,6.3,12.128978880676891,none,0.0,Sucrose,0.4051384098800894,none,0.0,none,0.0,1.5,1.3,3.507522015504054,3.507522015504054,3.5075219691024535,3.2425946183423697,2.532301955794023,3.0
477.0_cb3_s3,Vudalimab,Bispecific,5.0,152.0,8.7,0.3,150.90562014216303,24.806838762276413,Acetate,5.4,39.191658614340156,none,0.0,Sucrose,0.5138976413394636,none,0.0,none,0.0,1.5,1.3,9.69634356511693,9.21027509768724,8.756833819567316,8.333829650985312,7.508881772558515,3.0
478.0_cb3_s4,Vudalimab,Bispecific,5.0,152.0,8.7,0.3,149.52648747047922,25.154146031819412,Acetate,5.4,40.50768373184569,none,0.0,none,0.0,tween-80,0.0626745671119567,none,0.0,1.5,1.3,3.449217818208445,3.179772901365367,2.940229888444428,2.754686008612863,2.5546559730965814,3.0
479.0_cb3_s5,Vudalimab,Bispecific,5.0,152.0,8.7,0.3,152.22546688317038,24.954015766898475,Acetate,5.4,40.11283021765523,NaCl,173.5884927283117,Sucrose,0.5008452698378433,none,0.0,none,0.0,1.5,1.3,12.129796512415211,9.2890931401481,7.273485627917887,5.843320943807164,4.005400241272067,3.0
480.0_cb3_s6,Vudalimab,Bispecific,5.0,152.0,8.7,0.3,150.55751288670825,25.459935757977213,Histidine,6.3,12.244541577621575,none,0.0,none,0.0,none,0.0,none,0.0,1.5,1.3,5.132872031255953,4.760115793000426,4.4507222578869605,4.193920813475432,3.7759728431579016,3.0
484.0_cb3_s7,Vudalimab,Bispecific,5.0,152.0,8.7,0.3,149.05475421627324,24.879284717637503,Histidine,6.3,12.352027813655752,NaCl,141.41556198900204,Sucrose,0.806979771276817,none,0.0,none,0.0,1.5,1.3,4.323785042013792,4.118377429506413,3.9294864511820444,3.7557840299131655,3.424542758479432,3.0
476.0_cb3_s8,Vudalimab,Bispecific,5.0,152.0,8.7,0.3,148.24262182965393,24.88920015280748,Acetate,5.4,39.818395059689564,NaCl,178.35585707263684,none,0.0,none,0.0,none,0.0,1.5,1.3,2.4578891964624723,2.304591898919577,2.1600960887809806,2.024429664767253,1.7589325632392974,3.0
485.0_cb3_s9,Vudalimab,Bispecific,5.0,152.0,8.7,0.3,149.79466052200075,25.014387782040497,Histidine,6.3,11.955576564138909,none,0.0,Sucrose,0.4096970336338679,none,0.0,none,0.0,1.5,1.3,3.587392181103712,3.587392181103712,3.5873919554371865,3.26347923361189,2.4534320735686825,3.0
477.0_cb3_s10,Vudalimab,Bispecific,5.0,152.0,8.7,0.3,148.4131597118259,25.478652411296764,Acetate,5.4,40.91300567902003,none,0.0,Sucrose,0.5123340607635267,none,0.0,none,0.0,1.5,1.3,9.669198630942557,9.052944751426798,8.489126006065856,7.973280856889114,6.997392356010093,3.0
478.0_cb3_s11,Vudalimab,Bispecific,5.0,152.0,8.7,0.3,148.44945935047852,25.30951647329427,Acetate,5.4,42.141471776301415,none,0.0,none,0.0,tween-80,0.06263891171912064,none,0.0,1.5,1.3,3.415590445732842,3.1513755169094644,2.9276101992382437,2.762036960250768,2.5930345538932813,3.0
479.0_cb3_s12,Vudalimab,Bispecific,5.0,152.0,8.7,0.3,150.2522831647506,25.345455478696095,Acetate,5.4,40.635258392700194,NaCl,175.48660040433595,Sucrose,0.4995487710967595,none,0.0,none,0.0,1.5,1.3,12.706274353463476,9.762527296656918,7.642819604901613,6.116478990110005,4.111605143888049,3.0
480.0_cb3_s13,Vudalimab,Bispecific,5.0,152.0,8.7,0.3,150.22702062184015,24.783852410446336,Histidine,6.3,12.305451536153104,none,0.0,none,0.0,none,0.0,none,0.0,1.5,1.3,4.879089026187366,4.542253417824437,4.264116034642774,4.034447950975153,3.6636034160743627,3.0
484.0_cb3_s14,Vudalimab,Bispecific,5.0,152.0,8.7,0.3,152.20343023500368,23.961440073113064,Histidine,6.3,11.943534261606615,NaCl,146.00830979021418,Sucrose,0.7752810252455457,none,0.0,none,0.0,1.5,1.3,3.6019052963042304,3.177339891060422,2.850829066469394,2.5997268629604227,2.2357601157672025,3.0
476.0_cb3_s15,Vudalimab,Bispecific,5.0,152.0,8.7,0.3,152.0496372120032,25.695127663755997,Acetate,5.4,42.46562405983246,NaCl,174.13782651587053,none,0.0,none,0.0,none,0.0,1.5,1.3,2.154449876078592,2.0017069591158676,1.8595911346159275,1.727870330900597,1.475177315852293,3.0
485.0_cb3_s16,Vudalimab,Bispecific,5.0,152.0,8.7,0.3,153.356683793792,25.63721421334379,Histidine,6.3,11.958798323058053,none,0.0,Sucrose,0.40878787900841457,none,0.0,none,0.0,1.5,1.3,3.230416828269259,3.230416828269259,3.2304167345278776,2.9921698659891227,2.4023156144067057,3.0
477.0_cb3_s17,Vudalimab,Bispecific,5.0,152.0,8.7,0.3,145.6847664996163,24.742414550453994,Acetate,5.4,40.89625450449776,none,0.0,Sucrose,0.5043945269045799,none,0.0,none,0.0,1.5,1.3,10.003027621725074,9.240576943753494,8.554463365916307,7.937043972806759,6.7987570829817265,3.0
478.0_cb3_s18,Vudalimab,Bispecific,5.0,152.0,8.7,0.3,144.17442402186177,24.9980979331646,Acetate,5.4,39.69608369884216,none,0.0,none,0.0,tween-80,0.06166918612812242,none,0.0,1.5,1.3,3.6177057801171735,3.3176386121009926,3.0537350150865543,2.8511499861134144,2.634419219574619,3.0
479.0_cb3_s19,Vudalimab,Bispecific,5.0,152.0,8.7,0.3,145.69858252821476,25.165056895235473,Acetate,5.4,40.332511251180925,NaCl,173.72013021114319,Sucrose,0.5050427074803838,none,0.0,none,0.0,1.5,1.3,12.381112672495405,10.010274728893597,8.199148983231971,6.815597454913744,4.830278400611177,3.0
480.0_cb3_s20,Vudalimab,Bispecific,5.0,152.0,8.7,0.3,150.54596964786842,25.219743024004256,Histidine,6.3,11.97640563661095,none,0.0,none,0.0,none,0.0,none,0.0,1.5,1.3,4.998676005171448,4.61692337166283,4.31092292134591,4.065642988129573,3.6871214411452717,3.0
484.0_cb3_s21,Vudalimab,Bispecific,5.0,152.0,8.7,0.3,154.4276374515119,25.245722755447204,Histidine,6.3,11.94502055257879,NaCl,136.81630792718704,Sucrose,0.7868509627452585,none,0.0,none,0.0,1.5,1.3,3.590008941289298,3.1873702778777764,2.876348929230189,2.636098107816024,2.285529428476065,3.0
476.0_cb3_s22,Vudalimab,Bispecific,5.0,152.0,8.7,0.3,154.50252909084114,25.67640026744836,Acetate,5.4,40.61740926161372,NaCl,172.799654135392,none,0.0,none,0.0,none,0.0,1.5,1.3,1.9530805382526464,1.7899352570104714,1.640901724185742,1.5053251252811986,1.2528455017276776,3.0
485.0_cb3_s23,Vudalimab,Bispecific,5.0,152.0,8.7,0.3,145.96399353775428,24.859417978767723,Histidine,6.3,12.121280915435364,none,0.0,Sucrose,0.4042227147993247,none,0.0,none,0.0,1.5,1.3,3.1974523677470854,3.1974523677470854,3.19745230560134,2.9602977995354487,2.357830497275851,3.0
477.0_cb3_s24,Vudalimab,Bispecific,5.0,152.0,8.7,0.3,147.3059183210266,24.6169773987998,Acetate,5.4,40.621761018591386,none,0.0,Sucrose,0.4774720660526866,none,0.0,none,0.0,1.5,1.3,8.82404716470373,7.7369878538150605,6.833134249284127,6.081610098382266,4.855219602132605,3.0
478.0_cb3_s25,Vudalimab,Bispecific,5.0,152.0,8.7,0.3,145.48042422588264,24.497854718252874,Acetate,5.4,40.03077476322406,none,0.0,none,0.0,tween-80,0.06374496709855806,none,0.0,1.5,1.3,3.412142918417438,3.1505797018582213,2.930558342350865,2.768322636212712,2.6022252517344917,3.0
479.0_cb3_s26,Vudalimab,Bispecific,5.0,152.0,8.7,0.3,151.79730999559078,24.396120303728324,Acetate,5.4,41.663472488399734,NaCl,172.02597677482805,Sucrose,0.4951701607392716,none,0.0,none,0.0,1.5,1.3,11.991352645587355,9.25388462009427,7.288998034546184,5.878651228912556,4.034910611677061,3.0
480.0_cb3_s27,Vudalimab,Bispecific,5.0,152.0,8.7,0.3,142.8577826834295,24.08515909239596,Histidine,6.3,12.147832081451241,none,0.0,none,0.0,none,0.0,none,0.0,1.5,1.3,5.070286751028868,4.702750832057141,4.397382953973858,4.143667556446031,3.7301054460860854,3.0
484.0_cb3_s28,Vudalimab,Bispecific,5.0,152.0,8.7,0.3,143.91696818498747,24.556979876510812,Histidine,6.3,11.92018094883603,NaCl,141.96879255226094,Sucrose,0.8399748877395439,none,0.0,none,0.0,1.5,1.3,4.31415142384427,3.9974243562476026,3.7198707514477,3.476645569737904,3.0463102489030742,3.0
476.0_cb3_s29,Vudalimab,Bispecific,5.0,152.0,8.7,0.3,147.2800543645371,25.47899697074001,Acetate,5.4,41.544107407168724,NaCl,171.4087170453153,none,0.0,none,0.0,none,0.0,1.5,1.3,3.4306695152316147,3.2887343039662884,3.151389204738127,3.0189293633526044,2.7482439399984657,3.0
485.0_cb3_s30,Vudalimab,Bispecific,5.0,152.0,8.7,0.3,153.6818214662438,24.394919748509558,Histidine,6.3,12.105259029821042,none,0.0,Sucrose,0.3890397869810846,none,0.0,none,0.0,1.5,1.3,3.5097064438103454,3.5097064438103454,3.509706284190619,3.220295666811649,2.548115483507603,3.0
477.0_cb3_s31,Vudalimab,Bispecific,5.0,152.0,8.7,0.3,154.27388319623174,25.775622633213864,Acetate,5.4,41.723474923931356,none,0.0,Sucrose,0.4923841213496378,none,0.0,none,0.0,1.5,1.3,8.675965055806383,6.997454610117082,5.765348576841189,4.8609245009212785,3.638435179261383,3.0
478.0_cb3_s32,Vudalimab,Bispecific,5.0,152.0,8.7,0.3,141.88995585867792,25.169677906378112,Acetate,5.4,40.714510934609805,none,0.0,none,0.0,tween-80,0.06240634180485194,none,0.0,1.5,1.3,3.573607428415323,3.2937195348960433,3.0444964768404432,2.851513911232108,2.644505747044341,3.0
479.0_cb3_s33,Vudalimab,Bispecific,5.0,152.0,8.7,0.3,149.8759883855725,25.00979980828881,Acetate,5.4,40.342007367310835,NaCl,177.0262502699993,Sucrose,0.5046004232386047,none,0.0,none,0.0,1.5,1.3,11.978029139921947,9.187559980367327,7.20488340077336,5.796157415251096,3.982109439365071,3.0
463.0_cb4_s1,Vudalimab,Bispecific,5.0,152.0,8.7,0.3,243.3404740845161,24.741692900619945,Histidine,6.5,9.795349355324882,none,0.0,none,0.0,none,0.0,none,0.0,1.5,1.3,13.701820556936095,9.785686971389428,7.473349651730092,6.107996998162248,4.764968654404829,4.0
473.0_cb4_s2,Vudalimab,Bispecific,5.0,152.0,8.7,0.3,273.9613603887268,24.210281850641202,Acetate,5.5,53.11667681049041,none,0.0,none,0.0,none,0.0,none,0.0,1.5,1.3,10.27559584912596,8.557290628719839,7.402160395010367,6.625624694172588,5.704051518018902,4.0
463.0_cb4_s3,Vudalimab,Bispecific,5.0,152.0,8.7,0.3,236.41221286100057,24.85974897329419,Histidine,6.5,9.71942676855843,none,0.0,none,0.0,none,0.0,none,0.0,1.5,1.3,13.801666465355057,10.253105030015425,7.997010588514556,6.562637285271851,4.993323059928332,4.0
473.0_cb4_s4,Vudalimab,Bispecific,5.0,152.0,8.7,0.3,283.4304708657187,24.903347886776015,Acetate,5.5,55.589311889175484,none,0.0,none,0.0,none,0.0,none,0.0,1.5,1.3,10.21871326789816,8.656101508117455,7.628465936613614,6.9526520512491645,6.175984961819491,4.0
463.0_cb4_s5,Vudalimab,Bispecific,5.0,152.0,8.7,0.3,246.18654444099025,24.93349841803497,Histidine,6.5,9.73582154349877,none,0.0,none,0.0,none,0.0,none,0.0,1.5,1.3,13.492502349481722,10.00352040170699,7.806973088714183,6.424099877396938,4.932488424786858,4.0
473.0_cb4_s6,Vudalimab,Bispecific,5.0,152.0,8.7,0.3,270.4365691190138,25.12686864838742,Acetate,5.5,52.06347749025462,none,0.0,none,0.0,none,0.0,none,0.0,1.5,1.3,10.59283469480925,8.754180433073294,7.565897581298232,6.797935962440536,5.937498907994298,4.0
463.0_cb4_s7,Vudalimab,Bispecific,5.0,152.0,8.7,0.3,240.49698313895607,25.715576058880867,Histidine,6.5,9.94799274996391,none,0.0,none,0.0,none,0.0,none,0.0,1.5,1.3,14.077200910188976,10.847375164946577,8.654642367812581,7.165993617786409,5.373586355998384,4.0
473.0_cb4_s8,Vudalimab,Bispecific,5.0,152.0,8.7,0.3,272.5650683696251,24.079866807602215,Acetate,5.5,55.434419338273926,none,0.0,none,0.0,none,0.0,none,0.0,1.5,1.3,10.514162198885199,9.152650201808399,8.162025371423118,7.441255279250046,6.479757614520837,4.0
463.0_cb4_s9,Vudalimab,Bispecific,5.0,152.0,8.7,0.3,240.2805575073871,25.456310161270217,Histidine,6.5,10.08434338660062,none,0.0,none,0.0,none,0.0,none,0.0,1.5,1.3,12.841440887873024,9.089420240818253,6.914733013278388,5.6542750899395395,4.446807765835467,4.0
473.0_cb4_s10,Vudalimab,Bispecific,5.0,152.0,8.7,0.3,277.1225442191932,25.34087170440757,Acetate,5.5,55.03950311666411,none,0.0,none,0.0,none,0.0,none,0.0,1.5,1.3,9.959682540058875,8.24222508782826,7.1435207400371885,6.440649822128858,5.664714836955019,4.0
463.0_cb4_s11,Vudalimab,Bispecific,5.0,152.0,8.7,0.3,251.35395730559986,24.280639949471567,Histidine,6.5,9.954947471501729,none,0.0,none,0.0,none,0.0,none,0.0,1.5,1.3,13.507020922676075,10.363785818594431,8.288082483485642,6.917346984706543,5.3324878880149145,4.0
473.0_cb4_s12,Vudalimab,Bispecific,5.0,152.0,8.7,0.3,264.68667987064043,25.186766841705882,Acetate,5.5,55.57186924262856,none,0.0,none,0.0,none,0.0,none,0.0,1.5,1.3,9.525441289261412,8.09599610116922,7.174598346374712,6.580680085730061,5.917779727120862,4.0
463.0_cb4_s13,Vudalimab,Bispecific,5.0,152.0,8.7,0.3,236.34039383710603,24.619818179391935,Histidine,6.5,9.921277683593399,none,0.0,none,0.0,none,0.0,none,0.0,1.5,1.3,13.195957716483667,9.614851103969572,7.434684724759436,6.107406501792118,4.743368877719399,4.0
473.0_cb4_s14,Vudalimab,Bispecific,5.0,152.0,8.7,0.3,285.9175919132461,24.57325225996933,Acetate,5.5,53.27700813327583,none,0.0,none,0.0,none,0.0,none,0.0,1.5,1.3,9.987391947704502,8.229642199310108,7.1249820948946025,6.430757230213056,5.683862894627769,4.0
463.0_cb4_s15,Vudalimab,Bispecific,5.0,152.0,8.7,0.3,240.96335373258663,25.12862671055575,Histidine,6.5,9.93110455824951,none,0.0,none,0.0,none,0.0,none,0.0,1.5,1.3,13.605612111973981,10.418395347265491,8.311719890240848,6.919257072321698,5.307121618642809,4.0
473.0_cb4_s16,Vudalimab,Bispecific,5.0,152.0,8.7,0.3,284.47958538615933,24.9443405756011,Acetate,5.5,54.3230125927428,none,0.0,none,0.0,none,0.0,none,0.0,1.5,1.3,9.786833411660748,8.178372369115701,7.17729908129342,6.554251610622274,5.893272222710367,4.0
463.0_cb4_s17,Vudalimab,Bispecific,5.0,152.0,8.7,0.3,235.56449852476288,24.373246993814117,Histidine,6.5,9.95700903238421,none,0.0,none,0.0,none,0.0,none,0.0,1.5,1.3,13.374009579970956,9.57090748864536,7.296688794154994,5.936728178631517,4.574553492957667,4.0
473.0_cb4_s18,Vudalimab,Bispecific,5.0,152.0,8.7,0.3,276.68605703557665,25.468028083968008,Acetate,5.5,54.83909163916604,none,0.0,none,0.0,none,0.0,none,0.0,1.5,1.3,10.526653806910502,8.962475227534858,7.893632312859081,7.163265073943204,6.275428801268848,4.0
463.0_cb4_s19,Vudalimab,Bispecific,5.0,152.0,8.7,0.3,241.2866420524308,25.35758719506403,Histidine,6.5,9.989776261396925,none,0.0,none,0.0,none,0.0,none,0.0,1.5,1.3,13.343765587909381,9.666954374027657,7.418914124791614,6.044439385166751,4.623171933764145,4.0
473.0_cb4_s20,Vudalimab,Bispecific,5.0,152.0,8.7,0.3,272.16277554341565,25.236572726633895,Acetate,5.5,53.24085564691727,none,0.0,none,0.0,none,0.0,none,0.0,1.5,1.3,9.82157751954415,8.1143275482499,7.080820815906432,6.455173894584113,5.817401502980266,4.0
463.0_cb4_s21,Vudalimab,Bispecific,5.0,152.0,8.7,0.3,245.4112804289063,24.43507507139072,Histidine,6.5,9.83523262607177,none,0.0,none,0.0,none,0.0,none,0.0,1.5,1.3,13.79584969548008,10.451623674166148,8.254362404920112,6.810693136730126,5.153821786559774,4.0
473.0_cb4_s22,Vudalimab,Bispecific,5.0,152.0,8.7,0.3,269.580004570429,24.79328811468178,Acetate,5.5,54.03498791077827,none,0.0,none,0.0,none,0.0,none,0.0,1.5,1.3,10.560506998337067,8.820400797022197,7.672539722434552,6.9153536679523135,6.041284947670534,4.0
463.0_cb4_s23,Vudalimab,Bispecific,5.0,152.0,8.7,0.3,241.36682204825075,24.01835542608051,Histidine,6.5,10.092164973080774,none,0.0,none,0.0,none,0.0,none,0.0,1.5,1.3,14.59720299901248,11.11676154763399,8.774509767401138,7.198231807361193,5.324581302604048,4.0
473.0_cb4_s24,Vudalimab,Bispecific,5.0,152.0,8.7,0.3,281.9968215258562,25.166684925630438,Acetate,5.5,51.30776466065302,none,0.0,none,0.0,none,0.0,none,0.0,1.5,1.3,10.68042447738059,9.067582305013037,7.952892920756957,7.1824937649150025,6.23019084505027,4.0
463.0_cb4_s25,Vudalimab,Bispecific,5.0,152.0,8.7,0.3,248.5628284569685,25.840746228709005,Histidine,6.5,9.823226220971854,none,0.0,none,0.0,none,0.0,none,0.0,1.5,1.3,12.95306285011743,9.313976541655453,7.176259457369815,5.9204954383049015,4.694308577031734,4.0
473.0_cb4_s26,Vudalimab,Bispecific,5.0,152.0,8.7,0.3,277.83218983134753,26.467703103194236,Acetate,5.5,52.8898423337884,none,0.0,none,0.0,none,0.0,none,0.0,1.5,1.3,10.519008282916607,8.975466842205709,7.8937618662162645,7.135709378406843,6.1792636056320935,4.0
463.0_cb4_s27,Vudalimab,Bispecific,5.0,152.0,8.7,0.3,235.5734932539282,24.52269094902497,Histidine,6.5,10.103643790089084,none,0.0,none,0.0,none,0.0,none,0.0,1.5,1.3,12.524962677788805,8.996025710302643,6.91806028168381,5.694479623804709,4.495641872079354,4.0
473.0_cb4_s28,Vudalimab,Bispecific,5.0,152.0,8.7,0.3,278.0189951232329,24.02921609968989,Acetate,5.5,51.424302050333374,none,0.0,none,0.0,none,0.0,none,0.0,1.5,1.3,10.049408368694074,8.478800784294862,7.443646046441316,6.761397346239445,5.9748284342656515,4.0
463.0_cb4_s29,Vudalimab,Bispecific,5.0,152.0,8.7,0.3,239.0617313107873,25.14861361079254,Histidine,6.5,10.333451368349905,none,0.0,none,0.0,none,0.0,none,0.0,1.5,1.3,13.857147596918505,10.430584650873598,8.201010877625492,6.750286358928763,5.1087559381537595,4.0
473.0_cb4_s30,Vudalimab,Bispecific,5.0,152.0,8.7,0.3,272.5267489345975,24.983976252918144,Acetate,5.5,54.036206678579674,none,0.0,none,0.0,none,0.0,none,0.0,1.5,1.3,10.187882257381219,8.956754761768805,8.051714661403981,7.386391653852979,6.485106984231529,4.0
463.0_cb4_s31,Vudalimab,Bispecific,5.0,152.0,8.7,0.3,241.55537492499136,25.412051448427853,Histidine,6.5,9.967170117455645,none,0.0,none,0.0,none,0.0,none,0.0,1.5,1.3,13.015299739040818,9.830576687024873,7.752397196966062,6.396288831450985,4.855379546023021,4.0
473.0_cb4_s32,Vudalimab,Bispecific,5.0,152.0,8.7,0.3,273.6749825322967,25.488215688599038,Acetate,5.5,52.77727892802672,none,0.0,none,0.0,none,0.0,none,0.0,1.5,1.3,10.804466182583443,9.18235767442784,8.053812237824317,7.268652413709317,6.288570021481788,4.0
463.0_cb4_s33,Vudalimab,Bispecific,5.0,152.0,8.7,0.3,237.08514521238678,24.899899372849816,Histidine,6.5,10.279845590014231,none,0.0,none,0.0,none,0.0,none,0.0,1.5,1.3,13.461473469539525,10.204904510893064,8.077754683210124,6.688327394535976,5.107297734824341,4.0
473.0_cb4_s34,Vudalimab,Bispecific,5.0,152.0,8.7,0.3,270.99389613153426,23.824772073687818,Acetate,5.5,55.80669765805041,none,0.0,none,0.0,none,0.0,none,0.0,1.5,1.3,10.484979975712612,8.743972865609502,7.640430643248708,6.940947442487829,6.179014313099791,4.0
463.0_cb4_s35,Vudalimab,Bispecific,5.0,152.0,8.7,0.3,233.73687892592184,25.22083128209303,Histidine,6.5,9.713253995037954,none,0.0,none,0.0,none,0.0,none,0.0,1.5,1.3,13.04178657467243,9.499841035475471,7.3414161378720175,6.026094512097369,4.672452433794986,4.0
473.0_cb4_s36,Vudalimab,Bispecific,5.0,152.0,8.7,0.3,267.8240756000881,24.9988155419336,Acetate,5.5,53.4129045522195,none,0.0,none,0.0,none,0.0,none,0.0,1.5,1.3,9.44715987355227,7.710890822457166,6.672275025875441,6.050987434141565,5.428393542297017,4.0
463.0_cb4_s37,Vudalimab,Bispecific,5.0,152.0,8.7,0.3,237.13210148148286,24.2522292317509,Histidine,6.5,9.997540310138389,none,0.0,none,0.0,none,0.0,none,0.0,1.5,1.3,14.657983660825092,10.981547955536076,8.598613091654428,7.054079627392906,5.316206041913133,4.0
473.0_cb4_s38,Vudalimab,Bispecific,5.0,152.0,8.7,0.3,276.60213799633107,25.192985046284438,Acetate,5.5,52.729223460587946,none,0.0,none,0.0,none,0.0,none,0.0,1.5,1.3,9.875683225061573,8.20441213148176,7.15726657252012,6.501171078444877,5.798374343513098,4.0
163.0_p3conc_1.4_i0,Adalimumab,mAb_IgG1,3.0,148.0,8.7,0.3,1.3926,27.5,Acetate,5.3,34.0,none,0.0,none,0.0,none,0.0,none,0.0,1.0,1.0,0.9550033697358834,0.91,0.91,0.91,0.91,
163.0_p3conc_1.8_i1,Adalimumab,mAb_IgG1,3.0,148.0,8.7,0.3,1.7783,27.5,Acetate,5.3,34.0,none,0.0,none,0.0,none,0.0,none,0.0,1.0,1.0,0.91,0.91,0.91,0.91,0.91,
163.0_p3conc_1.9_i2,Adalimumab,mAb_IgG1,3.0,148.0,8.7,0.3,1.9392,27.5,Acetate,5.3,34.0,none,0.0,none,0.0,none,0.0,none,0.0,1.0,1.0,0.9260362269403516,0.9260362269403516,0.9260362269403516,0.91,0.91,
163.0_p3conc_2.7_i3,Adalimumab,mAb_IgG1,3.0,148.0,8.7,0.3,2.7005,27.5,Acetate,5.3,34.0,none,0.0,none,0.0,none,0.0,none,0.0,1.0,1.0,0.91,0.91,0.91,0.91,0.91,
163.0_p3conc_3.2_i4,Adalimumab,mAb_IgG1,3.0,148.0,8.7,0.3,3.1623,27.5,Acetate,5.3,34.0,none,0.0,none,0.0,none,0.0,none,0.0,1.0,1.0,0.9447072306773359,0.9223710556070095,0.91,0.91,0.91,
163.0_p3conc_3.8_i5,Adalimumab,mAb_IgG1,3.0,148.0,8.7,0.3,3.7606,27.5,Acetate,5.3,34.0,none,0.0,none,0.0,none,0.0,none,0.0,1.0,1.0,1.0300470506954142,1.0296008456873467,0.9506087617601445,0.9348792525489087,0.9348792525489087,
163.0_p3conc_5.2_i6,Adalimumab,mAb_IgG1,3.0,148.0,8.7,0.3,5.2369,27.5,Acetate,5.3,34.0,none,0.0,none,0.0,none,0.0,none,0.0,1.0,1.0,1.015912404303881,0.9244475120724273,0.9244475120724273,0.91,0.91,
163.0_p3conc_5.6_i7,Adalimumab,mAb_IgG1,3.0,148.0,8.7,0.3,5.6234,27.5,Acetate,5.3,34.0,none,0.0,none,0.0,none,0.0,none,0.0,1.0,1.0,1.00151448267954,0.91,0.91,0.91,0.91,
163.0_p3conc_7.3_i8,Adalimumab,mAb_IgG1,3.0,148.0,8.7,0.3,7.2927,27.5,Acetate,5.3,34.0,none,0.0,none,0.0,none,0.0,none,0.0,1.0,1.0,1.0198982068023739,0.951641312252021,0.951641312252021,0.91,0.91,
163.0_p3conc_10.0_i9,Adalimumab,mAb_IgG1,3.0,148.0,8.7,0.3,10.0,27.5,Acetate,5.3,34.0,none,0.0,none,0.0,none,0.0,none,0.0,1.0,1.0,1.0308909196898233,0.9845441643374324,0.9845441643374324,0.9845441643374324,0.9144024005277128,
163.0_p3conc_10.2_i10,Adalimumab,mAb_IgG1,3.0,148.0,8.7,0.3,10.1555,27.5,Acetate,5.3,34.0,none,0.0,none,0.0,none,0.0,none,0.0,1.0,1.0,0.9672175959410247,0.9672175959410247,0.9672175959410247,0.9672175959410247,0.9672175959410247,
163.0_p3conc_14.1_i11,Adalimumab,mAb_IgG1,3.0,148.0,8.7,0.3,14.1421,27.5,Acetate,5.3,34.0,none,0.0,none,0.0,none,0.0,none,0.0,1.0,1.0,1.2883036987342895,1.0124454114127686,1.0124454114127686,1.0040444785637002,0.9443307617502977,
163.0_p3conc_17.8_i12,Adalimumab,mAb_IgG1,3.0,148.0,8.7,0.3,17.7828,27.5,Acetate,5.3,34.0,none,0.0,none,0.0,none,0.0,none,0.0,1.0,1.0,1.115076347521371,1.0653149124563106,1.0653149124563106,1.005000666272744,1.005000666272744,
163.0_p3conc_19.7_i13,Adalimumab,mAb_IgG1,3.0,148.0,8.7,0.3,19.6938,27.5,Acetate,5.3,34.0,none,0.0,none,0.0,none,0.0,none,0.0,1.0,1.0,1.1871327722937286,1.171644714847339,1.1049390843429818,1.0779056479795386,1.0069252882438566,
163.0_p3conc_27.4_i14,Adalimumab,mAb_IgG1,3.0,148.0,8.7,0.3,27.4248,27.5,Acetate,5.3,34.0,none,0.0,none,0.0,none,0.0,none,0.0,1.0,1.0,1.2514456822265834,1.2447537186619282,1.1862810184671309,1.136484635218278,0.9350806584634745,
163.0_p3conc_31.6_i15,Adalimumab,mAb_IgG1,3.0,148.0,8.7,0.3,31.6228,27.5,Acetate,5.3,34.0,none,0.0,none,0.0,none,0.0,none,0.0,1.0,1.0,1.4899115323170995,1.2919995386543102,1.2919995386543102,1.2919995386543102,0.9906159365306546,
163.0_p3conc_38.2_i16,Adalimumab,mAb_IgG1,3.0,148.0,8.7,0.3,38.1907,27.5,Acetate,5.3,34.0,none,0.0,none,0.0,none,0.0,none,0.0,1.0,1.0,1.461451253610355,1.461451253610355,1.461451253610355,1.3162123225625637,1.0969721566798754,
163.0_p3conc_53.2_i17,Adalimumab,mAb_IgG1,3.0,148.0,8.7,0.3,53.1829,27.5,Acetate,5.3,34.0,none,0.0,none,0.0,none,0.0,none,0.0,1.0,1.0,1.8435258379273651,1.780242435359986,1.607073582577267,1.3937239933445884,1.0946029964434962,
163.0_p3conc_56.2_i18,Adalimumab,mAb_IgG1,3.0,148.0,8.7,0.3,56.2341,27.5,Acetate,5.3,34.0,none,0.0,none,0.0,none,0.0,none,0.0,1.0,1.0,1.9831405124952088,1.720861344514575,1.7151993912587995,1.5015244775520769,1.1383515859688884,
163.0_p3conc_74.1_i19,Adalimumab,mAb_IgG1,3.0,148.0,8.7,0.3,74.0606,27.5,Acetate,5.3,34.0,none,0.0,none,0.0,none,0.0,none,0.0,1.0,1.0,2.6487876445044067,2.2904593574599,2.1122438373079415,1.9621660567293417,1.3121024339842282,
163.0_p3conc_109.1_i20,Adalimumab,mAb_IgG1,3.0,148.0,8.7,0.3,109.0508,27.5,Acetate,5.3,34.0,none,0.0,none,0.0,none,0.0,none,0.0,1.0,1.0,4.456202145718468,3.430800334756513,3.101555916327965,2.514943349252296,1.4834931188102136,
163.0_p3conc_118.9_i21,Adalimumab,mAb_IgG1,3.0,148.0,8.7,0.3,118.9206,27.5,Acetate,5.3,34.0,none,0.0,none,0.0,none,0.0,none,0.0,1.0,1.0,5.008489141585098,4.208031774706439,3.705164717674786,2.712506141902526,1.666092064760844,
163.0_p3conc_129.7_i22,Adalimumab,mAb_IgG1,3.0,148.0,8.7,0.3,129.6839,27.5,Acetate,5.3,34.0,none,0.0,none,0.0,none,0.0,none,0.0,1.0,1.0,5.122531089520558,4.724657358885877,3.9459318392480025,3.3874692543473377,1.5681374064554938,
163.0_p3conc_141.4_i23,Adalimumab,mAb_IgG1,3.0,148.0,8.7,0.3,141.4214,27.5,Acetate,5.3,34.0,none,0.0,none,0.0,none,0.0,none,0.0,1.0,1.0,6.941951196517219,4.905876273355965,4.455730663301296,3.520854298046858,1.6253067912132966,
163.0_p3conc_143.6_i24,Adalimumab,mAb_IgG1,3.0,148.0,8.7,0.3,143.6204,27.5,Acetate,5.3,34.0,none,0.0,none,0.0,none,0.0,none,0.0,1.0,1.0,6.813981709555854,5.86212043749307,5.328917300000832,3.7850148598019575,1.8743417361421844,
163.0_p3conc_154.2_i25,Adalimumab,mAb_IgG1,3.0,148.0,8.7,0.3,154.2212,27.5,Acetate,5.3,34.0,none,0.0,none,0.0,none,0.0,none,0.0,1.0,1.0,7.961627614401893,6.300263351814073,5.242614656578645,4.225645330120904,1.9183578010855513,
163.0_p3conc_168.2_i26,Adalimumab,mAb_IgG1,3.0,148.0,8.7,0.3,168.1791,27.5,Acetate,5.3,34.0,none,0.0,none,0.0,none,0.0,none,0.0,1.0,1.0,9.33634997385916,7.3025091133998865,6.2391451301662535,4.999331558217813,1.9027651954837816,
163.0_p3conc_183.4_i27,Adalimumab,mAb_IgG1,3.0,148.0,8.7,0.3,183.4007,27.5,Acetate,5.3,34.0,none,0.0,none,0.0,none,0.0,none,0.0,1.0,1.0,11.853112536370546,9.677235892995572,7.866950714939042,5.959743121516753,2.149329060511177,
162.0_p3conc_1.4_i0,Adalimumab,mAb_IgG1,3.0,148.0,8.7,0.3,1.4082,27.5,Acetate,5.4,40.0,none,0.0,none,0.0,none,0.0,none,0.0,1.0,1.0,0.9288309707351852,0.9288309707351852,0.9288309707351852,0.91,0.91,
162.0_p3conc_1.6_i1,Adalimumab,mAb_IgG1,3.0,148.0,8.7,0.3,1.638,27.5,Acetate,5.4,40.0,none,0.0,none,0.0,none,0.0,none,0.0,1.0,1.0,0.9752122253004264,0.91,0.91,0.91,0.91,
162.0_p3conc_2.0_i2,Adalimumab,mAb_IgG1,3.0,148.0,8.7,0.3,1.9829,27.5,Acetate,5.4,40.0,none,0.0,none,0.0,none,0.0,none,0.0,1.0,1.0,0.91,0.91,0.91,0.91,0.91,
162.0_p3conc_2.7_i3,Adalimumab,mAb_IgG1,3.0,148.0,8.7,0.3,2.6829,27.5,Acetate,5.4,40.0,none,0.0,none,0.0,none,0.0,none,0.0,1.0,1.0,0.9738531696074568,0.9706820861862915,0.9706820861862915,0.91,0.91,
162.0_p3conc_2.8_i4,Adalimumab,mAb_IgG1,3.0,148.0,8.7,0.3,2.7922,27.5,Acetate,5.4,40.0,none,0.0,none,0.0,none,0.0,none,0.0,1.0,1.0,0.9666962018853554,0.91,0.91,0.91,0.91,
162.0_p3conc_3.9_i5,Adalimumab,mAb_IgG1,3.0,148.0,8.7,0.3,3.9319,27.5,Acetate,5.4,40.0,none,0.0,none,0.0,none,0.0,none,0.0,1.0,1.0,0.91,0.91,0.91,0.91,0.91,
162.0_p3conc_4.4_i6,Adalimumab,mAb_IgG1,3.0,148.0,8.7,0.3,4.3944,27.5,Acetate,5.4,40.0,none,0.0,none,0.0,none,0.0,none,0.0,1.0,1.0,1.0275039452785286,1.0104181465137319,1.0100979683378688,1.0066960792562087,0.9433668147255245,
162.0_p3conc_5.5_i7,Adalimumab,mAb_IgG1,3.0,148.0,8.7,0.3,5.5367,27.5,Acetate,5.4,40.0,none,0.0,none,0.0,none,0.0,none,0.0,1.0,1.0,0.9709477521978499,0.9709477521978499,0.9709477521978499,0.9394766549341441,0.9394766549341441,
162.0_p3conc_7.2_i8,Adalimumab,mAb_IgG1,3.0,148.0,8.7,0.3,7.1979,27.5,Acetate,5.4,40.0,none,0.0,none,0.0,none,0.0,none,0.0,1.0,1.0,0.9906581713642724,0.9452411384230047,0.9452411384230047,0.9452411384230047,0.9452411384230047,
162.0_p3conc_7.8_i9,Adalimumab,mAb_IgG1,3.0,148.0,8.7,0.3,7.7965,27.5,Acetate,5.4,40.0,none,0.0,none,0.0,none,0.0,none,0.0,1.0,1.0,0.9284229111163739,0.9284229111163739,0.9284229111163739,0.9284229111163739,0.9284229111163739,
162.0_p3conc_11.0_i10,Adalimumab,mAb_IgG1,3.0,148.0,8.7,0.3,10.9787,27.5,Acetate,5.4,40.0,none,0.0,none,0.0,none,0.0,none,0.0,1.0,1.0,1.0611142901206898,0.9784984967519899,0.9771620921873015,0.9771620921873015,0.9132780649330781,
162.0_p3conc_11.8_i11,Adalimumab,mAb_IgG1,3.0,148.0,8.7,0.3,11.7898,27.5,Acetate,5.4,40.0,none,0.0,none,0.0,none,0.0,none,0.0,1.0,1.0,1.0323660225285132,1.0323660225285132,0.9950695766314305,0.9950695766314305,0.9950695766314305,
162.0_p3conc_15.5_i12,Adalimumab,mAb_IgG1,3.0,148.0,8.7,0.3,15.4596,27.5,Acetate,5.4,40.0,none,0.0,none,0.0,none,0.0,none,0.0,1.0,1.0,1.035849595817573,1.035849595817573,0.9809958335391169,0.9809958335391169,0.9809958335391169,
162.0_p3conc_19.3_i13,Adalimumab,mAb_IgG1,3.0,148.0,8.7,0.3,19.3112,27.5,Acetate,5.4,40.0,none,0.0,none,0.0,none,0.0,none,0.0,1.0,1.0,1.152931458473695,1.152931458473695,1.0661143223913645,1.0661143223913645,1.0020013864424813,
162.0_p3conc_21.8_i14,Adalimumab,mAb_IgG1,3.0,148.0,8.7,0.3,21.7695,27.5,Acetate,5.4,40.0,none,0.0,none,0.0,none,0.0,none,0.0,1.0,1.0,1.2168359474724573,1.1741184375369844,1.1120861385396832,1.0657627642022924,1.0657627642022924,
162.0_p3conc_30.7_i15,Adalimumab,mAb_IgG1,3.0,148.0,8.7,0.3,30.6548,27.5,Acetate,5.4,40.0,none,0.0,none,0.0,none,0.0,none,0.0,1.0,1.0,1.4023272274006453,1.3826442256779534,1.337219275406529,1.2382364392185,1.0238570772188331,
162.0_p3conc_31.6_i16,Adalimumab,mAb_IgG1,3.0,148.0,8.7,0.3,31.6308,27.5,Acetate,5.4,40.0,none,0.0,none,0.0,none,0.0,none,0.0,1.0,1.0,1.3784172522310034,1.3318327534292427,1.3318327534292427,1.2823044952766602,1.1975728238221337,
162.0_p3conc_43.2_i17,Adalimumab,mAb_IgG1,3.0,148.0,8.7,0.3,43.1667,27.5,Acetate,5.4,40.0,none,0.0,none,0.0,none,0.0,none,0.0,1.0,1.0,1.6853613865876218,1.490294789742568,1.490294789742568,1.4122069223133302,1.1538317583863347,
162.0_p3conc_51.8_i18,Adalimumab,mAb_IgG1,3.0,148.0,8.7,0.3,51.8098,27.5,Acetate,5.4,40.0,none,0.0,none,0.0,none,0.0,none,0.0,1.0,1.0,1.8174677414702738,1.699067946892729,1.699067946892729,1.385834824234927,1.3490409343247658,
162.0_p3conc_60.8_i19,Adalimumab,mAb_IgG1,3.0,148.0,8.7,0.3,60.7852,27.5,Acetate,5.4,40.0,none,0.0,none,0.0,none,0.0,none,0.0,1.0,1.0,2.008379642319114,1.8009959049374087,1.8009959049374087,1.7281582166025538,1.4353004362462543,
162.0_p3conc_84.9_i20,Adalimumab,mAb_IgG1,3.0,148.0,8.7,0.3,84.8619,27.5,Acetate,5.4,40.0,none,0.0,none,0.0,none,0.0,none,0.0,1.0,1.0,3.045075176124975,2.8483768145531,2.6581226659442483,2.118826951149011,1.6154943702384803,
162.0_p3conc_85.6_i21,Adalimumab,mAb_IgG1,3.0,148.0,8.7,0.3,85.5949,27.5,Acetate,5.4,40.0,none,0.0,none,0.0,none,0.0,none,0.0,1.0,1.0,3.1397734278491143,2.522228269669856,2.522228269669856,2.119734401843779,1.4503540283616871,
162.0_p3conc_120.5_i22,Adalimumab,mAb_IgG1,3.0,148.0,8.7,0.3,120.5308,27.5,Acetate,5.4,40.0,none,0.0,none,0.0,none,0.0,none,0.0,1.0,1.0,4.860080581584309,3.7062106623411974,3.7062106623411974,3.1913958695189355,1.972474961467508,
162.0_p3conc_148.7_i23,Adalimumab,mAb_IgG1,3.0,148.0,8.7,0.3,148.7435,27.5,Acetate,5.4,40.0,none,0.0,none,0.0,none,0.0,none,0.0,1.0,1.0,7.735838358259001,5.373998118491681,5.373998118491681,4.214191575325847,2.2479056728276863,
162.0_p3conc_159.2_i24,Adalimumab,mAb_IgG1,3.0,148.0,8.7,0.3,159.1699,27.5,Acetate,5.4,40.0,none,0.0,none,0.0,none,0.0,none,0.0,1.0,1.0,9.384413708158828,6.527130300471533,6.287058592992293,4.2569059941995055,2.581286639182461,
162.0_p3conc_169.7_i25,Adalimumab,mAb_IgG1,3.0,148.0,8.7,0.3,169.7259,27.5,Acetate,5.4,40.0,none,0.0,none,0.0,none,0.0,none,0.0,1.0,1.0,9.542347159898524,7.5031205598569075,7.366023346963826,5.2059100627819745,2.7478717302572284,
162.0_p3conc_170.3_i26,Adalimumab,mAb_IgG1,3.0,148.0,8.7,0.3,170.3268,27.5,Acetate,5.4,40.0,none,0.0,none,0.0,none,0.0,none,0.0,1.0,1.0,8.8541719968335,7.4723538118339015,6.746757556746881,5.170827660804966,2.6847260019980363,
162.0_p3conc_182.3_i27,Adalimumab,mAb_IgG1,3.0,148.0,8.7,0.3,182.2661,27.5,Acetate,5.4,40.0,none,0.0,none,0.0,none,0.0,none,0.0,1.0,1.0,11.5216567296611,9.277108285696746,8.359035166818435,6.031318973720122,2.9807744458017704,
162.0_p3conc_195.0_i28,Adalimumab,mAb_IgG1,3.0,148.0,8.7,0.3,195.0424,27.5,Acetate,5.4,40.0,none,0.0,none,0.0,none,0.0,none,0.0,1.0,1.0,14.817936093574902,10.070461253295889,9.852411792771697,6.7503944709500905,3.244975473889119,
162.0_p3conc_208.7_i29,Adalimumab,mAb_IgG1,3.0,148.0,8.7,0.3,208.7142,27.5,Acetate,5.4,40.0,none,0.0,none,0.0,none,0.0,none,0.0,1.0,1.0,15.914803569683468,11.881428983904028,11.881428983904028,7.994257222921126,3.3171433322055166,
162.0_p3conc_223.3_i30,Adalimumab,mAb_IgG1,3.0,148.0,8.7,0.3,223.3444,27.5,Acetate,5.4,40.0,none,0.0,none,0.0,none,0.0,none,0.0,1.0,1.0,20.31468634461664,15.003381838522062,14.708218124520497,9.262165250503346,3.9833470977424783,
161.0_p3conc_1.4_i0,Adalimumab,mAb_IgG1,3.0,148.0,8.7,0.3,1.4096,27.5,Histidine,6.3,10.0,none,0.0,none,0.0,none,0.0,none,0.0,1.0,1.0,0.91,0.91,0.91,0.91,0.91,
161.0_p3conc_1.6_i1,Adalimumab,mAb_IgG1,3.0,148.0,8.7,0.3,1.6426,27.5,Histidine,6.3,10.0,none,0.0,none,0.0,none,0.0,none,0.0,1.0,1.0,0.91,0.91,0.91,0.91,0.91,
161.0_p3conc_2.0_i2,Adalimumab,mAb_IgG1,3.0,148.0,8.7,0.3,1.987,27.5,Histidine,6.3,10.0,none,0.0,none,0.0,none,0.0,none,0.0,1.0,1.0,0.9388936912525903,0.9234000218363272,0.91,0.91,0.91,
161.0_p3conc_2.7_i3,Adalimumab,mAb_IgG1,3.0,148.0,8.7,0.3,2.6982,27.5,Histidine,6.3,10.0,none,0.0,none,0.0,none,0.0,none,0.0,1.0,1.0,0.9562640723266338,0.91,0.91,0.91,0.91,
161.0_p3conc_2.8_i4,Adalimumab,mAb_IgG1,3.0,148.0,8.7,0.3,2.8009,27.5,Histidine,6.3,10.0,none,0.0,none,0.0,none,0.0,none,0.0,1.0,1.0,0.9642636291259725,0.91,0.91,0.91,0.91,
161.0_p3conc_3.9_i5,Adalimumab,mAb_IgG1,3.0,148.0,8.7,0.3,3.9482,27.5,Histidine,6.3,10.0,none,0.0,none,0.0,none,0.0,none,0.0,1.0,1.0,0.998416948391296,0.9129693692358118,0.91,0.91,0.91,
161.0_p3conc_4.4_i6,Adalimumab,mAb_IgG1,3.0,148.0,8.7,0.3,4.432,27.5,Histidine,6.3,10.0,none,0.0,none,0.0,none,0.0,none,0.0,1.0,1.0,0.9497024726961772,0.9497024726961772,0.91,0.91,0.91,
161.0_p3conc_5.6_i7,Adalimumab,mAb_IgG1,3.0,148.0,8.7,0.3,5.5655,27.5,Histidine,6.3,10.0,none,0.0,none,0.0,none,0.0,none,0.0,1.0,1.0,1.0548588215719699,0.9615244730435917,0.9615244730435917,0.9582167657231321,0.9198162349085949,
161.0_p3conc_7.3_i8,Adalimumab,mAb_IgG1,3.0,148.0,8.7,0.3,7.28,27.5,Histidine,6.3,10.0,none,0.0,none,0.0,none,0.0,none,0.0,1.0,1.0,0.9775506991801687,0.9775506991801687,0.9775506991801687,0.9775506991801687,0.9681671252163969,
161.0_p3conc_7.8_i9,Adalimumab,mAb_IgG1,3.0,148.0,8.7,0.3,7.8452,27.5,Histidine,6.3,10.0,none,0.0,none,0.0,none,0.0,none,0.0,1.0,1.0,1.0521029723418427,0.9528420158046671,0.9528420158046671,0.9484572964679188,0.9484572964679188,
161.0_p3conc_11.1_i10,Adalimumab,mAb_IgG1,3.0,148.0,8.7,0.3,11.0587,27.5,Histidine,6.3,10.0,none,0.0,none,0.0,none,0.0,none,0.0,1.0,1.0,1.022293115997486,1.022293115997486,0.9957138998575125,0.9957138998575125,0.9957138998575125,
161.0_p3conc_12.0_i11,Adalimumab,mAb_IgG1,3.0,148.0,8.7,0.3,11.9583,27.5,Histidine,6.3,10.0,none,0.0,none,0.0,none,0.0,none,0.0,1.0,1.0,0.9563351765084149,0.9563351765084149,0.9563351765084149,0.9343484249221613,0.9343484249221613,
161.0_p3conc_15.6_i12,Adalimumab,mAb_IgG1,3.0,148.0,8.7,0.3,15.5885,27.5,Histidine,6.3,10.0,none,0.0,none,0.0,none,0.0,none,0.0,1.0,1.0,1.1051312012681118,1.0992768537452593,1.0992768537452593,1.0992768537452593,1.0251745085259036,
161.0_p3conc_19.6_i13,Adalimumab,mAb_IgG1,3.0,148.0,8.7,0.3,19.6427,27.5,Histidine,6.3,10.0,none,0.0,none,0.0,none,0.0,none,0.0,1.0,1.0,1.1885285784308037,1.1585621797439483,1.1585621797439483,1.0420006001789066,1.0420006001789066,
161.0_p3conc_22.0_i14,Adalimumab,mAb_IgG1,3.0,148.0,8.7,0.3,21.9737,27.5,Histidine,6.3,10.0,none,0.0,none,0.0,none,0.0,none,0.0,1.0,1.0,1.2041523858968295,1.2041523858968295,1.1547923025042834,1.05592456009175,1.05592456009175,
161.0_p3conc_31.0_i15,Adalimumab,mAb_IgG1,3.0,148.0,8.7,0.3,30.9745,27.5,Histidine,6.3,10.0,none,0.0,none,0.0,none,0.0,none,0.0,1.0,1.0,1.3697740324383443,1.3697740324383443,1.2753138554014691,1.2753138554014691,1.2603498159778683,
161.0_p3conc_32.3_i16,Adalimumab,mAb_IgG1,3.0,148.0,8.7,0.3,32.2652,27.5,Histidine,6.3,10.0,none,0.0,none,0.0,none,0.0,none,0.0,1.0,1.0,1.3516822000308497,1.2960180439111908,1.2960180439111908,1.281127923676342,1.170767272221079,
161.0_p3conc_43.7_i17,Adalimumab,mAb_IgG1,3.0,148.0,8.7,0.3,43.662,27.5,Histidine,6.3,10.0,none,0.0,none,0.0,none,0.0,none,0.0,1.0,1.0,1.5559396471802225,1.5559396471802225,1.5189028450222586,1.3383696692900258,1.303490708571879,
161.0_p3conc_53.0_i18,Adalimumab,mAb_IgG1,3.0,148.0,8.7,0.3,52.9992,27.5,Histidine,6.3,10.0,none,0.0,none,0.0,none,0.0,none,0.0,1.0,1.0,1.6289273858664468,1.6289273858664468,1.6289273858664468,1.6047217277533252,1.2585527449567822,
161.0_p3conc_61.5_i19,Adalimumab,mAb_IgG1,3.0,148.0,8.7,0.3,61.5467,27.5,Histidine,6.3,10.0,none,0.0,none,0.0,none,0.0,none,0.0,1.0,1.0,2.01970845922659,2.01970845922659,2.01970845922659,1.8172774294792773,1.3438117165321168,
161.0_p3conc_86.8_i20,Adalimumab,mAb_IgG1,3.0,148.0,8.7,0.3,86.7571,27.5,Histidine,6.3,10.0,none,0.0,none,0.0,none,0.0,none,0.0,1.0,1.0,3.05376648868838,2.8575059904937645,2.8575059904937645,2.2551213472017957,1.7947062683391166,
161.0_p3conc_87.1_i21,Adalimumab,mAb_IgG1,3.0,148.0,8.7,0.3,87.0567,27.5,Histidine,6.3,10.0,none,0.0,none,0.0,none,0.0,none,0.0,1.0,1.0,2.8032563394868415,2.8032563394868415,2.717325971011938,2.224411256994638,1.7497274375833538,
161.0_p3conc_122.3_i22,Adalimumab,mAb_IgG1,3.0,148.0,8.7,0.3,122.294,27.5,Histidine,6.3,10.0,none,0.0,none,0.0,none,0.0,none,0.0,1.0,1.0,4.427012103641712,4.344165719749944,4.344165719749944,3.5337915973493015,2.124461690224066,
161.0_p3conc_152.8_i23,Adalimumab,mAb_IgG1,3.0,148.0,8.7,0.3,152.7988,27.5,Histidine,6.3,10.0,none,0.0,none,0.0,none,0.0,none,0.0,1.0,1.0,6.72442795727135,6.72442795727135,6.189584068445597,4.461739960109693,2.7689904396849547,
161.0_p3conc_163.3_i24,Adalimumab,mAb_IgG1,3.0,148.0,8.7,0.3,163.2691,27.5,Histidine,6.3,10.0,none,0.0,none,0.0,none,0.0,none,0.0,1.0,1.0,7.504861490507386,7.504861490507386,7.504861490507386,5.533044281193893,3.197875940182392,
161.0_p3conc_172.4_i25,Adalimumab,mAb_IgG1,3.0,148.0,8.7,0.3,172.3876,27.5,Histidine,6.3,10.0,none,0.0,none,0.0,none,0.0,none,0.0,1.0,1.0,8.724492294724516,8.724492294724516,8.525383624403634,6.620204887914777,3.441638955116108,
161.0_p3conc_174.5_i26,Adalimumab,mAb_IgG1,3.0,148.0,8.7,0.3,174.4564,27.5,Histidine,6.3,10.0,none,0.0,none,0.0,none,0.0,none,0.0,1.0,1.0,9.005536500604192,9.005536500604192,9.005536500604192,6.007478814788647,3.0935341094743687,
161.0_p3conc_186.4_i27,Adalimumab,mAb_IgG1,3.0,148.0,8.7,0.3,186.4108,27.5,Histidine,6.3,10.0,none,0.0,none,0.0,none,0.0,none,0.0,1.0,1.0,10.97341579201797,10.57866404699071,10.57866404699071,6.631957664762716,3.2119101093764053,
161.0_p3conc_199.2_i28,Adalimumab,mAb_IgG1,3.0,148.0,8.7,0.3,199.1843,27.5,Histidine,6.3,10.0,none,0.0,none,0.0,none,0.0,none,0.0,1.0,1.0,12.614633828504267,12.614633828504267,12.349110177271365,8.465105364112334,3.690960538304224,
161.0_p3conc_212.8_i29,Adalimumab,mAb_IgG1,3.0,148.0,8.7,0.3,212.833,27.5,Histidine,6.3,10.0,none,0.0,none,0.0,none,0.0,none,0.0,1.0,1.0,14.235379678608805,14.235379678608805,14.235379678608805,9.528625891507955,4.060382645004183,
161.0_p3conc_227.4_i30,Adalimumab,mAb_IgG1,3.0,148.0,8.7,0.3,227.4165,27.5,Histidine,6.3,10.0,none,0.0,none,0.0,none,0.0,none,0.0,1.0,1.0,19.297449781441912,19.297449781441912,18.086525880082718,11.423137308687581,4.453684656661697,
167.0_p3conc_1.4_i0,Adalimumab,mAb_IgG1,3.0,148.0,8.7,0.3,1.3926,27.5,Histidine,6.3,11.0,none,0.0,none,0.0,none,0.0,none,0.0,1.0,1.0,0.9609974447235907,0.9590488865267499,0.9506854027178862,0.9123686822612184,0.91,
167.0_p3conc_1.8_i1,Adalimumab,mAb_IgG1,3.0,148.0,8.7,0.3,1.7783,27.5,Histidine,6.3,11.0,none,0.0,none,0.0,none,0.0,none,0.0,1.0,1.0,0.91,0.91,0.91,0.91,0.91,
167.0_p3conc_1.9_i2,Adalimumab,mAb_IgG1,3.0,148.0,8.7,0.3,1.9392,27.5,Histidine,6.3,11.0,none,0.0,none,0.0,none,0.0,none,0.0,1.0,1.0,0.91,0.91,0.91,0.91,0.91,
167.0_p3conc_2.7_i3,Adalimumab,mAb_IgG1,3.0,148.0,8.7,0.3,2.7005,27.5,Histidine,6.3,11.0,none,0.0,none,0.0,none,0.0,none,0.0,1.0,1.0,0.91,0.91,0.91,0.91,0.91,
167.0_p3conc_3.2_i4,Adalimumab,mAb_IgG1,3.0,148.0,8.7,0.3,3.1623,27.5,Histidine,6.3,11.0,none,0.0,none,0.0,none,0.0,none,0.0,1.0,1.0,0.9805302148895916,0.9805302148895916,0.91,0.91,0.91,
167.0_p3conc_3.8_i5,Adalimumab,mAb_IgG1,3.0,148.0,8.7,0.3,3.7606,27.5,Histidine,6.3,11.0,none,0.0,none,0.0,none,0.0,none,0.0,1.0,1.0,0.9103846375572642,0.9103846375572642,0.91,0.91,0.91,
167.0_p3conc_5.2_i6,Adalimumab,mAb_IgG1,3.0,148.0,8.7,0.3,5.2369,27.5,Histidine,6.3,11.0,none,0.0,none,0.0,none,0.0,none,0.0,1.0,1.0,0.9203745255706292,0.9203745255706292,0.9203745255706292,0.91,0.91,
167.0_p3conc_5.6_i7,Adalimumab,mAb_IgG1,3.0,148.0,8.7,0.3,5.6234,27.5,Histidine,6.3,11.0,none,0.0,none,0.0,none,0.0,none,0.0,1.0,1.0,0.9601039066234222,0.9370512973246223,0.9370512973246223,0.9370512973246223,0.9370512973246223,
167.0_p3conc_7.3_i8,Adalimumab,mAb_IgG1,3.0,148.0,8.7,0.3,7.2927,27.5,Histidine,6.3,11.0,none,0.0,none,0.0,none,0.0,none,0.0,1.0,1.0,1.04109542715402,0.9929279209582501,0.9103418993029563,0.9103418993029563,0.9103418993029563,
167.0_p3conc_10.0_i9,Adalimumab,mAb_IgG1,3.0,148.0,8.7,0.3,10.0,27.5,Histidine,6.3,11.0,none,0.0,none,0.0,none,0.0,none,0.0,1.0,1.0,1.0554154293317417,1.0554154293317417,1.0554154293317417,0.992872785018075,0.9531286629947623,
167.0_p3conc_10.2_i10,Adalimumab,mAb_IgG1,3.0,148.0,8.7,0.3,10.1555,27.5,Histidine,6.3,11.0,none,0.0,none,0.0,none,0.0,none,0.0,1.0,1.0,1.02109004875192,0.9279334257924674,0.9279334257924674,0.9279334257924674,0.9149005620420433,
167.0_p3conc_14.1_i11,Adalimumab,mAb_IgG1,3.0,148.0,8.7,0.3,14.1421,27.5,Histidine,6.3,11.0,none,0.0,none,0.0,none,0.0,none,0.0,1.0,1.0,1.0968184389554039,1.091764905892361,0.9968913774726019,0.9959250390196467,0.9104291679087904,
167.0_p3conc_17.8_i12,Adalimumab,mAb_IgG1,3.0,148.0,8.7,0.3,17.7828,27.5,Histidine,6.3,11.0,none,0.0,none,0.0,none,0.0,none,0.0,1.0,1.0,1.0855126395388999,1.0292865312934372,1.0292865312934372,1.0292865312934372,0.9268113266167969,
167.0_p3conc_19.7_i13,Adalimumab,mAb_IgG1,3.0,148.0,8.7,0.3,19.6938,27.5,Histidine,6.3,11.0,none,0.0,none,0.0,none,0.0,none,0.0,1.0,1.0,1.161986717477938,1.0895686666909854,1.0895686666909854,1.0895686666909854,1.0129134784036273,
167.0_p3conc_27.4_i14,Adalimumab,mAb_IgG1,3.0,148.0,8.7,0.3,27.4248,27.5,Histidine,6.3,11.0,none,0.0,none,0.0,none,0.0,none,0.0,1.0,1.0,1.2931594921878662,1.200040592990669,1.125699260996095,1.125699260996095,0.9664823449090538,
167.0_p3conc_31.6_i15,Adalimumab,mAb_IgG1,3.0,148.0,8.7,0.3,31.6228,27.5,Histidine,6.3,11.0,none,0.0,none,0.0,none,0.0,none,0.0,1.0,1.0,1.3869930319652242,1.3330027651225231,1.2095321610472454,1.2095321610472454,1.0525436570732842,
167.0_p3conc_38.2_i16,Adalimumab,mAb_IgG1,3.0,148.0,8.7,0.3,38.1907,27.5,Histidine,6.3,11.0,none,0.0,none,0.0,none,0.0,none,0.0,1.0,1.0,1.5840552019886212,1.3343381217097752,1.2499479374979547,1.2172066844550213,1.0505325100521805,
167.0_p3conc_53.2_i17,Adalimumab,mAb_IgG1,3.0,148.0,8.7,0.3,53.1829,27.5,Histidine,6.3,11.0,none,0.0,none,0.0,none,0.0,none,0.0,1.0,1.0,1.7761750243348384,1.5760718142056303,1.4137161073427997,1.4137161073427997,1.2026440445537898,
167.0_p3conc_56.2_i18,Adalimumab,mAb_IgG1,3.0,148.0,8.7,0.3,56.2341,27.5,Histidine,6.3,11.0,none,0.0,none,0.0,none,0.0,none,0.0,1.0,1.0,1.8815731292848354,1.70621983541229,1.6346112914025832,1.4777692127565198,1.1590379187982935,
167.0_p3conc_74.1_i19,Adalimumab,mAb_IgG1,3.0,148.0,8.7,0.3,74.0606,27.5,Histidine,6.3,11.0,none,0.0,none,0.0,none,0.0,none,0.0,1.0,1.0,2.3548659533516196,1.9850616610514238,1.8384348739743024,1.6675623278252192,1.2012666997506571,
167.0_p3conc_109.1_i20,Adalimumab,mAb_IgG1,3.0,148.0,8.7,0.3,109.0508,27.5,Histidine,6.3,11.0,none,0.0,none,0.0,none,0.0,none,0.0,1.0,1.0,3.562115947881764,2.989063692293309,2.7735810387294753,2.3555125054708426,1.424822396482368,
167.0_p3conc_118.9_i21,Adalimumab,mAb_IgG1,3.0,148.0,8.7,0.3,118.9206,27.5,Histidine,6.3,11.0,none,0.0,none,0.0,none,0.0,none,0.0,1.0,1.0,4.114375177392982,3.0881419096669207,2.9564053652888784,2.4689374062684837,1.2788876741173119,
167.0_p3conc_129.7_i22,Adalimumab,mAb_IgG1,3.0,148.0,8.7,0.3,129.6839,27.5,Histidine,6.3,11.0,none,0.0,none,0.0,none,0.0,none,0.0,1.0,1.0,5.013999129961868,3.7112803095863502,3.4090315056756726,2.8735855587797543,1.4053545127406541,
167.0_p3conc_141.4_i23,Adalimumab,mAb_IgG1,3.0,148.0,8.7,0.3,141.4214,27.5,Histidine,6.3,11.0,none,0.0,none,0.0,none,0.0,none,0.0,1.0,1.0,5.609957611526214,4.167757365872983,3.7406297931386834,2.8755991572070614,1.629543970653119,
167.0_p3conc_143.6_i24,Adalimumab,mAb_IgG1,3.0,148.0,8.7,0.3,143.6204,27.5,Histidine,6.3,11.0,none,0.0,none,0.0,none,0.0,none,0.0,1.0,1.0,5.522796921393959,4.430701502854396,3.538324864158053,3.205080320667341,1.5967574225612369,
167.0_p3conc_154.2_i25,Adalimumab,mAb_IgG1,3.0,148.0,8.7,0.3,154.2212,27.5,Histidine,6.3,11.0,none,0.0,none,0.0,none,0.0,none,0.0,1.0,1.0,6.462255819521827,4.7643149714871855,4.37442583759645,3.6889571431414643,1.4571917395780742,
167.0_p3conc_168.2_i26,Adalimumab,mAb_IgG1,3.0,148.0,8.7,0.3,168.1791,27.5,Histidine,6.3,11.0,none,0.0,none,0.0,none,0.0,none,0.0,1.0,1.0,7.969897857819836,5.372977549501236,4.9420906004990615,3.692956934315683,1.6295006000529033,
167.0_p3conc_183.4_i27,Adalimumab,mAb_IgG1,3.0,148.0,8.7,0.3,183.4007,27.5,Histidine,6.3,11.0,none,0.0,none,0.0,none,0.0,none,0.0,1.0,1.0,9.332222218335465,6.275366487113007,6.051158805757012,3.9110094177589274,1.799835875145401,
444.0_p3conc_1.4_i0,Adalimumab,mAb_IgG1,3.0,148.0,8.7,0.3,1.4067,25.0,Histidine,6.3,12.5,none,0.0,none,0.0,none,0.0,none,0.0,1.0,1.0,0.91,0.91,0.91,0.91,0.91,
444.0_p3conc_1.6_i1,Adalimumab,mAb_IgG1,3.0,148.0,8.7,0.3,1.6332,25.0,Histidine,6.3,12.5,none,0.0,none,0.0,none,0.0,none,0.0,1.0,1.0,0.91,0.91,0.91,0.91,0.91,
444.0_p3conc_2.0_i2,Adalimumab,mAb_IgG1,3.0,148.0,8.7,0.3,1.9787,25.0,Histidine,6.3,12.5,none,0.0,none,0.0,none,0.0,none,0.0,1.0,1.0,0.91,0.91,0.91,0.91,0.91,
444.0_p3conc_2.7_i3,Adalimumab,mAb_IgG1,3.0,148.0,8.7,0.3,2.6673,25.0,Histidine,6.3,12.5,none,0.0,none,0.0,none,0.0,none,0.0,1.0,1.0,1.0663165552932252,0.9396729471888124,0.9396729471888124,0.91,0.91,
444.0_p3conc_2.8_i4,Adalimumab,mAb_IgG1,3.0,148.0,8.7,0.3,2.7834,25.0,Histidine,6.3,12.5,none,0.0,none,0.0,none,0.0,none,0.0,1.0,1.0,0.9738045990206915,0.9168918053623215,0.9168918053623215,0.9168918053623215,0.91,
444.0_p3conc_3.9_i5,Adalimumab,mAb_IgG1,3.0,148.0,8.7,0.3,3.9153,25.0,Histidine,6.3,12.5,none,0.0,none,0.0,none,0.0,none,0.0,1.0,1.0,0.9801212637428205,0.91,0.91,0.91,0.91,
444.0_p3conc_4.4_i6,Adalimumab,mAb_IgG1,3.0,148.0,8.7,0.3,4.3561,25.0,Histidine,6.3,12.5,none,0.0,none,0.0,none,0.0,none,0.0,1.0,1.0,0.9268648339351998,0.9268648339351998,0.9268648339351998,0.91,0.91,
444.0_p3conc_5.5_i7,Adalimumab,mAb_IgG1,3.0,148.0,8.7,0.3,5.5076,25.0,Histidine,6.3,12.5,none,0.0,none,0.0,none,0.0,none,0.0,1.0,1.0,0.9852536302159693,0.9293237695377964,0.9273101616722444,0.9273101616722444,0.91,
444.0_p3conc_7.1_i8,Adalimumab,mAb_IgG1,3.0,148.0,8.7,0.3,7.1143,25.0,Histidine,6.3,12.5,none,0.0,none,0.0,none,0.0,none,0.0,1.0,1.0,1.0005898761813792,0.9910909255030613,0.9839174379877303,0.9839174379877303,0.9678769985959649,
444.0_p3conc_7.7_i9,Adalimumab,mAb_IgG1,3.0,148.0,8.7,0.3,7.7473,25.0,Histidine,6.3,12.5,none,0.0,none,0.0,none,0.0,none,0.0,1.0,1.0,1.0128231251590738,0.962336708405879,0.962336708405879,0.962336708405879,0.962336708405879,
444.0_p3conc_10.9_i10,Adalimumab,mAb_IgG1,3.0,148.0,8.7,0.3,10.8979,25.0,Histidine,6.3,12.5,none,0.0,none,0.0,none,0.0,none,0.0,1.0,1.0,0.9801835845007694,0.9801835845007694,0.9801835845007694,0.9801835845007694,0.9272226297132247,
444.0_p3conc_11.6_i11,Adalimumab,mAb_IgG1,3.0,148.0,8.7,0.3,11.619,25.0,Histidine,6.3,12.5,none,0.0,none,0.0,none,0.0,none,0.0,1.0,1.0,1.1162258401868268,1.0592692356216054,1.0592692356216054,1.0542447509403305,0.9121520936376453,
444.0_p3conc_15.3_i12,Adalimumab,mAb_IgG1,3.0,148.0,8.7,0.3,15.3297,25.0,Histidine,6.3,12.5,none,0.0,none,0.0,none,0.0,none,0.0,1.0,1.0,1.2455258080971408,1.181299233366552,1.1568947893973383,1.1568947893973383,0.9377173466405276,
444.0_p3conc_19.0_i13,Adalimumab,mAb_IgG1,3.0,148.0,8.7,0.3,18.9758,25.0,Histidine,6.3,12.5,none,0.0,none,0.0,none,0.0,none,0.0,1.0,1.0,1.2126111964594466,1.1955635878004174,1.1955635878004174,1.1414685538955822,0.9375936573535912,
444.0_p3conc_21.6_i14,Adalimumab,mAb_IgG1,3.0,148.0,8.7,0.3,21.5638,25.0,Histidine,6.3,12.5,none,0.0,none,0.0,none,0.0,none,0.0,1.0,1.0,1.2854729828086173,1.2854729828086173,1.1116781619990508,1.1116781619990508,1.0467476649467131,
444.0_p3conc_30.3_i15,Adalimumab,mAb_IgG1,3.0,148.0,8.7,0.3,30.3331,25.0,Histidine,6.3,12.5,none,0.0,none,0.0,none,0.0,none,0.0,1.0,1.0,1.5495293110380213,1.5388550720662075,1.459430519465051,1.383153409688823,0.91,
444.0_p3conc_31.0_i16,Adalimumab,mAb_IgG1,3.0,148.0,8.7,0.3,30.9909,25.0,Histidine,6.3,12.5,none,0.0,none,0.0,none,0.0,none,0.0,1.0,1.0,1.5739869997936444,1.4500927281625138,1.4149326354188294,1.4080371790124475,1.0771496070589663,
444.0_p3conc_42.7_i17,Adalimumab,mAb_IgG1,3.0,148.0,8.7,0.3,42.6687,25.0,Histidine,6.3,12.5,none,0.0,none,0.0,none,0.0,none,0.0,1.0,1.0,2.1480535142865462,1.8453745100025598,1.73109691100057,1.6321148080975947,1.0511806298948083,
444.0_p3conc_50.6_i18,Adalimumab,mAb_IgG1,3.0,148.0,8.7,0.3,50.6136,25.0,Histidine,6.3,12.5,none,0.0,none,0.0,none,0.0,none,0.0,1.0,1.0,2.4074424431163495,2.063044742523341,1.7991151969648853,1.7991151969648853,1.1019718908634768,
444.0_p3conc_60.0_i19,Adalimumab,mAb_IgG1,3.0,148.0,8.7,0.3,60.0207,25.0,Histidine,6.3,12.5,none,0.0,none,0.0,none,0.0,none,0.0,1.0,1.0,2.4407971154868315,2.4407971154868315,2.3812884329390096,2.240212730240192,1.0439320047613152,
444.0_p3conc_82.7_i20,Adalimumab,mAb_IgG1,3.0,148.0,8.7,0.3,82.6609,25.0,Histidine,6.3,12.5,none,0.0,none,0.0,none,0.0,none,0.0,1.0,1.0,4.1314426222049105,3.5010065949757503,3.125199784438277,2.893373794753402,1.2264380573330196,
444.0_p3conc_84.4_i21,Adalimumab,mAb_IgG1,3.0,148.0,8.7,0.3,84.4293,25.0,Histidine,6.3,12.5,none,0.0,none,0.0,none,0.0,none,0.0,1.0,1.0,4.187021189329115,3.6886410599041652,3.373051852162624,3.18845717025472,1.1070683712556357,
444.0_p3conc_118.8_i22,Adalimumab,mAb_IgG1,3.0,148.0,8.7,0.3,118.7638,25.0,Histidine,6.3,12.5,none,0.0,none,0.0,none,0.0,none,0.0,1.0,1.0,7.390301026616343,5.917325140202217,5.752939253907016,5.449988491932523,1.3236605139403397,
444.0_p3conc_144.7_i23,Adalimumab,mAb_IgG1,3.0,148.0,8.7,0.3,144.6858,25.0,Histidine,6.3,12.5,none,0.0,none,0.0,none,0.0,none,0.0,1.0,1.0,11.984407339534906,10.440804236102624,9.574493262888204,8.634887787111134,1.419467117292697,
444.0_p3conc_155.1_i24,Adalimumab,mAb_IgG1,3.0,148.0,8.7,0.3,155.0661,25.0,Histidine,6.3,12.5,none,0.0,none,0.0,none,0.0,none,0.0,1.0,1.0,14.474099523932061,11.445284603441117,10.985515305609521,10.417328191074157,1.4548774458273592,
444.0_p3conc_166.2_i25,Adalimumab,mAb_IgG1,3.0,148.0,8.7,0.3,166.1916,25.0,Histidine,6.3,12.5,none,0.0,none,0.0,none,0.0,none,0.0,1.0,1.0,19.295200953924184,13.444703680945066,12.022301128068635,11.893013700820868,1.4979310941689494,
444.0_p3conc_167.1_i26,Adalimumab,mAb_IgG1,3.0,148.0,8.7,0.3,167.0614,25.0,Histidine,6.3,12.5,none,0.0,none,0.0,none,0.0,none,0.0,1.0,1.0,19.0617133004601,14.624190285983683,12.351938903125756,11.473699494009251,1.382497067754029,
444.0_p3conc_178.1_i27,Adalimumab,mAb_IgG1,3.0,148.0,8.7,0.3,178.1152,25.0,Histidine,6.3,12.5,none,0.0,none,0.0,none,0.0,none,0.0,1.0,1.0,20.773287211406632,18.413213785390106,15.962582407031656,13.956767271216183,1.4158799600420078,
444.0_p3conc_190.9_i28,Adalimumab,mAb_IgG1,3.0,148.0,8.7,0.3,190.8943,25.0,Histidine,6.3,12.5,none,0.0,none,0.0,none,0.0,none,0.0,1.0,1.0,27.074007684699193,20.606938559683627,19.84629046746289,16.250976728512825,1.5138002459271822,
444.0_p3conc_204.6_i29,Adalimumab,mAb_IgG1,3.0,148.0,8.7,0.3,204.5898,25.0,Histidine,6.3,12.5,none,0.0,none,0.0,none,0.0,none,0.0,1.0,1.0,35.24566002209889,26.619522351001535,25.04213378768139,19.90601677388591,1.553480964943949,
444.0_p3conc_219.3_i30,Adalimumab,mAb_IgG1,3.0,148.0,8.7,0.3,219.2684,25.0,Histidine,6.3,12.5,none,0.0,none,0.0,none,0.0,none,0.0,1.0,1.0,41.486440057781586,34.99605924162075,28.80143029006294,24.141846425765927,1.8274213908424266,
247.0_p3conc_1.4_i0,BSA,Other,2.0,66.0,4.7,0.3,1.3523,27.5,Acetate,5.0,20.0,none,0.0,none,0.0,none,0.0,none,0.0,0.85,0.9,0.9502999842152813,0.9203467044014265,0.9203467044014265,0.9203467044014265,0.91,
247.0_p3conc_1.8_i1,BSA,Other,2.0,66.0,4.7,0.3,1.8286,27.5,Acetate,5.0,20.0,none,0.0,none,0.0,none,0.0,none,0.0,0.85,0.9,0.91,0.91,0.91,0.91,0.91,
247.0_p3conc_2.5_i2,BSA,Other,2.0,66.0,4.7,0.3,2.4727,27.5,Acetate,5.0,20.0,none,0.0,none,0.0,none,0.0,none,0.0,0.85,0.9,0.9845080452293508,0.9245924450887815,0.9234753946198591,0.9234753946198591,0.91,
247.0_p3conc_3.3_i3,BSA,Other,2.0,66.0,4.7,0.3,3.3437,27.5,Acetate,5.0,20.0,none,0.0,none,0.0,none,0.0,none,0.0,0.85,0.9,0.9131364336303914,0.9131364336303914,0.9131364336303914,0.9131364336303914,0.91,
247.0_p3conc_4.5_i4,BSA,Other,2.0,66.0,4.7,0.3,4.5215,27.5,Acetate,5.0,20.0,none,0.0,none,0.0,none,0.0,none,0.0,0.85,0.9,0.9817649260724363,0.9817649260724363,0.9171709173826614,0.9171709173826614,0.91,
247.0_p3conc_6.1_i5,BSA,Other,2.0,66.0,4.7,0.3,6.1142,27.5,Acetate,5.0,20.0,none,0.0,none,0.0,none,0.0,none,0.0,0.85,0.9,0.9750033897625214,0.9750033897625214,0.958125539459138,0.9578436762036872,0.91,
248.0_p3conc_8.3_i6,BSA,Other,2.0,66.0,4.7,0.3,8.268,27.5,Acetate,5.0,20.0,none,0.0,none,0.0,none,0.0,none,0.0,0.85,0.9,0.91,0.91,0.91,0.91,0.91,
248.0_p3conc_11.2_i7,BSA,Other,2.0,66.0,4.7,0.3,11.1803,27.5,Acetate,5.0,20.0,none,0.0,none,0.0,none,0.0,none,0.0,0.85,0.9,1.0471273903695875,1.0471273903695875,0.9861995913325537,0.9818420670982048,0.91,
249.0_p3conc_15.1_i8,BSA,Other,2.0,66.0,4.7,0.3,15.1186,27.5,Acetate,5.0,20.0,none,0.0,none,0.0,none,0.0,none,0.0,0.85,0.9,1.0714290209463426,1.0568025772989629,1.0568025772989629,1.0568025772989629,0.91,
250.0_p3conc_27.6_i9,BSA,Other,2.0,66.0,4.7,0.3,27.6456,27.5,Acetate,5.0,20.0,none,0.0,none,0.0,none,0.0,none,0.0,0.85,0.9,1.464344915466062,1.4237983853158294,1.2996216115726225,1.2996216115726225,1.1826723040800127,
250.0_p3conc_30.6_i10,BSA,Other,2.0,66.0,4.7,0.3,30.5711,27.5,Acetate,5.0,20.0,none,0.0,none,0.0,none,0.0,none,0.0,0.85,0.9,1.39569506180937,1.39569506180937,1.39569506180937,1.39569506180937,1.1559384937115678,
250.0_p3conc_37.4_i11,BSA,Other,2.0,66.0,4.7,0.3,37.3838,27.5,Acetate,5.0,20.0,none,0.0,none,0.0,none,0.0,none,0.0,0.85,0.9,1.521967629128503,1.521967629128503,1.521967629128503,1.4521907653685957,1.1918692861200049,
250.0_p3conc_45.7_i12,BSA,Other,2.0,66.0,4.7,0.3,45.7145,27.5,Acetate,5.0,20.0,none,0.0,none,0.0,none,0.0,none,0.0,0.85,0.9,1.8118167005705292,1.7679686797555052,1.7679686797555052,1.7679686797555052,1.4560232868007381,
250.0_p3conc_50.6_i13,BSA,Other,2.0,66.0,4.7,0.3,50.5521,27.5,Acetate,5.0,20.0,none,0.0,none,0.0,none,0.0,none,0.0,0.85,0.9,1.774370207383585,1.774370207383585,1.774370207383585,1.774370207383585,1.6950212903669124,
250.0_p3conc_55.9_i14,BSA,Other,2.0,66.0,4.7,0.3,55.9017,27.5,Acetate,5.0,20.0,none,0.0,none,0.0,none,0.0,none,0.0,0.85,0.9,2.0520433866447783,2.0520433866447783,2.0520433866447783,2.0520433866447783,1.7250140806130347,
250.0_p3conc_68.4_i15,BSA,Other,2.0,66.0,4.7,0.3,68.359,27.5,Acetate,5.0,20.0,none,0.0,none,0.0,none,0.0,none,0.0,0.85,0.9,2.6790863224271564,2.263975225415351,2.263975225415351,2.263975225415351,2.263975225415351,
250.0_p3conc_83.6_i16,BSA,Other,2.0,66.0,4.7,0.3,83.5926,27.5,Acetate,5.0,20.0,none,0.0,none,0.0,none,0.0,none,0.0,0.85,0.9,3.129385495940315,3.0141167410449023,3.0141167410449023,3.0141167410449023,2.7830058166992946,
250.0_p3conc_92.4_i17,BSA,Other,2.0,66.0,4.7,0.3,92.4385,27.5,Acetate,5.0,20.0,none,0.0,none,0.0,none,0.0,none,0.0,0.85,0.9,3.3667192206329486,3.3667192206329486,3.3667192206329486,3.3667192206329486,3.21215510683335,
250.0_p3conc_102.2_i18,BSA,Other,2.0,66.0,4.7,0.3,102.2207,27.5,Acetate,5.0,20.0,none,0.0,none,0.0,none,0.0,none,0.0,0.85,0.9,3.7027661844582886,3.7027661844582886,3.7027661844582886,3.7027661844582886,3.4949521839360695,
239.0_p3conc_1.4_i0,BSA,Other,2.0,66.0,4.7,0.3,1.4163,27.5,Acetate,6.6,20.0,none,0.0,none,0.0,none,0.0,none,0.0,0.85,0.9,0.91,0.91,0.91,0.91,0.91,
239.0_p3conc_1.5_i1,BSA,Other,2.0,66.0,4.7,0.3,1.528,27.5,Acetate,6.6,20.0,none,0.0,none,0.0,none,0.0,none,0.0,0.85,0.9,0.91,0.91,0.91,0.91,0.91,
239.0_p3conc_2.0_i2,BSA,Other,2.0,66.0,4.7,0.3,2.0058,27.5,Acetate,6.6,20.0,none,0.0,none,0.0,none,0.0,none,0.0,0.85,0.9,0.91,0.91,0.91,0.91,0.91,
239.0_p3conc_2.3_i3,BSA,Other,2.0,66.0,4.7,0.3,2.3348,27.5,Acetate,6.6,20.0,none,0.0,none,0.0,none,0.0,none,0.0,0.85,0.9,0.91,0.91,0.91,0.91,0.91,
239.0_p3conc_2.8_i4,BSA,Other,2.0,66.0,4.7,0.3,2.8407,27.5,Acetate,6.6,20.0,none,0.0,none,0.0,none,0.0,none,0.0,0.85,0.9,0.9713968071355318,0.91,0.91,0.91,0.91,
239.0_p3conc_3.6_i5,BSA,Other,2.0,66.0,4.7,0.3,3.5676,27.5,Acetate,6.6,20.0,none,0.0,none,0.0,none,0.0,none,0.0,0.85,0.9,0.91,0.91,0.91,0.91,0.91,
239.0_p3conc_4.0_i6,BSA,Other,2.0,66.0,4.7,0.3,4.0232,27.5,Acetate,6.6,20.0,none,0.0,none,0.0,none,0.0,none,0.0,0.85,0.9,1.0074929135360517,0.9349071881114475,0.91,0.91,0.91,
239.0_p3conc_5.5_i7,BSA,Other,2.0,66.0,4.7,0.3,5.4514,27.5,Acetate,6.6,20.0,none,0.0,none,0.0,none,0.0,none,0.0,0.85,0.9,0.91,0.91,0.91,0.91,0.91,
239.0_p3conc_5.7_i8,BSA,Other,2.0,66.0,4.7,0.3,5.698,27.5,Acetate,6.6,20.0,none,0.0,none,0.0,none,0.0,none,0.0,0.85,0.9,0.9214449469466639,0.9214449469466639,0.9214449469466639,0.91,0.91,
239.0_p3conc_8.1_i9,BSA,Other,2.0,66.0,4.7,0.3,8.0698,27.5,Acetate,6.6,20.0,none,0.0,none,0.0,none,0.0,none,0.0,0.85,0.9,1.0410327262813832,0.9817610528574172,0.972220647367479,0.972220647367479,0.91,
239.0_p3conc_8.3_i10,BSA,Other,2.0,66.0,4.7,0.3,8.3297,27.5,Acetate,6.6,20.0,none,0.0,none,0.0,none,0.0,none,0.0,0.85,0.9,0.9206177891755722,0.91,0.91,0.91,0.91,
239.0_p3conc_11.4_i11,BSA,Other,2.0,66.0,4.7,0.3,11.429,27.5,Acetate,6.6,20.0,none,0.0,none,0.0,none,0.0,none,0.0,0.85,0.9,1.017801758255766,0.9878944647460891,0.9878944647460891,0.9878944647460891,0.91,
239.0_p3conc_12.7_i12,BSA,Other,2.0,66.0,4.7,0.3,12.7279,27.5,Acetate,6.6,20.0,none,0.0,none,0.0,none,0.0,none,0.0,0.85,0.9,1.154647829247308,1.0438553727774376,1.0244120195336364,1.0244120195336364,1.0120472435681143,
239.0_p3conc_16.2_i13,BSA,Other,2.0,66.0,4.7,0.3,16.1864,27.5,Acetate,6.6,20.0,none,0.0,none,0.0,none,0.0,none,0.0,0.85,0.9,1.0469866074606957,1.0235931559865197,1.0235931559865197,1.0235931559865197,0.964368257029813,
239.0_p3conc_19.4_i14,BSA,Other,2.0,66.0,4.7,0.3,19.4484,27.5,Acetate,6.6,20.0,none,0.0,none,0.0,none,0.0,none,0.0,0.85,0.9,1.1609615234156505,1.1023110350630523,1.1023110350630523,1.1023110350630523,1.022753449176638,
239.0_p3conc_22.9_i15,BSA,Other,2.0,66.0,4.7,0.3,22.9242,27.5,Acetate,6.6,20.0,none,0.0,none,0.0,none,0.0,none,0.0,0.85,0.9,1.1411901593256137,1.1411901593256137,1.078554257529585,1.078554257529585,1.0503147180402044,
239.0_p3conc_29.7_i16,BSA,Other,2.0,66.0,4.7,0.3,29.7173,27.5,Acetate,6.6,20.0,none,0.0,none,0.0,none,0.0,none,0.0,0.85,0.9,1.1492025635193786,1.1492025635193786,1.1131456036059588,1.0922192424732102,1.0922192424732102,
239.0_p3conc_32.5_i17,BSA,Other,2.0,66.0,4.7,0.3,32.4667,27.5,Acetate,6.6,20.0,none,0.0,none,0.0,none,0.0,none,0.0,0.85,0.9,1.274434481089986,1.1763400729493498,1.1763400729493498,1.1763400729493498,1.1071764029613027,
239.0_p3conc_45.4_i18,BSA,Other,2.0,66.0,4.7,0.3,45.4084,27.5,Acetate,6.6,20.0,none,0.0,none,0.0,none,0.0,none,0.0,0.85,0.9,1.5751516178353993,1.2908169791116682,1.2908169791116682,1.2908169791116682,1.252936464237902,
239.0_p3conc_46.0_i19,BSA,Other,2.0,66.0,4.7,0.3,45.9814,27.5,Acetate,6.6,20.0,none,0.0,none,0.0,none,0.0,none,0.0,0.85,0.9,1.3920751199367005,1.3865673083247076,1.3865673083247076,1.3809708127652973,1.2408339921690044,
239.0_p3conc_65.1_i20,BSA,Other,2.0,66.0,4.7,0.3,65.1217,27.5,Acetate,6.6,20.0,none,0.0,none,0.0,none,0.0,none,0.0,0.85,0.9,1.7735741983540971,1.613135338083502,1.613135338083502,1.496945642221954,1.3369646231447776,
239.0_p3conc_69.4_i21,BSA,Other,2.0,66.0,4.7,0.3,69.3846,27.5,Acetate,6.6,20.0,none,0.0,none,0.0,none,0.0,none,0.0,0.85,0.9,1.8460207143942384,1.7704832833206874,1.7704832833206874,1.6349153604886382,1.4017062452106708,
239.0_p3conc_92.2_i22,BSA,Other,2.0,66.0,4.7,0.3,92.2295,27.5,Acetate,6.6,20.0,none,0.0,none,0.0,none,0.0,none,0.0,0.85,0.9,2.207475876908483,2.1331241575304665,2.1149670830862592,2.0696401091536902,1.6218831865051015,
239.0_p3conc_106.0_i23,BSA,Other,2.0,66.0,4.7,0.3,106.0203,27.5,Acetate,6.6,20.0,none,0.0,none,0.0,none,0.0,none,0.0,0.85,0.9,2.4196860508137084,2.405063365146849,2.3604650034993147,2.214882994004885,1.8586888362964105,
239.0_p3conc_130.6_i24,BSA,Other,2.0,66.0,4.7,0.3,130.6213,27.5,Acetate,6.6,20.0,none,0.0,none,0.0,none,0.0,none,0.0,0.85,0.9,2.992442979807259,2.992442979807259,2.992442979807259,2.4965847372111294,1.9757284239545403,
239.0_p3conc_172.0_i25,BSA,Other,2.0,66.0,4.7,0.3,172.0335,27.5,Acetate,6.6,20.0,none,0.0,none,0.0,none,0.0,none,0.0,0.85,0.9,4.602275146632892,4.577738103636456,4.484374466101783,3.8243569454507798,2.595292991070739,
239.0_p3conc_182.7_i26,BSA,Other,2.0,66.0,4.7,0.3,182.6888,27.5,Acetate,6.6,20.0,none,0.0,none,0.0,none,0.0,none,0.0,0.85,0.9,5.368232185520752,5.368232185520752,5.29130155936066,3.857971598552659,2.923349513402173,
239.0_p3conc_185.0_i27,BSA,Other,2.0,66.0,4.7,0.3,184.9937,27.5,Acetate,6.6,20.0,none,0.0,none,0.0,none,0.0,none,0.0,0.85,0.9,5.338032504172549,5.338032504172549,4.921466219973409,4.321278096128019,2.9083775567294636,
239.0_p3conc_194.0_i28,BSA,Other,2.0,66.0,4.7,0.3,194.0037,27.5,Acetate,6.6,20.0,none,0.0,none,0.0,none,0.0,none,0.0,0.85,0.9,5.716916936881343,5.633957498554788,5.337934672054886,4.687718319963998,3.141698680228124,
239.0_p3conc_206.0_i29,BSA,Other,2.0,66.0,4.7,0.3,206.0193,27.5,Acetate,6.6,20.0,none,0.0,none,0.0,none,0.0,none,0.0,0.85,0.9,6.858298599566766,6.445633527831684,6.171856975744897,5.364828600027914,3.4773785256506096,
239.0_p3conc_218.8_i30,BSA,Other,2.0,66.0,4.7,0.3,218.7792,27.5,Acetate,6.6,20.0,none,0.0,none,0.0,none,0.0,none,0.0,0.85,0.9,7.438815259709529,7.383491782735806,6.9175267102291995,5.420863978877184,3.538770245535289,
239.0_p3conc_232.3_i31,BSA,Other,2.0,66.0,4.7,0.3,232.3298,27.5,Acetate,6.6,20.0,none,0.0,none,0.0,none,0.0,none,0.0,0.85,0.9,8.798737593446296,8.75724662114298,7.6788623429693255,6.472488575370792,3.7425839248772204,
239.0_p3conc_246.7_i32,BSA,Other,2.0,66.0,4.7,0.3,246.7192,27.5,Acetate,6.6,20.0,none,0.0,none,0.0,none,0.0,none,0.0,0.85,0.9,10.091731037859041,9.735077104705672,8.772740321607078,7.115581306507743,4.242611934824368,
235.0_p3conc_1.2_i0,BSA,Other,2.0,66.0,4.7,0.3,1.231,27.5,Acetate,6.8,20.0,none,0.0,none,0.0,none,0.0,none,0.0,0.85,0.9,0.91,0.91,0.91,0.91,0.91,
235.0_p3conc_1.5_i1,BSA,Other,2.0,66.0,4.7,0.3,1.4772,27.5,Acetate,6.8,20.0,none,0.0,none,0.0,none,0.0,none,0.0,0.85,0.9,0.91,0.91,0.91,0.91,0.91,
235.0_p3conc_1.5_i2,BSA,Other,2.0,66.0,4.7,0.3,1.5152,27.5,Acetate,6.8,20.0,none,0.0,none,0.0,none,0.0,none,0.0,0.85,0.9,0.91,0.91,0.91,0.91,0.91,
235.0_p3conc_1.9_i3,BSA,Other,2.0,66.0,4.7,0.3,1.8652,27.5,Acetate,6.8,20.0,none,0.0,none,0.0,none,0.0,none,0.0,0.85,0.9,0.91,0.91,0.91,0.91,0.91,
235.0_p3conc_2.2_i4,BSA,Other,2.0,66.0,4.7,0.3,2.1821,27.5,Acetate,6.8,20.0,none,0.0,none,0.0,none,0.0,none,0.0,0.85,0.9,0.9282894481087399,0.91,0.91,0.91,0.91,
235.0_p3conc_2.3_i5,BSA,Other,2.0,66.0,4.7,0.3,2.296,27.5,Acetate,6.8,20.0,none,0.0,none,0.0,none,0.0,none,0.0,0.85,0.9,0.9604582304172179,0.95658739756615,0.91,0.91,0.91,
235.0_p3conc_2.8_i6,BSA,Other,2.0,66.0,4.7,0.3,2.8262,27.5,Acetate,6.8,20.0,none,0.0,none,0.0,none,0.0,none,0.0,0.85,0.9,1.0136222235445251,1.0136222235445251,0.91,0.91,0.91,
235.0_p3conc_3.2_i7,BSA,Other,2.0,66.0,4.7,0.3,3.2233,27.5,Acetate,6.8,20.0,none,0.0,none,0.0,none,0.0,none,0.0,0.85,0.9,0.91,0.91,0.91,0.91,0.91,
235.0_p3conc_3.5_i8,BSA,Other,2.0,66.0,4.7,0.3,3.4789,27.5,Acetate,6.8,20.0,none,0.0,none,0.0,none,0.0,none,0.0,0.85,0.9,0.9251011742440881,0.9251011742440881,0.9251011742440881,0.9251011742440881,0.9251011742440881,
235.0_p3conc_4.3_i9,BSA,Other,2.0,66.0,4.7,0.3,4.2824,27.5,Acetate,6.8,20.0,none,0.0,none,0.0,none,0.0,none,0.0,0.85,0.9,0.9959605854724216,0.91,0.91,0.91,0.91,
235.0_p3conc_4.8_i10,BSA,Other,2.0,66.0,4.7,0.3,4.7615,27.5,Acetate,6.8,20.0,none,0.0,none,0.0,none,0.0,none,0.0,0.85,0.9,0.9961672835142888,0.91,0.91,0.91,0.91,
235.0_p3conc_5.3_i11,BSA,Other,2.0,66.0,4.7,0.3,5.2715,27.5,Acetate,6.8,20.0,none,0.0,none,0.0,none,0.0,none,0.0,0.85,0.9,1.0143664835292983,0.9433760577701429,0.91,0.91,0.91,
235.0_p3conc_6.5_i12,BSA,Other,2.0,66.0,4.7,0.3,6.4889,27.5,Acetate,6.8,20.0,none,0.0,none,0.0,none,0.0,none,0.0,0.85,0.9,0.9182013203748701,0.9182013203748701,0.91,0.91,0.91,
235.0_p3conc_7.0_i13,BSA,Other,2.0,66.0,4.7,0.3,7.0336,27.5,Acetate,6.8,20.0,none,0.0,none,0.0,none,0.0,none,0.0,0.85,0.9,0.9767274660661122,0.9527464825258538,0.9527464825258538,0.9527464825258538,0.9527464825258538,
235.0_p3conc_8.0_i14,BSA,Other,2.0,66.0,4.7,0.3,7.9876,27.5,Acetate,6.8,20.0,none,0.0,none,0.0,none,0.0,none,0.0,0.85,0.9,1.0091269182228229,0.9645738463147525,0.9645738463147525,0.9530180060300709,0.9530180060300709,
235.0_p3conc_9.8_i15,BSA,Other,2.0,66.0,4.7,0.3,9.8323,27.5,Acetate,6.8,20.0,none,0.0,none,0.0,none,0.0,none,0.0,0.85,0.9,0.9908996653246682,0.9710246757772951,0.9555606754852815,0.9555606754852815,0.9555606754852815,
235.0_p3conc_10.4_i16,BSA,Other,2.0,66.0,4.7,0.3,10.3899,27.5,Acetate,6.8,20.0,none,0.0,none,0.0,none,0.0,none,0.0,0.85,0.9,1.0656792590793045,0.941023024436789,0.941023024436789,0.941023024436789,0.941023024436789,
235.0_p3conc_12.1_i17,BSA,Other,2.0,66.0,4.7,0.3,12.1031,27.5,Acetate,6.8,20.0,none,0.0,none,0.0,none,0.0,none,0.0,0.85,0.9,0.9870070001096765,0.9870070001096765,0.9870070001096765,0.9374782134062639,0.9374782134062639,
235.0_p3conc_14.9_i18,BSA,Other,2.0,66.0,4.7,0.3,14.8983,27.5,Acetate,6.8,20.0,none,0.0,none,0.0,none,0.0,none,0.0,0.85,0.9,1.129295131357153,1.0334635204301303,1.0334635204301303,1.019968903800178,1.019968903800178,
235.0_p3conc_15.3_i19,BSA,Other,2.0,66.0,4.7,0.3,15.3478,27.5,Acetate,6.8,20.0,none,0.0,none,0.0,none,0.0,none,0.0,0.85,0.9,0.9631176448198151,0.9631176448198151,0.9631176448198151,0.9631176448198151,0.941404712042084,
235.0_p3conc_18.3_i20,BSA,Other,2.0,66.0,4.7,0.3,18.3391,27.5,Acetate,6.8,20.0,none,0.0,none,0.0,none,0.0,none,0.0,0.85,0.9,1.1173743933659614,1.0079837140192827,1.0079837140192827,1.0079837140192827,1.0079837140192827,
235.0_p3conc_22.6_i21,BSA,Other,2.0,66.0,4.7,0.3,22.5746,27.5,Acetate,6.8,20.0,none,0.0,none,0.0,none,0.0,none,0.0,0.85,0.9,1.2168279823992374,1.1650553359836109,1.1589106564573555,1.1015858355428731,1.0284798641134367,
235.0_p3conc_22.7_i22,BSA,Other,2.0,66.0,4.7,0.3,22.6716,27.5,Acetate,6.8,20.0,none,0.0,none,0.0,none,0.0,none,0.0,0.85,0.9,1.2101350477722437,1.1097819079380555,1.040212962903389,1.040212962903389,1.040212962903389,
235.0_p3conc_27.8_i23,BSA,Other,2.0,66.0,4.7,0.3,27.7883,27.5,Acetate,6.8,20.0,none,0.0,none,0.0,none,0.0,none,0.0,0.85,0.9,1.2219726462972047,1.2219726462972047,1.1668626363588863,1.1330299794992809,1.115793537585935,
235.0_p3conc_33.5_i24,BSA,Other,2.0,66.0,4.7,0.3,33.4901,27.5,Acetate,6.8,20.0,none,0.0,none,0.0,none,0.0,none,0.0,0.85,0.9,1.4062169672942746,1.2044004347059285,1.2044004347059285,1.1818158799421787,1.1817256413442194,
235.0_p3conc_34.2_i25,BSA,Other,2.0,66.0,4.7,0.3,34.2061,27.5,Acetate,6.8,20.0,none,0.0,none,0.0,none,0.0,none,0.0,0.85,0.9,1.3783498435221817,1.2353769797963448,1.209285597579865,1.209285597579865,1.209285597579865,
235.0_p3conc_42.1_i26,BSA,Other,2.0,66.0,4.7,0.3,42.1061,27.5,Acetate,6.8,20.0,none,0.0,none,0.0,none,0.0,none,0.0,0.85,0.9,1.4779008432612897,1.3173384019041248,1.293353888605848,1.293353888605848,1.293353888605848,
235.0_p3conc_49.5_i27,BSA,Other,2.0,66.0,4.7,0.3,49.4711,27.5,Acetate,6.8,20.0,none,0.0,none,0.0,none,0.0,none,0.0,0.85,0.9,1.4873665125998818,1.4873665125998818,1.4217543288643046,1.290480372530056,1.290480372530056,
235.0_p3conc_51.8_i28,BSA,Other,2.0,66.0,4.7,0.3,51.8306,27.5,Acetate,6.8,20.0,none,0.0,none,0.0,none,0.0,none,0.0,0.85,0.9,1.5611382034056218,1.4874421311998964,1.4874421311998964,1.441731450033765,1.361947598665576,
235.0_p3conc_63.8_i29,BSA,Other,2.0,66.0,4.7,0.3,63.8011,27.5,Acetate,6.8,20.0,none,0.0,none,0.0,none,0.0,none,0.0,0.85,0.9,1.8429419953146127,1.6498846361328305,1.6383017890887581,1.6280701991713493,1.6280701991713493,
235.0_p3conc_73.1_i30,BSA,Other,2.0,66.0,4.7,0.3,73.0781,27.5,Acetate,6.8,20.0,none,0.0,none,0.0,none,0.0,none,0.0,0.85,0.9,2.0194512848551383,1.979190013493875,1.8315572015899741,1.6653924652275558,1.6653924652275558,
235.0_p3conc_78.5_i31,BSA,Other,2.0,66.0,4.7,0.3,78.536,27.5,Acetate,6.8,20.0,none,0.0,none,0.0,none,0.0,none,0.0,0.85,0.9,2.1802693106137983,1.8624121033115053,1.8624121033115053,1.8624121033115053,1.7830105875356208,
235.0_p3conc_96.7_i32,BSA,Other,2.0,66.0,4.7,0.3,96.6743,27.5,Acetate,6.8,20.0,none,0.0,none,0.0,none,0.0,none,0.0,0.85,0.9,2.565298777080777,2.2908652700015204,2.2514256648328526,2.247920185804595,2.1464151056493983,
235.0_p3conc_107.9_i33,BSA,Other,2.0,66.0,4.7,0.3,107.9498,27.5,Acetate,6.8,20.0,none,0.0,none,0.0,none,0.0,none,0.0,0.85,0.9,2.9886686754233867,2.761008150347727,2.380054224723178,2.380054224723178,2.275718707398765,
235.0_p3conc_119.0_i34,BSA,Other,2.0,66.0,4.7,0.3,119.0014,27.5,Acetate,6.8,20.0,none,0.0,none,0.0,none,0.0,none,0.0,0.85,0.9,3.429408434506764,2.8546324936445426,2.6639122104190838,2.5372531050703806,2.5372531050703806,
235.0_p3conc_146.5_i35,BSA,Other,2.0,66.0,4.7,0.3,146.4849,27.5,Acetate,6.8,20.0,none,0.0,none,0.0,none,0.0,none,0.0,0.85,0.9,4.406857681789059,3.623988449792762,3.623988449792762,3.4430685195945405,2.888581712460306,
235.0_p3conc_159.5_i36,BSA,Other,2.0,66.0,4.7,0.3,159.4623,27.5,Acetate,6.8,20.0,none,0.0,none,0.0,none,0.0,none,0.0,0.85,0.9,5.127438203020243,3.913864889418597,3.6978952267453677,3.1946520694715894,3.1946520694715894,
235.0_p3conc_180.3_i37,BSA,Other,2.0,66.0,4.7,0.3,180.3163,27.5,Acetate,6.8,20.0,none,0.0,none,0.0,none,0.0,none,0.0,0.85,0.9,6.290270504991448,5.226265688955121,4.3361332414422815,4.3361332414422815,4.2445798341395555,
235.0_p3conc_222.0_i38,BSA,Other,2.0,66.0,4.7,0.3,221.9607,27.5,Acetate,6.8,20.0,none,0.0,none,0.0,none,0.0,none,0.0,0.85,0.9,11.267989026239615,8.341558728619194,7.084891261657511,6.317136354981664,6.317136354981664,
235.0_p3conc_235.6_i39,BSA,Other,2.0,66.0,4.7,0.3,235.5554,27.5,Acetate,6.8,20.0,none,0.0,none,0.0,none,0.0,none,0.0,0.85,0.9,11.37977757029263,8.363967434472967,7.705864060753645,7.705864060753645,6.9289436378913765,
235.0_p3conc_273.2_i40,BSA,Other,2.0,66.0,4.7,0.3,273.2235,27.5,Acetate,6.8,20.0,none,0.0,none,0.0,none,0.0,none,0.0,0.85,0.9,18.395167997054457,12.046602310964383,11.394105477807297,10.540332688206082,10.063027211615827,
235.0_p3conc_336.3_i41,BSA,Other,2.0,66.0,4.7,0.3,336.3249,27.5,Acetate,6.8,20.0,none,0.0,none,0.0,none,0.0,none,0.0,0.85,0.9,36.24818587478525,23.029893207824028,18.27875131104966,17.686468587169863,15.981131383131137,
235.0_p3conc_348.0_i42,BSA,Other,2.0,66.0,4.7,0.3,347.9589,27.5,Acetate,6.8,20.0,none,0.0,none,0.0,none,0.0,none,0.0,0.85,0.9,40.204901596296814,26.129313189963224,21.092451091570073,19.048180654722394,18.987776414178104,
235.0_p3conc_437.0_i43,BSA,Other,2.0,66.0,4.7,0.3,437.0096,27.5,Acetate,6.8,20.0,none,0.0,none,0.0,none,0.0,none,0.0,0.85,0.9,114.21417036178384,62.5528427793289,49.02811100887729,40.97741859008797,40.50446507903496,
235.0_p3conc_449.0_i44,BSA,Other,2.0,66.0,4.7,0.3,448.9893,27.5,Acetate,6.8,20.0,none,0.0,none,0.0,none,0.0,none,0.0,0.85,0.9,130.8490151371053,66.46396150895504,56.77666286247208,45.78493457533175,44.91986305027122,
235.0_p3conc_461.3_i45,BSA,Other,2.0,66.0,4.7,0.3,461.2985,27.5,Acetate,6.8,20.0,none,0.0,none,0.0,none,0.0,none,0.0,0.85,0.9,157.12700447137263,83.78966374445923,60.77422456671116,52.28077228739059,52.00696909857566,
235.0_p3conc_473.9_i46,BSA,Other,2.0,66.0,4.7,0.3,473.944,27.5,Acetate,6.8,20.0,none,0.0,none,0.0,none,0.0,none,0.0,0.85,0.9,176.71694821889912,88.25937957046342,65.65144479909617,54.035134602350844,54.035134602350844,
235.0_p3conc_486.9_i47,BSA,Other,2.0,66.0,4.7,0.3,486.9361,27.5,Acetate,6.8,20.0,none,0.0,none,0.0,none,0.0,none,0.0,0.85,0.9,197.0693641868305,108.58461595620277,77.94820381159784,70.90379592820054,60.25188520837962,
235.0_p3conc_500.3_i48,BSA,Other,2.0,66.0,4.7,0.3,500.2856,27.5,Acetate,6.8,20.0,none,0.0,none,0.0,none,0.0,none,0.0,0.85,0.9,241.6817454888102,114.52311179693392,89.75859036772815,70.15246547318596,70.15246547318596,
251.0_p3conc_1.4_i0,BSA,Other,2.0,66.0,4.7,0.3,1.3523,27.5,Histidine,6.0,15.0,none,0.0,none,0.0,none,0.0,none,0.0,0.85,0.9,0.91,0.91,0.91,0.91,0.91,
251.0_p3conc_1.8_i1,BSA,Other,2.0,66.0,4.7,0.3,1.8286,27.5,Histidine,6.0,15.0,none,0.0,none,0.0,none,0.0,none,0.0,0.85,0.9,0.9735031791404335,0.9326192966643443,0.91,0.91,0.91,
251.0_p3conc_2.5_i2,BSA,Other,2.0,66.0,4.7,0.3,2.4727,27.5,Histidine,6.0,15.0,none,0.0,none,0.0,none,0.0,none,0.0,0.85,0.9,1.0080853724595864,1.0080853724595864,0.9458765408166441,0.9397366183035856,0.91,
251.0_p3conc_3.3_i3,BSA,Other,2.0,66.0,4.7,0.3,3.3437,27.5,Histidine,6.0,15.0,none,0.0,none,0.0,none,0.0,none,0.0,0.85,0.9,0.9496841072103648,0.9496841072103648,0.91,0.91,0.91,
251.0_p3conc_4.5_i4,BSA,Other,2.0,66.0,4.7,0.3,4.5215,27.5,Histidine,6.0,15.0,none,0.0,none,0.0,none,0.0,none,0.0,0.85,0.9,1.0022040979303914,1.0022040979303914,1.0022040979303914,0.9749811491387169,0.91,
251.0_p3conc_6.1_i5,BSA,Other,2.0,66.0,4.7,0.3,6.1142,27.5,Histidine,6.0,15.0,none,0.0,none,0.0,none,0.0,none,0.0,0.85,0.9,0.9325510068302212,0.9325510068302212,0.9221681242404566,0.9221681242404566,0.91,
252.0_p3conc_8.3_i6,BSA,Other,2.0,66.0,4.7,0.3,8.268,27.5,Histidine,6.0,15.0,none,0.0,none,0.0,none,0.0,none,0.0,0.85,0.9,0.9841308560871618,0.9841308560871618,0.9841308560871618,0.9735843518124875,0.91,
252.0_p3conc_11.2_i7,BSA,Other,2.0,66.0,4.7,0.3,11.1803,27.5,Histidine,6.0,15.0,none,0.0,none,0.0,none,0.0,none,0.0,0.85,0.9,0.9911238131635342,0.9911238131635342,0.9911238131635342,0.9711294481234841,0.91,
253.0_p3conc_15.1_i8,BSA,Other,2.0,66.0,4.7,0.3,15.1186,27.5,Histidine,6.0,15.0,none,0.0,none,0.0,none,0.0,none,0.0,0.85,0.9,1.1085806265672808,1.0115939017953557,1.0115939017953557,1.0115939017953557,0.91,
255.0_p3conc_27.6_i9,BSA,Other,2.0,66.0,4.7,0.3,27.6456,27.5,Histidine,6.0,15.0,none,0.0,none,0.0,none,0.0,none,0.0,0.85,0.9,1.3173386728839716,1.2996992850802709,1.2996992850802709,1.14983175486428,1.021949496473385,
255.0_p3conc_30.6_i10,BSA,Other,2.0,66.0,4.7,0.3,30.5711,27.5,Histidine,6.0,15.0,none,0.0,none,0.0,none,0.0,none,0.0,0.85,0.9,1.2649895927729824,1.2649895927729824,1.1780067805053585,1.1780067805053585,1.0289920692739392,
255.0_p3conc_37.4_i11,BSA,Other,2.0,66.0,4.7,0.3,37.3838,27.5,Histidine,6.0,15.0,none,0.0,none,0.0,none,0.0,none,0.0,0.85,0.9,1.3618333600910129,1.3210416756905814,1.3210416756905814,1.3210416756905814,1.1352636324678864,
255.0_p3conc_45.7_i12,BSA,Other,2.0,66.0,4.7,0.3,45.7145,27.5,Histidine,6.0,15.0,none,0.0,none,0.0,none,0.0,none,0.0,0.85,0.9,1.5713486235559946,1.5713486235559946,1.4957048080157378,1.4535228692499278,1.2657517258615314,
255.0_p3conc_50.6_i13,BSA,Other,2.0,66.0,4.7,0.3,50.5521,27.5,Histidine,6.0,15.0,none,0.0,none,0.0,none,0.0,none,0.0,0.85,0.9,1.5599335749874685,1.5599335749874685,1.4463793495892252,1.4463793495892252,1.2793906638949681,
255.0_p3conc_55.9_i14,BSA,Other,2.0,66.0,4.7,0.3,55.9017,27.5,Histidine,6.0,15.0,none,0.0,none,0.0,none,0.0,none,0.0,0.85,0.9,1.6984498812015076,1.6154178372212884,1.6154178372212884,1.6024786641550326,1.3674377495412025,
255.0_p3conc_68.4_i15,BSA,Other,2.0,66.0,4.7,0.3,68.359,27.5,Histidine,6.0,15.0,none,0.0,none,0.0,none,0.0,none,0.0,0.85,0.9,1.977755056321267,1.977755056321267,1.8532816783465453,1.7436077370334742,1.7436077370334742,
255.0_p3conc_83.6_i16,BSA,Other,2.0,66.0,4.7,0.3,83.5926,27.5,Histidine,6.0,15.0,none,0.0,none,0.0,none,0.0,none,0.0,0.85,0.9,2.384367012007405,2.3005233574294435,2.088291417954732,2.088291417954732,1.7873075680399155,
255.0_p3conc_92.4_i17,BSA,Other,2.0,66.0,4.7,0.3,92.4385,27.5,Histidine,6.0,15.0,none,0.0,none,0.0,none,0.0,none,0.0,0.85,0.9,2.5398252972957382,2.4571766353611357,2.2791439727674017,2.2791439727674017,2.114499483392515,
255.0_p3conc_102.2_i18,BSA,Other,2.0,66.0,4.7,0.3,102.2207,27.5,Histidine,6.0,15.0,none,0.0,none,0.0,none,0.0,none,0.0,0.85,0.9,2.834805495739398,2.834805495739398,2.6994865239761934,2.6674753477962647,1.9136981620399949,
254.0_p3conc_1.4_i0,BSA,Other,2.0,66.0,4.7,0.3,1.3523,27.5,Histidine,6.0,30.0,none,0.0,none,0.0,none,0.0,none,0.0,0.85,0.9,0.9226303012697611,0.9100137157507407,0.9100137157507407,0.9100137157507407,0.91,
254.0_p3conc_1.8_i1,BSA,Other,2.0,66.0,4.7,0.3,1.8286,27.5,Histidine,6.0,30.0,none,0.0,none,0.0,none,0.0,none,0.0,0.85,0.9,0.9341714153007387,0.9341714153007387,0.9341714153007387,0.9341714153007387,0.9317503060404876,
254.0_p3conc_2.5_i2,BSA,Other,2.0,66.0,4.7,0.3,2.4727,27.5,Histidine,6.0,30.0,none,0.0,none,0.0,none,0.0,none,0.0,0.85,0.9,0.91,0.91,0.91,0.91,0.91,
254.0_p3conc_3.3_i3,BSA,Other,2.0,66.0,4.7,0.3,3.3437,27.5,Histidine,6.0,30.0,none,0.0,none,0.0,none,0.0,none,0.0,0.85,0.9,0.9413955909188775,0.9413955909188775,0.9413955909188775,0.9157947529534147,0.91,
254.0_p3conc_4.5_i4,BSA,Other,2.0,66.0,4.7,0.3,4.5215,27.5,Histidine,6.0,30.0,none,0.0,none,0.0,none,0.0,none,0.0,0.85,0.9,0.972530522325172,0.91,0.91,0.91,0.91,
254.0_p3conc_6.1_i5,BSA,Other,2.0,66.0,4.7,0.3,6.1142,27.5,Histidine,6.0,30.0,none,0.0,none,0.0,none,0.0,none,0.0,0.85,0.9,0.9545377223782496,0.91,0.91,0.91,0.91,
254.0_p3conc_8.3_i6,BSA,Other,2.0,66.0,4.7,0.3,8.268,27.5,Histidine,6.0,30.0,none,0.0,none,0.0,none,0.0,none,0.0,0.85,0.9,0.9739160323823753,0.9119057552926876,0.91,0.91,0.91,
254.0_p3conc_11.2_i7,BSA,Other,2.0,66.0,4.7,0.3,11.1803,27.5,Histidine,6.0,30.0,none,0.0,none,0.0,none,0.0,none,0.0,0.85,0.9,1.0471506049915633,0.91,0.91,0.91,0.91,
254.0_p3conc_15.1_i8,BSA,Other,2.0,66.0,4.7,0.3,15.1186,27.5,Histidine,6.0,30.0,none,0.0,none,0.0,none,0.0,none,0.0,0.85,0.9,1.083531776058327,1.0626616571893899,1.0580134520284128,1.0368242787340711,0.91,
256.0_p3conc_27.6_i9,BSA,Other,2.0,66.0,4.7,0.3,27.6456,27.5,Histidine,6.0,30.0,none,0.0,none,0.0,none,0.0,none,0.0,0.85,0.9,1.4375430949852561,1.4375430949852561,1.4375430949852561,1.4109117229064638,1.1364464572704696,
256.0_p3conc_30.6_i10,BSA,Other,2.0,66.0,4.7,0.3,30.5711,27.5,Histidine,6.0,30.0,none,0.0,none,0.0,none,0.0,none,0.0,0.85,0.9,1.4880628444780624,1.4746666661496712,1.4746666661496712,1.4746666661496712,1.2990820344769027,
256.0_p3conc_37.4_i11,BSA,Other,2.0,66.0,4.7,0.3,37.3838,27.5,Histidine,6.0,30.0,none,0.0,none,0.0,none,0.0,none,0.0,0.85,0.9,2.1317283275011465,1.9530321364231997,1.9530321364231997,1.798698762932783,1.5884751225569123,
256.0_p3conc_45.7_i12,BSA,Other,2.0,66.0,4.7,0.3,45.7145,27.5,Histidine,6.0,30.0,none,0.0,none,0.0,none,0.0,none,0.0,0.85,0.9,2.713823120963429,2.693463580256416,2.693463580256416,2.3958334619386097,1.95259149416158,
256.0_p3conc_50.6_i13,BSA,Other,2.0,66.0,4.7,0.3,50.5521,27.5,Histidine,6.0,30.0,none,0.0,none,0.0,none,0.0,none,0.0,0.85,0.9,3.204870404345129,3.143504078757039,3.143504078757039,2.994797288518431,2.3966847263458,
256.0_p3conc_55.9_i14,BSA,Other,2.0,66.0,4.7,0.3,55.9017,27.5,Histidine,6.0,30.0,none,0.0,none,0.0,none,0.0,none,0.0,0.85,0.9,3.6600802616150045,3.52376609282865,3.52376609282865,3.4813431007292426,3.118657648200275,
256.0_p3conc_68.4_i15,BSA,Other,2.0,66.0,4.7,0.3,68.359,27.5,Histidine,6.0,30.0,none,0.0,none,0.0,none,0.0,none,0.0,0.85,0.9,6.187002983887638,5.937839292642364,5.788728610972675,5.2871679779106735,4.323201268073509,
256.0_p3conc_83.6_i16,BSA,Other,2.0,66.0,4.7,0.3,83.5926,27.5,Histidine,6.0,30.0,none,0.0,none,0.0,none,0.0,none,0.0,0.85,0.9,10.689352489210018,9.790397274329564,9.790397274329564,7.792704389677004,7.299802099104741,
256.0_p3conc_92.4_i17,BSA,Other,2.0,66.0,4.7,0.3,92.4385,27.5,Histidine,6.0,30.0,none,0.0,none,0.0,none,0.0,none,0.0,0.85,0.9,13.876493860330475,12.711465221134166,12.711465221134166,11.982280910009068,9.247872385212627,
256.0_p3conc_102.2_i18,BSA,Other,2.0,66.0,4.7,0.3,102.2207,27.5,Histidine,6.0,30.0,none,0.0,none,0.0,none,0.0,none,0.0,0.85,0.9,19.567448839238107,18.185921371328686,18.185921371328686,15.145964244319558,13.966157167456648,
237.0_p3conc_1.4_i0,BSA,Other,2.0,66.0,4.7,0.3,1.4156,27.5,Histidine,6.4,15.0,none,0.0,none,0.0,none,0.0,none,0.0,0.85,0.9,1.0228439848036788,0.946587789472739,0.91,0.91,0.91,
237.0_p3conc_1.5_i1,BSA,Other,2.0,66.0,4.7,0.3,1.5264,27.5,Histidine,6.4,15.0,none,0.0,none,0.0,none,0.0,none,0.0,0.85,0.9,0.9739134678664997,0.9485529999189466,0.91,0.91,0.91,
237.0_p3conc_2.0_i2,BSA,Other,2.0,66.0,4.7,0.3,2.0039,27.5,Histidine,6.4,15.0,none,0.0,none,0.0,none,0.0,none,0.0,0.85,0.9,0.9244178068184384,0.91,0.91,0.91,0.91,
237.0_p3conc_2.3_i3,BSA,Other,2.0,66.0,4.7,0.3,2.33,27.5,Histidine,6.4,15.0,none,0.0,none,0.0,none,0.0,none,0.0,0.85,0.9,1.0192513427218606,0.9547879771108615,0.9547879771108615,0.9547879771108615,0.9547879771108615,
237.0_p3conc_2.8_i4,BSA,Other,2.0,66.0,4.7,0.3,2.8367,27.5,Histidine,6.4,15.0,none,0.0,none,0.0,none,0.0,none,0.0,0.85,0.9,1.0126605795631942,0.94009039039111,0.9149840239492822,0.9149840239492822,0.9149840239492822,
237.0_p3conc_3.6_i5,BSA,Other,2.0,66.0,4.7,0.3,3.5566,27.5,Histidine,6.4,15.0,none,0.0,none,0.0,none,0.0,none,0.0,0.85,0.9,0.9101302702698151,0.91,0.91,0.91,0.91,
237.0_p3conc_4.0_i6,BSA,Other,2.0,66.0,4.7,0.3,4.0155,27.5,Histidine,6.4,15.0,none,0.0,none,0.0,none,0.0,none,0.0,0.85,0.9,0.91,0.91,0.91,0.91,0.91,
237.0_p3conc_5.4_i7,BSA,Other,2.0,66.0,4.7,0.3,5.4288,27.5,Histidine,6.4,15.0,none,0.0,none,0.0,none,0.0,none,0.0,0.85,0.9,1.07088915917255,0.9544565501434763,0.91,0.91,0.91,
237.0_p3conc_5.7_i8,BSA,Other,2.0,66.0,4.7,0.3,5.6843,27.5,Histidine,6.4,15.0,none,0.0,none,0.0,none,0.0,none,0.0,0.85,0.9,0.939699392842404,0.939699392842404,0.91,0.91,0.91,
237.0_p3conc_8.0_i9,BSA,Other,2.0,66.0,4.7,0.3,8.0466,27.5,Histidine,6.4,15.0,none,0.0,none,0.0,none,0.0,none,0.0,0.85,0.9,0.9103149174353536,0.9103149174353536,0.9103149174353536,0.9103149174353536,0.9103149174353536,
237.0_p3conc_8.3_i10,BSA,Other,2.0,66.0,4.7,0.3,8.2867,27.5,Histidine,6.4,15.0,none,0.0,none,0.0,none,0.0,none,0.0,0.85,0.9,0.962446363404064,0.9556296234294512,0.9556296234294512,0.9508561966043,0.9416129262196561,
237.0_p3conc_11.4_i11,BSA,Other,2.0,66.0,4.7,0.3,11.3907,27.5,Histidine,6.4,15.0,none,0.0,none,0.0,none,0.0,none,0.0,0.85,0.9,1.0499680559597941,0.9983564681396057,0.9983564681396057,0.9983564681396057,0.9864865961999488,
237.0_p3conc_12.6_i12,BSA,Other,2.0,66.0,4.7,0.3,12.6491,27.5,Histidine,6.4,15.0,none,0.0,none,0.0,none,0.0,none,0.0,0.85,0.9,0.9630708208947912,0.9413169165595627,0.9413169165595627,0.9413169165595627,0.9413169165595627,
237.0_p3conc_16.1_i13,BSA,Other,2.0,66.0,4.7,0.3,16.1245,27.5,Histidine,6.4,15.0,none,0.0,none,0.0,none,0.0,none,0.0,0.85,0.9,1.0372326992778713,1.0372326992778713,0.9611810342201547,0.9204871496110608,0.9204871496110608,
237.0_p3conc_19.3_i14,BSA,Other,2.0,66.0,4.7,0.3,19.308,27.5,Histidine,6.4,15.0,none,0.0,none,0.0,none,0.0,none,0.0,0.85,0.9,1.0488161366395305,1.0488161366395305,1.0488161366395305,1.0488161366395305,0.9483613890341155,
237.0_p3conc_22.8_i15,BSA,Other,2.0,66.0,4.7,0.3,22.8256,27.5,Histidine,6.4,15.0,none,0.0,none,0.0,none,0.0,none,0.0,0.85,0.9,1.0724734700581127,1.0724734700581127,1.0724734700581127,1.0724734700581127,1.0724734700581127,
237.0_p3conc_29.5_i16,BSA,Other,2.0,66.0,4.7,0.3,29.4722,27.5,Histidine,6.4,15.0,none,0.0,none,0.0,none,0.0,none,0.0,0.85,0.9,1.162794107114695,1.1047919459933997,1.1029988586988884,1.0751714948136284,1.0751714948136284,
237.0_p3conc_32.3_i17,BSA,Other,2.0,66.0,4.7,0.3,32.3116,27.5,Histidine,6.4,15.0,none,0.0,none,0.0,none,0.0,none,0.0,0.85,0.9,1.2092294376898467,1.1086462123553826,1.1086462123553826,1.1086462123553826,1.1086462123553826,
237.0_p3conc_45.0_i18,BSA,Other,2.0,66.0,4.7,0.3,44.9873,27.5,Histidine,6.4,15.0,none,0.0,none,0.0,none,0.0,none,0.0,0.85,0.9,1.369756791180057,1.3315443963513278,1.3315443963513278,1.241607343760809,1.1663583935285318,
237.0_p3conc_45.7_i19,BSA,Other,2.0,66.0,4.7,0.3,45.7398,27.5,Histidine,6.4,15.0,none,0.0,none,0.0,none,0.0,none,0.0,0.85,0.9,1.2876540160798717,1.2876540160798717,1.146098412983338,1.146098412983338,1.146098412983338,
237.0_p3conc_64.7_i20,BSA,Other,2.0,66.0,4.7,0.3,64.7485,27.5,Histidine,6.4,15.0,none,0.0,none,0.0,none,0.0,none,0.0,0.85,0.9,1.4881929875564945,1.475565324245943,1.475565324245943,1.4202984352438133,1.3442540306457287,
237.0_p3conc_68.7_i21,BSA,Other,2.0,66.0,4.7,0.3,68.67,27.5,Histidine,6.4,15.0,none,0.0,none,0.0,none,0.0,none,0.0,0.85,0.9,1.6630108183383108,1.5974653304241437,1.5974653304241437,1.4515879206511464,1.2810887458156608,
237.0_p3conc_91.7_i22,BSA,Other,2.0,66.0,4.7,0.3,91.6571,27.5,Histidine,6.4,15.0,none,0.0,none,0.0,none,0.0,none,0.0,0.85,0.9,2.1589350937076217,1.9560243319753576,1.7748713627271089,1.5935246724411836,1.5935246724411836,
237.0_p3conc_104.8_i23,BSA,Other,2.0,66.0,4.7,0.3,104.8197,27.5,Histidine,6.4,15.0,none,0.0,none,0.0,none,0.0,none,0.0,0.85,0.9,2.233754098143473,2.233754098143473,1.9854937512584743,1.7768320321421667,1.7765967798009012,
237.0_p3conc_129.7_i24,BSA,Other,2.0,66.0,4.7,0.3,129.7484,27.5,Histidine,6.4,15.0,none,0.0,none,0.0,none,0.0,none,0.0,0.85,0.9,2.911324808397054,2.6537763515518726,2.51960549929833,2.1849440195057013,2.0036103191825583,
237.0_p3conc_170.0_i25,BSA,Other,2.0,66.0,4.7,0.3,170.011,27.5,Histidine,6.4,15.0,none,0.0,none,0.0,none,0.0,none,0.0,0.85,0.9,4.178671953311849,3.778363234149335,3.2999270077647025,3.0650428763725093,2.2676124571172562,
237.0_p3conc_180.6_i26,BSA,Other,2.0,66.0,4.7,0.3,180.6479,27.5,Histidine,6.4,15.0,none,0.0,none,0.0,none,0.0,none,0.0,0.85,0.9,4.775040451404785,3.705118473100471,3.5056735641425276,3.090728941198934,2.6783598880951187,
237.0_p3conc_183.7_i27,BSA,Other,2.0,66.0,4.7,0.3,183.6699,27.5,Histidine,6.4,15.0,none,0.0,none,0.0,none,0.0,none,0.0,0.85,0.9,4.671797694905925,3.9137741804157677,3.737598733503574,3.0779495341797847,2.7837944648947603,
237.0_p3conc_192.0_i28,BSA,Other,2.0,66.0,4.7,0.3,191.9508,27.5,Histidine,6.4,15.0,none,0.0,none,0.0,none,0.0,none,0.0,0.85,0.9,4.7791878767545555,4.418663815235226,3.8366862528974135,3.2669283808345724,2.9256712403561216,
237.0_p3conc_204.0_i29,BSA,Other,2.0,66.0,4.7,0.3,203.9609,27.5,Histidine,6.4,15.0,none,0.0,none,0.0,none,0.0,none,0.0,0.85,0.9,5.557895111588958,4.726202412373848,4.1454915582825125,3.7339229037429424,3.1000495480966768,
237.0_p3conc_216.7_i30,BSA,Other,2.0,66.0,4.7,0.3,216.722,27.5,Histidine,6.4,15.0,none,0.0,none,0.0,none,0.0,none,0.0,0.85,0.9,6.178321953254342,5.17725185005252,4.383895836836052,3.863799722757201,3.2374452685659065,
237.0_p3conc_230.3_i31,BSA,Other,2.0,66.0,4.7,0.3,230.282,27.5,Histidine,6.4,15.0,none,0.0,none,0.0,none,0.0,none,0.0,0.85,0.9,6.666968543277391,5.862448203197235,5.462953423715982,4.286031207353049,3.6656219351924966,
237.0_p3conc_244.7_i32,BSA,Other,2.0,66.0,4.7,0.3,244.6904,27.5,Histidine,6.4,15.0,none,0.0,none,0.0,none,0.0,none,0.0,0.85,0.9,7.64023280853906,6.860511236706491,5.889902587314177,4.905526608047983,3.8287911570502366,
241.0_p3conc_1.4_i0,BSA,Other,2.0,66.0,4.7,0.3,1.4196,27.5,Histidine,6.5,30.0,none,0.0,none,0.0,none,0.0,none,0.0,0.85,0.9,0.9741505467359742,0.91,0.91,0.91,0.91,
241.0_p3conc_1.5_i1,BSA,Other,2.0,66.0,4.7,0.3,1.5357,27.5,Histidine,6.5,30.0,none,0.0,none,0.0,none,0.0,none,0.0,0.85,0.9,0.9427273395700728,0.9427273395700728,0.91,0.91,0.91,
241.0_p3conc_2.0_i2,BSA,Other,2.0,66.0,4.7,0.3,2.0152,27.5,Histidine,6.5,30.0,none,0.0,none,0.0,none,0.0,none,0.0,0.85,0.9,0.9375225606820641,0.91,0.91,0.91,0.91,
241.0_p3conc_2.4_i3,BSA,Other,2.0,66.0,4.7,0.3,2.3582,27.5,Histidine,6.5,30.0,none,0.0,none,0.0,none,0.0,none,0.0,0.85,0.9,0.9646163536026082,0.9214960952821023,0.91,0.91,0.91,
241.0_p3conc_2.9_i4,BSA,Other,2.0,66.0,4.7,0.3,2.8608,27.5,Histidine,6.5,30.0,none,0.0,none,0.0,none,0.0,none,0.0,0.85,0.9,0.91,0.91,0.91,0.91,0.91,
241.0_p3conc_3.6_i5,BSA,Other,2.0,66.0,4.7,0.3,3.6214,27.5,Histidine,6.5,30.0,none,0.0,none,0.0,none,0.0,none,0.0,0.85,0.9,0.9573891927516556,0.9573891927516556,0.91,0.91,0.91,
241.0_p3conc_4.1_i6,BSA,Other,2.0,66.0,4.7,0.3,4.0611,27.5,Histidine,6.5,30.0,none,0.0,none,0.0,none,0.0,none,0.0,0.85,0.9,1.0033167867170731,0.91,0.91,0.91,0.91,
241.0_p3conc_5.6_i7,BSA,Other,2.0,66.0,4.7,0.3,5.5613,27.5,Histidine,6.5,30.0,none,0.0,none,0.0,none,0.0,none,0.0,0.85,0.9,0.9537728070935867,0.91,0.91,0.91,0.91,
241.0_p3conc_5.8_i8,BSA,Other,2.0,66.0,4.7,0.3,5.765,27.5,Histidine,6.5,30.0,none,0.0,none,0.0,none,0.0,none,0.0,0.85,0.9,0.9473702766464619,0.9473702766464619,0.91,0.91,0.91,
241.0_p3conc_8.2_i9,BSA,Other,2.0,66.0,4.7,0.3,8.184,27.5,Histidine,6.5,30.0,none,0.0,none,0.0,none,0.0,none,0.0,0.85,0.9,0.9879026134226749,0.9240872680142763,0.9240872680142763,0.9240872680142763,0.9240872680142763,
241.0_p3conc_8.5_i10,BSA,Other,2.0,66.0,4.7,0.3,8.5402,27.5,Histidine,6.5,30.0,none,0.0,none,0.0,none,0.0,none,0.0,0.85,0.9,0.9296214067361757,0.9296214067361757,0.9296214067361757,0.9178325526177316,0.9178325526177316,
241.0_p3conc_11.6_i11,BSA,Other,2.0,66.0,4.7,0.3,11.6178,27.5,Histidine,6.5,30.0,none,0.0,none,0.0,none,0.0,none,0.0,0.85,0.9,1.0236346160028411,1.0236346160028411,0.9145240583351869,0.9145240583351869,0.9145240583351869,
241.0_p3conc_13.1_i12,BSA,Other,2.0,66.0,4.7,0.3,13.1149,27.5,Histidine,6.5,30.0,none,0.0,none,0.0,none,0.0,none,0.0,0.85,0.9,0.9910567864848492,0.9910567864848492,0.9910567864848492,0.9317656374748032,0.9317656374748032,
241.0_p3conc_16.5_i13,BSA,Other,2.0,66.0,4.7,0.3,16.4924,27.5,Histidine,6.5,30.0,none,0.0,none,0.0,none,0.0,none,0.0,0.85,0.9,1.0938173658798225,0.9980051637448346,0.9980051637448346,0.9980051637448346,0.9966674100751225,
241.0_p3conc_20.1_i14,BSA,Other,2.0,66.0,4.7,0.3,20.1399,27.5,Histidine,6.5,30.0,none,0.0,none,0.0,none,0.0,none,0.0,0.85,0.9,1.105477113743343,1.0815303720837275,1.0815303720837275,1.0232401560546929,1.0232401560546929,
241.0_p3conc_23.4_i15,BSA,Other,2.0,66.0,4.7,0.3,23.4123,27.5,Histidine,6.5,30.0,none,0.0,none,0.0,none,0.0,none,0.0,0.85,0.9,1.0611074584786995,1.0611074584786995,1.0611074584786995,1.0611074584786995,1.026683951913058,
241.0_p3conc_30.9_i16,BSA,Other,2.0,66.0,4.7,0.3,30.928,27.5,Histidine,6.5,30.0,none,0.0,none,0.0,none,0.0,none,0.0,0.85,0.9,1.1938219609848841,1.1454434299552436,1.1095056560439291,1.0406665043937393,1.0330928323883444,
241.0_p3conc_33.2_i17,BSA,Other,2.0,66.0,4.7,0.3,33.2358,27.5,Histidine,6.5,30.0,none,0.0,none,0.0,none,0.0,none,0.0,0.85,0.9,1.189052989292138,1.189052989292138,1.189052989292138,1.1232483254737164,1.0555598744896821,
241.0_p3conc_47.2_i18,BSA,Other,2.0,66.0,4.7,0.3,47.1809,27.5,Histidine,6.5,30.0,none,0.0,none,0.0,none,0.0,none,0.0,0.85,0.9,1.2760799328270143,1.2760799328270143,1.2760799328270143,1.2760799328270143,1.2326182098351113,
241.0_p3conc_47.5_i19,BSA,Other,2.0,66.0,4.7,0.3,47.4948,27.5,Histidine,6.5,30.0,none,0.0,none,0.0,none,0.0,none,0.0,0.85,0.9,1.4083066937811826,1.4083066937811826,1.3520532000541852,1.3082825974606913,1.1776426283975692,
241.0_p3conc_67.0_i20,BSA,Other,2.0,66.0,4.7,0.3,66.9772,27.5,Histidine,6.5,30.0,none,0.0,none,0.0,none,0.0,none,0.0,0.85,0.9,1.5233665761591808,1.5233665761591808,1.5233665761591808,1.4643438993097433,1.4640710344350114,
241.0_p3conc_72.9_i21,BSA,Other,2.0,66.0,4.7,0.3,72.9357,27.5,Histidine,6.5,30.0,none,0.0,none,0.0,none,0.0,none,0.0,0.85,0.9,1.7152971746578676,1.7152971746578676,1.6073294575935657,1.5022512481333752,1.305053040823338,
241.0_p3conc_95.1_i22,BSA,Other,2.0,66.0,4.7,0.3,95.0795,27.5,Histidine,6.5,30.0,none,0.0,none,0.0,none,0.0,none,0.0,0.85,0.9,2.0049854312370754,2.0049854312370754,1.966478569344729,1.8653836401766886,1.5930053876127166,
241.0_p3conc_112.0_i23,BSA,Other,2.0,66.0,4.7,0.3,112.0041,27.5,Histidine,6.5,30.0,none,0.0,none,0.0,none,0.0,none,0.0,0.85,0.9,2.367536679906849,2.367536679906849,2.248199315276969,2.1274307060815674,1.7126254621588857,
241.0_p3conc_135.0_i24,BSA,Other,2.0,66.0,4.7,0.3,134.9733,27.5,Histidine,6.5,30.0,none,0.0,none,0.0,none,0.0,none,0.0,0.85,0.9,3.040338140997648,2.9462177696436527,2.7513698272540834,2.133086674148713,1.9977317045305345,
241.0_p3conc_182.1_i25,BSA,Other,2.0,66.0,4.7,0.3,182.1415,27.5,Histidine,6.5,30.0,none,0.0,none,0.0,none,0.0,none,0.0,0.85,0.9,4.707452747723018,4.308784737952719,4.09261525920923,3.0795473399614552,2.5460414222503736,
241.0_p3conc_191.6_i26,BSA,Other,2.0,66.0,4.7,0.3,191.6055,27.5,Histidine,6.5,30.0,none,0.0,none,0.0,none,0.0,none,0.0,0.85,0.9,4.925029053123265,4.6424196254967045,4.581697619167041,3.5440184231192666,2.834580814475203,
241.0_p3conc_192.9_i27,BSA,Other,2.0,66.0,4.7,0.3,192.8808,27.5,Histidine,6.5,30.0,none,0.0,none,0.0,none,0.0,none,0.0,0.85,0.9,4.8905858268160705,4.400257021368367,3.9459497385778994,3.6726833706341933,2.825521067837153,
241.0_p3conc_204.3_i28,BSA,Other,2.0,66.0,4.7,0.3,204.2533,27.5,Histidine,6.5,30.0,none,0.0,none,0.0,none,0.0,none,0.0,0.85,0.9,5.247294982875665,4.705100575028407,4.705100575028407,3.858755897782882,3.0740747986662735,
241.0_p3conc_216.3_i29,BSA,Other,2.0,66.0,4.7,0.3,216.2963,27.5,Histidine,6.5,30.0,none,0.0,none,0.0,none,0.0,none,0.0,0.85,0.9,6.537269412126234,5.085338520811813,5.085338520811813,4.2176240441595185,3.4382547901811464,
241.0_p3conc_229.0_i30,BSA,Other,2.0,66.0,4.7,0.3,229.0493,27.5,Histidine,6.5,30.0,none,0.0,none,0.0,none,0.0,none,0.0,0.85,0.9,6.221640479389668,6.221640479389668,5.923527741177701,4.645529809689869,3.433624340607843,
241.0_p3conc_242.6_i31,BSA,Other,2.0,66.0,4.7,0.3,242.5543,27.5,Histidine,6.5,30.0,none,0.0,none,0.0,none,0.0,none,0.0,0.85,0.9,7.400928048453759,7.35315942931493,6.259065330681215,5.222812080498367,3.6848309522615352,
241.0_p3conc_256.9_i32,BSA,Other,2.0,66.0,4.7,0.3,256.8556,27.5,Histidine,6.5,30.0,none,0.0,none,0.0,none,0.0,none,0.0,0.85,0.9,8.263740882806168,8.263740882806168,7.535441877829846,5.858428696536263,4.29805087073138,
234.0_p3conc_1.2_i0,BSA,Other,2.0,66.0,4.7,0.3,1.2475,27.5,Histidine,6.7,15.0,none,0.0,none,0.0,none,0.0,none,0.0,0.85,0.9,0.91,0.91,0.91,0.91,0.91,
234.0_p3conc_1.5_i1,BSA,Other,2.0,66.0,4.7,0.3,1.4732,27.5,Histidine,6.7,15.0,none,0.0,none,0.0,none,0.0,none,0.0,0.85,0.9,0.9390777870882776,0.9233862778978895,0.91,0.91,0.91,
234.0_p3conc_1.6_i2,BSA,Other,2.0,66.0,4.7,0.3,1.5563,27.5,Histidine,6.7,15.0,none,0.0,none,0.0,none,0.0,none,0.0,0.85,0.9,0.91,0.91,0.91,0.91,0.91,
234.0_p3conc_1.9_i3,BSA,Other,2.0,66.0,4.7,0.3,1.9415,27.5,Histidine,6.7,15.0,none,0.0,none,0.0,none,0.0,none,0.0,0.85,0.9,0.9482615403685705,0.91,0.91,0.91,0.91,
234.0_p3conc_2.2_i4,BSA,Other,2.0,66.0,4.7,0.3,2.1702,27.5,Histidine,6.7,15.0,none,0.0,none,0.0,none,0.0,none,0.0,0.85,0.9,0.91,0.91,0.91,0.91,0.91,
234.0_p3conc_2.4_i5,BSA,Other,2.0,66.0,4.7,0.3,2.4221,27.5,Histidine,6.7,15.0,none,0.0,none,0.0,none,0.0,none,0.0,0.85,0.9,0.9106648234674141,0.9106648234674141,0.9106648234674141,0.91,0.91,
234.0_p3conc_3.0_i6,BSA,Other,2.0,66.0,4.7,0.3,3.0216,27.5,Histidine,6.7,15.0,none,0.0,none,0.0,none,0.0,none,0.0,0.85,0.9,0.9844400608195731,0.91,0.91,0.91,0.91,
234.0_p3conc_3.2_i7,BSA,Other,2.0,66.0,4.7,0.3,3.197,27.5,Histidine,6.7,15.0,none,0.0,none,0.0,none,0.0,none,0.0,0.85,0.9,0.91,0.91,0.91,0.91,0.91,
234.0_p3conc_3.8_i8,BSA,Other,2.0,66.0,4.7,0.3,3.7695,27.5,Histidine,6.7,15.0,none,0.0,none,0.0,none,0.0,none,0.0,0.85,0.9,0.91,0.91,0.91,0.91,0.91,
234.0_p3conc_4.7_i9,BSA,Other,2.0,66.0,4.7,0.3,4.7025,27.5,Histidine,6.7,15.0,none,0.0,none,0.0,none,0.0,none,0.0,0.85,0.9,0.9685471568853853,0.9675963147497831,0.9350839880952981,0.9350839880952981,0.91,
234.0_p3conc_4.7_i10,BSA,Other,2.0,66.0,4.7,0.3,4.7097,27.5,Histidine,6.7,15.0,none,0.0,none,0.0,none,0.0,none,0.0,0.85,0.9,0.9285460394962877,0.9285460394962877,0.9285460394962877,0.9285460394962877,0.9285460394962877,
234.0_p3conc_5.9_i11,BSA,Other,2.0,66.0,4.7,0.3,5.8665,27.5,Histidine,6.7,15.0,none,0.0,none,0.0,none,0.0,none,0.0,0.85,0.9,0.91,0.91,0.91,0.91,0.91,
234.0_p3conc_6.9_i12,BSA,Other,2.0,66.0,4.7,0.3,6.9381,27.5,Histidine,6.7,15.0,none,0.0,none,0.0,none,0.0,none,0.0,0.85,0.9,0.9221917735949607,0.9221917735949607,0.9221917735949607,0.9221917735949607,0.9221917735949607,
234.0_p3conc_7.3_i13,BSA,Other,2.0,66.0,4.7,0.3,7.3186,27.5,Histidine,6.7,15.0,none,0.0,none,0.0,none,0.0,none,0.0,0.85,0.9,1.0410775394423402,0.96375455461444,0.96375455461444,0.947823825381536,0.947823825381536,
234.0_p3conc_9.1_i14,BSA,Other,2.0,66.0,4.7,0.3,9.1301,27.5,Histidine,6.7,15.0,none,0.0,none,0.0,none,0.0,none,0.0,0.85,0.9,0.9953941393714757,0.9953941393714757,0.9953941393714757,0.91,0.91,
234.0_p3conc_10.2_i15,BSA,Other,2.0,66.0,4.7,0.3,10.2208,27.5,Histidine,6.7,15.0,none,0.0,none,0.0,none,0.0,none,0.0,0.85,0.9,1.0013024492543712,0.9196820535527638,0.9196820535527638,0.9196820535527638,0.9196820535527638,
234.0_p3conc_11.4_i16,BSA,Other,2.0,66.0,4.7,0.3,11.39,27.5,Histidine,6.7,15.0,none,0.0,none,0.0,none,0.0,none,0.0,0.85,0.9,0.9574078059632782,0.9574078059632782,0.9574078059632782,0.9574078059632782,0.9574078059632782,
234.0_p3conc_14.2_i17,BSA,Other,2.0,66.0,4.7,0.3,14.2093,27.5,Histidine,6.7,15.0,none,0.0,none,0.0,none,0.0,none,0.0,0.85,0.9,1.0462211074579197,1.0462211074579197,1.0200229567744328,1.0200229567744328,1.0200229567744328,
234.0_p3conc_15.1_i18,BSA,Other,2.0,66.0,4.7,0.3,15.0569,27.5,Histidine,6.7,15.0,none,0.0,none,0.0,none,0.0,none,0.0,0.85,0.9,1.1644736193812546,0.9760932833599822,0.9760932833599822,0.9760932833599822,0.9760932833599822,
234.0_p3conc_17.7_i19,BSA,Other,2.0,66.0,4.7,0.3,17.7263,27.5,Histidine,6.7,15.0,none,0.0,none,0.0,none,0.0,none,0.0,0.85,0.9,1.0444550865052133,0.9993753281893617,0.9993753281893617,0.9993753281893617,0.9993753281893617,
234.0_p3conc_22.1_i20,BSA,Other,2.0,66.0,4.7,0.3,22.114,27.5,Histidine,6.7,15.0,none,0.0,none,0.0,none,0.0,none,0.0,0.85,0.9,1.131159024875596,1.131159024875596,1.131159024875596,1.0556834654052072,1.0556834654052072,
234.0_p3conc_22.2_i21,BSA,Other,2.0,66.0,4.7,0.3,22.1811,27.5,Histidine,6.7,15.0,none,0.0,none,0.0,none,0.0,none,0.0,0.85,0.9,1.0981486974788432,1.0562318727524116,1.0562318727524116,1.0562318727524116,1.0562318727524116,
234.0_p3conc_27.6_i22,BSA,Other,2.0,66.0,4.7,0.3,27.5876,27.5,Histidine,6.7,15.0,none,0.0,none,0.0,none,0.0,none,0.0,0.85,0.9,1.2182760149174425,1.1817548082233253,1.1817548082233253,1.1123909913575378,1.1123909913575378,
234.0_p3conc_32.7_i23,BSA,Other,2.0,66.0,4.7,0.3,32.6761,27.5,Histidine,6.7,15.0,none,0.0,none,0.0,none,0.0,none,0.0,0.85,0.9,1.2545349996145363,1.2482660745728993,1.2303972752634296,1.2002147413388844,1.1803192337417185,
234.0_p3conc_34.4_i24,BSA,Other,2.0,66.0,4.7,0.3,34.4161,27.5,Histidine,6.7,15.0,none,0.0,none,0.0,none,0.0,none,0.0,0.85,0.9,1.4630084644988883,1.3065554869577554,1.2553041596352401,1.213716180635774,1.1943816489776393,
234.0_p3conc_42.9_i25,BSA,Other,2.0,66.0,4.7,0.3,42.9349,27.5,Histidine,6.7,15.0,none,0.0,none,0.0,none,0.0,none,0.0,0.85,0.9,1.367550230487753,1.367550230487753,1.220075252958796,1.220075252958796,1.220075252958796,
234.0_p3conc_48.1_i26,BSA,Other,2.0,66.0,4.7,0.3,48.1369,27.5,Histidine,6.7,15.0,none,0.0,none,0.0,none,0.0,none,0.0,0.85,0.9,1.4620801460502555,1.4133848651667416,1.4133848651667416,1.2954038000716033,1.2954038000716033,
234.0_p3conc_53.6_i27,BSA,Other,2.0,66.0,4.7,0.3,53.562,27.5,Histidine,6.7,15.0,none,0.0,none,0.0,none,0.0,none,0.0,0.85,0.9,1.6385299357817507,1.5143522927652062,1.5143522927652062,1.5143522927652062,1.3967827611231487,
234.0_p3conc_66.8_i28,BSA,Other,2.0,66.0,4.7,0.3,66.8198,27.5,Histidine,6.7,15.0,none,0.0,none,0.0,none,0.0,none,0.0,0.85,0.9,1.7330903066677652,1.6876583657319189,1.5095810533476675,1.5095810533476675,1.5095810533476675,
234.0_p3conc_70.9_i29,BSA,Other,2.0,66.0,4.7,0.3,70.913,27.5,Histidine,6.7,15.0,none,0.0,none,0.0,none,0.0,none,0.0,0.85,0.9,1.8584108523387683,1.8286688586441953,1.6847637622039549,1.6495317097807531,1.6495317097807531,
234.0_p3conc_83.4_i30,BSA,Other,2.0,66.0,4.7,0.3,83.3591,27.5,Histidine,6.7,15.0,none,0.0,none,0.0,none,0.0,none,0.0,0.85,0.9,2.0029206791586947,2.0029206791586947,1.9331854282712924,1.9331854282712924,1.9331854282712924,
234.0_p3conc_104.0_i31,BSA,Other,2.0,66.0,4.7,0.3,103.992,27.5,Histidine,6.7,15.0,none,0.0,none,0.0,none,0.0,none,0.0,0.85,0.9,2.3660924448071237,2.309677451966956,2.309677451966956,2.2783842499945415,2.1966164670472783,
234.0_p3conc_104.5_i32,BSA,Other,2.0,66.0,4.7,0.3,104.4658,27.5,Histidine,6.7,15.0,none,0.0,none,0.0,none,0.0,none,0.0,0.85,0.9,2.6440990229064263,2.4718478737946956,2.3285238219468973,2.3285238219468973,2.2138999254658773,
234.0_p3conc_129.7_i33,BSA,Other,2.0,66.0,4.7,0.3,129.7323,27.5,Histidine,6.7,15.0,none,0.0,none,0.0,none,0.0,none,0.0,0.85,0.9,3.4793504188984277,3.0100567163107153,3.0099391019035364,3.0099391019035364,2.6377676462084856,
234.0_p3conc_153.9_i34,BSA,Other,2.0,66.0,4.7,0.3,153.8941,27.5,Histidine,6.7,15.0,none,0.0,none,0.0,none,0.0,none,0.0,0.85,0.9,4.042915287324803,4.042915287324803,3.8335946633172693,3.5418614458396194,3.357443053297061,
234.0_p3conc_161.8_i35,BSA,Other,2.0,66.0,4.7,0.3,161.8438,27.5,Histidine,6.7,15.0,none,0.0,none,0.0,none,0.0,none,0.0,0.85,0.9,4.6420701957257355,4.482626457152992,3.7020199005122842,3.6261717648963363,3.6261717648963363,
234.0_p3conc_201.9_i36,BSA,Other,2.0,66.0,4.7,0.3,201.9031,27.5,Histidine,6.7,15.0,none,0.0,none,0.0,none,0.0,none,0.0,0.85,0.9,6.786860211952379,6.144048562500799,5.7928731972657665,5.307089798379555,4.797893692982663,
234.0_p3conc_226.7_i37,BSA,Other,2.0,66.0,4.7,0.3,226.7091,27.5,Histidine,6.7,15.0,none,0.0,none,0.0,none,0.0,none,0.0,0.85,0.9,8.256480539281078,7.922256405777001,6.940128739973536,6.489299472649153,6.045077842503878,
234.0_p3conc_251.9_i38,BSA,Other,2.0,66.0,4.7,0.3,251.8784,27.5,Histidine,6.7,15.0,none,0.0,none,0.0,none,0.0,none,0.0,0.85,0.9,10.5375036727087,10.476018815214848,9.354347979155595,9.054102285009588,7.891311486228479,
234.0_p3conc_314.2_i39,BSA,Other,2.0,66.0,4.7,0.3,314.223,27.5,Histidine,6.7,15.0,none,0.0,none,0.0,none,0.0,none,0.0,0.85,0.9,18.916230291504974,18.681724503764467,15.989266039936824,15.245827304484875,12.89335620814733,
234.0_p3conc_334.0_i40,BSA,Other,2.0,66.0,4.7,0.3,333.9773,27.5,Histidine,6.7,15.0,none,0.0,none,0.0,none,0.0,none,0.0,0.85,0.9,23.288238585468015,22.030926542445776,18.99222506623437,18.500818847810557,16.931067140450537,
234.0_p3conc_414.9_i41,BSA,Other,2.0,66.0,4.7,0.3,414.912,27.5,Histidine,6.7,15.0,none,0.0,none,0.0,none,0.0,none,0.0,0.85,0.9,54.64633468617504,48.06912962703186,39.89388387966436,37.35387990360263,34.27811173293966,
234.0_p3conc_426.9_i42,BSA,Other,2.0,66.0,4.7,0.3,426.8654,27.5,Histidine,6.7,15.0,none,0.0,none,0.0,none,0.0,none,0.0,0.85,0.9,59.80657770596648,53.88890606891364,44.045882465473035,41.479897261725,38.61832448936035,
234.0_p3conc_439.2_i43,BSA,Other,2.0,66.0,4.7,0.3,439.1633,27.5,Histidine,6.7,15.0,none,0.0,none,0.0,none,0.0,none,0.0,0.85,0.9,72.7137413495608,61.13837706736579,46.73133514478911,46.73133514478911,39.68608776559722,
234.0_p3conc_451.8_i44,BSA,Other,2.0,66.0,4.7,0.3,451.8143,27.5,Histidine,6.7,15.0,none,0.0,none,0.0,none,0.0,none,0.0,0.85,0.9,73.6700709333116,69.23615168899286,55.29421653647214,48.35625631849465,46.39108962447339,
234.0_p3conc_464.8_i45,BSA,Other,2.0,66.0,4.7,0.3,464.8309,27.5,Histidine,6.7,15.0,none,0.0,none,0.0,none,0.0,none,0.0,0.85,0.9,85.60912679962492,75.51061954618974,63.44909921320828,59.43215782689883,52.872276802680936,
234.0_p3conc_478.2_i46,BSA,Other,2.0,66.0,4.7,0.3,478.2225,27.5,Histidine,6.7,15.0,none,0.0,none,0.0,none,0.0,none,0.0,0.85,0.9,97.96032571978725,82.49611086655595,73.2207247272205,66.63882338220715,57.60009950638415,
421.0_p3conc_1.4_i0,Belatacept,Fc-Fusion,4.5,90.0,5.6,0.5,1.3968,25.0,Histidine,5.8,20.0,none,0.0,none,0.0,none,0.0,none,0.0,1.4,1.5,0.9478140264849911,0.9139589058394288,0.91,0.91,0.91,
421.0_p3conc_1.8_i1,Belatacept,Fc-Fusion,4.5,90.0,5.6,0.5,1.7996,25.0,Histidine,5.8,20.0,none,0.0,none,0.0,none,0.0,none,0.0,1.4,1.5,0.91,0.91,0.91,0.91,0.91,
421.0_p3conc_2.0_i2,Belatacept,Fc-Fusion,4.5,90.0,5.6,0.5,1.9511,25.0,Histidine,5.8,20.0,none,0.0,none,0.0,none,0.0,none,0.0,1.4,1.5,0.91,0.91,0.91,0.91,0.91,
421.0_p3conc_2.7_i3,Belatacept,Fc-Fusion,4.5,90.0,5.6,0.5,2.7253,25.0,Histidine,5.8,20.0,none,0.0,none,0.0,none,0.0,none,0.0,1.4,1.5,0.9495165622397967,0.9462312522306536,0.91,0.91,0.91,
421.0_p3conc_3.2_i4,Belatacept,Fc-Fusion,4.5,90.0,5.6,0.5,3.2385,25.0,Histidine,5.8,20.0,none,0.0,none,0.0,none,0.0,none,0.0,1.4,1.5,0.9556716384332107,0.9312874724728195,0.91,0.91,0.91,
421.0_p3conc_3.8_i5,Belatacept,Fc-Fusion,4.5,90.0,5.6,0.5,3.8068,25.0,Histidine,5.8,20.0,none,0.0,none,0.0,none,0.0,none,0.0,1.4,1.5,0.9724591648878824,0.9233412692915298,0.9233412692915298,0.91,0.91,
421.0_p3conc_5.3_i6,Belatacept,Fc-Fusion,4.5,90.0,5.6,0.5,5.3173,25.0,Histidine,5.8,20.0,none,0.0,none,0.0,none,0.0,none,0.0,1.4,1.5,0.9919087277823557,0.9109020651792892,0.9109020651792892,0.9109020651792892,0.9109020651792892,
421.0_p3conc_5.8_i7,Belatacept,Fc-Fusion,4.5,90.0,5.6,0.5,5.828,25.0,Histidine,5.8,20.0,none,0.0,none,0.0,none,0.0,none,0.0,1.4,1.5,0.9852602694026994,0.9431501551347874,0.9431501551347874,0.9431501551347874,0.91,
421.0_p3conc_7.4_i8,Belatacept,Fc-Fusion,4.5,90.0,5.6,0.5,7.4273,25.0,Histidine,5.8,20.0,none,0.0,none,0.0,none,0.0,none,0.0,1.4,1.5,1.011353662029106,1.011353662029106,1.010624005368102,1.010624005368102,0.9995916513945221,
421.0_p3conc_10.4_i9,Belatacept,Fc-Fusion,4.5,90.0,5.6,0.5,10.3746,25.0,Histidine,5.8,20.0,none,0.0,none,0.0,none,0.0,none,0.0,1.4,1.5,1.1054485584357268,1.081920647794997,1.081920647794997,1.0636682057458737,0.9999179138566368,
421.0_p3conc_10.5_i10,Belatacept,Fc-Fusion,4.5,90.0,5.6,0.5,10.4881,25.0,Histidine,5.8,20.0,none,0.0,none,0.0,none,0.0,none,0.0,1.4,1.5,1.1176908921340132,1.0446907374147847,1.037974040741028,1.0244599305215272,1.0244599305215272,
421.0_p3conc_14.5_i11,Belatacept,Fc-Fusion,4.5,90.0,5.6,0.5,14.4914,25.0,Histidine,5.8,20.0,none,0.0,none,0.0,none,0.0,none,0.0,1.4,1.5,1.2064279217945728,1.1939451234165204,1.1213578524346457,1.1213578524346457,1.0575579634888181,
421.0_p3conc_18.9_i12,Belatacept,Fc-Fusion,4.5,90.0,5.6,0.5,18.8743,25.0,Histidine,5.8,20.0,none,0.0,none,0.0,none,0.0,none,0.0,1.4,1.5,1.2927519551229218,1.2237689168302386,1.2237689168302386,1.2237689168302386,1.0796486846660376,
421.0_p3conc_20.2_i13,Belatacept,Fc-Fusion,4.5,90.0,5.6,0.5,20.2417,25.0,Histidine,5.8,20.0,none,0.0,none,0.0,none,0.0,none,0.0,1.4,1.5,1.35909762101033,1.2240928730739897,1.2240928730739897,1.2240928730739897,1.0910702567121604,
421.0_p3conc_28.3_i14,Belatacept,Fc-Fusion,4.5,90.0,5.6,0.5,28.274,25.0,Histidine,5.8,20.0,none,0.0,none,0.0,none,0.0,none,0.0,1.4,1.5,1.4748754065860756,1.4748754065860756,1.4748754065860756,1.4738852096400836,1.2716278536888161,
421.0_p3conc_34.0_i15,Belatacept,Fc-Fusion,4.5,90.0,5.6,0.5,33.966,25.0,Histidine,5.8,20.0,none,0.0,none,0.0,none,0.0,none,0.0,1.4,1.5,1.8518770601862466,1.6680083621542408,1.577789129251568,1.577789129251568,1.4383777784037202,
421.0_p3conc_39.5_i16,Belatacept,Fc-Fusion,4.5,90.0,5.6,0.5,39.4935,25.0,Histidine,5.8,20.0,none,0.0,none,0.0,none,0.0,none,0.0,1.4,1.5,1.932122963216503,1.8047806305383014,1.8047806305383014,1.7240756915828306,1.461360959352717,
421.0_p3conc_55.2_i17,Belatacept,Fc-Fusion,4.5,90.0,5.6,0.5,55.165,25.0,Histidine,5.8,20.0,none,0.0,none,0.0,none,0.0,none,0.0,1.4,1.5,2.40481276355869,2.40481276355869,2.40481276355869,2.40481276355869,1.6714386660604175,
421.0_p3conc_61.1_i18,Belatacept,Fc-Fusion,4.5,90.0,5.6,0.5,61.125,25.0,Histidine,5.8,20.0,none,0.0,none,0.0,none,0.0,none,0.0,1.4,1.5,2.891045198183994,2.8705601427761382,2.7402264800898806,2.7402264800898806,1.8167810086371659,
421.0_p3conc_77.1_i19,Belatacept,Fc-Fusion,4.5,90.0,5.6,0.5,77.0554,25.0,Histidine,5.8,20.0,none,0.0,none,0.0,none,0.0,none,0.0,1.4,1.5,3.7138401113230604,3.7138401113230604,3.7138401113230604,3.5358132583885604,2.335586763730961,
421.0_p3conc_119.3_i20,Belatacept,Fc-Fusion,4.5,90.0,5.6,0.5,119.2603,25.0,Histidine,5.8,20.0,none,0.0,none,0.0,none,0.0,none,0.0,1.4,1.5,9.469743064691194,8.64161462926276,8.64161462926276,7.254269993247581,3.5367291776101277,
421.0_p3conc_129.3_i21,Belatacept,Fc-Fusion,4.5,90.0,5.6,0.5,129.3001,25.0,Histidine,5.8,20.0,none,0.0,none,0.0,none,0.0,none,0.0,1.4,1.5,10.441372442569747,10.441372442569747,10.441372442569747,9.327513162101791,4.042030845530541,
421.0_p3conc_140.2_i22,Belatacept,Fc-Fusion,4.5,90.0,5.6,0.5,140.1855,25.0,Histidine,5.8,20.0,none,0.0,none,0.0,none,0.0,none,0.0,1.4,1.5,12.267937512714381,12.267937512714381,12.267937512714381,10.90756239082597,4.757731904825325,
421.0_p3conc_150.3_i23,Belatacept,Fc-Fusion,4.5,90.0,5.6,0.5,150.3422,25.0,Histidine,5.8,20.0,none,0.0,none,0.0,none,0.0,none,0.0,1.4,1.5,14.925667597390207,14.925667597390207,14.925667597390207,13.076791910873002,5.205705462743669,
421.0_p3conc_152.0_i24,Belatacept,Fc-Fusion,4.5,90.0,5.6,0.5,151.9868,25.0,Histidine,5.8,20.0,none,0.0,none,0.0,none,0.0,none,0.0,1.4,1.5,16.1449456384548,16.1449456384548,16.078960822712897,14.081613007873678,4.8373763555091305,
421.0_p3conc_164.8_i25,Belatacept,Fc-Fusion,4.5,90.0,5.6,0.5,164.7817,25.0,Histidine,5.8,20.0,none,0.0,none,0.0,none,0.0,none,0.0,1.4,1.5,20.40045463016862,20.40045463016862,20.40045463016862,18.401338425318862,5.912826599764327,
421.0_p3conc_178.7_i26,Belatacept,Fc-Fusion,4.5,90.0,5.6,0.5,178.6541,25.0,Histidine,5.8,20.0,none,0.0,none,0.0,none,0.0,none,0.0,1.4,1.5,28.94060509151593,26.226328419000957,26.226328419000957,22.877748508215173,6.774068035792185,
421.0_p3conc_193.7_i27,Belatacept,Fc-Fusion,4.5,90.0,5.6,0.5,193.6939,25.0,Histidine,5.8,20.0,none,0.0,none,0.0,none,0.0,none,0.0,1.4,1.5,36.53837290856442,35.94046588313073,35.94046588313073,28.560563391165676,8.285634351098272,
388.0_p3conc_1.4_i0,Belatacept,Fc-Fusion,4.5,90.0,5.6,0.5,1.3706,25.0,Histidine,5.9,17.5,none,0.0,none,0.0,none,0.0,none,0.0,1.4,1.5,0.975409331638652,0.9116551645021322,0.9116551645021322,0.91,0.91,
388.0_p3conc_1.9_i1,Belatacept,Fc-Fusion,4.5,90.0,5.6,0.5,1.8784,25.0,Histidine,5.9,17.5,none,0.0,none,0.0,none,0.0,none,0.0,1.4,1.5,0.91,0.91,0.91,0.91,0.91,
388.0_p3conc_2.2_i2,Belatacept,Fc-Fusion,4.5,90.0,5.6,0.5,2.2288,25.0,Histidine,5.9,17.5,none,0.0,none,0.0,none,0.0,none,0.0,1.4,1.5,0.968370515236005,0.9228088522394565,0.91,0.91,0.91,
388.0_p3conc_2.6_i3,Belatacept,Fc-Fusion,4.5,90.0,5.6,0.5,2.5745,25.0,Histidine,5.9,17.5,none,0.0,none,0.0,none,0.0,none,0.0,1.4,1.5,0.9865680339930981,0.9865680339930981,0.91,0.91,0.91,
388.0_p3conc_3.5_i4,Belatacept,Fc-Fusion,4.5,90.0,5.6,0.5,3.5284,25.0,Histidine,5.9,17.5,none,0.0,none,0.0,none,0.0,none,0.0,1.4,1.5,0.9985373646051895,0.9724557861074455,0.91,0.91,0.91,
388.0_p3conc_4.8_i5,Belatacept,Fc-Fusion,4.5,90.0,5.6,0.5,4.8359,25.0,Histidine,5.9,17.5,none,0.0,none,0.0,none,0.0,none,0.0,1.4,1.5,0.9629288152005969,0.9629288152005969,0.9629288152005969,0.9629288152005969,0.9629288152005969,
388.0_p3conc_5.0_i6,Belatacept,Fc-Fusion,4.5,90.0,5.6,0.5,4.9676,25.0,Histidine,5.9,17.5,none,0.0,none,0.0,none,0.0,none,0.0,1.4,1.5,0.9176179218665921,0.91,0.91,0.91,0.91,
388.0_p3conc_6.6_i7,Belatacept,Fc-Fusion,4.5,90.0,5.6,0.5,6.6279,25.0,Histidine,5.9,17.5,none,0.0,none,0.0,none,0.0,none,0.0,1.4,1.5,0.9268233733551892,0.9268233733551892,0.9268233733551892,0.9268233733551892,0.9268233733551892,
388.0_p3conc_9.1_i8,Belatacept,Fc-Fusion,4.5,90.0,5.6,0.5,9.0839,25.0,Histidine,5.9,17.5,none,0.0,none,0.0,none,0.0,none,0.0,1.4,1.5,1.1258632508107618,0.9968096129241505,0.9968096129241505,0.9968096129241505,0.9968096129241505,
388.0_p3conc_11.1_i9,Belatacept,Fc-Fusion,4.5,90.0,5.6,0.5,11.0718,25.0,Histidine,5.9,17.5,none,0.0,none,0.0,none,0.0,none,0.0,1.4,1.5,1.060273928579535,1.060273928579535,1.060273928579535,1.0326623716837415,1.0326623716837415,
388.0_p3conc_12.4_i10,Belatacept,Fc-Fusion,4.5,90.0,5.6,0.5,12.4499,25.0,Histidine,5.9,17.5,none,0.0,none,0.0,none,0.0,none,0.0,1.4,1.5,1.0955544564580453,1.0955544564580453,1.0491305944688276,1.0491305944688276,1.0491305944688276,
388.0_p3conc_17.1_i11,Belatacept,Fc-Fusion,4.5,90.0,5.6,0.5,17.0633,25.0,Histidine,5.9,17.5,none,0.0,none,0.0,none,0.0,none,0.0,1.4,1.5,1.2008489932212958,1.2008489932212958,1.2008489932212958,1.169904247716584,1.1332716801192042,
388.0_p3conc_23.4_i12,Belatacept,Fc-Fusion,4.5,90.0,5.6,0.5,23.3861,25.0,Histidine,5.9,17.5,none,0.0,none,0.0,none,0.0,none,0.0,1.4,1.5,1.3548504235822598,1.3548504235822598,1.228753818613748,1.228753818613748,1.1379272439509358,
388.0_p3conc_24.7_i13,Belatacept,Fc-Fusion,4.5,90.0,5.6,0.5,24.6769,25.0,Histidine,5.9,17.5,none,0.0,none,0.0,none,0.0,none,0.0,1.4,1.5,1.449336924540536,1.3626576147054903,1.354368732313223,1.354368732313223,1.263452624317769,
388.0_p3conc_32.1_i14,Belatacept,Fc-Fusion,4.5,90.0,5.6,0.5,32.0518,25.0,Histidine,5.9,17.5,none,0.0,none,0.0,none,0.0,none,0.0,1.4,1.5,1.472403462428444,1.472403462428444,1.472403462428444,1.3657062507373898,1.3215010357377897,
388.0_p3conc_43.9_i15,Belatacept,Fc-Fusion,4.5,90.0,5.6,0.5,43.9288,25.0,Histidine,5.9,17.5,none,0.0,none,0.0,none,0.0,none,0.0,1.4,1.5,1.8858075061006907,1.8858075061006907,1.7763295396227026,1.7763295396227026,1.585202682235015,
388.0_p3conc_60.2_i16,Belatacept,Fc-Fusion,4.5,90.0,5.6,0.5,60.2067,25.0,Histidine,5.9,17.5,none,0.0,none,0.0,none,0.0,none,0.0,1.4,1.5,2.5194519123991856,2.5194519123991856,2.425456482814276,2.348970967576463,1.936240976345706,
388.0_p3conc_62.6_i17,Belatacept,Fc-Fusion,4.5,90.0,5.6,0.5,62.605,25.0,Histidine,5.9,17.5,none,0.0,none,0.0,none,0.0,none,0.0,1.4,1.5,2.5148251755477222,2.5148251755477222,2.5148251755477222,2.4692198109695798,2.1200245411609644,
388.0_p3conc_71.3_i18,Belatacept,Fc-Fusion,4.5,90.0,5.6,0.5,71.2615,25.0,Histidine,5.9,17.5,none,0.0,none,0.0,none,0.0,none,0.0,1.4,1.5,2.968792007261153,2.825140100693081,2.825140100693081,2.825140100693081,2.4420532690316694,
388.0_p3conc_81.1_i19,Belatacept,Fc-Fusion,4.5,90.0,5.6,0.5,81.115,25.0,Histidine,5.9,17.5,none,0.0,none,0.0,none,0.0,none,0.0,1.4,1.5,3.546139006699008,3.414906267985025,3.414906267985025,2.9531730442272623,2.5736360426316724,
388.0_p3conc_82.5_i20,Belatacept,Fc-Fusion,4.5,90.0,5.6,0.5,82.5163,25.0,Histidine,5.9,17.5,none,0.0,none,0.0,none,0.0,none,0.0,1.4,1.5,3.9722332908281297,3.665117776913753,3.665117776913753,3.475415852499648,2.5855187675836344,
388.0_p3conc_92.3_i21,Belatacept,Fc-Fusion,4.5,90.0,5.6,0.5,92.3309,25.0,Histidine,5.9,17.5,none,0.0,none,0.0,none,0.0,none,0.0,1.4,1.5,4.795355664527477,4.785772862304754,4.339982394664653,3.704252673681096,3.0913615024694883,
388.0_p3conc_105.1_i22,Belatacept,Fc-Fusion,4.5,90.0,5.6,0.5,105.0976,25.0,Histidine,5.9,17.5,none,0.0,none,0.0,none,0.0,none,0.0,1.4,1.5,5.350113233972645,5.1544504415714165,5.1544504415714165,4.913784774962352,3.5612875576737633,
388.0_p3conc_113.1_i23,Belatacept,Fc-Fusion,4.5,90.0,5.6,0.5,113.0931,25.0,Histidine,5.9,17.5,none,0.0,none,0.0,none,0.0,none,0.0,1.4,1.5,5.884097648278653,5.884097648278653,5.884097648278653,5.146039902216031,3.8632221481994033,
388.0_p3conc_119.6_i24,Belatacept,Fc-Fusion,4.5,90.0,5.6,0.5,119.6297,25.0,Histidine,5.9,17.5,none,0.0,none,0.0,none,0.0,none,0.0,1.4,1.5,7.313426108289435,7.216808828123462,7.216808828123462,5.573376997796495,4.206504716498624,
388.0_p3conc_136.2_i25,Belatacept,Fc-Fusion,4.5,90.0,5.6,0.5,136.1714,25.0,Histidine,5.9,17.5,none,0.0,none,0.0,none,0.0,none,0.0,1.4,1.5,9.598763514802132,9.462311152025574,9.462311152025574,7.706445613279079,5.773181458759398,
387.0_p3conc_1.4_i0,Belatacept,Fc-Fusion,4.5,90.0,5.6,0.5,1.3785,25.0,Histidine,5.9,18.8,none,0.0,none,0.0,none,0.0,none,0.0,1.4,1.5,0.9404441860691017,0.9404441860691017,0.91,0.91,0.91,
387.0_p3conc_1.9_i1,Belatacept,Fc-Fusion,4.5,90.0,5.6,0.5,1.9002,25.0,Histidine,5.9,18.8,none,0.0,none,0.0,none,0.0,none,0.0,1.4,1.5,0.9990894781790284,0.9592450368663242,0.924020031871631,0.924020031871631,0.91,
387.0_p3conc_2.0_i2,Belatacept,Fc-Fusion,4.5,90.0,5.6,0.5,2.0301,25.0,Histidine,5.9,18.8,none,0.0,none,0.0,none,0.0,none,0.0,1.4,1.5,0.91,0.91,0.91,0.91,0.91,
387.0_p3conc_2.6_i3,Belatacept,Fc-Fusion,4.5,90.0,5.6,0.5,2.6194,25.0,Histidine,5.9,18.8,none,0.0,none,0.0,none,0.0,none,0.0,1.4,1.5,0.9669357653067716,0.91,0.91,0.91,0.91,
387.0_p3conc_3.6_i4,Belatacept,Fc-Fusion,4.5,90.0,5.6,0.5,3.6109,25.0,Histidine,5.9,18.8,none,0.0,none,0.0,none,0.0,none,0.0,1.4,1.5,1.0553472323070958,0.9727612418757715,0.9727612418757715,0.91,0.91,
387.0_p3conc_4.1_i5,Belatacept,Fc-Fusion,4.5,90.0,5.6,0.5,4.1213,25.0,Histidine,5.9,18.8,none,0.0,none,0.0,none,0.0,none,0.0,1.4,1.5,0.9637637098720755,0.9637637098720755,0.9453925771921404,0.9453925771921404,0.9384461075240367,
387.0_p3conc_5.0_i6,Belatacept,Fc-Fusion,4.5,90.0,5.6,0.5,4.9775,25.0,Histidine,5.9,18.8,none,0.0,none,0.0,none,0.0,none,0.0,1.4,1.5,0.9821694524910799,0.9821694524910799,0.9725381743899499,0.9611411034465083,0.91,
387.0_p3conc_6.9_i7,Belatacept,Fc-Fusion,4.5,90.0,5.6,0.5,6.8615,25.0,Histidine,5.9,18.8,none,0.0,none,0.0,none,0.0,none,0.0,1.4,1.5,1.0189401719594553,1.0081111216204346,1.0064406026118338,1.0064406026118338,0.9939822973264766,
387.0_p3conc_8.4_i8,Belatacept,Fc-Fusion,4.5,90.0,5.6,0.5,8.3666,25.0,Histidine,5.9,18.8,none,0.0,none,0.0,none,0.0,none,0.0,1.4,1.5,1.0755600826640592,1.0755600826640592,1.0755600826640592,1.0304125663599562,0.9580994417542675,
387.0_p3conc_9.5_i9,Belatacept,Fc-Fusion,4.5,90.0,5.6,0.5,9.4585,25.0,Histidine,5.9,18.8,none,0.0,none,0.0,none,0.0,none,0.0,1.4,1.5,1.1048896301756705,1.1048896301756705,1.1048896301756705,1.1048896301756705,0.964997087836426,
387.0_p3conc_13.0_i10,Belatacept,Fc-Fusion,4.5,90.0,5.6,0.5,13.0384,25.0,Histidine,5.9,18.8,none,0.0,none,0.0,none,0.0,none,0.0,1.4,1.5,1.1696159015080145,1.1696159015080145,1.1696159015080145,1.1696159015080145,1.0219911831857769,
387.0_p3conc_17.0_i11,Belatacept,Fc-Fusion,4.5,90.0,5.6,0.5,16.985,25.0,Histidine,5.9,18.8,none,0.0,none,0.0,none,0.0,none,0.0,1.4,1.5,1.2061638501122978,1.2061638501122978,1.2061638501122978,1.2061638501122978,1.0131988293002934,
387.0_p3conc_18.0_i12,Belatacept,Fc-Fusion,4.5,90.0,5.6,0.5,17.9733,25.0,Histidine,5.9,18.8,none,0.0,none,0.0,none,0.0,none,0.0,1.4,1.5,1.3076581226388329,1.3076581226388329,1.2375942714443307,1.2375942714443307,1.057695405539199,
387.0_p3conc_24.8_i13,Belatacept,Fc-Fusion,4.5,90.0,5.6,0.5,24.776,25.0,Histidine,5.9,18.8,none,0.0,none,0.0,none,0.0,none,0.0,1.4,1.5,1.597728842552683,1.4712340381088445,1.4381967510712588,1.3903186134917849,1.1460766406875087,
387.0_p3conc_34.2_i14,Belatacept,Fc-Fusion,4.5,90.0,5.6,0.5,34.1534,25.0,Histidine,5.9,18.8,none,0.0,none,0.0,none,0.0,none,0.0,1.4,1.5,1.80749953142859,1.80749953142859,1.80749953142859,1.679062363133487,1.259080423921591,
387.0_p3conc_34.5_i15,Belatacept,Fc-Fusion,4.5,90.0,5.6,0.5,34.4812,25.0,Histidine,5.9,18.8,none,0.0,none,0.0,none,0.0,none,0.0,1.4,1.5,1.712722035001514,1.712722035001514,1.712722035001514,1.712722035001514,1.2133657409322915,
387.0_p3conc_47.1_i16,Belatacept,Fc-Fusion,4.5,90.0,5.6,0.5,47.0801,25.0,Histidine,5.9,18.8,none,0.0,none,0.0,none,0.0,none,0.0,1.4,1.5,2.228012107005717,2.228012107005717,2.228012107005717,2.0576971985644255,1.3374504691560527,
387.0_p3conc_64.9_i17,Belatacept,Fc-Fusion,4.5,90.0,5.6,0.5,64.8993,25.0,Histidine,5.9,18.8,none,0.0,none,0.0,none,0.0,none,0.0,1.4,1.5,3.794856746270517,3.773372320494827,3.1528137534738123,2.9458348765448465,1.8478129133822967,
387.0_p3conc_78.2_i18,Belatacept,Fc-Fusion,4.5,90.0,5.6,0.5,78.2108,25.0,Histidine,5.9,18.8,none,0.0,none,0.0,none,0.0,none,0.0,1.4,1.5,4.588928072804801,4.585854349456585,4.585854349456585,3.6655743630126447,1.804793981283672,
387.0_p3conc_87.4_i19,Belatacept,Fc-Fusion,4.5,90.0,5.6,0.5,87.3848,25.0,Histidine,5.9,18.8,none,0.0,none,0.0,none,0.0,none,0.0,1.4,1.5,5.982797015399229,5.235939068976734,5.235939068976734,4.773663475564981,1.999329993804181,
387.0_p3conc_89.5_i20,Belatacept,Fc-Fusion,4.5,90.0,5.6,0.5,89.4629,25.0,Histidine,5.9,18.8,none,0.0,none,0.0,none,0.0,none,0.0,1.4,1.5,5.70868806948004,5.70868806948004,5.70868806948004,4.630884243428491,2.306087043064564,
387.0_p3conc_97.6_i21,Belatacept,Fc-Fusion,4.5,90.0,5.6,0.5,97.6349,25.0,Histidine,5.9,18.8,none,0.0,none,0.0,none,0.0,none,0.0,1.4,1.5,7.490844557220692,7.174326288252141,6.798245847398404,5.446999112672726,2.396859173215603,
387.0_p3conc_109.1_i22,Belatacept,Fc-Fusion,4.5,90.0,5.6,0.5,109.087,25.0,Histidine,5.9,18.8,none,0.0,none,0.0,none,0.0,none,0.0,1.4,1.5,8.959053915575769,8.959053915575769,8.422452398925673,6.421199185082561,2.6711508373910156,
387.0_p3conc_121.9_i23,Belatacept,Fc-Fusion,4.5,90.0,5.6,0.5,121.8827,25.0,Histidine,5.9,18.8,none,0.0,none,0.0,none,0.0,none,0.0,1.4,1.5,11.593924775557175,11.521801642462467,10.932015332159121,8.7475686618213,2.9988893767707623,
387.0_p3conc_123.3_i24,Belatacept,Fc-Fusion,4.5,90.0,5.6,0.5,123.3235,25.0,Histidine,5.9,18.8,none,0.0,none,0.0,none,0.0,none,0.0,1.4,1.5,12.60145987485251,12.266746882009173,12.153439396201973,9.478646575975011,2.8704623240439555,
387.0_p3conc_136.2_i25,Belatacept,Fc-Fusion,4.5,90.0,5.6,0.5,136.1793,25.0,Histidine,5.9,18.8,none,0.0,none,0.0,none,0.0,none,0.0,1.4,1.5,16.468754166115716,14.87681694191902,14.87681694191902,10.800320884734493,3.589488998295065,
387.0_p3conc_152.2_i26,Belatacept,Fc-Fusion,4.5,90.0,5.6,0.5,152.1528,25.0,Histidine,5.9,18.8,none,0.0,none,0.0,none,0.0,none,0.0,1.4,1.5,22.488684452683778,22.488684452683778,21.43569631506288,15.188609965603366,3.9147314276774545,
392.0_p3conc_1.3_i0,Belatacept,Fc-Fusion,4.5,90.0,5.6,0.5,1.3488,25.0,Histidine,6.0,15.0,none,0.0,none,0.0,none,0.0,none,0.0,1.4,1.5,0.9364899639287017,0.91,0.91,0.91,0.91,
392.0_p3conc_1.8_i1,Belatacept,Fc-Fusion,4.5,90.0,5.6,0.5,1.8193,25.0,Histidine,6.0,15.0,none,0.0,none,0.0,none,0.0,none,0.0,1.4,1.5,1.0088878067305445,0.9153687631323333,0.91,0.91,0.91,
392.0_p3conc_2.5_i2,Belatacept,Fc-Fusion,4.5,90.0,5.6,0.5,2.4538,25.0,Histidine,6.0,15.0,none,0.0,none,0.0,none,0.0,none,0.0,1.4,1.5,0.916853002478129,0.91,0.91,0.91,0.91,
392.0_p3conc_3.3_i3,Belatacept,Fc-Fusion,4.5,90.0,5.6,0.5,3.3097,25.0,Histidine,6.0,15.0,none,0.0,none,0.0,none,0.0,none,0.0,1.4,1.5,1.048700993536464,1.0069291239635572,0.91,0.91,0.91,
392.0_p3conc_4.5_i4,Belatacept,Fc-Fusion,4.5,90.0,5.6,0.5,4.4642,25.0,Histidine,6.0,15.0,none,0.0,none,0.0,none,0.0,none,0.0,1.4,1.5,1.0039275087997794,0.9292255972810086,0.9292255972810086,0.9218351216499944,0.9218351216499944,
392.0_p3conc_6.0_i5,Belatacept,Fc-Fusion,4.5,90.0,5.6,0.5,6.0213,25.0,Histidine,6.0,15.0,none,0.0,none,0.0,none,0.0,none,0.0,1.4,1.5,1.1313696468587102,1.0186280541754964,1.0186280541754964,0.9262496876323523,0.91,
392.0_p3conc_8.1_i6,Belatacept,Fc-Fusion,4.5,90.0,5.6,0.5,8.1216,25.0,Histidine,6.0,15.0,none,0.0,none,0.0,none,0.0,none,0.0,1.4,1.5,1.1178993990713153,1.1178993990713153,0.9850434769133228,0.9600211772272469,0.9600211772272469,
392.0_p3conc_11.0_i7,Belatacept,Fc-Fusion,4.5,90.0,5.6,0.5,10.9545,25.0,Histidine,6.0,15.0,none,0.0,none,0.0,none,0.0,none,0.0,1.4,1.5,1.2529957847059439,1.1993716088040773,1.0817370859377307,1.0093981645794095,0.91,
392.0_p3conc_14.8_i8,Belatacept,Fc-Fusion,4.5,90.0,5.6,0.5,14.7754,25.0,Histidine,6.0,15.0,none,0.0,none,0.0,none,0.0,none,0.0,1.4,1.5,1.4351169739979943,1.4327051335244188,1.106401625706528,1.0807027478520115,0.9102035360112543,
392.0_p3conc_25.0_i9,Belatacept,Fc-Fusion,4.5,90.0,5.6,0.5,25.0207,25.0,Histidine,6.0,15.0,none,0.0,none,0.0,none,0.0,none,0.0,1.4,1.5,1.976169859425126,1.8103189100232506,1.3015925648483941,1.2508370877274748,0.9178320182880411,
392.0_p3conc_26.9_i10,Belatacept,Fc-Fusion,4.5,90.0,5.6,0.5,26.8805,25.0,Histidine,6.0,15.0,none,0.0,none,0.0,none,0.0,none,0.0,1.4,1.5,1.9927487259163266,1.9927487259163266,1.319280889804839,1.1080299373352205,0.9838162057874591,
392.0_p3conc_31.3_i11,Belatacept,Fc-Fusion,4.5,90.0,5.6,0.5,31.3017,25.0,Histidine,6.0,15.0,none,0.0,none,0.0,none,0.0,none,0.0,1.4,1.5,2.467937901509836,2.4326765744260976,1.286705719103212,1.2704435563021226,1.0176152940194823,
392.0_p3conc_36.3_i12,Belatacept,Fc-Fusion,4.5,90.0,5.6,0.5,36.2565,25.0,Histidine,6.0,15.0,none,0.0,none,0.0,none,0.0,none,0.0,1.4,1.5,2.884571806031899,2.824457029616033,1.5122845864833185,1.3339544336216433,1.0769076815542573,
392.0_p3conc_39.2_i13,Belatacept,Fc-Fusion,4.5,90.0,5.6,0.5,39.1595,25.0,Histidine,6.0,15.0,none,0.0,none,0.0,none,0.0,none,0.0,1.4,1.5,2.9127657596085803,2.9127657596085803,1.5534819878096908,1.2997988992792853,0.9243406162823294,
392.0_p3conc_48.9_i14,Belatacept,Fc-Fusion,4.5,90.0,5.6,0.5,48.9029,25.0,Histidine,6.0,15.0,none,0.0,none,0.0,none,0.0,none,0.0,1.4,1.5,4.088352477055646,3.956387494364931,1.7518574228537152,1.363649022436813,0.9934932442074479,
392.0_p3conc_49.0_i15,Belatacept,Fc-Fusion,4.5,90.0,5.6,0.5,48.9898,25.0,Histidine,6.0,15.0,none,0.0,none,0.0,none,0.0,none,0.0,1.4,1.5,4.0767675464680355,4.0767675464680355,1.6634651575153439,1.3431189572404119,1.0314942656076176,
392.0_p3conc_61.3_i16,Belatacept,Fc-Fusion,4.5,90.0,5.6,0.5,61.2879,25.0,Histidine,6.0,15.0,none,0.0,none,0.0,none,0.0,none,0.0,1.4,1.5,5.9083963586562245,5.9083963586562245,2.1538947421432466,1.6591906375943348,1.1131015446543073,
392.0_p3conc_66.0_i17,Belatacept,Fc-Fusion,4.5,90.0,5.6,0.5,65.9605,25.0,Histidine,6.0,15.0,none,0.0,none,0.0,none,0.0,none,0.0,1.4,1.5,7.005309678395077,6.920409931236718,2.370308744728832,1.7267452776002543,1.0451263095718688,
392.0_p3conc_76.7_i18,Belatacept,Fc-Fusion,4.5,90.0,5.6,0.5,76.6731,25.0,Histidine,6.0,15.0,none,0.0,none,0.0,none,0.0,none,0.0,1.4,1.5,10.632750259098064,9.875783663115133,2.6528618381494686,1.869208001541986,1.0345629800232643,
392.0_p3conc_89.0_i19,Belatacept,Fc-Fusion,4.5,90.0,5.6,0.5,88.9676,25.0,Histidine,6.0,15.0,none,0.0,none,0.0,none,0.0,none,0.0,1.4,1.5,14.767226102025193,14.767226102025193,3.216227988278547,2.101724556711114,1.1023064100047244,
392.0_p3conc_95.9_i20,Belatacept,Fc-Fusion,4.5,90.0,5.6,0.5,95.9206,25.0,Histidine,6.0,15.0,none,0.0,none,0.0,none,0.0,none,0.0,1.4,1.5,18.616636864685265,18.616636864685265,3.5749267178162305,2.2080151857450376,1.1451701444053188,
389.0_p3conc_1.4_i0,Belatacept,Fc-Fusion,4.5,90.0,5.6,0.5,1.3706,25.0,Histidine,6.0,35.0,none,0.0,none,0.0,none,0.0,none,0.0,1.4,1.5,0.9355367231004299,0.91,0.91,0.91,0.91,
389.0_p3conc_1.9_i1,Belatacept,Fc-Fusion,4.5,90.0,5.6,0.5,1.8784,25.0,Histidine,6.0,35.0,none,0.0,none,0.0,none,0.0,none,0.0,1.4,1.5,0.9505735145866162,0.9505735145866162,0.91,0.91,0.91,
389.0_p3conc_2.2_i2,Belatacept,Fc-Fusion,4.5,90.0,5.6,0.5,2.2288,25.0,Histidine,6.0,35.0,none,0.0,none,0.0,none,0.0,none,0.0,1.4,1.5,0.9893340431135763,0.9257295064076597,0.9257295064076597,0.9257295064076597,0.91,
389.0_p3conc_2.6_i3,Belatacept,Fc-Fusion,4.5,90.0,5.6,0.5,2.5745,25.0,Histidine,6.0,35.0,none,0.0,none,0.0,none,0.0,none,0.0,1.4,1.5,0.9180451881169941,0.9180451881169941,0.9180451881169941,0.9180451881169941,0.91,
389.0_p3conc_3.5_i4,Belatacept,Fc-Fusion,4.5,90.0,5.6,0.5,3.5284,25.0,Histidine,6.0,35.0,none,0.0,none,0.0,none,0.0,none,0.0,1.4,1.5,0.9431004872963662,0.9199365326994784,0.9199365326994784,0.91,0.91,
389.0_p3conc_4.8_i5,Belatacept,Fc-Fusion,4.5,90.0,5.6,0.5,4.8359,25.0,Histidine,6.0,35.0,none,0.0,none,0.0,none,0.0,none,0.0,1.4,1.5,0.91,0.91,0.91,0.91,0.91,
389.0_p3conc_5.0_i6,Belatacept,Fc-Fusion,4.5,90.0,5.6,0.5,4.9676,25.0,Histidine,6.0,35.0,none,0.0,none,0.0,none,0.0,none,0.0,1.4,1.5,0.9196190003928216,0.9115391292129151,0.9115391292129151,0.9115391292129151,0.9115391292129151,
389.0_p3conc_6.6_i7,Belatacept,Fc-Fusion,4.5,90.0,5.6,0.5,6.6279,25.0,Histidine,6.0,35.0,none,0.0,none,0.0,none,0.0,none,0.0,1.4,1.5,0.9547438360138056,0.9547438360138056,0.9547438360138056,0.9547438360138056,0.9547438360138056,
389.0_p3conc_9.1_i8,Belatacept,Fc-Fusion,4.5,90.0,5.6,0.5,9.0839,25.0,Histidine,6.0,35.0,none,0.0,none,0.0,none,0.0,none,0.0,1.4,1.5,1.1018658336128648,1.0173795164116586,1.0173795164116586,1.0173795164116586,1.0173795164116586,
389.0_p3conc_11.1_i9,Belatacept,Fc-Fusion,4.5,90.0,5.6,0.5,11.0718,25.0,Histidine,6.0,35.0,none,0.0,none,0.0,none,0.0,none,0.0,1.4,1.5,1.090349314040653,1.035917065329878,1.0331600835352097,1.0331600835352097,1.0331600835352097,
389.0_p3conc_12.4_i10,Belatacept,Fc-Fusion,4.5,90.0,5.6,0.5,12.4499,25.0,Histidine,6.0,35.0,none,0.0,none,0.0,none,0.0,none,0.0,1.4,1.5,1.0616022332126172,1.0048126282822827,1.0048126282822827,1.0048126282822827,1.0048126282822827,
389.0_p3conc_17.1_i11,Belatacept,Fc-Fusion,4.5,90.0,5.6,0.5,17.0633,25.0,Histidine,6.0,35.0,none,0.0,none,0.0,none,0.0,none,0.0,1.4,1.5,1.0964859940951894,1.0964859940951894,1.0964859940951894,1.0964859940951894,1.0825195288561578,
389.0_p3conc_23.4_i12,Belatacept,Fc-Fusion,4.5,90.0,5.6,0.5,23.3861,25.0,Histidine,6.0,35.0,none,0.0,none,0.0,none,0.0,none,0.0,1.4,1.5,1.2221216218531739,1.2221216218531739,1.2221216218531739,1.1645084114010675,1.114886685725651,
389.0_p3conc_24.7_i13,Belatacept,Fc-Fusion,4.5,90.0,5.6,0.5,24.6769,25.0,Histidine,6.0,35.0,none,0.0,none,0.0,none,0.0,none,0.0,1.4,1.5,1.4072554276040277,1.3224409158825172,1.3057116960665267,1.2394243498107669,1.1941085229383626,
389.0_p3conc_32.1_i14,Belatacept,Fc-Fusion,4.5,90.0,5.6,0.5,32.0518,25.0,Histidine,6.0,35.0,none,0.0,none,0.0,none,0.0,none,0.0,1.4,1.5,1.470508495385951,1.470508495385951,1.459350867903005,1.4419316566554803,1.2781988369205595,
389.0_p3conc_43.9_i15,Belatacept,Fc-Fusion,4.5,90.0,5.6,0.5,43.9288,25.0,Histidine,6.0,35.0,none,0.0,none,0.0,none,0.0,none,0.0,1.4,1.5,1.6591329568811477,1.6591329568811477,1.5843808809407578,1.5843808809407578,1.5123550190762367,
389.0_p3conc_60.2_i16,Belatacept,Fc-Fusion,4.5,90.0,5.6,0.5,60.2067,25.0,Histidine,6.0,35.0,none,0.0,none,0.0,none,0.0,none,0.0,1.4,1.5,2.1338363939280924,2.1338363939280924,2.1338363939280924,2.1338363939280924,1.6259637997357121,
389.0_p3conc_62.6_i17,Belatacept,Fc-Fusion,4.5,90.0,5.6,0.5,62.605,25.0,Histidine,6.0,35.0,none,0.0,none,0.0,none,0.0,none,0.0,1.4,1.5,2.310558958659844,2.286951617855641,2.286951617855641,2.084898871601554,1.6432558348025532,
389.0_p3conc_71.3_i18,Belatacept,Fc-Fusion,4.5,90.0,5.6,0.5,71.2615,25.0,Histidine,6.0,35.0,none,0.0,none,0.0,none,0.0,none,0.0,1.4,1.5,2.5878967506807187,2.503375846197323,2.503375846197323,2.503375846197323,1.8075378925754897,
389.0_p3conc_81.1_i19,Belatacept,Fc-Fusion,4.5,90.0,5.6,0.5,81.115,25.0,Histidine,6.0,35.0,none,0.0,none,0.0,none,0.0,none,0.0,1.4,1.5,2.92634196455495,2.92634196455495,2.92634196455495,2.784661147993308,2.1631262596253316,
389.0_p3conc_82.5_i20,Belatacept,Fc-Fusion,4.5,90.0,5.6,0.5,82.5163,25.0,Histidine,6.0,35.0,none,0.0,none,0.0,none,0.0,none,0.0,1.4,1.5,3.1608105994796776,3.0127767949196884,3.0127767949196884,2.8429083202933905,2.140645935638665,
389.0_p3conc_92.3_i21,Belatacept,Fc-Fusion,4.5,90.0,5.6,0.5,92.3309,25.0,Histidine,6.0,35.0,none,0.0,none,0.0,none,0.0,none,0.0,1.4,1.5,3.725767287827328,3.602765690532029,3.602765690532029,3.1036322185464593,2.507888908682604,
389.0_p3conc_105.1_i22,Belatacept,Fc-Fusion,4.5,90.0,5.6,0.5,105.0976,25.0,Histidine,6.0,35.0,none,0.0,none,0.0,none,0.0,none,0.0,1.4,1.5,4.346751881200268,4.335635165836706,4.335635165836706,3.816624644865248,2.6740468671774886,
389.0_p3conc_113.1_i23,Belatacept,Fc-Fusion,4.5,90.0,5.6,0.5,113.0931,25.0,Histidine,6.0,35.0,none,0.0,none,0.0,none,0.0,none,0.0,1.4,1.5,5.246551665309986,4.508250307037755,4.508250307037755,4.1310144490669325,3.149798527201551,
389.0_p3conc_119.6_i24,Belatacept,Fc-Fusion,4.5,90.0,5.6,0.5,119.6297,25.0,Histidine,6.0,35.0,none,0.0,none,0.0,none,0.0,none,0.0,1.4,1.5,5.826663311152739,4.9742847566039305,4.9742847566039305,4.109874673569663,3.323781829164593,
389.0_p3conc_136.2_i25,Belatacept,Fc-Fusion,4.5,90.0,5.6,0.5,136.1714,25.0,Histidine,6.0,35.0,none,0.0,none,0.0,none,0.0,none,0.0,1.4,1.5,7.0368091330500935,7.0368091330500935,6.988030548897317,5.949499610664154,4.083534312949736,
177.0_p3conc_1.4_i0,Bevacizumab,mAb_IgG1,3.0,149.0,8.3,0.3,1.381,27.5,Acetate,5.2,31.0,none,0.0,none,0.0,none,0.0,none,0.0,1.0,1.0,0.91,0.91,0.91,0.91,0.91,
177.0_p3conc_1.9_i1,Bevacizumab,mAb_IgG1,3.0,149.0,8.3,0.3,1.9071,27.5,Acetate,5.2,31.0,none,0.0,none,0.0,none,0.0,none,0.0,1.0,1.0,0.91,0.91,0.91,0.91,0.91,
177.0_p3conc_2.1_i2,Bevacizumab,mAb_IgG1,3.0,149.0,8.3,0.3,2.0536,27.5,Acetate,5.2,31.0,none,0.0,none,0.0,none,0.0,none,0.0,1.0,1.0,0.9135140846267478,0.91,0.91,0.91,0.91,
177.0_p3conc_2.6_i3,Bevacizumab,mAb_IgG1,3.0,149.0,8.3,0.3,2.6337,27.5,Acetate,5.2,31.0,none,0.0,none,0.0,none,0.0,none,0.0,1.0,1.0,0.972501520124655,0.9496796037250819,0.9211950235201813,0.9211950235201813,0.91,
177.0_p3conc_3.6_i4,Bevacizumab,mAb_IgG1,3.0,149.0,8.3,0.3,3.6371,27.5,Acetate,5.2,31.0,none,0.0,none,0.0,none,0.0,none,0.0,1.0,1.0,0.9816120403503875,0.9311020740740272,0.91,0.91,0.91,
177.0_p3conc_4.2_i5,Bevacizumab,mAb_IgG1,3.0,149.0,8.3,0.3,4.2172,27.5,Acetate,5.2,31.0,none,0.0,none,0.0,none,0.0,none,0.0,1.0,1.0,0.9214738447234512,0.9214738447234512,0.91,0.91,0.91,
177.0_p3conc_5.0_i6,Bevacizumab,mAb_IgG1,3.0,149.0,8.3,0.3,5.0228,27.5,Acetate,5.2,31.0,none,0.0,none,0.0,none,0.0,none,0.0,1.0,1.0,0.91,0.91,0.91,0.91,0.91,
177.0_p3conc_6.9_i7,Bevacizumab,mAb_IgG1,3.0,149.0,8.3,0.3,6.9365,27.5,Acetate,5.2,31.0,none,0.0,none,0.0,none,0.0,none,0.0,1.0,1.0,1.024486098381195,0.9939380638030232,0.9322556527586686,0.9150519519695673,0.9150519519695673,
177.0_p3conc_8.7_i8,Bevacizumab,mAb_IgG1,3.0,149.0,8.3,0.3,8.6603,27.5,Acetate,5.2,31.0,none,0.0,none,0.0,none,0.0,none,0.0,1.0,1.0,1.0409040050045448,0.9927421820928723,0.9927421820928723,0.91,0.91,
177.0_p3conc_9.6_i9,Bevacizumab,mAb_IgG1,3.0,149.0,8.3,0.3,9.5792,27.5,Acetate,5.2,31.0,none,0.0,none,0.0,none,0.0,none,0.0,1.0,1.0,0.91,0.91,0.91,0.91,0.91,
177.0_p3conc_13.2_i10,Bevacizumab,mAb_IgG1,3.0,149.0,8.3,0.3,13.2288,27.5,Acetate,5.2,31.0,none,0.0,none,0.0,none,0.0,none,0.0,1.0,1.0,1.0317444146403931,0.91,0.91,0.91,0.91,
177.0_p3conc_17.8_i11,Bevacizumab,mAb_IgG1,3.0,149.0,8.3,0.3,17.7845,27.5,Acetate,5.2,31.0,none,0.0,none,0.0,none,0.0,none,0.0,1.0,1.0,0.9640386296013097,0.9640386296013097,0.9424722175622556,0.9424722175622556,0.9424722175622556,
177.0_p3conc_18.3_i12,Bevacizumab,mAb_IgG1,3.0,149.0,8.3,0.3,18.2688,27.5,Acetate,5.2,31.0,none,0.0,none,0.0,none,0.0,none,0.0,1.0,1.0,0.976710078912376,0.976710078912376,0.976710078912376,0.976710078912376,0.9496646664746357,
177.0_p3conc_25.2_i13,Bevacizumab,mAb_IgG1,3.0,149.0,8.3,0.3,25.2289,27.5,Acetate,5.2,31.0,none,0.0,none,0.0,none,0.0,none,0.0,1.0,1.0,1.0756630066630188,1.0756630066630188,1.0132113128379017,0.9137318048554854,0.9137318048554854,
177.0_p3conc_34.8_i14,Bevacizumab,mAb_IgG1,3.0,149.0,8.3,0.3,34.8409,27.5,Acetate,5.2,31.0,none,0.0,none,0.0,none,0.0,none,0.0,1.0,1.0,1.1045514430828443,1.1045514430828443,1.0894558393864289,1.0239483605785307,1.0239483605785307,
177.0_p3conc_36.5_i15,Bevacizumab,mAb_IgG1,3.0,149.0,8.3,0.3,36.5217,27.5,Acetate,5.2,31.0,none,0.0,none,0.0,none,0.0,none,0.0,1.0,1.0,1.038485790801676,1.038485790801676,1.038485790801676,1.0354840447852298,0.9908004379120418,
177.0_p3conc_48.1_i16,Bevacizumab,mAb_IgG1,3.0,149.0,8.3,0.3,48.1148,27.5,Acetate,5.2,31.0,none,0.0,none,0.0,none,0.0,none,0.0,1.0,1.0,1.143166852057951,1.143166852057951,1.143166852057951,1.126576861402423,1.043574057190906,
177.0_p3conc_66.4_i17,Bevacizumab,mAb_IgG1,3.0,149.0,8.3,0.3,66.4459,27.5,Acetate,5.2,31.0,none,0.0,none,0.0,none,0.0,none,0.0,1.0,1.0,1.2567421237779086,1.2567421237779086,1.2567421237779086,1.1672500563317982,1.0746679528747691,
177.0_p3conc_83.4_i18,Bevacizumab,mAb_IgG1,3.0,149.0,8.3,0.3,83.3793,27.5,Acetate,5.2,31.0,none,0.0,none,0.0,none,0.0,none,0.0,1.0,1.0,1.409724475974512,1.409724475974512,1.2748234150266207,1.2748234150266207,1.1028539936855772,
177.0_p3conc_91.8_i19,Bevacizumab,mAb_IgG1,3.0,149.0,8.3,0.3,91.761,27.5,Acetate,5.2,31.0,none,0.0,none,0.0,none,0.0,none,0.0,1.0,1.0,1.4081002050580451,1.4081002050580451,1.4081002050580451,1.2964995272377235,1.2559486321287319,
177.0_p3conc_92.7_i20,Bevacizumab,mAb_IgG1,3.0,149.0,8.3,0.3,92.6947,27.5,Acetate,5.2,31.0,none,0.0,none,0.0,none,0.0,none,0.0,1.0,1.0,1.4286841938636534,1.4205894702146333,1.4205894702146333,1.39375575263576,1.094697193855213,
177.0_p3conc_103.1_i21,Bevacizumab,mAb_IgG1,3.0,149.0,8.3,0.3,103.0512,27.5,Acetate,5.2,31.0,none,0.0,none,0.0,none,0.0,none,0.0,1.0,1.0,1.6465809050425417,1.6465809050425417,1.4697588038706164,1.4304796488778029,1.2616341032659055,
177.0_p3conc_114.6_i22,Bevacizumab,mAb_IgG1,3.0,149.0,8.3,0.3,114.5645,27.5,Acetate,5.2,31.0,none,0.0,none,0.0,none,0.0,none,0.0,1.0,1.0,1.6995315279560426,1.6995315279560426,1.6995315279560426,1.4518925097716924,1.2257517944872638,
177.0_p3conc_126.7_i23,Bevacizumab,mAb_IgG1,3.0,149.0,8.3,0.3,126.7208,27.5,Acetate,5.2,31.0,none,0.0,none,0.0,none,0.0,none,0.0,1.0,1.0,1.7652871878944187,1.7652871878944187,1.7652871878944187,1.4958433603192054,1.1702944095874055,
177.0_p3conc_127.4_i24,Bevacizumab,mAb_IgG1,3.0,149.0,8.3,0.3,127.3641,27.5,Acetate,5.2,31.0,none,0.0,none,0.0,none,0.0,none,0.0,1.0,1.0,1.964347285292373,1.8691685174086599,1.820754966160086,1.5836180864981135,1.391623807294613,
177.0_p3conc_141.6_i25,Bevacizumab,mAb_IgG1,3.0,149.0,8.3,0.3,141.5937,27.5,Acetate,5.2,31.0,none,0.0,none,0.0,none,0.0,none,0.0,1.0,1.0,1.7643282339360877,1.7643282339360877,1.7643282339360877,1.650644418409373,1.3580878280258224,
177.0_p3conc_157.4_i26,Bevacizumab,mAb_IgG1,3.0,149.0,8.3,0.3,157.4131,27.5,Acetate,5.2,31.0,none,0.0,none,0.0,none,0.0,none,0.0,1.0,1.0,2.2593881476850064,2.144328725164463,2.0128504703681145,1.6851533718198888,1.4380826131741604,
171.0_p3conc_1.4_i0,Bevacizumab,mAb_IgG1,3.0,149.0,8.3,0.3,1.4107,27.5,Acetate,5.4,40.0,none,0.0,none,0.0,none,0.0,none,0.0,1.0,1.0,0.9568789267411757,0.91,0.91,0.91,0.91,
171.0_p3conc_1.6_i1,Bevacizumab,mAb_IgG1,3.0,149.0,8.3,0.3,1.5731,27.5,Acetate,5.4,40.0,none,0.0,none,0.0,none,0.0,none,0.0,1.0,1.0,0.91,0.91,0.91,0.91,0.91,
171.0_p3conc_2.0_i2,Bevacizumab,mAb_IgG1,3.0,149.0,8.3,0.3,1.9901,27.5,Acetate,5.4,40.0,none,0.0,none,0.0,none,0.0,none,0.0,1.0,1.0,0.9254979773119754,0.9254979773119754,0.91,0.91,0.91,
171.0_p3conc_2.5_i3,Bevacizumab,mAb_IgG1,3.0,149.0,8.3,0.3,2.4747,27.5,Acetate,5.4,40.0,none,0.0,none,0.0,none,0.0,none,0.0,1.0,1.0,0.9172950508488937,0.91,0.91,0.91,0.91,
171.0_p3conc_2.8_i4,Bevacizumab,mAb_IgG1,3.0,149.0,8.3,0.3,2.8074,27.5,Acetate,5.4,40.0,none,0.0,none,0.0,none,0.0,none,0.0,1.0,1.0,0.9207715516025194,0.9207715516025194,0.91,0.91,0.91,
171.0_p3conc_3.9_i5,Bevacizumab,mAb_IgG1,3.0,149.0,8.3,0.3,3.8929,27.5,Acetate,5.4,40.0,none,0.0,none,0.0,none,0.0,none,0.0,1.0,1.0,0.9487307450477338,0.9439551641107207,0.9352673644997701,0.9195998025548501,0.91,
171.0_p3conc_4.0_i6,Bevacizumab,mAb_IgG1,3.0,149.0,8.3,0.3,3.9604,27.5,Acetate,5.4,40.0,none,0.0,none,0.0,none,0.0,none,0.0,1.0,1.0,0.954877240302452,0.9318225267039408,0.9318225267039408,0.9318225267039408,0.9318225267039408,
171.0_p3conc_5.6_i7,Bevacizumab,mAb_IgG1,3.0,149.0,8.3,0.3,5.5868,27.5,Acetate,5.4,40.0,none,0.0,none,0.0,none,0.0,none,0.0,1.0,1.0,0.9759334809816118,0.9544156946095027,0.9544156946095027,0.9544156946095027,0.9544156946095027,
171.0_p3conc_6.1_i8,Bevacizumab,mAb_IgG1,3.0,149.0,8.3,0.3,6.124,27.5,Acetate,5.4,40.0,none,0.0,none,0.0,none,0.0,none,0.0,1.0,1.0,0.9772177404940358,0.91,0.91,0.91,0.91,
171.0_p3conc_7.9_i9,Bevacizumab,mAb_IgG1,3.0,149.0,8.3,0.3,7.8814,27.5,Acetate,5.4,40.0,none,0.0,none,0.0,none,0.0,none,0.0,1.0,1.0,0.9770823751114521,0.949302335284282,0.949302335284282,0.9297372950093699,0.9297372950093699,
171.0_p3conc_9.6_i10,Bevacizumab,mAb_IgG1,3.0,149.0,8.3,0.3,9.6338,27.5,Acetate,5.4,40.0,none,0.0,none,0.0,none,0.0,none,0.0,1.0,1.0,0.9737911345541727,0.9618025004674239,0.9380782406858071,0.9380782406858071,0.9380782406858071,
171.0_p3conc_11.1_i11,Bevacizumab,mAb_IgG1,3.0,149.0,8.3,0.3,11.1182,27.5,Acetate,5.4,40.0,none,0.0,none,0.0,none,0.0,none,0.0,1.0,1.0,1.0091496231243267,0.9454575457590264,0.9207960468155839,0.9207960468155839,0.9207960468155839,
171.0_p3conc_15.2_i12,Bevacizumab,mAb_IgG1,3.0,149.0,8.3,0.3,15.155,27.5,Acetate,5.4,40.0,none,0.0,none,0.0,none,0.0,none,0.0,1.0,1.0,0.9783174383522485,0.9783174383522485,0.9783174383522485,0.9783174383522485,0.9523889937311762,
171.0_p3conc_15.7_i13,Bevacizumab,mAb_IgG1,3.0,149.0,8.3,0.3,15.6844,27.5,Acetate,5.4,40.0,none,0.0,none,0.0,none,0.0,none,0.0,1.0,1.0,0.9666294592159067,0.9666294592159067,0.9666294592159067,0.9666294592159067,0.9666294592159067,
171.0_p3conc_22.1_i14,Bevacizumab,mAb_IgG1,3.0,149.0,8.3,0.3,22.1259,27.5,Acetate,5.4,40.0,none,0.0,none,0.0,none,0.0,none,0.0,1.0,1.0,0.9975589940758648,0.9975589940758648,0.9975589940758648,0.9975589940758648,0.9975589940758648,
171.0_p3conc_23.8_i15,Bevacizumab,mAb_IgG1,3.0,149.0,8.3,0.3,23.8405,27.5,Acetate,5.4,40.0,none,0.0,none,0.0,none,0.0,none,0.0,1.0,1.0,1.0885713086080622,1.0885713086080622,1.0885713086080622,1.0583935478312008,0.9723822176310494,
171.0_p3conc_31.2_i16,Bevacizumab,mAb_IgG1,3.0,149.0,8.3,0.3,31.2129,27.5,Acetate,5.4,40.0,none,0.0,none,0.0,none,0.0,none,0.0,1.0,1.0,1.181507156385895,1.181507156385895,1.181507156385895,1.0523086681749492,1.0310895845417194,
171.0_p3conc_37.5_i17,Bevacizumab,mAb_IgG1,3.0,149.0,8.3,0.3,37.5038,27.5,Acetate,5.4,40.0,none,0.0,none,0.0,none,0.0,none,0.0,1.0,1.0,1.2646993169534622,1.2646993169534622,1.2393220734447419,1.2081427250006038,1.0336139703680796,
171.0_p3conc_44.0_i18,Bevacizumab,mAb_IgG1,3.0,149.0,8.3,0.3,44.032,27.5,Acetate,5.4,40.0,none,0.0,none,0.0,none,0.0,none,0.0,1.0,1.0,1.4066222465718492,1.370477579920591,1.2306110696936408,1.1744599064762218,1.052895647864857,
171.0_p3conc_59.0_i19,Bevacizumab,mAb_IgG1,3.0,149.0,8.3,0.3,58.9976,27.5,Acetate,5.4,40.0,none,0.0,none,0.0,none,0.0,none,0.0,1.0,1.0,1.532922156748021,1.4004452883871552,1.4004452883871552,1.4004452883871552,1.178452373765606,
171.0_p3conc_62.1_i20,Bevacizumab,mAb_IgG1,3.0,149.0,8.3,0.3,62.1156,27.5,Acetate,5.4,40.0,none,0.0,none,0.0,none,0.0,none,0.0,1.0,1.0,1.5437791619443832,1.4524171552585523,1.4524171552585523,1.3635553689984927,1.180999919893452,
171.0_p3conc_87.6_i21,Bevacizumab,mAb_IgG1,3.0,149.0,8.3,0.3,87.6264,27.5,Acetate,5.4,40.0,none,0.0,none,0.0,none,0.0,none,0.0,1.0,1.0,1.9134479678086653,1.9016193453864003,1.894705094346296,1.6231387405696691,1.3265287466717155,
171.0_p3conc_92.8_i22,Bevacizumab,mAb_IgG1,3.0,149.0,8.3,0.3,92.8098,27.5,Acetate,5.4,40.0,none,0.0,none,0.0,none,0.0,none,0.0,1.0,1.0,1.97758363771006,1.8560491972865454,1.8560491972865454,1.774425528651013,1.2981088684292013,
171.0_p3conc_123.6_i23,Bevacizumab,mAb_IgG1,3.0,149.0,8.3,0.3,123.6141,27.5,Acetate,5.4,40.0,none,0.0,none,0.0,none,0.0,none,0.0,1.0,1.0,2.705894013240997,2.705894013240997,2.42256889782802,2.307609035136854,1.5715255500563632,
171.0_p3conc_155.8_i24,Bevacizumab,mAb_IgG1,3.0,149.0,8.3,0.3,155.8389,27.5,Acetate,5.4,40.0,none,0.0,none,0.0,none,0.0,none,0.0,1.0,1.0,3.4344112947524614,3.292675949698663,3.292675949698663,2.774626977532763,1.7620792205756142,
171.0_p3conc_166.3_i25,Bevacizumab,mAb_IgG1,3.0,149.0,8.3,0.3,166.3405,27.5,Acetate,5.4,40.0,none,0.0,none,0.0,none,0.0,none,0.0,1.0,1.0,3.4892427004009523,3.4421450707155477,3.4421450707155477,3.0117476813562276,1.9764972633499205,
171.0_p3conc_174.4_i26,Bevacizumab,mAb_IgG1,3.0,149.0,8.3,0.3,174.3821,27.5,Acetate,5.4,40.0,none,0.0,none,0.0,none,0.0,none,0.0,1.0,1.0,3.9192025906686716,3.736090660220756,3.736090660220756,3.274458299861451,1.9450671142735283,
171.0_p3conc_177.6_i27,Bevacizumab,mAb_IgG1,3.0,149.0,8.3,0.3,177.5501,27.5,Acetate,5.4,40.0,none,0.0,none,0.0,none,0.0,none,0.0,1.0,1.0,4.074327814990444,3.8518964766933452,3.8518964766933452,3.1094143158438348,2.1172212978212155,
171.0_p3conc_189.5_i28,Bevacizumab,mAb_IgG1,3.0,149.0,8.3,0.3,189.5152,27.5,Acetate,5.4,40.0,none,0.0,none,0.0,none,0.0,none,0.0,1.0,1.0,4.6407133152182,4.377231009372436,4.377231009372436,3.369735556068219,1.9947025935482599,
171.0_p3conc_202.3_i29,Bevacizumab,mAb_IgG1,3.0,149.0,8.3,0.3,202.2865,27.5,Acetate,5.4,40.0,none,0.0,none,0.0,none,0.0,none,0.0,1.0,1.0,4.795682341085266,4.795682341085266,4.795682341085266,3.8093736107103764,2.2245695747330623,
171.0_p3conc_215.9_i30,Bevacizumab,mAb_IgG1,3.0,149.0,8.3,0.3,215.9186,27.5,Acetate,5.4,40.0,none,0.0,none,0.0,none,0.0,none,0.0,1.0,1.0,5.843948860958211,5.614562398947926,5.614562398947926,3.839883452913198,2.0023152171468097,
171.0_p3conc_230.5_i31,Bevacizumab,mAb_IgG1,3.0,149.0,8.3,0.3,230.4687,27.5,Acetate,5.4,40.0,none,0.0,none,0.0,none,0.0,none,0.0,1.0,1.0,6.414115724955299,5.928785221029356,5.928785221029356,4.554963132387652,2.755663960233493,
173.0_p3conc_1.4_i0,Bevacizumab,mAb_IgG1,3.0,149.0,8.3,0.3,1.3926,27.5,Histidine,6.2,11.5,none,0.0,none,0.0,none,0.0,none,0.0,1.0,1.0,0.9313623161182033,0.9210209195409776,0.9210209195409776,0.9210209195409776,0.91,
173.0_p3conc_1.8_i1,Bevacizumab,mAb_IgG1,3.0,149.0,8.3,0.3,1.7783,27.5,Histidine,6.2,11.5,none,0.0,none,0.0,none,0.0,none,0.0,1.0,1.0,0.9651372517090332,0.91,0.91,0.91,0.91,
173.0_p3conc_1.9_i2,Bevacizumab,mAb_IgG1,3.0,149.0,8.3,0.3,1.9392,27.5,Histidine,6.2,11.5,none,0.0,none,0.0,none,0.0,none,0.0,1.0,1.0,0.9286898785746471,0.9286898785746471,0.91,0.91,0.91,
173.0_p3conc_2.7_i3,Bevacizumab,mAb_IgG1,3.0,149.0,8.3,0.3,2.7005,27.5,Histidine,6.2,11.5,none,0.0,none,0.0,none,0.0,none,0.0,1.0,1.0,0.9435077705895852,0.9352429060671928,0.91,0.91,0.91,
173.0_p3conc_3.2_i4,Bevacizumab,mAb_IgG1,3.0,149.0,8.3,0.3,3.1623,27.5,Histidine,6.2,11.5,none,0.0,none,0.0,none,0.0,none,0.0,1.0,1.0,0.9320784011432094,0.9320784011432094,0.9241380808032342,0.91,0.91,
173.0_p3conc_3.8_i5,Bevacizumab,mAb_IgG1,3.0,149.0,8.3,0.3,3.7606,27.5,Histidine,6.2,11.5,none,0.0,none,0.0,none,0.0,none,0.0,1.0,1.0,0.963192342645148,0.963192342645148,0.91,0.91,0.91,
173.0_p3conc_5.2_i6,Bevacizumab,mAb_IgG1,3.0,149.0,8.3,0.3,5.2369,27.5,Histidine,6.2,11.5,none,0.0,none,0.0,none,0.0,none,0.0,1.0,1.0,0.9651765330584938,0.9651765330584938,0.91,0.91,0.91,
173.0_p3conc_5.6_i7,Bevacizumab,mAb_IgG1,3.0,149.0,8.3,0.3,5.6234,27.5,Histidine,6.2,11.5,none,0.0,none,0.0,none,0.0,none,0.0,1.0,1.0,0.9321069341762348,0.9321069341762348,0.9321069341762348,0.9321069341762348,0.9321069341762348,
173.0_p3conc_7.3_i8,Bevacizumab,mAb_IgG1,3.0,149.0,8.3,0.3,7.2927,27.5,Histidine,6.2,11.5,none,0.0,none,0.0,none,0.0,none,0.0,1.0,1.0,0.9876969602535213,0.9765764301978667,0.9192719828422069,0.9192719828422069,0.9192719828422069,
173.0_p3conc_10.0_i9,Bevacizumab,mAb_IgG1,3.0,149.0,8.3,0.3,10.0,27.5,Histidine,6.2,11.5,none,0.0,none,0.0,none,0.0,none,0.0,1.0,1.0,1.0340942670155453,0.9698785474258554,0.9698785474258554,0.9698785474258554,0.91,
173.0_p3conc_10.2_i10,Bevacizumab,mAb_IgG1,3.0,149.0,8.3,0.3,10.1555,27.5,Histidine,6.2,11.5,none,0.0,none,0.0,none,0.0,none,0.0,1.0,1.0,0.9412925058487028,0.9412925058487028,0.9412925058487028,0.9412925058487028,0.91,
173.0_p3conc_14.1_i11,Bevacizumab,mAb_IgG1,3.0,149.0,8.3,0.3,14.1421,27.5,Histidine,6.2,11.5,none,0.0,none,0.0,none,0.0,none,0.0,1.0,1.0,1.0286925840312031,1.0286925840312031,1.0154536445829292,1.0154536445829292,1.0115078867684266,
173.0_p3conc_17.8_i12,Bevacizumab,mAb_IgG1,3.0,149.0,8.3,0.3,17.7828,27.5,Histidine,6.2,11.5,none,0.0,none,0.0,none,0.0,none,0.0,1.0,1.0,1.1704115552063048,1.1590462546588005,1.0207350643189967,1.002103806416097,0.9302924984991835,
173.0_p3conc_19.7_i13,Bevacizumab,mAb_IgG1,3.0,149.0,8.3,0.3,19.6938,27.5,Histidine,6.2,11.5,none,0.0,none,0.0,none,0.0,none,0.0,1.0,1.0,1.2151916870294768,1.0941751103476551,1.027580104548225,1.027580104548225,0.9763289189415909,
173.0_p3conc_27.4_i14,Bevacizumab,mAb_IgG1,3.0,149.0,8.3,0.3,27.4248,27.5,Histidine,6.2,11.5,none,0.0,none,0.0,none,0.0,none,0.0,1.0,1.0,1.271245605803091,1.2378817882251305,1.1283782882806106,1.1283782882806106,0.9912750136194876,
173.0_p3conc_31.6_i15,Bevacizumab,mAb_IgG1,3.0,149.0,8.3,0.3,31.6228,27.5,Histidine,6.2,11.5,none,0.0,none,0.0,none,0.0,none,0.0,1.0,1.0,1.3120436205351167,1.3120436205351167,1.1848230413445286,1.171285782248706,1.0684264247075612,
173.0_p3conc_38.2_i16,Bevacizumab,mAb_IgG1,3.0,149.0,8.3,0.3,38.1907,27.5,Histidine,6.2,11.5,none,0.0,none,0.0,none,0.0,none,0.0,1.0,1.0,1.3761679354316572,1.3563311012462624,1.3333359774815552,1.3333359774815552,1.1000973820578421,
173.0_p3conc_53.2_i17,Bevacizumab,mAb_IgG1,3.0,149.0,8.3,0.3,53.1829,27.5,Histidine,6.2,11.5,none,0.0,none,0.0,none,0.0,none,0.0,1.0,1.0,1.7563300647091489,1.673593125455798,1.4280938179571376,1.4280938179571376,1.1404058389751952,
173.0_p3conc_56.2_i18,Bevacizumab,mAb_IgG1,3.0,149.0,8.3,0.3,56.2341,27.5,Histidine,6.2,11.5,none,0.0,none,0.0,none,0.0,none,0.0,1.0,1.0,1.8102128569130287,1.6990856508057721,1.5722198575289617,1.4827711526851546,1.1603606390013588,
173.0_p3conc_74.1_i19,Bevacizumab,mAb_IgG1,3.0,149.0,8.3,0.3,74.0606,27.5,Histidine,6.2,11.5,none,0.0,none,0.0,none,0.0,none,0.0,1.0,1.0,2.094428652008008,2.0335496834453197,1.954014452046703,1.7952400026243172,1.2493676850265867,
173.0_p3conc_109.1_i20,Bevacizumab,mAb_IgG1,3.0,149.0,8.3,0.3,109.0508,27.5,Histidine,6.2,11.5,none,0.0,none,0.0,none,0.0,none,0.0,1.0,1.0,3.7041277131303465,2.869100740202952,2.4352700444261544,2.4352700444261544,1.4593220045687274,
173.0_p3conc_118.9_i21,Bevacizumab,mAb_IgG1,3.0,149.0,8.3,0.3,118.9206,27.5,Histidine,6.2,11.5,none,0.0,none,0.0,none,0.0,none,0.0,1.0,1.0,3.7856045918416306,3.2286293139257936,2.8758559004605235,2.7283715961958173,1.4454185320397637,
173.0_p3conc_129.7_i22,Bevacizumab,mAb_IgG1,3.0,149.0,8.3,0.3,129.6839,27.5,Histidine,6.2,11.5,none,0.0,none,0.0,none,0.0,none,0.0,1.0,1.0,4.336431998458414,3.790362162279154,3.160300208920256,2.787156664342913,1.6875729386814056,
173.0_p3conc_141.4_i23,Bevacizumab,mAb_IgG1,3.0,149.0,8.3,0.3,141.4214,27.5,Histidine,6.2,11.5,none,0.0,none,0.0,none,0.0,none,0.0,1.0,1.0,5.252431410496552,4.317755427956255,3.4604336830739153,3.2448874469136744,1.6174785805837761,
173.0_p3conc_143.6_i24,Bevacizumab,mAb_IgG1,3.0,149.0,8.3,0.3,143.6204,27.5,Histidine,6.2,11.5,none,0.0,none,0.0,none,0.0,none,0.0,1.0,1.0,5.0676982794195675,4.444464546311058,3.8447513157382165,3.4797654799873463,1.76706853863104,
173.0_p3conc_154.2_i25,Bevacizumab,mAb_IgG1,3.0,149.0,8.3,0.3,154.2212,27.5,Histidine,6.2,11.5,none,0.0,none,0.0,none,0.0,none,0.0,1.0,1.0,5.986447341516046,4.813667866011732,3.9436681201139994,3.836341941659167,1.6727383694681621,
173.0_p3conc_168.2_i26,Bevacizumab,mAb_IgG1,3.0,149.0,8.3,0.3,168.1791,27.5,Histidine,6.2,11.5,none,0.0,none,0.0,none,0.0,none,0.0,1.0,1.0,7.183833153550137,6.5949701823919264,4.743049628755682,4.445738470820478,1.9025550177975463,
173.0_p3conc_183.4_i27,Bevacizumab,mAb_IgG1,3.0,149.0,8.3,0.3,183.4007,27.5,Histidine,6.2,11.5,none,0.0,none,0.0,none,0.0,none,0.0,1.0,1.0,8.780613546537479,6.79974221379256,5.421121471291799,4.930608189015449,2.0395478828757505,
172.0_p3conc_1.4_i0,Bevacizumab,mAb_IgG1,3.0,149.0,8.3,0.3,1.407,27.5,Histidine,6.3,11.0,none,0.0,none,0.0,none,0.0,none,0.0,1.0,1.0,0.9705550521948392,0.91,0.91,0.91,0.91,
172.0_p3conc_1.6_i1,Bevacizumab,mAb_IgG1,3.0,149.0,8.3,0.3,1.6344,27.5,Histidine,6.3,11.0,none,0.0,none,0.0,none,0.0,none,0.0,1.0,1.0,0.9250503695548891,0.91,0.91,0.91,0.91,
172.0_p3conc_2.0_i2,Bevacizumab,mAb_IgG1,3.0,149.0,8.3,0.3,1.9798,27.5,Histidine,6.3,11.0,none,0.0,none,0.0,none,0.0,none,0.0,1.0,1.0,0.91,0.91,0.91,0.91,0.91,
172.0_p3conc_2.7_i3,Bevacizumab,mAb_IgG1,3.0,149.0,8.3,0.3,2.6712,27.5,Histidine,6.3,11.0,none,0.0,none,0.0,none,0.0,none,0.0,1.0,1.0,0.91,0.91,0.91,0.91,0.91,
172.0_p3conc_2.8_i4,Bevacizumab,mAb_IgG1,3.0,149.0,8.3,0.3,2.7856,27.5,Histidine,6.3,11.0,none,0.0,none,0.0,none,0.0,none,0.0,1.0,1.0,0.9387704978364984,0.9387704978364984,0.91,0.91,0.91,
172.0_p3conc_3.9_i5,Bevacizumab,mAb_IgG1,3.0,149.0,8.3,0.3,3.9195,27.5,Histidine,6.3,11.0,none,0.0,none,0.0,none,0.0,none,0.0,1.0,1.0,1.0161778034858469,1.0161778034858469,1.0157211572419773,0.9215562873370388,0.91,
172.0_p3conc_4.4_i6,Bevacizumab,mAb_IgG1,3.0,149.0,8.3,0.3,4.3658,27.5,Histidine,6.3,11.0,none,0.0,none,0.0,none,0.0,none,0.0,1.0,1.0,0.91,0.91,0.91,0.91,0.91,
172.0_p3conc_5.5_i7,Bevacizumab,mAb_IgG1,3.0,149.0,8.3,0.3,5.5149,27.5,Histidine,6.3,11.0,none,0.0,none,0.0,none,0.0,none,0.0,1.0,1.0,0.9593761543690165,0.9112633897424864,0.91,0.91,0.91,
172.0_p3conc_7.1_i8,Bevacizumab,mAb_IgG1,3.0,149.0,8.3,0.3,7.1354,27.5,Histidine,6.3,11.0,none,0.0,none,0.0,none,0.0,none,0.0,1.0,1.0,0.9814821703206867,0.9190789727102574,0.9190789727102574,0.9190789727102574,0.91,
172.0_p3conc_7.8_i9,Bevacizumab,mAb_IgG1,3.0,149.0,8.3,0.3,7.7596,27.5,Histidine,6.3,11.0,none,0.0,none,0.0,none,0.0,none,0.0,1.0,1.0,0.9351949478260345,0.9351949478260345,0.9351949478260345,0.9351949478260345,0.9351949478260345,
172.0_p3conc_10.9_i10,Bevacizumab,mAb_IgG1,3.0,149.0,8.3,0.3,10.9181,27.5,Histidine,6.3,11.0,none,0.0,none,0.0,none,0.0,none,0.0,1.0,1.0,0.9766246472093992,0.9766246472093992,0.9766246472093992,0.9466810799856616,0.911946837603272,
172.0_p3conc_11.7_i11,Bevacizumab,mAb_IgG1,3.0,149.0,8.3,0.3,11.6619,27.5,Histidine,6.3,11.0,none,0.0,none,0.0,none,0.0,none,0.0,1.0,1.0,1.0387697310584485,1.0387697310584485,1.0272797204796034,1.0272797204796034,0.9307310480720112,
172.0_p3conc_15.4_i12,Bevacizumab,mAb_IgG1,3.0,149.0,8.3,0.3,15.3623,27.5,Histidine,6.3,11.0,none,0.0,none,0.0,none,0.0,none,0.0,1.0,1.0,1.1247526470269877,0.9989717023302586,0.9850096701262079,0.9328037154775755,0.9328037154775755,
172.0_p3conc_19.1_i13,Bevacizumab,mAb_IgG1,3.0,149.0,8.3,0.3,19.06,27.5,Histidine,6.3,11.0,none,0.0,none,0.0,none,0.0,none,0.0,1.0,1.0,1.0533344273743233,1.0533344273743233,1.0533344273743233,0.9839198137687118,0.9685271287653606,
172.0_p3conc_21.6_i14,Bevacizumab,mAb_IgG1,3.0,149.0,8.3,0.3,21.6154,27.5,Histidine,6.3,11.0,none,0.0,none,0.0,none,0.0,none,0.0,1.0,1.0,1.085488993456578,1.0175014098948019,1.0175014098948019,1.0175014098948019,1.0175014098948019,
172.0_p3conc_30.4_i15,Bevacizumab,mAb_IgG1,3.0,149.0,8.3,0.3,30.4138,27.5,Histidine,6.3,11.0,none,0.0,none,0.0,none,0.0,none,0.0,1.0,1.0,1.2098722441953953,1.2098722441953953,1.0989980428128265,1.0989980428128265,1.0989980428128265,
172.0_p3conc_31.2_i16,Bevacizumab,mAb_IgG1,3.0,149.0,8.3,0.3,31.1514,27.5,Histidine,6.3,11.0,none,0.0,none,0.0,none,0.0,none,0.0,1.0,1.0,1.101411273493235,1.101411273493235,1.101411273493235,1.101411273493235,1.00873967020268,
172.0_p3conc_42.8_i17,Bevacizumab,mAb_IgG1,3.0,149.0,8.3,0.3,42.7934,27.5,Histidine,6.3,11.0,none,0.0,none,0.0,none,0.0,none,0.0,1.0,1.0,1.3281609073648268,1.3104276896380709,1.3104276896380709,1.3082505894647654,1.0578930652218945,
172.0_p3conc_50.9_i18,Bevacizumab,mAb_IgG1,3.0,149.0,8.3,0.3,50.9133,27.5,Histidine,6.3,11.0,none,0.0,none,0.0,none,0.0,none,0.0,1.0,1.0,1.5221864723662948,1.4022259713936773,1.3552635708941687,1.3552635708941687,1.1857791940117945,
172.0_p3conc_60.2_i19,Bevacizumab,mAb_IgG1,3.0,149.0,8.3,0.3,60.2121,27.5,Histidine,6.3,11.0,none,0.0,none,0.0,none,0.0,none,0.0,1.0,1.0,1.6495851771556556,1.4928995893372987,1.4928995893372987,1.4619525145451793,1.1868018348509168,
172.0_p3conc_83.2_i20,Bevacizumab,mAb_IgG1,3.0,149.0,8.3,0.3,83.2118,27.5,Histidine,6.3,11.0,none,0.0,none,0.0,none,0.0,none,0.0,1.0,1.0,1.8732796820997508,1.8732796820997508,1.8096123016490016,1.8096123016490016,1.4090345783184595,
172.0_p3conc_84.7_i21,Bevacizumab,mAb_IgG1,3.0,149.0,8.3,0.3,84.721,27.5,Histidine,6.3,11.0,none,0.0,none,0.0,none,0.0,none,0.0,1.0,1.0,2.0526212566100988,2.0526212566100988,1.9007301596341224,1.7465918481149991,1.41415743095339,
172.0_p3conc_119.2_i22,Bevacizumab,mAb_IgG1,3.0,149.0,8.3,0.3,119.206,27.5,Histidine,6.3,11.0,none,0.0,none,0.0,none,0.0,none,0.0,1.0,1.0,2.790438474871994,2.7268342127984067,2.370051903590692,2.1654335363491843,1.5999258478972824,
172.0_p3conc_145.7_i23,Bevacizumab,mAb_IgG1,3.0,149.0,8.3,0.3,145.7005,27.5,Histidine,6.3,11.0,none,0.0,none,0.0,none,0.0,none,0.0,1.0,1.0,3.6952797705977427,3.6209452425811115,3.1538697105723585,2.4123073414577254,1.6941929825619968,
172.0_p3conc_156.1_i24,Bevacizumab,mAb_IgG1,3.0,149.0,8.3,0.3,156.0925,27.5,Histidine,6.3,11.0,none,0.0,none,0.0,none,0.0,none,0.0,1.0,1.0,3.8458995759308574,3.844379545233248,3.6440598463547604,3.125567026033105,1.8257196869075543,
172.0_p3conc_167.2_i25,Bevacizumab,mAb_IgG1,3.0,149.0,8.3,0.3,167.2261,27.5,Histidine,6.3,11.0,none,0.0,none,0.0,none,0.0,none,0.0,1.0,1.0,4.286695164734699,4.278315426945192,3.927070704228266,2.980356168242255,1.9182179304945042,
172.0_p3conc_167.7_i26,Bevacizumab,mAb_IgG1,3.0,149.0,8.3,0.3,167.7278,27.5,Histidine,6.3,11.0,none,0.0,none,0.0,none,0.0,none,0.0,1.0,1.0,4.441381153542243,4.3923356462080365,4.005354695578856,3.170399859353197,1.7620825184983453,
172.0_p3conc_179.2_i27,Bevacizumab,mAb_IgG1,3.0,149.0,8.3,0.3,179.1534,27.5,Histidine,6.3,11.0,none,0.0,none,0.0,none,0.0,none,0.0,1.0,1.0,4.986566092832884,4.6950895447914505,4.121460647468151,3.212942667472527,2.052249443271774,
172.0_p3conc_191.9_i28,Bevacizumab,mAb_IgG1,3.0,149.0,8.3,0.3,191.9318,27.5,Histidine,6.3,11.0,none,0.0,none,0.0,none,0.0,none,0.0,1.0,1.0,5.403660778078452,5.052428783837294,4.956262507300733,3.4760072171939163,2.1432210258493174,
172.0_p3conc_205.6_i29,Bevacizumab,mAb_IgG1,3.0,149.0,8.3,0.3,205.6217,27.5,Histidine,6.3,11.0,none,0.0,none,0.0,none,0.0,none,0.0,1.0,1.0,6.276240271148835,6.276240271148835,5.933642430623742,3.8581242293900306,2.257849345339861,
172.0_p3conc_220.3_i30,Bevacizumab,mAb_IgG1,3.0,149.0,8.3,0.3,220.2876,27.5,Histidine,6.3,11.0,none,0.0,none,0.0,none,0.0,none,0.0,1.0,1.0,7.033481416013486,7.033481416013486,6.277824237350071,4.503375313621875,2.3674875976432515,
403.0_p3conc_1.4_i0,Etanercept,Fc-Fusion,4.5,150.0,7.4,0.6,1.3706,25.0,Acetate,5.0,20.0,none,0.0,none,0.0,none,0.0,none,0.0,1.4,1.5,0.91,0.91,0.91,0.91,0.91,
403.0_p3conc_1.9_i1,Etanercept,Fc-Fusion,4.5,150.0,7.4,0.6,1.8784,25.0,Acetate,5.0,20.0,none,0.0,none,0.0,none,0.0,none,0.0,1.4,1.5,0.91,0.91,0.91,0.91,0.91,
403.0_p3conc_2.6_i2,Etanercept,Fc-Fusion,4.5,150.0,7.4,0.6,2.5745,25.0,Acetate,5.0,20.0,none,0.0,none,0.0,none,0.0,none,0.0,1.4,1.5,0.91,0.91,0.91,0.91,0.91,
403.0_p3conc_3.5_i3,Etanercept,Fc-Fusion,4.5,150.0,7.4,0.6,3.5284,25.0,Acetate,5.0,20.0,none,0.0,none,0.0,none,0.0,none,0.0,1.4,1.5,0.9436129755166767,0.9258234854129324,0.9258234854129324,0.9258234854129324,0.9258234854129324,
403.0_p3conc_4.8_i4,Etanercept,Fc-Fusion,4.5,150.0,7.4,0.6,4.8359,25.0,Acetate,5.0,20.0,none,0.0,none,0.0,none,0.0,none,0.0,1.4,1.5,0.9760658695481728,0.9185376629313453,0.9185376629313453,0.9185376629313453,0.9185376629313453,
403.0_p3conc_6.6_i5,Etanercept,Fc-Fusion,4.5,150.0,7.4,0.6,6.6279,25.0,Acetate,5.0,20.0,none,0.0,none,0.0,none,0.0,none,0.0,1.4,1.5,1.1231653188736737,1.1042889312848636,1.0859505625617902,1.0815317145045065,1.0815317145045065,
403.0_p3conc_9.1_i6,Etanercept,Fc-Fusion,4.5,150.0,7.4,0.6,9.0839,25.0,Acetate,5.0,20.0,none,0.0,none,0.0,none,0.0,none,0.0,1.4,1.5,1.187696484459388,1.0681658430222427,1.0681658430222427,1.0681658430222427,1.0681658430222427,
403.0_p3conc_12.4_i7,Etanercept,Fc-Fusion,4.5,150.0,7.4,0.6,12.4499,25.0,Acetate,5.0,20.0,none,0.0,none,0.0,none,0.0,none,0.0,1.4,1.5,1.342098483285889,1.3012995353726249,1.3012995353726249,1.3012995353726249,1.3012995353726249,
403.0_p3conc_17.1_i8,Etanercept,Fc-Fusion,4.5,150.0,7.4,0.6,17.0633,25.0,Acetate,5.0,20.0,none,0.0,none,0.0,none,0.0,none,0.0,1.4,1.5,1.643748538526511,1.4625988827961809,1.4625988827961809,1.4625988827961809,1.4625988827961809,
403.0_p3conc_23.4_i9,Etanercept,Fc-Fusion,4.5,150.0,7.4,0.6,23.3861,25.0,Acetate,5.0,20.0,none,0.0,none,0.0,none,0.0,none,0.0,1.4,1.5,1.8658232298217594,1.8648991916897075,1.7318842188884431,1.6927174553804303,1.6927174553804303,
403.0_p3conc_28.0_i10,Etanercept,Fc-Fusion,4.5,150.0,7.4,0.6,28.0204,25.0,Acetate,5.0,20.0,none,0.0,none,0.0,none,0.0,none,0.0,1.4,1.5,2.0547456000786006,2.0547456000786006,1.8590107020454578,1.8590107020454578,1.6497262576636702,
403.0_p3conc_32.1_i11,Etanercept,Fc-Fusion,4.5,150.0,7.4,0.6,32.0518,25.0,Acetate,5.0,20.0,none,0.0,none,0.0,none,0.0,none,0.0,1.4,1.5,2.4212542174809113,2.0899457162122013,2.0899457162122013,2.037550083827634,1.7093899342275123,
398.0_p3conc_39.3_i12,Etanercept,Fc-Fusion,4.5,150.0,7.4,0.6,39.2571,25.0,Acetate,5.0,20.0,none,0.0,none,0.0,none,0.0,none,0.0,1.4,1.5,2.7919743765553124,2.7919743765553124,2.5209843724174745,2.3471427456803005,1.6814685884978635,
398.0_p3conc_43.9_i13,Etanercept,Fc-Fusion,4.5,150.0,7.4,0.6,43.9288,25.0,Acetate,5.0,20.0,none,0.0,none,0.0,none,0.0,none,0.0,1.4,1.5,3.1739033973922055,3.081752880165212,2.921723612267373,2.5062648041463453,1.720251668503113,
398.0_p3conc_60.2_i14,Etanercept,Fc-Fusion,4.5,150.0,7.4,0.6,60.2067,25.0,Acetate,5.0,20.0,none,0.0,none,0.0,none,0.0,none,0.0,1.4,1.5,5.533120396523461,5.195333325837398,3.5220271878282547,3.364174126589722,1.8671804341804996,
398.0_p3conc_62.6_i15,Etanercept,Fc-Fusion,4.5,150.0,7.4,0.6,62.605,25.0,Acetate,5.0,20.0,none,0.0,none,0.0,none,0.0,none,0.0,1.4,1.5,5.432161437276366,5.432161437276366,3.5422039711762685,3.4093763237825705,1.7872219191536547,
398.0_p3conc_71.3_i16,Etanercept,Fc-Fusion,4.5,150.0,7.4,0.6,71.2615,25.0,Acetate,5.0,20.0,none,0.0,none,0.0,none,0.0,none,0.0,1.4,1.5,7.098419694758996,7.098419694758996,4.2678804035170215,4.052462209263326,1.9152868333434203,
398.0_p3conc_81.1_i17,Etanercept,Fc-Fusion,4.5,150.0,7.4,0.6,81.115,25.0,Acetate,5.0,20.0,none,0.0,none,0.0,none,0.0,none,0.0,1.4,1.5,9.362730543501435,9.362730543501435,5.664691275137966,5.071471413038602,1.7466773533963758,
398.0_p3conc_82.5_i18,Etanercept,Fc-Fusion,4.5,150.0,7.4,0.6,82.5163,25.0,Acetate,5.0,20.0,none,0.0,none,0.0,none,0.0,none,0.0,1.4,1.5,10.180271504407209,10.180271504407209,5.664173842266211,4.3851228930204895,1.9215710805683452,
398.0_p3conc_92.3_i19,Etanercept,Fc-Fusion,4.5,150.0,7.4,0.6,92.3309,25.0,Acetate,5.0,20.0,none,0.0,none,0.0,none,0.0,none,0.0,1.4,1.5,14.659500699327445,13.74249813012569,6.59127682922617,5.697375842703205,2.089037365638477,
398.0_p3conc_105.1_i20,Etanercept,Fc-Fusion,4.5,150.0,7.4,0.6,105.0976,25.0,Acetate,5.0,20.0,none,0.0,none,0.0,none,0.0,none,0.0,1.4,1.5,20.701714912571976,20.445964626401544,9.047414469130123,7.07162065441826,1.9712077050952077,
398.0_p3conc_113.1_i21,Etanercept,Fc-Fusion,4.5,150.0,7.4,0.6,113.0931,25.0,Acetate,5.0,20.0,none,0.0,none,0.0,none,0.0,none,0.0,1.4,1.5,24.989199554848934,24.989199554848934,11.177450742094114,8.825408732421073,1.902158396905111,
398.0_p3conc_119.6_i22,Etanercept,Fc-Fusion,4.5,150.0,7.4,0.6,119.6297,25.0,Acetate,5.0,20.0,none,0.0,none,0.0,none,0.0,none,0.0,1.4,1.5,30.67422048948423,30.67422048948423,12.211301532309529,9.127409995725472,2.36148335185645,
398.0_p3conc_136.2_i23,Etanercept,Fc-Fusion,4.5,150.0,7.4,0.6,136.1714,25.0,Acetate,5.0,20.0,none,0.0,none,0.0,none,0.0,none,0.0,1.4,1.5,46.42485907634701,46.42485907634701,16.646749599878085,13.82600618594863,2.072870940582147,
412.0_p3conc_1.4_i0,Etanercept,Fc-Fusion,4.5,150.0,7.4,0.6,1.3706,25.0,Histidine,6.0,29.5,none,0.0,none,0.0,none,0.0,none,0.0,1.4,1.5,0.9115941678193924,0.9115941678193924,0.9115941678193924,0.91,0.91,
412.0_p3conc_1.9_i1,Etanercept,Fc-Fusion,4.5,150.0,7.4,0.6,1.8784,25.0,Histidine,6.0,29.5,none,0.0,none,0.0,none,0.0,none,0.0,1.4,1.5,0.9525654839416294,0.9525654839416294,0.9525654839416294,0.9434043774400201,0.9349399997723239,
412.0_p3conc_2.2_i2,Etanercept,Fc-Fusion,4.5,150.0,7.4,0.6,2.2288,25.0,Histidine,6.0,29.5,none,0.0,none,0.0,none,0.0,none,0.0,1.4,1.5,0.962658378640999,0.962658378640999,0.945576081297433,0.9383002437723681,0.9383002437723681,
412.0_p3conc_2.6_i3,Etanercept,Fc-Fusion,4.5,150.0,7.4,0.6,2.5745,25.0,Histidine,6.0,29.5,none,0.0,none,0.0,none,0.0,none,0.0,1.4,1.5,1.0355730215574226,0.91,0.91,0.91,0.91,
412.0_p3conc_3.5_i4,Etanercept,Fc-Fusion,4.5,150.0,7.4,0.6,3.5284,25.0,Histidine,6.0,29.5,none,0.0,none,0.0,none,0.0,none,0.0,1.4,1.5,1.0198816726048974,1.0163295469475044,0.97453682160719,0.91,0.91,
412.0_p3conc_4.8_i5,Etanercept,Fc-Fusion,4.5,150.0,7.4,0.6,4.8359,25.0,Histidine,6.0,29.5,none,0.0,none,0.0,none,0.0,none,0.0,1.4,1.5,1.096146194794607,0.91,0.91,0.91,0.91,
412.0_p3conc_5.0_i6,Etanercept,Fc-Fusion,4.5,150.0,7.4,0.6,4.9676,25.0,Histidine,6.0,29.5,none,0.0,none,0.0,none,0.0,none,0.0,1.4,1.5,1.047433796945912,0.9378102406525086,0.9378102406525086,0.9378102406525086,0.9378102406525086,
412.0_p3conc_6.6_i7,Etanercept,Fc-Fusion,4.5,150.0,7.4,0.6,6.6279,25.0,Histidine,6.0,29.5,none,0.0,none,0.0,none,0.0,none,0.0,1.4,1.5,1.0916112629121764,1.0909419261587938,1.0461917198572392,1.008388205572219,1.008388205572219,
412.0_p3conc_9.1_i8,Etanercept,Fc-Fusion,4.5,150.0,7.4,0.6,9.0839,25.0,Histidine,6.0,29.5,none,0.0,none,0.0,none,0.0,none,0.0,1.4,1.5,1.1685360699224145,1.1266877892894853,1.0946381689761433,1.0394797063034882,1.038336408988895,
412.0_p3conc_11.1_i9,Etanercept,Fc-Fusion,4.5,150.0,7.4,0.6,11.0718,25.0,Histidine,6.0,29.5,none,0.0,none,0.0,none,0.0,none,0.0,1.4,1.5,1.4041656491969714,1.2393367794172796,1.1386623855610098,1.1386623855610098,1.1386623855610098,
412.0_p3conc_12.4_i10,Etanercept,Fc-Fusion,4.5,150.0,7.4,0.6,12.4499,25.0,Histidine,6.0,29.5,none,0.0,none,0.0,none,0.0,none,0.0,1.4,1.5,1.3610061452524818,1.276958700253526,1.276958700253526,1.276958700253526,1.0608432153856164,
412.0_p3conc_17.1_i11,Etanercept,Fc-Fusion,4.5,150.0,7.4,0.6,17.0633,25.0,Histidine,6.0,29.5,none,0.0,none,0.0,none,0.0,none,0.0,1.4,1.5,1.569573535353321,1.5542346822576536,1.507716262263,1.3589110583761508,1.1373986795241395,
412.0_p3conc_23.4_i12,Etanercept,Fc-Fusion,4.5,150.0,7.4,0.6,23.3861,25.0,Histidine,6.0,29.5,none,0.0,none,0.0,none,0.0,none,0.0,1.4,1.5,2.2181603081493395,1.887924223913859,1.6865173061791414,1.5942279506106112,1.2093870985130135,
412.0_p3conc_24.7_i13,Etanercept,Fc-Fusion,4.5,150.0,7.4,0.6,24.6769,25.0,Histidine,6.0,29.5,none,0.0,none,0.0,none,0.0,none,0.0,1.4,1.5,2.2960871013670303,1.8960309332770138,1.7782042328182728,1.6401944517958509,1.3154881277163746,
412.0_p3conc_32.1_i14,Etanercept,Fc-Fusion,4.5,150.0,7.4,0.6,32.0518,25.0,Histidine,6.0,29.5,none,0.0,none,0.0,none,0.0,none,0.0,1.4,1.5,3.062633887107853,2.4879798081428497,2.2330800212796027,2.045147243297489,1.4993241530040027,
412.0_p3conc_43.9_i15,Etanercept,Fc-Fusion,4.5,150.0,7.4,0.6,43.9288,25.0,Histidine,6.0,29.5,none,0.0,none,0.0,none,0.0,none,0.0,1.4,1.5,4.512437202361845,3.500117568530191,3.1577891926862742,2.717877053236714,1.7394794476505415,
412.0_p3conc_60.2_i16,Etanercept,Fc-Fusion,4.5,150.0,7.4,0.6,60.2067,25.0,Histidine,6.0,29.5,none,0.0,none,0.0,none,0.0,none,0.0,1.4,1.5,8.356858298452455,6.437778780896154,5.335254502566916,3.848260982951551,2.3369846642360805,
412.0_p3conc_62.6_i17,Etanercept,Fc-Fusion,4.5,150.0,7.4,0.6,62.605,25.0,Histidine,6.0,29.5,none,0.0,none,0.0,none,0.0,none,0.0,1.4,1.5,9.365760543661356,6.45677619622366,5.513915469508015,4.469430113066241,2.40037589147885,
412.0_p3conc_71.3_i18,Etanercept,Fc-Fusion,4.5,150.0,7.4,0.6,71.2615,25.0,Histidine,6.0,29.5,none,0.0,none,0.0,none,0.0,none,0.0,1.4,1.5,12.878774819303828,8.739846587086095,7.127471713967439,5.280461638409238,2.740733049245784,
412.0_p3conc_81.1_i19,Etanercept,Fc-Fusion,4.5,150.0,7.4,0.6,81.115,25.0,Histidine,6.0,29.5,none,0.0,none,0.0,none,0.0,none,0.0,1.4,1.5,18.655701246529866,11.368477426787738,9.146220066988233,6.485897621936746,3.0052787181586207,
412.0_p3conc_82.5_i20,Etanercept,Fc-Fusion,4.5,150.0,7.4,0.6,82.5163,25.0,Histidine,6.0,29.5,none,0.0,none,0.0,none,0.0,none,0.0,1.4,1.5,18.52768471046802,11.405176268141608,9.710129634639943,6.986139072247858,3.1758113679678464,
412.0_p3conc_92.3_i21,Etanercept,Fc-Fusion,4.5,150.0,7.4,0.6,92.3309,25.0,Histidine,6.0,29.5,none,0.0,none,0.0,none,0.0,none,0.0,1.4,1.5,25.67298345326271,17.398565635473833,13.697881039509483,9.06608422943497,4.087320561221271,
412.0_p3conc_105.1_i22,Etanercept,Fc-Fusion,4.5,150.0,7.4,0.6,105.0976,25.0,Histidine,6.0,29.5,none,0.0,none,0.0,none,0.0,none,0.0,1.4,1.5,44.29739467534185,26.39385702848093,18.079843015789148,12.347855224094774,4.30204346828936,
412.0_p3conc_113.1_i23,Etanercept,Fc-Fusion,4.5,150.0,7.4,0.6,113.0931,25.0,Histidine,6.0,29.5,none,0.0,none,0.0,none,0.0,none,0.0,1.4,1.5,62.707752240649974,31.688548308354953,23.69169041841732,15.406932579379168,5.186874004607574,
412.0_p3conc_119.6_i24,Etanercept,Fc-Fusion,4.5,150.0,7.4,0.6,119.6297,25.0,Histidine,6.0,29.5,none,0.0,none,0.0,none,0.0,none,0.0,1.4,1.5,78.29957759767208,37.26528865836045,29.96644573633002,17.02864867505786,5.95930319086232,
412.0_p3conc_136.2_i25,Etanercept,Fc-Fusion,4.5,150.0,7.4,0.6,136.1714,25.0,Histidine,6.0,29.5,none,0.0,none,0.0,none,0.0,none,0.0,1.4,1.5,158.45119741624868,59.656919892187766,49.252352095948424,29.15233824456419,7.467564408762585,
415.0_p3conc_1.3_i0,Etanercept,Fc-Fusion,4.5,150.0,7.4,0.6,1.3488,25.0,Histidine,6.0,30.0,none,0.0,none,0.0,none,0.0,none,0.0,1.4,1.5,0.9387174095099878,0.9387174095099878,0.91,0.91,0.91,
415.0_p3conc_1.8_i1,Etanercept,Fc-Fusion,4.5,150.0,7.4,0.6,1.8193,25.0,Histidine,6.0,30.0,none,0.0,none,0.0,none,0.0,none,0.0,1.4,1.5,0.9233474780327523,0.9233474780327523,0.9233474780327523,0.9233474780327523,0.91,
415.0_p3conc_2.5_i2,Etanercept,Fc-Fusion,4.5,150.0,7.4,0.6,2.4538,25.0,Histidine,6.0,30.0,none,0.0,none,0.0,none,0.0,none,0.0,1.4,1.5,0.91,0.91,0.91,0.91,0.91,
415.0_p3conc_3.3_i3,Etanercept,Fc-Fusion,4.5,150.0,7.4,0.6,3.3097,25.0,Histidine,6.0,30.0,none,0.0,none,0.0,none,0.0,none,0.0,1.4,1.5,0.91,0.91,0.91,0.91,0.91,
415.0_p3conc_4.5_i4,Etanercept,Fc-Fusion,4.5,150.0,7.4,0.6,4.4642,25.0,Histidine,6.0,30.0,none,0.0,none,0.0,none,0.0,none,0.0,1.4,1.5,0.91,0.91,0.91,0.91,0.91,
415.0_p3conc_6.0_i5,Etanercept,Fc-Fusion,4.5,150.0,7.4,0.6,6.0213,25.0,Histidine,6.0,30.0,none,0.0,none,0.0,none,0.0,none,0.0,1.4,1.5,0.9966924856849946,0.9966924856849946,0.9918102951668494,0.91,0.91,
415.0_p3conc_8.1_i6,Etanercept,Fc-Fusion,4.5,150.0,7.4,0.6,8.1216,25.0,Histidine,6.0,30.0,none,0.0,none,0.0,none,0.0,none,0.0,1.4,1.5,0.9107699473670108,0.9107699473670108,0.9107699473670108,0.9107699473670108,0.9107699473670108,
415.0_p3conc_11.0_i7,Etanercept,Fc-Fusion,4.5,150.0,7.4,0.6,10.9545,25.0,Histidine,6.0,30.0,none,0.0,none,0.0,none,0.0,none,0.0,1.4,1.5,1.0284505175596392,0.9169890831305484,0.9169890831305484,0.91,0.91,
415.0_p3conc_14.8_i8,Etanercept,Fc-Fusion,4.5,150.0,7.4,0.6,14.7754,25.0,Histidine,6.0,30.0,none,0.0,none,0.0,none,0.0,none,0.0,1.4,1.5,1.0095586421197222,1.0095586421197222,0.9860474097932553,0.91,0.91,
415.0_p3conc_25.0_i9,Etanercept,Fc-Fusion,4.5,150.0,7.4,0.6,25.0207,25.0,Histidine,6.0,30.0,none,0.0,none,0.0,none,0.0,none,0.0,1.4,1.5,1.1036732916334635,1.1036732916334635,1.0858367146871313,0.9733542622021203,0.91,
415.0_p3conc_26.9_i10,Etanercept,Fc-Fusion,4.5,150.0,7.4,0.6,26.8805,25.0,Histidine,6.0,30.0,none,0.0,none,0.0,none,0.0,none,0.0,1.4,1.5,1.166114934513574,1.166114934513574,1.1479096050093514,0.91,0.91,
415.0_p3conc_31.3_i11,Etanercept,Fc-Fusion,4.5,150.0,7.4,0.6,31.3017,25.0,Histidine,6.0,30.0,none,0.0,none,0.0,none,0.0,none,0.0,1.4,1.5,1.2870329508341127,1.2770483785518716,1.2216342269583713,0.91,0.91,
415.0_p3conc_36.3_i12,Etanercept,Fc-Fusion,4.5,150.0,7.4,0.6,36.2565,25.0,Histidine,6.0,30.0,none,0.0,none,0.0,none,0.0,none,0.0,1.4,1.5,1.3516077275491003,1.2399849430192098,1.2399849430192098,0.91,0.91,
415.0_p3conc_39.2_i13,Etanercept,Fc-Fusion,4.5,150.0,7.4,0.6,39.1595,25.0,Histidine,6.0,30.0,none,0.0,none,0.0,none,0.0,none,0.0,1.4,1.5,1.2584773173265038,1.2584773173265038,1.2584773173265038,0.9140813901857311,0.91,
415.0_p3conc_48.9_i14,Etanercept,Fc-Fusion,4.5,150.0,7.4,0.6,48.9029,25.0,Histidine,6.0,30.0,none,0.0,none,0.0,none,0.0,none,0.0,1.4,1.5,1.5523883507543978,1.543328924708485,1.4437107795254054,0.9147189880621516,0.91,
415.0_p3conc_49.0_i15,Etanercept,Fc-Fusion,4.5,150.0,7.4,0.6,48.9898,25.0,Histidine,6.0,30.0,none,0.0,none,0.0,none,0.0,none,0.0,1.4,1.5,1.4375979332189954,1.4375979332189954,1.4375979332189954,0.91,0.91,
415.0_p3conc_61.3_i16,Etanercept,Fc-Fusion,4.5,150.0,7.4,0.6,61.2879,25.0,Histidine,6.0,30.0,none,0.0,none,0.0,none,0.0,none,0.0,1.4,1.5,1.6549092273640782,1.6549092273640782,1.6549092273640782,0.91,0.91,
415.0_p3conc_66.0_i17,Etanercept,Fc-Fusion,4.5,150.0,7.4,0.6,65.9605,25.0,Histidine,6.0,30.0,none,0.0,none,0.0,none,0.0,none,0.0,1.4,1.5,1.7499035010257544,1.681116620097124,1.681116620097124,0.91,0.91,
415.0_p3conc_76.7_i18,Etanercept,Fc-Fusion,4.5,150.0,7.4,0.6,76.6731,25.0,Histidine,6.0,30.0,none,0.0,none,0.0,none,0.0,none,0.0,1.4,1.5,1.952485673222441,1.8433861517643735,1.8433861517643735,0.91,0.91,
415.0_p3conc_89.0_i19,Etanercept,Fc-Fusion,4.5,150.0,7.4,0.6,88.9676,25.0,Histidine,6.0,30.0,none,0.0,none,0.0,none,0.0,none,0.0,1.4,1.5,2.3214858642247154,2.211391281024933,2.211391281024933,0.91,0.91,
415.0_p3conc_95.9_i20,Etanercept,Fc-Fusion,4.5,150.0,7.4,0.6,95.9206,25.0,Histidine,6.0,30.0,none,0.0,none,0.0,none,0.0,none,0.0,1.4,1.5,2.390035049843705,2.34812993144702,2.3452441050791313,0.91,0.91,
411.0_p3conc_1.4_i0,Etanercept,Fc-Fusion,4.5,150.0,7.4,0.6,1.3706,25.0,Histidine,6.1,14.5,none,0.0,none,0.0,none,0.0,none,0.0,1.4,1.5,0.9177335938484481,0.91,0.91,0.91,0.91,
411.0_p3conc_1.9_i1,Etanercept,Fc-Fusion,4.5,150.0,7.4,0.6,1.8784,25.0,Histidine,6.1,14.5,none,0.0,none,0.0,none,0.0,none,0.0,1.4,1.5,0.9777160092967249,0.9461692079530081,0.930467424007123,0.930467424007123,0.930467424007123,
411.0_p3conc_2.2_i2,Etanercept,Fc-Fusion,4.5,150.0,7.4,0.6,2.2288,25.0,Histidine,6.1,14.5,none,0.0,none,0.0,none,0.0,none,0.0,1.4,1.5,0.91,0.91,0.91,0.91,0.91,
411.0_p3conc_2.6_i3,Etanercept,Fc-Fusion,4.5,150.0,7.4,0.6,2.5745,25.0,Histidine,6.1,14.5,none,0.0,none,0.0,none,0.0,none,0.0,1.4,1.5,0.9273410601204533,0.9273410601204533,0.9255703806290988,0.9255703806290988,0.9255703806290988,
411.0_p3conc_3.5_i4,Etanercept,Fc-Fusion,4.5,150.0,7.4,0.6,3.5284,25.0,Histidine,6.1,14.5,none,0.0,none,0.0,none,0.0,none,0.0,1.4,1.5,1.0117480180750293,0.9302133900028864,0.9302133900028864,0.9302133900028864,0.9302133900028864,
411.0_p3conc_4.8_i5,Etanercept,Fc-Fusion,4.5,150.0,7.4,0.6,4.8359,25.0,Histidine,6.1,14.5,none,0.0,none,0.0,none,0.0,none,0.0,1.4,1.5,0.9762034746395637,0.9762034746395637,0.9762034746395637,0.9616831855386268,0.9456888406011574,
411.0_p3conc_5.0_i6,Etanercept,Fc-Fusion,4.5,150.0,7.4,0.6,4.9676,25.0,Histidine,6.1,14.5,none,0.0,none,0.0,none,0.0,none,0.0,1.4,1.5,0.9916489618911114,0.9916489618911114,0.9916489618911114,0.9916489618911114,0.9144158730332572,
411.0_p3conc_6.6_i7,Etanercept,Fc-Fusion,4.5,150.0,7.4,0.6,6.6279,25.0,Histidine,6.1,14.5,none,0.0,none,0.0,none,0.0,none,0.0,1.4,1.5,1.0168833208224417,1.0168833208224417,1.0168833208224417,1.0168833208224417,0.9633440269271271,
411.0_p3conc_9.1_i8,Etanercept,Fc-Fusion,4.5,150.0,7.4,0.6,9.0839,25.0,Histidine,6.1,14.5,none,0.0,none,0.0,none,0.0,none,0.0,1.4,1.5,1.0973931675387028,1.0973931675387028,1.0973931675387028,1.0973931675387028,1.060277642881587,
411.0_p3conc_11.1_i9,Etanercept,Fc-Fusion,4.5,150.0,7.4,0.6,11.0718,25.0,Histidine,6.1,14.5,none,0.0,none,0.0,none,0.0,none,0.0,1.4,1.5,1.2095702602512006,1.1771603491985747,1.152691495219623,1.152691495219623,1.012075401334721,
411.0_p3conc_12.4_i10,Etanercept,Fc-Fusion,4.5,150.0,7.4,0.6,12.4499,25.0,Histidine,6.1,14.5,none,0.0,none,0.0,none,0.0,none,0.0,1.4,1.5,1.195513554971065,1.195513554971065,1.195513554971065,1.195513554971065,1.1490630296737003,
411.0_p3conc_17.1_i11,Etanercept,Fc-Fusion,4.5,150.0,7.4,0.6,17.0633,25.0,Histidine,6.1,14.5,none,0.0,none,0.0,none,0.0,none,0.0,1.4,1.5,1.406943795117452,1.3379510697410142,1.3379510697410142,1.3379510697410142,1.1790945606849952,
411.0_p3conc_23.4_i12,Etanercept,Fc-Fusion,4.5,150.0,7.4,0.6,23.3861,25.0,Histidine,6.1,14.5,none,0.0,none,0.0,none,0.0,none,0.0,1.4,1.5,1.6779074640800664,1.6779074640800664,1.6214398949786315,1.5812256719999465,1.2407199985494908,
411.0_p3conc_24.7_i13,Etanercept,Fc-Fusion,4.5,150.0,7.4,0.6,24.6769,25.0,Histidine,6.1,14.5,none,0.0,none,0.0,none,0.0,none,0.0,1.4,1.5,1.76569826197707,1.672858356107433,1.672858356107433,1.640901603064533,1.3108388937935218,
411.0_p3conc_32.1_i14,Etanercept,Fc-Fusion,4.5,150.0,7.4,0.6,32.0518,25.0,Histidine,6.1,14.5,none,0.0,none,0.0,none,0.0,none,0.0,1.4,1.5,2.0165442713388,2.0165442713388,2.0165442713388,2.0165442713388,1.6017088516235205,
411.0_p3conc_43.9_i15,Etanercept,Fc-Fusion,4.5,150.0,7.4,0.6,43.9288,25.0,Histidine,6.1,14.5,none,0.0,none,0.0,none,0.0,none,0.0,1.4,1.5,3.1958690432057755,3.1150406055110467,3.0158013279124867,2.8139354954076943,1.8670663802327627,
411.0_p3conc_60.2_i16,Etanercept,Fc-Fusion,4.5,150.0,7.4,0.6,60.2067,25.0,Histidine,6.1,14.5,none,0.0,none,0.0,none,0.0,none,0.0,1.4,1.5,4.643246369786611,4.3351559491026626,4.3351559491026626,4.09237611720407,2.2345944660444252,
411.0_p3conc_62.6_i17,Etanercept,Fc-Fusion,4.5,150.0,7.4,0.6,62.605,25.0,Histidine,6.1,14.5,none,0.0,none,0.0,none,0.0,none,0.0,1.4,1.5,5.054138708511974,5.03199476067221,4.7358851926478875,4.626703138928594,2.5371608820204004,
411.0_p3conc_71.3_i18,Etanercept,Fc-Fusion,4.5,150.0,7.4,0.6,71.2615,25.0,Histidine,6.1,14.5,none,0.0,none,0.0,none,0.0,none,0.0,1.4,1.5,6.10526309063568,6.10526309063568,5.985050213247665,5.985050213247665,2.7331132610115723,
411.0_p3conc_81.1_i19,Etanercept,Fc-Fusion,4.5,150.0,7.4,0.6,81.115,25.0,Histidine,6.1,14.5,none,0.0,none,0.0,none,0.0,none,0.0,1.4,1.5,8.516867177792347,7.7540190386043735,7.7540190386043735,7.546277283186537,3.245593975670659,
411.0_p3conc_82.5_i20,Etanercept,Fc-Fusion,4.5,150.0,7.4,0.6,82.5163,25.0,Histidine,6.1,14.5,none,0.0,none,0.0,none,0.0,none,0.0,1.4,1.5,8.571227227650148,8.421187551404966,8.421187551404966,7.758330183715638,3.577026290071589,
411.0_p3conc_92.3_i21,Etanercept,Fc-Fusion,4.5,150.0,7.4,0.6,92.3309,25.0,Histidine,6.1,14.5,none,0.0,none,0.0,none,0.0,none,0.0,1.4,1.5,11.282390570182216,11.282390570182216,11.282390570182216,9.304185821522925,3.6838626193255917,
411.0_p3conc_105.1_i22,Etanercept,Fc-Fusion,4.5,150.0,7.4,0.6,105.0976,25.0,Histidine,6.1,14.5,none,0.0,none,0.0,none,0.0,none,0.0,1.4,1.5,17.34553807770303,15.624257889150783,15.165511298764038,15.165511298764038,4.476875460081547,
411.0_p3conc_113.1_i23,Etanercept,Fc-Fusion,4.5,150.0,7.4,0.6,113.0931,25.0,Histidine,6.1,14.5,none,0.0,none,0.0,none,0.0,none,0.0,1.4,1.5,20.77589263046401,20.6661229146,18.099423328726488,17.087979611327235,5.534859471568267,
411.0_p3conc_119.6_i24,Etanercept,Fc-Fusion,4.5,150.0,7.4,0.6,119.6297,25.0,Histidine,6.1,14.5,none,0.0,none,0.0,none,0.0,none,0.0,1.4,1.5,25.117096206964927,25.117096206964927,24.27355663619415,21.226116011880418,5.828419143297249,
411.0_p3conc_136.2_i25,Etanercept,Fc-Fusion,4.5,150.0,7.4,0.6,136.1714,25.0,Histidine,6.1,14.5,none,0.0,none,0.0,none,0.0,none,0.0,1.4,1.5,36.695135351853494,36.695135351853494,36.60796884556802,33.23188204426808,7.301763815906835,
418.0_p3conc_1.4_i0,Etanercept,Fc-Fusion,4.5,150.0,7.4,0.6,1.4121,25.0,Histidine,6.2,12.5,none,0.0,none,0.0,none,0.0,none,0.0,1.4,1.5,0.9346120194440891,0.91,0.91,0.91,0.91,
418.0_p3conc_1.8_i1,Etanercept,Fc-Fusion,4.5,150.0,7.4,0.6,1.7783,25.0,Histidine,6.2,12.5,none,0.0,none,0.0,none,0.0,none,0.0,1.4,1.5,0.9611922987770374,0.931889872990303,0.9273351962948345,0.9273351962948345,0.91,
418.0_p3conc_2.0_i2,Etanercept,Fc-Fusion,4.5,150.0,7.4,0.6,1.9941,25.0,Histidine,6.2,12.5,none,0.0,none,0.0,none,0.0,none,0.0,1.4,1.5,0.9989848730256614,0.9647149397313107,0.9200236056353546,0.9200236056353546,0.91,
418.0_p3conc_2.8_i3,Etanercept,Fc-Fusion,4.5,150.0,7.4,0.6,2.8159,25.0,Histidine,6.2,12.5,none,0.0,none,0.0,none,0.0,none,0.0,1.4,1.5,0.9451838666600717,0.91,0.91,0.91,0.91,
418.0_p3conc_3.2_i4,Etanercept,Fc-Fusion,4.5,150.0,7.4,0.6,3.1623,25.0,Histidine,6.2,12.5,none,0.0,none,0.0,none,0.0,none,0.0,1.4,1.5,0.9713001683597927,0.9464473883969703,0.9464473883969703,0.9397112936367642,0.91,
418.0_p3conc_4.0_i5,Etanercept,Fc-Fusion,4.5,150.0,7.4,0.6,3.9764,25.0,Histidine,6.2,12.5,none,0.0,none,0.0,none,0.0,none,0.0,1.4,1.5,1.1459451134319525,0.9683011703525533,0.91,0.91,0.91,
418.0_p3conc_5.6_i6,Etanercept,Fc-Fusion,4.5,150.0,7.4,0.6,5.6151,25.0,Histidine,6.2,12.5,none,0.0,none,0.0,none,0.0,none,0.0,1.4,1.5,1.1063896589812097,1.0532273082542236,1.0532273082542236,0.9845813398997973,0.9624338089387857,
418.0_p3conc_5.6_i7,Etanercept,Fc-Fusion,4.5,150.0,7.4,0.6,5.6234,25.0,Histidine,6.2,12.5,none,0.0,none,0.0,none,0.0,none,0.0,1.4,1.5,1.0473439854730662,1.0341139850736414,1.0341139850736414,1.0173013401183175,0.9977324706986652,
418.0_p3conc_7.9_i8,Etanercept,Fc-Fusion,4.5,150.0,7.4,0.6,7.9292,25.0,Histidine,6.2,12.5,none,0.0,none,0.0,none,0.0,none,0.0,1.4,1.5,1.179195490770319,1.155155531471121,1.155155531471121,1.0695517167222997,1.0661191657695877,
418.0_p3conc_10.0_i9,Etanercept,Fc-Fusion,4.5,150.0,7.4,0.6,10.0,25.0,Histidine,6.2,12.5,none,0.0,none,0.0,none,0.0,none,0.0,1.4,1.5,1.1991497120237005,1.1318988234000016,1.1318988234000016,1.1094046016952095,0.956052016964504,
418.0_p3conc_11.2_i10,Etanercept,Fc-Fusion,4.5,150.0,7.4,0.6,11.1969,25.0,Histidine,6.2,12.5,none,0.0,none,0.0,none,0.0,none,0.0,1.4,1.5,1.3154613321554807,1.2128585679646642,1.2128585679646642,1.094786856842992,1.050327525602405,
418.0_p3conc_15.8_i11,Etanercept,Fc-Fusion,4.5,150.0,7.4,0.6,15.8114,25.0,Histidine,6.2,12.5,none,0.0,none,0.0,none,0.0,none,0.0,1.4,1.5,1.585889573074821,1.4865220791274096,1.4336305098467217,1.2615650395595843,1.1523883841026688,
418.0_p3conc_17.8_i12,Etanercept,Fc-Fusion,4.5,150.0,7.4,0.6,17.7828,25.0,Histidine,6.2,12.5,none,0.0,none,0.0,none,0.0,none,0.0,1.4,1.5,1.6379669733840942,1.4603245688889677,1.4603245688889677,1.1991487662883564,1.1489322914187274,
418.0_p3conc_22.3_i13,Etanercept,Fc-Fusion,4.5,150.0,7.4,0.6,22.3275,25.0,Histidine,6.2,12.5,none,0.0,none,0.0,none,0.0,none,0.0,1.4,1.5,1.9166908550110915,1.7272324117175748,1.7272324117175748,1.5352419683199168,1.2391081173829441,
418.0_p3conc_31.5_i14,Etanercept,Fc-Fusion,4.5,150.0,7.4,0.6,31.5292,25.0,Histidine,6.2,12.5,none,0.0,none,0.0,none,0.0,none,0.0,1.4,1.5,2.718637182175141,2.158437921273927,2.158437921273927,1.9681302895351798,1.52952291406849,
418.0_p3conc_31.6_i15,Etanercept,Fc-Fusion,4.5,150.0,7.4,0.6,31.6228,25.0,Histidine,6.2,12.5,none,0.0,none,0.0,none,0.0,none,0.0,1.4,1.5,2.5812928758522924,2.2030242324203293,2.2030242324203293,1.840981607707616,1.3758811797182435,
418.0_p3conc_44.5_i16,Etanercept,Fc-Fusion,4.5,150.0,7.4,0.6,44.523,25.0,Histidine,6.2,12.5,none,0.0,none,0.0,none,0.0,none,0.0,1.4,1.5,3.818640069881887,3.1482858326999974,3.1482858326999974,2.5088625613526694,1.7927425601646652,
418.0_p3conc_56.2_i17,Etanercept,Fc-Fusion,4.5,150.0,7.4,0.6,56.2341,25.0,Histidine,6.2,12.5,none,0.0,none,0.0,none,0.0,none,0.0,1.4,1.5,5.697393293817903,5.046263704990867,5.046263704990867,3.302201968111618,2.1509502944154586,
418.0_p3conc_62.9_i18,Etanercept,Fc-Fusion,4.5,150.0,7.4,0.6,62.8717,25.0,Histidine,6.2,12.5,none,0.0,none,0.0,none,0.0,none,0.0,1.4,1.5,7.99747996777458,6.026485312868956,6.026485312868956,3.8248818779662526,2.3412482556459002,
418.0_p3conc_88.8_i19,Etanercept,Fc-Fusion,4.5,150.0,7.4,0.6,88.7822,25.0,Histidine,6.2,12.5,none,0.0,none,0.0,none,0.0,none,0.0,1.4,1.5,17.428846163772377,13.52700503649169,12.715185895502016,8.247365354101824,3.8328849571088774,
420.0_p3conc_159.9_i20,Etanercept,Fc-Fusion,4.5,150.0,7.4,0.6,159.8903,25.0,Histidine,6.2,12.5,none,0.0,none,0.0,none,0.0,none,0.0,1.4,1.5,132.9171801785892,125.41829799097083,120.0735305347947,66.93035940860756,13.399575556294456,
420.0_p3conc_170.4_i21,Etanercept,Fc-Fusion,4.5,150.0,7.4,0.6,170.4327,25.0,Histidine,6.2,12.5,none,0.0,none,0.0,none,0.0,none,0.0,1.4,1.5,166.92506854946978,166.92506854946978,148.7278793091265,99.68229974426144,15.19837928945552,
420.0_p3conc_177.0_i22,Etanercept,Fc-Fusion,4.5,150.0,7.4,0.6,177.039,25.0,Histidine,6.2,12.5,none,0.0,none,0.0,none,0.0,none,0.0,1.4,1.5,204.9057498650431,204.9057498650431,197.77876222908597,114.33807093341382,17.763235536557474,
420.0_p3conc_181.7_i23,Etanercept,Fc-Fusion,4.5,150.0,7.4,0.6,181.6707,25.0,Histidine,6.2,12.5,none,0.0,none,0.0,none,0.0,none,0.0,1.4,1.5,222.44693868860568,222.44693868860568,217.90992270498535,125.99625056834738,18.203875559114323,
420.0_p3conc_193.6_i24,Etanercept,Fc-Fusion,4.5,150.0,7.4,0.6,193.6493,25.0,Histidine,6.2,12.5,none,0.0,none,0.0,none,0.0,none,0.0,1.4,1.5,323.5316559931278,323.5316559931278,320.5935429941304,199.70020068055513,22.282607039734373,
420.0_p3conc_206.4_i25,Etanercept,Fc-Fusion,4.5,150.0,7.4,0.6,206.4177,25.0,Histidine,6.2,12.5,none,0.0,none,0.0,none,0.0,none,0.0,1.4,1.5,434.90740199836273,434.90740199836273,434.90740199836273,261.3943814960751,28.058952971455856,
420.0_p3conc_220.0_i26,Etanercept,Fc-Fusion,4.5,150.0,7.4,0.6,220.028,25.0,Histidine,6.2,12.5,none,0.0,none,0.0,none,0.0,none,0.0,1.4,1.5,578.2979160124795,578.2979160124795,578.2979160124795,411.2839213625966,36.470823038726046,
420.0_p3conc_234.5_i27,Etanercept,Fc-Fusion,4.5,150.0,7.4,0.6,234.5357,25.0,Histidine,6.2,12.5,none,0.0,none,0.0,none,0.0,none,0.0,1.4,1.5,957.6872372555436,957.6872372555436,957.6872372555436,668.2216535431479,46.21304543290827,
276.0_p3conc_1.4_i0,Ibalizumab,mAb_IgG4,3.5,150.0,6.85,0.3,1.3523,27.5,Acetate,5.1,22.0,none,0.0,none,0.0,none,0.0,none,0.0,1.3,1.1,0.9697740365554943,0.9697740365554943,0.9322564179296953,0.91,0.91,
276.0_p3conc_1.8_i1,Ibalizumab,mAb_IgG4,3.5,150.0,6.85,0.3,1.8286,27.5,Acetate,5.1,22.0,none,0.0,none,0.0,none,0.0,none,0.0,1.3,1.1,0.936400785696081,0.91,0.91,0.91,0.91,
276.0_p3conc_2.5_i2,Ibalizumab,mAb_IgG4,3.5,150.0,6.85,0.3,2.4727,27.5,Acetate,5.1,22.0,none,0.0,none,0.0,none,0.0,none,0.0,1.3,1.1,0.9119645183938774,0.91,0.91,0.91,0.91,
276.0_p3conc_3.3_i3,Ibalizumab,mAb_IgG4,3.5,150.0,6.85,0.3,3.3437,27.5,Acetate,5.1,22.0,none,0.0,none,0.0,none,0.0,none,0.0,1.3,1.1,1.0042113892577793,0.91,0.91,0.91,0.91,
276.0_p3conc_4.5_i4,Ibalizumab,mAb_IgG4,3.5,150.0,6.85,0.3,4.5215,27.5,Acetate,5.1,22.0,none,0.0,none,0.0,none,0.0,none,0.0,1.3,1.1,0.9134022242836494,0.9134022242836494,0.9134022242836494,0.91,0.91,
276.0_p3conc_6.1_i5,Ibalizumab,mAb_IgG4,3.5,150.0,6.85,0.3,6.1142,27.5,Acetate,5.1,22.0,none,0.0,none,0.0,none,0.0,none,0.0,1.3,1.1,0.91,0.91,0.91,0.91,0.91,
276.0_p3conc_8.3_i6,Ibalizumab,mAb_IgG4,3.5,150.0,6.85,0.3,8.268,27.5,Acetate,5.1,22.0,none,0.0,none,0.0,none,0.0,none,0.0,1.3,1.1,0.91,0.91,0.91,0.91,0.91,
276.0_p3conc_11.2_i7,Ibalizumab,mAb_IgG4,3.5,150.0,6.85,0.3,11.1803,27.5,Acetate,5.1,22.0,none,0.0,none,0.0,none,0.0,none,0.0,1.3,1.1,0.928515113308388,0.91,0.91,0.91,0.91,
276.0_p3conc_15.1_i8,Ibalizumab,mAb_IgG4,3.5,150.0,6.85,0.3,15.1186,27.5,Acetate,5.1,22.0,none,0.0,none,0.0,none,0.0,none,0.0,1.3,1.1,0.9817475278913034,0.91,0.91,0.91,0.91,
276.0_p3conc_20.4_i9,Ibalizumab,mAb_IgG4,3.5,150.0,6.85,0.3,20.4441,27.5,Acetate,5.1,22.0,none,0.0,none,0.0,none,0.0,none,0.0,1.3,1.1,0.9241775070034329,0.91,0.91,0.91,0.91,
276.0_p3conc_27.6_i10,Ibalizumab,mAb_IgG4,3.5,150.0,6.85,0.3,27.6456,27.5,Acetate,5.1,22.0,none,0.0,none,0.0,none,0.0,none,0.0,1.3,1.1,0.9134323152706546,0.91,0.91,0.91,0.91,
276.0_p3conc_30.6_i11,Ibalizumab,mAb_IgG4,3.5,150.0,6.85,0.3,30.5711,27.5,Acetate,5.1,22.0,none,0.0,none,0.0,none,0.0,none,0.0,1.3,1.1,0.9702447526597469,0.91,0.91,0.91,0.91,
276.0_p3conc_37.4_i12,Ibalizumab,mAb_IgG4,3.5,150.0,6.85,0.3,37.3838,27.5,Acetate,5.1,22.0,none,0.0,none,0.0,none,0.0,none,0.0,1.3,1.1,0.9190439372313529,0.9190439372313529,0.9190439372313529,0.91,0.91,
276.0_p3conc_45.7_i13,Ibalizumab,mAb_IgG4,3.5,150.0,6.85,0.3,45.7145,27.5,Acetate,5.1,22.0,none,0.0,none,0.0,none,0.0,none,0.0,1.3,1.1,0.9474439873660558,0.9151406563830793,0.9151406563830793,0.91,0.91,
276.0_p3conc_50.6_i14,Ibalizumab,mAb_IgG4,3.5,150.0,6.85,0.3,50.5521,27.5,Acetate,5.1,22.0,none,0.0,none,0.0,none,0.0,none,0.0,1.3,1.1,0.91,0.91,0.91,0.91,0.91,
276.0_p3conc_55.9_i15,Ibalizumab,mAb_IgG4,3.5,150.0,6.85,0.3,55.9017,27.5,Acetate,5.1,22.0,none,0.0,none,0.0,none,0.0,none,0.0,1.3,1.1,1.0033814140559234,0.9715659718274254,0.9715659718274254,0.91,0.91,
276.0_p3conc_68.4_i16,Ibalizumab,mAb_IgG4,3.5,150.0,6.85,0.3,68.359,27.5,Acetate,5.1,22.0,none,0.0,none,0.0,none,0.0,none,0.0,1.3,1.1,0.91,0.91,0.91,0.91,0.91,
276.0_p3conc_83.6_i17,Ibalizumab,mAb_IgG4,3.5,150.0,6.85,0.3,83.5926,27.5,Acetate,5.1,22.0,none,0.0,none,0.0,none,0.0,none,0.0,1.3,1.1,0.91,0.91,0.91,0.91,0.91,
276.0_p3conc_92.4_i18,Ibalizumab,mAb_IgG4,3.5,150.0,6.85,0.3,92.4385,27.5,Acetate,5.1,22.0,none,0.0,none,0.0,none,0.0,none,0.0,1.3,1.1,0.9960326133106484,0.9451673298947878,0.91,0.91,0.91,
276.0_p3conc_102.2_i19,Ibalizumab,mAb_IgG4,3.5,150.0,6.85,0.3,102.2207,27.5,Acetate,5.1,22.0,none,0.0,none,0.0,none,0.0,none,0.0,1.3,1.1,0.931362120512683,0.931362120512683,0.931362120512683,0.91,0.91,
269.0_p3conc_1.4_i0,Ibalizumab,mAb_IgG4,3.5,150.0,6.85,0.3,1.3926,27.5,Acetate,5.2,27.0,none,0.0,none,0.0,none,0.0,none,0.0,1.3,1.1,0.91,0.91,0.91,0.91,0.91,
269.0_p3conc_1.8_i1,Ibalizumab,mAb_IgG4,3.5,150.0,6.85,0.3,1.7783,27.5,Acetate,5.2,27.0,none,0.0,none,0.0,none,0.0,none,0.0,1.3,1.1,0.9406118212902913,0.9310249465495753,0.9205292028426613,0.9205292028426613,0.91,
269.0_p3conc_1.9_i2,Ibalizumab,mAb_IgG4,3.5,150.0,6.85,0.3,1.9392,27.5,Acetate,5.2,27.0,none,0.0,none,0.0,none,0.0,none,0.0,1.3,1.1,0.91,0.91,0.91,0.91,0.91,
269.0_p3conc_2.7_i3,Ibalizumab,mAb_IgG4,3.5,150.0,6.85,0.3,2.7005,27.5,Acetate,5.2,27.0,none,0.0,none,0.0,none,0.0,none,0.0,1.3,1.1,0.9387830081567886,0.9247741484770275,0.9247741484770275,0.91,0.91,
269.0_p3conc_3.2_i4,Ibalizumab,mAb_IgG4,3.5,150.0,6.85,0.3,3.1623,27.5,Acetate,5.2,27.0,none,0.0,none,0.0,none,0.0,none,0.0,1.3,1.1,0.9384320107081177,0.9384320107081177,0.9341112226680522,0.9341112226680522,0.91,
269.0_p3conc_3.8_i5,Ibalizumab,mAb_IgG4,3.5,150.0,6.85,0.3,3.7606,27.5,Acetate,5.2,27.0,none,0.0,none,0.0,none,0.0,none,0.0,1.3,1.1,0.9383487886959451,0.91,0.91,0.91,0.91,
269.0_p3conc_5.2_i6,Ibalizumab,mAb_IgG4,3.5,150.0,6.85,0.3,5.2369,27.5,Acetate,5.2,27.0,none,0.0,none,0.0,none,0.0,none,0.0,1.3,1.1,0.9419297984059947,0.9419297984059947,0.9341228687223829,0.9248406482385083,0.9248406482385083,
269.0_p3conc_5.6_i7,Ibalizumab,mAb_IgG4,3.5,150.0,6.85,0.3,5.6234,27.5,Acetate,5.2,27.0,none,0.0,none,0.0,none,0.0,none,0.0,1.3,1.1,0.9754302517999214,0.9381750255460041,0.9381750255460041,0.9381750255460041,0.9293351998146949,
269.0_p3conc_7.3_i8,Ibalizumab,mAb_IgG4,3.5,150.0,6.85,0.3,7.2927,27.5,Acetate,5.2,27.0,none,0.0,none,0.0,none,0.0,none,0.0,1.3,1.1,0.9518138273341118,0.9518138273341118,0.9518138273341118,0.9446456893085484,0.91,
269.0_p3conc_10.0_i9,Ibalizumab,mAb_IgG4,3.5,150.0,6.85,0.3,10.0,27.5,Acetate,5.2,27.0,none,0.0,none,0.0,none,0.0,none,0.0,1.3,1.1,0.9642252468707975,0.9642252468707975,0.9642252468707975,0.9642252468707975,0.9590213147531716,
269.0_p3conc_10.2_i10,Ibalizumab,mAb_IgG4,3.5,150.0,6.85,0.3,10.1555,27.5,Acetate,5.2,27.0,none,0.0,none,0.0,none,0.0,none,0.0,1.3,1.1,1.0786661446660082,1.0786661446660082,1.004252192778168,0.9712553113918011,0.9314256198961045,
269.0_p3conc_14.1_i11,Ibalizumab,mAb_IgG4,3.5,150.0,6.85,0.3,14.1421,27.5,Acetate,5.2,27.0,none,0.0,none,0.0,none,0.0,none,0.0,1.3,1.1,1.1026427782936001,1.0579988054656877,1.049178601157494,1.0034381476073997,0.9615509372611468,
269.0_p3conc_17.8_i12,Ibalizumab,mAb_IgG4,3.5,150.0,6.85,0.3,17.7828,27.5,Acetate,5.2,27.0,none,0.0,none,0.0,none,0.0,none,0.0,1.3,1.1,1.133037496143377,1.0508345739766256,1.0508345739766256,1.0508345739766256,1.0145342875649763,
269.0_p3conc_19.7_i13,Ibalizumab,mAb_IgG4,3.5,150.0,6.85,0.3,19.6938,27.5,Acetate,5.2,27.0,none,0.0,none,0.0,none,0.0,none,0.0,1.3,1.1,1.0745214960672134,1.0745214960672134,1.0745214960672134,1.0745214960672134,1.0745214960672134,
269.0_p3conc_27.4_i14,Ibalizumab,mAb_IgG4,3.5,150.0,6.85,0.3,27.4248,27.5,Acetate,5.2,27.0,none,0.0,none,0.0,none,0.0,none,0.0,1.3,1.1,1.2659459396976926,1.210508980126787,1.210508980126787,1.210508980126787,1.1590026499537633,
269.0_p3conc_31.6_i15,Ibalizumab,mAb_IgG4,3.5,150.0,6.85,0.3,31.6228,27.5,Acetate,5.2,27.0,none,0.0,none,0.0,none,0.0,none,0.0,1.3,1.1,1.338789079291635,1.338789079291635,1.338789079291635,1.3312319999710809,1.027259475100074,
269.0_p3conc_38.2_i16,Ibalizumab,mAb_IgG4,3.5,150.0,6.85,0.3,38.1907,27.5,Acetate,5.2,27.0,none,0.0,none,0.0,none,0.0,none,0.0,1.3,1.1,1.4762859173421883,1.4762859173421883,1.3460203442395422,1.2808736011830182,1.1306000345100142,
269.0_p3conc_53.2_i17,Ibalizumab,mAb_IgG4,3.5,150.0,6.85,0.3,53.1829,27.5,Acetate,5.2,27.0,none,0.0,none,0.0,none,0.0,none,0.0,1.3,1.1,1.6617953385980913,1.6617953385980913,1.6617953385980913,1.6200275213930446,1.3702857803790458,
269.0_p3conc_56.2_i18,Ibalizumab,mAb_IgG4,3.5,150.0,6.85,0.3,56.2341,27.5,Acetate,5.2,27.0,none,0.0,none,0.0,none,0.0,none,0.0,1.3,1.1,1.7160956604029014,1.7155520310788712,1.7155520310788712,1.6549214174898301,1.3365093810528133,
269.0_p3conc_74.1_i19,Ibalizumab,mAb_IgG4,3.5,150.0,6.85,0.3,74.0606,27.5,Acetate,5.2,27.0,none,0.0,none,0.0,none,0.0,none,0.0,1.3,1.1,2.2651077983548973,2.213227542372439,2.213227542372439,1.900092984101974,1.5241645738954446,
269.0_p3conc_109.1_i20,Ibalizumab,mAb_IgG4,3.5,150.0,6.85,0.3,109.0508,27.5,Acetate,5.2,27.0,none,0.0,none,0.0,none,0.0,none,0.0,1.3,1.1,3.166303679403789,3.166303679403789,3.166303679403789,2.7186556122456365,1.835795693062962,
269.0_p3conc_118.9_i21,Ibalizumab,mAb_IgG4,3.5,150.0,6.85,0.3,118.9206,27.5,Acetate,5.2,27.0,none,0.0,none,0.0,none,0.0,none,0.0,1.3,1.1,3.735218723784128,3.570250011409516,3.570250011409516,3.0499498597801358,1.8957593446167562,
269.0_p3conc_129.7_i22,Ibalizumab,mAb_IgG4,3.5,150.0,6.85,0.3,129.6839,27.5,Acetate,5.2,27.0,none,0.0,none,0.0,none,0.0,none,0.0,1.3,1.1,4.199924215152015,4.199924215152015,4.199924215152015,3.3120548233221703,2.2009076017704583,
269.0_p3conc_141.4_i23,Ibalizumab,mAb_IgG4,3.5,150.0,6.85,0.3,141.4214,27.5,Acetate,5.2,27.0,none,0.0,none,0.0,none,0.0,none,0.0,1.3,1.1,5.115827179270049,4.713210809652215,4.713210809652215,3.719433935723474,2.3925247816905606,
269.0_p3conc_143.6_i24,Ibalizumab,mAb_IgG4,3.5,150.0,6.85,0.3,143.6204,27.5,Acetate,5.2,27.0,none,0.0,none,0.0,none,0.0,none,0.0,1.3,1.1,5.163818100581558,5.048217011253437,4.93407950742038,3.895782648116945,2.6200014508241987,
269.0_p3conc_154.2_i25,Ibalizumab,mAb_IgG4,3.5,150.0,6.85,0.3,154.2212,27.5,Acetate,5.2,27.0,none,0.0,none,0.0,none,0.0,none,0.0,1.3,1.1,5.527606944936609,5.527606944936609,5.527606944936609,4.409437179193042,2.4876013159771446,
269.0_p3conc_168.2_i26,Ibalizumab,mAb_IgG4,3.5,150.0,6.85,0.3,168.1791,27.5,Acetate,5.2,27.0,none,0.0,none,0.0,none,0.0,none,0.0,1.3,1.1,6.732863110796865,6.732863110796865,6.6483101823895465,5.033442328507623,2.8257905714571003,
269.0_p3conc_183.4_i27,Ibalizumab,mAb_IgG4,3.5,150.0,6.85,0.3,183.4007,27.5,Acetate,5.2,27.0,none,0.0,none,0.0,none,0.0,none,0.0,1.3,1.1,9.144960779305512,7.958784411891918,7.958784411891918,6.011940375364012,3.043830464896411,
260.0_p3conc_1.3_i0,Ibalizumab,mAb_IgG4,3.5,150.0,6.85,0.3,1.3121,27.5,Acetate,5.4,43.0,none,0.0,none,0.0,none,0.0,none,0.0,1.3,1.1,0.9422122456966748,0.91,0.91,0.91,0.91,
260.0_p3conc_1.5_i1,Ibalizumab,mAb_IgG4,3.5,150.0,6.85,0.3,1.4542,27.5,Acetate,5.4,43.0,none,0.0,none,0.0,none,0.0,none,0.0,1.3,1.1,0.91,0.91,0.91,0.91,0.91,
260.0_p3conc_1.7_i2,Ibalizumab,mAb_IgG4,3.5,150.0,6.85,0.3,1.7215,27.5,Acetate,5.4,43.0,none,0.0,none,0.0,none,0.0,none,0.0,1.3,1.1,0.91,0.91,0.91,0.91,0.91,
260.0_p3conc_2.1_i3,Ibalizumab,mAb_IgG4,3.5,150.0,6.85,0.3,2.1147,27.5,Acetate,5.4,43.0,none,0.0,none,0.0,none,0.0,none,0.0,1.3,1.1,0.9648484733207978,0.9567823731687606,0.9332800587285438,0.91,0.91,
260.0_p3conc_2.3_i4,Ibalizumab,mAb_IgG4,3.5,150.0,6.85,0.3,2.2588,27.5,Acetate,5.4,43.0,none,0.0,none,0.0,none,0.0,none,0.0,1.3,1.1,0.91,0.91,0.91,0.91,0.91,
260.0_p3conc_3.0_i5,Ibalizumab,mAb_IgG4,3.5,150.0,6.85,0.3,2.9637,27.5,Acetate,5.4,43.0,none,0.0,none,0.0,none,0.0,none,0.0,1.3,1.1,0.91,0.91,0.91,0.91,0.91,
260.0_p3conc_3.1_i6,Ibalizumab,mAb_IgG4,3.5,150.0,6.85,0.3,3.0753,27.5,Acetate,5.4,43.0,none,0.0,none,0.0,none,0.0,none,0.0,1.3,1.1,0.9568886702400067,0.91,0.91,0.91,0.91,
260.0_p3conc_3.9_i7,Ibalizumab,mAb_IgG4,3.5,150.0,6.85,0.3,3.8886,27.5,Acetate,5.4,43.0,none,0.0,none,0.0,none,0.0,none,0.0,1.3,1.1,0.9291543410430446,0.9291543410430446,0.9291543410430446,0.91,0.91,
260.0_p3conc_4.5_i8,Ibalizumab,mAb_IgG4,3.5,150.0,6.85,0.3,4.4721,27.5,Acetate,5.4,43.0,none,0.0,none,0.0,none,0.0,none,0.0,1.3,1.1,0.9757558834673279,0.9173379047380033,0.9173379047380033,0.9173379047380033,0.91,
260.0_p3conc_5.1_i9,Ibalizumab,mAb_IgG4,3.5,150.0,6.85,0.3,5.1021,27.5,Acetate,5.4,43.0,none,0.0,none,0.0,none,0.0,none,0.0,1.3,1.1,0.9617274888214916,0.9309749745755966,0.9309749745755966,0.9309749745755966,0.9309749745755966,
260.0_p3conc_6.5_i10,Ibalizumab,mAb_IgG4,3.5,150.0,6.85,0.3,6.5035,27.5,Acetate,5.4,43.0,none,0.0,none,0.0,none,0.0,none,0.0,1.3,1.1,1.0387686832792773,0.9542005569364783,0.9542005569364783,0.9542005569364783,0.9426932861689957,
260.0_p3conc_6.7_i11,Ibalizumab,mAb_IgG4,3.5,150.0,6.85,0.3,6.6943,27.5,Acetate,5.4,43.0,none,0.0,none,0.0,none,0.0,none,0.0,1.3,1.1,0.9991422387899919,0.9379039680884151,0.9379039680884151,0.91,0.91,
260.0_p3conc_8.8_i12,Ibalizumab,mAb_IgG4,3.5,150.0,6.85,0.3,8.7834,27.5,Acetate,5.4,43.0,none,0.0,none,0.0,none,0.0,none,0.0,1.3,1.1,0.9993844510277721,0.9993844510277721,0.9993844510277721,0.9552610407977407,0.9118229819267484,
260.0_p3conc_9.5_i13,Ibalizumab,mAb_IgG4,3.5,150.0,6.85,0.3,9.4574,27.5,Acetate,5.4,43.0,none,0.0,none,0.0,none,0.0,none,0.0,1.3,1.1,1.011218247667487,1.011218247667487,1.011218247667487,1.011218247667487,0.9579703751927677,
260.0_p3conc_11.5_i14,Ibalizumab,mAb_IgG4,3.5,150.0,6.85,0.3,11.5245,27.5,Acetate,5.4,43.0,none,0.0,none,0.0,none,0.0,none,0.0,1.3,1.1,0.9906827568274477,0.9784281887427012,0.9784281887427012,0.9784281887427012,0.9784281887427012,
260.0_p3conc_13.8_i15,Ibalizumab,mAb_IgG4,3.5,150.0,6.85,0.3,13.7531,27.5,Acetate,5.4,43.0,none,0.0,none,0.0,none,0.0,none,0.0,1.3,1.1,1.0291281700811103,1.0289229654798233,0.9924167847466179,0.9924167847466179,0.9924167847466179,
260.0_p3conc_15.1_i16,Ibalizumab,mAb_IgG4,3.5,150.0,6.85,0.3,15.1211,27.5,Acetate,5.4,43.0,none,0.0,none,0.0,none,0.0,none,0.0,1.3,1.1,1.0412980400158547,1.0141807069015474,0.9801554087124483,0.9801554087124483,0.9801554087124483,
260.0_p3conc_19.8_i17,Ibalizumab,mAb_IgG4,3.5,150.0,6.85,0.3,19.8399,27.5,Acetate,5.4,43.0,none,0.0,none,0.0,none,0.0,none,0.0,1.3,1.1,1.0216718636806732,1.0216718636806732,1.0216718636806732,1.0216718636806732,1.0216718636806732,
260.0_p3conc_20.0_i18,Ibalizumab,mAb_IgG4,3.5,150.0,6.85,0.3,20.0,27.5,Acetate,5.4,43.0,none,0.0,none,0.0,none,0.0,none,0.0,1.3,1.1,1.113851701015717,1.03313365456647,1.03313365456647,1.03313365456647,1.0153552643121537,
260.0_p3conc_26.0_i19,Ibalizumab,mAb_IgG4,3.5,150.0,6.85,0.3,26.0314,27.5,Acetate,5.4,43.0,none,0.0,none,0.0,none,0.0,none,0.0,1.3,1.1,1.203525243463609,1.0855022345383456,1.0855022345383456,1.0655955671902155,1.0421208910575817,
260.0_p3conc_29.1_i20,Ibalizumab,mAb_IgG4,3.5,150.0,6.85,0.3,29.0843,27.5,Acetate,5.4,43.0,none,0.0,none,0.0,none,0.0,none,0.0,1.3,1.1,1.202586834062767,1.202586834062767,1.2007289331096256,1.0985107071254678,1.0891270490417566,
260.0_p3conc_34.2_i21,Ibalizumab,mAb_IgG4,3.5,150.0,6.85,0.3,34.1551,27.5,Acetate,5.4,43.0,none,0.0,none,0.0,none,0.0,none,0.0,1.3,1.1,1.2078249716438532,1.2078249716438532,1.2078249716438532,1.1830875143272188,1.1830875143272188,
260.0_p3conc_42.3_i22,Ibalizumab,mAb_IgG4,3.5,150.0,6.85,0.3,42.2948,27.5,Acetate,5.4,43.0,none,0.0,none,0.0,none,0.0,none,0.0,1.3,1.1,1.4774880509673176,1.3447934344377201,1.341310109717668,1.341310109717668,1.310859207564869,
260.0_p3conc_44.8_i23,Ibalizumab,mAb_IgG4,3.5,150.0,6.85,0.3,44.814,27.5,Acetate,5.4,43.0,none,0.0,none,0.0,none,0.0,none,0.0,1.3,1.1,1.3122985894448875,1.3122985894448875,1.3122985894448875,1.3122985894448875,1.206917493720761,
260.0_p3conc_58.8_i24,Ibalizumab,mAb_IgG4,3.5,150.0,6.85,0.3,58.7993,27.5,Acetate,5.4,43.0,none,0.0,none,0.0,none,0.0,none,0.0,1.3,1.1,1.5707774688960765,1.5707774688960765,1.5440232386708506,1.4934476646688166,1.3087423197856884,
260.0_p3conc_61.5_i25,Ibalizumab,mAb_IgG4,3.5,150.0,6.85,0.3,61.5058,27.5,Acetate,5.4,43.0,none,0.0,none,0.0,none,0.0,none,0.0,1.3,1.1,1.6305796262186902,1.5453044021360103,1.5453044021360103,1.5453044021360103,1.3881379517154513,
260.0_p3conc_77.1_i26,Ibalizumab,mAb_IgG4,3.5,150.0,6.85,0.3,77.1489,27.5,Acetate,5.4,43.0,none,0.0,none,0.0,none,0.0,none,0.0,1.3,1.1,1.9388434819036307,1.9388434819036307,1.9388434819036307,1.6950493424994004,1.528017192974098,
260.0_p3conc_89.4_i27,Ibalizumab,mAb_IgG4,3.5,150.0,6.85,0.3,89.4427,27.5,Acetate,5.4,43.0,none,0.0,none,0.0,none,0.0,none,0.0,1.3,1.1,2.065960327444607,2.065960327444607,2.065960327444607,1.7790859045924163,1.740081891900938,
260.0_p3conc_101.2_i28,Ibalizumab,mAb_IgG4,3.5,150.0,6.85,0.3,101.2253,27.5,Acetate,5.4,43.0,none,0.0,none,0.0,none,0.0,none,0.0,1.3,1.1,2.4445073782310227,2.3882891416640004,2.2567772342133345,2.1631431464305613,1.9563053523710145,
260.0_p3conc_130.1_i29,Ibalizumab,mAb_IgG4,3.5,150.0,6.85,0.3,130.0691,27.5,Acetate,5.4,43.0,none,0.0,none,0.0,none,0.0,none,0.0,1.3,1.1,3.635361530468251,3.441408809989448,3.0812155477582577,2.6886478175131288,2.309609721982107,
260.0_p3conc_132.8_i30,Ibalizumab,mAb_IgG4,3.5,150.0,6.85,0.3,132.815,27.5,Acetate,5.4,43.0,none,0.0,none,0.0,none,0.0,none,0.0,1.3,1.1,3.486700104695855,3.4446196269009213,2.8173159520546873,2.7836093835937783,2.4134574409678957,
260.0_p3conc_174.3_i31,Ibalizumab,mAb_IgG4,3.5,150.0,6.85,0.3,174.2629,27.5,Acetate,5.4,43.0,none,0.0,none,0.0,none,0.0,none,0.0,1.3,1.1,5.328944815581963,5.233705007477501,4.840608585957482,3.4926718316500054,3.2753637252511476,
260.0_p3conc_189.1_i32,Ibalizumab,mAb_IgG4,3.5,150.0,6.85,0.3,189.1481,27.5,Acetate,5.4,43.0,none,0.0,none,0.0,none,0.0,none,0.0,1.3,1.1,5.7448858473996145,5.7448858473996145,5.687761231468382,4.002564095240838,3.606377427399201,
260.0_p3conc_228.6_i33,Ibalizumab,mAb_IgG4,3.5,150.0,6.85,0.3,228.6457,27.5,Acetate,5.4,43.0,none,0.0,none,0.0,none,0.0,none,0.0,1.3,1.1,8.691157076418408,8.691157076418408,8.187820402362645,5.6985319111218296,4.326560054052417,
260.0_p3conc_275.1_i34,Ibalizumab,mAb_IgG4,3.5,150.0,6.85,0.3,275.0623,27.5,Acetate,5.4,43.0,none,0.0,none,0.0,none,0.0,none,0.0,1.3,1.1,14.900991617120194,14.187658543104323,12.535957049299228,7.500406609257228,6.343270712103362,
260.0_p3conc_322.4_i35,Ibalizumab,mAb_IgG4,3.5,150.0,6.85,0.3,322.371,27.5,Acetate,5.4,43.0,none,0.0,none,0.0,none,0.0,none,0.0,1.3,1.1,24.540646895915682,23.50827527821654,19.573035733310647,11.542439094420606,9.498078283814579,
260.0_p3conc_334.2_i36,Ibalizumab,mAb_IgG4,3.5,150.0,6.85,0.3,334.1743,27.5,Acetate,5.4,43.0,none,0.0,none,0.0,none,0.0,none,0.0,1.3,1.1,26.990797204295067,26.357564757490003,23.46380301007587,13.324242379989625,10.307906785076161,
260.0_p3conc_346.4_i37,Ibalizumab,mAb_IgG4,3.5,150.0,6.85,0.3,346.4105,27.5,Acetate,5.4,43.0,none,0.0,none,0.0,none,0.0,none,0.0,1.3,1.1,30.008325261161186,30.008325261161186,25.459826334662054,14.741594331126807,11.516081031477134,
260.0_p3conc_359.1_i38,Ibalizumab,mAb_IgG4,3.5,150.0,6.85,0.3,359.0939,27.5,Acetate,5.4,43.0,none,0.0,none,0.0,none,0.0,none,0.0,1.3,1.1,32.47075092156488,32.36966068169004,27.443595188022087,16.236218081949975,11.261637530174761,
260.0_p3conc_372.2_i39,Ibalizumab,mAb_IgG4,3.5,150.0,6.85,0.3,372.2417,27.5,Acetate,5.4,43.0,none,0.0,none,0.0,none,0.0,none,0.0,1.3,1.1,39.58222270948462,39.52354509745742,33.92748256383441,17.370013687797346,12.518017873772825,
260.0_p3conc_385.9_i40,Ibalizumab,mAb_IgG4,3.5,150.0,6.85,0.3,385.8718,27.5,Acetate,5.4,43.0,none,0.0,none,0.0,none,0.0,none,0.0,1.3,1.1,42.685847024047725,42.250426022130085,35.75887926214682,19.029433372843485,13.927620814893684,
286.0_p3conc_1.4_i0,Ibalizumab,mAb_IgG4,3.5,150.0,6.85,0.3,1.3619,27.5,Histidine,6.0,15.0,none,0.0,none,0.0,none,0.0,none,0.0,1.3,1.1,0.9662900818272006,0.91,0.91,0.91,0.91,
286.0_p3conc_1.9_i1,Ibalizumab,mAb_IgG4,3.5,150.0,6.85,0.3,1.8547,27.5,Histidine,6.0,15.0,none,0.0,none,0.0,none,0.0,none,0.0,1.3,1.1,0.91,0.91,0.91,0.91,0.91,
286.0_p3conc_2.5_i2,Ibalizumab,mAb_IgG4,3.5,150.0,6.85,0.3,2.5258,27.5,Histidine,6.0,15.0,none,0.0,none,0.0,none,0.0,none,0.0,1.3,1.1,0.91,0.91,0.91,0.91,0.91,
286.0_p3conc_3.4_i3,Ibalizumab,mAb_IgG4,3.5,150.0,6.85,0.3,3.4398,27.5,Histidine,6.0,15.0,none,0.0,none,0.0,none,0.0,none,0.0,1.3,1.1,0.91,0.91,0.91,0.91,0.91,
286.0_p3conc_4.7_i4,Ibalizumab,mAb_IgG4,3.5,150.0,6.85,0.3,4.6845,27.5,Histidine,6.0,15.0,none,0.0,none,0.0,none,0.0,none,0.0,1.3,1.1,0.91,0.91,0.91,0.91,0.91,
286.0_p3conc_6.4_i5,Ibalizumab,mAb_IgG4,3.5,150.0,6.85,0.3,6.3797,27.5,Histidine,6.0,15.0,none,0.0,none,0.0,none,0.0,none,0.0,1.3,1.1,0.91,0.91,0.91,0.91,0.91,
286.0_p3conc_8.7_i6,Ibalizumab,mAb_IgG4,3.5,150.0,6.85,0.3,8.6882,27.5,Histidine,6.0,15.0,none,0.0,none,0.0,none,0.0,none,0.0,1.3,1.1,0.91,0.91,0.91,0.91,0.91,
286.0_p3conc_11.8_i7,Ibalizumab,mAb_IgG4,3.5,150.0,6.85,0.3,11.8322,27.5,Histidine,6.0,15.0,none,0.0,none,0.0,none,0.0,none,0.0,1.3,1.1,0.91,0.91,0.91,0.91,0.91,
286.0_p3conc_16.1_i8,Ibalizumab,mAb_IgG4,3.5,150.0,6.85,0.3,16.1138,27.5,Histidine,6.0,15.0,none,0.0,none,0.0,none,0.0,none,0.0,1.3,1.1,0.91,0.91,0.91,0.91,0.91,
286.0_p3conc_21.9_i9,Ibalizumab,mAb_IgG4,3.5,150.0,6.85,0.3,21.9447,27.5,Histidine,6.0,15.0,none,0.0,none,0.0,none,0.0,none,0.0,1.3,1.1,0.91,0.91,0.91,0.91,0.91,
282.0_p3conc_29.9_i10,Ibalizumab,mAb_IgG4,3.5,150.0,6.85,0.3,29.8857,27.5,Histidine,6.0,15.0,none,0.0,none,0.0,none,0.0,none,0.0,1.3,1.1,0.9429747727659986,0.9429547668574846,0.9284996482979415,0.91,0.91,
282.0_p3conc_46.8_i11,Ibalizumab,mAb_IgG4,3.5,150.0,6.85,0.3,46.7808,27.5,Histidine,6.0,15.0,none,0.0,none,0.0,none,0.0,none,0.0,1.3,1.1,1.3159311093968193,1.3159311093968193,1.3159311093968193,1.1666578129716683,1.1505997049877967,
282.0_p3conc_54.7_i12,Ibalizumab,mAb_IgG4,3.5,150.0,6.85,0.3,54.7113,27.5,Histidine,6.0,15.0,none,0.0,none,0.0,none,0.0,none,0.0,1.3,1.1,1.5251270997114525,1.5251270997114525,1.5251270997114525,1.3508688764380592,1.180262392075733,
282.0_p3conc_55.4_i13,Ibalizumab,mAb_IgG4,3.5,150.0,6.85,0.3,55.428,27.5,Histidine,6.0,15.0,none,0.0,none,0.0,none,0.0,none,0.0,1.3,1.1,1.6838406695623,1.6051230132075027,1.6051230132075027,1.3805625221149702,1.2460662726730702,
282.0_p3conc_64.0_i14,Ibalizumab,mAb_IgG4,3.5,150.0,6.85,0.3,63.9862,27.5,Histidine,6.0,15.0,none,0.0,none,0.0,none,0.0,none,0.0,1.3,1.1,1.8830633002384187,1.8830633002384187,1.8830633002384187,1.4287809967923026,1.3501271616403616,
282.0_p3conc_74.8_i15,Ibalizumab,mAb_IgG4,3.5,150.0,6.85,0.3,74.8331,27.5,Histidine,6.0,15.0,none,0.0,none,0.0,none,0.0,none,0.0,1.3,1.1,2.3637845230921797,2.2334444682307706,2.2334444682307706,1.53370972074473,1.3516738054921433,
282.0_p3conc_75.5_i16,Ibalizumab,mAb_IgG4,3.5,150.0,6.85,0.3,75.4852,27.5,Histidine,6.0,15.0,none,0.0,none,0.0,none,0.0,none,0.0,1.3,1.1,2.2420165178845077,2.2420165178845077,2.102795617555428,1.6350526721718284,1.248715739071232,
282.0_p3conc_87.5_i17,Ibalizumab,mAb_IgG4,3.5,150.0,6.85,0.3,87.5191,27.5,Histidine,6.0,15.0,none,0.0,none,0.0,none,0.0,none,0.0,1.3,1.1,3.11572691413213,2.9464605430618125,2.716707442652995,1.779918136787309,1.5979957815926094,
282.0_p3conc_102.4_i18,Ibalizumab,mAb_IgG4,3.5,150.0,6.85,0.3,102.3555,27.5,Histidine,6.0,15.0,none,0.0,none,0.0,none,0.0,none,0.0,1.3,1.1,3.389207320301414,3.389207320301414,3.389207320301414,2.064247277784386,1.8092380691522392,
282.0_p3conc_102.8_i19,Ibalizumab,mAb_IgG4,3.5,150.0,6.85,0.3,102.8004,27.5,Histidine,6.0,15.0,none,0.0,none,0.0,none,0.0,none,0.0,1.3,1.1,3.3013229305238365,3.3013229305238365,3.3013229305238365,2.0951560617619465,1.7833626262281286,
282.0_p3conc_119.7_i20,Ibalizumab,mAb_IgG4,3.5,150.0,6.85,0.3,119.7071,27.5,Histidine,6.0,15.0,none,0.0,none,0.0,none,0.0,none,0.0,1.3,1.1,4.8378630736993715,4.516722049466443,4.516722049466443,2.632034468198319,2.0805697940161285,
259.0_p3conc_1.3_i0,Ibalizumab,mAb_IgG4,3.5,150.0,6.85,0.3,1.3129,27.5,Histidine,6.2,11.6,none,0.0,none,0.0,none,0.0,none,0.0,1.3,1.1,0.9213960151895177,0.91,0.91,0.91,0.91,
259.0_p3conc_1.5_i1,Ibalizumab,mAb_IgG4,3.5,150.0,6.85,0.3,1.4551,27.5,Histidine,6.2,11.6,none,0.0,none,0.0,none,0.0,none,0.0,1.3,1.1,0.91,0.91,0.91,0.91,0.91,
259.0_p3conc_1.7_i2,Ibalizumab,mAb_IgG4,3.5,150.0,6.85,0.3,1.7237,27.5,Histidine,6.2,11.6,none,0.0,none,0.0,none,0.0,none,0.0,1.3,1.1,0.91,0.91,0.91,0.91,0.91,
259.0_p3conc_2.1_i3,Ibalizumab,mAb_IgG4,3.5,150.0,6.85,0.3,2.1174,27.5,Histidine,6.2,11.6,none,0.0,none,0.0,none,0.0,none,0.0,1.3,1.1,0.91,0.91,0.91,0.91,0.91,
259.0_p3conc_2.3_i4,Ibalizumab,mAb_IgG4,3.5,150.0,6.85,0.3,2.2631,27.5,Histidine,6.2,11.6,none,0.0,none,0.0,none,0.0,none,0.0,1.3,1.1,0.9314588097882802,0.9314588097882802,0.9314588097882802,0.9314588097882802,0.9314588097882802,
259.0_p3conc_3.0_i5,Ibalizumab,mAb_IgG4,3.5,150.0,6.85,0.3,2.9712,27.5,Histidine,6.2,11.6,none,0.0,none,0.0,none,0.0,none,0.0,1.3,1.1,0.91,0.91,0.91,0.91,0.91,
259.0_p3conc_3.1_i6,Ibalizumab,mAb_IgG4,3.5,150.0,6.85,0.3,3.081,27.5,Histidine,6.2,11.6,none,0.0,none,0.0,none,0.0,none,0.0,1.3,1.1,1.009827113181224,0.9261658770183641,0.9261658770183641,0.91,0.91,
259.0_p3conc_3.9_i7,Ibalizumab,mAb_IgG4,3.5,150.0,6.85,0.3,3.9009,27.5,Histidine,6.2,11.6,none,0.0,none,0.0,none,0.0,none,0.0,1.3,1.1,0.9176010544145902,0.9176010544145902,0.9166412436392188,0.91,0.91,
259.0_p3conc_4.5_i8,Ibalizumab,mAb_IgG4,3.5,150.0,6.85,0.3,4.4833,27.5,Histidine,6.2,11.6,none,0.0,none,0.0,none,0.0,none,0.0,1.3,1.1,0.9140865407388968,0.91,0.91,0.91,0.91,
259.0_p3conc_5.1_i9,Ibalizumab,mAb_IgG4,3.5,150.0,6.85,0.3,5.1214,27.5,Histidine,6.2,11.6,none,0.0,none,0.0,none,0.0,none,0.0,1.3,1.1,0.982323840527011,0.982323840527011,0.982323840527011,0.91,0.91,
259.0_p3conc_6.5_i10,Ibalizumab,mAb_IgG4,3.5,150.0,6.85,0.3,6.5237,27.5,Histidine,6.2,11.6,none,0.0,none,0.0,none,0.0,none,0.0,1.3,1.1,0.9176184763937918,0.9176184763937918,0.9176184763937918,0.9176184763937918,0.9176184763937918,
259.0_p3conc_6.7_i11,Ibalizumab,mAb_IgG4,3.5,150.0,6.85,0.3,6.724,27.5,Histidine,6.2,11.6,none,0.0,none,0.0,none,0.0,none,0.0,1.3,1.1,0.9553372626163851,0.9225589233410973,0.91,0.91,0.91,
259.0_p3conc_8.8_i12,Ibalizumab,mAb_IgG4,3.5,150.0,6.85,0.3,8.8279,27.5,Histidine,6.2,11.6,none,0.0,none,0.0,none,0.0,none,0.0,1.3,1.1,0.9594246195589682,0.9212109639362412,0.9212109639362412,0.91,0.91,
259.0_p3conc_9.5_i13,Ibalizumab,mAb_IgG4,3.5,150.0,6.85,0.3,9.4928,27.5,Histidine,6.2,11.6,none,0.0,none,0.0,none,0.0,none,0.0,1.3,1.1,0.9286699210012169,0.9286699210012169,0.917099403296622,0.917099403296622,0.914469845104596,
259.0_p3conc_11.6_i14,Ibalizumab,mAb_IgG4,3.5,150.0,6.85,0.3,11.5901,27.5,Histidine,6.2,11.6,none,0.0,none,0.0,none,0.0,none,0.0,1.3,1.1,1.0349920070074896,1.011389209539197,0.9873931692572764,0.9395325739007441,0.9395325739007441,
259.0_p3conc_13.8_i15,Ibalizumab,mAb_IgG4,3.5,150.0,6.85,0.3,13.8131,27.5,Histidine,6.2,11.6,none,0.0,none,0.0,none,0.0,none,0.0,1.3,1.1,1.0436181589732783,1.0176100271049358,1.0176100271049358,1.0099827079282226,1.0099827079282226,
259.0_p3conc_15.2_i16,Ibalizumab,mAb_IgG4,3.5,150.0,6.85,0.3,15.2167,27.5,Histidine,6.2,11.6,none,0.0,none,0.0,none,0.0,none,0.0,1.3,1.1,1.0289720425903013,1.0289720425903013,0.9830360245189385,0.9770247269225398,0.9770247269225398,
259.0_p3conc_20.0_i17,Ibalizumab,mAb_IgG4,3.5,150.0,6.85,0.3,19.978,27.5,Histidine,6.2,11.6,none,0.0,none,0.0,none,0.0,none,0.0,1.3,1.1,1.0803166850315877,1.0803166850315877,1.0803166850315877,0.9637873404223786,0.9616805260508359,
259.0_p3conc_20.1_i18,Ibalizumab,mAb_IgG4,3.5,150.0,6.85,0.3,20.0998,27.5,Histidine,6.2,11.6,none,0.0,none,0.0,none,0.0,none,0.0,1.3,1.1,1.0758081629460023,1.0295705461269076,1.0295705461269076,1.0295705461269076,1.002841502115091,
259.0_p3conc_26.2_i19,Ibalizumab,mAb_IgG4,3.5,150.0,6.85,0.3,26.2292,27.5,Histidine,6.2,11.6,none,0.0,none,0.0,none,0.0,none,0.0,1.3,1.1,1.0931730166265883,1.0931730166265883,1.0931730166265883,1.0772654629366423,1.017905240392212,
259.0_p3conc_29.2_i20,Ibalizumab,mAb_IgG4,3.5,150.0,6.85,0.3,29.2476,27.5,Histidine,6.2,11.6,none,0.0,none,0.0,none,0.0,none,0.0,1.3,1.1,1.1331766324302046,1.1331766324302046,1.1331766324302046,1.105663942355635,0.9929589033231104,
259.0_p3conc_34.4_i21,Ibalizumab,mAb_IgG4,3.5,150.0,6.85,0.3,34.4363,27.5,Histidine,6.2,11.6,none,0.0,none,0.0,none,0.0,none,0.0,1.3,1.1,1.2275281980330883,1.2275281980330883,1.2275281980330883,1.169180593036717,1.1590234086087348,
259.0_p3conc_42.6_i22,Ibalizumab,mAb_IgG4,3.5,150.0,6.85,0.3,42.5587,27.5,Histidine,6.2,11.6,none,0.0,none,0.0,none,0.0,none,0.0,1.3,1.1,1.2831877939571557,1.2831877939571557,1.2303243185076371,1.2075632019951994,1.2045998402614286,
259.0_p3conc_45.2_i23,Ibalizumab,mAb_IgG4,3.5,150.0,6.85,0.3,45.2115,27.5,Histidine,6.2,11.6,none,0.0,none,0.0,none,0.0,none,0.0,1.3,1.1,1.2731889307760336,1.2573391944049395,1.2573391944049395,1.1995026467962784,1.1838934536698393,
259.0_p3conc_59.4_i24,Ibalizumab,mAb_IgG4,3.5,150.0,6.85,0.3,59.3582,27.5,Histidine,6.2,11.6,none,0.0,none,0.0,none,0.0,none,0.0,1.3,1.1,1.438988804966556,1.438988804966556,1.3686471860647975,1.3686471860647975,1.1952057729148948,
259.0_p3conc_61.9_i25,Ibalizumab,mAb_IgG4,3.5,150.0,6.85,0.3,61.928,27.5,Histidine,6.2,11.6,none,0.0,none,0.0,none,0.0,none,0.0,1.3,1.1,1.3815474175584699,1.3815474175584699,1.3815474175584699,1.2835519932699146,1.1614473428478924,
259.0_p3conc_77.9_i26,Ibalizumab,mAb_IgG4,3.5,150.0,6.85,0.3,77.9315,27.5,Histidine,6.2,11.6,none,0.0,none,0.0,none,0.0,none,0.0,1.3,1.1,1.7107245932331956,1.7107245932331956,1.7107245932331956,1.5024612541887008,1.395943797311921,
259.0_p3conc_90.1_i27,Ibalizumab,mAb_IgG4,3.5,150.0,6.85,0.3,90.1127,27.5,Histidine,6.2,11.6,none,0.0,none,0.0,none,0.0,none,0.0,1.3,1.1,1.889018255090701,1.7708670313910047,1.7404846775436678,1.6065943670439446,1.4453897474139854,
259.0_p3conc_102.3_i28,Ibalizumab,mAb_IgG4,3.5,150.0,6.85,0.3,102.3163,27.5,Histidine,6.2,11.6,none,0.0,none,0.0,none,0.0,none,0.0,1.3,1.1,2.1742680454157552,2.164908343061895,2.1069309450821034,1.7327164308142633,1.4572812062294016,
259.0_p3conc_131.1_i29,Ibalizumab,mAb_IgG4,3.5,150.0,6.85,0.3,131.1248,27.5,Histidine,6.2,11.6,none,0.0,none,0.0,none,0.0,none,0.0,1.3,1.1,2.6993180122937597,2.6993180122937597,2.3121149182802054,2.0359488867791993,1.7511986542766549,
259.0_p3conc_134.3_i30,Ibalizumab,mAb_IgG4,3.5,150.0,6.85,0.3,134.3312,27.5,Histidine,6.2,11.6,none,0.0,none,0.0,none,0.0,none,0.0,1.3,1.1,2.7340870051146,2.6204635192254035,2.6204635192254035,2.139299969780948,1.8252373847200296,
259.0_p3conc_176.4_i31,Ibalizumab,mAb_IgG4,3.5,150.0,6.85,0.3,176.3636,27.5,Histidine,6.2,11.6,none,0.0,none,0.0,none,0.0,none,0.0,1.3,1.1,3.715246222174725,3.715246222174725,3.528356621593992,2.8869600282971497,2.356244562170794,
259.0_p3conc_190.8_i32,Ibalizumab,mAb_IgG4,3.5,150.0,6.85,0.3,190.8025,27.5,Histidine,6.2,11.6,none,0.0,none,0.0,none,0.0,none,0.0,1.3,1.1,4.172403258082214,4.172403258082214,4.10319866474242,3.34272729062585,2.4045576817041545,
259.0_p3conc_231.5_i33,Ibalizumab,mAb_IgG4,3.5,150.0,6.85,0.3,231.5485,27.5,Histidine,6.2,11.6,none,0.0,none,0.0,none,0.0,none,0.0,1.3,1.1,5.50237859719005,5.50237859719005,5.50237859719005,4.0636831300148355,2.9811369459726125,
259.0_p3conc_277.6_i34,Ibalizumab,mAb_IgG4,3.5,150.0,6.85,0.3,277.6406,27.5,Histidine,6.2,11.6,none,0.0,none,0.0,none,0.0,none,0.0,1.3,1.1,8.805133650270177,8.613947246313325,8.231904776513108,5.686606273088275,3.949186433148685,
259.0_p3conc_326.4_i35,Ibalizumab,mAb_IgG4,3.5,150.0,6.85,0.3,326.4006,27.5,Histidine,6.2,11.6,none,0.0,none,0.0,none,0.0,none,0.0,1.3,1.1,13.535815471186126,13.021110585221782,12.143837307613225,7.116260399256471,4.978877227063383,
259.0_p3conc_338.2_i36,Ibalizumab,mAb_IgG4,3.5,150.0,6.85,0.3,338.212,27.5,Histidine,6.2,11.6,none,0.0,none,0.0,none,0.0,none,0.0,1.3,1.1,12.444506399150498,12.444506399150498,12.444506399150498,8.314844185975273,5.323759598752134,
259.0_p3conc_350.5_i37,Ibalizumab,mAb_IgG4,3.5,150.0,6.85,0.3,350.4508,27.5,Histidine,6.2,11.6,none,0.0,none,0.0,none,0.0,none,0.0,1.3,1.1,16.292657878640707,14.502493984659042,14.502493984659042,8.11807841128733,5.438322249563437,
259.0_p3conc_363.1_i38,Ibalizumab,mAb_IgG4,3.5,150.0,6.85,0.3,363.1332,27.5,Histidine,6.2,11.6,none,0.0,none,0.0,none,0.0,none,0.0,1.3,1.1,17.640681187862327,17.640681187862327,16.84313266367487,9.530587768939446,6.141800431155689,
259.0_p3conc_376.3_i39,Ibalizumab,mAb_IgG4,3.5,150.0,6.85,0.3,376.2738,27.5,Histidine,6.2,11.6,none,0.0,none,0.0,none,0.0,none,0.0,1.3,1.1,19.179621442376334,19.179621442376334,18.76142768342164,9.728588771938595,6.770993899305052,
259.0_p3conc_389.9_i40,Ibalizumab,mAb_IgG4,3.5,150.0,6.85,0.3,389.8908,27.5,Histidine,6.2,11.6,none,0.0,none,0.0,none,0.0,none,0.0,1.3,1.1,21.77183627302129,21.77183627302129,21.44457198113057,10.486699893029732,6.89217329663852,
496.0_p3conc_1.4_i0,Nivolumab,mAb_IgG4,3.5,146.0,8.1,0.3,1.3529,26.0,Histidine,6.0,14.5,none,0.0,none,0.0,none,0.0,none,0.0,1.3,1.1,0.91,0.91,0.91,0.91,0.91,
496.0_p3conc_1.8_i1,Nivolumab,mAb_IgG4,3.5,146.0,8.1,0.3,1.8304,26.0,Histidine,6.0,14.5,none,0.0,none,0.0,none,0.0,none,0.0,1.3,1.1,0.9984203221824726,0.9496194946572702,0.91,0.91,0.91,
496.0_p3conc_2.5_i2,Nivolumab,mAb_IgG4,3.5,146.0,8.1,0.3,2.4764,26.0,Histidine,6.0,14.5,none,0.0,none,0.0,none,0.0,none,0.0,1.3,1.1,0.9358716440771876,0.91,0.91,0.91,0.91,
496.0_p3conc_3.4_i3,Nivolumab,mAb_IgG4,3.5,146.0,8.1,0.3,3.3504,26.0,Histidine,6.0,14.5,none,0.0,none,0.0,none,0.0,none,0.0,1.3,1.1,0.91,0.91,0.91,0.91,0.91,
496.0_p3conc_4.5_i4,Nivolumab,mAb_IgG4,3.5,146.0,8.1,0.3,4.5328,26.0,Histidine,6.0,14.5,none,0.0,none,0.0,none,0.0,none,0.0,1.3,1.1,0.9220306981831692,0.91,0.91,0.91,0.91,
496.0_p3conc_6.1_i5,Nivolumab,mAb_IgG4,3.5,146.0,8.1,0.3,6.1325,26.0,Histidine,6.0,14.5,none,0.0,none,0.0,none,0.0,none,0.0,1.3,1.1,0.9871190206176796,0.9399346049849282,0.91,0.91,0.91,
496.0_p3conc_8.3_i6,Nivolumab,mAb_IgG4,3.5,146.0,8.1,0.3,8.2968,26.0,Histidine,6.0,14.5,none,0.0,none,0.0,none,0.0,none,0.0,1.3,1.1,0.9609351445681432,0.9299833248832503,0.9202436316992347,0.9128540914098736,0.9128540914098736,
496.0_p3conc_11.2_i7,Nivolumab,mAb_IgG4,3.5,146.0,8.1,0.3,11.225,26.0,Histidine,6.0,14.5,none,0.0,none,0.0,none,0.0,none,0.0,1.3,1.1,0.91,0.91,0.91,0.91,0.91,
496.0_p3conc_15.2_i8,Nivolumab,mAb_IgG4,3.5,146.0,8.1,0.3,15.1865,26.0,Histidine,6.0,14.5,none,0.0,none,0.0,none,0.0,none,0.0,1.3,1.1,0.9898260183382288,0.9898260183382288,0.9898260183382288,0.9898260183382288,0.9644724881371118,
496.0_p3conc_20.5_i9,Nivolumab,mAb_IgG4,3.5,146.0,8.1,0.3,20.5462,26.0,Histidine,6.0,14.5,none,0.0,none,0.0,none,0.0,none,0.0,1.3,1.1,0.9882631122419648,0.9797282209441184,0.9797282209441184,0.9677491269183143,0.9677491269183143,
496.0_p3conc_27.8_i10,Nivolumab,mAb_IgG4,3.5,146.0,8.1,0.3,27.7975,26.0,Histidine,6.0,14.5,none,0.0,none,0.0,none,0.0,none,0.0,1.3,1.1,1.0705554251153104,1.0705554251153104,1.0705554251153104,1.0705554251153104,1.0265969302442435,
496.0_p3conc_31.7_i11,Nivolumab,mAb_IgG4,3.5,146.0,8.1,0.3,31.67,26.0,Histidine,6.0,14.5,none,0.0,none,0.0,none,0.0,none,0.0,1.3,1.1,1.1276522435370033,1.0547577113437137,1.0547577113437137,1.0547577113437137,1.0547577113437137,
496.0_p3conc_37.6_i12,Nivolumab,mAb_IgG4,3.5,146.0,8.1,0.3,37.6078,26.0,Histidine,6.0,14.5,none,0.0,none,0.0,none,0.0,none,0.0,1.3,1.1,1.111325022531046,1.072982238320129,1.008603193708494,1.008603193708494,1.008603193708494,
496.0_p3conc_38.6_i13,Nivolumab,mAb_IgG4,3.5,146.0,8.1,0.3,38.5765,26.0,Histidine,6.0,14.5,none,0.0,none,0.0,none,0.0,none,0.0,1.3,1.1,1.0965031158525393,1.0965031158525393,1.0965031158525393,1.0505729073728902,1.0505729073728902,
496.0_p3conc_47.0_i14,Nivolumab,mAb_IgG4,3.5,146.0,8.1,0.3,46.9891,26.0,Histidine,6.0,14.5,none,0.0,none,0.0,none,0.0,none,0.0,1.3,1.1,1.0175319983544546,1.0175319983544546,1.0175319983544546,1.0175319983544546,1.0175319983544546,
496.0_p3conc_50.9_i15,Nivolumab,mAb_IgG4,3.5,146.0,8.1,0.3,50.8805,26.0,Histidine,6.0,14.5,none,0.0,none,0.0,none,0.0,none,0.0,1.3,1.1,1.20378476001719,1.20378476001719,1.1744747656598642,1.072464253499544,1.0653601808507687,
496.0_p3conc_57.2_i16,Nivolumab,mAb_IgG4,3.5,146.0,8.1,0.3,57.2364,26.0,Histidine,6.0,14.5,none,0.0,none,0.0,none,0.0,none,0.0,1.3,1.1,1.2514633025578563,1.1936777092684663,1.0942389891210456,1.0942389891210456,1.0942389891210456,
496.0_p3conc_68.8_i17,Nivolumab,mAb_IgG4,3.5,146.0,8.1,0.3,68.8373,26.0,Histidine,6.0,14.5,none,0.0,none,0.0,none,0.0,none,0.0,1.3,1.1,1.404576164788806,1.3186885368117287,1.276548694431235,1.276548694431235,1.1815334553093593,
496.0_p3conc_69.7_i18,Nivolumab,mAb_IgG4,3.5,146.0,8.1,0.3,69.7183,26.0,Histidine,6.0,14.5,none,0.0,none,0.0,none,0.0,none,0.0,1.3,1.1,1.3824813026358005,1.3303123944638002,1.298791471872391,1.222435030629574,1.222435030629574,
496.0_p3conc_84.9_i19,Nivolumab,mAb_IgG4,3.5,146.0,8.1,0.3,84.9222,26.0,Histidine,6.0,14.5,none,0.0,none,0.0,none,0.0,none,0.0,1.3,1.1,1.4394094131783788,1.3305594446149926,1.3305594446149926,1.2362053076673567,1.2362053076673567,
496.0_p3conc_93.1_i20,Nivolumab,mAb_IgG4,3.5,146.0,8.1,0.3,93.1316,26.0,Histidine,6.0,14.5,none,0.0,none,0.0,none,0.0,none,0.0,1.3,1.1,1.4823548176964731,1.4823548176964731,1.460070916975491,1.3630536102661077,1.3630536102661077,
496.0_p3conc_103.4_i21,Nivolumab,mAb_IgG4,3.5,146.0,8.1,0.3,103.4418,26.0,Histidine,6.0,14.5,none,0.0,none,0.0,none,0.0,none,0.0,1.3,1.1,1.6037103867992974,1.4334972843682465,1.4334972843682465,1.3251426162264395,1.3251426162264395,
494.0_p3conc_1.4_i0,Nivolumab,mAb_IgG4,3.5,146.0,8.1,0.3,1.3706,25.64,Histidine,6.1,14.0,none,0.0,none,0.0,none,0.0,none,0.0,1.3,1.1,0.91,0.91,0.91,0.91,0.91,
494.0_p3conc_1.9_i1,Nivolumab,mAb_IgG4,3.5,146.0,8.1,0.3,1.8784,25.64,Histidine,6.1,14.0,none,0.0,none,0.0,none,0.0,none,0.0,1.3,1.1,0.9273299535248748,0.91,0.91,0.91,0.91,
494.0_p3conc_2.2_i2,Nivolumab,mAb_IgG4,3.5,146.0,8.1,0.3,2.2288,25.64,Histidine,6.1,14.0,none,0.0,none,0.0,none,0.0,none,0.0,1.3,1.1,0.9125806838442907,0.91,0.91,0.91,0.91,
494.0_p3conc_2.6_i3,Nivolumab,mAb_IgG4,3.5,146.0,8.1,0.3,2.5745,25.64,Histidine,6.1,14.0,none,0.0,none,0.0,none,0.0,none,0.0,1.3,1.1,0.91,0.91,0.91,0.91,0.91,
494.0_p3conc_3.5_i4,Nivolumab,mAb_IgG4,3.5,146.0,8.1,0.3,3.5284,25.64,Histidine,6.1,14.0,none,0.0,none,0.0,none,0.0,none,0.0,1.3,1.1,0.9576652854335477,0.9189036646656729,0.9189036646656729,0.9189036646656729,0.9189036646656729,
494.0_p3conc_4.8_i5,Nivolumab,mAb_IgG4,3.5,146.0,8.1,0.3,4.8359,25.64,Histidine,6.1,14.0,none,0.0,none,0.0,none,0.0,none,0.0,1.3,1.1,0.925895344711426,0.9116459283541898,0.9116459283541898,0.91,0.91,
494.0_p3conc_5.0_i6,Nivolumab,mAb_IgG4,3.5,146.0,8.1,0.3,4.9676,25.64,Histidine,6.1,14.0,none,0.0,none,0.0,none,0.0,none,0.0,1.3,1.1,0.91,0.91,0.91,0.91,0.91,
494.0_p3conc_6.6_i7,Nivolumab,mAb_IgG4,3.5,146.0,8.1,0.3,6.6279,25.64,Histidine,6.1,14.0,none,0.0,none,0.0,none,0.0,none,0.0,1.3,1.1,0.91,0.91,0.91,0.91,0.91,
494.0_p3conc_9.1_i8,Nivolumab,mAb_IgG4,3.5,146.0,8.1,0.3,9.0839,25.64,Histidine,6.1,14.0,none,0.0,none,0.0,none,0.0,none,0.0,1.3,1.1,1.023664782836546,0.9512729188050417,0.9512729188050417,0.9372235941378786,0.91,
494.0_p3conc_11.1_i9,Nivolumab,mAb_IgG4,3.5,146.0,8.1,0.3,11.0718,25.64,Histidine,6.1,14.0,none,0.0,none,0.0,none,0.0,none,0.0,1.3,1.1,0.9874681440189925,0.9874681440189925,0.9333046556615314,0.9333046556615314,0.9333046556615314,
494.0_p3conc_12.4_i10,Nivolumab,mAb_IgG4,3.5,146.0,8.1,0.3,12.4499,25.64,Histidine,6.1,14.0,none,0.0,none,0.0,none,0.0,none,0.0,1.3,1.1,1.174129429174737,1.0646776872543742,0.9601023460533707,0.9601023460533707,0.9541405119658041,
494.0_p3conc_17.1_i11,Nivolumab,mAb_IgG4,3.5,146.0,8.1,0.3,17.0633,25.64,Histidine,6.1,14.0,none,0.0,none,0.0,none,0.0,none,0.0,1.3,1.1,1.0821789645138178,1.0821789645138178,1.0514347811816802,1.0514347811816802,0.9565894323339517,
494.0_p3conc_23.4_i12,Nivolumab,mAb_IgG4,3.5,146.0,8.1,0.3,23.3861,25.64,Histidine,6.1,14.0,none,0.0,none,0.0,none,0.0,none,0.0,1.3,1.1,1.2594216456715333,1.1757945346620708,1.0495254979468338,1.0495254979468338,0.915220192752106,
494.0_p3conc_24.7_i13,Nivolumab,mAb_IgG4,3.5,146.0,8.1,0.3,24.6769,25.64,Histidine,6.1,14.0,none,0.0,none,0.0,none,0.0,none,0.0,1.3,1.1,1.162774339315674,1.162774339315674,1.162774339315674,1.1602624286046959,1.071893272387362,
494.0_p3conc_32.1_i14,Nivolumab,mAb_IgG4,3.5,146.0,8.1,0.3,32.0518,25.64,Histidine,6.1,14.0,none,0.0,none,0.0,none,0.0,none,0.0,1.3,1.1,1.2924611326244417,1.2924611326244417,1.2002850491119277,1.1737460087210487,1.03922536655144,
494.0_p3conc_43.9_i15,Nivolumab,mAb_IgG4,3.5,146.0,8.1,0.3,43.9288,25.64,Histidine,6.1,14.0,none,0.0,none,0.0,none,0.0,none,0.0,1.3,1.1,1.5060976300639,1.492130759033736,1.2909174553905993,1.2502604184630841,1.099367146236444,
494.0_p3conc_60.2_i16,Nivolumab,mAb_IgG4,3.5,146.0,8.1,0.3,60.2067,25.64,Histidine,6.1,14.0,none,0.0,none,0.0,none,0.0,none,0.0,1.3,1.1,1.8262406427053623,1.8262406427053623,1.3029500847835538,1.3029500847835538,1.1926151031907355,
494.0_p3conc_62.6_i17,Nivolumab,mAb_IgG4,3.5,146.0,8.1,0.3,62.605,25.64,Histidine,6.1,14.0,none,0.0,none,0.0,none,0.0,none,0.0,1.3,1.1,1.98338168158497,1.8757269211062233,1.5386479693365218,1.4430265046931088,1.2478009816079774,
494.0_p3conc_71.3_i18,Nivolumab,mAb_IgG4,3.5,146.0,8.1,0.3,71.2615,25.64,Histidine,6.1,14.0,none,0.0,none,0.0,none,0.0,none,0.0,1.3,1.1,2.054843408539392,2.054843408539392,1.7701883086348393,1.3256837457532205,1.168413065138338,
494.0_p3conc_81.1_i19,Nivolumab,mAb_IgG4,3.5,146.0,8.1,0.3,81.115,25.64,Histidine,6.1,14.0,none,0.0,none,0.0,none,0.0,none,0.0,1.3,1.1,2.5035563916144508,2.4608855448929994,1.8227000820467585,1.5304568783116403,1.2048124211891764,
494.0_p3conc_82.5_i20,Nivolumab,mAb_IgG4,3.5,146.0,8.1,0.3,82.5163,25.64,Histidine,6.1,14.0,none,0.0,none,0.0,none,0.0,none,0.0,1.3,1.1,2.315214241613554,2.315214241613554,1.7490060073680447,1.5846288565646567,1.2187704471317276,
494.0_p3conc_92.3_i21,Nivolumab,mAb_IgG4,3.5,146.0,8.1,0.3,92.3309,25.64,Histidine,6.1,14.0,none,0.0,none,0.0,none,0.0,none,0.0,1.3,1.1,2.7766619722315875,2.6055115711898456,1.9457417262833157,1.5595167235620866,1.218484786764777,
494.0_p3conc_105.1_i22,Nivolumab,mAb_IgG4,3.5,146.0,8.1,0.3,105.0976,25.64,Histidine,6.1,14.0,none,0.0,none,0.0,none,0.0,none,0.0,1.3,1.1,3.105904997671409,2.921000024247039,2.3963312741871934,1.670459647545352,1.3314235807463572,
494.0_p3conc_113.1_i23,Nivolumab,mAb_IgG4,3.5,146.0,8.1,0.3,113.0931,25.64,Histidine,6.1,14.0,none,0.0,none,0.0,none,0.0,none,0.0,1.3,1.1,3.4143396822603758,3.3548263809025807,2.210174399031097,1.8549669486005513,1.3627941085981579,
494.0_p3conc_119.6_i24,Nivolumab,mAb_IgG4,3.5,146.0,8.1,0.3,119.6297,25.64,Histidine,6.1,14.0,none,0.0,none,0.0,none,0.0,none,0.0,1.3,1.1,3.636691992261752,3.636691992261752,2.465070261524732,2.1394698921083504,1.4988765558770332,
494.0_p3conc_136.2_i25,Nivolumab,mAb_IgG4,3.5,146.0,8.1,0.3,136.1714,25.64,Histidine,6.1,14.0,none,0.0,none,0.0,none,0.0,none,0.0,1.3,1.1,4.714263649018295,3.9367454401611814,2.7817102993562157,2.4058087082352784,1.524044978480609,
495.0_p3conc_1.4_i0,Nivolumab,mAb_IgG4,3.5,146.0,8.1,0.3,1.4017,24.47,Histidine,6.2,13.3,none,0.0,none,0.0,none,0.0,none,0.0,1.3,1.1,0.9908455908252515,0.9782258497036623,0.91,0.91,0.91,
495.0_p3conc_1.7_i1,Nivolumab,mAb_IgG4,3.5,146.0,8.1,0.3,1.7054,24.47,Histidine,6.2,13.3,none,0.0,none,0.0,none,0.0,none,0.0,1.3,1.1,0.91,0.91,0.91,0.91,0.91,
495.0_p3conc_2.0_i2,Nivolumab,mAb_IgG4,3.5,146.0,8.1,0.3,1.9647,24.47,Histidine,6.2,13.3,none,0.0,none,0.0,none,0.0,none,0.0,1.3,1.1,0.9456314654452254,0.91,0.91,0.91,0.91,
495.0_p3conc_2.8_i3,Nivolumab,mAb_IgG4,3.5,146.0,8.1,0.3,2.7539,24.47,Histidine,6.2,13.3,none,0.0,none,0.0,none,0.0,none,0.0,1.3,1.1,0.91,0.91,0.91,0.91,0.91,
495.0_p3conc_2.9_i4,Nivolumab,mAb_IgG4,3.5,146.0,8.1,0.3,2.9083,24.47,Histidine,6.2,13.3,none,0.0,none,0.0,none,0.0,none,0.0,1.3,1.1,0.9291171830210057,0.9291171830210057,0.9291171830210057,0.9291171830210057,0.91,
495.0_p3conc_3.9_i5,Nivolumab,mAb_IgG4,3.5,146.0,8.1,0.3,3.86,24.47,Histidine,6.2,13.3,none,0.0,none,0.0,none,0.0,none,0.0,1.3,1.1,0.9520806020419366,0.91,0.91,0.91,0.91,
495.0_p3conc_5.0_i6,Nivolumab,mAb_IgG4,3.5,146.0,8.1,0.3,4.9597,24.47,Histidine,6.2,13.3,none,0.0,none,0.0,none,0.0,none,0.0,1.3,1.1,0.91,0.91,0.91,0.91,0.91,
495.0_p3conc_5.4_i7,Nivolumab,mAb_IgG4,3.5,146.0,8.1,0.3,5.4105,24.47,Histidine,6.2,13.3,none,0.0,none,0.0,none,0.0,none,0.0,1.3,1.1,0.9737753138167689,0.9737753138167689,0.9264679326135491,0.9264679326135491,0.91,
495.0_p3conc_7.6_i8,Nivolumab,mAb_IgG4,3.5,146.0,8.1,0.3,7.5837,24.47,Histidine,6.2,13.3,none,0.0,none,0.0,none,0.0,none,0.0,1.3,1.1,1.0865932308306587,1.0138135832409663,0.9588442162698994,0.9346403392447274,0.9346403392447274,
495.0_p3conc_8.5_i9,Nivolumab,mAb_IgG4,3.5,146.0,8.1,0.3,8.4581,24.47,Histidine,6.2,13.3,none,0.0,none,0.0,none,0.0,none,0.0,1.3,1.1,0.9640184078816423,0.9640184078816423,0.9217578309974996,0.9217578309974996,0.9217578309974996,
495.0_p3conc_10.6_i10,Nivolumab,mAb_IgG4,3.5,146.0,8.1,0.3,10.6299,24.47,Histidine,6.2,13.3,none,0.0,none,0.0,none,0.0,none,0.0,1.3,1.1,0.9949692517554157,0.9949692517554157,0.9898450206821299,0.9898450206821299,0.9880909370929545,
495.0_p3conc_14.4_i11,Nivolumab,mAb_IgG4,3.5,146.0,8.1,0.3,14.4241,24.47,Histidine,6.2,13.3,none,0.0,none,0.0,none,0.0,none,0.0,1.3,1.1,1.0586101926277416,0.91,0.91,0.91,0.91,
495.0_p3conc_14.9_i12,Nivolumab,mAb_IgG4,3.5,146.0,8.1,0.3,14.8996,24.47,Histidine,6.2,13.3,none,0.0,none,0.0,none,0.0,none,0.0,1.3,1.1,1.1165495820491926,1.0000687502045014,1.0000687502045014,1.0000687502045014,1.0000687502045014,
495.0_p3conc_20.9_i13,Nivolumab,mAb_IgG4,3.5,146.0,8.1,0.3,20.8845,24.47,Histidine,6.2,13.3,none,0.0,none,0.0,none,0.0,none,0.0,1.3,1.1,1.111327748057576,1.111327748057576,1.111327748057576,1.110754539778273,1.0211430414498155,
495.0_p3conc_24.6_i14,Nivolumab,mAb_IgG4,3.5,146.0,8.1,0.3,24.5984,24.47,Histidine,6.2,13.3,none,0.0,none,0.0,none,0.0,none,0.0,1.3,1.1,1.1916770112114272,1.0600535362425836,1.0600535362425836,1.0600535362425836,1.0600535362425836,
495.0_p3conc_29.3_i15,Nivolumab,mAb_IgG4,3.5,146.0,8.1,0.3,29.2733,24.47,Histidine,6.2,13.3,none,0.0,none,0.0,none,0.0,none,0.0,1.3,1.1,1.1912556048160072,1.146365554820599,1.146365554820599,1.1313351112573102,0.9766851557198356,
495.0_p3conc_41.0_i16,Nivolumab,mAb_IgG4,3.5,146.0,8.1,0.3,41.0316,24.47,Histidine,6.2,13.3,none,0.0,none,0.0,none,0.0,none,0.0,1.3,1.1,1.394779234199221,1.3868324473791236,1.3485639898048478,1.3485639898048478,1.1059761405357114,
495.0_p3conc_41.9_i17,Nivolumab,mAb_IgG4,3.5,146.0,8.1,0.3,41.9492,24.47,Histidine,6.2,13.3,none,0.0,none,0.0,none,0.0,none,0.0,1.3,1.1,1.2742615756653708,1.2742615756653708,1.2742615756653708,1.2742615756653708,1.142078281405751,
495.0_p3conc_57.5_i18,Nivolumab,mAb_IgG4,3.5,146.0,8.1,0.3,57.5129,24.47,Histidine,6.2,13.3,none,0.0,none,0.0,none,0.0,none,0.0,1.3,1.1,1.542057596751063,1.4597881844418106,1.4597881844418106,1.4597881844418106,1.26482001012935,
495.0_p3conc_71.5_i19,Nivolumab,mAb_IgG4,3.5,146.0,8.1,0.3,71.5389,24.47,Histidine,6.2,13.3,none,0.0,none,0.0,none,0.0,none,0.0,1.3,1.1,1.766437852765873,1.766437852765873,1.766437852765873,1.766437852765873,1.2609955961123809,
495.0_p3conc_80.6_i20,Nivolumab,mAb_IgG4,3.5,146.0,8.1,0.3,80.6143,24.47,Histidine,6.2,13.3,none,0.0,none,0.0,none,0.0,none,0.0,1.3,1.1,2.1333981801944164,2.1333981801944164,1.9080204500804903,1.9080204500804903,1.389693107262263,
495.0_p3conc_113.0_i21,Nivolumab,mAb_IgG4,3.5,146.0,8.1,0.3,112.9949,24.47,Histidine,6.2,13.3,none,0.0,none,0.0,none,0.0,none,0.0,1.3,1.1,2.5112935701973464,2.5112935701973464,2.5112935701973464,2.4520672903923795,1.7108688764398308,
495.0_p3conc_131.5_i22,Nivolumab,mAb_IgG4,3.5,146.0,8.1,0.3,131.4798,24.47,Histidine,6.2,13.3,none,0.0,none,0.0,none,0.0,none,0.0,1.3,1.1,3.287226750195975,3.216999342582981,2.9959138402984142,2.9959138402984142,1.850280702800391,
495.0_p3conc_141.7_i23,Nivolumab,mAb_IgG4,3.5,146.0,8.1,0.3,141.6961,24.47,Histidine,6.2,13.3,none,0.0,none,0.0,none,0.0,none,0.0,1.3,1.1,3.3988016550993,3.3988016550993,3.3988016550993,3.3988016550993,1.9377493987221714,
495.0_p3conc_152.7_i24,Nivolumab,mAb_IgG4,3.5,146.0,8.1,0.3,152.7063,24.47,Histidine,6.2,13.3,none,0.0,none,0.0,none,0.0,none,0.0,1.3,1.1,3.8172651587859283,3.8172651587859283,3.8172651587859283,3.8172651587859283,2.2106840935673353,
495.0_p3conc_158.4_i25,Nivolumab,mAb_IgG4,3.5,146.0,8.1,0.3,158.3821,24.47,Histidine,6.2,13.3,none,0.0,none,0.0,none,0.0,none,0.0,1.3,1.1,4.4545906983922,4.37836605691063,3.9476295133201402,3.9476295133201402,2.154862251555025,
495.0_p3conc_164.6_i26,Nivolumab,mAb_IgG4,3.5,146.0,8.1,0.3,164.572,24.47,Histidine,6.2,13.3,none,0.0,none,0.0,none,0.0,none,0.0,1.3,1.1,4.257456535534685,4.257456535534685,4.257456535534685,4.064222403291483,2.3764863416933433,
495.0_p3conc_177.4_i27,Nivolumab,mAb_IgG4,3.5,146.0,8.1,0.3,177.3601,24.47,Histidine,6.2,13.3,none,0.0,none,0.0,none,0.0,none,0.0,1.3,1.1,5.5674424361768065,5.1773675816745115,4.509431959407822,4.509431959407822,2.3976949310210256,
495.0_p3conc_191.1_i28,Nivolumab,mAb_IgG4,3.5,146.0,8.1,0.3,191.1415,24.47,Histidine,6.2,13.3,none,0.0,none,0.0,none,0.0,none,0.0,1.3,1.1,5.735190102085361,5.735190102085361,4.9431269114753364,4.9431269114753364,2.6602957568585333,
495.0_p3conc_206.0_i29,Nivolumab,mAb_IgG4,3.5,146.0,8.1,0.3,205.9937,24.47,Histidine,6.2,13.3,none,0.0,none,0.0,none,0.0,none,0.0,1.3,1.1,6.821033907555937,6.821033907555937,6.660317870619539,6.363273410575477,2.970766854448211,
502.0_p3conc_1.4_i0,Nivolumab,mAb_IgG4,3.5,146.0,8.1,0.3,1.3804,25.29,Histidine,6.3,11.0,none,0.0,none,0.0,none,0.0,none,0.0,1.3,1.1,0.91,0.91,0.91,0.91,0.91,
502.0_p3conc_1.4_i1,Nivolumab,mAb_IgG4,3.5,146.0,8.1,0.3,1.4395,25.29,Histidine,6.3,11.0,none,0.0,none,0.0,none,0.0,none,0.0,1.3,1.1,0.9599898384638978,0.91,0.91,0.91,0.91,
502.0_p3conc_1.9_i2,Nivolumab,mAb_IgG4,3.5,146.0,8.1,0.3,1.9056,25.29,Histidine,6.3,11.0,none,0.0,none,0.0,none,0.0,none,0.0,1.3,1.1,0.9276274382477313,0.9276274382477313,0.9276274382477313,0.91,0.91,
502.0_p3conc_2.1_i3,Nivolumab,mAb_IgG4,3.5,146.0,8.1,0.3,2.0722,25.29,Histidine,6.3,11.0,none,0.0,none,0.0,none,0.0,none,0.0,1.3,1.1,0.9131761260197535,0.9131761260197535,0.91,0.91,0.91,
502.0_p3conc_2.6_i4,Nivolumab,mAb_IgG4,3.5,146.0,8.1,0.3,2.6305,25.29,Histidine,6.3,11.0,none,0.0,none,0.0,none,0.0,none,0.0,1.3,1.1,0.91,0.91,0.91,0.91,0.91,
502.0_p3conc_3.0_i5,Nivolumab,mAb_IgG4,3.5,146.0,8.1,0.3,2.983,25.29,Histidine,6.3,11.0,none,0.0,none,0.0,none,0.0,none,0.0,1.3,1.1,0.9317211120395145,0.91,0.91,0.91,0.91,
502.0_p3conc_3.6_i6,Nivolumab,mAb_IgG4,3.5,146.0,8.1,0.3,3.6312,25.29,Histidine,6.3,11.0,none,0.0,none,0.0,none,0.0,none,0.0,1.3,1.1,0.9343771100113525,0.9343771100113525,0.91,0.91,0.91,
502.0_p3conc_4.3_i7,Nivolumab,mAb_IgG4,3.5,146.0,8.1,0.3,4.2941,25.29,Histidine,6.3,11.0,none,0.0,none,0.0,none,0.0,none,0.0,1.3,1.1,0.9427059344632623,0.9359958868818253,0.9359958868818253,0.9184901828415937,0.9184901828415937,
502.0_p3conc_5.0_i8,Nivolumab,mAb_IgG4,3.5,146.0,8.1,0.3,5.0126,25.29,Histidine,6.3,11.0,none,0.0,none,0.0,none,0.0,none,0.0,1.3,1.1,0.9457992530947442,0.9435178677833257,0.9435178677833257,0.9435178677833257,0.9435178677833257,
502.0_p3conc_6.2_i9,Nivolumab,mAb_IgG4,3.5,146.0,8.1,0.3,6.1814,25.29,Histidine,6.3,11.0,none,0.0,none,0.0,none,0.0,none,0.0,1.3,1.1,0.9702352517762639,0.9569500916960865,0.9569500916960865,0.9347801399686367,0.932641784609466,
502.0_p3conc_6.9_i10,Nivolumab,mAb_IgG4,3.5,146.0,8.1,0.3,6.9195,25.29,Histidine,6.3,11.0,none,0.0,none,0.0,none,0.0,none,0.0,1.3,1.1,1.0819869983840111,0.9413313650873305,0.9413313650873305,0.9413313650873305,0.9413313650873305,
502.0_p3conc_8.9_i11,Nivolumab,mAb_IgG4,3.5,146.0,8.1,0.3,8.8983,25.29,Histidine,6.3,11.0,none,0.0,none,0.0,none,0.0,none,0.0,1.3,1.1,0.99661203432518,0.99661203432518,0.9280830177960848,0.9280830177960848,0.9280830177960848,
502.0_p3conc_9.6_i12,Nivolumab,mAb_IgG4,3.5,146.0,8.1,0.3,9.5518,25.29,Histidine,6.3,11.0,none,0.0,none,0.0,none,0.0,none,0.0,1.3,1.1,0.9640699632452866,0.9146795176744941,0.9146795176744941,0.9146795176744941,0.9146795176744941,
502.0_p3conc_12.8_i13,Nivolumab,mAb_IgG4,3.5,146.0,8.1,0.3,12.8092,25.29,Histidine,6.3,11.0,none,0.0,none,0.0,none,0.0,none,0.0,1.3,1.1,1.093572330411794,0.9741663487612543,0.9741663487612543,0.9741663487612543,0.9741663487612543,
502.0_p3conc_13.2_i14,Nivolumab,mAb_IgG4,3.5,146.0,8.1,0.3,13.1856,25.29,Histidine,6.3,11.0,none,0.0,none,0.0,none,0.0,none,0.0,1.3,1.1,1.0089851719975873,1.0089851719975873,1.0089851719975873,0.9954560286523679,0.9954560286523679,
502.0_p3conc_18.2_i15,Nivolumab,mAb_IgG4,3.5,146.0,8.1,0.3,18.2017,25.29,Histidine,6.3,11.0,none,0.0,none,0.0,none,0.0,none,0.0,1.3,1.1,1.1883402772849574,1.1793061658146131,1.1577958414871692,1.0846334507328474,1.0781136298681717,
502.0_p3conc_18.4_i16,Nivolumab,mAb_IgG4,3.5,146.0,8.1,0.3,18.4391,25.29,Histidine,6.3,11.0,none,0.0,none,0.0,none,0.0,none,0.0,1.3,1.1,1.1668909753400372,1.1450019371617428,1.0995001804475075,1.087632942886839,1.048745525152738,
502.0_p3conc_25.1_i17,Nivolumab,mAb_IgG4,3.5,146.0,8.1,0.3,25.126,25.29,Histidine,6.3,11.0,none,0.0,none,0.0,none,0.0,none,0.0,1.3,1.1,1.408264284337203,1.2571270537151624,1.195082053208505,1.156849200234258,1.0775105297643308,
502.0_p3conc_26.5_i18,Nivolumab,mAb_IgG4,3.5,146.0,8.1,0.3,26.5434,25.29,Histidine,6.3,11.0,none,0.0,none,0.0,none,0.0,none,0.0,1.3,1.1,1.4181010888772543,1.2395386152752175,1.2395386152752175,1.2009027713070957,1.128156748944586,
502.0_p3conc_34.7_i19,Nivolumab,mAb_IgG4,3.5,146.0,8.1,0.3,34.6846,25.29,Histidine,6.3,11.0,none,0.0,none,0.0,none,0.0,none,0.0,1.3,1.1,1.484307134521594,1.364992843521869,1.3444183825793723,1.3444183825793723,1.2442804036139967,
502.0_p3conc_38.2_i20,Nivolumab,mAb_IgG4,3.5,146.0,8.1,0.3,38.2097,25.29,Histidine,6.3,11.0,none,0.0,none,0.0,none,0.0,none,0.0,1.3,1.1,1.5562576988645935,1.5203329174953935,1.4778403328154286,1.4778403328154286,1.2253590249173858,
502.0_p3conc_47.9_i21,Nivolumab,mAb_IgG4,3.5,146.0,8.1,0.3,47.8794,25.29,Histidine,6.3,11.0,none,0.0,none,0.0,none,0.0,none,0.0,1.3,1.1,1.7549473784335292,1.5524139350352857,1.5524139350352857,1.4788151956189046,1.40029395549017,
502.0_p3conc_55.0_i22,Nivolumab,mAb_IgG4,3.5,146.0,8.1,0.3,55.0037,25.29,Histidine,6.3,11.0,none,0.0,none,0.0,none,0.0,none,0.0,1.3,1.1,1.6720876195470058,1.6720876195470058,1.5540253345432882,1.5540253345432882,1.3661302810626623,
502.0_p3conc_66.1_i23,Nivolumab,mAb_IgG4,3.5,146.0,8.1,0.3,66.094,25.29,Histidine,6.3,11.0,none,0.0,none,0.0,none,0.0,none,0.0,1.3,1.1,2.326758816618476,2.134821961797351,1.9710370328474613,1.9710370328474613,1.527286222092937,
502.0_p3conc_79.2_i24,Nivolumab,mAb_IgG4,3.5,146.0,8.1,0.3,79.1788,25.29,Histidine,6.3,11.0,none,0.0,none,0.0,none,0.0,none,0.0,1.3,1.1,2.607312555726633,2.3454201216001964,2.3034447755140253,2.159005527557299,1.6967784547330462,
502.0_p3conc_91.2_i25,Nivolumab,mAb_IgG4,3.5,146.0,8.1,0.3,91.2376,25.29,Histidine,6.3,11.0,none,0.0,none,0.0,none,0.0,none,0.0,1.3,1.1,3.07183295962866,3.07183295962866,2.851980168079996,2.27522795915966,1.8860013533759623,
502.0_p3conc_114.0_i26,Nivolumab,mAb_IgG4,3.5,146.0,8.1,0.3,113.9796,25.29,Histidine,6.3,11.0,none,0.0,none,0.0,none,0.0,none,0.0,1.3,1.1,3.8869162026896618,3.7042112318649214,3.583367233320821,3.2498108825464658,2.09521183627991,
502.0_p3conc_125.9_i27,Nivolumab,mAb_IgG4,3.5,146.0,8.1,0.3,125.9465,25.29,Histidine,6.3,11.0,none,0.0,none,0.0,none,0.0,none,0.0,1.3,1.1,4.926480454993399,4.230781336076503,4.230781336076503,4.230781336076503,2.3089791355511773,
502.0_p3conc_164.1_i28,Nivolumab,mAb_IgG4,3.5,146.0,8.1,0.3,164.0756,25.29,Histidine,6.3,11.0,none,0.0,none,0.0,none,0.0,none,0.0,1.3,1.1,8.042127637884855,6.55296263420845,6.55296263420845,6.151554007645316,3.4350650573916033,
502.0_p3conc_173.9_i29,Nivolumab,mAb_IgG4,3.5,146.0,8.1,0.3,173.8597,25.29,Histidine,6.3,11.0,none,0.0,none,0.0,none,0.0,none,0.0,1.3,1.1,9.326680153875374,8.692838413289728,8.692838413289728,7.234353956173533,3.5060580865247637,
502.0_p3conc_261.8_i30,Nivolumab,mAb_IgG4,3.5,146.0,8.1,0.3,261.8352,25.29,Histidine,6.3,11.0,none,0.0,none,0.0,none,0.0,none,0.0,1.3,1.1,28.36287784056302,25.294473265887206,22.482883513567,18.835676063727067,6.840549366876546,
502.0_p3conc_273.5_i31,Nivolumab,mAb_IgG4,3.5,146.0,8.1,0.3,273.4872,25.29,Histidine,6.3,11.0,none,0.0,none,0.0,none,0.0,none,0.0,1.3,1.1,35.34591172588087,31.101212342576314,27.02982872260985,20.20273868989982,8.363753844932917,
502.0_p3conc_285.7_i32,Nivolumab,mAb_IgG4,3.5,146.0,8.1,0.3,285.6571,25.29,Histidine,6.3,11.0,none,0.0,none,0.0,none,0.0,none,0.0,1.3,1.1,38.305640806450405,34.451864408109785,31.542248565989894,24.30143343392454,8.800175508415798,
502.0_p3conc_298.4_i33,Nivolumab,mAb_IgG4,3.5,146.0,8.1,0.3,298.3692,25.29,Histidine,6.3,11.0,none,0.0,none,0.0,none,0.0,none,0.0,1.3,1.1,50.96396077112436,41.09893617672515,36.40557871812678,27.59661506775353,9.38637077327344,
502.0_p3conc_311.6_i34,Nivolumab,mAb_IgG4,3.5,146.0,8.1,0.3,311.6463,25.29,Histidine,6.3,11.0,none,0.0,none,0.0,none,0.0,none,0.0,1.3,1.1,61.420830488913545,47.372215402010546,45.428228349267854,32.80291187500865,10.47365667374012,
502.0_p3conc_325.5_i35,Nivolumab,mAb_IgG4,3.5,146.0,8.1,0.3,325.5142,25.29,Histidine,6.3,11.0,none,0.0,none,0.0,none,0.0,none,0.0,1.3,1.1,73.43319726343624,56.3780163320088,53.48265901201136,38.83934971503148,11.652795724204891,
493.0_p3conc_1.4_i0,Nivolumab,mAb_IgG4,3.5,146.0,8.1,0.3,1.4183,25.25,Histidine,6.3,12.5,none,0.0,none,0.0,none,0.0,none,0.0,1.3,1.1,0.9360097598127917,0.9360097598127917,0.9360097598127917,0.9360097598127917,0.9324907638701817,
493.0_p3conc_1.5_i1,Nivolumab,mAb_IgG4,3.5,146.0,8.1,0.3,1.5326,25.25,Histidine,6.3,12.5,none,0.0,none,0.0,none,0.0,none,0.0,1.3,1.1,0.91,0.91,0.91,0.91,0.91,
493.0_p3conc_2.0_i2,Nivolumab,mAb_IgG4,3.5,146.0,8.1,0.3,2.0115,25.25,Histidine,6.3,12.5,none,0.0,none,0.0,none,0.0,none,0.0,1.3,1.1,0.91,0.91,0.91,0.91,0.91,
493.0_p3conc_2.3_i3,Nivolumab,mAb_IgG4,3.5,146.0,8.1,0.3,2.349,25.25,Histidine,6.3,12.5,none,0.0,none,0.0,none,0.0,none,0.0,1.3,1.1,0.9102825197836937,0.91,0.91,0.91,0.91,
493.0_p3conc_2.9_i4,Nivolumab,mAb_IgG4,3.5,146.0,8.1,0.3,2.8528,25.25,Histidine,6.3,12.5,none,0.0,none,0.0,none,0.0,none,0.0,1.3,1.1,0.9212846228216022,0.9212846228216022,0.9212846228216022,0.9212846228216022,0.9212846228216022,
493.0_p3conc_3.6_i5,Nivolumab,mAb_IgG4,3.5,146.0,8.1,0.3,3.6002,25.25,Histidine,6.3,12.5,none,0.0,none,0.0,none,0.0,none,0.0,1.3,1.1,0.9605075661688516,0.9464645432753508,0.9464645432753508,0.9106268215714989,0.9106268215714989,
493.0_p3conc_4.0_i6,Nivolumab,mAb_IgG4,3.5,146.0,8.1,0.3,4.0461,25.25,Histidine,6.3,12.5,none,0.0,none,0.0,none,0.0,none,0.0,1.3,1.1,0.9848848562909497,0.9839551862533589,0.91,0.91,0.91,
493.0_p3conc_5.5_i7,Nivolumab,mAb_IgG4,3.5,146.0,8.1,0.3,5.5179,25.25,Histidine,6.3,12.5,none,0.0,none,0.0,none,0.0,none,0.0,1.3,1.1,0.91,0.91,0.91,0.91,0.91,
493.0_p3conc_5.7_i8,Nivolumab,mAb_IgG4,3.5,146.0,8.1,0.3,5.7384,25.25,Histidine,6.3,12.5,none,0.0,none,0.0,none,0.0,none,0.0,1.3,1.1,0.91,0.91,0.91,0.91,0.91,
493.0_p3conc_8.1_i9,Nivolumab,mAb_IgG4,3.5,146.0,8.1,0.3,8.1386,25.25,Histidine,6.3,12.5,none,0.0,none,0.0,none,0.0,none,0.0,1.3,1.1,0.9872163137409,0.9573853409280162,0.9573853409280162,0.9573853409280162,0.9573853409280162,
493.0_p3conc_8.5_i10,Nivolumab,mAb_IgG4,3.5,146.0,8.1,0.3,8.4569,25.25,Histidine,6.3,12.5,none,0.0,none,0.0,none,0.0,none,0.0,1.3,1.1,1.0114318413021965,0.9885329538596613,0.91,0.91,0.91,
493.0_p3conc_11.5_i11,Nivolumab,mAb_IgG4,3.5,146.0,8.1,0.3,11.5427,25.25,Histidine,6.3,12.5,none,0.0,none,0.0,none,0.0,none,0.0,1.3,1.1,1.0018880972053377,1.0018880972053377,1.0018880972053377,1.0018880972053377,1.0018880972053377,
493.0_p3conc_13.0_i12,Nivolumab,mAb_IgG4,3.5,146.0,8.1,0.3,12.9615,25.25,Histidine,6.3,12.5,none,0.0,none,0.0,none,0.0,none,0.0,1.3,1.1,1.019960571078362,0.9797854744561167,0.9797854744561167,0.9703142384321666,0.9703142384321666,
493.0_p3conc_16.4_i13,Nivolumab,mAb_IgG4,3.5,146.0,8.1,0.3,16.3707,25.25,Histidine,6.3,12.5,none,0.0,none,0.0,none,0.0,none,0.0,1.3,1.1,1.086620884740737,1.0750605422613317,1.0750605422613317,0.9443593184295314,0.9443593184295314,
493.0_p3conc_19.9_i14,Nivolumab,mAb_IgG4,3.5,146.0,8.1,0.3,19.8654,25.25,Histidine,6.3,12.5,none,0.0,none,0.0,none,0.0,none,0.0,1.3,1.1,1.0185406553154097,1.0185406553154097,1.0185406553154097,1.0185406553154097,0.9969606393938483,
493.0_p3conc_23.2_i15,Nivolumab,mAb_IgG4,3.5,146.0,8.1,0.3,23.2181,25.25,Histidine,6.3,12.5,none,0.0,none,0.0,none,0.0,none,0.0,1.3,1.1,1.1869953894127063,1.0879185803282776,1.0879185803282776,1.0879185803282776,0.928199869472576,
493.0_p3conc_30.4_i16,Nivolumab,mAb_IgG4,3.5,146.0,8.1,0.3,30.4467,25.25,Histidine,6.3,12.5,none,0.0,none,0.0,none,0.0,none,0.0,1.3,1.1,1.142797609288661,1.142797609288661,1.142797609288661,1.142797609288661,0.9782189289622142,
493.0_p3conc_32.9_i17,Nivolumab,mAb_IgG4,3.5,146.0,8.1,0.3,32.9294,25.25,Histidine,6.3,12.5,none,0.0,none,0.0,none,0.0,none,0.0,1.3,1.1,1.211783701107028,1.211783701107028,1.211783701107028,1.1745068156272713,1.0671770738925854,
493.0_p3conc_46.7_i18,Nivolumab,mAb_IgG4,3.5,146.0,8.1,0.3,46.664,25.25,Histidine,6.3,12.5,none,0.0,none,0.0,none,0.0,none,0.0,1.3,1.1,1.4328830978541764,1.3616169010990051,1.3616169010990051,1.3191906687333215,1.1437270513586835,
493.0_p3conc_46.7_i19,Nivolumab,mAb_IgG4,3.5,146.0,8.1,0.3,46.7028,25.25,Histidine,6.3,12.5,none,0.0,none,0.0,none,0.0,none,0.0,1.3,1.1,1.3947337825586306,1.3947337825586306,1.3363302091904672,1.290037239836543,1.1558937639042597,
493.0_p3conc_66.2_i20,Nivolumab,mAb_IgG4,3.5,146.0,8.1,0.3,66.2371,25.25,Histidine,6.3,12.5,none,0.0,none,0.0,none,0.0,none,0.0,1.3,1.1,1.6493923254524303,1.6493923254524303,1.6322398947938257,1.6322398947938257,1.1699524433826627,
493.0_p3conc_71.5_i21,Nivolumab,mAb_IgG4,3.5,146.0,8.1,0.3,71.5194,25.25,Histidine,6.3,12.5,none,0.0,none,0.0,none,0.0,none,0.0,1.3,1.1,1.726799023031373,1.726799023031373,1.726799023031373,1.6135017050336296,1.3469096687709075,
493.0_p3conc_93.9_i22,Nivolumab,mAb_IgG4,3.5,146.0,8.1,0.3,93.942,25.25,Histidine,6.3,12.5,none,0.0,none,0.0,none,0.0,none,0.0,1.3,1.1,2.1654021831783816,2.055724851930829,2.055724851930829,1.963368465947531,1.382013434813731,
493.0_p3conc_109.6_i23,Nivolumab,mAb_IgG4,3.5,146.0,8.1,0.3,109.6142,25.25,Histidine,6.3,12.5,none,0.0,none,0.0,none,0.0,none,0.0,1.3,1.1,2.4594979442423157,2.4594979442423157,2.363043526739172,2.363043526739172,1.3735507445049795,
493.0_p3conc_133.2_i24,Nivolumab,mAb_IgG4,3.5,146.0,8.1,0.3,133.2349,25.25,Histidine,6.3,12.5,none,0.0,none,0.0,none,0.0,none,0.0,1.3,1.1,2.9081768460373065,2.9081768460373065,2.9081768460373065,2.741802043455108,1.655389544091628,
493.0_p3conc_178.1_i25,Nivolumab,mAb_IgG4,3.5,146.0,8.1,0.3,178.0992,25.25,Histidine,6.3,12.5,none,0.0,none,0.0,none,0.0,none,0.0,1.3,1.1,4.8526484833166545,4.8526484833166545,4.552897401193739,3.8741068117856043,1.754435989444379,
493.0_p3conc_188.8_i26,Nivolumab,mAb_IgG4,3.5,146.0,8.1,0.3,188.8061,25.25,Histidine,6.3,12.5,none,0.0,none,0.0,none,0.0,none,0.0,1.3,1.1,5.033915396325642,5.033915396325642,4.83815081964567,4.606290508495485,1.9462146835846976,
493.0_p3conc_189.0_i27,Nivolumab,mAb_IgG4,3.5,146.0,8.1,0.3,188.9627,25.25,Histidine,6.3,12.5,none,0.0,none,0.0,none,0.0,none,0.0,1.3,1.1,5.127527358326122,5.127527358326122,4.949902288351968,4.501242645565898,1.9961037268983852,
493.0_p3conc_200.2_i28,Nivolumab,mAb_IgG4,3.5,146.0,8.1,0.3,200.1562,25.25,Histidine,6.3,12.5,none,0.0,none,0.0,none,0.0,none,0.0,1.3,1.1,5.840883723748516,5.840883723748516,5.668990653963005,5.275126695639451,2.2005995259686366,
493.0_p3conc_212.2_i29,Nivolumab,mAb_IgG4,3.5,146.0,8.1,0.3,212.1886,25.25,Histidine,6.3,12.5,none,0.0,none,0.0,none,0.0,none,0.0,1.3,1.1,6.116448763262616,6.116448763262616,6.116448763262616,5.4563087520409255,2.5243795077379234,
493.0_p3conc_224.9_i30,Nivolumab,mAb_IgG4,3.5,146.0,8.1,0.3,224.9443,25.25,Histidine,6.3,12.5,none,0.0,none,0.0,none,0.0,none,0.0,1.3,1.1,7.219971083617093,6.627705082397983,6.627705082397983,5.540262443164723,2.33766760591566,
493.0_p3conc_238.5_i31,Nivolumab,mAb_IgG4,3.5,146.0,8.1,0.3,238.4668,25.25,Histidine,6.3,12.5,none,0.0,none,0.0,none,0.0,none,0.0,1.3,1.1,7.332275710757738,7.332275710757738,7.332275710757738,6.911378693175021,2.5149499163223834,
493.0_p3conc_252.8_i32,Nivolumab,mAb_IgG4,3.5,146.0,8.1,0.3,252.8029,25.25,Histidine,6.3,12.5,none,0.0,none,0.0,none,0.0,none,0.0,1.3,1.1,9.292910752334395,9.292910752334395,8.59422194522285,7.849574448754473,2.9215642877327848,
492.0_p3conc_1.3_i0,Nivolumab,mAb_IgG4,3.5,146.0,8.1,0.3,1.2876,25.21,Histidine,6.4,10.0,none,0.0,none,0.0,none,0.0,none,0.0,1.3,1.1,0.9309020560118203,0.91,0.91,0.91,0.91,
492.0_p3conc_1.5_i1,Nivolumab,mAb_IgG4,3.5,146.0,8.1,0.3,1.4619,25.21,Histidine,6.4,10.0,none,0.0,none,0.0,none,0.0,none,0.0,1.3,1.1,0.9620535797784111,0.9267539581531676,0.9267539581531676,0.9267539581531676,0.9267539581531676,
492.0_p3conc_1.7_i2,Nivolumab,mAb_IgG4,3.5,146.0,8.1,0.3,1.6579,25.21,Histidine,6.4,10.0,none,0.0,none,0.0,none,0.0,none,0.0,1.3,1.1,0.91,0.91,0.91,0.91,0.91,
492.0_p3conc_2.1_i3,Nivolumab,mAb_IgG4,3.5,146.0,8.1,0.3,2.1348,25.21,Histidine,6.4,10.0,none,0.0,none,0.0,none,0.0,none,0.0,1.3,1.1,0.9982502188076302,0.91,0.91,0.91,0.91,
492.0_p3conc_2.1_i4,Nivolumab,mAb_IgG4,3.5,146.0,8.1,0.3,2.137,25.21,Histidine,6.4,10.0,none,0.0,none,0.0,none,0.0,none,0.0,1.3,1.1,0.9601420389421296,0.9494140364559199,0.9494140364559199,0.91,0.91,
492.0_p3conc_2.7_i5,Nivolumab,mAb_IgG4,3.5,146.0,8.1,0.3,2.7488,25.21,Histidine,6.4,10.0,none,0.0,none,0.0,none,0.0,none,0.0,1.3,1.1,0.9313655528619111,0.91,0.91,0.91,0.91,
492.0_p3conc_3.1_i6,Nivolumab,mAb_IgG4,3.5,146.0,8.1,0.3,3.124,25.21,Histidine,6.4,10.0,none,0.0,none,0.0,none,0.0,none,0.0,1.3,1.1,0.9204940688938621,0.9204940688938621,0.9204940688938621,0.9204940688938621,0.9204940688938621,
492.0_p3conc_3.5_i7,Nivolumab,mAb_IgG4,3.5,146.0,8.1,0.3,3.5393,25.21,Histidine,6.4,10.0,none,0.0,none,0.0,none,0.0,none,0.0,1.3,1.1,0.9341302651227836,0.9341302651227836,0.9341302651227836,0.9159030602963506,0.9159030602963506,
492.0_p3conc_4.6_i8,Nivolumab,mAb_IgG4,3.5,146.0,8.1,0.3,4.5573,25.21,Histidine,6.4,10.0,none,0.0,none,0.0,none,0.0,none,0.0,1.3,1.1,0.91,0.91,0.91,0.91,0.91,
492.0_p3conc_4.6_i9,Nivolumab,mAb_IgG4,3.5,146.0,8.1,0.3,4.5669,25.21,Histidine,6.4,10.0,none,0.0,none,0.0,none,0.0,none,0.0,1.3,1.1,0.9788666251488509,0.9177517574729153,0.9177517574729153,0.9177517574729153,0.9177517574729153,
492.0_p3conc_5.9_i10,Nivolumab,mAb_IgG4,3.5,146.0,8.1,0.3,5.868,25.21,Histidine,6.4,10.0,none,0.0,none,0.0,none,0.0,none,0.0,1.3,1.1,1.0801474580207306,0.9381995139107856,0.9381995139107856,0.9381995139107856,0.9101888759180661,
492.0_p3conc_6.7_i11,Nivolumab,mAb_IgG4,3.5,146.0,8.1,0.3,6.6762,25.21,Histidine,6.4,10.0,none,0.0,none,0.0,none,0.0,none,0.0,1.3,1.1,0.9867843284795847,0.9867843284795847,0.9867843284795847,0.9867843284795847,0.9867843284795847,
492.0_p3conc_7.6_i12,Nivolumab,mAb_IgG4,3.5,146.0,8.1,0.3,7.5557,25.21,Histidine,6.4,10.0,none,0.0,none,0.0,none,0.0,none,0.0,1.3,1.1,1.0053302159185815,0.9642324754531154,0.9642324754531154,0.9642324754531154,0.9642324754531154,
492.0_p3conc_9.7_i13,Nivolumab,mAb_IgG4,3.5,146.0,8.1,0.3,9.7288,25.21,Histidine,6.4,10.0,none,0.0,none,0.0,none,0.0,none,0.0,1.3,1.1,0.9639105030307669,0.9639105030307669,0.9639105030307669,0.94785672621162,0.94785672621162,
492.0_p3conc_9.8_i14,Nivolumab,mAb_IgG4,3.5,146.0,8.1,0.3,9.7596,25.21,Histidine,6.4,10.0,none,0.0,none,0.0,none,0.0,none,0.0,1.3,1.1,1.0628729603449025,1.0628729603449025,0.9665195390988536,0.9665195390988536,0.910674511357145,
492.0_p3conc_12.5_i15,Nivolumab,mAb_IgG4,3.5,146.0,8.1,0.3,12.527,25.21,Histidine,6.4,10.0,none,0.0,none,0.0,none,0.0,none,0.0,1.3,1.1,1.058090268635339,1.058090268635339,1.0373644627909249,0.9925575827675175,0.9925575827675175,
492.0_p3conc_14.3_i16,Nivolumab,mAb_IgG4,3.5,146.0,8.1,0.3,14.2672,25.21,Histidine,6.4,10.0,none,0.0,none,0.0,none,0.0,none,0.0,1.3,1.1,1.0577190710107462,1.0577190710107462,1.0459451111381615,1.0459451111381615,0.9508174484418028,
492.0_p3conc_16.1_i17,Nivolumab,mAb_IgG4,3.5,146.0,8.1,0.3,16.1298,25.21,Histidine,6.4,10.0,none,0.0,none,0.0,none,0.0,none,0.0,1.3,1.1,1.12391423066112,1.107773974881101,1.0578465805488058,1.0578465805488058,1.0578465805488058,
492.0_p3conc_20.8_i18,Nivolumab,mAb_IgG4,3.5,146.0,8.1,0.3,20.769,25.21,Histidine,6.4,10.0,none,0.0,none,0.0,none,0.0,none,0.0,1.3,1.1,1.175156937674954,1.175156937674954,1.175156937674954,1.1254428229574431,1.1254428229574431,
492.0_p3conc_20.9_i19,Nivolumab,mAb_IgG4,3.5,146.0,8.1,0.3,20.8567,25.21,Histidine,6.4,10.0,none,0.0,none,0.0,none,0.0,none,0.0,1.3,1.1,1.1627919633195,1.1627919633195,1.1627919633195,1.1627919633195,1.1486647440747257,
492.0_p3conc_26.7_i20,Nivolumab,mAb_IgG4,3.5,146.0,8.1,0.3,26.7423,25.21,Histidine,6.4,10.0,none,0.0,none,0.0,none,0.0,none,0.0,1.3,1.1,1.3007144450526107,1.2063761155662254,1.2063761155662254,1.2063761155662254,1.1620027729537448,
492.0_p3conc_30.5_i21,Nivolumab,mAb_IgG4,3.5,146.0,8.1,0.3,30.4895,25.21,Histidine,6.4,10.0,none,0.0,none,0.0,none,0.0,none,0.0,1.3,1.1,1.2736585871635042,1.2736585871635042,1.2736585871635042,1.2736585871635042,1.2736585871635042,
492.0_p3conc_34.4_i22,Nivolumab,mAb_IgG4,3.5,146.0,8.1,0.3,34.4337,25.21,Histidine,6.4,10.0,none,0.0,none,0.0,none,0.0,none,0.0,1.3,1.1,1.4036458282401711,1.3872838706559782,1.3818799203092103,1.3818799203092103,1.29856369756751,
492.0_p3conc_44.3_i23,Nivolumab,mAb_IgG4,3.5,146.0,8.1,0.3,44.3372,25.21,Histidine,6.4,10.0,none,0.0,none,0.0,none,0.0,none,0.0,1.3,1.1,1.6233030237832307,1.6233030237832307,1.6233030237832307,1.5753215259827151,1.379432388303642,
492.0_p3conc_44.6_i24,Nivolumab,mAb_IgG4,3.5,146.0,8.1,0.3,44.5714,25.21,Histidine,6.4,10.0,none,0.0,none,0.0,none,0.0,none,0.0,1.3,1.1,1.6863612622851334,1.6863612622851334,1.6858145525742705,1.6858145525742705,1.5383977588219613,
492.0_p3conc_57.1_i25,Nivolumab,mAb_IgG4,3.5,146.0,8.1,0.3,57.0891,25.21,Histidine,6.4,10.0,none,0.0,none,0.0,none,0.0,none,0.0,1.3,1.1,1.973244656065243,1.8656511673398106,1.8337250251567192,1.8337250251567192,1.6809260687796845,
492.0_p3conc_65.2_i26,Nivolumab,mAb_IgG4,3.5,146.0,8.1,0.3,65.157,25.21,Histidine,6.4,10.0,none,0.0,none,0.0,none,0.0,none,0.0,1.3,1.1,2.3440936377011123,2.203999141649414,2.203999141649414,2.1467936449897707,1.815965012256407,
492.0_p3conc_73.5_i27,Nivolumab,mAb_IgG4,3.5,146.0,8.1,0.3,73.5084,25.21,Histidine,6.4,10.0,none,0.0,none,0.0,none,0.0,none,0.0,1.3,1.1,2.504063663925868,2.2089796443403213,2.2089796443403213,2.2089796443403213,1.9479603807243167,
492.0_p3conc_94.7_i28,Nivolumab,mAb_IgG4,3.5,146.0,8.1,0.3,94.6503,25.21,Histidine,6.4,10.0,none,0.0,none,0.0,none,0.0,none,0.0,1.3,1.1,3.0312767499316022,2.8775766655749244,2.8775766655749244,2.8775766655749244,2.2971520447617233,
492.0_p3conc_95.3_i29,Nivolumab,mAb_IgG4,3.5,146.0,8.1,0.3,95.2504,25.21,Histidine,6.4,10.0,none,0.0,none,0.0,none,0.0,none,0.0,1.3,1.1,3.2502711137803173,3.2502711137803173,3.2502711137803173,2.929007399047392,2.2660667516840842,
492.0_p3conc_121.9_i30,Nivolumab,mAb_IgG4,3.5,146.0,8.1,0.3,121.8729,25.21,Histidine,6.4,10.0,none,0.0,none,0.0,none,0.0,none,0.0,1.3,1.1,4.553299324748632,4.553299324748632,4.553299324748632,4.553299324748632,3.1134119001463976,
492.0_p3conc_139.2_i31,Nivolumab,mAb_IgG4,3.5,146.0,8.1,0.3,139.2429,25.21,Histidine,6.4,10.0,none,0.0,none,0.0,none,0.0,none,0.0,1.3,1.1,5.744232244458456,5.679091107885683,5.679091107885683,5.679091107885683,3.942520762725291,
492.0_p3conc_156.9_i32,Nivolumab,mAb_IgG4,3.5,146.0,8.1,0.3,156.9246,25.21,Histidine,6.4,10.0,none,0.0,none,0.0,none,0.0,none,0.0,1.3,1.1,7.466665834884616,7.439110403020264,7.322481349147297,7.07568131803514,4.416577480041198,
492.0_p3conc_202.1_i33,Nivolumab,mAb_IgG4,3.5,146.0,8.1,0.3,202.058,25.21,Histidine,6.4,10.0,none,0.0,none,0.0,none,0.0,none,0.0,1.3,1.1,13.358393311635451,12.286421070768979,12.286421070768979,12.286421070768979,7.442394567436453,
492.0_p3conc_203.6_i34,Nivolumab,mAb_IgG4,3.5,146.0,8.1,0.3,203.5532,25.21,Histidine,6.4,10.0,none,0.0,none,0.0,none,0.0,none,0.0,1.3,1.1,13.525576212148835,13.525576212148835,13.525576212148835,13.525576212148835,7.904480845097087,
492.0_p3conc_260.2_i35,Nivolumab,mAb_IgG4,3.5,146.0,8.1,0.3,260.1717,25.21,Histidine,6.4,10.0,none,0.0,none,0.0,none,0.0,none,0.0,1.3,1.1,30.96407510134712,30.73563599717226,29.94300615382396,29.94300615382396,12.22221347849246,
492.0_p3conc_297.6_i36,Nivolumab,mAb_IgG4,3.5,146.0,8.1,0.3,297.5665,25.21,Histidine,6.4,10.0,none,0.0,none,0.0,none,0.0,none,0.0,1.3,1.1,48.37997924922298,48.37997924922298,48.37997924922298,48.37997924922298,19.697990185533058,
492.0_p3conc_357.6_i37,Nivolumab,mAb_IgG4,3.5,146.0,8.1,0.3,357.607,25.21,Histidine,6.4,10.0,none,0.0,none,0.0,none,0.0,none,0.0,1.3,1.1,108.68665816604259,108.68665816604259,108.68665816604259,108.68665816604259,36.21735733576762,
492.0_p3conc_369.5_i38,Nivolumab,mAb_IgG4,3.5,146.0,8.1,0.3,369.4758,25.21,Histidine,6.4,10.0,none,0.0,none,0.0,none,0.0,none,0.0,1.3,1.1,129.66339043197306,120.50341160223147,120.50341160223147,120.50341160223147,40.67646855290319,
492.0_p3conc_381.7_i39,Nivolumab,mAb_IgG4,3.5,146.0,8.1,0.3,381.7394,25.21,Histidine,6.4,10.0,none,0.0,none,0.0,none,0.0,none,0.0,1.3,1.1,169.2035082845467,149.86184779006646,149.86184779006646,149.86184779006646,46.168092587193286,
492.0_p3conc_394.4_i40,Nivolumab,mAb_IgG4,3.5,146.0,8.1,0.3,394.4101,25.21,Histidine,6.4,10.0,none,0.0,none,0.0,none,0.0,none,0.0,1.3,1.1,177.12826554098282,171.96356421117807,171.96356421117807,171.96356421117807,55.87774369275415,
492.0_p3conc_407.5_i41,Nivolumab,mAb_IgG4,3.5,146.0,8.1,0.3,407.5004,25.21,Histidine,6.4,10.0,none,0.0,none,0.0,none,0.0,none,0.0,1.3,1.1,237.30026179866155,232.7892589316502,218.14596012140922,217.749592529007,60.001708463044174,
492.0_p3conc_421.0_i42,Nivolumab,mAb_IgG4,3.5,146.0,8.1,0.3,421.0261,25.21,Histidine,6.4,10.0,none,0.0,none,0.0,none,0.0,none,0.0,1.3,1.1,279.17490464236147,260.7211666926305,255.50640410706856,255.50640410706856,71.96576392765225,
225.0_p3conc_1.4_i0,Pembrolizumab,mAb_IgG4,3.5,149.0,7.57,0.3,1.3926,27.5,Acetate,5.3,32.0,none,0.0,none,0.0,none,0.0,none,0.0,1.3,1.1,0.9440265594161011,0.91,0.91,0.91,0.91,
225.0_p3conc_1.8_i1,Pembrolizumab,mAb_IgG4,3.5,149.0,7.57,0.3,1.7783,27.5,Acetate,5.3,32.0,none,0.0,none,0.0,none,0.0,none,0.0,1.3,1.1,0.956104692405684,0.91,0.91,0.91,0.91,
225.0_p3conc_1.9_i2,Pembrolizumab,mAb_IgG4,3.5,149.0,7.57,0.3,1.9392,27.5,Acetate,5.3,32.0,none,0.0,none,0.0,none,0.0,none,0.0,1.3,1.1,0.91,0.91,0.91,0.91,0.91,
225.0_p3conc_2.7_i3,Pembrolizumab,mAb_IgG4,3.5,149.0,7.57,0.3,2.7005,27.5,Acetate,5.3,32.0,none,0.0,none,0.0,none,0.0,none,0.0,1.3,1.1,0.91,0.91,0.91,0.91,0.91,
225.0_p3conc_3.2_i4,Pembrolizumab,mAb_IgG4,3.5,149.0,7.57,0.3,3.1623,27.5,Acetate,5.3,32.0,none,0.0,none,0.0,none,0.0,none,0.0,1.3,1.1,0.91,0.91,0.91,0.91,0.91,
225.0_p3conc_3.8_i5,Pembrolizumab,mAb_IgG4,3.5,149.0,7.57,0.3,3.7606,27.5,Acetate,5.3,32.0,none,0.0,none,0.0,none,0.0,none,0.0,1.3,1.1,0.9115864707748801,0.9115864707748801,0.9115864707748801,0.9115864707748801,0.9115864707748801,
225.0_p3conc_5.2_i6,Pembrolizumab,mAb_IgG4,3.5,149.0,7.57,0.3,5.2369,27.5,Acetate,5.3,32.0,none,0.0,none,0.0,none,0.0,none,0.0,1.3,1.1,1.0302431015212914,0.91,0.91,0.91,0.91,
225.0_p3conc_5.6_i7,Pembrolizumab,mAb_IgG4,3.5,149.0,7.57,0.3,5.6234,27.5,Acetate,5.3,32.0,none,0.0,none,0.0,none,0.0,none,0.0,1.3,1.1,0.9783081237474391,0.955071078246307,0.955071078246307,0.955071078246307,0.9421066873124037,
225.0_p3conc_7.3_i8,Pembrolizumab,mAb_IgG4,3.5,149.0,7.57,0.3,7.2927,27.5,Acetate,5.3,32.0,none,0.0,none,0.0,none,0.0,none,0.0,1.3,1.1,0.9560256097457001,0.9560256097457001,0.91,0.91,0.91,
225.0_p3conc_10.0_i9,Pembrolizumab,mAb_IgG4,3.5,149.0,7.57,0.3,10.0,27.5,Acetate,5.3,32.0,none,0.0,none,0.0,none,0.0,none,0.0,1.3,1.1,0.9825415591448455,0.9645470659288446,0.9645470659288446,0.9645470659288446,0.939668125349593,
225.0_p3conc_10.2_i10,Pembrolizumab,mAb_IgG4,3.5,149.0,7.57,0.3,10.1555,27.5,Acetate,5.3,32.0,none,0.0,none,0.0,none,0.0,none,0.0,1.3,1.1,1.0894846502915456,1.047183353966463,0.9675688866505093,0.9641364299549079,0.9271349463343724,
225.0_p3conc_14.1_i11,Pembrolizumab,mAb_IgG4,3.5,149.0,7.57,0.3,14.1421,27.5,Acetate,5.3,32.0,none,0.0,none,0.0,none,0.0,none,0.0,1.3,1.1,1.1176506653134592,1.0583963560698877,0.9476202605046105,0.9476202605046105,0.91,
225.0_p3conc_17.8_i12,Pembrolizumab,mAb_IgG4,3.5,149.0,7.57,0.3,17.7828,27.5,Acetate,5.3,32.0,none,0.0,none,0.0,none,0.0,none,0.0,1.3,1.1,1.2427335105159494,1.0749296418871586,1.0569849523409893,1.0569849523409893,0.9694931208519436,
225.0_p3conc_19.7_i13,Pembrolizumab,mAb_IgG4,3.5,149.0,7.57,0.3,19.6938,27.5,Acetate,5.3,32.0,none,0.0,none,0.0,none,0.0,none,0.0,1.3,1.1,1.1358706801629863,1.1358706801629863,1.1358706801629863,1.1040000674796349,1.0609068513742697,
225.0_p3conc_27.4_i14,Pembrolizumab,mAb_IgG4,3.5,149.0,7.57,0.3,27.4248,27.5,Acetate,5.3,32.0,none,0.0,none,0.0,none,0.0,none,0.0,1.3,1.1,1.2089730747334686,1.2089730747334686,1.1738976683424869,1.1561165991639046,1.0938567301914799,
225.0_p3conc_31.6_i15,Pembrolizumab,mAb_IgG4,3.5,149.0,7.57,0.3,31.6228,27.5,Acetate,5.3,32.0,none,0.0,none,0.0,none,0.0,none,0.0,1.3,1.1,1.3239109968446945,1.312697037845194,1.2424544249479077,1.0859653459024223,1.0351956750988613,
225.0_p3conc_38.2_i16,Pembrolizumab,mAb_IgG4,3.5,149.0,7.57,0.3,38.1907,27.5,Acetate,5.3,32.0,none,0.0,none,0.0,none,0.0,none,0.0,1.3,1.1,1.4436381972217691,1.3923074468443186,1.3534967781001859,1.1863950265770704,1.0716789282761667,
225.0_p3conc_53.2_i17,Pembrolizumab,mAb_IgG4,3.5,149.0,7.57,0.3,53.1829,27.5,Acetate,5.3,32.0,none,0.0,none,0.0,none,0.0,none,0.0,1.3,1.1,1.7777835371834987,1.7777835371834987,1.4828126695286237,1.4763711043636383,1.1926697594880538,
225.0_p3conc_56.2_i18,Pembrolizumab,mAb_IgG4,3.5,149.0,7.57,0.3,56.2341,27.5,Acetate,5.3,32.0,none,0.0,none,0.0,none,0.0,none,0.0,1.3,1.1,1.8329376674390534,1.7333580307001035,1.428948829792951,1.428948829792951,1.1421001877223491,
225.0_p3conc_74.1_i19,Pembrolizumab,mAb_IgG4,3.5,149.0,7.57,0.3,74.0606,27.5,Acetate,5.3,32.0,none,0.0,none,0.0,none,0.0,none,0.0,1.3,1.1,2.379115289964272,2.3601923405421297,1.7886529095373032,1.5992166030484771,1.300525211081264,
225.0_p3conc_109.1_i20,Pembrolizumab,mAb_IgG4,3.5,149.0,7.57,0.3,109.0508,27.5,Acetate,5.3,32.0,none,0.0,none,0.0,none,0.0,none,0.0,1.3,1.1,3.378742729190604,3.378742729190604,2.3930623319053144,2.2524326043177885,1.5728437350996358,
225.0_p3conc_118.9_i21,Pembrolizumab,mAb_IgG4,3.5,149.0,7.57,0.3,118.9206,27.5,Acetate,5.3,32.0,none,0.0,none,0.0,none,0.0,none,0.0,1.3,1.1,4.007863671234499,3.927800164623041,2.5596219843364425,2.527384513130279,1.5039840231077117,
225.0_p3conc_129.7_i22,Pembrolizumab,mAb_IgG4,3.5,149.0,7.57,0.3,129.6839,27.5,Acetate,5.3,32.0,none,0.0,none,0.0,none,0.0,none,0.0,1.3,1.1,4.614697300557169,4.515527527906924,3.156689212477363,2.6789763233412316,1.6331045216233877,
225.0_p3conc_141.4_i23,Pembrolizumab,mAb_IgG4,3.5,149.0,7.57,0.3,141.4214,27.5,Acetate,5.3,32.0,none,0.0,none,0.0,none,0.0,none,0.0,1.3,1.1,5.440102595387698,5.440102595387698,3.531668804009544,2.9675638588262974,1.7279424749271342,
225.0_p3conc_143.6_i24,Pembrolizumab,mAb_IgG4,3.5,149.0,7.57,0.3,143.6204,27.5,Acetate,5.3,32.0,none,0.0,none,0.0,none,0.0,none,0.0,1.3,1.1,5.3383106835189125,5.2348123792740955,3.3736539639735517,2.929517979190346,1.7984269772765447,
225.0_p3conc_154.2_i25,Pembrolizumab,mAb_IgG4,3.5,149.0,7.57,0.3,154.2212,27.5,Acetate,5.3,32.0,none,0.0,none,0.0,none,0.0,none,0.0,1.3,1.1,5.947970732371087,5.947970732371087,3.9565408552155588,3.323057309268986,1.83168507116571,
225.0_p3conc_168.2_i26,Pembrolizumab,mAb_IgG4,3.5,149.0,7.57,0.3,168.1791,27.5,Acetate,5.3,32.0,none,0.0,none,0.0,none,0.0,none,0.0,1.3,1.1,7.258921987021842,7.258921987021842,4.57942436477196,3.6163355131659145,1.8190806563038509,
225.0_p3conc_183.4_i27,Pembrolizumab,mAb_IgG4,3.5,149.0,7.57,0.3,183.4007,27.5,Acetate,5.3,32.0,none,0.0,none,0.0,none,0.0,none,0.0,1.3,1.1,9.315545824427844,9.154429004190675,4.770451990884201,4.106803320996177,2.0114938433705114,
217.0_p3conc_1.4_i0,Pembrolizumab,mAb_IgG4,3.5,149.0,7.57,0.3,1.4262,27.5,Acetate,5.4,40.0,none,0.0,none,0.0,none,0.0,none,0.0,1.3,1.1,0.91,0.91,0.91,0.91,0.91,
217.0_p3conc_1.5_i1,Pembrolizumab,mAb_IgG4,3.5,149.0,7.57,0.3,1.4563,27.5,Acetate,5.4,40.0,none,0.0,none,0.0,none,0.0,none,0.0,1.3,1.1,0.91,0.91,0.91,0.91,0.91,
217.0_p3conc_2.0_i2,Pembrolizumab,mAb_IgG4,3.5,149.0,7.57,0.3,2.034,27.5,Acetate,5.4,40.0,none,0.0,none,0.0,none,0.0,none,0.0,1.3,1.1,0.91,0.91,0.91,0.91,0.91,
217.0_p3conc_2.1_i3,Pembrolizumab,mAb_IgG4,3.5,149.0,7.57,0.3,2.1208,27.5,Acetate,5.4,40.0,none,0.0,none,0.0,none,0.0,none,0.0,1.3,1.1,0.9248551643315598,0.9224783836122133,0.91,0.91,0.91,
217.0_p3conc_2.9_i4,Pembrolizumab,mAb_IgG4,3.5,149.0,7.57,0.3,2.9009,27.5,Acetate,5.4,40.0,none,0.0,none,0.0,none,0.0,none,0.0,1.3,1.1,0.9247688746946737,0.9140905071000549,0.9140905071000549,0.91,0.91,
217.0_p3conc_3.1_i5,Pembrolizumab,mAb_IgG4,3.5,149.0,7.57,0.3,3.0886,27.5,Acetate,5.4,40.0,none,0.0,none,0.0,none,0.0,none,0.0,1.3,1.1,0.9605322089225447,0.9190761034779238,0.91,0.91,0.91,
217.0_p3conc_4.1_i6,Pembrolizumab,mAb_IgG4,3.5,149.0,7.57,0.3,4.1373,27.5,Acetate,5.4,40.0,none,0.0,none,0.0,none,0.0,none,0.0,1.3,1.1,0.9629797426206096,0.9602983689487247,0.91,0.91,0.91,
217.0_p3conc_4.5_i7,Pembrolizumab,mAb_IgG4,3.5,149.0,7.57,0.3,4.498,27.5,Acetate,5.4,40.0,none,0.0,none,0.0,none,0.0,none,0.0,1.3,1.1,1.0272338482715573,0.94843387914592,0.91,0.91,0.91,
217.0_p3conc_5.9_i8,Pembrolizumab,mAb_IgG4,3.5,149.0,7.57,0.3,5.9006,27.5,Acetate,5.4,40.0,none,0.0,none,0.0,none,0.0,none,0.0,1.3,1.1,0.9577633948188354,0.9577633948188354,0.9577633948188354,0.9253563637134201,0.9253563637134201,
217.0_p3conc_6.6_i9,Pembrolizumab,mAb_IgG4,3.5,149.0,7.57,0.3,6.5504,27.5,Acetate,5.4,40.0,none,0.0,none,0.0,none,0.0,none,0.0,1.3,1.1,1.050666010210552,0.9874300038043571,0.91,0.91,0.91,
217.0_p3conc_8.4_i10,Pembrolizumab,mAb_IgG4,3.5,149.0,7.57,0.3,8.4154,27.5,Acetate,5.4,40.0,none,0.0,none,0.0,none,0.0,none,0.0,1.3,1.1,1.078045811003804,0.9610310466303894,0.9610310466303894,0.9610310466303894,0.9288460207419513,
217.0_p3conc_9.5_i11,Pembrolizumab,mAb_IgG4,3.5,149.0,7.57,0.3,9.5395,27.5,Acetate,5.4,40.0,none,0.0,none,0.0,none,0.0,none,0.0,1.3,1.1,1.0275254107689604,1.0275254107689604,1.0275254107689604,1.011396611388939,1.011396611388939,
217.0_p3conc_12.0_i12,Pembrolizumab,mAb_IgG4,3.5,149.0,7.57,0.3,12.002,27.5,Acetate,5.4,40.0,none,0.0,none,0.0,none,0.0,none,0.0,1.3,1.1,1.0568883899904116,1.0263166290561216,1.0232316416557543,1.0232316416557543,1.0073753472208922,
217.0_p3conc_13.9_i13,Pembrolizumab,mAb_IgG4,3.5,149.0,7.57,0.3,13.8925,27.5,Acetate,5.4,40.0,none,0.0,none,0.0,none,0.0,none,0.0,1.3,1.1,1.1063786294387012,1.1063786294387012,0.9679080631630418,0.9679080631630418,0.9679080631630418,
217.0_p3conc_17.1_i14,Pembrolizumab,mAb_IgG4,3.5,149.0,7.57,0.3,17.1173,27.5,Acetate,5.4,40.0,none,0.0,none,0.0,none,0.0,none,0.0,1.3,1.1,1.2337401929062566,1.0369136938947592,1.0369136938947592,1.0369136938947592,1.0369136938947592,
217.0_p3conc_20.2_i15,Pembrolizumab,mAb_IgG4,3.5,149.0,7.57,0.3,20.2317,27.5,Acetate,5.4,40.0,none,0.0,none,0.0,none,0.0,none,0.0,1.3,1.1,1.289610538800414,1.1868440187412883,1.1700551353107533,1.1150378648719663,1.0322380279685508,
217.0_p3conc_24.4_i16,Pembrolizumab,mAb_IgG4,3.5,149.0,7.57,0.3,24.4125,27.5,Acetate,5.4,40.0,none,0.0,none,0.0,none,0.0,none,0.0,1.3,1.1,1.2647379892772146,1.1789805094274097,1.1789805094274097,1.0324193020133325,1.0324193020133325,
217.0_p3conc_29.5_i17,Pembrolizumab,mAb_IgG4,3.5,149.0,7.57,0.3,29.4637,27.5,Acetate,5.4,40.0,none,0.0,none,0.0,none,0.0,none,0.0,1.3,1.1,1.352389174306336,1.277745511231211,1.277745511231211,1.1319026199360058,1.1319026199360058,
217.0_p3conc_34.8_i18,Pembrolizumab,mAb_IgG4,3.5,149.0,7.57,0.3,34.8171,27.5,Acetate,5.4,40.0,none,0.0,none,0.0,none,0.0,none,0.0,1.3,1.1,1.4598215997647503,1.3779691019600817,1.3110201037223053,1.2769545522898216,1.259029554405204,
217.0_p3conc_42.9_i19,Pembrolizumab,mAb_IgG4,3.5,149.0,7.57,0.3,42.9083,27.5,Acetate,5.4,40.0,none,0.0,none,0.0,none,0.0,none,0.0,1.3,1.1,1.7245511669364844,1.596091797395605,1.5502597559613067,1.3602379582282609,1.1759567225010608,
217.0_p3conc_49.7_i20,Pembrolizumab,mAb_IgG4,3.5,149.0,7.57,0.3,49.6559,27.5,Acetate,5.4,40.0,none,0.0,none,0.0,none,0.0,none,0.0,1.3,1.1,1.7918545322288104,1.6511594460155032,1.6511594460155032,1.5004998855455214,1.426392077280388,
217.0_p3conc_62.5_i21,Pembrolizumab,mAb_IgG4,3.5,149.0,7.57,0.3,62.4878,27.5,Acetate,5.4,40.0,none,0.0,none,0.0,none,0.0,none,0.0,1.3,1.1,2.290543288497532,1.918048195802282,1.7642530863142247,1.7642530863142247,1.5565215336954121,
217.0_p3conc_70.8_i22,Pembrolizumab,mAb_IgG4,3.5,149.0,7.57,0.3,70.8192,27.5,Acetate,5.4,40.0,none,0.0,none,0.0,none,0.0,none,0.0,1.3,1.1,2.2894947858557892,2.2894947858557892,2.157389044514954,1.8409460682339105,1.6794435564587678,
217.0_p3conc_91.0_i23,Pembrolizumab,mAb_IgG4,3.5,149.0,7.57,0.3,91.0016,27.5,Acetate,5.4,40.0,none,0.0,none,0.0,none,0.0,none,0.0,1.3,1.1,3.4489318268439777,2.8801451672591183,2.766359767671269,2.2997496209746666,1.7883831544807387,
217.0_p3conc_101.0_i24,Pembrolizumab,mAb_IgG4,3.5,149.0,7.57,0.3,101.002,27.5,Acetate,5.4,40.0,none,0.0,none,0.0,none,0.0,none,0.0,1.3,1.1,3.7238805470297818,3.037331648253067,3.0087424745410494,2.428783903812397,1.9109419894355106,
217.0_p3conc_132.5_i25,Pembrolizumab,mAb_IgG4,3.5,149.0,7.57,0.3,132.5266,27.5,Acetate,5.4,40.0,none,0.0,none,0.0,none,0.0,none,0.0,1.3,1.1,5.862628923126797,4.621259358906189,4.580448241782199,3.1404244014122167,2.4961124159870667,
217.0_p3conc_144.0_i26,Pembrolizumab,mAb_IgG4,3.5,149.0,7.57,0.3,144.0486,27.5,Acetate,5.4,40.0,none,0.0,none,0.0,none,0.0,none,0.0,1.3,1.1,6.896416022630696,5.3384776765571065,5.105290377827239,3.529372228917055,2.787716416226478,
217.0_p3conc_203.3_i27,Pembrolizumab,mAb_IgG4,3.5,149.0,7.57,0.3,203.3391,27.5,Acetate,5.4,40.0,none,0.0,none,0.0,none,0.0,none,0.0,1.3,1.1,16.308779514842264,11.60247704897943,11.068971201271536,6.927219831279697,4.428532452862349,
217.0_p3conc_205.4_i28,Pembrolizumab,mAb_IgG4,3.5,149.0,7.57,0.3,205.4414,27.5,Acetate,5.4,40.0,none,0.0,none,0.0,none,0.0,none,0.0,1.3,1.1,16.424009325479528,12.017514471175653,10.06574892509067,6.726262840872078,4.736580469115493,
217.0_p3conc_214.2_i29,Pembrolizumab,mAb_IgG4,3.5,149.0,7.57,0.3,214.2323,27.5,Acetate,5.4,40.0,none,0.0,none,0.0,none,0.0,none,0.0,1.3,1.1,16.48317035198867,12.908078655870444,12.707958358999063,7.619103391898439,4.62453333897028,
217.0_p3conc_225.7_i30,Pembrolizumab,mAb_IgG4,3.5,149.0,7.57,0.3,225.7091,27.5,Acetate,5.4,40.0,none,0.0,none,0.0,none,0.0,none,0.0,1.3,1.1,21.837139288709324,14.748507113219288,13.855255590177988,8.31520707362042,5.417239809273111,
217.0_p3conc_237.8_i31,Pembrolizumab,mAb_IgG4,3.5,149.0,7.57,0.3,237.8001,27.5,Acetate,5.4,40.0,none,0.0,none,0.0,none,0.0,none,0.0,1.3,1.1,27.491331413388473,17.322627720389306,15.026771618408132,9.451463159376742,5.602969084052512,
217.0_p3conc_250.5_i32,Pembrolizumab,mAb_IgG4,3.5,149.0,7.57,0.3,250.5394,27.5,Acetate,5.4,40.0,none,0.0,none,0.0,none,0.0,none,0.0,1.3,1.1,31.545599242214386,19.503065662079646,18.039320261997602,11.257349352083914,6.509397532050415,
217.0_p3conc_264.0_i33,Pembrolizumab,mAb_IgG4,3.5,149.0,7.57,0.3,263.9611,27.5,Acetate,5.4,40.0,none,0.0,none,0.0,none,0.0,none,0.0,1.3,1.1,36.19737404172787,22.713051097152466,22.713051097152466,13.034512471480298,6.829242859903032,
217.0_p3conc_278.1_i34,Pembrolizumab,mAb_IgG4,3.5,149.0,7.57,0.3,278.1019,27.5,Acetate,5.4,40.0,none,0.0,none,0.0,none,0.0,none,0.0,1.3,1.1,47.33462212695343,28.643176971147636,27.159615782434297,14.58616724600735,7.742770563460517,
427.0_p3conc_1.4_i0,Pembrolizumab,mAb_IgG4,3.5,149.0,7.57,0.3,1.3834,25.0,Histidine,6.1,13.3,none,0.0,none,0.0,none,0.0,none,0.0,1.3,1.1,0.9133880531832729,0.91,0.91,0.91,0.91,
427.0_p3conc_1.9_i1,Pembrolizumab,mAb_IgG4,3.5,149.0,7.57,0.3,1.9139,25.0,Histidine,6.1,13.3,none,0.0,none,0.0,none,0.0,none,0.0,1.3,1.1,0.9205473353851192,0.91,0.91,0.91,0.91,
427.0_p3conc_2.1_i2,Pembrolizumab,mAb_IgG4,3.5,149.0,7.57,0.3,2.0758,25.0,Histidine,6.1,13.3,none,0.0,none,0.0,none,0.0,none,0.0,1.3,1.1,0.968810227320393,0.9198282179156891,0.9198282179156891,0.9198282179156891,0.91,
427.0_p3conc_2.6_i3,Pembrolizumab,mAb_IgG4,3.5,149.0,7.57,0.3,2.6477,25.0,Histidine,6.1,13.3,none,0.0,none,0.0,none,0.0,none,0.0,1.3,1.1,0.9708490765016294,0.91,0.91,0.91,0.91,
427.0_p3conc_3.7_i4,Pembrolizumab,mAb_IgG4,3.5,149.0,7.57,0.3,3.6628,25.0,Histidine,6.1,13.3,none,0.0,none,0.0,none,0.0,none,0.0,1.3,1.1,0.9346164679694973,0.9346164679694973,0.9346164679694973,0.9346164679694973,0.91,
427.0_p3conc_4.3_i5,Pembrolizumab,mAb_IgG4,3.5,149.0,7.57,0.3,4.3089,25.0,Histidine,6.1,13.3,none,0.0,none,0.0,none,0.0,none,0.0,1.3,1.1,1.0535611247870351,1.037663840070513,0.9657746853357636,0.9657746853357636,0.9486929996158229,
427.0_p3conc_5.1_i6,Pembrolizumab,mAb_IgG4,3.5,149.0,7.57,0.3,5.0673,25.0,Histidine,6.1,13.3,none,0.0,none,0.0,none,0.0,none,0.0,1.3,1.1,1.095754067092024,0.9635275056310534,0.9635275056310534,0.9635275056310534,0.91,
427.0_p3conc_7.0_i7,Pembrolizumab,mAb_IgG4,3.5,149.0,7.57,0.3,7.0101,25.0,Histidine,6.1,13.3,none,0.0,none,0.0,none,0.0,none,0.0,1.3,1.1,1.1582000739475558,0.9899714412016926,0.9899714412016926,0.9425037020189624,0.9425037020189624,
427.0_p3conc_8.9_i8,Pembrolizumab,mAb_IgG4,3.5,149.0,7.57,0.3,8.9443,25.0,Histidine,6.1,13.3,none,0.0,none,0.0,none,0.0,none,0.0,1.3,1.1,1.116843633472773,1.0522943428223244,1.0522943428223244,1.046707707392033,1.046707707392033,
427.0_p3conc_9.7_i9,Pembrolizumab,mAb_IgG4,3.5,149.0,7.57,0.3,9.698,25.0,Histidine,6.1,13.3,none,0.0,none,0.0,none,0.0,none,0.0,1.3,1.1,1.1869340709471872,1.0825501285929888,1.0825501285929888,1.0825501285929888,1.0465299736090772,
427.0_p3conc_13.4_i10,Pembrolizumab,mAb_IgG4,3.5,149.0,7.57,0.3,13.4164,25.0,Histidine,6.1,13.3,none,0.0,none,0.0,none,0.0,none,0.0,1.3,1.1,1.2166430728224382,1.2166430728224382,1.180917581017553,1.1607998619635278,1.132352713261346,
427.0_p3conc_18.6_i11,Pembrolizumab,mAb_IgG4,3.5,149.0,7.57,0.3,18.5606,25.0,Histidine,6.1,13.3,none,0.0,none,0.0,none,0.0,none,0.0,1.3,1.1,1.412313692136024,1.409284253296049,1.3818360848642344,1.2653781460620936,1.1560562989306524,
427.0_p3conc_18.6_i12,Pembrolizumab,mAb_IgG4,3.5,149.0,7.57,0.3,18.5664,25.0,Histidine,6.1,13.3,none,0.0,none,0.0,none,0.0,none,0.0,1.3,1.1,1.3042619103180557,1.3042619103180557,1.175955957676632,1.175955957676632,1.175955957676632,
427.0_p3conc_25.7_i13,Pembrolizumab,mAb_IgG4,3.5,149.0,7.57,0.3,25.677,25.0,Histidine,6.1,13.3,none,0.0,none,0.0,none,0.0,none,0.0,1.3,1.1,1.520034298617657,1.520034298617657,1.5136918699452466,1.4361177443396558,1.3033399111438422,
427.0_p3conc_35.5_i14,Pembrolizumab,mAb_IgG4,3.5,149.0,7.57,0.3,35.5222,25.0,Histidine,6.1,13.3,none,0.0,none,0.0,none,0.0,none,0.0,1.3,1.1,2.055266686643048,1.8374576585730538,1.8374576585730538,1.8374576585730538,1.444822504204024,
427.0_p3conc_38.5_i15,Pembrolizumab,mAb_IgG4,3.5,149.0,7.57,0.3,38.5397,25.0,Histidine,6.1,13.3,none,0.0,none,0.0,none,0.0,none,0.0,1.3,1.1,2.3683759698757694,2.33769820504631,2.037498670220025,2.037498670220025,1.4726159395676257,
427.0_p3conc_49.1_i16,Pembrolizumab,mAb_IgG4,3.5,149.0,7.57,0.3,49.1421,25.0,Histidine,6.1,13.3,none,0.0,none,0.0,none,0.0,none,0.0,1.3,1.1,2.67722402998644,2.67722402998644,2.352923646759911,2.352923646759911,1.8130036192508823,
427.0_p3conc_68.0_i17,Pembrolizumab,mAb_IgG4,3.5,149.0,7.57,0.3,67.9844,25.0,Histidine,6.1,13.3,none,0.0,none,0.0,none,0.0,none,0.0,1.3,1.1,4.145581455046774,4.145581455046774,3.9608984925733752,3.145721151784349,1.9773482105488016,
427.0_p3conc_88.5_i18,Pembrolizumab,mAb_IgG4,3.5,149.0,7.57,0.3,88.5346,25.0,Histidine,6.1,13.3,none,0.0,none,0.0,none,0.0,none,0.0,1.3,1.1,6.9495182411714715,6.754470213289527,6.0742136625659695,4.926470461842872,2.9781453997970266,
427.0_p3conc_94.1_i19,Pembrolizumab,mAb_IgG4,3.5,149.0,7.57,0.3,94.0509,25.0,Histidine,6.1,13.3,none,0.0,none,0.0,none,0.0,none,0.0,1.3,1.1,7.870548613375179,7.846702284621443,7.215073636277767,5.560418058760318,2.9087997476166336,
427.0_p3conc_98.0_i20,Pembrolizumab,mAb_IgG4,3.5,149.0,7.57,0.3,97.9797,25.0,Histidine,6.1,13.3,none,0.0,none,0.0,none,0.0,none,0.0,1.3,1.1,8.786398036730038,8.741582648701755,7.219191705781635,6.1946496357067735,3.3609435864453254,
427.0_p3conc_108.4_i21,Pembrolizumab,mAb_IgG4,3.5,149.0,7.57,0.3,108.4321,25.0,Histidine,6.1,13.3,none,0.0,none,0.0,none,0.0,none,0.0,1.3,1.1,10.798357457150756,10.798357457150756,9.84634781526137,6.96446056584376,3.677324012142441,
427.0_p3conc_120.0_i22,Pembrolizumab,mAb_IgG4,3.5,149.0,7.57,0.3,119.9999,25.0,Histidine,6.1,13.3,none,0.0,none,0.0,none,0.0,none,0.0,1.3,1.1,14.73372046554749,13.24011677584737,12.57741156853957,8.475014140252506,4.35462395839309,
427.0_p3conc_130.1_i23,Pembrolizumab,mAb_IgG4,3.5,149.0,7.57,0.3,130.1122,25.0,Histidine,6.1,13.3,none,0.0,none,0.0,none,0.0,none,0.0,1.3,1.1,17.951730434557366,17.755595898328398,16.367946662297097,11.073684777401136,4.516040331450169,
427.0_p3conc_132.8_i24,Pembrolizumab,mAb_IgG4,3.5,149.0,7.57,0.3,132.8018,25.0,Histidine,6.1,13.3,none,0.0,none,0.0,none,0.0,none,0.0,1.3,1.1,18.814383489745616,18.514877805787414,16.59633963585114,11.585935524446285,4.725282714368075,
427.0_p3conc_147.0_i25,Pembrolizumab,mAb_IgG4,3.5,149.0,7.57,0.3,146.9694,25.0,Histidine,6.1,13.3,none,0.0,none,0.0,none,0.0,none,0.0,1.3,1.1,26.00314313735931,26.00314313735931,22.03828139057687,16.51602840876108,5.898377308442247,
427.0_p3conc_162.6_i26,Pembrolizumab,mAb_IgG4,3.5,149.0,7.57,0.3,162.6485,25.0,Histidine,6.1,13.3,none,0.0,none,0.0,none,0.0,none,0.0,1.3,1.1,43.00858168469222,35.90215162994228,29.13509439996211,19.18423401904854,7.601356729823919,
422.0_p3conc_1.4_i0,Pembrolizumab,mAb_IgG4,3.5,149.0,7.57,0.3,1.3805,25.0,Histidine,6.1,13.7,none,0.0,none,0.0,none,0.0,none,0.0,1.3,1.1,0.9960675924433007,0.91,0.91,0.91,0.91,
422.0_p3conc_1.9_i1,Pembrolizumab,mAb_IgG4,3.5,149.0,7.57,0.3,1.9058,25.0,Histidine,6.1,13.7,none,0.0,none,0.0,none,0.0,none,0.0,1.3,1.1,0.9621223919508212,0.9390376271938075,0.9293000017771885,0.91,0.91,
422.0_p3conc_2.0_i2,Pembrolizumab,mAb_IgG4,3.5,149.0,7.57,0.3,2.049,25.0,Histidine,6.1,13.7,none,0.0,none,0.0,none,0.0,none,0.0,1.3,1.1,0.9127409383053895,0.9127409383053895,0.91,0.91,0.91,
422.0_p3conc_2.6_i3,Pembrolizumab,mAb_IgG4,3.5,149.0,7.57,0.3,2.6309,25.0,Histidine,6.1,13.7,none,0.0,none,0.0,none,0.0,none,0.0,1.3,1.1,0.9621995221358809,0.9520618858104779,0.9520618858104779,0.91,0.91,
422.0_p3conc_3.6_i4,Pembrolizumab,mAb_IgG4,3.5,149.0,7.57,0.3,3.6319,25.0,Histidine,6.1,13.7,none,0.0,none,0.0,none,0.0,none,0.0,1.3,1.1,0.9769034468269752,0.9769034468269752,0.9690855476465325,0.91,0.91,
422.0_p3conc_4.2_i5,Pembrolizumab,mAb_IgG4,3.5,149.0,7.57,0.3,4.1983,25.0,Histidine,6.1,13.7,none,0.0,none,0.0,none,0.0,none,0.0,1.3,1.1,0.91,0.91,0.91,0.91,0.91,
422.0_p3conc_5.0_i6,Pembrolizumab,mAb_IgG4,3.5,149.0,7.57,0.3,5.0139,25.0,Histidine,6.1,13.7,none,0.0,none,0.0,none,0.0,none,0.0,1.3,1.1,0.9117961768759805,0.9117961768759805,0.9117961768759805,0.9117961768759805,0.9117961768759805,
422.0_p3conc_6.9_i7,Pembrolizumab,mAb_IgG4,3.5,149.0,7.57,0.3,6.9216,25.0,Histidine,6.1,13.7,none,0.0,none,0.0,none,0.0,none,0.0,1.3,1.1,1.0730545611195534,1.045432058448223,1.045432058448223,0.999153636785701,0.999153636785701,
422.0_p3conc_8.6_i8,Pembrolizumab,mAb_IgG4,3.5,149.0,7.57,0.3,8.6023,25.0,Histidine,6.1,13.7,none,0.0,none,0.0,none,0.0,none,0.0,1.3,1.1,1.0785746311449194,1.0220811698281385,1.0220811698281385,1.0220811698281385,1.0220811698281385,
422.0_p3conc_9.6_i9,Pembrolizumab,mAb_IgG4,3.5,149.0,7.57,0.3,9.5552,25.0,Histidine,6.1,13.7,none,0.0,none,0.0,none,0.0,none,0.0,1.3,1.1,1.1244797223441092,1.1016255675266111,1.0427327916312839,1.0427327916312839,0.9684596693985379,
422.0_p3conc_13.2_i10,Pembrolizumab,mAb_IgG4,3.5,149.0,7.57,0.3,13.1909,25.0,Histidine,6.1,13.7,none,0.0,none,0.0,none,0.0,none,0.0,1.3,1.1,1.2280462983285723,1.2280462983285723,1.2276189850447776,1.0873129348574468,0.9566714552723483,
422.0_p3conc_17.6_i11,Pembrolizumab,mAb_IgG4,3.5,149.0,7.57,0.3,17.626,25.0,Histidine,6.1,13.7,none,0.0,none,0.0,none,0.0,none,0.0,1.3,1.1,1.3740878631260032,1.268550776285433,1.268550776285433,1.268550776285433,1.0970796601282191,
422.0_p3conc_18.2_i12,Pembrolizumab,mAb_IgG4,3.5,149.0,7.57,0.3,18.21,25.0,Histidine,6.1,13.7,none,0.0,none,0.0,none,0.0,none,0.0,1.3,1.1,1.353622563622355,1.353622563622355,1.353622563622355,1.2840613479888063,1.1135947164476114,
422.0_p3conc_25.1_i13,Pembrolizumab,mAb_IgG4,3.5,149.0,7.57,0.3,25.1387,25.0,Histidine,6.1,13.7,none,0.0,none,0.0,none,0.0,none,0.0,1.3,1.1,1.6699438013999848,1.5794930548706871,1.5125299297839716,1.428589406699077,1.1205050925180307,
422.0_p3conc_34.7_i14,Pembrolizumab,mAb_IgG4,3.5,149.0,7.57,0.3,34.7039,25.0,Histidine,6.1,13.7,none,0.0,none,0.0,none,0.0,none,0.0,1.3,1.1,2.1506232644868772,1.9510613049567913,1.7330599970519964,1.7330599970519964,1.306686390660464,
422.0_p3conc_36.1_i15,Pembrolizumab,mAb_IgG4,3.5,149.0,7.57,0.3,36.1154,25.0,Histidine,6.1,13.7,none,0.0,none,0.0,none,0.0,none,0.0,1.3,1.1,2.3264648828459635,2.1010376217100855,1.8822713459255114,1.701953715899948,1.2857593947735837,
422.0_p3conc_47.9_i16,Pembrolizumab,mAb_IgG4,3.5,149.0,7.57,0.3,47.9084,25.0,Histidine,6.1,13.7,none,0.0,none,0.0,none,0.0,none,0.0,1.3,1.1,2.851811138373014,2.84032811056091,2.6303499081426933,2.5380896867049345,1.4200382708572392,
422.0_p3conc_66.1_i17,Pembrolizumab,mAb_IgG4,3.5,149.0,7.57,0.3,66.1372,25.0,Histidine,6.1,13.7,none,0.0,none,0.0,none,0.0,none,0.0,1.3,1.1,4.836877594472599,4.302217680095351,3.6226877454424513,3.6226877454424513,1.8452861137409164,
422.0_p3conc_82.3_i18,Pembrolizumab,mAb_IgG4,3.5,149.0,7.57,0.3,82.3467,25.0,Histidine,6.1,13.7,none,0.0,none,0.0,none,0.0,none,0.0,1.3,1.1,7.0606441004833185,5.838137284570096,5.838137284570096,4.6613663763683135,2.2739151269135,
422.0_p3conc_91.3_i19,Pembrolizumab,mAb_IgG4,3.5,149.0,7.57,0.3,91.3021,25.0,Histidine,6.1,13.7,none,0.0,none,0.0,none,0.0,none,0.0,1.3,1.1,9.005548099682711,7.159140512946245,7.159140512946245,5.992073005666691,2.484072689501179,
422.0_p3conc_91.6_i20,Pembrolizumab,mAb_IgG4,3.5,149.0,7.57,0.3,91.6349,25.0,Histidine,6.1,13.7,none,0.0,none,0.0,none,0.0,none,0.0,1.3,1.1,8.150116316485757,8.150116316485757,6.692194703695463,6.258119140056041,2.3107348099404716,
422.0_p3conc_102.0_i21,Pembrolizumab,mAb_IgG4,3.5,149.0,7.57,0.3,101.9708,25.0,Histidine,6.1,13.7,none,0.0,none,0.0,none,0.0,none,0.0,1.3,1.1,10.999891882741274,9.959954364026459,9.380402358154731,6.977169739192303,2.843651392288407,
422.0_p3conc_113.5_i22,Pembrolizumab,mAb_IgG4,3.5,149.0,7.57,0.3,113.4723,25.0,Histidine,6.1,13.7,none,0.0,none,0.0,none,0.0,none,0.0,1.3,1.1,15.825856498844624,12.031021416516639,12.031021416516639,8.782788164002751,2.9747700719736487,
422.0_p3conc_126.0_i23,Pembrolizumab,mAb_IgG4,3.5,149.0,7.57,0.3,126.0419,25.0,Histidine,6.1,13.7,none,0.0,none,0.0,none,0.0,none,0.0,1.3,1.1,21.102185763902362,16.195554181712225,15.61659053223063,12.327715408604764,3.476106890338671,
422.0_p3conc_126.3_i24,Pembrolizumab,mAb_IgG4,3.5,149.0,7.57,0.3,126.2714,25.0,Histidine,6.1,13.7,none,0.0,none,0.0,none,0.0,none,0.0,1.3,1.1,21.571663760525873,16.758152457962904,15.674613592359629,12.913947921348047,3.645217848513168,
422.0_p3conc_140.5_i25,Pembrolizumab,mAb_IgG4,3.5,149.0,7.57,0.3,140.5141,25.0,Histidine,6.1,13.7,none,0.0,none,0.0,none,0.0,none,0.0,1.3,1.1,30.716768620142833,22.396176814666347,21.93207657613805,15.809968821524086,3.8637170528613893,
422.0_p3conc_156.4_i26,Pembrolizumab,mAb_IgG4,3.5,149.0,7.57,0.3,156.3634,25.0,Histidine,6.1,13.7,none,0.0,none,0.0,none,0.0,none,0.0,1.3,1.1,43.85906629458875,32.78839916375783,31.783987676134235,23.748905501287457,4.454833738869468,
426.0_p3conc_1.4_i0,Pembrolizumab,mAb_IgG4,3.5,149.0,7.57,0.3,1.3672,25.0,Histidine,6.1,13.9,none,0.0,none,0.0,none,0.0,none,0.0,1.3,1.1,0.91,0.91,0.91,0.91,0.91,
426.0_p3conc_1.9_i1,Pembrolizumab,mAb_IgG4,3.5,149.0,7.57,0.3,1.8692,25.0,Histidine,6.1,13.9,none,0.0,none,0.0,none,0.0,none,0.0,1.3,1.1,0.91,0.91,0.91,0.91,0.91,
426.0_p3conc_2.6_i2,Pembrolizumab,mAb_IgG4,3.5,149.0,7.57,0.3,2.5555,25.0,Histidine,6.1,13.9,none,0.0,none,0.0,none,0.0,none,0.0,1.3,1.1,0.9240228938479323,0.91,0.91,0.91,0.91,
426.0_p3conc_2.6_i3,Pembrolizumab,mAb_IgG4,3.5,149.0,7.57,0.3,2.6458,25.0,Histidine,6.1,13.9,none,0.0,none,0.0,none,0.0,none,0.0,1.3,1.1,0.9511957827306226,0.91,0.91,0.91,0.91,
426.0_p3conc_3.5_i4,Pembrolizumab,mAb_IgG4,3.5,149.0,7.57,0.3,3.4938,25.0,Histidine,6.1,13.9,none,0.0,none,0.0,none,0.0,none,0.0,1.3,1.1,0.91,0.91,0.91,0.91,0.91,
426.0_p3conc_4.8_i5,Pembrolizumab,mAb_IgG4,3.5,149.0,7.57,0.3,4.7766,25.0,Histidine,6.1,13.9,none,0.0,none,0.0,none,0.0,none,0.0,1.3,1.1,0.91,0.91,0.91,0.91,0.91,
426.0_p3conc_6.5_i6,Pembrolizumab,mAb_IgG4,3.5,149.0,7.57,0.3,6.5305,25.0,Histidine,6.1,13.9,none,0.0,none,0.0,none,0.0,none,0.0,1.3,1.1,0.91,0.91,0.91,0.91,0.91,
426.0_p3conc_7.0_i7,Pembrolizumab,mAb_IgG4,3.5,149.0,7.57,0.3,7.0,25.0,Histidine,6.1,13.9,none,0.0,none,0.0,none,0.0,none,0.0,1.3,1.1,1.02551856429265,0.9707202113392931,0.9707202113392931,0.9707202113392931,0.9707202113392931,
426.0_p3conc_8.9_i8,Pembrolizumab,mAb_IgG4,3.5,149.0,7.57,0.3,8.9283,25.0,Histidine,6.1,13.9,none,0.0,none,0.0,none,0.0,none,0.0,1.3,1.1,1.039822205682793,1.0002886571298208,0.9619505164837628,0.9619505164837628,0.9619505164837628,
426.0_p3conc_12.2_i9,Pembrolizumab,mAb_IgG4,3.5,149.0,7.57,0.3,12.2066,25.0,Histidine,6.1,13.9,none,0.0,none,0.0,none,0.0,none,0.0,1.3,1.1,1.0155280613449125,1.0155280613449125,1.0155280613449125,1.0155280613449125,1.0155280613449125,
426.0_p3conc_16.7_i10,Pembrolizumab,mAb_IgG4,3.5,149.0,7.57,0.3,16.6885,25.0,Histidine,6.1,13.9,none,0.0,none,0.0,none,0.0,none,0.0,1.3,1.1,1.1995983046204937,1.0695304788500795,1.0695304788500795,1.0695304788500795,1.0281491434464585,
426.0_p3conc_18.5_i11,Pembrolizumab,mAb_IgG4,3.5,149.0,7.57,0.3,18.5203,25.0,Histidine,6.1,13.9,none,0.0,none,0.0,none,0.0,none,0.0,1.3,1.1,1.1008535307270455,1.1008535307270455,1.0441525973291275,1.0266994977918087,1.0266994977918087,
426.0_p3conc_22.8_i12,Pembrolizumab,mAb_IgG4,3.5,149.0,7.57,0.3,22.8161,25.0,Histidine,6.1,13.9,none,0.0,none,0.0,none,0.0,none,0.0,1.3,1.1,1.2532339102673584,1.2098715876680155,1.139663905427901,1.119233031463495,1.119233031463495,
426.0_p3conc_31.2_i13,Pembrolizumab,mAb_IgG4,3.5,149.0,7.57,0.3,31.1936,25.0,Histidine,6.1,13.9,none,0.0,none,0.0,none,0.0,none,0.0,1.3,1.1,1.4121308375396677,1.32754765665568,1.32754765665568,1.1956777668294827,1.1956777668294827,
426.0_p3conc_42.6_i14,Pembrolizumab,mAb_IgG4,3.5,149.0,7.57,0.3,42.6471,25.0,Histidine,6.1,13.9,none,0.0,none,0.0,none,0.0,none,0.0,1.3,1.1,1.4832761119230193,1.435424468379247,1.394127783593265,1.394127783593265,1.394127783593265,
426.0_p3conc_56.3_i15,Pembrolizumab,mAb_IgG4,3.5,149.0,7.57,0.3,56.308,25.0,Histidine,6.1,13.9,none,0.0,none,0.0,none,0.0,none,0.0,1.3,1.1,1.9685124178657853,1.8197782271753318,1.7066318144400523,1.6235250211390277,1.6235250211390277,
426.0_p3conc_58.3_i16,Pembrolizumab,mAb_IgG4,3.5,149.0,7.57,0.3,58.3061,25.0,Histidine,6.1,13.9,none,0.0,none,0.0,none,0.0,none,0.0,1.3,1.1,2.038148573893593,1.870202168730907,1.578770758195096,1.578770758195096,1.578770758195096,
426.0_p3conc_64.7_i17,Pembrolizumab,mAb_IgG4,3.5,149.0,7.57,0.3,64.7059,25.0,Histidine,6.1,13.9,none,0.0,none,0.0,none,0.0,none,0.0,1.3,1.1,2.0144133357109806,2.0144133357109806,1.804327156513133,1.7670589186749914,1.7154867309135509,
426.0_p3conc_74.4_i18,Pembrolizumab,mAb_IgG4,3.5,149.0,7.57,0.3,74.3562,25.0,Histidine,6.1,13.9,none,0.0,none,0.0,none,0.0,none,0.0,1.3,1.1,2.259102368712401,2.259102368712401,2.047138978971252,2.0019020971365133,2.0019020971365133,
426.0_p3conc_79.7_i19,Pembrolizumab,mAb_IgG4,3.5,149.0,7.57,0.3,79.7146,25.0,Histidine,6.1,13.9,none,0.0,none,0.0,none,0.0,none,0.0,1.3,1.1,2.3267590972555854,2.312104176854015,1.9953682318967274,1.9953682318967274,1.9953682318967274,
426.0_p3conc_85.4_i20,Pembrolizumab,mAb_IgG4,3.5,149.0,7.57,0.3,85.4459,25.0,Histidine,6.1,13.9,none,0.0,none,0.0,none,0.0,none,0.0,1.3,1.1,2.6826522625210196,2.4825180676005165,2.1127131117596916,2.1127131117596916,2.1127131117596916,
426.0_p3conc_98.2_i21,Pembrolizumab,mAb_IgG4,3.5,149.0,7.57,0.3,98.1895,25.0,Histidine,6.1,13.9,none,0.0,none,0.0,none,0.0,none,0.0,1.3,1.1,2.983167680139385,2.983167680139385,2.375669545865179,2.375669545865179,2.375669545865179,
426.0_p3conc_109.0_i22,Pembrolizumab,mAb_IgG4,3.5,149.0,7.57,0.3,108.9838,25.0,Histidine,6.1,13.9,none,0.0,none,0.0,none,0.0,none,0.0,1.3,1.1,3.628295188690173,3.273033827949604,2.8139271774465695,2.8061924591104077,2.8061924591104077,
426.0_p3conc_112.8_i23,Pembrolizumab,mAb_IgG4,3.5,149.0,7.57,0.3,112.8337,25.0,Histidine,6.1,13.9,none,0.0,none,0.0,none,0.0,none,0.0,1.3,1.1,3.309379299842401,3.309379299842401,2.7302965215579835,2.7302965215579835,2.643419634794676,
426.0_p3conc_129.7_i24,Pembrolizumab,mAb_IgG4,3.5,149.0,7.57,0.3,129.6618,25.0,Histidine,6.1,13.9,none,0.0,none,0.0,none,0.0,none,0.0,1.3,1.1,3.986176041983346,3.986176041983346,3.387636807068944,3.319528873406202,3.319528873406202,
423.0_p3conc_1.4_i0,Pembrolizumab,mAb_IgG4,3.5,149.0,7.57,0.3,1.4121,25.0,Histidine,6.2,11.7,none,0.0,none,0.0,none,0.0,none,0.0,1.3,1.1,0.9322863277842436,0.9322863277842436,0.9104845647410914,0.9104845647410914,0.91,
423.0_p3conc_1.6_i1,Pembrolizumab,mAb_IgG4,3.5,149.0,7.57,0.3,1.577,25.0,Histidine,6.2,11.7,none,0.0,none,0.0,none,0.0,none,0.0,1.3,1.1,0.9987790798964901,0.9183698419723823,0.91,0.91,0.91,
423.0_p3conc_2.0_i2,Pembrolizumab,mAb_IgG4,3.5,149.0,7.57,0.3,1.9941,25.0,Histidine,6.2,11.7,none,0.0,none,0.0,none,0.0,none,0.0,1.3,1.1,0.91,0.91,0.91,0.91,0.91,
423.0_p3conc_2.5_i3,Pembrolizumab,mAb_IgG4,3.5,149.0,7.57,0.3,2.4869,25.0,Histidine,6.2,11.7,none,0.0,none,0.0,none,0.0,none,0.0,1.3,1.1,0.9871321893304181,0.9174041478413696,0.91,0.91,0.91,
423.0_p3conc_2.8_i4,Pembrolizumab,mAb_IgG4,3.5,149.0,7.57,0.3,2.8159,25.0,Histidine,6.2,11.7,none,0.0,none,0.0,none,0.0,none,0.0,1.3,1.1,1.0018299077899797,0.9642212870057655,0.9433668641578209,0.934206229902614,0.934206229902614,
423.0_p3conc_3.9_i5,Pembrolizumab,mAb_IgG4,3.5,149.0,7.57,0.3,3.9217,25.0,Histidine,6.2,11.7,none,0.0,none,0.0,none,0.0,none,0.0,1.3,1.1,0.952387504413497,0.9296909892150128,0.9296909892150128,0.9296909892150128,0.9296909892150128,
423.0_p3conc_4.0_i6,Pembrolizumab,mAb_IgG4,3.5,149.0,7.57,0.3,3.9764,25.0,Histidine,6.2,11.7,none,0.0,none,0.0,none,0.0,none,0.0,1.3,1.1,1.0218730122178283,0.9629546634152848,0.9629546634152848,0.9348519614628905,0.9348519614628905,
423.0_p3conc_5.6_i7,Pembrolizumab,mAb_IgG4,3.5,149.0,7.57,0.3,5.6151,25.0,Histidine,6.2,11.7,none,0.0,none,0.0,none,0.0,none,0.0,1.3,1.1,1.024081175864062,1.024081175864062,0.9711421492873438,0.9696719020521157,0.9696719020521157,
423.0_p3conc_6.2_i8,Pembrolizumab,mAb_IgG4,3.5,149.0,7.57,0.3,6.1845,25.0,Histidine,6.2,11.7,none,0.0,none,0.0,none,0.0,none,0.0,1.3,1.1,1.0323982815150285,0.9720134034414001,0.9720134034414001,0.9254330446485572,0.9254330446485572,
423.0_p3conc_7.9_i9,Pembrolizumab,mAb_IgG4,3.5,149.0,7.57,0.3,7.9292,25.0,Histidine,6.2,11.7,none,0.0,none,0.0,none,0.0,none,0.0,1.3,1.1,1.0005635287353247,1.0005635287353247,0.972617098826581,0.972617098826581,0.972617098826581,
423.0_p3conc_9.8_i10,Pembrolizumab,mAb_IgG4,3.5,149.0,7.57,0.3,9.7529,25.0,Histidine,6.2,11.7,none,0.0,none,0.0,none,0.0,none,0.0,1.3,1.1,1.0857279252393115,1.0857279252393115,1.0857279252393115,1.02478609194952,0.997981101452224,
423.0_p3conc_11.2_i11,Pembrolizumab,mAb_IgG4,3.5,149.0,7.57,0.3,11.1969,25.0,Histidine,6.2,11.7,none,0.0,none,0.0,none,0.0,none,0.0,1.3,1.1,1.1746402785402077,1.0395680812238228,1.0395680812238228,1.0395680812238228,1.0124691340584828,
423.0_p3conc_15.4_i12,Pembrolizumab,mAb_IgG4,3.5,149.0,7.57,0.3,15.3801,25.0,Histidine,6.2,11.7,none,0.0,none,0.0,none,0.0,none,0.0,1.3,1.1,1.3183169561093255,1.1940046267697753,1.1940046267697753,1.1940046267697753,1.186518127470539,
423.0_p3conc_15.8_i13,Pembrolizumab,mAb_IgG4,3.5,149.0,7.57,0.3,15.8114,25.0,Histidine,6.2,11.7,none,0.0,none,0.0,none,0.0,none,0.0,1.3,1.1,1.2508302875786421,1.2508302875786421,1.1886750935441626,1.1886750935441626,1.1465149801420391,
423.0_p3conc_22.3_i14,Pembrolizumab,mAb_IgG4,3.5,149.0,7.57,0.3,22.3275,25.0,Histidine,6.2,11.7,none,0.0,none,0.0,none,0.0,none,0.0,1.3,1.1,1.3845435571201303,1.3845435571201303,1.3845435571201303,1.3188103118446874,1.3188103118446874,
423.0_p3conc_24.3_i15,Pembrolizumab,mAb_IgG4,3.5,149.0,7.57,0.3,24.2541,25.0,Histidine,6.2,11.7,none,0.0,none,0.0,none,0.0,none,0.0,1.3,1.1,1.4637446210584837,1.4637446210584837,1.4637446210584837,1.392787099642064,1.2347186633701217,
423.0_p3conc_31.5_i16,Pembrolizumab,mAb_IgG4,3.5,149.0,7.57,0.3,31.5292,25.0,Histidine,6.2,11.7,none,0.0,none,0.0,none,0.0,none,0.0,1.3,1.1,1.724646919294161,1.6749530287109669,1.5373223926672126,1.5205758246413623,1.3368958740862604,
423.0_p3conc_38.2_i17,Pembrolizumab,mAb_IgG4,3.5,149.0,7.57,0.3,38.2483,25.0,Histidine,6.2,11.7,none,0.0,none,0.0,none,0.0,none,0.0,1.3,1.1,2.205330828433116,2.0292048336163417,1.9777837176415525,1.850730795325286,1.5935986984022552,
423.0_p3conc_44.5_i18,Pembrolizumab,mAb_IgG4,3.5,149.0,7.57,0.3,44.523,25.0,Histidine,6.2,11.7,none,0.0,none,0.0,none,0.0,none,0.0,1.3,1.1,2.5468031674626617,2.18438069442153,2.1713882788158223,2.091506624544455,1.6332195582985176,
423.0_p3conc_60.3_i19,Pembrolizumab,mAb_IgG4,3.5,149.0,7.57,0.3,60.3168,25.0,Histidine,6.2,11.7,none,0.0,none,0.0,none,0.0,none,0.0,1.3,1.1,3.8931832870130543,3.122825088641012,2.9766623775948844,2.860134573963208,2.2883922324200396,
423.0_p3conc_62.9_i20,Pembrolizumab,mAb_IgG4,3.5,149.0,7.57,0.3,62.8717,25.0,Histidine,6.2,11.7,none,0.0,none,0.0,none,0.0,none,0.0,1.3,1.1,3.57813689490554,3.308412955458615,2.903041281073365,2.7571384056888424,2.333658443398358,
423.0_p3conc_88.8_i21,Pembrolizumab,mAb_IgG4,3.5,149.0,7.57,0.3,88.7822,25.0,Histidine,6.2,11.7,none,0.0,none,0.0,none,0.0,none,0.0,1.3,1.1,6.463476491239335,5.958107556266847,5.177373479241385,4.2668731661466435,3.51377714021835,
423.0_p3conc_95.1_i22,Pembrolizumab,mAb_IgG4,3.5,149.0,7.57,0.3,95.1185,25.0,Histidine,6.2,11.7,none,0.0,none,0.0,none,0.0,none,0.0,1.3,1.1,7.782638821495517,6.695644440190217,5.860344862526597,5.360249733078999,4.3057009013156495,
423.0_p3conc_125.4_i23,Pembrolizumab,mAb_IgG4,3.5,149.0,7.57,0.3,125.3713,25.0,Histidine,6.2,11.7,none,0.0,none,0.0,none,0.0,none,0.0,1.3,1.1,14.291542897088178,11.334978326124324,10.483914236328774,9.154665136600473,5.349268321586909,
423.0_p3conc_159.9_i24,Pembrolizumab,mAb_IgG4,3.5,149.0,7.57,0.3,159.8903,25.0,Histidine,6.2,11.7,none,0.0,none,0.0,none,0.0,none,0.0,1.3,1.1,30.724353376594312,25.093650387786393,22.951877478492882,17.78831148414673,10.002186832297207,
423.0_p3conc_170.4_i25,Pembrolizumab,mAb_IgG4,3.5,149.0,7.57,0.3,170.4327,25.0,Histidine,6.2,11.7,none,0.0,none,0.0,none,0.0,none,0.0,1.3,1.1,34.83603117755668,32.02229014879349,27.23937147163166,20.557739462662084,10.378285382920994,
423.0_p3conc_177.0_i26,Pembrolizumab,mAb_IgG4,3.5,149.0,7.57,0.3,177.039,25.0,Histidine,6.2,11.7,none,0.0,none,0.0,none,0.0,none,0.0,1.3,1.1,42.96898015842962,33.36355125599904,27.402666418109998,22.929227040236654,11.94921338303033,
423.0_p3conc_181.7_i27,Pembrolizumab,mAb_IgG4,3.5,149.0,7.57,0.3,181.6707,25.0,Histidine,6.2,11.7,none,0.0,none,0.0,none,0.0,none,0.0,1.3,1.1,55.67399650946396,38.45946261807713,34.989302606609954,23.224033237949893,12.957968911268532,
423.0_p3conc_193.6_i28,Pembrolizumab,mAb_IgG4,3.5,149.0,7.57,0.3,193.6493,25.0,Histidine,6.2,11.7,none,0.0,none,0.0,none,0.0,none,0.0,1.3,1.1,64.57384856464168,47.669635092716234,41.01854982323989,30.783607221836732,15.690654990494492,
423.0_p3conc_206.4_i29,Pembrolizumab,mAb_IgG4,3.5,149.0,7.57,0.3,206.4177,25.0,Histidine,6.2,11.7,none,0.0,none,0.0,none,0.0,none,0.0,1.3,1.1,92.84833765519532,65.93535035163933,55.10536122624528,40.282641627911836,19.717012270758218,
423.0_p3conc_220.0_i30,Pembrolizumab,mAb_IgG4,3.5,149.0,7.57,0.3,220.028,25.0,Histidine,6.2,11.7,none,0.0,none,0.0,none,0.0,none,0.0,1.3,1.1,114.72227578119383,84.69938034903345,71.18428022744402,53.187480723757545,24.70627202059182,
423.0_p3conc_234.5_i31,Pembrolizumab,mAb_IgG4,3.5,149.0,7.57,0.3,234.5357,25.0,Histidine,6.2,11.7,none,0.0,none,0.0,none,0.0,none,0.0,1.3,1.1,156.94397133393852,120.36116937098016,93.39936835375518,65.89360111767917,28.463479580862263,
424.0_p3conc_1.4_i0,Pembrolizumab,mAb_IgG4,3.5,149.0,7.57,0.3,1.4067,25.0,Histidine,6.2,12.7,none,0.0,none,0.0,none,0.0,none,0.0,1.3,1.1,0.9116926932728098,0.9116926932728098,0.9116926932728098,0.9116926932728098,0.91,
424.0_p3conc_1.6_i1,Pembrolizumab,mAb_IgG4,3.5,149.0,7.57,0.3,1.6332,25.0,Histidine,6.2,12.7,none,0.0,none,0.0,none,0.0,none,0.0,1.3,1.1,0.9115263382935379,0.9115263382935379,0.91,0.91,0.91,
424.0_p3conc_2.0_i2,Pembrolizumab,mAb_IgG4,3.5,149.0,7.57,0.3,1.9787,25.0,Histidine,6.2,12.7,none,0.0,none,0.0,none,0.0,none,0.0,1.3,1.1,0.9361078245448097,0.9358904953743642,0.91,0.91,0.91,
424.0_p3conc_2.7_i3,Pembrolizumab,mAb_IgG4,3.5,149.0,7.57,0.3,2.6673,25.0,Histidine,6.2,12.7,none,0.0,none,0.0,none,0.0,none,0.0,1.3,1.1,1.0021424572149455,0.9567354123077612,0.9144016297395678,0.9144016297395678,0.9144016297395678,
424.0_p3conc_2.8_i4,Pembrolizumab,mAb_IgG4,3.5,149.0,7.57,0.3,2.7834,25.0,Histidine,6.2,12.7,none,0.0,none,0.0,none,0.0,none,0.0,1.3,1.1,0.9927618466017444,0.9722210775364706,0.9722210775364706,0.9722210775364706,0.9675119383974933,
424.0_p3conc_3.9_i5,Pembrolizumab,mAb_IgG4,3.5,149.0,7.57,0.3,3.9153,25.0,Histidine,6.2,12.7,none,0.0,none,0.0,none,0.0,none,0.0,1.3,1.1,1.005085996192922,1.005085996192922,0.9209173123209502,0.91,0.91,
424.0_p3conc_4.4_i6,Pembrolizumab,mAb_IgG4,3.5,149.0,7.57,0.3,4.3561,25.0,Histidine,6.2,12.7,none,0.0,none,0.0,none,0.0,none,0.0,1.3,1.1,0.9932392798235493,0.9585385942121789,0.9585385942121789,0.91,0.91,
424.0_p3conc_5.5_i7,Pembrolizumab,mAb_IgG4,3.5,149.0,7.57,0.3,5.5076,25.0,Histidine,6.2,12.7,none,0.0,none,0.0,none,0.0,none,0.0,1.3,1.1,0.9966718726458884,0.935917253469863,0.935917253469863,0.9283198569490754,0.9123701750420335,
424.0_p3conc_7.1_i8,Pembrolizumab,mAb_IgG4,3.5,149.0,7.57,0.3,7.1143,25.0,Histidine,6.2,12.7,none,0.0,none,0.0,none,0.0,none,0.0,1.3,1.1,1.1064999864970833,1.0786897164333076,0.9842641019042698,0.9842641019042698,0.9601308555571474,
424.0_p3conc_7.7_i9,Pembrolizumab,mAb_IgG4,3.5,149.0,7.57,0.3,7.7473,25.0,Histidine,6.2,12.7,none,0.0,none,0.0,none,0.0,none,0.0,1.3,1.1,1.200502457577333,1.0823378029470057,1.0429705827408011,0.989827813143066,0.9193077413927625,
424.0_p3conc_10.9_i10,Pembrolizumab,mAb_IgG4,3.5,149.0,7.57,0.3,10.8979,25.0,Histidine,6.2,12.7,none,0.0,none,0.0,none,0.0,none,0.0,1.3,1.1,1.1235240571081972,1.1235240571081972,1.123136743337578,1.1195546463504762,1.0414652282391637,
424.0_p3conc_11.6_i11,Pembrolizumab,mAb_IgG4,3.5,149.0,7.57,0.3,11.619,25.0,Histidine,6.2,12.7,none,0.0,none,0.0,none,0.0,none,0.0,1.3,1.1,1.0661070027601016,1.0661070027601016,1.0661070027601016,1.0661070027601016,0.9394093198116993,
424.0_p3conc_15.3_i12,Pembrolizumab,mAb_IgG4,3.5,149.0,7.57,0.3,15.3297,25.0,Histidine,6.2,12.7,none,0.0,none,0.0,none,0.0,none,0.0,1.3,1.1,1.2600206842354575,1.2600206842354575,1.2600206842354575,1.238922676562513,1.060107487356223,
424.0_p3conc_19.0_i13,Pembrolizumab,mAb_IgG4,3.5,149.0,7.57,0.3,18.9758,25.0,Histidine,6.2,12.7,none,0.0,none,0.0,none,0.0,none,0.0,1.3,1.1,1.4172451384307048,1.3371544055004496,1.2845478452693266,1.2365249450949256,0.9319990833107045,
424.0_p3conc_21.6_i14,Pembrolizumab,mAb_IgG4,3.5,149.0,7.57,0.3,21.5638,25.0,Histidine,6.2,12.7,none,0.0,none,0.0,none,0.0,none,0.0,1.3,1.1,1.475842693850242,1.42157644493944,1.3952797169571571,1.3340765341835061,1.0595575732980833,
424.0_p3conc_30.3_i15,Pembrolizumab,mAb_IgG4,3.5,149.0,7.57,0.3,30.3331,25.0,Histidine,6.2,12.7,none,0.0,none,0.0,none,0.0,none,0.0,1.3,1.1,1.9009700539816874,1.7367688038846867,1.5472243237364738,1.5162295191461648,1.055640330889026,
424.0_p3conc_31.0_i16,Pembrolizumab,mAb_IgG4,3.5,149.0,7.57,0.3,30.9909,25.0,Histidine,6.2,12.7,none,0.0,none,0.0,none,0.0,none,0.0,1.3,1.1,1.975951981378841,1.8884790009378094,1.7932536445139184,1.631700297447307,1.1019870064492316,
424.0_p3conc_42.7_i17,Pembrolizumab,mAb_IgG4,3.5,149.0,7.57,0.3,42.6687,25.0,Histidine,6.2,12.7,none,0.0,none,0.0,none,0.0,none,0.0,1.3,1.1,2.5322329305816886,2.2875133722699474,2.0517387552813515,2.04262900848451,1.1878554338233511,
424.0_p3conc_50.6_i18,Pembrolizumab,mAb_IgG4,3.5,149.0,7.57,0.3,50.6136,25.0,Histidine,6.2,12.7,none,0.0,none,0.0,none,0.0,none,0.0,1.3,1.1,2.990551093809476,2.7349765445016363,2.5003597865470395,2.2614314105652733,1.3253725069967093,
424.0_p3conc_60.0_i19,Pembrolizumab,mAb_IgG4,3.5,149.0,7.57,0.3,60.0207,25.0,Histidine,6.2,12.7,none,0.0,none,0.0,none,0.0,none,0.0,1.3,1.1,3.9483577363899403,3.1782099022065466,3.14830125523087,2.661923840451597,1.3286311203436008,
424.0_p3conc_82.7_i20,Pembrolizumab,mAb_IgG4,3.5,149.0,7.57,0.3,82.6609,25.0,Histidine,6.2,12.7,none,0.0,none,0.0,none,0.0,none,0.0,1.3,1.1,6.886402344212346,5.987024333610784,5.145251341608714,4.053562409123179,1.5882925401938337,
424.0_p3conc_84.4_i21,Pembrolizumab,mAb_IgG4,3.5,149.0,7.57,0.3,84.4293,25.0,Histidine,6.2,12.7,none,0.0,none,0.0,none,0.0,none,0.0,1.3,1.1,7.265253292370831,6.036068361685248,5.674797467339524,4.301117057827717,1.6378573678456767,
424.0_p3conc_118.8_i22,Pembrolizumab,mAb_IgG4,3.5,149.0,7.57,0.3,118.7638,25.0,Histidine,6.2,12.7,none,0.0,none,0.0,none,0.0,none,0.0,1.3,1.1,18.586716870441784,13.905207143354662,11.499873112201344,7.30808337220472,1.9955063170720435,
424.0_p3conc_144.7_i23,Pembrolizumab,mAb_IgG4,3.5,149.0,7.57,0.3,144.6858,25.0,Histidine,6.2,12.7,none,0.0,none,0.0,none,0.0,none,0.0,1.3,1.1,33.42098863585398,26.57952438591411,19.91063301886709,12.271264082780359,2.385559014047615,
424.0_p3conc_155.1_i24,Pembrolizumab,mAb_IgG4,3.5,149.0,7.57,0.3,155.0661,25.0,Histidine,6.2,12.7,none,0.0,none,0.0,none,0.0,none,0.0,1.3,1.1,44.091011624432134,31.880765243538608,22.678996143357846,15.532204388936558,2.484676528069466,
424.0_p3conc_166.2_i25,Pembrolizumab,mAb_IgG4,3.5,149.0,7.57,0.3,166.1916,25.0,Histidine,6.2,12.7,none,0.0,none,0.0,none,0.0,none,0.0,1.3,1.1,58.62780433971586,38.978897136897324,29.28340685947324,19.768299468489246,2.5741425522206027,
424.0_p3conc_167.1_i26,Pembrolizumab,mAb_IgG4,3.5,149.0,7.57,0.3,167.0614,25.0,Histidine,6.2,12.7,none,0.0,none,0.0,none,0.0,none,0.0,1.3,1.1,56.54513434105088,41.016058857713034,29.572271416032972,18.26870424482997,2.7305718552648353,
424.0_p3conc_178.1_i27,Pembrolizumab,mAb_IgG4,3.5,149.0,7.57,0.3,178.1152,25.0,Histidine,6.2,12.7,none,0.0,none,0.0,none,0.0,none,0.0,1.3,1.1,72.86592002675269,50.58094021041185,42.56642334574486,23.79509429929581,2.8238807057657382,
424.0_p3conc_190.9_i28,Pembrolizumab,mAb_IgG4,3.5,149.0,7.57,0.3,190.8943,25.0,Histidine,6.2,12.7,none,0.0,none,0.0,none,0.0,none,0.0,1.3,1.1,109.77432772949555,72.92013010906004,53.13785603054213,29.26593559327321,3.3255943018546197,
424.0_p3conc_204.6_i29,Pembrolizumab,mAb_IgG4,3.5,149.0,7.57,0.3,204.5898,25.0,Histidine,6.2,12.7,none,0.0,none,0.0,none,0.0,none,0.0,1.3,1.1,138.31927351130605,92.65354850257108,68.35210106013126,38.405389538525114,3.3364701056704216,
424.0_p3conc_219.3_i30,Pembrolizumab,mAb_IgG4,3.5,149.0,7.57,0.3,219.2684,25.0,Histidine,6.2,12.7,none,0.0,none,0.0,none,0.0,none,0.0,1.3,1.1,222.375929263345,132.37203412355586,91.39777349408936,51.88067931061745,3.9966664668832212,
425.0_p3conc_1.4_i0,Pembrolizumab,mAb_IgG4,3.5,149.0,7.57,0.3,1.4301,25.0,Histidine,6.3,11.2,none,0.0,none,0.0,none,0.0,none,0.0,1.3,1.1,0.91,0.91,0.91,0.91,0.91,
425.0_p3conc_1.4_i1,Pembrolizumab,mAb_IgG4,3.5,149.0,7.57,0.3,1.4324,25.0,Histidine,6.3,11.2,none,0.0,none,0.0,none,0.0,none,0.0,1.3,1.1,0.961937246328589,0.9317119998849679,0.9317119998849679,0.91,0.91,
425.0_p3conc_2.0_i2,Pembrolizumab,mAb_IgG4,3.5,149.0,7.57,0.3,2.0451,25.0,Histidine,6.3,11.2,none,0.0,none,0.0,none,0.0,none,0.0,1.3,1.1,0.91,0.91,0.91,0.91,0.91,
425.0_p3conc_2.1_i3,Pembrolizumab,mAb_IgG4,3.5,149.0,7.57,0.3,2.0517,25.0,Histidine,6.3,11.2,none,0.0,none,0.0,none,0.0,none,0.0,1.3,1.1,0.9242460147882484,0.9242460147882484,0.9242460147882484,0.9242460147882484,0.9242460147882484,
425.0_p3conc_2.9_i4,Pembrolizumab,mAb_IgG4,3.5,149.0,7.57,0.3,2.9247,25.0,Histidine,6.3,11.2,none,0.0,none,0.0,none,0.0,none,0.0,1.3,1.1,0.9721193773659257,0.91,0.91,0.91,0.91,
425.0_p3conc_2.9_i5,Pembrolizumab,mAb_IgG4,3.5,149.0,7.57,0.3,2.9388,25.0,Histidine,6.3,11.2,none,0.0,none,0.0,none,0.0,none,0.0,1.3,1.1,0.9475751866182358,0.91,0.91,0.91,0.91,
425.0_p3conc_4.2_i6,Pembrolizumab,mAb_IgG4,3.5,149.0,7.57,0.3,4.1826,25.0,Histidine,6.3,11.2,none,0.0,none,0.0,none,0.0,none,0.0,1.3,1.1,0.9248976590459153,0.9248976590459153,0.9248976590459153,0.9248976590459153,0.9248976590459153,
425.0_p3conc_4.2_i7,Pembrolizumab,mAb_IgG4,3.5,149.0,7.57,0.3,4.2095,25.0,Histidine,6.3,11.2,none,0.0,none,0.0,none,0.0,none,0.0,1.3,1.1,0.9717299319712377,0.9717299319712377,0.9148215585795447,0.9148215585795447,0.9148215585795447,
425.0_p3conc_6.0_i8,Pembrolizumab,mAb_IgG4,3.5,149.0,7.57,0.3,5.9814,25.0,Histidine,6.3,11.2,none,0.0,none,0.0,none,0.0,none,0.0,1.3,1.1,1.0196362965771013,0.9956970732586226,0.9956970732586226,0.9956970732586226,0.9956970732586226,
425.0_p3conc_6.0_i9,Pembrolizumab,mAb_IgG4,3.5,149.0,7.57,0.3,6.0296,25.0,Histidine,6.3,11.2,none,0.0,none,0.0,none,0.0,none,0.0,1.3,1.1,0.91,0.91,0.91,0.91,0.91,
425.0_p3conc_8.6_i10,Pembrolizumab,mAb_IgG4,3.5,149.0,7.57,0.3,8.5539,25.0,Histidine,6.3,11.2,none,0.0,none,0.0,none,0.0,none,0.0,1.3,1.1,1.0221612111676954,0.992285407281506,0.992285407281506,0.992285407281506,0.992285407281506,
425.0_p3conc_8.6_i11,Pembrolizumab,mAb_IgG4,3.5,149.0,7.57,0.3,8.6367,25.0,Histidine,6.3,11.2,none,0.0,none,0.0,none,0.0,none,0.0,1.3,1.1,1.010868454702695,1.010868454702695,1.010868454702695,1.0061696778722542,1.0061696778722542,
425.0_p3conc_12.2_i12,Pembrolizumab,mAb_IgG4,3.5,149.0,7.57,0.3,12.2328,25.0,Histidine,6.3,11.2,none,0.0,none,0.0,none,0.0,none,0.0,1.3,1.1,1.1373340952738364,1.109916108663839,1.109916108663839,1.0733035124021144,1.0118777103726124,
425.0_p3conc_12.4_i13,Pembrolizumab,mAb_IgG4,3.5,149.0,7.57,0.3,12.3711,25.0,Histidine,6.3,11.2,none,0.0,none,0.0,none,0.0,none,0.0,1.3,1.1,1.1503108449484467,1.0993793679622563,1.0993793679622563,1.0993793679622563,1.0659094416236725,
425.0_p3conc_17.5_i14,Pembrolizumab,mAb_IgG4,3.5,149.0,7.57,0.3,17.4939,25.0,Histidine,6.3,11.2,none,0.0,none,0.0,none,0.0,none,0.0,1.3,1.1,1.1377511515111718,1.1377511515111718,1.1377511515111718,1.1377511515111718,1.1377511515111718,
425.0_p3conc_17.7_i15,Pembrolizumab,mAb_IgG4,3.5,149.0,7.57,0.3,17.7201,25.0,Histidine,6.3,11.2,none,0.0,none,0.0,none,0.0,none,0.0,1.3,1.1,1.233352026390295,1.233352026390295,1.233352026390295,1.233352026390295,1.2001771185784127,
425.0_p3conc_25.0_i16,Pembrolizumab,mAb_IgG4,3.5,149.0,7.57,0.3,25.0177,25.0,Histidine,6.3,11.2,none,0.0,none,0.0,none,0.0,none,0.0,1.3,1.1,1.4440961347235415,1.3763024727840347,1.3166355933839238,1.3166355933839238,1.2250161424626367,
425.0_p3conc_25.4_i17,Pembrolizumab,mAb_IgG4,3.5,149.0,7.57,0.3,25.3818,25.0,Histidine,6.3,11.2,none,0.0,none,0.0,none,0.0,none,0.0,1.3,1.1,1.3653182560986887,1.2881353815218082,1.2881353815218082,1.2881353815218082,1.1604412921702991,
425.0_p3conc_35.8_i18,Pembrolizumab,mAb_IgG4,3.5,149.0,7.57,0.3,35.7774,25.0,Histidine,6.3,11.2,none,0.0,none,0.0,none,0.0,none,0.0,1.3,1.1,1.7096947681296735,1.6363992186006984,1.6363992186006984,1.6089750854919034,1.393664129074254,
425.0_p3conc_36.4_i19,Pembrolizumab,mAb_IgG4,3.5,149.0,7.57,0.3,36.3564,25.0,Histidine,6.3,11.2,none,0.0,none,0.0,none,0.0,none,0.0,1.3,1.1,1.6246744829193716,1.6246744829193716,1.6246744829193716,1.6134240965581925,1.479884965942172,
425.0_p3conc_51.2_i20,Pembrolizumab,mAb_IgG4,3.5,149.0,7.57,0.3,51.1646,25.0,Histidine,6.3,11.2,none,0.0,none,0.0,none,0.0,none,0.0,1.3,1.1,2.057839609790319,2.057839609790319,2.057839609790319,2.057839609790319,1.7839206797722635,
425.0_p3conc_52.1_i21,Pembrolizumab,mAb_IgG4,3.5,149.0,7.57,0.3,52.0762,25.0,Histidine,6.3,11.2,none,0.0,none,0.0,none,0.0,none,0.0,1.3,1.1,2.3193225076189665,2.3193225076189665,2.3193225076189665,2.228763133728332,1.8271571831166336,
425.0_p3conc_73.2_i22,Pembrolizumab,mAb_IgG4,3.5,149.0,7.57,0.3,73.1697,25.0,Histidine,6.3,11.2,none,0.0,none,0.0,none,0.0,none,0.0,1.3,1.1,3.096401067999563,3.096401067999563,3.079390656244999,3.079390656244999,1.9934467608967699,
425.0_p3conc_74.6_i23,Pembrolizumab,mAb_IgG4,3.5,149.0,7.57,0.3,74.5928,25.0,Histidine,6.3,11.2,none,0.0,none,0.0,none,0.0,none,0.0,1.3,1.1,3.368531883712745,3.210218764475728,3.210218764475728,3.210218764475728,2.4641604942430186,
425.0_p3conc_104.6_i24,Pembrolizumab,mAb_IgG4,3.5,149.0,7.57,0.3,104.6386,25.0,Histidine,6.3,11.2,none,0.0,none,0.0,none,0.0,none,0.0,1.3,1.1,5.327496693644951,5.327496693644951,5.327496693644951,5.327496693644951,3.568162349148127,
425.0_p3conc_106.8_i25,Pembrolizumab,mAb_IgG4,3.5,149.0,7.57,0.3,106.8452,25.0,Histidine,6.3,11.2,none,0.0,none,0.0,none,0.0,none,0.0,1.3,1.1,5.866636474524742,5.682034271970921,5.682034271970921,5.210369086561773,3.4720046278581456,
425.0_p3conc_149.6_i26,Pembrolizumab,mAb_IgG4,3.5,149.0,7.57,0.3,149.6418,25.0,Histidine,6.3,11.2,none,0.0,none,0.0,none,0.0,none,0.0,1.3,1.1,11.36186988045894,11.36186988045894,11.36186988045894,11.36186988045894,6.144219000475398,
425.0_p3conc_153.0_i27,Pembrolizumab,mAb_IgG4,3.5,149.0,7.57,0.3,153.0428,25.0,Histidine,6.3,11.2,none,0.0,none,0.0,none,0.0,none,0.0,1.3,1.1,13.187904793835333,11.996387647891256,11.996387647891256,11.947422869303518,6.21185905740208,
425.0_p3conc_235.5_i28,Pembrolizumab,mAb_IgG4,3.5,149.0,7.57,0.3,235.5282,25.0,Histidine,6.3,11.2,none,0.0,none,0.0,none,0.0,none,0.0,1.3,1.1,57.12714631578388,53.41224237866612,53.41224237866612,46.04792884219578,18.20648196807771,
425.0_p3conc_247.1_i29,Pembrolizumab,mAb_IgG4,3.5,149.0,7.57,0.3,247.091,25.0,Histidine,6.3,11.2,none,0.0,none,0.0,none,0.0,none,0.0,1.3,1.1,64.73495946363082,64.73495946363082,64.73495946363082,62.10404180369926,21.26455563076687,
425.0_p3conc_259.2_i30,Pembrolizumab,mAb_IgG4,3.5,149.0,7.57,0.3,259.2221,25.0,Histidine,6.3,11.2,none,0.0,none,0.0,none,0.0,none,0.0,1.3,1.1,90.93026310915845,86.14140914207844,77.35258911668599,71.78594180460027,25.07627080403304,
425.0_p3conc_271.9_i31,Pembrolizumab,mAb_IgG4,3.5,149.0,7.57,0.3,271.9481,25.0,Histidine,6.3,11.2,none,0.0,none,0.0,none,0.0,none,0.0,1.3,1.1,100.8259880400007,91.7914175761449,91.7914175761449,91.7914175761449,30.16494762405094,
425.0_p3conc_285.3_i32,Pembrolizumab,mAb_IgG4,3.5,149.0,7.57,0.3,285.2995,25.0,Histidine,6.3,11.2,none,0.0,none,0.0,none,0.0,none,0.0,1.3,1.1,129.32631758403525,129.32631758403525,128.7496823259157,120.10570253871846,33.502798504770844,
425.0_p3conc_299.3_i33,Pembrolizumab,mAb_IgG4,3.5,149.0,7.57,0.3,299.3057,25.0,Histidine,6.3,11.2,none,0.0,none,0.0,none,0.0,none,0.0,1.3,1.1,182.30938592870396,158.15339755322216,158.15339755322216,151.53461806365559,40.90368525172261,
302.0_p3conc_1.4_i0,Trastuzumab,mAb_IgG1,3.0,149.0,8.6,0.3,1.4111,25.0,Acetate,5.4,43.0,none,0.0,none,0.0,none,0.0,none,0.0,1.0,1.0,0.9223088327377218,0.9223088327377218,0.9223088327377218,0.9223088327377218,0.91,
302.0_p3conc_1.6_i1,Trastuzumab,mAb_IgG1,3.0,149.0,8.6,0.3,1.5741,25.0,Acetate,5.4,43.0,none,0.0,none,0.0,none,0.0,none,0.0,1.0,1.0,0.919682959081942,0.919682959081942,0.919682959081942,0.919682959081942,0.919682959081942,
302.0_p3conc_2.0_i2,Trastuzumab,mAb_IgG1,3.0,149.0,8.6,0.3,1.9911,25.0,Acetate,5.4,43.0,none,0.0,none,0.0,none,0.0,none,0.0,1.0,1.0,0.9528954697652857,0.9528954697652857,0.91,0.91,0.91,
302.0_p3conc_2.5_i3,Trastuzumab,mAb_IgG1,3.0,149.0,8.6,0.3,2.4778,25.0,Acetate,5.4,43.0,none,0.0,none,0.0,none,0.0,none,0.0,1.0,1.0,0.91,0.91,0.91,0.91,0.91,
302.0_p3conc_2.8_i4,Trastuzumab,mAb_IgG1,3.0,149.0,8.6,0.3,2.8095,25.0,Acetate,5.4,43.0,none,0.0,none,0.0,none,0.0,none,0.0,1.0,1.0,0.9489890241684394,0.91,0.91,0.91,0.91,
302.0_p3conc_3.9_i5,Trastuzumab,mAb_IgG1,3.0,149.0,8.6,0.3,3.9002,25.0,Acetate,5.4,43.0,none,0.0,none,0.0,none,0.0,none,0.0,1.0,1.0,0.9623385219668877,0.9623385219668877,0.9623385219668877,0.91,0.91,
302.0_p3conc_4.0_i6,Trastuzumab,mAb_IgG1,3.0,149.0,8.6,0.3,3.9644,25.0,Acetate,5.4,43.0,none,0.0,none,0.0,none,0.0,none,0.0,1.0,1.0,0.9212464590917321,0.9212464590917321,0.9212464590917321,0.91,0.91,
302.0_p3conc_5.6_i7,Trastuzumab,mAb_IgG1,3.0,149.0,8.6,0.3,5.5939,25.0,Acetate,5.4,43.0,none,0.0,none,0.0,none,0.0,none,0.0,1.0,1.0,0.91,0.91,0.91,0.91,0.91,
302.0_p3conc_6.1_i8,Trastuzumab,mAb_IgG1,3.0,149.0,8.6,0.3,6.1392,25.0,Acetate,5.4,43.0,none,0.0,none,0.0,none,0.0,none,0.0,1.0,1.0,0.9538658510509616,0.91,0.91,0.91,0.91,
302.0_p3conc_7.9_i9,Trastuzumab,mAb_IgG1,3.0,149.0,8.6,0.3,7.8933,25.0,Acetate,5.4,43.0,none,0.0,none,0.0,none,0.0,none,0.0,1.0,1.0,0.9837562739824062,0.9259272964695371,0.912090472777633,0.912090472777633,0.91,
302.0_p3conc_9.7_i10,Trastuzumab,mAb_IgG1,3.0,149.0,8.6,0.3,9.6637,25.0,Acetate,5.4,43.0,none,0.0,none,0.0,none,0.0,none,0.0,1.0,1.0,1.028162386546541,0.9239836481050522,0.9239836481050522,0.9239836481050522,0.9239836481050522,
302.0_p3conc_11.1_i11,Trastuzumab,mAb_IgG1,3.0,149.0,8.6,0.3,11.1379,25.0,Acetate,5.4,43.0,none,0.0,none,0.0,none,0.0,none,0.0,1.0,1.0,1.1366705460430755,1.1002570381110952,0.9868802702379201,0.9868802702379201,0.91,
302.0_p3conc_15.2_i12,Trastuzumab,mAb_IgG1,3.0,149.0,8.6,0.3,15.2115,25.0,Acetate,5.4,43.0,none,0.0,none,0.0,none,0.0,none,0.0,1.0,1.0,1.2200720919335144,1.1480317455131062,1.0429890912829614,1.0344946480268333,0.9871622025811196,
302.0_p3conc_15.7_i13,Trastuzumab,mAb_IgG1,3.0,149.0,8.6,0.3,15.7162,25.0,Acetate,5.4,43.0,none,0.0,none,0.0,none,0.0,none,0.0,1.0,1.0,1.1480051016057575,1.1480051016057575,0.9397154022114277,0.9397154022114277,0.91,
302.0_p3conc_22.2_i14,Trastuzumab,mAb_IgG1,3.0,149.0,8.6,0.3,22.1764,25.0,Acetate,5.4,43.0,none,0.0,none,0.0,none,0.0,none,0.0,1.0,1.0,1.3264351036980817,1.2767189296115444,1.1038540124784848,1.1038540124784848,1.009985028430399,
302.0_p3conc_23.9_i15,Trastuzumab,mAb_IgG1,3.0,149.0,8.6,0.3,23.9443,25.0,Acetate,5.4,43.0,none,0.0,none,0.0,none,0.0,none,0.0,1.0,1.0,1.25827554345828,1.25827554345828,1.1183432915226297,1.0919080005157757,0.970001682494058,
302.0_p3conc_31.3_i16,Trastuzumab,mAb_IgG1,3.0,149.0,8.6,0.3,31.2922,25.0,Acetate,5.4,43.0,none,0.0,none,0.0,none,0.0,none,0.0,1.0,1.0,1.3671159154581336,1.3392535992769476,1.2772165070286166,1.1737642638945558,0.91,
302.0_p3conc_37.7_i17,Trastuzumab,mAb_IgG1,3.0,149.0,8.6,0.3,37.6904,25.0,Acetate,5.4,43.0,none,0.0,none,0.0,none,0.0,none,0.0,1.0,1.0,1.5454588895562367,1.4006068255821613,1.3198459580052728,1.277576258114301,1.0118635078278728,
302.0_p3conc_44.2_i18,Trastuzumab,mAb_IgG1,3.0,149.0,8.6,0.3,44.1549,25.0,Acetate,5.4,43.0,none,0.0,none,0.0,none,0.0,none,0.0,1.0,1.0,1.7341792977874477,1.6500482779522376,1.303882349029541,1.303882349029541,1.0423101594359772,
302.0_p3conc_59.3_i19,Trastuzumab,mAb_IgG1,3.0,149.0,8.6,0.3,59.328,25.0,Acetate,5.4,43.0,none,0.0,none,0.0,none,0.0,none,0.0,1.0,1.0,1.9918383681074034,1.9918383681074034,1.5040305515258798,1.4259588080130212,0.9804794868726698,
302.0_p3conc_62.3_i20,Trastuzumab,mAb_IgG1,3.0,149.0,8.6,0.3,62.305,25.0,Acetate,5.4,43.0,none,0.0,none,0.0,none,0.0,none,0.0,1.0,1.0,2.2151970248738384,2.0580562883608846,1.516026019681488,1.516026019681488,0.9400578308770119,
302.0_p3conc_87.9_i21,Trastuzumab,mAb_IgG1,3.0,149.0,8.6,0.3,87.9156,25.0,Acetate,5.4,43.0,none,0.0,none,0.0,none,0.0,none,0.0,1.0,1.0,2.862486146817723,2.612699510129193,1.9300199542080585,1.9298998974118216,1.050833049654699,
302.0_p3conc_93.4_i22,Trastuzumab,mAb_IgG1,3.0,149.0,8.6,0.3,93.3873,25.0,Acetate,5.4,43.0,none,0.0,none,0.0,none,0.0,none,0.0,1.0,1.0,3.0921802578010897,2.96967420912489,1.988598521838524,1.988598521838524,0.9739087290269826,
302.0_p3conc_124.1_i23,Trastuzumab,mAb_IgG1,3.0,149.0,8.6,0.3,124.0538,25.0,Acetate,5.4,43.0,none,0.0,none,0.0,none,0.0,none,0.0,1.0,1.0,4.839647148616706,4.4650885430023,2.6967947440096296,2.5130273570996735,0.9343112489212874,
302.0_p3conc_156.9_i24,Trastuzumab,mAb_IgG1,3.0,149.0,8.6,0.3,156.852,25.0,Acetate,5.4,43.0,none,0.0,none,0.0,none,0.0,none,0.0,1.0,1.0,8.391115216256601,6.762571181220625,3.728871125509137,3.127755919674103,1.1323084261448326,
302.0_p3conc_167.4_i25,Trastuzumab,mAb_IgG1,3.0,149.0,8.6,0.3,167.364,25.0,Acetate,5.4,43.0,none,0.0,none,0.0,none,0.0,none,0.0,1.0,1.0,9.023176820480746,7.282352794600791,4.560541721204801,3.547625557454177,1.120450299133948,
302.0_p3conc_175.0_i26,Trastuzumab,mAb_IgG1,3.0,149.0,8.6,0.3,175.0463,25.0,Acetate,5.4,43.0,none,0.0,none,0.0,none,0.0,none,0.0,1.0,1.0,10.630398535716447,8.341996147122838,4.452495361732117,3.9762559516767437,1.1052841601300913,
302.0_p3conc_178.6_i27,Trastuzumab,mAb_IgG1,3.0,149.0,8.6,0.3,178.5809,25.0,Acetate,5.4,43.0,none,0.0,none,0.0,none,0.0,none,0.0,1.0,1.0,10.85726408630962,9.184912871754806,4.27168883175309,4.2191892654141485,1.1378531496140014,
302.0_p3conc_190.5_i28,Trastuzumab,mAb_IgG1,3.0,149.0,8.6,0.3,190.5491,25.0,Acetate,5.4,43.0,none,0.0,none,0.0,none,0.0,none,0.0,1.0,1.0,13.28496254959074,10.491063068965603,5.035358140627832,4.082646207918329,1.105669879868794,
302.0_p3conc_203.3_i29,Trastuzumab,mAb_IgG1,3.0,149.0,8.6,0.3,203.32,25.0,Acetate,5.4,43.0,none,0.0,none,0.0,none,0.0,none,0.0,1.0,1.0,14.691750416838685,11.32074626038487,5.360653481897573,4.844117476268091,1.093792997693391,
302.0_p3conc_216.9_i30,Trastuzumab,mAb_IgG1,3.0,149.0,8.6,0.3,216.9462,25.0,Acetate,5.4,43.0,none,0.0,none,0.0,none,0.0,none,0.0,1.0,1.0,16.674077587278468,14.362804703950331,7.112418078191865,5.707381094481647,1.1297792807060725,
302.0_p3conc_231.5_i31,Trastuzumab,mAb_IgG1,3.0,149.0,8.6,0.3,231.4861,25.0,Acetate,5.4,43.0,none,0.0,none,0.0,none,0.0,none,0.0,1.0,1.0,22.737316739108405,16.388838362946466,7.354392512235503,6.258137868388899,1.1138591743757156,
315.0_p3conc_1.4_i0,Trastuzumab,mAb_IgG1,3.0,149.0,8.6,0.3,1.4028,25.0,Histidine,6.1,37.5,none,0.0,none,0.0,none,0.0,none,0.0,1.0,1.0,0.9866640615350512,0.91,0.91,0.91,0.91,
315.0_p3conc_1.7_i1,Trastuzumab,mAb_IgG1,3.0,149.0,8.6,0.3,1.71,25.0,Histidine,6.1,37.5,none,0.0,none,0.0,none,0.0,none,0.0,1.0,1.0,0.9299295752684823,0.91,0.91,0.91,0.91,
315.0_p3conc_2.0_i2,Trastuzumab,mAb_IgG1,3.0,149.0,8.6,0.3,1.968,25.0,Histidine,6.1,37.5,none,0.0,none,0.0,none,0.0,none,0.0,1.0,1.0,0.91,0.91,0.91,0.91,0.91,
315.0_p3conc_2.8_i3,Trastuzumab,mAb_IgG1,3.0,149.0,8.6,0.3,2.7608,25.0,Histidine,6.1,37.5,none,0.0,none,0.0,none,0.0,none,0.0,1.0,1.0,0.91,0.91,0.91,0.91,0.91,
315.0_p3conc_2.9_i4,Trastuzumab,mAb_IgG1,3.0,149.0,8.6,0.3,2.924,25.0,Histidine,6.1,37.5,none,0.0,none,0.0,none,0.0,none,0.0,1.0,1.0,0.91,0.91,0.91,0.91,0.91,
315.0_p3conc_3.9_i5,Trastuzumab,mAb_IgG1,3.0,149.0,8.6,0.3,3.873,25.0,Histidine,6.1,37.5,none,0.0,none,0.0,none,0.0,none,0.0,1.0,1.0,0.91,0.91,0.91,0.91,0.91,
315.0_p3conc_5.0_i6,Trastuzumab,mAb_IgG1,3.0,149.0,8.6,0.3,5.0,25.0,Histidine,6.1,37.5,none,0.0,none,0.0,none,0.0,none,0.0,1.0,1.0,0.91,0.91,0.91,0.91,0.91,
315.0_p3conc_5.4_i7,Trastuzumab,mAb_IgG1,3.0,149.0,8.6,0.3,5.4332,25.0,Histidine,6.1,37.5,none,0.0,none,0.0,none,0.0,none,0.0,1.0,1.0,0.9639109904298908,0.9639109904298908,0.9457758393560528,0.91,0.91,
315.0_p3conc_7.6_i8,Trastuzumab,mAb_IgG1,3.0,149.0,8.6,0.3,7.622,25.0,Histidine,6.1,37.5,none,0.0,none,0.0,none,0.0,none,0.0,1.0,1.0,0.944429508796468,0.944429508796468,0.944429508796468,0.91,0.91,
315.0_p3conc_8.5_i9,Trastuzumab,mAb_IgG1,3.0,149.0,8.6,0.3,8.5499,25.0,Histidine,6.1,37.5,none,0.0,none,0.0,none,0.0,none,0.0,1.0,1.0,0.91,0.91,0.91,0.91,0.91,
315.0_p3conc_10.7_i10,Trastuzumab,mAb_IgG1,3.0,149.0,8.6,0.3,10.6925,25.0,Histidine,6.1,37.5,none,0.0,none,0.0,none,0.0,none,0.0,1.0,1.0,0.9513835339040124,0.9461854410045798,0.9461854410045798,0.9461854410045798,0.9461854410045798,
315.0_p3conc_14.6_i11,Trastuzumab,mAb_IgG1,3.0,149.0,8.6,0.3,14.6201,25.0,Histidine,6.1,37.5,none,0.0,none,0.0,none,0.0,none,0.0,1.0,1.0,1.0229665713481841,1.0229665713481841,0.9822138696486991,0.9725501102329174,0.9253390106401488,
315.0_p3conc_15.0_i12,Trastuzumab,mAb_IgG1,3.0,149.0,8.6,0.3,15.0,25.0,Histidine,6.1,37.5,none,0.0,none,0.0,none,0.0,none,0.0,1.0,1.0,1.0275882926259143,0.9870837718841313,0.9870837718841313,0.9870837718841313,0.9855438577578192,
315.0_p3conc_21.0_i13,Trastuzumab,mAb_IgG1,3.0,149.0,8.6,0.3,21.0428,25.0,Histidine,6.1,37.5,none,0.0,none,0.0,none,0.0,none,0.0,1.0,1.0,1.163313333428139,1.0750774388947584,1.0736025112577743,1.0736025112577743,1.062968726593992,
315.0_p3conc_25.0_i14,Trastuzumab,mAb_IgG1,3.0,149.0,8.6,0.3,25.0,25.0,Histidine,6.1,37.5,none,0.0,none,0.0,none,0.0,none,0.0,1.0,1.0,1.1740878368454717,1.097749961768271,1.075202202614375,0.9855216026665227,0.9855216026665227,
315.0_p3conc_29.5_i15,Trastuzumab,mAb_IgG1,3.0,149.0,8.6,0.3,29.5198,25.0,Histidine,6.1,37.5,none,0.0,none,0.0,none,0.0,none,0.0,1.0,1.0,1.1711779251988303,1.1577142448190207,1.148735760221664,1.0170965301701989,1.0170965301701989,
315.0_p3conc_41.4_i16,Trastuzumab,mAb_IgG1,3.0,149.0,8.6,0.3,41.4119,25.0,Histidine,6.1,37.5,none,0.0,none,0.0,none,0.0,none,0.0,1.0,1.0,1.3322111170563435,1.2738699123469228,1.1757758361195745,1.1757758361195745,1.1757758361195745,
315.0_p3conc_42.7_i17,Trastuzumab,mAb_IgG1,3.0,149.0,8.6,0.3,42.7494,25.0,Histidine,6.1,37.5,none,0.0,none,0.0,none,0.0,none,0.0,1.0,1.0,1.2985287069433435,1.2985287069433435,1.1952067692900705,1.1952067692900705,1.090911522752782,
315.0_p3conc_58.1_i18,Trastuzumab,mAb_IgG1,3.0,149.0,8.6,0.3,58.0948,25.0,Histidine,6.1,37.5,none,0.0,none,0.0,none,0.0,none,0.0,1.0,1.0,1.4683759915957693,1.4683759915957693,1.3286401835621426,1.3286401835621426,1.1444530186522686,
315.0_p3conc_73.1_i19,Trastuzumab,mAb_IgG1,3.0,149.0,8.6,0.3,73.1004,25.0,Histidine,6.1,37.5,none,0.0,none,0.0,none,0.0,none,0.0,1.0,1.0,1.6523018619151928,1.6523018619151928,1.4104774188912144,1.3779751959093804,1.2969184619201137,
315.0_p3conc_81.5_i20,Trastuzumab,mAb_IgG1,3.0,149.0,8.6,0.3,81.4982,25.0,Histidine,6.1,37.5,none,0.0,none,0.0,none,0.0,none,0.0,1.0,1.0,1.7102620287926777,1.7102620287926777,1.544859570536444,1.460636077910543,1.4148487759101365,
315.0_p3conc_114.3_i21,Trastuzumab,mAb_IgG1,3.0,149.0,8.6,0.3,114.3299,25.0,Histidine,6.1,37.5,none,0.0,none,0.0,none,0.0,none,0.0,1.0,1.0,2.532239919567091,2.2675350542128214,1.9128796916763056,1.8219115893483824,1.6717033098818694,
315.0_p3conc_134.5_i22,Trastuzumab,mAb_IgG1,3.0,149.0,8.6,0.3,134.53,25.0,Histidine,6.1,37.5,none,0.0,none,0.0,none,0.0,none,0.0,1.0,1.0,2.8891650008632115,2.832831919604474,2.238233861904199,2.0504607027977686,1.644179460842296,
315.0_p3conc_144.8_i23,Trastuzumab,mAb_IgG1,3.0,149.0,8.6,0.3,144.7865,25.0,Histidine,6.1,37.5,none,0.0,none,0.0,none,0.0,none,0.0,1.0,1.0,3.0739227301826597,3.0739227301826597,2.2984019104670628,2.1233884842446415,1.7816055034926954,
315.0_p3conc_155.8_i24,Trastuzumab,mAb_IgG1,3.0,149.0,8.6,0.3,155.825,25.0,Histidine,6.1,37.5,none,0.0,none,0.0,none,0.0,none,0.0,1.0,1.0,3.005026976470031,3.005026976470031,2.5282406934995523,2.199086816049366,1.8002827139392028,
315.0_p3conc_160.4_i25,Trastuzumab,mAb_IgG1,3.0,149.0,8.6,0.3,160.3877,25.0,Histidine,6.1,37.5,none,0.0,none,0.0,none,0.0,none,0.0,1.0,1.0,3.335542609078457,3.335542609078457,2.8127642098125585,2.4645403022269403,1.8237236466478846,
315.0_p3conc_167.7_i26,Trastuzumab,mAb_IgG1,3.0,149.0,8.6,0.3,167.705,25.0,Histidine,6.1,37.5,none,0.0,none,0.0,none,0.0,none,0.0,1.0,1.0,3.842182888458375,3.5827973124783465,2.622562844084312,2.3628868225818476,2.0752112592121774,
315.0_p3conc_180.5_i27,Trastuzumab,mAb_IgG1,3.0,149.0,8.6,0.3,180.4908,25.0,Histidine,6.1,37.5,none,0.0,none,0.0,none,0.0,none,0.0,1.0,1.0,4.29869357919891,4.094405008088906,2.916751912662376,2.657417383523683,2.1911746159524004,
315.0_p3conc_194.3_i28,Trastuzumab,mAb_IgG1,3.0,149.0,8.6,0.3,194.2513,25.0,Histidine,6.1,37.5,none,0.0,none,0.0,none,0.0,none,0.0,1.0,1.0,4.874155201345677,4.351985103072079,3.204991716019744,2.6840032757510546,2.2734484132904966,
315.0_p3conc_209.1_i29,Trastuzumab,mAb_IgG1,3.0,149.0,8.6,0.3,209.061,25.0,Histidine,6.1,37.5,none,0.0,none,0.0,none,0.0,none,0.0,1.0,1.0,5.1749260583810885,5.1749260583810885,3.398626180471509,2.8709991064345157,2.22006898854848,
312.0_p3conc_1.4_i0,Trastuzumab,mAb_IgG1,3.0,149.0,8.6,0.3,1.4028,25.0,Histidine,6.2,22.5,none,0.0,none,0.0,none,0.0,none,0.0,1.0,1.0,0.91,0.91,0.91,0.91,0.91,
312.0_p3conc_1.7_i1,Trastuzumab,mAb_IgG1,3.0,149.0,8.6,0.3,1.71,25.0,Histidine,6.2,22.5,none,0.0,none,0.0,none,0.0,none,0.0,1.0,1.0,0.9795828058842406,0.9795828058842406,0.91,0.91,0.91,
312.0_p3conc_2.0_i2,Trastuzumab,mAb_IgG1,3.0,149.0,8.6,0.3,1.968,25.0,Histidine,6.2,22.5,none,0.0,none,0.0,none,0.0,none,0.0,1.0,1.0,0.91,0.91,0.91,0.91,0.91,
312.0_p3conc_2.8_i3,Trastuzumab,mAb_IgG1,3.0,149.0,8.6,0.3,2.7608,25.0,Histidine,6.2,22.5,none,0.0,none,0.0,none,0.0,none,0.0,1.0,1.0,0.9431884615440117,0.9251945940610042,0.9251945940610042,0.9251945940610042,0.91,
312.0_p3conc_2.9_i4,Trastuzumab,mAb_IgG1,3.0,149.0,8.6,0.3,2.924,25.0,Histidine,6.2,22.5,none,0.0,none,0.0,none,0.0,none,0.0,1.0,1.0,0.91,0.91,0.91,0.91,0.91,
312.0_p3conc_3.9_i5,Trastuzumab,mAb_IgG1,3.0,149.0,8.6,0.3,3.873,25.0,Histidine,6.2,22.5,none,0.0,none,0.0,none,0.0,none,0.0,1.0,1.0,0.91,0.91,0.91,0.91,0.91,
312.0_p3conc_5.0_i6,Trastuzumab,mAb_IgG1,3.0,149.0,8.6,0.3,5.0,25.0,Histidine,6.2,22.5,none,0.0,none,0.0,none,0.0,none,0.0,1.0,1.0,0.91,0.91,0.91,0.91,0.91,
312.0_p3conc_5.4_i7,Trastuzumab,mAb_IgG1,3.0,149.0,8.6,0.3,5.4332,25.0,Histidine,6.2,22.5,none,0.0,none,0.0,none,0.0,none,0.0,1.0,1.0,0.9203138943569372,0.91,0.91,0.91,0.91,
312.0_p3conc_7.6_i8,Trastuzumab,mAb_IgG1,3.0,149.0,8.6,0.3,7.622,25.0,Histidine,6.2,22.5,none,0.0,none,0.0,none,0.0,none,0.0,1.0,1.0,1.1453033552355942,1.0036809947029859,1.0036809947029859,0.9721500603966136,0.9134046785839335,
312.0_p3conc_8.5_i9,Trastuzumab,mAb_IgG1,3.0,149.0,8.6,0.3,8.5499,25.0,Histidine,6.2,22.5,none,0.0,none,0.0,none,0.0,none,0.0,1.0,1.0,1.01146687446825,1.01146687446825,1.01146687446825,0.9274224903573374,0.9274224903573374,
312.0_p3conc_10.7_i10,Trastuzumab,mAb_IgG1,3.0,149.0,8.6,0.3,10.6925,25.0,Histidine,6.2,22.5,none,0.0,none,0.0,none,0.0,none,0.0,1.0,1.0,0.9560095939648756,0.9560095939648756,0.9560095939648756,0.9560095939648756,0.9257775110312653,
312.0_p3conc_14.6_i11,Trastuzumab,mAb_IgG1,3.0,149.0,8.6,0.3,14.6201,25.0,Histidine,6.2,22.5,none,0.0,none,0.0,none,0.0,none,0.0,1.0,1.0,1.0877115609045482,1.0624776346842923,1.0156081678466138,0.9959378512824688,0.9656324048180054,
312.0_p3conc_15.0_i12,Trastuzumab,mAb_IgG1,3.0,149.0,8.6,0.3,15.0,25.0,Histidine,6.2,22.5,none,0.0,none,0.0,none,0.0,none,0.0,1.0,1.0,1.1250976811924682,1.0822780597517816,0.9698979289366049,0.9450168708359267,0.9450168708359267,
312.0_p3conc_21.0_i13,Trastuzumab,mAb_IgG1,3.0,149.0,8.6,0.3,21.0428,25.0,Histidine,6.2,22.5,none,0.0,none,0.0,none,0.0,none,0.0,1.0,1.0,1.194494879757724,1.1187175566292828,1.0326693241061138,1.0326693241061138,0.9896087373692858,
312.0_p3conc_25.0_i14,Trastuzumab,mAb_IgG1,3.0,149.0,8.6,0.3,25.0,25.0,Histidine,6.2,22.5,none,0.0,none,0.0,none,0.0,none,0.0,1.0,1.0,1.260298823303484,1.1736587495259054,1.0811889648763742,1.0627515231933637,1.0627515231933637,
312.0_p3conc_29.5_i15,Trastuzumab,mAb_IgG1,3.0,149.0,8.6,0.3,29.5198,25.0,Histidine,6.2,22.5,none,0.0,none,0.0,none,0.0,none,0.0,1.0,1.0,1.2439131393457117,1.2316557651136064,1.1326181220378657,1.1019459811985042,1.0166963831746474,
312.0_p3conc_41.4_i16,Trastuzumab,mAb_IgG1,3.0,149.0,8.6,0.3,41.4119,25.0,Histidine,6.2,22.5,none,0.0,none,0.0,none,0.0,none,0.0,1.0,1.0,1.4782363763332818,1.4323378412904941,1.1939071509547567,1.0917679863178198,1.04710354614355,
312.0_p3conc_42.7_i17,Trastuzumab,mAb_IgG1,3.0,149.0,8.6,0.3,42.7494,25.0,Histidine,6.2,22.5,none,0.0,none,0.0,none,0.0,none,0.0,1.0,1.0,1.4158734744265054,1.4158734744265054,1.1806381171174138,1.154138985741813,1.150950300112449,
312.0_p3conc_58.1_i18,Trastuzumab,mAb_IgG1,3.0,149.0,8.6,0.3,58.0948,25.0,Histidine,6.2,22.5,none,0.0,none,0.0,none,0.0,none,0.0,1.0,1.0,1.8278556436881706,1.5789146967030956,1.4320203493584085,1.289695325025024,1.194421124113331,
312.0_p3conc_73.1_i19,Trastuzumab,mAb_IgG1,3.0,149.0,8.6,0.3,73.1004,25.0,Histidine,6.2,22.5,none,0.0,none,0.0,none,0.0,none,0.0,1.0,1.0,2.122315354463718,2.068722197604199,1.6560158206872684,1.5746964975746733,1.270354359641511,
312.0_p3conc_81.5_i20,Trastuzumab,mAb_IgG1,3.0,149.0,8.6,0.3,81.4982,25.0,Histidine,6.2,22.5,none,0.0,none,0.0,none,0.0,none,0.0,1.0,1.0,2.358597160636046,1.908470010149812,1.6409203792366216,1.6128067859363808,1.3226844178709427,
312.0_p3conc_114.3_i21,Trastuzumab,mAb_IgG1,3.0,149.0,8.6,0.3,114.3299,25.0,Histidine,6.2,22.5,none,0.0,none,0.0,none,0.0,none,0.0,1.0,1.0,3.8205530761334696,2.657733597660183,2.0952856125875945,1.7724512818376466,1.5889935931983543,
312.0_p3conc_134.5_i22,Trastuzumab,mAb_IgG1,3.0,149.0,8.6,0.3,134.53,25.0,Histidine,6.2,22.5,none,0.0,none,0.0,none,0.0,none,0.0,1.0,1.0,4.638954016594482,3.513925852688104,2.52523135178723,2.0209513083545247,1.7353696549868298,
312.0_p3conc_144.8_i23,Trastuzumab,mAb_IgG1,3.0,149.0,8.6,0.3,144.7865,25.0,Histidine,6.2,22.5,none,0.0,none,0.0,none,0.0,none,0.0,1.0,1.0,4.814833456083928,3.6592667966177777,2.923288567461997,1.9882894198454748,1.9882894198454748,
312.0_p3conc_155.8_i24,Trastuzumab,mAb_IgG1,3.0,149.0,8.6,0.3,155.825,25.0,Histidine,6.2,22.5,none,0.0,none,0.0,none,0.0,none,0.0,1.0,1.0,5.6359227162731615,4.106414079563257,3.143694824809935,2.4752148090168054,2.059933126101708,
312.0_p3conc_160.4_i25,Trastuzumab,mAb_IgG1,3.0,149.0,8.6,0.3,160.3877,25.0,Histidine,6.2,22.5,none,0.0,none,0.0,none,0.0,none,0.0,1.0,1.0,6.185889280261524,4.681567907116913,2.9090144018546815,2.3195482274075765,1.9189985927224795,
312.0_p3conc_167.7_i26,Trastuzumab,mAb_IgG1,3.0,149.0,8.6,0.3,167.705,25.0,Histidine,6.2,22.5,none,0.0,none,0.0,none,0.0,none,0.0,1.0,1.0,6.976053150777777,4.705911933482528,3.465216586483047,2.545024023691823,1.9941807319217535,
312.0_p3conc_180.5_i27,Trastuzumab,mAb_IgG1,3.0,149.0,8.6,0.3,180.4908,25.0,Histidine,6.2,22.5,none,0.0,none,0.0,none,0.0,none,0.0,1.0,1.0,7.47038868337509,5.774431324841009,3.552654641012641,2.6971614867938047,2.1321367428274236,
312.0_p3conc_194.3_i28,Trastuzumab,mAb_IgG1,3.0,149.0,8.6,0.3,194.2513,25.0,Histidine,6.2,22.5,none,0.0,none,0.0,none,0.0,none,0.0,1.0,1.0,8.90835290729122,6.2265332508849065,3.953138676104596,2.7873040622790994,2.3973948437534167,
312.0_p3conc_209.1_i29,Trastuzumab,mAb_IgG1,3.0,149.0,8.6,0.3,209.061,25.0,Histidine,6.2,22.5,none,0.0,none,0.0,none,0.0,none,0.0,1.0,1.0,10.365467785429464,6.966787922638809,4.40456831141386,3.1736751539250982,2.6588223628857213,
311.0_p3conc_1.4_i0,Trastuzumab,mAb_IgG1,3.0,149.0,8.6,0.3,1.4028,25.0,Histidine,6.3,12.5,none,0.0,none,0.0,none,0.0,none,0.0,1.0,1.0,0.9790876696329162,0.91,0.91,0.91,0.91,
311.0_p3conc_1.7_i1,Trastuzumab,mAb_IgG1,3.0,149.0,8.6,0.3,1.71,25.0,Histidine,6.3,12.5,none,0.0,none,0.0,none,0.0,none,0.0,1.0,1.0,0.91,0.91,0.91,0.91,0.91,
311.0_p3conc_2.0_i2,Trastuzumab,mAb_IgG1,3.0,149.0,8.6,0.3,1.968,25.0,Histidine,6.3,12.5,none,0.0,none,0.0,none,0.0,none,0.0,1.0,1.0,0.94711578317502,0.91,0.91,0.91,0.91,
311.0_p3conc_2.8_i3,Trastuzumab,mAb_IgG1,3.0,149.0,8.6,0.3,2.7608,25.0,Histidine,6.3,12.5,none,0.0,none,0.0,none,0.0,none,0.0,1.0,1.0,0.9163247407701478,0.91,0.91,0.91,0.91,
311.0_p3conc_2.9_i4,Trastuzumab,mAb_IgG1,3.0,149.0,8.6,0.3,2.924,25.0,Histidine,6.3,12.5,none,0.0,none,0.0,none,0.0,none,0.0,1.0,1.0,0.91,0.91,0.91,0.91,0.91,
311.0_p3conc_3.9_i5,Trastuzumab,mAb_IgG1,3.0,149.0,8.6,0.3,3.873,25.0,Histidine,6.3,12.5,none,0.0,none,0.0,none,0.0,none,0.0,1.0,1.0,1.017301747560504,0.9499547044645138,0.91,0.91,0.91,
311.0_p3conc_5.0_i6,Trastuzumab,mAb_IgG1,3.0,149.0,8.6,0.3,5.0,25.0,Histidine,6.3,12.5,none,0.0,none,0.0,none,0.0,none,0.0,1.0,1.0,1.006648560589062,0.91,0.91,0.91,0.91,
311.0_p3conc_5.4_i7,Trastuzumab,mAb_IgG1,3.0,149.0,8.6,0.3,5.4332,25.0,Histidine,6.3,12.5,none,0.0,none,0.0,none,0.0,none,0.0,1.0,1.0,0.9370759787307885,0.91,0.91,0.91,0.91,
311.0_p3conc_7.6_i8,Trastuzumab,mAb_IgG1,3.0,149.0,8.6,0.3,7.622,25.0,Histidine,6.3,12.5,none,0.0,none,0.0,none,0.0,none,0.0,1.0,1.0,0.9997616206631871,0.9997616206631871,0.9651464487974829,0.9651464487974829,0.91,
311.0_p3conc_8.5_i9,Trastuzumab,mAb_IgG1,3.0,149.0,8.6,0.3,8.5499,25.0,Histidine,6.3,12.5,none,0.0,none,0.0,none,0.0,none,0.0,1.0,1.0,0.9583827584150441,0.9583827584150441,0.9582797608342266,0.9396281053818193,0.9396281053818193,
311.0_p3conc_10.7_i10,Trastuzumab,mAb_IgG1,3.0,149.0,8.6,0.3,10.6925,25.0,Histidine,6.3,12.5,none,0.0,none,0.0,none,0.0,none,0.0,1.0,1.0,1.0842198073899303,1.018796141533662,1.018796141533662,0.91,0.91,
311.0_p3conc_14.6_i11,Trastuzumab,mAb_IgG1,3.0,149.0,8.6,0.3,14.6201,25.0,Histidine,6.3,12.5,none,0.0,none,0.0,none,0.0,none,0.0,1.0,1.0,1.0125619932734973,1.0125619932734973,1.0116304638975522,0.9114724003579265,0.9114724003579265,
311.0_p3conc_15.0_i12,Trastuzumab,mAb_IgG1,3.0,149.0,8.6,0.3,15.0,25.0,Histidine,6.3,12.5,none,0.0,none,0.0,none,0.0,none,0.0,1.0,1.0,1.0647550147586557,1.0647550147586557,1.0014065468043596,0.9880590646219558,0.91,
311.0_p3conc_21.0_i13,Trastuzumab,mAb_IgG1,3.0,149.0,8.6,0.3,21.0428,25.0,Histidine,6.3,12.5,none,0.0,none,0.0,none,0.0,none,0.0,1.0,1.0,1.0845580287320147,1.0845580287320147,1.0687811194413739,1.0687811194413739,1.0490729088970439,
311.0_p3conc_25.0_i14,Trastuzumab,mAb_IgG1,3.0,149.0,8.6,0.3,25.0,25.0,Histidine,6.3,12.5,none,0.0,none,0.0,none,0.0,none,0.0,1.0,1.0,1.148868138576431,1.0716877785323018,1.0716877785323018,1.0246141035268161,1.0246141035268161,
311.0_p3conc_29.5_i15,Trastuzumab,mAb_IgG1,3.0,149.0,8.6,0.3,29.5198,25.0,Histidine,6.3,12.5,none,0.0,none,0.0,none,0.0,none,0.0,1.0,1.0,1.2312015943598367,1.2312015943598367,1.136164541604387,1.136164541604387,1.136164541604387,
311.0_p3conc_41.4_i16,Trastuzumab,mAb_IgG1,3.0,149.0,8.6,0.3,41.4119,25.0,Histidine,6.3,12.5,none,0.0,none,0.0,none,0.0,none,0.0,1.0,1.0,1.3595300815447313,1.2800802680492,1.193173367030811,1.193173367030811,1.193173367030811,
311.0_p3conc_42.7_i17,Trastuzumab,mAb_IgG1,3.0,149.0,8.6,0.3,42.7494,25.0,Histidine,6.3,12.5,none,0.0,none,0.0,none,0.0,none,0.0,1.0,1.0,1.3142783017600985,1.3142783017600985,1.3142783017600985,1.2335039162537924,1.1475137771345405,
311.0_p3conc_58.1_i18,Trastuzumab,mAb_IgG1,3.0,149.0,8.6,0.3,58.0948,25.0,Histidine,6.3,12.5,none,0.0,none,0.0,none,0.0,none,0.0,1.0,1.0,1.4800848673468858,1.4800848673468858,1.4800848673468858,1.4800848673468858,1.3994956689529525,
311.0_p3conc_73.1_i19,Trastuzumab,mAb_IgG1,3.0,149.0,8.6,0.3,73.1004,25.0,Histidine,6.3,12.5,none,0.0,none,0.0,none,0.0,none,0.0,1.0,1.0,1.7757079989228612,1.7757079989228612,1.7559311975651237,1.754999203950531,1.5585469962493697,
311.0_p3conc_81.5_i20,Trastuzumab,mAb_IgG1,3.0,149.0,8.6,0.3,81.4982,25.0,Histidine,6.3,12.5,none,0.0,none,0.0,none,0.0,none,0.0,1.0,1.0,2.1257621217062224,2.011672605075502,2.011672605075502,1.7903124646958597,1.7737002901722765,
311.0_p3conc_114.3_i21,Trastuzumab,mAb_IgG1,3.0,149.0,8.6,0.3,114.3299,25.0,Histidine,6.3,12.5,none,0.0,none,0.0,none,0.0,none,0.0,1.0,1.0,2.6116684008426088,2.6116684008426088,2.6116684008426088,2.3355678403195945,2.194642197358301,
311.0_p3conc_134.5_i22,Trastuzumab,mAb_IgG1,3.0,149.0,8.6,0.3,134.53,25.0,Histidine,6.3,12.5,none,0.0,none,0.0,none,0.0,none,0.0,1.0,1.0,3.2708198773511836,3.2708198773511836,3.1396470835943355,3.1396470835943355,2.392331310477196,
311.0_p3conc_144.8_i23,Trastuzumab,mAb_IgG1,3.0,149.0,8.6,0.3,144.7865,25.0,Histidine,6.3,12.5,none,0.0,none,0.0,none,0.0,none,0.0,1.0,1.0,3.7764037669373214,3.734238278975348,3.734238278975348,2.972339350377786,2.6398308858517296,
311.0_p3conc_155.8_i24,Trastuzumab,mAb_IgG1,3.0,149.0,8.6,0.3,155.825,25.0,Histidine,6.3,12.5,none,0.0,none,0.0,none,0.0,none,0.0,1.0,1.0,4.197071311788259,3.593905919291656,3.593905919291656,3.4434956323131214,3.0174177434832616,
311.0_p3conc_160.4_i25,Trastuzumab,mAb_IgG1,3.0,149.0,8.6,0.3,160.3877,25.0,Histidine,6.3,12.5,none,0.0,none,0.0,none,0.0,none,0.0,1.0,1.0,4.401877436245628,4.055908289280273,3.9776691923371947,3.7180373960483797,3.1653100987352283,
311.0_p3conc_167.7_i26,Trastuzumab,mAb_IgG1,3.0,149.0,8.6,0.3,167.705,25.0,Histidine,6.3,12.5,none,0.0,none,0.0,none,0.0,none,0.0,1.0,1.0,4.472860077140579,4.347111622712441,4.005518978351657,3.745506131020278,3.4982630296513872,
311.0_p3conc_180.5_i27,Trastuzumab,mAb_IgG1,3.0,149.0,8.6,0.3,180.4908,25.0,Histidine,6.3,12.5,none,0.0,none,0.0,none,0.0,none,0.0,1.0,1.0,4.987288739442129,4.871611997061336,4.871611997061336,4.147592747883258,3.5777896937510527,
311.0_p3conc_194.3_i28,Trastuzumab,mAb_IgG1,3.0,149.0,8.6,0.3,194.2513,25.0,Histidine,6.3,12.5,none,0.0,none,0.0,none,0.0,none,0.0,1.0,1.0,5.665427408928077,5.516326473045935,5.516326473045935,4.885175639745719,3.7675833274594486,
311.0_p3conc_209.1_i29,Trastuzumab,mAb_IgG1,3.0,149.0,8.6,0.3,209.061,25.0,Histidine,6.3,12.5,none,0.0,none,0.0,none,0.0,none,0.0,1.0,1.0,6.527671811644125,6.089220741465664,6.089220741465664,5.974963020161306,4.444870359459413,
303.0_p3conc_1.4_i0,Trastuzumab,mAb_IgG1,3.0,149.0,8.6,0.3,1.4146,25.0,Histidine,6.4,10.5,none,0.0,none,0.0,none,0.0,none,0.0,1.0,1.0,0.91,0.91,0.91,0.91,0.91,
303.0_p3conc_1.6_i1,Trastuzumab,mAb_IgG1,3.0,149.0,8.6,0.3,1.5835,25.0,Histidine,6.4,10.5,none,0.0,none,0.0,none,0.0,none,0.0,1.0,1.0,0.9904015688030324,0.9657747495941633,0.91,0.91,0.91,
303.0_p3conc_2.0_i2,Trastuzumab,mAb_IgG1,3.0,149.0,8.6,0.3,2.001,25.0,Histidine,6.4,10.5,none,0.0,none,0.0,none,0.0,none,0.0,1.0,1.0,0.9207408008138854,0.91,0.91,0.91,0.91,
303.0_p3conc_2.5_i3,Trastuzumab,mAb_IgG1,3.0,149.0,8.6,0.3,2.5076,25.0,Histidine,6.4,10.5,none,0.0,none,0.0,none,0.0,none,0.0,1.0,1.0,0.9641227435777202,0.9641227435777202,0.9475957518626148,0.91,0.91,
303.0_p3conc_2.8_i4,Trastuzumab,mAb_IgG1,3.0,149.0,8.6,0.3,2.8305,25.0,Histidine,6.4,10.5,none,0.0,none,0.0,none,0.0,none,0.0,1.0,1.0,1.007410774149422,0.9171508706634022,0.9111467478972018,0.9111467478972018,0.9111467478972018,
303.0_p3conc_4.0_i5,Trastuzumab,mAb_IgG1,3.0,149.0,8.6,0.3,3.9708,25.0,Histidine,6.4,10.5,none,0.0,none,0.0,none,0.0,none,0.0,1.0,1.0,0.9292037751125811,0.91,0.91,0.91,0.91,
303.0_p3conc_4.0_i6,Trastuzumab,mAb_IgG1,3.0,149.0,8.6,0.3,4.0039,25.0,Histidine,6.4,10.5,none,0.0,none,0.0,none,0.0,none,0.0,1.0,1.0,0.9534145916221521,0.9265601884687122,0.9265601884687122,0.9265601884687122,0.91,
303.0_p3conc_5.7_i7,Trastuzumab,mAb_IgG1,3.0,149.0,8.6,0.3,5.6637,25.0,Histidine,6.4,10.5,none,0.0,none,0.0,none,0.0,none,0.0,1.0,1.0,0.9462516485756644,0.91,0.91,0.91,0.91,
303.0_p3conc_6.3_i8,Trastuzumab,mAb_IgG1,3.0,149.0,8.6,0.3,6.2879,25.0,Histidine,6.4,10.5,none,0.0,none,0.0,none,0.0,none,0.0,1.0,1.0,1.0298814814126505,0.9486684715746935,0.9486684715746935,0.9486684715746935,0.9486684715746935,
303.0_p3conc_8.0_i9,Trastuzumab,mAb_IgG1,3.0,149.0,8.6,0.3,8.0117,25.0,Histidine,6.4,10.5,none,0.0,none,0.0,none,0.0,none,0.0,1.0,1.0,0.9837289442990845,0.9313145680519713,0.9313145680519713,0.9313145680519713,0.9267454387008953,
303.0_p3conc_10.0_i10,Trastuzumab,mAb_IgG1,3.0,149.0,8.6,0.3,9.9572,25.0,Histidine,6.4,10.5,none,0.0,none,0.0,none,0.0,none,0.0,1.0,1.0,1.0360630479547996,1.0360630479547996,1.0360630479547996,0.9911094395548132,0.9192404704948264,
303.0_p3conc_11.3_i11,Trastuzumab,mAb_IgG1,3.0,149.0,8.6,0.3,11.333,25.0,Histidine,6.4,10.5,none,0.0,none,0.0,none,0.0,none,0.0,1.0,1.0,1.0069539410440385,1.0069539410440385,1.0069539410440385,1.0069539410440385,0.938901575760678,
303.0_p3conc_15.8_i12,Trastuzumab,mAb_IgG1,3.0,149.0,8.6,0.3,15.7675,25.0,Histidine,6.4,10.5,none,0.0,none,0.0,none,0.0,none,0.0,1.0,1.0,1.0847003540669928,1.0847003540669928,1.0736379682230606,0.9984141625370342,0.9675609583157967,
303.0_p3conc_16.0_i13,Trastuzumab,mAb_IgG1,3.0,149.0,8.6,0.3,16.0312,25.0,Histidine,6.4,10.5,none,0.0,none,0.0,none,0.0,none,0.0,1.0,1.0,1.1074449991064705,0.99473040915424,0.9606140593147909,0.9606140593147909,0.9606140593147909,
303.0_p3conc_22.7_i14,Trastuzumab,mAb_IgG1,3.0,149.0,8.6,0.3,22.6771,25.0,Histidine,6.4,10.5,none,0.0,none,0.0,none,0.0,none,0.0,1.0,1.0,1.166339612358719,1.0793295969715597,1.0793295969715597,1.0793295969715597,0.9370886907866288,
303.0_p3conc_25.0_i15,Trastuzumab,mAb_IgG1,3.0,149.0,8.6,0.3,24.9684,25.0,Histidine,6.4,10.5,none,0.0,none,0.0,none,0.0,none,0.0,1.0,1.0,1.2396135979466154,1.169430266437312,1.1359493071243494,1.1065836667515025,0.9286641611053706,
303.0_p3conc_32.1_i16,Trastuzumab,mAb_IgG1,3.0,149.0,8.6,0.3,32.0781,25.0,Histidine,6.4,10.5,none,0.0,none,0.0,none,0.0,none,0.0,1.0,1.0,1.2824444508532207,1.2630163564998558,1.2311736460875848,1.2311736460875848,0.9886824549184451,
303.0_p3conc_39.5_i17,Trastuzumab,mAb_IgG1,3.0,149.0,8.6,0.3,39.5383,25.0,Histidine,6.4,10.5,none,0.0,none,0.0,none,0.0,none,0.0,1.0,1.0,1.3096465732284912,1.2944622666619054,1.2944622666619054,1.2856534650200435,1.1133289181285733,
303.0_p3conc_45.4_i18,Trastuzumab,mAb_IgG1,3.0,149.0,8.6,0.3,45.3763,25.0,Histidine,6.4,10.5,none,0.0,none,0.0,none,0.0,none,0.0,1.0,1.0,1.4057560173905346,1.3718363475961817,1.3718363475961817,1.3718363475961817,1.1294150414167337,
303.0_p3conc_62.6_i19,Trastuzumab,mAb_IgG1,3.0,149.0,8.6,0.3,62.6102,25.0,Histidine,6.4,10.5,none,0.0,none,0.0,none,0.0,none,0.0,1.0,1.0,1.6434536725904485,1.6434536725904485,1.5777955357104476,1.5492510554244463,1.1786511634206032,
303.0_p3conc_64.2_i20,Trastuzumab,mAb_IgG1,3.0,149.0,8.6,0.3,64.1874,25.0,Histidine,6.4,10.5,none,0.0,none,0.0,none,0.0,none,0.0,1.0,1.0,1.6393122054515625,1.6393122054515625,1.6393122054515625,1.59645741127545,1.2276753785510912,
303.0_p3conc_90.8_i21,Trastuzumab,mAb_IgG1,3.0,149.0,8.6,0.3,90.7969,25.0,Histidine,6.4,10.5,none,0.0,none,0.0,none,0.0,none,0.0,1.0,1.0,2.2021085904151767,2.2021085904151767,2.2021085904151767,2.09795795572917,1.3807209505696332,
303.0_p3conc_99.1_i22,Trastuzumab,mAb_IgG1,3.0,149.0,8.6,0.3,99.1453,25.0,Histidine,6.4,10.5,none,0.0,none,0.0,none,0.0,none,0.0,1.0,1.0,2.5621011103139546,2.534069311816031,2.496368217033117,2.3204715632059942,1.3733973559777344,
303.0_p3conc_128.4_i23,Trastuzumab,mAb_IgG1,3.0,149.0,8.6,0.3,128.4373,25.0,Histidine,6.4,10.5,none,0.0,none,0.0,none,0.0,none,0.0,1.0,1.0,3.2500342391148345,3.2500342391148345,3.221984323861571,2.4806483193694313,1.6449654215806113,
303.0_p3conc_167.0_i24,Trastuzumab,mAb_IgG1,3.0,149.0,8.6,0.3,166.976,25.0,Histidine,6.4,10.5,none,0.0,none,0.0,none,0.0,none,0.0,1.0,1.0,4.944248860625566,4.355713130583643,4.355713130583643,3.8488244158604035,2.02194831099894,
303.0_p3conc_177.6_i25,Trastuzumab,mAb_IgG1,3.0,149.0,8.6,0.3,177.5857,25.0,Histidine,6.4,10.5,none,0.0,none,0.0,none,0.0,none,0.0,1.0,1.0,5.416224147199756,5.157618697151725,5.077002163268423,4.186463718659142,2.2011829451473766,
303.0_p3conc_181.7_i26,Trastuzumab,mAb_IgG1,3.0,149.0,8.6,0.3,181.682,25.0,Histidine,6.4,10.5,none,0.0,none,0.0,none,0.0,none,0.0,1.0,1.0,5.666830188293061,5.569980211286197,5.322801314778774,4.78939972484404,2.2836094747320437,
303.0_p3conc_188.9_i27,Trastuzumab,mAb_IgG1,3.0,149.0,8.6,0.3,188.8696,25.0,Histidine,6.4,10.5,none,0.0,none,0.0,none,0.0,none,0.0,1.0,1.0,6.48187628192342,6.278481317781406,6.051849326392947,4.568554943361586,2.183493801163233,
303.0_p3conc_200.9_i28,Trastuzumab,mAb_IgG1,3.0,149.0,8.6,0.3,200.8704,25.0,Histidine,6.4,10.5,none,0.0,none,0.0,none,0.0,none,0.0,1.0,1.0,6.718642573051563,6.374534844964927,6.374534844964927,5.205906985198563,2.469346703155487,
303.0_p3conc_213.6_i29,Trastuzumab,mAb_IgG1,3.0,149.0,8.6,0.3,213.6343,25.0,Histidine,6.4,10.5,none,0.0,none,0.0,none,0.0,none,0.0,1.0,1.0,8.220792555049517,8.09865914422537,7.871392274864221,5.852847343712151,2.7038279129404055,
303.0_p3conc_227.2_i30,Trastuzumab,mAb_IgG1,3.0,149.0,8.6,0.3,227.2087,25.0,Histidine,6.4,10.5,none,0.0,none,0.0,none,0.0,none,0.0,1.0,1.0,9.078990821019651,9.078990821019651,8.508397888020934,6.507866733107055,2.7051281584747633,
303.0_p3conc_241.6_i31,Trastuzumab,mAb_IgG1,3.0,149.0,8.6,0.3,241.6457,25.0,Histidine,6.4,10.5,none,0.0,none,0.0,none,0.0,none,0.0,1.0,1.0,10.598095322888687,10.117902828210209,9.480859219038217,7.2841865410730655,2.9933143289269473,
475.0_p3conc_1.4_i0,Vudalimab,Bispecific,5.0,152.0,8.7,0.3,1.378,25.0,Acetate,5.2,28.0,none,0.0,none,0.0,none,0.0,none,0.0,1.5,1.3,0.91,0.91,0.91,0.91,0.91,
475.0_p3conc_1.9_i1,Vudalimab,Bispecific,5.0,152.0,8.7,0.3,1.8988,25.0,Acetate,5.2,28.0,none,0.0,none,0.0,none,0.0,none,0.0,1.5,1.3,0.91,0.91,0.91,0.91,0.91,
475.0_p3conc_2.0_i2,Vudalimab,Bispecific,5.0,152.0,8.7,0.3,2.0252,25.0,Acetate,5.2,28.0,none,0.0,none,0.0,none,0.0,none,0.0,1.5,1.3,0.91,0.91,0.91,0.91,0.91,
475.0_p3conc_2.6_i3,Vudalimab,Bispecific,5.0,152.0,8.7,0.3,2.6165,25.0,Acetate,5.2,28.0,none,0.0,none,0.0,none,0.0,none,0.0,1.5,1.3,0.91,0.91,0.91,0.91,0.91,
475.0_p3conc_3.6_i4,Vudalimab,Bispecific,5.0,152.0,8.7,0.3,3.6056,25.0,Acetate,5.2,28.0,none,0.0,none,0.0,none,0.0,none,0.0,1.5,1.3,0.91,0.91,0.91,0.91,0.91,
475.0_p3conc_4.1_i5,Vudalimab,Bispecific,5.0,152.0,8.7,0.3,4.1016,25.0,Acetate,5.2,28.0,none,0.0,none,0.0,none,0.0,none,0.0,1.5,1.3,0.9802075860850704,0.91,0.91,0.91,0.91,
475.0_p3conc_5.0_i6,Vudalimab,Bispecific,5.0,152.0,8.7,0.3,4.9684,25.0,Acetate,5.2,28.0,none,0.0,none,0.0,none,0.0,none,0.0,1.5,1.3,0.9968064895365875,0.91,0.91,0.91,0.91,
475.0_p3conc_6.8_i7,Vudalimab,Bispecific,5.0,152.0,8.7,0.3,6.8463,25.0,Acetate,5.2,28.0,none,0.0,none,0.0,none,0.0,none,0.0,1.5,1.3,0.91,0.91,0.91,0.91,0.91,
475.0_p3conc_8.3_i8,Vudalimab,Bispecific,5.0,152.0,8.7,0.3,8.3066,25.0,Acetate,5.2,28.0,none,0.0,none,0.0,none,0.0,none,0.0,1.5,1.3,0.968212212462598,0.91,0.91,0.91,0.91,
475.0_p3conc_9.4_i9,Vudalimab,Bispecific,5.0,152.0,8.7,0.3,9.4341,25.0,Acetate,5.2,28.0,none,0.0,none,0.0,none,0.0,none,0.0,1.5,1.3,0.9336514847008168,0.91,0.91,0.91,0.91,
475.0_p3conc_13.0_i10,Vudalimab,Bispecific,5.0,152.0,8.7,0.3,13.0,25.0,Acetate,5.2,28.0,none,0.0,none,0.0,none,0.0,none,0.0,1.5,1.3,0.91,0.91,0.91,0.91,0.91,
475.0_p3conc_16.8_i11,Vudalimab,Bispecific,5.0,152.0,8.7,0.3,16.8228,25.0,Acetate,5.2,28.0,none,0.0,none,0.0,none,0.0,none,0.0,1.5,1.3,0.9617793143703938,0.9617793143703938,0.9617793143703938,0.938352517485609,0.938352517485609,
475.0_p3conc_17.9_i12,Vudalimab,Bispecific,5.0,152.0,8.7,0.3,17.9137,25.0,Acetate,5.2,28.0,none,0.0,none,0.0,none,0.0,none,0.0,1.5,1.3,0.9890421443598402,0.9487860693474691,0.9487860693474691,0.9487860693474691,0.91,
475.0_p3conc_24.7_i13,Vudalimab,Bispecific,5.0,152.0,8.7,0.3,24.6848,25.0,Acetate,5.2,28.0,none,0.0,none,0.0,none,0.0,none,0.0,1.5,1.3,1.0157241223328293,1.0157241223328293,1.0157241223328293,0.9899961154180766,0.9899961154180766,
475.0_p3conc_34.0_i14,Vudalimab,Bispecific,5.0,152.0,8.7,0.3,34.0151,25.0,Acetate,5.2,28.0,none,0.0,none,0.0,none,0.0,none,0.0,1.5,1.3,1.126595409172187,1.0275787501158617,1.0275787501158617,0.9593768964872427,0.9593768964872427,
475.0_p3conc_34.1_i15,Vudalimab,Bispecific,5.0,152.0,8.7,0.3,34.0701,25.0,Acetate,5.2,28.0,none,0.0,none,0.0,none,0.0,none,0.0,1.5,1.3,1.1441382852554154,1.1183522923322566,1.1183522923322566,0.9919499174302475,0.9121484619326288,
475.0_p3conc_46.9_i16,Vudalimab,Bispecific,5.0,152.0,8.7,0.3,46.8722,25.0,Acetate,5.2,28.0,none,0.0,none,0.0,none,0.0,none,0.0,1.5,1.3,1.2022606777267006,1.082906912466034,1.082906912466034,1.082906912466034,0.962296518901543,
475.0_p3conc_64.6_i17,Vudalimab,Bispecific,5.0,152.0,8.7,0.3,64.5889,25.0,Acetate,5.2,28.0,none,0.0,none,0.0,none,0.0,none,0.0,1.5,1.3,1.3525340477627465,1.2192413549661172,1.2192413549661172,1.0804948346525722,0.91,
475.0_p3conc_77.2_i18,Vudalimab,Bispecific,5.0,152.0,8.7,0.3,77.1754,25.0,Acetate,5.2,28.0,none,0.0,none,0.0,none,0.0,none,0.0,1.5,1.3,1.482647608128368,1.3590710424169505,1.3256014045563713,1.1261067879960829,0.959895745724208,
475.0_p3conc_86.3_i19,Vudalimab,Bispecific,5.0,152.0,8.7,0.3,86.3193,25.0,Acetate,5.2,28.0,none,0.0,none,0.0,none,0.0,none,0.0,1.5,1.3,1.5697395475837732,1.3641248533166994,1.3474376862707318,1.2986093707292508,0.980609225618076,
475.0_p3conc_89.0_i20,Vudalimab,Bispecific,5.0,152.0,8.7,0.3,89.0023,25.0,Acetate,5.2,28.0,none,0.0,none,0.0,none,0.0,none,0.0,1.5,1.3,1.6926746903207353,1.3743582337283138,1.2611096850592742,1.1944157658597645,1.0745780278798729,
475.0_p3conc_96.5_i21,Vudalimab,Bispecific,5.0,152.0,8.7,0.3,96.5468,25.0,Acetate,5.2,28.0,none,0.0,none,0.0,none,0.0,none,0.0,1.5,1.3,1.6063320906953122,1.3282047236062073,1.3282047236062073,1.1858490375181503,1.0627438978837924,
475.0_p3conc_108.0_i22,Vudalimab,Bispecific,5.0,152.0,8.7,0.3,107.9861,25.0,Acetate,5.2,28.0,none,0.0,none,0.0,none,0.0,none,0.0,1.5,1.3,1.8156237441834373,1.4283285982685128,1.4283285982685128,1.3247230259014142,1.0146253485849885,
475.0_p3conc_120.8_i23,Vudalimab,Bispecific,5.0,152.0,8.7,0.3,120.7808,25.0,Acetate,5.2,28.0,none,0.0,none,0.0,none,0.0,none,0.0,1.5,1.3,1.8027713039798772,1.507720056365033,1.507720056365033,1.3516652630979251,1.0411380922171398,
475.0_p3conc_122.6_i24,Vudalimab,Bispecific,5.0,152.0,8.7,0.3,122.6433,25.0,Acetate,5.2,28.0,none,0.0,none,0.0,none,0.0,none,0.0,1.5,1.3,1.9170727692405454,1.722714714886754,1.5352867877463134,1.225255874615615,1.1000504744555828,
475.0_p3conc_135.1_i25,Vudalimab,Bispecific,5.0,152.0,8.7,0.3,135.0912,25.0,Acetate,5.2,28.0,none,0.0,none,0.0,none,0.0,none,0.0,1.5,1.3,2.057939185723506,1.6470549123848512,1.6470549123848512,1.4496405280134312,0.9900185112721319,
475.0_p3conc_151.1_i26,Vudalimab,Bispecific,5.0,152.0,8.7,0.3,151.0974,25.0,Acetate,5.2,28.0,none,0.0,none,0.0,none,0.0,none,0.0,1.5,1.3,2.213885397124927,2.0403804368486305,1.8837745470677285,1.5140242490839486,1.182790465350305,
474.0_p3conc_1.4_i0,Vudalimab,Bispecific,5.0,152.0,8.7,0.3,1.4078,25.0,Acetate,5.4,37.0,none,0.0,none,0.0,none,0.0,none,0.0,1.5,1.3,0.9140001675692864,0.9140001675692864,0.9140001675692864,0.9140001675692864,0.91,
474.0_p3conc_1.6_i1,Vudalimab,Bispecific,5.0,152.0,8.7,0.3,1.6368,25.0,Acetate,5.4,37.0,none,0.0,none,0.0,none,0.0,none,0.0,1.5,1.3,0.9224101305695243,0.91,0.91,0.91,0.91,
474.0_p3conc_2.0_i2,Vudalimab,Bispecific,5.0,152.0,8.7,0.3,1.9819,25.0,Acetate,5.4,37.0,none,0.0,none,0.0,none,0.0,none,0.0,1.5,1.3,0.91,0.91,0.91,0.91,0.91,
474.0_p3conc_2.7_i3,Vudalimab,Bispecific,5.0,152.0,8.7,0.3,2.679,25.0,Acetate,5.4,37.0,none,0.0,none,0.0,none,0.0,none,0.0,1.5,1.3,0.9648589502983396,0.91,0.91,0.91,0.91,
474.0_p3conc_2.8_i4,Vudalimab,Bispecific,5.0,152.0,8.7,0.3,2.79,25.0,Acetate,5.4,37.0,none,0.0,none,0.0,none,0.0,none,0.0,1.5,1.3,0.9310590819310546,0.9310590819310546,0.9310590819310546,0.9310590819310546,0.9310590819310546,
474.0_p3conc_3.9_i5,Vudalimab,Bispecific,5.0,152.0,8.7,0.3,3.9278,25.0,Acetate,5.4,37.0,none,0.0,none,0.0,none,0.0,none,0.0,1.5,1.3,0.9356062702683011,0.9356062702683011,0.9356062702683011,0.91,0.91,
474.0_p3conc_4.4_i6,Vudalimab,Bispecific,5.0,152.0,8.7,0.3,4.3849,25.0,Acetate,5.4,37.0,none,0.0,none,0.0,none,0.0,none,0.0,1.5,1.3,0.9382959531478621,0.9382959531478621,0.9382959531478621,0.9224936306889374,0.91,
474.0_p3conc_5.5_i7,Vudalimab,Bispecific,5.0,152.0,8.7,0.3,5.5294,25.0,Acetate,5.4,37.0,none,0.0,none,0.0,none,0.0,none,0.0,1.5,1.3,0.9579234514397132,0.91,0.91,0.91,0.91,
474.0_p3conc_7.2_i8,Vudalimab,Bispecific,5.0,152.0,8.7,0.3,7.1771,25.0,Acetate,5.4,37.0,none,0.0,none,0.0,none,0.0,none,0.0,1.5,1.3,1.0231637879589268,0.9529110805777978,0.9529110805777978,0.9529110805777978,0.91,
474.0_p3conc_7.8_i9,Vudalimab,Bispecific,5.0,152.0,8.7,0.3,7.7842,25.0,Acetate,5.4,37.0,none,0.0,none,0.0,none,0.0,none,0.0,1.5,1.3,0.9895906099328478,0.9548451906948862,0.9548451906948862,0.9343187890042891,0.9200385289036919,
474.0_p3conc_11.0_i10,Vudalimab,Bispecific,5.0,152.0,8.7,0.3,10.9585,25.0,Acetate,5.4,37.0,none,0.0,none,0.0,none,0.0,none,0.0,1.5,1.3,1.0000748181656378,1.0000748181656378,1.0000748181656378,0.9547605032849776,0.9188166561569153,
474.0_p3conc_11.7_i11,Vudalimab,Bispecific,5.0,152.0,8.7,0.3,11.7474,25.0,Acetate,5.4,37.0,none,0.0,none,0.0,none,0.0,none,0.0,1.5,1.3,0.9259885430122754,0.9259885430122754,0.9259885430122754,0.9259885430122754,0.9259885430122754,
474.0_p3conc_15.4_i12,Vudalimab,Bispecific,5.0,152.0,8.7,0.3,15.4272,25.0,Acetate,5.4,37.0,none,0.0,none,0.0,none,0.0,none,0.0,1.5,1.3,0.9595713994115602,0.9595713994115602,0.9595713994115602,0.9571729856343352,0.9571729856343352,
474.0_p3conc_19.2_i13,Vudalimab,Bispecific,5.0,152.0,8.7,0.3,19.2277,25.0,Acetate,5.4,37.0,none,0.0,none,0.0,none,0.0,none,0.0,1.5,1.3,1.0338904361528336,1.0338904361528336,1.0065439297626162,0.949647738870331,0.949647738870331,
474.0_p3conc_21.7_i14,Vudalimab,Bispecific,5.0,152.0,8.7,0.3,21.7183,25.0,Acetate,5.4,37.0,none,0.0,none,0.0,none,0.0,none,0.0,1.5,1.3,1.0264658875547916,1.0264658875547916,0.9995569399185801,0.9995569399185801,0.9995569399185801,
474.0_p3conc_30.6_i15,Vudalimab,Bispecific,5.0,152.0,8.7,0.3,30.5746,25.0,Acetate,5.4,37.0,none,0.0,none,0.0,none,0.0,none,0.0,1.5,1.3,1.1699877933711058,1.1379779197056528,1.1379779197056528,1.066513987905303,1.066513987905303,
474.0_p3conc_31.5_i16,Vudalimab,Bispecific,5.0,152.0,8.7,0.3,31.4713,25.0,Acetate,5.4,37.0,none,0.0,none,0.0,none,0.0,none,0.0,1.5,1.3,1.0215941091990473,1.0215941091990473,1.0215941091990473,1.0215941091990473,1.0215941091990473,
474.0_p3conc_43.0_i17,Vudalimab,Bispecific,5.0,152.0,8.7,0.3,43.0425,25.0,Acetate,5.4,37.0,none,0.0,none,0.0,none,0.0,none,0.0,1.5,1.3,1.3921512640114944,1.2034417701892317,1.1777392435691705,1.1777392435691705,1.1567334723819322,
474.0_p3conc_51.5_i18,Vudalimab,Bispecific,5.0,152.0,8.7,0.3,51.5114,25.0,Acetate,5.4,37.0,none,0.0,none,0.0,none,0.0,none,0.0,1.5,1.3,1.378778927686899,1.378778927686899,1.3108647701520753,1.1987399191091899,1.1987399191091899,
474.0_p3conc_60.6_i19,Vudalimab,Bispecific,5.0,152.0,8.7,0.3,60.5945,25.0,Acetate,5.4,37.0,none,0.0,none,0.0,none,0.0,none,0.0,1.5,1.3,1.5515601389283813,1.4515880035925919,1.2949205698324733,1.2949205698324733,1.2949205698324733,
474.0_p3conc_84.3_i20,Vudalimab,Bispecific,5.0,152.0,8.7,0.3,84.3123,25.0,Acetate,5.4,37.0,none,0.0,none,0.0,none,0.0,none,0.0,1.5,1.3,2.071181709088595,1.679067081303513,1.679067081303513,1.4989250012793716,1.4989250012793716,
474.0_p3conc_85.3_i21,Vudalimab,Bispecific,5.0,152.0,8.7,0.3,85.3039,25.0,Acetate,5.4,37.0,none,0.0,none,0.0,none,0.0,none,0.0,1.5,1.3,1.8653185782131205,1.5953707554135552,1.5953707554135552,1.5953707554135552,1.5953707554135552,
474.0_p3conc_120.1_i22,Vudalimab,Bispecific,5.0,152.0,8.7,0.3,120.0895,25.0,Acetate,5.4,37.0,none,0.0,none,0.0,none,0.0,none,0.0,1.5,1.3,2.6190217041737003,2.2376986736421736,2.1414305888190075,2.0374361688115625,2.0374361688115625,
474.0_p3conc_147.7_i23,Vudalimab,Bispecific,5.0,152.0,8.7,0.3,147.7291,25.0,Acetate,5.4,37.0,none,0.0,none,0.0,none,0.0,none,0.0,1.5,1.3,3.2296740266531847,2.796465940542034,2.766111902026479,2.6802767804460577,2.6802767804460577,
474.0_p3conc_158.1_i24,Vudalimab,Bispecific,5.0,152.0,8.7,0.3,158.1445,25.0,Acetate,5.4,37.0,none,0.0,none,0.0,none,0.0,none,0.0,1.5,1.3,4.038135045308282,2.7849895424748485,2.7049083443167907,2.5765764871460175,2.5765764871460175,
474.0_p3conc_169.1_i25,Vudalimab,Bispecific,5.0,152.0,8.7,0.3,169.0601,25.0,Acetate,5.4,37.0,none,0.0,none,0.0,none,0.0,none,0.0,1.5,1.3,3.9317937131782714,3.1990138420776164,2.934203797169008,2.934203797169008,2.934203797169008,
474.0_p3conc_169.3_i26,Vudalimab,Bispecific,5.0,152.0,8.7,0.3,169.2938,25.0,Acetate,5.4,37.0,none,0.0,none,0.0,none,0.0,none,0.0,1.5,1.3,3.805800229628484,3.0121244037797985,2.9676147383975047,2.9676147383975047,2.9676147383975047,
474.0_p3conc_181.2_i27,Vudalimab,Bispecific,5.0,152.0,8.7,0.3,181.2291,25.0,Acetate,5.4,37.0,none,0.0,none,0.0,none,0.0,none,0.0,1.5,1.3,4.598269250613078,3.268771030800577,3.212941235834053,3.212941235834053,3.212941235834053,
474.0_p3conc_194.0_i28,Vudalimab,Bispecific,5.0,152.0,8.7,0.3,194.0059,25.0,Acetate,5.4,37.0,none,0.0,none,0.0,none,0.0,none,0.0,1.5,1.3,5.052776184326098,3.3136885486713443,3.3136885486713443,3.3136885486713443,3.3136885486713443,
474.0_p3conc_207.7_i29,Vudalimab,Bispecific,5.0,152.0,8.7,0.3,207.6835,25.0,Acetate,5.4,37.0,none,0.0,none,0.0,none,0.0,none,0.0,1.5,1.3,5.91616911681489,3.838303549536858,3.838303549536858,3.838303549536858,3.838303549536858,
474.0_p3conc_222.3_i30,Vudalimab,Bispecific,5.0,152.0,8.7,0.3,222.3259,25.0,Acetate,5.4,37.0,none,0.0,none,0.0,none,0.0,none,0.0,1.5,1.3,6.088431793426658,3.9829161979695775,3.9829161979695775,3.8296383292704204,3.8296383292704204,
473.0_p3conc_1.3_i0,Vudalimab,Bispecific,5.0,152.0,8.7,0.3,1.3442,25.0,Acetate,5.5,54.0,none,0.0,none,0.0,none,0.0,none,0.0,1.5,1.3,0.9218326249505236,0.91,0.91,0.91,0.91,
473.0_p3conc_1.4_i1,Vudalimab,Bispecific,5.0,152.0,8.7,0.3,1.4486,25.0,Acetate,5.5,54.0,none,0.0,none,0.0,none,0.0,none,0.0,1.5,1.3,0.9659450539312582,0.91,0.91,0.91,0.91,
473.0_p3conc_1.8_i2,Vudalimab,Bispecific,5.0,152.0,8.7,0.3,1.8069,25.0,Acetate,5.5,54.0,none,0.0,none,0.0,none,0.0,none,0.0,1.5,1.3,0.9207688298981238,0.9207688298981238,0.91,0.91,0.91,
473.0_p3conc_2.1_i3,Vudalimab,Bispecific,5.0,152.0,8.7,0.3,2.0984,25.0,Acetate,5.5,54.0,none,0.0,none,0.0,none,0.0,none,0.0,1.5,1.3,0.91,0.91,0.91,0.91,0.91,
473.0_p3conc_2.4_i4,Vudalimab,Bispecific,5.0,152.0,8.7,0.3,2.4289,25.0,Acetate,5.5,54.0,none,0.0,none,0.0,none,0.0,none,0.0,1.5,1.3,0.91,0.91,0.91,0.91,0.91,
473.0_p3conc_3.0_i5,Vudalimab,Bispecific,5.0,152.0,8.7,0.3,3.0398,25.0,Acetate,5.5,54.0,none,0.0,none,0.0,none,0.0,none,0.0,1.5,1.3,0.9514705410397836,0.9514705410397836,0.9514705410397836,0.91,0.91,
473.0_p3conc_3.3_i6,Vudalimab,Bispecific,5.0,152.0,8.7,0.3,3.2649,25.0,Acetate,5.5,54.0,none,0.0,none,0.0,none,0.0,none,0.0,1.5,1.3,0.91,0.91,0.91,0.91,0.91,
473.0_p3conc_4.4_i7,Vudalimab,Bispecific,5.0,152.0,8.7,0.3,4.3888,25.0,Acetate,5.5,54.0,none,0.0,none,0.0,none,0.0,none,0.0,1.5,1.3,0.9443852462708181,0.91,0.91,0.91,0.91,
473.0_p3conc_4.4_i8,Vudalimab,Bispecific,5.0,152.0,8.7,0.3,4.4035,25.0,Acetate,5.5,54.0,none,0.0,none,0.0,none,0.0,none,0.0,1.5,1.3,0.9498223873692498,0.91,0.91,0.91,0.91,
473.0_p3conc_5.9_i9,Vudalimab,Bispecific,5.0,152.0,8.7,0.3,5.8995,25.0,Acetate,5.5,54.0,none,0.0,none,0.0,none,0.0,none,0.0,1.5,1.3,0.9662103890882736,0.9493688586409886,0.9493688586409886,0.91,0.91,
473.0_p3conc_6.4_i10,Vudalimab,Bispecific,5.0,152.0,8.7,0.3,6.3789,25.0,Acetate,5.5,54.0,none,0.0,none,0.0,none,0.0,none,0.0,1.5,1.3,0.9776257391175547,0.9776257391175547,0.9776257391175547,0.9458145681534647,0.91,
473.0_p3conc_7.9_i11,Vudalimab,Bispecific,5.0,152.0,8.7,0.3,7.9302,25.0,Acetate,5.5,54.0,none,0.0,none,0.0,none,0.0,none,0.0,1.5,1.3,0.9426445934976335,0.9426445934976335,0.9426445934976335,0.9301396571832253,0.91,
473.0_p3conc_9.2_i12,Vudalimab,Bispecific,5.0,152.0,8.7,0.3,9.2405,25.0,Acetate,5.5,54.0,none,0.0,none,0.0,none,0.0,none,0.0,1.5,1.3,0.9691484685520718,0.9602752227516083,0.9598513763190248,0.9598513763190248,0.9598513763190248,
473.0_p3conc_10.7_i13,Vudalimab,Bispecific,5.0,152.0,8.7,0.3,10.6598,25.0,Acetate,5.5,54.0,none,0.0,none,0.0,none,0.0,none,0.0,1.5,1.3,1.0372732631379928,1.004794937411468,0.91,0.91,0.91,
473.0_p3conc_13.4_i14,Vudalimab,Bispecific,5.0,152.0,8.7,0.3,13.3858,25.0,Acetate,5.5,54.0,none,0.0,none,0.0,none,0.0,none,0.0,1.5,1.3,1.0328229252455026,1.0236437809365295,1.0198910615214827,1.0150488113597453,0.91,
473.0_p3conc_14.3_i15,Vudalimab,Bispecific,5.0,152.0,8.7,0.3,14.3291,25.0,Acetate,5.5,54.0,none,0.0,none,0.0,none,0.0,none,0.0,1.5,1.3,1.01243849452284,1.0124338958096355,1.0124338958096355,1.0048784439611884,0.9250408563996618,
473.0_p3conc_19.3_i16,Vudalimab,Bispecific,5.0,152.0,8.7,0.3,19.2615,25.0,Acetate,5.5,54.0,none,0.0,none,0.0,none,0.0,none,0.0,1.5,1.3,1.09062867354265,1.017351520571548,0.9933580341682192,0.9933580341682192,0.9933580341682192,
473.0_p3conc_19.4_i17,Vudalimab,Bispecific,5.0,152.0,8.7,0.3,19.3907,25.0,Acetate,5.5,54.0,none,0.0,none,0.0,none,0.0,none,0.0,1.5,1.3,1.1343467768929292,1.0805938983610384,1.0805938983610384,1.0632004434614848,1.038308001475456,
473.0_p3conc_25.9_i18,Vudalimab,Bispecific,5.0,152.0,8.7,0.3,25.8915,25.0,Acetate,5.5,54.0,none,0.0,none,0.0,none,0.0,none,0.0,1.5,1.3,1.1706851564627763,0.9967621764954123,0.9967621764954123,0.9967621764954123,0.9967621764954123,
473.0_p3conc_28.1_i19,Vudalimab,Bispecific,5.0,152.0,8.7,0.3,28.0894,25.0,Acetate,5.5,54.0,none,0.0,none,0.0,none,0.0,none,0.0,1.5,1.3,1.1481204322967415,1.1359253418239583,1.0507642790641654,1.0507642790641654,1.0507642790641654,
473.0_p3conc_34.8_i20,Vudalimab,Bispecific,5.0,152.0,8.7,0.3,34.8038,25.0,Acetate,5.5,54.0,none,0.0,none,0.0,none,0.0,none,0.0,1.5,1.3,1.2584024595734211,1.1539527546245003,1.1457167448389942,1.1457167448389942,1.1135794381321673,
473.0_p3conc_40.7_i21,Vudalimab,Bispecific,5.0,152.0,8.7,0.3,40.6904,25.0,Acetate,5.5,54.0,none,0.0,none,0.0,none,0.0,none,0.0,1.5,1.3,1.318116680164663,1.1376896482690328,1.1376896482690328,1.1376896482690328,1.1376896482690328,
473.0_p3conc_46.8_i22,Vudalimab,Bispecific,5.0,152.0,8.7,0.3,46.7839,25.0,Acetate,5.5,54.0,none,0.0,none,0.0,none,0.0,none,0.0,1.5,1.3,1.3739177591215872,1.3739177591215872,1.1715676455682507,1.1715676455682507,1.1715676455682507,
473.0_p3conc_58.9_i23,Vudalimab,Bispecific,5.0,152.0,8.7,0.3,58.9443,25.0,Acetate,5.5,54.0,none,0.0,none,0.0,none,0.0,none,0.0,1.5,1.3,1.5791653673525818,1.5178696563044913,1.379490719758622,1.379490719758622,1.3337655024061603,
473.0_p3conc_62.9_i24,Vudalimab,Bispecific,5.0,152.0,8.7,0.3,62.8876,25.0,Acetate,5.5,54.0,none,0.0,none,0.0,none,0.0,none,0.0,1.5,1.3,1.6619430017043606,1.4354816380967244,1.4354816380967244,1.3957156138967513,1.3957156138967513,
473.0_p3conc_84.5_i25,Vudalimab,Bispecific,5.0,152.0,8.7,0.3,84.5343,25.0,Acetate,5.5,54.0,none,0.0,none,0.0,none,0.0,none,0.0,1.5,1.3,1.857564274890423,1.7917004362047524,1.7917004362047524,1.7135901319752023,1.689564295301958,
473.0_p3conc_85.4_i26,Vudalimab,Bispecific,5.0,152.0,8.7,0.3,85.3869,25.0,Acetate,5.5,54.0,none,0.0,none,0.0,none,0.0,none,0.0,1.5,1.3,1.935939281943104,1.7732137054074846,1.7394027477642713,1.6834854357343991,1.6504003810650227,
473.0_p3conc_113.6_i27,Vudalimab,Bispecific,5.0,152.0,8.7,0.3,113.6324,25.0,Acetate,5.5,54.0,none,0.0,none,0.0,none,0.0,none,0.0,1.5,1.3,2.4437043545139554,2.276582109080167,2.0585661432076106,2.0585661432076106,2.0002696644902707,
473.0_p3conc_123.7_i28,Vudalimab,Bispecific,5.0,152.0,8.7,0.3,123.6915,25.0,Acetate,5.5,54.0,none,0.0,none,0.0,none,0.0,none,0.0,1.5,1.3,2.81583134536253,2.4685094468486994,2.2055363383226982,2.1855757444928363,2.1071338978633776,
473.0_p3conc_152.7_i29,Vudalimab,Bispecific,5.0,152.0,8.7,0.3,152.7464,25.0,Acetate,5.5,54.0,none,0.0,none,0.0,none,0.0,none,0.0,1.5,1.3,3.5962861807683852,2.8422246053023263,2.8422246053023263,2.810729117052068,2.522097106281364,
473.0_p3conc_179.2_i30,Vudalimab,Bispecific,5.0,152.0,8.7,0.3,179.1798,25.0,Acetate,5.5,54.0,none,0.0,none,0.0,none,0.0,none,0.0,1.5,1.3,4.40415004123856,3.7661303183392403,3.575164300448717,3.265157271839753,3.0213550844844845,
473.0_p3conc_205.3_i31,Vudalimab,Bispecific,5.0,152.0,8.7,0.3,205.3241,25.0,Acetate,5.5,54.0,none,0.0,none,0.0,none,0.0,none,0.0,1.5,1.3,5.7056689219157235,4.635408791154271,4.356775404671936,4.356775404671936,3.910081423724249,
473.0_p3conc_259.6_i32,Vudalimab,Bispecific,5.0,152.0,8.7,0.3,259.5607,25.0,Acetate,5.5,54.0,none,0.0,none,0.0,none,0.0,none,0.0,1.5,1.3,8.192263622582647,7.1957282043912665,7.03721512596885,6.0609897763281495,5.0830578864796045,
473.0_p3conc_298.2_i33,Vudalimab,Bispecific,5.0,152.0,8.7,0.3,298.1803,25.0,Acetate,5.5,54.0,none,0.0,none,0.0,none,0.0,none,0.0,1.5,1.3,13.240778813831264,10.599681685061187,9.641708744525724,8.418549280825562,7.261401574251036,
473.0_p3conc_309.9_i34,Vudalimab,Bispecific,5.0,152.0,8.7,0.3,309.9303,25.0,Acetate,5.5,54.0,none,0.0,none,0.0,none,0.0,none,0.0,1.5,1.3,14.21594246058855,12.062771918397994,10.881543254938412,8.287077772163974,7.942251043547376,
473.0_p3conc_322.1_i35,Vudalimab,Bispecific,5.0,152.0,8.7,0.3,322.1425,25.0,Acetate,5.5,54.0,none,0.0,none,0.0,none,0.0,none,0.0,1.5,1.3,15.04364443042078,12.691544394802364,11.639326447451355,8.833882133370349,8.34711912928542,
473.0_p3conc_334.8_i36,Vudalimab,Bispecific,5.0,152.0,8.7,0.3,334.8367,25.0,Acetate,5.5,54.0,none,0.0,none,0.0,none,0.0,none,0.0,1.5,1.3,17.564121346455305,13.475535296123306,12.76633583184675,10.716460285288184,9.151741365207027,
473.0_p3conc_348.0_i37,Vudalimab,Bispecific,5.0,152.0,8.7,0.3,348.0311,25.0,Acetate,5.5,54.0,none,0.0,none,0.0,none,0.0,none,0.0,1.5,1.3,19.697651085988483,16.313518651897816,14.266639395915016,11.472100154983995,9.607248645841056,
473.0_p3conc_361.7_i38,Vudalimab,Bispecific,5.0,152.0,8.7,0.3,361.7454,25.0,Acetate,5.5,54.0,none,0.0,none,0.0,none,0.0,none,0.0,1.5,1.3,22.695406979820508,17.37504612692225,16.49661134082879,12.586352479419597,10.154123548754756,
466.0_p3conc_1.4_i0,Vudalimab,Bispecific,5.0,152.0,8.7,0.3,1.3926,25.0,Histidine,6.2,13.0,none,0.0,none,0.0,none,0.0,none,0.0,1.5,1.3,0.91,0.91,0.91,0.91,0.91,
466.0_p3conc_1.8_i1,Vudalimab,Bispecific,5.0,152.0,8.7,0.3,1.7783,25.0,Histidine,6.2,13.0,none,0.0,none,0.0,none,0.0,none,0.0,1.5,1.3,0.9123988724459833,0.9123988724459833,0.91,0.91,0.91,
466.0_p3conc_1.9_i2,Vudalimab,Bispecific,5.0,152.0,8.7,0.3,1.9392,25.0,Histidine,6.2,13.0,none,0.0,none,0.0,none,0.0,none,0.0,1.5,1.3,0.91,0.91,0.91,0.91,0.91,
466.0_p3conc_2.7_i3,Vudalimab,Bispecific,5.0,152.0,8.7,0.3,2.7005,25.0,Histidine,6.2,13.0,none,0.0,none,0.0,none,0.0,none,0.0,1.5,1.3,0.9756724787663322,0.9756724787663322,0.9668423644800712,0.9506216312595678,0.9386309881569618,
466.0_p3conc_3.2_i4,Vudalimab,Bispecific,5.0,152.0,8.7,0.3,3.1623,25.0,Histidine,6.2,13.0,none,0.0,none,0.0,none,0.0,none,0.0,1.5,1.3,0.9745305297959075,0.939514435774951,0.939514435774951,0.939514435774951,0.9133554498621798,
466.0_p3conc_3.8_i5,Vudalimab,Bispecific,5.0,152.0,8.7,0.3,3.7606,25.0,Histidine,6.2,13.0,none,0.0,none,0.0,none,0.0,none,0.0,1.5,1.3,0.983669705726914,0.9468624783909945,0.9373009463377436,0.9182357908702091,0.9182357908702091,
466.0_p3conc_5.2_i6,Vudalimab,Bispecific,5.0,152.0,8.7,0.3,5.2369,25.0,Histidine,6.2,13.0,none,0.0,none,0.0,none,0.0,none,0.0,1.5,1.3,1.0077657189249574,1.001106205485141,0.9751467295498597,0.9751467295498597,0.9751467295498597,
466.0_p3conc_5.6_i7,Vudalimab,Bispecific,5.0,152.0,8.7,0.3,5.6234,25.0,Histidine,6.2,13.0,none,0.0,none,0.0,none,0.0,none,0.0,1.5,1.3,0.9608504967672118,0.9173842307460944,0.9173842307460944,0.9173842307460944,0.9173842307460944,
466.0_p3conc_7.3_i8,Vudalimab,Bispecific,5.0,152.0,8.7,0.3,7.2927,25.0,Histidine,6.2,13.0,none,0.0,none,0.0,none,0.0,none,0.0,1.5,1.3,0.9106263405139591,0.9106263405139591,0.9106263405139591,0.9106263405139591,0.9106263405139591,
466.0_p3conc_10.0_i9,Vudalimab,Bispecific,5.0,152.0,8.7,0.3,10.0,25.0,Histidine,6.2,13.0,none,0.0,none,0.0,none,0.0,none,0.0,1.5,1.3,1.0599531346319255,0.9914382500765423,0.9914382500765423,0.9669313815752792,0.9653422517125907,
466.0_p3conc_10.2_i10,Vudalimab,Bispecific,5.0,152.0,8.7,0.3,10.1555,25.0,Histidine,6.2,13.0,none,0.0,none,0.0,none,0.0,none,0.0,1.5,1.3,1.0400821687890662,1.000311294214209,1.000311294214209,0.9425627777968104,0.9425627777968104,
466.0_p3conc_14.1_i11,Vudalimab,Bispecific,5.0,152.0,8.7,0.3,14.1421,25.0,Histidine,6.2,13.0,none,0.0,none,0.0,none,0.0,none,0.0,1.5,1.3,1.1089010836211453,1.1089010836211453,1.1089010836211453,1.0150895117522007,1.0123472744170077,
466.0_p3conc_17.8_i12,Vudalimab,Bispecific,5.0,152.0,8.7,0.3,17.7828,25.0,Histidine,6.2,13.0,none,0.0,none,0.0,none,0.0,none,0.0,1.5,1.3,1.0417219355358114,1.0417219355358114,1.0417219355358114,1.0417219355358114,1.0058723657669069,
466.0_p3conc_19.7_i13,Vudalimab,Bispecific,5.0,152.0,8.7,0.3,19.6938,25.0,Histidine,6.2,13.0,none,0.0,none,0.0,none,0.0,none,0.0,1.5,1.3,1.2206090493329391,1.2206090493329391,1.1458865539845222,1.0710581181640373,1.0710581181640373,
466.0_p3conc_27.4_i14,Vudalimab,Bispecific,5.0,152.0,8.7,0.3,27.4248,25.0,Histidine,6.2,13.0,none,0.0,none,0.0,none,0.0,none,0.0,1.5,1.3,1.1657774953198654,1.1657774953198654,1.1657774953198654,1.1657774953198654,1.1503831924376131,
466.0_p3conc_31.6_i15,Vudalimab,Bispecific,5.0,152.0,8.7,0.3,31.6228,25.0,Histidine,6.2,13.0,none,0.0,none,0.0,none,0.0,none,0.0,1.5,1.3,1.3991596613159023,1.3871634498193515,1.2353642306195134,1.2353642306195134,1.2353642306195134,
466.0_p3conc_38.2_i16,Vudalimab,Bispecific,5.0,152.0,8.7,0.3,38.1907,25.0,Histidine,6.2,13.0,none,0.0,none,0.0,none,0.0,none,0.0,1.5,1.3,1.4009495558256333,1.4009495558256333,1.4009495558256333,1.4009495558256333,1.2590648870923704,
466.0_p3conc_53.2_i17,Vudalimab,Bispecific,5.0,152.0,8.7,0.3,53.1829,25.0,Histidine,6.2,13.0,none,0.0,none,0.0,none,0.0,none,0.0,1.5,1.3,1.834616836393284,1.7799268746319004,1.686050811908458,1.6276042283493228,1.464529398979465,
466.0_p3conc_56.2_i18,Vudalimab,Bispecific,5.0,152.0,8.7,0.3,56.2341,25.0,Histidine,6.2,13.0,none,0.0,none,0.0,none,0.0,none,0.0,1.5,1.3,1.9021349176525557,1.788609081637752,1.7093652068625214,1.6867840885656773,1.6520023421142065,
466.0_p3conc_74.1_i19,Vudalimab,Bispecific,5.0,152.0,8.7,0.3,74.0606,25.0,Histidine,6.2,13.0,none,0.0,none,0.0,none,0.0,none,0.0,1.5,1.3,2.4057216094607545,2.2929736903197195,2.2929736903197195,2.048738556658925,1.9659793494510807,
466.0_p3conc_109.1_i20,Vudalimab,Bispecific,5.0,152.0,8.7,0.3,109.0508,25.0,Histidine,6.2,13.0,none,0.0,none,0.0,none,0.0,none,0.0,1.5,1.3,3.8101117805390103,3.7708160206681,3.384546937745894,3.1262541564412163,2.5353866258531745,
466.0_p3conc_118.9_i21,Vudalimab,Bispecific,5.0,152.0,8.7,0.3,118.9206,25.0,Histidine,6.2,13.0,none,0.0,none,0.0,none,0.0,none,0.0,1.5,1.3,4.33211059119896,4.0504735377015635,3.8487407642367564,3.4566015897575064,2.8266166474425938,
466.0_p3conc_129.7_i22,Vudalimab,Bispecific,5.0,152.0,8.7,0.3,129.6839,25.0,Histidine,6.2,13.0,none,0.0,none,0.0,none,0.0,none,0.0,1.5,1.3,4.980160737060535,4.823823440181275,4.525323991766895,3.866887570248634,3.0092577112329915,
466.0_p3conc_141.4_i23,Vudalimab,Bispecific,5.0,152.0,8.7,0.3,141.4214,25.0,Histidine,6.2,13.0,none,0.0,none,0.0,none,0.0,none,0.0,1.5,1.3,5.857480202993706,5.857480202993706,5.32413148093791,4.523009387793935,3.4591667887538535,
466.0_p3conc_143.6_i24,Vudalimab,Bispecific,5.0,152.0,8.7,0.3,143.6204,25.0,Histidine,6.2,13.0,none,0.0,none,0.0,none,0.0,none,0.0,1.5,1.3,5.953237116997809,5.953237116997809,5.3224265767157535,4.72417464610643,3.4077789088451294,
466.0_p3conc_154.2_i25,Vudalimab,Bispecific,5.0,152.0,8.7,0.3,154.2212,25.0,Histidine,6.2,13.0,none,0.0,none,0.0,none,0.0,none,0.0,1.5,1.3,6.634857872214992,6.634857872214992,5.851775716470456,5.194400912449546,3.617358516349805,
466.0_p3conc_168.2_i26,Vudalimab,Bispecific,5.0,152.0,8.7,0.3,168.1791,25.0,Histidine,6.2,13.0,none,0.0,none,0.0,none,0.0,none,0.0,1.5,1.3,8.222369708013291,7.311033021729534,7.311033021729534,5.491379531878647,4.357579468463822,
466.0_p3conc_183.4_i27,Vudalimab,Bispecific,5.0,152.0,8.7,0.3,183.4007,25.0,Histidine,6.2,13.0,none,0.0,none,0.0,none,0.0,none,0.0,1.5,1.3,10.761271531251923,9.961906580893684,9.215906514198009,6.9263581582442395,5.3454624667522355,
465.0_p3conc_1.4_i0,Vudalimab,Bispecific,5.0,152.0,8.7,0.3,1.3834,25.0,Histidine,6.2,13.5,none,0.0,none,0.0,none,0.0,none,0.0,1.5,1.3,0.9560867509408323,0.9240929795701932,0.9240929795701932,0.91,0.91,
465.0_p3conc_1.9_i1,Vudalimab,Bispecific,5.0,152.0,8.7,0.3,1.9139,25.0,Histidine,6.2,13.5,none,0.0,none,0.0,none,0.0,none,0.0,1.5,1.3,0.9803558936064638,0.9796564247577992,0.91,0.91,0.91,
465.0_p3conc_2.1_i2,Vudalimab,Bispecific,5.0,152.0,8.7,0.3,2.0758,25.0,Histidine,6.2,13.5,none,0.0,none,0.0,none,0.0,none,0.0,1.5,1.3,0.9275426181390559,0.927130635318834,0.927130635318834,0.91,0.91,
465.0_p3conc_2.6_i3,Vudalimab,Bispecific,5.0,152.0,8.7,0.3,2.6477,25.0,Histidine,6.2,13.5,none,0.0,none,0.0,none,0.0,none,0.0,1.5,1.3,0.9942026264894269,0.9124819897912892,0.91,0.91,0.91,
465.0_p3conc_3.7_i4,Vudalimab,Bispecific,5.0,152.0,8.7,0.3,3.6628,25.0,Histidine,6.2,13.5,none,0.0,none,0.0,none,0.0,none,0.0,1.5,1.3,1.0286855192667497,0.9871949277336501,0.9871949277336501,0.9715644825458566,0.9620274013674618,
465.0_p3conc_4.3_i5,Vudalimab,Bispecific,5.0,152.0,8.7,0.3,4.3089,25.0,Histidine,6.2,13.5,none,0.0,none,0.0,none,0.0,none,0.0,1.5,1.3,0.9392782031975837,0.9392782031975837,0.91,0.91,0.91,
465.0_p3conc_5.1_i6,Vudalimab,Bispecific,5.0,152.0,8.7,0.3,5.0673,25.0,Histidine,6.2,13.5,none,0.0,none,0.0,none,0.0,none,0.0,1.5,1.3,0.989814645912616,0.989814645912616,0.91,0.91,0.91,
465.0_p3conc_7.0_i7,Vudalimab,Bispecific,5.0,152.0,8.7,0.3,7.0101,25.0,Histidine,6.2,13.5,none,0.0,none,0.0,none,0.0,none,0.0,1.5,1.3,1.0254174485475762,1.0254174485475762,0.9730642688808869,0.9730642688808869,0.91,
465.0_p3conc_8.9_i8,Vudalimab,Bispecific,5.0,152.0,8.7,0.3,8.9443,25.0,Histidine,6.2,13.5,none,0.0,none,0.0,none,0.0,none,0.0,1.5,1.3,0.9813565521911545,0.9813565521911545,0.9813565521911545,0.9440903100160075,0.9440903100160075,
465.0_p3conc_9.7_i9,Vudalimab,Bispecific,5.0,152.0,8.7,0.3,9.698,25.0,Histidine,6.2,13.5,none,0.0,none,0.0,none,0.0,none,0.0,1.5,1.3,1.0770511664881184,0.9714419434479795,0.9654606542465638,0.9654606542465638,0.9289814636760056,
465.0_p3conc_13.4_i10,Vudalimab,Bispecific,5.0,152.0,8.7,0.3,13.4164,25.0,Histidine,6.2,13.5,none,0.0,none,0.0,none,0.0,none,0.0,1.5,1.3,1.0864987157432704,1.008789604832881,1.008789604832881,1.008789604832881,0.9621865006092569,
465.0_p3conc_18.6_i11,Vudalimab,Bispecific,5.0,152.0,8.7,0.3,18.5606,25.0,Histidine,6.2,13.5,none,0.0,none,0.0,none,0.0,none,0.0,1.5,1.3,1.24462431556402,1.1865887262742545,1.1865887262742545,1.1124083981383819,0.9795977247274856,
465.0_p3conc_18.6_i12,Vudalimab,Bispecific,5.0,152.0,8.7,0.3,18.5664,25.0,Histidine,6.2,13.5,none,0.0,none,0.0,none,0.0,none,0.0,1.5,1.3,1.3294521457977935,1.1248696583870257,1.1248696583870257,1.0823959906533753,0.9305640026381921,
465.0_p3conc_25.7_i13,Vudalimab,Bispecific,5.0,152.0,8.7,0.3,25.677,25.0,Histidine,6.2,13.5,none,0.0,none,0.0,none,0.0,none,0.0,1.5,1.3,1.4316621867675767,1.1853194577374528,1.1853194577374528,1.1266420966378001,1.0943341426924869,
465.0_p3conc_35.5_i14,Vudalimab,Bispecific,5.0,152.0,8.7,0.3,35.5222,25.0,Histidine,6.2,13.5,none,0.0,none,0.0,none,0.0,none,0.0,1.5,1.3,1.765491025763372,1.5452083162121335,1.3837564146990842,1.315752864578306,1.0958264353688352,
465.0_p3conc_38.5_i15,Vudalimab,Bispecific,5.0,152.0,8.7,0.3,38.5397,25.0,Histidine,6.2,13.5,none,0.0,none,0.0,none,0.0,none,0.0,1.5,1.3,1.9252462613118577,1.630409637261925,1.4462162909970426,1.3153516305705784,1.0017633074866976,
465.0_p3conc_49.1_i16,Vudalimab,Bispecific,5.0,152.0,8.7,0.3,49.1421,25.0,Histidine,6.2,13.5,none,0.0,none,0.0,none,0.0,none,0.0,1.5,1.3,2.3432668675503114,1.9301886490992324,1.8147761575285783,1.5228428550724016,1.0917119668890314,
465.0_p3conc_68.0_i17,Vudalimab,Bispecific,5.0,152.0,8.7,0.3,67.9844,25.0,Histidine,6.2,13.5,none,0.0,none,0.0,none,0.0,none,0.0,1.5,1.3,3.0345536234816035,2.5358544387456337,1.9736023994870868,1.798335533172826,1.2187011357598363,
465.0_p3conc_88.5_i18,Vudalimab,Bispecific,5.0,152.0,8.7,0.3,88.5346,25.0,Histidine,6.2,13.5,none,0.0,none,0.0,none,0.0,none,0.0,1.5,1.3,4.847621510186013,3.267103743891632,2.806198932801847,2.024058936754364,1.3519822200365235,
465.0_p3conc_94.1_i19,Vudalimab,Bispecific,5.0,152.0,8.7,0.3,94.0509,25.0,Histidine,6.2,13.5,none,0.0,none,0.0,none,0.0,none,0.0,1.5,1.3,4.8774854408418475,3.6561924012581017,2.916753926844496,2.1692660221935167,1.3341665347509848,
465.0_p3conc_98.0_i20,Vudalimab,Bispecific,5.0,152.0,8.7,0.3,97.9797,25.0,Histidine,6.2,13.5,none,0.0,none,0.0,none,0.0,none,0.0,1.5,1.3,5.676166615254394,3.9544123695234217,3.1751350315355715,2.535672212634901,1.4887511108152174,
465.0_p3conc_108.4_i21,Vudalimab,Bispecific,5.0,152.0,8.7,0.3,108.4321,25.0,Histidine,6.2,13.5,none,0.0,none,0.0,none,0.0,none,0.0,1.5,1.3,7.086774150639608,4.513906991278306,3.7117339817241377,2.6224045262687987,1.5818024332047258,
465.0_p3conc_120.0_i22,Vudalimab,Bispecific,5.0,152.0,8.7,0.3,119.9999,25.0,Histidine,6.2,13.5,none,0.0,none,0.0,none,0.0,none,0.0,1.5,1.3,8.32060995228741,5.3837082167037,3.888885351636243,3.226399561586563,1.6967303408200325,
465.0_p3conc_130.1_i23,Vudalimab,Bispecific,5.0,152.0,8.7,0.3,130.1122,25.0,Histidine,6.2,13.5,none,0.0,none,0.0,none,0.0,none,0.0,1.5,1.3,10.675505027060133,5.910904036456575,4.8815314336230236,3.433948254158721,1.772426120067814,
465.0_p3conc_132.8_i24,Vudalimab,Bispecific,5.0,152.0,8.7,0.3,132.8018,25.0,Histidine,6.2,13.5,none,0.0,none,0.0,none,0.0,none,0.0,1.5,1.3,11.451349692090119,6.129321040966737,4.791639463450671,3.434587268873361,1.6029544932498896,
465.0_p3conc_147.0_i25,Vudalimab,Bispecific,5.0,152.0,8.7,0.3,146.9694,25.0,Histidine,6.2,13.5,none,0.0,none,0.0,none,0.0,none,0.0,1.5,1.3,14.648973761938631,7.478152146050326,5.712641513062041,4.576366665674524,1.677467053537123,
465.0_p3conc_162.6_i26,Vudalimab,Bispecific,5.0,152.0,8.7,0.3,162.6485,25.0,Histidine,6.2,13.5,none,0.0,none,0.0,none,0.0,none,0.0,1.5,1.3,20.23623587422136,9.878749896023301,7.408165544589595,4.877658617468952,1.8671756814764986,
481.0_p3conc_1.4_i0,Vudalimab,Bispecific,5.0,152.0,8.7,0.3,1.3677,25.0,Histidine,6.2,14.0,none,0.0,none,0.0,none,0.0,none,0.0,1.5,1.3,0.9346277091985199,0.9266978079365543,0.91,0.91,0.91,
481.0_p3conc_1.9_i1,Vudalimab,Bispecific,5.0,152.0,8.7,0.3,1.8707,25.0,Histidine,6.2,14.0,none,0.0,none,0.0,none,0.0,none,0.0,1.5,1.3,0.91,0.91,0.91,0.91,0.91,
481.0_p3conc_2.6_i2,Vudalimab,Bispecific,5.0,152.0,8.7,0.3,2.5587,25.0,Histidine,6.2,14.0,none,0.0,none,0.0,none,0.0,none,0.0,1.5,1.3,0.9102736935239758,0.9102736935239758,0.9102736935239758,0.9102736935239758,0.9102736935239758,
481.0_p3conc_2.7_i3,Vudalimab,Bispecific,5.0,152.0,8.7,0.3,2.6592,25.0,Histidine,6.2,14.0,none,0.0,none,0.0,none,0.0,none,0.0,1.5,1.3,0.91,0.91,0.91,0.91,0.91,
481.0_p3conc_3.5_i4,Vudalimab,Bispecific,5.0,152.0,8.7,0.3,3.4996,25.0,Histidine,6.2,14.0,none,0.0,none,0.0,none,0.0,none,0.0,1.5,1.3,0.91,0.91,0.91,0.91,0.91,
481.0_p3conc_4.8_i5,Vudalimab,Bispecific,5.0,152.0,8.7,0.3,4.7866,25.0,Histidine,6.2,14.0,none,0.0,none,0.0,none,0.0,none,0.0,1.5,1.3,0.9625517923955976,0.9113428534437584,0.9113428534437584,0.91,0.91,
481.0_p3conc_6.5_i6,Vudalimab,Bispecific,5.0,152.0,8.7,0.3,6.5469,25.0,Histidine,6.2,14.0,none,0.0,none,0.0,none,0.0,none,0.0,1.5,1.3,0.9793203787258808,0.9793203787258808,0.9258380817629237,0.9258380817629237,0.9192296707849681,
481.0_p3conc_7.1_i7,Vudalimab,Bispecific,5.0,152.0,8.7,0.3,7.0711,25.0,Histidine,6.2,14.0,none,0.0,none,0.0,none,0.0,none,0.0,1.5,1.3,0.9799223790841521,0.91,0.91,0.91,0.91,
481.0_p3conc_9.0_i8,Vudalimab,Bispecific,5.0,152.0,8.7,0.3,8.9545,25.0,Histidine,6.2,14.0,none,0.0,none,0.0,none,0.0,none,0.0,1.5,1.3,0.981896228124814,0.981896228124814,0.981896228124814,0.91,0.91,
481.0_p3conc_12.2_i9,Vudalimab,Bispecific,5.0,152.0,8.7,0.3,12.2475,25.0,Histidine,6.2,14.0,none,0.0,none,0.0,none,0.0,none,0.0,1.5,1.3,1.1829178164828063,1.0348152226659197,1.0348152226659197,1.0348152226659197,1.0342569447736898,
481.0_p3conc_16.8_i10,Vudalimab,Bispecific,5.0,152.0,8.7,0.3,16.7514,25.0,Histidine,6.2,14.0,none,0.0,none,0.0,none,0.0,none,0.0,1.5,1.3,1.1789477231407666,1.1789477231407666,1.0774564955482244,1.0774564955482244,1.0261128580197931,
481.0_p3conc_18.8_i11,Vudalimab,Bispecific,5.0,152.0,8.7,0.3,18.803,25.0,Histidine,6.2,14.0,none,0.0,none,0.0,none,0.0,none,0.0,1.5,1.3,1.1069074052664862,1.1069074052664862,1.0756758953475747,1.0756758953475747,1.0515580495268941,
481.0_p3conc_22.9_i12,Vudalimab,Bispecific,5.0,152.0,8.7,0.3,22.9117,25.0,Histidine,6.2,14.0,none,0.0,none,0.0,none,0.0,none,0.0,1.5,1.3,1.367475274172687,1.3362166314558352,1.195385559714641,1.1377381266834645,1.0508123761885784,
481.0_p3conc_31.3_i13,Vudalimab,Bispecific,5.0,152.0,8.7,0.3,31.3374,25.0,Histidine,6.2,14.0,none,0.0,none,0.0,none,0.0,none,0.0,1.5,1.3,1.3401502784581514,1.3401502784581514,1.3401502784581514,1.233834562173416,1.1592453804128482,
481.0_p3conc_42.9_i14,Vudalimab,Bispecific,5.0,152.0,8.7,0.3,42.8616,25.0,Histidine,6.2,14.0,none,0.0,none,0.0,none,0.0,none,0.0,1.5,1.3,1.8217911201353227,1.7764046182388984,1.6181684702715429,1.4761335358015903,1.37424165736774,
481.0_p3conc_57.4_i15,Vudalimab,Bispecific,5.0,152.0,8.7,0.3,57.3601,25.0,Histidine,6.2,14.0,none,0.0,none,0.0,none,0.0,none,0.0,1.5,1.3,2.331060042135694,2.12126745715591,1.834305166832865,1.6452049104092707,1.5358828447342132,
481.0_p3conc_58.6_i16,Vudalimab,Bispecific,5.0,152.0,8.7,0.3,58.6238,25.0,Histidine,6.2,14.0,none,0.0,none,0.0,none,0.0,none,0.0,1.5,1.3,2.350015808211102,2.3457074422239685,2.0453028987752044,1.6321776863615693,1.5768169106426544,
481.0_p3conc_65.8_i17,Vudalimab,Bispecific,5.0,152.0,8.7,0.3,65.8037,25.0,Histidine,6.2,14.0,none,0.0,none,0.0,none,0.0,none,0.0,1.5,1.3,2.522957293848372,2.522957293848372,2.054091829472728,1.7921884665056802,1.7372127123359133,
481.0_p3conc_75.5_i18,Vudalimab,Bispecific,5.0,152.0,8.7,0.3,75.4901,25.0,Histidine,6.2,14.0,none,0.0,none,0.0,none,0.0,none,0.0,1.5,1.3,2.892337978387346,2.892337978387346,2.229068504253477,2.02590028566156,1.7662014761656792,
481.0_p3conc_80.2_i19,Vudalimab,Bispecific,5.0,152.0,8.7,0.3,80.1826,25.0,Histidine,6.2,14.0,none,0.0,none,0.0,none,0.0,none,0.0,1.5,1.3,3.4466754037847758,3.1510217927271738,2.2146590146804677,2.069904659983564,1.8189654797999655,
481.0_p3conc_86.6_i20,Vudalimab,Bispecific,5.0,152.0,8.7,0.3,86.6026,25.0,Histidine,6.2,14.0,none,0.0,none,0.0,none,0.0,none,0.0,1.5,1.3,3.6927504949678354,3.5970348440669966,2.480192343761076,2.171335766814355,1.934003291705503,
481.0_p3conc_99.4_i21,Vudalimab,Bispecific,5.0,152.0,8.7,0.3,99.3507,25.0,Histidine,6.2,14.0,none,0.0,none,0.0,none,0.0,none,0.0,1.5,1.3,4.358796909504263,4.358796909504263,2.8778871057138735,2.581237019862338,2.1798876200547186,
481.0_p3conc_109.7_i22,Vudalimab,Bispecific,5.0,152.0,8.7,0.3,109.6695,25.0,Histidine,6.2,14.0,none,0.0,none,0.0,none,0.0,none,0.0,1.5,1.3,5.7892182430098105,5.2565277755246855,3.231751530832877,3.117569430965382,2.411150774790096,
481.0_p3conc_114.0_i23,Vudalimab,Bispecific,5.0,152.0,8.7,0.3,113.9754,25.0,Histidine,6.2,14.0,none,0.0,none,0.0,none,0.0,none,0.0,1.5,1.3,5.852478019762381,5.746181706797601,3.59054757666789,2.9524943532347305,2.3353419681298075,
481.0_p3conc_130.8_i24,Vudalimab,Bispecific,5.0,152.0,8.7,0.3,130.7528,25.0,Histidine,6.2,14.0,none,0.0,none,0.0,none,0.0,none,0.0,1.5,1.3,7.447034716064911,6.8886730280194515,4.2256102583856485,3.305830894063964,2.894671479362602,
464.0_p3conc_1.4_i0,Vudalimab,Bispecific,5.0,152.0,8.7,0.3,1.4121,25.0,Histidine,6.3,12.0,none,0.0,none,0.0,none,0.0,none,0.0,1.5,1.3,0.9241259054928438,0.9241259054928438,0.9240634750912082,0.91,0.91,
464.0_p3conc_1.6_i1,Vudalimab,Bispecific,5.0,152.0,8.7,0.3,1.5721,25.0,Histidine,6.3,12.0,none,0.0,none,0.0,none,0.0,none,0.0,1.5,1.3,0.9494306355874521,0.9494306355874521,0.91,0.91,0.91,
464.0_p3conc_2.0_i2,Vudalimab,Bispecific,5.0,152.0,8.7,0.3,1.9941,25.0,Histidine,6.3,12.0,none,0.0,none,0.0,none,0.0,none,0.0,1.5,1.3,0.9549652355554811,0.9549652355554811,0.91,0.91,0.91,
464.0_p3conc_2.5_i3,Vudalimab,Bispecific,5.0,152.0,8.7,0.3,2.4716,25.0,Histidine,6.3,12.0,none,0.0,none,0.0,none,0.0,none,0.0,1.5,1.3,0.9277685117137878,0.9277685117137878,0.9277685117137878,0.91,0.91,
464.0_p3conc_2.8_i4,Vudalimab,Bispecific,5.0,152.0,8.7,0.3,2.8159,25.0,Histidine,6.3,12.0,none,0.0,none,0.0,none,0.0,none,0.0,1.5,1.3,0.911751527204545,0.911751527204545,0.911751527204545,0.911751527204545,0.91,
464.0_p3conc_3.9_i5,Vudalimab,Bispecific,5.0,152.0,8.7,0.3,3.8857,25.0,Histidine,6.3,12.0,none,0.0,none,0.0,none,0.0,none,0.0,1.5,1.3,0.91,0.91,0.91,0.91,0.91,
464.0_p3conc_4.0_i6,Vudalimab,Bispecific,5.0,152.0,8.7,0.3,3.9764,25.0,Histidine,6.3,12.0,none,0.0,none,0.0,none,0.0,none,0.0,1.5,1.3,0.91,0.91,0.91,0.91,0.91,
464.0_p3conc_5.6_i7,Vudalimab,Bispecific,5.0,152.0,8.7,0.3,5.6151,25.0,Histidine,6.3,12.0,none,0.0,none,0.0,none,0.0,none,0.0,1.5,1.3,0.911882903976992,0.911882903976992,0.911882903976992,0.911882903976992,0.911882903976992,
464.0_p3conc_6.1_i8,Vudalimab,Bispecific,5.0,152.0,8.7,0.3,6.1087,25.0,Histidine,6.3,12.0,none,0.0,none,0.0,none,0.0,none,0.0,1.5,1.3,0.9503433928808245,0.91,0.91,0.91,0.91,
464.0_p3conc_7.9_i9,Vudalimab,Bispecific,5.0,152.0,8.7,0.3,7.9292,25.0,Histidine,6.3,12.0,none,0.0,none,0.0,none,0.0,none,0.0,1.5,1.3,0.91,0.91,0.91,0.91,0.91,
464.0_p3conc_9.6_i10,Vudalimab,Bispecific,5.0,152.0,8.7,0.3,9.6037,25.0,Histidine,6.3,12.0,none,0.0,none,0.0,none,0.0,none,0.0,1.5,1.3,0.9636269659246345,0.942057964336753,0.942057964336753,0.942057964336753,0.942057964336753,
464.0_p3conc_11.2_i11,Vudalimab,Bispecific,5.0,152.0,8.7,0.3,11.1969,25.0,Histidine,6.3,12.0,none,0.0,none,0.0,none,0.0,none,0.0,1.5,1.3,0.9222405829749409,0.9222405829749409,0.91,0.91,0.91,
464.0_p3conc_15.1_i12,Vudalimab,Bispecific,5.0,152.0,8.7,0.3,15.0983,25.0,Histidine,6.3,12.0,none,0.0,none,0.0,none,0.0,none,0.0,1.5,1.3,0.9191534595918501,0.9191534595918501,0.9191534595918501,0.9191534595918501,0.9191534595918501,
464.0_p3conc_15.8_i13,Vudalimab,Bispecific,5.0,152.0,8.7,0.3,15.8114,25.0,Histidine,6.3,12.0,none,0.0,none,0.0,none,0.0,none,0.0,1.5,1.3,0.9962467823962843,0.9246785294254759,0.9246785294254759,0.9246785294254759,0.9246785294254759,
464.0_p3conc_22.3_i14,Vudalimab,Bispecific,5.0,152.0,8.7,0.3,22.3275,25.0,Histidine,6.3,12.0,none,0.0,none,0.0,none,0.0,none,0.0,1.5,1.3,0.9653721322685334,0.9653721322685334,0.9653721322685334,0.9653721322685334,0.9653721322685334,
464.0_p3conc_23.7_i15,Vudalimab,Bispecific,5.0,152.0,8.7,0.3,23.7365,25.0,Histidine,6.3,12.0,none,0.0,none,0.0,none,0.0,none,0.0,1.5,1.3,0.938416586902383,0.91,0.91,0.91,0.91,
464.0_p3conc_31.5_i16,Vudalimab,Bispecific,5.0,152.0,8.7,0.3,31.5292,25.0,Histidine,6.3,12.0,none,0.0,none,0.0,none,0.0,none,0.0,1.5,1.3,0.9563914209448326,0.9563914209448326,0.9563914209448326,0.9563914209448326,0.9563914209448326,
464.0_p3conc_37.3_i17,Vudalimab,Bispecific,5.0,152.0,8.7,0.3,37.3168,25.0,Histidine,6.3,12.0,none,0.0,none,0.0,none,0.0,none,0.0,1.5,1.3,0.9574538212224976,0.9574538212224976,0.9574538212224976,0.9574538212224976,0.9574538212224976,
464.0_p3conc_44.5_i18,Vudalimab,Bispecific,5.0,152.0,8.7,0.3,44.523,25.0,Histidine,6.3,12.0,none,0.0,none,0.0,none,0.0,none,0.0,1.5,1.3,1.0476933365340606,1.0476933365340606,1.0476933365340606,1.0476933365340606,1.0476933365340606,
464.0_p3conc_58.7_i19,Vudalimab,Bispecific,5.0,152.0,8.7,0.3,58.6667,25.0,Histidine,6.3,12.0,none,0.0,none,0.0,none,0.0,none,0.0,1.5,1.3,1.2097125621380809,1.2097125621380809,1.2097125621380809,1.2097125621380809,1.2097125621380809,
464.0_p3conc_62.9_i20,Vudalimab,Bispecific,5.0,152.0,8.7,0.3,62.8717,25.0,Histidine,6.3,12.0,none,0.0,none,0.0,none,0.0,none,0.0,1.5,1.3,1.2247768196826623,1.2247768196826623,1.2247768196826623,1.2247768196826623,1.2247768196826623,
464.0_p3conc_88.8_i21,Vudalimab,Bispecific,5.0,152.0,8.7,0.3,88.7822,25.0,Histidine,6.3,12.0,none,0.0,none,0.0,none,0.0,none,0.0,1.5,1.3,1.6763643851392223,1.6763643851392223,1.6763643851392223,1.6763643851392223,1.6763643851392223,
464.0_p3conc_92.2_i22,Vudalimab,Bispecific,5.0,152.0,8.7,0.3,92.2317,25.0,Histidine,6.3,12.0,none,0.0,none,0.0,none,0.0,none,0.0,1.5,1.3,1.8316838943061013,1.822554497111602,1.822554497111602,1.822554497111602,1.822554497111602,
464.0_p3conc_125.4_i23,Vudalimab,Bispecific,5.0,152.0,8.7,0.3,125.3713,25.0,Histidine,6.3,12.0,none,0.0,none,0.0,none,0.0,none,0.0,1.5,1.3,3.32813454215458,2.8938440792143147,2.8938440792143147,2.8938440792143147,2.8938440792143147,
480.0_p3conc_159.9_i24,Vudalimab,Bispecific,5.0,152.0,8.7,0.3,159.8903,25.0,Histidine,6.3,12.0,none,0.0,none,0.0,none,0.0,none,0.0,1.5,1.3,7.189372683209521,5.625318753478901,5.220081108674043,3.7641600795928483,3.7616341265052196,
480.0_p3conc_170.4_i25,Vudalimab,Bispecific,5.0,152.0,8.7,0.3,170.4327,25.0,Histidine,6.3,12.0,none,0.0,none,0.0,none,0.0,none,0.0,1.5,1.3,9.597953578357739,7.333286489409751,6.331306044347431,3.8637115632810737,3.753740036016786,
480.0_p3conc_177.0_i26,Vudalimab,Bispecific,5.0,152.0,8.7,0.3,177.039,25.0,Histidine,6.3,12.0,none,0.0,none,0.0,none,0.0,none,0.0,1.5,1.3,11.37375892090928,7.350490441902762,6.479222588200475,4.239918959094537,3.852322520803787,
480.0_p3conc_181.7_i27,Vudalimab,Bispecific,5.0,152.0,8.7,0.3,181.6707,25.0,Histidine,6.3,12.0,none,0.0,none,0.0,none,0.0,none,0.0,1.5,1.3,11.752717688112359,9.122186934344292,7.378709601049098,4.219049184712674,3.59344744513526,
480.0_p3conc_193.6_i28,Vudalimab,Bispecific,5.0,152.0,8.7,0.3,193.6493,25.0,Histidine,6.3,12.0,none,0.0,none,0.0,none,0.0,none,0.0,1.5,1.3,18.42708542419596,11.740300101224065,8.752502092759814,4.073328727792235,3.5911313600140287,
480.0_p3conc_206.4_i29,Vudalimab,Bispecific,5.0,152.0,8.7,0.3,206.4177,25.0,Histidine,6.3,12.0,none,0.0,none,0.0,none,0.0,none,0.0,1.5,1.3,27.990718984570197,14.66094610300046,10.453967025162765,3.9380197596270747,3.7216637822070116,
480.0_p3conc_220.0_i30,Vudalimab,Bispecific,5.0,152.0,8.7,0.3,220.028,25.0,Histidine,6.3,12.0,none,0.0,none,0.0,none,0.0,none,0.0,1.5,1.3,39.913532459728685,18.41826876772409,14.759681694434317,4.128268303491099,3.7803398426308017,
480.0_p3conc_234.5_i31,Vudalimab,Bispecific,5.0,152.0,8.7,0.3,234.5357,25.0,Histidine,6.3,12.0,none,0.0,none,0.0,none,0.0,none,0.0,1.5,1.3,58.55010323184157,26.539009782597738,16.974021560970588,4.265307325779666,3.6986492843063843,
463.0_p3conc_1.4_i0,Vudalimab,Bispecific,5.0,152.0,8.7,0.3,1.3804,25.0,Histidine,6.5,10.0,none,0.0,none,0.0,none,0.0,none,0.0,1.5,1.3,0.9467924959411576,0.91,0.91,0.91,0.91,
463.0_p3conc_1.4_i1,Vudalimab,Bispecific,5.0,152.0,8.7,0.3,1.4395,25.0,Histidine,6.5,10.0,none,0.0,none,0.0,none,0.0,none,0.0,1.5,1.3,0.91,0.91,0.91,0.91,0.91,
463.0_p3conc_1.9_i2,Vudalimab,Bispecific,5.0,152.0,8.7,0.3,1.9056,25.0,Histidine,6.5,10.0,none,0.0,none,0.0,none,0.0,none,0.0,1.5,1.3,0.91,0.91,0.91,0.91,0.91,
463.0_p3conc_2.1_i3,Vudalimab,Bispecific,5.0,152.0,8.7,0.3,2.0722,25.0,Histidine,6.5,10.0,none,0.0,none,0.0,none,0.0,none,0.0,1.5,1.3,0.9391575334455652,0.9188367061918388,0.9124249059186988,0.9124249059186988,0.91,
463.0_p3conc_2.6_i4,Vudalimab,Bispecific,5.0,152.0,8.7,0.3,2.6305,25.0,Histidine,6.5,10.0,none,0.0,none,0.0,none,0.0,none,0.0,1.5,1.3,0.9523517112468037,0.91,0.91,0.91,0.91,
463.0_p3conc_3.0_i5,Vudalimab,Bispecific,5.0,152.0,8.7,0.3,2.983,25.0,Histidine,6.5,10.0,none,0.0,none,0.0,none,0.0,none,0.0,1.5,1.3,0.9271698125256729,0.9271698125256729,0.9271698125256729,0.9271698125256729,0.9271698125256729,
463.0_p3conc_3.6_i6,Vudalimab,Bispecific,5.0,152.0,8.7,0.3,3.6312,25.0,Histidine,6.5,10.0,none,0.0,none,0.0,none,0.0,none,0.0,1.5,1.3,0.920981780317216,0.920981780317216,0.920981780317216,0.91,0.91,
463.0_p3conc_4.3_i7,Vudalimab,Bispecific,5.0,152.0,8.7,0.3,4.2941,25.0,Histidine,6.5,10.0,none,0.0,none,0.0,none,0.0,none,0.0,1.5,1.3,0.9319739313425578,0.91,0.91,0.91,0.91,
463.0_p3conc_5.0_i8,Vudalimab,Bispecific,5.0,152.0,8.7,0.3,5.0126,25.0,Histidine,6.5,10.0,none,0.0,none,0.0,none,0.0,none,0.0,1.5,1.3,0.9710355832500691,0.9353353896722603,0.9353353896722603,0.9353353896722603,0.9353353896722603,
463.0_p3conc_6.2_i9,Vudalimab,Bispecific,5.0,152.0,8.7,0.3,6.1814,25.0,Histidine,6.5,10.0,none,0.0,none,0.0,none,0.0,none,0.0,1.5,1.3,0.9630587977514288,0.9496270094514745,0.9232138987427636,0.9232138987427636,0.91,
463.0_p3conc_6.9_i10,Vudalimab,Bispecific,5.0,152.0,8.7,0.3,6.9195,25.0,Histidine,6.5,10.0,none,0.0,none,0.0,none,0.0,none,0.0,1.5,1.3,1.0085563997842588,0.9902163705067752,0.986836312265833,0.9614379576276717,0.9614379576276717,
463.0_p3conc_8.9_i11,Vudalimab,Bispecific,5.0,152.0,8.7,0.3,8.8983,25.0,Histidine,6.5,10.0,none,0.0,none,0.0,none,0.0,none,0.0,1.5,1.3,1.0359967423437562,0.9553582348625349,0.9519554207833415,0.932442013208728,0.932442013208728,
463.0_p3conc_9.6_i12,Vudalimab,Bispecific,5.0,152.0,8.7,0.3,9.5518,25.0,Histidine,6.5,10.0,none,0.0,none,0.0,none,0.0,none,0.0,1.5,1.3,0.957485948733424,0.957485948733424,0.957485948733424,0.9374887722188655,0.9374887722188655,
463.0_p3conc_12.8_i13,Vudalimab,Bispecific,5.0,152.0,8.7,0.3,12.8092,25.0,Histidine,6.5,10.0,none,0.0,none,0.0,none,0.0,none,0.0,1.5,1.3,1.041121054998885,1.041121054998885,1.041121054998885,0.9278034421060302,0.9278034421060302,
463.0_p3conc_13.2_i14,Vudalimab,Bispecific,5.0,152.0,8.7,0.3,13.1856,25.0,Histidine,6.5,10.0,none,0.0,none,0.0,none,0.0,none,0.0,1.5,1.3,1.0320510916097614,0.9601781845415085,0.9601781845415085,0.9601781845415085,0.9601781845415085,
463.0_p3conc_18.2_i15,Vudalimab,Bispecific,5.0,152.0,8.7,0.3,18.2017,25.0,Histidine,6.5,10.0,none,0.0,none,0.0,none,0.0,none,0.0,1.5,1.3,1.0299577956979966,1.0299577956979966,1.0299577956979966,1.0299577956979966,0.9721469072108829,
463.0_p3conc_18.4_i16,Vudalimab,Bispecific,5.0,152.0,8.7,0.3,18.4391,25.0,Histidine,6.5,10.0,none,0.0,none,0.0,none,0.0,none,0.0,1.5,1.3,1.1222626501670694,1.0695667055206,0.9783849847112664,0.9783849847112664,0.9783849847112664,
463.0_p3conc_25.1_i17,Vudalimab,Bispecific,5.0,152.0,8.7,0.3,25.126,25.0,Histidine,6.5,10.0,none,0.0,none,0.0,none,0.0,none,0.0,1.5,1.3,1.308202866885808,1.1694984079233524,1.1694984079233524,1.1015033162390648,1.0674500257118278,
463.0_p3conc_26.5_i18,Vudalimab,Bispecific,5.0,152.0,8.7,0.3,26.5434,25.0,Histidine,6.5,10.0,none,0.0,none,0.0,none,0.0,none,0.0,1.5,1.3,1.278177214102376,1.2585826468972794,1.2203344385047812,1.0686356092270677,1.0686356092270677,
463.0_p3conc_34.7_i19,Vudalimab,Bispecific,5.0,152.0,8.7,0.3,34.6846,25.0,Histidine,6.5,10.0,none,0.0,none,0.0,none,0.0,none,0.0,1.5,1.3,1.3501894754883381,1.2465855664777137,1.2465855664777137,1.2462604186975192,1.197510156923878,
463.0_p3conc_38.2_i20,Vudalimab,Bispecific,5.0,152.0,8.7,0.3,38.2097,25.0,Histidine,6.5,10.0,none,0.0,none,0.0,none,0.0,none,0.0,1.5,1.3,1.4993841883451704,1.2858017146483085,1.2008679282514552,1.2008679282514552,1.2008679282514552,
463.0_p3conc_47.9_i21,Vudalimab,Bispecific,5.0,152.0,8.7,0.3,47.8794,25.0,Histidine,6.5,10.0,none,0.0,none,0.0,none,0.0,none,0.0,1.5,1.3,1.514440954880381,1.4798817844756749,1.4423898410713523,1.3492520804132697,1.250871049865453,
463.0_p3conc_55.0_i22,Vudalimab,Bispecific,5.0,152.0,8.7,0.3,55.0037,25.0,Histidine,6.5,10.0,none,0.0,none,0.0,none,0.0,none,0.0,1.5,1.3,1.6083872169494726,1.3831308868725298,1.3831308868725298,1.3831308868725298,1.3803824650802852,
463.0_p3conc_66.1_i23,Vudalimab,Bispecific,5.0,152.0,8.7,0.3,66.094,25.0,Histidine,6.5,10.0,none,0.0,none,0.0,none,0.0,none,0.0,1.5,1.3,1.8940239791130948,1.6704235876671707,1.583674305077838,1.583674305077838,1.5061652634836873,
463.0_p3conc_79.2_i24,Vudalimab,Bispecific,5.0,152.0,8.7,0.3,79.1788,25.0,Histidine,6.5,10.0,none,0.0,none,0.0,none,0.0,none,0.0,1.5,1.3,2.318050768050608,1.9972905683538782,1.7374975584915016,1.7016820975851603,1.6911367162788546,
463.0_p3conc_91.2_i25,Vudalimab,Bispecific,5.0,152.0,8.7,0.3,91.2376,25.0,Histidine,6.5,10.0,none,0.0,none,0.0,none,0.0,none,0.0,1.5,1.3,2.6647056391832233,2.034032886289797,2.034032886289797,1.9417292064678904,1.6199277296785684,
463.0_p3conc_114.0_i26,Vudalimab,Bispecific,5.0,152.0,8.7,0.3,113.9796,25.0,Histidine,6.5,10.0,none,0.0,none,0.0,none,0.0,none,0.0,1.5,1.3,2.9441989728178988,2.7344517137124917,2.46519739180406,2.2200999913636945,1.9257823720930674,
463.0_p3conc_125.9_i27,Vudalimab,Bispecific,5.0,152.0,8.7,0.3,125.9465,25.0,Histidine,6.5,10.0,none,0.0,none,0.0,none,0.0,none,0.0,1.5,1.3,3.72718860561353,3.055728966824868,2.738038318045404,2.5138082300883986,1.9578883827291034,
463.0_p3conc_164.1_i28,Vudalimab,Bispecific,5.0,152.0,8.7,0.3,164.0756,25.0,Histidine,6.5,10.0,none,0.0,none,0.0,none,0.0,none,0.0,1.5,1.3,5.860778186161672,3.879401933497397,3.879401933497397,3.623513183240632,2.618289579149449,
463.0_p3conc_173.9_i29,Vudalimab,Bispecific,5.0,152.0,8.7,0.3,173.8597,25.0,Histidine,6.5,10.0,none,0.0,none,0.0,none,0.0,none,0.0,1.5,1.3,6.6714855273332505,5.131142048883421,3.7948287919744286,3.737830411230577,2.573342096655955,
463.0_p3conc_261.8_i30,Vudalimab,Bispecific,5.0,152.0,8.7,0.3,261.8352,25.0,Histidine,6.5,10.0,none,0.0,none,0.0,none,0.0,none,0.0,1.5,1.3,17.400593933232592,11.415501372102096,8.810294636850472,8.471490239089329,5.404682084183223,
463.0_p3conc_273.5_i31,Vudalimab,Bispecific,5.0,152.0,8.7,0.3,273.4872,25.0,Histidine,6.5,10.0,none,0.0,none,0.0,none,0.0,none,0.0,1.5,1.3,19.200008365475504,13.677993813174872,10.11559069070681,8.06200969060657,5.192411593727173,
463.0_p3conc_285.7_i32,Vudalimab,Bispecific,5.0,152.0,8.7,0.3,285.6571,25.0,Histidine,6.5,10.0,none,0.0,none,0.0,none,0.0,none,0.0,1.5,1.3,24.900361424786016,14.608965220266386,12.659308360652105,9.559998940295602,6.4367534820868375,
463.0_p3conc_298.4_i33,Vudalimab,Bispecific,5.0,152.0,8.7,0.3,298.3692,25.0,Histidine,6.5,10.0,none,0.0,none,0.0,none,0.0,none,0.0,1.5,1.3,26.56549951086474,16.479055992786034,13.862614652277818,10.176797676470422,6.818499150652496,
463.0_p3conc_311.6_i34,Vudalimab,Bispecific,5.0,152.0,8.7,0.3,311.6463,25.0,Histidine,6.5,10.0,none,0.0,none,0.0,none,0.0,none,0.0,1.5,1.3,31.1588241344279,18.605697310222762,14.549632098812769,10.970939093647159,7.859075786976317,
463.0_p3conc_325.5_i35,Vudalimab,Bispecific,5.0,152.0,8.7,0.3,325.5142,25.0,Histidine,6.5,10.0,none,0.0,none,0.0,none,0.0,none,0.0,1.5,1.3,35.50014022224311,21.753988734372356,16.81222115560717,12.222178306923654,7.900883196978802,
320.0_p3conc_1.4_i0,poly-hIgG,Polyclonal,3.0,150.0,7.6,1.0,1.4206,25.0,Acetate,5.0,20.0,none,0.0,none,0.0,none,0.0,none,0.0,0.9,0.9,0.91,0.91,0.91,0.91,0.91,
320.0_p3conc_2.0_i1,poly-hIgG,Polyclonal,3.0,150.0,7.6,1.0,2.018,25.0,Acetate,5.0,20.0,none,0.0,none,0.0,none,0.0,none,0.0,0.9,0.9,0.9299390982089658,0.91,0.91,0.91,0.91,
320.0_p3conc_2.1_i2,poly-hIgG,Polyclonal,3.0,150.0,7.6,1.0,2.0536,25.0,Acetate,5.0,20.0,none,0.0,none,0.0,none,0.0,none,0.0,0.9,0.9,0.91,0.91,0.91,0.91,0.91,
320.0_p3conc_2.9_i3,poly-hIgG,Polyclonal,3.0,150.0,7.6,1.0,2.8667,25.0,Acetate,5.0,20.0,none,0.0,none,0.0,none,0.0,none,0.0,0.9,0.9,0.9255976018518555,0.9255976018518555,0.9176028383589232,0.91,0.91,
320.0_p3conc_4.1_i4,poly-hIgG,Polyclonal,3.0,150.0,7.6,1.0,4.0722,25.0,Acetate,5.0,20.0,none,0.0,none,0.0,none,0.0,none,0.0,0.9,0.9,0.9187249728500334,0.9187249728500334,0.9187249728500334,0.91,0.91,
320.0_p3conc_4.2_i5,poly-hIgG,Polyclonal,3.0,150.0,7.6,1.0,4.2172,25.0,Acetate,5.0,20.0,none,0.0,none,0.0,none,0.0,none,0.0,0.9,0.9,0.91,0.91,0.91,0.91,0.91,
320.0_p3conc_5.8_i6,poly-hIgG,Polyclonal,3.0,150.0,7.6,1.0,5.7848,25.0,Acetate,5.0,20.0,none,0.0,none,0.0,none,0.0,none,0.0,0.9,0.9,0.91,0.91,0.91,0.91,0.91,
320.0_p3conc_8.2_i7,poly-hIgG,Polyclonal,3.0,150.0,7.6,1.0,8.2177,25.0,Acetate,5.0,20.0,none,0.0,none,0.0,none,0.0,none,0.0,0.9,0.9,0.9203350131681532,0.9203350131681532,0.91,0.91,0.91,
320.0_p3conc_8.7_i8,poly-hIgG,Polyclonal,3.0,150.0,7.6,1.0,8.6603,25.0,Acetate,5.0,20.0,none,0.0,none,0.0,none,0.0,none,0.0,0.9,0.9,0.9126914498250885,0.91,0.91,0.91,0.91,
320.0_p3conc_11.7_i9,poly-hIgG,Polyclonal,3.0,150.0,7.6,1.0,11.6737,25.0,Acetate,5.0,20.0,none,0.0,none,0.0,none,0.0,none,0.0,0.9,0.9,1.0396459035169234,0.931250058309565,0.9163409863998401,0.91,0.91,
320.0_p3conc_16.6_i10,poly-hIgG,Polyclonal,3.0,150.0,7.6,1.0,16.5831,25.0,Acetate,5.0,20.0,none,0.0,none,0.0,none,0.0,none,0.0,0.9,0.9,0.993071469609729,0.9472842399442166,0.9472842399442166,0.9472842399442166,0.9387706400369166,
320.0_p3conc_17.8_i11,poly-hIgG,Polyclonal,3.0,150.0,7.6,1.0,17.7845,25.0,Acetate,5.0,20.0,none,0.0,none,0.0,none,0.0,none,0.0,0.9,0.9,0.9380032835763091,0.9380032835763091,0.91,0.91,0.91,
320.0_p3conc_23.6_i12,poly-hIgG,Polyclonal,3.0,150.0,7.6,1.0,23.5573,25.0,Acetate,5.0,20.0,none,0.0,none,0.0,none,0.0,none,0.0,0.9,0.9,1.0208947430906143,1.0208947430906143,1.0208947430906143,0.9852794090555075,0.9608177081476409,
320.0_p3conc_33.5_i13,poly-hIgG,Polyclonal,3.0,150.0,7.6,1.0,33.4644,25.0,Acetate,5.0,20.0,none,0.0,none,0.0,none,0.0,none,0.0,0.9,0.9,1.0165862308063536,1.0165862308063536,1.0165862308063536,1.0150229357507148,1.0150229357507148,
320.0_p3conc_36.5_i14,poly-hIgG,Polyclonal,3.0,150.0,7.6,1.0,36.5217,25.0,Acetate,5.0,20.0,none,0.0,none,0.0,none,0.0,none,0.0,0.9,0.9,1.0772813763558173,1.0772813763558173,1.0772813763558173,1.0772813763558173,1.0569401615217133,
320.0_p3conc_47.5_i15,poly-hIgG,Polyclonal,3.0,150.0,7.6,1.0,47.538,25.0,Acetate,5.0,20.0,none,0.0,none,0.0,none,0.0,none,0.0,0.9,0.9,1.2584134093441393,1.1061717451501283,1.1061717451501283,1.1061717451501283,1.051812671363719,
320.0_p3conc_67.5_i16,poly-hIgG,Polyclonal,3.0,150.0,7.6,1.0,67.5305,25.0,Acetate,5.0,20.0,none,0.0,none,0.0,none,0.0,none,0.0,0.9,0.9,1.4958583206905298,1.4201718162283423,1.355486273315712,1.3277949782161953,1.1879007156810562,
320.0_p3conc_83.4_i17,poly-hIgG,Polyclonal,3.0,150.0,7.6,1.0,83.3793,25.0,Acetate,5.0,20.0,none,0.0,none,0.0,none,0.0,none,0.0,0.9,0.9,1.732219612562992,1.6846965414605588,1.6846965414605588,1.5972572982001583,1.314801255515535,
320.0_p3conc_92.7_i18,poly-hIgG,Polyclonal,3.0,150.0,7.6,1.0,92.6947,25.0,Acetate,5.0,20.0,none,0.0,none,0.0,none,0.0,none,0.0,0.9,0.9,2.039444325441746,2.039444325441746,2.039444325441746,1.8748680283558075,1.496425034748144,
320.0_p3conc_95.9_i19,poly-hIgG,Polyclonal,3.0,150.0,7.6,1.0,95.9308,25.0,Acetate,5.0,20.0,none,0.0,none,0.0,none,0.0,none,0.0,0.9,0.9,2.0240381741586275,2.0240381741586275,2.0240381741586275,1.8114003248604051,1.5838973862797785,
320.0_p3conc_103.1_i20,poly-hIgG,Polyclonal,3.0,150.0,7.6,1.0,103.0512,25.0,Acetate,5.0,20.0,none,0.0,none,0.0,none,0.0,none,0.0,0.9,0.9,2.1747518050017836,2.1747518050017836,2.1747518050017836,2.0157557416031944,1.6323240802874122,
320.0_p3conc_114.6_i21,poly-hIgG,Polyclonal,3.0,150.0,7.6,1.0,114.5645,25.0,Acetate,5.0,20.0,none,0.0,none,0.0,none,0.0,none,0.0,0.9,0.9,2.792154226743626,2.7038531178127094,2.7038531178127094,2.3177279158655137,1.9191039660522136,
321.0_p3conc_127.4_i22,poly-hIgG,Polyclonal,3.0,150.0,7.6,1.0,127.3641,25.0,Acetate,5.0,20.0,none,0.0,none,0.0,none,0.0,none,0.0,0.9,0.9,3.631501221957716,3.4106786186360836,3.376454908394779,2.8903530435663036,2.3982445022708974,
321.0_p3conc_136.3_i23,poly-hIgG,Polyclonal,3.0,150.0,7.6,1.0,136.2749,25.0,Acetate,5.0,20.0,none,0.0,none,0.0,none,0.0,none,0.0,0.9,0.9,4.044472600447772,4.044472600447772,3.7411697155634878,3.3343248851302643,2.7629603680595625,
321.0_p3conc_141.6_i24,poly-hIgG,Polyclonal,3.0,150.0,7.6,1.0,141.5937,25.0,Acetate,5.0,20.0,none,0.0,none,0.0,none,0.0,none,0.0,0.9,0.9,4.888252033628969,4.798483045613183,4.24920716842934,4.100202217330864,2.686512241215776,
321.0_p3conc_157.4_i25,poly-hIgG,Polyclonal,3.0,150.0,7.6,1.0,157.4131,25.0,Acetate,5.0,20.0,none,0.0,none,0.0,none,0.0,none,0.0,0.9,0.9,7.045288224375166,6.5249284463565305,5.847331595104644,5.631890192770507,3.7814270750505323,
321.0_p3conc_185.2_i26,poly-hIgG,Polyclonal,3.0,150.0,7.6,1.0,185.1719,25.0,Acetate,5.0,20.0,none,0.0,none,0.0,none,0.0,none,0.0,0.9,0.9,12.932173772816782,11.98749918654215,10.291660766159819,9.62623393513525,5.523032821130679,
321.0_p3conc_193.6_i27,poly-hIgG,Polyclonal,3.0,150.0,7.6,1.0,193.586,25.0,Acetate,5.0,20.0,none,0.0,none,0.0,none,0.0,none,0.0,0.9,0.9,15.687027972497072,13.185071125289175,11.702116830383911,10.770057155955142,5.650353914880303,
321.0_p3conc_195.9_i28,poly-hIgG,Polyclonal,3.0,150.0,7.6,1.0,195.935,25.0,Acetate,5.0,20.0,none,0.0,none,0.0,none,0.0,none,0.0,0.9,0.9,14.430858487335303,14.430858487335303,12.643599517650303,12.336905525271291,7.1410076202518065,
321.0_p3conc_207.3_i29,poly-hIgG,Polyclonal,3.0,150.0,7.6,1.0,207.3237,25.0,Acetate,5.0,20.0,none,0.0,none,0.0,none,0.0,none,0.0,0.9,0.9,19.42933522814688,19.322431615043335,15.384015006143091,12.322065257689125,7.283792286053621,
321.0_p3conc_219.4_i30,poly-hIgG,Polyclonal,3.0,150.0,7.6,1.0,219.3739,25.0,Acetate,5.0,20.0,none,0.0,none,0.0,none,0.0,none,0.0,0.9,0.9,23.975529608978654,23.975529608978654,19.095795692960117,16.400569782448184,9.556638011552415,
321.0_p3conc_232.1_i31,poly-hIgG,Polyclonal,3.0,150.0,7.6,1.0,232.125,25.0,Acetate,5.0,20.0,none,0.0,none,0.0,none,0.0,none,0.0,0.9,0.9,32.43836639164825,31.635149144311978,24.52049324260134,20.68326151698891,11.442781538023526,
321.0_p3conc_245.6_i32,poly-hIgG,Polyclonal,3.0,150.0,7.6,1.0,245.6173,25.0,Acetate,5.0,20.0,none,0.0,none,0.0,none,0.0,none,0.0,0.9,0.9,39.265033822549306,39.265033822549306,30.00110340500823,26.54230907879446,12.579254791715522,
321.0_p3conc_259.9_i33,poly-hIgG,Polyclonal,3.0,150.0,7.6,1.0,259.8938,25.0,Acetate,5.0,20.0,none,0.0,none,0.0,none,0.0,none,0.0,0.9,0.9,50.757899930363706,50.757899930363706,36.8899414052991,35.44763049594914,16.446708612971403,
382.0_p3conc_1.4_i0,poly-hIgG,Polyclonal,3.0,150.0,7.6,1.0,1.4028,25.0,Acetate,5.0,68.0,none,0.0,none,0.0,none,0.0,none,0.0,0.9,0.9,0.91,0.91,0.91,0.91,0.91,
382.0_p3conc_1.7_i1,poly-hIgG,Polyclonal,3.0,150.0,7.6,1.0,1.71,25.0,Acetate,5.0,68.0,none,0.0,none,0.0,none,0.0,none,0.0,0.9,0.9,0.9185161987627487,0.91,0.91,0.91,0.91,
382.0_p3conc_2.0_i2,poly-hIgG,Polyclonal,3.0,150.0,7.6,1.0,1.968,25.0,Acetate,5.0,68.0,none,0.0,none,0.0,none,0.0,none,0.0,0.9,0.9,0.9133498579817302,0.91,0.91,0.91,0.91,
382.0_p3conc_2.8_i3,poly-hIgG,Polyclonal,3.0,150.0,7.6,1.0,2.7608,25.0,Acetate,5.0,68.0,none,0.0,none,0.0,none,0.0,none,0.0,0.9,0.9,1.0095019372176837,0.9264078339028718,0.91,0.91,0.91,
382.0_p3conc_2.9_i4,poly-hIgG,Polyclonal,3.0,150.0,7.6,1.0,2.924,25.0,Acetate,5.0,68.0,none,0.0,none,0.0,none,0.0,none,0.0,0.9,0.9,0.9315991544414576,0.9167381047581886,0.91,0.91,0.91,
382.0_p3conc_3.9_i5,poly-hIgG,Polyclonal,3.0,150.0,7.6,1.0,3.873,25.0,Acetate,5.0,68.0,none,0.0,none,0.0,none,0.0,none,0.0,0.9,0.9,0.91,0.91,0.91,0.91,0.91,
382.0_p3conc_5.0_i6,poly-hIgG,Polyclonal,3.0,150.0,7.6,1.0,5.0,25.0,Acetate,5.0,68.0,none,0.0,none,0.0,none,0.0,none,0.0,0.9,0.9,0.9113673050854322,0.91,0.91,0.91,0.91,
382.0_p3conc_5.4_i7,poly-hIgG,Polyclonal,3.0,150.0,7.6,1.0,5.4332,25.0,Acetate,5.0,68.0,none,0.0,none,0.0,none,0.0,none,0.0,0.9,0.9,0.9549752671791145,0.9549752671791145,0.9300173759575647,0.9300173759575647,0.91,
382.0_p3conc_7.6_i8,poly-hIgG,Polyclonal,3.0,150.0,7.6,1.0,7.622,25.0,Acetate,5.0,68.0,none,0.0,none,0.0,none,0.0,none,0.0,0.9,0.9,1.020068124874038,1.020068124874038,0.9559843405362811,0.9397701481997859,0.9397701481997859,
382.0_p3conc_8.5_i9,poly-hIgG,Polyclonal,3.0,150.0,7.6,1.0,8.5499,25.0,Acetate,5.0,68.0,none,0.0,none,0.0,none,0.0,none,0.0,0.9,0.9,0.9674224073450658,0.9674224073450658,0.9674224073450658,0.9674224073450658,0.91,
382.0_p3conc_10.7_i10,poly-hIgG,Polyclonal,3.0,150.0,7.6,1.0,10.6925,25.0,Acetate,5.0,68.0,none,0.0,none,0.0,none,0.0,none,0.0,0.9,0.9,1.1312020962748552,1.0123107888024752,1.010556359667761,1.010556359667761,1.010556359667761,
382.0_p3conc_14.6_i11,poly-hIgG,Polyclonal,3.0,150.0,7.6,1.0,14.6201,25.0,Acetate,5.0,68.0,none,0.0,none,0.0,none,0.0,none,0.0,0.9,0.9,1.2076889066696377,1.0133481956941117,1.0133481956941117,1.0133481956941117,1.0133481956941117,
382.0_p3conc_15.0_i12,poly-hIgG,Polyclonal,3.0,150.0,7.6,1.0,15.0,25.0,Acetate,5.0,68.0,none,0.0,none,0.0,none,0.0,none,0.0,0.9,0.9,1.1503045600357116,1.1478223617227004,1.0204358107095484,1.0204358107095484,0.9705289430882738,
382.0_p3conc_21.0_i13,poly-hIgG,Polyclonal,3.0,150.0,7.6,1.0,21.0428,25.0,Acetate,5.0,68.0,none,0.0,none,0.0,none,0.0,none,0.0,0.9,0.9,1.1468122165926902,1.1468122165926902,1.1468122165926902,1.1406725606894512,1.104263161480836,
382.0_p3conc_25.0_i14,poly-hIgG,Polyclonal,3.0,150.0,7.6,1.0,25.0,25.0,Acetate,5.0,68.0,none,0.0,none,0.0,none,0.0,none,0.0,0.9,0.9,1.365073590898785,1.2412516658586417,1.169850001869169,1.169850001869169,1.169850001869169,
382.0_p3conc_29.5_i15,poly-hIgG,Polyclonal,3.0,150.0,7.6,1.0,29.5198,25.0,Acetate,5.0,68.0,none,0.0,none,0.0,none,0.0,none,0.0,0.9,0.9,1.3667990373255852,1.3667990373255852,1.3534441544784779,1.2431875292356274,1.2037698939819466,
382.0_p3conc_41.4_i16,poly-hIgG,Polyclonal,3.0,150.0,7.6,1.0,41.4119,25.0,Acetate,5.0,68.0,none,0.0,none,0.0,none,0.0,none,0.0,0.9,0.9,1.5498745168841688,1.5233428637467799,1.5233428637467799,1.5233428637467799,1.4027540477882499,
382.0_p3conc_42.7_i17,poly-hIgG,Polyclonal,3.0,150.0,7.6,1.0,42.7494,25.0,Acetate,5.0,68.0,none,0.0,none,0.0,none,0.0,none,0.0,0.9,0.9,1.5963048997333606,1.5963048997333606,1.5963048997333606,1.5963048997333606,1.4861822150719532,
382.0_p3conc_58.1_i18,poly-hIgG,Polyclonal,3.0,150.0,7.6,1.0,58.0948,25.0,Acetate,5.0,68.0,none,0.0,none,0.0,none,0.0,none,0.0,0.9,0.9,1.9067367566240476,1.8700783221197386,1.7970131205585345,1.7267626783721315,1.609551020012384,
382.0_p3conc_73.1_i19,poly-hIgG,Polyclonal,3.0,150.0,7.6,1.0,73.1004,25.0,Acetate,5.0,68.0,none,0.0,none,0.0,none,0.0,none,0.0,0.9,0.9,2.4589038869990407,2.4589038869990407,2.4589038869990407,2.158032114522987,2.0078565372607304,
382.0_p3conc_81.5_i20,poly-hIgG,Polyclonal,3.0,150.0,7.6,1.0,81.4982,25.0,Acetate,5.0,68.0,none,0.0,none,0.0,none,0.0,none,0.0,0.9,0.9,3.0439841155605807,2.6446402247146588,2.3110139902977966,2.3110139902977966,1.9329019522381439,
382.0_p3conc_114.3_i21,poly-hIgG,Polyclonal,3.0,150.0,7.6,1.0,114.3299,25.0,Acetate,5.0,68.0,none,0.0,none,0.0,none,0.0,none,0.0,0.9,0.9,4.566160361537996,4.224855723382182,3.8611890559834254,3.6239494252490796,2.5914796752326033,
382.0_p3conc_134.5_i22,poly-hIgG,Polyclonal,3.0,150.0,7.6,1.0,134.53,25.0,Acetate,5.0,68.0,none,0.0,none,0.0,none,0.0,none,0.0,0.9,0.9,6.1343995589194975,5.417053603777203,5.024748445460786,4.709337470359861,3.152424010919958,
382.0_p3conc_144.8_i23,poly-hIgG,Polyclonal,3.0,150.0,7.6,1.0,144.7865,25.0,Acetate,5.0,68.0,none,0.0,none,0.0,none,0.0,none,0.0,0.9,0.9,6.869770445388906,6.314905311116667,5.540143907529122,5.3109696885736595,3.5649460248763427,
382.0_p3conc_155.8_i24,poly-hIgG,Polyclonal,3.0,150.0,7.6,1.0,155.825,25.0,Acetate,5.0,68.0,none,0.0,none,0.0,none,0.0,none,0.0,0.9,0.9,7.930279596496115,7.133616501235316,6.86533450496509,5.685423145021794,4.190764534775571,
382.0_p3conc_160.4_i25,poly-hIgG,Polyclonal,3.0,150.0,7.6,1.0,160.3877,25.0,Acetate,5.0,68.0,none,0.0,none,0.0,none,0.0,none,0.0,0.9,0.9,9.504889870718081,7.812397459201073,7.282519582044835,6.634053217556653,4.496877900541476,
382.0_p3conc_167.7_i26,poly-hIgG,Polyclonal,3.0,150.0,7.6,1.0,167.705,25.0,Acetate,5.0,68.0,none,0.0,none,0.0,none,0.0,none,0.0,0.9,0.9,9.61744399072301,8.913711618636462,7.15712324624086,6.4687991247350745,4.479044239429426,
382.0_p3conc_180.5_i27,poly-hIgG,Polyclonal,3.0,150.0,7.6,1.0,180.4908,25.0,Acetate,5.0,68.0,none,0.0,none,0.0,none,0.0,none,0.0,0.9,0.9,12.787127624807745,9.90804523242202,8.602183885967886,7.448553331486009,5.35165494570607,
382.0_p3conc_194.3_i28,poly-hIgG,Polyclonal,3.0,150.0,7.6,1.0,194.2513,25.0,Acetate,5.0,68.0,none,0.0,none,0.0,none,0.0,none,0.0,0.9,0.9,14.104818491268123,13.02318904341241,10.981032917679478,8.648481102883732,5.74482628784855,
382.0_p3conc_209.1_i29,poly-hIgG,Polyclonal,3.0,150.0,7.6,1.0,209.061,25.0,Acetate,5.0,68.0,none,0.0,none,0.0,none,0.0,none,0.0,0.9,0.9,18.400219245603363,14.990464360762008,13.577784895408639,10.929754321298143,6.58615901080721,
383.0_p3conc_1.4_i0,poly-hIgG,Polyclonal,3.0,150.0,7.6,1.0,1.4028,25.0,Acetate,5.0,98.0,none,0.0,none,0.0,none,0.0,none,0.0,0.9,0.9,0.91,0.91,0.91,0.91,0.91,
383.0_p3conc_1.7_i1,poly-hIgG,Polyclonal,3.0,150.0,7.6,1.0,1.71,25.0,Acetate,5.0,98.0,none,0.0,none,0.0,none,0.0,none,0.0,0.9,0.9,0.91,0.91,0.91,0.91,0.91,
383.0_p3conc_2.0_i2,poly-hIgG,Polyclonal,3.0,150.0,7.6,1.0,1.968,25.0,Acetate,5.0,98.0,none,0.0,none,0.0,none,0.0,none,0.0,0.9,0.9,0.91,0.91,0.91,0.91,0.91,
383.0_p3conc_2.8_i3,poly-hIgG,Polyclonal,3.0,150.0,7.6,1.0,2.7608,25.0,Acetate,5.0,98.0,none,0.0,none,0.0,none,0.0,none,0.0,0.9,0.9,0.91,0.91,0.91,0.91,0.91,
383.0_p3conc_2.9_i4,poly-hIgG,Polyclonal,3.0,150.0,7.6,1.0,2.924,25.0,Acetate,5.0,98.0,none,0.0,none,0.0,none,0.0,none,0.0,0.9,0.9,0.9263353429581177,0.9109975407963014,0.9109975407963014,0.9109975407963014,0.9109975407963014,
383.0_p3conc_3.9_i5,poly-hIgG,Polyclonal,3.0,150.0,7.6,1.0,3.873,25.0,Acetate,5.0,98.0,none,0.0,none,0.0,none,0.0,none,0.0,0.9,0.9,0.91,0.91,0.91,0.91,0.91,
383.0_p3conc_5.0_i6,poly-hIgG,Polyclonal,3.0,150.0,7.6,1.0,5.0,25.0,Acetate,5.0,98.0,none,0.0,none,0.0,none,0.0,none,0.0,0.9,0.9,0.9958775247762769,0.9319346609903599,0.9319346609903599,0.9319346609903599,0.9201138215648997,
383.0_p3conc_5.4_i7,poly-hIgG,Polyclonal,3.0,150.0,7.6,1.0,5.4332,25.0,Acetate,5.0,98.0,none,0.0,none,0.0,none,0.0,none,0.0,0.9,0.9,1.0045221205174035,0.9720004626145972,0.9122362970155636,0.9122362970155636,0.9122362970155636,
383.0_p3conc_7.6_i8,poly-hIgG,Polyclonal,3.0,150.0,7.6,1.0,7.622,25.0,Acetate,5.0,98.0,none,0.0,none,0.0,none,0.0,none,0.0,0.9,0.9,0.9746964592064201,0.9362305559081173,0.9362305559081173,0.9362305559081173,0.9362305559081173,
383.0_p3conc_8.5_i9,poly-hIgG,Polyclonal,3.0,150.0,7.6,1.0,8.5499,25.0,Acetate,5.0,98.0,none,0.0,none,0.0,none,0.0,none,0.0,0.9,0.9,0.9604389733540346,0.9604389733540346,0.9604389733540346,0.9436537130334312,0.91,
383.0_p3conc_10.7_i10,poly-hIgG,Polyclonal,3.0,150.0,7.6,1.0,10.6925,25.0,Acetate,5.0,98.0,none,0.0,none,0.0,none,0.0,none,0.0,0.9,0.9,1.0322319840582388,0.934722962030623,0.934722962030623,0.934722962030623,0.934722962030623,
383.0_p3conc_14.6_i11,poly-hIgG,Polyclonal,3.0,150.0,7.6,1.0,14.6201,25.0,Acetate,5.0,98.0,none,0.0,none,0.0,none,0.0,none,0.0,0.9,0.9,1.0274516762950259,1.0274516762950259,1.021725173983572,1.021725173983572,1.021725173983572,
383.0_p3conc_15.0_i12,poly-hIgG,Polyclonal,3.0,150.0,7.6,1.0,15.0,25.0,Acetate,5.0,98.0,none,0.0,none,0.0,none,0.0,none,0.0,0.9,0.9,0.9998779406374992,0.9998779406374992,0.9998779406374992,0.9998779406374992,0.9998779406374992,
383.0_p3conc_21.0_i13,poly-hIgG,Polyclonal,3.0,150.0,7.6,1.0,21.0428,25.0,Acetate,5.0,98.0,none,0.0,none,0.0,none,0.0,none,0.0,0.9,0.9,1.1586544271944563,1.1194522246516947,1.0328551672132393,1.0328551672132393,0.9605677025565779,
383.0_p3conc_25.0_i14,poly-hIgG,Polyclonal,3.0,150.0,7.6,1.0,25.0,25.0,Acetate,5.0,98.0,none,0.0,none,0.0,none,0.0,none,0.0,0.9,0.9,1.1414271409286685,1.1414271409286685,1.1414271409286685,1.0909902020764066,1.0909902020764066,
383.0_p3conc_29.5_i15,poly-hIgG,Polyclonal,3.0,150.0,7.6,1.0,29.5198,25.0,Acetate,5.0,98.0,none,0.0,none,0.0,none,0.0,none,0.0,0.9,0.9,1.1718284539013268,1.151971727668342,1.151971727668342,1.151971727668342,1.0582536007930448,
383.0_p3conc_41.4_i16,poly-hIgG,Polyclonal,3.0,150.0,7.6,1.0,41.4119,25.0,Acetate,5.0,98.0,none,0.0,none,0.0,none,0.0,none,0.0,0.9,0.9,1.4174795644787805,1.4062661005447428,1.3538877393610669,1.2859593161070269,1.249035813965876,
383.0_p3conc_42.7_i17,poly-hIgG,Polyclonal,3.0,150.0,7.6,1.0,42.7494,25.0,Acetate,5.0,98.0,none,0.0,none,0.0,none,0.0,none,0.0,0.9,0.9,1.474122795936585,1.3774332733215833,1.3774332733215833,1.353696698080716,1.2852680642882095,
383.0_p3conc_58.1_i18,poly-hIgG,Polyclonal,3.0,150.0,7.6,1.0,58.0948,25.0,Acetate,5.0,98.0,none,0.0,none,0.0,none,0.0,none,0.0,0.9,0.9,1.6359234188654055,1.5657783193551325,1.5657783193551325,1.5357348462189968,1.501168147479427,
383.0_p3conc_73.1_i19,poly-hIgG,Polyclonal,3.0,150.0,7.6,1.0,73.1004,25.0,Acetate,5.0,98.0,none,0.0,none,0.0,none,0.0,none,0.0,0.9,0.9,1.8622391261044835,1.8622391261044835,1.8622391261044835,1.7361951190572296,1.6517455186313275,
383.0_p3conc_81.5_i20,poly-hIgG,Polyclonal,3.0,150.0,7.6,1.0,81.4982,25.0,Acetate,5.0,98.0,none,0.0,none,0.0,none,0.0,none,0.0,0.9,0.9,2.1495711708852703,1.9599274332854082,1.9599274332854082,1.9599274332854082,1.6485340763993903,
383.0_p3conc_114.3_i21,poly-hIgG,Polyclonal,3.0,150.0,7.6,1.0,114.3299,25.0,Acetate,5.0,98.0,none,0.0,none,0.0,none,0.0,none,0.0,0.9,0.9,2.754937598931825,2.754937598931825,2.754937598931825,2.608832705716861,2.0831001362100316,
383.0_p3conc_134.5_i22,poly-hIgG,Polyclonal,3.0,150.0,7.6,1.0,134.53,25.0,Acetate,5.0,98.0,none,0.0,none,0.0,none,0.0,none,0.0,0.9,0.9,4.003473957945386,3.7103406041211553,3.532328703737567,2.872285183480283,2.3062141360064765,
383.0_p3conc_144.8_i23,poly-hIgG,Polyclonal,3.0,150.0,7.6,1.0,144.7865,25.0,Acetate,5.0,98.0,none,0.0,none,0.0,none,0.0,none,0.0,0.9,0.9,4.029545540256387,3.879467349040018,3.879467349040018,3.4951331589258094,2.6765589182645546,
383.0_p3conc_155.8_i24,poly-hIgG,Polyclonal,3.0,150.0,7.6,1.0,155.825,25.0,Acetate,5.0,98.0,none,0.0,none,0.0,none,0.0,none,0.0,0.9,0.9,4.207873347096791,4.207873347096791,4.207873347096791,3.5114859399211253,2.967261338011642,
383.0_p3conc_160.4_i25,poly-hIgG,Polyclonal,3.0,150.0,7.6,1.0,160.3877,25.0,Acetate,5.0,98.0,none,0.0,none,0.0,none,0.0,none,0.0,0.9,0.9,4.758036516056676,4.666271994500073,4.506911561287421,3.7366459334690476,2.9388128529615467,
383.0_p3conc_167.7_i26,poly-hIgG,Polyclonal,3.0,150.0,7.6,1.0,167.705,25.0,Acetate,5.0,98.0,none,0.0,none,0.0,none,0.0,none,0.0,0.9,0.9,5.261759157898717,4.816876101337548,4.816876101337548,4.013397237881853,3.168341505673553,
383.0_p3conc_180.5_i27,poly-hIgG,Polyclonal,3.0,150.0,7.6,1.0,180.4908,25.0,Acetate,5.0,98.0,none,0.0,none,0.0,none,0.0,none,0.0,0.9,0.9,5.485006550223532,5.382884253806301,5.382884253806301,4.184244199633755,3.5794417769224345,
383.0_p3conc_194.3_i28,poly-hIgG,Polyclonal,3.0,150.0,7.6,1.0,194.2513,25.0,Acetate,5.0,98.0,none,0.0,none,0.0,none,0.0,none,0.0,0.9,0.9,6.537764164399014,6.1319294655734575,6.1319294655734575,5.1603800038371395,3.6398983444247994,
383.0_p3conc_209.1_i29,poly-hIgG,Polyclonal,3.0,150.0,7.6,1.0,209.061,25.0,Acetate,5.0,98.0,none,0.0,none,0.0,none,0.0,none,0.0,0.9,0.9,7.67036683215334,7.67036683215334,7.592271545948806,5.540280595471274,4.099374979056092,
154.0_p3conc_1.4_i0,poly-hIgG,Polyclonal,3.0,150.0,7.6,1.0,1.4063,27.5,Acetate,5.2,27.0,none,0.0,none,0.0,none,0.0,none,0.0,0.9,0.9,0.9771898332029273,0.9771898332029273,0.91,0.91,0.91,
154.0_p3conc_1.6_i1,poly-hIgG,Polyclonal,3.0,150.0,7.6,1.0,1.632,27.5,Acetate,5.2,27.0,none,0.0,none,0.0,none,0.0,none,0.0,0.9,0.9,0.9585808016745881,0.91,0.91,0.91,0.91,
154.0_p3conc_2.0_i2,poly-hIgG,Polyclonal,3.0,150.0,7.6,1.0,1.9777,27.5,Acetate,5.2,27.0,none,0.0,none,0.0,none,0.0,none,0.0,0.9,0.9,0.91,0.91,0.91,0.91,0.91,
154.0_p3conc_2.7_i3,poly-hIgG,Polyclonal,3.0,150.0,7.6,1.0,2.6633,27.5,Acetate,5.2,27.0,none,0.0,none,0.0,none,0.0,none,0.0,0.9,0.9,0.9621294482613539,0.9150257821159247,0.9150257821159247,0.91,0.91,
154.0_p3conc_2.8_i4,poly-hIgG,Polyclonal,3.0,150.0,7.6,1.0,2.7812,27.5,Acetate,5.2,27.0,none,0.0,none,0.0,none,0.0,none,0.0,0.9,0.9,0.91,0.91,0.91,0.91,0.91,
154.0_p3conc_3.9_i5,poly-hIgG,Polyclonal,3.0,150.0,7.6,1.0,3.9111,27.5,Acetate,5.2,27.0,none,0.0,none,0.0,none,0.0,none,0.0,0.9,0.9,0.9555039839738144,0.9555039839738144,0.91,0.91,0.91,
154.0_p3conc_4.3_i6,poly-hIgG,Polyclonal,3.0,150.0,7.6,1.0,4.3464,27.5,Acetate,5.2,27.0,none,0.0,none,0.0,none,0.0,none,0.0,0.9,0.9,0.9921696657350101,0.927606308543619,0.927606308543619,0.927606308543619,0.91,
154.0_p3conc_5.5_i7,poly-hIgG,Polyclonal,3.0,150.0,7.6,1.0,5.5002,27.5,Acetate,5.2,27.0,none,0.0,none,0.0,none,0.0,none,0.0,0.9,0.9,0.9747817577589621,0.9747817577589621,0.9175348112558454,0.9175348112558454,0.9175348112558454,
154.0_p3conc_7.1_i8,poly-hIgG,Polyclonal,3.0,150.0,7.6,1.0,7.0932,27.5,Acetate,5.2,27.0,none,0.0,none,0.0,none,0.0,none,0.0,0.9,0.9,1.029869131557506,1.029869131557506,0.976818158750524,0.976818158750524,0.976818158750524,
154.0_p3conc_7.7_i9,poly-hIgG,Polyclonal,3.0,150.0,7.6,1.0,7.7349,27.5,Acetate,5.2,27.0,none,0.0,none,0.0,none,0.0,none,0.0,0.9,0.9,1.0095790643783626,1.0095790643783626,0.9767511613400799,0.9767511613400799,0.9441074434574658,
154.0_p3conc_10.9_i10,poly-hIgG,Polyclonal,3.0,150.0,7.6,1.0,10.8776,27.5,Acetate,5.2,27.0,none,0.0,none,0.0,none,0.0,none,0.0,0.9,0.9,1.0944086646464268,1.0944086646464268,1.0453346712580271,1.0453346712580271,1.0429451117574136,
154.0_p3conc_11.6_i11,poly-hIgG,Polyclonal,3.0,150.0,7.6,1.0,11.5758,27.5,Acetate,5.2,27.0,none,0.0,none,0.0,none,0.0,none,0.0,0.9,0.9,1.1084492823713143,1.0410179573194376,1.031865590831018,1.0090270159815686,1.0090270159815686,
154.0_p3conc_15.3_i12,poly-hIgG,Polyclonal,3.0,150.0,7.6,1.0,15.2971,27.5,Acetate,5.2,27.0,none,0.0,none,0.0,none,0.0,none,0.0,0.9,0.9,1.0659331243992292,1.0659331243992292,1.0659331243992292,1.0659331243992292,1.0018664762026792,
154.0_p3conc_18.9_i13,poly-hIgG,Polyclonal,3.0,150.0,7.6,1.0,18.8914,27.5,Acetate,5.2,27.0,none,0.0,none,0.0,none,0.0,none,0.0,0.9,0.9,1.2647341011763118,1.2535900863380547,1.2535900863380547,1.2349169603091985,1.0321720742905012,
154.0_p3conc_21.5_i14,poly-hIgG,Polyclonal,3.0,150.0,7.6,1.0,21.5122,27.5,Acetate,5.2,27.0,none,0.0,none,0.0,none,0.0,none,0.0,0.9,0.9,1.1726933775815196,1.1726933775815196,1.1140413135987368,1.1140413135987368,1.04676550360824,
154.0_p3conc_30.3_i15,poly-hIgG,Polyclonal,3.0,150.0,7.6,1.0,30.2524,27.5,Acetate,5.2,27.0,none,0.0,none,0.0,none,0.0,none,0.0,0.9,0.9,1.3739601497239282,1.3739601497239282,1.3739601497239282,1.3242992805653038,1.0504127634126983,
154.0_p3conc_30.8_i16,poly-hIgG,Polyclonal,3.0,150.0,7.6,1.0,30.83,27.5,Acetate,5.2,27.0,none,0.0,none,0.0,none,0.0,none,0.0,0.9,0.9,1.4185892198572931,1.364430813984093,1.364430813984093,1.364430813984093,1.0966296500566657,
154.0_p3conc_42.5_i17,poly-hIgG,Polyclonal,3.0,150.0,7.6,1.0,42.5438,27.5,Acetate,5.2,27.0,none,0.0,none,0.0,none,0.0,none,0.0,0.9,0.9,1.8385450011585889,1.810038585405801,1.6215510487188625,1.5026819594104657,1.1977282100423332,
154.0_p3conc_50.3_i18,poly-hIgG,Polyclonal,3.0,150.0,7.6,1.0,50.3134,27.5,Acetate,5.2,27.0,none,0.0,none,0.0,none,0.0,none,0.0,0.9,0.9,2.0073363309726298,1.8610145629393713,1.8610145629393713,1.8541830529673826,1.220226054793043,
154.0_p3conc_59.8_i19,poly-hIgG,Polyclonal,3.0,150.0,7.6,1.0,59.829,27.5,Acetate,5.2,27.0,none,0.0,none,0.0,none,0.0,none,0.0,0.9,0.9,2.1275469989856552,2.1275469989856552,2.1275469989856552,1.9286151072230515,1.3257067270965834,
154.0_p3conc_82.1_i20,poly-hIgG,Polyclonal,3.0,150.0,7.6,1.0,82.1096,27.5,Acetate,5.2,27.0,none,0.0,none,0.0,none,0.0,none,0.0,0.9,0.9,3.05353176396023,2.850465208715919,2.850465208715919,2.618994526879943,1.3752194278063217,
154.0_p3conc_84.1_i21,poly-hIgG,Polyclonal,3.0,150.0,7.6,1.0,84.1372,27.5,Acetate,5.2,27.0,none,0.0,none,0.0,none,0.0,none,0.0,0.9,0.9,3.1543783973502153,3.0518261078260687,3.0518261078260687,2.6774132069714667,1.5064966625182876,
154.0_p3conc_118.3_i22,poly-hIgG,Polyclonal,3.0,150.0,7.6,1.0,118.3216,27.5,Acetate,5.2,27.0,none,0.0,none,0.0,none,0.0,none,0.0,0.9,0.9,5.391768038230702,5.109325829468726,4.838321088007369,4.437500760404611,1.897390503433354,
154.0_p3conc_143.7_i23,poly-hIgG,Polyclonal,3.0,150.0,7.6,1.0,143.671,27.5,Acetate,5.2,27.0,none,0.0,none,0.0,none,0.0,none,0.0,0.9,0.9,7.1975612988752085,7.1975612988752085,7.1975612988752085,5.999816804688589,2.356911327056352,
154.0_p3conc_154.0_i24,poly-hIgG,Polyclonal,3.0,150.0,7.6,1.0,154.0398,27.5,Acetate,5.2,27.0,none,0.0,none,0.0,none,0.0,none,0.0,0.9,0.9,9.20110732531168,9.20110732531168,8.14391584194555,7.09019286898198,2.467862771972476,
154.0_p3conc_165.2_i25,poly-hIgG,Polyclonal,3.0,150.0,7.6,1.0,165.1566,27.5,Acetate,5.2,27.0,none,0.0,none,0.0,none,0.0,none,0.0,0.9,0.9,10.524386058781399,10.524386058781399,9.909587685680984,8.361447916090723,2.7823154046457677,
154.0_p3conc_166.4_i26,poly-hIgG,Polyclonal,3.0,150.0,7.6,1.0,166.3949,27.5,Acetate,5.2,27.0,none,0.0,none,0.0,none,0.0,none,0.0,0.9,0.9,10.089306975617195,10.089306975617195,9.92243928334311,8.9391823055201,2.6376709239462515,
154.0_p3conc_177.1_i27,poly-hIgG,Polyclonal,3.0,150.0,7.6,1.0,177.0761,27.5,Acetate,5.2,27.0,none,0.0,none,0.0,none,0.0,none,0.0,0.9,0.9,12.568477504061725,12.379987489163069,11.492542854547196,9.550104741767303,3.142066963883943,
154.0_p3conc_189.9_i28,poly-hIgG,Polyclonal,3.0,150.0,7.6,1.0,189.8559,27.5,Acetate,5.2,27.0,none,0.0,none,0.0,none,0.0,none,0.0,0.9,0.9,15.690209437491221,14.806034379943496,14.806034379943496,11.268314871912695,3.123800898537257,
154.0_p3conc_203.6_i29,poly-hIgG,Polyclonal,3.0,150.0,7.6,1.0,203.5579,27.5,Acetate,5.2,27.0,none,0.0,none,0.0,none,0.0,none,0.0,0.9,0.9,20.128313171135854,18.45797447334346,18.45797447334346,12.943373228185317,3.7542933598113604,
154.0_p3conc_218.2_i30,poly-hIgG,Polyclonal,3.0,150.0,7.6,1.0,218.2489,27.5,Acetate,5.2,27.0,none,0.0,none,0.0,none,0.0,none,0.0,0.9,0.9,23.717586214342568,23.717586214342568,23.424141378809338,15.548755678219713,4.111576458483962,
156.0_p3conc_1.4_i0,poly-hIgG,Polyclonal,3.0,150.0,7.6,1.0,1.4146,27.5,Acetate,5.2,28.0,none,0.0,none,0.0,none,0.0,none,0.0,0.9,0.9,0.91,0.91,0.91,0.91,0.91,
156.0_p3conc_1.6_i1,poly-hIgG,Polyclonal,3.0,150.0,7.6,1.0,1.5835,27.5,Acetate,5.2,28.0,none,0.0,none,0.0,none,0.0,none,0.0,0.9,0.9,0.91,0.91,0.91,0.91,0.91,
156.0_p3conc_2.0_i2,poly-hIgG,Polyclonal,3.0,150.0,7.6,1.0,2.001,27.5,Acetate,5.2,28.0,none,0.0,none,0.0,none,0.0,none,0.0,0.9,0.9,1.0019324166004928,0.9204717926445163,0.91,0.91,0.91,
156.0_p3conc_2.5_i3,poly-hIgG,Polyclonal,3.0,150.0,7.6,1.0,2.5076,27.5,Acetate,5.2,28.0,none,0.0,none,0.0,none,0.0,none,0.0,0.9,0.9,0.91,0.91,0.91,0.91,0.91,
156.0_p3conc_2.8_i4,poly-hIgG,Polyclonal,3.0,150.0,7.6,1.0,2.8305,27.5,Acetate,5.2,28.0,none,0.0,none,0.0,none,0.0,none,0.0,0.9,0.9,0.9330047550911381,0.9330047550911381,0.9330047550911381,0.9330047550911381,0.9330047550911381,
156.0_p3conc_4.0_i5,poly-hIgG,Polyclonal,3.0,150.0,7.6,1.0,3.9708,27.5,Acetate,5.2,28.0,none,0.0,none,0.0,none,0.0,none,0.0,0.9,0.9,0.9396376603451622,0.938178486101955,0.91,0.91,0.91,
156.0_p3conc_4.0_i6,poly-hIgG,Polyclonal,3.0,150.0,7.6,1.0,4.0039,27.5,Acetate,5.2,28.0,none,0.0,none,0.0,none,0.0,none,0.0,0.9,0.9,1.0151132330164647,0.91,0.91,0.91,0.91,
156.0_p3conc_5.7_i7,poly-hIgG,Polyclonal,3.0,150.0,7.6,1.0,5.6637,27.5,Acetate,5.2,28.0,none,0.0,none,0.0,none,0.0,none,0.0,0.9,0.9,0.91,0.91,0.91,0.91,0.91,
156.0_p3conc_6.3_i8,poly-hIgG,Polyclonal,3.0,150.0,7.6,1.0,6.2879,27.5,Acetate,5.2,28.0,none,0.0,none,0.0,none,0.0,none,0.0,0.9,0.9,0.9213789118712065,0.91,0.91,0.91,0.91,
156.0_p3conc_8.0_i9,poly-hIgG,Polyclonal,3.0,150.0,7.6,1.0,8.0117,27.5,Acetate,5.2,28.0,none,0.0,none,0.0,none,0.0,none,0.0,0.9,0.9,1.0327317993441123,0.976690381370831,0.976690381370831,0.976690381370831,0.976690381370831,
156.0_p3conc_10.0_i10,poly-hIgG,Polyclonal,3.0,150.0,7.6,1.0,9.9572,27.5,Acetate,5.2,28.0,none,0.0,none,0.0,none,0.0,none,0.0,0.9,0.9,1.0322445745039561,1.0322445745039561,1.0032191683105003,0.9663004455282709,0.9636601163067431,
156.0_p3conc_11.3_i11,poly-hIgG,Polyclonal,3.0,150.0,7.6,1.0,11.333,27.5,Acetate,5.2,28.0,none,0.0,none,0.0,none,0.0,none,0.0,0.9,0.9,1.0443588733315552,0.9788482198327031,0.9727732544589872,0.9727732544589872,0.9574451467583015,
156.0_p3conc_15.8_i12,poly-hIgG,Polyclonal,3.0,150.0,7.6,1.0,15.7675,27.5,Acetate,5.2,28.0,none,0.0,none,0.0,none,0.0,none,0.0,0.9,0.9,1.0847643557128555,1.075123540391958,1.075123540391958,1.075123540391958,0.9494113420458702,
156.0_p3conc_16.0_i13,poly-hIgG,Polyclonal,3.0,150.0,7.6,1.0,16.0312,27.5,Acetate,5.2,28.0,none,0.0,none,0.0,none,0.0,none,0.0,0.9,0.9,1.0700842038886624,1.0700842038886624,1.0700842038886624,1.0700842038886624,0.9554768865708494,
156.0_p3conc_22.7_i14,poly-hIgG,Polyclonal,3.0,150.0,7.6,1.0,22.6771,27.5,Acetate,5.2,28.0,none,0.0,none,0.0,none,0.0,none,0.0,0.9,0.9,1.1541193467410795,1.1541193467410795,1.1541193467410795,1.1541193467410795,1.0201362100119826,
156.0_p3conc_25.0_i15,poly-hIgG,Polyclonal,3.0,150.0,7.6,1.0,24.9684,27.5,Acetate,5.2,28.0,none,0.0,none,0.0,none,0.0,none,0.0,0.9,0.9,1.1687808777021729,1.1687808777021729,1.1687808777021729,1.1303964906842705,1.1303964906842705,
156.0_p3conc_32.1_i16,poly-hIgG,Polyclonal,3.0,150.0,7.6,1.0,32.0781,27.5,Acetate,5.2,28.0,none,0.0,none,0.0,none,0.0,none,0.0,0.9,0.9,1.3278261026647158,1.2938842579053962,1.2433060396676079,1.2433060396676079,1.1128793645830537,
156.0_p3conc_39.5_i17,poly-hIgG,Polyclonal,3.0,150.0,7.6,1.0,39.5383,27.5,Acetate,5.2,28.0,none,0.0,none,0.0,none,0.0,none,0.0,0.9,0.9,1.4798356748511998,1.4085852887288077,1.4085852887288077,1.4037289617208535,1.1739865892852428,
156.0_p3conc_45.4_i18,poly-hIgG,Polyclonal,3.0,150.0,7.6,1.0,45.3763,27.5,Acetate,5.2,28.0,none,0.0,none,0.0,none,0.0,none,0.0,0.9,0.9,1.530666910936572,1.4709168441124356,1.4709168441124356,1.4445645287397006,1.2369910425943942,
156.0_p3conc_62.6_i19,poly-hIgG,Polyclonal,3.0,150.0,7.6,1.0,62.6102,27.5,Acetate,5.2,28.0,none,0.0,none,0.0,none,0.0,none,0.0,0.9,0.9,1.80193139227723,1.783355227833185,1.783355227833185,1.783355227833185,1.4599428407205859,
156.0_p3conc_64.2_i20,poly-hIgG,Polyclonal,3.0,150.0,7.6,1.0,64.1874,27.5,Acetate,5.2,28.0,none,0.0,none,0.0,none,0.0,none,0.0,0.9,0.9,2.0308242879035308,1.9800912177862027,1.9084878834690517,1.9084878834690517,1.4530899090055085,
156.0_p3conc_90.8_i21,poly-hIgG,Polyclonal,3.0,150.0,7.6,1.0,90.7969,27.5,Acetate,5.2,28.0,none,0.0,none,0.0,none,0.0,none,0.0,0.9,0.9,2.6194207690510267,2.6194207690510267,2.6194207690510267,2.590718506896619,1.7255298653207567,
156.0_p3conc_99.1_i22,poly-hIgG,Polyclonal,3.0,150.0,7.6,1.0,99.1453,27.5,Acetate,5.2,28.0,none,0.0,none,0.0,none,0.0,none,0.0,0.9,0.9,3.197218472256359,3.0501973312913524,3.037527831034857,3.037527831034857,1.838830177788535,
156.0_p3conc_128.4_i23,poly-hIgG,Polyclonal,3.0,150.0,7.6,1.0,128.4373,27.5,Acetate,5.2,28.0,none,0.0,none,0.0,none,0.0,none,0.0,0.9,0.9,4.4411610485174595,4.106436708800709,4.106436708800709,4.106436708800709,1.8897502205528989,
156.0_p3conc_167.0_i24,poly-hIgG,Polyclonal,3.0,150.0,7.6,1.0,166.976,27.5,Acetate,5.2,28.0,none,0.0,none,0.0,none,0.0,none,0.0,0.9,0.9,7.225149711790517,7.006088545741538,7.006088545741538,6.216159618296576,2.7616321259786876,
156.0_p3conc_177.6_i25,poly-hIgG,Polyclonal,3.0,150.0,7.6,1.0,177.5857,27.5,Acetate,5.2,28.0,none,0.0,none,0.0,none,0.0,none,0.0,0.9,0.9,8.686516309900528,7.981377234351848,7.981377234351848,7.080204465030869,3.092523990107898,
156.0_p3conc_181.7_i26,poly-hIgG,Polyclonal,3.0,150.0,7.6,1.0,181.682,27.5,Acetate,5.2,28.0,none,0.0,none,0.0,none,0.0,none,0.0,0.9,0.9,8.572783723756652,8.572783723756652,8.572783723756652,7.944157767062134,2.7274592105651267,
156.0_p3conc_188.9_i27,poly-hIgG,Polyclonal,3.0,150.0,7.6,1.0,188.8696,27.5,Acetate,5.2,28.0,none,0.0,none,0.0,none,0.0,none,0.0,0.9,0.9,8.778902495482065,8.778902495482065,8.530332598274658,8.194583195225228,3.213881964746146,
156.0_p3conc_200.9_i28,poly-hIgG,Polyclonal,3.0,150.0,7.6,1.0,200.8704,27.5,Acetate,5.2,28.0,none,0.0,none,0.0,none,0.0,none,0.0,0.9,0.9,10.470553105401699,10.470553105401699,10.470553105401699,10.138487824408987,3.3421179944767325,
156.0_p3conc_213.6_i29,poly-hIgG,Polyclonal,3.0,150.0,7.6,1.0,213.6343,27.5,Acetate,5.2,28.0,none,0.0,none,0.0,none,0.0,none,0.0,0.9,0.9,12.411972088449941,12.323008122706355,11.400249578460993,11.328969791694172,3.9736482041381143,
156.0_p3conc_227.2_i30,poly-hIgG,Polyclonal,3.0,150.0,7.6,1.0,227.2087,27.5,Acetate,5.2,28.0,none,0.0,none,0.0,none,0.0,none,0.0,0.9,0.9,15.807154923169945,14.491238962422717,14.239242445813229,13.228809965648502,4.332650213804049,
156.0_p3conc_241.6_i31,poly-hIgG,Polyclonal,3.0,150.0,7.6,1.0,241.6457,27.5,Acetate,5.2,28.0,none,0.0,none,0.0,none,0.0,none,0.0,0.9,0.9,18.173851628960364,18.173851628960364,18.173851628960364,15.151988986220896,4.549492125182417,
152.0_p3conc_1.4_i0,poly-hIgG,Polyclonal,3.0,150.0,7.6,1.0,1.4309,27.5,Acetate,5.2,31.0,none,0.0,none,0.0,none,0.0,none,0.0,0.9,0.9,0.9907412864656644,0.9106089798300189,0.91,0.91,0.91,
152.0_p3conc_1.5_i1,poly-hIgG,Polyclonal,3.0,150.0,7.6,1.0,1.4568,27.5,Acetate,5.2,31.0,none,0.0,none,0.0,none,0.0,none,0.0,0.9,0.9,0.9346848534521837,0.91,0.91,0.91,0.91,
152.0_p3conc_2.0_i2,poly-hIgG,Polyclonal,3.0,150.0,7.6,1.0,2.0476,27.5,Acetate,5.2,31.0,none,0.0,none,0.0,none,0.0,none,0.0,0.9,0.9,0.945008995436951,0.9381511611312805,0.9381511611312805,0.91,0.91,
152.0_p3conc_2.1_i3,poly-hIgG,Polyclonal,3.0,150.0,7.6,1.0,2.1224,27.5,Acetate,5.2,31.0,none,0.0,none,0.0,none,0.0,none,0.0,0.9,0.9,0.9507444722442313,0.9507444722442313,0.9338085199601871,0.9338085199601871,0.91,
152.0_p3conc_2.9_i4,poly-hIgG,Polyclonal,3.0,150.0,7.6,1.0,2.93,27.5,Acetate,5.2,31.0,none,0.0,none,0.0,none,0.0,none,0.0,0.9,0.9,0.91,0.91,0.91,0.91,0.91,
152.0_p3conc_3.1_i5,poly-hIgG,Polyclonal,3.0,150.0,7.6,1.0,3.092,27.5,Acetate,5.2,31.0,none,0.0,none,0.0,none,0.0,none,0.0,0.9,0.9,0.9804568653017033,0.9804568653017033,0.9804568653017033,0.9804568653017033,0.9284497218177061,
152.0_p3conc_4.2_i6,poly-hIgG,Polyclonal,3.0,150.0,7.6,1.0,4.1927,27.5,Acetate,5.2,31.0,none,0.0,none,0.0,none,0.0,none,0.0,0.9,0.9,0.920458873961099,0.920458873961099,0.920458873961099,0.920458873961099,0.920458873961099,
152.0_p3conc_4.5_i7,poly-hIgG,Polyclonal,3.0,150.0,7.6,1.0,4.5046,27.5,Acetate,5.2,31.0,none,0.0,none,0.0,none,0.0,none,0.0,0.9,0.9,0.9801305352402416,0.9801305352402416,0.91,0.91,0.91,
152.0_p3conc_6.0_i8,poly-hIgG,Polyclonal,3.0,150.0,7.6,1.0,5.9995,27.5,Acetate,5.2,31.0,none,0.0,none,0.0,none,0.0,none,0.0,0.9,0.9,0.9320667135200537,0.9320667135200537,0.9320667135200537,0.9320667135200537,0.9320667135200537,
152.0_p3conc_6.6_i9,poly-hIgG,Polyclonal,3.0,150.0,7.6,1.0,6.5625,27.5,Acetate,5.2,31.0,none,0.0,none,0.0,none,0.0,none,0.0,0.9,0.9,1.0848317585389062,0.961257762338292,0.961257762338292,0.961257762338292,0.961257762338292,
152.0_p3conc_8.6_i10,poly-hIgG,Polyclonal,3.0,150.0,7.6,1.0,8.5849,27.5,Acetate,5.2,31.0,none,0.0,none,0.0,none,0.0,none,0.0,0.9,0.9,1.055949073871283,1.0130551889633774,1.0130551889633774,1.0130551889633774,0.9895361231089121,
152.0_p3conc_9.6_i11,poly-hIgG,Polyclonal,3.0,150.0,7.6,1.0,9.5606,27.5,Acetate,5.2,31.0,none,0.0,none,0.0,none,0.0,none,0.0,0.9,0.9,1.1777649997081088,1.0720651365506384,1.0720651365506384,1.058663359453293,0.9837962329552931,
152.0_p3conc_12.3_i12,poly-hIgG,Polyclonal,3.0,150.0,7.6,1.0,12.2845,27.5,Acetate,5.2,31.0,none,0.0,none,0.0,none,0.0,none,0.0,0.9,0.9,1.203589942994586,1.0918043048815698,1.0918043048815698,1.0918043048815698,0.91,
152.0_p3conc_13.9_i13,poly-hIgG,Polyclonal,3.0,150.0,7.6,1.0,13.9284,27.5,Acetate,5.2,31.0,none,0.0,none,0.0,none,0.0,none,0.0,0.9,0.9,1.2855995884197582,1.2287690135083509,1.2287690135083509,1.2287690135083509,0.9334493185909669,
152.0_p3conc_17.6_i14,poly-hIgG,Polyclonal,3.0,150.0,7.6,1.0,17.5784,27.5,Acetate,5.2,31.0,none,0.0,none,0.0,none,0.0,none,0.0,0.9,0.9,1.3384917201350013,1.301015957408222,1.301015957408222,1.301015957408222,1.0775313041046006,
152.0_p3conc_20.3_i15,poly-hIgG,Polyclonal,3.0,150.0,7.6,1.0,20.2915,27.5,Acetate,5.2,31.0,none,0.0,none,0.0,none,0.0,none,0.0,0.9,0.9,1.5098138519391386,1.3917965055865338,1.338672705143165,1.338672705143165,1.0835354651633127,
152.0_p3conc_25.2_i16,poly-hIgG,Polyclonal,3.0,150.0,7.6,1.0,25.1537,27.5,Acetate,5.2,31.0,none,0.0,none,0.0,none,0.0,none,0.0,0.9,0.9,1.5997887146464922,1.4269370663928393,1.4269370663928393,1.4269370663928393,1.0923118422282412,
152.0_p3conc_29.6_i17,poly-hIgG,Polyclonal,3.0,150.0,7.6,1.0,29.5617,27.5,Acetate,5.2,31.0,none,0.0,none,0.0,none,0.0,none,0.0,0.9,0.9,1.7406706886424115,1.7059202704322058,1.7059202704322058,1.7059202704322058,1.1014889293964198,
152.0_p3conc_36.0_i18,poly-hIgG,Polyclonal,3.0,150.0,7.6,1.0,35.9935,27.5,Acetate,5.2,31.0,none,0.0,none,0.0,none,0.0,none,0.0,0.9,0.9,1.892380836205734,1.7618083654942869,1.7618083654942869,1.7618083654942869,1.3042379675942883,
152.0_p3conc_43.1_i19,poly-hIgG,Polyclonal,3.0,150.0,7.6,1.0,43.0669,27.5,Acetate,5.2,31.0,none,0.0,none,0.0,none,0.0,none,0.0,0.9,0.9,2.2010303339046002,2.2010303339046002,2.2010303339046002,2.2010303339046002,1.2583352575577076,
152.0_p3conc_51.5_i20,poly-hIgG,Polyclonal,3.0,150.0,7.6,1.0,51.5046,27.5,Acetate,5.2,31.0,none,0.0,none,0.0,none,0.0,none,0.0,0.9,0.9,2.815437975311451,2.5087377675066875,2.5087377675066875,2.5087377675066875,1.2621087562902822,
152.0_p3conc_62.7_i21,poly-hIgG,Polyclonal,3.0,150.0,7.6,1.0,62.7421,27.5,Acetate,5.2,31.0,none,0.0,none,0.0,none,0.0,none,0.0,0.9,0.9,3.0994355235364717,3.076153268059127,3.076153268059127,3.076153268059127,1.3943933404582314,
152.0_p3conc_73.7_i22,poly-hIgG,Polyclonal,3.0,150.0,7.6,1.0,73.7003,27.5,Acetate,5.2,31.0,none,0.0,none,0.0,none,0.0,none,0.0,0.9,0.9,3.5696456043839047,3.5696456043839047,3.5696456043839047,3.5696456043839047,1.6949051464763878,
152.0_p3conc_91.4_i23,poly-hIgG,Polyclonal,3.0,150.0,7.6,1.0,91.4056,27.5,Acetate,5.2,31.0,none,0.0,none,0.0,none,0.0,none,0.0,0.9,0.9,4.941606025023671,4.535003310010325,4.535003310010325,4.535003310010325,1.7496407588019394,
152.0_p3conc_105.5_i24,poly-hIgG,Polyclonal,3.0,150.0,7.6,1.0,105.4608,27.5,Acetate,5.2,31.0,none,0.0,none,0.0,none,0.0,none,0.0,0.9,0.9,5.894803172468029,5.894803172468029,5.883706450138216,5.883706450138216,1.903568904075845,
152.0_p3conc_133.2_i25,poly-hIgG,Polyclonal,3.0,150.0,7.6,1.0,133.1641,27.5,Acetate,5.2,31.0,none,0.0,none,0.0,none,0.0,none,0.0,0.9,0.9,8.276753250637787,7.6787499407025255,7.592498502339403,7.592498502339403,2.5250052954087656,
152.0_p3conc_150.9_i26,poly-hIgG,Polyclonal,3.0,150.0,7.6,1.0,150.9086,27.5,Acetate,5.2,31.0,none,0.0,none,0.0,none,0.0,none,0.0,0.9,0.9,9.637440125285014,9.43229779252137,9.43229779252137,9.43229779252137,2.542129122243537,
153.0_p3conc_219.5_i27,poly-hIgG,Polyclonal,3.0,150.0,7.6,1.0,219.4689,27.5,Acetate,5.2,31.0,none,0.0,none,0.0,none,0.0,none,0.0,0.9,0.9,13.52427316215114,13.52427316215114,13.52427316215114,11.055768227191757,4.170330200982055,
153.0_p3conc_230.5_i28,poly-hIgG,Polyclonal,3.0,150.0,7.6,1.0,230.4618,27.5,Acetate,5.2,31.0,none,0.0,none,0.0,none,0.0,none,0.0,0.9,0.9,14.843391160356566,14.843391160356566,14.843391160356566,12.017924110839257,4.317910698085297,
153.0_p3conc_242.0_i29,poly-hIgG,Polyclonal,3.0,150.0,7.6,1.0,242.0059,27.5,Acetate,5.2,31.0,none,0.0,none,0.0,none,0.0,none,0.0,0.9,0.9,17.519837622967945,15.986590712277474,15.575503010526983,10.601646485988464,4.297015795993548,
153.0_p3conc_254.1_i30,poly-hIgG,Polyclonal,3.0,150.0,7.6,1.0,254.1277,27.5,Acetate,5.2,31.0,none,0.0,none,0.0,none,0.0,none,0.0,0.9,0.9,15.805355898494591,15.805355898494591,15.805355898494591,10.785467403184365,4.960758509697551,
153.0_p3conc_266.9_i31,poly-hIgG,Polyclonal,3.0,150.0,7.6,1.0,266.8572,27.5,Acetate,5.2,31.0,none,0.0,none,0.0,none,0.0,none,0.0,0.9,0.9,18.504995307849917,17.373737082530752,17.373737082530752,10.467574448709302,5.248991802435021,
153.0_p3conc_280.2_i32,poly-hIgG,Polyclonal,3.0,150.0,7.6,1.0,280.2238,27.5,Acetate,5.2,31.0,none,0.0,none,0.0,none,0.0,none,0.0,0.9,0.9,17.99000917442342,17.99000917442342,16.634961906605877,10.339510348866877,5.672625151821171,
153.0_p3conc_294.3_i33,poly-hIgG,Polyclonal,3.0,150.0,7.6,1.0,294.2605,27.5,Acetate,5.2,31.0,none,0.0,none,0.0,none,0.0,none,0.0,0.9,0.9,21.00027785162446,19.75669626341181,18.37242729192116,10.45728504438947,6.666237708954283,
508.0_p3conc_1.4_i0,poly-hIgG,Polyclonal,3.0,150.0,7.6,1.0,1.3683,25.475,Histidine,6.0,15.0,none,0.0,none,0.0,none,0.0,none,0.0,0.9,0.9,0.91,0.91,0.91,0.91,0.91,
508.0_p3conc_1.9_i1,poly-hIgG,Polyclonal,3.0,150.0,7.6,1.0,1.8723,25.475,Histidine,6.0,15.0,none,0.0,none,0.0,none,0.0,none,0.0,0.9,0.9,0.91,0.91,0.91,0.91,0.91,
508.0_p3conc_2.6_i2,poly-hIgG,Polyclonal,3.0,150.0,7.6,1.0,2.5619,25.475,Histidine,6.0,15.0,none,0.0,none,0.0,none,0.0,none,0.0,0.9,0.9,0.9936695320091624,0.91,0.91,0.91,0.91,
508.0_p3conc_2.7_i3,poly-hIgG,Polyclonal,3.0,150.0,7.6,1.0,2.6723,25.475,Histidine,6.0,15.0,none,0.0,none,0.0,none,0.0,none,0.0,0.9,0.9,0.91,0.91,0.91,0.91,0.91,
508.0_p3conc_3.5_i4,poly-hIgG,Polyclonal,3.0,150.0,7.6,1.0,3.5055,25.475,Histidine,6.0,15.0,none,0.0,none,0.0,none,0.0,none,0.0,0.9,0.9,0.91,0.91,0.91,0.91,0.91,
508.0_p3conc_4.8_i5,poly-hIgG,Polyclonal,3.0,150.0,7.6,1.0,4.7966,25.475,Histidine,6.0,15.0,none,0.0,none,0.0,none,0.0,none,0.0,0.9,0.9,0.9782484370312434,0.9782484370312434,0.9144537936981222,0.91,0.91,
508.0_p3conc_6.6_i6,poly-hIgG,Polyclonal,3.0,150.0,7.6,1.0,6.5632,25.475,Histidine,6.0,15.0,none,0.0,none,0.0,none,0.0,none,0.0,0.9,0.9,0.9148539732527254,0.9148539732527254,0.9148539732527254,0.9148539732527254,0.9148539732527254,
508.0_p3conc_7.1_i7,poly-hIgG,Polyclonal,3.0,150.0,7.6,1.0,7.1414,25.475,Histidine,6.0,15.0,none,0.0,none,0.0,none,0.0,none,0.0,0.9,0.9,1.009283599398591,0.9634124085198306,0.9634124085198306,0.910359104870649,0.91,
508.0_p3conc_9.0_i8,poly-hIgG,Polyclonal,3.0,150.0,7.6,1.0,8.9805,25.475,Histidine,6.0,15.0,none,0.0,none,0.0,none,0.0,none,0.0,0.9,0.9,0.9713086999784267,0.9420241173733952,0.9420241173733952,0.9420241173733952,0.91,
508.0_p3conc_12.3_i9,poly-hIgG,Polyclonal,3.0,150.0,7.6,1.0,12.2882,25.475,Histidine,6.0,15.0,none,0.0,none,0.0,none,0.0,none,0.0,0.9,0.9,1.115055612118905,1.0977158002602154,0.9359961524536028,0.9359961524536028,0.9322495101631942,
508.0_p3conc_16.8_i10,poly-hIgG,Polyclonal,3.0,150.0,7.6,1.0,16.8142,25.475,Histidine,6.0,15.0,none,0.0,none,0.0,none,0.0,none,0.0,0.9,0.9,1.1519927128056957,1.051754156173033,1.0427611894787416,1.0194472929158365,0.9987593597081298,
508.0_p3conc_19.1_i11,poly-hIgG,Polyclonal,3.0,150.0,7.6,1.0,19.0844,25.475,Histidine,6.0,15.0,none,0.0,none,0.0,none,0.0,none,0.0,0.9,0.9,1.1342469013404983,1.1177341704849475,1.0584505292412028,1.0584505292412028,0.9684995836667563,
508.0_p3conc_23.0_i12,poly-hIgG,Polyclonal,3.0,150.0,7.6,1.0,23.0071,25.475,Histidine,6.0,15.0,none,0.0,none,0.0,none,0.0,none,0.0,0.9,0.9,1.1479285389724831,1.1479285389724831,1.0995804226796937,1.043437164755389,1.043437164755389,
508.0_p3conc_31.5_i13,poly-hIgG,Polyclonal,3.0,150.0,7.6,1.0,31.4809,25.475,Histidine,6.0,15.0,none,0.0,none,0.0,none,0.0,none,0.0,0.9,0.9,1.3199068983225584,1.3183644646445964,1.2023887932054882,1.2023887932054882,0.9662862772825128,
508.0_p3conc_43.1_i14,poly-hIgG,Polyclonal,3.0,150.0,7.6,1.0,43.0758,25.475,Histidine,6.0,15.0,none,0.0,none,0.0,none,0.0,none,0.0,0.9,0.9,1.574814444384583,1.574814444384583,1.3311787249163525,1.264930333759978,1.069121644149573,
508.0_p3conc_58.4_i15,poly-hIgG,Polyclonal,3.0,150.0,7.6,1.0,58.4112,25.475,Histidine,6.0,15.0,none,0.0,none,0.0,none,0.0,none,0.0,0.9,0.9,1.9083064345546665,1.9083064345546665,1.4932944937450512,1.4932944937450512,1.103324312212673,
508.0_p3conc_58.9_i16,poly-hIgG,Polyclonal,3.0,150.0,7.6,1.0,58.9412,25.475,Histidine,6.0,15.0,none,0.0,none,0.0,none,0.0,none,0.0,0.9,0.9,1.7806020107687757,1.7806020107687757,1.6283253074375252,1.5538065906853151,1.1974134753471515,
508.0_p3conc_66.9_i17,poly-hIgG,Polyclonal,3.0,150.0,7.6,1.0,66.8994,25.475,Histidine,6.0,15.0,none,0.0,none,0.0,none,0.0,none,0.0,0.9,0.9,2.133092085516311,2.133092085516311,1.590501717166524,1.590501717166524,1.178709011065587,
508.0_p3conc_76.6_i18,poly-hIgG,Polyclonal,3.0,150.0,7.6,1.0,76.621,25.475,Histidine,6.0,15.0,none,0.0,none,0.0,none,0.0,none,0.0,0.9,0.9,2.611387954606485,2.2971963699453073,1.712632422257071,1.712632422257071,1.2842447932684542,
508.0_p3conc_80.7_i19,poly-hIgG,Polyclonal,3.0,150.0,7.6,1.0,80.6501,25.475,Histidine,6.0,15.0,none,0.0,none,0.0,none,0.0,none,0.0,0.9,0.9,2.546964380579333,2.5353160114421662,1.7582326051658557,1.7582326051658557,1.3577159574927853,
508.0_p3conc_87.8_i20,poly-hIgG,Polyclonal,3.0,150.0,7.6,1.0,87.7554,25.475,Histidine,6.0,15.0,none,0.0,none,0.0,none,0.0,none,0.0,0.9,0.9,2.923851367152669,2.680462123987789,2.0075954175697563,2.0075954175697563,1.4171150668042105,
508.0_p3conc_100.5_i21,poly-hIgG,Polyclonal,3.0,150.0,7.6,1.0,100.5076,25.475,Histidine,6.0,15.0,none,0.0,none,0.0,none,0.0,none,0.0,0.9,0.9,3.407984568671993,3.2595201717182767,2.057184189191697,2.057184189191697,1.4619223297912542,
508.0_p3conc_110.4_i22,poly-hIgG,Polyclonal,3.0,150.0,7.6,1.0,110.3547,25.475,Histidine,6.0,15.0,none,0.0,none,0.0,none,0.0,none,0.0,0.9,0.9,3.561031617291993,3.561031617291993,2.246305242725329,2.246305242725329,1.392046496003024,
508.0_p3conc_115.1_i23,poly-hIgG,Polyclonal,3.0,150.0,7.6,1.0,115.1132,25.475,Histidine,6.0,15.0,none,0.0,none,0.0,none,0.0,none,0.0,0.9,0.9,3.851599783563594,3.851599783563594,2.6354740745035703,2.606607594732559,1.5670790304223925,
508.0_p3conc_131.8_i24,poly-hIgG,Polyclonal,3.0,150.0,7.6,1.0,131.8412,25.475,Histidine,6.0,15.0,none,0.0,none,0.0,none,0.0,none,0.0,0.9,0.9,4.8083493558994945,4.807459490937432,2.927144751242049,2.927144751242049,1.5184532859869344,
337.0_p3conc_1.4_i0,poly-hIgG,Polyclonal,3.0,150.0,7.6,1.0,1.4028,25.0,Histidine,6.0,23.0,none,0.0,none,0.0,none,0.0,none,0.0,0.9,0.9,0.91,0.91,0.91,0.91,0.91,
337.0_p3conc_1.7_i1,poly-hIgG,Polyclonal,3.0,150.0,7.6,1.0,1.71,25.0,Histidine,6.0,23.0,none,0.0,none,0.0,none,0.0,none,0.0,0.9,0.9,0.91,0.91,0.91,0.91,0.91,
337.0_p3conc_2.0_i2,poly-hIgG,Polyclonal,3.0,150.0,7.6,1.0,1.968,25.0,Histidine,6.0,23.0,none,0.0,none,0.0,none,0.0,none,0.0,0.9,0.9,0.9121662280739041,0.91,0.91,0.91,0.91,
337.0_p3conc_2.8_i3,poly-hIgG,Polyclonal,3.0,150.0,7.6,1.0,2.7608,25.0,Histidine,6.0,23.0,none,0.0,none,0.0,none,0.0,none,0.0,0.9,0.9,0.91,0.91,0.91,0.91,0.91,
337.0_p3conc_2.9_i4,poly-hIgG,Polyclonal,3.0,150.0,7.6,1.0,2.924,25.0,Histidine,6.0,23.0,none,0.0,none,0.0,none,0.0,none,0.0,0.9,0.9,0.939814612531386,0.9321759739311352,0.9162804164102599,0.9162804164102599,0.9162804164102599,
337.0_p3conc_3.9_i5,poly-hIgG,Polyclonal,3.0,150.0,7.6,1.0,3.873,25.0,Histidine,6.0,23.0,none,0.0,none,0.0,none,0.0,none,0.0,0.9,0.9,0.9383816028195893,0.9383816028195893,0.9383816028195893,0.9383816028195893,0.9383816028195893,
337.0_p3conc_5.0_i6,poly-hIgG,Polyclonal,3.0,150.0,7.6,1.0,5.0,25.0,Histidine,6.0,23.0,none,0.0,none,0.0,none,0.0,none,0.0,0.9,0.9,0.91,0.91,0.91,0.91,0.91,
337.0_p3conc_5.4_i7,poly-hIgG,Polyclonal,3.0,150.0,7.6,1.0,5.4332,25.0,Histidine,6.0,23.0,none,0.0,none,0.0,none,0.0,none,0.0,0.9,0.9,1.0030679986355133,0.9198664128487345,0.9198664128487345,0.9198664128487345,0.91,
337.0_p3conc_7.6_i8,poly-hIgG,Polyclonal,3.0,150.0,7.6,1.0,7.622,25.0,Histidine,6.0,23.0,none,0.0,none,0.0,none,0.0,none,0.0,0.9,0.9,0.9726624287051854,0.9726624287051854,0.9438114121318647,0.9359778676647755,0.9359778676647755,
337.0_p3conc_8.5_i9,poly-hIgG,Polyclonal,3.0,150.0,7.6,1.0,8.5499,25.0,Histidine,6.0,23.0,none,0.0,none,0.0,none,0.0,none,0.0,0.9,0.9,1.0263414933723591,1.0189051861876774,0.9506722961561732,0.9506722961561732,0.9288938050883385,
337.0_p3conc_10.7_i10,poly-hIgG,Polyclonal,3.0,150.0,7.6,1.0,10.6925,25.0,Histidine,6.0,23.0,none,0.0,none,0.0,none,0.0,none,0.0,0.9,0.9,0.9404462619992898,0.9404462619992898,0.9404462619992898,0.9404462619992898,0.9404462619992898,
337.0_p3conc_14.6_i11,poly-hIgG,Polyclonal,3.0,150.0,7.6,1.0,14.6201,25.0,Histidine,6.0,23.0,none,0.0,none,0.0,none,0.0,none,0.0,0.9,0.9,1.037634492576424,1.037634492576424,1.037634492576424,0.9976542647996524,0.9961857794373886,
337.0_p3conc_15.0_i12,poly-hIgG,Polyclonal,3.0,150.0,7.6,1.0,15.0,25.0,Histidine,6.0,23.0,none,0.0,none,0.0,none,0.0,none,0.0,0.9,0.9,1.051694354069624,0.9981123803571523,0.9981123803571523,0.9981123803571523,0.9981123803571523,
337.0_p3conc_21.0_i13,poly-hIgG,Polyclonal,3.0,150.0,7.6,1.0,21.0428,25.0,Histidine,6.0,23.0,none,0.0,none,0.0,none,0.0,none,0.0,0.9,0.9,1.119473124692738,1.0888307037430829,1.0888307037430829,1.077703719179453,1.0768351934757165,
337.0_p3conc_25.0_i14,poly-hIgG,Polyclonal,3.0,150.0,7.6,1.0,25.0,25.0,Histidine,6.0,23.0,none,0.0,none,0.0,none,0.0,none,0.0,0.9,0.9,1.1598842453165792,1.1598842453165792,1.1598842453165792,1.0956356749362623,1.0956356749362623,
337.0_p3conc_29.5_i15,poly-hIgG,Polyclonal,3.0,150.0,7.6,1.0,29.5198,25.0,Histidine,6.0,23.0,none,0.0,none,0.0,none,0.0,none,0.0,0.9,0.9,1.3172511359742995,1.3172511359742995,1.2395205442929988,1.2253203675471986,1.2253203675471986,
337.0_p3conc_41.4_i16,poly-hIgG,Polyclonal,3.0,150.0,7.6,1.0,41.4119,25.0,Histidine,6.0,23.0,none,0.0,none,0.0,none,0.0,none,0.0,0.9,0.9,1.4983049203231706,1.3821527070777504,1.3820445766689418,1.3820445766689418,1.191463994216872,
337.0_p3conc_42.7_i17,poly-hIgG,Polyclonal,3.0,150.0,7.6,1.0,42.7494,25.0,Histidine,6.0,23.0,none,0.0,none,0.0,none,0.0,none,0.0,0.9,0.9,1.5173032556116628,1.4655608462494727,1.4655608462494727,1.386216412687855,1.2253157880541785,
337.0_p3conc_58.1_i18,poly-hIgG,Polyclonal,3.0,150.0,7.6,1.0,58.0948,25.0,Histidine,6.0,23.0,none,0.0,none,0.0,none,0.0,none,0.0,0.9,0.9,1.828821346787883,1.6904280094601092,1.6776938951343436,1.6384620692891676,1.4349147358389085,
337.0_p3conc_73.1_i19,poly-hIgG,Polyclonal,3.0,150.0,7.6,1.0,73.1004,25.0,Histidine,6.0,23.0,none,0.0,none,0.0,none,0.0,none,0.0,0.9,0.9,1.924413683708507,1.924413683708507,1.924413683708507,1.924413683708507,1.5353711922825812,
337.0_p3conc_81.5_i20,poly-hIgG,Polyclonal,3.0,150.0,7.6,1.0,81.4982,25.0,Histidine,6.0,23.0,none,0.0,none,0.0,none,0.0,none,0.0,0.9,0.9,2.0421364245453137,2.022358839316061,2.022358839316061,2.022358839316061,1.7091499221085,
337.0_p3conc_114.3_i21,poly-hIgG,Polyclonal,3.0,150.0,7.6,1.0,114.3299,25.0,Histidine,6.0,23.0,none,0.0,none,0.0,none,0.0,none,0.0,0.9,0.9,3.2562846760808624,3.2562846760808624,3.1902231492818767,2.9354286383038053,2.316650101258257,
337.0_p3conc_134.5_i22,poly-hIgG,Polyclonal,3.0,150.0,7.6,1.0,134.53,25.0,Histidine,6.0,23.0,none,0.0,none,0.0,none,0.0,none,0.0,0.9,0.9,4.004233574786073,4.004233574786073,4.004233574786073,3.529692295571461,2.52718771698002,
337.0_p3conc_144.8_i23,poly-hIgG,Polyclonal,3.0,150.0,7.6,1.0,144.7865,25.0,Histidine,6.0,23.0,none,0.0,none,0.0,none,0.0,none,0.0,0.9,0.9,4.307762453467013,4.307762453467013,4.307762453467013,3.8930532690305157,2.8432317750569656,
337.0_p3conc_155.8_i24,poly-hIgG,Polyclonal,3.0,150.0,7.6,1.0,155.825,25.0,Histidine,6.0,23.0,none,0.0,none,0.0,none,0.0,none,0.0,0.9,0.9,5.009687073882038,5.009687073882038,5.009687073882038,4.722894260828664,3.0580847864916394,
337.0_p3conc_160.4_i25,poly-hIgG,Polyclonal,3.0,150.0,7.6,1.0,160.3877,25.0,Histidine,6.0,23.0,none,0.0,none,0.0,none,0.0,none,0.0,0.9,0.9,4.959903727931154,4.959903727931154,4.959903727931154,4.498459560613887,3.4932210557194345,
337.0_p3conc_167.7_i26,poly-hIgG,Polyclonal,3.0,150.0,7.6,1.0,167.705,25.0,Histidine,6.0,23.0,none,0.0,none,0.0,none,0.0,none,0.0,0.9,0.9,5.741586849126551,5.741586849126551,5.564302131726124,5.240302577548832,3.1776061239133138,
337.0_p3conc_180.5_i27,poly-hIgG,Polyclonal,3.0,150.0,7.6,1.0,180.4908,25.0,Histidine,6.0,23.0,none,0.0,none,0.0,none,0.0,none,0.0,0.9,0.9,7.300899117389981,7.021429212150978,6.914558011357149,5.484853853688254,3.7393466876222217,
337.0_p3conc_194.3_i28,poly-hIgG,Polyclonal,3.0,150.0,7.6,1.0,194.2513,25.0,Histidine,6.0,23.0,none,0.0,none,0.0,none,0.0,none,0.0,0.9,0.9,8.133376099207187,7.905898515602571,7.345932698292218,6.545022756169761,4.040049713418109,
337.0_p3conc_209.1_i29,poly-hIgG,Polyclonal,3.0,150.0,7.6,1.0,209.061,25.0,Histidine,6.0,23.0,none,0.0,none,0.0,none,0.0,none,0.0,0.9,0.9,8.811789821294004,8.811789821294004,8.293018299969486,8.103889709958025,4.363962100729731,
344.0_p3conc_1.4_i0,poly-hIgG,Polyclonal,3.0,150.0,7.6,1.0,1.4028,25.0,Histidine,6.0,48.0,none,0.0,none,0.0,none,0.0,none,0.0,0.9,0.9,0.91,0.91,0.91,0.91,0.91,
344.0_p3conc_1.7_i1,poly-hIgG,Polyclonal,3.0,150.0,7.6,1.0,1.71,25.0,Histidine,6.0,48.0,none,0.0,none,0.0,none,0.0,none,0.0,0.9,0.9,0.91,0.91,0.91,0.91,0.91,
344.0_p3conc_2.0_i2,poly-hIgG,Polyclonal,3.0,150.0,7.6,1.0,1.968,25.0,Histidine,6.0,48.0,none,0.0,none,0.0,none,0.0,none,0.0,0.9,0.9,0.9525446173151245,0.9464705275787573,0.91,0.91,0.91,
344.0_p3conc_2.8_i3,poly-hIgG,Polyclonal,3.0,150.0,7.6,1.0,2.7608,25.0,Histidine,6.0,48.0,none,0.0,none,0.0,none,0.0,none,0.0,0.9,0.9,0.9454653459788124,0.91,0.91,0.91,0.91,
344.0_p3conc_2.9_i4,poly-hIgG,Polyclonal,3.0,150.0,7.6,1.0,2.924,25.0,Histidine,6.0,48.0,none,0.0,none,0.0,none,0.0,none,0.0,0.9,0.9,0.967810841773115,0.91,0.91,0.91,0.91,
344.0_p3conc_3.9_i5,poly-hIgG,Polyclonal,3.0,150.0,7.6,1.0,3.873,25.0,Histidine,6.0,48.0,none,0.0,none,0.0,none,0.0,none,0.0,0.9,0.9,0.9194084240122706,0.9194084240122706,0.9194084240122706,0.9194084240122706,0.9194084240122706,
344.0_p3conc_5.0_i6,poly-hIgG,Polyclonal,3.0,150.0,7.6,1.0,5.0,25.0,Histidine,6.0,48.0,none,0.0,none,0.0,none,0.0,none,0.0,0.9,0.9,0.9502265152397612,0.9428101269318441,0.91,0.91,0.91,
344.0_p3conc_5.4_i7,poly-hIgG,Polyclonal,3.0,150.0,7.6,1.0,5.4332,25.0,Histidine,6.0,48.0,none,0.0,none,0.0,none,0.0,none,0.0,0.9,0.9,0.9350276002434982,0.9350276002434982,0.9307224087458319,0.9307224087458319,0.9307224087458319,
344.0_p3conc_7.6_i8,poly-hIgG,Polyclonal,3.0,150.0,7.6,1.0,7.622,25.0,Histidine,6.0,48.0,none,0.0,none,0.0,none,0.0,none,0.0,0.9,0.9,1.0008283401134135,0.9654814273517236,0.915351029357878,0.915351029357878,0.915351029357878,
344.0_p3conc_8.5_i9,poly-hIgG,Polyclonal,3.0,150.0,7.6,1.0,8.5499,25.0,Histidine,6.0,48.0,none,0.0,none,0.0,none,0.0,none,0.0,0.9,0.9,1.0830152315293768,0.9524537653425815,0.9524537653425815,0.9430555326976371,0.9250793308767153,
344.0_p3conc_10.7_i10,poly-hIgG,Polyclonal,3.0,150.0,7.6,1.0,10.6925,25.0,Histidine,6.0,48.0,none,0.0,none,0.0,none,0.0,none,0.0,0.9,0.9,0.9543016343431512,0.91,0.91,0.91,0.91,
344.0_p3conc_14.6_i11,poly-hIgG,Polyclonal,3.0,150.0,7.6,1.0,14.6201,25.0,Histidine,6.0,48.0,none,0.0,none,0.0,none,0.0,none,0.0,0.9,0.9,0.9627112627201947,0.9627112627201947,0.9627112627201947,0.9627112627201947,0.9627112627201947,
344.0_p3conc_15.0_i12,poly-hIgG,Polyclonal,3.0,150.0,7.6,1.0,15.0,25.0,Histidine,6.0,48.0,none,0.0,none,0.0,none,0.0,none,0.0,0.9,0.9,0.992219123070675,0.9842112188971913,0.9842112188971913,0.9842112188971913,0.9842112188971913,
344.0_p3conc_21.0_i13,poly-hIgG,Polyclonal,3.0,150.0,7.6,1.0,21.0428,25.0,Histidine,6.0,48.0,none,0.0,none,0.0,none,0.0,none,0.0,0.9,0.9,0.9803374975246273,0.9803374975246273,0.9803374975246273,0.9803374975246273,0.9803374975246273,
344.0_p3conc_25.0_i14,poly-hIgG,Polyclonal,3.0,150.0,7.6,1.0,25.0,25.0,Histidine,6.0,48.0,none,0.0,none,0.0,none,0.0,none,0.0,0.9,0.9,1.1362132605221489,1.1234515120519997,1.0592849130881128,1.0592849130881128,1.0592849130881128,
344.0_p3conc_29.5_i15,poly-hIgG,Polyclonal,3.0,150.0,7.6,1.0,29.5198,25.0,Histidine,6.0,48.0,none,0.0,none,0.0,none,0.0,none,0.0,0.9,0.9,1.1964584263257547,1.1964584263257547,1.1693392268428313,1.1693392268428313,1.167185297367942,
344.0_p3conc_41.4_i16,poly-hIgG,Polyclonal,3.0,150.0,7.6,1.0,41.4119,25.0,Histidine,6.0,48.0,none,0.0,none,0.0,none,0.0,none,0.0,0.9,0.9,1.2506363738331898,1.2506363738331898,1.2506363738331898,1.2334580991096233,1.2334580991096233,
344.0_p3conc_42.7_i17,poly-hIgG,Polyclonal,3.0,150.0,7.6,1.0,42.7494,25.0,Histidine,6.0,48.0,none,0.0,none,0.0,none,0.0,none,0.0,0.9,0.9,1.2946531947381097,1.2826917739175723,1.2826917739175723,1.2826917739175723,1.2122524102412329,
344.0_p3conc_58.1_i18,poly-hIgG,Polyclonal,3.0,150.0,7.6,1.0,58.0948,25.0,Histidine,6.0,48.0,none,0.0,none,0.0,none,0.0,none,0.0,0.9,0.9,1.3913182341832022,1.3574249479683418,1.3574249479683418,1.3574249479683418,1.3574249479683418,
344.0_p3conc_73.1_i19,poly-hIgG,Polyclonal,3.0,150.0,7.6,1.0,73.1004,25.0,Histidine,6.0,48.0,none,0.0,none,0.0,none,0.0,none,0.0,0.9,0.9,1.5938023558793357,1.5938023558793357,1.5938023558793357,1.5938023558793357,1.5938023558793357,
344.0_p3conc_81.5_i20,poly-hIgG,Polyclonal,3.0,150.0,7.6,1.0,81.4982,25.0,Histidine,6.0,48.0,none,0.0,none,0.0,none,0.0,none,0.0,0.9,0.9,1.8045785038402613,1.8045785038402613,1.8045785038402613,1.7721143140195479,1.736450268839269,
344.0_p3conc_114.3_i21,poly-hIgG,Polyclonal,3.0,150.0,7.6,1.0,114.3299,25.0,Histidine,6.0,48.0,none,0.0,none,0.0,none,0.0,none,0.0,0.9,0.9,2.20362249059262,2.20362249059262,2.20362249059262,2.20362249059262,2.20362249059262,
344.0_p3conc_134.5_i22,poly-hIgG,Polyclonal,3.0,150.0,7.6,1.0,134.53,25.0,Histidine,6.0,48.0,none,0.0,none,0.0,none,0.0,none,0.0,0.9,0.9,2.777999789253651,2.550294381297045,2.550294381297045,2.550294381297045,2.550294381297045,
344.0_p3conc_144.8_i23,poly-hIgG,Polyclonal,3.0,150.0,7.6,1.0,144.7865,25.0,Histidine,6.0,48.0,none,0.0,none,0.0,none,0.0,none,0.0,0.9,0.9,2.865310241296313,2.865310241296313,2.865310241296313,2.865310241296313,2.865310241296313,
344.0_p3conc_155.8_i24,poly-hIgG,Polyclonal,3.0,150.0,7.6,1.0,155.825,25.0,Histidine,6.0,48.0,none,0.0,none,0.0,none,0.0,none,0.0,0.9,0.9,3.176138786230659,3.0849090009478486,3.0849090009478486,3.0849090009478486,3.0849090009478486,
344.0_p3conc_160.4_i25,poly-hIgG,Polyclonal,3.0,150.0,7.6,1.0,160.3877,25.0,Histidine,6.0,48.0,none,0.0,none,0.0,none,0.0,none,0.0,0.9,0.9,3.153074432912209,3.153074432912209,3.153074432912209,3.153074432912209,3.153074432912209,
344.0_p3conc_167.7_i26,poly-hIgG,Polyclonal,3.0,150.0,7.6,1.0,167.705,25.0,Histidine,6.0,48.0,none,0.0,none,0.0,none,0.0,none,0.0,0.9,0.9,3.4976534375348973,3.4976534375348973,3.4976534375348973,3.4976534375348973,3.4976534375348973,
344.0_p3conc_180.5_i27,poly-hIgG,Polyclonal,3.0,150.0,7.6,1.0,180.4908,25.0,Histidine,6.0,48.0,none,0.0,none,0.0,none,0.0,none,0.0,0.9,0.9,4.275559794848734,3.996010100766965,3.5653306230347863,3.5653306230347863,3.5653306230347863,
344.0_p3conc_194.3_i28,poly-hIgG,Polyclonal,3.0,150.0,7.6,1.0,194.2513,25.0,Histidine,6.0,48.0,none,0.0,none,0.0,none,0.0,none,0.0,0.9,0.9,4.460490856450583,4.037082965208447,4.037082965208447,4.037082965208447,4.037082965208447,
344.0_p3conc_209.1_i29,poly-hIgG,Polyclonal,3.0,150.0,7.6,1.0,209.061,25.0,Histidine,6.0,48.0,none,0.0,none,0.0,none,0.0,none,0.0,0.9,0.9,4.8481563861621755,4.8481563861621755,4.767323267956237,4.767323267956237,4.7123839429589545,
351.0_p3conc_1.4_i0,poly-hIgG,Polyclonal,3.0,150.0,7.6,1.0,1.4206,25.0,Histidine,6.0,50.0,none,0.0,none,0.0,none,0.0,none,0.0,0.9,0.9,0.91,0.91,0.91,0.91,0.91,
351.0_p3conc_2.0_i1,poly-hIgG,Polyclonal,3.0,150.0,7.6,1.0,2.018,25.0,Histidine,6.0,50.0,none,0.0,none,0.0,none,0.0,none,0.0,0.9,0.9,0.9672147267166855,0.9178419562228557,0.91,0.91,0.91,
351.0_p3conc_2.1_i2,poly-hIgG,Polyclonal,3.0,150.0,7.6,1.0,2.0536,25.0,Histidine,6.0,50.0,none,0.0,none,0.0,none,0.0,none,0.0,0.9,0.9,0.92909586116116,0.91,0.91,0.91,0.91,
351.0_p3conc_2.9_i3,poly-hIgG,Polyclonal,3.0,150.0,7.6,1.0,2.8667,25.0,Histidine,6.0,50.0,none,0.0,none,0.0,none,0.0,none,0.0,0.9,0.9,0.9335889008270671,0.9335889008270671,0.9335889008270671,0.91,0.91,
351.0_p3conc_4.1_i4,poly-hIgG,Polyclonal,3.0,150.0,7.6,1.0,4.0722,25.0,Histidine,6.0,50.0,none,0.0,none,0.0,none,0.0,none,0.0,0.9,0.9,0.9924587333064441,0.91,0.91,0.91,0.91,
351.0_p3conc_4.2_i5,poly-hIgG,Polyclonal,3.0,150.0,7.6,1.0,4.2172,25.0,Histidine,6.0,50.0,none,0.0,none,0.0,none,0.0,none,0.0,0.9,0.9,0.983841376095887,0.983841376095887,0.9790612883847286,0.9266176909925149,0.91,
351.0_p3conc_5.8_i6,poly-hIgG,Polyclonal,3.0,150.0,7.6,1.0,5.7848,25.0,Histidine,6.0,50.0,none,0.0,none,0.0,none,0.0,none,0.0,0.9,0.9,0.9591045998951923,0.9591045998951923,0.9591045998951923,0.91,0.91,
351.0_p3conc_8.2_i7,poly-hIgG,Polyclonal,3.0,150.0,7.6,1.0,8.2177,25.0,Histidine,6.0,50.0,none,0.0,none,0.0,none,0.0,none,0.0,0.9,0.9,0.996582551588304,0.996582551588304,0.9628483756233994,0.9628483756233994,0.91,
351.0_p3conc_8.7_i8,poly-hIgG,Polyclonal,3.0,150.0,7.6,1.0,8.6603,25.0,Histidine,6.0,50.0,none,0.0,none,0.0,none,0.0,none,0.0,0.9,0.9,0.9714121711587195,0.9714121711587195,0.9714121711587195,0.9331133062796598,0.9331133062796598,
351.0_p3conc_11.7_i9,poly-hIgG,Polyclonal,3.0,150.0,7.6,1.0,11.6737,25.0,Histidine,6.0,50.0,none,0.0,none,0.0,none,0.0,none,0.0,0.9,0.9,0.9549045532870797,0.9549045532870797,0.9549045532870797,0.9377757199686747,0.9377757199686747,
351.0_p3conc_16.6_i10,poly-hIgG,Polyclonal,3.0,150.0,7.6,1.0,16.5831,25.0,Histidine,6.0,50.0,none,0.0,none,0.0,none,0.0,none,0.0,0.9,0.9,1.0594582503024905,1.0594582503024905,1.0594582503024905,0.9261547187510607,0.9261547187510607,
351.0_p3conc_17.8_i11,poly-hIgG,Polyclonal,3.0,150.0,7.6,1.0,17.7845,25.0,Histidine,6.0,50.0,none,0.0,none,0.0,none,0.0,none,0.0,0.9,0.9,1.0577857476117332,1.0577857476117332,1.0577857476117332,0.9735689489196964,0.9234309710910612,
351.0_p3conc_23.6_i12,poly-hIgG,Polyclonal,3.0,150.0,7.6,1.0,23.5573,25.0,Histidine,6.0,50.0,none,0.0,none,0.0,none,0.0,none,0.0,0.9,0.9,1.1571985541184275,1.1571985541184275,1.102672249069739,0.9805099287476002,0.9306055791127795,
351.0_p3conc_33.5_i13,poly-hIgG,Polyclonal,3.0,150.0,7.6,1.0,33.4644,25.0,Histidine,6.0,50.0,none,0.0,none,0.0,none,0.0,none,0.0,0.9,0.9,1.2800546204721586,1.2800546204721586,1.2588372046595293,1.0683414143915129,0.9348872196645552,
351.0_p3conc_36.5_i14,poly-hIgG,Polyclonal,3.0,150.0,7.6,1.0,36.5217,25.0,Histidine,6.0,50.0,none,0.0,none,0.0,none,0.0,none,0.0,0.9,0.9,1.3205595099961234,1.3205595099961234,1.3205595099961234,1.0380032053867032,0.9123085010190443,
351.0_p3conc_47.5_i15,poly-hIgG,Polyclonal,3.0,150.0,7.6,1.0,47.538,25.0,Histidine,6.0,50.0,none,0.0,none,0.0,none,0.0,none,0.0,0.9,0.9,1.5222581774685648,1.5154328801954007,1.5154328801954007,1.17323898537169,0.958730224258148,
351.0_p3conc_67.5_i16,poly-hIgG,Polyclonal,3.0,150.0,7.6,1.0,67.5305,25.0,Histidine,6.0,50.0,none,0.0,none,0.0,none,0.0,none,0.0,0.9,0.9,1.8041673363541515,1.8041673363541515,1.8041673363541515,1.4109569633480818,1.16254104439252,
351.0_p3conc_85.2_i17,poly-hIgG,Polyclonal,3.0,150.0,7.6,1.0,85.2164,25.0,Histidine,6.0,50.0,none,0.0,none,0.0,none,0.0,none,0.0,0.9,0.9,2.5292792986402515,2.3006012962261444,2.3006012962261444,1.5987607018896328,1.2967791824308499,
351.0_p3conc_95.9_i18,poly-hIgG,Polyclonal,3.0,150.0,7.6,1.0,95.9308,25.0,Histidine,6.0,50.0,none,0.0,none,0.0,none,0.0,none,0.0,0.9,0.9,2.9924765791753423,2.5311513089114617,2.4703763882804397,1.852035925981163,1.6562664127604403,
351.0_p3conc_96.8_i19,poly-hIgG,Polyclonal,3.0,150.0,7.6,1.0,96.8247,25.0,Histidine,6.0,50.0,none,0.0,none,0.0,none,0.0,none,0.0,0.9,0.9,2.976615587075893,2.640487053259096,2.517244375622606,1.8683549830021742,1.6921940990627329,
384.0_p3conc_110.0_i20,poly-hIgG,Polyclonal,3.0,150.0,7.6,1.0,110.014,25.0,Histidine,6.0,50.0,none,0.0,none,0.0,none,0.0,none,0.0,0.9,0.9,3.6843937838800525,3.102593825030211,2.9232204489837232,2.4939370188645085,2.3199549994683046,
384.0_p3conc_136.0_i21,poly-hIgG,Polyclonal,3.0,150.0,7.6,1.0,135.9697,25.0,Histidine,6.0,50.0,none,0.0,none,0.0,none,0.0,none,0.0,0.9,0.9,5.114935444940799,4.08641907303919,3.8858637163547955,3.810661472654077,3.090693138717783,
384.0_p3conc_136.3_i22,poly-hIgG,Polyclonal,3.0,150.0,7.6,1.0,136.2749,25.0,Histidine,6.0,50.0,none,0.0,none,0.0,none,0.0,none,0.0,0.9,0.9,4.935064972146726,3.8605933717343097,3.8605933717343097,3.608673068084006,3.0268507712346633,
384.0_p3conc_147.9_i23,poly-hIgG,Polyclonal,3.0,150.0,7.6,1.0,147.902,25.0,Histidine,6.0,50.0,none,0.0,none,0.0,none,0.0,none,0.0,0.9,0.9,5.455659300649453,4.1670356219401254,4.1670356219401254,3.7956863939777974,2.7956495995924824,
353.0_p3conc_160.9_i24,poly-hIgG,Polyclonal,3.0,150.0,7.6,1.0,160.8815,25.0,Histidine,6.0,50.0,none,0.0,none,0.0,none,0.0,none,0.0,0.9,0.9,6.131140184321711,5.456149463818677,5.171222657295175,5.063641120618963,2.8123388209590194,
353.0_p3conc_185.2_i25,poly-hIgG,Polyclonal,3.0,150.0,7.6,1.0,185.1719,25.0,Histidine,6.0,50.0,none,0.0,none,0.0,none,0.0,none,0.0,0.9,0.9,7.392635352257184,7.238595112573988,7.140800804772424,6.764266005475603,3.6491186953532355,
353.0_p3conc_193.6_i26,poly-hIgG,Polyclonal,3.0,150.0,7.6,1.0,193.586,25.0,Histidine,6.0,50.0,none,0.0,none,0.0,none,0.0,none,0.0,0.9,0.9,7.847756857143724,7.2084594456008055,7.2084594456008055,7.2084594456008055,3.6782819465603214,
353.0_p3conc_195.9_i27,poly-hIgG,Polyclonal,3.0,150.0,7.6,1.0,195.935,25.0,Histidine,6.0,50.0,none,0.0,none,0.0,none,0.0,none,0.0,0.9,0.9,7.939133573020718,7.939133573020718,7.939133573020718,7.1013223173326345,3.910726122666463,
353.0_p3conc_207.3_i28,poly-hIgG,Polyclonal,3.0,150.0,7.6,1.0,207.3237,25.0,Histidine,6.0,50.0,none,0.0,none,0.0,none,0.0,none,0.0,0.9,0.9,8.443113198955535,8.443113198955535,8.443113198955535,8.443113198955535,4.3949709267424,
353.0_p3conc_219.4_i29,poly-hIgG,Polyclonal,3.0,150.0,7.6,1.0,219.3739,25.0,Histidine,6.0,50.0,none,0.0,none,0.0,none,0.0,none,0.0,0.9,0.9,10.114193730767097,10.114193730767097,10.114193730767097,10.114193730767097,5.097992286434411,
353.0_p3conc_232.1_i30,poly-hIgG,Polyclonal,3.0,150.0,7.6,1.0,232.125,25.0,Histidine,6.0,50.0,none,0.0,none,0.0,none,0.0,none,0.0,0.9,0.9,11.752781973871821,11.752781973871821,11.752781973871821,11.71135093832143,5.997269574953525,
353.0_p3conc_245.6_i31,poly-hIgG,Polyclonal,3.0,150.0,7.6,1.0,245.6173,25.0,Histidine,6.0,50.0,none,0.0,none,0.0,none,0.0,none,0.0,0.9,0.9,14.222109346787356,14.06126094294323,13.924992861492365,13.866032160990951,6.6657004353293345,
353.0_p3conc_259.9_i32,poly-hIgG,Polyclonal,3.0,150.0,7.6,1.0,259.8938,25.0,Histidine,6.0,50.0,none,0.0,none,0.0,none,0.0,none,0.0,0.9,0.9,17.84702024409129,16.445041279364457,16.2043324737109,16.2043324737109,8.052794652071626,
352.0_p3conc_1.4_i0,poly-hIgG,Polyclonal,3.0,150.0,7.6,1.0,1.4206,25.0,Histidine,6.0,75.0,none,0.0,none,0.0,none,0.0,none,0.0,0.9,0.9,0.9411276060623212,0.91,0.91,0.91,0.91,
352.0_p3conc_2.0_i1,poly-hIgG,Polyclonal,3.0,150.0,7.6,1.0,2.018,25.0,Histidine,6.0,75.0,none,0.0,none,0.0,none,0.0,none,0.0,0.9,0.9,1.0216902789278581,0.91,0.91,0.91,0.91,
352.0_p3conc_2.1_i2,poly-hIgG,Polyclonal,3.0,150.0,7.6,1.0,2.0536,25.0,Histidine,6.0,75.0,none,0.0,none,0.0,none,0.0,none,0.0,0.9,0.9,0.9490405223577604,0.91,0.91,0.91,0.91,
352.0_p3conc_2.9_i3,poly-hIgG,Polyclonal,3.0,150.0,7.6,1.0,2.8667,25.0,Histidine,6.0,75.0,none,0.0,none,0.0,none,0.0,none,0.0,0.9,0.9,0.9972839558021912,0.91,0.91,0.91,0.91,
352.0_p3conc_4.1_i4,poly-hIgG,Polyclonal,3.0,150.0,7.6,1.0,4.0722,25.0,Histidine,6.0,75.0,none,0.0,none,0.0,none,0.0,none,0.0,0.9,0.9,0.9152900814724897,0.9152900814724897,0.9152900814724897,0.9152900814724897,0.9152900814724897,
352.0_p3conc_4.2_i5,poly-hIgG,Polyclonal,3.0,150.0,7.6,1.0,4.2172,25.0,Histidine,6.0,75.0,none,0.0,none,0.0,none,0.0,none,0.0,0.9,0.9,1.022094270587919,0.9488036704235162,0.91,0.91,0.91,
352.0_p3conc_5.8_i6,poly-hIgG,Polyclonal,3.0,150.0,7.6,1.0,5.7848,25.0,Histidine,6.0,75.0,none,0.0,none,0.0,none,0.0,none,0.0,0.9,0.9,0.91,0.91,0.91,0.91,0.91,
352.0_p3conc_8.2_i7,poly-hIgG,Polyclonal,3.0,150.0,7.6,1.0,8.2177,25.0,Histidine,6.0,75.0,none,0.0,none,0.0,none,0.0,none,0.0,0.9,0.9,1.0014794838630727,0.9271843638624724,0.9271843638624724,0.9232062599536267,0.9232062599536267,
352.0_p3conc_8.7_i8,poly-hIgG,Polyclonal,3.0,150.0,7.6,1.0,8.6603,25.0,Histidine,6.0,75.0,none,0.0,none,0.0,none,0.0,none,0.0,0.9,0.9,0.9568646158375236,0.91,0.91,0.91,0.91,
352.0_p3conc_11.7_i9,poly-hIgG,Polyclonal,3.0,150.0,7.6,1.0,11.6737,25.0,Histidine,6.0,75.0,none,0.0,none,0.0,none,0.0,none,0.0,0.9,0.9,0.9785884157084596,0.9785884157084596,0.9785884157084596,0.9785884157084596,0.91,
352.0_p3conc_16.6_i10,poly-hIgG,Polyclonal,3.0,150.0,7.6,1.0,16.5831,25.0,Histidine,6.0,75.0,none,0.0,none,0.0,none,0.0,none,0.0,0.9,0.9,1.038389727875441,1.0310048335777924,0.9941616357398319,0.9941616357398319,0.9387100122876723,
352.0_p3conc_17.8_i11,poly-hIgG,Polyclonal,3.0,150.0,7.6,1.0,17.7845,25.0,Histidine,6.0,75.0,none,0.0,none,0.0,none,0.0,none,0.0,0.9,0.9,1.061016724640111,1.061016724640111,1.0468257600771727,0.981832424389257,0.9218958562094222,
352.0_p3conc_23.6_i12,poly-hIgG,Polyclonal,3.0,150.0,7.6,1.0,23.5573,25.0,Histidine,6.0,75.0,none,0.0,none,0.0,none,0.0,none,0.0,0.9,0.9,1.1641283500841677,1.1641283500841677,1.1641283500841677,1.0763338793938584,0.9400395689177382,
352.0_p3conc_33.5_i13,poly-hIgG,Polyclonal,3.0,150.0,7.6,1.0,33.4644,25.0,Histidine,6.0,75.0,none,0.0,none,0.0,none,0.0,none,0.0,0.9,0.9,1.2131192756573004,1.20160323491831,1.20160323491831,1.0931452884028756,0.9422740060681449,
352.0_p3conc_36.5_i14,poly-hIgG,Polyclonal,3.0,150.0,7.6,1.0,36.5217,25.0,Histidine,6.0,75.0,none,0.0,none,0.0,none,0.0,none,0.0,0.9,0.9,1.3473105791161133,1.3473105791161133,1.2488269624336843,1.1876093991354184,0.9189457956715884,
352.0_p3conc_47.5_i15,poly-hIgG,Polyclonal,3.0,150.0,7.6,1.0,47.538,25.0,Histidine,6.0,75.0,none,0.0,none,0.0,none,0.0,none,0.0,0.9,0.9,1.3939219517813368,1.3939219517813368,1.3939219517813368,1.3939219517813368,1.041988476977752,
352.0_p3conc_67.5_i16,poly-hIgG,Polyclonal,3.0,150.0,7.6,1.0,67.5305,25.0,Histidine,6.0,75.0,none,0.0,none,0.0,none,0.0,none,0.0,0.9,0.9,1.7528991287603142,1.7528991287603142,1.744308349829284,1.4739502418923789,1.129945132285064,
352.0_p3conc_85.2_i17,poly-hIgG,Polyclonal,3.0,150.0,7.6,1.0,85.2164,25.0,Histidine,6.0,75.0,none,0.0,none,0.0,none,0.0,none,0.0,0.9,0.9,2.275314844672245,2.0671568833724736,2.0671568833724736,1.9410301622558566,1.263038044089769,
352.0_p3conc_95.9_i18,poly-hIgG,Polyclonal,3.0,150.0,7.6,1.0,95.9308,25.0,Histidine,6.0,75.0,none,0.0,none,0.0,none,0.0,none,0.0,0.9,0.9,2.413291605379845,2.3534687328596897,2.2904456429157403,2.1615579593510104,1.5296650796892763,
352.0_p3conc_96.8_i19,poly-hIgG,Polyclonal,3.0,150.0,7.6,1.0,96.8247,25.0,Histidine,6.0,75.0,none,0.0,none,0.0,none,0.0,none,0.0,0.9,0.9,2.783634708627965,2.230195565392985,2.230195565392985,2.182600977670476,1.444343195319361,
385.0_p3conc_110.0_i20,poly-hIgG,Polyclonal,3.0,150.0,7.6,1.0,110.014,25.0,Histidine,6.0,75.0,none,0.0,none,0.0,none,0.0,none,0.0,0.9,0.9,2.9854378697538237,2.732957755254472,2.563035543137464,2.563035543137464,1.9521090587528214,
385.0_p3conc_136.0_i21,poly-hIgG,Polyclonal,3.0,150.0,7.6,1.0,135.9697,25.0,Histidine,6.0,75.0,none,0.0,none,0.0,none,0.0,none,0.0,0.9,0.9,3.875189031757856,3.2320352586073535,3.2320352586073535,3.0355602022941413,2.5937098808077104,
385.0_p3conc_136.3_i22,poly-hIgG,Polyclonal,3.0,150.0,7.6,1.0,136.2749,25.0,Histidine,6.0,75.0,none,0.0,none,0.0,none,0.0,none,0.0,0.9,0.9,3.712813954327427,3.283562083660063,3.1026436484107682,3.1026436484107682,2.4380461918501495,
385.0_p3conc_147.9_i23,poly-hIgG,Polyclonal,3.0,150.0,7.6,1.0,147.902,25.0,Histidine,6.0,75.0,none,0.0,none,0.0,none,0.0,none,0.0,0.9,0.9,3.9787385117498544,3.672117821270385,3.582393849176278,3.1508827416067997,2.992153971636698,
354.0_p3conc_160.9_i24,poly-hIgG,Polyclonal,3.0,150.0,7.6,1.0,160.8815,25.0,Histidine,6.0,75.0,none,0.0,none,0.0,none,0.0,none,0.0,0.9,0.9,3.9630334545274253,3.868382640754283,3.868382640754283,3.6224527263857116,3.0469528004401636,
354.0_p3conc_185.2_i25,poly-hIgG,Polyclonal,3.0,150.0,7.6,1.0,185.1719,25.0,Histidine,6.0,75.0,none,0.0,none,0.0,none,0.0,none,0.0,0.9,0.9,4.788397375035203,4.549610160611496,4.549610160611496,4.487057735684423,3.885050315653572,
354.0_p3conc_193.6_i26,poly-hIgG,Polyclonal,3.0,150.0,7.6,1.0,193.586,25.0,Histidine,6.0,75.0,none,0.0,none,0.0,none,0.0,none,0.0,0.9,0.9,5.100908141461992,4.887632153623768,4.887632153623768,4.53208104958067,3.8282933317825028,
354.0_p3conc_195.9_i27,poly-hIgG,Polyclonal,3.0,150.0,7.6,1.0,195.935,25.0,Histidine,6.0,75.0,none,0.0,none,0.0,none,0.0,none,0.0,0.9,0.9,5.004919925336125,4.994240789352501,4.994240789352501,4.550104787647843,4.010238142954067,
354.0_p3conc_207.3_i28,poly-hIgG,Polyclonal,3.0,150.0,7.6,1.0,207.3237,25.0,Histidine,6.0,75.0,none,0.0,none,0.0,none,0.0,none,0.0,0.9,0.9,5.568405798456702,5.085519332656219,5.085519332656219,4.9823388085732025,4.7604471314124535,
354.0_p3conc_219.4_i29,poly-hIgG,Polyclonal,3.0,150.0,7.6,1.0,219.3739,25.0,Histidine,6.0,75.0,none,0.0,none,0.0,none,0.0,none,0.0,0.9,0.9,6.099731273928539,6.099731273928539,5.571342444646121,5.571342444646121,5.448717917774534,
354.0_p3conc_232.1_i30,poly-hIgG,Polyclonal,3.0,150.0,7.6,1.0,232.125,25.0,Histidine,6.0,75.0,none,0.0,none,0.0,none,0.0,none,0.0,0.9,0.9,6.3883573181485245,6.354788311822279,6.354788311822279,5.84008081962881,5.84008081962881,
354.0_p3conc_245.6_i31,poly-hIgG,Polyclonal,3.0,150.0,7.6,1.0,245.6173,25.0,Histidine,6.0,75.0,none,0.0,none,0.0,none,0.0,none,0.0,0.9,0.9,7.840204036327351,7.475467239700758,7.246634716408034,6.880081921893813,6.880081921893813,
354.0_p3conc_259.9_i32,poly-hIgG,Polyclonal,3.0,150.0,7.6,1.0,259.8938,25.0,Histidine,6.0,75.0,none,0.0,none,0.0,none,0.0,none,0.0,0.9,0.9,8.891479652058742,7.987475998662917,7.7887144157493555,7.7887144157493555,7.723560127680506,
386.0_p3conc_1.4_i0,poly-hIgG,Polyclonal,3.0,150.0,7.6,1.0,1.4028,25.0,Histidine,6.0,97.0,none,0.0,none,0.0,none,0.0,none,0.0,0.9,0.9,0.91,0.91,0.91,0.91,0.91,
386.0_p3conc_1.7_i1,poly-hIgG,Polyclonal,3.0,150.0,7.6,1.0,1.71,25.0,Histidine,6.0,97.0,none,0.0,none,0.0,none,0.0,none,0.0,0.9,0.9,0.91,0.91,0.91,0.91,0.91,
386.0_p3conc_2.0_i2,poly-hIgG,Polyclonal,3.0,150.0,7.6,1.0,1.968,25.0,Histidine,6.0,97.0,none,0.0,none,0.0,none,0.0,none,0.0,0.9,0.9,1.018196356182173,0.9485554734312958,0.9284659707064042,0.9284659707064042,0.9276678783418523,
386.0_p3conc_2.8_i3,poly-hIgG,Polyclonal,3.0,150.0,7.6,1.0,2.7608,25.0,Histidine,6.0,97.0,none,0.0,none,0.0,none,0.0,none,0.0,0.9,0.9,0.91,0.91,0.91,0.91,0.91,
386.0_p3conc_2.9_i4,poly-hIgG,Polyclonal,3.0,150.0,7.6,1.0,2.924,25.0,Histidine,6.0,97.0,none,0.0,none,0.0,none,0.0,none,0.0,0.9,0.9,0.9859483099935917,0.91,0.91,0.91,0.91,
386.0_p3conc_3.9_i5,poly-hIgG,Polyclonal,3.0,150.0,7.6,1.0,3.873,25.0,Histidine,6.0,97.0,none,0.0,none,0.0,none,0.0,none,0.0,0.9,0.9,0.91,0.91,0.91,0.91,0.91,
386.0_p3conc_5.0_i6,poly-hIgG,Polyclonal,3.0,150.0,7.6,1.0,5.0,25.0,Histidine,6.0,97.0,none,0.0,none,0.0,none,0.0,none,0.0,0.9,0.9,0.9156858989076104,0.9156858989076104,0.9156858989076104,0.91,0.91,
386.0_p3conc_5.4_i7,poly-hIgG,Polyclonal,3.0,150.0,7.6,1.0,5.4332,25.0,Histidine,6.0,97.0,none,0.0,none,0.0,none,0.0,none,0.0,0.9,0.9,1.0045415630700278,0.91,0.91,0.91,0.91,
386.0_p3conc_7.6_i8,poly-hIgG,Polyclonal,3.0,150.0,7.6,1.0,7.622,25.0,Histidine,6.0,97.0,none,0.0,none,0.0,none,0.0,none,0.0,0.9,0.9,1.0412121347423158,0.9329297974532784,0.9329297974532784,0.9329297974532784,0.9305102515797005,
386.0_p3conc_8.5_i9,poly-hIgG,Polyclonal,3.0,150.0,7.6,1.0,8.5499,25.0,Histidine,6.0,97.0,none,0.0,none,0.0,none,0.0,none,0.0,0.9,0.9,0.9435366543571807,0.9435366543571807,0.9435366543571807,0.9435366543571807,0.91,
386.0_p3conc_10.7_i10,poly-hIgG,Polyclonal,3.0,150.0,7.6,1.0,10.6925,25.0,Histidine,6.0,97.0,none,0.0,none,0.0,none,0.0,none,0.0,0.9,0.9,1.0072384939502612,1.0072384939502612,0.9788916217305442,0.9788916217305442,0.91,
386.0_p3conc_14.6_i11,poly-hIgG,Polyclonal,3.0,150.0,7.6,1.0,14.6201,25.0,Histidine,6.0,97.0,none,0.0,none,0.0,none,0.0,none,0.0,0.9,0.9,0.9232564023767299,0.9232564023767299,0.9232564023767299,0.9232564023767299,0.9232564023767299,
386.0_p3conc_15.0_i12,poly-hIgG,Polyclonal,3.0,150.0,7.6,1.0,15.0,25.0,Histidine,6.0,97.0,none,0.0,none,0.0,none,0.0,none,0.0,0.9,0.9,1.071767384511936,1.0479270922794266,1.0438096994236379,1.0438096994236379,0.9637912551751908,
386.0_p3conc_21.0_i13,poly-hIgG,Polyclonal,3.0,150.0,7.6,1.0,21.0428,25.0,Histidine,6.0,97.0,none,0.0,none,0.0,none,0.0,none,0.0,0.9,0.9,1.0616022390118147,1.0616022390118147,1.015415460718511,0.9663512580545085,0.9663512580545085,
386.0_p3conc_25.0_i14,poly-hIgG,Polyclonal,3.0,150.0,7.6,1.0,25.0,25.0,Histidine,6.0,97.0,none,0.0,none,0.0,none,0.0,none,0.0,0.9,0.9,1.16645526663621,1.1307375549145677,1.1307375549145677,1.0029434602561205,1.0029434602561205,
386.0_p3conc_29.5_i15,poly-hIgG,Polyclonal,3.0,150.0,7.6,1.0,29.5198,25.0,Histidine,6.0,97.0,none,0.0,none,0.0,none,0.0,none,0.0,0.9,0.9,1.1970939637758564,1.0915283056671687,1.0915283056671687,1.0915283056671687,1.0915283056671687,
386.0_p3conc_41.4_i16,poly-hIgG,Polyclonal,3.0,150.0,7.6,1.0,41.4119,25.0,Histidine,6.0,97.0,none,0.0,none,0.0,none,0.0,none,0.0,0.9,0.9,1.1633483406861338,1.1633483406861338,1.1633483406861338,1.1633483406861338,1.1092890494527663,
386.0_p3conc_42.7_i17,poly-hIgG,Polyclonal,3.0,150.0,7.6,1.0,42.7494,25.0,Histidine,6.0,97.0,none,0.0,none,0.0,none,0.0,none,0.0,0.9,0.9,1.3175758833635236,1.3175758833635236,1.3175758833635236,1.3175758833635236,1.095144491512056,
386.0_p3conc_58.1_i18,poly-hIgG,Polyclonal,3.0,150.0,7.6,1.0,58.0948,25.0,Histidine,6.0,97.0,none,0.0,none,0.0,none,0.0,none,0.0,0.9,0.9,1.5626761519207097,1.5103979576702105,1.4393739223306896,1.4164835652895926,1.2057069548583264,
386.0_p3conc_73.1_i19,poly-hIgG,Polyclonal,3.0,150.0,7.6,1.0,73.1004,25.0,Histidine,6.0,97.0,none,0.0,none,0.0,none,0.0,none,0.0,0.9,0.9,1.6896008595212404,1.6309818093568353,1.6087271579531137,1.6087271579531137,1.392711036588766,
386.0_p3conc_81.5_i20,poly-hIgG,Polyclonal,3.0,150.0,7.6,1.0,81.4982,25.0,Histidine,6.0,97.0,none,0.0,none,0.0,none,0.0,none,0.0,0.9,0.9,1.7968233720603906,1.7968233720603906,1.7908067236230691,1.6978639148048262,1.4606904810536492,
386.0_p3conc_114.3_i21,poly-hIgG,Polyclonal,3.0,150.0,7.6,1.0,114.3299,25.0,Histidine,6.0,97.0,none,0.0,none,0.0,none,0.0,none,0.0,0.9,0.9,2.3858653401243632,2.3858653401243632,2.1373993374605,2.1373993374605,1.5604078914229447,
386.0_p3conc_134.5_i22,poly-hIgG,Polyclonal,3.0,150.0,7.6,1.0,134.53,25.0,Histidine,6.0,97.0,none,0.0,none,0.0,none,0.0,none,0.0,0.9,0.9,2.697492436089403,2.683322030027177,2.683322030027177,2.555128649592253,1.8548527881086385,
386.0_p3conc_144.8_i23,poly-hIgG,Polyclonal,3.0,150.0,7.6,1.0,144.7865,25.0,Histidine,6.0,97.0,none,0.0,none,0.0,none,0.0,none,0.0,0.9,0.9,3.212097262873496,3.147392745848521,2.854182208591079,2.8532413232732923,2.0366048735449156,
386.0_p3conc_155.8_i24,poly-hIgG,Polyclonal,3.0,150.0,7.6,1.0,155.825,25.0,Histidine,6.0,97.0,none,0.0,none,0.0,none,0.0,none,0.0,0.9,0.9,3.3725820423351016,3.3725820423351016,3.3725820423351016,3.213197933479604,1.9834196678819942,
386.0_p3conc_160.4_i25,poly-hIgG,Polyclonal,3.0,150.0,7.6,1.0,160.3877,25.0,Histidine,6.0,97.0,none,0.0,none,0.0,none,0.0,none,0.0,0.9,0.9,3.52052394526409,3.52052394526409,3.52052394526409,3.3447225115575274,2.241552006043568,
386.0_p3conc_167.7_i26,poly-hIgG,Polyclonal,3.0,150.0,7.6,1.0,167.705,25.0,Histidine,6.0,97.0,none,0.0,none,0.0,none,0.0,none,0.0,0.9,0.9,4.09058213675566,4.09058213675566,3.767999380885518,3.259301269683895,2.248470637881043,
386.0_p3conc_180.5_i27,poly-hIgG,Polyclonal,3.0,150.0,7.6,1.0,180.4908,25.0,Histidine,6.0,97.0,none,0.0,none,0.0,none,0.0,none,0.0,0.9,0.9,4.876989345266478,3.9339675175305198,3.9339675175305198,3.533808304060425,2.4565924710987463,
386.0_p3conc_194.3_i28,poly-hIgG,Polyclonal,3.0,150.0,7.6,1.0,194.2513,25.0,Histidine,6.0,97.0,none,0.0,none,0.0,none,0.0,none,0.0,0.9,0.9,4.501036759528429,4.501036759528429,4.3487503546287645,4.326989934984137,2.7871352018642788,
386.0_p3conc_209.1_i29,poly-hIgG,Polyclonal,3.0,150.0,7.6,1.0,209.061,25.0,Histidine,6.0,97.0,none,0.0,none,0.0,none,0.0,none,0.0,0.9,0.9,5.305617316231726,5.305617316231726,5.305617316231726,4.768674025500387,2.8531692138271803,
505.0_p3conc_1.4_i0,poly-hIgG,Polyclonal,3.0,150.0,7.6,1.0,1.4017,25.38,Histidine,6.1,13.5,none,0.0,none,0.0,none,0.0,none,0.0,0.9,0.9,0.9466096920924406,0.9466096920924406,0.91,0.91,0.91,
505.0_p3conc_1.7_i1,poly-hIgG,Polyclonal,3.0,150.0,7.6,1.0,1.7054,25.38,Histidine,6.1,13.5,none,0.0,none,0.0,none,0.0,none,0.0,0.9,0.9,0.91,0.91,0.91,0.91,0.91,
505.0_p3conc_2.0_i2,poly-hIgG,Polyclonal,3.0,150.0,7.6,1.0,1.9647,25.38,Histidine,6.1,13.5,none,0.0,none,0.0,none,0.0,none,0.0,0.9,0.9,0.91,0.91,0.91,0.91,0.91,
505.0_p3conc_2.8_i3,poly-hIgG,Polyclonal,3.0,150.0,7.6,1.0,2.7539,25.38,Histidine,6.1,13.5,none,0.0,none,0.0,none,0.0,none,0.0,0.9,0.9,0.9150544552265831,0.91,0.91,0.91,0.91,
505.0_p3conc_2.9_i4,poly-hIgG,Polyclonal,3.0,150.0,7.6,1.0,2.9083,25.38,Histidine,6.1,13.5,none,0.0,none,0.0,none,0.0,none,0.0,0.9,0.9,0.9358483026344536,0.91,0.91,0.91,0.91,
505.0_p3conc_3.9_i5,poly-hIgG,Polyclonal,3.0,150.0,7.6,1.0,3.86,25.38,Histidine,6.1,13.5,none,0.0,none,0.0,none,0.0,none,0.0,0.9,0.9,0.91,0.91,0.91,0.91,0.91,
505.0_p3conc_5.0_i6,poly-hIgG,Polyclonal,3.0,150.0,7.6,1.0,4.9597,25.38,Histidine,6.1,13.5,none,0.0,none,0.0,none,0.0,none,0.0,0.9,0.9,0.9101789994021807,0.9101789994021807,0.9101789994021807,0.9101789994021807,0.91,
505.0_p3conc_5.4_i7,poly-hIgG,Polyclonal,3.0,150.0,7.6,1.0,5.4105,25.38,Histidine,6.1,13.5,none,0.0,none,0.0,none,0.0,none,0.0,0.9,0.9,0.936283158109382,0.936283158109382,0.91,0.91,0.91,
505.0_p3conc_7.6_i8,poly-hIgG,Polyclonal,3.0,150.0,7.6,1.0,7.5837,25.38,Histidine,6.1,13.5,none,0.0,none,0.0,none,0.0,none,0.0,0.9,0.9,0.9252235249125107,0.9252235249125107,0.9252235249125107,0.9252235249125107,0.9252235249125107,
505.0_p3conc_8.5_i9,poly-hIgG,Polyclonal,3.0,150.0,7.6,1.0,8.4581,25.38,Histidine,6.1,13.5,none,0.0,none,0.0,none,0.0,none,0.0,0.9,0.9,0.955582960704061,0.955582960704061,0.955582960704061,0.955582960704061,0.955582960704061,
505.0_p3conc_10.6_i10,poly-hIgG,Polyclonal,3.0,150.0,7.6,1.0,10.6299,25.38,Histidine,6.1,13.5,none,0.0,none,0.0,none,0.0,none,0.0,0.9,0.9,1.0181296160715045,1.0181296160715045,1.0181296160715045,0.9830391116744486,0.9830391116744486,
505.0_p3conc_14.4_i11,poly-hIgG,Polyclonal,3.0,150.0,7.6,1.0,14.4241,25.38,Histidine,6.1,13.5,none,0.0,none,0.0,none,0.0,none,0.0,0.9,0.9,1.0552999334502395,1.0234092061470732,1.0234092061470732,1.0234092061470732,1.0017022091100798,
505.0_p3conc_14.9_i12,poly-hIgG,Polyclonal,3.0,150.0,7.6,1.0,14.8996,25.38,Histidine,6.1,13.5,none,0.0,none,0.0,none,0.0,none,0.0,0.9,0.9,1.1393006201826552,1.100930484071554,1.075889487214705,1.0046770815609052,0.9754335437637097,
505.0_p3conc_20.9_i13,poly-hIgG,Polyclonal,3.0,150.0,7.6,1.0,20.8845,25.38,Histidine,6.1,13.5,none,0.0,none,0.0,none,0.0,none,0.0,0.9,0.9,1.1167433574057026,1.1167433574057026,1.1167433574057026,1.1167433574057026,1.0226613465881458,
505.0_p3conc_24.6_i14,poly-hIgG,Polyclonal,3.0,150.0,7.6,1.0,24.5984,25.38,Histidine,6.1,13.5,none,0.0,none,0.0,none,0.0,none,0.0,0.9,0.9,1.1947249869061418,1.1102311752121081,1.1102311752121081,1.0614945602314876,1.0614945602314876,
505.0_p3conc_29.3_i15,poly-hIgG,Polyclonal,3.0,150.0,7.6,1.0,29.2733,25.38,Histidine,6.1,13.5,none,0.0,none,0.0,none,0.0,none,0.0,0.9,0.9,1.2092652671171402,1.2092652671171402,1.2092652671171402,1.2092652671171402,1.0934012794210353,
505.0_p3conc_41.0_i16,poly-hIgG,Polyclonal,3.0,150.0,7.6,1.0,41.0316,25.38,Histidine,6.1,13.5,none,0.0,none,0.0,none,0.0,none,0.0,0.9,0.9,1.4168867880612395,1.3431150309769606,1.3431150309769606,1.319028058503773,1.1379923072305842,
505.0_p3conc_41.9_i17,poly-hIgG,Polyclonal,3.0,150.0,7.6,1.0,41.9492,25.38,Histidine,6.1,13.5,none,0.0,none,0.0,none,0.0,none,0.0,0.9,0.9,1.4318921197186607,1.4318921197186607,1.41804025287082,1.3748903342299814,1.192362215609366,
505.0_p3conc_57.5_i18,poly-hIgG,Polyclonal,3.0,150.0,7.6,1.0,57.5129,25.38,Histidine,6.1,13.5,none,0.0,none,0.0,none,0.0,none,0.0,0.9,0.9,1.5641327320943121,1.5641327320943121,1.5641327320943121,1.5362186547009833,1.1813323162037286,
505.0_p3conc_71.5_i19,poly-hIgG,Polyclonal,3.0,150.0,7.6,1.0,71.5389,25.38,Histidine,6.1,13.5,none,0.0,none,0.0,none,0.0,none,0.0,0.9,0.9,1.863112002040192,1.863112002040192,1.863112002040192,1.8220468538147452,1.3524239904386472,
505.0_p3conc_80.6_i20,poly-hIgG,Polyclonal,3.0,150.0,7.6,1.0,80.6143,25.38,Histidine,6.1,13.5,none,0.0,none,0.0,none,0.0,none,0.0,0.9,0.9,1.9413482340926034,1.9413482340926034,1.9413482340926034,1.9413482340926034,1.4591546205638888,
505.0_p3conc_113.0_i21,poly-hIgG,Polyclonal,3.0,150.0,7.6,1.0,112.9949,25.38,Histidine,6.1,13.5,none,0.0,none,0.0,none,0.0,none,0.0,0.9,0.9,2.881398543850747,2.8181426504261062,2.8181426504261062,2.80245840083148,1.837017692639586,
505.0_p3conc_131.5_i22,poly-hIgG,Polyclonal,3.0,150.0,7.6,1.0,131.4798,25.38,Histidine,6.1,13.5,none,0.0,none,0.0,none,0.0,none,0.0,0.9,0.9,3.728751831794251,3.4079680447447984,3.4079680447447984,3.4079680447447984,1.9225625451018158,
505.0_p3conc_141.7_i23,poly-hIgG,Polyclonal,3.0,150.0,7.6,1.0,141.6961,25.38,Histidine,6.1,13.5,none,0.0,none,0.0,none,0.0,none,0.0,0.9,0.9,4.042493608958152,3.6914742649347687,3.6446572742612973,3.6446572742612973,2.1973312940066005,
505.0_p3conc_152.7_i24,poly-hIgG,Polyclonal,3.0,150.0,7.6,1.0,152.7063,25.38,Histidine,6.1,13.5,none,0.0,none,0.0,none,0.0,none,0.0,0.9,0.9,4.129226403172308,4.129226403172308,4.129226403172308,4.129226403172308,2.05013626988532,
505.0_p3conc_158.4_i25,poly-hIgG,Polyclonal,3.0,150.0,7.6,1.0,158.3821,25.38,Histidine,6.1,13.5,none,0.0,none,0.0,none,0.0,none,0.0,0.9,0.9,4.381206362169293,4.381206362169293,4.381206362169293,4.381206362169293,2.3401304579856568,
505.0_p3conc_164.6_i26,poly-hIgG,Polyclonal,3.0,150.0,7.6,1.0,164.572,25.38,Histidine,6.1,13.5,none,0.0,none,0.0,none,0.0,none,0.0,0.9,0.9,4.866486703302276,4.779301020129183,4.779301020129183,4.779301020129183,2.489712560298681,
505.0_p3conc_177.4_i27,poly-hIgG,Polyclonal,3.0,150.0,7.6,1.0,177.3601,25.38,Histidine,6.1,13.5,none,0.0,none,0.0,none,0.0,none,0.0,0.9,0.9,5.231985448745018,5.231985448745018,5.231985448745018,5.231985448745018,2.5665022406396356,
505.0_p3conc_191.1_i28,poly-hIgG,Polyclonal,3.0,150.0,7.6,1.0,191.1415,25.38,Histidine,6.1,13.5,none,0.0,none,0.0,none,0.0,none,0.0,0.9,0.9,6.2358890083858265,6.2358890083858265,6.2358890083858265,6.058205815462259,2.448850701878456,
505.0_p3conc_206.0_i29,poly-hIgG,Polyclonal,3.0,150.0,7.6,1.0,205.9937,25.38,Histidine,6.1,13.5,none,0.0,none,0.0,none,0.0,none,0.0,0.9,0.9,7.059555815863408,7.035085872085448,7.035085872085448,7.035085872085448,2.8631790792402785,
318.0_p3conc_1.4_i0,poly-hIgG,Polyclonal,3.0,150.0,7.6,1.0,1.381,25.0,Histidine,6.1,13.75,none,0.0,none,0.0,none,0.0,none,0.0,0.9,0.9,0.91,0.91,0.91,0.91,0.91,
318.0_p3conc_1.9_i1,poly-hIgG,Polyclonal,3.0,150.0,7.6,1.0,1.9071,25.0,Histidine,6.1,13.75,none,0.0,none,0.0,none,0.0,none,0.0,0.9,0.9,0.9203770749122395,0.9203770749122395,0.91,0.91,0.91,
318.0_p3conc_2.1_i2,poly-hIgG,Polyclonal,3.0,150.0,7.6,1.0,2.0536,25.0,Histidine,6.1,13.75,none,0.0,none,0.0,none,0.0,none,0.0,0.9,0.9,0.91,0.91,0.91,0.91,0.91,
318.0_p3conc_2.6_i3,poly-hIgG,Polyclonal,3.0,150.0,7.6,1.0,2.6337,25.0,Histidine,6.1,13.75,none,0.0,none,0.0,none,0.0,none,0.0,0.9,0.9,0.9319826390916955,0.9319826390916955,0.9319826390916955,0.9319826390916955,0.91,
318.0_p3conc_3.6_i4,poly-hIgG,Polyclonal,3.0,150.0,7.6,1.0,3.6371,25.0,Histidine,6.1,13.75,none,0.0,none,0.0,none,0.0,none,0.0,0.9,0.9,0.9434706660725379,0.9434706660725379,0.9434706660725379,0.91,0.91,
318.0_p3conc_4.2_i5,poly-hIgG,Polyclonal,3.0,150.0,7.6,1.0,4.2172,25.0,Histidine,6.1,13.75,none,0.0,none,0.0,none,0.0,none,0.0,0.9,0.9,1.0039573439393947,1.0039573439393947,0.9685025383265364,0.9186447103307193,0.91,
318.0_p3conc_5.0_i6,poly-hIgG,Polyclonal,3.0,150.0,7.6,1.0,5.0228,25.0,Histidine,6.1,13.75,none,0.0,none,0.0,none,0.0,none,0.0,0.9,0.9,1.0462869834369162,0.9769015237248793,0.91,0.91,0.91,
318.0_p3conc_6.9_i7,poly-hIgG,Polyclonal,3.0,150.0,7.6,1.0,6.9365,25.0,Histidine,6.1,13.75,none,0.0,none,0.0,none,0.0,none,0.0,0.9,0.9,0.9859958522672793,0.9225854089615144,0.9225854089615144,0.91,0.91,
318.0_p3conc_8.7_i8,poly-hIgG,Polyclonal,3.0,150.0,7.6,1.0,8.6603,25.0,Histidine,6.1,13.75,none,0.0,none,0.0,none,0.0,none,0.0,0.9,0.9,0.961885145013006,0.961885145013006,0.961885145013006,0.961885145013006,0.9500059849543347,
318.0_p3conc_9.6_i9,poly-hIgG,Polyclonal,3.0,150.0,7.6,1.0,9.5792,25.0,Histidine,6.1,13.75,none,0.0,none,0.0,none,0.0,none,0.0,0.9,0.9,0.9943570654275857,0.9883887795058829,0.9883887795058829,0.9883887795058829,0.9367207372177015,
318.0_p3conc_13.2_i10,poly-hIgG,Polyclonal,3.0,150.0,7.6,1.0,13.2288,25.0,Histidine,6.1,13.75,none,0.0,none,0.0,none,0.0,none,0.0,0.9,0.9,1.0699152519749116,1.0699152519749116,0.9585743083818571,0.9585743083818571,0.9585743083818571,
318.0_p3conc_17.8_i11,poly-hIgG,Polyclonal,3.0,150.0,7.6,1.0,17.7845,25.0,Histidine,6.1,13.75,none,0.0,none,0.0,none,0.0,none,0.0,0.9,0.9,1.0775636945827711,1.0775636945827711,1.0361867244376104,1.0361867244376104,0.994024554323788,
318.0_p3conc_18.3_i12,poly-hIgG,Polyclonal,3.0,150.0,7.6,1.0,18.2688,25.0,Histidine,6.1,13.75,none,0.0,none,0.0,none,0.0,none,0.0,0.9,0.9,0.9982354697452327,0.9982354697452327,0.9982354697452327,0.9982354697452327,0.9982354697452327,
318.0_p3conc_25.2_i13,poly-hIgG,Polyclonal,3.0,150.0,7.6,1.0,25.2289,25.0,Histidine,6.1,13.75,none,0.0,none,0.0,none,0.0,none,0.0,0.9,0.9,1.2039435414153141,1.2039435414153141,1.1463468021620002,1.1233898033465497,1.0032575615815365,
318.0_p3conc_34.8_i14,poly-hIgG,Polyclonal,3.0,150.0,7.6,1.0,34.8409,25.0,Histidine,6.1,13.75,none,0.0,none,0.0,none,0.0,none,0.0,0.9,0.9,1.3047480938413971,1.268258173693233,1.268258173693233,1.268258173693233,1.095085441346254,
318.0_p3conc_36.5_i15,poly-hIgG,Polyclonal,3.0,150.0,7.6,1.0,36.5217,25.0,Histidine,6.1,13.75,none,0.0,none,0.0,none,0.0,none,0.0,0.9,0.9,1.2585523054118781,1.2585523054118781,1.2125101768652158,1.2074231855309803,1.164184490778513,
318.0_p3conc_48.1_i16,poly-hIgG,Polyclonal,3.0,150.0,7.6,1.0,48.1148,25.0,Histidine,6.1,13.75,none,0.0,none,0.0,none,0.0,none,0.0,0.9,0.9,1.3889007914361227,1.3889007914361227,1.3151072124465097,1.3151072124465097,1.2620708041894255,
318.0_p3conc_66.4_i17,poly-hIgG,Polyclonal,3.0,150.0,7.6,1.0,66.4459,25.0,Histidine,6.1,13.75,none,0.0,none,0.0,none,0.0,none,0.0,0.9,0.9,1.6284737241670486,1.6020245087199871,1.5189786683000255,1.5008358697797632,1.4418610147545212,
318.0_p3conc_83.4_i18,poly-hIgG,Polyclonal,3.0,150.0,7.6,1.0,83.3793,25.0,Histidine,6.1,13.75,none,0.0,none,0.0,none,0.0,none,0.0,0.9,0.9,1.9515185262493504,1.9515185262493504,1.901502810332809,1.8480576769794377,1.4788640025813926,
318.0_p3conc_91.8_i19,poly-hIgG,Polyclonal,3.0,150.0,7.6,1.0,91.761,25.0,Histidine,6.1,13.75,none,0.0,none,0.0,none,0.0,none,0.0,0.9,0.9,2.0230582918418762,2.0230582918418762,2.0230582918418762,1.7847707240738335,1.5978966467454594,
318.0_p3conc_92.7_i20,poly-hIgG,Polyclonal,3.0,150.0,7.6,1.0,92.6947,25.0,Histidine,6.1,13.75,none,0.0,none,0.0,none,0.0,none,0.0,0.9,0.9,2.143960007097836,2.143960007097836,2.143960007097836,2.0425122909590643,1.6755407671995497,
318.0_p3conc_103.1_i21,poly-hIgG,Polyclonal,3.0,150.0,7.6,1.0,103.0512,25.0,Histidine,6.1,13.75,none,0.0,none,0.0,none,0.0,none,0.0,0.9,0.9,2.38525770578308,2.219750457861101,2.219750457861101,2.1607460616290974,1.8501748106551457,
318.0_p3conc_114.6_i22,poly-hIgG,Polyclonal,3.0,150.0,7.6,1.0,114.5645,25.0,Histidine,6.1,13.75,none,0.0,none,0.0,none,0.0,none,0.0,0.9,0.9,2.6981887650841254,2.6981887650841254,2.4929100070411274,2.275953709862296,1.8972738991532614,
318.0_p3conc_126.7_i23,poly-hIgG,Polyclonal,3.0,150.0,7.6,1.0,126.7208,25.0,Histidine,6.1,13.75,none,0.0,none,0.0,none,0.0,none,0.0,0.9,0.9,3.0876213406278556,2.907370685684815,2.907370685684815,2.634811976469746,1.9066135206617107,
318.0_p3conc_127.4_i24,poly-hIgG,Polyclonal,3.0,150.0,7.6,1.0,127.3641,25.0,Histidine,6.1,13.75,none,0.0,none,0.0,none,0.0,none,0.0,0.9,0.9,3.170656518154752,2.8276026757581936,2.6954378177790033,2.5674403037976212,2.18025922887029,
318.0_p3conc_141.6_i25,poly-hIgG,Polyclonal,3.0,150.0,7.6,1.0,141.5937,25.0,Histidine,6.1,13.75,none,0.0,none,0.0,none,0.0,none,0.0,0.9,0.9,3.452674817792337,3.452674817792337,3.3670869372182253,2.863874906375324,2.0537450924088674,
318.0_p3conc_157.4_i26,poly-hIgG,Polyclonal,3.0,150.0,7.6,1.0,157.4131,25.0,Histidine,6.1,13.75,none,0.0,none,0.0,none,0.0,none,0.0,0.9,0.9,3.5081669674653604,3.5081669674653604,3.5081669674653604,3.336196222702769,2.507085957387167,
155.0_p3conc_1.4_i0,poly-hIgG,Polyclonal,3.0,150.0,7.6,1.0,1.4206,27.5,Histidine,6.2,12.0,none,0.0,none,0.0,none,0.0,none,0.0,0.9,0.9,0.9837353425787457,0.9282886176287228,0.91,0.91,0.91,
155.0_p3conc_1.5_i1,poly-hIgG,Polyclonal,3.0,150.0,7.6,1.0,1.4878,27.5,Histidine,6.2,12.0,none,0.0,none,0.0,none,0.0,none,0.0,0.9,0.9,0.9377355715736827,0.91,0.91,0.91,0.91,
155.0_p3conc_2.0_i2,poly-hIgG,Polyclonal,3.0,150.0,7.6,1.0,2.018,27.5,Histidine,6.2,12.0,none,0.0,none,0.0,none,0.0,none,0.0,0.9,0.9,1.0031183203075702,0.91,0.91,0.91,0.91,
155.0_p3conc_2.2_i3,poly-hIgG,Polyclonal,3.0,150.0,7.6,1.0,2.2135,27.5,Histidine,6.2,12.0,none,0.0,none,0.0,none,0.0,none,0.0,0.9,0.9,0.9157385163480083,0.9157385163480083,0.9157385163480083,0.91,0.91,
155.0_p3conc_2.9_i4,poly-hIgG,Polyclonal,3.0,150.0,7.6,1.0,2.8667,27.5,Histidine,6.2,12.0,none,0.0,none,0.0,none,0.0,none,0.0,0.9,0.9,0.937961575409321,0.9293741108757578,0.91,0.91,0.91,
155.0_p3conc_3.3_i5,poly-hIgG,Polyclonal,3.0,150.0,7.6,1.0,3.2932,27.5,Histidine,6.2,12.0,none,0.0,none,0.0,none,0.0,none,0.0,0.9,0.9,0.9354439507831783,0.9354439507831783,0.9354439507831783,0.9354439507831783,0.91,
155.0_p3conc_4.1_i6,poly-hIgG,Polyclonal,3.0,150.0,7.6,1.0,4.0722,27.5,Histidine,6.2,12.0,none,0.0,none,0.0,none,0.0,none,0.0,0.9,0.9,0.9598768794928525,0.9449230355075291,0.91,0.91,0.91,
155.0_p3conc_4.9_i7,poly-hIgG,Polyclonal,3.0,150.0,7.6,1.0,4.8997,27.5,Histidine,6.2,12.0,none,0.0,none,0.0,none,0.0,none,0.0,0.9,0.9,0.9544218735542169,0.91,0.91,0.91,0.91,
155.0_p3conc_5.8_i8,poly-hIgG,Polyclonal,3.0,150.0,7.6,1.0,5.7848,27.5,Histidine,6.2,12.0,none,0.0,none,0.0,none,0.0,none,0.0,0.9,0.9,0.9865973120246804,0.9530806258605903,0.9444920319464096,0.9436361990137788,0.9388020187883472,
155.0_p3conc_7.3_i9,poly-hIgG,Polyclonal,3.0,150.0,7.6,1.0,7.2897,27.5,Histidine,6.2,12.0,none,0.0,none,0.0,none,0.0,none,0.0,0.9,0.9,0.9460964865002187,0.9166128774236793,0.9166128774236793,0.9166128774236793,0.9166128774236793,
155.0_p3conc_8.2_i10,poly-hIgG,Polyclonal,3.0,150.0,7.6,1.0,8.2177,27.5,Histidine,6.2,12.0,none,0.0,none,0.0,none,0.0,none,0.0,0.9,0.9,1.0042853264388711,1.0021677957869448,0.9330998894136363,0.91,0.91,
155.0_p3conc_10.8_i11,poly-hIgG,Polyclonal,3.0,150.0,7.6,1.0,10.8455,27.5,Histidine,6.2,12.0,none,0.0,none,0.0,none,0.0,none,0.0,0.9,0.9,1.0413018622002366,0.9836729263943924,0.9836729263943924,0.9836729263943924,0.91,
155.0_p3conc_11.7_i12,poly-hIgG,Polyclonal,3.0,150.0,7.6,1.0,11.6737,27.5,Histidine,6.2,12.0,none,0.0,none,0.0,none,0.0,none,0.0,0.9,0.9,0.997286538870056,0.997286538870056,0.997286538870056,0.9762348614946594,0.9762348614946594,
155.0_p3conc_16.1_i13,poly-hIgG,Polyclonal,3.0,150.0,7.6,1.0,16.1358,27.5,Histidine,6.2,12.0,none,0.0,none,0.0,none,0.0,none,0.0,0.9,0.9,1.0913581772333372,1.0627555584294648,1.0627555584294648,1.021339995554076,0.9571410428436625,
155.0_p3conc_16.6_i14,poly-hIgG,Polyclonal,3.0,150.0,7.6,1.0,16.5831,27.5,Histidine,6.2,12.0,none,0.0,none,0.0,none,0.0,none,0.0,0.9,0.9,1.0886557479857026,1.036041327668261,1.036041327668261,1.036041327668261,1.036041327668261,
155.0_p3conc_23.6_i15,poly-hIgG,Polyclonal,3.0,150.0,7.6,1.0,23.5573,27.5,Histidine,6.2,12.0,none,0.0,none,0.0,none,0.0,none,0.0,0.9,0.9,1.2519273561510764,1.1527753439460435,1.1527753439460435,1.1527753439460435,1.0681083902085995,
155.0_p3conc_24.0_i16,poly-hIgG,Polyclonal,3.0,150.0,7.6,1.0,24.0066,27.5,Histidine,6.2,12.0,none,0.0,none,0.0,none,0.0,none,0.0,0.9,0.9,1.1688035848034826,1.1259143238228706,1.1259143238228706,1.0498020523792027,1.0422150917882045,
155.0_p3conc_33.5_i17,poly-hIgG,Polyclonal,3.0,150.0,7.6,1.0,33.4644,27.5,Histidine,6.2,12.0,none,0.0,none,0.0,none,0.0,none,0.0,0.9,0.9,1.1881896096026074,1.1881896096026074,1.1881896096026074,1.1881896096026074,1.1574393420565827,
155.0_p3conc_35.7_i18,poly-hIgG,Polyclonal,3.0,150.0,7.6,1.0,35.7168,27.5,Histidine,6.2,12.0,none,0.0,none,0.0,none,0.0,none,0.0,0.9,0.9,1.338013450745945,1.338013450745945,1.338013450745945,1.2618222260674996,1.067433847726678,
155.0_p3conc_47.5_i19,poly-hIgG,Polyclonal,3.0,150.0,7.6,1.0,47.538,27.5,Histidine,6.2,12.0,none,0.0,none,0.0,none,0.0,none,0.0,0.9,0.9,1.5637239485043355,1.5336009306053735,1.432047339370044,1.432047339370044,1.2435099174643094,
155.0_p3conc_53.1_i20,poly-hIgG,Polyclonal,3.0,150.0,7.6,1.0,53.1391,27.5,Histidine,6.2,12.0,none,0.0,none,0.0,none,0.0,none,0.0,0.9,0.9,1.7219378075166452,1.6625142955250456,1.6625142955250456,1.4909983032495726,1.2845065419153474,
155.0_p3conc_67.5_i21,poly-hIgG,Polyclonal,3.0,150.0,7.6,1.0,67.5305,27.5,Histidine,6.2,12.0,none,0.0,none,0.0,none,0.0,none,0.0,0.9,0.9,1.9640645009483424,1.8801740900125097,1.8801740900125097,1.5716893562148124,1.4535854983003578,
155.0_p3conc_79.1_i22,poly-hIgG,Polyclonal,3.0,150.0,7.6,1.0,79.0597,27.5,Histidine,6.2,12.0,none,0.0,none,0.0,none,0.0,none,0.0,0.9,0.9,2.228320037750499,2.125823375293881,2.125823375293881,1.8016060609140954,1.4480836608967176,
155.0_p3conc_95.9_i23,poly-hIgG,Polyclonal,3.0,150.0,7.6,1.0,95.9308,27.5,Histidine,6.2,12.0,none,0.0,none,0.0,none,0.0,none,0.0,0.9,0.9,2.6924584412120947,2.6362294341439005,2.4826722402938195,2.443553032904343,1.8204831431727326,
155.0_p3conc_117.6_i24,poly-hIgG,Polyclonal,3.0,150.0,7.6,1.0,117.6243,27.5,Histidine,6.2,12.0,none,0.0,none,0.0,none,0.0,none,0.0,0.9,0.9,3.297842473372486,3.297842473372486,3.297842473372486,2.8679500351711544,1.8693406626998073,
155.0_p3conc_136.3_i25,poly-hIgG,Polyclonal,3.0,150.0,7.6,1.0,136.2749,27.5,Histidine,6.2,12.0,none,0.0,none,0.0,none,0.0,none,0.0,0.9,0.9,4.463552561563833,4.061117099829553,3.9325394334514363,3.1659278664189574,2.161018534790616,
155.0_p3conc_185.2_i26,poly-hIgG,Polyclonal,3.0,150.0,7.6,1.0,185.1719,27.5,Histidine,6.2,12.0,none,0.0,none,0.0,none,0.0,none,0.0,0.9,0.9,7.514712365280385,7.241462286330259,6.469979181837954,5.4113042598830585,2.8838174056976604,
155.0_p3conc_193.6_i27,poly-hIgG,Polyclonal,3.0,150.0,7.6,1.0,193.586,27.5,Histidine,6.2,12.0,none,0.0,none,0.0,none,0.0,none,0.0,0.9,0.9,9.016571407304081,8.448834728951946,8.085791927305458,5.173560411756661,3.0225845100952764,
155.0_p3conc_195.9_i28,poly-hIgG,Polyclonal,3.0,150.0,7.6,1.0,195.935,27.5,Histidine,6.2,12.0,none,0.0,none,0.0,none,0.0,none,0.0,0.9,0.9,9.020810777071413,8.431634437358747,7.14677324807251,5.682379464690445,3.207981089446362,
155.0_p3conc_207.3_i29,poly-hIgG,Polyclonal,3.0,150.0,7.6,1.0,207.3237,27.5,Histidine,6.2,12.0,none,0.0,none,0.0,none,0.0,none,0.0,0.9,0.9,10.508978522618264,9.554483955880697,8.916853549803404,6.7385491658890935,3.4618957428722474,
155.0_p3conc_219.4_i30,poly-hIgG,Polyclonal,3.0,150.0,7.6,1.0,219.3739,27.5,Histidine,6.2,12.0,none,0.0,none,0.0,none,0.0,none,0.0,0.9,0.9,12.104144737184717,11.095568463461714,8.993361696166836,7.999626512369256,3.3497737134512477,
155.0_p3conc_232.1_i31,poly-hIgG,Polyclonal,3.0,150.0,7.6,1.0,232.125,27.5,Histidine,6.2,12.0,none,0.0,none,0.0,none,0.0,none,0.0,0.9,0.9,13.359689179297655,12.301606857938841,11.82682349124348,7.338327356101225,4.019434335380749,
155.0_p3conc_245.6_i32,poly-hIgG,Polyclonal,3.0,150.0,7.6,1.0,245.6173,27.5,Histidine,6.2,12.0,none,0.0,none,0.0,none,0.0,none,0.0,0.9,0.9,17.084358563248923,15.159033193100283,12.873760456414415,9.460290159791255,4.2667523904211615,
155.0_p3conc_259.9_i33,poly-hIgG,Polyclonal,3.0,150.0,7.6,1.0,259.8938,27.5,Histidine,6.2,12.0,none,0.0,none,0.0,none,0.0,none,0.0,0.9,0.9,19.155807549570874,16.22860758138307,14.92233103506607,11.228108928207101,4.841015596226134,
319.0_p3conc_1.4_i0,poly-hIgG,Polyclonal,3.0,150.0,7.6,1.0,1.4206,25.0,Histidine,6.2,12.3,none,0.0,none,0.0,none,0.0,none,0.0,0.9,0.9,0.9364665860600605,0.9242549557347993,0.9242549557347993,0.9242549557347993,0.91,
319.0_p3conc_1.5_i1,poly-hIgG,Polyclonal,3.0,150.0,7.6,1.0,1.4878,25.0,Histidine,6.2,12.3,none,0.0,none,0.0,none,0.0,none,0.0,0.9,0.9,0.91,0.91,0.91,0.91,0.91,
319.0_p3conc_2.0_i2,poly-hIgG,Polyclonal,3.0,150.0,7.6,1.0,2.018,25.0,Histidine,6.2,12.3,none,0.0,none,0.0,none,0.0,none,0.0,0.9,0.9,1.0115320715063585,0.9305573878430489,0.9233146097763139,0.9233146097763139,0.91,
319.0_p3conc_2.2_i3,poly-hIgG,Polyclonal,3.0,150.0,7.6,1.0,2.2135,25.0,Histidine,6.2,12.3,none,0.0,none,0.0,none,0.0,none,0.0,0.9,0.9,0.9271873282228856,0.9271873282228856,0.91,0.91,0.91,
319.0_p3conc_2.9_i4,poly-hIgG,Polyclonal,3.0,150.0,7.6,1.0,2.8667,25.0,Histidine,6.2,12.3,none,0.0,none,0.0,none,0.0,none,0.0,0.9,0.9,0.93207747352388,0.91,0.91,0.91,0.91,
319.0_p3conc_3.3_i5,poly-hIgG,Polyclonal,3.0,150.0,7.6,1.0,3.2932,25.0,Histidine,6.2,12.3,none,0.0,none,0.0,none,0.0,none,0.0,0.9,0.9,0.936373681122459,0.936373681122459,0.9328252592315021,0.9328252592315021,0.91,
319.0_p3conc_4.1_i6,poly-hIgG,Polyclonal,3.0,150.0,7.6,1.0,4.0722,25.0,Histidine,6.2,12.3,none,0.0,none,0.0,none,0.0,none,0.0,0.9,0.9,1.018418754522532,0.9734599490766495,0.9734599490766495,0.9521809230758245,0.9521809230758245,
319.0_p3conc_4.9_i7,poly-hIgG,Polyclonal,3.0,150.0,7.6,1.0,4.8997,25.0,Histidine,6.2,12.3,none,0.0,none,0.0,none,0.0,none,0.0,0.9,0.9,0.9244098885704226,0.9244098885704226,0.9244098885704226,0.9244098885704226,0.91,
319.0_p3conc_5.8_i8,poly-hIgG,Polyclonal,3.0,150.0,7.6,1.0,5.7848,25.0,Histidine,6.2,12.3,none,0.0,none,0.0,none,0.0,none,0.0,0.9,0.9,0.9858981610379467,0.9517497726579044,0.9264515140018448,0.9264515140018448,0.9264515140018448,
319.0_p3conc_7.3_i9,poly-hIgG,Polyclonal,3.0,150.0,7.6,1.0,7.2897,25.0,Histidine,6.2,12.3,none,0.0,none,0.0,none,0.0,none,0.0,0.9,0.9,1.0168149182044344,0.9763137694116273,0.9763137694116273,0.9488048192760877,0.9488048192760877,
319.0_p3conc_8.2_i10,poly-hIgG,Polyclonal,3.0,150.0,7.6,1.0,8.2177,25.0,Histidine,6.2,12.3,none,0.0,none,0.0,none,0.0,none,0.0,0.9,0.9,1.0762590653067525,0.9117724100908036,0.9117724100908036,0.91,0.91,
319.0_p3conc_10.8_i11,poly-hIgG,Polyclonal,3.0,150.0,7.6,1.0,10.8455,25.0,Histidine,6.2,12.3,none,0.0,none,0.0,none,0.0,none,0.0,0.9,0.9,1.0176790927003336,0.9828988036634386,0.9828988036634386,0.9828988036634386,0.9490215354883156,
319.0_p3conc_11.7_i12,poly-hIgG,Polyclonal,3.0,150.0,7.6,1.0,11.6737,25.0,Histidine,6.2,12.3,none,0.0,none,0.0,none,0.0,none,0.0,0.9,0.9,1.0010338024828784,1.0010338024828784,0.9625335755343115,0.9567660771806238,0.9567660771806238,
319.0_p3conc_16.1_i13,poly-hIgG,Polyclonal,3.0,150.0,7.6,1.0,16.1358,25.0,Histidine,6.2,12.3,none,0.0,none,0.0,none,0.0,none,0.0,0.9,0.9,1.0813784939250484,1.0813784939250484,1.0813784939250484,1.0400100370570595,1.0400100370570595,
319.0_p3conc_16.6_i14,poly-hIgG,Polyclonal,3.0,150.0,7.6,1.0,16.5831,25.0,Histidine,6.2,12.3,none,0.0,none,0.0,none,0.0,none,0.0,0.9,0.9,1.2486551867914994,1.0636680132091823,1.0636680132091823,1.0636680132091823,1.0636680132091823,
319.0_p3conc_23.6_i15,poly-hIgG,Polyclonal,3.0,150.0,7.6,1.0,23.5573,25.0,Histidine,6.2,12.3,none,0.0,none,0.0,none,0.0,none,0.0,0.9,0.9,1.3345822334587885,1.2506271044756403,1.12147074581573,1.12147074581573,1.12147074581573,
319.0_p3conc_24.0_i16,poly-hIgG,Polyclonal,3.0,150.0,7.6,1.0,24.0066,25.0,Histidine,6.2,12.3,none,0.0,none,0.0,none,0.0,none,0.0,0.9,0.9,1.3317249746777715,1.2446436759238535,1.1198564903970876,1.1198564903970876,1.1198564903970876,
319.0_p3conc_33.5_i17,poly-hIgG,Polyclonal,3.0,150.0,7.6,1.0,33.4644,25.0,Histidine,6.2,12.3,none,0.0,none,0.0,none,0.0,none,0.0,0.9,0.9,1.5194659981574654,1.3839022718726082,1.2963731790311657,1.1577984219339137,1.1577984219339137,
319.0_p3conc_35.7_i18,poly-hIgG,Polyclonal,3.0,150.0,7.6,1.0,35.7168,25.0,Histidine,6.2,12.3,none,0.0,none,0.0,none,0.0,none,0.0,0.9,0.9,1.4439891750751093,1.4439891750751093,1.2406860095486645,1.2406860095486645,1.2406860095486645,
319.0_p3conc_47.5_i19,poly-hIgG,Polyclonal,3.0,150.0,7.6,1.0,47.538,25.0,Histidine,6.2,12.3,none,0.0,none,0.0,none,0.0,none,0.0,0.9,0.9,1.7108661159017533,1.7108661159017533,1.440477148110646,1.440477148110646,1.3621065690900673,
319.0_p3conc_53.1_i20,poly-hIgG,Polyclonal,3.0,150.0,7.6,1.0,53.1391,25.0,Histidine,6.2,12.3,none,0.0,none,0.0,none,0.0,none,0.0,0.9,0.9,1.7754213941461474,1.7603400768034454,1.5386259977247259,1.5386259977247259,1.511675678505919,
319.0_p3conc_67.5_i21,poly-hIgG,Polyclonal,3.0,150.0,7.6,1.0,67.5305,25.0,Histidine,6.2,12.3,none,0.0,none,0.0,none,0.0,none,0.0,0.9,0.9,2.545762324404199,2.4145471817753026,1.7798365192685155,1.6720820422836755,1.6183591687232672,
319.0_p3conc_79.1_i22,poly-hIgG,Polyclonal,3.0,150.0,7.6,1.0,79.0597,25.0,Histidine,6.2,12.3,none,0.0,none,0.0,none,0.0,none,0.0,0.9,0.9,2.7021231379229556,2.4023816675742107,2.056459638639567,1.7691139687445718,1.7691139687445718,
319.0_p3conc_95.9_i23,poly-hIgG,Polyclonal,3.0,150.0,7.6,1.0,95.9308,25.0,Histidine,6.2,12.3,none,0.0,none,0.0,none,0.0,none,0.0,0.9,0.9,3.9130068350157736,3.2089719274844724,2.4768612724187378,2.2885328686544337,2.153530656747283,
319.0_p3conc_117.6_i24,poly-hIgG,Polyclonal,3.0,150.0,7.6,1.0,117.6243,25.0,Histidine,6.2,12.3,none,0.0,none,0.0,none,0.0,none,0.0,0.9,0.9,4.910602740455873,4.3321828124020705,3.046858806554757,2.568063416861871,2.568063416861871,
319.0_p3conc_136.3_i25,poly-hIgG,Polyclonal,3.0,150.0,7.6,1.0,136.2749,25.0,Histidine,6.2,12.3,none,0.0,none,0.0,none,0.0,none,0.0,0.9,0.9,5.842469350720495,5.842469350720495,3.5082094571580793,3.335669530010102,2.9996959067511835,
319.0_p3conc_185.2_i26,poly-hIgG,Polyclonal,3.0,150.0,7.6,1.0,185.1719,25.0,Histidine,6.2,12.3,none,0.0,none,0.0,none,0.0,none,0.0,0.9,0.9,12.058149707532415,11.27809219702352,6.512029892694757,4.921836747081305,4.879495469426269,
319.0_p3conc_193.6_i27,poly-hIgG,Polyclonal,3.0,150.0,7.6,1.0,193.586,25.0,Histidine,6.2,12.3,none,0.0,none,0.0,none,0.0,none,0.0,0.9,0.9,12.960229818081276,11.578498137625024,7.2308168955856,5.374122014903207,4.670683342168335,
319.0_p3conc_195.9_i28,poly-hIgG,Polyclonal,3.0,150.0,7.6,1.0,195.935,25.0,Histidine,6.2,12.3,none,0.0,none,0.0,none,0.0,none,0.0,0.9,0.9,14.41998403851325,12.172825569488301,6.929212668449155,5.455413803196537,5.23988444885299,
319.0_p3conc_207.3_i29,poly-hIgG,Polyclonal,3.0,150.0,7.6,1.0,207.3237,25.0,Histidine,6.2,12.3,none,0.0,none,0.0,none,0.0,none,0.0,0.9,0.9,17.47722918325721,15.773859555669512,8.020404526052781,6.298976926159908,6.070927531700425,
319.0_p3conc_219.4_i30,poly-hIgG,Polyclonal,3.0,150.0,7.6,1.0,219.3739,25.0,Histidine,6.2,12.3,none,0.0,none,0.0,none,0.0,none,0.0,0.9,0.9,20.470366776286493,16.454105667417185,9.430830675894768,6.940197352131782,6.44934459347699,
319.0_p3conc_232.1_i31,poly-hIgG,Polyclonal,3.0,150.0,7.6,1.0,232.125,25.0,Histidine,6.2,12.3,none,0.0,none,0.0,none,0.0,none,0.0,0.9,0.9,24.301783495065383,20.14000756943937,10.598201152393786,8.122874396717744,7.445647001081438,
319.0_p3conc_245.6_i32,poly-hIgG,Polyclonal,3.0,150.0,7.6,1.0,245.6173,25.0,Histidine,6.2,12.3,none,0.0,none,0.0,none,0.0,none,0.0,0.9,0.9,31.49077369146287,25.5279044537248,11.808105376012845,8.72682426054082,8.566571994357298,
319.0_p3conc_259.9_i33,poly-hIgG,Polyclonal,3.0,150.0,7.6,1.0,259.8938,25.0,Histidine,6.2,12.3,none,0.0,none,0.0,none,0.0,none,0.0,0.9,0.9,36.62287296034509,30.681561797337437,13.13051179558451,9.742800631899412,9.10534148531424,
151.0_p3conc_1.4_i0,poly-hIgG,Polyclonal,3.0,150.0,7.6,1.0,1.4009,27.5,Histidine,6.3,11.0,none,0.0,none,0.0,none,0.0,none,0.0,0.9,0.9,0.91,0.91,0.91,0.91,0.91,
151.0_p3conc_1.4_i1,poly-hIgG,Polyclonal,3.0,150.0,7.6,1.0,1.4411,27.5,Histidine,6.3,11.0,none,0.0,none,0.0,none,0.0,none,0.0,0.9,0.9,0.91,0.91,0.91,0.91,0.91,
151.0_p3conc_2.0_i2,poly-hIgG,Polyclonal,3.0,150.0,7.6,1.0,1.9625,27.5,Histidine,6.3,11.0,none,0.0,none,0.0,none,0.0,none,0.0,0.9,0.9,0.9388629662052814,0.91,0.91,0.91,0.91,
151.0_p3conc_2.1_i3,poly-hIgG,Polyclonal,3.0,150.0,7.6,1.0,2.0768,27.5,Histidine,6.3,11.0,none,0.0,none,0.0,none,0.0,none,0.0,0.9,0.9,0.91,0.91,0.91,0.91,0.91,
151.0_p3conc_2.7_i4,poly-hIgG,Polyclonal,3.0,150.0,7.6,1.0,2.7492,27.5,Histidine,6.3,11.0,none,0.0,none,0.0,none,0.0,none,0.0,0.9,0.9,0.9344843294279163,0.91,0.91,0.91,0.91,
151.0_p3conc_3.0_i5,poly-hIgG,Polyclonal,3.0,150.0,7.6,1.0,2.9928,27.5,Histidine,6.3,11.0,none,0.0,none,0.0,none,0.0,none,0.0,0.9,0.9,0.91,0.91,0.91,0.91,0.91,
151.0_p3conc_3.9_i6,poly-hIgG,Polyclonal,3.0,150.0,7.6,1.0,3.8513,27.5,Histidine,6.3,11.0,none,0.0,none,0.0,none,0.0,none,0.0,0.9,0.9,0.91,0.91,0.91,0.91,0.91,
151.0_p3conc_4.3_i7,poly-hIgG,Polyclonal,3.0,150.0,7.6,1.0,4.3129,27.5,Histidine,6.3,11.0,none,0.0,none,0.0,none,0.0,none,0.0,0.9,0.9,0.91,0.91,0.91,0.91,0.91,
151.0_p3conc_5.4_i8,poly-hIgG,Polyclonal,3.0,150.0,7.6,1.0,5.3952,27.5,Histidine,6.3,11.0,none,0.0,none,0.0,none,0.0,none,0.0,0.9,0.9,0.91,0.91,0.91,0.91,0.91,
151.0_p3conc_6.2_i9,poly-hIgG,Polyclonal,3.0,150.0,7.6,1.0,6.2153,27.5,Histidine,6.3,11.0,none,0.0,none,0.0,none,0.0,none,0.0,0.9,0.9,0.91,0.91,0.91,0.91,0.91,
151.0_p3conc_7.6_i10,poly-hIgG,Polyclonal,3.0,150.0,7.6,1.0,7.558,27.5,Histidine,6.3,11.0,none,0.0,none,0.0,none,0.0,none,0.0,0.9,0.9,0.91,0.91,0.91,0.91,0.91,
151.0_p3conc_9.0_i11,poly-hIgG,Polyclonal,3.0,150.0,7.6,1.0,8.9568,27.5,Histidine,6.3,11.0,none,0.0,none,0.0,none,0.0,none,0.0,0.9,0.9,0.91,0.91,0.91,0.91,0.91,
151.0_p3conc_10.6_i12,poly-hIgG,Polyclonal,3.0,150.0,7.6,1.0,10.5879,27.5,Histidine,6.3,11.0,none,0.0,none,0.0,none,0.0,none,0.0,0.9,0.9,0.91,0.91,0.91,0.91,0.91,
151.0_p3conc_12.9_i13,poly-hIgG,Polyclonal,3.0,150.0,7.6,1.0,12.9076,27.5,Histidine,6.3,11.0,none,0.0,none,0.0,none,0.0,none,0.0,0.9,0.9,0.91,0.91,0.91,0.91,0.91,
151.0_p3conc_14.8_i14,poly-hIgG,Polyclonal,3.0,150.0,7.6,1.0,14.8324,27.5,Histidine,6.3,11.0,none,0.0,none,0.0,none,0.0,none,0.0,0.9,0.9,0.9447453600253233,0.9447453600253233,0.9447453600253233,0.9389464154121401,0.91,
151.0_p3conc_18.6_i15,poly-hIgG,Polyclonal,3.0,150.0,7.6,1.0,18.6011,27.5,Histidine,6.3,11.0,none,0.0,none,0.0,none,0.0,none,0.0,0.9,0.9,0.9484374960011294,0.91,0.91,0.91,0.91,
151.0_p3conc_20.8_i16,poly-hIgG,Polyclonal,3.0,150.0,7.6,1.0,20.7784,27.5,Histidine,6.3,11.0,none,0.0,none,0.0,none,0.0,none,0.0,0.9,0.9,0.9327159927421151,0.9327159927421151,0.9327159927421151,0.9212010244029687,0.9212010244029687,
151.0_p3conc_26.8_i17,poly-hIgG,Polyclonal,3.0,150.0,7.6,1.0,26.8059,27.5,Histidine,6.3,11.0,none,0.0,none,0.0,none,0.0,none,0.0,0.9,0.9,0.9207750645516337,0.91,0.91,0.91,0.91,
151.0_p3conc_29.1_i18,poly-hIgG,Polyclonal,3.0,150.0,7.6,1.0,29.1081,27.5,Histidine,6.3,11.0,none,0.0,none,0.0,none,0.0,none,0.0,0.9,0.9,0.9244944067237437,0.9244944067237437,0.9244944067237437,0.91,0.91,
151.0_p3conc_38.6_i19,poly-hIgG,Polyclonal,3.0,150.0,7.6,1.0,38.6298,27.5,Histidine,6.3,11.0,none,0.0,none,0.0,none,0.0,none,0.0,0.9,0.9,1.0111420546255196,0.9358952424260741,0.9358952424260741,0.9358952424260741,0.9317902847951777,
151.0_p3conc_40.8_i20,poly-hIgG,Polyclonal,3.0,150.0,7.6,1.0,40.7771,27.5,Histidine,6.3,11.0,none,0.0,none,0.0,none,0.0,none,0.0,0.9,0.9,1.0973791265574948,1.0054811039270903,1.0054811039270903,1.0054811039270903,0.9249210776299166,
151.0_p3conc_55.7_i21,poly-hIgG,Polyclonal,3.0,150.0,7.6,1.0,55.6692,27.5,Histidine,6.3,11.0,none,0.0,none,0.0,none,0.0,none,0.0,0.9,0.9,1.1419705679533068,1.0266908985182386,1.0235388781258878,1.018835775581579,0.965373554870344,
151.0_p3conc_57.1_i22,poly-hIgG,Polyclonal,3.0,150.0,7.6,1.0,57.1238,27.5,Histidine,6.3,11.0,none,0.0,none,0.0,none,0.0,none,0.0,0.9,0.9,1.1299253867900134,1.072069175599571,1.0340746340818234,1.0340746340818234,0.9856112791016302,
151.0_p3conc_80.0_i23,poly-hIgG,Polyclonal,3.0,150.0,7.6,1.0,80.0236,27.5,Histidine,6.3,11.0,none,0.0,none,0.0,none,0.0,none,0.0,0.9,0.9,1.2752199726858082,1.2348357592337613,1.2348357592337613,1.2099048020113228,1.0764291954767984,
151.0_p3conc_80.2_i24,poly-hIgG,Polyclonal,3.0,150.0,7.6,1.0,80.2245,27.5,Histidine,6.3,11.0,none,0.0,none,0.0,none,0.0,none,0.0,0.9,0.9,1.348535206860566,1.2214256050295336,1.1949683640169575,1.1122458261759296,1.1122458261759296,
151.0_p3conc_112.1_i25,poly-hIgG,Polyclonal,3.0,150.0,7.6,1.0,112.1037,27.5,Histidine,6.3,11.0,none,0.0,none,0.0,none,0.0,none,0.0,0.9,0.9,1.820027880001489,1.6840131946101662,1.6840131946101662,1.5272602120542271,1.2350823055063536,
151.0_p3conc_115.6_i26,poly-hIgG,Polyclonal,3.0,150.0,7.6,1.0,115.611,27.5,Histidine,6.3,11.0,none,0.0,none,0.0,none,0.0,none,0.0,0.9,0.9,1.9067781544257558,1.7599660690969368,1.7090146083565394,1.7090146083565394,1.2020321409272419,
151.0_p3conc_157.0_i27,poly-hIgG,Polyclonal,3.0,150.0,7.6,1.0,157.0439,27.5,Histidine,6.3,11.0,none,0.0,none,0.0,none,0.0,none,0.0,0.9,0.9,3.7123311812650606,3.176975601254445,3.1176372613889116,2.3408023426263918,2.0184335204234682,
151.0_p3conc_166.6_i28,poly-hIgG,Polyclonal,3.0,150.0,7.6,1.0,166.6065,27.5,Histidine,6.3,11.0,none,0.0,none,0.0,none,0.0,none,0.0,0.9,0.9,3.979135916326624,3.504192059742652,3.504192059742652,3.2210385498595357,2.1559512314827796,
507.0_p3conc_267.9_i29,poly-hIgG,Polyclonal,3.0,150.0,7.6,1.0,267.8983,25.0775,Histidine,6.3,11.0,none,0.0,none,0.0,none,0.0,none,0.0,0.9,0.9,170.5595881817654,170.5595881817654,170.5595881817654,170.5595881817654,22.368232443517517,
507.0_p3conc_279.6_i30,poly-hIgG,Polyclonal,3.0,150.0,7.6,1.0,279.5683,25.0775,Histidine,6.3,11.0,none,0.0,none,0.0,none,0.0,none,0.0,0.9,0.9,294.83322301793544,294.83322301793544,294.83322301793544,294.83322301793544,35.36818134575308,
507.0_p3conc_291.7_i31,poly-hIgG,Polyclonal,3.0,150.0,7.6,1.0,291.7467,25.0775,Histidine,6.3,11.0,none,0.0,none,0.0,none,0.0,none,0.0,0.9,0.9,609.7784322639422,609.7784322639422,609.7784322639422,609.7784322639422,61.405204925121765,
507.0_p3conc_304.5_i32,poly-hIgG,Polyclonal,3.0,150.0,7.6,1.0,304.4549,25.0775,Histidine,6.3,11.0,none,0.0,none,0.0,none,0.0,none,0.0,0.9,0.9,1074.4406786618085,1074.4406786618085,1074.4406786618085,1074.4406786618085,91.73802865861853,
507.0_p3conc_317.7_i33,poly-hIgG,Polyclonal,3.0,150.0,7.6,1.0,317.7174,25.0775,Histidine,6.3,11.0,none,0.0,none,0.0,none,0.0,none,0.0,0.9,0.9,2265.53424589612,2265.53424589612,2265.53424589612,2265.53424589612,151.85352401693558,
507.0_p3conc_331.6_i34,poly-hIgG,Polyclonal,3.0,150.0,7.6,1.0,331.5568,25.0775,Histidine,6.3,11.0,none,0.0,none,0.0,none,0.0,none,0.0,0.9,0.9,4698.483223960218,4698.483223960218,4698.483223960218,4698.483223960218,263.160332334061,
506.0_p3conc_1.4_i0,poly-hIgG,Polyclonal,3.0,150.0,7.6,1.0,1.4244,25.21636364,Histidine,6.3,12.0,none,0.0,none,0.0,none,0.0,none,0.0,0.9,0.9,0.91,0.91,0.91,0.91,0.91,
506.0_p3conc_1.5_i1,poly-hIgG,Polyclonal,3.0,150.0,7.6,1.0,1.4954,25.21636364,Histidine,6.3,12.0,none,0.0,none,0.0,none,0.0,none,0.0,0.9,0.9,0.91,0.91,0.91,0.91,0.91,
506.0_p3conc_2.0_i2,poly-hIgG,Polyclonal,3.0,150.0,7.6,1.0,2.0288,25.21636364,Histidine,6.3,12.0,none,0.0,none,0.0,none,0.0,none,0.0,0.9,0.9,0.9159600464933728,0.9159600464933728,0.9159600464933728,0.91,0.91,
506.0_p3conc_2.2_i3,poly-hIgG,Polyclonal,3.0,150.0,7.6,1.0,2.2362,25.21636364,Histidine,6.3,12.0,none,0.0,none,0.0,none,0.0,none,0.0,0.9,0.9,0.91,0.91,0.91,0.91,0.91,
506.0_p3conc_2.9_i4,poly-hIgG,Polyclonal,3.0,150.0,7.6,1.0,2.8897,25.21636364,Histidine,6.3,12.0,none,0.0,none,0.0,none,0.0,none,0.0,0.9,0.9,1.0350646061511177,0.91,0.91,0.91,0.91,
506.0_p3conc_3.3_i5,poly-hIgG,Polyclonal,3.0,150.0,7.6,1.0,3.344,25.21636364,Histidine,6.3,12.0,none,0.0,none,0.0,none,0.0,none,0.0,0.9,0.9,0.9159087986393758,0.9159087986393758,0.91,0.91,0.91,
506.0_p3conc_4.1_i6,poly-hIgG,Polyclonal,3.0,150.0,7.6,1.0,4.1159,25.21636364,Histidine,6.3,12.0,none,0.0,none,0.0,none,0.0,none,0.0,0.9,0.9,0.9481406532009765,0.9203982836768636,0.9203982836768636,0.9203982836768636,0.9128865355861706,
506.0_p3conc_5.0_i7,poly-hIgG,Polyclonal,3.0,150.0,7.6,1.0,5.0007,25.21636364,Histidine,6.3,12.0,none,0.0,none,0.0,none,0.0,none,0.0,0.9,0.9,1.024265332677448,0.9429124665597117,0.9158502271042511,0.9158502271042511,0.9158502271042511,
506.0_p3conc_5.9_i8,poly-hIgG,Polyclonal,3.0,150.0,7.6,1.0,5.8626,25.21636364,Histidine,6.3,12.0,none,0.0,none,0.0,none,0.0,none,0.0,0.9,0.9,0.9722135909769537,0.9722135909769537,0.9722135909769537,0.9659396551486131,0.91,
506.0_p3conc_7.5_i9,poly-hIgG,Polyclonal,3.0,150.0,7.6,1.0,7.478,25.21636364,Histidine,6.3,12.0,none,0.0,none,0.0,none,0.0,none,0.0,0.9,0.9,0.9812368196044025,0.9812368196044025,0.9812368196044025,0.9812368196044025,0.9623636940313053,
506.0_p3conc_8.4_i10,poly-hIgG,Polyclonal,3.0,150.0,7.6,1.0,8.3504,25.21636364,Histidine,6.3,12.0,none,0.0,none,0.0,none,0.0,none,0.0,0.9,0.9,0.965514125665509,0.9389079275989762,0.9389079275989762,0.9389079275989762,0.9389079275989762,
506.0_p3conc_11.2_i11,poly-hIgG,Polyclonal,3.0,150.0,7.6,1.0,11.1826,25.21636364,Histidine,6.3,12.0,none,0.0,none,0.0,none,0.0,none,0.0,0.9,0.9,1.01072942928007,1.004841649214643,1.004841649214643,1.004841649214643,0.9356616827130033,
506.0_p3conc_11.9_i12,poly-hIgG,Polyclonal,3.0,150.0,7.6,1.0,11.8939,25.21636364,Histidine,6.3,12.0,none,0.0,none,0.0,none,0.0,none,0.0,0.9,0.9,1.0556956046635317,1.0556956046635317,1.0556956046635317,1.0556956046635317,0.9374629902644073,
506.0_p3conc_16.7_i13,poly-hIgG,Polyclonal,3.0,150.0,7.6,1.0,16.7224,25.21636364,Histidine,6.3,12.0,none,0.0,none,0.0,none,0.0,none,0.0,0.9,0.9,1.1807147954658452,1.1807147954658452,1.0717292670531462,1.0559681391183575,1.0067026924747526,
506.0_p3conc_16.9_i14,poly-hIgG,Polyclonal,3.0,150.0,7.6,1.0,16.9411,25.21636364,Histidine,6.3,12.0,none,0.0,none,0.0,none,0.0,none,0.0,0.9,0.9,1.1760192984755833,1.1063368349698373,1.0618391349870668,1.0618391349870668,1.0278115384320612,
506.0_p3conc_24.1_i15,poly-hIgG,Polyclonal,3.0,150.0,7.6,1.0,24.1301,25.21636364,Histidine,6.3,12.0,none,0.0,none,0.0,none,0.0,none,0.0,0.9,0.9,1.2220622704733255,1.2220622704733255,1.2220622704733255,1.2220622704733255,1.041938515290007,
506.0_p3conc_25.0_i16,poly-hIgG,Polyclonal,3.0,150.0,7.6,1.0,25.0067,25.21636364,Histidine,6.3,12.0,none,0.0,none,0.0,none,0.0,none,0.0,0.9,0.9,1.309128774142328,1.1815356628989953,1.1815356628989953,1.1815356628989953,1.0252106529362444,
506.0_p3conc_34.4_i17,poly-hIgG,Polyclonal,3.0,150.0,7.6,1.0,34.3697,25.21636364,Histidine,6.3,12.0,none,0.0,none,0.0,none,0.0,none,0.0,0.9,0.9,1.3786658795171145,1.3786658795171145,1.3786658795171145,1.3780534077967799,1.1130475071072705,
506.0_p3conc_37.4_i18,poly-hIgG,Polyclonal,3.0,150.0,7.6,1.0,37.395,25.21636364,Histidine,6.3,12.0,none,0.0,none,0.0,none,0.0,none,0.0,0.9,0.9,1.4776865168808364,1.4776865168808364,1.4776865168808364,1.342070704688084,1.15335626946882,
506.0_p3conc_49.0_i19,poly-hIgG,Polyclonal,3.0,150.0,7.6,1.0,48.9547,25.21636364,Histidine,6.3,12.0,none,0.0,none,0.0,none,0.0,none,0.0,0.9,0.9,1.6416007012469083,1.6416007012469083,1.6416007012469083,1.6283074810644547,1.1947662185279007,
506.0_p3conc_55.9_i20,poly-hIgG,Polyclonal,3.0,150.0,7.6,1.0,55.9204,25.21636364,Histidine,6.3,12.0,none,0.0,none,0.0,none,0.0,none,0.0,0.9,0.9,1.8907722537192393,1.8541838758605262,1.8541838758605262,1.7552404413930733,1.370126900543505,
506.0_p3conc_69.7_i21,poly-hIgG,Polyclonal,3.0,150.0,7.6,1.0,69.7286,25.21636364,Histidine,6.3,12.0,none,0.0,none,0.0,none,0.0,none,0.0,0.9,0.9,2.4879220700156344,2.06643142014969,2.06643142014969,2.06643142014969,1.4457079978618859,
506.0_p3conc_83.6_i22,poly-hIgG,Polyclonal,3.0,150.0,7.6,1.0,83.6234,25.21636364,Histidine,6.3,12.0,none,0.0,none,0.0,none,0.0,none,0.0,0.9,0.9,2.746643064472543,2.658043268440894,2.658043268440894,2.658043268440894,1.4402172238338948,
506.0_p3conc_99.3_i23,poly-hIgG,Polyclonal,3.0,150.0,7.6,1.0,99.3182,25.21636364,Histidine,6.3,12.0,none,0.0,none,0.0,none,0.0,none,0.0,0.9,0.9,3.4785495689086106,3.151671184773049,3.103138651046118,3.103138651046118,1.5355752593038103,
506.0_p3conc_125.1_i24,poly-hIgG,Polyclonal,3.0,150.0,7.6,1.0,125.0504,25.21636364,Histidine,6.3,12.0,none,0.0,none,0.0,none,0.0,none,0.0,0.9,0.9,4.744092563557971,4.453320736369587,4.067953859829169,4.067953859829169,1.7264619986394085,
506.0_p3conc_141.5_i25,poly-hIgG,Polyclonal,3.0,150.0,7.6,1.0,141.4643,25.21636364,Histidine,6.3,12.0,none,0.0,none,0.0,none,0.0,none,0.0,0.9,0.9,5.642664042607996,5.161595311753129,5.161595311753129,5.161595311753129,2.0925349564988927,
506.0_p3conc_197.3_i26,poly-hIgG,Polyclonal,3.0,150.0,7.6,1.0,197.2863,25.21636364,Histidine,6.3,12.0,none,0.0,none,0.0,none,0.0,none,0.0,0.9,0.9,12.878512587534445,10.911046660447596,10.621601619916408,10.621601619916408,2.7465623506908985,
506.0_p3conc_201.5_i27,poly-hIgG,Polyclonal,3.0,150.0,7.6,1.0,201.4949,25.21636364,Histidine,6.3,12.0,none,0.0,none,0.0,none,0.0,none,0.0,0.9,0.9,13.842970402077597,11.13168096970213,11.13168096970213,11.13168096970213,2.9974370489412987,
506.0_p3conc_208.1_i28,poly-hIgG,Polyclonal,3.0,150.0,7.6,1.0,208.1383,25.21636364,Histidine,6.3,12.0,none,0.0,none,0.0,none,0.0,none,0.0,0.9,0.9,15.92955457904457,11.30227354426604,11.30227354426604,11.30227354426604,3.2212433063440105,
506.0_p3conc_219.6_i29,poly-hIgG,Polyclonal,3.0,150.0,7.6,1.0,219.5872,25.21636364,Histidine,6.3,12.0,none,0.0,none,0.0,none,0.0,none,0.0,0.9,0.9,18.246735616217848,14.377560173941148,14.215214750914901,14.215214750914901,3.0860816823576513,
506.0_p3conc_231.7_i30,poly-hIgG,Polyclonal,3.0,150.0,7.6,1.0,231.6658,25.21636364,Histidine,6.3,12.0,none,0.0,none,0.0,none,0.0,none,0.0,0.9,0.9,19.16553086462047,15.405757245336002,15.405757245336002,15.405757245336002,3.1008956824356426,
506.0_p3conc_244.4_i31,poly-hIgG,Polyclonal,3.0,150.0,7.6,1.0,244.4089,25.21636364,Histidine,6.3,12.0,none,0.0,none,0.0,none,0.0,none,0.0,0.9,0.9,26.22495202844637,19.280067842580685,18.73377316576032,18.73377316576032,4.032379667130864,
506.0_p3conc_257.9_i32,poly-hIgG,Polyclonal,3.0,150.0,7.6,1.0,257.8529,25.21636364,Histidine,6.3,12.0,none,0.0,none,0.0,none,0.0,none,0.0,0.9,0.9,30.437460931135153,23.854180463936004,22.435702821332082,22.435702821332082,3.9784958711239162,
506.0_p3conc_272.0_i33,poly-hIgG,Polyclonal,3.0,150.0,7.6,1.0,272.0364,25.21636364,Histidine,6.3,12.0,none,0.0,none,0.0,none,0.0,none,0.0,0.9,0.9,38.84053626184766,27.892521492138318,27.892521492138318,27.892521492138318,4.366353843390893,
