ID,Protein_type,Protein_class_type,kP,MW,PI_mean,PI_range,Protein_conc,Temperature,Buffer_type,Buffer_pH,Buffer_conc,Salt_type,Salt_conc,Stabilizer_type,Stabilizer_conc,Surfactant_type,Surfactant_conc,Excipient_type,Excipient_conc,C_Class,HCI,Viscosity_100,Viscosity_1000,Viscosity_10000,Viscosity_100000,Viscosity_15000000
486,Nivolumab,mAb_IgG4,3.5,146.0,8.8,0.3,12.0,25.75,PBS,7.4,10.0,NaCl,140.0,none,0.0,none,0.0,none,0.0,1.3,1.1,1.48,1.48,1.4299216238313799,1.3209192384736852,1.05
487,Nivolumab,mAb_IgG4,3.5,146.0,8.8,0.3,53.0,25.25,PBS,7.4,10.0,NaCl,140.0,none,0.0,none,0.0,Arginine,5.0,1.3,1.1,2.91,2.761467213372999,2.543790025335465,2.3937082667643406,2.17
488,Nivolumab,mAb_IgG4,3.5,146.0,8.8,0.3,82.0,25.68,Histidine,6.0,15.0,none,0.0,none,0.0,none,0.0,Arginine,25.0,1.3,1.1,3.04,3.0186446145934664,2.7501273993667743,2.512858220029287,2.0
489,Nivolumab,mAb_IgG4,3.5,146.0,8.8,0.3,69.0,26.04,PBS,7.4,10.0,NaCl,140.0,none,0.0,none,0.0,Arginine,25.0,1.3,1.1,2.57,2.470900147732846,2.3779344387421952,2.3196476249520104,2.21
490,Nivolumab,mAb_IgG4,3.5,146.0,8.8,0.3,119.0,26.14,Histidine,6.0,15.0,none,0.0,none,0.0,none,0.0,Lysine,125.0,1.3,1.1,3.27,3.2137362267237295,2.953627106930759,2.5954413689699103,1.78
491,Nivolumab,mAb_IgG4,3.5,146.0,8.8,0.3,148.0,25.69,Histidine,6.0,15.0,none,0.0,none,0.0,none,0.0,Lysine,25.0,1.3,1.1,2.96,2.737572288520089,2.2785754211712197,1.9586604357601929,1.41
