{
    "lr": 9.543884908164717e-05,
    "n_layers": 3,
    "hidden_size": 256,
    "dropout": 0.13918516396937253,
    "batch_size": 64,
    "weight_decay": 3.652632039607299e-05,
    "lambda_input": 0.04253893608743003,
    "lambda_shear": 0.35653867653473564
}