output_0,output_1,output_2,output_3,output_4
23.750446,19.621273,15.301203,11.64794,8.197818
