output_0,output_1,output_2,output_3,output_4
18.586843,18.169216,16.294577,13.777225,9.956523
