{
    "lr": 9.716484411705502e-05,
    "n_layers": 2,
    "hidden_size": 256,
    "dropout": 0.13583417437299067,
    "batch_size": 32,
    "weight_decay": 0.00015530952691669803,
    "lambda_input": 0.014173731216311707,
    "lambda_shear": 0.0036294805766494964
}