{
    "lr": 6.873996079231563e-05,
    "n_layers": 3,
    "hidden_size": 256,
    "dropout": 0.10308684913956108,
    "batch_size": 32,
    "weight_decay": 0.00027562988664847865,
    "lambda_input": 0.07008612865455648,
    "lambda_shear": 0.10908203725503113
}