Group,Shear_rate,Concept,Concept_idx,Activation_type,Intervention_value,Baseline_log_visc,Predicted_log_visc,Delta_log_visc
adalimumab,100,self_interaction,0,tanh,-1.0,0.7203569607243611,0.8025576925251683,0.08220073180080723
adalimumab,100,self_interaction,0,tanh,-0.5,0.7203569607243611,0.7513008278823683,0.030943867158007232
adalimumab,100,self_interaction,0,tanh,0.0,0.7203569607243611,0.7074229493796208,-0.01293401134474026
adalimumab,100,self_interaction,0,tanh,0.5,0.7203569607243611,0.6859515852695808,-0.034405375454780285
adalimumab,100,self_interaction,0,tanh,1.0,0.7203569607243611,0.688895703322802,-0.03146125740155903
adalimumab,100,hydrophobicity,1,sigmoid,0.0,0.7203569607243611,0.7103519656784322,-0.010004995045928888
adalimumab,100,hydrophobicity,1,sigmoid,0.25,0.7203569607243611,0.717761858696688,-0.002595102027673102
adalimumab,100,hydrophobicity,1,sigmoid,0.5,0.7203569607243611,0.720986579759247,0.0006296190348858977
adalimumab,100,hydrophobicity,1,sigmoid,0.75,0.7203569607243611,0.7254798481922415,0.005122887467880477
adalimumab,100,hydrophobicity,1,sigmoid,1.0,0.7203569607243611,0.7310442033849278,0.010687242660566754
adalimumab,100,charge_environment,2,tanh,-1.0,0.7203569607243611,0.6981426523593561,-0.02221430836500493
adalimumab,100,charge_environment,2,tanh,-0.5,0.7203569607243611,0.7046809672748099,-0.015675993449551173
adalimumab,100,charge_environment,2,tanh,0.0,0.7203569607243611,0.7133589732294703,-0.006997987494890778
adalimumab,100,charge_environment,2,tanh,0.5,0.7203569607243611,0.7277261824423841,0.007369221718023011
adalimumab,100,charge_environment,2,tanh,1.0,0.7203569607243611,0.7405857607564846,0.020228800032123573
adalimumab,100,ionic_screening,3,sigmoid,0.0,0.7203569607243611,0.7030686170871978,-0.01728834363716325
adalimumab,100,ionic_screening,3,sigmoid,0.25,0.7203569607243611,0.7130341820729824,-0.0073227786513786475
adalimumab,100,ionic_screening,3,sigmoid,0.5,0.7203569607243611,0.7236680927844137,0.003311132060052624
adalimumab,100,ionic_screening,3,sigmoid,0.75,0.7203569607243611,0.7356646161776532,0.015307655453292157
adalimumab,100,ionic_screening,3,sigmoid,1.0,0.7203569607243611,0.7470084541576958,0.026651493433334728
adalimumab,100,crowding,4,sigmoid,0.0,0.7203569607243611,0.7136694073756014,-0.0066875533487597005
adalimumab,100,crowding,4,sigmoid,0.25,0.7203569607243611,0.7174529967880023,-0.002903963936358722
adalimumab,100,crowding,4,sigmoid,0.5,0.7203569607243611,0.7212229946214345,0.0008660338970734038
adalimumab,100,crowding,4,sigmoid,0.75,0.7203569607243611,0.7254041532341785,0.005047192509817444
adalimumab,100,crowding,4,sigmoid,1.0,0.7203569607243611,0.7296561452813056,0.009299184556944562
adalimumab,100,nonlinear_conc,5,sigmoid,0.0,0.7203569607243611,0.7179834614271529,-0.0023734992972082036
adalimumab,100,nonlinear_conc,5,sigmoid,0.25,0.7203569607243611,0.719101405000185,-0.0012555557241760162
adalimumab,100,nonlinear_conc,5,sigmoid,0.5,0.7203569607243611,0.7220975103257793,0.0017405496014182287
adalimumab,100,nonlinear_conc,5,sigmoid,0.75,0.7203569607243611,0.7256299968682791,0.005273036143918053
adalimumab,100,nonlinear_conc,5,sigmoid,1.0,0.7203569607243611,0.7280438157810284,0.00768685505666733
adalimumab,100,cosolute_interaction,6,tanh,-1.0,0.7203569607243611,0.7174227105298432,-0.0029342501945178734
adalimumab,100,cosolute_interaction,6,tanh,-0.5,0.7203569607243611,0.7202953538413024,-6.160688305867357e-05
adalimumab,100,cosolute_interaction,6,tanh,0.0,0.7203569607243611,0.7224005797807186,0.0020436190563575263
adalimumab,100,cosolute_interaction,6,tanh,0.5,0.7203569607243611,0.7276136640283626,0.007256703304001522
adalimumab,100,cosolute_interaction,6,tanh,1.0,0.7203569607243611,0.7439903788825353,0.023633418158174213
adalimumab,100,cosolute_protection,7,sigmoid,0.0,0.7203569607243611,0.6767323779490044,-0.043624582775356635
adalimumab,100,cosolute_protection,7,sigmoid,0.25,0.7203569607243611,0.6982609011651194,-0.022096059559241654
adalimumab,100,cosolute_protection,7,sigmoid,0.5,0.7203569607243611,0.7194076603046848,-0.0009493004196762245
adalimumab,100,cosolute_protection,7,sigmoid,0.75,0.7203569607243611,0.7444548095489782,0.024097848824617185
adalimumab,100,cosolute_protection,7,sigmoid,1.0,0.7203569607243611,0.7688721535723723,0.0485151928480112
adalimumab,100,interfacial_shielding,8,sigmoid,0.0,0.7203569607243611,0.7223089348875185,0.0019519741631573995
adalimumab,100,interfacial_shielding,8,sigmoid,0.25,0.7203569607243611,0.7208323763655871,0.0004754156412259958
adalimumab,100,interfacial_shielding,8,sigmoid,0.5,0.7203569607243611,0.7203568779750218,-8.274933926966099e-08
adalimumab,100,interfacial_shielding,8,sigmoid,0.75,0.7203569607243611,0.7212614937515125,0.0009045330271514329
adalimumab,100,interfacial_shielding,8,sigmoid,1.0,0.7203569607243611,0.7243727447826488,0.00401578405828773
adalimumab,100,surface_stability,9,sigmoid,0.0,0.7203569607243611,0.7528395518453983,0.03248259112103724
adalimumab,100,surface_stability,9,sigmoid,0.25,0.7203569607243611,0.7339626484556523,0.013605687731291227
adalimumab,100,surface_stability,9,sigmoid,0.5,0.7203569607243611,0.7174875032624624,-0.0028694574618987057
adalimumab,100,surface_stability,9,sigmoid,0.75,0.7203569607243611,0.7026305627726352,-0.017726397951725814
adalimumab,100,surface_stability,9,sigmoid,1.0,0.7203569607243611,0.6897523037952029,-0.030604656929158147
adalimumab,100,chemical_modulation,10,tanh,-1.0,0.7203569607243611,0.6845930686800646,-0.03576389204429642
adalimumab,100,chemical_modulation,10,tanh,-0.5,0.7203569607243611,0.7043744637222924,-0.015982497002068663
adalimumab,100,chemical_modulation,10,tanh,0.0,0.7203569607243611,0.7291077447228765,0.008750783998515477
adalimumab,100,chemical_modulation,10,tanh,0.5,0.7203569607243611,0.7457692828026878,0.025412322078326777
adalimumab,100,chemical_modulation,10,tanh,1.0,0.7203569607243611,0.748790709426087,0.02843374870172599
adalimumab,100,electrostatic_screening,11,sigmoid,0.0,0.7203569607243611,0.7284372682017445,0.00808030747738342
adalimumab,100,electrostatic_screening,11,sigmoid,0.25,0.7203569607243611,0.7251084898451006,0.004751529120739506
adalimumab,100,electrostatic_screening,11,sigmoid,0.5,0.7203569607243611,0.7202260512696952,-0.0001309094546658729
adalimumab,100,electrostatic_screening,11,sigmoid,0.75,0.7203569607243611,0.7172813125964296,-0.003075648127931485
adalimumab,100,electrostatic_screening,11,sigmoid,1.0,0.7203569607243611,0.7162153976704398,-0.004141563053921216
adalimumab,100,latent_0,12,tanh,-1.0,0.7203569607243611,0.6794408465714262,-0.040916114152934835
adalimumab,100,latent_0,12,tanh,-0.5,0.7203569607243611,0.6937482486994097,-0.02660871202495141
adalimumab,100,latent_0,12,tanh,0.0,0.7203569607243611,0.7234599781962437,0.0031030174718826853
adalimumab,100,latent_0,12,tanh,0.5,0.7203569607243611,0.7587854228666164,0.03842846214225537
adalimumab,100,latent_0,12,tanh,1.0,0.7203569607243611,0.8030678835762068,0.08271092285184578
adalimumab,100,latent_1,13,tanh,-1.0,0.7203569607243611,0.6677539918929298,-0.05260296883143123
adalimumab,100,latent_1,13,tanh,-0.5,0.7203569607243611,0.6929007506543243,-0.027456210070036735
adalimumab,100,latent_1,13,tanh,0.0,0.7203569607243611,0.7188484609574859,-0.001508499766875171
adalimumab,100,latent_1,13,tanh,0.5,0.7203569607243611,0.7511971843349795,0.030840223610618445
adalimumab,100,latent_1,13,tanh,1.0,0.7203569607243611,0.7846914275028047,0.06433446677844368
adalimumab,100,latent_2,14,tanh,-1.0,0.7203569607243611,0.8422316770342178,0.12187471630985669
adalimumab,100,latent_2,14,tanh,-0.5,0.7203569607243611,0.7758102719203284,0.0554533111959673
adalimumab,100,latent_2,14,tanh,0.0,0.7203569607243611,0.7109422580898478,-0.009414702634513272
adalimumab,100,latent_2,14,tanh,0.5,0.7203569607243611,0.657769529026798,-0.06258743169756309
adalimumab,100,latent_2,14,tanh,1.0,0.7203569607243611,0.6133307548153972,-0.10702620590896383
adalimumab,100,latent_3,15,tanh,-1.0,0.7203569607243611,0.836408564657751,0.11605160393338998
adalimumab,100,latent_3,15,tanh,-0.5,0.7203569607243611,0.7740224724462084,0.0536655117218473
adalimumab,100,latent_3,15,tanh,0.0,0.7203569607243611,0.7163451072596869,-0.004011853464674142
adalimumab,100,latent_3,15,tanh,0.5,0.7203569607243611,0.6745531741003143,-0.045803786624046716
adalimumab,100,latent_3,15,tanh,1.0,0.7203569607243611,0.6418000960766607,-0.0785568646477004
adalimumab,1k,self_interaction,0,tanh,-1.0,0.6567732580134399,0.7091297786253017,0.0523565206118618
adalimumab,1k,self_interaction,0,tanh,-0.5,0.6567732580134399,0.6715972435789176,0.014823985565477704
adalimumab,1k,self_interaction,0,tanh,0.0,0.6567732580134399,0.6545803798364416,-0.002192878176998314
adalimumab,1k,self_interaction,0,tanh,0.5,0.6567732580134399,0.6504189569411045,-0.0063543010723353666
adalimumab,1k,self_interaction,0,tanh,1.0,0.6567732580134399,0.6527911529362198,-0.003982105077220077
adalimumab,1k,hydrophobicity,1,sigmoid,0.0,0.6567732580134399,0.6371506899842017,-0.01962256802923823
adalimumab,1k,hydrophobicity,1,sigmoid,0.25,0.6567732580134399,0.6479271674634633,-0.008846090549976537
adalimumab,1k,hydrophobicity,1,sigmoid,0.5,0.6567732580134399,0.6581673154441565,0.0013940574307166331
adalimumab,1k,hydrophobicity,1,sigmoid,0.75,0.6567732580134399,0.6676859719360806,0.010912713922640704
adalimumab,1k,hydrophobicity,1,sigmoid,1.0,0.6567732580134399,0.6760050526318196,0.01923179461837976
adalimumab,1k,charge_environment,2,tanh,-1.0,0.6567732580134399,0.628763144553915,-0.028010113459524866
adalimumab,1k,charge_environment,2,tanh,-0.5,0.6567732580134399,0.6393909938762476,-0.017382264137192238
adalimumab,1k,charge_environment,2,tanh,0.0,0.6567732580134399,0.6510510481125,-0.005722209900939856
adalimumab,1k,charge_environment,2,tanh,0.5,0.6567732580134399,0.6605002675651407,0.0037270095517007995
adalimumab,1k,charge_environment,2,tanh,1.0,0.6567732580134399,0.6757773678249213,0.019004109811481373
adalimumab,1k,ionic_screening,3,sigmoid,0.0,0.6567732580134399,0.6445494014979937,-0.012223856515446219
adalimumab,1k,ionic_screening,3,sigmoid,0.25,0.6567732580134399,0.6516129678442263,-0.005160290169213599
adalimumab,1k,ionic_screening,3,sigmoid,0.5,0.6567732580134399,0.6589281542437304,0.002154896230290526
adalimumab,1k,ionic_screening,3,sigmoid,0.75,0.6567732580134399,0.6651328651980681,0.008359607184628248
adalimumab,1k,ionic_screening,3,sigmoid,1.0,0.6567732580134399,0.6721004009361213,0.015327142922681447
adalimumab,1k,crowding,4,sigmoid,0.0,0.6567732580134399,0.6490586095224579,-0.007714648490982023
adalimumab,1k,crowding,4,sigmoid,0.25,0.6567732580134399,0.65334321515291,-0.003430042860529836
adalimumab,1k,crowding,4,sigmoid,0.5,0.6567732580134399,0.6575125302664764,0.0007392722530364937
adalimumab,1k,crowding,4,sigmoid,0.75,0.6567732580134399,0.6611608969149041,0.004387638901464208
adalimumab,1k,crowding,4,sigmoid,1.0,0.6567732580134399,0.6646482023181829,0.007874944304743003
adalimumab,1k,nonlinear_conc,5,sigmoid,0.0,0.6567732580134399,0.6549603648021977,-0.001812893211242228
adalimumab,1k,nonlinear_conc,5,sigmoid,0.25,0.6567732580134399,0.6555564703546943,-0.001216787658745555
adalimumab,1k,nonlinear_conc,5,sigmoid,0.5,0.6567732580134399,0.6581000609186951,0.00132680290525522
adalimumab,1k,nonlinear_conc,5,sigmoid,0.75,0.6567732580134399,0.6637293743426791,0.006956116329239204
adalimumab,1k,nonlinear_conc,5,sigmoid,1.0,0.6567732580134399,0.6686540564557626,0.011880798442322704
adalimumab,1k,cosolute_interaction,6,tanh,-1.0,0.6567732580134399,0.6600748325248111,0.0033015745113712525
adalimumab,1k,cosolute_interaction,6,tanh,-0.5,0.6567732580134399,0.6580761463596569,0.001302888346217057
adalimumab,1k,cosolute_interaction,6,tanh,0.0,0.6567732580134399,0.655973640804768,-0.0007996172086718323
adalimumab,1k,cosolute_interaction,6,tanh,0.5,0.6567732580134399,0.6594211127448738,0.0026478547314339185
adalimumab,1k,cosolute_interaction,6,tanh,1.0,0.6567732580134399,0.6760546815480244,0.019281423534584508
adalimumab,1k,cosolute_protection,7,sigmoid,0.0,0.6567732580134399,0.6218132964871228,-0.034959961526317085
adalimumab,1k,cosolute_protection,7,sigmoid,0.25,0.6567732580134399,0.6393179158660378,-0.017455342147402075
adalimumab,1k,cosolute_protection,7,sigmoid,0.5,0.6567732580134399,0.6559832086971168,-0.0007900493163230937
adalimumab,1k,cosolute_protection,7,sigmoid,0.75,0.6567732580134399,0.6746227662946089,0.017849508281169046
adalimumab,1k,cosolute_protection,7,sigmoid,1.0,0.6567732580134399,0.6940251279884819,0.03725186997504204
adalimumab,1k,interfacial_shielding,8,sigmoid,0.0,0.6567732580134399,0.6564664441509003,-0.0003068138625396122
adalimumab,1k,interfacial_shielding,8,sigmoid,0.25,0.6567732580134399,0.6561515311967833,-0.0006217268166566203
adalimumab,1k,interfacial_shielding,8,sigmoid,0.5,0.6567732580134399,0.6567731752641006,-8.274933926966099e-08
adalimumab,1k,interfacial_shielding,8,sigmoid,0.75,0.6567732580134399,0.6582729036010172,0.001499645587577314
adalimumab,1k,interfacial_shielding,8,sigmoid,1.0,0.6567732580134399,0.6618328629241422,0.005059604910702342
adalimumab,1k,surface_stability,9,sigmoid,0.0,0.6567732580134399,0.6834044157966581,0.02663115778321823
adalimumab,1k,surface_stability,9,sigmoid,0.25,0.6567732580134399,0.6668360534728228,0.010062795459382934
adalimumab,1k,surface_stability,9,sigmoid,0.5,0.6567732580134399,0.6542316120589111,-0.0025416459545287706
adalimumab,1k,surface_stability,9,sigmoid,0.75,0.6567732580134399,0.6428717931127292,-0.013901464900710647
adalimumab,1k,surface_stability,9,sigmoid,1.0,0.6567732580134399,0.6321786235307401,-0.02459463448269983
adalimumab,1k,chemical_modulation,10,tanh,-1.0,0.6567732580134399,0.6231195775562484,-0.033653680457191526
adalimumab,1k,chemical_modulation,10,tanh,-0.5,0.6567732580134399,0.643440353478929,-0.013332904534510859
adalimumab,1k,chemical_modulation,10,tanh,0.0,0.6567732580134399,0.6640474421153543,0.007274184101914383
adalimumab,1k,chemical_modulation,10,tanh,0.5,0.6567732580134399,0.6808828779315628,0.024109619918122882
adalimumab,1k,chemical_modulation,10,tanh,1.0,0.6567732580134399,0.6816248705691266,0.024851612555686686
adalimumab,1k,electrostatic_screening,11,sigmoid,0.0,0.6567732580134399,0.6581839273740073,0.0014106693605674403
adalimumab,1k,electrostatic_screening,11,sigmoid,0.25,0.6567732580134399,0.6572839972788509,0.0005107392654110088
adalimumab,1k,electrostatic_screening,11,sigmoid,0.5,0.6567732580134399,0.6567892906979163,1.6032684476363634e-05
adalimumab,1k,electrostatic_screening,11,sigmoid,0.75,0.6567732580134399,0.6576266002306086,0.0008533422171687066
adalimumab,1k,electrostatic_screening,11,sigmoid,1.0,0.6567732580134399,0.6586042836736415,0.0018310256602016572
adalimumab,1k,latent_0,12,tanh,-1.0,0.6567732580134399,0.6209329883290318,-0.03584026968440812
adalimumab,1k,latent_0,12,tanh,-0.5,0.6567732580134399,0.6353339178976829,-0.02143934011575699
adalimumab,1k,latent_0,12,tanh,0.0,0.6567732580134399,0.6589488726095408,0.0021756145961009388
adalimumab,1k,latent_0,12,tanh,0.5,0.6567732580134399,0.6943450783086247,0.0375718202951848
adalimumab,1k,latent_0,12,tanh,1.0,0.6567732580134399,0.7234903885784117,0.06671713056497186
adalimumab,1k,latent_1,13,tanh,-1.0,0.6567732580134399,0.6058618201435989,-0.05091143786984098
adalimumab,1k,latent_1,13,tanh,-0.5,0.6567732580134399,0.6349996002235159,-0.021773657789924017
adalimumab,1k,latent_1,13,tanh,0.0,0.6567732580134399,0.6553476110224713,-0.0014256469909685876
adalimumab,1k,latent_1,13,tanh,0.5,0.6567732580134399,0.6789635483827327,0.022190290369292764
adalimumab,1k,latent_1,13,tanh,1.0,0.6567732580134399,0.7114273140290944,0.05465405601565454
adalimumab,1k,latent_2,14,tanh,-1.0,0.6567732580134399,0.7552845051970338,0.09851124718359394
adalimumab,1k,latent_2,14,tanh,-0.5,0.6567732580134399,0.6961077426709528,0.03933448465751288
adalimumab,1k,latent_2,14,tanh,0.0,0.6567732580134399,0.6513612546979481,-0.005412003315491742
adalimumab,1k,latent_2,14,tanh,0.5,0.6567732580134399,0.6088208434215495,-0.04795241459189037
adalimumab,1k,latent_2,14,tanh,1.0,0.6567732580134399,0.5674078608611925,-0.08936539715224734
adalimumab,1k,latent_3,15,tanh,-1.0,0.6567732580134399,0.7537379821087813,0.0969647240953414
adalimumab,1k,latent_3,15,tanh,-0.5,0.6567732580134399,0.7008227793330907,0.044049521319650786
adalimumab,1k,latent_3,15,tanh,0.0,0.6567732580134399,0.6540239525921069,-0.0027493054213330037
adalimumab,1k,latent_3,15,tanh,0.5,0.6567732580134399,0.6182881953231495,-0.038485062690290395
adalimumab,1k,latent_3,15,tanh,1.0,0.6567732580134399,0.5805322163735026,-0.07624104163993728
adalimumab,10k,self_interaction,0,tanh,-1.0,0.5907667167117931,0.6254934078508135,0.03472669113902038
adalimumab,10k,self_interaction,0,tanh,-0.5,0.5907667167117931,0.5938994929147973,0.0031327762030041173
adalimumab,10k,self_interaction,0,tanh,0.0,0.5907667167117931,0.5909992630423715,0.00023254633057834262
adalimumab,10k,self_interaction,0,tanh,0.5,0.5907667167117931,0.5956926193776304,0.004925902665837256
adalimumab,10k,self_interaction,0,tanh,1.0,0.5907667167117931,0.6042850211408546,0.013518304429061434
adalimumab,10k,hydrophobicity,1,sigmoid,0.0,0.5907667167117931,0.571497540079415,-0.01926917663237815
adalimumab,10k,hydrophobicity,1,sigmoid,0.25,0.5907667167117931,0.5817000371107572,-0.00906667960103591
adalimumab,10k,hydrophobicity,1,sigmoid,0.5,0.5907667167117931,0.5921036770984391,0.0013369603866459912
adalimumab,10k,hydrophobicity,1,sigmoid,0.75,0.5907667167117931,0.6021922696643278,0.011425552952534668
adalimumab,10k,hydrophobicity,1,sigmoid,1.0,0.5907667167117931,0.6151594945251025,0.024392777813309396
adalimumab,10k,charge_environment,2,tanh,-1.0,0.5907667167117931,0.5549393507524716,-0.03582736595932157
adalimumab,10k,charge_environment,2,tanh,-0.5,0.5907667167117931,0.5678080314938877,-0.02295868521790545
adalimumab,10k,charge_environment,2,tanh,0.0,0.5907667167117931,0.5820131399230786,-0.008753576788714579
adalimumab,10k,charge_environment,2,tanh,0.5,0.5907667167117931,0.5957298876112873,0.004963170899494163
adalimumab,10k,charge_environment,2,tanh,1.0,0.5907667167117931,0.6107170859047338,0.019950369192940687
adalimumab,10k,ionic_screening,3,sigmoid,0.0,0.5907667167117931,0.5827660347860862,-0.00800068192570691
adalimumab,10k,ionic_screening,3,sigmoid,0.25,0.5907667167117931,0.5865254924224336,-0.00424122428935958
adalimumab,10k,ionic_screening,3,sigmoid,0.5,0.5907667167117931,0.591914139736927,0.0011474230251338202
adalimumab,10k,ionic_screening,3,sigmoid,0.75,0.5907667167117931,0.5952176381704354,0.004450921458642232
adalimumab,10k,ionic_screening,3,sigmoid,1.0,0.5907667167117931,0.5995513141590525,0.008784597447259346
adalimumab,10k,crowding,4,sigmoid,0.0,0.5907667167117931,0.5804861456788849,-0.010280571032908248
adalimumab,10k,crowding,4,sigmoid,0.25,0.5907667167117931,0.585912392224392,-0.004854324487401196
adalimumab,10k,crowding,4,sigmoid,0.5,0.5907667167117931,0.5914188849416199,0.0006521682298267217
adalimumab,10k,crowding,4,sigmoid,0.75,0.5907667167117931,0.5948647122386084,0.0040979955268152235
adalimumab,10k,crowding,4,sigmoid,1.0,0.5907667167117931,0.5999648436381999,0.009198126926406758
adalimumab,10k,nonlinear_conc,5,sigmoid,0.0,0.5907667167117931,0.5929314808007872,0.00216476408899402
adalimumab,10k,nonlinear_conc,5,sigmoid,0.25,0.5907667167117931,0.5907544698095867,-1.2246902206469734e-05
adalimumab,10k,nonlinear_conc,5,sigmoid,0.5,0.5907667167117931,0.5894986037753885,-0.0012681129364046084
adalimumab,10k,nonlinear_conc,5,sigmoid,0.75,0.5907667167117931,0.5892157044718871,-0.0015510122399060577
adalimumab,10k,nonlinear_conc,5,sigmoid,1.0,0.5907667167117931,0.5920143698740724,0.0012476531622792608
adalimumab,10k,cosolute_interaction,6,tanh,-1.0,0.5907667167117931,0.6041493742865176,0.013382657574724455
adalimumab,10k,cosolute_interaction,6,tanh,-0.5,0.5907667167117931,0.5944983602264909,0.003731643514697791
adalimumab,10k,cosolute_interaction,6,tanh,0.0,0.5907667167117931,0.5890896151662315,-0.0016771015455616656
adalimumab,10k,cosolute_interaction,6,tanh,0.5,0.5907667167117931,0.592441956397222,0.0016752396854288198
adalimumab,10k,cosolute_interaction,6,tanh,1.0,0.5907667167117931,0.6078807281785281,0.01711401146673497
adalimumab,10k,cosolute_protection,7,sigmoid,0.0,0.5907667167117931,0.5602095579033545,-0.030557158808438678
adalimumab,10k,cosolute_protection,7,sigmoid,0.25,0.5907667167117931,0.5734441458791897,-0.017322570832603468
adalimumab,10k,cosolute_protection,7,sigmoid,0.5,0.5907667167117931,0.5900051745428356,-0.0007615421689575186
adalimumab,10k,cosolute_protection,7,sigmoid,0.75,0.5907667167117931,0.6065945758861708,0.01582785917437768
adalimumab,10k,cosolute_protection,7,sigmoid,1.0,0.5907667167117931,0.6267848871318838,0.0360181704200907
adalimumab,10k,interfacial_shielding,8,sigmoid,0.0,0.5907667167117931,0.5901597296211872,-0.0006069870906059149
adalimumab,10k,interfacial_shielding,8,sigmoid,0.25,0.5907667167117931,0.588891751152459,-0.0018749655593341963
adalimumab,10k,interfacial_shielding,8,sigmoid,0.5,0.5907667167117931,0.5907671408021566,4.240903634933346e-07
adalimumab,10k,interfacial_shielding,8,sigmoid,0.75,0.5907667167117931,0.590361513884906,-0.00040520282688716325
adalimumab,10k,interfacial_shielding,8,sigmoid,1.0,0.5907667167117931,0.5904738771439164,-0.0002928395678767348
adalimumab,10k,surface_stability,9,sigmoid,0.0,0.5907667167117931,0.6177863826427084,0.027019665930915204
adalimumab,10k,surface_stability,9,sigmoid,0.25,0.5907667167117931,0.6022438845646741,0.011477167852880998
adalimumab,10k,surface_stability,9,sigmoid,0.5,0.5907667167117931,0.5875393993887157,-0.003227317323077461
adalimumab,10k,surface_stability,9,sigmoid,0.75,0.5907667167117931,0.5734591131659235,-0.017307603545869688
adalimumab,10k,surface_stability,9,sigmoid,1.0,0.5907667167117931,0.5610444987362113,-0.029722217975581833
adalimumab,10k,chemical_modulation,10,tanh,-1.0,0.5907667167117931,0.5590785244192225,-0.031688192292570694
adalimumab,10k,chemical_modulation,10,tanh,-0.5,0.5907667167117931,0.5776094786808055,-0.013157238030987672
adalimumab,10k,chemical_modulation,10,tanh,0.0,0.5907667167117931,0.5962856528609081,0.005518936149114917
adalimumab,10k,chemical_modulation,10,tanh,0.5,0.5907667167117931,0.6075393044048545,0.016772587693061336
adalimumab,10k,chemical_modulation,10,tanh,1.0,0.5907667167117931,0.6100706273793141,0.019303910667520907
adalimumab,10k,electrostatic_screening,11,sigmoid,0.0,0.5907667167117931,0.5855942830770471,-0.005172433634746065
adalimumab,10k,electrostatic_screening,11,sigmoid,0.25,0.5907667167117931,0.5892202556855449,-0.0015464610262482248
adalimumab,10k,electrostatic_screening,11,sigmoid,0.5,0.5907667167117931,0.5907516770193876,-1.5039692405571792e-05
adalimumab,10k,electrostatic_screening,11,sigmoid,0.75,0.5907667167117931,0.5898882704138348,-0.0008784462979583019
adalimumab,10k,electrostatic_screening,11,sigmoid,1.0,0.5907667167117931,0.590930953462835,0.00016423675104182411
adalimumab,10k,latent_0,12,tanh,-1.0,0.5907667167117931,0.5612485792940937,-0.029518137417699486
adalimumab,10k,latent_0,12,tanh,-0.5,0.5907667167117931,0.5726010180335827,-0.018165698678210496
adalimumab,10k,latent_0,12,tanh,0.0,0.5907667167117931,0.5927193528696644,0.0019526361578712237
adalimumab,10k,latent_0,12,tanh,0.5,0.5907667167117931,0.6160713405251086,0.02530462381331544
adalimumab,10k,latent_0,12,tanh,1.0,0.5907667167117931,0.6443271574601498,0.05356044074835664
adalimumab,10k,latent_1,13,tanh,-1.0,0.5907667167117931,0.5356261566434554,-0.055140560068337785
adalimumab,10k,latent_1,13,tanh,-0.5,0.5907667167117931,0.5620809548974341,-0.028685761814359
adalimumab,10k,latent_1,13,tanh,0.0,0.5907667167117931,0.5887886558194426,-0.0019780608923505305
adalimumab,10k,latent_1,13,tanh,0.5,0.5907667167117931,0.611751194053456,0.020984477341662866
adalimumab,10k,latent_1,13,tanh,1.0,0.5907667167117931,0.6393068274545807,0.04854011074278752
adalimumab,10k,latent_2,14,tanh,-1.0,0.5907667167117931,0.6778345163982433,0.08706779968645018
adalimumab,10k,latent_2,14,tanh,-0.5,0.5907667167117931,0.6229858029057115,0.032219086193918334
adalimumab,10k,latent_2,14,tanh,0.0,0.5907667167117931,0.5842308635891814,-0.0065358531226117345
adalimumab,10k,latent_2,14,tanh,0.5,0.5907667167117931,0.5498671420830373,-0.04089957462875582
adalimumab,10k,latent_2,14,tanh,1.0,0.5907667167117931,0.515333044859247,-0.07543367185254612
adalimumab,10k,latent_3,15,tanh,-1.0,0.5907667167117931,0.6758501458687762,0.08508342915698308
adalimumab,10k,latent_3,15,tanh,-0.5,0.5907667167117931,0.6253118661442046,0.03454514943241149
adalimumab,10k,latent_3,15,tanh,0.0,0.5907667167117931,0.5871625795851853,-0.003604137126607898
adalimumab,10k,latent_3,15,tanh,0.5,0.5907667167117931,0.5495703098595427,-0.041196406852250456
adalimumab,10k,latent_3,15,tanh,1.0,0.5907667167117931,0.5129949726228977,-0.07777174408889542
adalimumab,100k,self_interaction,0,tanh,-1.0,0.5199265072265511,0.5475764128123966,0.027649905585845458
adalimumab,100k,self_interaction,0,tanh,-0.5,0.5199265072265511,0.519044463918253,-0.0008820433082981083
adalimumab,100k,self_interaction,0,tanh,0.0,0.5199265072265511,0.5229841159985299,0.0030576087719788037
adalimumab,100k,self_interaction,0,tanh,0.5,0.5199265072265511,0.5287208871972578,0.008794379970706756
adalimumab,100k,self_interaction,0,tanh,1.0,0.5199265072265511,0.546504384778971,0.026577877552419915
adalimumab,100k,hydrophobicity,1,sigmoid,0.0,0.5199265072265511,0.4978623979629622,-0.02206410926358887
adalimumab,100k,hydrophobicity,1,sigmoid,0.25,0.5199265072265511,0.5098981885035845,-0.010028318722966612
adalimumab,100k,hydrophobicity,1,sigmoid,0.5,0.5199265072265511,0.5219522007072974,0.0020256934807463267
adalimumab,100k,hydrophobicity,1,sigmoid,0.75,0.5199265072265511,0.533528988420947,0.013602481194395888
adalimumab,100k,hydrophobicity,1,sigmoid,1.0,0.5199265072265511,0.5439637421601803,0.024037234933629192
adalimumab,100k,charge_environment,2,tanh,-1.0,0.5199265072265511,0.4797710935266387,-0.04015541369991238
adalimumab,100k,charge_environment,2,tanh,-0.5,0.5199265072265511,0.49579741632425883,-0.02412909090229226
adalimumab,100k,charge_environment,2,tanh,0.0,0.5199265072265511,0.5115646360717199,-0.008361871154831224
adalimumab,100k,charge_environment,2,tanh,0.5,0.5199265072265511,0.5244688873923802,0.004542380165829085
adalimumab,100k,charge_environment,2,tanh,1.0,0.5199265072265511,0.5343104938679943,0.014383986641443247
adalimumab,100k,ionic_screening,3,sigmoid,0.0,0.5199265072265511,0.5143891541776231,-0.005537353048927995
adalimumab,100k,ionic_screening,3,sigmoid,0.25,0.5199265072265511,0.5181847706892984,-0.001741736537252736
adalimumab,100k,ionic_screening,3,sigmoid,0.5,0.5199265072265511,0.5214640804565823,0.0015375732300312306
adalimumab,100k,ionic_screening,3,sigmoid,0.75,0.5199265072265511,0.5255446262164869,0.005618118989935805
adalimumab,100k,ionic_screening,3,sigmoid,1.0,0.5199265072265511,0.5290297878946962,0.009103280668145142
adalimumab,100k,crowding,4,sigmoid,0.0,0.5199265072265511,0.5079312160226911,-0.011995291203860003
adalimumab,100k,crowding,4,sigmoid,0.25,0.5199265072265511,0.5147612417533162,-0.005165265473234926
adalimumab,100k,crowding,4,sigmoid,0.5,0.5199265072265511,0.5213915584184955,0.0014650511919443998
adalimumab,100k,crowding,4,sigmoid,0.75,0.5199265072265511,0.5283055967087349,0.008379089482183799
adalimumab,100k,crowding,4,sigmoid,1.0,0.5199265072265511,0.5350837967867903,0.015157289560239207
adalimumab,100k,nonlinear_conc,5,sigmoid,0.0,0.5199265072265511,0.5260513055924417,0.006124798365890638
adalimumab,100k,nonlinear_conc,5,sigmoid,0.25,0.5199265072265511,0.5220068566458606,0.0020803494193094574
adalimumab,100k,nonlinear_conc,5,sigmoid,0.5,0.5199265072265511,0.5194137354304953,-0.0005127717960557998
adalimumab,100k,nonlinear_conc,5,sigmoid,0.75,0.5199265072265511,0.5179527337843396,-0.0019737734422115016
adalimumab,100k,nonlinear_conc,5,sigmoid,1.0,0.5199265072265511,0.5183180307423818,-0.0016084764841692856
adalimumab,100k,cosolute_interaction,6,tanh,-1.0,0.5199265072265511,0.5433549345841114,0.023428427357560344
adalimumab,100k,cosolute_interaction,6,tanh,-0.5,0.5199265072265511,0.5300732725779203,0.010146765351369158
adalimumab,100k,cosolute_interaction,6,tanh,0.0,0.5199265072265511,0.5172900848335156,-0.00263642239303552
adalimumab,100k,cosolute_interaction,6,tanh,0.5,0.5199265072265511,0.5217682566839339,0.001841749457382802
adalimumab,100k,cosolute_interaction,6,tanh,1.0,0.5199265072265511,0.5323523135043945,0.012425806277843399
adalimumab,100k,cosolute_protection,7,sigmoid,0.0,0.5199265072265511,0.49348556269886207,-0.026440944527689025
adalimumab,100k,cosolute_protection,7,sigmoid,0.25,0.5199265072265511,0.5060324833015792,-0.013894023924971854
adalimumab,100k,cosolute_protection,7,sigmoid,0.5,0.5199265072265511,0.51930822485114,-0.0006182823754110611
adalimumab,100k,cosolute_protection,7,sigmoid,0.75,0.5199265072265511,0.5327518376578768,0.012825330431325721
adalimumab,100k,cosolute_protection,7,sigmoid,1.0,0.5199265072265511,0.5504719001133176,0.030545392886766498
adalimumab,100k,interfacial_shielding,8,sigmoid,0.0,0.5199265072265511,0.5232701158163356,0.0033436085897845524
adalimumab,100k,interfacial_shielding,8,sigmoid,0.25,0.5199265072265511,0.5218686962803443,0.0019421890537931752
adalimumab,100k,interfacial_shielding,8,sigmoid,0.5,0.5199265072265511,0.5199259486685113,-5.585580398204115e-07
adalimumab,100k,interfacial_shielding,8,sigmoid,0.75,0.5199265072265511,0.5182157629027577,-0.0017107443237933673
adalimumab,100k,interfacial_shielding,8,sigmoid,1.0,0.5199265072265511,0.5148383899966494,-0.005088117229901656
adalimumab,100k,surface_stability,9,sigmoid,0.0,0.5199265072265511,0.5429239036197163,0.022997396393165226
adalimumab,100k,surface_stability,9,sigmoid,0.25,0.5199265072265511,0.5295853773019712,0.0096588700754201
adalimumab,100k,surface_stability,9,sigmoid,0.5,0.5199265072265511,0.5177022230893972,-0.00222428413715392
adalimumab,100k,surface_stability,9,sigmoid,0.75,0.5199265072265511,0.5066983646484671,-0.013228142578084023
adalimumab,100k,surface_stability,9,sigmoid,1.0,0.5199265072265511,0.4954890302242738,-0.024437477002277275
adalimumab,100k,chemical_modulation,10,tanh,-1.0,0.5199265072265511,0.4874480597140281,-0.03247844751252299
adalimumab,100k,chemical_modulation,10,tanh,-0.5,0.5199265072265511,0.5094863915887272,-0.010440115637823877
adalimumab,100k,chemical_modulation,10,tanh,0.0,0.5199265072265511,0.5268782274971435,0.006951720270592432
adalimumab,100k,chemical_modulation,10,tanh,0.5,0.5199265072265511,0.5384867961288922,0.01856028890234107
adalimumab,100k,chemical_modulation,10,tanh,1.0,0.5199265072265511,0.5439792680049539,0.024052760778402793
adalimumab,100k,electrostatic_screening,11,sigmoid,0.0,0.5199265072265511,0.5146859372686977,-0.00524056995785338
adalimumab,100k,electrostatic_screening,11,sigmoid,0.25,0.5199265072265511,0.5188466929974872,-0.0010798142290638912
adalimumab,100k,electrostatic_screening,11,sigmoid,0.5,0.5199265072265511,0.5199330573539347,6.550127383597726e-06
adalimumab,100k,electrostatic_screening,11,sigmoid,0.75,0.5199265072265511,0.5196892131526343,-0.00023729407391681612
adalimumab,100k,electrostatic_screening,11,sigmoid,1.0,0.5199265072265511,0.5191658908158263,-0.0007606164107247793
adalimumab,100k,latent_0,12,tanh,-1.0,0.5199265072265511,0.49252626383168135,-0.02740024339486974
adalimumab,100k,latent_0,12,tanh,-0.5,0.5199265072265511,0.5063186512039803,-0.013607856022570752
adalimumab,100k,latent_0,12,tanh,0.0,0.5199265072265511,0.5214844161066987,0.0015579088801476182
adalimumab,100k,latent_0,12,tanh,0.5,0.5199265072265511,0.5408532824196004,0.020926775193049307
adalimumab,100k,latent_0,12,tanh,1.0,0.5199265072265511,0.5656591294188578,0.04573262219230667
adalimumab,100k,latent_1,13,tanh,-1.0,0.5199265072265511,0.4563438957725411,-0.06358261145401001
adalimumab,100k,latent_1,13,tanh,-0.5,0.5199265072265511,0.4881033620750783,-0.031823145151472776
adalimumab,100k,latent_1,13,tanh,0.0,0.5199265072265511,0.5177869325536029,-0.00213957467294823
adalimumab,100k,latent_1,13,tanh,0.5,0.5199265072265511,0.544732586958325,0.024806079731773956
adalimumab,100k,latent_1,13,tanh,1.0,0.5199265072265511,0.5695187085838429,0.04959220135729181
adalimumab,100k,latent_2,14,tanh,-1.0,0.5199265072265511,0.5969972971783083,0.0770707899517572
adalimumab,100k,latent_2,14,tanh,-0.5,0.5199265072265511,0.5499398166902183,0.030013309463667204
adalimumab,100k,latent_2,14,tanh,0.0,0.5199265072265511,0.5139194818577233,-0.006007025368827801
adalimumab,100k,latent_2,14,tanh,0.5,0.5199265072265511,0.47456724229511127,-0.045359264931439824
adalimumab,100k,latent_2,14,tanh,1.0,0.5199265072265511,0.438076736060764,-0.08184977116578707
adalimumab,100k,latent_3,15,tanh,-1.0,0.5199265072265511,0.5888533658027225,0.06892685857617142
adalimumab,100k,latent_3,15,tanh,-0.5,0.5199265072265511,0.5492851452928798,0.029358638066328657
adalimumab,100k,latent_3,15,tanh,0.0,0.5199265072265511,0.5167949050297973,-0.003131602196753791
adalimumab,100k,latent_3,15,tanh,0.5,0.5199265072265511,0.4777312369792994,-0.04219527024725167
adalimumab,100k,latent_3,15,tanh,1.0,0.5199265072265511,0.44817933653823466,-0.07174717068831643
adalimumab,15M,self_interaction,0,tanh,-1.0,0.33502402929774006,0.3632993750768401,0.02827534577910007
adalimumab,15M,self_interaction,0,tanh,-0.5,0.33502402929774006,0.34202835746074955,0.007004328163009499
adalimumab,15M,self_interaction,0,tanh,0.0,0.33502402929774006,0.3345382906764448,-0.0004857386212952508
adalimumab,15M,self_interaction,0,tanh,0.5,0.33502402929774006,0.34765412300681386,0.012630093709073809
adalimumab,15M,self_interaction,0,tanh,1.0,0.33502402929774006,0.3673624296951644,0.03233840039742436
adalimumab,15M,hydrophobicity,1,sigmoid,0.0,0.33502402929774006,0.3191298465279674,-0.01589418276977267
adalimumab,15M,hydrophobicity,1,sigmoid,0.25,0.33502402929774006,0.3270352322458805,-0.007988797051859564
adalimumab,15M,hydrophobicity,1,sigmoid,0.5,0.33502402929774006,0.33650082572402173,0.001476796426281679
adalimumab,15M,hydrophobicity,1,sigmoid,0.75,0.33502402929774006,0.345706617307975,0.010682588010234917
adalimumab,15M,hydrophobicity,1,sigmoid,1.0,0.33502402929774006,0.35566765176743653,0.020643622469696477
adalimumab,15M,charge_environment,2,tanh,-1.0,0.33502402929774006,0.3069739685947007,-0.028050060703039337
adalimumab,15M,charge_environment,2,tanh,-0.5,0.33502402929774006,0.31764693699424984,-0.017377092303490216
adalimumab,15M,charge_environment,2,tanh,0.0,0.33502402929774006,0.3276706333908453,-0.007353395906894766
adalimumab,15M,charge_environment,2,tanh,0.5,0.33502402929774006,0.3402719406735335,0.005247911375793446
adalimumab,15M,charge_environment,2,tanh,1.0,0.33502402929774006,0.3533730332778518,0.018349003980111744
adalimumab,15M,ionic_screening,3,sigmoid,0.0,0.33502402929774006,0.34403916640410137,0.009015137106361315
adalimumab,15M,ionic_screening,3,sigmoid,0.25,0.33502402929774006,0.33857320017576265,0.0035491708780225895
adalimumab,15M,ionic_screening,3,sigmoid,0.5,0.33502402929774006,0.33335778860295273,-0.0016662406947873243
adalimumab,15M,ionic_screening,3,sigmoid,0.75,0.33502402929774006,0.3314723345648709,-0.0035516947328691484
adalimumab,15M,ionic_screening,3,sigmoid,1.0,0.33502402929774006,0.33243238205497994,-0.00259164724276012
adalimumab,15M,crowding,4,sigmoid,0.0,0.33502402929774006,0.31765204676594744,-0.017371982531792618
adalimumab,15M,crowding,4,sigmoid,0.25,0.33502402929774006,0.32665151321619157,-0.008372516081548487
adalimumab,15M,crowding,4,sigmoid,0.5,0.33502402929774006,0.3371106262921615,0.00208659699442143
adalimumab,15M,crowding,4,sigmoid,0.75,0.33502402929774006,0.34837689711034087,0.01335286781260081
adalimumab,15M,crowding,4,sigmoid,1.0,0.33502402929774006,0.36010926392541515,0.02508523462767509
adalimumab,15M,nonlinear_conc,5,sigmoid,0.0,0.33502402929774006,0.3406190017459424,0.00559497244820234
adalimumab,15M,nonlinear_conc,5,sigmoid,0.25,0.33502402929774006,0.3363289139717661,0.0013048846740260633
adalimumab,15M,nonlinear_conc,5,sigmoid,0.5,0.33502402929774006,0.33370692875250985,-0.0013171005452302098
adalimumab,15M,nonlinear_conc,5,sigmoid,0.75,0.33502402929774006,0.3327944724761269,-0.0022295568216131323
adalimumab,15M,nonlinear_conc,5,sigmoid,1.0,0.33502402929774006,0.3353198271544943,0.0002957978567542652
adalimumab,15M,cosolute_interaction,6,tanh,-1.0,0.33502402929774006,0.35918791209506473,0.024163882797324676
adalimumab,15M,cosolute_interaction,6,tanh,-0.5,0.33502402929774006,0.3425271187593066,0.0075030894615665256
adalimumab,15M,cosolute_interaction,6,tanh,0.0,0.33502402929774006,0.3357214924471293,0.0006974631493892325
adalimumab,15M,cosolute_interaction,6,tanh,0.5,0.33502402929774006,0.3405994004962117,0.005575371198471624
adalimumab,15M,cosolute_interaction,6,tanh,1.0,0.33502402929774006,0.34709682689441723,0.012072797596677176
adalimumab,15M,cosolute_protection,7,sigmoid,0.0,0.33502402929774006,0.3151449486605482,-0.019879080637191848
adalimumab,15M,cosolute_protection,7,sigmoid,0.25,0.33502402929774006,0.3235421964508598,-0.011481832846880258
adalimumab,15M,cosolute_protection,7,sigmoid,0.5,0.33502402929774006,0.3344939784052857,-0.0005300508924543368
adalimumab,15M,cosolute_protection,7,sigmoid,0.75,0.33502402929774006,0.3473811225930181,0.012357093295278065
adalimumab,15M,cosolute_protection,7,sigmoid,1.0,0.33502402929774006,0.361612736669932,0.026588707372191933
adalimumab,15M,interfacial_shielding,8,sigmoid,0.0,0.33502402929774006,0.3366215259789599,0.0015974966812198343
adalimumab,15M,interfacial_shielding,8,sigmoid,0.25,0.33502402929774006,0.335667984655648,0.0006439553579079549
adalimumab,15M,interfacial_shielding,8,sigmoid,0.5,0.33502402929774006,0.33502401895407263,-1.0343667422585412e-08
adalimumab,15M,interfacial_shielding,8,sigmoid,0.75,0.33502402929774006,0.3355627792144812,0.0005387499167411325
adalimumab,15M,interfacial_shielding,8,sigmoid,1.0,0.33502402929774006,0.3374118235433007,0.002387794245560626
adalimumab,15M,surface_stability,9,sigmoid,0.0,0.33502402929774006,0.35373113104338083,0.018707101745640775
adalimumab,15M,surface_stability,9,sigmoid,0.25,0.33502402929774006,0.34296916572948705,0.00794513643174699
adalimumab,15M,surface_stability,9,sigmoid,0.5,0.33502402929774006,0.33317433331787405,-0.0018496959798660062
adalimumab,15M,surface_stability,9,sigmoid,0.75,0.33502402929774006,0.32641731189882855,-0.008606717398911501
adalimumab,15M,surface_stability,9,sigmoid,1.0,0.33502402929774006,0.320646114389063,-0.01437791490867707
adalimumab,15M,chemical_modulation,10,tanh,-1.0,0.33502402929774006,0.31241231723107055,-0.02261171206666951
adalimumab,15M,chemical_modulation,10,tanh,-0.5,0.33502402929774006,0.32397487205837217,-0.01104915723936789
adalimumab,15M,chemical_modulation,10,tanh,0.0,0.33502402929774006,0.34057255867929814,0.005548529381558087
adalimumab,15M,chemical_modulation,10,tanh,0.5,0.33502402929774006,0.3585800044180599,0.023555975120319872
adalimumab,15M,chemical_modulation,10,tanh,1.0,0.33502402929774006,0.37737584448636025,0.04235181518862019
adalimumab,15M,electrostatic_screening,11,sigmoid,0.0,0.33502402929774006,0.3305527928763162,-0.00447123642142383
adalimumab,15M,electrostatic_screening,11,sigmoid,0.25,0.33502402929774006,0.3308573001010247,-0.004166729196715346
adalimumab,15M,electrostatic_screening,11,sigmoid,0.5,0.33502402929774006,0.3351587038473411,0.00013467454960103264
adalimumab,15M,electrostatic_screening,11,sigmoid,0.75,0.33502402929774006,0.3401918910314934,0.005167861733753332
adalimumab,15M,electrostatic_screening,11,sigmoid,1.0,0.33502402929774006,0.3461519432207225,0.011127913922982458
adalimumab,15M,latent_0,12,tanh,-1.0,0.33502402929774006,0.31360281128727496,-0.021421218010465093
adalimumab,15M,latent_0,12,tanh,-0.5,0.33502402929774006,0.3226904057838018,-0.012333623513938241
adalimumab,15M,latent_0,12,tanh,0.0,0.33502402929774006,0.33597395033746047,0.0009499210397204139
adalimumab,15M,latent_0,12,tanh,0.5,0.33502402929774006,0.3533404714128638,0.018316442115123732
adalimumab,15M,latent_0,12,tanh,1.0,0.33502402929774006,0.3782158950909147,0.04319186579317463
adalimumab,15M,latent_1,13,tanh,-1.0,0.33502402929774006,0.2923435751083576,-0.04268045418938243
adalimumab,15M,latent_1,13,tanh,-0.5,0.33502402929774006,0.3092168273725955,-0.025807201925144574
adalimumab,15M,latent_1,13,tanh,0.0,0.33502402929774006,0.33292790578563947,-0.0020961235121005894
adalimumab,15M,latent_1,13,tanh,0.5,0.33502402929774006,0.360713768535844,0.02568973923810397
adalimumab,15M,latent_1,13,tanh,1.0,0.33502402929774006,0.3895309983629086,0.05450696906516855
adalimumab,15M,latent_2,14,tanh,-1.0,0.33502402929774006,0.415618177505513,0.08059414820777294
adalimumab,15M,latent_2,14,tanh,-0.5,0.33502402929774006,0.36571868647698097,0.030694657179240914
adalimumab,15M,latent_2,14,tanh,0.0,0.33502402929774006,0.33032328758395463,-0.004700741713785428
adalimumab,15M,latent_2,14,tanh,0.5,0.33502402929774006,0.30511314282870794,-0.029910886469032116
adalimumab,15M,latent_2,14,tanh,1.0,0.33502402929774006,0.2797054754007131,-0.055318553897026945
adalimumab,15M,latent_3,15,tanh,-1.0,0.33502402929774006,0.38785297623094805,0.052828946933208
adalimumab,15M,latent_3,15,tanh,-0.5,0.33502402929774006,0.3600850804310244,0.02506105113328433
adalimumab,15M,latent_3,15,tanh,0.0,0.33502402929774006,0.3328634233630424,-0.0021606059346976347
adalimumab,15M,latent_3,15,tanh,0.5,0.33502402929774006,0.3125526187357394,-0.022471410562000638
adalimumab,15M,latent_3,15,tanh,1.0,0.33502402929774006,0.29483633689073485,-0.040187692407005204
belatacept,100,self_interaction,0,tanh,-1.0,0.46346111989343236,0.5969307149912283,0.13346959509779593
belatacept,100,self_interaction,0,tanh,-0.5,0.46346111989343236,0.5087940666561209,0.045332946762688564
belatacept,100,self_interaction,0,tanh,0.0,0.46346111989343236,0.4409152711289583,-0.022545848764474075
belatacept,100,self_interaction,0,tanh,0.5,0.46346111989343236,0.3822320101465593,-0.08122910974687308
belatacept,100,self_interaction,0,tanh,1.0,0.46346111989343236,0.35523282467710415,-0.10822829521632821
belatacept,100,hydrophobicity,1,sigmoid,0.0,0.46346111989343236,0.47533996984740784,0.011878849953975479
belatacept,100,hydrophobicity,1,sigmoid,0.25,0.46346111989343236,0.46797819686287423,0.004517076969441869
belatacept,100,hydrophobicity,1,sigmoid,0.5,0.46346111989343236,0.4624669331290562,-0.0009941867643761815
belatacept,100,hydrophobicity,1,sigmoid,0.75,0.46346111989343236,0.456239163554158,-0.00722195633927436
belatacept,100,hydrophobicity,1,sigmoid,1.0,0.46346111989343236,0.450328039497667,-0.013133080395765384
belatacept,100,charge_environment,2,tanh,-1.0,0.46346111989343236,0.4516980453157522,-0.011763074577680166
belatacept,100,charge_environment,2,tanh,-0.5,0.46346111989343236,0.45576476935008814,-0.007696350543344221
belatacept,100,charge_environment,2,tanh,0.0,0.46346111989343236,0.45819384000042473,-0.005267279893007626
belatacept,100,charge_environment,2,tanh,0.5,0.46346111989343236,0.46323810525236686,-0.00022301464106549984
belatacept,100,charge_environment,2,tanh,1.0,0.46346111989343236,0.4670392788993548,0.0035781590059224544
belatacept,100,ionic_screening,3,sigmoid,0.0,0.46346111989343236,0.48251425739545056,0.019053137502018203
belatacept,100,ionic_screening,3,sigmoid,0.25,0.46346111989343236,0.47212963941212477,0.008668519518692408
belatacept,100,ionic_screening,3,sigmoid,0.5,0.46346111989343236,0.46155163751597084,-0.0019094823774615244
belatacept,100,ionic_screening,3,sigmoid,0.75,0.46346111989343236,0.45045586136761284,-0.013005258525819519
belatacept,100,ionic_screening,3,sigmoid,1.0,0.46346111989343236,0.43918266546410645,-0.024278454429325913
belatacept,100,crowding,4,sigmoid,0.0,0.46346111989343236,0.45605173371487934,-0.0074093861785530235
belatacept,100,crowding,4,sigmoid,0.25,0.46346111989343236,0.45914079757943393,-0.004320322313998426
belatacept,100,crowding,4,sigmoid,0.5,0.46346111989343236,0.46352921225595334,6.809236252097728e-05
belatacept,100,crowding,4,sigmoid,0.75,0.46346111989343236,0.4677119663793945,0.004250846485962134
belatacept,100,crowding,4,sigmoid,1.0,0.46346111989343236,0.472557544003047,0.009096424109614643
belatacept,100,nonlinear_conc,5,sigmoid,0.0,0.46346111989343236,0.48111428597289574,0.017653166079463378
belatacept,100,nonlinear_conc,5,sigmoid,0.25,0.46346111989343236,0.47104541102299613,0.007584291129563769
belatacept,100,nonlinear_conc,5,sigmoid,0.5,0.46346111989343236,0.46048658628620937,-0.0029745336072229955
belatacept,100,nonlinear_conc,5,sigmoid,0.75,0.46346111989343236,0.44848012780042823,-0.01498099209300413
belatacept,100,nonlinear_conc,5,sigmoid,1.0,0.46346111989343236,0.4352595141192559,-0.028201605774176464
belatacept,100,cosolute_interaction,6,tanh,-1.0,0.46346111989343236,0.4454206881993189,-0.018040431694113457
belatacept,100,cosolute_interaction,6,tanh,-0.5,0.46346111989343236,0.4500585921336246,-0.01340252775980777
belatacept,100,cosolute_interaction,6,tanh,0.0,0.46346111989343236,0.46500239098456053,0.0015412710911281713
belatacept,100,cosolute_interaction,6,tanh,0.5,0.46346111989343236,0.4806544362581544,0.017193316364722044
belatacept,100,cosolute_interaction,6,tanh,1.0,0.46346111989343236,0.4987797545517778,0.03531863465834545
belatacept,100,cosolute_protection,7,sigmoid,0.0,0.46346111989343236,0.47846465083770995,0.015003530944277588
belatacept,100,cosolute_protection,7,sigmoid,0.25,0.46346111989343236,0.47179682932748185,0.008335709434049487
belatacept,100,cosolute_protection,7,sigmoid,0.5,0.46346111989343236,0.46515069590188324,0.001689576008450877
belatacept,100,cosolute_protection,7,sigmoid,0.75,0.46346111989343236,0.4574670370384438,-0.005994082854988536
belatacept,100,cosolute_protection,7,sigmoid,1.0,0.46346111989343236,0.4491029200148275,-0.014358199878604871
belatacept,100,interfacial_shielding,8,sigmoid,0.0,0.46346111989343236,0.4928823717341935,0.029421251840761165
belatacept,100,interfacial_shielding,8,sigmoid,0.25,0.46346111989343236,0.4806985183827137,0.017237398489281353
belatacept,100,interfacial_shielding,8,sigmoid,0.5,0.46346111989343236,0.4684604238090858,0.0049993039156534524
belatacept,100,interfacial_shielding,8,sigmoid,0.75,0.46346111989343236,0.45614741781020074,-0.007313702083231621
belatacept,100,interfacial_shielding,8,sigmoid,1.0,0.46346111989343236,0.4445124779984054,-0.018948641895026985
belatacept,100,surface_stability,9,sigmoid,0.0,0.46346111989343236,0.5339021931127197,0.07044107321928733
belatacept,100,surface_stability,9,sigmoid,0.25,0.46346111989343236,0.49528362179808844,0.031822501904656075
belatacept,100,surface_stability,9,sigmoid,0.5,0.46346111989343236,0.4577037389374018,-0.005757380956030567
belatacept,100,surface_stability,9,sigmoid,0.75,0.46346111989343236,0.4192563815007161,-0.04420473839271627
belatacept,100,surface_stability,9,sigmoid,1.0,0.46346111989343236,0.3815402256705749,-0.08192089422285748
belatacept,100,chemical_modulation,10,tanh,-1.0,0.46346111989343236,0.4066116204712633,-0.05684949942216905
belatacept,100,chemical_modulation,10,tanh,-0.5,0.46346111989343236,0.43567276431938345,-0.027788355574048906
belatacept,100,chemical_modulation,10,tanh,0.0,0.46346111989343236,0.46905659788837906,0.005595477994946696
belatacept,100,chemical_modulation,10,tanh,0.5,0.46346111989343236,0.5012595117583112,0.03779839186487882
belatacept,100,chemical_modulation,10,tanh,1.0,0.46346111989343236,0.5271096411961411,0.06364852130270876
belatacept,100,electrostatic_screening,11,sigmoid,0.0,0.46346111989343236,0.472307824598661,0.008846704705228636
belatacept,100,electrostatic_screening,11,sigmoid,0.25,0.46346111989343236,0.46780867449778885,0.004347554604356485
belatacept,100,electrostatic_screening,11,sigmoid,0.5,0.46346111989343236,0.4630592839302852,-0.00040183596314713466
belatacept,100,electrostatic_screening,11,sigmoid,0.75,0.46346111989343236,0.4579380359336883,-0.005523083959744046
belatacept,100,electrostatic_screening,11,sigmoid,1.0,0.46346111989343236,0.4527404723589841,-0.010720647534448235
belatacept,100,latent_0,12,tanh,-1.0,0.46346111989343236,0.48114678318996246,0.017685663296530096
belatacept,100,latent_0,12,tanh,-0.5,0.46346111989343236,0.4727992703384465,0.009338150445014126
belatacept,100,latent_0,12,tanh,0.0,0.46346111989343236,0.46363814658921937,0.00017702669578700814
belatacept,100,latent_0,12,tanh,0.5,0.46346111989343236,0.45425293892230884,-0.009208180971123525
belatacept,100,latent_0,12,tanh,1.0,0.46346111989343236,0.4413031431411099,-0.02215797675232245
belatacept,100,latent_1,13,tanh,-1.0,0.46346111989343236,0.4464318799529074,-0.017029239940524965
belatacept,100,latent_1,13,tanh,-0.5,0.46346111989343236,0.45515862526837575,-0.008302494625056611
belatacept,100,latent_1,13,tanh,0.0,0.46346111989343236,0.4628972684818184,-0.0005638514116139692
belatacept,100,latent_1,13,tanh,0.5,0.46346111989343236,0.4672503207454001,0.0037892008519677667
belatacept,100,latent_1,13,tanh,1.0,0.46346111989343236,0.4771621387423947,0.013701018848962354
belatacept,100,latent_2,14,tanh,-1.0,0.46346111989343236,0.5821785351648697,0.11871741527143737
belatacept,100,latent_2,14,tanh,-0.5,0.46346111989343236,0.5179352297131751,0.05447410981974271
belatacept,100,latent_2,14,tanh,0.0,0.46346111989343236,0.4553032659415206,-0.008157853951911764
belatacept,100,latent_2,14,tanh,0.5,0.46346111989343236,0.393942551823411,-0.06951856807002138
belatacept,100,latent_2,14,tanh,1.0,0.46346111989343236,0.3393861814027206,-0.12407493849071177
belatacept,100,latent_3,15,tanh,-1.0,0.46346111989343236,0.5786706044887872,0.1152094845953548
belatacept,100,latent_3,15,tanh,-0.5,0.46346111989343236,0.5169345807425881,0.053473460849155774
belatacept,100,latent_3,15,tanh,0.0,0.46346111989343236,0.4595595195796182,-0.0039016003138141464
belatacept,100,latent_3,15,tanh,0.5,0.46346111989343236,0.40630306370076613,-0.05715805619266623
belatacept,100,latent_3,15,tanh,1.0,0.46346111989343236,0.36153753820790435,-0.10192358168552801
belatacept,1k,self_interaction,0,tanh,-1.0,0.4355313819014709,0.5680225022656774,0.13249112036420652
belatacept,1k,self_interaction,0,tanh,-0.5,0.4355313819014709,0.48046728440493724,0.04493590250346635
belatacept,1k,self_interaction,0,tanh,0.0,0.4355313819014709,0.41359968838911365,-0.021931693512357242
belatacept,1k,self_interaction,0,tanh,0.5,0.4355313819014709,0.35591070726409746,-0.07962067463737343
belatacept,1k,self_interaction,0,tanh,1.0,0.4355313819014709,0.3307163055706398,-0.10481507633083109
belatacept,1k,hydrophobicity,1,sigmoid,0.0,0.4355313819014709,0.44791006760245494,0.012378685700984049
belatacept,1k,hydrophobicity,1,sigmoid,0.25,0.4355313819014709,0.4406338768290642,0.005102494927593293
belatacept,1k,hydrophobicity,1,sigmoid,0.5,0.4355313819014709,0.43454928688429006,-0.0009820950171808285
belatacept,1k,hydrophobicity,1,sigmoid,0.75,0.4355313819014709,0.42964801249054185,-0.00588336941092904
belatacept,1k,hydrophobicity,1,sigmoid,1.0,0.4355313819014709,0.4234240105964956,-0.0121073713049753
belatacept,1k,charge_environment,2,tanh,-1.0,0.4355313819014709,0.4223305194532066,-0.013200862448264294
belatacept,1k,charge_environment,2,tanh,-0.5,0.4355313819014709,0.4269389284199096,-0.00859245348156129
belatacept,1k,charge_environment,2,tanh,0.0,0.4355313819014709,0.4310976361025531,-0.00443374579891781
belatacept,1k,charge_environment,2,tanh,0.5,0.4355313819014709,0.43532968555892515,-0.00020169634254574298
belatacept,1k,charge_environment,2,tanh,1.0,0.4355313819014709,0.44083487497406015,0.00530349307258926
belatacept,1k,ionic_screening,3,sigmoid,0.0,0.4355313819014709,0.4541566471365274,0.018625265235056532
belatacept,1k,ionic_screening,3,sigmoid,0.25,0.4355313819014709,0.44349386983528816,0.007962487933817264
belatacept,1k,ionic_screening,3,sigmoid,0.5,0.4355313819014709,0.4337567085412867,-0.0017746733601842202
belatacept,1k,ionic_screening,3,sigmoid,0.75,0.4355313819014709,0.42328067839727734,-0.01225070350419355
belatacept,1k,ionic_screening,3,sigmoid,1.0,0.4355313819014709,0.413200500404822,-0.022330881496648913
belatacept,1k,crowding,4,sigmoid,0.0,0.4355313819014709,0.42876497360425614,-0.006766408297214754
belatacept,1k,crowding,4,sigmoid,0.25,0.4355313819014709,0.43158312647583064,-0.003948255425640257
belatacept,1k,crowding,4,sigmoid,0.5,0.4355313819014709,0.43559586949590157,6.448759443067331e-05
belatacept,1k,crowding,4,sigmoid,0.75,0.4355313819014709,0.4398913204616269,0.004359938560155985
belatacept,1k,crowding,4,sigmoid,1.0,0.4355313819014709,0.44457327290357285,0.009041891002101954
belatacept,1k,nonlinear_conc,5,sigmoid,0.0,0.4355313819014709,0.4534374105672526,0.017906028665781726
belatacept,1k,nonlinear_conc,5,sigmoid,0.25,0.4355313819014709,0.44296643589068707,0.007435053989216178
belatacept,1k,nonlinear_conc,5,sigmoid,0.5,0.4355313819014709,0.4327499387055134,-0.002781443195957467
belatacept,1k,nonlinear_conc,5,sigmoid,0.75,0.4355313819014709,0.4225269508690437,-0.01300443103242721
belatacept,1k,nonlinear_conc,5,sigmoid,1.0,0.4355313819014709,0.41102789064410195,-0.024503491257368948
belatacept,1k,cosolute_interaction,6,tanh,-1.0,0.4355313819014709,0.41181670906400397,-0.02371467283746692
belatacept,1k,cosolute_interaction,6,tanh,-0.5,0.4355313819014709,0.4239879887180353,-0.011543393183435613
belatacept,1k,cosolute_interaction,6,tanh,0.0,0.4355313819014709,0.4370478411204135,0.0015164592189426118
belatacept,1k,cosolute_interaction,6,tanh,0.5,0.4355313819014709,0.4542644333227116,0.01873305142124071
belatacept,1k,cosolute_interaction,6,tanh,1.0,0.4355313819014709,0.4715347893222592,0.03600340742078828
belatacept,1k,cosolute_protection,7,sigmoid,0.0,0.4355313819014709,0.45202246668613044,0.01649108478465955
belatacept,1k,cosolute_protection,7,sigmoid,0.25,0.4355313819014709,0.4445536819975095,0.009022300096038605
belatacept,1k,cosolute_protection,7,sigmoid,0.5,0.4355313819014709,0.43725261470401194,0.0017212328025410506
belatacept,1k,cosolute_protection,7,sigmoid,0.75,0.4355313819014709,0.43093550428782795,-0.00459587761364294
belatacept,1k,cosolute_protection,7,sigmoid,1.0,0.4355313819014709,0.423308751110612,-0.01222263079085889
belatacept,1k,interfacial_shielding,8,sigmoid,0.0,0.4355313819014709,0.4627265074625614,0.027195125561090494
belatacept,1k,interfacial_shielding,8,sigmoid,0.25,0.4355313819014709,0.4521307803993522,0.01659939849788128
belatacept,1k,interfacial_shielding,8,sigmoid,0.5,0.4355313819014709,0.44031582457189006,0.0047844426704191645
belatacept,1k,interfacial_shielding,8,sigmoid,0.75,0.4355313819014709,0.42854537754526767,-0.006986004356203224
belatacept,1k,interfacial_shielding,8,sigmoid,1.0,0.4355313819014709,0.41841182105717356,-0.017119560844297332
belatacept,1k,surface_stability,9,sigmoid,0.0,0.4355313819014709,0.5044851172044332,0.06895373530296234
belatacept,1k,surface_stability,9,sigmoid,0.25,0.4355313819014709,0.46740762465336444,0.031876242751893547
belatacept,1k,surface_stability,9,sigmoid,0.5,0.4355313819014709,0.42978029765297254,-0.00575108424849835
belatacept,1k,surface_stability,9,sigmoid,0.75,0.4355313819014709,0.39335155604261185,-0.042179825858859044
belatacept,1k,surface_stability,9,sigmoid,1.0,0.4355313819014709,0.35821455230500665,-0.07731682959646424
belatacept,1k,chemical_modulation,10,tanh,-1.0,0.4355313819014709,0.38623569211398423,-0.04929568978748666
belatacept,1k,chemical_modulation,10,tanh,-0.5,0.4355313819014709,0.4119371817582592,-0.023594200143211674
belatacept,1k,chemical_modulation,10,tanh,0.0,0.4355313819014709,0.440769492652399,0.0052381107509281155
belatacept,1k,chemical_modulation,10,tanh,0.5,0.4355313819014709,0.47107114089566376,0.03553975899419287
belatacept,1k,chemical_modulation,10,tanh,1.0,0.4355313819014709,0.49520111876743594,0.05966973686596505
belatacept,1k,electrostatic_screening,11,sigmoid,0.0,0.4355313819014709,0.44401821102333544,0.008486829121864548
belatacept,1k,electrostatic_screening,11,sigmoid,0.25,0.4355313819014709,0.4398093779284518,0.004277996026980924
belatacept,1k,electrostatic_screening,11,sigmoid,0.5,0.4355313819014709,0.435176666515183,-0.000354715386287896
belatacept,1k,electrostatic_screening,11,sigmoid,0.75,0.4355313819014709,0.43178955504621375,-0.0037418268552571465
belatacept,1k,electrostatic_screening,11,sigmoid,1.0,0.4355313819014709,0.4279049597216119,-0.007626422179858983
belatacept,1k,latent_0,12,tanh,-1.0,0.4355313819014709,0.453072085164125,0.01754070326265411
belatacept,1k,latent_0,12,tanh,-0.5,0.4355313819014709,0.44305568105304943,0.00752429915157854
belatacept,1k,latent_0,12,tanh,0.0,0.4355313819014709,0.4356942688039165,0.00016288690244559145
belatacept,1k,latent_0,12,tanh,0.5,0.4355313819014709,0.4279684388084707,-0.007562943093000207
belatacept,1k,latent_0,12,tanh,1.0,0.4355313819014709,0.41643716323139895,-0.01909421867007194
belatacept,1k,latent_1,13,tanh,-1.0,0.4355313819014709,0.4223091390926824,-0.013222242808788476
belatacept,1k,latent_1,13,tanh,-0.5,0.4355313819014709,0.4277267176449049,-0.007804664256566007
belatacept,1k,latent_1,13,tanh,0.0,0.4355313819014709,0.4348503134649171,-0.0006810684365538
belatacept,1k,latent_1,13,tanh,0.5,0.4355313819014709,0.44259132279227836,0.00705994089080747
belatacept,1k,latent_1,13,tanh,1.0,0.4355313819014709,0.4539573324234015,0.018425950521930634
belatacept,1k,latent_2,14,tanh,-1.0,0.4355313819014709,0.5499401994059123,0.11440881750444143
belatacept,1k,latent_2,14,tanh,-0.5,0.4355313819014709,0.4874752842466356,0.051943902345164716
belatacept,1k,latent_2,14,tanh,0.0,0.4355313819014709,0.4278043520406062,-0.007727029860864709
belatacept,1k,latent_2,14,tanh,0.5,0.4355313819014709,0.37347954013025697,-0.06205184177121392
belatacept,1k,latent_2,14,tanh,1.0,0.4355313819014709,0.3228344103214013,-0.11269697158006958
belatacept,1k,latent_3,15,tanh,-1.0,0.4355313819014709,0.5438148450678987,0.10828346316642778
belatacept,1k,latent_3,15,tanh,-0.5,0.4355313819014709,0.4877632907359178,0.052231908834446894
belatacept,1k,latent_3,15,tanh,0.0,0.4355313819014709,0.43176651969890484,-0.003764862202566055
belatacept,1k,latent_3,15,tanh,0.5,0.4355313819014709,0.3848159823881056,-0.05071539951336529
belatacept,1k,latent_3,15,tanh,1.0,0.4355313819014709,0.34242849189060875,-0.09310289001086214
belatacept,10k,self_interaction,0,tanh,-1.0,0.4044513145029205,0.5277495108054245,0.12329819630250405
belatacept,10k,self_interaction,0,tanh,-0.5,0.4044513145029205,0.4465126122769962,0.04206129777407569
belatacept,10k,self_interaction,0,tanh,0.0,0.4044513145029205,0.38473635683642904,-0.01971495766649145
belatacept,10k,self_interaction,0,tanh,0.5,0.4044513145029205,0.3347955376847841,-0.0696557768181364
belatacept,10k,self_interaction,0,tanh,1.0,0.4044513145029205,0.30732174338016044,-0.09712957112276005
belatacept,10k,hydrophobicity,1,sigmoid,0.0,0.4044513145029205,0.4140976532252805,0.009646338722360037
belatacept,10k,hydrophobicity,1,sigmoid,0.25,0.4044513145029205,0.40817849989696714,0.0037271853940466504
belatacept,10k,hydrophobicity,1,sigmoid,0.5,0.4044513145029205,0.40377531446339465,-0.000676000039525837
belatacept,10k,hydrophobicity,1,sigmoid,0.75,0.4044513145029205,0.4003534120691118,-0.004097902433808698
belatacept,10k,hydrophobicity,1,sigmoid,1.0,0.4044513145029205,0.39679055651911366,-0.007660757983806832
belatacept,10k,charge_environment,2,tanh,-1.0,0.4044513145029205,0.39188157609314944,-0.012569738409771047
belatacept,10k,charge_environment,2,tanh,-0.5,0.4044513145029205,0.3959553984692414,-0.008495916033679107
belatacept,10k,charge_environment,2,tanh,0.0,0.4044513145029205,0.3996966719382924,-0.004754642564628098
belatacept,10k,charge_environment,2,tanh,0.5,0.4044513145029205,0.40415776639382656,-0.0002935481090939329
belatacept,10k,charge_environment,2,tanh,1.0,0.4044513145029205,0.41340692380337135,0.008955609300450862
belatacept,10k,ionic_screening,3,sigmoid,0.0,0.4044513145029205,0.4216097623648234,0.017158447861902903
belatacept,10k,ionic_screening,3,sigmoid,0.25,0.4044513145029205,0.41205292222467704,0.007601607721756554
belatacept,10k,ionic_screening,3,sigmoid,0.5,0.4044513145029205,0.4030132861420692,-0.0014380283608512734
belatacept,10k,ionic_screening,3,sigmoid,0.75,0.4044513145029205,0.3948021933340287,-0.009649121168891772
belatacept,10k,ionic_screening,3,sigmoid,1.0,0.4044513145029205,0.3856454514209056,-0.018805863082014873
belatacept,10k,crowding,4,sigmoid,0.0,0.4044513145029205,0.39566190725031825,-0.008789407252602244
belatacept,10k,crowding,4,sigmoid,0.25,0.4044513145029205,0.399796188362387,-0.004655126140533483
belatacept,10k,crowding,4,sigmoid,0.5,0.4044513145029205,0.40454191468571277,9.060018279227755e-05
belatacept,10k,crowding,4,sigmoid,0.75,0.4044513145029205,0.4102064793282097,0.005755164825289205
belatacept,10k,crowding,4,sigmoid,1.0,0.4044513145029205,0.41547387817339243,0.011022563670471941
belatacept,10k,nonlinear_conc,5,sigmoid,0.0,0.4044513145029205,0.4205536222045305,0.01610230770161003
belatacept,10k,nonlinear_conc,5,sigmoid,0.25,0.4044513145029205,0.41124960715490827,0.006798292651987781
belatacept,10k,nonlinear_conc,5,sigmoid,0.5,0.4044513145029205,0.401861270528608,-0.002590043974312506
belatacept,10k,nonlinear_conc,5,sigmoid,0.75,0.4044513145029205,0.3937327615611216,-0.010718552941798909
belatacept,10k,nonlinear_conc,5,sigmoid,1.0,0.4044513145029205,0.38459738966485535,-0.01985392483806514
belatacept,10k,cosolute_interaction,6,tanh,-1.0,0.4044513145029205,0.3785101310538909,-0.02594118344902957
belatacept,10k,cosolute_interaction,6,tanh,-0.5,0.4044513145029205,0.39298642458324806,-0.011464889919672427
belatacept,10k,cosolute_interaction,6,tanh,0.0,0.4044513145029205,0.40607374976625155,0.0016224352633310568
belatacept,10k,cosolute_interaction,6,tanh,0.5,0.4044513145029205,0.4236434670159741,0.019192152513053617
belatacept,10k,cosolute_interaction,6,tanh,1.0,0.4044513145029205,0.43954199929789023,0.03509068479496974
belatacept,10k,cosolute_protection,7,sigmoid,0.0,0.4044513145029205,0.4233259578013387,0.018874643298418203
belatacept,10k,cosolute_protection,7,sigmoid,0.25,0.4044513145029205,0.4143867949320603,0.009935480429139831
belatacept,10k,cosolute_protection,7,sigmoid,0.5,0.4044513145029205,0.4062066038303894,0.001755289327468934
belatacept,10k,cosolute_protection,7,sigmoid,0.75,0.4044513145029205,0.4000792221335646,-0.004372092369355873
belatacept,10k,cosolute_protection,7,sigmoid,1.0,0.4044513145029205,0.39386910144117465,-0.010582213061745838
belatacept,10k,interfacial_shielding,8,sigmoid,0.0,0.4044513145029205,0.4262439115478614,0.02179259704494091
belatacept,10k,interfacial_shielding,8,sigmoid,0.25,0.4044513145029205,0.41665370790850326,0.012202393405582768
belatacept,10k,interfacial_shielding,8,sigmoid,0.5,0.4044513145029205,0.407990193431876,0.003538878928955491
belatacept,10k,interfacial_shielding,8,sigmoid,0.75,0.4044513145029205,0.39979713997978816,-0.004654174523132326
belatacept,10k,interfacial_shielding,8,sigmoid,1.0,0.4044513145029205,0.3933506354562129,-0.011100679046707584
belatacept,10k,surface_stability,9,sigmoid,0.0,0.4044513145029205,0.46763329503103596,0.06318198052811547
belatacept,10k,surface_stability,9,sigmoid,0.25,0.4044513145029205,0.433311124036854,0.028859809533933523
belatacept,10k,surface_stability,9,sigmoid,0.5,0.4044513145029205,0.39956551423560877,-0.004885800267311724
belatacept,10k,surface_stability,9,sigmoid,0.75,0.4044513145029205,0.3683727577525247,-0.036078556750395785
belatacept,10k,surface_stability,9,sigmoid,1.0,0.4044513145029205,0.3376128837503011,-0.06683843075261942
belatacept,10k,chemical_modulation,10,tanh,-1.0,0.4044513145029205,0.3606280298767316,-0.043823284626188896
belatacept,10k,chemical_modulation,10,tanh,-0.5,0.4044513145029205,0.3830959959974867,-0.021355318505433762
belatacept,10k,chemical_modulation,10,tanh,0.0,0.4044513145029205,0.4090982432870362,0.004646928784115711
belatacept,10k,chemical_modulation,10,tanh,0.5,0.4044513145029205,0.43514203074488045,0.03069071624195996
belatacept,10k,chemical_modulation,10,tanh,1.0,0.4044513145029205,0.4572820146877535,0.05283070018483299
belatacept,10k,electrostatic_screening,11,sigmoid,0.0,0.4044513145029205,0.411345787746265,0.006894473243344523
belatacept,10k,electrostatic_screening,11,sigmoid,0.25,0.4044513145029205,0.40768683952608303,0.0032355250231625443
belatacept,10k,electrostatic_screening,11,sigmoid,0.5,0.4044513145029205,0.40419603279138794,-0.0002552817115325512
belatacept,10k,electrostatic_screening,11,sigmoid,0.75,0.4044513145029205,0.4024936409790234,-0.0019576735238970855
belatacept,10k,electrostatic_screening,11,sigmoid,1.0,0.4044513145029205,0.39972010034496264,-0.004731214157957853
belatacept,10k,latent_0,12,tanh,-1.0,0.4044513145029205,0.42167035556847643,0.01721904106555594
belatacept,10k,latent_0,12,tanh,-0.5,0.4044513145029205,0.4111259330955914,0.006674618592670933
belatacept,10k,latent_0,12,tanh,0.0,0.4044513145029205,0.40461409279685834,0.0001627782939378486
belatacept,10k,latent_0,12,tanh,0.5,0.4044513145029205,0.3973318509780362,-0.007119463524884295
belatacept,10k,latent_0,12,tanh,1.0,0.4044513145029205,0.3867132902690325,-0.017738024233887983
belatacept,10k,latent_1,13,tanh,-1.0,0.4044513145029205,0.3902858895537253,-0.014165424949195204
belatacept,10k,latent_1,13,tanh,-0.5,0.4044513145029205,0.3949454945022447,-0.009505820000675791
belatacept,10k,latent_1,13,tanh,0.0,0.4044513145029205,0.403586739062951,-0.0008645754399694838
belatacept,10k,latent_1,13,tanh,0.5,0.4044513145029205,0.41439072552567385,0.009939411022753364
belatacept,10k,latent_1,13,tanh,1.0,0.4044513145029205,0.42754002479192876,0.023088710289008274
belatacept,10k,latent_2,14,tanh,-1.0,0.4044513145029205,0.5083947209309013,0.10394340642798083
belatacept,10k,latent_2,14,tanh,-0.5,0.4044513145029205,0.4554500943003214,0.05099877979740092
belatacept,10k,latent_2,14,tanh,0.0,0.4044513145029205,0.39678184715115944,-0.00766946735176105
belatacept,10k,latent_2,14,tanh,0.5,0.4044513145029205,0.34786155491293513,-0.056589759589985356
belatacept,10k,latent_2,14,tanh,1.0,0.4044513145029205,0.30055082007212386,-0.10390049443079663
belatacept,10k,latent_3,15,tanh,-1.0,0.4044513145029205,0.502043519079912,0.09759220457699147
belatacept,10k,latent_3,15,tanh,-0.5,0.4044513145029205,0.4500771848757834,0.04562587037286292
belatacept,10k,latent_3,15,tanh,0.0,0.4044513145029205,0.4011455197752483,-0.0033057947276721733
belatacept,10k,latent_3,15,tanh,0.5,0.4044513145029205,0.361872383409109,-0.0425789310938115
belatacept,10k,latent_3,15,tanh,1.0,0.4044513145029205,0.3255374381747685,-0.078913876328152
belatacept,100k,self_interaction,0,tanh,-1.0,0.36688912416208885,0.4718805716587852,0.10499144749669637
belatacept,100k,self_interaction,0,tanh,-0.5,0.36688912416208885,0.40200565778190145,0.035116533619812595
belatacept,100k,self_interaction,0,tanh,0.0,0.36688912416208885,0.34940525417998636,-0.017483869982102496
belatacept,100k,self_interaction,0,tanh,0.5,0.36688912416208885,0.306745663167758,-0.06014346099433088
belatacept,100k,self_interaction,0,tanh,1.0,0.36688912416208885,0.278190169500686,-0.08869895466140287
belatacept,100k,hydrophobicity,1,sigmoid,0.0,0.36688912416208885,0.3743829043229917,0.007493780160902852
belatacept,100k,hydrophobicity,1,sigmoid,0.25,0.36688912416208885,0.37099210533659294,0.004102981174504083
belatacept,100k,hydrophobicity,1,sigmoid,0.5,0.36688912416208885,0.3658639425983364,-0.0010251815637524753
belatacept,100k,hydrophobicity,1,sigmoid,0.75,0.36688912416208885,0.359782776407473,-0.007106347754615827
belatacept,100k,hydrophobicity,1,sigmoid,1.0,0.36688912416208885,0.3551027220284957,-0.011786402133593166
belatacept,100k,charge_environment,2,tanh,-1.0,0.36688912416208885,0.34352435173373325,-0.023364772428355607
belatacept,100k,charge_environment,2,tanh,-0.5,0.36688912416208885,0.3519673909396427,-0.014921733222446165
belatacept,100k,charge_environment,2,tanh,0.0,0.36688912416208885,0.35801825018501215,-0.008870873977076699
belatacept,100k,charge_environment,2,tanh,0.5,0.36688912416208885,0.3664246728083112,-0.0004644513537776507
belatacept,100k,charge_environment,2,tanh,1.0,0.36688912416208885,0.37512712084904737,0.008237996686958515
belatacept,100k,ionic_screening,3,sigmoid,0.0,0.36688912416208885,0.3820745691850019,0.015185445022913024
belatacept,100k,ionic_screening,3,sigmoid,0.25,0.36688912416208885,0.373243776919116,0.006354652757027124
belatacept,100k,ionic_screening,3,sigmoid,0.5,0.36688912416208885,0.3654413727538778,-0.0014477514082110732
belatacept,100k,ionic_screening,3,sigmoid,0.75,0.36688912416208885,0.35739827144814684,-0.00949085271394201
belatacept,100k,ionic_screening,3,sigmoid,1.0,0.36688912416208885,0.34949341325727135,-0.017395710904817507
belatacept,100k,crowding,4,sigmoid,0.0,0.36688912416208885,0.3549622239941462,-0.011926900167942678
belatacept,100k,crowding,4,sigmoid,0.25,0.36688912416208885,0.36100668050939255,-0.005882443652696301
belatacept,100k,crowding,4,sigmoid,0.5,0.36688912416208885,0.36697663158832733,8.750742623847563e-05
belatacept,100k,crowding,4,sigmoid,0.75,0.36688912416208885,0.3719258695678282,0.00503674540573934
belatacept,100k,crowding,4,sigmoid,1.0,0.36688912416208885,0.37781254378049284,0.010923419618403984
belatacept,100k,nonlinear_conc,5,sigmoid,0.0,0.36688912416208885,0.3786593281125273,0.01177020395043843
belatacept,100k,nonlinear_conc,5,sigmoid,0.25,0.36688912416208885,0.3718580357969923,0.004968911634903428
belatacept,100k,nonlinear_conc,5,sigmoid,0.5,0.36688912416208885,0.3649830965695403,-0.0019060275925485426
belatacept,100k,nonlinear_conc,5,sigmoid,0.75,0.36688912416208885,0.35668778562149583,-0.010201338540593019
belatacept,100k,nonlinear_conc,5,sigmoid,1.0,0.36688912416208885,0.34823442343551714,-0.018654700726571716
belatacept,100k,cosolute_interaction,6,tanh,-1.0,0.36688912416208885,0.33986332443640305,-0.027025799725685806
belatacept,100k,cosolute_interaction,6,tanh,-0.5,0.36688912416208885,0.3530933922295827,-0.013795731932506161
belatacept,100k,cosolute_interaction,6,tanh,0.0,0.36688912416208885,0.36834550218891493,0.0014563780268260773
belatacept,100k,cosolute_interaction,6,tanh,0.5,0.36688912416208885,0.38093228696256787,0.014043162800479014
belatacept,100k,cosolute_interaction,6,tanh,1.0,0.36688912416208885,0.39376635779285,0.026877233630761166
belatacept,100k,cosolute_protection,7,sigmoid,0.0,0.36688912416208885,0.3816765552069606,0.014787431044871735
belatacept,100k,cosolute_protection,7,sigmoid,0.25,0.36688912416208885,0.3746002661498209,0.00771114198773204
belatacept,100k,cosolute_protection,7,sigmoid,0.5,0.36688912416208885,0.3684981850634665,0.0016090609013776347
belatacept,100k,cosolute_protection,7,sigmoid,0.75,0.36688912416208885,0.361648856756507,-0.0052402674055818665
belatacept,100k,cosolute_protection,7,sigmoid,1.0,0.36688912416208885,0.3555021530889714,-0.01138697107311748
belatacept,100k,interfacial_shielding,8,sigmoid,0.0,0.36688912416208885,0.3804893297496559,0.013600205587567027
belatacept,100k,interfacial_shielding,8,sigmoid,0.25,0.36688912416208885,0.37405827866518226,0.007169154503093411
belatacept,100k,interfacial_shielding,8,sigmoid,0.5,0.36688912416208885,0.36900808649181766,0.002118962329728802
belatacept,100k,interfacial_shielding,8,sigmoid,0.75,0.36688912416208885,0.3631648660259176,-0.0037242581361712768
belatacept,100k,interfacial_shielding,8,sigmoid,1.0,0.36688912416208885,0.35805954210528923,-0.008829582056799623
belatacept,100k,surface_stability,9,sigmoid,0.0,0.36688912416208885,0.423293390764517,0.056404266602428144
belatacept,100k,surface_stability,9,sigmoid,0.25,0.36688912416208885,0.3916081619326576,0.02471903777056872
belatacept,100k,surface_stability,9,sigmoid,0.5,0.36688912416208885,0.3626318982192553,-0.004257225942833565
belatacept,100k,surface_stability,9,sigmoid,0.75,0.36688912416208885,0.3370792125742553,-0.029809911587833526
belatacept,100k,surface_stability,9,sigmoid,1.0,0.36688912416208885,0.3144645215313735,-0.052424602630715356
belatacept,100k,chemical_modulation,10,tanh,-1.0,0.36688912416208885,0.32433657976382524,-0.042552544398263614
belatacept,100k,chemical_modulation,10,tanh,-0.5,0.36688912416208885,0.34853890997289083,-0.018350214189198022
belatacept,100k,chemical_modulation,10,tanh,0.0,0.36688912416208885,0.3703383028073163,0.0034491786452274242
belatacept,100k,chemical_modulation,10,tanh,0.5,0.36688912416208885,0.3928612868949936,0.025972162732904758
belatacept,100k,chemical_modulation,10,tanh,1.0,0.36688912416208885,0.4118712201912234,0.044982096029134555
belatacept,100k,electrostatic_screening,11,sigmoid,0.0,0.36688912416208885,0.371083160640751,0.004194036478662122
belatacept,100k,electrostatic_screening,11,sigmoid,0.25,0.36688912416208885,0.36839857554636524,0.0015094513842763835
belatacept,100k,electrostatic_screening,11,sigmoid,0.5,0.36688912416208885,0.3667360792591782,-0.00015304490291062622
belatacept,100k,electrostatic_screening,11,sigmoid,0.75,0.36688912416208885,0.3642217302429287,-0.0026673939191601548
belatacept,100k,electrostatic_screening,11,sigmoid,1.0,0.36688912416208885,0.3612914106420244,-0.00559771352006444
belatacept,100k,latent_0,12,tanh,-1.0,0.36688912416208885,0.384877940955856,0.017988816793767126
belatacept,100k,latent_0,12,tanh,-0.5,0.36688912416208885,0.375563002993455,0.008673878831366166
belatacept,100k,latent_0,12,tanh,0.0,0.36688912416208885,0.3670821473395163,0.00019302317742742048
belatacept,100k,latent_0,12,tanh,0.5,0.36688912416208885,0.3587491957857884,-0.008139928376300454
belatacept,100k,latent_0,12,tanh,1.0,0.36688912416208885,0.35084362388186197,-0.016045500280226888
belatacept,100k,latent_1,13,tanh,-1.0,0.36688912416208885,0.3554641607985962,-0.011424963363492635
belatacept,100k,latent_1,13,tanh,-0.5,0.36688912416208885,0.3580834980389971,-0.00880562612309177
belatacept,100k,latent_1,13,tanh,0.0,0.36688912416208885,0.36573688098794477,-0.0011522431741440853
belatacept,100k,latent_1,13,tanh,0.5,0.36688912416208885,0.37678348334146383,0.009894359179374979
belatacept,100k,latent_1,13,tanh,1.0,0.36688912416208885,0.386757819757207,0.01986869559511817
belatacept,100k,latent_2,14,tanh,-1.0,0.36688912416208885,0.45410906368055187,0.08721993951846302
belatacept,100k,latent_2,14,tanh,-0.5,0.36688912416208885,0.4079463000792468,0.04105717591715796
belatacept,100k,latent_2,14,tanh,0.0,0.36688912416208885,0.3601614166964665,-0.006727707465622346
belatacept,100k,latent_2,14,tanh,0.5,0.36688912416208885,0.31280918306203004,-0.054079941100058815
belatacept,100k,latent_2,14,tanh,1.0,0.36688912416208885,0.26989169339041585,-0.096997430771673
belatacept,100k,latent_3,15,tanh,-1.0,0.36688912416208885,0.44850714804560454,0.08161802388351569
belatacept,100k,latent_3,15,tanh,-0.5,0.36688912416208885,0.40484865614258053,0.03795953198049168
belatacept,100k,latent_3,15,tanh,0.0,0.36688912416208885,0.36420407360267,-0.0026850505594188667
belatacept,100k,latent_3,15,tanh,0.5,0.36688912416208885,0.33076286241762554,-0.03612626174446332
belatacept,100k,latent_3,15,tanh,1.0,0.36688912416208885,0.30361002176888285,-0.063279102393206
belatacept,15M,self_interaction,0,tanh,-1.0,0.24567743693283334,0.3137067237700163,0.06802928683718296
belatacept,15M,self_interaction,0,tanh,-0.5,0.24567743693283334,0.2674604350544233,0.021782998121589958
belatacept,15M,self_interaction,0,tanh,0.0,0.24567743693283334,0.23404211440534406,-0.011635322527489278
belatacept,15M,self_interaction,0,tanh,0.5,0.24567743693283334,0.20286644566081152,-0.042810991272021814
belatacept,15M,self_interaction,0,tanh,1.0,0.24567743693283334,0.18207025409690492,-0.06360718283592842
belatacept,15M,hydrophobicity,1,sigmoid,0.0,0.24567743693283334,0.24366108378375295,-0.0020163531490803854
belatacept,15M,hydrophobicity,1,sigmoid,0.25,0.24567743693283334,0.24476344979367465,-0.0009139871391586896
belatacept,15M,hydrophobicity,1,sigmoid,0.5,0.24567743693283334,0.24585054855050792,0.00017311161767458172
belatacept,15M,hydrophobicity,1,sigmoid,0.75,0.24567743693283334,0.24454786707763895,-0.0011295698551943845
belatacept,15M,hydrophobicity,1,sigmoid,1.0,0.24567743693283334,0.2440035212368322,-0.0016739156960011436
belatacept,15M,charge_environment,2,tanh,-1.0,0.24567743693283334,0.19612849796445908,-0.049548938968374256
belatacept,15M,charge_environment,2,tanh,-0.5,0.24567743693283334,0.20964595421279353,-0.03603148272003981
belatacept,15M,charge_environment,2,tanh,0.0,0.24567743693283334,0.22748141579362785,-0.018196021139205487
belatacept,15M,charge_environment,2,tanh,0.5,0.24567743693283334,0.24507806278143693,-0.000599374151396409
belatacept,15M,charge_environment,2,tanh,1.0,0.24567743693283334,0.2575269147502566,0.011849477817423237
belatacept,15M,ionic_screening,3,sigmoid,0.0,0.24567743693283334,0.2533232690045761,0.007645832071742742
belatacept,15M,ionic_screening,3,sigmoid,0.25,0.24567743693283334,0.24879640433985312,0.0031189674070197793
belatacept,15M,ionic_screening,3,sigmoid,0.5,0.24567743693283334,0.24496333082259095,-0.0007141061102423907
belatacept,15M,ionic_screening,3,sigmoid,0.75,0.24567743693283334,0.23866018952923612,-0.0070172474035972154
belatacept,15M,ionic_screening,3,sigmoid,1.0,0.24567743693283334,0.23257141039916335,-0.01310602653366999
belatacept,15M,crowding,4,sigmoid,0.0,0.24567743693283334,0.23634858673777387,-0.009328850195059468
belatacept,15M,crowding,4,sigmoid,0.25,0.24567743693283334,0.2411010467885797,-0.00457639014425365
belatacept,15M,crowding,4,sigmoid,0.5,0.24567743693283334,0.2457510217827459,7.358484991257241e-05
belatacept,15M,crowding,4,sigmoid,0.75,0.24567743693283334,0.2504415439531361,0.004764107020302777
belatacept,15M,crowding,4,sigmoid,1.0,0.24567743693283334,0.25512095702473436,0.009443520091901025
belatacept,15M,nonlinear_conc,5,sigmoid,0.0,0.24567743693283334,0.24709656741333735,0.0014191304805040161
belatacept,15M,nonlinear_conc,5,sigmoid,0.25,0.24567743693283334,0.24619362731096622,0.0005161903781328858
belatacept,15M,nonlinear_conc,5,sigmoid,0.5,0.24567743693283334,0.24509837774421853,-0.0005790591886148111
belatacept,15M,nonlinear_conc,5,sigmoid,0.75,0.24567743693283334,0.24115446148705433,-0.0045229754457790095
belatacept,15M,nonlinear_conc,5,sigmoid,1.0,0.24567743693283334,0.23594688007046932,-0.009730556862364015
belatacept,15M,cosolute_interaction,6,tanh,-1.0,0.24567743693283334,0.22246707477148575,-0.023210362161347586
belatacept,15M,cosolute_interaction,6,tanh,-0.5,0.24567743693283334,0.2342507048022146,-0.011426732130618733
belatacept,15M,cosolute_interaction,6,tanh,0.0,0.24567743693283334,0.2466383429473369,0.0009609060145035764
belatacept,15M,cosolute_interaction,6,tanh,0.5,0.24567743693283334,0.2568754292024784,0.011197992269645074
belatacept,15M,cosolute_interaction,6,tanh,1.0,0.24567743693283334,0.26967960683396275,0.02400216990112941
belatacept,15M,cosolute_protection,7,sigmoid,0.0,0.24567743693283334,0.2616320267202459,0.015954589787412543
belatacept,15M,cosolute_protection,7,sigmoid,0.25,0.24567743693283334,0.25444317787441506,0.008765740941581723
belatacept,15M,cosolute_protection,7,sigmoid,0.5,0.24567743693283334,0.24746509159560967,0.0017876546627763334
belatacept,15M,cosolute_protection,7,sigmoid,0.75,0.24567743693283334,0.239863571795026,-0.00581386513780735
belatacept,15M,cosolute_protection,7,sigmoid,1.0,0.24567743693283334,0.23202369252278288,-0.013653744410050461
belatacept,15M,interfacial_shielding,8,sigmoid,0.0,0.24567743693283334,0.25266137772738945,0.006983940794556109
belatacept,15M,interfacial_shielding,8,sigmoid,0.25,0.24567743693283334,0.24809988246419765,0.002422445531364309
belatacept,15M,interfacial_shielding,8,sigmoid,0.5,0.24567743693283334,0.24630552510494347,0.0006280881721101306
belatacept,15M,interfacial_shielding,8,sigmoid,0.75,0.24567743693283334,0.24478486118520107,-0.0008925757476322682
belatacept,15M,interfacial_shielding,8,sigmoid,1.0,0.24567743693283334,0.24304602863257196,-0.002631408300261373
belatacept,15M,surface_stability,9,sigmoid,0.0,0.24567743693283334,0.27247117648030883,0.026793739547475492
belatacept,15M,surface_stability,9,sigmoid,0.25,0.24567743693283334,0.2571149057902175,0.01143746885738417
belatacept,15M,surface_stability,9,sigmoid,0.5,0.24567743693283334,0.24349730215407686,-0.002180134778756476
belatacept,15M,surface_stability,9,sigmoid,0.75,0.24567743693283334,0.22809504351870707,-0.017582393414126263
belatacept,15M,surface_stability,9,sigmoid,1.0,0.24567743693283334,0.217169751696503,-0.02850768523633035
belatacept,15M,chemical_modulation,10,tanh,-1.0,0.24567743693283334,0.20989682952201189,-0.03578060741082145
belatacept,15M,chemical_modulation,10,tanh,-0.5,0.24567743693283334,0.2268905855115072,-0.018786851421326134
belatacept,15M,chemical_modulation,10,tanh,0.0,0.24567743693283334,0.24843164525251588,0.0027542083196825384
belatacept,15M,chemical_modulation,10,tanh,0.5,0.24567743693283334,0.2676551649369724,0.021977728004139052
belatacept,15M,chemical_modulation,10,tanh,1.0,0.24567743693283334,0.2869918443428294,0.04131440740999609
belatacept,15M,electrostatic_screening,11,sigmoid,0.0,0.24567743693283334,0.24254520894420156,-0.003132227988631775
belatacept,15M,electrostatic_screening,11,sigmoid,0.25,0.24567743693283334,0.24414340899480488,-0.0015340279380284538
belatacept,15M,electrostatic_screening,11,sigmoid,0.5,0.24567743693283334,0.24581966235963934,0.00014222542680600303
belatacept,15M,electrostatic_screening,11,sigmoid,0.75,0.24567743693283334,0.2442806073992525,-0.0013968295335808345
belatacept,15M,electrostatic_screening,11,sigmoid,1.0,0.24567743693283334,0.24209465947941494,-0.0035827774534183954
belatacept,15M,latent_0,12,tanh,-1.0,0.24567743693283334,0.25941755096570784,0.013740114032874506
belatacept,15M,latent_0,12,tanh,-0.5,0.24567743693283334,0.2525614579002661,0.006884020967432736
belatacept,15M,latent_0,12,tanh,0.0,0.24567743693283334,0.24583455724070122,0.00015712030786788067
belatacept,15M,latent_0,12,tanh,0.5,0.24567743693283334,0.23934009947504065,-0.006337337457792691
belatacept,15M,latent_0,12,tanh,1.0,0.24567743693283334,0.23404741036305493,-0.011630026569778407
belatacept,15M,latent_1,13,tanh,-1.0,0.24567743693283334,0.23885415398039733,-0.006823282952436005
belatacept,15M,latent_1,13,tanh,-0.5,0.24567743693283334,0.24266093389511834,-0.0030165030377150015
belatacept,15M,latent_1,13,tanh,0.0,0.24567743693283334,0.2453169808111362,-0.0003604561216971336
belatacept,15M,latent_1,13,tanh,0.5,0.24567743693283334,0.24866648787725795,0.002989050944424615
belatacept,15M,latent_1,13,tanh,1.0,0.24567743693283334,0.2529692259566695,0.007291789023836148
belatacept,15M,latent_2,14,tanh,-1.0,0.24567743693283334,0.3090280347551363,0.06335059782230296
belatacept,15M,latent_2,14,tanh,-0.5,0.24567743693283334,0.27266087934049954,0.026983442407666203
belatacept,15M,latent_2,14,tanh,0.0,0.24567743693283334,0.2411323674134792,-0.004545069519354128
belatacept,15M,latent_2,14,tanh,0.5,0.24567743693283334,0.20654852232130905,-0.03912891461152429
belatacept,15M,latent_2,14,tanh,1.0,0.24567743693283334,0.17618499696667467,-0.06949243996615867
belatacept,15M,latent_3,15,tanh,-1.0,0.24567743693283334,0.3013233265285296,0.055645889595696274
belatacept,15M,latent_3,15,tanh,-0.5,0.24567743693283334,0.2692705147881317,0.02359307785529835
belatacept,15M,latent_3,15,tanh,0.0,0.24567743693283334,0.2440134097828705,-0.0016640271499628323
belatacept,15M,latent_3,15,tanh,0.5,0.24567743693283334,0.22513143799609647,-0.020545998936736865
belatacept,15M,latent_3,15,tanh,1.0,0.24567743693283334,0.21491100504547556,-0.03076643188735778
bevacizumab,100,self_interaction,0,tanh,-1.0,0.4822955870946947,0.5502052248521394,0.06790963775744469
bevacizumab,100,self_interaction,0,tanh,-0.5,0.4822955870946947,0.5021745397290025,0.019878952634307778
bevacizumab,100,self_interaction,0,tanh,0.0,0.4822955870946947,0.4798270980208396,-0.002468489073855107
bevacizumab,100,self_interaction,0,tanh,0.5,0.4822955870946947,0.4742598892689082,-0.008035697825786503
bevacizumab,100,self_interaction,0,tanh,1.0,0.4822955870946947,0.47329348430222096,-0.009002102792473765
bevacizumab,100,hydrophobicity,1,sigmoid,0.0,0.4822955870946947,0.4845790809699864,0.002283493875291698
bevacizumab,100,hydrophobicity,1,sigmoid,0.25,0.4822955870946947,0.48345120489032944,0.0011556177956347224
bevacizumab,100,hydrophobicity,1,sigmoid,0.5,0.4822955870946947,0.48218951019954914,-0.00010607689514557928
bevacizumab,100,hydrophobicity,1,sigmoid,0.75,0.4822955870946947,0.4797636926326111,-0.002531894462083628
bevacizumab,100,hydrophobicity,1,sigmoid,1.0,0.4822955870946947,0.47636081094972593,-0.00593477614496879
bevacizumab,100,charge_environment,2,tanh,-1.0,0.4822955870946947,0.471587393335801,-0.010708193758893703
bevacizumab,100,charge_environment,2,tanh,-0.5,0.4822955870946947,0.47738830690906003,-0.004907280185634688
bevacizumab,100,charge_environment,2,tanh,0.0,0.4822955870946947,0.4839668793780505,0.0016712922833557742
bevacizumab,100,charge_environment,2,tanh,0.5,0.4822955870946947,0.4883308910804865,0.006035303985791773
bevacizumab,100,charge_environment,2,tanh,1.0,0.4822955870946947,0.4950927759626496,0.01279718886795489
bevacizumab,100,ionic_screening,3,sigmoid,0.0,0.4822955870946947,0.49131455685306885,0.009018969758374129
bevacizumab,100,ionic_screening,3,sigmoid,0.25,0.4822955870946947,0.4850798243738097,0.002784237279114976
bevacizumab,100,ionic_screening,3,sigmoid,0.5,0.4822955870946947,0.4821230230449134,-0.00017256404978133189
bevacizumab,100,ionic_screening,3,sigmoid,0.75,0.4822955870946947,0.47997010310157623,-0.0023254839931184934
bevacizumab,100,ionic_screening,3,sigmoid,1.0,0.4822955870946947,0.4764433366071509,-0.005852250487543842
bevacizumab,100,crowding,4,sigmoid,0.0,0.4822955870946947,0.48306962570683476,0.0007740386121400378
bevacizumab,100,crowding,4,sigmoid,0.25,0.4822955870946947,0.48334832806728695,0.0010527409725922254
bevacizumab,100,crowding,4,sigmoid,0.5,0.4822955870946947,0.4820317033307573,-0.0002638837639374336
bevacizumab,100,crowding,4,sigmoid,0.75,0.4822955870946947,0.48138042077745197,-0.0009151663172427549
bevacizumab,100,crowding,4,sigmoid,1.0,0.4822955870946947,0.4840177559991359,0.001722168904441157
bevacizumab,100,nonlinear_conc,5,sigmoid,0.0,0.4822955870946947,0.5008198309020494,0.01852424380735468
bevacizumab,100,nonlinear_conc,5,sigmoid,0.25,0.4822955870946947,0.48784101822462567,0.0055454311299309444
bevacizumab,100,nonlinear_conc,5,sigmoid,0.5,0.4822955870946947,0.4762071622352305,-0.006088424859464203
bevacizumab,100,nonlinear_conc,5,sigmoid,0.75,0.4822955870946947,0.4706224494121346,-0.01167313768256012
bevacizumab,100,nonlinear_conc,5,sigmoid,1.0,0.4822955870946947,0.4663687532458026,-0.015926833848892097
bevacizumab,100,cosolute_interaction,6,tanh,-1.0,0.4822955870946947,0.5074799515518952,0.02518436445720046
bevacizumab,100,cosolute_interaction,6,tanh,-0.5,0.4822955870946947,0.4899785500232616,0.0076829629285669054
bevacizumab,100,cosolute_interaction,6,tanh,0.0,0.4822955870946947,0.4803429483509066,-0.0019526387437881487
bevacizumab,100,cosolute_interaction,6,tanh,0.5,0.4822955870946947,0.47712824642318685,-0.00516734067150787
bevacizumab,100,cosolute_interaction,6,tanh,1.0,0.4822955870946947,0.47854952580059407,-0.0037460612941006555
bevacizumab,100,cosolute_protection,7,sigmoid,0.0,0.4822955870946947,0.4822488725067811,-4.671458791360994e-05
bevacizumab,100,cosolute_protection,7,sigmoid,0.25,0.4822955870946947,0.48316882147723983,0.0008732343825451072
bevacizumab,100,cosolute_protection,7,sigmoid,0.5,0.4822955870946947,0.482058113946036,-0.00023747314865874003
bevacizumab,100,cosolute_protection,7,sigmoid,0.75,0.4822955870946947,0.48111888502601524,-0.0011767020686794805
bevacizumab,100,cosolute_protection,7,sigmoid,1.0,0.4822955870946947,0.4847240526404882,0.0024284655457934567
bevacizumab,100,interfacial_shielding,8,sigmoid,0.0,0.4822955870946947,0.489226691466432,0.006931104371737273
bevacizumab,100,interfacial_shielding,8,sigmoid,0.25,0.4822955870946947,0.485176901308595,0.0028813142139002546
bevacizumab,100,interfacial_shielding,8,sigmoid,0.5,0.4822955870946947,0.48089701206723945,-0.0013985750274552733
bevacizumab,100,interfacial_shielding,8,sigmoid,0.75,0.4822955870946947,0.477218554397375,-0.005077032697319739
bevacizumab,100,interfacial_shielding,8,sigmoid,1.0,0.4822955870946947,0.4752194053531044,-0.007076181741590304
bevacizumab,100,surface_stability,9,sigmoid,0.0,0.4822955870946947,0.5149065521789254,0.032610965084230725
bevacizumab,100,surface_stability,9,sigmoid,0.25,0.4822955870946947,0.49809081199841265,0.01579522490371793
bevacizumab,100,surface_stability,9,sigmoid,0.5,0.4822955870946947,0.48078430100241254,-0.0015112860922821825
bevacizumab,100,surface_stability,9,sigmoid,0.75,0.4822955870946947,0.4634178937073507,-0.01887769338734402
bevacizumab,100,surface_stability,9,sigmoid,1.0,0.4822955870946947,0.4490891163906767,-0.033206470704018
bevacizumab,100,chemical_modulation,10,tanh,-1.0,0.4822955870946947,0.47424680840851735,-0.008048778686177371
bevacizumab,100,chemical_modulation,10,tanh,-0.5,0.4822955870946947,0.47913208114879147,-0.0031635059459032555
bevacizumab,100,chemical_modulation,10,tanh,0.0,0.4822955870946947,0.4825373024399476,0.00024171534525285754
bevacizumab,100,chemical_modulation,10,tanh,0.5,0.4822955870946947,0.4871397427873188,0.004844155692624086
bevacizumab,100,chemical_modulation,10,tanh,1.0,0.4822955870946947,0.4892837283879357,0.00698814129324099
bevacizumab,100,electrostatic_screening,11,sigmoid,0.0,0.4822955870946947,0.48546099078032706,0.0031654036856323398
bevacizumab,100,electrostatic_screening,11,sigmoid,0.25,0.4822955870946947,0.48352642921152555,0.0012308421168308326
bevacizumab,100,electrostatic_screening,11,sigmoid,0.5,0.4822955870946947,0.48225614022609087,-3.9446868603854046e-05
bevacizumab,100,electrostatic_screening,11,sigmoid,0.75,0.4822955870946947,0.48216115303536083,-0.00013443405933388775
bevacizumab,100,electrostatic_screening,11,sigmoid,1.0,0.4822955870946947,0.4830486487493393,0.0007530616546445601
bevacizumab,100,latent_0,12,tanh,-1.0,0.4822955870946947,0.4775205144939852,-0.004775072600709529
bevacizumab,100,latent_0,12,tanh,-0.5,0.4822955870946947,0.4800930324168399,-0.0022025546778547955
bevacizumab,100,latent_0,12,tanh,0.0,0.4822955870946947,0.4826638940599516,0.00036830696525685935
bevacizumab,100,latent_0,12,tanh,0.5,0.4822955870946947,0.48663245378146636,0.004336866686771634
bevacizumab,100,latent_0,12,tanh,1.0,0.4822955870946947,0.48809196561627627,0.005796378521581547
bevacizumab,100,latent_1,13,tanh,-1.0,0.4822955870946947,0.4456440131504065,-0.036651573944288196
bevacizumab,100,latent_1,13,tanh,-0.5,0.4822955870946947,0.46216706245326156,-0.020128524641433165
bevacizumab,100,latent_1,13,tanh,0.0,0.4822955870946947,0.483269160222893,0.0009735731281982907
bevacizumab,100,latent_1,13,tanh,0.5,0.4822955870946947,0.5019482164073261,0.019652629312631398
bevacizumab,100,latent_1,13,tanh,1.0,0.4822955870946947,0.5197270063274119,0.037431419232717145
bevacizumab,100,latent_2,14,tanh,-1.0,0.4822955870946947,0.542263429424964,0.05996784233026925
bevacizumab,100,latent_2,14,tanh,-0.5,0.4822955870946947,0.505734099527974,0.023438512433279268
bevacizumab,100,latent_2,14,tanh,0.0,0.4822955870946947,0.48178259614218577,-0.0005129909525089515
bevacizumab,100,latent_2,14,tanh,0.5,0.4822955870946947,0.4655574838958001,-0.016738103198894627
bevacizumab,100,latent_2,14,tanh,1.0,0.4822955870946947,0.4375880391505912,-0.04470754794410353
bevacizumab,100,latent_3,15,tanh,-1.0,0.4822955870946947,0.5249054987653398,0.04260991167064504
bevacizumab,100,latent_3,15,tanh,-0.5,0.4822955870946947,0.5036104178999921,0.021314830805297336
bevacizumab,100,latent_3,15,tanh,0.0,0.4822955870946947,0.48373322627505994,0.0014376391803652133
bevacizumab,100,latent_3,15,tanh,0.5,0.4822955870946947,0.4670271587070741,-0.015268428387620603
bevacizumab,100,latent_3,15,tanh,1.0,0.4822955870946947,0.4543060924431815,-0.027989494651513236
bevacizumab,1k,self_interaction,0,tanh,-1.0,0.45756508466176704,0.507345072714863,0.049779988053095914
bevacizumab,1k,self_interaction,0,tanh,-0.5,0.45756508466176704,0.4733660722811875,0.015800987619420448
bevacizumab,1k,self_interaction,0,tanh,0.0,0.45756508466176704,0.45252508617262915,-0.005039998489137887
bevacizumab,1k,self_interaction,0,tanh,0.5,0.45756508466176704,0.4527494713496257,-0.004815613312141365
bevacizumab,1k,self_interaction,0,tanh,1.0,0.45756508466176704,0.4505200541675225,-0.007045030494244542
bevacizumab,1k,hydrophobicity,1,sigmoid,0.0,0.45756508466176704,0.4582645751699675,0.000699490508200451
bevacizumab,1k,hydrophobicity,1,sigmoid,0.25,0.45756508466176704,0.4591212480480402,0.0015561633862731794
bevacizumab,1k,hydrophobicity,1,sigmoid,0.5,0.45756508466176704,0.4573837162115872,-0.00018136845017985292
bevacizumab,1k,hydrophobicity,1,sigmoid,0.75,0.45756508466176704,0.4546217139385157,-0.0029433707232513484
bevacizumab,1k,hydrophobicity,1,sigmoid,1.0,0.45756508466176704,0.4530665461302301,-0.004498538531536922
bevacizumab,1k,charge_environment,2,tanh,-1.0,0.45756508466176704,0.4469819768727908,-0.010583107788976254
bevacizumab,1k,charge_environment,2,tanh,-0.5,0.45756508466176704,0.4549920663640017,-0.0025730182977653504
bevacizumab,1k,charge_environment,2,tanh,0.0,0.45756508466176704,0.4576475573078966,8.247264612953886e-05
bevacizumab,1k,charge_environment,2,tanh,0.5,0.45756508466176704,0.4578008168419059,0.0002357321801388368
bevacizumab,1k,charge_environment,2,tanh,1.0,0.45756508466176704,0.4629540810750352,0.005388996413268177
bevacizumab,1k,ionic_screening,3,sigmoid,0.0,0.45756508466176704,0.46840269580130367,0.01083761113953663
bevacizumab,1k,ionic_screening,3,sigmoid,0.25,0.45756508466176704,0.46281043080804435,0.005245346146277308
bevacizumab,1k,ionic_screening,3,sigmoid,0.5,0.45756508466176704,0.4571768014888361,-0.0003882831729309366
bevacizumab,1k,ionic_screening,3,sigmoid,0.75,0.45756508466176704,0.45175432779601465,-0.005810756865752387
bevacizumab,1k,ionic_screening,3,sigmoid,1.0,0.45756508466176704,0.44992988846603255,-0.007635196195734495
bevacizumab,1k,crowding,4,sigmoid,0.0,0.45756508466176704,0.45462844766599575,-0.0029366369957712912
bevacizumab,1k,crowding,4,sigmoid,0.25,0.45756508466176704,0.45529747090185746,-0.0022676137599095814
bevacizumab,1k,crowding,4,sigmoid,0.5,0.45756508466176704,0.4577559667000418,0.00019088203827477557
bevacizumab,1k,crowding,4,sigmoid,0.75,0.45756508466176704,0.4585865166460856,0.0010214319843185327
bevacizumab,1k,crowding,4,sigmoid,1.0,0.45756508466176704,0.4598027871214609,0.0022377024596938466
bevacizumab,1k,nonlinear_conc,5,sigmoid,0.0,0.45756508466176704,0.4695525004558573,0.01198741579409024
bevacizumab,1k,nonlinear_conc,5,sigmoid,0.25,0.45756508466176704,0.46048875328453054,0.002923668622763498
bevacizumab,1k,nonlinear_conc,5,sigmoid,0.5,0.45756508466176704,0.45389828559802536,-0.003666799063741677
bevacizumab,1k,nonlinear_conc,5,sigmoid,0.75,0.45756508466176704,0.44758899499439886,-0.009976089667368182
bevacizumab,1k,nonlinear_conc,5,sigmoid,1.0,0.45756508466176704,0.44245559836043585,-0.015109486301331188
bevacizumab,1k,cosolute_interaction,6,tanh,-1.0,0.45756508466176704,0.47244657584617766,0.014881491184410622
bevacizumab,1k,cosolute_interaction,6,tanh,-0.5,0.45756508466176704,0.46109027374691325,0.0035251890851462075
bevacizumab,1k,cosolute_interaction,6,tanh,0.0,0.45756508466176704,0.457812929276436,0.00024784461466897945
bevacizumab,1k,cosolute_interaction,6,tanh,0.5,0.45756508466176704,0.4593991720475203,0.001834087385753247
bevacizumab,1k,cosolute_interaction,6,tanh,1.0,0.45756508466176704,0.4593907781614219,0.0018256934996548346
bevacizumab,1k,cosolute_protection,7,sigmoid,0.0,0.45756508466176704,0.45318900480862695,-0.004376079853140091
bevacizumab,1k,cosolute_protection,7,sigmoid,0.25,0.45756508466176704,0.45514132031280874,-0.0024237643489583016
bevacizumab,1k,cosolute_protection,7,sigmoid,0.5,0.45756508466176704,0.45754199759612113,-2.3087065645910343e-05
bevacizumab,1k,cosolute_protection,7,sigmoid,0.75,0.45756508466176704,0.45784862527264747,0.00028354061088042837
bevacizumab,1k,cosolute_protection,7,sigmoid,1.0,0.45756508466176704,0.4610014190579954,0.0034363343962283688
bevacizumab,1k,interfacial_shielding,8,sigmoid,0.0,0.45756508466176704,0.4639815356596998,0.006416450997932754
bevacizumab,1k,interfacial_shielding,8,sigmoid,0.25,0.45756508466176704,0.4600006873380693,0.002435602676302273
bevacizumab,1k,interfacial_shielding,8,sigmoid,0.5,0.45756508466176704,0.4566598482652322,-0.0009052363965348365
bevacizumab,1k,interfacial_shielding,8,sigmoid,0.75,0.45756508466176704,0.4556554523011282,-0.0019096323606388466
bevacizumab,1k,interfacial_shielding,8,sigmoid,1.0,0.45756508466176704,0.4558705281774611,-0.0016945564843059424
bevacizumab,1k,surface_stability,9,sigmoid,0.0,0.45756508466176704,0.4839337815817951,0.02636869692002808
bevacizumab,1k,surface_stability,9,sigmoid,0.25,0.45756508466176704,0.4701485245519732,0.01258343989020616
bevacizumab,1k,surface_stability,9,sigmoid,0.5,0.45756508466176704,0.4563052983776228,-0.0012597862841442486
bevacizumab,1k,surface_stability,9,sigmoid,0.75,0.45756508466176704,0.4457835699110223,-0.011781514750744737
bevacizumab,1k,surface_stability,9,sigmoid,1.0,0.45756508466176704,0.439213117220944,-0.018351967440823014
bevacizumab,1k,chemical_modulation,10,tanh,-1.0,0.45756508466176704,0.4462551635671425,-0.011309921094624531
bevacizumab,1k,chemical_modulation,10,tanh,-0.5,0.45756508466176704,0.452737576132111,-0.004827508529656022
bevacizumab,1k,chemical_modulation,10,tanh,0.0,0.45756508466176704,0.458397905042806,0.0008328203810389345
bevacizumab,1k,chemical_modulation,10,tanh,0.5,0.45756508466176704,0.461724687071641,0.004159602409873953
bevacizumab,1k,chemical_modulation,10,tanh,1.0,0.45756508466176704,0.4625606984740741,0.004995613812307065
bevacizumab,1k,electrostatic_screening,11,sigmoid,0.0,0.45756508466176704,0.45877133729526154,0.0012062526334944979
bevacizumab,1k,electrostatic_screening,11,sigmoid,0.25,0.45756508466176704,0.4551516122618758,-0.002413472399891259
bevacizumab,1k,electrostatic_screening,11,sigmoid,0.5,0.45756508466176704,0.45775708381612146,0.0001919991543544164
bevacizumab,1k,electrostatic_screening,11,sigmoid,0.75,0.45756508466176704,0.45778592454676087,0.00022083988499382867
bevacizumab,1k,electrostatic_screening,11,sigmoid,1.0,0.45756508466176704,0.4571354475065546,-0.00042963715521243673
bevacizumab,1k,latent_0,12,tanh,-1.0,0.45756508466176704,0.4498606867451825,-0.00770439791658456
bevacizumab,1k,latent_0,12,tanh,-0.5,0.45756508466176704,0.45529478930608297,-0.002270295355684071
bevacizumab,1k,latent_0,12,tanh,0.0,0.45756508466176704,0.45714152699707133,-0.0004235576646957062
bevacizumab,1k,latent_0,12,tanh,0.5,0.45756508466176704,0.45657416132445683,-0.0009909233373102122
bevacizumab,1k,latent_0,12,tanh,1.0,0.45756508466176704,0.4589952001170542,0.001430115455287151
bevacizumab,1k,latent_1,13,tanh,-1.0,0.45756508466176704,0.4241548786197663,-0.033410206042000734
bevacizumab,1k,latent_1,13,tanh,-0.5,0.45756508466176704,0.43880705069782866,-0.01875803396393838
bevacizumab,1k,latent_1,13,tanh,0.0,0.45756508466176704,0.4583523282583068,0.0007872435965397551
bevacizumab,1k,latent_1,13,tanh,0.5,0.45756508466176704,0.4751920036851926,0.017626919023425558
bevacizumab,1k,latent_1,13,tanh,1.0,0.45756508466176704,0.49314113021093225,0.035576045549165214
bevacizumab,1k,latent_2,14,tanh,-1.0,0.45756508466176704,0.5000614719967356,0.04249638733496852
bevacizumab,1k,latent_2,14,tanh,-0.5,0.45756508466176704,0.47280451974965404,0.015239435087886999
bevacizumab,1k,latent_2,14,tanh,0.0,0.45756508466176704,0.4570050423056746,-0.0005600423560924161
bevacizumab,1k,latent_2,14,tanh,0.5,0.45756508466176704,0.43771934683645225,-0.01984573782531479
bevacizumab,1k,latent_2,14,tanh,1.0,0.45756508466176704,0.4122609902663437,-0.04530409439542332
bevacizumab,1k,latent_3,15,tanh,-1.0,0.45756508466176704,0.4983547617032298,0.040789677041462746
bevacizumab,1k,latent_3,15,tanh,-0.5,0.45756508466176704,0.4786229619602877,0.021057877298520655
bevacizumab,1k,latent_3,15,tanh,0.0,0.45756508466176704,0.45902225397914953,0.0014571693173824896
bevacizumab,1k,latent_3,15,tanh,0.5,0.45756508466176704,0.44283557815435814,-0.014729506507408896
bevacizumab,1k,latent_3,15,tanh,1.0,0.45756508466176704,0.4315345370982,-0.02603054756356704
bevacizumab,10k,self_interaction,0,tanh,-1.0,0.42267737365226743,0.4463950306377804,0.02371765698551298
bevacizumab,10k,self_interaction,0,tanh,-0.5,0.42267737365226743,0.4279041218845522,0.00522674823228475
bevacizumab,10k,self_interaction,0,tanh,0.0,0.42267737365226743,0.4219058032977617,-0.0007715703545057573
bevacizumab,10k,self_interaction,0,tanh,0.5,0.42267737365226743,0.4203349570756084,-0.002342416576659012
bevacizumab,10k,self_interaction,0,tanh,1.0,0.42267737365226743,0.4227400769640709,6.270331180346922e-05
bevacizumab,10k,hydrophobicity,1,sigmoid,0.0,0.42267737365226743,0.42117448532495894,-0.0015028883273084936
bevacizumab,10k,hydrophobicity,1,sigmoid,0.25,0.42267737365226743,0.4229442609586273,0.00026688730635987534
bevacizumab,10k,hydrophobicity,1,sigmoid,0.5,0.42267737365226743,0.42271919309958206,4.181944731462828e-05
bevacizumab,10k,hydrophobicity,1,sigmoid,0.75,0.42267737365226743,0.4218995712381507,-0.000777802414116735
bevacizumab,10k,hydrophobicity,1,sigmoid,1.0,0.42267737365226743,0.42014524387175034,-0.0025321297805170895
bevacizumab,10k,charge_environment,2,tanh,-1.0,0.42267737365226743,0.41004761094055053,-0.012629762711716896
bevacizumab,10k,charge_environment,2,tanh,-0.5,0.42267737365226743,0.4175441528606503,-0.005133220791617155
bevacizumab,10k,charge_environment,2,tanh,0.0,0.42267737365226743,0.4241305813450341,0.0014532076927666893
bevacizumab,10k,charge_environment,2,tanh,0.5,0.42267737365226743,0.4288531637125433,0.006175790060275854
bevacizumab,10k,charge_environment,2,tanh,1.0,0.42267737365226743,0.43056249612573594,0.007885122473468509
bevacizumab,10k,ionic_screening,3,sigmoid,0.0,0.42267737365226743,0.4317265000497185,0.00904912639745109
bevacizumab,10k,ionic_screening,3,sigmoid,0.25,0.42267737365226743,0.42653833886868464,0.0038609652164172115
bevacizumab,10k,ionic_screening,3,sigmoid,0.5,0.42267737365226743,0.422410998357444,-0.0002663752948234288
bevacizumab,10k,ionic_screening,3,sigmoid,0.75,0.42267737365226743,0.41891515425672315,-0.003762219395544275
bevacizumab,10k,ionic_screening,3,sigmoid,1.0,0.42267737365226743,0.4141400570898035,-0.008537316562463926
bevacizumab,10k,crowding,4,sigmoid,0.0,0.42267737365226743,0.4179403825560644,-0.004736991096203014
bevacizumab,10k,crowding,4,sigmoid,0.25,0.42267737365226743,0.42101813562031265,-0.0016592380319547795
bevacizumab,10k,crowding,4,sigmoid,0.5,0.42267737365226743,0.42291067507056623,0.00023330141829880358
bevacizumab,10k,crowding,4,sigmoid,0.75,0.42267737365226743,0.4238679970043143,0.0011906233520468934
bevacizumab,10k,crowding,4,sigmoid,1.0,0.42267737365226743,0.42522705663636917,0.002549682984101742
bevacizumab,10k,nonlinear_conc,5,sigmoid,0.0,0.42267737365226743,0.4315345836447033,0.008857209992435888
bevacizumab,10k,nonlinear_conc,5,sigmoid,0.25,0.42267737365226743,0.4255184584344768,0.0028410847822093466
bevacizumab,10k,nonlinear_conc,5,sigmoid,0.5,0.42267737365226743,0.41987257445531156,-0.002804799196955865
bevacizumab,10k,nonlinear_conc,5,sigmoid,0.75,0.42267737365226743,0.41454694076264387,-0.008130432889623562
bevacizumab,10k,nonlinear_conc,5,sigmoid,1.0,0.42267737365226743,0.4094188090553895,-0.013258564596877909
bevacizumab,10k,cosolute_interaction,6,tanh,-1.0,0.42267737365226743,0.42564264967716375,0.002965276024896324
bevacizumab,10k,cosolute_interaction,6,tanh,-0.5,0.42267737365226743,0.4187311507572721,-0.003946222894995355
bevacizumab,10k,cosolute_interaction,6,tanh,0.0,0.42267737365226743,0.42651127983475556,0.0038339061824881338
bevacizumab,10k,cosolute_interaction,6,tanh,0.5,0.42267737365226743,0.43211483752690333,0.009437463874635899
bevacizumab,10k,cosolute_interaction,6,tanh,1.0,0.42267737365226743,0.42918372146360895,0.006506347811341517
bevacizumab,10k,cosolute_protection,7,sigmoid,0.0,0.42267737365226743,0.41828513181880844,-0.0043922418334589874
bevacizumab,10k,cosolute_protection,7,sigmoid,0.25,0.42267737365226743,0.4215089529823033,-0.001168420669964143
bevacizumab,10k,cosolute_protection,7,sigmoid,0.5,0.42267737365226743,0.42291505044187816,0.00023767678961073013
bevacizumab,10k,cosolute_protection,7,sigmoid,0.75,0.42267737365226743,0.42335591823397456,0.0006785445817071301
bevacizumab,10k,cosolute_protection,7,sigmoid,1.0,0.42267737365226743,0.42539476368782514,0.0027173900355577096
bevacizumab,10k,interfacial_shielding,8,sigmoid,0.0,0.42267737365226743,0.4262733082506238,0.0035959345983563873
bevacizumab,10k,interfacial_shielding,8,sigmoid,0.25,0.42267737365226743,0.42200329753487875,-0.0006740761173886778
bevacizumab,10k,interfacial_shielding,8,sigmoid,0.5,0.42267737365226743,0.423232761358028,0.0005553877057605794
bevacizumab,10k,interfacial_shielding,8,sigmoid,0.75,0.42267737365226743,0.4250289650619138,0.0023515914096463586
bevacizumab,10k,interfacial_shielding,8,sigmoid,1.0,0.42267737365226743,0.42420911563979957,0.0015317419875321425
bevacizumab,10k,surface_stability,9,sigmoid,0.0,0.42267737365226743,0.4443664564456621,0.021689082793394654
bevacizumab,10k,surface_stability,9,sigmoid,0.25,0.42267737365226743,0.4322150728358825,0.009537699183615078
bevacizumab,10k,surface_stability,9,sigmoid,0.5,0.42267737365226743,0.4219881440621318,-0.0006892295901356205
bevacizumab,10k,surface_stability,9,sigmoid,0.75,0.42267737365226743,0.41534618042745547,-0.0073311932248119605
bevacizumab,10k,surface_stability,9,sigmoid,1.0,0.42267737365226743,0.4100766869896234,-0.012600686662644023
bevacizumab,10k,chemical_modulation,10,tanh,-1.0,0.42267737365226743,0.4036118741747429,-0.019065499477524506
bevacizumab,10k,chemical_modulation,10,tanh,-0.5,0.42267737365226743,0.41688383382090904,-0.005793539831358385
bevacizumab,10k,chemical_modulation,10,tanh,0.0,0.42267737365226743,0.4229202119319128,0.0002428382796453854
bevacizumab,10k,chemical_modulation,10,tanh,0.5,0.42267737365226743,0.4298683688090845,0.007190995156817093
bevacizumab,10k,chemical_modulation,10,tanh,1.0,0.42267737365226743,0.428902254758043,0.00622488110577557
bevacizumab,10k,electrostatic_screening,11,sigmoid,0.0,0.42267737365226743,0.42727503037670383,0.004597656724436405
bevacizumab,10k,electrostatic_screening,11,sigmoid,0.25,0.42267737365226743,0.42579001073483586,0.0031126370825684258
bevacizumab,10k,electrostatic_screening,11,sigmoid,0.5,0.42267737365226743,0.42234996037609257,-0.0003274132761748594
bevacizumab,10k,electrostatic_screening,11,sigmoid,0.75,0.42267737365226743,0.4199113632080768,-0.002766010444190614
bevacizumab,10k,electrostatic_screening,11,sigmoid,1.0,0.42267737365226743,0.4179013817581173,-0.004775991894150122
bevacizumab,10k,latent_0,12,tanh,-1.0,0.42267737365226743,0.4110069757486109,-0.011670397903656538
bevacizumab,10k,latent_0,12,tanh,-0.5,0.42267737365226743,0.4179856154136224,-0.0046917582386450385
bevacizumab,10k,latent_0,12,tanh,0.0,0.42267737365226743,0.42327161734463137,0.0005942436923639383
bevacizumab,10k,latent_0,12,tanh,0.5,0.42267737365226743,0.4270363192203526,0.004358945568085193
bevacizumab,10k,latent_0,12,tanh,1.0,0.42267737365226743,0.4272462129193161,0.004568839267048652
bevacizumab,10k,latent_1,13,tanh,-1.0,0.42267737365226743,0.39209415914563794,-0.030583214506629486
bevacizumab,10k,latent_1,13,tanh,-0.5,0.42267737365226743,0.40712982269270626,-0.015547550959561174
bevacizumab,10k,latent_1,13,tanh,0.0,0.42267737365226743,0.4233899695870688,0.0007125959348013855
bevacizumab,10k,latent_1,13,tanh,0.5,0.42267737365226743,0.4420454150576936,0.019368041405426195
bevacizumab,10k,latent_1,13,tanh,1.0,0.42267737365226743,0.46008841973907383,0.0374110460868064
bevacizumab,10k,latent_2,14,tanh,-1.0,0.42267737365226743,0.4565181658809649,0.03384079222869746
bevacizumab,10k,latent_2,14,tanh,-0.5,0.42267737365226743,0.43489240184758426,0.012215028195316835
bevacizumab,10k,latent_2,14,tanh,0.0,0.42267737365226743,0.4222585533872428,-0.0004188202650246553
bevacizumab,10k,latent_2,14,tanh,0.5,0.42267737365226743,0.40293648441159396,-0.019740889240673465
bevacizumab,10k,latent_2,14,tanh,1.0,0.42267737365226743,0.37377624822974287,-0.04890112542252456
bevacizumab,10k,latent_3,15,tanh,-1.0,0.42267737365226743,0.46662990757450384,0.043952533922236414
bevacizumab,10k,latent_3,15,tanh,-0.5,0.42267737365226743,0.44513941285159997,0.02246203919933254
bevacizumab,10k,latent_3,15,tanh,0.0,0.42267737365226743,0.4238491198113019,0.0011717461590344813
bevacizumab,10k,latent_3,15,tanh,0.5,0.42267737365226743,0.40830112924587614,-0.014376244406391292
bevacizumab,10k,latent_3,15,tanh,1.0,0.42267737365226743,0.3906198555432006,-0.03205751810906682
bevacizumab,100k,self_interaction,0,tanh,-1.0,0.3677300436347052,0.3835122562048288,0.015782212570123633
bevacizumab,100k,self_interaction,0,tanh,-0.5,0.3677300436347052,0.3701775829031918,0.0024475392684866204
bevacizumab,100k,self_interaction,0,tanh,0.0,0.3677300436347052,0.36701563755810807,-0.0007144060765971183
bevacizumab,100k,self_interaction,0,tanh,0.5,0.3677300436347052,0.36585505738803625,-0.0018749862466689304
bevacizumab,100k,self_interaction,0,tanh,1.0,0.3677300436347052,0.3794657100796814,0.0117356664449762
bevacizumab,100k,hydrophobicity,1,sigmoid,0.0,0.3677300436347052,0.3686612116054221,0.0009311679707169063
bevacizumab,100k,hydrophobicity,1,sigmoid,0.25,0.3677300436347052,0.36795215320487284,0.0002221095701676612
bevacizumab,100k,hydrophobicity,1,sigmoid,0.5,0.3677300436347052,0.3676926305897047,-3.7413045000489475e-05
bevacizumab,100k,hydrophobicity,1,sigmoid,0.75,0.3677300436347052,0.36874010275671293,0.0010100591220077448
bevacizumab,100k,hydrophobicity,1,sigmoid,1.0,0.3677300436347052,0.3706247189577351,0.002894675323029894
bevacizumab,100k,charge_environment,2,tanh,-1.0,0.3677300436347052,0.35692293855626006,-0.010807105078445123
bevacizumab,100k,charge_environment,2,tanh,-0.5,0.3677300436347052,0.36258539309060656,-0.005144650544098628
bevacizumab,100k,charge_environment,2,tanh,0.0,0.3677300436347052,0.3696145150243837,0.0018844713896785104
bevacizumab,100k,charge_environment,2,tanh,0.5,0.3677300436347052,0.3760261096704702,0.008296066035764993
bevacizumab,100k,charge_environment,2,tanh,1.0,0.3677300436347052,0.3834188322008352,0.01568878856613004
bevacizumab,100k,ionic_screening,3,sigmoid,0.0,0.3677300436347052,0.3752264924617983,0.007496448827093105
bevacizumab,100k,ionic_screening,3,sigmoid,0.25,0.3677300436347052,0.3716910683177558,0.003961024683050596
bevacizumab,100k,ionic_screening,3,sigmoid,0.5,0.3677300436347052,0.36745457108439994,-0.00027547255030524465
bevacizumab,100k,ionic_screening,3,sigmoid,0.75,0.3677300436347052,0.36260740441484246,-0.0051226392198627235
bevacizumab,100k,ionic_screening,3,sigmoid,1.0,0.3677300436347052,0.35787509382813976,-0.009854949806565427
bevacizumab,100k,crowding,4,sigmoid,0.0,0.3677300436347052,0.36212596875918723,-0.00560407487551795
bevacizumab,100k,crowding,4,sigmoid,0.25,0.3677300436347052,0.36554440602488975,-0.0021856376098154384
bevacizumab,100k,crowding,4,sigmoid,0.5,0.3677300436347052,0.36821038286161556,0.00048033922691037567
bevacizumab,100k,crowding,4,sigmoid,0.75,0.3677300436347052,0.37006804346538263,0.0023379998306774508
bevacizumab,100k,crowding,4,sigmoid,1.0,0.3677300436347052,0.37220738281989746,0.004477339185192275
bevacizumab,100k,nonlinear_conc,5,sigmoid,0.0,0.3677300436347052,0.3760242064356678,0.008294162800962623
bevacizumab,100k,nonlinear_conc,5,sigmoid,0.25,0.3677300436347052,0.3702146442635006,0.002484600628795408
bevacizumab,100k,nonlinear_conc,5,sigmoid,0.5,0.3677300436347052,0.36503869378183723,-0.0026913498528679525
bevacizumab,100k,nonlinear_conc,5,sigmoid,0.75,0.3677300436347052,0.36037635810512314,-0.007353685529582044
bevacizumab,100k,nonlinear_conc,5,sigmoid,1.0,0.3677300436347052,0.3557404298112916,-0.01198961382341357
bevacizumab,100k,cosolute_interaction,6,tanh,-1.0,0.3677300436347052,0.3679643587324097,0.0002343150977044961
bevacizumab,100k,cosolute_interaction,6,tanh,-0.5,0.3677300436347052,0.36518695991040717,-0.002543083724298012
bevacizumab,100k,cosolute_interaction,6,tanh,0.0,0.3677300436347052,0.3715663030015278,0.0038362593668226364
bevacizumab,100k,cosolute_interaction,6,tanh,0.5,0.3677300436347052,0.38047984460664636,0.012749800971941172
bevacizumab,100k,cosolute_interaction,6,tanh,1.0,0.3677300436347052,0.38553941848634643,0.017809374851641246
bevacizumab,100k,cosolute_protection,7,sigmoid,0.0,0.3677300436347052,0.36152250885916626,-0.006207534775538925
bevacizumab,100k,cosolute_protection,7,sigmoid,0.25,0.3677300436347052,0.36497937284927484,-0.0027506707854303425
bevacizumab,100k,cosolute_protection,7,sigmoid,0.5,0.3677300436347052,0.36820117699762595,0.00047113336292076147
bevacizumab,100k,cosolute_protection,7,sigmoid,0.75,0.3677300436347052,0.37038364944521573,0.002653605810510551
bevacizumab,100k,cosolute_protection,7,sigmoid,1.0,0.3677300436347052,0.372412952865886,0.00468290923118081
bevacizumab,100k,interfacial_shielding,8,sigmoid,0.0,0.3677300436347052,0.3704048643070615,0.002674820672356304
bevacizumab,100k,interfacial_shielding,8,sigmoid,0.25,0.3677300436347052,0.3681299298165467,0.00039988618184150226
bevacizumab,100k,interfacial_shielding,8,sigmoid,0.5,0.3677300436347052,0.3678376384630424,0.00010759482833722078
bevacizumab,100k,interfacial_shielding,8,sigmoid,0.75,0.3677300436347052,0.368839298527118,0.0011092548924128143
bevacizumab,100k,interfacial_shielding,8,sigmoid,1.0,0.3677300436347052,0.37000254736338006,0.0022725037286748795
bevacizumab,100k,surface_stability,9,sigmoid,0.0,0.3677300436347052,0.38402862242530755,0.01629857879060237
bevacizumab,100k,surface_stability,9,sigmoid,0.25,0.3677300436347052,0.3745273019199526,0.0067972582852474095
bevacizumab,100k,surface_stability,9,sigmoid,0.5,0.3677300436347052,0.3671679480606331,-0.0005620955740721079
bevacizumab,100k,surface_stability,9,sigmoid,0.75,0.3677300436347052,0.361650853084316,-0.006079190550389191
bevacizumab,100k,surface_stability,9,sigmoid,1.0,0.3677300436347052,0.3578627021145897,-0.00986734152011548
bevacizumab,100k,chemical_modulation,10,tanh,-1.0,0.3677300436347052,0.3553345029276862,-0.012395540707018982
bevacizumab,100k,chemical_modulation,10,tanh,-0.5,0.3677300436347052,0.3641615404423044,-0.0035685031924007626
bevacizumab,100k,chemical_modulation,10,tanh,0.0,0.3677300436347052,0.36788480558640496,0.0001547619516997778
bevacizumab,100k,chemical_modulation,10,tanh,0.5,0.3677300436347052,0.3737154481527417,0.00598540451803653
bevacizumab,100k,chemical_modulation,10,tanh,1.0,0.3677300436347052,0.3798567317385576,0.012126688103852423
bevacizumab,100k,electrostatic_screening,11,sigmoid,0.0,0.3677300436347052,0.3708062089460069,0.003076165311301726
bevacizumab,100k,electrostatic_screening,11,sigmoid,0.25,0.3677300436347052,0.36967477723067976,0.0019447335959745793
bevacizumab,100k,electrostatic_screening,11,sigmoid,0.5,0.3677300436347052,0.3674214196303699,-0.00030862400433528947
bevacizumab,100k,electrostatic_screening,11,sigmoid,0.75,0.3677300436347052,0.3654416623765651,-0.002288381258140071
bevacizumab,100k,electrostatic_screening,11,sigmoid,1.0,0.3677300436347052,0.3637170006482796,-0.0040130429864255746
bevacizumab,100k,latent_0,12,tanh,-1.0,0.3677300436347052,0.3602343809263348,-0.007495662708370376
bevacizumab,100k,latent_0,12,tanh,-0.5,0.3677300436347052,0.3633529138993236,-0.004377129735381569
bevacizumab,100k,latent_0,12,tanh,0.0,0.3677300436347052,0.36838951449371926,0.0006594708590140774
bevacizumab,100k,latent_0,12,tanh,0.5,0.3677300436347052,0.3738846808951397,0.006154637260434526
bevacizumab,100k,latent_0,12,tanh,1.0,0.3677300436347052,0.3790933483968022,0.011363304762097015
bevacizumab,100k,latent_1,13,tanh,-1.0,0.3677300436347052,0.34467729827726085,-0.023052745357444338
bevacizumab,100k,latent_1,13,tanh,-0.5,0.3677300436347052,0.3536470990893901,-0.014082944545315057
bevacizumab,100k,latent_1,13,tanh,0.0,0.3677300436347052,0.36847730119897765,0.0007472575642724633
bevacizumab,100k,latent_1,13,tanh,0.5,0.3677300436347052,0.3859292919981408,0.018199248363435616
bevacizumab,100k,latent_1,13,tanh,1.0,0.3677300436347052,0.40638598888234456,0.03865594524763938
bevacizumab,100k,latent_2,14,tanh,-1.0,0.3677300436347052,0.40822225361008635,0.040492209975381166
bevacizumab,100k,latent_2,14,tanh,-0.5,0.3677300436347052,0.3860915737960433,0.018361530161338124
bevacizumab,100k,latent_2,14,tanh,0.0,0.3677300436347052,0.36708441260267777,-0.0006456310320274161
bevacizumab,100k,latent_2,14,tanh,0.5,0.3677300436347052,0.3475089806657999,-0.0202210629689053
bevacizumab,100k,latent_2,14,tanh,1.0,0.3677300436347052,0.3291048035637548,-0.03862524007095036
bevacizumab,100k,latent_3,15,tanh,-1.0,0.3677300436347052,0.4089943256324612,0.041264281997756
bevacizumab,100k,latent_3,15,tanh,-0.5,0.3677300436347052,0.38646461816097116,0.01873457452626598
bevacizumab,100k,latent_3,15,tanh,0.0,0.3677300436347052,0.36902691196649307,0.0012968683317878815
bevacizumab,100k,latent_3,15,tanh,0.5,0.3677300436347052,0.3538223621898847,-0.013907681444820463
bevacizumab,100k,latent_3,15,tanh,1.0,0.3677300436347052,0.3361527613158747,-0.0315772823188305
bevacizumab,15M,self_interaction,0,tanh,-1.0,0.25070007357623353,0.2602793646464804,0.009579291070246854
bevacizumab,15M,self_interaction,0,tanh,-0.5,0.25070007357623353,0.2548316032727728,0.004131529696539293
bevacizumab,15M,self_interaction,0,tanh,0.0,0.25070007357623353,0.24879146006683397,-0.0019086135093995538
bevacizumab,15M,self_interaction,0,tanh,0.5,0.25070007357623353,0.24580948419091375,-0.004890589385319777
bevacizumab,15M,self_interaction,0,tanh,1.0,0.25070007357623353,0.25095765158192973,0.0002575780056962018
bevacizumab,15M,hydrophobicity,1,sigmoid,0.0,0.25070007357623353,0.25028870592357355,-0.00041136765265997743
bevacizumab,15M,hydrophobicity,1,sigmoid,0.25,0.25070007357623353,0.25060489114878126,-9.518242745226724e-05
bevacizumab,15M,hydrophobicity,1,sigmoid,0.5,0.25070007357623353,0.25078689832042333,8.682474418980624e-05
bevacizumab,15M,hydrophobicity,1,sigmoid,0.75,0.25070007357623353,0.2518158863537805,0.001115812777546965
bevacizumab,15M,hydrophobicity,1,sigmoid,1.0,0.25070007357623353,0.2529761562138302,0.0022760826375966547
bevacizumab,15M,charge_environment,2,tanh,-1.0,0.25070007357623353,0.2399584439124562,-0.010741629663777341
bevacizumab,15M,charge_environment,2,tanh,-0.5,0.25070007357623353,0.24601639891366484,-0.004683674662568693
bevacizumab,15M,charge_environment,2,tanh,0.0,0.25070007357623353,0.2523142856239784,0.0016142120477448674
bevacizumab,15M,charge_environment,2,tanh,0.5,0.25070007357623353,0.2587458952664917,0.008045821690258192
bevacizumab,15M,charge_environment,2,tanh,1.0,0.25070007357623353,0.26603869796973345,0.015338624393499922
bevacizumab,15M,ionic_screening,3,sigmoid,0.0,0.25070007357623353,0.25708904662170734,0.006388973045473811
bevacizumab,15M,ionic_screening,3,sigmoid,0.25,0.25070007357623353,0.25382462656365146,0.003124552987417928
bevacizumab,15M,ionic_screening,3,sigmoid,0.5,0.25070007357623353,0.2504927244194515,-0.00020734915678205512
bevacizumab,15M,ionic_screening,3,sigmoid,0.75,0.25070007357623353,0.24706479166707204,-0.0036352819091614863
bevacizumab,15M,ionic_screening,3,sigmoid,1.0,0.25070007357623353,0.2433129780009363,-0.007387095575297237
bevacizumab,15M,crowding,4,sigmoid,0.0,0.25070007357623353,0.24195452347342455,-0.008745550102808974
bevacizumab,15M,crowding,4,sigmoid,0.25,0.25070007357623353,0.24658972771053778,-0.0041103458656957526
bevacizumab,15M,crowding,4,sigmoid,0.5,0.25070007357623353,0.2516966238686116,0.0009965502923780512
bevacizumab,15M,crowding,4,sigmoid,0.75,0.25070007357623353,0.2569051155279281,0.006205041951694579
bevacizumab,15M,crowding,4,sigmoid,1.0,0.25070007357623353,0.2625877815883822,0.011887708012148668
bevacizumab,15M,nonlinear_conc,5,sigmoid,0.0,0.25070007357623353,0.2549802210860346,0.004280147509801047
bevacizumab,15M,nonlinear_conc,5,sigmoid,0.25,0.25070007357623353,0.2518398836621579,0.0011398100859243976
bevacizumab,15M,nonlinear_conc,5,sigmoid,0.5,0.25070007357623353,0.2494152038986344,-0.0012848696775991375
bevacizumab,15M,nonlinear_conc,5,sigmoid,0.75,0.25070007357623353,0.2465024478449822,-0.00419762573125132
bevacizumab,15M,nonlinear_conc,5,sigmoid,1.0,0.25070007357623353,0.2436942042067808,-0.007005869369452716
bevacizumab,15M,cosolute_interaction,6,tanh,-1.0,0.25070007357623353,0.24356286031808388,-0.007137213258149644
bevacizumab,15M,cosolute_interaction,6,tanh,-0.5,0.25070007357623353,0.24733302365019447,-0.003367049926039062
bevacizumab,15M,cosolute_interaction,6,tanh,0.0,0.25070007357623353,0.2541492315341261,0.003449157957892579
bevacizumab,15M,cosolute_interaction,6,tanh,0.5,0.25070007357623353,0.2609293193314827,0.010229245755249194
bevacizumab,15M,cosolute_interaction,6,tanh,1.0,0.25070007357623353,0.26762283063266723,0.0169227570564337
bevacizumab,15M,cosolute_protection,7,sigmoid,0.0,0.25070007357623353,0.2489182941165427,-0.0017817794596908243
bevacizumab,15M,cosolute_protection,7,sigmoid,0.25,0.25070007357623353,0.25010500239047717,-0.0005950711857563573
bevacizumab,15M,cosolute_protection,7,sigmoid,0.5,0.25070007357623353,0.25085107043299815,0.00015099685676461805
bevacizumab,15M,cosolute_protection,7,sigmoid,0.75,0.25070007357623353,0.25186164673837613,0.001161573162142604
bevacizumab,15M,cosolute_protection,7,sigmoid,1.0,0.25070007357623353,0.2538694767055155,0.003169403129281989
bevacizumab,15M,interfacial_shielding,8,sigmoid,0.0,0.25070007357623353,0.2523236156119768,0.001623542035743275
bevacizumab,15M,interfacial_shielding,8,sigmoid,0.25,0.25070007357623353,0.251284883843925,0.0005848102676914713
bevacizumab,15M,interfacial_shielding,8,sigmoid,0.5,0.25070007357623353,0.25051010178069033,-0.00018997179554319787
bevacizumab,15M,interfacial_shielding,8,sigmoid,0.75,0.25070007357623353,0.25165359421221056,0.0009535206359770343
bevacizumab,15M,interfacial_shielding,8,sigmoid,1.0,0.25070007357623353,0.2530067320946766,0.0023066585184430832
bevacizumab,15M,surface_stability,9,sigmoid,0.0,0.25070007357623353,0.25771450750229685,0.007014433926063324
bevacizumab,15M,surface_stability,9,sigmoid,0.25,0.25070007357623353,0.25302270271714855,0.0023226291409150224
bevacizumab,15M,surface_stability,9,sigmoid,0.5,0.25070007357623353,0.25055968932222544,-0.00014038425400808574
bevacizumab,15M,surface_stability,9,sigmoid,0.75,0.25070007357623353,0.24898801043484617,-0.00171206314138736
bevacizumab,15M,surface_stability,9,sigmoid,1.0,0.25070007357623353,0.2477117260011924,-0.002988347575041128
bevacizumab,15M,chemical_modulation,10,tanh,-1.0,0.25070007357623353,0.24556853880240326,-0.005131534773830271
bevacizumab,15M,chemical_modulation,10,tanh,-0.5,0.25070007357623353,0.24878177839414375,-0.0019182951820897742
bevacizumab,15M,chemical_modulation,10,tanh,0.0,0.25070007357623353,0.2506799034247956,-2.0170151437903794e-05
bevacizumab,15M,chemical_modulation,10,tanh,0.5,0.25070007357623353,0.25145923670168807,0.0007591631254545428
bevacizumab,15M,chemical_modulation,10,tanh,1.0,0.25070007357623353,0.25641240527480247,0.00571233169856894
bevacizumab,15M,electrostatic_screening,11,sigmoid,0.0,0.25070007357623353,0.2531372278026464,0.0024371542264128854
bevacizumab,15M,electrostatic_screening,11,sigmoid,0.25,0.25070007357623353,0.25119607311559367,0.0004959995393601369
bevacizumab,15M,electrostatic_screening,11,sigmoid,0.5,0.25070007357623353,0.25064527282632676,-5.480074990676931e-05
bevacizumab,15M,electrostatic_screening,11,sigmoid,0.75,0.25070007357623353,0.25010429902109377,-0.0005957745551397609
bevacizumab,15M,electrostatic_screening,11,sigmoid,1.0,0.25070007357623353,0.24964603318042367,-0.0010540403958098632
bevacizumab,15M,latent_0,12,tanh,-1.0,0.25070007357623353,0.23787026433692188,-0.012829809239311651
bevacizumab,15M,latent_0,12,tanh,-0.5,0.25070007357623353,0.2451292432477523,-0.005570830328481241
bevacizumab,15M,latent_0,12,tanh,0.0,0.25070007357623353,0.2515571291700002,0.0008570555937666979
bevacizumab,15M,latent_0,12,tanh,0.5,0.25070007357623353,0.2586863157422443,0.007986242166010793
bevacizumab,15M,latent_0,12,tanh,1.0,0.25070007357623353,0.27022391130009993,0.0195238377238664
bevacizumab,15M,latent_1,13,tanh,-1.0,0.25070007357623353,0.231881342971968,-0.018818730604265532
bevacizumab,15M,latent_1,13,tanh,-0.5,0.25070007357623353,0.24098209461343284,-0.009717978962800689
bevacizumab,15M,latent_1,13,tanh,0.0,0.25070007357623353,0.25115240215181367,0.00045232857558014095
bevacizumab,15M,latent_1,13,tanh,0.5,0.25070007357623353,0.2636000335678796,0.01289995999164606
bevacizumab,15M,latent_1,13,tanh,1.0,0.25070007357623353,0.28057767412355933,0.0298776005473258
bevacizumab,15M,latent_2,14,tanh,-1.0,0.25070007357623353,0.28897807673242915,0.03827800315619562
bevacizumab,15M,latent_2,14,tanh,-0.5,0.25070007357623353,0.27126723565647914,0.020567162080245616
bevacizumab,15M,latent_2,14,tanh,0.0,0.25070007357623353,0.24994672359186007,-0.0007533499843734581
bevacizumab,15M,latent_2,14,tanh,0.5,0.25070007357623353,0.22894380349121568,-0.021756270085017848
bevacizumab,15M,latent_2,14,tanh,1.0,0.25070007357623353,0.20783076470738754,-0.04286930886884599
bevacizumab,15M,latent_3,15,tanh,-1.0,0.25070007357623353,0.2780242984501943,0.027324224873960745
bevacizumab,15M,latent_3,15,tanh,-0.5,0.25070007357623353,0.2640917094542648,0.013391635878031272
bevacizumab,15M,latent_3,15,tanh,0.0,0.25070007357623353,0.2516010690691327,0.0009009954928991815
bevacizumab,15M,latent_3,15,tanh,0.5,0.25070007357623353,0.23922964979449995,-0.011470423781733574
bevacizumab,15M,latent_3,15,tanh,1.0,0.25070007357623353,0.22510909567450366,-0.025590977901729872
bgg,100,self_interaction,0,tanh,-1.0,0.6825885486864944,0.7799824315424309,0.09739388285593642
bgg,100,self_interaction,0,tanh,-0.5,0.6825885486864944,0.7173264937356505,0.03473794504915606
bgg,100,self_interaction,0,tanh,0.0,0.6825885486864944,0.6573124216768772,-0.025276127009617233
bgg,100,self_interaction,0,tanh,0.5,0.6825885486864944,0.6151354454983881,-0.06745310318810638
bgg,100,self_interaction,0,tanh,1.0,0.6825885486864944,0.5976944293303407,-0.08489411935615376
bgg,100,hydrophobicity,1,sigmoid,0.0,0.6825885486864944,0.6884355549346645,0.005847006248170028
bgg,100,hydrophobicity,1,sigmoid,0.25,0.6825885486864944,0.6856117544206873,0.003023205734192902
bgg,100,hydrophobicity,1,sigmoid,0.5,0.6825885486864944,0.6824016179291681,-0.00018693075732634234
bgg,100,hydrophobicity,1,sigmoid,0.75,0.6825885486864944,0.6800776234241558,-0.002510925262338648
bgg,100,hydrophobicity,1,sigmoid,1.0,0.6825885486864944,0.6792128307671708,-0.003375717919323673
bgg,100,charge_environment,2,tanh,-1.0,0.6825885486864944,0.665760974057513,-0.016827574628981434
bgg,100,charge_environment,2,tanh,-0.5,0.6825885486864944,0.6725064933184053,-0.010082055368089149
bgg,100,charge_environment,2,tanh,0.0,0.6825885486864944,0.6780750273527227,-0.004513521333771697
bgg,100,charge_environment,2,tanh,0.5,0.6825885486864944,0.6835096522688272,0.0009211035823327718
bgg,100,charge_environment,2,tanh,1.0,0.6825885486864944,0.6959936727068207,0.013405124020326231
bgg,100,ionic_screening,3,sigmoid,0.0,0.6825885486864944,0.690239366405926,0.007650817719431546
bgg,100,ionic_screening,3,sigmoid,0.25,0.6825885486864944,0.6853640235863598,0.0027754748998654044
bgg,100,ionic_screening,3,sigmoid,0.5,0.6825885486864944,0.68078721969541,-0.0018013289910844277
bgg,100,ionic_screening,3,sigmoid,0.75,0.6825885486864944,0.6769247287880507,-0.005663819898443778
bgg,100,ionic_screening,3,sigmoid,1.0,0.6825885486864944,0.672498756255187,-0.010089792431307476
bgg,100,crowding,4,sigmoid,0.0,0.6825885486864944,0.6776427654919066,-0.004945783194587827
bgg,100,crowding,4,sigmoid,0.25,0.6825885486864944,0.6798875481919385,-0.002701000494555905
bgg,100,crowding,4,sigmoid,0.5,0.6825885486864944,0.685372732954314,0.002784184267819567
bgg,100,crowding,4,sigmoid,0.75,0.6825885486864944,0.6910345254939467,0.008445976807452293
bgg,100,crowding,4,sigmoid,1.0,0.6825885486864944,0.6964739498717266,0.013885401185232182
bgg,100,nonlinear_conc,5,sigmoid,0.0,0.6825885486864944,0.6606346318047196,-0.021953916881774838
bgg,100,nonlinear_conc,5,sigmoid,0.25,0.6825885486864944,0.6776090244488344,-0.004979524237660016
bgg,100,nonlinear_conc,5,sigmoid,0.5,0.6825885486864944,0.6926590191470912,0.010070470460596725
bgg,100,nonlinear_conc,5,sigmoid,0.75,0.6825885486864944,0.7089158922707203,0.026327343584225837
bgg,100,nonlinear_conc,5,sigmoid,1.0,0.6825885486864944,0.7268448399175527,0.04425629123105823
bgg,100,cosolute_interaction,6,tanh,-1.0,0.6825885486864944,0.6311570001885745,-0.05143154849791998
bgg,100,cosolute_interaction,6,tanh,-0.5,0.6825885486864944,0.6567734028247836,-0.025815145861710853
bgg,100,cosolute_interaction,6,tanh,0.0,0.6825885486864944,0.6922358183389209,0.00964726965242646
bgg,100,cosolute_interaction,6,tanh,0.5,0.6825885486864944,0.7301369810042514,0.04754843231775696
bgg,100,cosolute_interaction,6,tanh,1.0,0.6825885486864944,0.7731028790393166,0.09051433035282219
bgg,100,cosolute_protection,7,sigmoid,0.0,0.6825885486864944,0.663235526286139,-0.019353022400355413
bgg,100,cosolute_protection,7,sigmoid,0.25,0.6825885486864944,0.6745565875105577,-0.008031961175936742
bgg,100,cosolute_protection,7,sigmoid,0.5,0.6825885486864944,0.6850785176786726,0.0024899689921781265
bgg,100,cosolute_protection,7,sigmoid,0.75,0.6825885486864944,0.6952481425350047,0.012659593848510231
bgg,100,cosolute_protection,7,sigmoid,1.0,0.6825885486864944,0.7064731938385789,0.02388464515208444
bgg,100,interfacial_shielding,8,sigmoid,0.0,0.6825885486864944,0.6698125058303492,-0.012776042856145198
bgg,100,interfacial_shielding,8,sigmoid,0.25,0.6825885486864944,0.674934172745476,-0.007654375941018476
bgg,100,interfacial_shielding,8,sigmoid,0.5,0.6825885486864944,0.6829259591172153,0.00033741043072088583
bgg,100,interfacial_shielding,8,sigmoid,0.75,0.6825885486864944,0.6898038566335449,0.007215307947050498
bgg,100,interfacial_shielding,8,sigmoid,1.0,0.6825885486864944,0.6973915779818115,0.014803029295317072
bgg,100,surface_stability,9,sigmoid,0.0,0.6825885486864944,0.6979393786075312,0.015350829921036757
bgg,100,surface_stability,9,sigmoid,0.25,0.6825885486864944,0.6896046169120076,0.00701606822551315
bgg,100,surface_stability,9,sigmoid,0.5,0.6825885486864944,0.6818333989039927,-0.0007551497825016851
bgg,100,surface_stability,9,sigmoid,0.75,0.6825885486864944,0.6763191691235466,-0.006269379562947819
bgg,100,surface_stability,9,sigmoid,1.0,0.6825885486864944,0.6715351195124888,-0.011053429174005647
bgg,100,chemical_modulation,10,tanh,-1.0,0.6825885486864944,0.6293745587341698,-0.053213989952324625
bgg,100,chemical_modulation,10,tanh,-0.5,0.6825885486864944,0.6633947980768269,-0.019193750609667548
bgg,100,chemical_modulation,10,tanh,0.0,0.6825885486864944,0.6896939034490396,0.007105354762545146
bgg,100,chemical_modulation,10,tanh,0.5,0.6825885486864944,0.7222295368965248,0.03964098821003037
bgg,100,chemical_modulation,10,tanh,1.0,0.6825885486864944,0.7604080339722934,0.07781948528579896
bgg,100,electrostatic_screening,11,sigmoid,0.0,0.6825885486864944,0.6464429339403182,-0.03614561474617628
bgg,100,electrostatic_screening,11,sigmoid,0.25,0.6825885486864944,0.6620919511052794,-0.020496597581215026
bgg,100,electrostatic_screening,11,sigmoid,0.5,0.6825885486864944,0.6788367970823631,-0.003751751604131326
bgg,100,electrostatic_screening,11,sigmoid,0.75,0.6825885486864944,0.6945361258455779,0.011947577159083456
bgg,100,electrostatic_screening,11,sigmoid,1.0,0.6825885486864944,0.7084039634835579,0.025815414797063507
bgg,100,latent_0,12,tanh,-1.0,0.6825885486864944,0.655241929772604,-0.027346618913890453
bgg,100,latent_0,12,tanh,-0.5,0.6825885486864944,0.667760115344033,-0.014828433342461422
bgg,100,latent_0,12,tanh,0.0,0.6825885486864944,0.6836810882123823,0.0010925395258878368
bgg,100,latent_0,12,tanh,0.5,0.6825885486864944,0.7070545079466877,0.024465959260193237
bgg,100,latent_0,12,tanh,1.0,0.6825885486864944,0.7393834128574353,0.05679486417094082
bgg,100,latent_1,13,tanh,-1.0,0.6825885486864944,0.631668753133391,-0.05091979555310344
bgg,100,latent_1,13,tanh,-0.5,0.6825885486864944,0.6566320669533743,-0.02595648173312015
bgg,100,latent_1,13,tanh,0.0,0.6825885486864944,0.6821483222017771,-0.00044022648471730985
bgg,100,latent_1,13,tanh,0.5,0.6825885486864944,0.7179951704586542,0.03540662177215981
bgg,100,latent_1,13,tanh,1.0,0.6825885486864944,0.7464207683504659,0.06383221966397146
bgg,100,latent_2,14,tanh,-1.0,0.6825885486864944,0.782865646081977,0.10027709739548252
bgg,100,latent_2,14,tanh,-0.5,0.6825885486864944,0.7253944094994839,0.04280586081298943
bgg,100,latent_2,14,tanh,0.0,0.6825885486864944,0.6727766078489952,-0.009811940837499256
bgg,100,latent_2,14,tanh,0.5,0.6825885486864944,0.6256046022754074,-0.05698394641108706
bgg,100,latent_2,14,tanh,1.0,0.6825885486864944,0.5787338249839609,-0.10385472370253357
bgg,100,latent_3,15,tanh,-1.0,0.6825885486864944,0.7475519518177753,0.0649634031312809
bgg,100,latent_3,15,tanh,-0.5,0.6825885486864944,0.7083209038343032,0.025732355147808805
bgg,100,latent_3,15,tanh,0.0,0.6825885486864944,0.6770630649959127,-0.005525483690581701
bgg,100,latent_3,15,tanh,0.5,0.6825885486864944,0.655211881418795,-0.027376667267699384
bgg,100,latent_3,15,tanh,1.0,0.6825885486864944,0.6285966218523769,-0.053991926834117576
bgg,1k,self_interaction,0,tanh,-1.0,0.6655907793540464,0.7392207069691691,0.07362992761512266
bgg,1k,self_interaction,0,tanh,-0.5,0.6655907793540464,0.695895076869125,0.03030429751507857
bgg,1k,self_interaction,0,tanh,0.0,0.6655907793540464,0.6451994182450005,-0.020391361109045936
bgg,1k,self_interaction,0,tanh,0.5,0.6655907793540464,0.6064434549053974,-0.05914732444864901
bgg,1k,self_interaction,0,tanh,1.0,0.6655907793540464,0.5890231364158255,-0.07656764293822094
bgg,1k,hydrophobicity,1,sigmoid,0.0,0.6655907793540464,0.6733374621829789,0.0077466828289324274
bgg,1k,hydrophobicity,1,sigmoid,0.25,0.6655907793540464,0.6693509713907795,0.0037601920367330566
bgg,1k,hydrophobicity,1,sigmoid,0.5,0.6655907793540464,0.6653659493993515,-0.0002248299546949717
bgg,1k,hydrophobicity,1,sigmoid,0.75,0.6655907793540464,0.6625985011853918,-0.0029922781686546607
bgg,1k,hydrophobicity,1,sigmoid,1.0,0.6655907793540464,0.6623567903654933,-0.0032339889885530937
bgg,1k,charge_environment,2,tanh,-1.0,0.6655907793540464,0.6470801452270787,-0.01851063412696774
bgg,1k,charge_environment,2,tanh,-0.5,0.6655907793540464,0.6519983315170325,-0.013592447837013966
bgg,1k,charge_environment,2,tanh,0.0,0.6655907793540464,0.6579976482677274,-0.007593131086318983
bgg,1k,charge_environment,2,tanh,0.5,0.6655907793540464,0.6677432965408341,0.0021525171867876614
bgg,1k,charge_environment,2,tanh,1.0,0.6655907793540464,0.677420376642719,0.01182959728867261
bgg,1k,ionic_screening,3,sigmoid,0.0,0.6655907793540464,0.6736019290711662,0.008011149717119803
bgg,1k,ionic_screening,3,sigmoid,0.25,0.6655907793540464,0.6684841720623181,0.0028933927082717137
bgg,1k,ionic_screening,3,sigmoid,0.5,0.6655907793540464,0.6628704362014448,-0.002720343152601612
bgg,1k,ionic_screening,3,sigmoid,0.75,0.6655907793540464,0.656873043372887,-0.008717735981159436
bgg,1k,ionic_screening,3,sigmoid,1.0,0.6655907793540464,0.6532460467413161,-0.01234473261273028
bgg,1k,crowding,4,sigmoid,0.0,0.6655907793540464,0.6619734333641636,-0.0036173459898828364
bgg,1k,crowding,4,sigmoid,0.25,0.6655907793540464,0.6645960081724619,-0.0009947711815845306
bgg,1k,crowding,4,sigmoid,0.5,0.6655907793540464,0.6667771152559544,0.0011863359019079756
bgg,1k,crowding,4,sigmoid,0.75,0.6655907793540464,0.671342189428068,0.005751410074021579
bgg,1k,crowding,4,sigmoid,1.0,0.6655907793540464,0.6758744121125062,0.010283632758459782
bgg,1k,nonlinear_conc,5,sigmoid,0.0,0.6655907793540464,0.644251390096415,-0.021339389257631458
bgg,1k,nonlinear_conc,5,sigmoid,0.25,0.6655907793540464,0.6598452962014474,-0.00574548315259904
bgg,1k,nonlinear_conc,5,sigmoid,0.5,0.6655907793540464,0.6766991540893026,0.011108374735256166
bgg,1k,nonlinear_conc,5,sigmoid,0.75,0.6655907793540464,0.6924397333981248,0.026848954044078388
bgg,1k,nonlinear_conc,5,sigmoid,1.0,0.6655907793540464,0.7091486040999772,0.04355782474593073
bgg,1k,cosolute_interaction,6,tanh,-1.0,0.6655907793540464,0.6109014307452092,-0.05468934860883723
bgg,1k,cosolute_interaction,6,tanh,-0.5,0.6655907793540464,0.6385704307410826,-0.027020348612963874
bgg,1k,cosolute_interaction,6,tanh,0.0,0.6655907793540464,0.6750122881217115,0.009421508767665121
bgg,1k,cosolute_interaction,6,tanh,0.5,0.6655907793540464,0.7050780399791174,0.03948726062507102
bgg,1k,cosolute_interaction,6,tanh,1.0,0.6655907793540464,0.7446083095732546,0.07901753021920821
bgg,1k,cosolute_protection,7,sigmoid,0.0,0.6655907793540464,0.6442298028625426,-0.021360976491503814
bgg,1k,cosolute_protection,7,sigmoid,0.25,0.6655907793540464,0.6568558315103266,-0.008734947843719865
bgg,1k,cosolute_protection,7,sigmoid,0.5,0.6655907793540464,0.6685932150040919,0.003002435650045432
bgg,1k,cosolute_protection,7,sigmoid,0.75,0.6655907793540464,0.6787630881084417,0.013172308754395234
bgg,1k,cosolute_protection,7,sigmoid,1.0,0.6655907793540464,0.6869962543027225,0.021405474948676062
bgg,1k,interfacial_shielding,8,sigmoid,0.0,0.6655907793540464,0.6531535122927193,-0.012437267061327084
bgg,1k,interfacial_shielding,8,sigmoid,0.25,0.6655907793540464,0.6581292507481095,-0.007461528605936962
bgg,1k,interfacial_shielding,8,sigmoid,0.5,0.6655907793540464,0.6660264959997756,0.00043571664572916724
bgg,1k,interfacial_shielding,8,sigmoid,0.75,0.6655907793540464,0.6747094876021247,0.009118708248078256
bgg,1k,interfacial_shielding,8,sigmoid,1.0,0.6655907793540464,0.6832447095719393,0.017653930217892855
bgg,1k,surface_stability,9,sigmoid,0.0,0.6655907793540464,0.6816702999563653,0.016079520602318875
bgg,1k,surface_stability,9,sigmoid,0.25,0.6655907793540464,0.6723726462621965,0.00678186690815008
bgg,1k,surface_stability,9,sigmoid,0.5,0.6655907793540464,0.6650042934122354,-0.000586485941810988
bgg,1k,surface_stability,9,sigmoid,0.75,0.6655907793540464,0.6597509929857245,-0.005839786368321942
bgg,1k,surface_stability,9,sigmoid,1.0,0.6655907793540464,0.6535439650498883,-0.012046814304158104
bgg,1k,chemical_modulation,10,tanh,-1.0,0.6655907793540464,0.6060049868441387,-0.0595857925099077
bgg,1k,chemical_modulation,10,tanh,-0.5,0.6655907793540464,0.6385580183401977,-0.02703276101384877
bgg,1k,chemical_modulation,10,tanh,0.0,0.6655907793540464,0.6743044709612509,0.008713691607204477
bgg,1k,chemical_modulation,10,tanh,0.5,0.6655907793540464,0.7074558836166354,0.04186510426258894
bgg,1k,chemical_modulation,10,tanh,1.0,0.6655907793540464,0.7449258601625597,0.07933508080851326
bgg,1k,electrostatic_screening,11,sigmoid,0.0,0.6655907793540464,0.630338578192562,-0.03525220116148442
bgg,1k,electrostatic_screening,11,sigmoid,0.25,0.6655907793540464,0.6457751157417089,-0.019815663612337553
bgg,1k,electrostatic_screening,11,sigmoid,0.5,0.6655907793540464,0.6616916925514115,-0.0038990868026349546
bgg,1k,electrostatic_screening,11,sigmoid,0.75,0.6655907793540464,0.6761573114160077,0.010566532061961231
bgg,1k,electrostatic_screening,11,sigmoid,1.0,0.6655907793540464,0.6858390254808896,0.020248246126843172
bgg,1k,latent_0,12,tanh,-1.0,0.6655907793540464,0.6368781446917717,-0.028712634662274694
bgg,1k,latent_0,12,tanh,-0.5,0.6655907793540464,0.6502230271931366,-0.015367752160909798
bgg,1k,latent_0,12,tanh,0.0,0.6655907793540464,0.6666275251379566,0.00103674578391022
bgg,1k,latent_0,12,tanh,0.5,0.6655907793540464,0.6878239752557312,0.02223319590168482
bgg,1k,latent_0,12,tanh,1.0,0.6655907793540464,0.717789683162005,0.05219890380795855
bgg,1k,latent_1,13,tanh,-1.0,0.6655907793540464,0.6122272820330633,-0.05336349732098311
bgg,1k,latent_1,13,tanh,-0.5,0.6655907793540464,0.6378481117589213,-0.027742667595125114
bgg,1k,latent_1,13,tanh,0.0,0.6655907793540464,0.6649669734602416,-0.0006238058938048407
bgg,1k,latent_1,13,tanh,0.5,0.6655907793540464,0.6936717883099588,0.028081008955912368
bgg,1k,latent_1,13,tanh,1.0,0.6655907793540464,0.7204250634305495,0.05483428407650304
bgg,1k,latent_2,14,tanh,-1.0,0.6655907793540464,0.7508658559806922,0.0852750766266458
bgg,1k,latent_2,14,tanh,-0.5,0.6655907793540464,0.703684499731771,0.03809372037772463
bgg,1k,latent_2,14,tanh,0.0,0.6655907793540464,0.6554109039233169,-0.010179875430729513
bgg,1k,latent_2,14,tanh,0.5,0.6655907793540464,0.6075544268465992,-0.05803635250744721
bgg,1k,latent_2,14,tanh,1.0,0.6655907793540464,0.5649794987520732,-0.10061128060197322
bgg,1k,latent_3,15,tanh,-1.0,0.6655907793540464,0.7241298547846664,0.05853907543061998
bgg,1k,latent_3,15,tanh,-0.5,0.6655907793540464,0.6905211899680174,0.024930410613970944
bgg,1k,latent_3,15,tanh,0.0,0.6655907793540464,0.6608734050230752,-0.004717374330971191
bgg,1k,latent_3,15,tanh,0.5,0.6655907793540464,0.6354371063237059,-0.030153673030340555
bgg,1k,latent_3,15,tanh,1.0,0.6655907793540464,0.6094601855037953,-0.0561305938502511
bgg,10k,self_interaction,0,tanh,-1.0,0.6415231340382492,0.6955726026941357,0.054049468655886446
bgg,10k,self_interaction,0,tanh,-0.5,0.6415231340382492,0.6587044620924499,0.017181328054200695
bgg,10k,self_interaction,0,tanh,0.0,0.6415231340382492,0.6271282968896992,-0.014394837148550055
bgg,10k,self_interaction,0,tanh,0.5,0.6415231340382492,0.5975168699356823,-0.04400626410256692
bgg,10k,self_interaction,0,tanh,1.0,0.6415231340382492,0.5843513776581063,-0.057171756380142935
bgg,10k,hydrophobicity,1,sigmoid,0.0,0.6415231340382492,0.6507574741442377,0.009234340105988448
bgg,10k,hydrophobicity,1,sigmoid,0.25,0.6415231340382492,0.6455565747367957,0.004033440698546498
bgg,10k,hydrophobicity,1,sigmoid,0.5,0.6415231340382492,0.641214872062273,-0.0003082619759762206
bgg,10k,hydrophobicity,1,sigmoid,0.75,0.6415231340382492,0.6399771695080365,-0.0015459645302127178
bgg,10k,hydrophobicity,1,sigmoid,1.0,0.6415231340382492,0.6401181950694236,-0.001404938968825653
bgg,10k,charge_environment,2,tanh,-1.0,0.6415231340382492,0.623520363637154,-0.018002770401095214
bgg,10k,charge_environment,2,tanh,-0.5,0.6415231340382492,0.62971284837662,-0.011810285661629227
bgg,10k,charge_environment,2,tanh,0.0,0.6415231340382492,0.6329068797779912,-0.008616254260258027
bgg,10k,charge_environment,2,tanh,0.5,0.6415231340382492,0.64448940822705,0.0029662741888007993
bgg,10k,charge_environment,2,tanh,1.0,0.6415231340382492,0.6553110771892001,0.013787943150950888
bgg,10k,ionic_screening,3,sigmoid,0.0,0.6415231340382492,0.6561427907978269,0.01461965675957766
bgg,10k,ionic_screening,3,sigmoid,0.25,0.6415231340382492,0.6470716427324725,0.0055485086942232975
bgg,10k,ionic_screening,3,sigmoid,0.5,0.6415231340382492,0.637835533859358,-0.0036876001788912482
bgg,10k,ionic_screening,3,sigmoid,0.75,0.6415231340382492,0.6331739325830296,-0.008349201455219668
bgg,10k,ionic_screening,3,sigmoid,1.0,0.6415231340382492,0.6288282269092215,-0.012694907129027766
bgg,10k,crowding,4,sigmoid,0.0,0.6415231340382492,0.6395844928623756,-0.0019386411758736122
bgg,10k,crowding,4,sigmoid,0.25,0.6415231340382492,0.6403181381603443,-0.001204995877904902
bgg,10k,crowding,4,sigmoid,0.5,0.6415231340382492,0.6419638363316671,0.0004407022934178606
bgg,10k,crowding,4,sigmoid,0.75,0.6415231340382492,0.6461763569439803,0.004653222905731114
bgg,10k,crowding,4,sigmoid,1.0,0.6415231340382492,0.6495900981846814,0.008066964146432154
bgg,10k,nonlinear_conc,5,sigmoid,0.0,0.6415231340382492,0.6219078789818657,-0.019615255056383507
bgg,10k,nonlinear_conc,5,sigmoid,0.25,0.6415231340382492,0.6361993311747121,-0.005323802863537175
bgg,10k,nonlinear_conc,5,sigmoid,0.5,0.6415231340382492,0.6541018817823292,0.012578747744079966
bgg,10k,nonlinear_conc,5,sigmoid,0.75,0.6415231340382492,0.6721593184656549,0.030636184427405677
bgg,10k,nonlinear_conc,5,sigmoid,1.0,0.6415231340382492,0.6904187462860474,0.04889561224779815
bgg,10k,cosolute_interaction,6,tanh,-1.0,0.6415231340382492,0.5959724155809105,-0.04555071845733871
bgg,10k,cosolute_interaction,6,tanh,-0.5,0.6415231340382492,0.6175588426471535,-0.023964291391095682
bgg,10k,cosolute_interaction,6,tanh,0.0,0.6415231340382492,0.6508086442668857,0.00928551022863644
bgg,10k,cosolute_interaction,6,tanh,0.5,0.6415231340382492,0.6760592534490171,0.03453611941076784
bgg,10k,cosolute_interaction,6,tanh,1.0,0.6415231340382492,0.7138929960902077,0.0723698620519585
bgg,10k,cosolute_protection,7,sigmoid,0.0,0.6415231340382492,0.6200079541530855,-0.021515179885163715
bgg,10k,cosolute_protection,7,sigmoid,0.25,0.6415231340382492,0.631897834335389,-0.00962529970286019
bgg,10k,cosolute_protection,7,sigmoid,0.5,0.6415231340382492,0.6449887487709817,0.003465614732732436
bgg,10k,cosolute_protection,7,sigmoid,0.75,0.6415231340382492,0.6565308127931558,0.015007678754906606
bgg,10k,cosolute_protection,7,sigmoid,1.0,0.6415231340382492,0.6660130906068199,0.02448995656857067
bgg,10k,interfacial_shielding,8,sigmoid,0.0,0.6415231340382492,0.6292268718509745,-0.012296262187274754
bgg,10k,interfacial_shielding,8,sigmoid,0.25,0.6415231340382492,0.6352177378254004,-0.006305396212848868
bgg,10k,interfacial_shielding,8,sigmoid,0.5,0.6415231340382492,0.6419574853198811,0.00043435128163182846
bgg,10k,interfacial_shielding,8,sigmoid,0.75,0.6415231340382492,0.6506303815028438,0.00910724746459457
bgg,10k,interfacial_shielding,8,sigmoid,1.0,0.6415231340382492,0.6601512722269273,0.018628138188678034
bgg,10k,surface_stability,9,sigmoid,0.0,0.6415231340382492,0.6570585984224486,0.015535464384199393
bgg,10k,surface_stability,9,sigmoid,0.25,0.6415231340382492,0.6485547694832055,0.007031635444956219
bgg,10k,surface_stability,9,sigmoid,0.5,0.6415231340382492,0.6408759928307808,-0.000647141207468449
bgg,10k,surface_stability,9,sigmoid,0.75,0.6415231340382492,0.6342837460334821,-0.007239388004767089
bgg,10k,surface_stability,9,sigmoid,1.0,0.6415231340382492,0.6286492711194637,-0.012873862918785561
bgg,10k,chemical_modulation,10,tanh,-1.0,0.6415231340382492,0.5818508994998457,-0.059672234538403535
bgg,10k,chemical_modulation,10,tanh,-0.5,0.6415231340382492,0.6136283421266124,-0.027894791911636796
bgg,10k,chemical_modulation,10,tanh,0.0,0.6415231340382492,0.6533708534322138,0.011847719393964562
bgg,10k,chemical_modulation,10,tanh,0.5,0.6415231340382492,0.6891236156903834,0.04760048165213415
bgg,10k,chemical_modulation,10,tanh,1.0,0.6415231340382492,0.7225278275771235,0.0810046935388743
bgg,10k,electrostatic_screening,11,sigmoid,0.0,0.6415231340382492,0.611334323569737,-0.030188810468512184
bgg,10k,electrostatic_screening,11,sigmoid,0.25,0.6415231340382492,0.6264371950957633,-0.015085938942485888
bgg,10k,electrostatic_screening,11,sigmoid,0.5,0.6415231340382492,0.6393681447149521,-0.002154989323297163
bgg,10k,electrostatic_screening,11,sigmoid,0.75,0.6415231340382492,0.6486641434223361,0.007141009384086905
bgg,10k,electrostatic_screening,11,sigmoid,1.0,0.6415231340382492,0.6582117725266592,0.016688638488409957
bgg,10k,latent_0,12,tanh,-1.0,0.6415231340382492,0.607054941491324,-0.034468192546925236
bgg,10k,latent_0,12,tanh,-0.5,0.6415231340382492,0.6239513946015491,-0.017571739436700096
bgg,10k,latent_0,12,tanh,0.0,0.6415231340382492,0.642849823163163,0.001326689124913738
bgg,10k,latent_0,12,tanh,0.5,0.6415231340382492,0.6654696550087447,0.023946520970495433
bgg,10k,latent_0,12,tanh,1.0,0.6415231340382492,0.6914224130215995,0.049899278983350226
bgg,10k,latent_1,13,tanh,-1.0,0.6415231340382492,0.5867494741964014,-0.05477365984184779
bgg,10k,latent_1,13,tanh,-0.5,0.6415231340382492,0.6155332422594139,-0.025989891778835372
bgg,10k,latent_1,13,tanh,0.0,0.6415231340382492,0.6409550081060805,-0.000568125932168706
bgg,10k,latent_1,13,tanh,0.5,0.6415231340382492,0.6669701487770492,0.025447014738799956
bgg,10k,latent_1,13,tanh,1.0,0.6415231340382492,0.6923414685577861,0.05081833451953688
bgg,10k,latent_2,14,tanh,-1.0,0.6415231340382492,0.7123844135739933,0.07086127953574406
bgg,10k,latent_2,14,tanh,-0.5,0.6415231340382492,0.674213115690738,0.03268998165248882
bgg,10k,latent_2,14,tanh,0.0,0.6415231340382492,0.6319894068229173,-0.009533727215331966
bgg,10k,latent_2,14,tanh,0.5,0.6415231340382492,0.5880081640518009,-0.053514969986448335
bgg,10k,latent_2,14,tanh,1.0,0.6415231340382492,0.5489030347034722,-0.092620099334777
bgg,10k,latent_3,15,tanh,-1.0,0.6415231340382492,0.6944816974676977,0.05295856342944849
bgg,10k,latent_3,15,tanh,-0.5,0.6415231340382492,0.6625371839250204,0.021014049886771136
bgg,10k,latent_3,15,tanh,0.0,0.6415231340382492,0.6371074224234504,-0.004415711614798812
bgg,10k,latent_3,15,tanh,0.5,0.6415231340382492,0.6178438934334749,-0.023679240604774332
bgg,10k,latent_3,15,tanh,1.0,0.6415231340382492,0.591211897813197,-0.05031123622505218
bgg,100k,self_interaction,0,tanh,-1.0,0.6122617057581841,0.6479093970428631,0.03564769128467904
bgg,100k,self_interaction,0,tanh,-0.5,0.6122617057581841,0.6192930826114552,0.007031376853271154
bgg,100k,self_interaction,0,tanh,0.0,0.6122617057581841,0.6075674081491913,-0.004694297608992759
bgg,100k,self_interaction,0,tanh,0.5,0.6122617057581841,0.5886276359489634,-0.02363406980922067
bgg,100k,self_interaction,0,tanh,1.0,0.6122617057581841,0.5770987497590621,-0.035162955999122
bgg,100k,hydrophobicity,1,sigmoid,0.0,0.6122617057581841,0.6192140569924881,0.006952351234304044
bgg,100k,hydrophobicity,1,sigmoid,0.25,0.6122617057581841,0.6139091416656308,0.0016474359074467593
bgg,100k,hydrophobicity,1,sigmoid,0.5,0.6122617057581841,0.612199012790048,-6.269296813610215e-05
bgg,100k,hydrophobicity,1,sigmoid,0.75,0.6122617057581841,0.6127586776022802,0.000496971844096139
bgg,100k,hydrophobicity,1,sigmoid,1.0,0.6122617057581841,0.6130297851249409,0.0007680793667568242
bgg,100k,charge_environment,2,tanh,-1.0,0.6122617057581841,0.5912978640329922,-0.020963841725191834
bgg,100k,charge_environment,2,tanh,-0.5,0.6122617057581841,0.5983416739744831,-0.013920031783700937
bgg,100k,charge_environment,2,tanh,0.0,0.6122617057581841,0.6053280351872118,-0.006933670570972272
bgg,100k,charge_environment,2,tanh,0.5,0.6122617057581841,0.6131636321811496,0.0009019264229654933
bgg,100k,charge_environment,2,tanh,1.0,0.6122617057581841,0.6218309427837141,0.00956923702553003
bgg,100k,ionic_screening,3,sigmoid,0.0,0.6122617057581841,0.6231723923220136,0.010910686563829541
bgg,100k,ionic_screening,3,sigmoid,0.25,0.6122617057581841,0.615887554242673,0.0036258484844889916
bgg,100k,ionic_screening,3,sigmoid,0.5,0.6122617057581841,0.6095907018990999,-0.0026710038590841423
bgg,100k,ionic_screening,3,sigmoid,0.75,0.6122617057581841,0.6051071151387956,-0.007154590619388501
bgg,100k,ionic_screening,3,sigmoid,1.0,0.6122617057581841,0.6015665398483858,-0.010695165909798243
bgg,100k,crowding,4,sigmoid,0.0,0.6122617057581841,0.6180960306701166,0.005834324911932587
bgg,100k,crowding,4,sigmoid,0.25,0.6122617057581841,0.6139167442611728,0.0016550385029887593
bgg,100k,crowding,4,sigmoid,0.5,0.6122617057581841,0.6122492209516274,-1.2484806556689598e-05
bgg,100k,crowding,4,sigmoid,0.75,0.6122617057581841,0.6125057232159136,0.00024401745772950623
bgg,100k,crowding,4,sigmoid,1.0,0.6122617057581841,0.6149674850270808,0.002705779268896702
bgg,100k,nonlinear_conc,5,sigmoid,0.0,0.6122617057581841,0.5897203926918667,-0.022541313066317348
bgg,100k,nonlinear_conc,5,sigmoid,0.25,0.6122617057581841,0.6069589212268119,-0.005302784531372118
bgg,100k,nonlinear_conc,5,sigmoid,0.5,0.6122617057581841,0.6243477432491384,0.012086037490954382
bgg,100k,nonlinear_conc,5,sigmoid,0.75,0.6122617057581841,0.6445912933509802,0.03232958759279614
bgg,100k,nonlinear_conc,5,sigmoid,1.0,0.6122617057581841,0.6612386606064479,0.04897695484826381
bgg,100k,cosolute_interaction,6,tanh,-1.0,0.6122617057581841,0.5729521183081128,-0.03930958745007129
bgg,100k,cosolute_interaction,6,tanh,-0.5,0.6122617057581841,0.5962357446656834,-0.01602596109250065
bgg,100k,cosolute_interaction,6,tanh,0.0,0.6122617057581841,0.6179021386246273,0.0056404328664432235
bgg,100k,cosolute_interaction,6,tanh,0.5,0.6122617057581841,0.6457791394283291,0.033517433670145036
bgg,100k,cosolute_interaction,6,tanh,1.0,0.6122617057581841,0.678690165253243,0.06642845949505893
bgg,100k,cosolute_protection,7,sigmoid,0.0,0.6122617057581841,0.593414726598238,-0.018846979159946042
bgg,100k,cosolute_protection,7,sigmoid,0.25,0.6122617057581841,0.6040600670621509,-0.008201638696033187
bgg,100k,cosolute_protection,7,sigmoid,0.5,0.6122617057581841,0.6151594428067655,0.002897737048581428
bgg,100k,cosolute_protection,7,sigmoid,0.75,0.6122617057581841,0.6269409110110069,0.014679205252822847
bgg,100k,cosolute_protection,7,sigmoid,1.0,0.6122617057581841,0.6404825817847343,0.028220876026550212
bgg,100k,interfacial_shielding,8,sigmoid,0.0,0.6122617057581841,0.5999247722706765,-0.012336933487507529
bgg,100k,interfacial_shielding,8,sigmoid,0.25,0.6122617057581841,0.6060382831095125,-0.006223422648671595
bgg,100k,interfacial_shielding,8,sigmoid,0.5,0.6122617057581841,0.6126984567706536,0.0004367510124695384
bgg,100k,interfacial_shielding,8,sigmoid,0.75,0.6122617057581841,0.6216543556937918,0.009392649935607733
bgg,100k,interfacial_shielding,8,sigmoid,1.0,0.6122617057581841,0.6325060212914138,0.020244315533229695
bgg,100k,surface_stability,9,sigmoid,0.0,0.6122617057581841,0.6243396338138936,0.012077928055709508
bgg,100k,surface_stability,9,sigmoid,0.25,0.6122617057581841,0.617981153899927,0.0057194481417429666
bgg,100k,surface_stability,9,sigmoid,0.5,0.6122617057581841,0.6115599913614918,-0.0007017143966923101
bgg,100k,surface_stability,9,sigmoid,0.75,0.6122617057581841,0.60577463337105,-0.006487072387134085
bgg,100k,surface_stability,9,sigmoid,1.0,0.6122617057581841,0.6004399489694038,-0.01182175678878028
bgg,100k,chemical_modulation,10,tanh,-1.0,0.6122617057581841,0.5474893449920227,-0.06477236076616133
bgg,100k,chemical_modulation,10,tanh,-0.5,0.6122617057581841,0.5827730891672558,-0.029488616590928274
bgg,100k,chemical_modulation,10,tanh,0.0,0.6122617057581841,0.6227693202906117,0.010507614532427656
bgg,100k,chemical_modulation,10,tanh,0.5,0.6122617057581841,0.6654604491447551,0.053198743386571046
bgg,100k,chemical_modulation,10,tanh,1.0,0.6122617057581841,0.694116235010977,0.0818545292527929
bgg,100k,electrostatic_screening,11,sigmoid,0.0,0.6122617057581841,0.5923828009633381,-0.019878904794845997
bgg,100k,electrostatic_screening,11,sigmoid,0.25,0.6122617057581841,0.6034033579623337,-0.008858347795850374
bgg,100k,electrostatic_screening,11,sigmoid,0.5,0.6122617057581841,0.6104375689804735,-0.0018241367777105388
bgg,100k,electrostatic_screening,11,sigmoid,0.75,0.6122617057581841,0.6180707921216507,0.0058090863634666645
bgg,100k,electrostatic_screening,11,sigmoid,1.0,0.6122617057581841,0.624675037573138,0.012413331814953965
bgg,100k,latent_0,12,tanh,-1.0,0.6122617057581841,0.573850145168467,-0.038411560589717064
bgg,100k,latent_0,12,tanh,-0.5,0.6122617057581841,0.5961484544564605,-0.016113251301723586
bgg,100k,latent_0,12,tanh,0.0,0.6122617057581841,0.6135715140178944,0.0013098082597103877
bgg,100k,latent_0,12,tanh,0.5,0.6122617057581841,0.6373935075765123,0.025131801818328192
bgg,100k,latent_0,12,tanh,1.0,0.6122617057581841,0.6682107682454936,0.055949062487309575
bgg,100k,latent_1,13,tanh,-1.0,0.6122617057581841,0.5606891937608813,-0.05157251199730273
bgg,100k,latent_1,13,tanh,-0.5,0.6122617057581841,0.590442711674028,-0.021818994084156107
bgg,100k,latent_1,13,tanh,0.0,0.6122617057581841,0.6117589311166742,-0.0005027746415098289
bgg,100k,latent_1,13,tanh,0.5,0.6122617057581841,0.6382269382339281,0.025965232475744005
bgg,100k,latent_1,13,tanh,1.0,0.6122617057581841,0.6642125891091277,0.051950883350943666
bgg,100k,latent_2,14,tanh,-1.0,0.6122617057581841,0.6746850972343859,0.062423391476201795
bgg,100k,latent_2,14,tanh,-0.5,0.6122617057581841,0.6374441398284552,0.025182434070271098
bgg,100k,latent_2,14,tanh,0.0,0.6122617057581841,0.6051525031513646,-0.007109202606819465
bgg,100k,latent_2,14,tanh,0.5,0.6122617057581841,0.566792226464637,-0.045469479293547055
bgg,100k,latent_2,14,tanh,1.0,0.6122617057581841,0.523372135407942,-0.08888957035024203
bgg,100k,latent_3,15,tanh,-1.0,0.6122617057581841,0.6577379084355438,0.045476202677359745
bgg,100k,latent_3,15,tanh,-0.5,0.6122617057581841,0.630209458192357,0.017947752434172903
bgg,100k,latent_3,15,tanh,0.0,0.6122617057581841,0.6104874668320308,-0.0017742389261532487
bgg,100k,latent_3,15,tanh,0.5,0.6122617057581841,0.5957078038813796,-0.0165539018768045
bgg,100k,latent_3,15,tanh,1.0,0.6122617057581841,0.5693309710204589,-0.04293073473772513
bgg,15M,self_interaction,0,tanh,-1.0,0.5072770075044688,0.5046188582380511,-0.0026581492664177198
bgg,15M,self_interaction,0,tanh,-0.5,0.5072770075044688,0.5010970696335639,-0.0061799378709048725
bgg,15M,self_interaction,0,tanh,0.0,0.5072770075044688,0.5142327656842242,0.006955758179755356
bgg,15M,self_interaction,0,tanh,0.5,0.5072770075044688,0.5222632528875558,0.014986245383087016
bgg,15M,self_interaction,0,tanh,1.0,0.5072770075044688,0.5144237744324246,0.007146766927955794
bgg,15M,hydrophobicity,1,sigmoid,0.0,0.5072770075044688,0.4883395674780009,-0.01893744002646791
bgg,15M,hydrophobicity,1,sigmoid,0.25,0.5072770075044688,0.4989044228961238,-0.008372584608345002
bgg,15M,hydrophobicity,1,sigmoid,0.5,0.5072770075044688,0.5079188036218062,0.0006417961173373898
bgg,15M,hydrophobicity,1,sigmoid,0.75,0.5072770075044688,0.516908669855741,0.009631662351272219
bgg,15M,hydrophobicity,1,sigmoid,1.0,0.5072770075044688,0.5250026697628505,0.01772566225838168
bgg,15M,charge_environment,2,tanh,-1.0,0.5072770075044688,0.47008460198037444,-0.03719240552409436
bgg,15M,charge_environment,2,tanh,-0.5,0.5072770075044688,0.4793117829755608,-0.027965224528907984
bgg,15M,charge_environment,2,tanh,0.0,0.5072770075044688,0.49344851685405433,-0.013828490650414471
bgg,15M,charge_environment,2,tanh,0.5,0.5072770075044688,0.5101122584582622,0.0028352509537934445
bgg,15M,charge_environment,2,tanh,1.0,0.5072770075044688,0.5210838601723928,0.01380685266792403
bgg,15M,ionic_screening,3,sigmoid,0.0,0.5072770075044688,0.5213938547126592,0.014116847208190397
bgg,15M,ionic_screening,3,sigmoid,0.25,0.5072770075044688,0.5126156393081882,0.005338631803719407
bgg,15M,ionic_screening,3,sigmoid,0.5,0.5072770075044688,0.502924304339662,-0.004352703164806848
bgg,15M,ionic_screening,3,sigmoid,0.75,0.5072770075044688,0.4934141526050212,-0.013862854899447608
bgg,15M,ionic_screening,3,sigmoid,1.0,0.5072770075044688,0.4817389814220973,-0.02553802608237149
bgg,15M,crowding,4,sigmoid,0.0,0.5072770075044688,0.503594486066273,-0.003682521438195807
bgg,15M,crowding,4,sigmoid,0.25,0.5072770075044688,0.5060773153420254,-0.001199692162443422
bgg,15M,crowding,4,sigmoid,0.5,0.5072770075044688,0.507773873325974,0.0004968658215052102
bgg,15M,crowding,4,sigmoid,0.75,0.5072770075044688,0.5085734750191448,0.0012964675146760474
bgg,15M,crowding,4,sigmoid,1.0,0.5072770075044688,0.5095170036724096,0.0022399961679407943
bgg,15M,nonlinear_conc,5,sigmoid,0.0,0.5072770075044688,0.48867550781499197,-0.01860149968947683
bgg,15M,nonlinear_conc,5,sigmoid,0.25,0.5072770075044688,0.5023405245598356,-0.004936482944633225
bgg,15M,nonlinear_conc,5,sigmoid,0.5,0.5072770075044688,0.5171495997287503,0.009872592224281496
bgg,15M,nonlinear_conc,5,sigmoid,0.75,0.5072770075044688,0.5326780252472814,0.02540101774281256
bgg,15M,nonlinear_conc,5,sigmoid,1.0,0.5072770075044688,0.5466200476678833,0.0393430401634145
bgg,15M,cosolute_interaction,6,tanh,-1.0,0.5072770075044688,0.4751712090348351,-0.032105798469633684
bgg,15M,cosolute_interaction,6,tanh,-0.5,0.5072770075044688,0.49157520369558805,-0.015701803808880754
bgg,15M,cosolute_interaction,6,tanh,0.0,0.5072770075044688,0.5129718752135844,0.0056948677091156474
bgg,15M,cosolute_interaction,6,tanh,0.5,0.5072770075044688,0.5343535131807279,0.027076505676259077
bgg,15M,cosolute_interaction,6,tanh,1.0,0.5072770075044688,0.5553880538726266,0.04811104636815777
bgg,15M,cosolute_protection,7,sigmoid,0.0,0.5072770075044688,0.4863568028028984,-0.02092020470157041
bgg,15M,cosolute_protection,7,sigmoid,0.25,0.5072770075044688,0.49721591357837397,-0.010061093926094833
bgg,15M,cosolute_protection,7,sigmoid,0.5,0.5072770075044688,0.5109538373396756,0.003676829835206785
bgg,15M,cosolute_protection,7,sigmoid,0.75,0.5072770075044688,0.5251511660380203,0.017874158533551454
bgg,15M,cosolute_protection,7,sigmoid,1.0,0.5072770075044688,0.53816718197794,0.0308901744734712
bgg,15M,interfacial_shielding,8,sigmoid,0.0,0.5072770075044688,0.48890822740199935,-0.01836878010246945
bgg,15M,interfacial_shielding,8,sigmoid,0.25,0.5072770075044688,0.49766557607368067,-0.009611431430788131
bgg,15M,interfacial_shielding,8,sigmoid,0.5,0.5072770075044688,0.5077971995889287,0.0005201920844598584
bgg,15M,interfacial_shielding,8,sigmoid,0.75,0.5072770075044688,0.5182014576107379,0.010924450106269079
bgg,15M,interfacial_shielding,8,sigmoid,1.0,0.5072770075044688,0.5302622617250601,0.022985254220591278
bgg,15M,surface_stability,9,sigmoid,0.0,0.5072770075044688,0.5258760011172775,0.0185989936128087
bgg,15M,surface_stability,9,sigmoid,0.25,0.5072770075044688,0.5157487309930482,0.008471723488579386
bgg,15M,surface_stability,9,sigmoid,0.5,0.5072770075044688,0.5063310636048652,-0.000945943899603563
bgg,15M,surface_stability,9,sigmoid,0.75,0.5072770075044688,0.496505132957202,-0.010771874547266802
bgg,15M,surface_stability,9,sigmoid,1.0,0.5072770075044688,0.4857126780674367,-0.021564329437032126
bgg,15M,chemical_modulation,10,tanh,-1.0,0.5072770075044688,0.4425534132512424,-0.06472359425322638
bgg,15M,chemical_modulation,10,tanh,-0.5,0.5072770075044688,0.4737448664322336,-0.03353214107223518
bgg,15M,chemical_modulation,10,tanh,0.0,0.5072770075044688,0.5183313197690792,0.0110543122646104
bgg,15M,chemical_modulation,10,tanh,0.5,0.5072770075044688,0.5604702286656046,0.053193221161135784
bgg,15M,chemical_modulation,10,tanh,1.0,0.5072770075044688,0.5904942851997046,0.08321727769523579
bgg,15M,electrostatic_screening,11,sigmoid,0.0,0.5072770075044688,0.4959484687782358,-0.011328538726233017
bgg,15M,electrostatic_screening,11,sigmoid,0.25,0.5072770075044688,0.5010230219045351,-0.006253985599933731
bgg,15M,electrostatic_screening,11,sigmoid,0.5,0.5072770075044688,0.5060252285118537,-0.0012517789926150824
bgg,15M,electrostatic_screening,11,sigmoid,0.75,0.5072770075044688,0.5114090155956256,0.004132008091156769
bgg,15M,electrostatic_screening,11,sigmoid,1.0,0.5072770075044688,0.5191714763962245,0.011894468891755716
bgg,15M,latent_0,12,tanh,-1.0,0.5072770075044688,0.45232524651838246,-0.05495176098608634
bgg,15M,latent_0,12,tanh,-0.5,0.5072770075044688,0.47663541204605236,-0.030641595458416437
bgg,15M,latent_0,12,tanh,0.0,0.5072770075044688,0.5095273809567327,0.002250373452263865
bgg,15M,latent_0,12,tanh,0.5,0.5072770075044688,0.5398689014519233,0.03259189394745454
bgg,15M,latent_0,12,tanh,1.0,0.5072770075044688,0.5754059775573832,0.0681289700529144
bgg,15M,latent_1,13,tanh,-1.0,0.5072770075044688,0.4576217550295571,-0.049655252474911704
bgg,15M,latent_1,13,tanh,-0.5,0.5072770075044688,0.4805122858229371,-0.02676472168153171
bgg,15M,latent_1,13,tanh,0.0,0.5072770075044688,0.5068348286525289,-0.0004421788519398673
bgg,15M,latent_1,13,tanh,0.5,0.5072770075044688,0.5363057304200693,0.029028722915600547
bgg,15M,latent_1,13,tanh,1.0,0.5072770075044688,0.5693345447575471,0.062057537253078277
bgg,15M,latent_2,14,tanh,-1.0,0.5072770075044688,0.5643159473162682,0.057038939811799416
bgg,15M,latent_2,14,tanh,-0.5,0.5072770075044688,0.5326224797533214,0.02534547224885264
bgg,15M,latent_2,14,tanh,0.0,0.5072770075044688,0.500055250280792,-0.007221757223676795
bgg,15M,latent_2,14,tanh,0.5,0.5072770075044688,0.4623870800166967,-0.0448899274877721
bgg,15M,latent_2,14,tanh,1.0,0.5072770075044688,0.4214531592403257,-0.08582384826414308
bgg,15M,latent_3,15,tanh,-1.0,0.5072770075044688,0.5497700822799512,0.042493074775482365
bgg,15M,latent_3,15,tanh,-0.5,0.5072770075044688,0.5229848685003335,0.015707860995864742
bgg,15M,latent_3,15,tanh,0.0,0.5072770075044688,0.5036170766358835,-0.0036599308685852927
bgg,15M,latent_3,15,tanh,0.5,0.5072770075044688,0.47893928553204695,-0.028337721972421848
bgg,15M,latent_3,15,tanh,1.0,0.5072770075044688,0.45433716999189705,-0.05293983751257175
bsa,100,self_interaction,0,tanh,-1.0,0.5293671569507474,0.6269483377642031,0.09758118081345568
bsa,100,self_interaction,0,tanh,-0.5,0.5293671569507474,0.5835232946767385,0.05415613772599104
bsa,100,self_interaction,0,tanh,0.0,0.5293671569507474,0.5461465766361293,0.01677941968538188
bsa,100,self_interaction,0,tanh,0.5,0.5293671569507474,0.5218136938289232,-0.007553463121824255
bsa,100,self_interaction,0,tanh,1.0,0.5293671569507474,0.5152651231672382,-0.014102033783509271
bsa,100,hydrophobicity,1,sigmoid,0.0,0.5293671569507474,0.5248646567945948,-0.004502500156152611
bsa,100,hydrophobicity,1,sigmoid,0.25,0.5293671569507474,0.5268931404796233,-0.0024740164711241075
bsa,100,hydrophobicity,1,sigmoid,0.5,0.5293671569507474,0.5287556264042345,-0.0006115305465129728
bsa,100,hydrophobicity,1,sigmoid,0.75,0.5293671569507474,0.5312534643413902,0.0018863073906427719
bsa,100,hydrophobicity,1,sigmoid,1.0,0.5293671569507474,0.5351542681928142,0.005787111242066767
bsa,100,charge_environment,2,tanh,-1.0,0.5293671569507474,0.5161976771893872,-0.013169479761360181
bsa,100,charge_environment,2,tanh,-0.5,0.5293671569507474,0.5238033241132651,-0.0055638328374822965
bsa,100,charge_environment,2,tanh,0.0,0.5293671569507474,0.5298179443198844,0.0004507873691369513
bsa,100,charge_environment,2,tanh,0.5,0.5293671569507474,0.5392927746930175,0.009925617742270076
bsa,100,charge_environment,2,tanh,1.0,0.5293671569507474,0.55508198475414,0.025714827803392515
bsa,100,ionic_screening,3,sigmoid,0.0,0.5293671569507474,0.5416452711735618,0.01227811422281433
bsa,100,ionic_screening,3,sigmoid,0.25,0.5293671569507474,0.5355679114523031,0.006200754501555661
bsa,100,ionic_screening,3,sigmoid,0.5,0.5293671569507474,0.5295336899959531,0.00016653304520564127
bsa,100,ionic_screening,3,sigmoid,0.75,0.5293671569507474,0.5238466589078544,-0.005520498042893007
bsa,100,ionic_screening,3,sigmoid,1.0,0.5293671569507474,0.5173884867274474,-0.011978670223300014
bsa,100,crowding,4,sigmoid,0.0,0.5293671569507474,0.5209667724432956,-0.008400384507451841
bsa,100,crowding,4,sigmoid,0.25,0.5293671569507474,0.52629862526599,-0.003068531684757403
bsa,100,crowding,4,sigmoid,0.5,0.5293671569507474,0.5326631251943857,0.003295968243638314
bsa,100,crowding,4,sigmoid,0.75,0.5293671569507474,0.5396618470896622,0.01029469013891482
bsa,100,crowding,4,sigmoid,1.0,0.5293671569507474,0.548573387195138,0.01920623024439061
bsa,100,nonlinear_conc,5,sigmoid,0.0,0.5293671569507474,0.5129366860570758,-0.016430470893671667
bsa,100,nonlinear_conc,5,sigmoid,0.25,0.5293671569507474,0.520563920214826,-0.008803236735921427
bsa,100,nonlinear_conc,5,sigmoid,0.5,0.5293671569507474,0.5321425232421051,0.0027753662913576616
bsa,100,nonlinear_conc,5,sigmoid,0.75,0.5293671569507474,0.5445872480876305,0.015220091136883052
bsa,100,nonlinear_conc,5,sigmoid,1.0,0.5293671569507474,0.5557701954930363,0.02640303854228887
bsa,100,cosolute_interaction,6,tanh,-1.0,0.5293671569507474,0.5266246731780675,-0.002742483772679938
bsa,100,cosolute_interaction,6,tanh,-0.5,0.5293671569507474,0.5218476236439253,-0.00751953330682209
bsa,100,cosolute_interaction,6,tanh,0.0,0.5293671569507474,0.5305770298678334,0.0012098729170859635
bsa,100,cosolute_interaction,6,tanh,0.5,0.5293671569507474,0.5419383538176225,0.012571196866875023
bsa,100,cosolute_interaction,6,tanh,1.0,0.5293671569507474,0.5558602216022877,0.02649306465154022
bsa,100,cosolute_protection,7,sigmoid,0.0,0.5293671569507474,0.49730257928867744,-0.03206457766206999
bsa,100,cosolute_protection,7,sigmoid,0.25,0.5293671569507474,0.5144557958407907,-0.014911361109956722
bsa,100,cosolute_protection,7,sigmoid,0.5,0.5293671569507474,0.5345391768387973,0.005172019888049828
bsa,100,cosolute_protection,7,sigmoid,0.75,0.5293671569507474,0.556664203838604,0.027297046887856613
bsa,100,cosolute_protection,7,sigmoid,1.0,0.5293671569507474,0.580394428380013,0.05102727142926555
bsa,100,interfacial_shielding,8,sigmoid,0.0,0.5293671569507474,0.5318854727634464,0.0025183158126990124
bsa,100,interfacial_shielding,8,sigmoid,0.25,0.5293671569507474,0.5302990386345152,0.0009318816837677879
bsa,100,interfacial_shielding,8,sigmoid,0.5,0.5293671569507474,0.5288794814777308,-0.0004876754730166466
bsa,100,interfacial_shielding,8,sigmoid,0.75,0.5293671569507474,0.5296353242859486,0.00026816733520118596
bsa,100,interfacial_shielding,8,sigmoid,1.0,0.5293671569507474,0.5308055887146275,0.0014384317638800326
bsa,100,surface_stability,9,sigmoid,0.0,0.5293671569507474,0.5493651639039177,0.019998006953170222
bsa,100,surface_stability,9,sigmoid,0.25,0.5293671569507474,0.5405181631112096,0.011151006160462162
bsa,100,surface_stability,9,sigmoid,0.5,0.5293671569507474,0.5317039414005049,0.0023367844497574897
bsa,100,surface_stability,9,sigmoid,0.75,0.5293671569507474,0.5247701182604384,-0.00459703869030903
bsa,100,surface_stability,9,sigmoid,1.0,0.5293671569507474,0.5200534447129339,-0.00931371223781352
bsa,100,chemical_modulation,10,tanh,-1.0,0.5293671569507474,0.4977034494118807,-0.031663707538866714
bsa,100,chemical_modulation,10,tanh,-0.5,0.5293671569507474,0.5106984315041343,-0.018668725446613132
bsa,100,chemical_modulation,10,tanh,0.0,0.5293671569507474,0.5267920906068361,-0.0025750663439113586
bsa,100,chemical_modulation,10,tanh,0.5,0.5293671569507474,0.5409755497401503,0.011608392789402844
bsa,100,chemical_modulation,10,tanh,1.0,0.5293671569507474,0.5522406982704163,0.0228735413196689
bsa,100,electrostatic_screening,11,sigmoid,0.0,0.5293671569507474,0.5237075158939348,-0.005659641056812603
bsa,100,electrostatic_screening,11,sigmoid,0.25,0.5293671569507474,0.5265695776336397,-0.002797579317107779
bsa,100,electrostatic_screening,11,sigmoid,0.5,0.5293671569507474,0.5292763059340206,-9.085101672678952e-05
bsa,100,electrostatic_screening,11,sigmoid,0.75,0.5293671569507474,0.5322281274335412,0.0028609704827937676
bsa,100,electrostatic_screening,11,sigmoid,1.0,0.5293671569507474,0.5383080782434846,0.008940921292737158
bsa,100,latent_0,12,tanh,-1.0,0.5293671569507474,0.5170370502837266,-0.012330106667020835
bsa,100,latent_0,12,tanh,-0.5,0.5293671569507474,0.5261537596180791,-0.003213397332668344
bsa,100,latent_0,12,tanh,0.0,0.5293671569507474,0.5294778729807238,0.00011071602997636543
bsa,100,latent_0,12,tanh,0.5,0.5293671569507474,0.5310621271817496,0.0016949702310021797
bsa,100,latent_0,12,tanh,1.0,0.5293671569507474,0.5368674846531171,0.007500327702369636
bsa,100,latent_1,13,tanh,-1.0,0.5293671569507474,0.5043574634190827,-0.025009693531664712
bsa,100,latent_1,13,tanh,-0.5,0.5293671569507474,0.5148404018399595,-0.014526755110787937
bsa,100,latent_1,13,tanh,0.0,0.5293671569507474,0.5295743716398533,0.00020721468910589458
bsa,100,latent_1,13,tanh,0.5,0.5293671569507474,0.54848611767325,0.01911896072250252
bsa,100,latent_1,13,tanh,1.0,0.5293671569507474,0.5668376041335387,0.037470447182791244
bsa,100,latent_2,14,tanh,-1.0,0.5293671569507474,0.6396416105937809,0.11027445364303345
bsa,100,latent_2,14,tanh,-0.5,0.5293671569507474,0.5837114459868186,0.054344289036071136
bsa,100,latent_2,14,tanh,0.0,0.5293671569507474,0.5333440953660992,0.003976938415351738
bsa,100,latent_2,14,tanh,0.5,0.5293671569507474,0.49226570038498063,-0.0371014565657668
bsa,100,latent_2,14,tanh,1.0,0.5293671569507474,0.456228853503673,-0.07313830344707445
bsa,100,latent_3,15,tanh,-1.0,0.5293671569507474,0.5688495095056353,0.039482352554887856
bsa,100,latent_3,15,tanh,-0.5,0.5293671569507474,0.5436920243611427,0.014324867410395292
bsa,100,latent_3,15,tanh,0.0,0.5293671569507474,0.5294121260447867,4.4969094039282176e-05
bsa,100,latent_3,15,tanh,0.5,0.5293671569507474,0.5232213738696109,-0.006145783081136558
bsa,100,latent_3,15,tanh,1.0,0.5293671569507474,0.5242625260558352,-0.005104630894912199
bsa,1k,self_interaction,0,tanh,-1.0,0.49868810707266087,0.5829251203907608,0.08423701331809996
bsa,1k,self_interaction,0,tanh,-0.5,0.49868810707266087,0.5450531734140133,0.0463650663413524
bsa,1k,self_interaction,0,tanh,0.0,0.49868810707266087,0.5138488630544388,0.015160755981777907
bsa,1k,self_interaction,0,tanh,0.5,0.49868810707266087,0.49333741293655037,-0.005350694136110501
bsa,1k,self_interaction,0,tanh,1.0,0.49868810707266087,0.48520718595055606,-0.013480921122104805
bsa,1k,hydrophobicity,1,sigmoid,0.0,0.49868810707266087,0.4969035231861451,-0.001784583886515756
bsa,1k,hydrophobicity,1,sigmoid,0.25,0.49868810707266087,0.4976778022885523,-0.0010103047841085733
bsa,1k,hydrophobicity,1,sigmoid,0.5,0.49868810707266087,0.4983046026740706,-0.00038350439859025087
bsa,1k,hydrophobicity,1,sigmoid,0.75,0.49868810707266087,0.49955400650205806,0.0008658994293971878
bsa,1k,hydrophobicity,1,sigmoid,1.0,0.49868810707266087,0.5006836371262985,0.0019955300536376175
bsa,1k,charge_environment,2,tanh,-1.0,0.49868810707266087,0.4881045011714512,-0.010583605901209658
bsa,1k,charge_environment,2,tanh,-0.5,0.49868810707266087,0.4932276032704303,-0.005460503802230565
bsa,1k,charge_environment,2,tanh,0.0,0.49868810707266087,0.49906541820039296,0.00037731112773209396
bsa,1k,charge_environment,2,tanh,0.5,0.49868810707266087,0.5105148081344603,0.011826701061799394
bsa,1k,charge_environment,2,tanh,1.0,0.49868810707266087,0.5261313862654841,0.02744327919282319
bsa,1k,ionic_screening,3,sigmoid,0.0,0.49868810707266087,0.5084975369848979,0.009809429912236989
bsa,1k,ionic_screening,3,sigmoid,0.25,0.49868810707266087,0.5033716576112207,0.004683550538559844
bsa,1k,ionic_screening,3,sigmoid,0.5,0.49868810707266087,0.49882376556362373,0.00013565849096286442
bsa,1k,ionic_screening,3,sigmoid,0.75,0.49868810707266087,0.49378689247823987,-0.0049012145944209995
bsa,1k,ionic_screening,3,sigmoid,1.0,0.49868810707266087,0.48870637655092175,-0.009981730521739118
bsa,1k,crowding,4,sigmoid,0.0,0.49868810707266087,0.4912009397476253,-0.007487167325035571
bsa,1k,crowding,4,sigmoid,0.25,0.49868810707266087,0.49566550741272997,-0.0030225996599309024
bsa,1k,crowding,4,sigmoid,0.5,0.49868810707266087,0.5010679405731957,0.0023798335005348337
bsa,1k,crowding,4,sigmoid,0.75,0.49868810707266087,0.5076336894805219,0.00894558240786103
bsa,1k,crowding,4,sigmoid,1.0,0.49868810707266087,0.5143489276550887,0.015660820582427792
bsa,1k,nonlinear_conc,5,sigmoid,0.0,0.49868810707266087,0.4796740363094694,-0.01901407076319145
bsa,1k,nonlinear_conc,5,sigmoid,0.25,0.49868810707266087,0.48977941632431526,-0.008908690748345605
bsa,1k,nonlinear_conc,5,sigmoid,0.5,0.49868810707266087,0.501447616521888,0.0027595094492270933
bsa,1k,nonlinear_conc,5,sigmoid,0.75,0.49868810707266087,0.5146225874776814,0.015934480405020546
bsa,1k,nonlinear_conc,5,sigmoid,1.0,0.49868810707266087,0.528272840899983,0.029584733827322185
bsa,1k,cosolute_interaction,6,tanh,-1.0,0.49868810707266087,0.49152551077794127,-0.007162596294719603
bsa,1k,cosolute_interaction,6,tanh,-0.5,0.49868810707266087,0.4934667617903967,-0.005221345282264145
bsa,1k,cosolute_interaction,6,tanh,0.0,0.49868810707266087,0.4994017684052049,0.0007136613325440244
bsa,1k,cosolute_interaction,6,tanh,0.5,0.49868810707266087,0.5073603580693693,0.00867225099670843
bsa,1k,cosolute_interaction,6,tanh,1.0,0.49868810707266087,0.5164015224288361,0.01771341535617521
bsa,1k,cosolute_protection,7,sigmoid,0.0,0.49868810707266087,0.4689664217959504,-0.029721685276710486
bsa,1k,cosolute_protection,7,sigmoid,0.25,0.49868810707266087,0.4843636482371281,-0.014324458835532794
bsa,1k,cosolute_protection,7,sigmoid,0.5,0.49868810707266087,0.5035424793995237,0.00485437232686281
bsa,1k,cosolute_protection,7,sigmoid,0.75,0.49868810707266087,0.5242059565388023,0.02551784946614144
bsa,1k,cosolute_protection,7,sigmoid,1.0,0.49868810707266087,0.5492517093879961,0.05056360231533519
bsa,1k,interfacial_shielding,8,sigmoid,0.0,0.49868810707266087,0.4998880966155422,0.0011999895428813079
bsa,1k,interfacial_shielding,8,sigmoid,0.25,0.49868810707266087,0.4987100149602227,2.190788756184503e-05
bsa,1k,interfacial_shielding,8,sigmoid,0.5,0.49868810707266087,0.4987171003723945,2.8993299733603983e-05
bsa,1k,interfacial_shielding,8,sigmoid,0.75,0.49868810707266087,0.5002493129967935,0.0015612059241326692
bsa,1k,interfacial_shielding,8,sigmoid,1.0,0.49868810707266087,0.50225415622997,0.0035660491573091813
bsa,1k,surface_stability,9,sigmoid,0.0,0.49868810707266087,0.5138594678994448,0.015171360826783942
bsa,1k,surface_stability,9,sigmoid,0.25,0.49868810707266087,0.5065325440233539,0.007844436950693034
bsa,1k,surface_stability,9,sigmoid,0.5,0.49868810707266087,0.49992687373168165,0.0012387666590207846
bsa,1k,surface_stability,9,sigmoid,0.75,0.49868810707266087,0.4959449945989465,-0.002743112473714393
bsa,1k,surface_stability,9,sigmoid,1.0,0.49868810707266087,0.4921304006899809,-0.006557706382679995
bsa,1k,chemical_modulation,10,tanh,-1.0,0.49868810707266087,0.47924822113936283,-0.01943988593329804
bsa,1k,chemical_modulation,10,tanh,-0.5,0.49868810707266087,0.4897974446901214,-0.008890662382539494
bsa,1k,chemical_modulation,10,tanh,0.0,0.49868810707266087,0.4972336284017619,-0.0014544786708989843
bsa,1k,chemical_modulation,10,tanh,0.5,0.49868810707266087,0.5082162564653452,0.009528149392684315
bsa,1k,chemical_modulation,10,tanh,1.0,0.49868810707266087,0.5172535949608309,0.01856548788817003
bsa,1k,electrostatic_screening,11,sigmoid,0.0,0.49868810707266087,0.48910978798391036,-0.009578319088750509
bsa,1k,electrostatic_screening,11,sigmoid,0.25,0.49868810707266087,0.4939859957926632,-0.004702111279997645
bsa,1k,electrostatic_screening,11,sigmoid,0.5,0.49868810707266087,0.4985089573391392,-0.0001791497335216774
bsa,1k,electrostatic_screening,11,sigmoid,0.75,0.49868810707266087,0.5033159802355015,0.0046278731628406344
bsa,1k,electrostatic_screening,11,sigmoid,1.0,0.49868810707266087,0.50825980847695,0.00957170140428909
bsa,1k,latent_0,12,tanh,-1.0,0.49868810707266087,0.49465960967741474,-0.004028497395246133
bsa,1k,latent_0,12,tanh,-0.5,0.49868810707266087,0.49723925664978813,-0.0014488504228727384
bsa,1k,latent_0,12,tanh,0.0,0.49868810707266087,0.49871349560430417,2.5388531643300016e-05
bsa,1k,latent_0,12,tanh,0.5,0.49868810707266087,0.5005295940594833,0.0018414869868224049
bsa,1k,latent_0,12,tanh,1.0,0.49868810707266087,0.5034210680174516,0.004732960944790698
bsa,1k,latent_1,13,tanh,-1.0,0.49868810707266087,0.47579764609903585,-0.022890460973625015
bsa,1k,latent_1,13,tanh,-0.5,0.49868810707266087,0.48727552798820734,-0.011412579084453534
bsa,1k,latent_1,13,tanh,0.0,0.49868810707266087,0.4988142506825704,0.00012614360990953477
bsa,1k,latent_1,13,tanh,0.5,0.49868810707266087,0.518000963719528,0.019312856646867105
bsa,1k,latent_1,13,tanh,1.0,0.49868810707266087,0.5376667760362658,0.03897866896360491
bsa,1k,latent_2,14,tanh,-1.0,0.49868810707266087,0.6030376472575952,0.10434954018493436
bsa,1k,latent_2,14,tanh,-0.5,0.49868810707266087,0.5535187462993625,0.054830639226701616
bsa,1k,latent_2,14,tanh,0.0,0.49868810707266087,0.5026187317172108,0.003930624644549963
bsa,1k,latent_2,14,tanh,0.5,0.49868810707266087,0.46350254110955197,-0.0351855659631089
bsa,1k,latent_2,14,tanh,1.0,0.49868810707266087,0.43553507976256783,-0.06315302731009304
bsa,1k,latent_3,15,tanh,-1.0,0.49868810707266087,0.5332198989515785,0.03453179187891764
bsa,1k,latent_3,15,tanh,-0.5,0.49868810707266087,0.5114228761099471,0.012734769037286209
bsa,1k,latent_3,15,tanh,0.0,0.49868810707266087,0.498707770384396,1.9663311735140798e-05
bsa,1k,latent_3,15,tanh,0.5,0.49868810707266087,0.495466362723637,-0.0032217443490238917
bsa,1k,latent_3,15,tanh,1.0,0.49868810707266087,0.4968344623977634,-0.0018536446748974589
bsa,10k,self_interaction,0,tanh,-1.0,0.46550194098775705,0.53465736875439,0.06915542776663292
bsa,10k,self_interaction,0,tanh,-0.5,0.46550194098775705,0.503240335702817,0.037738394715059964
bsa,10k,self_interaction,0,tanh,0.0,0.46550194098775705,0.4802438314509655,0.014741890463208451
bsa,10k,self_interaction,0,tanh,0.5,0.46550194098775705,0.46007651676380856,-0.005425424223948483
bsa,10k,self_interaction,0,tanh,1.0,0.46550194098775705,0.45597196335185913,-0.009529977635897913
bsa,10k,hydrophobicity,1,sigmoid,0.0,0.46550194098775705,0.4649217517534784,-0.0005801892342786608
bsa,10k,hydrophobicity,1,sigmoid,0.25,0.46550194098775705,0.46486927574282066,-0.0006326652449363812
bsa,10k,hydrophobicity,1,sigmoid,0.5,0.46550194098775705,0.4652797796992524,-0.0002221612885046631
bsa,10k,hydrophobicity,1,sigmoid,0.75,0.46550194098775705,0.4658529223101121,0.0003509813223550595
bsa,10k,hydrophobicity,1,sigmoid,1.0,0.46550194098775705,0.4665603489971283,0.0010584080093712367
bsa,10k,charge_environment,2,tanh,-1.0,0.46550194098775705,0.4534135606561357,-0.012088380331621351
bsa,10k,charge_environment,2,tanh,-0.5,0.46550194098775705,0.45868518230353617,-0.0068167586842208805
bsa,10k,charge_environment,2,tanh,0.0,0.46550194098775705,0.46598902428581485,0.00048708329805779993
bsa,10k,charge_environment,2,tanh,0.5,0.46550194098775705,0.4790262227636197,0.013524281775862679
bsa,10k,charge_environment,2,tanh,1.0,0.46550194098775705,0.49306876656025256,0.027566825572495512
bsa,10k,ionic_screening,3,sigmoid,0.0,0.46550194098775705,0.47640781903920215,0.010905878051445106
bsa,10k,ionic_screening,3,sigmoid,0.25,0.46550194098775705,0.4712125414149943,0.005710600427237256
bsa,10k,ionic_screening,3,sigmoid,0.5,0.46550194098775705,0.4656693687601931,0.00016742777243605733
bsa,10k,ionic_screening,3,sigmoid,0.75,0.46550194098775705,0.4600687590132555,-0.005433181974501544
bsa,10k,ionic_screening,3,sigmoid,1.0,0.46550194098775705,0.45575314306792597,-0.009748797919831076
bsa,10k,crowding,4,sigmoid,0.0,0.46550194098775705,0.45868047852078414,-0.006821462466972905
bsa,10k,crowding,4,sigmoid,0.25,0.46550194098775705,0.4622263032224015,-0.0032756377653555546
bsa,10k,crowding,4,sigmoid,0.5,0.46550194098775705,0.4686054782289268,0.0031035372411697404
bsa,10k,crowding,4,sigmoid,0.75,0.46550194098775705,0.47507637829207455,0.009574437304317507
bsa,10k,crowding,4,sigmoid,1.0,0.46550194098775705,0.48228432413385014,0.016782383146093094
bsa,10k,nonlinear_conc,5,sigmoid,0.0,0.46550194098775705,0.447600742814653,-0.017901198173104038
bsa,10k,nonlinear_conc,5,sigmoid,0.25,0.46550194098775705,0.457456064993245,-0.008045875994512064
bsa,10k,nonlinear_conc,5,sigmoid,0.5,0.46550194098775705,0.4682240761807364,0.002722135192979369
bsa,10k,nonlinear_conc,5,sigmoid,0.75,0.46550194098775705,0.48042098356371976,0.014919042575962715
bsa,10k,nonlinear_conc,5,sigmoid,1.0,0.46550194098775705,0.4934684730208729,0.027966532033115832
bsa,10k,cosolute_interaction,6,tanh,-1.0,0.46550194098775705,0.45871746230358745,-0.0067844786841695925
bsa,10k,cosolute_interaction,6,tanh,-0.5,0.46550194098775705,0.46100309731803174,-0.004498843669725305
bsa,10k,cosolute_interaction,6,tanh,0.0,0.46550194098775705,0.46654134509419015,0.001039404106433106
bsa,10k,cosolute_interaction,6,tanh,0.5,0.46550194098775705,0.47397437301755363,0.008472432029796584
bsa,10k,cosolute_interaction,6,tanh,1.0,0.46550194098775705,0.478510394413846,0.013008453426088973
bsa,10k,cosolute_protection,7,sigmoid,0.0,0.46550194098775705,0.43821289492663756,-0.027289046061119482
bsa,10k,cosolute_protection,7,sigmoid,0.25,0.46550194098775705,0.4530975202422716,-0.012404420745485423
bsa,10k,cosolute_protection,7,sigmoid,0.5,0.46550194098775705,0.4701291379333411,0.004627196945584056
bsa,10k,cosolute_protection,7,sigmoid,0.75,0.46550194098775705,0.4891896152371013,0.02368767424934426
bsa,10k,cosolute_protection,7,sigmoid,1.0,0.46550194098775705,0.5100141358433504,0.04451219485559338
bsa,10k,interfacial_shielding,8,sigmoid,0.0,0.46550194098775705,0.4615048453505517,-0.00399709563720535
bsa,10k,interfacial_shielding,8,sigmoid,0.25,0.46550194098775705,0.4637347073103532,-0.0017672336774038344
bsa,10k,interfacial_shielding,8,sigmoid,0.5,0.46550194098775705,0.46643756966504196,0.0009356286772849165
bsa,10k,interfacial_shielding,8,sigmoid,0.75,0.46550194098775705,0.46826091256627916,0.002758971578522118
bsa,10k,interfacial_shielding,8,sigmoid,1.0,0.46550194098775705,0.4698019069643043,0.004299965976547249
bsa,10k,surface_stability,9,sigmoid,0.0,0.46550194098775705,0.4762445209759772,0.010742579988220147
bsa,10k,surface_stability,9,sigmoid,0.25,0.46550194098775705,0.4706863668118996,0.00518442582414258
bsa,10k,surface_stability,9,sigmoid,0.5,0.46550194098775705,0.4665823448058631,0.001080403818106035
bsa,10k,surface_stability,9,sigmoid,0.75,0.46550194098775705,0.46277545886855115,-0.0027264821192058974
bsa,10k,surface_stability,9,sigmoid,1.0,0.46550194098775705,0.45966120300203395,-0.005840737985723099
bsa,10k,chemical_modulation,10,tanh,-1.0,0.46550194098775705,0.4584614099888333,-0.007040530998923766
bsa,10k,chemical_modulation,10,tanh,-0.5,0.46550194098775705,0.4612668504931682,-0.004235090494588867
bsa,10k,chemical_modulation,10,tanh,0.0,0.46550194098775705,0.4645775170881877,-0.000924423899569371
bsa,10k,chemical_modulation,10,tanh,0.5,0.46550194098775705,0.47298674672422847,0.007484805736471423
bsa,10k,chemical_modulation,10,tanh,1.0,0.46550194098775705,0.4806240892309493,0.015122148243192246
bsa,10k,electrostatic_screening,11,sigmoid,0.0,0.46550194098775705,0.4585652448940691,-0.006936696093687966
bsa,10k,electrostatic_screening,11,sigmoid,0.25,0.46550194098775705,0.4617154656921503,-0.0037864752956067727
bsa,10k,electrostatic_screening,11,sigmoid,0.5,0.46550194098775705,0.4653609697306238,-0.00014097125713324887
bsa,10k,electrostatic_screening,11,sigmoid,0.75,0.46550194098775705,0.46934258736251744,0.0038406463747603925
bsa,10k,electrostatic_screening,11,sigmoid,1.0,0.46550194098775705,0.4736927046104733,0.008190763622716257
bsa,10k,latent_0,12,tanh,-1.0,0.46550194098775705,0.46275449484063996,-0.002747446147117083
bsa,10k,latent_0,12,tanh,-0.5,0.46550194098775705,0.4643373474747325,-0.0011645935130245588
bsa,10k,latent_0,12,tanh,0.0,0.46550194098775705,0.46558198287204666,8.004188428961667e-05
bsa,10k,latent_0,12,tanh,0.5,0.46550194098775705,0.46849756274690013,0.0029956217591430856
bsa,10k,latent_0,12,tanh,1.0,0.46550194098775705,0.47145148401090364,0.005949543023146597
bsa,10k,latent_1,13,tanh,-1.0,0.46550194098775705,0.4431653135838652,-0.022336627403891862
bsa,10k,latent_1,13,tanh,-0.5,0.46550194098775705,0.4550191797021846,-0.010482761285572462
bsa,10k,latent_1,13,tanh,0.0,0.46550194098775705,0.4656118605553433,0.00010991956758626964
bsa,10k,latent_1,13,tanh,0.5,0.46550194098775705,0.48105134604970035,0.0155494050619433
bsa,10k,latent_1,13,tanh,1.0,0.46550194098775705,0.5023277565953838,0.03682581560762671
bsa,10k,latent_2,14,tanh,-1.0,0.46550194098775705,0.5676044577757081,0.10210251678795107
bsa,10k,latent_2,14,tanh,-0.5,0.46550194098775705,0.5181644945152695,0.05266255352751242
bsa,10k,latent_2,14,tanh,0.0,0.46550194098775705,0.4694051872376469,0.003903246249889858
bsa,10k,latent_2,14,tanh,0.5,0.46550194098775705,0.4334803205764161,-0.032021620411340934
bsa,10k,latent_2,14,tanh,1.0,0.46550194098775705,0.40858488190193837,-0.05691705908581868
bsa,10k,latent_3,15,tanh,-1.0,0.46550194098775705,0.48853936284842153,0.023037421860664486
bsa,10k,latent_3,15,tanh,-0.5,0.46550194098775705,0.47439368589973835,0.008891744911981303
bsa,10k,latent_3,15,tanh,0.0,0.46550194098775705,0.4655327444292864,3.0803441529336784e-05
bsa,10k,latent_3,15,tanh,0.5,0.46550194098775705,0.46304152902518614,-0.0024604119625709076
bsa,10k,latent_3,15,tanh,1.0,0.46550194098775705,0.46252332163190946,-0.0029786193558475893
bsa,100k,self_interaction,0,tanh,-1.0,0.4252078225868313,0.48499845979305084,0.05979063720621952
bsa,100k,self_interaction,0,tanh,-0.5,0.4252078225868313,0.46035128335881353,0.035143460771982216
bsa,100k,self_interaction,0,tanh,0.0,0.4252078225868313,0.4384084833335812,0.01320066074674986
bsa,100k,self_interaction,0,tanh,0.5,0.4252078225868313,0.4224632493933357,-0.0027445731934956363
bsa,100k,self_interaction,0,tanh,1.0,0.4252078225868313,0.4216577569815783,-0.0035500656052530055
bsa,100k,hydrophobicity,1,sigmoid,0.0,0.4252078225868313,0.42732509372693955,0.0021172711401082345
bsa,100k,hydrophobicity,1,sigmoid,0.25,0.4252078225868313,0.4261751158159569,0.0009672932291255876
bsa,100k,hydrophobicity,1,sigmoid,0.5,0.4252078225868313,0.42517649679009806,-3.132579673326141e-05
bsa,100k,hydrophobicity,1,sigmoid,0.75,0.4252078225868313,0.42566100451497224,0.0004531819281409222
bsa,100k,hydrophobicity,1,sigmoid,1.0,0.4252078225868313,0.4269589951346735,0.0017511725478421836
bsa,100k,charge_environment,2,tanh,-1.0,0.4252078225868313,0.4143881240933217,-0.01081969849350961
bsa,100k,charge_environment,2,tanh,-0.5,0.4252078225868313,0.4190376336224548,-0.006170188964376544
bsa,100k,charge_environment,2,tanh,0.0,0.4252078225868313,0.4255687390017279,0.000360916414896606
bsa,100k,charge_environment,2,tanh,0.5,0.4252078225868313,0.4389544996766737,0.013746677089842396
bsa,100k,charge_environment,2,tanh,1.0,0.4252078225868313,0.45573671732408827,0.03052889473725695
bsa,100k,ionic_screening,3,sigmoid,0.0,0.4252078225868313,0.4386573778304917,0.013449555243660372
bsa,100k,ionic_screening,3,sigmoid,0.25,0.4252078225868313,0.43185635445030923,0.006648531863477913
bsa,100k,ionic_screening,3,sigmoid,0.5,0.4252078225868313,0.4253707560357803,0.00016293344894896533
bsa,100k,ionic_screening,3,sigmoid,0.75,0.4252078225868313,0.4211821241233368,-0.0040256984634945425
bsa,100k,ionic_screening,3,sigmoid,1.0,0.4252078225868313,0.41744909455720686,-0.007758728029624462
bsa,100k,crowding,4,sigmoid,0.0,0.4252078225868313,0.4206462394024666,-0.004561583184364726
bsa,100k,crowding,4,sigmoid,0.25,0.4252078225868313,0.42333827193738327,-0.0018695506494480485
bsa,100k,crowding,4,sigmoid,0.5,0.4252078225868313,0.42847153410367,0.0032637115168386854
bsa,100k,crowding,4,sigmoid,0.75,0.4252078225868313,0.4356249145139722,0.010417091927140854
bsa,100k,crowding,4,sigmoid,1.0,0.4252078225868313,0.44199547065963307,0.016787648072801753
bsa,100k,nonlinear_conc,5,sigmoid,0.0,0.4252078225868313,0.40995408349988294,-0.015253739086948381
bsa,100k,nonlinear_conc,5,sigmoid,0.25,0.4252078225868313,0.4178350633345561,-0.007372759252275207
bsa,100k,nonlinear_conc,5,sigmoid,0.5,0.4252078225868313,0.4278996223892314,0.0026917998024000855
bsa,100k,nonlinear_conc,5,sigmoid,0.75,0.4252078225868313,0.44094181815135086,0.015733995564519543
bsa,100k,nonlinear_conc,5,sigmoid,1.0,0.4252078225868313,0.4556181685519702,0.030410345965138863
bsa,100k,cosolute_interaction,6,tanh,-1.0,0.4252078225868313,0.4241683305592253,-0.0010394920276060038
bsa,100k,cosolute_interaction,6,tanh,-0.5,0.4252078225868313,0.4238658144904921,-0.00134200809633922
bsa,100k,cosolute_interaction,6,tanh,0.0,0.4252078225868313,0.42566046664426727,0.00045264405743594693
bsa,100k,cosolute_interaction,6,tanh,0.5,0.4252078225868313,0.43098331789040323,0.005775495303571909
bsa,100k,cosolute_interaction,6,tanh,1.0,0.4252078225868313,0.4347559637026908,0.009548141115859499
bsa,100k,cosolute_protection,7,sigmoid,0.0,0.4252078225868313,0.401337705115616,-0.023870117471215313
bsa,100k,cosolute_protection,7,sigmoid,0.25,0.4252078225868313,0.4142115111442309,-0.010996311442600437
bsa,100k,cosolute_protection,7,sigmoid,0.5,0.4252078225868313,0.42951719612888256,0.0043093735420512425
bsa,100k,cosolute_protection,7,sigmoid,0.75,0.4252078225868313,0.44868964912736514,0.023481826540533823
bsa,100k,cosolute_protection,7,sigmoid,1.0,0.4252078225868313,0.4684637156812371,0.043255893094405806
bsa,100k,interfacial_shielding,8,sigmoid,0.0,0.4252078225868313,0.42192526490798243,-0.0032825576788488853
bsa,100k,interfacial_shielding,8,sigmoid,0.25,0.4252078225868313,0.4232932459531733,-0.0019145766336580161
bsa,100k,interfacial_shielding,8,sigmoid,0.5,0.4252078225868313,0.4268175609984239,0.001609738411592565
bsa,100k,interfacial_shielding,8,sigmoid,0.75,0.4252078225868313,0.4311538125602246,0.005945989973393295
bsa,100k,interfacial_shielding,8,sigmoid,1.0,0.4252078225868313,0.4343693484461288,0.00916152585929747
bsa,100k,surface_stability,9,sigmoid,0.0,0.4252078225868313,0.4321836177433067,0.006975795156475395
bsa,100k,surface_stability,9,sigmoid,0.25,0.4252078225868313,0.42840483296441484,0.00319701037758352
bsa,100k,surface_stability,9,sigmoid,0.5,0.4252078225868313,0.4255798222413514,0.000371999654520061
bsa,100k,surface_stability,9,sigmoid,0.75,0.4252078225868313,0.4246008199807244,-0.00060700260610691
bsa,100k,surface_stability,9,sigmoid,1.0,0.4252078225868313,0.4244050453877675,-0.0008027771990637977
bsa,100k,chemical_modulation,10,tanh,-1.0,0.4252078225868313,0.4239648292467176,-0.0012429933401137405
bsa,100k,chemical_modulation,10,tanh,-0.5,0.4252078225868313,0.42690810946287916,0.0017002868760478407
bsa,100k,chemical_modulation,10,tanh,0.0,0.4252078225868313,0.42543973795369805,0.00023191536686673064
bsa,100k,chemical_modulation,10,tanh,0.5,0.4252078225868313,0.431474290407405,0.006266467820573662
bsa,100k,chemical_modulation,10,tanh,1.0,0.4252078225868313,0.4387604886790092,0.013552666092177867
bsa,100k,electrostatic_screening,11,sigmoid,0.0,0.4252078225868313,0.4208852815561747,-0.0043225410306566014
bsa,100k,electrostatic_screening,11,sigmoid,0.25,0.4252078225868313,0.4236050816662376,-0.0016027409205937038
bsa,100k,electrostatic_screening,11,sigmoid,0.5,0.4252078225868313,0.42513274307697885,-7.507950985247147e-05
bsa,100k,electrostatic_screening,11,sigmoid,0.75,0.4252078225868313,0.42840901697787975,0.003201194391048434
bsa,100k,electrostatic_screening,11,sigmoid,1.0,0.4252078225868313,0.43275626902996467,0.00754844644313335
bsa,100k,latent_0,12,tanh,-1.0,0.4252078225868313,0.4201886355565104,-0.005019187030320893
bsa,100k,latent_0,12,tanh,-0.5,0.4252078225868313,0.42218526850368493,-0.0030225540831463893
bsa,100k,latent_0,12,tanh,0.0,0.4252078225868313,0.42542631704524125,0.00021849445840993464
bsa,100k,latent_0,12,tanh,0.5,0.4252078225868313,0.4319420931094216,0.006734270522590291
bsa,100k,latent_0,12,tanh,1.0,0.4252078225868313,0.4381291836263364,0.012921361039505086
bsa,100k,latent_1,13,tanh,-1.0,0.4252078225868313,0.40240617492745456,-0.022801647659376756
bsa,100k,latent_1,13,tanh,-0.5,0.4252078225868313,0.414979099186786,-0.010228723400045325
bsa,100k,latent_1,13,tanh,0.0,0.4252078225868313,0.4253305036540773,0.00012268106724599992
bsa,100k,latent_1,13,tanh,0.5,0.4252078225868313,0.4428164734006628,0.017608650813831506
bsa,100k,latent_1,13,tanh,1.0,0.4252078225868313,0.4645140561027468,0.0393062335159155
bsa,100k,latent_2,14,tanh,-1.0,0.4252078225868313,0.5300003910973912,0.10479256851055985
bsa,100k,latent_2,14,tanh,-0.5,0.4252078225868313,0.4803893914175509,0.05518156883071956
bsa,100k,latent_2,14,tanh,0.0,0.4252078225868313,0.42887900219371866,0.0036711796068873426
bsa,100k,latent_2,14,tanh,0.5,0.4252078225868313,0.39650881570636154,-0.02869900688046978
bsa,100k,latent_2,14,tanh,1.0,0.4252078225868313,0.3726884667908609,-0.052519355795970446
bsa,100k,latent_3,15,tanh,-1.0,0.4252078225868313,0.44310401183899495,0.01789618925216363
bsa,100k,latent_3,15,tanh,-0.5,0.4252078225868313,0.43173958996081835,0.00653176737398703
bsa,100k,latent_3,15,tanh,0.0,0.4252078225868313,0.4252244707195182,1.6648132686869488e-05
bsa,100k,latent_3,15,tanh,0.5,0.4252078225868313,0.4278678052682965,0.0026599826814651673
bsa,100k,latent_3,15,tanh,1.0,0.4252078225868313,0.4256680123496385,0.000460189762807206
bsa,15M,self_interaction,0,tanh,-1.0,0.3396768177694402,0.3758196604127523,0.03614284264331208
bsa,15M,self_interaction,0,tanh,-0.5,0.3396768177694402,0.361322679548587,0.02164586177914679
bsa,15M,self_interaction,0,tanh,0.0,0.3396768177694402,0.3452832613447937,0.005606443575353504
bsa,15M,self_interaction,0,tanh,0.5,0.3396768177694402,0.3392847100254866,-0.0003921077439535958
bsa,15M,self_interaction,0,tanh,1.0,0.3396768177694402,0.33826672765424737,-0.0014100901151928302
bsa,15M,hydrophobicity,1,sigmoid,0.0,0.3396768177694402,0.33617617937887756,-0.003500638390562638
bsa,15M,hydrophobicity,1,sigmoid,0.25,0.3396768177694402,0.3378090203716171,-0.0018677973978231122
bsa,15M,hydrophobicity,1,sigmoid,0.5,0.3396768177694402,0.3392856202682182,-0.00039119750122201813
bsa,15M,hydrophobicity,1,sigmoid,0.75,0.3396768177694402,0.34060419995788715,0.0009273821884469569
bsa,15M,hydrophobicity,1,sigmoid,1.0,0.3396768177694402,0.34236660572853017,0.002689787959089973
bsa,15M,charge_environment,2,tanh,-1.0,0.3396768177694402,0.3159152622594643,-0.023761555509975885
bsa,15M,charge_environment,2,tanh,-0.5,0.3396768177694402,0.32616995343652755,-0.01350686433291265
bsa,15M,charge_environment,2,tanh,0.0,0.3396768177694402,0.3405459547667348,0.0008691369972946283
bsa,15M,charge_environment,2,tanh,0.5,0.3396768177694402,0.3564542876735163,0.01677746990407608
bsa,15M,charge_environment,2,tanh,1.0,0.3396768177694402,0.3729627808504169,0.0332859630809767
bsa,15M,ionic_screening,3,sigmoid,0.0,0.3396768177694402,0.35245161938549696,0.012774801616056763
bsa,15M,ionic_screening,3,sigmoid,0.25,0.3396768177694402,0.34558963042963486,0.005912812660194666
bsa,15M,ionic_screening,3,sigmoid,0.5,0.3396768177694402,0.3398362964334762,0.00015947866403598354
bsa,15M,ionic_screening,3,sigmoid,0.75,0.3396768177694402,0.33448583793903874,-0.005190979830401454
bsa,15M,ionic_screening,3,sigmoid,1.0,0.3396768177694402,0.3291324211557237,-0.010544396613716478
bsa,15M,crowding,4,sigmoid,0.0,0.3396768177694402,0.33387764063934666,-0.005799177130093536
bsa,15M,crowding,4,sigmoid,0.25,0.3396768177694402,0.337710796905948,-0.0019660208634921794
bsa,15M,crowding,4,sigmoid,0.5,0.3396768177694402,0.3418438988399327,0.002167081070492516
bsa,15M,crowding,4,sigmoid,0.75,0.3396768177694402,0.34835095519249143,0.008674137423051231
bsa,15M,crowding,4,sigmoid,1.0,0.3396768177694402,0.35460663973979634,0.014929821970356139
bsa,15M,nonlinear_conc,5,sigmoid,0.0,0.3396768177694402,0.3288252659521598,-0.010851551817280425
bsa,15M,nonlinear_conc,5,sigmoid,0.25,0.3396768177694402,0.3345051288787473,-0.005171688890692916
bsa,15M,nonlinear_conc,5,sigmoid,0.5,0.3396768177694402,0.34122755073032623,0.0015507329608860365
bsa,15M,nonlinear_conc,5,sigmoid,0.75,0.3396768177694402,0.3515105835560766,0.011833765786636419
bsa,15M,nonlinear_conc,5,sigmoid,1.0,0.3396768177694402,0.36320416161838565,0.023527343848945448
bsa,15M,cosolute_interaction,6,tanh,-1.0,0.3396768177694402,0.34131951627721585,0.0016426985077756528
bsa,15M,cosolute_interaction,6,tanh,-0.5,0.3396768177694402,0.3401002254509585,0.0004234076815183285
bsa,15M,cosolute_interaction,6,tanh,0.0,0.3396768177694402,0.33950505082852817,-0.0001717669409120326
bsa,15M,cosolute_interaction,6,tanh,0.5,0.3396768177694402,0.33962241007889477,-5.440769054543271e-05
bsa,15M,cosolute_interaction,6,tanh,1.0,0.3396768177694402,0.34247196632470805,0.0027951485552678568
bsa,15M,cosolute_protection,7,sigmoid,0.0,0.3396768177694402,0.3179529233633971,-0.02172389440604311
bsa,15M,cosolute_protection,7,sigmoid,0.25,0.3396768177694402,0.33025770873261284,-0.009419109036827356
bsa,15M,cosolute_protection,7,sigmoid,0.5,0.3396768177694402,0.34306408956525425,0.003387271795814051
bsa,15M,cosolute_protection,7,sigmoid,0.75,0.3396768177694402,0.3574388599990404,0.017762042229600206
bsa,15M,cosolute_protection,7,sigmoid,1.0,0.3396768177694402,0.37298566104271474,0.033308843273274547
bsa,15M,interfacial_shielding,8,sigmoid,0.0,0.3396768177694402,0.3369013221822401,-0.002775495587200083
bsa,15M,interfacial_shielding,8,sigmoid,0.25,0.3396768177694402,0.3384050845494442,-0.0012717332199960185
bsa,15M,interfacial_shielding,8,sigmoid,0.5,0.3396768177694402,0.340815614175959,0.001138796406518816
bsa,15M,interfacial_shielding,8,sigmoid,0.75,0.3396768177694402,0.34399812273184205,0.004321304962401851
bsa,15M,interfacial_shielding,8,sigmoid,1.0,0.3396768177694402,0.347355418579519,0.007678600810078817
bsa,15M,surface_stability,9,sigmoid,0.0,0.3396768177694402,0.3416887541725391,0.0020119364030988796
bsa,15M,surface_stability,9,sigmoid,0.25,0.3396768177694402,0.3408846064375442,0.001207788668104004
bsa,15M,surface_stability,9,sigmoid,0.5,0.3396768177694402,0.3399588275175448,0.0002820097481046058
bsa,15M,surface_stability,9,sigmoid,0.75,0.3396768177694402,0.3390272664874666,-0.0006495512819735816
bsa,15M,surface_stability,9,sigmoid,1.0,0.3396768177694402,0.3378396996891376,-0.0018371180803026244
bsa,15M,chemical_modulation,10,tanh,-1.0,0.3396768177694402,0.3399294515021173,0.0002526337326770878
bsa,15M,chemical_modulation,10,tanh,-0.5,0.3396768177694402,0.33871342927475967,-0.0009633884946805282
bsa,15M,chemical_modulation,10,tanh,0.0,0.3396768177694402,0.3391252106741158,-0.0005516070953244245
bsa,15M,chemical_modulation,10,tanh,0.5,0.3396768177694402,0.3422054513903747,0.0025286336209345284
bsa,15M,chemical_modulation,10,tanh,1.0,0.3396768177694402,0.34618477402106307,0.006507956251622871
bsa,15M,electrostatic_screening,11,sigmoid,0.0,0.3396768177694402,0.3382740302834346,-0.0014027874860055856
bsa,15M,electrostatic_screening,11,sigmoid,0.25,0.3396768177694402,0.33912321434630677,-0.0005536034231334308
bsa,15M,electrostatic_screening,11,sigmoid,0.5,0.3396768177694402,0.33968794755556697,1.11297861267734e-05
bsa,15M,electrostatic_screening,11,sigmoid,0.75,0.3396768177694402,0.3398343311366694,0.00015751336722918952
bsa,15M,electrostatic_screening,11,sigmoid,1.0,0.3396768177694402,0.3402106647878318,0.0005338470183915978
bsa,15M,latent_0,12,tanh,-1.0,0.3396768177694402,0.3262432176327506,-0.013433600136689594
bsa,15M,latent_0,12,tanh,-0.5,0.3396768177694402,0.3325265301156918,-0.007150287653748422
bsa,15M,latent_0,12,tanh,0.0,0.3396768177694402,0.34009186776769607,0.0004150499982558675
bsa,15M,latent_0,12,tanh,0.5,0.3396768177694402,0.3483544099774044,0.008677592207964213
bsa,15M,latent_0,12,tanh,1.0,0.3396768177694402,0.3575654664880663,0.01788864871862611
bsa,15M,latent_1,13,tanh,-1.0,0.3396768177694402,0.3156295081037594,-0.024047309665680805
bsa,15M,latent_1,13,tanh,-0.5,0.3396768177694402,0.3270052873287457,-0.012671530440694523
bsa,15M,latent_1,13,tanh,0.0,0.3396768177694402,0.3398651345781988,0.0001883168087585818
bsa,15M,latent_1,13,tanh,0.5,0.3396768177694402,0.35727995023671166,0.017603132467271465
bsa,15M,latent_1,13,tanh,1.0,0.3396768177694402,0.3747262106441329,0.03504939287469272
bsa,15M,latent_2,14,tanh,-1.0,0.3396768177694402,0.42330890626562306,0.08363208849618287
bsa,15M,latent_2,14,tanh,-0.5,0.3396768177694402,0.3803425117345225,0.040665693965082295
bsa,15M,latent_2,14,tanh,0.0,0.3396768177694402,0.3420596367109795,0.0023828189415392997
bsa,15M,latent_2,14,tanh,0.5,0.3396768177694402,0.3148475889100159,-0.02482922885942429
bsa,15M,latent_2,14,tanh,1.0,0.3396768177694402,0.29471177844785496,-0.04496503932158524
bsa,15M,latent_3,15,tanh,-1.0,0.3396768177694402,0.3461493366165367,0.006472518847096487
bsa,15M,latent_3,15,tanh,-0.5,0.3396768177694402,0.34183769263949026,0.002160874870050067
bsa,15M,latent_3,15,tanh,0.0,0.3396768177694402,0.33967578340269977,-1.0343667404266732e-06
bsa,15M,latent_3,15,tanh,0.5,0.3396768177694402,0.33962839906232173,-4.8418707118469406e-05
bsa,15M,latent_3,15,tanh,1.0,0.3396768177694402,0.33234058200676875,-0.00733623576267145
etanercept,100,self_interaction,0,tanh,-1.0,0.5897697940473885,0.6115107658483158,0.021740971800927267
etanercept,100,self_interaction,0,tanh,-0.5,0.5897697940473885,0.5846147998358858,-0.0051549942115026726
etanercept,100,self_interaction,0,tanh,0.0,0.5897697940473885,0.5619379743829077,-0.027831819664480784
etanercept,100,self_interaction,0,tanh,0.5,0.5897697940473885,0.5348380467647705,-0.05493174728261796
etanercept,100,self_interaction,0,tanh,1.0,0.5897697940473885,0.5182832010283155,-0.07148659301907301
etanercept,100,hydrophobicity,1,sigmoid,0.0,0.5897697940473885,0.5844472944859442,-0.0053224995614442605
etanercept,100,hydrophobicity,1,sigmoid,0.25,0.5897697940473885,0.588844139251398,-0.0009256547959904937
etanercept,100,hydrophobicity,1,sigmoid,0.5,0.5897697940473885,0.5932502105681763,0.003480416520787788
etanercept,100,hydrophobicity,1,sigmoid,0.75,0.5897697940473885,0.5978547768624386,0.008084982815050101
etanercept,100,hydrophobicity,1,sigmoid,1.0,0.5897697940473885,0.6014321652651394,0.011662371217750933
etanercept,100,charge_environment,2,tanh,-1.0,0.5897697940473885,0.6076269256114344,0.01785713156404589
etanercept,100,charge_environment,2,tanh,-0.5,0.5897697940473885,0.6022659786382492,0.01249618459086066
etanercept,100,charge_environment,2,tanh,0.0,0.5897697940473885,0.5962909177876168,0.006521123740228285
etanercept,100,charge_environment,2,tanh,0.5,0.5897697940473885,0.5891562490716485,-0.0006135449757399547
etanercept,100,charge_environment,2,tanh,1.0,0.5897697940473885,0.5828416676821448,-0.0069281263652436476
etanercept,100,ionic_screening,3,sigmoid,0.0,0.5897697940473885,0.6032233367748332,0.0134535427274447
etanercept,100,ionic_screening,3,sigmoid,0.25,0.5897697940473885,0.598196066168436,0.008426272121047518
etanercept,100,ionic_screening,3,sigmoid,0.5,0.5897697940473885,0.5927936100579583,0.0030238160105697798
etanercept,100,ionic_screening,3,sigmoid,0.75,0.5897697940473885,0.5863427094757363,-0.0034270845716521947
etanercept,100,ionic_screening,3,sigmoid,1.0,0.5897697940473885,0.5797990986025715,-0.00997069544481699
etanercept,100,crowding,4,sigmoid,0.0,0.5897697940473885,0.597732556088392,0.007962762041003546
etanercept,100,crowding,4,sigmoid,0.25,0.5897697940473885,0.5932618575376732,0.003492063490284747
etanercept,100,crowding,4,sigmoid,0.5,0.5897697940473885,0.5888942439763034,-0.000875550071085085
etanercept,100,crowding,4,sigmoid,0.75,0.5897697940473885,0.5843828741253517,-0.00538691992203677
etanercept,100,crowding,4,sigmoid,1.0,0.5897697940473885,0.5789848968228599,-0.010784897224528578
etanercept,100,nonlinear_conc,5,sigmoid,0.0,0.5897697940473885,0.6188753639470091,0.029105569899620654
etanercept,100,nonlinear_conc,5,sigmoid,0.25,0.5897697940473885,0.603914852315465,0.014145058268076549
etanercept,100,nonlinear_conc,5,sigmoid,0.5,0.5897697940473885,0.5884737738963278,-0.0012960201510606728
etanercept,100,nonlinear_conc,5,sigmoid,0.75,0.5897697940473885,0.573759731171688,-0.016010062875700504
etanercept,100,nonlinear_conc,5,sigmoid,1.0,0.5897697940473885,0.5607333508770294,-0.02903644317035914
etanercept,100,cosolute_interaction,6,tanh,-1.0,0.5897697940473885,0.6276500314735606,0.03788023742617208
etanercept,100,cosolute_interaction,6,tanh,-0.5,0.5897697940473885,0.6161757495038853,0.02640595545649682
etanercept,100,cosolute_interaction,6,tanh,0.0,0.5897697940473885,0.6012448931667888,0.011475099119400256
etanercept,100,cosolute_interaction,6,tanh,0.5,0.5897697940473885,0.5872083710007832,-0.002561423046605338
etanercept,100,cosolute_interaction,6,tanh,1.0,0.5897697940473885,0.5726516554573593,-0.017118138590029197
etanercept,100,cosolute_protection,7,sigmoid,0.0,0.5897697940473885,0.6325100760090361,0.042740281961647586
etanercept,100,cosolute_protection,7,sigmoid,0.25,0.5897697940473885,0.6142961810125563,0.024526386965167846
etanercept,100,cosolute_protection,7,sigmoid,0.5,0.5897697940473885,0.5967015717272259,0.006931777679837436
etanercept,100,cosolute_protection,7,sigmoid,0.75,0.5897697940473885,0.5786182655317226,-0.01115152851566592
etanercept,100,cosolute_protection,7,sigmoid,1.0,0.5897697940473885,0.5607820230039993,-0.028987771043389232
etanercept,100,interfacial_shielding,8,sigmoid,0.0,0.5897697940473885,0.6330604004896024,0.04329060644221394
etanercept,100,interfacial_shielding,8,sigmoid,0.25,0.5897697940473885,0.6160125988379208,0.026242804790532315
etanercept,100,interfacial_shielding,8,sigmoid,0.5,0.5897697940473885,0.5990905141198684,0.00932072007247986
etanercept,100,interfacial_shielding,8,sigmoid,0.75,0.5897697940473885,0.5818513959958811,-0.007918398051507403
etanercept,100,interfacial_shielding,8,sigmoid,1.0,0.5897697940473885,0.5655953762248128,-0.024174417822575678
etanercept,100,surface_stability,9,sigmoid,0.0,0.5897697940473885,0.6269876643876733,0.03721787034028479
etanercept,100,surface_stability,9,sigmoid,0.25,0.5897697940473885,0.5983545001220641,0.008584706074675652
etanercept,100,surface_stability,9,sigmoid,0.5,0.5897697940473885,0.5713803877023965,-0.018389406344991976
etanercept,100,surface_stability,9,sigmoid,0.75,0.5897697940473885,0.5449392948077281,-0.044830499239660426
etanercept,100,surface_stability,9,sigmoid,1.0,0.5897697940473885,0.5184800461908486,-0.07128974785653985
etanercept,100,chemical_modulation,10,tanh,-1.0,0.5897697940473885,0.5619390708116525,-0.027830723235735988
etanercept,100,chemical_modulation,10,tanh,-0.5,0.5897697940473885,0.576182476669407,-0.013587317377981467
etanercept,100,chemical_modulation,10,tanh,0.0,0.5897697940473885,0.5859075513880468,-0.0038622426593416526
etanercept,100,chemical_modulation,10,tanh,0.5,0.5897697940473885,0.594529949786743,0.00476015573935451
etanercept,100,chemical_modulation,10,tanh,1.0,0.5897697940473885,0.6048142962582537,0.015044502210865174
etanercept,100,electrostatic_screening,11,sigmoid,0.0,0.5897697940473885,0.5881599366836208,-0.0016098573637677305
etanercept,100,electrostatic_screening,11,sigmoid,0.25,0.5897697940473885,0.5894164750562002,-0.00035331899118828947
etanercept,100,electrostatic_screening,11,sigmoid,0.5,0.5897697940473885,0.5907131985766444,0.0009434045292558979
etanercept,100,electrostatic_screening,11,sigmoid,0.75,0.5897697940473885,0.5920341883408186,0.002264394293430061
etanercept,100,electrostatic_screening,11,sigmoid,1.0,0.5897697940473885,0.5924349227033872,0.002665128655998661
etanercept,100,latent_0,12,tanh,-1.0,0.5897697940473885,0.6616624820346624,0.07189268798727388
etanercept,100,latent_0,12,tanh,-0.5,0.5897697940473885,0.6302709202640719,0.04050112621668345
etanercept,100,latent_0,12,tanh,0.0,0.5897697940473885,0.5960833927884889,0.006313598741100379
etanercept,100,latent_0,12,tanh,0.5,0.5897697940473885,0.5620939258563589,-0.02767586819102963
etanercept,100,latent_0,12,tanh,1.0,0.5897697940473885,0.5322281791518781,-0.05754161489551035
etanercept,100,latent_1,13,tanh,-1.0,0.5897697940473885,0.583127173589832,-0.006642620457556481
etanercept,100,latent_1,13,tanh,-0.5,0.5897697940473885,0.584797882748938,-0.004971911298450538
etanercept,100,latent_1,13,tanh,0.0,0.5897697940473885,0.5894199712157828,-0.00034982283160567285
etanercept,100,latent_1,13,tanh,0.5,0.5897697940473885,0.5964672359421866,0.006697441894798151
etanercept,100,latent_1,13,tanh,1.0,0.5897697940473885,0.6061213531024345,0.01635155905504604
etanercept,100,latent_2,14,tanh,-1.0,0.5897697940473885,0.6505877035311346,0.0608179094837461
etanercept,100,latent_2,14,tanh,-0.5,0.5897697940473885,0.6167077656931463,0.02693797164575784
etanercept,100,latent_2,14,tanh,0.0,0.5897697940473885,0.5837584682988375,-0.006011325748551011
etanercept,100,latent_2,14,tanh,0.5,0.5897697940473885,0.5530476801702798,-0.036722113877108664
etanercept,100,latent_2,14,tanh,1.0,0.5897697940473885,0.513912039589026,-0.07585775445836251
etanercept,100,latent_3,15,tanh,-1.0,0.5897697940473885,0.6679855659187722,0.07821577187138373
etanercept,100,latent_3,15,tanh,-0.5,0.5897697940473885,0.6245646189235996,0.034794824876211106
etanercept,100,latent_3,15,tanh,0.0,0.5897697940473885,0.582285467998493,-0.007484326048895484
etanercept,100,latent_3,15,tanh,0.5,0.5897697940473885,0.5444632068281208,-0.045306587219267724
etanercept,100,latent_3,15,tanh,1.0,0.5897697940473885,0.5101316967952314,-0.07963809725215709
etanercept,1k,self_interaction,0,tanh,-1.0,0.5585069281866396,0.5780352757494942,0.019528347562854598
etanercept,1k,self_interaction,0,tanh,-0.5,0.5585069281866396,0.5542521795521493,-0.0042547486344902685
etanercept,1k,self_interaction,0,tanh,0.0,0.5585069281866396,0.5314211248463427,-0.027085803340296866
etanercept,1k,self_interaction,0,tanh,0.5,0.5585069281866396,0.5044826347242563,-0.054024293462383355
etanercept,1k,self_interaction,0,tanh,1.0,0.5585069281866396,0.4873265759262841,-0.07118035226035552
etanercept,1k,hydrophobicity,1,sigmoid,0.0,0.5585069281866396,0.5550345590390924,-0.0034723691475472274
etanercept,1k,hydrophobicity,1,sigmoid,0.25,0.5585069281866396,0.5578442404470629,-0.0006626877395766728
etanercept,1k,hydrophobicity,1,sigmoid,0.5,0.5585069281866396,0.5609352902957591,0.002428362109119453
etanercept,1k,hydrophobicity,1,sigmoid,0.75,0.5585069281866396,0.5639695120357373,0.005462583849097702
etanercept,1k,hydrophobicity,1,sigmoid,1.0,0.5585069281866396,0.5673437456387884,0.008836817452148815
etanercept,1k,charge_environment,2,tanh,-1.0,0.5585069281866396,0.5713649239196273,0.012857995732987737
etanercept,1k,charge_environment,2,tanh,-0.5,0.5585069281866396,0.5679871372668229,0.009480209080183322
etanercept,1k,charge_environment,2,tanh,0.0,0.5585069281866396,0.5645564996454173,0.006049571458777714
etanercept,1k,charge_environment,2,tanh,0.5,0.5585069281866396,0.5578239513434498,-0.0006829768431898531
etanercept,1k,charge_environment,2,tanh,1.0,0.5585069281866396,0.5523514324018106,-0.00615549578482899
etanercept,1k,ionic_screening,3,sigmoid,0.0,0.5585069281866396,0.5716382656744474,0.013131337487807815
etanercept,1k,ionic_screening,3,sigmoid,0.25,0.5585069281866396,0.5680780736188058,0.009571145432166195
etanercept,1k,ionic_screening,3,sigmoid,0.5,0.5585069281866396,0.5618530528735203,0.0033461246868806693
etanercept,1k,ionic_screening,3,sigmoid,0.75,0.5585069281866396,0.5547384198413137,-0.0037685083453259383
etanercept,1k,ionic_screening,3,sigmoid,1.0,0.5585069281866396,0.5478125535673978,-0.010694374619241831
etanercept,1k,crowding,4,sigmoid,0.0,0.5585069281866396,0.5663107184033099,0.0078037902166703255
etanercept,1k,crowding,4,sigmoid,0.25,0.5585069281866396,0.5622013293268491,0.003694401140209469
etanercept,1k,crowding,4,sigmoid,0.5,0.5585069281866396,0.5574809294731622,-0.0010259987134774162
etanercept,1k,crowding,4,sigmoid,0.75,0.5585069281866396,0.5525129280809904,-0.005994000105649211
etanercept,1k,crowding,4,sigmoid,1.0,0.5585069281866396,0.5481820552262398,-0.010324872960399856
etanercept,1k,nonlinear_conc,5,sigmoid,0.0,0.5585069281866396,0.5875455538708211,0.029038625684181474
etanercept,1k,nonlinear_conc,5,sigmoid,0.25,0.5585069281866396,0.5732985173858078,0.014791589199168231
etanercept,1k,nonlinear_conc,5,sigmoid,0.5,0.5585069281866396,0.5571430846084104,-0.0013638435782291625
etanercept,1k,nonlinear_conc,5,sigmoid,0.75,0.5585069281866396,0.5411795320331922,-0.01732739615344736
etanercept,1k,nonlinear_conc,5,sigmoid,1.0,0.5585069281866396,0.5272658745345291,-0.031241053652110495
etanercept,1k,cosolute_interaction,6,tanh,-1.0,0.5585069281866396,0.5936196346495127,0.03511270646287312
etanercept,1k,cosolute_interaction,6,tanh,-0.5,0.5585069281866396,0.5845536584178603,0.026046730231220727
etanercept,1k,cosolute_interaction,6,tanh,0.0,0.5585069281866396,0.5714729531819955,0.01296602499535593
etanercept,1k,cosolute_interaction,6,tanh,0.5,0.5585069281866396,0.5552018782030206,-0.003305049983619024
etanercept,1k,cosolute_interaction,6,tanh,1.0,0.5585069281866396,0.5392892733616013,-0.019217654825038344
etanercept,1k,cosolute_protection,7,sigmoid,0.0,0.5585069281866396,0.6022642512457927,0.04375732305915314
etanercept,1k,cosolute_protection,7,sigmoid,0.25,0.5585069281866396,0.5846852195235728,0.026178291336933168
etanercept,1k,cosolute_protection,7,sigmoid,0.5,0.5585069281866396,0.5658642908899839,0.007357362703344306
etanercept,1k,cosolute_protection,7,sigmoid,0.75,0.5585069281866396,0.546428741539245,-0.012078186647394573
etanercept,1k,cosolute_protection,7,sigmoid,1.0,0.5585069281866396,0.5272118004272575,-0.031295127759382146
etanercept,1k,interfacial_shielding,8,sigmoid,0.0,0.5585069281866396,0.5976450383184861,0.03913811013184654
etanercept,1k,interfacial_shielding,8,sigmoid,0.25,0.5585069281866396,0.5815009835752333,0.02299405538859367
etanercept,1k,interfacial_shielding,8,sigmoid,0.5,0.5585069281866396,0.5662333425992938,0.007726414412654203
etanercept,1k,interfacial_shielding,8,sigmoid,0.75,0.5585069281866396,0.5517539770007176,-0.006752951185922007
etanercept,1k,interfacial_shielding,8,sigmoid,1.0,0.5585069281866396,0.5372702567181643,-0.0212366714684753
etanercept,1k,surface_stability,9,sigmoid,0.0,0.5585069281866396,0.594706195535641,0.03619926734900136
etanercept,1k,surface_stability,9,sigmoid,0.25,0.5585069281866396,0.5670159496469197,0.008509021460280097
etanercept,1k,surface_stability,9,sigmoid,0.5,0.5585069281866396,0.5405908584057254,-0.0179160697809142
etanercept,1k,surface_stability,9,sigmoid,0.75,0.5585069281866396,0.5146044472709715,-0.04390248091566806
etanercept,1k,surface_stability,9,sigmoid,1.0,0.5585069281866396,0.4890491275464192,-0.06945780064022039
etanercept,1k,chemical_modulation,10,tanh,-1.0,0.5585069281866396,0.5219688643554854,-0.03653806383115421
etanercept,1k,chemical_modulation,10,tanh,-0.5,0.5585069281866396,0.5395655630616314,-0.018941365125008214
etanercept,1k,chemical_modulation,10,tanh,0.0,0.5585069281866396,0.55285761528173,-0.005649312904909554
etanercept,1k,chemical_modulation,10,tanh,0.5,0.5585069281866396,0.5650038167141401,0.006496888527500522
etanercept,1k,chemical_modulation,10,tanh,1.0,0.5585069281866396,0.5743529818719812,0.015846053685341643
etanercept,1k,electrostatic_screening,11,sigmoid,0.0,0.5585069281866396,0.5585128447643948,5.916577755171737e-06
etanercept,1k,electrostatic_screening,11,sigmoid,0.25,0.5585069281866396,0.5584449696188892,-6.195856775037534e-05
etanercept,1k,electrostatic_screening,11,sigmoid,0.5,0.5585069281866396,0.5585964836590241,8.955547238453931e-05
etanercept,1k,electrostatic_screening,11,sigmoid,0.75,0.5585069281866396,0.5590352206556353,0.0005282924689956614
etanercept,1k,electrostatic_screening,11,sigmoid,1.0,0.5585069281866396,0.5593822765562104,0.0008753483695708164
etanercept,1k,latent_0,12,tanh,-1.0,0.5585069281866396,0.625532765505286,0.06702583731864642
etanercept,1k,latent_0,12,tanh,-0.5,0.5585069281866396,0.5959493285152646,0.037442400328625
etanercept,1k,latent_0,12,tanh,0.0,0.5585069281866396,0.564268945691584,0.005762017504944428
etanercept,1k,latent_0,12,tanh,0.5,0.5585069281866396,0.5324052368786674,-0.02610169130797224
etanercept,1k,latent_0,12,tanh,1.0,0.5585069281866396,0.5037578772225045,-0.05474905096413507
etanercept,1k,latent_1,13,tanh,-1.0,0.5585069281866396,0.55126053751904,-0.007246390667599578
etanercept,1k,latent_1,13,tanh,-0.5,0.5585069281866396,0.5545088628306152,-0.003998065356024427
etanercept,1k,latent_1,13,tanh,0.0,0.5585069281866396,0.5583561433750568,-0.00015078481158281587
etanercept,1k,latent_1,13,tanh,0.5,0.5585069281866396,0.562622626900217,0.00411569871357742
etanercept,1k,latent_1,13,tanh,1.0,0.5585069281866396,0.5713327085674974,0.012825780380857799
etanercept,1k,latent_2,14,tanh,-1.0,0.5585069281866396,0.6105994887500169,0.0520925605633773
etanercept,1k,latent_2,14,tanh,-0.5,0.5585069281866396,0.5826667355790072,0.02415980739236756
etanercept,1k,latent_2,14,tanh,0.0,0.5585069281866396,0.5534218881977907,-0.005085039988848905
etanercept,1k,latent_2,14,tanh,0.5,0.5585069281866396,0.5204095021900674,-0.038097425996572176
etanercept,1k,latent_2,14,tanh,1.0,0.5585069281866396,0.482153009983197,-0.07635391820344262
etanercept,1k,latent_3,15,tanh,-1.0,0.5585069281866396,0.6342608244665147,0.07575389627987505
etanercept,1k,latent_3,15,tanh,-0.5,0.5585069281866396,0.591159445075791,0.032652516889151384
etanercept,1k,latent_3,15,tanh,0.0,0.5585069281866396,0.5519892333721559,-0.006517694814483721
etanercept,1k,latent_3,15,tanh,0.5,0.5585069281866396,0.5150109766732033,-0.043495951513436326
etanercept,1k,latent_3,15,tanh,1.0,0.5585069281866396,0.4786737726404934,-0.07983315554614623
etanercept,10k,self_interaction,0,tanh,-1.0,0.525135270407137,0.5435999708930802,0.018464700485943175
etanercept,10k,self_interaction,0,tanh,-0.5,0.525135270407137,0.5209687920443562,-0.004166478362780834
etanercept,10k,self_interaction,0,tanh,0.0,0.525135270407137,0.4950946779044935,-0.030040592502643515
etanercept,10k,self_interaction,0,tanh,0.5,0.525135270407137,0.46889457985399535,-0.05624069055314168
etanercept,10k,self_interaction,0,tanh,1.0,0.525135270407137,0.45153088389275187,-0.07360438651438517
etanercept,10k,hydrophobicity,1,sigmoid,0.0,0.525135270407137,0.519918281425048,-0.005216988982088999
etanercept,10k,hydrophobicity,1,sigmoid,0.25,0.525135270407137,0.5243028896319628,-0.000832380775174224
etanercept,10k,hydrophobicity,1,sigmoid,0.5,0.525135270407137,0.5276561359338511,0.0025208655267140445
etanercept,10k,hydrophobicity,1,sigmoid,0.75,0.525135270407137,0.5304653751500401,0.0053301047429030746
etanercept,10k,hydrophobicity,1,sigmoid,1.0,0.525135270407137,0.5331841926116996,0.008048922204562547
etanercept,10k,charge_environment,2,tanh,-1.0,0.525135270407137,0.5332617442580617,0.008126473850924687
etanercept,10k,charge_environment,2,tanh,-0.5,0.525135270407137,0.531022614372266,0.005887343965129022
etanercept,10k,charge_environment,2,tanh,0.0,0.525135270407137,0.5276099928335615,0.002474722426424436
etanercept,10k,charge_environment,2,tanh,0.5,0.525135270407137,0.524939601836771,-0.00019566857036601437
etanercept,10k,charge_environment,2,tanh,1.0,0.525135270407137,0.5215071333862349,-0.0036281370209021446
etanercept,10k,ionic_screening,3,sigmoid,0.0,0.525135270407137,0.5366074862292484,0.011472215822111331
etanercept,10k,ionic_screening,3,sigmoid,0.25,0.525135270407137,0.534608732830256,0.009473462423118972
etanercept,10k,ionic_screening,3,sigmoid,0.5,0.525135270407137,0.5287093979686888,0.003574127561551732
etanercept,10k,ionic_screening,3,sigmoid,0.75,0.525135270407137,0.5211251003743329,-0.004010170032804128
etanercept,10k,ionic_screening,3,sigmoid,1.0,0.525135270407137,0.5127288093732562,-0.012406461033880878
etanercept,10k,crowding,4,sigmoid,0.0,0.525135270407137,0.5318248226696226,0.006689552262485576
etanercept,10k,crowding,4,sigmoid,0.25,0.525135270407137,0.5284099177663386,0.003274647359201577
etanercept,10k,crowding,4,sigmoid,0.5,0.525135270407137,0.5243879430231096,-0.0007473273840273853
etanercept,10k,crowding,4,sigmoid,0.75,0.525135270407137,0.5207897224742569,-0.004345547932880112
etanercept,10k,crowding,4,sigmoid,1.0,0.525135270407137,0.5162018974056881,-0.008933373001448919
etanercept,10k,nonlinear_conc,5,sigmoid,0.0,0.525135270407137,0.5503684841266117,0.025233213719474623
etanercept,10k,nonlinear_conc,5,sigmoid,0.25,0.525135270407137,0.5384159833818438,0.013280712974706788
etanercept,10k,nonlinear_conc,5,sigmoid,0.5,0.525135270407137,0.5239060108714191,-0.0012292595357179525
etanercept,10k,nonlinear_conc,5,sigmoid,0.75,0.525135270407137,0.5090496354044239,-0.016085635002713095
etanercept,10k,nonlinear_conc,5,sigmoid,1.0,0.525135270407137,0.4948521033883669,-0.030283167018770152
etanercept,10k,cosolute_interaction,6,tanh,-1.0,0.525135270407137,0.5553845887440462,0.030249318336909137
etanercept,10k,cosolute_interaction,6,tanh,-0.5,0.525135270407137,0.5456450328910406,0.02050976248390357
etanercept,10k,cosolute_interaction,6,tanh,0.0,0.525135270407137,0.5365690957076781,0.011433825300541045
etanercept,10k,cosolute_interaction,6,tanh,0.5,0.525135270407137,0.5228272206654281,-0.0023080497417089507
etanercept,10k,cosolute_interaction,6,tanh,1.0,0.525135270407137,0.5071744888309102,-0.017960781576226825
etanercept,10k,cosolute_protection,7,sigmoid,0.0,0.525135270407137,0.5651056656352343,0.03997039522809731
etanercept,10k,cosolute_protection,7,sigmoid,0.25,0.525135270407137,0.5499002935370674,0.02476502312993034
etanercept,10k,cosolute_protection,7,sigmoid,0.5,0.525135270407137,0.5324894395031703,0.007354169096033258
etanercept,10k,cosolute_protection,7,sigmoid,0.75,0.525135270407137,0.5135417130227086,-0.011593557384428466
etanercept,10k,cosolute_protection,7,sigmoid,1.0,0.525135270407137,0.49521789684244455,-0.029917373564692484
etanercept,10k,interfacial_shielding,8,sigmoid,0.0,0.525135270407137,0.5621250499515777,0.036989779544440715
etanercept,10k,interfacial_shielding,8,sigmoid,0.25,0.525135270407137,0.547480764919911,0.02234549451277401
etanercept,10k,interfacial_shielding,8,sigmoid,0.5,0.525135270407137,0.5328298651129394,0.00769459470580236
etanercept,10k,interfacial_shielding,8,sigmoid,0.75,0.525135270407137,0.5186356071908554,-0.006499663216281593
etanercept,10k,interfacial_shielding,8,sigmoid,1.0,0.525135270407137,0.5040451622409853,-0.021090108166151755
etanercept,10k,surface_stability,9,sigmoid,0.0,0.525135270407137,0.55827815212283,0.03314288171569302
etanercept,10k,surface_stability,9,sigmoid,0.25,0.525135270407137,0.5328777304338518,0.007742460026714748
etanercept,10k,surface_stability,9,sigmoid,0.5,0.525135270407137,0.5086805397345275,-0.016454730672609497
etanercept,10k,surface_stability,9,sigmoid,0.75,0.525135270407137,0.48387094574175304,-0.04126432466538399
etanercept,10k,surface_stability,9,sigmoid,1.0,0.525135270407137,0.45956855735901253,-0.0655667130481245
etanercept,10k,chemical_modulation,10,tanh,-1.0,0.525135270407137,0.48030862159766774,-0.044826648809469294
etanercept,10k,chemical_modulation,10,tanh,-0.5,0.525135270407137,0.5013741376945663,-0.023761132712570743
etanercept,10k,chemical_modulation,10,tanh,0.0,0.525135270407137,0.5193428451059415,-0.005792425301195503
etanercept,10k,chemical_modulation,10,tanh,0.5,0.525135270407137,0.5306904740400876,0.005555203632950589
etanercept,10k,chemical_modulation,10,tanh,1.0,0.525135270407137,0.5347385096533412,0.00960323924620421
etanercept,10k,electrostatic_screening,11,sigmoid,0.0,0.525135270407137,0.5280405816061751,0.00290531119903803
etanercept,10k,electrostatic_screening,11,sigmoid,0.25,0.525135270407137,0.525847579305168,0.0007123088980309777
etanercept,10k,electrostatic_screening,11,sigmoid,0.5,0.525135270407137,0.5235451254875246,-0.0015901449196124018
etanercept,10k,electrostatic_screening,11,sigmoid,0.75,0.525135270407137,0.5223141256297659,-0.002821144777371165
etanercept,10k,electrostatic_screening,11,sigmoid,1.0,0.525135270407137,0.5215004048305886,-0.0036348655765484628
etanercept,10k,latent_0,12,tanh,-1.0,0.525135270407137,0.5879187327034252,0.06278346229628817
etanercept,10k,latent_0,12,tanh,-0.5,0.525135270407137,0.5599158856702517,0.03478061526311471
etanercept,10k,latent_0,12,tanh,0.0,0.525135270407137,0.5304811854456672,0.0053459150385302134
etanercept,10k,latent_0,12,tanh,0.5,0.525135270407137,0.5009750078934038,-0.024160262513733266
etanercept,10k,latent_0,12,tanh,1.0,0.525135270407137,0.47214453041431137,-0.052990739992825664
etanercept,10k,latent_1,13,tanh,-1.0,0.525135270407137,0.5138086675629066,-0.011326602844230482
etanercept,10k,latent_1,13,tanh,-0.5,0.525135270407137,0.519630080992002,-0.005505189415135003
etanercept,10k,latent_1,13,tanh,0.0,0.525135270407137,0.524696479106272,-0.0004387913008649935
etanercept,10k,latent_1,13,tanh,0.5,0.525135270407137,0.5302237367358136,0.005088466328676544
etanercept,10k,latent_1,13,tanh,1.0,0.525135270407137,0.5381235523888296,0.012988281981692551
etanercept,10k,latent_2,14,tanh,-1.0,0.525135270407137,0.5651136509464703,0.039978380539333225
etanercept,10k,latent_2,14,tanh,-0.5,0.525135270407137,0.5458611845087835,0.02072591410164648
etanercept,10k,latent_2,14,tanh,0.0,0.525135270407137,0.5197666923933245,-0.005368578013812519
etanercept,10k,latent_2,14,tanh,0.5,0.525135270407137,0.48342375279703903,-0.041711517610098
etanercept,10k,latent_2,14,tanh,1.0,0.525135270407137,0.4389288835843475,-0.08620638682278953
etanercept,10k,latent_3,15,tanh,-1.0,0.525135270407137,0.5997203814027721,0.07458511099563503
etanercept,10k,latent_3,15,tanh,-0.5,0.525135270407137,0.5571291827194194,0.031993912312282324
etanercept,10k,latent_3,15,tanh,0.0,0.525135270407137,0.5184997457054198,-0.006635524701717244
etanercept,10k,latent_3,15,tanh,0.5,0.525135270407137,0.48178052546926736,-0.04335474493786967
etanercept,10k,latent_3,15,tanh,1.0,0.525135270407137,0.44340384889787055,-0.08173142150926649
etanercept,100k,self_interaction,0,tanh,-1.0,0.47583814155692283,0.4947291197688493,0.01889097821192648
etanercept,100k,self_interaction,0,tanh,-0.5,0.47583814155692283,0.47095879961694653,-0.0048793419399763005
etanercept,100k,self_interaction,0,tanh,0.0,0.47583814155692283,0.4466335245771161,-0.029204616979806752
etanercept,100k,self_interaction,0,tanh,0.5,0.47583814155692283,0.42421214633434895,-0.051625995222573884
etanercept,100k,self_interaction,0,tanh,1.0,0.47583814155692283,0.4095828803077529,-0.06625526124916992
etanercept,100k,hydrophobicity,1,sigmoid,0.0,0.47583814155692283,0.4714731630448242,-0.004364978512098661
etanercept,100k,hydrophobicity,1,sigmoid,0.25,0.47583814155692283,0.47532269462988463,-0.0005154469270381989
etanercept,100k,hydrophobicity,1,sigmoid,0.5,0.47583814155692283,0.47791254853930853,0.0020744069823857014
etanercept,100k,hydrophobicity,1,sigmoid,0.75,0.47583814155692283,0.4815631119241011,0.005724970367178284
etanercept,100k,hydrophobicity,1,sigmoid,1.0,0.47583814155692283,0.48443519538456203,0.0085970538276392
etanercept,100k,charge_environment,2,tanh,-1.0,0.47583814155692283,0.47939383799611895,0.003555696439196121
etanercept,100k,charge_environment,2,tanh,-0.5,0.47583814155692283,0.47832732184446136,0.0024891802875385283
etanercept,100k,charge_environment,2,tanh,0.0,0.47583814155692283,0.47496433568675367,-0.0008738058701691642
etanercept,100k,charge_environment,2,tanh,0.5,0.47583814155692283,0.47618885782280057,0.0003507162658777374
etanercept,100k,charge_environment,2,tanh,1.0,0.47583814155692283,0.47576397875459403,-7.416280232880323e-05
etanercept,100k,ionic_screening,3,sigmoid,0.0,0.47583814155692283,0.4879977920196355,0.012159650462712668
etanercept,100k,ionic_screening,3,sigmoid,0.25,0.47583814155692283,0.4847575454355426,0.00891940387861978
etanercept,100k,ionic_screening,3,sigmoid,0.5,0.47583814155692283,0.4797828206595581,0.00394467910263524
etanercept,100k,ionic_screening,3,sigmoid,0.75,0.47583814155692283,0.4712372407997968,-0.004600900757126047
etanercept,100k,ionic_screening,3,sigmoid,1.0,0.47583814155692283,0.4616650506572228,-0.014173090899700036
etanercept,100k,crowding,4,sigmoid,0.0,0.47583814155692283,0.4805595214730962,0.004721379916173385
etanercept,100k,crowding,4,sigmoid,0.25,0.47583814155692283,0.47810814728991957,0.0022700057329967382
etanercept,100k,crowding,4,sigmoid,0.5,0.47583814155692283,0.47529804954933597,-0.0005400920075868676
etanercept,100k,crowding,4,sigmoid,0.75,0.47583814155692283,0.47203367345186664,-0.0038044681050561913
etanercept,100k,crowding,4,sigmoid,1.0,0.47583814155692283,0.46926590975605104,-0.006572231800871797
etanercept,100k,nonlinear_conc,5,sigmoid,0.0,0.47583814155692283,0.4974889463161303,0.021650804759207443
etanercept,100k,nonlinear_conc,5,sigmoid,0.25,0.47583814155692283,0.4873399735614892,0.011501832004566392
etanercept,100k,nonlinear_conc,5,sigmoid,0.5,0.47583814155692283,0.47470471739266196,-0.0011334241642608767
etanercept,100k,nonlinear_conc,5,sigmoid,0.75,0.47583814155692283,0.46155169699205845,-0.014286444564864387
etanercept,100k,nonlinear_conc,5,sigmoid,1.0,0.47583814155692283,0.4488084513193346,-0.027029690237588222
etanercept,100k,cosolute_interaction,6,tanh,-1.0,0.47583814155692283,0.5114235096595755,0.03558536810265267
etanercept,100k,cosolute_interaction,6,tanh,-0.5,0.47583814155692283,0.501543585068063,0.025705443511140125
etanercept,100k,cosolute_interaction,6,tanh,0.0,0.47583814155692283,0.4886140289348174,0.01277588737789459
etanercept,100k,cosolute_interaction,6,tanh,0.5,0.47583814155692283,0.4729178010091466,-0.0029203405477762345
etanercept,100k,cosolute_interaction,6,tanh,1.0,0.47583814155692283,0.4572071058484132,-0.018631035708509658
etanercept,100k,cosolute_protection,7,sigmoid,0.0,0.47583814155692283,0.51088044384761,0.035042302290687166
etanercept,100k,cosolute_protection,7,sigmoid,0.25,0.47583814155692283,0.49736906579683393,0.021530924239911098
etanercept,100k,cosolute_protection,7,sigmoid,0.5,0.47583814155692283,0.48202443819736435,0.006186296640441513
etanercept,100k,cosolute_protection,7,sigmoid,0.75,0.47583814155692283,0.4658190907599502,-0.010019050796972628
etanercept,100k,cosolute_protection,7,sigmoid,1.0,0.47583814155692283,0.44933337692459024,-0.02650476463233259
etanercept,100k,interfacial_shielding,8,sigmoid,0.0,0.47583814155692283,0.5155968135498846,0.03975867199296179
etanercept,100k,interfacial_shielding,8,sigmoid,0.25,0.47583814155692283,0.5005014618700611,0.024663320313138226
etanercept,100k,interfacial_shielding,8,sigmoid,0.5,0.47583814155692283,0.48387157670546466,0.008033435148541823
etanercept,100k,interfacial_shielding,8,sigmoid,0.75,0.47583814155692283,0.46916769016925725,-0.006670451387665588
etanercept,100k,interfacial_shielding,8,sigmoid,1.0,0.47583814155692283,0.454641183306487,-0.021196958250435827
etanercept,100k,surface_stability,9,sigmoid,0.0,0.47583814155692283,0.5068671875230442,0.031029045966121327
etanercept,100k,surface_stability,9,sigmoid,0.25,0.47583814155692283,0.48384032331440324,0.008002181757480409
etanercept,100k,surface_stability,9,sigmoid,0.5,0.47583814155692283,0.45896015060005546,-0.016877990956867372
etanercept,100k,surface_stability,9,sigmoid,0.75,0.47583814155692283,0.4355005577726067,-0.04033758378431612
etanercept,100k,surface_stability,9,sigmoid,1.0,0.47583814155692283,0.41395705692609064,-0.061881084630832195
etanercept,100k,chemical_modulation,10,tanh,-1.0,0.47583814155692283,0.43169327619001663,-0.044144865366906205
etanercept,100k,chemical_modulation,10,tanh,-0.5,0.47583814155692283,0.4537385948888076,-0.022099546668115255
etanercept,100k,chemical_modulation,10,tanh,0.0,0.47583814155692283,0.4714268091923112,-0.004411332364611609
etanercept,100k,chemical_modulation,10,tanh,0.5,0.47583814155692283,0.48057720655844033,0.004739065001517495
etanercept,100k,chemical_modulation,10,tanh,1.0,0.47583814155692283,0.4831086096963223,0.007270468139399466
etanercept,100k,electrostatic_screening,11,sigmoid,0.0,0.47583814155692283,0.4778523341724742,0.002014192615551358
etanercept,100k,electrostatic_screening,11,sigmoid,0.25,0.47583814155692283,0.4765893995345638,0.0007512579776409734
etanercept,100k,electrostatic_screening,11,sigmoid,0.5,0.47583814155692283,0.47417179225362777,-0.0016663493032950671
etanercept,100k,electrostatic_screening,11,sigmoid,0.75,0.47583814155692283,0.47395846962891985,-0.0018796719280029794
etanercept,100k,electrostatic_screening,11,sigmoid,1.0,0.47583814155692283,0.4751535911833291,-0.0006845503735937175
etanercept,100k,latent_0,12,tanh,-1.0,0.47583814155692283,0.541059928206999,0.06522178665007616
etanercept,100k,latent_0,12,tanh,-0.5,0.47583814155692283,0.5130256959010047,0.03718755434408183
etanercept,100k,latent_0,12,tanh,0.0,0.47583814155692283,0.4812476908373229,0.00540954928040005
etanercept,100k,latent_0,12,tanh,0.5,0.47583814155692283,0.45175216855544403,-0.0240859730014788
etanercept,100k,latent_0,12,tanh,1.0,0.47583814155692283,0.4262210003245614,-0.04961714123236144
etanercept,100k,latent_1,13,tanh,-1.0,0.47583814155692283,0.4613591935839181,-0.014478947973004752
etanercept,100k,latent_1,13,tanh,-0.5,0.47583814155692283,0.46968498214796867,-0.0061531594089541675
etanercept,100k,latent_1,13,tanh,0.0,0.47583814155692283,0.4752280267998857,-0.0006101147570371501
etanercept,100k,latent_1,13,tanh,0.5,0.47583814155692283,0.48369552231441365,0.007857380757490817
etanercept,100k,latent_1,13,tanh,1.0,0.47583814155692283,0.49747407341536165,0.021635931858438817
etanercept,100k,latent_2,14,tanh,-1.0,0.47583814155692283,0.5167915045491381,0.0409533629922153
etanercept,100k,latent_2,14,tanh,-0.5,0.47583814155692283,0.49896204358835666,0.02312390203143383
etanercept,100k,latent_2,14,tanh,0.0,0.47583814155692283,0.46933969501451955,-0.00649844654240328
etanercept,100k,latent_2,14,tanh,0.5,0.47583814155692283,0.4346586297924185,-0.04117951176450435
etanercept,100k,latent_2,14,tanh,1.0,0.47583814155692283,0.39278819854111646,-0.08304994301580637
etanercept,100k,latent_3,15,tanh,-1.0,0.47583814155692283,0.5442976409158176,0.06845949935889473
etanercept,100k,latent_3,15,tanh,-0.5,0.47583814155692283,0.5082454773257616,0.03240733576883881
etanercept,100k,latent_3,15,tanh,0.0,0.47583814155692283,0.46826133148480903,-0.007576810072113804
etanercept,100k,latent_3,15,tanh,0.5,0.47583814155692283,0.4322737783202343,-0.04356436323668855
etanercept,100k,latent_3,15,tanh,1.0,0.47583814155692283,0.39859919848305286,-0.07723894307386997
etanercept,15M,self_interaction,0,tanh,-1.0,0.3324917650495467,0.35241403049815057,0.01992226544860387
etanercept,15M,self_interaction,0,tanh,-0.5,0.3324917650495467,0.3297816310966729,-0.0027101339528737833
etanercept,15M,self_interaction,0,tanh,0.0,0.3324917650495467,0.31433907353309687,-0.018152691516449826
etanercept,15M,self_interaction,0,tanh,0.5,0.3324917650495467,0.3037024320934708,-0.028789332956075886
etanercept,15M,self_interaction,0,tanh,1.0,0.3324917650495467,0.2996736770762584,-0.03281808797328828
etanercept,15M,hydrophobicity,1,sigmoid,0.0,0.3324917650495467,0.32302485792564506,-0.009466907123901636
etanercept,15M,hydrophobicity,1,sigmoid,0.25,0.3324917650495467,0.33105178173555605,-0.0014399833139906448
etanercept,15M,hydrophobicity,1,sigmoid,0.5,0.3324917650495467,0.33656805956214825,0.004076294512601553
etanercept,15M,hydrophobicity,1,sigmoid,0.75,0.3324917650495467,0.34027125799148483,0.0077794929419381376
etanercept,15M,hydrophobicity,1,sigmoid,1.0,0.3324917650495467,0.3432469552612908,0.010755190211744092
etanercept,15M,charge_environment,2,tanh,-1.0,0.3324917650495467,0.31163453550428866,-0.020857229545258038
etanercept,15M,charge_environment,2,tanh,-0.5,0.3324917650495467,0.31865042788745596,-0.013841337162090739
etanercept,15M,charge_environment,2,tanh,0.0,0.3324917650495467,0.32745787449601094,-0.005033890553535758
etanercept,15M,charge_environment,2,tanh,0.5,0.3324917650495467,0.3326694692555487,0.000177704206001994
etanercept,15M,charge_environment,2,tanh,1.0,0.3324917650495467,0.33687210132182355,0.004380336272276852
etanercept,15M,ionic_screening,3,sigmoid,0.0,0.3324917650495467,0.35175241849998384,0.01926065345043715
etanercept,15M,ionic_screening,3,sigmoid,0.25,0.3324917650495467,0.343993437050508,0.011501672000961305
etanercept,15M,ionic_screening,3,sigmoid,0.5,0.3324917650495467,0.33576409801316665,0.0032723329636199505
etanercept,15M,ionic_screening,3,sigmoid,0.75,0.3324917650495467,0.32835576688868884,-0.004135998160857857
etanercept,15M,ionic_screening,3,sigmoid,1.0,0.3324917650495467,0.3197481392470458,-0.01274362580250088
etanercept,15M,crowding,4,sigmoid,0.0,0.3324917650495467,0.32500634257190636,-0.0074854224776403355
etanercept,15M,crowding,4,sigmoid,0.25,0.3324917650495467,0.32985890863584877,-0.002632856413697926
etanercept,15M,crowding,4,sigmoid,0.5,0.3324917650495467,0.33314556757882335,0.0006538025292766592
etanercept,15M,crowding,4,sigmoid,0.75,0.3324917650495467,0.3365240265700091,0.004032261520462432
etanercept,15M,crowding,4,sigmoid,1.0,0.3324917650495467,0.34216148046024,0.00966971541069328
etanercept,15M,nonlinear_conc,5,sigmoid,0.0,0.3324917650495467,0.34125406154988286,0.008762296500336164
etanercept,15M,nonlinear_conc,5,sigmoid,0.25,0.3324917650495467,0.33742332570145406,0.004931560651907363
etanercept,15M,nonlinear_conc,5,sigmoid,0.5,0.3324917650495467,0.33188819136918424,-0.000603573680362457
etanercept,15M,nonlinear_conc,5,sigmoid,0.75,0.3324917650495467,0.32478311588565906,-0.0077086491638876375
etanercept,15M,nonlinear_conc,5,sigmoid,1.0,0.3324917650495467,0.31680105256127955,-0.015690712488267144
etanercept,15M,cosolute_interaction,6,tanh,-1.0,0.3324917650495467,0.36157208605703395,0.029080321007487253
etanercept,15M,cosolute_interaction,6,tanh,-0.5,0.3324917650495467,0.35067418426611585,0.018182419216569157
etanercept,15M,cosolute_interaction,6,tanh,0.0,0.3324917650495467,0.3405760031205437,0.008084238070997007
etanercept,15M,cosolute_interaction,6,tanh,0.5,0.3324917650495467,0.33025204040287537,-0.002239724646671326
etanercept,15M,cosolute_interaction,6,tanh,1.0,0.3324917650495467,0.3267712101353915,-0.005720554914155185
etanercept,15M,cosolute_protection,7,sigmoid,0.0,0.3324917650495467,0.3543148655696623,0.0218231005201156
etanercept,15M,cosolute_protection,7,sigmoid,0.25,0.3324917650495467,0.3454681957743111,0.012976430724764398
etanercept,15M,cosolute_protection,7,sigmoid,0.5,0.3324917650495467,0.3363264418352565,0.003834676785709812
etanercept,15M,cosolute_protection,7,sigmoid,0.75,0.3324917650495467,0.3255806540171827,-0.00691111103236397
etanercept,15M,cosolute_protection,7,sigmoid,1.0,0.3324917650495467,0.31531423312128326,-0.017177531928263434
etanercept,15M,interfacial_shielding,8,sigmoid,0.0,0.3324917650495467,0.3588117025679112,0.026319937518364478
etanercept,15M,interfacial_shielding,8,sigmoid,0.25,0.3324917650495467,0.3496935735652075,0.017201808515660832
etanercept,15M,interfacial_shielding,8,sigmoid,0.5,0.3324917650495467,0.3388001195512732,0.00630835450172651
etanercept,15M,interfacial_shielding,8,sigmoid,0.75,0.3324917650495467,0.32726499612992715,-0.00522676891961954
etanercept,15M,interfacial_shielding,8,sigmoid,1.0,0.3324917650495467,0.3164967625535865,-0.015995002495960198
etanercept,15M,surface_stability,9,sigmoid,0.0,0.3324917650495467,0.35038720955765723,0.017895444508110536
etanercept,15M,surface_stability,9,sigmoid,0.25,0.3324917650495467,0.3368515277673569,0.004359762717810189
etanercept,15M,surface_stability,9,sigmoid,0.5,0.3324917650495467,0.32207950878691727,-0.010412256262629427
etanercept,15M,surface_stability,9,sigmoid,0.75,0.3324917650495467,0.30626629624558366,-0.026225468803963037
etanercept,15M,surface_stability,9,sigmoid,1.0,0.3324917650495467,0.2936993816570139,-0.03879238339253277
etanercept,15M,chemical_modulation,10,tanh,-1.0,0.3324917650495467,0.2870778209062921,-0.045413944143254614
etanercept,15M,chemical_modulation,10,tanh,-0.5,0.3324917650495467,0.30879548842455795,-0.023696276624988744
etanercept,15M,chemical_modulation,10,tanh,0.0,0.3324917650495467,0.32666342912104107,-0.0058283359285056235
etanercept,15M,chemical_modulation,10,tanh,0.5,0.3324917650495467,0.3378574907970726,0.005365725747525918
etanercept,15M,chemical_modulation,10,tanh,1.0,0.3324917650495467,0.3461439579094866,0.013652192859939905
etanercept,15M,electrostatic_screening,11,sigmoid,0.0,0.3324917650495467,0.32914793665682984,-0.003343828392716852
etanercept,15M,electrostatic_screening,11,sigmoid,0.25,0.3324917650495467,0.33163785393067086,-0.0008539111188758386
etanercept,15M,electrostatic_screening,11,sigmoid,0.5,0.3324917650495467,0.3342252292387931,0.0017334641892464142
etanercept,15M,electrostatic_screening,11,sigmoid,0.75,0.3324917650495467,0.3352593477311827,0.002767582681636016
etanercept,15M,electrostatic_screening,11,sigmoid,1.0,0.3324917650495467,0.33607165661975935,0.0035798915702126566
etanercept,15M,latent_0,12,tanh,-1.0,0.3324917650495467,0.36729993325670907,0.03480816820716237
etanercept,15M,latent_0,12,tanh,-0.5,0.3324917650495467,0.3508471717597816,0.01835540671023489
etanercept,15M,latent_0,12,tanh,0.0,0.3324917650495467,0.33538637831057216,0.0028946132610254693
etanercept,15M,latent_0,12,tanh,0.5,0.3324917650495467,0.3199695351041626,-0.0125222299453841
etanercept,15M,latent_0,12,tanh,1.0,0.3324917650495467,0.3071491696331909,-0.025342595416355806
etanercept,15M,latent_1,13,tanh,-1.0,0.3324917650495467,0.3167391974302032,-0.015752567619343516
etanercept,15M,latent_1,13,tanh,-0.5,0.3324917650495467,0.3247857535208471,-0.007706011528699597
etanercept,15M,latent_1,13,tanh,0.0,0.3324917650495467,0.33194006486121563,-0.0005517001883310613
etanercept,15M,latent_1,13,tanh,0.5,0.3324917650495467,0.3420668255598253,0.009575060510278621
etanercept,15M,latent_1,13,tanh,1.0,0.3324917650495467,0.3577618927320696,0.025270127682522903
etanercept,15M,latent_2,14,tanh,-1.0,0.3324917650495467,0.3794897073880589,0.04699794233851218
etanercept,15M,latent_2,14,tanh,-0.5,0.3324917650495467,0.3545886521021807,0.022096887052634018
etanercept,15M,latent_2,14,tanh,0.0,0.3324917650495467,0.32765231475587264,-0.0048394502936740524
etanercept,15M,latent_2,14,tanh,0.5,0.3324917650495467,0.2972399155727541,-0.03525184947679261
etanercept,15M,latent_2,14,tanh,1.0,0.3324917650495467,0.27249898025829095,-0.05999278479125575
etanercept,15M,latent_3,15,tanh,-1.0,0.3324917650495467,0.38442424701617856,0.05193248196663186
etanercept,15M,latent_3,15,tanh,-0.5,0.3324917650495467,0.356268587812611,0.02377682276306431
etanercept,15M,latent_3,15,tanh,0.0,0.3324917650495467,0.3272676441087826,-0.0052241209407640765
etanercept,15M,latent_3,15,tanh,0.5,0.3324917650495467,0.29983110769414845,-0.03266065735539825
etanercept,15M,latent_3,15,tanh,1.0,0.3324917650495467,0.27519360905372603,-0.057298155995820665
nivolumab,100,self_interaction,0,tanh,-1.0,0.6006166705270024,0.8492431112967338,0.2486264407697314
nivolumab,100,self_interaction,0,tanh,-0.5,0.6006166705270024,0.7030633625041565,0.10244669197715406
nivolumab,100,self_interaction,0,tanh,0.0,0.6006166705270024,0.6204666337404517,0.01984996321344934
nivolumab,100,self_interaction,0,tanh,0.5,0.6006166705270024,0.5939087918717936,-0.006707878655208832
nivolumab,100,self_interaction,0,tanh,1.0,0.6006166705270024,0.5961383383497393,-0.004478332177263122
nivolumab,100,hydrophobicity,1,sigmoid,0.0,0.6006166705270024,0.5907743503383374,-0.009842320188665044
nivolumab,100,hydrophobicity,1,sigmoid,0.25,0.6006166705270024,0.5952016365169612,-0.005415034010041175
nivolumab,100,hydrophobicity,1,sigmoid,0.5,0.6006166705270024,0.6000718178464928,-0.0005448526805096332
nivolumab,100,hydrophobicity,1,sigmoid,0.75,0.6006166705270024,0.606247028661394,0.005630358134391611
nivolumab,100,hydrophobicity,1,sigmoid,1.0,0.6006166705270024,0.6125733604570688,0.011956689930066378
nivolumab,100,charge_environment,2,tanh,-1.0,0.6006166705270024,0.5622191307784515,-0.03839753974855087
nivolumab,100,charge_environment,2,tanh,-0.5,0.6006166705270024,0.5735924740697641,-0.027024196457238303
nivolumab,100,charge_environment,2,tanh,0.0,0.6006166705270024,0.5914487574530829,-0.00916791307391951
nivolumab,100,charge_environment,2,tanh,0.5,0.6006166705270024,0.6188193840190183,0.018202713492015854
nivolumab,100,charge_environment,2,tanh,1.0,0.6006166705270024,0.6505393779170228,0.04992270739002036
nivolumab,100,ionic_screening,3,sigmoid,0.0,0.6006166705270024,0.6032308566210359,0.0026141860940335215
nivolumab,100,ionic_screening,3,sigmoid,0.25,0.6006166705270024,0.5973863949150473,-0.0032302756119551024
nivolumab,100,ionic_screening,3,sigmoid,0.5,0.6006166705270024,0.6007252273164081,0.00010855678940568936
nivolumab,100,ionic_screening,3,sigmoid,0.75,0.6006166705270024,0.6057337758848039,0.005117105357801521
nivolumab,100,ionic_screening,3,sigmoid,1.0,0.6006166705270024,0.6104147508501802,0.009798080323177749
nivolumab,100,crowding,4,sigmoid,0.0,0.6006166705270024,0.6077638033621925,0.007147132835190084
nivolumab,100,crowding,4,sigmoid,0.25,0.6006166705270024,0.6032140378178369,0.0025973672908344847
nivolumab,100,crowding,4,sigmoid,0.5,0.6006166705270024,0.6005226155592971,-9.405496770531485e-05
nivolumab,100,crowding,4,sigmoid,0.75,0.6006166705270024,0.6013604836500293,0.0007438131230268485
nivolumab,100,crowding,4,sigmoid,1.0,0.6006166705270024,0.6019916542350258,0.0013749837080233585
nivolumab,100,nonlinear_conc,5,sigmoid,0.0,0.6006166705270024,0.6025435406093701,0.0019268700823676932
nivolumab,100,nonlinear_conc,5,sigmoid,0.25,0.6006166705270024,0.6005343039034637,-8.236662353866553e-05
nivolumab,100,nonlinear_conc,5,sigmoid,0.5,0.6006166705270024,0.6002933378276184,-0.00032333269938400466
nivolumab,100,nonlinear_conc,5,sigmoid,0.75,0.6006166705270024,0.6043242339839835,0.003707563456981089
nivolumab,100,nonlinear_conc,5,sigmoid,1.0,0.6006166705270024,0.6098891994530466,0.009272528926044243
nivolumab,100,cosolute_interaction,6,tanh,-1.0,0.6006166705270024,0.6664615299634561,0.06584485943645368
nivolumab,100,cosolute_interaction,6,tanh,-0.5,0.6006166705270024,0.6367286786977828,0.03611200817078042
nivolumab,100,cosolute_interaction,6,tanh,0.0,0.6006166705270024,0.6078499247369988,0.007233254209996431
nivolumab,100,cosolute_interaction,6,tanh,0.5,0.6006166705270024,0.5993126857520404,-0.0013039847749619637
nivolumab,100,cosolute_interaction,6,tanh,1.0,0.6006166705270024,0.61622430267868,0.015607632151677597
nivolumab,100,cosolute_protection,7,sigmoid,0.0,0.6006166705270024,0.5780631519331482,-0.022553518593854238
nivolumab,100,cosolute_protection,7,sigmoid,0.25,0.6006166705270024,0.5882485301949367,-0.01236814033206568
nivolumab,100,cosolute_protection,7,sigmoid,0.5,0.6006166705270024,0.6023396048628313,0.0017229343358289295
nivolumab,100,cosolute_protection,7,sigmoid,0.75,0.6006166705270024,0.6193613921909917,0.018744721663989328
nivolumab,100,cosolute_protection,7,sigmoid,1.0,0.6006166705270024,0.6435330327388695,0.04291636221186712
nivolumab,100,interfacial_shielding,8,sigmoid,0.0,0.6006166705270024,0.6221275991648629,0.021510928637860527
nivolumab,100,interfacial_shielding,8,sigmoid,0.25,0.6006166705270024,0.6120651760775067,0.011448505550504251
nivolumab,100,interfacial_shielding,8,sigmoid,0.5,0.6006166705270024,0.6024965182973512,0.0018798477703487748
nivolumab,100,interfacial_shielding,8,sigmoid,0.75,0.6006166705270024,0.5961402622718764,-0.004476408255125963
nivolumab,100,interfacial_shielding,8,sigmoid,1.0,0.6006166705270024,0.5921306120083594,-0.008486058518643036
nivolumab,100,surface_stability,9,sigmoid,0.0,0.6006166705270024,0.6168229113986885,0.016206240871686095
nivolumab,100,surface_stability,9,sigmoid,0.25,0.6006166705270024,0.6086167111453301,0.008000040618327708
nivolumab,100,surface_stability,9,sigmoid,0.5,0.6006166705270024,0.6010207355504751,0.00040406502347267725
nivolumab,100,surface_stability,9,sigmoid,0.75,0.6006166705270024,0.5987574583731247,-0.0018592121538777429
nivolumab,100,surface_stability,9,sigmoid,1.0,0.6006166705270024,0.598474962472652,-0.002141708054350433
nivolumab,100,chemical_modulation,10,tanh,-1.0,0.6006166705270024,0.6463726797513096,0.045756009224307226
nivolumab,100,chemical_modulation,10,tanh,-0.5,0.6006166705270024,0.6243816291035542,0.02376495857655181
nivolumab,100,chemical_modulation,10,tanh,0.0,0.6006166705270024,0.6108413340375916,0.01022466351058915
nivolumab,100,chemical_modulation,10,tanh,0.5,0.6006166705270024,0.597531785504079,-0.003084885022923367
nivolumab,100,chemical_modulation,10,tanh,1.0,0.6006166705270024,0.5901124900921528,-0.010504180434849575
nivolumab,100,electrostatic_screening,11,sigmoid,0.0,0.6006166705270024,0.600922770676491,0.0003061001494886195
nivolumab,100,electrostatic_screening,11,sigmoid,0.25,0.6006166705270024,0.6007625886430716,0.00014591811606923244
nivolumab,100,electrostatic_screening,11,sigmoid,0.5,0.6006166705270024,0.6010004723060305,0.0003838017790280812
nivolumab,100,electrostatic_screening,11,sigmoid,0.75,0.6006166705270024,0.603209714164862,0.0025930436378596156
nivolumab,100,electrostatic_screening,11,sigmoid,1.0,0.6006166705270024,0.6085098507173787,0.007893180190376325
nivolumab,100,latent_0,12,tanh,-1.0,0.6006166705270024,0.5793217797265432,-0.02129489080045921
nivolumab,100,latent_0,12,tanh,-0.5,0.6006166705270024,0.5844342718086826,-0.016182398718319835
nivolumab,100,latent_0,12,tanh,0.0,0.6006166705270024,0.5981574325706818,-0.002459237956320637
nivolumab,100,latent_0,12,tanh,0.5,0.6006166705270024,0.6239016622486704,0.02328499172166798
nivolumab,100,latent_0,12,tanh,1.0,0.6006166705270024,0.6551188504741629,0.054502179947160445
nivolumab,100,latent_1,13,tanh,-1.0,0.6006166705270024,0.5579121621390717,-0.04270450838793072
nivolumab,100,latent_1,13,tanh,-0.5,0.6006166705270024,0.5727306603889916,-0.02788601013801084
nivolumab,100,latent_1,13,tanh,0.0,0.6006166705270024,0.5966993374950667,-0.003917333031935755
nivolumab,100,latent_1,13,tanh,0.5,0.6006166705270024,0.6295527180615376,0.02893604753453516
nivolumab,100,latent_1,13,tanh,1.0,0.6006166705270024,0.6699451530211391,0.0693284824941367
nivolumab,100,latent_2,14,tanh,-1.0,0.6006166705270024,0.8511529246715522,0.25053625414454983
nivolumab,100,latent_2,14,tanh,-0.5,0.6006166705270024,0.7052461452617684,0.10462947473476603
nivolumab,100,latent_2,14,tanh,0.0,0.6006166705270024,0.6089907898769984,0.00837411934999599
nivolumab,100,latent_2,14,tanh,0.5,0.6006166705270024,0.5410522687212863,-0.059564401805716094
nivolumab,100,latent_2,14,tanh,1.0,0.6006166705270024,0.5030919273488202,-0.09752474317818216
nivolumab,100,latent_3,15,tanh,-1.0,0.6006166705270024,0.7165433333018185,0.11592666277481611
nivolumab,100,latent_3,15,tanh,-0.5,0.6006166705270024,0.6470374465680346,0.04642077604103223
nivolumab,100,latent_3,15,tanh,0.0,0.6006166705270024,0.5995639851516225,-0.001052685375379947
nivolumab,100,latent_3,15,tanh,0.5,0.6006166705270024,0.5764283456436018,-0.024188324883400614
nivolumab,100,latent_3,15,tanh,1.0,0.6006166705270024,0.5714428013915127,-0.029173869135489694
nivolumab,1k,self_interaction,0,tanh,-1.0,0.5544027161157146,0.7656206424112367,0.21121792629552216
nivolumab,1k,self_interaction,0,tanh,-0.5,0.5544027161157146,0.642407941691661,0.08800522557594648
nivolumab,1k,self_interaction,0,tanh,0.0,0.5544027161157146,0.576118149401821,0.021715433286106478
nivolumab,1k,self_interaction,0,tanh,0.5,0.5544027161157146,0.5527096646350158,-0.0016930514806987595
nivolumab,1k,self_interaction,0,tanh,1.0,0.5544027161157146,0.5644452741898214,0.010042558074106811
nivolumab,1k,hydrophobicity,1,sigmoid,0.0,0.5544027161157146,0.5466749001361271,-0.0077278159795874934
nivolumab,1k,hydrophobicity,1,sigmoid,0.25,0.5544027161157146,0.5492354905175065,-0.005167225598208036
nivolumab,1k,hydrophobicity,1,sigmoid,0.5,0.5544027161157146,0.5537794894672843,-0.0006232266484302862
nivolumab,1k,hydrophobicity,1,sigmoid,0.75,0.5544027161157146,0.5587777460866131,0.0043750299708985585
nivolumab,1k,hydrophobicity,1,sigmoid,1.0,0.5544027161157146,0.5648036667498714,0.010400950634156803
nivolumab,1k,charge_environment,2,tanh,-1.0,0.5544027161157146,0.526209287010621,-0.028193429105093593
nivolumab,1k,charge_environment,2,tanh,-0.5,0.5544027161157146,0.5360993380525222,-0.018303378063192377
nivolumab,1k,charge_environment,2,tanh,0.0,0.5544027161157146,0.5479918351826789,-0.006410880933035656
nivolumab,1k,charge_environment,2,tanh,0.5,0.5544027161157146,0.5696577636765896,0.015255047560875035
nivolumab,1k,charge_environment,2,tanh,1.0,0.5544027161157146,0.6004235439129009,0.0460208277971863
nivolumab,1k,ionic_screening,3,sigmoid,0.0,0.5544027161157146,0.5625729721248438,0.00817025600912924
nivolumab,1k,ionic_screening,3,sigmoid,0.25,0.5544027161157146,0.5572513569469626,0.0028486408312480282
nivolumab,1k,ionic_screening,3,sigmoid,0.5,0.5544027161157146,0.5544820054982005,7.928938248591422e-05
nivolumab,1k,ionic_screening,3,sigmoid,0.75,0.5544027161157146,0.558043500855935,0.0036407847402204485
nivolumab,1k,ionic_screening,3,sigmoid,1.0,0.5544027161157146,0.5634722402252864,0.009069524109571847
nivolumab,1k,crowding,4,sigmoid,0.0,0.5544027161157146,0.5601955215466872,0.005792805430972603
nivolumab,1k,crowding,4,sigmoid,0.25,0.5544027161157146,0.5560622592858577,0.0016595431701431629
nivolumab,1k,crowding,4,sigmoid,0.5,0.5544027161157146,0.5541431572977105,-0.00025955881800410197
nivolumab,1k,crowding,4,sigmoid,0.75,0.5544027161157146,0.5562976346094711,0.0018949184937565589
nivolumab,1k,crowding,4,sigmoid,1.0,0.5544027161157146,0.5586514240484408,0.004248707932726248
nivolumab,1k,nonlinear_conc,5,sigmoid,0.0,0.5544027161157146,0.558839523640184,0.004436807524469399
nivolumab,1k,nonlinear_conc,5,sigmoid,0.25,0.5544027161157146,0.5538345332933751,-0.0005681828223395025
nivolumab,1k,nonlinear_conc,5,sigmoid,0.5,0.5544027161157146,0.5541407265358704,-0.0002619895798441352
nivolumab,1k,nonlinear_conc,5,sigmoid,0.75,0.5544027161157146,0.5590536737582842,0.00465095764256962
nivolumab,1k,nonlinear_conc,5,sigmoid,1.0,0.5544027161157146,0.5676850297729521,0.013282313657237532
nivolumab,1k,cosolute_interaction,6,tanh,-1.0,0.5544027161157146,0.6274120960922647,0.0730093799765501
nivolumab,1k,cosolute_interaction,6,tanh,-0.5,0.5544027161157146,0.5947786115511369,0.040375895435422304
nivolumab,1k,cosolute_interaction,6,tanh,0.0,0.5544027161157146,0.5626408679576841,0.008238151841969521
nivolumab,1k,cosolute_interaction,6,tanh,0.5,0.5544027161157146,0.5552104944779682,0.0008077783622536527
nivolumab,1k,cosolute_interaction,6,tanh,1.0,0.5544027161157146,0.5701314260661906,0.01572870995047604
nivolumab,1k,cosolute_protection,7,sigmoid,0.0,0.5544027161157146,0.5368923456577228,-0.017510370457991753
nivolumab,1k,cosolute_protection,7,sigmoid,0.25,0.5544027161157146,0.5451438718616458,-0.009258844254068754
nivolumab,1k,cosolute_protection,7,sigmoid,0.5,0.5544027161157146,0.5560879374401884,0.0016852213244737957
nivolumab,1k,cosolute_protection,7,sigmoid,0.75,0.5544027161157146,0.5774215135567387,0.023018797441024086
nivolumab,1k,cosolute_protection,7,sigmoid,1.0,0.5544027161157146,0.5990709852758095,0.04466826916009492
nivolumab,1k,interfacial_shielding,8,sigmoid,0.0,0.5544027161157146,0.5758574579522362,0.02145474183652163
nivolumab,1k,interfacial_shielding,8,sigmoid,0.25,0.5544027161157146,0.5655210983491842,0.011118382233469615
nivolumab,1k,interfacial_shielding,8,sigmoid,0.5,0.5544027161157146,0.5562648193246317,0.0018621032089171097
nivolumab,1k,interfacial_shielding,8,sigmoid,0.75,0.5544027161157146,0.5498316322728392,-0.004571083842875412
nivolumab,1k,interfacial_shielding,8,sigmoid,1.0,0.5544027161157146,0.5478660354997106,-0.006536680616003987
nivolumab,1k,surface_stability,9,sigmoid,0.0,0.5544027161157146,0.5676985179152471,0.013295801799532492
nivolumab,1k,surface_stability,9,sigmoid,0.25,0.5544027161157146,0.5592602212808424,0.00485750516512784
nivolumab,1k,surface_stability,9,sigmoid,0.5,0.5544027161157146,0.554622260456366,0.00021954434065141193
nivolumab,1k,surface_stability,9,sigmoid,0.75,0.5544027161157146,0.555043521826898,0.000640805711183412
nivolumab,1k,surface_stability,9,sigmoid,1.0,0.5544027161157146,0.5571210060503364,0.0027182899346218647
nivolumab,1k,chemical_modulation,10,tanh,-1.0,0.5544027161157146,0.5960801552205914,0.04167743910487687
nivolumab,1k,chemical_modulation,10,tanh,-0.5,0.5544027161157146,0.5783875707176095,0.023984854601894923
nivolumab,1k,chemical_modulation,10,tanh,0.0,0.5544027161157146,0.5652928032659088,0.010890087150194239
nivolumab,1k,chemical_modulation,10,tanh,0.5,0.5544027161157146,0.5521240423894331,-0.0022786737262814327
nivolumab,1k,chemical_modulation,10,tanh,1.0,0.5544027161157146,0.548234435557974,-0.006168280557740546
nivolumab,1k,electrostatic_screening,11,sigmoid,0.0,0.5544027161157146,0.5525099180737758,-0.0018927980419387591
nivolumab,1k,electrostatic_screening,11,sigmoid,0.25,0.5544027161157146,0.5521349290993759,-0.0022677870163386737
nivolumab,1k,electrostatic_screening,11,sigmoid,0.5,0.5544027161157146,0.5557822510373958,0.0013795349216811914
nivolumab,1k,electrostatic_screening,11,sigmoid,0.75,0.5544027161157146,0.5638851387407222,0.009482422625007647
nivolumab,1k,electrostatic_screening,11,sigmoid,1.0,0.5544027161157146,0.5727106298770636,0.018307913761348993
nivolumab,1k,latent_0,12,tanh,-1.0,0.5544027161157146,0.5383953529372064,-0.01600736317850815
nivolumab,1k,latent_0,12,tanh,-0.5,0.5544027161157146,0.5410931882695368,-0.013309527846177782
nivolumab,1k,latent_0,12,tanh,0.0,0.5544027161157146,0.5522609718585283,-0.0021417442571862733
nivolumab,1k,latent_0,12,tanh,0.5,0.5544027161157146,0.5745399850349795,0.020137268919264928
nivolumab,1k,latent_0,12,tanh,1.0,0.5544027161157146,0.6020214026224799,0.04761868650676537
nivolumab,1k,latent_1,13,tanh,-1.0,0.5544027161157146,0.516123479477181,-0.03827923663853361
nivolumab,1k,latent_1,13,tanh,-0.5,0.5544027161157146,0.5299297128180191,-0.024473003297695417
nivolumab,1k,latent_1,13,tanh,0.0,0.5544027161157146,0.5507212135287579,-0.003681502586956653
nivolumab,1k,latent_1,13,tanh,0.5,0.5544027161157146,0.5838756620505255,0.02947294593481098
nivolumab,1k,latent_1,13,tanh,1.0,0.5544027161157146,0.6197624368635825,0.06535972074786789
nivolumab,1k,latent_2,14,tanh,-1.0,0.5544027161157146,0.7839046881600509,0.2295019720443363
nivolumab,1k,latent_2,14,tanh,-0.5,0.5544027161157146,0.6581447041872112,0.1037419880714966
nivolumab,1k,latent_2,14,tanh,0.0,0.5544027161157146,0.5623339506584705,0.007931234542755905
nivolumab,1k,latent_2,14,tanh,0.5,0.5544027161157146,0.4996207787540266,-0.05478193736168796
nivolumab,1k,latent_2,14,tanh,1.0,0.5544027161157146,0.46691459116063244,-0.08748812495508212
nivolumab,1k,latent_3,15,tanh,-1.0,0.5544027161157146,0.6537158354274744,0.09931311931175979
nivolumab,1k,latent_3,15,tanh,-0.5,0.5544027161157146,0.5965594083624243,0.042156692246709704
nivolumab,1k,latent_3,15,tanh,0.0,0.5544027161157146,0.5535389888564722,-0.0008637272592423306
nivolumab,1k,latent_3,15,tanh,0.5,0.5544027161157146,0.5356294045550203,-0.018773311560694284
nivolumab,1k,latent_3,15,tanh,1.0,0.5544027161157146,0.5342162630579432,-0.020186453057771336
nivolumab,10k,self_interaction,0,tanh,-1.0,0.5169911037131177,0.68492567964911,0.16793457593599226
nivolumab,10k,self_interaction,0,tanh,-0.5,0.5169911037131177,0.5838864091209585,0.06689530540784072
nivolumab,10k,self_interaction,0,tanh,0.0,0.5169911037131177,0.5306571622592128,0.013666058546095039
nivolumab,10k,self_interaction,0,tanh,0.5,0.5169911037131177,0.5148005994077887,-0.0021905043053290774
nivolumab,10k,self_interaction,0,tanh,1.0,0.5169911037131177,0.5316230849524073,0.014631981239289549
nivolumab,10k,hydrophobicity,1,sigmoid,0.0,0.5169911037131177,0.5078219002666896,-0.009169203446428131
nivolumab,10k,hydrophobicity,1,sigmoid,0.25,0.5169911037131177,0.5118715999174368,-0.005119503795680935
nivolumab,10k,hydrophobicity,1,sigmoid,0.5,0.5169911037131177,0.5164550328062343,-0.0005360709068834568
nivolumab,10k,hydrophobicity,1,sigmoid,0.75,0.5169911037131177,0.5213428268154381,0.004351723102320348
nivolumab,10k,hydrophobicity,1,sigmoid,1.0,0.5169911037131177,0.5278509537375731,0.010859850024455331
nivolumab,10k,charge_environment,2,tanh,-1.0,0.5169911037131177,0.48935216855627317,-0.02763893515684457
nivolumab,10k,charge_environment,2,tanh,-0.5,0.5169911037131177,0.49783166304822946,-0.019159440664888283
nivolumab,10k,charge_environment,2,tanh,0.0,0.5169911037131177,0.5106818402616181,-0.006309263451499625
nivolumab,10k,charge_environment,2,tanh,0.5,0.5169911037131177,0.5266601054107601,0.009669001697642399
nivolumab,10k,charge_environment,2,tanh,1.0,0.5169911037131177,0.5510787372207461,0.034087633507628334
nivolumab,10k,ionic_screening,3,sigmoid,0.0,0.5169911037131177,0.5205142369943674,0.0035231332812496463
nivolumab,10k,ionic_screening,3,sigmoid,0.25,0.5169911037131177,0.5182536827874611,0.0012625790743433507
nivolumab,10k,ionic_screening,3,sigmoid,0.5,0.5169911037131177,0.5169570989065269,-3.4004806590881564e-05
nivolumab,10k,ionic_screening,3,sigmoid,0.75,0.5169911037131177,0.5153922675269691,-0.0015988361861486444
nivolumab,10k,ionic_screening,3,sigmoid,1.0,0.5169911037131177,0.5189058251581194,0.0019147214450017103
nivolumab,10k,crowding,4,sigmoid,0.0,0.5169911037131177,0.5205906404936476,0.0035995367805298217
nivolumab,10k,crowding,4,sigmoid,0.25,0.5169911037131177,0.5184004283969227,0.0014093246838049467
nivolumab,10k,crowding,4,sigmoid,0.5,0.5169911037131177,0.5164091922582162,-0.0005819114549014959
nivolumab,10k,crowding,4,sigmoid,0.75,0.5169911037131177,0.5148245967161661,-0.002166506996951645
nivolumab,10k,crowding,4,sigmoid,1.0,0.5169911037131177,0.5163044031496624,-0.0006867005634553225
nivolumab,10k,nonlinear_conc,5,sigmoid,0.0,0.5169911037131177,0.5149131695401472,-0.0020779341729705303
nivolumab,10k,nonlinear_conc,5,sigmoid,0.25,0.5169911037131177,0.5149549010662889,-0.0020362026468287997
nivolumab,10k,nonlinear_conc,5,sigmoid,0.5,0.5169911037131177,0.5167696845827493,-0.00022141913036843874
nivolumab,10k,nonlinear_conc,5,sigmoid,0.75,0.5169911037131177,0.5200344925283328,0.0030433888152150423
nivolumab,10k,nonlinear_conc,5,sigmoid,1.0,0.5169911037131177,0.5259622698893444,0.00897116617622662
nivolumab,10k,cosolute_interaction,6,tanh,-1.0,0.5169911037131177,0.5870686797724911,0.07007757605937337
nivolumab,10k,cosolute_interaction,6,tanh,-0.5,0.5169911037131177,0.550627153389219,0.03363604967610123
nivolumab,10k,cosolute_interaction,6,tanh,0.0,0.5169911037131177,0.5180497004944191,0.0010585967813013797
nivolumab,10k,cosolute_interaction,6,tanh,0.5,0.5169911037131177,0.5143335983399959,-0.0026575053731218157
nivolumab,10k,cosolute_interaction,6,tanh,1.0,0.5169911037131177,0.5216453402982545,0.004654236585136751
nivolumab,10k,cosolute_protection,7,sigmoid,0.0,0.5169911037131177,0.49416918214238936,-0.022821921570728376
nivolumab,10k,cosolute_protection,7,sigmoid,0.25,0.5169911037131177,0.5046956237656904,-0.012295479947427301
nivolumab,10k,cosolute_protection,7,sigmoid,0.5,0.5169911037131177,0.5184301767843768,0.0014390730712590116
nivolumab,10k,cosolute_protection,7,sigmoid,0.75,0.5169911037131177,0.5357034134952965,0.01871230978217875
nivolumab,10k,cosolute_protection,7,sigmoid,1.0,0.5169911037131177,0.5585567174296892,0.041565613716571415
nivolumab,10k,interfacial_shielding,8,sigmoid,0.0,0.5169911037131177,0.5300412744428057,0.013050170729687949
nivolumab,10k,interfacial_shielding,8,sigmoid,0.25,0.5169911037131177,0.5241781113861506,0.007187007673032819
nivolumab,10k,interfacial_shielding,8,sigmoid,0.5,0.5169911037131177,0.5183035806390184,0.0013124769259006408
nivolumab,10k,interfacial_shielding,8,sigmoid,0.75,0.5169911037131177,0.5122778047871037,-0.00471329892601402
nivolumab,10k,interfacial_shielding,8,sigmoid,1.0,0.5169911037131177,0.5075533825397551,-0.009437721173362612
nivolumab,10k,surface_stability,9,sigmoid,0.0,0.5169911037131177,0.520122385256182,0.0031312815430643015
nivolumab,10k,surface_stability,9,sigmoid,0.25,0.5169911037131177,0.5160968833223682,-0.0008942203907494894
nivolumab,10k,surface_stability,9,sigmoid,0.5,0.5169911037131177,0.5168940697692002,-9.703394391757936e-05
nivolumab,10k,surface_stability,9,sigmoid,0.75,0.5169911037131177,0.5183813495023959,0.001390245789278155
nivolumab,10k,surface_stability,9,sigmoid,1.0,0.5169911037131177,0.5228841496249033,0.005893045911785522
nivolumab,10k,chemical_modulation,10,tanh,-1.0,0.5169911037131177,0.5483918868631988,0.0314007831500811
nivolumab,10k,chemical_modulation,10,tanh,-0.5,0.5169911037131177,0.5294082264821753,0.012417122769057598
nivolumab,10k,chemical_modulation,10,tanh,0.0,0.5169911037131177,0.5189533362084231,0.0019622324953053605
nivolumab,10k,chemical_modulation,10,tanh,0.5,0.5169911037131177,0.5153017087188464,-0.0016893949942713427
nivolumab,10k,chemical_modulation,10,tanh,1.0,0.5169911037131177,0.5001386642006553,-0.016852439512462403
nivolumab,10k,electrostatic_screening,11,sigmoid,0.0,0.5169911037131177,0.5071658156657919,-0.009825288047325853
nivolumab,10k,electrostatic_screening,11,sigmoid,0.25,0.5169911037131177,0.5112556888277782,-0.005735414885339574
nivolumab,10k,electrostatic_screening,11,sigmoid,0.5,0.5169911037131177,0.5184997224321681,0.001508618719050392
nivolumab,10k,electrostatic_screening,11,sigmoid,0.75,0.5169911037131177,0.5265258652951901,0.009534761582072337
nivolumab,10k,electrostatic_screening,11,sigmoid,1.0,0.5169911037131177,0.5362772594755396,0.019286155762421875
nivolumab,10k,latent_0,12,tanh,-1.0,0.5169911037131177,0.5049026651983672,-0.012088438514750499
nivolumab,10k,latent_0,12,tanh,-0.5,0.5169911037131177,0.5056322156970023,-0.011358888016115398
nivolumab,10k,latent_0,12,tanh,0.0,0.5169911037131177,0.5155860044174473,-0.0014050992956704533
nivolumab,10k,latent_0,12,tanh,0.5,0.5169911037131177,0.5294708780756419,0.012479774362524121
nivolumab,10k,latent_0,12,tanh,1.0,0.5169911037131177,0.547699885170199,0.030708781457081225
nivolumab,10k,latent_1,13,tanh,-1.0,0.5169911037131177,0.4737171544542997,-0.043273949258818056
nivolumab,10k,latent_1,13,tanh,-0.5,0.5169911037131177,0.4889615735736774,-0.028029530139440317
nivolumab,10k,latent_1,13,tanh,0.0,0.5169911037131177,0.5138996789064781,-0.0030914248066395977
nivolumab,10k,latent_1,13,tanh,0.5,0.5169911037131177,0.5411956319515068,0.024204528238389034
nivolumab,10k,latent_1,13,tanh,1.0,0.5169911037131177,0.574198540573971,0.05720743686085328
nivolumab,10k,latent_2,14,tanh,-1.0,0.5169911037131177,0.7195285570893036,0.2025374533761859
nivolumab,10k,latent_2,14,tanh,-0.5,0.5169911037131177,0.6116508915106387,0.09465978779752093
nivolumab,10k,latent_2,14,tanh,0.0,0.5169911037131177,0.5238142858147966,0.006823182101678871
nivolumab,10k,latent_2,14,tanh,0.5,0.5169911037131177,0.46257905589779946,-0.054412047815318276
nivolumab,10k,latent_2,14,tanh,1.0,0.5169911037131177,0.43261088361276673,-0.08438022010035101
nivolumab,10k,latent_3,15,tanh,-1.0,0.5169911037131177,0.6006975476624348,0.08370644394931703
nivolumab,10k,latent_3,15,tanh,-0.5,0.5169911037131177,0.5483520947746954,0.03136099106157764
nivolumab,10k,latent_3,15,tanh,0.0,0.5169911037131177,0.5164937077786581,-0.0004973959344596324
nivolumab,10k,latent_3,15,tanh,0.5,0.5169911037131177,0.505196404665308,-0.01179469904780972
nivolumab,10k,latent_3,15,tanh,1.0,0.5169911037131177,0.5006019829228523,-0.016389120790265443
nivolumab,100k,self_interaction,0,tanh,-1.0,0.47647200408136126,0.592494843568659,0.11602283948729775
nivolumab,100k,self_interaction,0,tanh,-0.5,0.47647200408136126,0.5185456095266894,0.04207360544532812
nivolumab,100k,self_interaction,0,tanh,0.0,0.47647200408136126,0.4805515775365299,0.004079573455168628
nivolumab,100k,self_interaction,0,tanh,0.5,0.47647200408136126,0.47719360676455475,0.0007216026831934896
nivolumab,100k,self_interaction,0,tanh,1.0,0.47647200408136126,0.494234538604882,0.017762534523520723
nivolumab,100k,hydrophobicity,1,sigmoid,0.0,0.47647200408136126,0.4559335521429541,-0.020538451938407143
nivolumab,100k,hydrophobicity,1,sigmoid,0.25,0.47647200408136126,0.4660945038341679,-0.01037750024719336
nivolumab,100k,hydrophobicity,1,sigmoid,0.5,0.47647200408136126,0.4757193678100387,-0.0007526362713225487
nivolumab,100k,hydrophobicity,1,sigmoid,0.75,0.47647200408136126,0.4824483384960428,0.005976334414681539
nivolumab,100k,hydrophobicity,1,sigmoid,1.0,0.47647200408136126,0.48937781955847687,0.012905815477115612
nivolumab,100k,charge_environment,2,tanh,-1.0,0.47647200408136126,0.4470848808479602,-0.029387123233401036
nivolumab,100k,charge_environment,2,tanh,-0.5,0.47647200408136126,0.4570590310776902,-0.019412973003671063
nivolumab,100k,charge_environment,2,tanh,0.0,0.47647200408136126,0.470629758506114,-0.005842245575247262
nivolumab,100k,charge_environment,2,tanh,0.5,0.47647200408136126,0.4853897617006658,0.008917757619304523
nivolumab,100k,charge_environment,2,tanh,1.0,0.47647200408136126,0.5037802247159311,0.027308220634569835
nivolumab,100k,ionic_screening,3,sigmoid,0.0,0.47647200408136126,0.47791696787120697,0.0014449637898457102
nivolumab,100k,ionic_screening,3,sigmoid,0.25,0.47647200408136126,0.4766617289218452,0.00018972484048396243
nivolumab,100k,ionic_screening,3,sigmoid,0.5,0.47647200408136126,0.47645859739544716,-1.3406685914096883e-05
nivolumab,100k,ionic_screening,3,sigmoid,0.75,0.47647200408136126,0.4750576084146115,-0.0014143956667497792
nivolumab,100k,ionic_screening,3,sigmoid,1.0,0.47647200408136126,0.47339879188710343,-0.003073212194257824
nivolumab,100k,crowding,4,sigmoid,0.0,0.47647200408136126,0.4800639149930975,0.003591910911736218
nivolumab,100k,crowding,4,sigmoid,0.25,0.47647200408136126,0.47854855220289966,0.002076548121538402
nivolumab,100k,crowding,4,sigmoid,0.5,0.47647200408136126,0.47565331573591313,-0.0008186883454481264
nivolumab,100k,crowding,4,sigmoid,0.75,0.47647200408136126,0.4731597238742268,-0.003312280207134477
nivolumab,100k,crowding,4,sigmoid,1.0,0.47647200408136126,0.47338237131509947,-0.003089632766261785
nivolumab,100k,nonlinear_conc,5,sigmoid,0.0,0.47647200408136126,0.4709632034333438,-0.005508800648017453
nivolumab,100k,nonlinear_conc,5,sigmoid,0.25,0.47647200408136126,0.473501276943743,-0.0029707271376182565
nivolumab,100k,nonlinear_conc,5,sigmoid,0.5,0.47647200408136126,0.476197017683424,-0.0002749863979372713
nivolumab,100k,nonlinear_conc,5,sigmoid,0.75,0.47647200408136126,0.4790008626770618,0.002528858595700567
nivolumab,100k,nonlinear_conc,5,sigmoid,1.0,0.47647200408136126,0.48352333645497175,0.007051332373610497
nivolumab,100k,cosolute_interaction,6,tanh,-1.0,0.47647200408136126,0.5407708795932259,0.06429887551186464
nivolumab,100k,cosolute_interaction,6,tanh,-0.5,0.47647200408136126,0.5042079418278816,0.02773593774652039
nivolumab,100k,cosolute_interaction,6,tanh,0.0,0.47647200408136126,0.47912750795484044,0.0026555038734791814
nivolumab,100k,cosolute_interaction,6,tanh,0.5,0.47647200408136126,0.470210475361973,-0.006261528719388232
nivolumab,100k,cosolute_interaction,6,tanh,1.0,0.47647200408136126,0.46879849364860365,-0.007673510432757602
nivolumab,100k,cosolute_protection,7,sigmoid,0.0,0.47647200408136126,0.44640340900837766,-0.030068595072983595
nivolumab,100k,cosolute_protection,7,sigmoid,0.25,0.47647200408136126,0.4627534165133131,-0.013718587568048168
nivolumab,100k,cosolute_protection,7,sigmoid,0.5,0.47647200408136126,0.4781174462469158,0.001645442165554567
nivolumab,100k,cosolute_protection,7,sigmoid,0.75,0.47647200408136126,0.4944152153223042,0.017943211240942947
nivolumab,100k,cosolute_protection,7,sigmoid,1.0,0.47647200408136126,0.5136470477597179,0.03717504367835667
nivolumab,100k,interfacial_shielding,8,sigmoid,0.0,0.47647200408136126,0.4847816474735525,0.008309643392191257
nivolumab,100k,interfacial_shielding,8,sigmoid,0.25,0.47647200408136126,0.48045519912253404,0.003983195041172782
nivolumab,100k,interfacial_shielding,8,sigmoid,0.5,0.47647200408136126,0.47723995415227555,0.0007679500709142917
nivolumab,100k,interfacial_shielding,8,sigmoid,0.75,0.47647200408136126,0.4725341078386262,-0.003937896242735051
nivolumab,100k,interfacial_shielding,8,sigmoid,1.0,0.47647200408136126,0.46549150681326323,-0.010980497268098022
nivolumab,100k,surface_stability,9,sigmoid,0.0,0.47647200408136126,0.4737916521328607,-0.002680351948500581
nivolumab,100k,surface_stability,9,sigmoid,0.25,0.47647200408136126,0.4734626911854505,-0.0030093128959107762
nivolumab,100k,surface_stability,9,sigmoid,0.5,0.47647200408136126,0.4760383406536118,-0.00043366342774947553
nivolumab,100k,surface_stability,9,sigmoid,0.75,0.47647200408136126,0.47967339758800726,0.0032013935066459998
nivolumab,100k,surface_stability,9,sigmoid,1.0,0.47647200408136126,0.4836911831459376,0.007219179064576364
nivolumab,100k,chemical_modulation,10,tanh,-1.0,0.47647200408136126,0.4916408329723085,0.015168828890947228
nivolumab,100k,chemical_modulation,10,tanh,-0.5,0.47647200408136126,0.4840818143313693,0.0076098102500080644
nivolumab,100k,chemical_modulation,10,tanh,0.0,0.47647200408136126,0.48369697559968394,0.007224971518322687
nivolumab,100k,chemical_modulation,10,tanh,0.5,0.47647200408136126,0.4711752990405059,-0.005296705040855332
nivolumab,100k,chemical_modulation,10,tanh,1.0,0.47647200408136126,0.45479425924039985,-0.02167774484096141
nivolumab,100k,electrostatic_screening,11,sigmoid,0.0,0.47647200408136126,0.4622322275579072,-0.01423977652345404
nivolumab,100k,electrostatic_screening,11,sigmoid,0.25,0.47647200408136126,0.47070803033031905,-0.005763973751042206
nivolumab,100k,electrostatic_screening,11,sigmoid,0.5,0.47647200408136126,0.4780741528269961,0.001602148745634857
nivolumab,100k,electrostatic_screening,11,sigmoid,0.75,0.47647200408136126,0.4863285064077561,0.009856502326394845
nivolumab,100k,electrostatic_screening,11,sigmoid,1.0,0.47647200408136126,0.4959649607861928,0.019492956704831532
nivolumab,100k,latent_0,12,tanh,-1.0,0.47647200408136126,0.4735907380301624,-0.002881266051198872
nivolumab,100k,latent_0,12,tanh,-0.5,0.47647200408136126,0.4698096414416057,-0.006662362639755559
nivolumab,100k,latent_0,12,tanh,0.0,0.47647200408136126,0.4755787288432208,-0.0008932752381404785
nivolumab,100k,latent_0,12,tanh,0.5,0.47647200408136126,0.48296479780952817,0.006492793728166912
nivolumab,100k,latent_0,12,tanh,1.0,0.47647200408136126,0.4930353868990604,0.016563382817699146
nivolumab,100k,latent_1,13,tanh,-1.0,0.47647200408136126,0.4316702873892111,-0.04480171669215016
nivolumab,100k,latent_1,13,tanh,-0.5,0.47647200408136126,0.4487515042584415,-0.027720499822919742
nivolumab,100k,latent_1,13,tanh,0.0,0.47647200408136126,0.4726763668823513,-0.003795637199009938
nivolumab,100k,latent_1,13,tanh,0.5,0.47647200408136126,0.5019488771090815,0.02547687302772028
nivolumab,100k,latent_1,13,tanh,1.0,0.47647200408136126,0.5327240287080609,0.05625202462669965
nivolumab,100k,latent_2,14,tanh,-1.0,0.47647200408136126,0.658054745311798,0.18158274123043672
nivolumab,100k,latent_2,14,tanh,-0.5,0.47647200408136126,0.55921020447711,0.08273820039574875
nivolumab,100k,latent_2,14,tanh,0.0,0.47647200408136126,0.483340239319377,0.0068682352380157186
nivolumab,100k,latent_2,14,tanh,0.5,0.47647200408136126,0.42334890522747465,-0.05312309885388661
nivolumab,100k,latent_2,14,tanh,1.0,0.47647200408136126,0.3894774595404252,-0.08699454454093608
nivolumab,100k,latent_3,15,tanh,-1.0,0.47647200408136126,0.5427126600721566,0.06624065599079532
nivolumab,100k,latent_3,15,tanh,-0.5,0.47647200408136126,0.49724787033881884,0.020775866257457587
nivolumab,100k,latent_3,15,tanh,0.0,0.47647200408136126,0.4760100235711347,-0.0004619805102265562
nivolumab,100k,latent_3,15,tanh,0.5,0.47647200408136126,0.46609773364431484,-0.010374270437046418
nivolumab,100k,latent_3,15,tanh,1.0,0.47647200408136126,0.46033908041719357,-0.016132923664167687
nivolumab,15M,self_interaction,0,tanh,-1.0,0.34390321958340964,0.3999577771345734,0.056054557551163786
nivolumab,15M,self_interaction,0,tanh,-0.5,0.34390321958340964,0.3636392783314054,0.019736058747995777
nivolumab,15M,self_interaction,0,tanh,0.0,0.34390321958340964,0.34503386518001405,0.0011306455966044182
nivolumab,15M,self_interaction,0,tanh,0.5,0.34390321958340964,0.3469423545654048,0.0030391349819951508
nivolumab,15M,self_interaction,0,tanh,1.0,0.34390321958340964,0.35734688410848336,0.013443664525073729
nivolumab,15M,hydrophobicity,1,sigmoid,0.0,0.34390321958340964,0.328199618885557,-0.01570360069785265
nivolumab,15M,hydrophobicity,1,sigmoid,0.25,0.34390321958340964,0.33486057866542085,-0.009042640917988787
nivolumab,15M,hydrophobicity,1,sigmoid,0.5,0.34390321958340964,0.3428296503435409,-0.0010735692398687324
nivolumab,15M,hydrophobicity,1,sigmoid,0.75,0.34390321958340964,0.3521570937998334,0.008253874216423762
nivolumab,15M,hydrophobicity,1,sigmoid,1.0,0.34390321958340964,0.36183650122688427,0.01793328164347463
nivolumab,15M,charge_environment,2,tanh,-1.0,0.34390321958340964,0.31531264019650307,-0.028590579386906567
nivolumab,15M,charge_environment,2,tanh,-0.5,0.34390321958340964,0.32596720721174033,-0.017936012371669308
nivolumab,15M,charge_environment,2,tanh,0.0,0.34390321958340964,0.33845276885617703,-0.005450450727232603
nivolumab,15M,charge_environment,2,tanh,0.5,0.34390321958340964,0.3544408721259787,0.010537652542569054
nivolumab,15M,charge_environment,2,tanh,1.0,0.34390321958340964,0.37511611518692944,0.031212895603519808
nivolumab,15M,ionic_screening,3,sigmoid,0.0,0.34390321958340964,0.3536525398584447,0.009749320275035056
nivolumab,15M,ionic_screening,3,sigmoid,0.25,0.34390321958340964,0.347940497782563,0.004037278199153338
nivolumab,15M,ionic_screening,3,sigmoid,0.5,0.34390321958340964,0.34381491569478106,-8.830388862857141e-05
nivolumab,15M,ionic_screening,3,sigmoid,0.75,0.34390321958340964,0.3420673013685259,-0.0018359182148837139
nivolumab,15M,ionic_screening,3,sigmoid,1.0,0.34390321958340964,0.3432619742663615,-0.0006412453170481225
nivolumab,15M,crowding,4,sigmoid,0.0,0.34390321958340964,0.34528964338758195,0.0013864238041723098
nivolumab,15M,crowding,4,sigmoid,0.25,0.34390321958340964,0.3443964263325706,0.0004932067491609793
nivolumab,15M,crowding,4,sigmoid,0.5,0.34390321958340964,0.344264885914193,0.0003616663307833834
nivolumab,15M,crowding,4,sigmoid,0.75,0.34390321958340964,0.3453516019553324,0.0014483823719227407
nivolumab,15M,crowding,4,sigmoid,1.0,0.34390321958340964,0.3466913551321775,0.0027881355487678894
nivolumab,15M,nonlinear_conc,5,sigmoid,0.0,0.34390321958340964,0.3484550228302438,0.004551803246834185
nivolumab,15M,nonlinear_conc,5,sigmoid,0.25,0.34390321958340964,0.34531568874210544,0.001412469158695806
nivolumab,15M,nonlinear_conc,5,sigmoid,0.5,0.34390321958340964,0.34402113739181606,0.0001179178084064203
nivolumab,15M,nonlinear_conc,5,sigmoid,0.75,0.34390321958340964,0.3441179851497204,0.0002147655663107817
nivolumab,15M,nonlinear_conc,5,sigmoid,1.0,0.34390321958340964,0.3449608595754761,0.0010576399920664836
nivolumab,15M,cosolute_interaction,6,tanh,-1.0,0.34390321958340964,0.3984193531378982,0.05451613355448859
nivolumab,15M,cosolute_interaction,6,tanh,-0.5,0.34390321958340964,0.35997703048132146,0.016073810897911822
nivolumab,15M,cosolute_interaction,6,tanh,0.0,0.34390321958340964,0.3464836542907037,0.002580434707294077
nivolumab,15M,cosolute_interaction,6,tanh,0.5,0.34390321958340964,0.3392344604892376,-0.004668759094172026
nivolumab,15M,cosolute_interaction,6,tanh,1.0,0.34390321958340964,0.33702588062511996,-0.0068773389582896804
nivolumab,15M,cosolute_protection,7,sigmoid,0.0,0.34390321958340964,0.3208984791863876,-0.02300474039702205
nivolumab,15M,cosolute_protection,7,sigmoid,0.25,0.34390321958340964,0.3313854994770137,-0.012517720106395958
nivolumab,15M,cosolute_protection,7,sigmoid,0.5,0.34390321958340964,0.3455815003070553,0.0016782807236456754
nivolumab,15M,cosolute_protection,7,sigmoid,0.75,0.34390321958340964,0.362828179651915,0.01892496006850536
nivolumab,15M,cosolute_protection,7,sigmoid,1.0,0.34390321958340964,0.3816487721163132,0.03774555253290357
nivolumab,15M,interfacial_shielding,8,sigmoid,0.0,0.34390321958340964,0.34929057393947743,0.005387354356067797
nivolumab,15M,interfacial_shielding,8,sigmoid,0.25,0.34390321958340964,0.3466187012123313,0.0027154816289216566
nivolumab,15M,interfacial_shielding,8,sigmoid,0.5,0.34390321958340964,0.3444269815260823,0.0005237619426726736
nivolumab,15M,interfacial_shielding,8,sigmoid,0.75,0.34390321958340964,0.34329350176460915,-0.0006097178188004815
nivolumab,15M,interfacial_shielding,8,sigmoid,1.0,0.34390321958340964,0.34453984128112813,0.000636621697718498
nivolumab,15M,surface_stability,9,sigmoid,0.0,0.34390321958340964,0.34499478680456147,0.0010915672211518346
nivolumab,15M,surface_stability,9,sigmoid,0.25,0.34390321958340964,0.343540984350919,-0.0003622352324906264
nivolumab,15M,surface_stability,9,sigmoid,0.5,0.34390321958340964,0.34379406286129444,-0.00010915672211520011
nivolumab,15M,surface_stability,9,sigmoid,0.75,0.34390321958340964,0.3451619301261439,0.0012587105427342427
nivolumab,15M,surface_stability,9,sigmoid,1.0,0.34390321958340964,0.3484426311166937,0.004539411533284077
nivolumab,15M,chemical_modulation,10,tanh,-1.0,0.34390321958340964,0.3698794990959412,0.025976279512531564
nivolumab,15M,chemical_modulation,10,tanh,-0.5,0.34390321958340964,0.36142434745550156,0.017521127872091924
nivolumab,15M,chemical_modulation,10,tanh,0.0,0.34390321958340964,0.34969535267600105,0.005792133092591412
nivolumab,15M,chemical_modulation,10,tanh,0.5,0.34390321958340964,0.3413742342777834,-0.00252898530562623
nivolumab,15M,chemical_modulation,10,tanh,1.0,0.34390321958340964,0.3351703404731706,-0.008732879110239011
nivolumab,15M,electrostatic_screening,11,sigmoid,0.0,0.34390321958340964,0.3330214952883115,-0.01088172429509815
nivolumab,15M,electrostatic_screening,11,sigmoid,0.25,0.34390321958340964,0.3376856100758191,-0.006217609507590538
nivolumab,15M,electrostatic_screening,11,sigmoid,0.5,0.34390321958340964,0.34570224193666305,0.00179902235325341
nivolumab,15M,electrostatic_screening,11,sigmoid,0.75,0.34390321958340964,0.35560309693916775,0.011699877355758115
nivolumab,15M,electrostatic_screening,11,sigmoid,1.0,0.34390321958340964,0.36660794190737656,0.02270472232396692
nivolumab,15M,latent_0,12,tanh,-1.0,0.34390321958340964,0.34650152814797797,0.00259830856456833
nivolumab,15M,latent_0,12,tanh,-0.5,0.34390321958340964,0.3417938665206992,-0.0021093530627104284
nivolumab,15M,latent_0,12,tanh,0.0,0.34390321958340964,0.3435975021496148,-0.00030571743379481653
nivolumab,15M,latent_0,12,tanh,0.5,0.34390321958340964,0.35343200252572243,0.009528782942312797
nivolumab,15M,latent_0,12,tanh,1.0,0.34390321958340964,0.36785310224581147,0.023949882662401833
nivolumab,15M,latent_1,13,tanh,-1.0,0.34390321958340964,0.3137703373245513,-0.03013288225885835
nivolumab,15M,latent_1,13,tanh,-0.5,0.34390321958340964,0.3254362771075566,-0.01846694247585301
nivolumab,15M,latent_1,13,tanh,0.0,0.34390321958340964,0.3413885499134706,-0.002514669669939018
nivolumab,15M,latent_1,13,tanh,0.5,0.34390321958340964,0.3666583672859714,0.022755147702561762
nivolumab,15M,latent_1,13,tanh,1.0,0.34390321958340964,0.3979241086862586,0.05402088910284897
nivolumab,15M,latent_2,14,tanh,-1.0,0.34390321958340964,0.4978460963431334,0.1539428767597238
nivolumab,15M,latent_2,14,tanh,-0.5,0.34390321958340964,0.4142256250784037,0.07032240549499408
nivolumab,15M,latent_2,14,tanh,0.0,0.34390321958340964,0.3495650431540445,0.005661823570634883
nivolumab,15M,latent_2,14,tanh,0.5,0.34390321958340964,0.31132110169461047,-0.03258211788879917
nivolumab,15M,latent_2,14,tanh,1.0,0.34390321958340964,0.2865365161037021,-0.057366703479707515
nivolumab,15M,latent_3,15,tanh,-1.0,0.34390321958340964,0.39346064035905526,0.04955742077564562
nivolumab,15M,latent_3,15,tanh,-0.5,0.34390321958340964,0.3609030886803407,0.016999869096931075
nivolumab,15M,latent_3,15,tanh,0.0,0.34390321958340964,0.3435426393377037,-0.0003605802457059548
nivolumab,15M,latent_3,15,tanh,0.5,0.34390321958340964,0.33966981510660765,-0.004233404476801983
nivolumab,15M,latent_3,15,tanh,1.0,0.34390321958340964,0.33880854964020746,-0.005094669943202179
pembrolizumab,100,self_interaction,0,tanh,-1.0,0.75634162800573,0.8260739169316544,0.06973228892592442
pembrolizumab,100,self_interaction,0,tanh,-0.5,0.75634162800573,0.7484701384859,-0.007871489519829966
pembrolizumab,100,self_interaction,0,tanh,0.0,0.75634162800573,0.683988315821618,-0.072353312184112
pembrolizumab,100,self_interaction,0,tanh,0.5,0.75634162800573,0.6474489797193731,-0.10889264828635692
pembrolizumab,100,self_interaction,0,tanh,1.0,0.75634162800573,0.6208064542456777,-0.1355351737600523
pembrolizumab,100,hydrophobicity,1,sigmoid,0.0,0.75634162800573,0.7554523208569974,-0.0008893071487325876
pembrolizumab,100,hydrophobicity,1,sigmoid,0.25,0.75634162800573,0.755571955714193,-0.0007696722915370158
pembrolizumab,100,hydrophobicity,1,sigmoid,0.5,0.75634162800573,0.7568878977686739,0.0005462697629439184
pembrolizumab,100,hydrophobicity,1,sigmoid,0.75,0.75634162800573,0.7585248038227034,0.0021831758169733595
pembrolizumab,100,hydrophobicity,1,sigmoid,1.0,0.75634162800573,0.761707508908267,0.005365880902536979
pembrolizumab,100,charge_environment,2,tanh,-1.0,0.75634162800573,0.7318787304710884,-0.024462897534641592
pembrolizumab,100,charge_environment,2,tanh,-0.5,0.75634162800573,0.7402553219575941,-0.01608630604813588
pembrolizumab,100,charge_environment,2,tanh,0.0,0.75634162800573,0.7504635700680131,-0.005878057937716896
pembrolizumab,100,charge_environment,2,tanh,0.5,0.75634162800573,0.7601242864880648,0.003782658482334833
pembrolizumab,100,charge_environment,2,tanh,1.0,0.75634162800573,0.7718447994602939,0.015503171454563924
pembrolizumab,100,ionic_screening,3,sigmoid,0.0,0.75634162800573,0.7234336639063678,-0.03290796409936225
pembrolizumab,100,ionic_screening,3,sigmoid,0.25,0.75634162800573,0.738909734952333,-0.017431893053396985
pembrolizumab,100,ionic_screening,3,sigmoid,0.5,0.75634162800573,0.7541616794129868,-0.002179948592743175
pembrolizumab,100,ionic_screening,3,sigmoid,0.75,0.75634162800573,0.7686564467323278,0.012314818726597787
pembrolizumab,100,ionic_screening,3,sigmoid,1.0,0.75634162800573,0.7839431252281244,0.027601497222394356
pembrolizumab,100,crowding,4,sigmoid,0.0,0.75634162800573,0.7582251477780073,0.0018835197722772978
pembrolizumab,100,crowding,4,sigmoid,0.25,0.75634162800573,0.7569933411141911,0.0006517131084611272
pembrolizumab,100,crowding,4,sigmoid,0.5,0.75634162800573,0.7563297121008805,-1.1915904849502112e-05
pembrolizumab,100,crowding,4,sigmoid,0.75,0.75634162800573,0.7560125752582717,-0.0003290527474583138
pembrolizumab,100,crowding,4,sigmoid,1.0,0.75634162800573,0.7540759717848767,-0.002265656220853285
pembrolizumab,100,nonlinear_conc,5,sigmoid,0.0,0.75634162800573,0.7344108602516055,-0.021930767754124503
pembrolizumab,100,nonlinear_conc,5,sigmoid,0.25,0.75634162800573,0.7488081695366652,-0.007533458469064835
pembrolizumab,100,nonlinear_conc,5,sigmoid,0.5,0.75634162800573,0.7621372469142367,0.005795618908506661
pembrolizumab,100,nonlinear_conc,5,sigmoid,0.75,0.75634162800573,0.7787202351837814,0.022378607178051402
pembrolizumab,100,nonlinear_conc,5,sigmoid,1.0,0.75634162800573,0.7951080384494112,0.03876641044368123
pembrolizumab,100,cosolute_interaction,6,tanh,-1.0,0.75634162800573,0.7243653800914571,-0.03197624791427289
pembrolizumab,100,cosolute_interaction,6,tanh,-0.5,0.75634162800573,0.7348825935472356,-0.021459034458494397
pembrolizumab,100,cosolute_interaction,6,tanh,0.0,0.75634162800573,0.7531046186662951,-0.0032370093394349375
pembrolizumab,100,cosolute_interaction,6,tanh,0.5,0.75634162800573,0.7762234807457862,0.01988185274005616
pembrolizumab,100,cosolute_interaction,6,tanh,1.0,0.75634162800573,0.803945047259407,0.04760341925367695
pembrolizumab,100,cosolute_protection,7,sigmoid,0.0,0.75634162800573,0.7225894551475169,-0.03375217285821308
pembrolizumab,100,cosolute_protection,7,sigmoid,0.25,0.75634162800573,0.7380107047562406,-0.018330923249489373
pembrolizumab,100,cosolute_protection,7,sigmoid,0.5,0.75634162800573,0.7536800782586532,-0.0026615497470767746
pembrolizumab,100,cosolute_protection,7,sigmoid,0.75,0.75634162800573,0.7699107819037501,0.013569153898020048
pembrolizumab,100,cosolute_protection,7,sigmoid,1.0,0.75634162800573,0.7867810551917755,0.03043942718604553
pembrolizumab,100,interfacial_shielding,8,sigmoid,0.0,0.75634162800573,0.7516890877820477,-0.004652540223682333
pembrolizumab,100,interfacial_shielding,8,sigmoid,0.25,0.75634162800573,0.7535663806665477,-0.0027752473391823296
pembrolizumab,100,interfacial_shielding,8,sigmoid,0.5,0.75634162800573,0.7560954280341783,-0.00024619997155173046
pembrolizumab,100,interfacial_shielding,8,sigmoid,0.75,0.75634162800573,0.7583082694892664,0.0019666414835364243
pembrolizumab,100,interfacial_shielding,8,sigmoid,1.0,0.75634162800573,0.7610278885851498,0.004686260579419788
pembrolizumab,100,surface_stability,9,sigmoid,0.0,0.75634162800573,0.7800621605307814,0.023720532525051352
pembrolizumab,100,surface_stability,9,sigmoid,0.25,0.75634162800573,0.7640025825192176,0.007660954513487583
pembrolizumab,100,surface_stability,9,sigmoid,0.5,0.75634162800573,0.7504166511926682,-0.005924976813061811
pembrolizumab,100,surface_stability,9,sigmoid,0.75,0.75634162800573,0.7369661598471078,-0.019375468158622233
pembrolizumab,100,surface_stability,9,sigmoid,1.0,0.75634162800573,0.7218036674221644,-0.03453796058356562
pembrolizumab,100,chemical_modulation,10,tanh,-1.0,0.75634162800573,0.6929077015988199,-0.06343392640691015
pembrolizumab,100,chemical_modulation,10,tanh,-0.5,0.75634162800573,0.7254850407132784,-0.030856587292451665
pembrolizumab,100,chemical_modulation,10,tanh,0.0,0.75634162800573,0.7601503732172579,0.003808745211527853
pembrolizumab,100,chemical_modulation,10,tanh,0.5,0.75634162800573,0.7953021683992509,0.038960540393520926
pembrolizumab,100,chemical_modulation,10,tanh,1.0,0.75634162800573,0.8222072058079941,0.0658655778022641
pembrolizumab,100,electrostatic_screening,11,sigmoid,0.0,0.75634162800573,0.7673599093978968,0.011018281392166762
pembrolizumab,100,electrostatic_screening,11,sigmoid,0.25,0.75634162800573,0.7620177568683848,0.0056761288626547834
pembrolizumab,100,electrostatic_screening,11,sigmoid,0.5,0.75634162800573,0.7547998423171486,-0.0015417856885814318
pembrolizumab,100,electrostatic_screening,11,sigmoid,0.75,0.75634162800573,0.747981793260419,-0.00835983474531099
pembrolizumab,100,electrostatic_screening,11,sigmoid,1.0,0.75634162800573,0.7419292997155997,-0.014412328290130283
pembrolizumab,100,latent_0,12,tanh,-1.0,0.75634162800573,0.6919061656587531,-0.06443546234697695
pembrolizumab,100,latent_0,12,tanh,-0.5,0.75634162800573,0.7231765410220373,-0.03316508698369269
pembrolizumab,100,latent_0,12,tanh,0.0,0.75634162800573,0.7558223552147108,-0.0005192727910192652
pembrolizumab,100,latent_0,12,tanh,0.5,0.75634162800573,0.7901145295734209,0.03377290156769086
pembrolizumab,100,latent_0,12,tanh,1.0,0.75634162800573,0.827538911233428,0.07119728322769803
pembrolizumab,100,latent_1,13,tanh,-1.0,0.75634162800573,0.7274499858353605,-0.028891642170369547
pembrolizumab,100,latent_1,13,tanh,-0.5,0.75634162800573,0.7389695627245982,-0.017372065281131777
pembrolizumab,100,latent_1,13,tanh,0.0,0.75634162800573,0.7566130872130825,0.00027145920735249796
pembrolizumab,100,latent_1,13,tanh,0.5,0.75634162800573,0.7713899677172021,0.015048339711472125
pembrolizumab,100,latent_1,13,tanh,1.0,0.75634162800573,0.781571260230366,0.025229632224636034
pembrolizumab,100,latent_2,14,tanh,-1.0,0.75634162800573,0.8643053942718666,0.10796376626613657
pembrolizumab,100,latent_2,14,tanh,-0.5,0.75634162800573,0.8034839679412031,0.04714233993547312
pembrolizumab,100,latent_2,14,tanh,0.0,0.75634162800573,0.7456948911467176,-0.010646736859012407
pembrolizumab,100,latent_2,14,tanh,0.5,0.75634162800573,0.6876458159283635,-0.06869581207736652
pembrolizumab,100,latent_2,14,tanh,1.0,0.75634162800573,0.6385491745045672,-0.11779245350116285
pembrolizumab,100,latent_3,15,tanh,-1.0,0.75634162800573,0.8374207959499137,0.08107916794418368
pembrolizumab,100,latent_3,15,tanh,-0.5,0.75634162800573,0.787351942883141,0.031010314877411016
pembrolizumab,100,latent_3,15,tanh,0.0,0.75634162800573,0.7508605393356466,-0.005481088670083456
pembrolizumab,100,latent_3,15,tanh,0.5,0.75634162800573,0.7137842427711213,-0.042557385234608724
pembrolizumab,100,latent_3,15,tanh,1.0,0.75634162800573,0.6718811979364943,-0.08446043006923576
pembrolizumab,1k,self_interaction,0,tanh,-1.0,0.7014383102929722,0.7616460261492173,0.06020771585624507
pembrolizumab,1k,self_interaction,0,tanh,-0.5,0.7014383102929722,0.6948813147141867,-0.006556995578785529
pembrolizumab,1k,self_interaction,0,tanh,0.0,0.7014383102929722,0.6466292854522699,-0.05480902484070227
pembrolizumab,1k,self_interaction,0,tanh,0.5,0.7014383102929722,0.6181518657867638,-0.08328644450620837
pembrolizumab,1k,self_interaction,0,tanh,1.0,0.7014383102929722,0.5907238215230683,-0.11071448876990386
pembrolizumab,1k,hydrophobicity,1,sigmoid,0.0,0.7014383102929722,0.6943782401063221,-0.007060070186650114
pembrolizumab,1k,hydrophobicity,1,sigmoid,0.25,0.7014383102929722,0.6986696622135936,-0.0027686480793785995
pembrolizumab,1k,hydrophobicity,1,sigmoid,0.5,0.7014383102929722,0.7034087789334481,0.0019704686404758975
pembrolizumab,1k,hydrophobicity,1,sigmoid,0.75,0.7014383102929722,0.7099052226832503,0.00846691239027808
pembrolizumab,1k,hydrophobicity,1,sigmoid,1.0,0.7014383102929722,0.7148705967839015,0.013432286490929313
pembrolizumab,1k,charge_environment,2,tanh,-1.0,0.7014383102929722,0.6872155814263585,-0.014222728866613688
pembrolizumab,1k,charge_environment,2,tanh,-0.5,0.7014383102929722,0.6926328703558937,-0.008805439937078496
pembrolizumab,1k,charge_environment,2,tanh,0.0,0.7014383102929722,0.6987972410073554,-0.002641069285616804
pembrolizumab,1k,charge_environment,2,tanh,0.5,0.7014383102929722,0.7047027924130325,0.0032644821200602525
pembrolizumab,1k,charge_environment,2,tanh,1.0,0.7014383102929722,0.7122216869983924,0.010783376705420178
pembrolizumab,1k,ionic_screening,3,sigmoid,0.0,0.7014383102929722,0.6737332108978586,-0.027705099395113564
pembrolizumab,1k,ionic_screening,3,sigmoid,0.25,0.7014383102929722,0.6872176501598393,-0.014220660133132945
pembrolizumab,1k,ionic_screening,3,sigmoid,0.5,0.7014383102929722,0.6993455795037802,-0.002092730789192032
pembrolizumab,1k,ionic_screening,3,sigmoid,0.75,0.7014383102929722,0.7140252915963059,0.012586981303333689
pembrolizumab,1k,ionic_screening,3,sigmoid,1.0,0.7014383102929722,0.7290818648670315,0.027643554574059315
pembrolizumab,1k,crowding,4,sigmoid,0.0,0.7014383102929722,0.7021639392487027,0.0007256289557304729
pembrolizumab,1k,crowding,4,sigmoid,0.25,0.7014383102929722,0.7018440716778992,0.00040576138492698366
pembrolizumab,1k,crowding,4,sigmoid,0.5,0.7014383102929722,0.7014317730951729,-6.537197799305616e-06
pembrolizumab,1k,crowding,4,sigmoid,0.75,0.7014383102929722,0.7021493133029933,0.0007110030100211384
pembrolizumab,1k,crowding,4,sigmoid,1.0,0.7014383102929722,0.7021628635072927,0.0007245532143205224
pembrolizumab,1k,nonlinear_conc,5,sigmoid,0.0,0.7014383102929722,0.6855096003614047,-0.015928709931567475
pembrolizumab,1k,nonlinear_conc,5,sigmoid,0.25,0.7014383102929722,0.6949057878312647,-0.006532522461707546
pembrolizumab,1k,nonlinear_conc,5,sigmoid,0.5,0.7014383102929722,0.7078414541627895,0.006403143869817329
pembrolizumab,1k,nonlinear_conc,5,sigmoid,0.75,0.7014383102929722,0.7206654916356898,0.019227181342717614
pembrolizumab,1k,nonlinear_conc,5,sigmoid,1.0,0.7014383102929722,0.732870688175139,0.031432377882166795
pembrolizumab,1k,cosolute_interaction,6,tanh,-1.0,0.7014383102929722,0.6820083930691349,-0.019429917223837356
pembrolizumab,1k,cosolute_interaction,6,tanh,-0.5,0.7014383102929722,0.6908099644746043,-0.010628345818367912
pembrolizumab,1k,cosolute_interaction,6,tanh,0.0,0.7014383102929722,0.6991342170040453,-0.0023040932889268895
pembrolizumab,1k,cosolute_interaction,6,tanh,0.5,0.7014383102929722,0.7192398239573864,0.01780151366441418
pembrolizumab,1k,cosolute_interaction,6,tanh,1.0,0.7014383102929722,0.7416934640987869,0.04025515380581468
pembrolizumab,1k,cosolute_protection,7,sigmoid,0.0,0.7014383102929722,0.6713946525091414,-0.03004365778383078
pembrolizumab,1k,cosolute_protection,7,sigmoid,0.25,0.7014383102929722,0.6842116769755416,-0.017226633317430573
pembrolizumab,1k,cosolute_protection,7,sigmoid,0.5,0.7014383102929722,0.6988747150762119,-0.002563595216760306
pembrolizumab,1k,cosolute_protection,7,sigmoid,0.75,0.7014383102929722,0.7154245622353941,0.013986251942421868
pembrolizumab,1k,cosolute_protection,7,sigmoid,1.0,0.7014383102929722,0.7327827463148696,0.031344436021897404
pembrolizumab,1k,interfacial_shielding,8,sigmoid,0.0,0.7014383102929722,0.699060383906115,-0.0023779263868571876
pembrolizumab,1k,interfacial_shielding,8,sigmoid,0.25,0.7014383102929722,0.6999163430711369,-0.0015219672218352853
pembrolizumab,1k,interfacial_shielding,8,sigmoid,0.5,0.7014383102929722,0.700942972748326,-0.0004953375446462571
pembrolizumab,1k,interfacial_shielding,8,sigmoid,0.75,0.7014383102929722,0.7038044448989887,0.0023661346060165345
pembrolizumab,1k,interfacial_shielding,8,sigmoid,1.0,0.7014383102929722,0.7059707605380934,0.004532450245121167
pembrolizumab,1k,surface_stability,9,sigmoid,0.0,0.7014383102929722,0.7225563140371543,0.021118003744182046
pembrolizumab,1k,surface_stability,9,sigmoid,0.25,0.7014383102929722,0.7089162232680772,0.007477912975105028
pembrolizumab,1k,surface_stability,9,sigmoid,0.5,0.7014383102929722,0.6954249985602795,-0.0060133117326927055
pembrolizumab,1k,surface_stability,9,sigmoid,0.75,0.7014383102929722,0.6819566747321144,-0.019481635560857802
pembrolizumab,1k,surface_stability,9,sigmoid,1.0,0.7014383102929722,0.668541124295045,-0.032897185997927236
pembrolizumab,1k,chemical_modulation,10,tanh,-1.0,0.7014383102929722,0.6513400915544395,-0.05009821873853271
pembrolizumab,1k,chemical_modulation,10,tanh,-0.5,0.7014383102929722,0.6762628995728684,-0.025175410720103764
pembrolizumab,1k,chemical_modulation,10,tanh,0.0,0.7014383102929722,0.7046553770416522,0.003217066748679942
pembrolizumab,1k,chemical_modulation,10,tanh,0.5,0.7014383102929722,0.7339209014140093,0.03248259112103713
pembrolizumab,1k,chemical_modulation,10,tanh,1.0,0.7014383102929722,0.7581295722911937,0.0566912619982215
pembrolizumab,1k,electrostatic_screening,11,sigmoid,0.0,0.7014383102929722,0.7076379735376167,0.006199663244644493
pembrolizumab,1k,electrostatic_screening,11,sigmoid,0.25,0.7014383102929722,0.704587357084803,0.003149046791830812
pembrolizumab,1k,electrostatic_screening,11,sigmoid,0.5,0.7014383102929722,0.7005769103588958,-0.0008613999340764122
pembrolizumab,1k,electrostatic_screening,11,sigmoid,0.75,0.7014383102929722,0.6975222391884598,-0.00391607110451242
pembrolizumab,1k,electrostatic_screening,11,sigmoid,1.0,0.7014383102929722,0.6941196691085552,-0.007318641184417052
pembrolizumab,1k,latent_0,12,tanh,-1.0,0.7014383102929722,0.6485879209372356,-0.052850389355736604
pembrolizumab,1k,latent_0,12,tanh,-0.5,0.7014383102929722,0.6734262522239755,-0.02801205806899676
pembrolizumab,1k,latent_0,12,tanh,0.0,0.7014383102929722,0.7009448346084587,-0.0004934756845135224
pembrolizumab,1k,latent_0,12,tanh,0.5,0.7014383102929722,0.7326669593019484,0.03122864900897615
pembrolizumab,1k,latent_0,12,tanh,1.0,0.7014383102929722,0.7627878635939529,0.061349553300980686
pembrolizumab,1k,latent_1,13,tanh,-1.0,0.7014383102929722,0.6750686817963986,-0.02636962849657365
pembrolizumab,1k,latent_1,13,tanh,-0.5,0.7014383102929722,0.6870043637379672,-0.014433946555004962
pembrolizumab,1k,latent_1,13,tanh,0.0,0.7014383102929722,0.7017262779935016,0.00028796770052941234
pembrolizumab,1k,latent_1,13,tanh,0.5,0.7014383102929722,0.7195398730614437,0.018101562768471524
pembrolizumab,1k,latent_1,13,tanh,1.0,0.7014383102929722,0.7330286152890644,0.03159030499609217
pembrolizumab,1k,latent_2,14,tanh,-1.0,0.7014383102929722,0.8078713792819843,0.10643306898901206
pembrolizumab,1k,latent_2,14,tanh,-0.5,0.7014383102929722,0.7484253297187057,0.04698701942573347
pembrolizumab,1k,latent_2,14,tanh,0.0,0.7014383102929722,0.6918034323540958,-0.009634877938876407
pembrolizumab,1k,latent_2,14,tanh,0.5,0.7014383102929722,0.6374358338635298,-0.06400247642944246
pembrolizumab,1k,latent_2,14,tanh,1.0,0.7014383102929722,0.5941731139486373,-0.10726519634433496
pembrolizumab,1k,latent_3,15,tanh,-1.0,0.7014383102929722,0.7704641267351984,0.06902581644222616
pembrolizumab,1k,latent_3,15,tanh,-0.5,0.7014383102929722,0.7272601381638262,0.025821827870853964
pembrolizumab,1k,latent_3,15,tanh,0.0,0.7014383102929722,0.6974147684841314,-0.0040235418088407915
pembrolizumab,1k,latent_3,15,tanh,0.5,0.7014383102929722,0.6671644235382325,-0.034273886754739746
pembrolizumab,1k,latent_3,15,tanh,1.0,0.7014383102929722,0.6320138282216583,-0.06942448207131391
pembrolizumab,10k,self_interaction,0,tanh,-1.0,0.6450205658919166,0.6932395471364774,0.04821898124456081
pembrolizumab,10k,self_interaction,0,tanh,-0.5,0.6450205658919166,0.6407600092881789,-0.004260556603737697
pembrolizumab,10k,self_interaction,0,tanh,0.0,0.6450205658919166,0.6031028744242454,-0.041917691467671214
pembrolizumab,10k,self_interaction,0,tanh,0.5,0.6450205658919166,0.5820697818457833,-0.0629507840461333
pembrolizumab,10k,self_interaction,0,tanh,1.0,0.6450205658919166,0.5607809576062566,-0.08423960828566002
pembrolizumab,10k,hydrophobicity,1,sigmoid,0.0,0.6450205658919166,0.6321361110577093,-0.012884454834207304
pembrolizumab,10k,hydrophobicity,1,sigmoid,0.25,0.6450205658919166,0.639173414832403,-0.005847151059513611
pembrolizumab,10k,hydrophobicity,1,sigmoid,0.5,0.6450205658919166,0.6486261097572914,0.003605543865374816
pembrolizumab,10k,hydrophobicity,1,sigmoid,0.75,0.6450205658919166,0.6558399282162356,0.010819362324319015
pembrolizumab,10k,hydrophobicity,1,sigmoid,1.0,0.6450205658919166,0.6627466638772876,0.01772609798537106
pembrolizumab,10k,charge_environment,2,tanh,-1.0,0.6450205658919166,0.6377041175649891,-0.0073164483269274605
pembrolizumab,10k,charge_environment,2,tanh,-0.5,0.6450205658919166,0.6382820182628548,-0.006738547629061786
pembrolizumab,10k,charge_environment,2,tanh,0.0,0.6450205658919166,0.6415696288232305,-0.003450937068686044
pembrolizumab,10k,charge_environment,2,tanh,0.5,0.6450205658919166,0.6475550023102647,0.0025344364183481627
pembrolizumab,10k,charge_environment,2,tanh,1.0,0.6450205658919166,0.6548565247251281,0.009835958833211533
pembrolizumab,10k,ionic_screening,3,sigmoid,0.0,0.6450205658919166,0.6208386437386393,-0.024181922153277302
pembrolizumab,10k,ionic_screening,3,sigmoid,0.25,0.6450205658919166,0.6319388159456439,-0.013081749946272647
pembrolizumab,10k,ionic_screening,3,sigmoid,0.5,0.6450205658919166,0.6433230769779016,-0.0016974889140149996
pembrolizumab,10k,ionic_screening,3,sigmoid,0.75,0.6450205658919166,0.6546951635136247,0.009674597621708081
pembrolizumab,10k,ionic_screening,3,sigmoid,1.0,0.6450205658919166,0.6675305273023322,0.022509961410415613
pembrolizumab,10k,crowding,4,sigmoid,0.0,0.6450205658919166,0.6444345971334758,-0.0005859687584407469
pembrolizumab,10k,crowding,4,sigmoid,0.25,0.6450205658919166,0.6441670064577325,-0.0008535594341840813
pembrolizumab,10k,crowding,4,sigmoid,0.5,0.6450205658919166,0.6450669262092217,4.6360317305094156e-05
pembrolizumab,10k,crowding,4,sigmoid,0.75,0.6450205658919166,0.6460257945212466,0.0010052286293300572
pembrolizumab,10k,crowding,4,sigmoid,1.0,0.6450205658919166,0.6470165316725436,0.001995965780626996
pembrolizumab,10k,nonlinear_conc,5,sigmoid,0.0,0.6450205658919166,0.6341970454133012,-0.010823520478615345
pembrolizumab,10k,nonlinear_conc,5,sigmoid,0.25,0.6450205658919166,0.6412949320479806,-0.0037256338439359826
pembrolizumab,10k,nonlinear_conc,5,sigmoid,0.5,0.6450205658919166,0.6481219283770147,0.0031013624850980692
pembrolizumab,10k,nonlinear_conc,5,sigmoid,0.75,0.6450205658919166,0.6590068695526754,0.013986303660758814
pembrolizumab,10k,nonlinear_conc,5,sigmoid,1.0,0.6450205658919166,0.6712478138066732,0.026227247914756613
pembrolizumab,10k,cosolute_interaction,6,tanh,-1.0,0.6450205658919166,0.6244473320789048,-0.020573233813011793
pembrolizumab,10k,cosolute_interaction,6,tanh,-0.5,0.6450205658919166,0.6313699452694221,-0.013650620622494447
pembrolizumab,10k,cosolute_interaction,6,tanh,0.0,0.6450205658919166,0.642968547777627,-0.0020520181142895666
pembrolizumab,10k,cosolute_interaction,6,tanh,0.5,0.6450205658919166,0.6603039447578114,0.015283378865894814
pembrolizumab,10k,cosolute_interaction,6,tanh,1.0,0.6450205658919166,0.6769959966564647,0.03197543076454812
pembrolizumab,10k,cosolute_protection,7,sigmoid,0.0,0.6450205658919166,0.6178321016526344,-0.02718846423928223
pembrolizumab,10k,cosolute_protection,7,sigmoid,0.25,0.6450205658919166,0.6306054758425893,-0.014415090049327284
pembrolizumab,10k,cosolute_protection,7,sigmoid,0.5,0.6450205658919166,0.6429037447013405,-0.0021168211905761014
pembrolizumab,10k,cosolute_protection,7,sigmoid,0.75,0.6450205658919166,0.6563887425213609,0.011368176629444338
pembrolizumab,10k,cosolute_protection,7,sigmoid,1.0,0.6450205658919166,0.6706264283310409,0.025605862439124327
pembrolizumab,10k,interfacial_shielding,8,sigmoid,0.0,0.6450205658919166,0.641661821930803,-0.003358743961113575
pembrolizumab,10k,interfacial_shielding,8,sigmoid,0.25,0.6450205658919166,0.6430508626828286,-0.0019697032090879585
pembrolizumab,10k,interfacial_shielding,8,sigmoid,0.5,0.6450205658919166,0.6448150061895954,-0.0002055597023211675
pembrolizumab,10k,interfacial_shielding,8,sigmoid,0.75,0.6450205658919166,0.6466492694176945,0.0016287035257779303
pembrolizumab,10k,interfacial_shielding,8,sigmoid,1.0,0.6450205658919166,0.6526281884562687,0.007607622564352101
pembrolizumab,10k,surface_stability,9,sigmoid,0.0,0.6450205658919166,0.6678434439286403,0.02282287803672367
pembrolizumab,10k,surface_stability,9,sigmoid,0.25,0.6450205658919166,0.653131056190785,0.008110490298868456
pembrolizumab,10k,surface_stability,9,sigmoid,0.5,0.6450205658919166,0.6381533740713503,-0.006867191820566276
pembrolizumab,10k,surface_stability,9,sigmoid,0.75,0.6450205658919166,0.6231144264098811,-0.021906139482035458
pembrolizumab,10k,surface_stability,9,sigmoid,1.0,0.6450205658919166,0.6123563296275965,-0.032664236264320134
pembrolizumab,10k,chemical_modulation,10,tanh,-1.0,0.6450205658919166,0.5978980340795225,-0.04712253181239412
pembrolizumab,10k,chemical_modulation,10,tanh,-0.5,0.6450205658919166,0.619566238180262,-0.025454327711654567
pembrolizumab,10k,chemical_modulation,10,tanh,0.0,0.6450205658919166,0.6482780246618095,0.003257458769892918
pembrolizumab,10k,chemical_modulation,10,tanh,0.5,0.6450205658919166,0.6749606318466956,0.02994006595477905
pembrolizumab,10k,chemical_modulation,10,tanh,1.0,0.6450205658919166,0.6982277600547568,0.053207194162840254
pembrolizumab,10k,electrostatic_screening,11,sigmoid,0.0,0.6450205658919166,0.6489562899644968,0.003935724072580249
pembrolizumab,10k,electrostatic_screening,11,sigmoid,0.25,0.6450205658919166,0.6465674303211936,0.001546864429276984
pembrolizumab,10k,electrostatic_screening,11,sigmoid,0.5,0.6450205658919166,0.6446212589554497,-0.0003993069364668367
pembrolizumab,10k,electrostatic_screening,11,sigmoid,0.75,0.6450205658919166,0.6428420240379403,-0.002178541853976257
pembrolizumab,10k,electrostatic_screening,11,sigmoid,1.0,0.6450205658919166,0.6404933909171715,-0.004527174974745085
pembrolizumab,10k,latent_0,12,tanh,-1.0,0.6450205658919166,0.5997577841041052,-0.0452627817878114
pembrolizumab,10k,latent_0,12,tanh,-0.5,0.6450205658919166,0.620298456052129,-0.02472210983978762
pembrolizumab,10k,latent_0,12,tanh,0.0,0.6450205658919166,0.6446222933221901,-0.0003982725697264655
pembrolizumab,10k,latent_0,12,tanh,0.5,0.6450205658919166,0.6726246593748294,0.027604093482912817
pembrolizumab,10k,latent_0,12,tanh,1.0,0.6450205658919166,0.702588112361609,0.05756754646969242
pembrolizumab,10k,latent_1,13,tanh,-1.0,0.6450205658919166,0.6218294636392754,-0.023191102252641205
pembrolizumab,10k,latent_1,13,tanh,-0.5,0.6450205658919166,0.6318175467889986,-0.01320301910291799
pembrolizumab,10k,latent_1,13,tanh,0.0,0.6450205658919166,0.6453531458299597,0.0003325799380431427
pembrolizumab,10k,latent_1,13,tanh,0.5,0.6450205658919166,0.662483748539211,0.017463182647294406
pembrolizumab,10k,latent_1,13,tanh,1.0,0.6450205658919166,0.6762965164919317,0.03127595060001509
pembrolizumab,10k,latent_2,14,tanh,-1.0,0.6450205658919166,0.7396941780009232,0.0946736121090066
pembrolizumab,10k,latent_2,14,tanh,-0.5,0.6450205658919166,0.6828262875381097,0.03780572164619311
pembrolizumab,10k,latent_2,14,tanh,0.0,0.6450205658919166,0.6364189375773679,-0.008601628314548693
pembrolizumab,10k,latent_2,14,tanh,0.5,0.6450205658919166,0.5840729881935931,-0.060947577698323485
pembrolizumab,10k,latent_2,14,tanh,1.0,0.6450205658919166,0.5389911947261844,-0.10602937116573219
pembrolizumab,10k,latent_3,15,tanh,-1.0,0.6450205658919166,0.7090443399325441,0.06402377404062753
pembrolizumab,10k,latent_3,15,tanh,-0.5,0.6450205658919166,0.6679249313404495,0.022904365448532915
pembrolizumab,10k,latent_3,15,tanh,0.0,0.6450205658919166,0.6420195473243056,-0.0030010185676110357
pembrolizumab,10k,latent_3,15,tanh,0.5,0.6450205658919166,0.618545907796522,-0.02647465809539462
pembrolizumab,10k,latent_3,15,tanh,1.0,0.6450205658919166,0.5868508111059592,-0.05816975478595743
pembrolizumab,100k,self_interaction,0,tanh,-1.0,0.579838942409412,0.6201180107742649,0.040279068364852844
pembrolizumab,100k,self_interaction,0,tanh,-0.5,0.579838942409412,0.575132553053224,-0.0047063893561880565
pembrolizumab,100k,self_interaction,0,tanh,0.0,0.579838942409412,0.5471194295864845,-0.03271951282292751
pembrolizumab,100k,self_interaction,0,tanh,0.5,0.579838942409412,0.530749567411967,-0.049089374997445034
pembrolizumab,100k,self_interaction,0,tanh,1.0,0.579838942409412,0.5149775071514006,-0.06486143525801147
pembrolizumab,100k,hydrophobicity,1,sigmoid,0.0,0.579838942409412,0.5671463212308806,-0.012692621178531427
pembrolizumab,100k,hydrophobicity,1,sigmoid,0.25,0.579838942409412,0.5750326849444376,-0.004806257464974428
pembrolizumab,100k,hydrophobicity,1,sigmoid,0.5,0.579838942409412,0.5826027910271152,0.0027638486177031796
pembrolizumab,100k,hydrophobicity,1,sigmoid,0.75,0.579838942409412,0.5912130459602789,0.011374103550866876
pembrolizumab,100k,hydrophobicity,1,sigmoid,1.0,0.579838942409412,0.6005284080130434,0.020689465603631385
pembrolizumab,100k,charge_environment,2,tanh,-1.0,0.579838942409412,0.5633906545486368,-0.016448287860775235
pembrolizumab,100k,charge_environment,2,tanh,-0.5,0.579838942409412,0.5677268440484331,-0.012112098360978929
pembrolizumab,100k,charge_environment,2,tanh,0.0,0.579838942409412,0.5747481720288212,-0.005090770380590803
pembrolizumab,100k,charge_environment,2,tanh,0.5,0.579838942409412,0.5832658718260533,0.0034269294166412445
pembrolizumab,100k,charge_environment,2,tanh,1.0,0.579838942409412,0.5925306223142097,0.012691679904797692
pembrolizumab,100k,ionic_screening,3,sigmoid,0.0,0.579838942409412,0.5580078358907257,-0.02183110651868636
pembrolizumab,100k,ionic_screening,3,sigmoid,0.25,0.579838942409412,0.5687517877078353,-0.011087154701576729
pembrolizumab,100k,ionic_screening,3,sigmoid,0.5,0.579838942409412,0.5784381822822177,-0.001400760127194367
pembrolizumab,100k,ionic_screening,3,sigmoid,0.75,0.579838942409412,0.5879067237055691,0.00806778129615704
pembrolizumab,100k,ionic_screening,3,sigmoid,1.0,0.579838942409412,0.5983861724316555,0.018547230022243455
pembrolizumab,100k,crowding,4,sigmoid,0.0,0.579838942409412,0.578024621772068,-0.0018143206373439913
pembrolizumab,100k,crowding,4,sigmoid,0.25,0.579838942409412,0.5785794560916224,-0.0012594863177896043
pembrolizumab,100k,crowding,4,sigmoid,0.5,0.579838942409412,0.5799046557284301,6.571331901805699e-05
pembrolizumab,100k,crowding,4,sigmoid,0.75,0.579838942409412,0.581393285310222,0.001554342900810024
pembrolizumab,100k,crowding,4,sigmoid,1.0,0.579838942409412,0.5837252754701377,0.003886333060725722
pembrolizumab,100k,nonlinear_conc,5,sigmoid,0.0,0.579838942409412,0.5713002035926801,-0.00853873881673195
pembrolizumab,100k,nonlinear_conc,5,sigmoid,0.25,0.579838942409412,0.5770795829433623,-0.002759359466049771
pembrolizumab,100k,nonlinear_conc,5,sigmoid,0.5,0.579838942409412,0.581943547728784,0.002104605319371955
pembrolizumab,100k,nonlinear_conc,5,sigmoid,0.75,0.579838942409412,0.5894588634052221,0.009619920995810105
pembrolizumab,100k,nonlinear_conc,5,sigmoid,1.0,0.579838942409412,0.6008200270281664,0.020981084618754364
pembrolizumab,100k,cosolute_interaction,6,tanh,-1.0,0.579838942409412,0.5622552198340244,-0.01758372257538765
pembrolizumab,100k,cosolute_interaction,6,tanh,-0.5,0.579838942409412,0.5698770545973896,-0.009961887812022452
pembrolizumab,100k,cosolute_interaction,6,tanh,0.0,0.579838942409412,0.577983050572771,-0.0018558918366410326
pembrolizumab,100k,cosolute_interaction,6,tanh,0.5,0.579838942409412,0.5919180392995382,0.012079096890126206
pembrolizumab,100k,cosolute_interaction,6,tanh,1.0,0.579838942409412,0.6096142647734464,0.02977532236403435
pembrolizumab,100k,cosolute_protection,7,sigmoid,0.0,0.579838942409412,0.5521604986451988,-0.027678443764213245
pembrolizumab,100k,cosolute_protection,7,sigmoid,0.25,0.579838942409412,0.5653369655538906,-0.014501976855521459
pembrolizumab,100k,cosolute_protection,7,sigmoid,0.5,0.579838942409412,0.5778103423581252,-0.0020286000512867997
pembrolizumab,100k,cosolute_protection,7,sigmoid,0.75,0.579838942409412,0.5903812909769826,0.010542348567570525
pembrolizumab,100k,cosolute_protection,7,sigmoid,1.0,0.579838942409412,0.6031824896322545,0.023343547222842487
pembrolizumab,100k,interfacial_shielding,8,sigmoid,0.0,0.579838942409412,0.5758671913432635,-0.0039717510661485544
pembrolizumab,100k,interfacial_shielding,8,sigmoid,0.25,0.579838942409412,0.5771581327536288,-0.0026808096557832117
pembrolizumab,100k,interfacial_shielding,8,sigmoid,0.5,0.579838942409412,0.5792714267536202,-0.0005675156557918282
pembrolizumab,100k,interfacial_shielding,8,sigmoid,0.75,0.579838942409412,0.5824802289120443,0.0026412865026322896
pembrolizumab,100k,interfacial_shielding,8,sigmoid,1.0,0.579838942409412,0.5863971688846187,0.006558226475206652
pembrolizumab,100k,surface_stability,9,sigmoid,0.0,0.579838942409412,0.6037872114596988,0.023948269050286797
pembrolizumab,100k,surface_stability,9,sigmoid,0.25,0.579838942409412,0.588249947277371,0.008411004867958982
pembrolizumab,100k,surface_stability,9,sigmoid,0.5,0.579838942409412,0.5728800539773086,-0.0069588884321034605
pembrolizumab,100k,surface_stability,9,sigmoid,0.75,0.579838942409412,0.5586595179681846,-0.021179424441227446
pembrolizumab,100k,surface_stability,9,sigmoid,1.0,0.579838942409412,0.5456904622782792,-0.03414848013113281
pembrolizumab,100k,chemical_modulation,10,tanh,-1.0,0.579838942409412,0.5302474185623353,-0.04959152384707677
pembrolizumab,100k,chemical_modulation,10,tanh,-0.5,0.579838942409412,0.5552579253648495,-0.024581017044562503
pembrolizumab,100k,chemical_modulation,10,tanh,0.0,0.579838942409412,0.5828581451443196,0.0030192027349075223
pembrolizumab,100k,chemical_modulation,10,tanh,0.5,0.579838942409412,0.6104953383629252,0.030656395953513216
pembrolizumab,100k,chemical_modulation,10,tanh,1.0,0.579838942409412,0.6346035929169509,0.05476465050753887
pembrolizumab,100k,electrostatic_screening,11,sigmoid,0.0,0.579838942409412,0.5807182265444301,0.0008792841350180325
pembrolizumab,100k,electrostatic_screening,11,sigmoid,0.25,0.579838942409412,0.5803919148688338,0.0005529724594217633
pembrolizumab,100k,electrostatic_screening,11,sigmoid,0.5,0.579838942409412,0.5796829495612912,-0.00015599284812084502
pembrolizumab,100k,electrostatic_screening,11,sigmoid,0.75,0.579838942409412,0.5795477785156548,-0.0002911638937572736
pembrolizumab,100k,electrostatic_screening,11,sigmoid,1.0,0.579838942409412,0.5809542483472562,0.0011153059378441466
pembrolizumab,100k,latent_0,12,tanh,-1.0,0.579838942409412,0.5390519017101789,-0.04078704069923311
pembrolizumab,100k,latent_0,12,tanh,-0.5,0.579838942409412,0.55490636479712,-0.02493257761229206
pembrolizumab,100k,latent_0,12,tanh,0.0,0.579838942409412,0.5794462761074186,-0.00039266630199341623
pembrolizumab,100k,latent_0,12,tanh,0.5,0.579838942409412,0.6036374558430226,0.023798513433610613
pembrolizumab,100k,latent_0,12,tanh,1.0,0.579838942409412,0.6278977829952229,0.04805884058581089
pembrolizumab,100k,latent_1,13,tanh,-1.0,0.579838942409412,0.5562279389785024,-0.023611003430909605
pembrolizumab,100k,latent_1,13,tanh,-0.5,0.579838942409412,0.56604167961413,-0.01379726279528204
pembrolizumab,100k,latent_1,13,tanh,0.0,0.579838942409412,0.5801146838950698,0.0002757414856577878
pembrolizumab,100k,latent_1,13,tanh,0.5,0.579838942409412,0.5959166321826004,0.016077689773188353
pembrolizumab,100k,latent_1,13,tanh,1.0,0.579838942409412,0.6111540644778863,0.03131512206847431
pembrolizumab,100k,latent_2,14,tanh,-1.0,0.579838942409412,0.6741067827898242,0.09426784038041214
pembrolizumab,100k,latent_2,14,tanh,-0.5,0.579838942409412,0.6223603316814547,0.04252138927204263
pembrolizumab,100k,latent_2,14,tanh,0.0,0.579838942409412,0.5706843209481067,-0.009154621461305301
pembrolizumab,100k,latent_2,14,tanh,0.5,0.579838942409412,0.5196115347963466,-0.06022740761306544
pembrolizumab,100k,latent_2,14,tanh,1.0,0.579838942409412,0.47568018987678734,-0.10415875253262469
pembrolizumab,100k,latent_3,15,tanh,-1.0,0.579838942409412,0.6355198246319362,0.05568088222252421
pembrolizumab,100k,latent_3,15,tanh,-0.5,0.579838942409412,0.6022034201377894,0.022364477728377352
pembrolizumab,100k,latent_3,15,tanh,0.0,0.579838942409412,0.5762505276572584,-0.003588414752153657
pembrolizumab,100k,latent_3,15,tanh,0.5,0.579838942409412,0.5531096490816977,-0.026729293327714343
pembrolizumab,100k,latent_3,15,tanh,1.0,0.579838942409412,0.5227211903167858,-0.05711775209262626
pembrolizumab,15M,self_interaction,0,tanh,-1.0,0.40255173101516467,0.4358334376770046,0.03328170666183994
pembrolizumab,15M,self_interaction,0,tanh,-0.5,0.40255173101516467,0.3992321585225103,-0.0033195724926543546
pembrolizumab,15M,self_interaction,0,tanh,0.0,0.40255173101516467,0.3889476775833233,-0.013604053431841345
pembrolizumab,15M,self_interaction,0,tanh,0.5,0.40255173101516467,0.38444611352907077,-0.018105617486093906
pembrolizumab,15M,self_interaction,0,tanh,1.0,0.40255173101516467,0.38071423211002264,-0.021837498905142028
pembrolizumab,15M,hydrophobicity,1,sigmoid,0.0,0.40255173101516467,0.3876042006862127,-0.014947530328951963
pembrolizumab,15M,hydrophobicity,1,sigmoid,0.25,0.40255173101516467,0.3965601616713553,-0.005991569343809344
pembrolizumab,15M,hydrophobicity,1,sigmoid,0.5,0.40255173101516467,0.4071543216689528,0.004602590653788152
pembrolizumab,15M,hydrophobicity,1,sigmoid,0.75,0.40255173101516467,0.4204555383783714,0.017903807363206736
pembrolizumab,15M,hydrophobicity,1,sigmoid,1.0,0.40255173101516467,0.4320847788294271,0.029533047814262414
pembrolizumab,15M,charge_environment,2,tanh,-1.0,0.40255173101516467,0.38063014843769494,-0.021921582577469734
pembrolizumab,15M,charge_environment,2,tanh,-0.5,0.40255173101516467,0.38975092541925405,-0.012800805595910625
pembrolizumab,15M,charge_environment,2,tanh,0.0,0.40255173101516467,0.3980262730892087,-0.004525457925955989
pembrolizumab,15M,charge_environment,2,tanh,0.5,0.40255173101516467,0.40596250362332076,0.0034107726081560874
pembrolizumab,15M,charge_environment,2,tanh,1.0,0.40255173101516467,0.4184780619032292,0.015926330888064555
pembrolizumab,15M,ionic_screening,3,sigmoid,0.0,0.40255173101516467,0.3830685852788659,-0.01948314573629878
pembrolizumab,15M,ionic_screening,3,sigmoid,0.25,0.40255173101516467,0.39160265910159864,-0.010949071913566033
pembrolizumab,15M,ionic_screening,3,sigmoid,0.5,0.40255173101516467,0.40110923418999483,-0.0014424968251698367
pembrolizumab,15M,ionic_screening,3,sigmoid,0.75,0.40255173101516467,0.4114239496690039,0.008872218653839248
pembrolizumab,15M,ionic_screening,3,sigmoid,1.0,0.40255173101516467,0.4233888938456588,0.020837162830494138
pembrolizumab,15M,crowding,4,sigmoid,0.0,0.40255173101516467,0.4022222024590057,-0.0003295285561589756
pembrolizumab,15M,crowding,4,sigmoid,0.25,0.40255173101516467,0.40227672392989255,-0.0002750070852721165
pembrolizumab,15M,crowding,4,sigmoid,0.5,0.40255173101516467,0.4025934987441423,4.176772897762637e-05
pembrolizumab,15M,crowding,4,sigmoid,0.75,0.40255173101516467,0.4046907600596573,0.0021390290444926463
pembrolizumab,15M,crowding,4,sigmoid,1.0,0.40255173101516467,0.4097431192313431,0.007191388216178429
pembrolizumab,15M,nonlinear_conc,5,sigmoid,0.0,0.40255173101516467,0.39666686694429576,-0.0058848640708689115
pembrolizumab,15M,nonlinear_conc,5,sigmoid,0.25,0.40255173101516467,0.39848398037183885,-0.004067750643325818
pembrolizumab,15M,nonlinear_conc,5,sigmoid,0.5,0.40255173101516467,0.4059710474925965,0.003419316477431822
pembrolizumab,15M,nonlinear_conc,5,sigmoid,0.75,0.40255173101516467,0.41647519172461006,0.01392346070944539
pembrolizumab,15M,nonlinear_conc,5,sigmoid,1.0,0.40255173101516467,0.42719806314755016,0.024646332132385484
pembrolizumab,15M,cosolute_interaction,6,tanh,-1.0,0.40255173101516467,0.39951798508388703,-0.0030337459312776427
pembrolizumab,15M,cosolute_interaction,6,tanh,-0.5,0.40255173101516467,0.3985475732390391,-0.004004157776125561
pembrolizumab,15M,cosolute_interaction,6,tanh,0.0,0.40255173101516467,0.40174512148732766,-0.00080660952783701
pembrolizumab,15M,cosolute_interaction,6,tanh,0.5,0.40255173101516467,0.4115016254393748,0.008949894424210125
pembrolizumab,15M,cosolute_interaction,6,tanh,1.0,0.40255173101516467,0.42451468309041696,0.021962952075252284
pembrolizumab,15M,cosolute_protection,7,sigmoid,0.0,0.40255173101516467,0.3806565661642449,-0.021895164850919746
pembrolizumab,15M,cosolute_protection,7,sigmoid,0.25,0.40255173101516467,0.3901995716492383,-0.012352159365926374
pembrolizumab,15M,cosolute_protection,7,sigmoid,0.5,0.40255173101516467,0.40058312423482145,-0.0019686067803432183
pembrolizumab,15M,cosolute_protection,7,sigmoid,0.75,0.40255173101516467,0.4145536641464565,0.012001933131291831
pembrolizumab,15M,cosolute_protection,7,sigmoid,1.0,0.40255173101516467,0.4311812749971824,0.028629543982017724
pembrolizumab,15M,interfacial_shielding,8,sigmoid,0.0,0.40255173101516467,0.39873248698122177,-0.0038192440339429035
pembrolizumab,15M,interfacial_shielding,8,sigmoid,0.25,0.40255173101516467,0.39976924310879935,-0.0027824879063653163
pembrolizumab,15M,interfacial_shielding,8,sigmoid,0.5,0.40255173101516467,0.4020063197766153,-0.0005454112385493981
pembrolizumab,15M,interfacial_shielding,8,sigmoid,0.75,0.40255173101516467,0.40637094918993905,0.0038192181747743748
pembrolizumab,15M,interfacial_shielding,8,sigmoid,1.0,0.40255173101516467,0.4115490149515866,0.008997283936421907
pembrolizumab,15M,surface_stability,9,sigmoid,0.0,0.40255173101516467,0.4269851284103699,0.024433397395205225
pembrolizumab,15M,surface_stability,9,sigmoid,0.25,0.40255173101516467,0.41068423263826903,0.00813250162310436
pembrolizumab,15M,surface_stability,9,sigmoid,0.5,0.40255173101516467,0.39658678627125343,-0.005964944743911238
pembrolizumab,15M,surface_stability,9,sigmoid,0.75,0.40255173101516467,0.38597211478119364,-0.01657961623397103
pembrolizumab,15M,surface_stability,9,sigmoid,1.0,0.40255173101516467,0.3770590489847757,-0.025492682030388958
pembrolizumab,15M,chemical_modulation,10,tanh,-1.0,0.40255173101516467,0.3539761104621789,-0.048575620552985754
pembrolizumab,15M,chemical_modulation,10,tanh,-0.5,0.40255173101516467,0.3807527208964332,-0.021799010118731477
pembrolizumab,15M,chemical_modulation,10,tanh,0.0,0.40255173101516467,0.4053691701736883,0.002817439158523616
pembrolizumab,15M,chemical_modulation,10,tanh,0.5,0.40255173101516467,0.42976451321651393,0.02721278220134926
pembrolizumab,15M,chemical_modulation,10,tanh,1.0,0.40255173101516467,0.4532743193773758,0.05072258836221111
pembrolizumab,15M,electrostatic_screening,11,sigmoid,0.0,0.40255173101516467,0.3998226164326044,-0.0027291145825602547
pembrolizumab,15M,electrostatic_screening,11,sigmoid,0.25,0.40255173101516467,0.40118309831892734,-0.0013686326962373263
pembrolizumab,15M,electrostatic_screening,11,sigmoid,0.5,0.40255173101516467,0.4029067877424769,0.0003550567273122307
pembrolizumab,15M,electrostatic_screening,11,sigmoid,0.75,0.40255173101516467,0.40452113942973167,0.0019694084145669977
pembrolizumab,15M,electrostatic_screening,11,sigmoid,1.0,0.40255173101516467,0.40702667564135286,0.004474944626188193
pembrolizumab,15M,latent_0,12,tanh,-1.0,0.40255173101516467,0.3826648512527501,-0.019886879762414544
pembrolizumab,15M,latent_0,12,tanh,-0.5,0.40255173101516467,0.3896257566999973,-0.012925974315167343
pembrolizumab,15M,latent_0,12,tanh,0.0,0.40255173101516467,0.4022991179698224,-0.0002526130453422981
pembrolizumab,15M,latent_0,12,tanh,0.5,0.40255173101516467,0.4212068610039337,0.018655129988769004
pembrolizumab,15M,latent_0,12,tanh,1.0,0.40255173101516467,0.4462940195537459,0.04374228853858125
pembrolizumab,15M,latent_1,13,tanh,-1.0,0.40255173101516467,0.3695614106359312,-0.032990320379233495
pembrolizumab,15M,latent_1,13,tanh,-0.5,0.40255173101516467,0.3858119224041068,-0.016739808611057894
pembrolizumab,15M,latent_1,13,tanh,0.0,0.40255173101516467,0.40292257217893546,0.00037084116377078535
pembrolizumab,15M,latent_1,13,tanh,0.5,0.40255173101516467,0.4290406840589117,0.026488953043747043
pembrolizumab,15M,latent_1,13,tanh,1.0,0.40255173101516467,0.45609148184279635,0.05353975082763168
pembrolizumab,15M,latent_2,14,tanh,-1.0,0.40255173101516467,0.504651292100155,0.10209956108499035
pembrolizumab,15M,latent_2,14,tanh,-0.5,0.40255173101516467,0.44782921891210786,0.04527748789694319
pembrolizumab,15M,latent_2,14,tanh,0.0,0.40255173101516467,0.3935146343029045,-0.009037096712260162
pembrolizumab,15M,latent_2,14,tanh,0.5,0.40255173101516467,0.35705707523515606,-0.04549465578000861
pembrolizumab,15M,latent_2,14,tanh,1.0,0.40255173101516467,0.31999906627460123,-0.08255266474056344
pembrolizumab,15M,latent_3,15,tanh,-1.0,0.40255173101516467,0.4595086416655744,0.05695691065040975
pembrolizumab,15M,latent_3,15,tanh,-0.5,0.40255173101516467,0.42865113637264063,0.026099405357475958
pembrolizumab,15M,latent_3,15,tanh,0.0,0.40255173101516467,0.39861774467870836,-0.003933986336456308
pembrolizumab,15M,latent_3,15,tanh,0.5,0.40255173101516467,0.37647390771972733,-0.02607782329543734
pembrolizumab,15M,latent_3,15,tanh,1.0,0.40255173101516467,0.3551618464313774,-0.04738988458378729
poly-higg,100,self_interaction,0,tanh,-1.0,0.7990105179749547,0.937365902996395,0.1383553850214403
poly-higg,100,self_interaction,0,tanh,-0.5,0.7990105179749547,0.8399569390733835,0.04094642109842883
poly-higg,100,self_interaction,0,tanh,0.0,0.7990105179749547,0.803489057025566,0.004478539050611241
poly-higg,100,self_interaction,0,tanh,0.5,0.7990105179749547,0.7723935930780845,-0.026616924896870175
poly-higg,100,self_interaction,0,tanh,1.0,0.7990105179749547,0.7479721943370681,-0.05103832363788663
poly-higg,100,hydrophobicity,1,sigmoid,0.0,0.7990105179749547,0.7923839302018746,-0.006626587773080117
poly-higg,100,hydrophobicity,1,sigmoid,0.25,0.7990105179749547,0.7964559838108405,-0.0025545341641142194
poly-higg,100,hydrophobicity,1,sigmoid,0.5,0.7990105179749547,0.7987499196183765,-0.0002605983565782122
poly-higg,100,hydrophobicity,1,sigmoid,0.75,0.7990105179749547,0.8007529294365057,0.0017424114615509634
poly-higg,100,hydrophobicity,1,sigmoid,1.0,0.7990105179749547,0.8008737227844505,0.0018632048094957554
poly-higg,100,charge_environment,2,tanh,-1.0,0.7990105179749547,0.7658968803929298,-0.0331136375820249
poly-higg,100,charge_environment,2,tanh,-0.5,0.7990105179749547,0.7789356730884733,-0.02007484488648137
poly-higg,100,charge_environment,2,tanh,0.0,0.7990105179749547,0.7927408074146499,-0.0062697105603047865
poly-higg,100,charge_environment,2,tanh,0.5,0.7990105179749547,0.8051910661222366,0.006180548147281861
poly-higg,100,charge_environment,2,tanh,1.0,0.7990105179749547,0.8169634629301645,0.017952944955209826
poly-higg,100,ionic_screening,3,sigmoid,0.0,0.7990105179749547,0.8090874428840116,0.010076924909056872
poly-higg,100,ionic_screening,3,sigmoid,0.25,0.7990105179749547,0.8030576226581421,0.004047104683187364
poly-higg,100,ionic_screening,3,sigmoid,0.5,0.7990105179749547,0.7975175957711901,-0.001492922203764624
poly-higg,100,ionic_screening,3,sigmoid,0.75,0.7990105179749547,0.7892489507977133,-0.009761567177241415
poly-higg,100,ionic_screening,3,sigmoid,1.0,0.7990105179749547,0.7786524221002803,-0.02035809587467441
poly-higg,100,crowding,4,sigmoid,0.0,0.7990105179749547,0.7914692603806672,-0.007541257594287476
poly-higg,100,crowding,4,sigmoid,0.25,0.7990105179749547,0.7966364187450371,-0.0023740992299176034
poly-higg,100,crowding,4,sigmoid,0.5,0.7990105179749547,0.798999595062176,-1.092291277871027e-05
poly-higg,100,crowding,4,sigmoid,0.75,0.7990105179749547,0.7991289529667314,0.00011843499177666139
poly-higg,100,crowding,4,sigmoid,1.0,0.7990105179749547,0.797921743544002,-0.001088774430952677
poly-higg,100,nonlinear_conc,5,sigmoid,0.0,0.7990105179749547,0.7630018326978735,-0.03600868527708123
poly-higg,100,nonlinear_conc,5,sigmoid,0.25,0.7990105179749547,0.7828769827414518,-0.016133535233502916
poly-higg,100,nonlinear_conc,5,sigmoid,0.5,0.7990105179749547,0.8021381740625939,0.003127656087639208
poly-higg,100,nonlinear_conc,5,sigmoid,0.75,0.7990105179749547,0.8205758232723586,0.02156530529740386
poly-higg,100,nonlinear_conc,5,sigmoid,1.0,0.7990105179749547,0.8395869254030051,0.040576407428050354
poly-higg,100,cosolute_interaction,6,tanh,-1.0,0.7990105179749547,0.7751136052333292,-0.02389691274162553
poly-higg,100,cosolute_interaction,6,tanh,-0.5,0.7990105179749547,0.7761913533148292,-0.022819164660125457
poly-higg,100,cosolute_interaction,6,tanh,0.0,0.7990105179749547,0.8011737305138382,0.002163212538883519
poly-higg,100,cosolute_interaction,6,tanh,0.5,0.7990105179749547,0.8233588904240985,0.024348372449143785
poly-higg,100,cosolute_interaction,6,tanh,1.0,0.7990105179749547,0.8616183577283061,0.06260783975335138
poly-higg,100,cosolute_protection,7,sigmoid,0.0,0.7990105179749547,0.7606224995722494,-0.03838801840270534
poly-higg,100,cosolute_protection,7,sigmoid,0.25,0.7990105179749547,0.7817553775101586,-0.017255140464796148
poly-higg,100,cosolute_protection,7,sigmoid,0.5,0.7990105179749547,0.8005020748146221,0.0014915568396673962
poly-higg,100,cosolute_protection,7,sigmoid,0.75,0.7990105179749547,0.8176173068341108,0.01860678885915612
poly-higg,100,cosolute_protection,7,sigmoid,1.0,0.7990105179749547,0.8342585713258102,0.03524805335085546
poly-higg,100,interfacial_shielding,8,sigmoid,0.0,0.7990105179749547,0.7893461605839768,-0.009664357390977929
poly-higg,100,interfacial_shielding,8,sigmoid,0.25,0.7990105179749547,0.7942339158044278,-0.004776602170526889
poly-higg,100,interfacial_shielding,8,sigmoid,0.5,0.7990105179749547,0.7986740177869655,-0.00033650018798925263
poly-higg,100,interfacial_shielding,8,sigmoid,0.75,0.7990105179749547,0.802417763392526,0.003407245417571314
poly-higg,100,interfacial_shielding,8,sigmoid,1.0,0.7990105179749547,0.8039555357381547,0.004945017763199999
poly-higg,100,surface_stability,9,sigmoid,0.0,0.7990105179749547,0.819399686226511,0.020389168251556344
poly-higg,100,surface_stability,9,sigmoid,0.25,0.7990105179749547,0.8093965116660453,0.010385993691090611
poly-higg,100,surface_stability,9,sigmoid,0.5,0.7990105179749547,0.7993558723422419,0.0003453543672872206
poly-higg,100,surface_stability,9,sigmoid,0.75,0.7990105179749547,0.7898050677320259,-0.009205450242928848
poly-higg,100,surface_stability,9,sigmoid,1.0,0.7990105179749547,0.778714235856687,-0.020296282118267728
poly-higg,100,chemical_modulation,10,tanh,-1.0,0.7990105179749547,0.7071723016310854,-0.09183821634386935
poly-higg,100,chemical_modulation,10,tanh,-0.5,0.7990105179749547,0.7557187737293265,-0.043291744245628205
poly-higg,100,chemical_modulation,10,tanh,0.0,0.7990105179749547,0.8008013377999568,0.0017908198250020657
poly-higg,100,chemical_modulation,10,tanh,0.5,0.7990105179749547,0.8325244347981824,0.033513916823227685
poly-higg,100,chemical_modulation,10,tanh,1.0,0.7990105179749547,0.8695368074981505,0.07052628952319584
poly-higg,100,electrostatic_screening,11,sigmoid,0.0,0.7990105179749547,0.7722265635368435,-0.026783954438111213
poly-higg,100,electrostatic_screening,11,sigmoid,0.25,0.7990105179749547,0.7873796432244492,-0.011630874750505504
poly-higg,100,electrostatic_screening,11,sigmoid,0.5,0.7990105179749547,0.7980769813044024,-0.000933536670552293
poly-higg,100,electrostatic_screening,11,sigmoid,0.75,0.7990105179749547,0.8054612013401612,0.006450683365206489
poly-higg,100,electrostatic_screening,11,sigmoid,1.0,0.7990105179749547,0.8130389513930504,0.014028433418095676
poly-higg,100,latent_0,12,tanh,-1.0,0.7990105179749547,0.7456640670178536,-0.05334645095710111
poly-higg,100,latent_0,12,tanh,-0.5,0.7990105179749547,0.7717325706689598,-0.027277947305994865
poly-higg,100,latent_0,12,tanh,0.0,0.7990105179749547,0.8022395006284843,0.003228982653529555
poly-higg,100,latent_0,12,tanh,0.5,0.7990105179749547,0.8387020453439213,0.03969152736896664
poly-higg,100,latent_0,12,tanh,1.0,0.7990105179749547,0.8772912894523056,0.07828077147735091
poly-higg,100,latent_1,13,tanh,-1.0,0.7990105179749547,0.7159037636588899,-0.08310675431606485
poly-higg,100,latent_1,13,tanh,-0.5,0.7990105179749547,0.7537287762447916,-0.04528174173016308
poly-higg,100,latent_1,13,tanh,0.0,0.7990105179749547,0.7970348981881117,-0.001975619786843019
poly-higg,100,latent_1,13,tanh,0.5,0.7990105179749547,0.822306960136439,0.0232964421614843
poly-higg,100,latent_1,13,tanh,1.0,0.7990105179749547,0.8533511194935962,0.05434060151864151
poly-higg,100,latent_2,14,tanh,-1.0,0.7990105179749547,0.9080483086023257,0.10903779062737096
poly-higg,100,latent_2,14,tanh,-0.5,0.7990105179749547,0.8425787691376287,0.04356825116267404
poly-higg,100,latent_2,14,tanh,0.0,0.7990105179749547,0.7971498163329709,-0.0018607016419838196
poly-higg,100,latent_2,14,tanh,0.5,0.7990105179749547,0.7479100082086347,-0.05110050976631997
poly-higg,100,latent_2,14,tanh,1.0,0.7990105179749547,0.6910854783995791,-0.10792503957537558
poly-higg,100,latent_3,15,tanh,-1.0,0.7990105179749547,0.8358895608020843,0.036879042827129616
poly-higg,100,latent_3,15,tanh,-0.5,0.7990105179749547,0.8114489642143659,0.01243844623941115
poly-higg,100,latent_3,15,tanh,0.0,0.7990105179749547,0.7989786594793502,-3.1858495604497605e-05
poly-higg,100,latent_3,15,tanh,0.5,0.7990105179749547,0.7773529678516413,-0.021657550123313385
poly-higg,100,latent_3,15,tanh,1.0,0.7990105179749547,0.7476323014261701,-0.051378216548784605
poly-higg,1k,self_interaction,0,tanh,-1.0,0.763805639091844,0.8750321497419169,0.11122651065007294
poly-higg,1k,self_interaction,0,tanh,-0.5,0.763805639091844,0.7964833324674567,0.03267769337561277
poly-higg,1k,self_interaction,0,tanh,0.0,0.763805639091844,0.7672800562855373,0.0034744171936933466
poly-higg,1k,self_interaction,0,tanh,0.5,0.763805639091844,0.7553679579056498,-0.008437681186194146
poly-higg,1k,self_interaction,0,tanh,1.0,0.763805639091844,0.7344196316815642,-0.029386007410279746
poly-higg,1k,hydrophobicity,1,sigmoid,0.0,0.763805639091844,0.7570868271801892,-0.006718811911654798
poly-higg,1k,hydrophobicity,1,sigmoid,0.25,0.763805639091844,0.76099174781124,-0.0028138912806039418
poly-higg,1k,hydrophobicity,1,sigmoid,0.5,0.763805639091844,0.7636118194520265,-0.00019381963981746075
poly-higg,1k,hydrophobicity,1,sigmoid,0.75,0.763805639091844,0.7672576312146053,0.0034519921227613715
poly-higg,1k,hydrophobicity,1,sigmoid,1.0,0.763805639091844,0.7707930967333174,0.00698745764147346
poly-higg,1k,charge_environment,2,tanh,-1.0,0.763805639091844,0.731863132220643,-0.031942506871200926
poly-higg,1k,charge_environment,2,tanh,-0.5,0.763805639091844,0.7471332608485932,-0.01667237824325074
poly-higg,1k,charge_environment,2,tanh,0.0,0.763805639091844,0.7592338829105874,-0.004571756181256603
poly-higg,1k,charge_environment,2,tanh,0.5,0.763805639091844,0.769746462403369,0.005940823311525012
poly-higg,1k,charge_environment,2,tanh,1.0,0.763805639091844,0.778673481807115,0.014867842715271085
poly-higg,1k,ionic_screening,3,sigmoid,0.0,0.763805639091844,0.7747869935913781,0.01098135449953419
poly-higg,1k,ionic_screening,3,sigmoid,0.25,0.763805639091844,0.7680749050635359,0.004269265971691971
poly-higg,1k,ionic_screening,3,sigmoid,0.5,0.763805639091844,0.7625445598492742,-0.0012610792425697959
poly-higg,1k,ionic_screening,3,sigmoid,0.75,0.763805639091844,0.7572542497807915,-0.00655138931105248
poly-higg,1k,ionic_screening,3,sigmoid,1.0,0.763805639091844,0.7505719717024077,-0.01323366738943621
poly-higg,1k,crowding,4,sigmoid,0.0,0.763805639091844,0.766676358481166,0.0028707193893220406
poly-higg,1k,crowding,4,sigmoid,0.25,0.763805639091844,0.7660148395760059,0.002209200484161955
poly-higg,1k,crowding,4,sigmoid,0.5,0.763805639091844,0.76342704017752,-0.00037859891432390214
poly-higg,1k,crowding,4,sigmoid,0.75,0.763805639091844,0.7611898704166976,-0.002615768675146346
poly-higg,1k,crowding,4,sigmoid,1.0,0.763805639091844,0.7584847945171844,-0.005320844574659533
poly-higg,1k,nonlinear_conc,5,sigmoid,0.0,0.763805639091844,0.7347199290336393,-0.029085710058204706
poly-higg,1k,nonlinear_conc,5,sigmoid,0.25,0.763805639091844,0.7500218540951895,-0.013783784996654447
poly-higg,1k,nonlinear_conc,5,sigmoid,0.5,0.763805639091844,0.7666029805046015,0.002797341412757559
poly-higg,1k,nonlinear_conc,5,sigmoid,0.75,0.763805639091844,0.7868408209020362,0.023035181810192262
poly-higg,1k,nonlinear_conc,5,sigmoid,1.0,0.763805639091844,0.8024527663630214,0.03864712727117747
poly-higg,1k,cosolute_interaction,6,tanh,-1.0,0.763805639091844,0.7433961972521757,-0.020409441839668307
poly-higg,1k,cosolute_interaction,6,tanh,-0.5,0.763805639091844,0.7512191129098762,-0.012586526181967761
poly-higg,1k,cosolute_interaction,6,tanh,0.0,0.763805639091844,0.765673560613676,0.0018679215218320167
poly-higg,1k,cosolute_interaction,6,tanh,0.5,0.763805639091844,0.7853372033461757,0.02153156425433178
poly-higg,1k,cosolute_interaction,6,tanh,1.0,0.763805639091844,0.8135896482456433,0.049784009153799325
poly-higg,1k,cosolute_protection,7,sigmoid,0.0,0.763805639091844,0.7332244002256887,-0.03058123886615527
poly-higg,1k,cosolute_protection,7,sigmoid,0.25,0.763805639091844,0.7512709553709054,-0.012534683720938578
poly-higg,1k,cosolute_protection,7,sigmoid,0.5,0.763805639091844,0.7650506649626027,0.001245025870758698
poly-higg,1k,cosolute_protection,7,sigmoid,0.75,0.763805639091844,0.782464311786699,0.018658672694854994
poly-higg,1k,cosolute_protection,7,sigmoid,1.0,0.763805639091844,0.8006115521904268,0.03680591309858283
poly-higg,1k,interfacial_shielding,8,sigmoid,0.0,0.763805639091844,0.7526589514125231,-0.01114668767932081
poly-higg,1k,interfacial_shielding,8,sigmoid,0.25,0.763805639091844,0.7585676886677606,-0.005237950424083371
poly-higg,1k,interfacial_shielding,8,sigmoid,0.5,0.763805639091844,0.7634235647052723,-0.0003820743865716736
poly-higg,1k,interfacial_shielding,8,sigmoid,0.75,0.763805639091844,0.7686070246894711,0.004801385597627106
poly-higg,1k,interfacial_shielding,8,sigmoid,1.0,0.763805639091844,0.7745379594549577,0.010732320363113779
poly-higg,1k,surface_stability,9,sigmoid,0.0,0.763805639091844,0.7853533808419957,0.021547741750151728
poly-higg,1k,surface_stability,9,sigmoid,0.25,0.763805639091844,0.7742788505864857,0.010473211494641754
poly-higg,1k,surface_stability,9,sigmoid,0.5,0.763805639091844,0.7641535380013126,0.0003478989094686247
poly-higg,1k,surface_stability,9,sigmoid,0.75,0.763805639091844,0.7545195909925027,-0.009286048099341304
poly-higg,1k,surface_stability,9,sigmoid,1.0,0.763805639091844,0.7454768880125094,-0.018328751079334515
poly-higg,1k,chemical_modulation,10,tanh,-1.0,0.763805639091844,0.6721072691312776,-0.09169836996056635
poly-higg,1k,chemical_modulation,10,tanh,-0.5,0.763805639091844,0.723042549154485,-0.040763089937359
poly-higg,1k,chemical_modulation,10,tanh,0.0,0.763805639091844,0.7656399023199432,0.0018342632280992088
poly-higg,1k,chemical_modulation,10,tanh,0.5,0.763805639091844,0.8037354638704657,0.039929824778621725
poly-higg,1k,chemical_modulation,10,tanh,1.0,0.763805639091844,0.8250930062643913,0.06128736717254735
poly-higg,1k,electrostatic_screening,11,sigmoid,0.0,0.763805639091844,0.7425921632975223,-0.021213475794321646
poly-higg,1k,electrostatic_screening,11,sigmoid,0.25,0.763805639091844,0.7520935251775469,-0.011712113914297051
poly-higg,1k,electrostatic_screening,11,sigmoid,0.5,0.763805639091844,0.7624342136054076,-0.0013714254864363173
poly-higg,1k,electrostatic_screening,11,sigmoid,0.75,0.763805639091844,0.7740949401800412,0.010289301088197256
poly-higg,1k,electrostatic_screening,11,sigmoid,1.0,0.763805639091844,0.783434009918496,0.01962837082665203
poly-higg,1k,latent_0,12,tanh,-1.0,0.763805639091844,0.7170413601999899,-0.04676427889185408
poly-higg,1k,latent_0,12,tanh,-0.5,0.763805639091844,0.7429159614619394,-0.02088967762990457
poly-higg,1k,latent_0,12,tanh,0.0,0.763805639091844,0.766474719028791,0.002669079936947094
poly-higg,1k,latent_0,12,tanh,0.5,0.763805639091844,0.8030663940881007,0.0392607549962567
poly-higg,1k,latent_0,12,tanh,1.0,0.763805639091844,0.8413841996764672,0.0775785605846232
poly-higg,1k,latent_1,13,tanh,-1.0,0.763805639091844,0.6916908518780699,-0.07211478721377407
poly-higg,1k,latent_1,13,tanh,-0.5,0.763805639091844,0.7353078217142172,-0.0284978173776268
poly-higg,1k,latent_1,13,tanh,0.0,0.763805639091844,0.7621582859337366,-0.0016473531581073786
poly-higg,1k,latent_1,13,tanh,0.5,0.763805639091844,0.7894736359410646,0.02566799684922061
poly-higg,1k,latent_1,13,tanh,1.0,0.763805639091844,0.8115271623399407,0.04772152324809675
poly-higg,1k,latent_2,14,tanh,-1.0,0.763805639091844,0.8653887486210996,0.10158310952925564
poly-higg,1k,latent_2,14,tanh,-0.5,0.763805639091844,0.805557625007702,0.04175198591585805
poly-higg,1k,latent_2,14,tanh,0.0,0.763805639091844,0.7619737755945827,-0.0018318634972612768
poly-higg,1k,latent_2,14,tanh,0.5,0.763805639091844,0.7191699214530697,-0.044635717638774275
poly-higg,1k,latent_2,14,tanh,1.0,0.763805639091844,0.6664864788892347,-0.09731916020260922
poly-higg,1k,latent_3,15,tanh,-1.0,0.763805639091844,0.7962339259590099,0.03242828686716592
poly-higg,1k,latent_3,15,tanh,-0.5,0.763805639091844,0.7759030959916124,0.012097456899768488
poly-higg,1k,latent_3,15,tanh,0.0,0.763805639091844,0.7637893167846803,-1.6322307163640914e-05
poly-higg,1k,latent_3,15,tanh,0.5,0.763805639091844,0.7534662746534111,-0.010339364438432863
poly-higg,1k,latent_3,15,tanh,1.0,0.763805639091844,0.722873575003772,-0.04093206408807193
poly-higg,10k,self_interaction,0,tanh,-1.0,0.7335310485895499,0.80937927911615,0.07584823052660017
poly-higg,10k,self_interaction,0,tanh,-0.5,0.7335310485895499,0.7528146856689588,0.019283637079408944
poly-higg,10k,self_interaction,0,tanh,0.0,0.7335310485895499,0.7344043230538062,0.000873274464256335
poly-higg,10k,self_interaction,0,tanh,0.5,0.7335310485895499,0.7278837992462873,-0.00564724934326255
poly-higg,10k,self_interaction,0,tanh,1.0,0.7335310485895499,0.7141820809068168,-0.019348967682733087
poly-higg,10k,hydrophobicity,1,sigmoid,0.0,0.7335310485895499,0.7177914829601333,-0.015739565629416585
poly-higg,10k,hydrophobicity,1,sigmoid,0.25,0.7335310485895499,0.7265588168264951,-0.006972231763054726
poly-higg,10k,hydrophobicity,1,sigmoid,0.5,0.7335310485895499,0.7330953526311556,-0.00043569595839432207
poly-higg,10k,hydrophobicity,1,sigmoid,0.75,0.7335310485895499,0.7378639074284421,0.0043328588388922284
poly-higg,10k,hydrophobicity,1,sigmoid,1.0,0.7335310485895499,0.7410468193873538,0.007515770797803967
poly-higg,10k,charge_environment,2,tanh,-1.0,0.7335310485895499,0.6972452978373831,-0.03628575075216678
poly-higg,10k,charge_environment,2,tanh,-0.5,0.7335310485895499,0.713961657354436,-0.01956939123511392
poly-higg,10k,charge_environment,2,tanh,0.0,0.7335310485895499,0.7289577201708478,-0.004573328418702061
poly-higg,10k,charge_environment,2,tanh,0.5,0.7335310485895499,0.7372792212847594,0.0037481726952095507
poly-higg,10k,charge_environment,2,tanh,1.0,0.7335310485895499,0.7468127105957411,0.013281662006191186
poly-higg,10k,ionic_screening,3,sigmoid,0.0,0.7335310485895499,0.7414957759273602,0.007964727337810285
poly-higg,10k,ionic_screening,3,sigmoid,0.25,0.7335310485895499,0.7363550973515447,0.002824048761994824
poly-higg,10k,ionic_screening,3,sigmoid,0.5,0.7335310485895499,0.7324831730195128,-0.001047875570037049
poly-higg,10k,ionic_screening,3,sigmoid,0.75,0.7335310485895499,0.7258011638764816,-0.007729884713068236
poly-higg,10k,ionic_screening,3,sigmoid,1.0,0.7335310485895499,0.7165076269619397,-0.01702342162761017
poly-higg,10k,crowding,4,sigmoid,0.0,0.7335310485895499,0.7339764262206345,0.00044537763108465356
poly-higg,10k,crowding,4,sigmoid,0.25,0.7335310485895499,0.7346848226264698,0.0011537740369199634
poly-higg,10k,crowding,4,sigmoid,0.5,0.7335310485895499,0.7329949776826664,-0.0005360709068834568
poly-higg,10k,crowding,4,sigmoid,0.75,0.7335310485895499,0.7294360527262818,-0.004094995863268114
poly-higg,10k,crowding,4,sigmoid,1.0,0.7335310485895499,0.724608001154087,-0.008923047435462905
poly-higg,10k,nonlinear_conc,5,sigmoid,0.0,0.7335310485895499,0.7073808920279558,-0.02615015656159403
poly-higg,10k,nonlinear_conc,5,sigmoid,0.25,0.7335310485895499,0.7208925765098788,-0.01263847207967106
poly-higg,10k,nonlinear_conc,5,sigmoid,0.5,0.7335310485895499,0.7357839200374918,0.002252871447941951
poly-higg,10k,nonlinear_conc,5,sigmoid,0.75,0.7335310485895499,0.7466483497206904,0.013117301131140513
poly-higg,10k,nonlinear_conc,5,sigmoid,1.0,0.7335310485895499,0.7563742933073921,0.02284324471784227
poly-higg,10k,cosolute_interaction,6,tanh,-1.0,0.7335310485895499,0.7131007125417254,-0.020430336047824516
poly-higg,10k,cosolute_interaction,6,tanh,-0.5,0.7335310485895499,0.7233249312746162,-0.010206117314933705
poly-higg,10k,cosolute_interaction,6,tanh,0.0,0.7335310485895499,0.7345314260388673,0.0010003774493174689
poly-higg,10k,cosolute_interaction,6,tanh,0.5,0.7335310485895499,0.7446038824836057,0.011072833894055778
poly-higg,10k,cosolute_interaction,6,tanh,1.0,0.7335310485895499,0.7637730151648516,0.03024196657530176
poly-higg,10k,cosolute_protection,7,sigmoid,0.0,0.7335310485895499,0.693069538619024,-0.04046150997052589
poly-higg,10k,cosolute_protection,7,sigmoid,0.25,0.7335310485895499,0.7159047980256303,-0.017626250563919532
poly-higg,10k,cosolute_protection,7,sigmoid,0.5,0.7335310485895499,0.7347480638089783,0.0012170152194284078
poly-higg,10k,cosolute_protection,7,sigmoid,0.75,0.7335310485895499,0.7509481501985591,0.017417101609009222
poly-higg,10k,cosolute_protection,7,sigmoid,1.0,0.7335310485895499,0.7683321313845404,0.0348010827949905
poly-higg,10k,interfacial_shielding,8,sigmoid,0.0,0.7335310485895499,0.7182717601250392,-0.015259288464510634
poly-higg,10k,interfacial_shielding,8,sigmoid,0.25,0.7335310485895499,0.7259591530524114,-0.00757189553713844
poly-higg,10k,interfacial_shielding,8,sigmoid,0.5,0.7335310485895499,0.7330130584132887,-0.000517990176261196
poly-higg,10k,interfacial_shielding,8,sigmoid,0.75,0.7335310485895499,0.7371823838705225,0.003651335280972612
poly-higg,10k,interfacial_shielding,8,sigmoid,1.0,0.7335310485895499,0.7394649623312489,0.005933913741699048
poly-higg,10k,surface_stability,9,sigmoid,0.0,0.7335310485895499,0.7568136095493779,0.023282560959828058
poly-higg,10k,surface_stability,9,sigmoid,0.25,0.7335310485895499,0.7440672116440128,0.010536163054462921
poly-higg,10k,surface_stability,9,sigmoid,0.5,0.7335310485895499,0.7339014139446202,0.0003703653550702901
poly-higg,10k,surface_stability,9,sigmoid,0.75,0.7335310485895499,0.7239688452578545,-0.00956220333169533
poly-higg,10k,surface_stability,9,sigmoid,1.0,0.7335310485895499,0.7139200137494672,-0.019611034840082642
poly-higg,10k,chemical_modulation,10,tanh,-1.0,0.7335310485895499,0.6350389578779884,-0.09849209071156151
poly-higg,10k,chemical_modulation,10,tanh,-0.5,0.7335310485895499,0.6888409646348997,-0.04469008395465013
poly-higg,10k,chemical_modulation,10,tanh,0.0,0.7335310485895499,0.7353961980085175,0.0018651494189676487
poly-higg,10k,chemical_modulation,10,tanh,0.5,0.7335310485895499,0.7613401018420743,0.027809053252524474
poly-higg,10k,chemical_modulation,10,tanh,1.0,0.7335310485895499,0.7832894054481869,0.049758356858637054
poly-higg,10k,electrostatic_screening,11,sigmoid,0.0,0.7335310485895499,0.706393175227541,-0.027137873362008902
poly-higg,10k,electrostatic_screening,11,sigmoid,0.25,0.7335310485895499,0.7194702188051447,-0.014060829784405149
poly-higg,10k,electrostatic_screening,11,sigmoid,0.5,0.7335310485895499,0.7323319279147305,-0.0011991206748194205
poly-higg,10k,electrostatic_screening,11,sigmoid,0.75,0.7335310485895499,0.7431421774680664,0.009611128878516562
poly-higg,10k,electrostatic_screening,11,sigmoid,1.0,0.7335310485895499,0.7528433169403334,0.01931226835078348
poly-higg,10k,latent_0,12,tanh,-1.0,0.7335310485895499,0.6817785567794163,-0.05175249181013353
poly-higg,10k,latent_0,12,tanh,-0.5,0.7335310485895499,0.7073727205307067,-0.026158328058843217
poly-higg,10k,latent_0,12,tanh,0.0,0.7335310485895499,0.7356744840363567,0.0021434354468068406
poly-higg,10k,latent_0,12,tanh,0.5,0.7335310485895499,0.7607620356455302,0.02723098705598037
poly-higg,10k,latent_0,12,tanh,1.0,0.7335310485895499,0.7928447819593957,0.0593137333698458
poly-higg,10k,latent_1,13,tanh,-1.0,0.7335310485895499,0.6677422001120892,-0.06578884847746069
poly-higg,10k,latent_1,13,tanh,-0.5,0.7335310485895499,0.7053806956873606,-0.028150352902189257
poly-higg,10k,latent_1,13,tanh,0.0,0.7335310485895499,0.7317880371952895,-0.0017430113942603631
poly-higg,10k,latent_1,13,tanh,0.5,0.7335310485895499,0.7502356370130969,0.01670458842354705
poly-higg,10k,latent_1,13,tanh,1.0,0.7335310485895499,0.7695858666232533,0.03605481803370347
poly-higg,10k,latent_2,14,tanh,-1.0,0.7335310485895499,0.828293605894564,0.09476255730501415
poly-higg,10k,latent_2,14,tanh,-0.5,0.7335310485895499,0.7706436514266635,0.037112602837113595
poly-higg,10k,latent_2,14,tanh,0.0,0.7335310485895499,0.7318335079571978,-0.001697540632352057
poly-higg,10k,latent_2,14,tanh,0.5,0.7335310485895499,0.6817712748375638,-0.05175977375198604
poly-higg,10k,latent_2,14,tanh,1.0,0.7335310485895499,0.6299773669831444,-0.10355368160640543
poly-higg,10k,latent_3,15,tanh,-1.0,0.7335310485895499,0.7650272468995998,0.031496198310049905
poly-higg,10k,latent_3,15,tanh,-0.5,0.7335310485895499,0.7455687811537273,0.012037732564177395
poly-higg,10k,latent_3,15,tanh,0.0,0.7335310485895499,0.7335035964962595,-2.7452093290358803e-05
poly-higg,10k,latent_3,15,tanh,0.5,0.7335310485895499,0.7153439643789815,-0.01818708421056836
poly-higg,10k,latent_3,15,tanh,1.0,0.7335310485895499,0.6882628570636861,-0.04526819152586381
poly-higg,100k,self_interaction,0,tanh,-1.0,0.6882203445906554,0.7370438201019776,0.048823475511322156
poly-higg,100k,self_interaction,0,tanh,-0.5,0.6882203445906554,0.6982948697688744,0.010074525178219051
poly-higg,100k,self_interaction,0,tanh,0.0,0.6882203445906554,0.6891837123980011,0.0009633678073457386
poly-higg,100k,self_interaction,0,tanh,0.5,0.6882203445906554,0.6844060344860642,-0.003814310104591212
poly-higg,100k,self_interaction,0,tanh,1.0,0.6882203445906554,0.6817070613503193,-0.006513283240336065
poly-higg,100k,hydrophobicity,1,sigmoid,0.0,0.6882203445906554,0.6622454511295559,-0.02597489346109949
poly-higg,100k,hydrophobicity,1,sigmoid,0.25,0.6882203445906554,0.6762703470133994,-0.01194999757725601
poly-higg,100k,hydrophobicity,1,sigmoid,0.5,0.6882203445906554,0.6870701908373269,-0.0011501537533284978
poly-higg,100k,hydrophobicity,1,sigmoid,0.75,0.6882203445906554,0.6971795741746977,0.008959229584042272
poly-higg,100k,hydrophobicity,1,sigmoid,1.0,0.6882203445906554,0.7041880087736666,0.01596766418301121
poly-higg,100k,charge_environment,2,tanh,-1.0,0.6882203445906554,0.6512618210231929,-0.03695852356746254
poly-higg,100k,charge_environment,2,tanh,-0.5,0.6882203445906554,0.6643732469512478,-0.02384709763940762
poly-higg,100k,charge_environment,2,tanh,0.0,0.6882203445906554,0.6805717611033831,-0.007648583487272265
poly-higg,100k,charge_environment,2,tanh,0.5,0.6882203445906554,0.6964127153606945,0.008192370770039092
poly-higg,100k,charge_environment,2,tanh,1.0,0.6882203445906554,0.7094861386547069,0.02126579406405149
poly-higg,100k,ionic_screening,3,sigmoid,0.0,0.6882203445906554,0.7015194873947594,0.013299142804104047
poly-higg,100k,ionic_screening,3,sigmoid,0.25,0.6882203445906554,0.6947343725750443,0.006514027984388937
poly-higg,100k,ionic_screening,3,sigmoid,0.5,0.6882203445906554,0.6856729475570498,-0.002547397033605625
poly-higg,100k,ionic_screening,3,sigmoid,0.75,0.6882203445906554,0.6751728425271576,-0.013047502063497807
poly-higg,100k,ionic_screening,3,sigmoid,1.0,0.6882203445906554,0.6642915526660904,-0.023928791924564985
poly-higg,100k,crowding,4,sigmoid,0.0,0.6882203445906554,0.6857579518157765,-0.0024623927748789187
poly-higg,100k,crowding,4,sigmoid,0.25,0.6882203445906554,0.6881104327808196,-0.00010991180983577209
poly-higg,100k,crowding,4,sigmoid,0.5,0.6882203445906554,0.6881889205290818,-3.1424061573637196e-05
poly-higg,100k,crowding,4,sigmoid,0.75,0.6882203445906554,0.6874317020130992,-0.0007886425775561756
poly-higg,100k,crowding,4,sigmoid,1.0,0.6882203445906554,0.6860564907443929,-0.002163853846262498
poly-higg,100k,nonlinear_conc,5,sigmoid,0.0,0.6882203445906554,0.6687259035695513,-0.019494441021104092
poly-higg,100k,nonlinear_conc,5,sigmoid,0.25,0.6882203445906554,0.6810639955478082,-0.007156349042847232
poly-higg,100k,nonlinear_conc,5,sigmoid,0.5,0.6882203445906554,0.6896712921920942,0.0014509476014388234
poly-higg,100k,nonlinear_conc,5,sigmoid,0.75,0.6882203445906554,0.6991308863431412,0.010910541752485847
poly-higg,100k,nonlinear_conc,5,sigmoid,1.0,0.6882203445906554,0.7077462717353373,0.01952592714468193
poly-higg,100k,cosolute_interaction,6,tanh,-1.0,0.6882203445906554,0.661360281447785,-0.026860063142870372
poly-higg,100k,cosolute_interaction,6,tanh,-0.5,0.6882203445906554,0.6791622709208998,-0.00905807366975564
poly-higg,100k,cosolute_interaction,6,tanh,0.0,0.6882203445906554,0.6886445177035616,0.00042417311290621207
poly-higg,100k,cosolute_interaction,6,tanh,0.5,0.6882203445906554,0.6946131447930687,0.006392800202413285
poly-higg,100k,cosolute_interaction,6,tanh,1.0,0.6882203445906554,0.7119255891752834,0.02370524458462797
poly-higg,100k,cosolute_protection,7,sigmoid,0.0,0.6882203445906554,0.6422556208454686,-0.045964723745186786
poly-higg,100k,cosolute_protection,7,sigmoid,0.25,0.6882203445906554,0.6662793572931356,-0.02194098729751981
poly-higg,100k,cosolute_protection,7,sigmoid,0.5,0.6882203445906554,0.6902467931591221,0.0020264485684666766
poly-higg,100k,cosolute_protection,7,sigmoid,0.75,0.6882203445906554,0.7131351776415158,0.024914833050860397
poly-higg,100k,cosolute_protection,7,sigmoid,1.0,0.6882203445906554,0.7324329855452683,0.04421264095461286
poly-higg,100k,interfacial_shielding,8,sigmoid,0.0,0.6882203445906554,0.6759680636771828,-0.012252280913472635
poly-higg,100k,interfacial_shielding,8,sigmoid,0.25,0.6882203445906554,0.683580630514554,-0.00463971407610142
poly-higg,100k,interfacial_shielding,8,sigmoid,0.5,0.6882203445906554,0.6879020906319668,-0.00031825395868856354
poly-higg,100k,interfacial_shielding,8,sigmoid,0.75,0.6882203445906554,0.6914582848601567,0.003237940269501305
poly-higg,100k,interfacial_shielding,8,sigmoid,1.0,0.6882203445906554,0.6945424975446988,0.00632215295404337
poly-higg,100k,surface_stability,9,sigmoid,0.0,0.6882203445906554,0.7085281081797417,0.02030776358908626
poly-higg,100k,surface_stability,9,sigmoid,0.25,0.6882203445906554,0.6980990020829109,0.009878657492255472
poly-higg,100k,surface_stability,9,sigmoid,0.5,0.6882203445906554,0.6885750703206106,0.00035472572995520757
poly-higg,100k,surface_stability,9,sigmoid,0.75,0.6882203445906554,0.678009882935412,-0.010210461655243419
poly-higg,100k,surface_stability,9,sigmoid,1.0,0.6882203445906554,0.6668172279981474,-0.021403116592508042
poly-higg,100k,chemical_modulation,10,tanh,-1.0,0.6882203445906554,0.5821105565826902,-0.10610978800796522
poly-higg,100k,chemical_modulation,10,tanh,-0.5,0.6882203445906554,0.6454772181204717,-0.042743126470183745
poly-higg,100k,chemical_modulation,10,tanh,0.0,0.6882203445906554,0.6896901797287741,0.0014698351381187136
poly-higg,100k,chemical_modulation,10,tanh,0.5,0.6882203445906554,0.7202467799791729,0.03202643538851746
poly-higg,100k,chemical_modulation,10,tanh,1.0,0.6882203445906554,0.7419007511935645,0.05368040660290907
poly-higg,100k,electrostatic_screening,11,sigmoid,0.0,0.6882203445906554,0.6554826372567641,-0.03273770733389125
poly-higg,100k,electrostatic_screening,11,sigmoid,0.25,0.6882203445906554,0.6704332706859373,-0.01778707390471812
poly-higg,100k,electrostatic_screening,11,sigmoid,0.5,0.6882203445906554,0.6863602635687157,-0.0018600810219396857
poly-higg,100k,electrostatic_screening,11,sigmoid,0.75,0.6882203445906554,0.7015313205502697,0.01331097595961428
poly-higg,100k,electrostatic_screening,11,sigmoid,1.0,0.6882203445906554,0.7149933347413182,0.026772990150662812
poly-higg,100k,latent_0,12,tanh,-1.0,0.6882203445906554,0.6412797578878988,-0.04694058670275658
poly-higg,100k,latent_0,12,tanh,-0.5,0.6882203445906554,0.6673450239711076,-0.020875320619547777
poly-higg,100k,latent_0,12,tanh,0.0,0.6882203445906554,0.690239800839957,0.0020194562493015544
poly-higg,100k,latent_0,12,tanh,0.5,0.6882203445906554,0.7106501736096916,0.02242982901903623
poly-higg,100k,latent_0,12,tanh,1.0,0.6882203445906554,0.7407079608431963,0.05248761625254095
poly-higg,100k,latent_1,13,tanh,-1.0,0.6882203445906554,0.6301161169377026,-0.058104227652952756
poly-higg,100k,latent_1,13,tanh,-0.5,0.6882203445906554,0.6616404500230917,-0.02657989456756371
poly-higg,100k,latent_1,13,tanh,0.0,0.6882203445906554,0.6865956854388324,-0.0016246591518229714
poly-higg,100k,latent_1,13,tanh,0.5,0.6882203445906554,0.7053327010706057,0.017112356479950352
poly-higg,100k,latent_1,13,tanh,1.0,0.6882203445906554,0.721619529455037,0.03339918486438165
poly-higg,100k,latent_2,14,tanh,-1.0,0.6882203445906554,0.7771881725425597,0.08896782795190428
poly-higg,100k,latent_2,14,tanh,-0.5,0.6882203445906554,0.7312652682446876,0.04304492365403223
poly-higg,100k,latent_2,14,tanh,0.0,0.6882203445906554,0.6859016253560191,-0.002318719234636335
poly-higg,100k,latent_2,14,tanh,0.5,0.6882203445906554,0.6297835059686573,-0.05843683862199811
poly-higg,100k,latent_2,14,tanh,1.0,0.6882203445906554,0.5751791202438771,-0.11304122434677832
poly-higg,100k,latent_3,15,tanh,-1.0,0.6882203445906554,0.7233885448291513,0.03516820023849587
poly-higg,100k,latent_3,15,tanh,-0.5,0.6882203445906554,0.7004288924783435,0.012208547887688104
poly-higg,100k,latent_3,15,tanh,0.0,0.6882203445906554,0.688166681644163,-5.366294649244985e-05
poly-higg,100k,latent_3,15,tanh,0.5,0.6882203445906554,0.666458840609931,-0.021761503980724406
poly-higg,100k,latent_3,15,tanh,1.0,0.6882203445906554,0.6357854706982077,-0.05243487389244772
poly-higg,15M,self_interaction,0,tanh,-1.0,0.5234846383064624,0.5301773609030074,0.006692722596544964
poly-higg,15M,self_interaction,0,tanh,-0.5,0.5234846383064624,0.519521477656093,-0.003963160650369391
poly-higg,15M,self_interaction,0,tanh,0.0,0.5234846383064624,0.522322524687698,-0.0011621136187643932
poly-higg,15M,self_interaction,0,tanh,0.5,0.5234846383064624,0.5302388333183898,0.006754195011927422
poly-higg,15M,self_interaction,0,tanh,1.0,0.5234846383064624,0.5444886781091034,0.021004039802640984
poly-higg,15M,hydrophobicity,1,sigmoid,0.0,0.5234846383064624,0.4996794428637088,-0.023805195442753613
poly-higg,15M,hydrophobicity,1,sigmoid,0.25,0.5234846383064624,0.5110226615166655,-0.01246197678979688
poly-higg,15M,hydrophobicity,1,sigmoid,0.5,0.5234846383064624,0.5222795389918835,-0.0012050993145789057
poly-higg,15M,hydrophobicity,1,sigmoid,0.75,0.5234846383064624,0.533927788517711,0.010443150211248642
poly-higg,15M,hydrophobicity,1,sigmoid,1.0,0.5234846383064624,0.5456882487334548,0.02220361042699237
poly-higg,15M,charge_environment,2,tanh,-1.0,0.5234846383064624,0.48825246604070804,-0.03523217226575437
poly-higg,15M,charge_environment,2,tanh,-0.5,0.5234846383064624,0.5045979381707264,-0.018886700135736012
poly-higg,15M,charge_environment,2,tanh,0.0,0.5234846383064624,0.5177572384704026,-0.005727399836059854
poly-higg,15M,charge_environment,2,tanh,0.5,0.5234846383064624,0.5305818293295089,0.007097191023046512
poly-higg,15M,charge_environment,2,tanh,1.0,0.5234846383064624,0.5419544640796043,0.018469825773141935
poly-higg,15M,ionic_screening,3,sigmoid,0.0,0.5234846383064624,0.537411204702046,0.01392656639558354
poly-higg,15M,ionic_screening,3,sigmoid,0.25,0.5234846383064624,0.5293992197337832,0.00591458142732082
poly-higg,15M,ionic_screening,3,sigmoid,0.5,0.5234846383064624,0.5213850031192782,-0.0020996351871842567
poly-higg,15M,ionic_screening,3,sigmoid,0.75,0.5234846383064624,0.513720555032125,-0.00976408327433742
poly-higg,15M,ionic_screening,3,sigmoid,1.0,0.5234846383064624,0.5056066991624749,-0.017877939143987498
poly-higg,15M,crowding,4,sigmoid,0.0,0.5234846383064624,0.5155638146649487,-0.007920823641513697
poly-higg,15M,crowding,4,sigmoid,0.25,0.5234846383064624,0.5199379162916978,-0.0035467220147645806
poly-higg,15M,crowding,4,sigmoid,0.5,0.5234846383064624,0.5241374659450863,0.000652827638623843
poly-higg,15M,crowding,4,sigmoid,0.75,0.5234846383064624,0.5309851340934274,0.007500495786964989
poly-higg,15M,crowding,4,sigmoid,1.0,0.5234846383064624,0.5381960925283344,0.014711454221872033
poly-higg,15M,nonlinear_conc,5,sigmoid,0.0,0.5234846383064624,0.5105984418572559,-0.012886196449206522
poly-higg,15M,nonlinear_conc,5,sigmoid,0.25,0.5234846383064624,0.5172565765229601,-0.0062280617835023255
poly-higg,15M,nonlinear_conc,5,sigmoid,0.5,0.5234846383064624,0.5247665367655998,0.0012818984591373983
poly-higg,15M,nonlinear_conc,5,sigmoid,0.75,0.5234846383064624,0.5327906574416442,0.009306019135181809
poly-higg,15M,nonlinear_conc,5,sigmoid,1.0,0.5234846383064624,0.5417983367638073,0.018313698457344874
poly-higg,15M,cosolute_interaction,6,tanh,-1.0,0.5234846383064624,0.511133408577644,-0.012351229728818414
poly-higg,15M,cosolute_interaction,6,tanh,-0.5,0.5234846383064624,0.5178069397922792,-0.005677698514183205
poly-higg,15M,cosolute_interaction,6,tanh,0.0,0.5234846383064624,0.5242045187690332,0.0007198804625707655
poly-higg,15M,cosolute_interaction,6,tanh,0.5,0.5234846383064624,0.5299497433299472,0.006465105023484741
poly-higg,15M,cosolute_interaction,6,tanh,1.0,0.5234846383064624,0.5357953997295208,0.012310761423058425
poly-higg,15M,cosolute_protection,7,sigmoid,0.0,0.5234846383064624,0.49366855122594905,-0.029816087080513365
poly-higg,15M,cosolute_protection,7,sigmoid,0.25,0.5234846383064624,0.5088978162261006,-0.014586822080361772
poly-higg,15M,cosolute_protection,7,sigmoid,0.5,0.5234846383064624,0.5248669349873406,0.0013822966808781922
poly-higg,15M,cosolute_protection,7,sigmoid,0.75,0.5234846383064624,0.5421407742168864,0.018656135910424032
poly-higg,15M,cosolute_protection,7,sigmoid,1.0,0.5234846383064624,0.5641762922908121,0.04069165398434971
poly-higg,15M,interfacial_shielding,8,sigmoid,0.0,0.5234846383064624,0.508909995894469,-0.014574642411993466
poly-higg,15M,interfacial_shielding,8,sigmoid,0.25,0.5234846383064624,0.515677812223409,-0.007806826083053386
poly-higg,15M,interfacial_shielding,8,sigmoid,0.5,0.5234846383064624,0.5228949096249204,-0.0005897286815420566
poly-higg,15M,interfacial_shielding,8,sigmoid,0.75,0.5234846383064624,0.5310341372177542,0.007549498911291752
poly-higg,15M,interfacial_shielding,8,sigmoid,1.0,0.5234846383064624,0.5393649062576599,0.015880267951197458
poly-higg,15M,surface_stability,9,sigmoid,0.0,0.5234846383064624,0.5458238542131222,0.02233921590665977
poly-higg,15M,surface_stability,9,sigmoid,0.25,0.5234846383064624,0.5350952989449436,0.011610660638481152
poly-higg,15M,surface_stability,9,sigmoid,0.5,0.5234846383064624,0.5238537391481926,0.0003691008417301411
poly-higg,15M,surface_stability,9,sigmoid,0.75,0.5234846383064624,0.5152061771926192,-0.008278461113843227
poly-higg,15M,surface_stability,9,sigmoid,1.0,0.5234846383064624,0.507353325668493,-0.01613131263796941
poly-higg,15M,chemical_modulation,10,tanh,-1.0,0.5234846383064624,0.44280542636387527,-0.08067921194258715
poly-higg,15M,chemical_modulation,10,tanh,-0.5,0.5234846383064624,0.48329623735824007,-0.04018840094822235
poly-higg,15M,chemical_modulation,10,tanh,0.0,0.5234846383064624,0.5254939474180407,0.0020093091115782613
poly-higg,15M,chemical_modulation,10,tanh,0.5,0.5234846383064624,0.5673266010100662,0.04384196270360374
poly-higg,15M,chemical_modulation,10,tanh,1.0,0.5234846383064624,0.5913536474313024,0.06786900912483995
poly-higg,15M,electrostatic_screening,11,sigmoid,0.0,0.5234846383064624,0.49834439864144936,-0.025140239665013053
poly-higg,15M,electrostatic_screening,11,sigmoid,0.25,0.5234846383064624,0.5097443678256185,-0.013740270480843919
poly-higg,15M,electrostatic_screening,11,sigmoid,0.5,0.5234846383064624,0.5220196259032708,-0.0014650124031916345
poly-higg,15M,electrostatic_screening,11,sigmoid,0.75,0.5234846383064624,0.5369241420913229,0.013439503784860474
poly-higg,15M,electrostatic_screening,11,sigmoid,1.0,0.5234846383064624,0.5531005621698831,0.029615923863420712
poly-higg,15M,latent_0,12,tanh,-1.0,0.5234846383064624,0.48178455949955495,-0.04170007880690746
poly-higg,15M,latent_0,12,tanh,-0.5,0.5234846383064624,0.5052785876887502,-0.01820605061771219
poly-higg,15M,latent_0,12,tanh,0.0,0.5234846383064624,0.5255817315373822,0.0020970932309197776
poly-higg,15M,latent_0,12,tanh,0.5,0.5234846383064624,0.5499456505186342,0.026461012212171786
poly-higg,15M,latent_0,12,tanh,1.0,0.5234846383064624,0.579193859591757,0.05570922128529454
poly-higg,15M,latent_1,13,tanh,-1.0,0.5234846383064624,0.477446046553468,-0.04603859175299441
poly-higg,15M,latent_1,13,tanh,-0.5,0.5234846383064624,0.5018290612377064,-0.021655577068755982
poly-higg,15M,latent_1,13,tanh,0.0,0.5234846383064624,0.521918881168672,-0.0015657571377903912
poly-higg,15M,latent_1,13,tanh,0.5,0.5234846383064624,0.546109732492836,0.022625094186373595
poly-higg,15M,latent_1,13,tanh,1.0,0.5234846383064624,0.5688825471793238,0.04539790887286144
poly-higg,15M,latent_2,14,tanh,-1.0,0.5234846383064624,0.6113009755860264,0.08781633727956395
poly-higg,15M,latent_2,14,tanh,-0.5,0.5234846383064624,0.5626411679240388,0.03915652961757643
poly-higg,15M,latent_2,14,tanh,0.0,0.5234846383064624,0.5218933038650986,-0.0015913344413638342
poly-higg,15M,latent_2,14,tanh,0.5,0.5234846383064624,0.4853672306071428,-0.038117407699319594
poly-higg,15M,latent_2,14,tanh,1.0,0.5234846383064624,0.44539486006181095,-0.07808977824465146
poly-higg,15M,latent_3,15,tanh,-1.0,0.5234846383064624,0.5557903294416383,0.032305691135175896
poly-higg,15M,latent_3,15,tanh,-0.5,0.5234846383064624,0.5381642392045636,0.014679600898101164
poly-higg,15M,latent_3,15,tanh,0.0,0.5234846383064624,0.523434518066056,-5.012024040640384e-05
poly-higg,15M,latent_3,15,tanh,0.5,0.5234846383064624,0.502309206520853,-0.021175431785609433
poly-higg,15M,latent_3,15,tanh,1.0,0.5234846383064624,0.4767852452402341,-0.046699393066228334
trastuzumab,100,self_interaction,0,tanh,-1.0,0.5520248000725247,0.6247999270133748,0.07277512694085009
trastuzumab,100,self_interaction,0,tanh,-0.5,0.5520248000725247,0.5669747870224852,0.014949986949960414
trastuzumab,100,self_interaction,0,tanh,0.0,0.5520248000725247,0.5519042601444314,-0.00012053992809335501
trastuzumab,100,self_interaction,0,tanh,0.5,0.5520248000725247,0.5560374396559217,0.004012639583396926
trastuzumab,100,self_interaction,0,tanh,1.0,0.5520248000725247,0.5640336582891436,0.0120088582166189
trastuzumab,100,hydrophobicity,1,sigmoid,0.0,0.5520248000725247,0.5235704028247433,-0.028454397247781427
trastuzumab,100,hydrophobicity,1,sigmoid,0.25,0.5520248000725247,0.5364142665221403,-0.015610533550384442
trastuzumab,100,hydrophobicity,1,sigmoid,0.5,0.5520248000725247,0.549440176179932,-0.00258462389259273
trastuzumab,100,hydrophobicity,1,sigmoid,0.75,0.5520248000725247,0.5608098526411499,0.008785052568625162
trastuzumab,100,hydrophobicity,1,sigmoid,1.0,0.5520248000725247,0.5711676184638947,0.019142818391369998
trastuzumab,100,charge_environment,2,tanh,-1.0,0.5520248000725247,0.5326963749132562,-0.01932842515926858
trastuzumab,100,charge_environment,2,tanh,-0.5,0.5520248000725247,0.545893668796266,-0.00613113127625875
trastuzumab,100,charge_environment,2,tanh,0.0,0.5520248000725247,0.5575140085215204,0.005489208448995697
trastuzumab,100,charge_environment,2,tanh,0.5,0.5520248000725247,0.5628087405078185,0.010783940435293737
trastuzumab,100,charge_environment,2,tanh,1.0,0.5520248000725247,0.5719312707410026,0.019906470668477838
trastuzumab,100,ionic_screening,3,sigmoid,0.0,0.5520248000725247,0.5436719266153767,-0.00835287345714808
trastuzumab,100,ionic_screening,3,sigmoid,0.25,0.5520248000725247,0.5490226385296655,-0.0030021615428592607
trastuzumab,100,ionic_screening,3,sigmoid,0.5,0.5520248000725247,0.5529748348925867,0.0009500348200619513
trastuzumab,100,ionic_screening,3,sigmoid,0.75,0.5520248000725247,0.555269582678014,0.003244782605489216
trastuzumab,100,ionic_screening,3,sigmoid,1.0,0.5520248000725247,0.5589296842171115,0.006904884144586787
trastuzumab,100,crowding,4,sigmoid,0.0,0.5520248000725247,0.5549933343526534,0.002968534280128665
trastuzumab,100,crowding,4,sigmoid,0.25,0.5520248000725247,0.5537963186141508,0.0017715185416260493
trastuzumab,100,crowding,4,sigmoid,0.5,0.5520248000725247,0.5517089355010066,-0.00031586457151810965
trastuzumab,100,crowding,4,sigmoid,0.75,0.5520248000725247,0.5497739663270614,-0.00225083374546331
trastuzumab,100,crowding,4,sigmoid,1.0,0.5520248000725247,0.547445270625214,-0.004579529447310771
trastuzumab,100,nonlinear_conc,5,sigmoid,0.0,0.5520248000725247,0.5607051488678522,0.00868034879532742
trastuzumab,100,nonlinear_conc,5,sigmoid,0.25,0.5520248000725247,0.5543900658104793,0.0023652657379545916
trastuzumab,100,nonlinear_conc,5,sigmoid,0.5,0.5520248000725247,0.5489759420431698,-0.0030488580293549505
trastuzumab,100,nonlinear_conc,5,sigmoid,0.75,0.5520248000725247,0.5443328300723261,-0.007691970000198611
trastuzumab,100,nonlinear_conc,5,sigmoid,1.0,0.5520248000725247,0.5384645262129711,-0.013560273859553607
trastuzumab,100,cosolute_interaction,6,tanh,-1.0,0.5520248000725247,0.5726964642245537,0.020671664152028923
trastuzumab,100,cosolute_interaction,6,tanh,-0.5,0.5520248000725247,0.558466096559562,0.006441296487037285
trastuzumab,100,cosolute_interaction,6,tanh,0.0,0.5520248000725247,0.5435788594679085,-0.008445940604616231
trastuzumab,100,cosolute_interaction,6,tanh,0.5,0.5520248000725247,0.5296929023105534,-0.02233189776197131
trastuzumab,100,cosolute_interaction,6,tanh,1.0,0.5520248000725247,0.5325817619065853,-0.019443038165939397
trastuzumab,100,cosolute_protection,7,sigmoid,0.0,0.5520248000725247,0.5374243928779862,-0.01460040719453859
trastuzumab,100,cosolute_protection,7,sigmoid,0.25,0.5520248000725247,0.5453586684589589,-0.006666131613565884
trastuzumab,100,cosolute_protection,7,sigmoid,0.5,0.5520248000725247,0.5532720705191101,0.0012472704465853468
trastuzumab,100,cosolute_protection,7,sigmoid,0.75,0.5520248000725247,0.5613754805776405,0.009350680505115783
trastuzumab,100,cosolute_protection,7,sigmoid,1.0,0.5520248000725247,0.5703739385203128,0.01834913844778807
trastuzumab,100,interfacial_shielding,8,sigmoid,0.0,0.5520248000725247,0.5688430654008425,0.01681826532831776
trastuzumab,100,interfacial_shielding,8,sigmoid,0.25,0.5520248000725247,0.5596489725047233,0.007624172432198595
trastuzumab,100,interfacial_shielding,8,sigmoid,0.5,0.5520248000725247,0.5495827274322612,-0.0024420726402635262
trastuzumab,100,interfacial_shielding,8,sigmoid,0.75,0.5520248000725247,0.5395617565920268,-0.012463043480497982
trastuzumab,100,interfacial_shielding,8,sigmoid,1.0,0.5520248000725247,0.5308858193708472,-0.021138980701677523
trastuzumab,100,surface_stability,9,sigmoid,0.0,0.5520248000725247,0.586327524971987,0.03430272489946229
trastuzumab,100,surface_stability,9,sigmoid,0.25,0.5520248000725247,0.5702924614521709,0.018267661379646194
trastuzumab,100,surface_stability,9,sigmoid,0.5,0.5520248000725247,0.554566316731211,0.0025415166586862936
trastuzumab,100,surface_stability,9,sigmoid,0.75,0.5520248000725247,0.5370257582799005,-0.014999041792624235
trastuzumab,100,surface_stability,9,sigmoid,1.0,0.5520248000725247,0.5204841188208036,-0.03154068125172116
trastuzumab,100,chemical_modulation,10,tanh,-1.0,0.5520248000725247,0.5262973297216477,-0.02572747035087708
trastuzumab,100,chemical_modulation,10,tanh,-0.5,0.5520248000725247,0.5426009846670286,-0.009423815405496194
trastuzumab,100,chemical_modulation,10,tanh,0.0,0.5520248000725247,0.5552138147952049,0.0031890147226801835
trastuzumab,100,chemical_modulation,10,tanh,0.5,0.5520248000725247,0.5570886407150291,0.005063840642504314
trastuzumab,100,chemical_modulation,10,tanh,1.0,0.5520248000725247,0.5572674878962792,0.005242687823754477
trastuzumab,100,electrostatic_screening,11,sigmoid,0.0,0.5520248000725247,0.5544237913380503,0.002398991265525563
trastuzumab,100,electrostatic_screening,11,sigmoid,0.25,0.5520248000725247,0.5540356400468788,0.0020108399743540284
trastuzumab,100,electrostatic_screening,11,sigmoid,0.5,0.5520248000725247,0.5514998279207658,-0.0005249721517589512
trastuzumab,100,electrostatic_screening,11,sigmoid,0.75,0.5520248000725247,0.5456741710021179,-0.0063506290704068435
trastuzumab,100,electrostatic_screening,11,sigmoid,1.0,0.5520248000725247,0.5412827566620513,-0.010742043410473467
trastuzumab,100,latent_0,12,tanh,-1.0,0.5520248000725247,0.5368749579528166,-0.015149842119708157
trastuzumab,100,latent_0,12,tanh,-0.5,0.5520248000725247,0.5442913157631999,-0.007733484309324856
trastuzumab,100,latent_0,12,tanh,0.0,0.5520248000725247,0.5529282470145988,0.0009034469420740043
trastuzumab,100,latent_0,12,tanh,0.5,0.5520248000725247,0.5593277499134899,0.007302949840965134
trastuzumab,100,latent_0,12,tanh,1.0,0.5520248000725247,0.5694908686030249,0.017466068530500145
trastuzumab,100,latent_1,13,tanh,-1.0,0.5520248000725247,0.5121431211867937,-0.03988167888573102
trastuzumab,100,latent_1,13,tanh,-0.5,0.5520248000725247,0.5326062660546655,-0.0194185340178592
trastuzumab,100,latent_1,13,tanh,0.0,0.5520248000725247,0.5524744858410832,0.0004496857685584166
trastuzumab,100,latent_1,13,tanh,0.5,0.5520248000725247,0.5736412548052418,0.021616454732717005
trastuzumab,100,latent_1,13,tanh,1.0,0.5520248000725247,0.597634053343703,0.04560925327117826
trastuzumab,100,latent_2,14,tanh,-1.0,0.5520248000725247,0.6253280332963572,0.07330323322383248
trastuzumab,100,latent_2,14,tanh,-0.5,0.5520248000725247,0.5882575705602479,0.03623277048772311
trastuzumab,100,latent_2,14,tanh,0.0,0.5520248000725247,0.5559720159595909,0.003947215887066147
trastuzumab,100,latent_2,14,tanh,0.5,0.5520248000725247,0.5274524510212469,-0.02457234905127781
trastuzumab,100,latent_2,14,tanh,1.0,0.5520248000725247,0.49933326488190455,-0.0526915351906202
trastuzumab,100,latent_3,15,tanh,-1.0,0.5520248000725247,0.6021981552110807,0.05017335513855592
trastuzumab,100,latent_3,15,tanh,-0.5,0.5520248000725247,0.58124578461304,0.02922098454051525
trastuzumab,100,latent_3,15,tanh,0.0,0.5520248000725247,0.5558630661108238,0.003838266038299065
trastuzumab,100,latent_3,15,tanh,0.5,0.5520248000725247,0.5270335557646336,-0.024991244307891125
trastuzumab,100,latent_3,15,tanh,1.0,0.5520248000725247,0.5014158058657452,-0.050608994206779556
trastuzumab,1k,self_interaction,0,tanh,-1.0,0.5078405124032248,0.5580237754821954,0.050183263078970586
trastuzumab,1k,self_interaction,0,tanh,-0.5,0.5078405124032248,0.5017612274668705,-0.0060792849363543455
trastuzumab,1k,self_interaction,0,tanh,0.0,0.5078405124032248,0.5007913250476422,-0.007049187355582576
trastuzumab,1k,self_interaction,0,tanh,0.5,0.5078405124032248,0.5157444280274082,0.007903915624183355
trastuzumab,1k,self_interaction,0,tanh,1.0,0.5078405124032248,0.5291863755036929,0.021345863100468043
trastuzumab,1k,hydrophobicity,1,sigmoid,0.0,0.5078405124032248,0.4740289100039416,-0.033811602399283214
trastuzumab,1k,hydrophobicity,1,sigmoid,0.25,0.5078405124032248,0.48839411997988996,-0.019446392423334846
trastuzumab,1k,hydrophobicity,1,sigmoid,0.5,0.5078405124032248,0.5041754898643598,-0.003665022538865026
trastuzumab,1k,hydrophobicity,1,sigmoid,0.75,0.5078405124032248,0.5180571169039478,0.010216604500723037
trastuzumab,1k,hydrophobicity,1,sigmoid,1.0,0.5078405124032248,0.5290026590410122,0.02116214663778737
trastuzumab,1k,charge_environment,2,tanh,-1.0,0.5078405124032248,0.4850665741358651,-0.022773938267359684
trastuzumab,1k,charge_environment,2,tanh,-0.5,0.5078405124032248,0.5012053212847812,-0.006635191118443573
trastuzumab,1k,charge_environment,2,tanh,0.0,0.5078405124032248,0.5143416120963171,0.006501099693092316
trastuzumab,1k,charge_environment,2,tanh,0.5,0.5078405124032248,0.5228465219488041,0.01500600954557929
trastuzumab,1k,charge_environment,2,tanh,1.0,0.5078405124032248,0.5349741797714755,0.027133667368250736
trastuzumab,1k,ionic_screening,3,sigmoid,0.0,0.5078405124032248,0.5027757796194069,-0.005064732783817916
trastuzumab,1k,ionic_screening,3,sigmoid,0.25,0.5078405124032248,0.5064621023553738,-0.0013784100478509975
trastuzumab,1k,ionic_screening,3,sigmoid,0.5,0.5078405124032248,0.508176790202365,0.0003362777991401389
trastuzumab,1k,ionic_screening,3,sigmoid,0.75,0.5078405124032248,0.5086731103954145,0.0008325979921897098
trastuzumab,1k,ionic_screening,3,sigmoid,1.0,0.5078405124032248,0.5091788148807166,0.0013383024774917818
trastuzumab,1k,crowding,4,sigmoid,0.0,0.5078405124032248,0.5089759600474215,0.0011354476441967076
trastuzumab,1k,crowding,4,sigmoid,0.25,0.5078405124032248,0.5089820214365204,0.0011415090332955735
trastuzumab,1k,crowding,4,sigmoid,0.5,0.5078405124032248,0.5076717580554442,-0.0001687543477806308
trastuzumab,1k,crowding,4,sigmoid,0.75,0.5078405124032248,0.5053823760474827,-0.002458136355742102
trastuzumab,1k,crowding,4,sigmoid,1.0,0.5078405124032248,0.5034974805674407,-0.004343031835784106
trastuzumab,1k,nonlinear_conc,5,sigmoid,0.0,0.5078405124032248,0.5184692525739125,0.010628740170687712
trastuzumab,1k,nonlinear_conc,5,sigmoid,0.25,0.5078405124032248,0.5108559086685276,0.0030153962653027833
trastuzumab,1k,nonlinear_conc,5,sigmoid,0.5,0.5078405124032248,0.5045403226503272,-0.0033001897528975865
trastuzumab,1k,nonlinear_conc,5,sigmoid,0.75,0.5078405124032248,0.49779440515823997,-0.010046107244984837
trastuzumab,1k,nonlinear_conc,5,sigmoid,1.0,0.5078405124032248,0.49134239230853244,-0.01649812009469237
trastuzumab,1k,cosolute_interaction,6,tanh,-1.0,0.5078405124032248,0.5283921938922418,0.020551681489016982
trastuzumab,1k,cosolute_interaction,6,tanh,-0.5,0.5078405124032248,0.5138395304805234,0.0059990180772986346
trastuzumab,1k,cosolute_interaction,6,tanh,0.0,0.5078405124032248,0.4981536433131003,-0.009686869090124506
trastuzumab,1k,cosolute_interaction,6,tanh,0.5,0.5078405124032248,0.4870653453130358,-0.020775167090189006
trastuzumab,1k,cosolute_interaction,6,tanh,1.0,0.5078405124032248,0.4858911929583714,-0.0219493194448534
trastuzumab,1k,cosolute_protection,7,sigmoid,0.0,0.5078405124032248,0.4963367871842838,-0.011503725218940997
trastuzumab,1k,cosolute_protection,7,sigmoid,0.25,0.5078405124032248,0.5031420902568547,-0.004698422146370063
trastuzumab,1k,cosolute_protection,7,sigmoid,0.5,0.5078405124032248,0.5086993729669534,0.0008588605637286362
trastuzumab,1k,cosolute_protection,7,sigmoid,0.75,0.5078405124032248,0.5141299910048972,0.006289478601672394
trastuzumab,1k,cosolute_protection,7,sigmoid,1.0,0.5078405124032248,0.5194872090859832,0.011646696682758417
trastuzumab,1k,interfacial_shielding,8,sigmoid,0.0,0.5078405124032248,0.5174086879098876,0.00956817550666278
trastuzumab,1k,interfacial_shielding,8,sigmoid,0.25,0.5078405124032248,0.5118113118519722,0.003970799448747342
trastuzumab,1k,interfacial_shielding,8,sigmoid,0.5,0.5078405124032248,0.506638048137917,-0.00120246426530779
trastuzumab,1k,interfacial_shielding,8,sigmoid,0.75,0.5078405124032248,0.49956997971044675,-0.008270532692778054
trastuzumab,1k,interfacial_shielding,8,sigmoid,1.0,0.5078405124032248,0.49000101000407115,-0.01783950239915366
trastuzumab,1k,surface_stability,9,sigmoid,0.0,0.5078405124032248,0.5438113747674846,0.03597086236425984
trastuzumab,1k,surface_stability,9,sigmoid,0.25,0.5078405124032248,0.5270932775143079,0.019252765111083092
trastuzumab,1k,surface_stability,9,sigmoid,0.5,0.5078405124032248,0.5103205101000253,0.0024799976968005177
trastuzumab,1k,surface_stability,9,sigmoid,0.75,0.5078405124032248,0.4922361375370606,-0.015604374866164228
trastuzumab,1k,surface_stability,9,sigmoid,1.0,0.5078405124032248,0.47590124956471347,-0.03193926283851134
trastuzumab,1k,chemical_modulation,10,tanh,-1.0,0.5078405124032248,0.47455706283342725,-0.03328344956979756
trastuzumab,1k,chemical_modulation,10,tanh,-0.5,0.5078405124032248,0.4966964597731751,-0.011144052630049694
trastuzumab,1k,chemical_modulation,10,tanh,0.0,0.5078405124032248,0.5112723679914672,0.0034318555882424384
trastuzumab,1k,chemical_modulation,10,tanh,0.5,0.5078405124032248,0.5121715248974853,0.004331012494260489
trastuzumab,1k,chemical_modulation,10,tanh,1.0,0.5078405124032248,0.5142232314087944,0.006382719005569637
trastuzumab,1k,electrostatic_screening,11,sigmoid,0.0,0.5078405124032248,0.5062908319104972,-0.0015496804927276342
trastuzumab,1k,electrostatic_screening,11,sigmoid,0.25,0.5078405124032248,0.5070489167086247,-0.000791595694600078
trastuzumab,1k,electrostatic_screening,11,sigmoid,0.5,0.5078405124032248,0.5078875437659527,4.7031362727878445e-05
trastuzumab,1k,electrostatic_screening,11,sigmoid,0.75,0.5078405124032248,0.5056121606188643,-0.0022283517843605383
trastuzumab,1k,electrostatic_screening,11,sigmoid,1.0,0.5078405124032248,0.5014154192711759,-0.006425093132048865
trastuzumab,1k,latent_0,12,tanh,-1.0,0.5078405124032248,0.4925071112385243,-0.0153334011647005
trastuzumab,1k,latent_0,12,tanh,-0.5,0.5078405124032248,0.4995834057907373,-0.00825710661248752
trastuzumab,1k,latent_0,12,tanh,0.0,0.5078405124032248,0.5090643622008905,0.0012238497976656548
trastuzumab,1k,latent_0,12,tanh,0.5,0.5078405124032248,0.5145264818779133,0.006685969474688469
trastuzumab,1k,latent_0,12,tanh,1.0,0.5078405124032248,0.5226969654477255,0.014856453044500673
trastuzumab,1k,latent_1,13,tanh,-1.0,0.5078405124032248,0.4664215705974847,-0.04141894180574013
trastuzumab,1k,latent_1,13,tanh,-0.5,0.5078405124032248,0.4882734494629956,-0.019567062940229196
trastuzumab,1k,latent_1,13,tanh,0.0,0.5078405124032248,0.5082995876358692,0.00045907523264443473
trastuzumab,1k,latent_1,13,tanh,0.5,0.5078405124032248,0.5247020698585039,0.016861557455279064
trastuzumab,1k,latent_1,13,tanh,1.0,0.5078405124032248,0.5488441482049408,0.041003635801715954
trastuzumab,1k,latent_2,14,tanh,-1.0,0.5078405124032248,0.5681468796943777,0.06030636729115291
trastuzumab,1k,latent_2,14,tanh,-0.5,0.5078405124032248,0.5333920330926833,0.02555152068945854
trastuzumab,1k,latent_2,14,tanh,0.0,0.5078405124032248,0.5102973764878761,0.002456864084651289
trastuzumab,1k,latent_2,14,tanh,0.5,0.5078405124032248,0.4873137665871626,-0.02052674581606223
trastuzumab,1k,latent_2,14,tanh,1.0,0.5078405124032248,0.4612846467729369,-0.04655586563028791
trastuzumab,1k,latent_3,15,tanh,-1.0,0.5078405124032248,0.558334095847985,0.05049358344476018
trastuzumab,1k,latent_3,15,tanh,-0.5,0.5078405124032248,0.5352601459723623,0.027419633569137458
trastuzumab,1k,latent_3,15,tanh,0.0,0.5078405124032248,0.5114727636178369,0.003632251214612081
trastuzumab,1k,latent_3,15,tanh,0.5,0.5078405124032248,0.4848449726983587,-0.02299553970486612
trastuzumab,1k,latent_3,15,tanh,1.0,0.5078405124032248,0.45783179871169793,-0.050008713691526874
trastuzumab,10k,self_interaction,0,tanh,-1.0,0.4532563938017645,0.49034804263139464,0.03709164882963012
trastuzumab,10k,self_interaction,0,tanh,-0.5,0.4532563938017645,0.4479615118322891,-0.005294881969475418
trastuzumab,10k,self_interaction,0,tanh,0.0,0.4532563938017645,0.4450587477613493,-0.00819764604041523
trastuzumab,10k,self_interaction,0,tanh,0.5,0.4532563938017645,0.4634427236809542,0.01018632987918966
trastuzumab,10k,self_interaction,0,tanh,1.0,0.4532563938017645,0.48942691545257067,0.03617052165080614
trastuzumab,10k,hydrophobicity,1,sigmoid,0.0,0.4532563938017645,0.4264706240500239,-0.02678576975174063
trastuzumab,10k,hydrophobicity,1,sigmoid,0.25,0.4532563938017645,0.4386215421947703,-0.014634851606994237
trastuzumab,10k,hydrophobicity,1,sigmoid,0.5,0.4532563938017645,0.45041318339590364,-0.0028432104058608854
trastuzumab,10k,hydrophobicity,1,sigmoid,0.75,0.4532563938017645,0.46369625214086174,0.010439858339097219
trastuzumab,10k,hydrophobicity,1,sigmoid,1.0,0.4532563938017645,0.476224389613292,0.022967995811527475
trastuzumab,10k,charge_environment,2,tanh,-1.0,0.4532563938017645,0.4339899582412485,-0.01926643556051605
trastuzumab,10k,charge_environment,2,tanh,-0.5,0.4532563938017645,0.44726051890639823,-0.005995874895366293
trastuzumab,10k,charge_environment,2,tanh,0.0,0.4532563938017645,0.4606196342941111,0.007363240492346601
trastuzumab,10k,charge_environment,2,tanh,0.5,0.4532563938017645,0.4749355634829108,0.021679169681146304
trastuzumab,10k,charge_environment,2,tanh,1.0,0.4532563938017645,0.488501027600824,0.035244633799059455
trastuzumab,10k,ionic_screening,3,sigmoid,0.0,0.4532563938017645,0.44981388682201273,-0.0034425069797517915
trastuzumab,10k,ionic_screening,3,sigmoid,0.25,0.4532563938017645,0.45184188435467326,-0.0014145094470912611
trastuzumab,10k,ionic_screening,3,sigmoid,0.5,0.4532563938017645,0.4537379122067589,0.0004815184049943855
trastuzumab,10k,ionic_screening,3,sigmoid,0.75,0.4532563938017645,0.45526535122865097,0.0020089574268864485
trastuzumab,10k,ionic_screening,3,sigmoid,1.0,0.4532563938017645,0.4564379197092441,0.0031815259074795543
trastuzumab,10k,crowding,4,sigmoid,0.0,0.4532563938017645,0.45420359962879137,0.0009472058270268424
trastuzumab,10k,crowding,4,sigmoid,0.25,0.4532563938017645,0.4541843810947546,0.0009279872929900956
trastuzumab,10k,crowding,4,sigmoid,0.5,0.4532563938017645,0.45281240222211205,-0.0004439915796524696
trastuzumab,10k,crowding,4,sigmoid,0.75,0.4532563938017645,0.45048613211027083,-0.0027702616914936917
trastuzumab,10k,crowding,4,sigmoid,1.0,0.4532563938017645,0.448953342826414,-0.0043030509753504975
trastuzumab,10k,nonlinear_conc,5,sigmoid,0.0,0.4532563938017645,0.46512962067954744,0.011873226877782916
trastuzumab,10k,nonlinear_conc,5,sigmoid,0.25,0.4532563938017645,0.45701247940253814,0.0037560856007736176
trastuzumab,10k,nonlinear_conc,5,sigmoid,0.5,0.4532563938017645,0.4488607799327318,-0.0043956138690327
trastuzumab,10k,nonlinear_conc,5,sigmoid,0.75,0.4532563938017645,0.4405904023949649,-0.012665991406799637
trastuzumab,10k,nonlinear_conc,5,sigmoid,1.0,0.4532563938017645,0.4336072580627989,-0.01964913573896565
trastuzumab,10k,cosolute_interaction,6,tanh,-1.0,0.4532563938017645,0.4805839674380473,0.027327573636282798
trastuzumab,10k,cosolute_interaction,6,tanh,-0.5,0.4532563938017645,0.4615998907244108,0.008343496922646298
trastuzumab,10k,cosolute_interaction,6,tanh,0.0,0.4532563938017645,0.44257118367184267,-0.010685210129921852
trastuzumab,10k,cosolute_interaction,6,tanh,0.5,0.4532563938017645,0.44172100661689967,-0.011535387184864854
trastuzumab,10k,cosolute_interaction,6,tanh,1.0,0.4532563938017645,0.4406037146949139,-0.01265267910685064
trastuzumab,10k,cosolute_protection,7,sigmoid,0.0,0.4532563938017645,0.4501260638761014,-0.0031303299256631445
trastuzumab,10k,cosolute_protection,7,sigmoid,0.25,0.4532563938017645,0.4506534409305317,-0.0026029528712328
trastuzumab,10k,cosolute_protection,7,sigmoid,0.5,0.4532563938017645,0.45406779503352646,0.0008114012317619324
trastuzumab,10k,cosolute_protection,7,sigmoid,0.75,0.4532563938017645,0.45958508395360737,0.006328690151842842
trastuzumab,10k,cosolute_protection,7,sigmoid,1.0,0.4532563938017645,0.4650536490283814,0.011797255226616898
trastuzumab,10k,interfacial_shielding,8,sigmoid,0.0,0.4532563938017645,0.4632273271509318,0.009970933349167266
trastuzumab,10k,interfacial_shielding,8,sigmoid,0.25,0.4532563938017645,0.4573973155483067,0.004140921746542181
trastuzumab,10k,interfacial_shielding,8,sigmoid,0.5,0.4532563938017645,0.4519672185726084,-0.0012891752291561143
trastuzumab,10k,interfacial_shielding,8,sigmoid,0.75,0.4532563938017645,0.4470749509272523,-0.006181442874512222
trastuzumab,10k,interfacial_shielding,8,sigmoid,1.0,0.4532563938017645,0.4435979426448743,-0.009658451156890235
trastuzumab,10k,surface_stability,9,sigmoid,0.0,0.4532563938017645,0.48889531915155826,0.03563892534979374
trastuzumab,10k,surface_stability,9,sigmoid,0.25,0.4532563938017645,0.47190038495369774,0.018643991151933215
trastuzumab,10k,surface_stability,9,sigmoid,0.5,0.4532563938017645,0.4556018281433886,0.0023454343416240975
trastuzumab,10k,surface_stability,9,sigmoid,0.75,0.4532563938017645,0.439169048025969,-0.014087345775795512
trastuzumab,10k,surface_stability,9,sigmoid,1.0,0.4532563938017645,0.42545279683379567,-0.027803596967968858
trastuzumab,10k,chemical_modulation,10,tanh,-1.0,0.4532563938017645,0.4229072202856533,-0.030349173516111216
trastuzumab,10k,chemical_modulation,10,tanh,-0.5,0.4532563938017645,0.4440112445633388,-0.009245149238425732
trastuzumab,10k,chemical_modulation,10,tanh,0.0,0.4532563938017645,0.4551640815529314,0.0019076877511668977
trastuzumab,10k,chemical_modulation,10,tanh,0.5,0.4532563938017645,0.46234039387386844,0.009084000072103915
trastuzumab,10k,chemical_modulation,10,tanh,1.0,0.4532563938017645,0.46630167456268723,0.013045280760922706
trastuzumab,10k,electrostatic_screening,11,sigmoid,0.0,0.4532563938017645,0.4520714361935381,-0.0011849576082264002
trastuzumab,10k,electrostatic_screening,11,sigmoid,0.25,0.4532563938017645,0.45174606837759246,-0.0015103254241720654
trastuzumab,10k,electrostatic_screening,11,sigmoid,0.5,0.4532563938017645,0.45342088914449147,0.00016449534272694466
trastuzumab,10k,electrostatic_screening,11,sigmoid,0.75,0.4532563938017645,0.45292063318599457,-0.0003357606157699533
trastuzumab,10k,electrostatic_screening,11,sigmoid,1.0,0.4532563938017645,0.4520003622688879,-0.0012560315328766225
trastuzumab,10k,latent_0,12,tanh,-1.0,0.4532563938017645,0.44254628646440103,-0.010710107337363495
trastuzumab,10k,latent_0,12,tanh,-0.5,0.4532563938017645,0.44843533196281804,-0.004821061838946483
trastuzumab,10k,latent_0,12,tanh,0.0,0.4532563938017645,0.4542666494534529,0.0010102556516883854
trastuzumab,10k,latent_0,12,tanh,0.5,0.4532563938017645,0.4601395174560499,0.006883123654285395
trastuzumab,10k,latent_0,12,tanh,1.0,0.4532563938017645,0.4733638328771945,0.02010743907543
trastuzumab,10k,latent_1,13,tanh,-1.0,0.4532563938017645,0.4142127472124857,-0.039043646589278835
trastuzumab,10k,latent_1,13,tanh,-0.5,0.4532563938017645,0.43520756822155265,-0.01804882558021187
trastuzumab,10k,latent_1,13,tanh,0.0,0.4532563938017645,0.4537160948262869,0.00045970102452236317
trastuzumab,10k,latent_1,13,tanh,0.5,0.4532563938017645,0.4720501147112054,0.01879372090944087
trastuzumab,10k,latent_1,13,tanh,1.0,0.4532563938017645,0.49407755017877353,0.040821156377009005
trastuzumab,10k,latent_2,14,tanh,-1.0,0.4532563938017645,0.507888413926973,0.054632020125208514
trastuzumab,10k,latent_2,14,tanh,-0.5,0.4532563938017645,0.4745853359553179,0.021328942153553354
trastuzumab,10k,latent_2,14,tanh,0.0,0.4532563938017645,0.4554393653313066,0.002182971529542055
trastuzumab,10k,latent_2,14,tanh,0.5,0.4532563938017645,0.4403770745984233,-0.012879319203341233
trastuzumab,10k,latent_2,14,tanh,1.0,0.4532563938017645,0.4234534331584265,-0.02980296064333804
trastuzumab,10k,latent_3,15,tanh,-1.0,0.4532563938017645,0.507644753325769,0.05438835952400445
trastuzumab,10k,latent_3,15,tanh,-0.5,0.4532563938017645,0.4822609073638057,0.0290045135620412
trastuzumab,10k,latent_3,15,tanh,0.0,0.4532563938017645,0.4566360604161197,0.0033796666143551812
trastuzumab,10k,latent_3,15,tanh,0.5,0.4532563938017645,0.4353503987529018,-0.0179059950488627
trastuzumab,10k,latent_3,15,tanh,1.0,0.4532563938017645,0.4135741705616278,-0.039682223240136705
trastuzumab,100k,self_interaction,0,tanh,-1.0,0.3994999043532647,0.42739701841823374,0.02789711406496903
trastuzumab,100k,self_interaction,0,tanh,-0.5,0.3994999043532647,0.3984563214052004,-0.0010435829480643366
trastuzumab,100k,self_interaction,0,tanh,0.0,0.3994999043532647,0.3924741544550614,-0.007025749898203315
trastuzumab,100k,self_interaction,0,tanh,0.5,0.3994999043532647,0.41331705802096474,0.013817153667700033
trastuzumab,100k,self_interaction,0,tanh,1.0,0.3994999043532647,0.43709578401883137,0.037595879665566656
trastuzumab,100k,hydrophobicity,1,sigmoid,0.0,0.3994999043532647,0.3784722525438572,-0.02102765180940752
trastuzumab,100k,hydrophobicity,1,sigmoid,0.25,0.3994999043532647,0.3876183197922193,-0.011881584561045433
trastuzumab,100k,hydrophobicity,1,sigmoid,0.5,0.3994999043532647,0.3972994856427289,-0.002200418710535834
trastuzumab,100k,hydrophobicity,1,sigmoid,0.75,0.3994999043532647,0.40707381690554695,0.007573912552282236
trastuzumab,100k,hydrophobicity,1,sigmoid,1.0,0.3994999043532647,0.4152452986392635,0.015745394285998804
trastuzumab,100k,charge_environment,2,tanh,-1.0,0.3994999043532647,0.3807714636217694,-0.01872844073149532
trastuzumab,100k,charge_environment,2,tanh,-0.5,0.3994999043532647,0.39428686148029035,-0.0052130428729743605
trastuzumab,100k,charge_environment,2,tanh,0.0,0.3994999043532647,0.40585701890313397,0.006357114549869258
trastuzumab,100k,charge_environment,2,tanh,0.5,0.3994999043532647,0.42186349252624533,0.02236358817298062
trastuzumab,100k,charge_environment,2,tanh,1.0,0.3994999043532647,0.4408507318161906,0.0413508274629259
trastuzumab,100k,ionic_screening,3,sigmoid,0.0,0.3994999043532647,0.3986714800308725,-0.0008284243223922183
trastuzumab,100k,ionic_screening,3,sigmoid,0.25,0.3994999043532647,0.3980688683115786,-0.0014310360416860957
trastuzumab,100k,ionic_screening,3,sigmoid,0.5,0.3994999043532647,0.39982857438502917,0.0003286700317644553
trastuzumab,100k,ionic_screening,3,sigmoid,0.75,0.3994999043532647,0.40110902731664677,0.0016091229633820592
trastuzumab,100k,ionic_screening,3,sigmoid,1.0,0.3994999043532647,0.4027592560142926,0.003259351661027865
trastuzumab,100k,crowding,4,sigmoid,0.0,0.3994999043532647,0.401066411406942,0.0015665070536772796
trastuzumab,100k,crowding,4,sigmoid,0.25,0.3994999043532647,0.40034199266029774,0.0008420883070330287
trastuzumab,100k,crowding,4,sigmoid,0.5,0.3994999043532647,0.3993909234734954,-0.00010898087976929371
trastuzumab,100k,crowding,4,sigmoid,0.75,0.3994999043532647,0.39833099753093265,-0.0011689068223320609
trastuzumab,100k,crowding,4,sigmoid,1.0,0.3994999043532647,0.39895768930794323,-0.0005422150453214813
trastuzumab,100k,nonlinear_conc,5,sigmoid,0.0,0.3994999043532647,0.41398031983408246,0.014480415480817743
trastuzumab,100k,nonlinear_conc,5,sigmoid,0.25,0.3994999043532647,0.40426309078716854,0.004763186433903832
trastuzumab,100k,nonlinear_conc,5,sigmoid,0.5,0.3994999043532647,0.3940449127560417,-0.005454991597223013
trastuzumab,100k,nonlinear_conc,5,sigmoid,0.75,0.3994999043532647,0.38382059058647683,-0.015679313766787883
trastuzumab,100k,nonlinear_conc,5,sigmoid,1.0,0.3994999043532647,0.37551770807389256,-0.023982196279372148
trastuzumab,100k,cosolute_interaction,6,tanh,-1.0,0.3994999043532647,0.4295227661937796,0.03002286184051489
trastuzumab,100k,cosolute_interaction,6,tanh,-0.5,0.3994999043532647,0.4094420667915476,0.009942162438282887
trastuzumab,100k,cosolute_interaction,6,tanh,0.0,0.3994999043532647,0.3911701179617625,-0.008329786391502225
trastuzumab,100k,cosolute_interaction,6,tanh,0.5,0.3994999043532647,0.3896896288462175,-0.009810275507047217
trastuzumab,100k,cosolute_interaction,6,tanh,1.0,0.3994999043532647,0.3892124237505306,-0.0102874806027341
trastuzumab,100k,cosolute_protection,7,sigmoid,0.0,0.3994999043532647,0.39579559915151585,-0.0037043052017488587
trastuzumab,100k,cosolute_protection,7,sigmoid,0.25,0.3994999043532647,0.3972594970245447,-0.0022404073287199955
trastuzumab,100k,cosolute_protection,7,sigmoid,0.5,0.3994999043532647,0.3999909699632731,0.0004910656100083899
trastuzumab,100k,cosolute_protection,7,sigmoid,0.75,0.3994999043532647,0.40317800904547907,0.0036781046922143568
trastuzumab,100k,cosolute_protection,7,sigmoid,1.0,0.3994999043532647,0.40808765146615716,0.008587747112892452
trastuzumab,100k,interfacial_shielding,8,sigmoid,0.0,0.3994999043532647,0.4092593717660231,0.009759467412758405
trastuzumab,100k,interfacial_shielding,8,sigmoid,0.25,0.3994999043532647,0.4041698115945186,0.004669907241253879
trastuzumab,100k,interfacial_shielding,8,sigmoid,0.5,0.3994999043532647,0.3982125315081538,-0.0012873728451109345
trastuzumab,100k,interfacial_shielding,8,sigmoid,0.75,0.3994999043532647,0.39349828096473866,-0.006001623388526056
trastuzumab,100k,interfacial_shielding,8,sigmoid,1.0,0.3994999043532647,0.39100496062432166,-0.00849494372894305
trastuzumab,100k,surface_stability,9,sigmoid,0.0,0.3994999043532647,0.42828940797985277,0.028789503626588053
trastuzumab,100k,surface_stability,9,sigmoid,0.25,0.3994999043532647,0.4147149426086208,0.015215038255356084
trastuzumab,100k,surface_stability,9,sigmoid,0.5,0.3994999043532647,0.4014017220731798,0.0019018177199150998
trastuzumab,100k,surface_stability,9,sigmoid,0.75,0.3994999043532647,0.3894800971756132,-0.010019807177651496
trastuzumab,100k,surface_stability,9,sigmoid,1.0,0.3994999043532647,0.380061453603819,-0.019438450749445724
trastuzumab,100k,chemical_modulation,10,tanh,-1.0,0.3994999043532647,0.373885787667552,-0.02561411668571273
trastuzumab,100k,chemical_modulation,10,tanh,-0.5,0.3994999043532647,0.3913919275655754,-0.00810797678768932
trastuzumab,100k,chemical_modulation,10,tanh,0.0,0.3994999043532647,0.40068691259355393,0.0011870082402892224
trastuzumab,100k,chemical_modulation,10,tanh,0.5,0.3994999043532647,0.4052386434347163,0.00573873908145156
trastuzumab,100k,chemical_modulation,10,tanh,1.0,0.3994999043532647,0.40797866541455413,0.00847876106128942
trastuzumab,100k,electrostatic_screening,11,sigmoid,0.0,0.3994999043532647,0.39856718483243725,-0.000932719520827463
trastuzumab,100k,electrostatic_screening,11,sigmoid,0.25,0.3994999043532647,0.39770454365827235,-0.001795360694992365
trastuzumab,100k,electrostatic_screening,11,sigmoid,0.5,0.3994999043532647,0.3996593933609681,0.00015948900770340613
trastuzumab,100k,electrostatic_screening,11,sigmoid,0.75,0.3994999043532647,0.4012404953293525,0.001740590976087808
trastuzumab,100k,electrostatic_screening,11,sigmoid,1.0,0.3994999043532647,0.40233045928205674,0.0028305549287920284
trastuzumab,100k,latent_0,12,tanh,-1.0,0.3994999043532647,0.3938740560578612,-0.005625848295403524
trastuzumab,100k,latent_0,12,tanh,-0.5,0.3994999043532647,0.39879267678184604,-0.0007072275714186671
trastuzumab,100k,latent_0,12,tanh,0.0,0.3994999043532647,0.40010944632971934,0.0006095419764546306
trastuzumab,100k,latent_0,12,tanh,0.5,0.3994999043532647,0.4042313615874066,0.004731457234141867
trastuzumab,100k,latent_0,12,tanh,1.0,0.3994999043532647,0.4106808502590279,0.011180945905763184
trastuzumab,100k,latent_1,13,tanh,-1.0,0.3994999043532647,0.3610129591155068,-0.03848694523775792
trastuzumab,100k,latent_1,13,tanh,-0.5,0.3994999043532647,0.381056545439093,-0.018443358914171704
trastuzumab,100k,latent_1,13,tanh,0.0,0.3994999043532647,0.39994615085241125,0.0004462464991465409
trastuzumab,100k,latent_1,13,tanh,0.5,0.3994999043532647,0.4181466352841016,0.018646730930836908
trastuzumab,100k,latent_1,13,tanh,1.0,0.3994999043532647,0.4395345001390223,0.040034595785757576
trastuzumab,100k,latent_2,14,tanh,-1.0,0.3994999043532647,0.4497418948968804,0.05024199054361567
trastuzumab,100k,latent_2,14,tanh,-0.5,0.3994999043532647,0.4179331988790523,0.01843329452578757
trastuzumab,100k,latent_2,14,tanh,0.0,0.3994999043532647,0.40179392291014004,0.0022940185568753324
trastuzumab,100k,latent_2,14,tanh,0.5,0.3994999043532647,0.38864599417981616,-0.010853910173448555
trastuzumab,100k,latent_2,14,tanh,1.0,0.3994999043532647,0.3704529106421534,-0.029046993711111302
trastuzumab,100k,latent_3,15,tanh,-1.0,0.3994999043532647,0.44677689815100396,0.04727699379773925
trastuzumab,100k,latent_3,15,tanh,-0.5,0.3994999043532647,0.42271460051125465,0.023214696157989934
trastuzumab,100k,latent_3,15,tanh,0.0,0.3994999043532647,0.40235589436020336,0.002855990006938647
trastuzumab,100k,latent_3,15,tanh,0.5,0.3994999043532647,0.3849840049214174,-0.014515899431847334
trastuzumab,100k,latent_3,15,tanh,1.0,0.3994999043532647,0.36682431074213495,-0.03267559361112976
trastuzumab,15M,self_interaction,0,tanh,-1.0,0.2729843671948945,0.2703678744630298,-0.0026164927318647058
trastuzumab,15M,self_interaction,0,tanh,-0.5,0.2729843671948945,0.26608129319210344,-0.006903074002791054
trastuzumab,15M,self_interaction,0,tanh,0.0,0.2729843671948945,0.27086401881373356,-0.0021203483811609303
trastuzumab,15M,self_interaction,0,tanh,0.5,0.2729843671948945,0.2790643955823434,0.006080028387448921
trastuzumab,15M,self_interaction,0,tanh,1.0,0.2729843671948945,0.2995458707218137,0.026561503526919217
trastuzumab,15M,hydrophobicity,1,sigmoid,0.0,0.2729843671948945,0.2566455929127599,-0.016338774282134594
trastuzumab,15M,hydrophobicity,1,sigmoid,0.25,0.2729843671948945,0.26529116112644113,-0.007693206068453362
trastuzumab,15M,hydrophobicity,1,sigmoid,0.5,0.2729843671948945,0.2717566773107051,-0.0012276898841894202
trastuzumab,15M,hydrophobicity,1,sigmoid,0.75,0.2729843671948945,0.277293787283449,0.004309420088554505
trastuzumab,15M,hydrophobicity,1,sigmoid,1.0,0.2729843671948945,0.2823822717135435,0.009397904518649025
trastuzumab,15M,charge_environment,2,tanh,-1.0,0.2729843671948945,0.25587031435348984,-0.01711405284140466
trastuzumab,15M,charge_environment,2,tanh,-0.5,0.2729843671948945,0.2683674505617517,-0.004616916633142787
trastuzumab,15M,charge_environment,2,tanh,0.0,0.2729843671948945,0.2785705682131382,0.005586201018243697
trastuzumab,15M,charge_environment,2,tanh,0.5,0.2729843671948945,0.29169602015419305,0.018711652959298553
trastuzumab,15M,charge_environment,2,tanh,1.0,0.2729843671948945,0.30967318997846316,0.036688822783568664
trastuzumab,15M,ionic_screening,3,sigmoid,0.0,0.2729843671948945,0.27999813912624394,0.007013771931349444
trastuzumab,15M,ionic_screening,3,sigmoid,0.25,0.2729843671948945,0.27574490583902833,0.0027605386441338364
trastuzumab,15M,ionic_screening,3,sigmoid,0.5,0.2729843671948945,0.272111009981299,-0.0008733572135954937
trastuzumab,15M,ionic_screening,3,sigmoid,0.75,0.2729843671948945,0.2687579240062554,-0.004226443188639073
trastuzumab,15M,ionic_screening,3,sigmoid,1.0,0.2729843671948945,0.26745691820750594,-0.00552744898738855
trastuzumab,15M,crowding,4,sigmoid,0.0,0.2729843671948945,0.26582940420347945,-0.007154962991415048
trastuzumab,15M,crowding,4,sigmoid,0.25,0.2729843671948945,0.2687655990074692,-0.004218768187425281
trastuzumab,15M,crowding,4,sigmoid,0.5,0.2729843671948945,0.27376564508125895,0.000781277886364451
trastuzumab,15M,crowding,4,sigmoid,0.75,0.2729843671948945,0.27876494641099553,0.005780579216101034
trastuzumab,15M,crowding,4,sigmoid,1.0,0.2729843671948945,0.28353250821621123,0.010548141021316737
trastuzumab,15M,nonlinear_conc,5,sigmoid,0.0,0.2729843671948945,0.2804940766035996,0.007509709408705101
trastuzumab,15M,nonlinear_conc,5,sigmoid,0.25,0.2729843671948945,0.2754621513468706,0.0024777841519760813
trastuzumab,15M,nonlinear_conc,5,sigmoid,0.5,0.2729843671948945,0.2701455269885118,-0.002838840206382698
trastuzumab,15M,nonlinear_conc,5,sigmoid,0.75,0.2729843671948945,0.2653701246834038,-0.0076142425114906764
trastuzumab,15M,nonlinear_conc,5,sigmoid,1.0,0.2729843671948945,0.26006694709267036,-0.01291742010222413
trastuzumab,15M,cosolute_interaction,6,tanh,-1.0,0.2729843671948945,0.2897933439098834,0.016808976714988932
trastuzumab,15M,cosolute_interaction,6,tanh,-0.5,0.2729843671948945,0.27479287469115743,0.0018085074962629344
trastuzumab,15M,cosolute_interaction,6,tanh,0.0,0.2729843671948945,0.27164244184789443,-0.0013419253470000614
trastuzumab,15M,cosolute_interaction,6,tanh,0.5,0.2729843671948945,0.2699483560004554,-0.003036011194439081
trastuzumab,15M,cosolute_interaction,6,tanh,1.0,0.2729843671948945,0.2696655808209628,-0.0033187863739316814
trastuzumab,15M,cosolute_protection,7,sigmoid,0.0,0.2729843671948945,0.26575468155015247,-0.007229685644742023
trastuzumab,15M,cosolute_protection,7,sigmoid,0.25,0.2729843671948945,0.2693873361677933,-0.003597031027101183
trastuzumab,15M,cosolute_protection,7,sigmoid,0.5,0.2729843671948945,0.273751081197554,0.0007667140026594854
trastuzumab,15M,cosolute_protection,7,sigmoid,0.75,0.2729843671948945,0.2786213969947618,0.005637029799867299
trastuzumab,15M,cosolute_protection,7,sigmoid,1.0,0.2729843671948945,0.28432226790984705,0.011337900714952553
trastuzumab,15M,interfacial_shielding,8,sigmoid,0.0,0.2729843671948945,0.2759253614605598,0.0029409942656652976
trastuzumab,15M,interfacial_shielding,8,sigmoid,0.25,0.2729843671948945,0.2741642072736727,0.0011798400787781937
trastuzumab,15M,interfacial_shielding,8,sigmoid,0.5,0.2729843671948945,0.2726023962449969,-0.00038197094989761426
trastuzumab,15M,interfacial_shielding,8,sigmoid,0.75,0.2729843671948945,0.271500919790472,-0.001483447404422522
trastuzumab,15M,interfacial_shielding,8,sigmoid,1.0,0.2729843671948945,0.2712475826884114,-0.001736784506483069
trastuzumab,15M,surface_stability,9,sigmoid,0.0,0.2729843671948945,0.2901602131053711,0.017175845910476606
trastuzumab,15M,surface_stability,9,sigmoid,0.25,0.2729843671948945,0.2808831226220016,0.007898755427107107
trastuzumab,15M,surface_stability,9,sigmoid,0.5,0.2729843671948945,0.2739615748292269,0.0009772076343323999
trastuzumab,15M,surface_stability,9,sigmoid,0.75,0.2729843671948945,0.2677814611159761,-0.005202906078918379
trastuzumab,15M,surface_stability,9,sigmoid,1.0,0.2729843671948945,0.2619811668698029,-0.011003200325091611
trastuzumab,15M,chemical_modulation,10,tanh,-1.0,0.2729843671948945,0.2519852742511896,-0.02099909294370489
trastuzumab,15M,chemical_modulation,10,tanh,-0.5,0.2729843671948945,0.26709410372964065,-0.005890263465253842
trastuzumab,15M,chemical_modulation,10,tanh,0.0,0.2729843671948945,0.2753421234303137,0.0023577562354192283
trastuzumab,15M,chemical_modulation,10,tanh,0.5,0.2729843671948945,0.2801063131999557,0.007121946005061219
trastuzumab,15M,chemical_modulation,10,tanh,1.0,0.2729843671948945,0.2851988523476726,0.01221448515277812
trastuzumab,15M,electrostatic_screening,11,sigmoid,0.0,0.2729843671948945,0.2717507193582803,-0.0012336478366141712
trastuzumab,15M,electrostatic_screening,11,sigmoid,0.25,0.2729843671948945,0.2718903795555701,-0.0010939876393243897
trastuzumab,15M,electrostatic_screening,11,sigmoid,0.5,0.2729843671948945,0.2731159386442743,0.00013157144937980814
trastuzumab,15M,electrostatic_screening,11,sigmoid,0.75,0.2729843671948945,0.274163959025655,0.0011795918307604958
trastuzumab,15M,electrostatic_screening,11,sigmoid,1.0,0.2729843671948945,0.2748581846071467,0.0018738174122522322
trastuzumab,15M,latent_0,12,tanh,-1.0,0.2729843671948945,0.26863104858187703,-0.004353318613017465
trastuzumab,15M,latent_0,12,tanh,-0.5,0.2729843671948945,0.2727029573794993,-0.00028140981539520604
trastuzumab,15M,latent_0,12,tanh,0.0,0.2729843671948945,0.27313070940132733,0.0001463422064328368
trastuzumab,15M,latent_0,12,tanh,0.5,0.2729843671948945,0.27853599967667375,0.005551632481779256
trastuzumab,15M,latent_0,12,tanh,1.0,0.2729843671948945,0.28754204469938693,0.014557677504492439
trastuzumab,15M,latent_1,13,tanh,-1.0,0.2729843671948945,0.23719722258627368,-0.03578714460862081
trastuzumab,15M,latent_1,13,tanh,-0.5,0.2729843671948945,0.2562752896196941,-0.016709077575200404
trastuzumab,15M,latent_1,13,tanh,0.0,0.2729843671948945,0.27344970810406893,0.0004653409091744387
trastuzumab,15M,latent_1,13,tanh,0.5,0.2729843671948945,0.29159994817134405,0.018615580976449553
trastuzumab,15M,latent_1,13,tanh,1.0,0.2729843671948945,0.30920894549803357,0.03622457830313908
trastuzumab,15M,latent_2,14,tanh,-1.0,0.2729843671948945,0.31906812586456723,0.046083758669672736
trastuzumab,15M,latent_2,14,tanh,-0.5,0.2729843671948945,0.29355142583846605,0.020567058643571556
trastuzumab,15M,latent_2,14,tanh,0.0,0.2729843671948945,0.2748878916199312,0.0019035244250367178
trastuzumab,15M,latent_2,14,tanh,0.5,0.2729843671948945,0.2606432134910861,-0.012341153703808394
trastuzumab,15M,latent_2,14,tanh,1.0,0.2729843671948945,0.24452000123765238,-0.02846436595724211
trastuzumab,15M,latent_3,15,tanh,-1.0,0.2729843671948945,0.31052600466859415,0.03754163747369965
trastuzumab,15M,latent_3,15,tanh,-0.5,0.2729843671948945,0.2929338882071081,0.01994952101221359
trastuzumab,15M,latent_3,15,tanh,0.0,0.2729843671948945,0.27537855382691084,0.0023941866320163485
trastuzumab,15M,latent_3,15,tanh,0.5,0.2729843671948945,0.25964132586632754,-0.013343041328566951
trastuzumab,15M,latent_3,15,tanh,1.0,0.2729843671948945,0.2431108834271955,-0.029873483767698994
vudalimab,100,self_interaction,0,tanh,-1.0,0.6612661333870731,0.7275213571404486,0.06625522375337556
vudalimab,100,self_interaction,0,tanh,-0.5,0.6612661333870731,0.6877348749047125,0.02646874151763945
vudalimab,100,self_interaction,0,tanh,0.0,0.6612661333870731,0.6605693425760651,-0.0006967908110079302
vudalimab,100,self_interaction,0,tanh,0.5,0.6612661333870731,0.6429892764871048,-0.018276856899968275
vudalimab,100,self_interaction,0,tanh,1.0,0.6612661333870731,0.6483740242389867,-0.012892109148086361
vudalimab,100,hydrophobicity,1,sigmoid,0.0,0.6612661333870731,0.6319442567146984,-0.029321876672374625
vudalimab,100,hydrophobicity,1,sigmoid,0.25,0.6612661333870731,0.6441887488466158,-0.017077384540457263
vudalimab,100,hydrophobicity,1,sigmoid,0.5,0.6612661333870731,0.6556942480045166,-0.005571885382556485
vudalimab,100,hydrophobicity,1,sigmoid,0.75,0.6612661333870731,0.668327734436499,0.007061601049425881
vudalimab,100,hydrophobicity,1,sigmoid,1.0,0.6612661333870731,0.6762927307096618,0.015026597322588708
vudalimab,100,charge_environment,2,tanh,-1.0,0.6612661333870731,0.6480281940629989,-0.013237939324074133
vudalimab,100,charge_environment,2,tanh,-0.5,0.6612661333870731,0.6576047440613837,-0.0036613893256893792
vudalimab,100,charge_environment,2,tanh,0.0,0.6612661333870731,0.6646173988766535,0.003351265489580424
vudalimab,100,charge_environment,2,tanh,0.5,0.6612661333870731,0.669051046410731,0.007784913023657913
vudalimab,100,charge_environment,2,tanh,1.0,0.6612661333870731,0.6721989553991473,0.01093282201207424
vudalimab,100,ionic_screening,3,sigmoid,0.0,0.6612661333870731,0.6627516495249764,0.0014855161379033754
vudalimab,100,ionic_screening,3,sigmoid,0.25,0.6612661333870731,0.6620753598627633,0.0008092264756902612
vudalimab,100,ionic_screening,3,sigmoid,0.5,0.6612661333870731,0.6613160726132999,4.9939226226869415e-05
vudalimab,100,ionic_screening,3,sigmoid,0.75,0.6612661333870731,0.6623751400314681,0.0011090066443950608
vudalimab,100,ionic_screening,3,sigmoid,1.0,0.6612661333870731,0.6633829028593122,0.002116769472239155
vudalimab,100,crowding,4,sigmoid,0.0,0.6612661333870731,0.6609416318532725,-0.0003245015338005919
vudalimab,100,crowding,4,sigmoid,0.25,0.6612661333870731,0.6620393018381927,0.0007731684511196324
vudalimab,100,crowding,4,sigmoid,0.5,0.6612661333870731,0.660764196582623,-0.0005019368044500983
vudalimab,100,crowding,4,sigmoid,0.75,0.6612661333870731,0.6597164865112645,-0.001549646875808608
vudalimab,100,crowding,4,sigmoid,1.0,0.6612661333870731,0.659222369519372,-0.0020437638677011094
vudalimab,100,nonlinear_conc,5,sigmoid,0.0,0.6612661333870731,0.652365221399855,-0.008900911987218096
vudalimab,100,nonlinear_conc,5,sigmoid,0.25,0.6612661333870731,0.6596421569172988,-0.001623976469774302
vudalimab,100,nonlinear_conc,5,sigmoid,0.5,0.6612661333870731,0.6661399867185331,0.004873853331460065
vudalimab,100,nonlinear_conc,5,sigmoid,0.75,0.6612661333870731,0.6734816942812613,0.012215560894188182
vudalimab,100,nonlinear_conc,5,sigmoid,1.0,0.6612661333870731,0.6818995983753788,0.02063346498830576
vudalimab,100,cosolute_interaction,6,tanh,-1.0,0.6612661333870731,0.6598027216664122,-0.0014634117206608899
vudalimab,100,cosolute_interaction,6,tanh,-0.5,0.6612661333870731,0.662030220098212,0.0007640867111389227
vudalimab,100,cosolute_interaction,6,tanh,0.0,0.6612661333870731,0.6703695950693978,0.009103461682324676
vudalimab,100,cosolute_interaction,6,tanh,0.5,0.6612661333870731,0.6772749653663526,0.016008831979279492
vudalimab,100,cosolute_interaction,6,tanh,1.0,0.6612661333870731,0.6900169361820687,0.028750802794995645
vudalimab,100,cosolute_protection,7,sigmoid,0.0,0.6612661333870731,0.6397569631726712,-0.021509170214401907
vudalimab,100,cosolute_protection,7,sigmoid,0.25,0.6612661333870731,0.6539094688812787,-0.007356664505794419
vudalimab,100,cosolute_protection,7,sigmoid,0.5,0.6612661333870731,0.6698257250372917,0.008559591650218579
vudalimab,100,cosolute_protection,7,sigmoid,0.75,0.6612661333870731,0.6831882745225826,0.0219221411355095
vudalimab,100,cosolute_protection,7,sigmoid,1.0,0.6612661333870731,0.6951630141522691,0.033896880765196036
vudalimab,100,interfacial_shielding,8,sigmoid,0.0,0.6612661333870731,0.662847018138442,0.0015808847513689717
vudalimab,100,interfacial_shielding,8,sigmoid,0.25,0.6612661333870731,0.6615213944112708,0.000255261024197706
vudalimab,100,interfacial_shielding,8,sigmoid,0.5,0.6612661333870731,0.6610846433988012,-0.00018148998827183238
vudalimab,100,interfacial_shielding,8,sigmoid,0.75,0.6612661333870731,0.6615431368001542,0.00027700341308112275
vudalimab,100,interfacial_shielding,8,sigmoid,1.0,0.6612661333870731,0.6627984442763124,0.00153231088923933
vudalimab,100,surface_stability,9,sigmoid,0.0,0.6612661333870731,0.6825368096621394,0.02127067627506629
vudalimab,100,surface_stability,9,sigmoid,0.25,0.6612661333870731,0.6711501488990439,0.009884015511970823
vudalimab,100,surface_stability,9,sigmoid,0.5,0.6612661333870731,0.6620890548784063,0.0008229214913332283
vudalimab,100,surface_stability,9,sigmoid,0.75,0.6612661333870731,0.6536433780373089,-0.007622755349764199
vudalimab,100,surface_stability,9,sigmoid,1.0,0.6612661333870731,0.6455114453159116,-0.015754688071161427
vudalimab,100,chemical_modulation,10,tanh,-1.0,0.6612661333870731,0.633409116548796,-0.027857016838277127
vudalimab,100,chemical_modulation,10,tanh,-0.5,0.6612661333870731,0.6524816497201552,-0.008784483666917864
vudalimab,100,chemical_modulation,10,tanh,0.0,0.6612661333870731,0.6648242515374002,0.0035581181503271386
vudalimab,100,chemical_modulation,10,tanh,0.5,0.6612661333870731,0.6741716996464522,0.012905566259379109
vudalimab,100,chemical_modulation,10,tanh,1.0,0.6612661333870731,0.6846255064210438,0.02335937303397073
vudalimab,100,electrostatic_screening,11,sigmoid,0.0,0.6612661333870731,0.6634583495693576,0.00219221618228449
vudalimab,100,electrostatic_screening,11,sigmoid,0.25,0.6612661333870731,0.6625117385032064,0.0012456051161333637
vudalimab,100,electrostatic_screening,11,sigmoid,0.5,0.6612661333870731,0.661268512430576,2.3790435029757973e-06
vudalimab,100,electrostatic_screening,11,sigmoid,0.75,0.6612661333870731,0.6616494076390635,0.00038327425199047305
vudalimab,100,electrostatic_screening,11,sigmoid,1.0,0.6612661333870731,0.6621956980893423,0.0009295647022692366
vudalimab,100,latent_0,12,tanh,-1.0,0.6612661333870731,0.6400380523343768,-0.021228081052696246
vudalimab,100,latent_0,12,tanh,-0.5,0.6612661333870731,0.6514412009033143,-0.00982493248375882
vudalimab,100,latent_0,12,tanh,0.0,0.6612661333870731,0.6630877359662696,0.0018216025791965018
vudalimab,100,latent_0,12,tanh,0.5,0.6612661333870731,0.6689126688281992,0.0076465354411261455
vudalimab,100,latent_0,12,tanh,1.0,0.6612661333870731,0.679498667672215,0.018232534285141933
vudalimab,100,latent_1,13,tanh,-1.0,0.6612661333870731,0.6128601489795141,-0.048405984407558944
vudalimab,100,latent_1,13,tanh,-0.5,0.6612661333870731,0.6391630608213315,-0.02210307256574162
vudalimab,100,latent_1,13,tanh,0.0,0.6612661333870731,0.6643759363047729,0.0031098029176998
vudalimab,100,latent_1,13,tanh,0.5,0.6612661333870731,0.6932644133129168,0.0319982799258437
vudalimab,100,latent_1,13,tanh,1.0,0.6612661333870731,0.7232630347688702,0.06199690138179714
vudalimab,100,latent_2,14,tanh,-1.0,0.6612661333870731,0.6955819119947994,0.03431577860772628
vudalimab,100,latent_2,14,tanh,-0.5,0.6612661333870731,0.6790855829707659,0.01781944958369286
vudalimab,100,latent_2,14,tanh,0.0,0.6612661333870731,0.6626133340044492,0.001347200617376143
vudalimab,100,latent_2,14,tanh,0.5,0.6612661333870731,0.6415221720771807,-0.01974396130989242
vudalimab,100,latent_2,14,tanh,1.0,0.6612661333870731,0.6159315975784796,-0.04533453580859348
vudalimab,100,latent_3,15,tanh,-1.0,0.6612661333870731,0.6992877790903262,0.03802164570325317
vudalimab,100,latent_3,15,tanh,-0.5,0.6612661333870731,0.6798875481919385,0.018621414804865455
vudalimab,100,latent_3,15,tanh,0.0,0.6612661333870731,0.6635964582165367,0.0023303248294636036
vudalimab,100,latent_3,15,tanh,0.5,0.6612661333870731,0.6487509991975282,-0.012515134189544863
vudalimab,100,latent_3,15,tanh,1.0,0.6612661333870731,0.6293919567827435,-0.03187417660432956
vudalimab,1k,self_interaction,0,tanh,-1.0,0.6169826383107422,0.6725647902278946,0.055582151917152434
vudalimab,1k,self_interaction,0,tanh,-0.5,0.6169826383107422,0.6390216732315852,0.022039034920843026
vudalimab,1k,self_interaction,0,tanh,0.0,0.6169826383107422,0.6161530244665986,-0.0008296138441435952
vudalimab,1k,self_interaction,0,tanh,0.5,0.6169826383107422,0.6044674524028603,-0.01251518590788192
vudalimab,1k,self_interaction,0,tanh,1.0,0.6169826383107422,0.6135699521241164,-0.003412686186625824
vudalimab,1k,hydrophobicity,1,sigmoid,0.0,0.6169826383107422,0.5874025423252924,-0.02958009598544975
vudalimab,1k,hydrophobicity,1,sigmoid,0.25,0.6169826383107422,0.6007098566266457,-0.016272781684096516
vudalimab,1k,hydrophobicity,1,sigmoid,0.5,0.6169826383107422,0.6121707125160304,-0.004811925794711791
vudalimab,1k,hydrophobicity,1,sigmoid,0.75,0.6169826383107422,0.6210346045176094,0.004051966206867208
vudalimab,1k,hydrophobicity,1,sigmoid,1.0,0.6169826383107422,0.6307956751988154,0.013813036888073227
vudalimab,1k,charge_environment,2,tanh,-1.0,0.6169826383107422,0.604527497392141,-0.012455140918601226
vudalimab,1k,charge_environment,2,tanh,-0.5,0.6169826383107422,0.6135352077453061,-0.0034474305654360604
vudalimab,1k,charge_environment,2,tanh,0.0,0.6169826383107422,0.6199391894521833,0.0029565511414411105
vudalimab,1k,charge_environment,2,tanh,0.5,0.6169826383107422,0.6269757588264913,0.009993120515749077
vudalimab,1k,charge_environment,2,tanh,1.0,0.6169826383107422,0.6339705397844868,0.016987901473744627
vudalimab,1k,ionic_screening,3,sigmoid,0.0,0.6169826383107422,0.6197112563972671,0.0027286180865249143
vudalimab,1k,ionic_screening,3,sigmoid,0.25,0.6169826383107422,0.6168508599880144,-0.00013177832272781576
vudalimab,1k,ionic_screening,3,sigmoid,0.5,0.6169826383107422,0.6172109023630153,0.00022826405227316382
vudalimab,1k,ionic_screening,3,sigmoid,0.75,0.6169826383107422,0.6185271650711859,0.0015445267604436985
vudalimab,1k,ionic_screening,3,sigmoid,1.0,0.6169826383107422,0.6210455998360599,0.00406296152531771
vudalimab,1k,crowding,4,sigmoid,0.0,0.6169826383107422,0.6143207782536433,-0.002661860057098897
vudalimab,1k,crowding,4,sigmoid,0.25,0.6169826383107422,0.6167633732491107,-0.00021926506163150172
vudalimab,1k,crowding,4,sigmoid,0.5,0.6169826383107422,0.6169943680295784,1.1729718836228642e-05
vudalimab,1k,crowding,4,sigmoid,0.75,0.6169826383107422,0.6170273022665931,4.466395585089877e-05
vudalimab,1k,crowding,4,sigmoid,1.0,0.6169826383107422,0.6166375321914728,-0.0003451061192694116
vudalimab,1k,nonlinear_conc,5,sigmoid,0.0,0.6169826383107422,0.6081803635358893,-0.008802274774852847
vudalimab,1k,nonlinear_conc,5,sigmoid,0.25,0.6169826383107422,0.6148784777690687,-0.0021041605416735054
vudalimab,1k,nonlinear_conc,5,sigmoid,0.5,0.6169826383107422,0.6222651906286719,0.005282552317929734
vudalimab,1k,nonlinear_conc,5,sigmoid,0.75,0.6169826383107422,0.63025415317921,0.013271514868467782
vudalimab,1k,nonlinear_conc,5,sigmoid,1.0,0.6169826383107422,0.6389443336304049,0.021961695319662744
vudalimab,1k,cosolute_interaction,6,tanh,-1.0,0.6169826383107422,0.6067200135407801,-0.010262624769962092
vudalimab,1k,cosolute_interaction,6,tanh,-0.5,0.6169826383107422,0.6176859456322148,0.0007033073214726127
vudalimab,1k,cosolute_interaction,6,tanh,0.0,0.6169826383107422,0.6290948969985659,0.01211225868782373
vudalimab,1k,cosolute_interaction,6,tanh,0.5,0.6169826383107422,0.6383043605844476,0.021321722273705435
vudalimab,1k,cosolute_interaction,6,tanh,1.0,0.6169826383107422,0.6466352640920294,0.029652625781287245
vudalimab,1k,cosolute_protection,7,sigmoid,0.0,0.6169826383107422,0.5968786242821814,-0.020104014028560768
vudalimab,1k,cosolute_protection,7,sigmoid,0.25,0.6169826383107422,0.6097352236200696,-0.007247414690672582
vudalimab,1k,cosolute_protection,7,sigmoid,0.5,0.6169826383107422,0.624044901354882,0.007062263044139816
vudalimab,1k,cosolute_protection,7,sigmoid,0.75,0.6169826383107422,0.6388218646083408,0.021839226297598602
vudalimab,1k,cosolute_protection,7,sigmoid,1.0,0.6169826383107422,0.6537629818635021,0.03678034355275994
vudalimab,1k,interfacial_shielding,8,sigmoid,0.0,0.6169826383107422,0.6171496471646484,0.00016700885390619202
vudalimab,1k,interfacial_shielding,8,sigmoid,0.25,0.6169826383107422,0.6168684752536034,-0.00011416305713873864
vudalimab,1k,interfacial_shielding,8,sigmoid,0.5,0.6169826383107422,0.6170091801613011,2.6541850558947644e-05
vudalimab,1k,interfacial_shielding,8,sigmoid,0.75,0.6169826383107422,0.6209205966154817,0.003937958304739531
vudalimab,1k,interfacial_shielding,8,sigmoid,1.0,0.6169826383107422,0.6255243871346887,0.008541748823946538
vudalimab,1k,surface_stability,9,sigmoid,0.0,0.6169826383107422,0.6369087205726182,0.019926082261875977
vudalimab,1k,surface_stability,9,sigmoid,0.25,0.6169826383107422,0.6265331119236013,0.0095504736128591
vudalimab,1k,surface_stability,9,sigmoid,0.5,0.6169826383107422,0.6177649505638471,0.0007823122531048776
vudalimab,1k,surface_stability,9,sigmoid,0.75,0.6169826383107422,0.6104355002469928,-0.0065471380637494025
vudalimab,1k,surface_stability,9,sigmoid,1.0,0.6169826383107422,0.6052010873571616,-0.011781550953580577
vudalimab,1k,chemical_modulation,10,tanh,-1.0,0.6169826383107422,0.5952952570506356,-0.02168738126010661
vudalimab,1k,chemical_modulation,10,tanh,-0.5,0.6169826383107422,0.6100564358676357,-0.006926202443106488
vudalimab,1k,chemical_modulation,10,tanh,0.0,0.6169826383107422,0.6195202812659857,0.002537642955243502
vudalimab,1k,chemical_modulation,10,tanh,0.5,0.6169826383107422,0.6279879901186538,0.011005351807911623
vudalimab,1k,chemical_modulation,10,tanh,1.0,0.6169826383107422,0.6388148205708386,0.021832182260096422
vudalimab,1k,electrostatic_screening,11,sigmoid,0.0,0.6169826383107422,0.6198389179403682,0.0028562796296259796
vudalimab,1k,electrostatic_screening,11,sigmoid,0.25,0.6169826383107422,0.6168492980942364,-0.00013334021650579508
vudalimab,1k,electrostatic_screening,11,sigmoid,0.5,0.6169826383107422,0.6170704146723331,8.777636159096325e-05
vudalimab,1k,electrostatic_screening,11,sigmoid,0.75,0.6169826383107422,0.6186522924157729,0.0016696541050307268
vudalimab,1k,electrostatic_screening,11,sigmoid,1.0,0.6169826383107422,0.6220494837886275,0.005066845477885273
vudalimab,1k,latent_0,12,tanh,-1.0,0.6169826383107422,0.5944806001495582,-0.022502038161184013
vudalimab,1k,latent_0,12,tanh,-0.5,0.6169826383107422,0.6084257773887184,-0.00855686092202379
vudalimab,1k,latent_0,12,tanh,0.0,0.6169826383107422,0.6185001267245915,0.001517488413849355
vudalimab,1k,latent_0,12,tanh,0.5,0.6169826383107422,0.6290007799688563,0.012018141658114101
vudalimab,1k,latent_0,12,tanh,1.0,0.6169826383107422,0.641428158484145,0.024445520173402846
vudalimab,1k,latent_1,13,tanh,-1.0,0.6169826383107422,0.5798336567953686,-0.0371489815153736
vudalimab,1k,latent_1,13,tanh,-0.5,0.6169826383107422,0.5972817583755877,-0.01970087993515446
vudalimab,1k,latent_1,13,tanh,0.0,0.6169826383107422,0.6194961701772668,0.0025135318665245876
vudalimab,1k,latent_1,13,tanh,0.5,0.6169826383107422,0.6486436112425391,0.03166097293179693
vudalimab,1k,latent_1,13,tanh,1.0,0.6169826383107422,0.6832869737969522,0.06630433548621006
vudalimab,1k,latent_2,14,tanh,-1.0,0.6169826383107422,0.6480387135727489,0.03105607526200671
vudalimab,1k,latent_2,14,tanh,-0.5,0.6169826383107422,0.634711187745288,0.017728549434545826
vudalimab,1k,latent_2,14,tanh,0.0,0.6169826383107422,0.6183029247055329,0.0013202863947907595
vudalimab,1k,latent_2,14,tanh,0.5,0.6169826383107422,0.6001901804325976,-0.01679245787814454
vudalimab,1k,latent_2,14,tanh,1.0,0.6169826383107422,0.5860030544691887,-0.030979583841553526
vudalimab,1k,latent_3,15,tanh,-1.0,0.6169826383107422,0.6573320022392731,0.040349363928530946
vudalimab,1k,latent_3,15,tanh,-0.5,0.6169826383107422,0.6352703250304826,0.01828768671974046
vudalimab,1k,latent_3,15,tanh,0.0,0.6169826383107422,0.6191318765549627,0.0021492382442205304
vudalimab,1k,latent_3,15,tanh,0.5,0.6169826383107422,0.6067391803564798,-0.010243457954262403
vudalimab,1k,latent_3,15,tanh,1.0,0.6169826383107422,0.5944047086618145,-0.022577929648927686
vudalimab,10k,self_interaction,0,tanh,-1.0,0.5704788336514575,0.6120956692090138,0.04161683555755635
vudalimab,10k,self_interaction,0,tanh,-0.5,0.5704788336514575,0.584428831039628,0.013949997388170488
vudalimab,10k,self_interaction,0,tanh,0.0,0.5704788336514575,0.5700192800241957,-0.0004595536272617995
vudalimab,10k,self_interaction,0,tanh,0.5,0.5704788336514575,0.5681054998529277,-0.0023733337985297753
vudalimab,10k,self_interaction,0,tanh,1.0,0.5704788336514575,0.5750337606858477,0.004554927034390199
vudalimab,10k,hydrophobicity,1,sigmoid,0.0,0.5704788336514575,0.533312909208876,-0.03716592444258149
vudalimab,10k,hydrophobicity,1,sigmoid,0.25,0.5704788336514575,0.548808302225552,-0.02167053142590547
vudalimab,10k,hydrophobicity,1,sigmoid,0.5,0.5704788336514575,0.5646279899026806,-0.005850843748776868
vudalimab,10k,hydrophobicity,1,sigmoid,0.75,0.5704788336514575,0.5776692547347336,0.007190421083276166
vudalimab,10k,hydrophobicity,1,sigmoid,1.0,0.5704788336514575,0.5871336483474561,0.01665481469599861
vudalimab,10k,charge_environment,2,tanh,-1.0,0.5704788336514575,0.5558227930417861,-0.014656040609671406
vudalimab,10k,charge_environment,2,tanh,-0.5,0.5704788336514575,0.5656093246603072,-0.00486950899115024
vudalimab,10k,charge_environment,2,tanh,0.0,0.5704788336514575,0.5766782279607494,0.00619939430929195
vudalimab,10k,charge_environment,2,tanh,0.5,0.5704788336514575,0.5837807485584258,0.013301914906968304
vudalimab,10k,charge_environment,2,tanh,1.0,0.5704788336514575,0.592322849067064,0.021844015415606544
vudalimab,10k,ionic_screening,3,sigmoid,0.0,0.5704788336514575,0.5753263106310371,0.004847476979579657
vudalimab,10k,ionic_screening,3,sigmoid,0.25,0.5704788336514575,0.5724477714291576,0.0019689377777001305
vudalimab,10k,ionic_screening,3,sigmoid,0.5,0.5704788336514575,0.5697890558469495,-0.0006897778045079628
vudalimab,10k,ionic_screening,3,sigmoid,0.75,0.5704788336514575,0.5689738559033334,-0.0015049777481240811
vudalimab,10k,ionic_screening,3,sigmoid,1.0,0.5704788336514575,0.5699880576641364,-0.0004907759873210571
vudalimab,10k,crowding,4,sigmoid,0.0,0.5704788336514575,0.5660806442092412,-0.00439818944221626
vudalimab,10k,crowding,4,sigmoid,0.25,0.5704788336514575,0.5684155719706996,-0.0020632616807578774
vudalimab,10k,crowding,4,sigmoid,0.5,0.5704788336514575,0.5718264066408602,0.00134757298940269
vudalimab,10k,crowding,4,sigmoid,0.75,0.5704788336514575,0.5741827354501776,0.003703901798720155
vudalimab,10k,crowding,4,sigmoid,1.0,0.5704788336514575,0.574161986053365,0.00368315240190753
vudalimab,10k,nonlinear_conc,5,sigmoid,0.0,0.5704788336514575,0.5623071088415569,-0.008171724809900582
vudalimab,10k,nonlinear_conc,5,sigmoid,0.25,0.5704788336514575,0.5683879492068971,-0.0020908844445604036
vudalimab,10k,nonlinear_conc,5,sigmoid,0.5,0.5704788336514575,0.5754879097468909,0.00500907609543344
vudalimab,10k,nonlinear_conc,5,sigmoid,0.75,0.5704788336514575,0.5834783100671981,0.012999476415740618
vudalimab,10k,nonlinear_conc,5,sigmoid,1.0,0.5704788336514575,0.592047200674413,0.021568367022955504
vudalimab,10k,cosolute_interaction,6,tanh,-1.0,0.5704788336514575,0.5538542069487776,-0.016624626702679834
vudalimab,10k,cosolute_interaction,6,tanh,-0.5,0.5704788336514575,0.5718678950908178,0.0013890614393603506
vudalimab,10k,cosolute_interaction,6,tanh,0.0,0.5704788336514575,0.5832608758346971,0.01278204218323964
vudalimab,10k,cosolute_interaction,6,tanh,0.5,0.5704788336514575,0.5932662949709896,0.022787461319532132
vudalimab,10k,cosolute_interaction,6,tanh,1.0,0.5704788336514575,0.6020067042710987,0.03152787061964124
vudalimab,10k,cosolute_protection,7,sigmoid,0.0,0.5704788336514575,0.5550824812501753,-0.01539635240128212
vudalimab,10k,cosolute_protection,7,sigmoid,0.25,0.5704788336514575,0.5655672466213074,-0.004911587030150044
vudalimab,10k,cosolute_protection,7,sigmoid,0.5,0.5704788336514575,0.5758011470268884,0.005322313375430987
vudalimab,10k,cosolute_protection,7,sigmoid,0.75,0.5704788336514575,0.5872651267038292,0.01678629305237178
vudalimab,10k,cosolute_protection,7,sigmoid,1.0,0.5704788336514575,0.6008318498400093,0.030353016188551796
vudalimab,10k,interfacial_shielding,8,sigmoid,0.0,0.5704788336514575,0.5648537559592756,-0.005625077692181901
vudalimab,10k,interfacial_shielding,8,sigmoid,0.25,0.5704788336514575,0.568484160829256,-0.0019946728222014487
vudalimab,10k,interfacial_shielding,8,sigmoid,0.5,0.5704788336514575,0.574666250182981,0.004187416531523547
vudalimab,10k,interfacial_shielding,8,sigmoid,0.75,0.5704788336514575,0.5789095328621539,0.00843069921069639
vudalimab,10k,interfacial_shielding,8,sigmoid,1.0,0.5704788336514575,0.582934109037735,0.012455275386277553
vudalimab,10k,surface_stability,9,sigmoid,0.0,0.5704788336514575,0.5912855343814466,0.020806700729989136
vudalimab,10k,surface_stability,9,sigmoid,0.25,0.5704788336514575,0.580031210499119,0.009552376847661526
vudalimab,10k,surface_stability,9,sigmoid,0.5,0.5704788336514575,0.5713081164982442,0.0008292828467867386
vudalimab,10k,surface_stability,9,sigmoid,0.75,0.5704788336514575,0.5634961547843247,-0.006982678867132774
vudalimab,10k,surface_stability,9,sigmoid,1.0,0.5704788336514575,0.5556908802513819,-0.014787953400075549
vudalimab,10k,chemical_modulation,10,tanh,-1.0,0.5704788336514575,0.5452019825851219,-0.025276851066335593
vudalimab,10k,chemical_modulation,10,tanh,-0.5,0.5704788336514575,0.5636252075506916,-0.006853626100765897
vudalimab,10k,chemical_modulation,10,tanh,0.0,0.5704788336514575,0.5745091712497827,0.004030337598325273
vudalimab,10k,chemical_modulation,10,tanh,0.5,0.5704788336514575,0.5802065563489528,0.009727722697495333
vudalimab,10k,chemical_modulation,10,tanh,1.0,0.5704788336514575,0.589547612071549,0.01906877842009158
vudalimab,10k,electrostatic_screening,11,sigmoid,0.0,0.5704788336514575,0.5745562763111408,0.00407744265968335
vudalimab,10k,electrostatic_screening,11,sigmoid,0.25,0.5704788336514575,0.5721658547740596,0.001687021122602106
vudalimab,10k,electrostatic_screening,11,sigmoid,0.5,0.5704788336514575,0.5703611744347361,-0.00011765921672135526
vudalimab,10k,electrostatic_screening,11,sigmoid,0.75,0.5704788336514575,0.5713794981469997,0.0009006644955422693
vudalimab,10k,electrostatic_screening,11,sigmoid,1.0,0.5704788336514575,0.5744716961427777,0.003992862491320248
vudalimab,10k,latent_0,12,tanh,-1.0,0.5704788336514575,0.5373445190782918,-0.033134314573165624
vudalimab,10k,latent_0,12,tanh,-0.5,0.5704788336514575,0.5554479023322265,-0.015030931319230945
vudalimab,10k,latent_0,12,tanh,0.0,0.5704788336514575,0.5736113926374462,0.0031325589859887426
vudalimab,10k,latent_0,12,tanh,0.5,0.5704788336514575,0.5905141760721226,0.02003534242066518
vudalimab,10k,latent_0,12,tanh,1.0,0.5704788336514575,0.6029941107614916,0.0325152771100341
vudalimab,10k,latent_1,13,tanh,-1.0,0.5704788336514575,0.5354520210027078,-0.03502681264874963
vudalimab,10k,latent_1,13,tanh,-0.5,0.5704788336514575,0.5532186454769681,-0.017260188174489377
vudalimab,10k,latent_1,13,tanh,0.0,0.5704788336514575,0.5728347383704113,0.0023559047189538607
vudalimab,10k,latent_1,13,tanh,0.5,0.5704788336514575,0.5998737366157048,0.029394902964247294
vudalimab,10k,latent_1,13,tanh,1.0,0.5704788336514575,0.633912025657982,0.06343319200652453
vudalimab,10k,latent_2,14,tanh,-1.0,0.5704788336514575,0.597585644980252,0.027106811328794556
vudalimab,10k,latent_2,14,tanh,-0.5,0.5704788336514575,0.583305746663896,0.012826913012438546
vudalimab,10k,latent_2,14,tanh,0.0,0.5704788336514575,0.5714683605936681,0.0009895269422106612
vudalimab,10k,latent_2,14,tanh,0.5,0.5704788336514575,0.5588287351950815,-0.01165009845637599
vudalimab,10k,latent_2,14,tanh,1.0,0.5704788336514575,0.5428506497671606,-0.027628183884296886
vudalimab,10k,latent_3,15,tanh,-1.0,0.5704788336514575,0.6129802389580754,0.042501405306617945
vudalimab,10k,latent_3,15,tanh,-0.5,0.5704788336514575,0.5930491503611759,0.02257031670971843
vudalimab,10k,latent_3,15,tanh,0.0,0.5704788336514575,0.5740884322344546,0.003609598582997142
vudalimab,10k,latent_3,15,tanh,0.5,0.5704788336514575,0.5567721917263025,-0.013706641925154917
vudalimab,10k,latent_3,15,tanh,1.0,0.5704788336514575,0.5499936968537261,-0.02048513679773134
vudalimab,100k,self_interaction,0,tanh,-1.0,0.5145380926445744,0.5482557900593297,0.03371769741475528
vudalimab,100k,self_interaction,0,tanh,-0.5,0.5145380926445744,0.5254243371223282,0.01088624447775377
vudalimab,100k,self_interaction,0,tanh,0.0,0.5145380926445744,0.514230477147811,-0.0003076154967633915
vudalimab,100k,self_interaction,0,tanh,0.5,0.5145380926445744,0.5178142010467969,0.0032761084022224773
vudalimab,100k,self_interaction,0,tanh,1.0,0.5145380926445744,0.5244097940205007,0.0098717013759263
vudalimab,100k,hydrophobicity,1,sigmoid,0.0,0.5145380926445744,0.47649087610254,-0.03804721654203441
vudalimab,100k,hydrophobicity,1,sigmoid,0.25,0.5145380926445744,0.4916700551256834,-0.022868037518890993
vudalimab,100k,hydrophobicity,1,sigmoid,0.5,0.5145380926445744,0.5073016150892231,-0.007236477555351284
vudalimab,100k,hydrophobicity,1,sigmoid,0.75,0.5145380926445744,0.5236327363504372,0.00909464370586277
vudalimab,100k,hydrophobicity,1,sigmoid,1.0,0.5145380926445744,0.5369121227497994,0.022374030105224985
vudalimab,100k,charge_environment,2,tanh,-1.0,0.5145380926445744,0.4921071035185908,-0.02243098912598357
vudalimab,100k,charge_environment,2,tanh,-0.5,0.5145380926445744,0.5072826680764557,-0.0072554245681186735
vudalimab,100k,charge_environment,2,tanh,0.0,0.5145380926445744,0.5228569095767946,0.008318816932220252
vudalimab,100k,charge_environment,2,tanh,0.5,0.5145380926445744,0.5348579686681908,0.0203198760236164
vudalimab,100k,charge_environment,2,tanh,1.0,0.5145380926445744,0.5453770750151044,0.030838982370529955
vudalimab,100k,ionic_screening,3,sigmoid,0.0,0.5145380926445744,0.5197479936285748,0.005209900984000426
vudalimab,100k,ionic_screening,3,sigmoid,0.25,0.5145380926445744,0.5164378209436739,0.0018997282990994568
vudalimab,100k,ionic_screening,3,sigmoid,0.5,0.5145380926445744,0.5138243744218597,-0.0007137182227147099
vudalimab,100k,ionic_screening,3,sigmoid,0.75,0.5145380926445744,0.5112611451123338,-0.003276947532240615
vudalimab,100k,ionic_screening,3,sigmoid,1.0,0.5145380926445744,0.5087654638298318,-0.005772628814742609
vudalimab,100k,crowding,4,sigmoid,0.0,0.5145380926445744,0.5112904642375906,-0.0032476284069837824
vudalimab,100k,crowding,4,sigmoid,0.25,0.5145380926445744,0.5126975766695295,-0.0018405159750448652
vudalimab,100k,crowding,4,sigmoid,0.5,0.5145380926445744,0.5156450072822371,0.0011069146376626593
vudalimab,100k,crowding,4,sigmoid,0.75,0.5145380926445744,0.5192511433225707,0.004713050677996322
vudalimab,100k,crowding,4,sigmoid,1.0,0.5145380926445744,0.5230238511968627,0.00848575855228828
vudalimab,100k,nonlinear_conc,5,sigmoid,0.0,0.5145380926445744,0.5084727121831281,-0.006065380461446335
vudalimab,100k,nonlinear_conc,5,sigmoid,0.25,0.5145380926445744,0.5121894737463483,-0.002348618898226129
vudalimab,100k,nonlinear_conc,5,sigmoid,0.5,0.5145380926445744,0.5206204664586073,0.006082373814032871
vudalimab,100k,nonlinear_conc,5,sigmoid,0.75,0.5145380926445744,0.5287671337342215,0.014229041089647065
vudalimab,100k,nonlinear_conc,5,sigmoid,1.0,0.5145380926445744,0.535920785665793,0.021382693021218646
vudalimab,100k,cosolute_interaction,6,tanh,-1.0,0.5145380926445744,0.49779588042380346,-0.016742212220770936
vudalimab,100k,cosolute_interaction,6,tanh,-0.5,0.5145380926445744,0.5159825392510499,0.001444446606475469
vudalimab,100k,cosolute_interaction,6,tanh,0.0,0.5145380926445744,0.5330300047335408,0.01849191208896639
vudalimab,100k,cosolute_interaction,6,tanh,0.5,0.5145380926445744,0.5475120958884779,0.03297400324390354
vudalimab,100k,cosolute_interaction,6,tanh,1.0,0.5145380926445744,0.556581289000693,0.04204319635611864
vudalimab,100k,cosolute_protection,7,sigmoid,0.0,0.5145380926445744,0.4992849935720466,-0.01525309907252781
vudalimab,100k,cosolute_protection,7,sigmoid,0.25,0.5145380926445744,0.5090055015615276,-0.005532591083046823
vudalimab,100k,cosolute_protection,7,sigmoid,0.5,0.5145380926445744,0.5211402900499158,0.006602197405341403
vudalimab,100k,cosolute_protection,7,sigmoid,0.75,0.5145380926445744,0.5336219883345771,0.019083895690002683
vudalimab,100k,cosolute_protection,7,sigmoid,1.0,0.5145380926445744,0.5464762913783016,0.03193819873372716
vudalimab,100k,interfacial_shielding,8,sigmoid,0.0,0.5145380926445744,0.5081652621850431,-0.006372830459531298
vudalimab,100k,interfacial_shielding,8,sigmoid,0.25,0.5145380926445744,0.5128019959919736,-0.0017360966526007715
vudalimab,100k,interfacial_shielding,8,sigmoid,0.5,0.5145380926445744,0.5179019696506373,0.0033638770060628875
vudalimab,100k,interfacial_shielding,8,sigmoid,0.75,0.5145380926445744,0.5229402924656557,0.008402199821081258
vudalimab,100k,interfacial_shielding,8,sigmoid,1.0,0.5145380926445744,0.5291832336147189,0.014645140970144466
vudalimab,100k,surface_stability,9,sigmoid,0.0,0.5145380926445744,0.5339684753334449,0.01943038268887054
vudalimab,100k,surface_stability,9,sigmoid,0.25,0.5145380926445744,0.5241890136115944,0.009650920967020027
vudalimab,100k,surface_stability,9,sigmoid,0.5,0.5145380926445744,0.515241345661793,0.0007032530172186302
vudalimab,100k,surface_stability,9,sigmoid,0.75,0.5145380926445744,0.507117559871435,-0.0074205327731393655
vudalimab,100k,surface_stability,9,sigmoid,1.0,0.5145380926445744,0.4989988541147309,-0.015539238529843513
vudalimab,100k,chemical_modulation,10,tanh,-1.0,0.5145380926445744,0.4870106130899256,-0.027527479554648793
vudalimab,100k,chemical_modulation,10,tanh,-0.5,0.5145380926445744,0.5067163936607524,-0.007821698983822012
vudalimab,100k,chemical_modulation,10,tanh,0.0,0.5145380926445744,0.5199942789353826,0.00545618629080824
vudalimab,100k,chemical_modulation,10,tanh,0.5,0.5145380926445744,0.5288847205452709,0.014346627900696518
vudalimab,100k,chemical_modulation,10,tanh,1.0,0.5145380926445744,0.53034071844232,0.015802625797745606
vudalimab,100k,electrostatic_screening,11,sigmoid,0.0,0.5145380926445744,0.5125201827735497,-0.0020179098710246812
vudalimab,100k,electrostatic_screening,11,sigmoid,0.25,0.5145380926445744,0.5125628969480949,-0.001975195696479526
vudalimab,100k,electrostatic_screening,11,sigmoid,0.5,0.5145380926445744,0.5147497913134998,0.00021169866892545297
vudalimab,100k,electrostatic_screening,11,sigmoid,0.75,0.5145380926445744,0.5177497962017054,0.0032117035571309627
vudalimab,100k,electrostatic_screening,11,sigmoid,1.0,0.5145380926445744,0.519035144273922,0.004497051629347548
vudalimab,100k,latent_0,12,tanh,-1.0,0.5145380926445744,0.4720272241752402,-0.04251086846933422
vudalimab,100k,latent_0,12,tanh,-0.5,0.5145380926445744,0.4954226031922048,-0.019115489452369572
vudalimab,100k,latent_0,12,tanh,0.0,0.5145380926445744,0.5180387956830583,0.003500703038483932
vudalimab,100k,latent_0,12,tanh,0.5,0.5145380926445744,0.5402698375160063,0.025731744871431927
vudalimab,100k,latent_0,12,tanh,1.0,0.5145380926445744,0.5623086810790023,0.04777058843442794
vudalimab,100k,latent_1,13,tanh,-1.0,0.5145380926445744,0.4775534655394593,-0.036984627105115075
vudalimab,100k,latent_1,13,tanh,-0.5,0.5145380926445744,0.496850021859456,-0.017688070785118415
vudalimab,100k,latent_1,13,tanh,0.0,0.5145380926445744,0.5165500316335901,0.002011938989015749
vudalimab,100k,latent_1,13,tanh,0.5,0.5145380926445744,0.5430856992652507,0.028547606620676347
vudalimab,100k,latent_1,13,tanh,1.0,0.5145380926445744,0.5745673957536003,0.06002930310902588
vudalimab,100k,latent_2,14,tanh,-1.0,0.5145380926445744,0.5418508670787189,0.027312774434144482
vudalimab,100k,latent_2,14,tanh,-0.5,0.5145380926445744,0.5272605397880654,0.012722447143491022
vudalimab,100k,latent_2,14,tanh,0.0,0.5145380926445744,0.5158275212935819,0.0012894286490074958
vudalimab,100k,latent_2,14,tanh,0.5,0.5145380926445744,0.5022196807865122,-0.01231841185806215
vudalimab,100k,latent_2,14,tanh,1.0,0.5145380926445744,0.4875813378685296,-0.02695675477604481
vudalimab,100k,latent_3,15,tanh,-1.0,0.5145380926445744,0.5669663465898834,0.052428253945309033
vudalimab,100k,latent_3,15,tanh,-0.5,0.5145380926445744,0.5413913548261265,0.02685326218155215
vudalimab,100k,latent_3,15,tanh,0.0,0.5145380926445744,0.5176021920678493,0.003064099423274902
vudalimab,100k,latent_3,15,tanh,0.5,0.5145380926445744,0.4989374903078562,-0.015600602336718172
vudalimab,100k,latent_3,15,tanh,1.0,0.5145380926445744,0.4877271913366775,-0.026810901307896873
vudalimab,15M,self_interaction,0,tanh,-1.0,0.37817231722014133,0.40088775558353884,0.02271543836339751
vudalimab,15M,self_interaction,0,tanh,-0.5,0.37817231722014133,0.38560217351648696,0.007429856296345627
vudalimab,15M,self_interaction,0,tanh,0.0,0.37817231722014133,0.37801166972168865,-0.00016064749845268178
vudalimab,15M,self_interaction,0,tanh,0.5,0.37817231722014133,0.3746733027853611,-0.0034990144347802343
vudalimab,15M,self_interaction,0,tanh,1.0,0.37817231722014133,0.38000458412043137,0.001832266900290036
vudalimab,15M,hydrophobicity,1,sigmoid,0.0,0.37817231722014133,0.3482570760671321,-0.029915241153009253
vudalimab,15M,hydrophobicity,1,sigmoid,0.25,0.37817231722014133,0.360971470665549,-0.01720084655459231
vudalimab,15M,hydrophobicity,1,sigmoid,0.5,0.37817231722014133,0.372781135707134,-0.005391181513007326
vudalimab,15M,hydrophobicity,1,sigmoid,0.75,0.37817231722014133,0.38436255738378067,0.006190240163639338
vudalimab,15M,hydrophobicity,1,sigmoid,1.0,0.37817231722014133,0.39615264186296967,0.017980324642828338
vudalimab,15M,charge_environment,2,tanh,-1.0,0.37817231722014133,0.3558368534788324,-0.022335463741308903
vudalimab,15M,charge_environment,2,tanh,-0.5,0.37817231722014133,0.37177688972620737,-0.006395427493933958
vudalimab,15M,charge_environment,2,tanh,0.0,0.37817231722014133,0.38470949433218066,0.006537177112039327
vudalimab,15M,charge_environment,2,tanh,0.5,0.37817231722014133,0.39824899293575317,0.020076675715611836
vudalimab,15M,charge_environment,2,tanh,1.0,0.37817231722014133,0.41173284778052543,0.033560530560384105
vudalimab,15M,ionic_screening,3,sigmoid,0.0,0.37817231722014133,0.3849713959908518,0.006799078770710454
vudalimab,15M,ionic_screening,3,sigmoid,0.25,0.37817231722014133,0.38090578648667867,0.002733469266537336
vudalimab,15M,ionic_screening,3,sigmoid,0.5,0.37817231722014133,0.37719403384439887,-0.0009782833757424614
vudalimab,15M,ionic_screening,3,sigmoid,0.75,0.37817231722014133,0.3734086860085391,-0.004763631211602226
vudalimab,15M,ionic_screening,3,sigmoid,1.0,0.37817231722014133,0.36998598715186615,-0.008186330068275183
vudalimab,15M,crowding,4,sigmoid,0.0,0.37817231722014133,0.37638359715962233,-0.0017887200605190001
vudalimab,15M,crowding,4,sigmoid,0.25,0.37817231722014133,0.377563116584711,-0.0006092006354303514
vudalimab,15M,crowding,4,sigmoid,0.5,0.37817231722014133,0.37842851951807277,0.00025620229793144045
vudalimab,15M,crowding,4,sigmoid,0.75,0.37817231722014133,0.3792169035039438,0.0010445862838024955
vudalimab,15M,crowding,4,sigmoid,1.0,0.37817231722014133,0.38109544797219974,0.0029231307520584116
vudalimab,15M,nonlinear_conc,5,sigmoid,0.0,0.37817231722014133,0.3748214551335896,-0.0033508620865517202
vudalimab,15M,nonlinear_conc,5,sigmoid,0.25,0.37817231722014133,0.37731235505583405,-0.0008599621643072819
vudalimab,15M,nonlinear_conc,5,sigmoid,0.5,0.37817231722014133,0.38009233979468754,0.0019200225745462096
vudalimab,15M,nonlinear_conc,5,sigmoid,0.75,0.37817231722014133,0.3848942632630196,0.006721946042878291
vudalimab,15M,nonlinear_conc,5,sigmoid,1.0,0.37817231722014133,0.39325575299511534,0.015083435774974008
vudalimab,15M,cosolute_interaction,6,tanh,-1.0,0.37817231722014133,0.3638882814368236,-0.014284035783317717
vudalimab,15M,cosolute_interaction,6,tanh,-0.5,0.37817231722014133,0.3791631888391145,0.0009908716189731548
vudalimab,15M,cosolute_interaction,6,tanh,0.0,0.37817231722014133,0.3950704873791555,0.01689817015901418
vudalimab,15M,cosolute_interaction,6,tanh,0.5,0.37817231722014133,0.4109986904710202,0.03282637325087889
vudalimab,15M,cosolute_interaction,6,tanh,1.0,0.37817231722014133,0.4231413905720141,0.04496907335187278
vudalimab,15M,cosolute_protection,7,sigmoid,0.0,0.37817231722014133,0.3687336069335832,-0.009438710286558127
vudalimab,15M,cosolute_protection,7,sigmoid,0.25,0.37817231722014133,0.3749749655015335,-0.003197351718607855
vudalimab,15M,cosolute_protection,7,sigmoid,0.5,0.37817231722014133,0.38127890325727837,0.003106586037137038
vudalimab,15M,cosolute_protection,7,sigmoid,0.75,0.37817231722014133,0.3920225809672018,0.013850263747060443
vudalimab,15M,cosolute_protection,7,sigmoid,1.0,0.37817231722014133,0.4031364481898495,0.024964130969708176
vudalimab,15M,interfacial_shielding,8,sigmoid,0.0,0.37817231722014133,0.369810506834356,-0.008361810385785318
vudalimab,15M,interfacial_shielding,8,sigmoid,0.25,0.37817231722014133,0.37631041571273854,-0.0018619015074027856
vudalimab,15M,interfacial_shielding,8,sigmoid,0.5,0.37817231722014133,0.38192486528666275,0.0037525480665214217
vudalimab,15M,interfacial_shielding,8,sigmoid,0.75,0.37817231722014133,0.3877253457188492,0.009553028498707872
vudalimab,15M,interfacial_shielding,8,sigmoid,1.0,0.37817231722014133,0.39507186308692027,0.016899545866778942
vudalimab,15M,surface_stability,9,sigmoid,0.0,0.37817231722014133,0.3973377365247891,0.01916541930464777
vudalimab,15M,surface_stability,9,sigmoid,0.25,0.37817231722014133,0.3877737747696351,0.009601457549493764
vudalimab,15M,surface_stability,9,sigmoid,0.5,0.37817231722014133,0.3789935320063529,0.0008212147862115549
vudalimab,15M,surface_stability,9,sigmoid,0.75,0.37817231722014133,0.3702723826149501,-0.007899934605191228
vudalimab,15M,surface_stability,9,sigmoid,1.0,0.37817231722014133,0.3618695595879077,-0.016302757632233655
vudalimab,15M,chemical_modulation,10,tanh,-1.0,0.37817231722014133,0.354589634750584,-0.023582682469557303
vudalimab,15M,chemical_modulation,10,tanh,-0.5,0.37817231722014133,0.37206014071440047,-0.006112176505740863
vudalimab,15M,chemical_modulation,10,tanh,0.0,0.37817231722014133,0.3801838191892092,0.0020115019690678526
vudalimab,15M,chemical_modulation,10,tanh,0.5,0.37817231722014133,0.38546499579937415,0.007292678579232825
vudalimab,15M,chemical_modulation,10,tanh,1.0,0.37817231722014133,0.3850783805428121,0.006906063322670797
vudalimab,15M,electrostatic_screening,11,sigmoid,0.0,0.37817231722014133,0.3783777527984536,0.000205435578312263
vudalimab,15M,electrostatic_screening,11,sigmoid,0.25,0.37817231722014133,0.377865358546258,-0.00030695867388330633
vudalimab,15M,electrostatic_screening,11,sigmoid,0.5,0.37817231722014133,0.3782203221805636,4.8004960422287635e-05
vudalimab,15M,electrostatic_screening,11,sigmoid,0.75,0.37817231722014133,0.3782825910583361,0.00011027383819478542
vudalimab,15M,electrostatic_screening,11,sigmoid,1.0,0.37817231722014133,0.3775392123693402,-0.0006331048508011472
vudalimab,15M,latent_0,12,tanh,-1.0,0.37817231722014133,0.34050770388467455,-0.03766461333546678
vudalimab,15M,latent_0,12,tanh,-0.5,0.37817231722014133,0.3629267754896106,-0.01524554173053072
vudalimab,15M,latent_0,12,tanh,0.0,0.37817231722014133,0.3806642204781239,0.0024919032579825973
vudalimab,15M,latent_0,12,tanh,0.5,0.37817231722014133,0.4003650797259436,0.022192762505802266
vudalimab,15M,latent_0,12,tanh,1.0,0.37817231722014133,0.41929455480527084,0.041122237585129506
vudalimab,15M,latent_1,13,tanh,-1.0,0.37817231722014133,0.3337945706464245,-0.04437774657371685
vudalimab,15M,latent_1,13,tanh,-0.5,0.37817231722014133,0.3571603774415205,-0.021011939778620814
vudalimab,15M,latent_1,13,tanh,0.0,0.37817231722014133,0.38055630499609727,0.0023839877759559425
vudalimab,15M,latent_1,13,tanh,0.5,0.37817231722014133,0.40585034206582465,0.027678024845683324
vudalimab,15M,latent_1,13,tanh,1.0,0.37817231722014133,0.4324555993058631,0.05428328208572175
vudalimab,15M,latent_2,14,tanh,-1.0,0.37817231722014133,0.40117066523070766,0.022998348010566327
vudalimab,15M,latent_2,14,tanh,-0.5,0.37817231722014133,0.3888698828607773,0.010697565640635953
vudalimab,15M,latent_2,14,tanh,0.0,0.37817231722014133,0.3786393234597678,0.00046700623962647736
vudalimab,15M,latent_2,14,tanh,0.5,0.37817231722014133,0.3713078561277696,-0.00686446109237171
vudalimab,15M,latent_2,14,tanh,1.0,0.37817231722014133,0.3608405405235483,-0.017331776696593026
vudalimab,15M,latent_3,15,tanh,-1.0,0.37817231722014133,0.42563291628613653,0.0474605990659952
vudalimab,15M,latent_3,15,tanh,-0.5,0.37817231722014133,0.3978202272345195,0.019647910014378156
vudalimab,15M,latent_3,15,tanh,0.0,0.37817231722014133,0.38032978902361547,0.0021574718034741425
vudalimab,15M,latent_3,15,tanh,0.5,0.37817231722014133,0.3649825380115005,-0.01318977920864084
vudalimab,15M,latent_3,15,tanh,1.0,0.37817231722014133,0.35308480698563727,-0.025087510234504062
