ID,Group,Shear_Rate,Actual_Viscosity,Predicted_Viscosity,Log10_Actual,Log10_Predicted,Log10_Error
F1,poly-higg,100.0,14.38,20.086791479220533,1.1577588860468637,1.302910571185632,0.1451516851387682
F1,poly-higg,1000.0,13.23,18.02811505941422,1.121559844187501,1.2559503211711402,0.13439047698363926
F1,poly-higg,10000.0,11.27,15.932702370466199,1.0519239160461065,1.20228944341229,0.15036552736618347
F1,poly-higg,100000.0,9.24,13.048419672802888,0.9656719712201067,1.1155579163531462,0.14988594513303943
F1,poly-higg,15000000.0,6.92,8.980165736484581,0.8401060944567578,0.9532843520098977,0.11317825755313993
F2,none,100.0,3.25,2.78587632587808,0.5118833609788743,0.4449618327696068,-0.0669215282092675
F2,none,1000.0,3.25,2.781279130242862,0.5118833609788743,0.4442445770126398,-0.06763878396623452
F2,none,10000.0,3.25,2.7726941682923645,0.5118833609788743,0.4429019689835912,-0.06898139199528314
F2,none,100000.0,3.25,2.7535653343404496,0.5118833609788743,0.4398953855229167,-0.07198797545595764
F2,none,15000000.0,3.25,2.648433229982128,0.5118833609788743,0.42298902835115215,-0.08889433262772217
F3,poly-higg,100.0,4.6,5.021308496279521,0.6627578316815741,0.7008169041300052,0.0380590724484311
F3,poly-higg,1000.0,4.6,4.685298342609512,0.6627578316815741,0.6707372503836082,0.007979418702034113
F3,poly-higg,10000.0,4.6,4.338597078045537,0.6627578316815741,0.637349319429362,-0.02540851225221208
F3,poly-higg,100000.0,3.68,4.051940565033379,0.5658478186735176,0.6076630663853442,0.04181524771182654
F3,poly-higg,15000000.0,2.41,2.8689073708597794,0.3820170425748684,0.45771652629623005,0.07569948372136165
F4,none,100.0,0.95,0.8581228646587608,-0.022276394711152253,-0.06645052611029394,-0.04417413139914168
F4,none,1000.0,0.95,0.8818519991667971,-0.022276394711152253,-0.054604296204435576,-0.03232790149328332
F4,none,10000.0,0.95,0.8967892405153368,-0.022276394711152253,-0.0473096109537264,-0.025033216242574145
F4,none,100000.0,0.95,0.9114451479591892,-0.022276394711152253,-0.04026946267049655,-0.0179930679593443
F4,none,15000000.0,0.95,0.8894476165537042,-0.022276394711152253,-0.05087962432156807,-0.028603229610415816
F5,poly-higg,100.0,8.31,9.75539773499386,0.919601023784111,0.9892449806082195,0.06964395682410851
F5,poly-higg,1000.0,8.31,8.843702378255845,0.919601023784111,0.9466341186131317,0.02703309482902072
F5,poly-higg,10000.0,8.31,8.080256054826295,0.919601023784111,0.9074251233285651,-0.012175900455545952
F5,poly-higg,100000.0,6.83,7.285506550509009,0.8344207036815325,0.862459753009623,0.028039049328090426
F5,poly-higg,15000000.0,4.6,4.6250375203274245,0.6627578316815741,0.6651152602761463,0.0023574285945722195
F6,poly-higg,100.0,8.84,9.103819626000362,0.9464522650130731,0.9592236444586468,0.012771379445573716
F6,poly-higg,1000.0,8.84,9.089780056378133,0.9464522650130731,0.9585533748108629,0.012101109797789777
F6,poly-higg,10000.0,8.84,8.89153944128524,0.9464522650130731,0.9489769592801544,0.00252469426708124
F6,poly-higg,100000.0,6.93,8.100489245734796,0.8407332346118067,0.9085112497806624,0.06777801516885573
F6,poly-higg,15000000.0,4.16,5.6364406313033895,0.6190933306267428,0.7510049369326075,0.13191160630586474
F7,poly-higg,100.0,2.44,2.9772162491668945,0.3873898263387294,0.47381038063565417,0.08642055429692475
F7,poly-higg,1000.0,2.44,2.7232036064058964,0.3873898263387294,0.43508011355179965,0.047690287213070226
F7,poly-higg,10000.0,2.44,2.475511796442528,0.3873898263387294,0.3936650001959575,0.006275173857228089
F7,poly-higg,100000.0,2.23,2.3043493531600956,0.34830486304816066,0.3625483213866304,0.014243458338469739
F7,poly-higg,15000000.0,2.0,1.6825537391206038,0.3010299956639812,0.22596894405846943,-0.07506105160551177
F8,poly-higg,100.0,1.84,1.4847021868120864,0.2648178230095365,0.17163934820194596,-0.09317847480759053
F8,poly-higg,1000.0,1.84,1.4704187764713108,0.2648178230095365,0.16744103978864597,-0.09737678322089052
F8,poly-higg,10000.0,1.84,1.4378977531920953,0.2648178230095365,0.15772800509886442,-0.10708981791067207
F8,poly-higg,100000.0,1.68,1.395556242745521,0.22530928172586284,0.14474734381413182,-0.08056193791173102
F8,poly-higg,15000000.0,1.2,1.2513788808086481,0.07918124604762482,0.09738882122991367,0.018207575182288854
F9,poly-higg,100.0,6.15,6.763312242366556,0.7888751157754168,0.8301594379955803,0.04128432222016354
F9,poly-higg,1000.0,5.35,6.026659602389648,0.7283537820212285,0.780076662352482,0.051722880331253496
F9,poly-higg,10000.0,5.35,5.336731886678398,0.7283537820212285,0.7272753847295798,-0.001078397291648714
F9,poly-higg,100000.0,4.62,4.7923490960431545,0.6646419755561255,0.6805484464770544,0.015906470920928895
F9,poly-higg,15000000.0,3.26,3.3285728428423735,0.5132176000679389,0.5222580655383526,0.009040465470413706
F10,poly-higg,100.0,3.57,3.820460446221053,0.5526682161121932,0.5821157077290574,0.02944749161686422
F10,poly-higg,1000.0,3.57,3.680962842175312,0.5526682161121932,0.5659614334424092,0.013293217330216045
F10,poly-higg,10000.0,3.34,3.5652742634628645,0.5237464668115644,0.5520929441533828,0.028346477341818388
F10,poly-higg,100000.0,2.89,3.451965240699785,0.4608978427565479,0.5380664139700895,0.07716857121354159
F10,poly-higg,15000000.0,2.58,2.8867776723339635,0.41161970596323016,0.4604133376054874,0.04879363164225725
F11,poly-higg,100.0,14.72,20.086952225830444,1.1679078100014801,1.3029140466578797,0.13500623665639955
F11,poly-higg,1000.0,14.49,18.028252461141008,1.1610683854711745,1.2559536311447095,0.09488524567353496
F11,poly-higg,10000.0,14.49,15.9327721934581,1.1610683854711745,1.2022913466470924,0.04122296117591784
F11,poly-higg,100000.0,11.55,13.048484314472223,1.0625819842281632,1.1155600678359663,0.052978083607803095
F11,poly-higg,15000000.0,6.92,8.980219634953983,0.8401060944567578,0.9532869586140835,0.11318086415732576
F12,poly-higg,100.0,4.14,4.109021358857048,0.617000341120899,0.6137383987477918,-0.003261942373107174
F12,poly-higg,1000.0,4.14,3.844678852585331,0.617000341120899,0.5848600688773712,-0.03214027224352778
F12,poly-higg,10000.0,4.14,3.59691894782954,0.617000341120899,0.555930651633642,-0.061069689487256995
F12,poly-higg,100000.0,3.15,3.3683970574511672,0.4983105537896005,0.5274232792932506,0.029112725503650128
F12,poly-higg,15000000.0,2.25,2.718342356939158,0.3521825181113625,0.43430415231048086,0.08212163419911839
F13,poly-higg,100.0,17.25,22.734144147267905,1.236789099409293,1.3566786093387884,0.11988950992949543
F13,poly-higg,1000.0,17.25,20.484317858096905,1.236789099409293,1.3114215062243817,0.07463240681508876
F13,poly-higg,10000.0,17.25,18.459682663191852,1.236789099409293,1.2662242308822402,0.029435131472947296
F13,poly-higg,100000.0,14.7,16.09681493956821,1.167317334748176,1.206739951124236,0.03942261637606004
F13,poly-higg,15000000.0,13.0,12.214406275834184,1.1139433523068367,1.0868723614121354,-0.02707099089470133
F14,none,100.0,1.15,1.0541134551519102,0.06069784035361165,0.022887356886658584,-0.037810483466953065
F14,none,1000.0,1.15,1.0772253095689521,0.06069784035361165,0.03230654867282521,-0.02839129168078644
F14,none,10000.0,1.15,1.0869992382100295,0.06069784035361165,0.03622923972447625,-0.024468600629135397
F14,none,100000.0,1.15,1.0937722722308734,0.06069784035361165,0.038926909558128074,-0.021770930795483576
F14,none,15000000.0,1.15,1.0646721457260027,0.06069784035361165,0.02721589207257579,-0.03348194828103586
F15,none,100.0,1.25,1.1223859385264234,0.09691001300805642,0.050142217127007616,-0.046767795881048804
F15,none,1000.0,1.25,1.148662751506207,0.09691001300805642,0.06019253812350117,-0.03671747488455525
F15,none,10000.0,1.25,1.1592733594819595,0.09691001300805642,0.06418585573618718,-0.03272415727186924
F15,none,100000.0,1.25,1.165436470015134,0.09691001300805642,0.06648860434835156,-0.030421408659704857
F15,none,15000000.0,1.25,1.1320685432549409,0.09691001300805642,0.05387272283829094,-0.04303729016976548
F16,none,100.0,1.5,1.3304577617034965,0.17609125905568124,0.12400109147645207,-0.05209016757922917
F16,none,1000.0,1.5,1.3578536179712228,0.17609125905568124,0.1328529537928401,-0.04323830526284114
F16,none,10000.0,1.5,1.3809331993517202,0.17609125905568124,0.14017267071866715,-0.035918588337014085
F16,none,100000.0,1.5,1.4024952935896375,0.17609125905568124,0.14690141255103004,-0.0291898465046512
F16,none,15000000.0,1.5,1.3852013954698845,0.17609125905568124,0.1415129203915477,-0.03457833866413354
F17,none,100.0,1.65,1.5135673410255803,0.21748394421390627,0.18000174817677322,-0.03748219603713304
F17,none,1000.0,1.65,1.5390481383439025,0.21748394421390627,0.18725220390566266,-0.030231740308243604
F17,none,10000.0,1.65,1.5635469411627276,0.21748394421390627,0.19411092426262508,-0.023373019951281188
F17,none,100000.0,1.65,1.584720801647647,0.21748394421390627,0.199952758677093,-0.017531185536813265
F17,none,15000000.0,1.65,1.5730339346990403,0.21748394421390627,0.19673809165925069,-0.02074585255465558
F18,none,100.0,2.25,2.1281268639114908,0.3521825181113625,0.3279975139681488,-0.024185004143213673
F18,none,1000.0,2.25,2.144277288420657,0.3521825181113625,0.3312809456868933,-0.02090157242446916
F18,none,10000.0,2.25,2.164610797319543,0.3521825181113625,0.33537982042543796,-0.016802697685924517
F18,none,100000.0,2.25,2.1754894752550973,0.3521825181113625,0.33755698657164945,-0.014625531539713021
F18,none,15000000.0,2.25,2.160100992725408,0.3521825181113625,0.33447405650186546,-0.017708461609497017
F19,poly-higg,100.0,27.03,26.32306370210187,1.4318460456987254,1.4203364347703271,-0.011509610928398306
F19,poly-higg,1000.0,24.15,22.657213580287575,1.382917135087531,1.3552064985938408,-0.0277106364936901
F19,poly-higg,10000.0,21.85,19.69968950727878,1.3394514413064407,1.2944593811698082,-0.044992060136632483
F19,poly-higg,100000.0,14.7,15.852121805959207,1.167317334748176,1.2000874007459716,0.03277006599779564
F19,poly-higg,15000000.0,6.5,7.612030155321576,0.8129133566428556,0.8815005000910495,0.06858714344819394
F20,poly-higg,100.0,76.59,70.2148680588541,1.8841720695239128,1.8464290840987334,-0.0377429854251794
F20,poly-higg,1000.0,56.35,60.23110502296095,1.7508939203821254,1.7798208309768568,0.028926910594731403
F20,poly-higg,10000.0,37.95,48.58130199998639,1.579211780231499,1.6864691499057582,0.10725736967425914
F20,poly-higg,100000.0,29.4,39.0042967854533,1.4683473304121573,1.5911124523450542,0.1227651219328969
F20,poly-higg,15000000.0,18.0,25.354753431133613,1.255272505103306,1.4040593914952602,0.14878688639195414
F21,bsa,100.0,9.09,10.046519805916066,0.9585638832219674,1.0020156447573147,0.043451761535347355
F21,bsa,1000.0,9.09,9.25781819882822,0.9585638832219674,0.9665086480366658,0.007944764814698413
F21,bsa,10000.0,8.63,8.672083119830624,0.9360107957152096,0.9381234318223997,0.0021126361071900357
F21,bsa,100000.0,6.93,7.161254386695634,0.8407332346118067,0.8549891012890356,0.01425586667722889
F21,bsa,15000000.0,3.58,4.824214540260114,0.5538830266438743,0.6834266133069073,0.129543586663033
F22,bsa,100.0,2.19,2.414575713541227,0.34044411484011833,0.38284082806629566,0.04239671322617733
F22,bsa,1000.0,2.19,2.425578768162867,0.34044411484011833,0.3848153824553962,0.044371267615277876
F22,bsa,10000.0,2.19,2.3702264189905864,0.34044411484011833,0.3747898345423354,0.03434571970221706
F22,bsa,100000.0,2.0,2.2572417572914865,0.3010299956639812,0.3535780757968027,0.05254808013282153
F22,bsa,15000000.0,1.56,1.7673948379406734,0.1931245983544616,0.24733358220823426,0.05420898385377265
F23,poly-higg,100.0,1.32,1.4952261606185093,0.12057393120584989,0.17470688689463265,0.05413295568878276
F23,poly-higg,1000.0,1.32,1.4397988766694894,0.12057393120584989,0.15830183039177279,0.0377278991859229
F23,poly-higg,10000.0,1.32,1.3884062044250516,0.12057393120584989,0.14251654575243017,0.02194261454658028
F23,poly-higg,100000.0,1.21,1.3278526676105886,0.08278537031645007,0.12314989039843602,0.04036452008198595
F23,poly-higg,15000000.0,1.15,1.1979192803698189,0.06069784035361165,0.07842755488882003,0.017729714535208378
F24,poly-higg,100.0,2.99,3.6466941536272883,0.4756711883244297,0.5618993407851535,0.0862281524607238
F24,poly-higg,1000.0,2.99,3.4303186556606176,0.4756711883244297,0.5353344652226606,0.05966327689823092
F24,poly-higg,10000.0,2.99,3.2262933506771962,0.4756711883244297,0.5087038530678979,0.03303266474346822
F24,poly-higg,100000.0,2.73,3.028994337404842,0.436162647040756,0.4812984614358174,0.04513581439506137
F24,poly-higg,15000000.0,2.6,2.49163115734095,0.414973347970818,0.39648375300024147,-0.018489594970576506
F25,poly-higg,100.0,9.2,11.6024485541856,0.9637878273455552,1.0645496514127357,0.10076182406718048
F25,poly-higg,1000.0,9.2,9.53090927145853,0.9637878273455552,0.9791343353434254,0.015346507997870185
F25,poly-higg,10000.0,9.2,7.967409632651106,0.9637878273455552,0.9013171463517904,-0.06247068099376485
F25,poly-higg,100000.0,6.83,6.670888695504714,0.8344207036815325,0.8241836944628993,-0.010237009218633242
F25,poly-higg,15000000.0,4.17,4.37192932636863,0.6201360549737575,0.6406731328256521,0.020537077851894625
F26,poly-higg,100.0,4.37,5.177001520651283,0.6404814369704218,0.7140782925480843,0.07359685557766249
F26,poly-higg,1000.0,3.85,4.772492738938223,0.5854607295085007,0.6787452763131719,0.09328454680467124
F26,poly-higg,10000.0,3.85,4.424281513458423,0.5854607295085007,0.6458427529828642,0.0603820234743635
F26,poly-higg,100000.0,3.15,4.046570106609371,0.4983105537896005,0.607087068922281,0.10877651513268055
F26,poly-higg,15000000.0,2.24,2.835924505613676,0.35024801833416286,0.4526946654278852,0.10244664709372236
F27,poly-higg,100.0,7.82,9.803971701238357,0.893206753059848,0.991402049008665,0.09819529594881704
F27,poly-higg,1000.0,6.9,8.357185601286757,0.8388490907372553,0.9220600473412311,0.08321095660397582
F27,poly-higg,10000.0,6.67,7.193293723328893,0.8241258339165489,0.8569277941832463,0.03280196026669735
F27,poly-higg,100000.0,5.15,6.204128334583087,0.7118072290411911,0.7926807727690366,0.0808735437278455
F27,poly-higg,15000000.0,4.0,4.280793545353315,0.6020599913279624,0.6315242831307584,0.029464291802795972
F28,bsa,100.0,5.06,4.3844395159440275,0.7041505168397991,0.6419140832914536,-0.062236433548345516
F28,bsa,1000.0,4.6,4.20499433899002,0.6627578316815741,0.6237654154616239,-0.0389924162199502
F28,bsa,10000.0,4.6,4.023951029280803,0.6627578316815741,0.6046526867987324,-0.058105144882841686
F28,bsa,100000.0,3.99,3.8247937843846693,0.6009728956867483,0.5826080249228216,-0.018364870763926677
F28,bsa,15000000.0,3.0,2.826649676122574,0.47712125471966244,0.45127198706946153,-0.025849267650200902
F29,none,100.0,1.0,0.939722804772723,0.0,-0.02700023375252509,-0.02700023375252509
F29,none,1000.0,1.0,0.9501607284939786,0.0,-0.022202923559855127,-0.022202923559855127
F29,none,10000.0,1.0,0.9605906726781861,0.0,-0.017461634669845804,-0.017461634669845804
F29,none,100000.0,1.0,0.9701556420699352,0.0,-0.013158586280412173,-0.013158586280412173
F29,none,15000000.0,1.0,0.9466753056828323,0.0,-0.023798951440303678,-0.023798951440303678
F30,none,100.0,0.97,0.8958769926391162,-0.01322826573375516,-0.04775161654923715,-0.034523350815481996
F30,none,1000.0,0.97,0.9137294346684527,-0.01322826573375516,-0.03918238460099803,-0.02595411886724287
F30,none,10000.0,0.97,0.9248953503361789,-0.01322826573375516,-0.03390740384760811,-0.02067913811385295
F30,none,100000.0,0.97,0.9380504239139917,-0.01322826573375516,-0.027773815950340865,-0.014545550216585705
F30,none,15000000.0,0.97,0.9259384097642064,-0.01322826573375516,-0.033417900131377735,-0.020189634397622575
F31,none,100.0,1.2,1.128315319154068,0.07918124604762482,0.05243048460480627,-0.02675076144281855
F31,none,1000.0,1.2,1.1497891357582306,0.07918124604762482,0.060618200724513606,-0.01856304532311121
F31,none,10000.0,1.2,1.1677381632220791,0.07918124604762482,0.06734547375610503,-0.011835772291519789
F31,none,100000.0,1.2,1.1835527489813886,0.07918124604762482,0.07318761848059506,-0.005993627567029758
F31,none,15000000.0,1.2,1.156645382341744,0.07918124604762482,0.06320022835658792,-0.015981017691036895
F32,none,100.0,1.3,1.206338110512506,0.11394335230683679,0.08146904822698321,-0.03247430407985358
F32,none,1000.0,1.3,1.2287414935890009,0.11394335230683679,0.08946052428870051,-0.024482828018136282
F32,none,10000.0,1.3,1.245356378088426,0.11394335230683679,0.09529364933521423,-0.018649702971622564
F32,none,100000.0,1.3,1.260261421929157,0.11394335230683679,0.1004606422009057,-0.013482710105931092
F32,none,15000000.0,1.3,1.2371733707816022,0.11394335230683679,0.09243056357243641,-0.02151278873440038
F33,none,100.0,1.55,1.4619588261469414,0.1903316981702915,0.16493514154866556,-0.025396556621625932
F33,none,1000.0,1.55,1.484168537604608,0.1903316981702915,0.17148322088614884,-0.018848477284142656
F33,none,10000.0,1.55,1.5067834071656825,0.1903316981702915,0.17805082906769099,-0.012280869102600511
F33,none,100000.0,1.55,1.5215826207035783,0.1903316981702915,0.18229553917296562,-0.008036158997325876
F33,none,15000000.0,1.55,1.502956442277326,0.1903316981702915,0.1769463943242885,-0.013385303846003005
F34,none,100.0,2.32,2.260724990787622,0.3654879848908996,0.35424773516820984,-0.011240249722689777
F34,none,1000.0,2.32,2.265000695359216,0.3654879848908996,0.3550683396780446,-0.010419645212855044
F34,none,10000.0,2.32,2.271802300550293,0.3654879848908996,0.35637053499854554,-0.00911744989235408
F34,none,100000.0,2.32,2.2690997582076937,0.3654879848908996,0.3558535895326922,-0.009634395358207426
F34,none,15000000.0,2.32,2.26146476794486,0.3654879848908996,0.3543898261273396,-0.011098158763560018
F35,none,100.0,1.17,1.1270525520423862,0.06818586174616162,0.051944166738136344,-0.016241695008025275
F35,none,1000.0,1.17,1.1496033727689912,0.06818586174616162,0.060548029284844325,-0.007637832461317294
F35,none,10000.0,1.17,1.1646850418749695,0.06818586174616162,0.0662084978350493,-0.0019773639111123203
F35,none,100000.0,1.17,1.170743519130047,0.06818586174616162,0.06846176234235254,0.00027590059619092555
F35,none,15000000.0,1.17,1.1401826190226945,0.06818586174616162,0.05697441632074595,-0.011211445425415668
F36,none,100.0,1.27,1.1997946663523478,0.10380372095595687,0.07910692696391956,-0.024696793992037308
F36,none,1000.0,1.27,1.2272595812904605,0.10380372095595687,0.08893643134867094,-0.014867289607285936
F36,none,10000.0,1.27,1.2467443305209678,0.10380372095595687,0.09577740197236786,-0.008026318983589006
F36,none,100000.0,1.27,1.255971787673182,0.10380372095595687,0.0989798841500082,-0.004823836805948667
F36,none,15000000.0,1.27,1.2208607186462048,0.10380372095595687,0.0866661204774857,-0.01713760047847117
F37,none,100.0,1.52,1.4301726693634382,0.18184358794477254,0.15538847440541112,-0.02645511353936142
F37,none,1000.0,1.52,1.4534530416707583,0.18184358794477254,0.16240100509667207,-0.019442582848100465
F37,none,10000.0,1.52,1.4742775659937408,0.18184358794477254,0.16857925694979017,-0.013264330994982365
F37,none,100000.0,1.52,1.492635208891635,0.18184358794477254,0.1739536817216029,-0.007889906223169652
F37,none,15000000.0,1.52,1.4851630882434252,0.18184358794477254,0.17177414687555584,-0.0100694410692167
F38,none,100.0,2.29,2.221452282103654,0.359835482339888,0.34663698881630167,-0.013198493523586319
F38,none,1000.0,2.29,2.237532442290201,0.359835482339888,0.34976934092894235,-0.01006614141094564
F38,none,10000.0,2.29,2.2419687854091035,0.359835482339888,0.3506295616849347,-0.009205920654953292
F38,none,100000.0,2.29,2.240456655121758,0.359835482339888,0.3503365462747121,-0.009498936065175878
F38,none,15000000.0,2.29,2.236168910142678,0.359835482339888,0.34950460510540243,-0.010330877234485558
F39,none,100.0,1.07,0.9393034682664763,0.029383777685209667,-0.02719407407967741,-0.056577851764887076
F39,none,1000.0,1.07,0.9697351049538203,0.029383777685209667,-0.013346882401835956,-0.042730660087045624
F39,none,10000.0,1.07,0.9902049503033699,0.029383777685209667,-0.004274906843089231,-0.0336586845282989
F39,none,100000.0,1.07,1.0043426189875126,0.029383777685209667,0.001881892243832773,-0.027501885441376894
F39,none,15000000.0,1.07,0.9914611637825462,0.029383777685209667,-0.0037242927398355875,-0.03310807042504525
F40,none,100.0,1.0,0.9303250120175681,0.0,-0.031365302771713524,-0.031365302771713524
F40,none,1000.0,1.0,0.9580321454006903,0.0,-0.018619918545753882,-0.018619918545753882
F40,none,10000.0,1.0,0.9716835277526303,0.0,-0.012475159487690223,-0.012475159487690223
F40,none,100000.0,1.0,0.9766327168287102,0.0,-0.01026873110639267,-0.01026873110639267
F40,none,15000000.0,1.0,0.9694457046862924,0.0,-0.013476509241743782,-0.013476509241743782
F41,none,100.0,1.27,1.1581807152294068,0.10380372095595687,0.06377632925632513,-0.04002739169963174
F41,none,1000.0,1.27,1.1848061260986094,0.10380372095595687,0.07364729106003207,-0.030156429895924805
F41,none,10000.0,1.27,1.2073396486914507,0.10380372095595687,0.08182946297401075,-0.02197425798194612
F41,none,100000.0,1.27,1.2179903154938252,0.10380372095595687,0.08564383514060635,-0.018159885815350524
F41,none,15000000.0,1.27,1.1867605856437609,0.10380372095595687,0.07436311421906357,-0.029440606736893304
F42,none,100.0,1.38,1.2321081950331232,0.13987908640123647,0.0906488461747501,-0.04923024022648638
F42,none,1000.0,1.38,1.2592973210786524,0.13987908640123647,0.10012827947987792,-0.03975080692135856
F42,none,10000.0,1.38,1.278256409772083,0.13987908640123647,0.10661797915853267,-0.0332611072427038
F42,none,100000.0,1.38,1.2883062126867335,0.13987908640123647,0.11001910112500074,-0.029859985276235734
F42,none,15000000.0,1.38,1.2557662375549736,0.13987908640123647,0.09890880246760735,-0.04097028393362913
F43,none,100.0,1.64,1.4814536982948292,0.21484384804769785,0.17068808248546294,-0.04415576556223491
F43,none,1000.0,1.64,1.5009697085474811,0.21484384804769785,0.17637192772400107,-0.038471920323696784
F43,none,10000.0,1.64,1.516612566789573,0.21484384804769785,0.18087465026900296,-0.03396919777869489
F43,none,100000.0,1.64,1.5329886552194774,0.21484384804769785,0.18553894089885645,-0.029304907148841403
F43,none,15000000.0,1.64,1.5186818565856077,0.21484384804769785,0.1814668045405513,-0.03337704350714654
F44,none,100.0,2.42,2.192143067391233,0.38381536598043126,0.34086889440675733,-0.04294647157367393
F44,none,1000.0,2.42,2.2025741730970925,0.38381536598043126,0.3429305424754003,-0.040884823505030976
F44,none,10000.0,2.42,2.2249803885780484,0.38381536598043126,0.3473261873754351,-0.036489178604996175
F44,none,100000.0,2.42,2.2410715689288176,0.38381536598043126,0.35045572601054187,-0.03335963996988939
F44,none,15000000.0,2.42,2.219811606980164,0.38381536598043126,0.34631611790976,-0.03749924807067123
F45,none,100.0,1.2,1.1496355724574185,0.07918124604762482,0.06056019343771148,-0.018621052609913334
F45,none,1000.0,1.2,1.1745767770384987,0.07918124604762482,0.06988141000622676,-0.009299836041398057
F45,none,10000.0,1.2,1.1952638186085471,0.07918124604762482,0.07746377333477808,-0.0017174727128467376
F45,none,100000.0,1.2,1.2003826700784808,0.07918124604762482,0.07931971688975614,0.00013847084213132466
F45,none,15000000.0,1.2,1.1608234608899686,0.07918124604762482,0.06476617685222526,-0.01441506919539956
F46,none,100.0,1.3,1.2226087095466516,0.11394335230683679,0.08728748526578321,-0.026655867041053577
F46,none,1000.0,1.3,1.2469992492490867,0.11394335230683679,0.09586619201336452,-0.01807716029347227
F46,none,10000.0,1.3,1.2655846004197453,0.11394335230683679,0.10229118170873926,-0.011652170598097533
F46,none,100000.0,1.3,1.267788739499778,0.11394335230683679,0.10304689004928089,-0.010896462257555903
F46,none,15000000.0,1.3,1.229606407457347,0.11394335230683679,0.0897661175984864,-0.024177234708350384
F47,none,100.0,1.55,1.4430882077633929,0.1903316981702915,0.1592928778530918,-0.031038820317199706
F47,none,1000.0,1.55,1.4642033557248062,0.1903316981702915,0.16560139785349676,-0.02473030031679474
F47,none,10000.0,1.55,1.478652961448807,0.1903316981702915,0.1698662574228745,-0.02046544074741699
F47,none,100000.0,1.55,1.4860395208010913,0.1903316981702915,0.17203035951715465,-0.01830133865313685
F47,none,15000000.0,1.55,1.4708175120974176,0.1903316981702915,0.1675587920983739,-0.022772906071917592
F48,none,100.0,2.32,2.156919303788297,0.3654879848908996,0.3338338972698949,-0.031654087621004745
F48,none,1000.0,2.32,2.1704573241784932,0.3654879848908996,0.3365512511026166,-0.028936733788283042
F48,none,10000.0,2.32,2.1889658477089826,0.3654879848908996,0.34023898574918415,-0.025248999141715467
F48,none,100000.0,2.32,2.219317278024576,0.3654879848908996,0.34621939427586446,-0.019268590615035164
F48,none,15000000.0,2.32,2.2201603096421145,0.3654879848908996,0.3463843343962898,-0.019103650494609825
F49,bgg,100.0,3.45,3.7556656944590263,0.5378190950732742,0.5746869271741217,0.03686783210084754
F49,bgg,1000.0,3.45,3.630163734286209,0.5378190950732742,0.5599262138221547,0.022107118748880494
F49,bgg,10000.0,3.45,3.4828028769468973,0.5378190950732742,0.5419288945337815,0.0041097994605072685
F49,bgg,100000.0,3.15,3.259418900763723,0.4983105537896005,0.513140179611833,0.014829625822232517
F49,bgg,15000000.0,2.95,2.4672770617363167,0.46982201597816303,0.3922179211261277,-0.07760409485203534
F50,bgg,100.0,1.55,1.4976497428958082,0.1903316981702915,0.17541025627810963,-0.014921441892181864
F50,bgg,1000.0,1.55,1.5068022122403575,0.1903316981702915,0.17805624914941068,-0.012275449020880819
F50,bgg,10000.0,1.55,1.5175864239979768,0.1903316981702915,0.1811534327928775,-0.009178265377414008
F50,bgg,100000.0,1.42,1.4970426235654137,0.15228834438305647,0.1752341656842227,0.022945821301166236
F50,bgg,15000000.0,1.3,1.3848963229077391,0.11394335230683679,0.14141726215539488,0.02747390984855809
F51,bgg,100.0,3.62,3.8096263376766726,0.5587085705331657,0.5808823805461327,0.022173810012967032
F51,bgg,1000.0,3.62,3.719320622220028,0.5587085705331657,0.5704636181167061,0.011755047583540401
F51,bgg,10000.0,3.62,3.6417348678278927,0.5587085705331657,0.5613083243170196,0.0025997537838539087
F51,bgg,100000.0,3.31,3.5122713406893364,0.5198279937757188,0.5455880599709789,0.025760066195260167
F51,bgg,15000000.0,3.15,3.0189849116409215,0.4983105537896005,0.4798609425005858,-0.018449611289014678
F52,bgg,100.0,2.74,2.914287113653004,0.437750562820388,0.46453233594896665,0.026781773128578656
F52,bgg,1000.0,2.74,2.901296815513314,0.437750562820388,0.46259216132440045,0.024841598504012463
F52,bgg,10000.0,2.74,2.8090590947539154,0.437750562820388,0.4485608756400181,0.01081031281963013
F52,bgg,100000.0,2.42,2.6148992434605187,0.38381536598043126,0.41745495941662497,0.033639593436193715
F52,bgg,15000000.0,2.0,2.13469940616385,0.3010299956639812,0.32933672927428886,0.028306733610307666
F53,poly-higg,100.0,2.53,2.6410822251631303,0.40312052117581787,0.4217819223650968,0.018661401189278948
F53,poly-higg,1000.0,2.53,2.502807704763126,0.40312052117581787,0.3984274832604779,-0.0046930379153399815
F53,poly-higg,10000.0,2.53,2.2873480749558706,0.40312052117581787,0.3593322579736887,-0.043788263202129196
F53,poly-higg,100000.0,2.1,2.089228642403698,0.3222192947339193,0.31998597119166766,-0.0022333235422516418
F53,poly-higg,15000000.0,1.75,1.5858907556185058,0.24303804868629444,0.20027326755527558,-0.042764781131018864
F54,poly-higg,100.0,5.87,4.632085555637913,0.7686381012476144,0.6657765723079584,-0.10286152893965606
F54,poly-higg,1000.0,3.62,4.3882253011571795,0.5587085705331657,0.6422889171108424,0.08358034657767666
F54,poly-higg,10000.0,3.57,4.179414951142416,0.5526682161121932,0.6211154919967092,0.06844727588451605
F54,poly-higg,100000.0,3.2,3.837247039349257,0.505149978319906,0.5840197596811317,0.07886978136122569
F54,poly-higg,15000000.0,2.75,3.2555408666611423,0.43933269383026263,0.5126231513966404,0.07329045756637775
F55,poly-higg,100.0,2.88,2.395567921489986,0.45939248775923086,0.37940848891160206,-0.0799839988476288
F55,poly-higg,1000.0,2.51,2.318770311826426,0.3996737214810381,0.3652577312827859,-0.0344159901982522
F55,poly-higg,10000.0,2.3,2.2321816489337527,0.36172783601759284,0.3487295334194806,-0.012998302598112244
F55,poly-higg,100000.0,2.0,2.1513328380153833,0.3010299956639812,0.3327076063572675,0.031677610693286284
F55,poly-higg,15000000.0,1.73,1.9246951246206294,0.2380461031287954,0.2843619462180091,0.04631584308921369
F56,bsa,100.0,3.51,4.033953040744779,0.5453071164658241,0.6057308382832611,0.06042372181743705
F56,bsa,1000.0,3.51,3.734605971547012,0.5453071164658241,0.57224478730002,0.02693767083419596
F56,bsa,10000.0,3.51,3.5363432012899887,0.5453071164658241,0.5485544065654516,0.0032472900996275422
F56,bsa,100000.0,3.2,3.352167033744815,0.505149978319906,0.5253256507775427,0.02017567245763663
F56,bsa,15000000.0,3.05,2.9985752335525144,0.48429983934678583,0.47691494965764747,-0.007384889689138363
F57,bsa,100.0,2.24,2.005324043505928,0.35024801833416286,0.30218456096392754,-0.04806345737023532
F57,bsa,1000.0,2.22,1.9921695392667342,0.3463529744506387,0.29932629535016003,-0.04702667910047864
F57,bsa,10000.0,1.84,1.9233959766104793,0.2648178230095365,0.2840687032471036,0.019250880237567103
F57,bsa,100000.0,1.63,1.821684415311998,0.21218760440395779,0.26047314291162826,0.04828553850767048
F57,bsa,15000000.0,1.47,1.5502150234039982,0.1673173347481761,0.1903919413968298,0.02307460664865371
F58,poly-higg,100.0,6.33,6.1186583940854256,0.8014037100173551,0.7866562071262084,-0.01474750289114668
F58,poly-higg,1000.0,6.33,6.0962728926781695,0.8014037100173551,0.7850643994620607,-0.016339310555294362
F58,poly-higg,10000.0,6.33,6.097470005978864,0.8014037100173551,0.78514967265614,-0.016254037361215112
F58,poly-higg,100000.0,5.78,5.838998846989583,0.761927838420529,0.7663383894924054,0.0044105510718763785
F58,poly-higg,15000000.0,5.5,4.745158856133561,0.7403626894942439,0.6762507561073361,-0.0641119333869078
F59,poly-higg,100.0,6.33,6.164457329959447,0.8014037100173551,0.7898948507650932,-0.01150885925226186
F59,poly-higg,1000.0,5.18,5.707462657554975,0.714329759745233,0.7564430786956292,0.04211331895039616
F59,poly-higg,10000.0,5.06,5.381909637720379,0.7041505168397991,0.7309364016832426,0.026785884843443464
F59,poly-higg,100000.0,4.41,4.9445937173880505,0.6444385894678385,0.6941306127086686,0.04969202324083011
F59,poly-higg,15000000.0,3.88,3.7055681548827963,0.5888317255942073,0.5688548054633462,-0.019976920130861053
F60,none,100.0,1.38,1.2822850664860646,0.13987908640123647,0.10798458449595878,-0.03189450190527769
F60,none,1000.0,1.38,1.297758811715326,0.13987908640123647,0.11319398639800689,-0.026685100003229587
F60,none,10000.0,1.38,1.3102041887587137,0.13987908640123647,0.11733898354950628,-0.022540102851730193
F60,none,100000.0,1.38,1.3251675812022825,0.13987908640123647,0.12227080279309868,-0.017608283608137792
F60,none,15000000.0,1.38,1.3516660657674016,0.13987908640123647,0.1308694107567654,-0.009009675644471082
F61,none,100.0,3.05,3.001430206571819,0.48429983934678583,0.47732824899019516,-0.006971590356590673
F61,none,1000.0,3.05,2.967864003617194,0.48429983934678583,0.47244399639411877,-0.011855842952667062
F61,none,10000.0,3.05,2.9341168161960156,0.48429983934678583,0.46747740044775543,-0.0168224388990304
F61,none,100000.0,3.05,2.8967712648078248,0.48429983934678583,0.46191420374581843,-0.022385635600967402
F61,none,15000000.0,3.05,2.8293458595267107,0.48429983934678583,0.451686038903813,-0.03261380044297285
F62,none,100.0,0.98,0.9171371578044605,-0.00877392430750515,-0.03756571076041109,-0.02879178645290594
F62,none,1000.0,0.98,0.9346102260246022,-0.00877392430750515,-0.029369471458762734,-0.02059554715125758
F62,none,10000.0,0.98,0.9439961756829608,-0.00877392430750515,-0.02502976511204909,-0.01625584080454394
F62,none,100000.0,0.98,0.9456753728591031,-0.00877392430750515,-0.024257920650357194,-0.015483996342852044
F62,none,15000000.0,0.98,0.9051205417790849,-0.00877392430750515,-0.04329357864742092,-0.03451965433991577
F63,none,100.0,3.3,2.906018728182448,0.5185139398778874,0.4632984088333325,-0.0552155310445549
F63,none,1000.0,3.3,2.914527178316876,0.5185139398778874,0.4645681095226837,-0.05394583035520373
F63,none,10000.0,3.3,2.9173648016959497,0.5185139398778874,0.4649907388432298,-0.05352320103465763
F63,none,100000.0,3.3,2.9291643835875147,0.5185139398778874,0.46674374480611935,-0.051770195071768055
F63,none,15000000.0,3.3,2.8982089161600744,0.5185139398778874,0.4621296881970138,-0.05638425168087363
F64,none,100.0,1.04,0.9361724747032434,0.01703333929878037,-0.028644132125719528,-0.0456774714244999
F64,none,1000.0,1.04,0.9511419346880905,0.01703333929878037,-0.021754670389232254,-0.038788009688012624
F64,none,10000.0,1.04,0.9628104400684669,0.01703333929878037,-0.01645920917438233,-0.0334925484731627
F64,none,100000.0,1.04,0.9721582553221224,0.01703333929878037,-0.012263031556567558,-0.029296370855347927
F64,none,15000000.0,1.04,0.9590213888369494,0.01703333929878037,-0.018171706749800568,-0.035205046048580935
F65,none,100.0,1.01,0.9276899445224109,0.004321373782642578,-0.03259715081019938,-0.03691852459284196
F65,none,1000.0,1.01,0.9438274759140619,0.004321373782642578,-0.02510738399224924,-0.02942875777489182
F65,none,10000.0,1.01,0.9585167315940505,0.004321373782642578,-0.01840030179943058,-0.02272167558207316
F65,none,100000.0,1.01,0.9710384293783848,0.004321373782642578,-0.012763582309585483,-0.01708495609222806
F65,none,15000000.0,1.01,0.9496801857986411,0.004321373782642578,-0.022422623055517742,-0.02674399683816032
F66,none,100.0,1.11,0.9701145136101046,0.045322978786657475,-0.013176998008391394,-0.05849997679504887
F66,none,1000.0,1.11,0.9989080707571101,0.045322978786657475,-0.00047447794015433747,-0.04579745672681181
F66,none,10000.0,1.11,1.0159687881611243,0.045322978786657475,0.006880366080177096,-0.03844261270648038
F66,none,100000.0,1.11,1.023488609581986,0.045322978786657475,0.010083013756495698,-0.035239965030161774
F66,none,15000000.0,1.11,0.9973158087294643,0.045322978786657475,-0.0011672967828791308,-0.0464902755695366
F67,none,100.0,1.04,0.9664575562869057,0.01703333929878037,-0.014817214035990074,-0.031850553334770444
F67,none,1000.0,1.04,0.9922256010083568,0.01703333929878037,-0.0033895716626398038,-0.020422910961420175
F67,none,10000.0,1.04,1.0040553257989377,0.01703333929878037,0.0017576441109750634,-0.015275695187805307
F67,none,100000.0,1.04,1.0067042497659933,0.01703333929878037,0.002901901973883254,-0.014131437324897116
F67,none,15000000.0,1.04,0.9854397731274602,0.01703333929878037,-0.00636991323911018,-0.02340325253789055
F68,none,100.0,1.24,1.1600396415507077,0.09342168516223506,0.06447283044464579,-0.028948854717589276
F68,none,1000.0,1.24,1.1790669487474643,0.09342168516223506,0.07153846552435926,-0.021883219637875803
F68,none,10000.0,1.24,1.1877638617543633,0.09342168516223506,0.07473010753856009,-0.018691577623674974
F68,none,100000.0,1.24,1.1895393716303257,0.09342168516223506,0.0753788209834739,-0.018042864178761164
F68,none,15000000.0,1.24,1.1407046754444574,0.09342168516223506,0.05717322160825225,-0.03624846355398281
F69,none,100.0,1.33,1.236064179726018,0.12385164096708581,0.09204102105799905,-0.03181061990908676
F69,none,1000.0,1.33,1.2592296589053085,0.12385164096708581,0.10010494416621443,-0.02374669680087138
F69,none,10000.0,1.33,1.2691272112758,0.12385164096708581,0.10350515588995086,-0.02034648507713495
F69,none,100000.0,1.33,1.2700774208195538,0.12385164096708581,0.10383019529445651,-0.0200214456726293
F69,none,15000000.0,1.33,1.2321886038766856,0.12385164096708581,0.09067718782343723,-0.033174453143648586
F70,none,100.0,1.6,1.4379195342337858,0.2041199826559248,0.15773458367133342,-0.046385398984591375
F70,none,1000.0,1.6,1.4610466946495562,0.2041199826559248,0.16466409608800925,-0.039455886567915543
F70,none,10000.0,1.6,1.4796732777802535,0.2041199826559248,0.17016583071823124,-0.03395415193769355
F70,none,100000.0,1.6,1.4883544132240731,0.2041199826559248,0.1727063595566805,-0.03141362309924428
F70,none,15000000.0,1.6,1.4396876379105623,0.2041199826559248,0.15826827553471393,-0.045851707121210866
F71,none,100.0,2.35,2.2668073629635317,0.37106786227173627,0.35541461463173074,-0.01565324764000553
F71,none,1000.0,2.35,2.2831696615932873,0.37106786227173627,0.3585381849707453,-0.012529677300990971
F71,none,10000.0,2.35,2.2894954676648536,0.37106786227173627,0.3597397881257417,-0.011328074145994571
F71,none,100000.0,2.35,2.2923684551862538,0.37106786227173627,0.3602844235892358,-0.010783438682500479
F71,none,15000000.0,2.35,2.297834188813388,0.37106786227173627,0.36131868689296903,-0.009749175378767239
F72,none,100.0,1.21,1.1378284612576477,0.08278537031645007,0.05607679286342051,-0.026708577453029562
F72,none,1000.0,1.21,1.1586020637443115,0.08278537031645007,0.0639342977449202,-0.018851072571529875
F72,none,10000.0,1.21,1.1656649913633335,0.08278537031645007,0.06657375341842192,-0.01621161689802815
F72,none,100000.0,1.21,1.1659844189062574,0.08278537031645007,0.0666927469682383,-0.016092623348211765
F72,none,15000000.0,1.21,1.1192322517089826,0.08278537031645007,0.04892021625989039,-0.03386515405655968
F73,none,100.0,1.31,1.2103953792705722,0.11727129565576427,0.08292725708293987,-0.034344038572824406
F73,none,1000.0,1.31,1.2330180014197165,0.11727129565576427,0.09096941711493706,-0.026301878540827217
F73,none,10000.0,1.31,1.2443940768735806,0.11727129565576427,0.09495793526594767,-0.0223133603898166
F73,none,100000.0,1.31,1.2522158271293355,0.11727129565576427,0.09767918866128074,-0.019592106994483535
F73,none,15000000.0,1.31,1.2037552684661113,0.11727129565576427,0.08053820090995593,-0.03673309474580834
F74,none,100.0,1.56,1.419441155328895,0.1931245983544616,0.1521173930255471,-0.0410072053289145
F74,none,1000.0,1.56,1.4436533658616018,0.1931245983544616,0.15946292774521478,-0.033661670609246824
F74,none,10000.0,1.56,1.4594454726150132,0.1931245983544616,0.16418787364072573,-0.028936724713735873
F74,none,100000.0,1.56,1.4709504246433562,0.1931245983544616,0.16759803597250497,-0.025526562381956636
F74,none,15000000.0,1.56,1.41804939217931,0.1931245983544616,0.15169135805250816,-0.041433240301953445
F75,none,100.0,2.33,2.255951482981842,0.367355921026019,0.35332975537343314,-0.014026165652585854
F75,none,1000.0,2.33,2.2725573936995875,0.367355921026019,0.35651486018983464,-0.010841060836184357
F75,none,10000.0,2.33,2.2812311791822886,0.367355921026019,0.35816929876011383,-0.009186622265905164
F75,none,100000.0,2.33,2.2857290123070366,0.367355921026019,0.35902474074176544,-0.008331180284253559
F75,none,15000000.0,2.33,2.2762450569163537,0.367355921026019,0.35721901569203424,-0.010136905333984758
F76,none,100.0,1.42,1.3178454861610531,0.15228834438305647,0.11986449338288475,-0.03242385100017171
F76,none,1000.0,1.42,1.3383871360656727,0.15228834438305647,0.126581753744429,-0.025706590638627458
F76,none,10000.0,1.42,1.3567859046483912,0.15228834438305647,0.13251132314581837,-0.019777021237238096
F76,none,100000.0,1.42,1.3747063512323054,0.15228834438305647,0.1382099391414095,-0.014078405241646968
F76,none,15000000.0,1.42,1.395697379306094,0.15228834438305647,0.14479126302592946,-0.007497081357127011
F77,none,100.0,3.1,2.9552723523808253,0.4913616938342727,0.4705975108300234,-0.020764183004249315
F77,none,1000.0,3.1,2.9374603025805364,0.4913616938342727,0.4679720061779329,-0.023389687656339808
F77,none,10000.0,3.1,2.910146137589732,0.4913616938342727,0.4639147983176087,-0.027446895516664016
F77,none,100000.0,3.1,2.8770501902013037,0.4913616938342727,0.45894743823281586,-0.03241425560145683
F77,none,15000000.0,3.1,2.816103236697827,0.4913616938342727,0.449648571743644,-0.04171312209062872
F78,none,100.0,1.42,1.317845737259923,0.15228834438305647,0.11986457613222402,-0.032423768250832444
F78,none,1000.0,1.42,1.3383871360656727,0.15228834438305647,0.126581753744429,-0.025706590638627458
F78,none,10000.0,1.42,1.3567859046483912,0.15228834438305647,0.13251132314581837,-0.019777021237238096
F78,none,100000.0,1.42,1.3747063512323054,0.15228834438305647,0.1382099391414095,-0.014078405241646968
F78,none,15000000.0,1.42,1.3956974457892313,0.15228834438305647,0.14479128371326425,-0.0074970606697922215
F79,none,100.0,3.1,2.9552723699773846,0.4913616938342727,0.47059751341594025,-0.020764180418332445
F79,none,1000.0,3.1,2.9374603200710374,0.4913616938342727,0.4679720087638497,-0.023389685070422994
F79,none,10000.0,3.1,2.9101461549175967,0.4913616938342727,0.46391480090352555,-0.027446892930747147
F79,none,100000.0,3.1,2.8770502415937087,0.4913616938342727,0.4589474459905664,-0.03241424784370628
F79,none,15000000.0,3.1,2.816103236697827,0.4913616938342727,0.449648571743644,-0.04171312209062872
F80,none,100.0,1.47,1.3842778072145447,0.1673173347481761,0.14122325632956406,-0.026094078418612027
F80,none,1000.0,1.47,1.3968656442586942,0.1673173347481761,0.14515463606183454,-0.022162698686341548
F80,none,10000.0,1.47,1.4173284345685986,0.1673173347481761,0.1514705000660964,-0.015846834682079702
F80,none,100000.0,1.47,1.4455353823342967,0.1673173347481761,0.16002872635221763,-0.0072886083959584624
F80,none,15000000.0,1.47,1.456018286898947,0.1673173347481761,0.16316682954393485,-0.004150505204241234
F81,none,100.0,3.15,2.878910836898578,0.4983105537896005,0.4592282144985826,-0.0390823392910179
F81,none,1000.0,3.15,2.8571670891783048,0.4983105537896005,0.4559356389778529,-0.0423749148117476
F81,none,10000.0,3.15,2.832060465769711,0.4983105537896005,0.45210252150000424,-0.046208032289596246
F81,none,100000.0,3.15,2.807480908449278,0.4983105537896005,0.4483168116357853,-0.04999374215381519
F81,none,15000000.0,3.15,2.7594883527639,0.4983105537896005,0.44082856533694365,-0.05748198845265684
F82,none,100.0,1.54,1.479255864241564,0.18752072083646307,0.17004329963416265,-0.01747742120230042
F82,none,1000.0,1.54,1.4945552374886044,0.18752072083646307,0.17451197082607026,-0.013008750010392811
F82,none,10000.0,1.54,1.5090304790699798,0.18752072083646307,0.178698011649829,-0.008822709186634053
F82,none,100000.0,1.54,1.5197118411482038,0.18752072083646307,0.18176124737687563,-0.005759473459587439
F82,none,15000000.0,1.54,1.528145700966374,0.18752072083646307,0.18416476399689055,-0.003355956839572516
F83,none,100.0,3.22,2.993944543309074,0.5078558716958309,0.47624375166571403,-0.031612120030116875
F83,none,1000.0,3.22,2.961943282468557,0.5078558716958309,0.4715767380654164,-0.03627913363041452
F83,none,10000.0,3.22,2.9343049630436875,0.5078558716958309,0.4675052481863241,-0.0403506235095068
F83,none,100000.0,3.22,2.905063847381491,0.5078558716958309,0.4631556817386575,-0.0447001899571734
F83,none,15000000.0,3.22,2.856917187779955,0.5078558716958309,0.4558976518593114,-0.05195821983651949
F84,bsa,100.0,10.35,12.154416614362964,1.0149403497929366,1.0847341184863655,0.0697937686934289
F84,bsa,1000.0,10.35,11.540537856900759,1.0149403497929366,1.0622260499670848,0.04728570017414824
F84,bsa,10000.0,10.35,11.12257766346027,1.0149403497929366,1.0462054468942996,0.03126509710136305
F84,bsa,100000.0,10.35,10.856173946836797,1.0149403497929366,1.035676793342372,0.02073644354943549
F84,bsa,15000000.0,10.35,9.447597224766962,1.0149403497929366,0.9753213699155969,-0.039618979877339644
F85,bgg,100.0,18.06,21.61744277549318,1.256717745977487,1.3348043180086901,0.07808657203120317
F85,bgg,1000.0,18.06,19.29966451758583,1.256717745977487,1.2855497598146357,0.02883201383714873
F85,bgg,10000.0,14.95,17.214931016121756,1.1746411926604485,1.2359052867341174,0.06126409407366884
F85,bgg,100000.0,12.43,15.007339583393843,1.0944711286416449,1.1763037097877511,0.08183258114610625
F85,bgg,15000000.0,9.5,10.836076341200817,0.9777236052888477,1.034872056018335,0.05714845072948738
F86,poly-higg,100.0,19.09,25.954939288987802,1.2808059283936668,1.4142200173609507,0.1334140889672839
F86,poly-higg,1000.0,19.09,23.15517313867823,1.2808059283936668,1.3646480327016002,0.08384210430793337
F86,poly-higg,10000.0,19.09,20.795096413779735,1.2808059283936668,1.3179609382559152,0.0371550098622484
F86,poly-higg,100000.0,16.72,18.702190563545468,1.2232362731029975,1.271892477870333,0.048656204767335565
F86,poly-higg,15000000.0,9.3,13.464458249678316,0.9684829485539351,1.129188884007573,0.16070593545363787
F87,bsa,100.0,4.95,4.869752162273214,0.6946051989335688,0.6875068591004572,-0.007098339833111589
F87,bsa,1000.0,4.95,4.813542578379204,0.6946051989335688,0.682464817737007,-0.0121403811965618
F87,bsa,10000.0,4.95,4.754394707492484,0.6946051989335688,0.6770952338015394,-0.017509965132029404
F87,bsa,100000.0,4.95,4.706754633908302,0.6946051989335688,0.6727215588510708,-0.02188364008249799
F87,bsa,15000000.0,4.3,4.429801276685773,0.6334684555795865,0.6463842439714674,0.0129157883918809
F88,bgg,100.0,5.75,5.998407418790373,0.7596678446896304,0.7780359602103324,0.018368115520701944
F88,bgg,1000.0,5.75,5.727974324199702,0.7596678446896304,0.7580010625673655,-0.0016667821222648982
F88,bgg,10000.0,5.75,5.558082796294471,0.7596678446896304,0.7449250119818325,-0.01474283270779797
F88,bgg,100000.0,5.75,5.429391085548211,0.7596678446896304,0.7347511255345299,-0.02491671915510052
F88,bgg,15000000.0,5.7,4.841486233384915,0.7558748556724915,0.6849787012882232,-0.07089615438426822
F89,poly-higg,100.0,5.87,6.174195653289806,0.7686381012476144,0.7905803876659656,0.021942286418351165
F89,poly-higg,1000.0,5.06,5.873205749929877,0.7041505168397991,0.7688752152979239,0.06472469845812479
F89,poly-higg,10000.0,5.06,5.641015377476694,0.7041505168397991,0.7513572836190598,0.04720676677926072
F89,poly-higg,100000.0,5.06,5.463376694232507,0.7041505168397991,0.7374611457070622,0.0333106288672631
F89,poly-higg,15000000.0,4.4,4.97760401140508,0.6434526764861874,0.6970203437586793,0.05356766727249185
F90,bgg,100.0,2.42,2.6073555476652666,0.38381536598043126,0.4162002570450098,0.032384891064578536
F90,bgg,1000.0,2.42,2.576234480226929,0.38381536598043126,0.4109853885147386,0.027170022534307336
F90,bgg,10000.0,2.42,2.5518143776519,0.38381536598043126,0.4068490800438587,0.02303371406342747
F90,bgg,100000.0,2.42,2.5381862822466075,0.38381536598043126,0.40452349261406606,0.020708126633634805
F90,bgg,15000000.0,2.4,2.3801331818244553,0.38021124171160603,0.3766012589528062,-0.0036099827587998123
F91,bsa,100.0,2.76,2.626153165712902,0.4409090820652177,0.4193200519454219,-0.021589030119795793
F91,bsa,1000.0,2.65,2.616706658715214,0.42324587393680785,0.4177550395516845,-0.005490834385123322
F91,bsa,10000.0,2.42,2.5897082045283852,0.38381536598043126,0.4132508326904102,0.02943546670997893
F91,bsa,100000.0,2.42,2.5557469422037076,0.38381536598043126,0.407517849859869,0.02370248387943774
F91,bsa,15000000.0,2.0,2.379699897835752,0.3010299956639812,0.3765221919591695,0.07549219629518833
F92,poly-higg,100.0,3.45,2.9851603180761406,0.5378190950732742,0.47496765988286566,-0.06285143519040853
F92,poly-higg,1000.0,2.88,2.9337214134396827,0.45939248775923086,0.4674188708057495,0.008026383046518648
F92,poly-higg,10000.0,2.71,2.857018914914792,0.4329692908744057,0.4559131156420805,0.02294382476767476
F92,poly-higg,100000.0,2.71,2.7609821855775145,0.4329692908744057,0.4410636044913664,0.008094313616960669
F92,poly-higg,15000000.0,2.7,2.517172470971389,0.43136376415898736,0.40091297344467,-0.03045079071431739
F93,bgg,100.0,4.72,5.52207219594697,0.6739419986340878,0.7421020803359173,0.06816008170182952
F93,bgg,1000.0,4.72,5.244340610804071,0.6739419986340878,0.7196908906055433,0.045748891971455485
F93,bgg,10000.0,4.72,5.057348478528738,0.6739419986340878,0.7039228798907654,0.02998088125667764
F93,bgg,100000.0,4.2,4.674892266697727,0.6232492903979004,0.6697716069694335,0.04652231657153305
F93,bgg,15000000.0,2.7,3.7473625377570396,0.43136376415898736,0.573725710849596,0.14236194669060864
F94,bgg,100.0,2.88,2.9800640256202153,0.45939248775923086,0.47422559483963006,0.0148331070803992
F94,bgg,1000.0,2.88,2.842394202922462,0.45939248775923086,0.4536843087363541,-0.005708179022876736
F94,bgg,10000.0,2.88,2.630316468455732,0.45939248775923086,0.42000800409263306,-0.0393844836665978
F94,bgg,100000.0,2.53,2.440541633933086,0.40312052117581787,0.3874862208158018,-0.015634300360016062
F94,bgg,15000000.0,1.8,1.851965556941888,0.25527250510330607,0.26763290536471884,0.012360400261412774
F95,bgg,100.0,1.92,1.8827308578606243,0.28330122870354957,0.27478824072816044,-0.00851298797538913
F95,bgg,1000.0,1.92,1.8871009561934886,0.28330122870354957,0.2757951346879425,-0.00750609401560709
F95,bgg,10000.0,1.92,1.8798392007455076,0.28330122870354957,0.2741207018085712,-0.009180526894978391
F95,bgg,100000.0,1.92,1.8525078190610194,0.28330122870354957,0.26776004972444967,-0.015541178979099901
F95,bgg,15000000.0,1.9,1.591509972298928,0.2787536009528289,0.20180936422678486,-0.07694423672604406
F96,bgg,100.0,1.61,1.6530177502955858,0.20682587603184974,0.21827751710080964,0.011451641068959906
F96,bgg,1000.0,1.61,1.6768112252847398,0.20682587603184974,0.22448417266461923,0.017658296632769493
F96,bgg,10000.0,1.61,1.683213160420202,0.20682587603184974,0.2261391180746013,0.01931324204275156
F96,bgg,100000.0,1.61,1.658545573839652,0.20682587603184974,0.21972740964817333,0.012901533616323596
F96,bgg,15000000.0,1.6,1.4623636267006417,0.2041199826559248,0.16505537633857056,-0.03906460631735423
F97,bgg,100.0,8.05,7.4357803359434556,0.9057958803678685,0.8713265515817425,-0.03446932878612596
F97,bgg,1000.0,7.25,6.929163839203879,0.8603380065709937,0.8406808302929902,-0.019657176278003452
F97,bgg,10000.0,6.9,6.505354380962377,0.8388490907372553,0.8132709598529237,-0.025578130884331585
F97,bgg,100000.0,5.8,5.6390256911277366,0.7634279935629372,0.7512040732174706,-0.012223920345466599
F97,bgg,15000000.0,4.25,4.1608075287181325,0.6283889300503115,0.6191776265958909,-0.00921130345442056
F98,poly-higg,100.0,6.33,5.344278917957923,0.8014037100173551,0.727889115891333,-0.07351459412602213
F98,poly-higg,1000.0,5.98,5.213150429861993,0.7767011839884109,0.7171002570421887,-0.05960092694622221
F98,poly-higg,10000.0,5.98,5.096670505218904,0.7767011839884109,0.7072865577812307,-0.0694146262071802
F98,poly-higg,100000.0,5.28,4.952701733709644,0.7226339225338123,0.6948421742767297,-0.027791748257082638
F98,poly-higg,15000000.0,3.7,3.5739217534573857,0.568201724066995,0.5531450399397206,-0.015056684127274345
F99,poly-higg,100.0,2.86,3.0030292824358384,0.456366033129043,0.47755956701026936,0.021193533881226356
F99,poly-higg,1000.0,2.86,2.843990846806259,0.456366033129043,0.45392819431232423,-0.0024378388167187737
F99,poly-higg,10000.0,2.86,2.658177707490504,0.456366033129043,0.42458401152119274,-0.031782021607850264
F99,poly-higg,100000.0,2.6,2.4535283444042735,0.414973347970818,0.38979107953611664,-0.025182268434701338
F99,poly-higg,15000000.0,1.68,1.8558147617294818,0.22530928172586284,0.26853462491433633,0.043225343188473486
F100,poly-higg,100.0,1.61,1.6511578462421788,0.20682587603184974,0.21778859262995387,0.010962716598104133
F100,poly-higg,1000.0,1.61,1.6451461318007046,0.20682587603184974,0.21620448065435485,0.009378604622505116
F100,poly-higg,10000.0,1.61,1.6228635538462914,0.20682587603184974,0.21028200700880476,0.0034561309769550186
F100,poly-higg,100000.0,1.61,1.5829121058226583,0.20682587603184974,0.19945680051240253,-0.00736907551944721
F100,poly-higg,15000000.0,1.6,1.3883784276562672,0.2041199826559248,0.14250785707181074,-0.06161212558411405
F101,poly-higg,100.0,1.32,1.3754727186976672,0.12057393120584989,0.13845198095866484,0.017878049752814956
F101,poly-higg,1000.0,1.32,1.3691073112619403,0.12057393120584989,0.1364374896697172,0.015863558463867306
F101,poly-higg,10000.0,1.32,1.3513370947122905,0.12057393120584989,0.13076369847589578,0.01018976727004589
F101,poly-higg,100000.0,1.32,1.3183889761025804,0.12057393120584989,0.12004356295298406,-0.0005303682528658288
F101,poly-higg,15000000.0,1.3,1.1821965138424875,0.11394335230683679,0.07268967433176299,-0.0412536779750738
F102,poly-higg,100.0,7.36,7.139896604591054,0.8668778143374989,0.8536919226472257,-0.013185891690273177
F102,poly-higg,1000.0,7.36,6.683579513033103,0.8668778143374989,0.8250091191217443,-0.04186869521575454
F102,poly-higg,10000.0,7.36,6.292778627736634,0.8668778143374989,0.7988424540669734,-0.06803536027052548
F102,poly-higg,100000.0,6.6,5.819321904555378,0.8195439355418687,0.764872381511226,-0.05467155403064261
F102,poly-higg,15000000.0,4.18,4.058839356258308,0.6211762817750351,0.6084018628296801,-0.012774418945355026
F103,bgg,100.0,4.36,4.34329383557253,0.6394864892685861,0.6378192115521943,-0.0016672777163917463
F103,bgg,1000.0,4.36,4.194909120129778,0.6394864892685861,0.6227225565702779,-0.016763932698308226
F103,bgg,10000.0,4.04,4.031644578173347,0.6063813651106049,0.6054822385808717,-0.0008991265297332296
F103,bgg,100000.0,3.47,3.819362414683873,0.5403294747908738,0.5819908700071577,0.04166139521628387
F103,bgg,15000000.0,2.8,2.984563322733803,0.4471580313422192,0.4748807976428815,0.027722766300662283
F104,bgg,100.0,6.24,6.69974793454509,0.795184589682424,0.8260584634925527,0.030873873810128738
F104,bgg,1000.0,7.16,6.501588590496008,0.8549130223078556,0.8130194846109959,-0.04189353769685966
F104,bgg,10000.0,7.16,6.257329415604428,0.8549130223078556,0.7963890189080665,-0.05852400339978914
F104,bgg,100000.0,5.97,5.561460515835445,0.7759743311293691,0.7451888582499756,-0.030785472879393483
F104,bgg,15000000.0,3.85,4.51242265932194,0.5854607295085007,0.6544097713862789,0.06894904187777817
F105,bgg,100.0,2.02,2.1431338156756765,0.3053513694466238,0.3310492889117117,0.025697919465087926
F105,bgg,1000.0,2.02,2.097781052136466,0.3053513694466238,0.3217601583994839,0.01640878895286013
F105,bgg,10000.0,2.02,2.044117592196735,0.3053513694466238,0.3105058758918259,0.0051545064452021006
F105,bgg,100000.0,2.02,1.9983186666843378,0.3053513694466238,0.30066474522491227,-0.004686624221711511
F105,bgg,15000000.0,2.0,1.8589897274654883,0.3010299956639812,0.2692769899239266,-0.031753005740054574
F106,bgg,100.0,5.23,5.122222485980225,0.7185016888672743,0.7094584383133987,-0.00904325055387556
F106,bgg,1000.0,5.23,4.990541116098002,0.7185016888672743,0.6981476380070448,-0.020354050860229456
F106,bgg,10000.0,5.23,4.849093935178934,0.7185016888672743,0.6856605972181694,-0.03284109164910487
F106,bgg,100000.0,4.6,4.65074958234967,0.6627578316815741,0.6675229557377924,0.004765124056218317
F106,bgg,15000000.0,4.18,3.987654959590479,0.6211762817750351,0.600717573002529,-0.020458708772506107
F107,poly-higg,100.0,3.67,4.220802481818561,0.5646660642520893,0.6253950292301333,0.06072896497804403
F107,poly-higg,1000.0,3.67,3.9772799600405544,0.5646660642520893,0.5995861619745367,0.03492009772244742
F107,poly-higg,10000.0,3.67,3.720913078014205,0.5646660642520893,0.5706495248509595,0.005983460598870227
F107,poly-higg,100000.0,3.26,3.4678054550736146,0.5132176000679389,0.5400547254368375,0.026837125368898596
F107,poly-higg,15000000.0,2.96,2.852498346862572,0.4712917110589386,0.4552254013992196,-0.016066309659719002
F108,poly-higg,100.0,6.89,8.379776585233513,0.8382192219076258,0.9232324399794785,0.08501321807185269
F108,poly-higg,1000.0,6.89,7.544219970896542,0.8382192219076258,0.8776143428726697,0.03939512096504394
F108,poly-higg,10000.0,6.89,6.88084111677973,0.8382192219076258,0.8376415298123165,-0.0005776920953092235
F108,poly-higg,100000.0,5.53,6.325317859777814,0.7427251313046983,0.8010823545559906,0.058357223251292334
F108,poly-higg,15000000.0,4.82,4.814186009023579,0.6830470382388496,0.6825228663984786,-0.0005241718403710127
F109,poly-higg,100.0,3.94,4.8516224768744864,0.5954962218255742,0.6858869994103097,0.09039077758473557
F109,poly-higg,1000.0,4.22,4.6682507190452265,0.6253124509616739,0.6691541727747496,0.043841721813075774
F109,poly-higg,10000.0,4.31,4.521558084847188,0.6344772701607315,0.6552881142475631,0.020810844086831537
F109,poly-higg,100000.0,4.0,4.394948260155963,0.6020599913279624,0.6429537666769065,0.04089377534894412
F109,poly-higg,15000000.0,3.64,3.668617630210067,0.561101383649056,0.5645024488113973,0.003401065162341288
F110,poly-higg,100.0,6.24,6.573930541331932,0.795184589682424,0.8178251111122586,0.022640521429834637
F110,poly-higg,1000.0,6.24,6.5056915373104385,0.795184589682424,0.813293467673195,0.01810887799077099
F110,poly-higg,10000.0,6.24,6.393441993833732,0.795184589682424,0.8057347292809945,0.01055013959857054
F110,poly-higg,100000.0,6.24,6.210525709338838,0.795184589682424,0.7931283639449458,-0.0020562257374782122
F110,poly-higg,15000000.0,5.43,5.403482701033655,0.7347998295888469,0.7326737654351003,-0.0021260641537466096
F111,poly-higg,100.0,12.58,13.230726191775442,1.0996806411092501,1.1215836818613933,0.02190304075214322
F111,poly-higg,1000.0,12.31,11.829106355956833,1.0902580529313164,1.0729519365690732,-0.017306116362243218
F111,poly-higg,10000.0,12.31,10.66808139454281,1.0902580529313164,1.028086320578576,-0.06217173235274043
F111,poly-higg,100000.0,8.53,9.329716275939472,0.930949031167523,0.9698684367081872,0.0389194055406642
F111,poly-higg,15000000.0,5.04,5.068789380326025,0.7024305364455253,0.7049042456793942,0.002473709233868915
F112,poly-higg,100.0,11.66,11.70700100946553,1.0666985504229953,1.0684456558024844,0.0017471053794890778
F112,poly-higg,1000.0,10.29,10.559814600644035,1.012415374762433,1.02365629332809,0.01124091856565701
F112,poly-higg,10000.0,10.29,9.645016683344762,1.012415374762433,0.9843029831959016,-0.028112391566531336
F112,poly-higg,100000.0,7.82,8.82422018809725,0.893206753059848,0.9456763363861842,0.05246958332633622
F112,poly-higg,15000000.0,6.33,5.272742785425645,0.8014037100173551,0.7220365861247693,-0.07936712389258582
F113,poly-higg,100.0,13.69,15.96743301266786,1.13640344813399,1.20323510286104,0.06683165472705
F113,poly-higg,1000.0,12.77,13.458676893000218,1.1061908972634154,1.1290023669969427,0.022811469733527323
F113,poly-higg,10000.0,11.29,10.975550587189113,1.052693941924968,1.0404263157916351,-0.012267626133332765
F113,poly-higg,100000.0,7.91,8.909200900168194,0.8981764834976765,0.949838752273592,0.05166226877591551
F113,poly-higg,15000000.0,6.0,5.158612758862331,0.7781512503836436,0.712532927950581,-0.06561832243306265
F114,poly-higg,100.0,12.67,15.635999283226708,1.1027766148834413,1.1941256418516208,0.09134902696817959
F114,poly-higg,1000.0,12.67,13.577651010968472,1.1027766148834413,1.132824641725435,0.030048026841993813
F114,poly-higg,10000.0,12.67,11.993849279445282,1.1027766148834413,1.0789585869799576,-0.02381802790348364
F114,poly-higg,100000.0,7.72,9.264530737153136,0.8876173003357362,0.9668234265231066,0.07920612618737044
F114,poly-higg,15000000.0,6.0,5.742779621692796,0.7781512503836436,0.7591221506152885,-0.019029099768355096
F115,bsa,100.0,1.43,1.679285462871347,0.1553360374650618,0.22512452842627054,0.06978849096120873
F115,bsa,1000.0,1.43,1.638058554077252,0.1553360374650618,0.21432942200201419,0.05899338453695238
F115,bsa,10000.0,1.43,1.6146231397552535,0.1553360374650618,0.208071172225193,0.0527351347601312
F115,bsa,100000.0,1.43,1.5735166357540151,0.1553360374650618,0.19687133878274996,0.04153530131768815
F115,bsa,15000000.0,1.4,1.3645935667160982,0.146128035678238,0.1350033194968077,-0.011124716181430322
F116,bsa,100.0,2.76,2.5960744053895852,0.4409090820652177,0.41431713550392757,-0.026591946561290103
F116,bsa,1000.0,2.3,2.4427767605845085,0.36172783601759284,0.3878837796724774,0.02615594365488455
F116,bsa,10000.0,2.3,2.307468712334933,0.36172783601759284,0.36313582100784686,0.0014079849902540187
F116,bsa,100000.0,2.21,2.133212780695908,0.3443922736851107,0.3290341770027198,-0.01535809668239091
F116,bsa,15000000.0,1.92,1.7078543251819582,0.28330122870354957,0.23245082392456667,-0.050850404778982894
F117,bsa,100.0,3.83,4.501599356762931,0.5831987739686227,0.6533668400892609,0.0701680661206382
F117,bsa,1000.0,3.83,4.25692180537335,0.5831987739686227,0.6290956727736212,0.045896898804998476
F117,bsa,10000.0,3.83,4.03367346530703,0.5831987739686227,0.6057007382111154,0.022501964242492623
F117,bsa,100000.0,3.5,3.6616062026522824,0.5440680443502757,0.5636716351018348,0.019603590751559152
F117,bsa,15000000.0,2.5,2.96489849753524,0.3979400086720376,0.47200983000554175,0.07406982133350415
F118,bsa,100.0,12.35,9.587462117486702,1.0916669575956846,0.9817036609519276,-0.10996329664375692
F118,bsa,1000.0,7.99,8.75831839280968,0.9025467793139914,0.9424207291327567,0.03987394981876524
F118,bsa,10000.0,7.99,7.85437530480667,0.9025467793139914,0.89511164927873,-0.007435130035261417
F118,bsa,100000.0,6.29,6.4540497840533995,0.798650645445269,0.8098323110611136,0.01118166561584466
F118,bsa,15000000.0,5.5,4.69753614246678,0.7403626894942439,0.6718701302123719,-0.06849255928187203
F119,bsa,100.0,1.75,1.417674483580962,0.24303804868629444,0.15157652265698812,-0.09146152602930632
F119,bsa,1000.0,1.68,1.4219784102048991,0.22530928172586284,0.15289300258217406,-0.07241627914368878
F119,bsa,10000.0,1.61,1.4159693643576852,0.20682587603184974,0.15105385714306033,-0.05577201888878941
F119,bsa,100000.0,1.5,1.3865280280456374,0.17609125905568124,0.1419286530718523,-0.03416260598382895
F119,bsa,15000000.0,1.36,1.2467956426829219,0.13353890837021754,0.0957952758296421,-0.03774363254057543
F120,bsa,100.0,3.4,2.966401620498412,0.5314789170422551,0.4722299497126926,-0.05924896732956253
F120,bsa,1000.0,2.76,2.868991041267434,0.4409090820652177,0.4577291921169664,0.016820110051748716
F120,bsa,10000.0,2.3,2.7264172546969117,0.36172783601759284,0.43559232161798195,0.07386448560038911
F120,bsa,100000.0,2.02,2.5328814507094135,0.3053513694466238,0.4036148634946227,0.09826349404799894
F120,bsa,15000000.0,1.7,1.9242419041659702,0.2304489213782739,0.2842596680347176,0.05381074665644367
F121,bsa,100.0,3.76,4.539714917189509,0.5751878449276611,0.657028581099642,0.08184073617198095
F121,bsa,1000.0,3.55,4.313705951669099,0.5502283530550941,0.6348505376325557,0.08462218457746162
F121,bsa,10000.0,3.22,4.127015300657905,0.5078558716958309,0.6156360790007451,0.10778020730491422
F121,bsa,100000.0,2.76,3.9122213656696485,0.4409090820652177,0.5924234205452339,0.15151433848001622
F121,bsa,15000000.0,2.0,2.9458637000000456,0.3010299956639812,0.46921264891962905,0.16818265325564785
F122,bsa,100.0,6.89,9.310001555531272,0.8382192219076258,0.968949753544027,0.13073053163640125
F122,bsa,1000.0,6.89,8.573078317372486,0.8382192219076258,0.9331367911415657,0.0949175692339399
F122,bsa,10000.0,6.7,7.67749212273352,0.8260748027008264,0.8852193795201707,0.05914457681934426
F122,bsa,100000.0,5.71,6.47578502493251,0.756636108245848,0.8112924231518726,0.05465631490602452
F122,bsa,15000000.0,4.4,4.751441517826471,0.6434526764861874,0.6768253882063019,0.03337271172011447
F123,bsa,100.0,5.32,5.071693871599569,0.7259116322950482,0.705153031567797,-0.02075860072725122
F123,bsa,1000.0,5.32,4.815658931292536,0.7259116322950482,0.6826557204626165,-0.043255911832431715
F123,bsa,10000.0,5.32,4.492225212066661,0.7259116322950482,0.6524615209433868,-0.07345011135166135
F123,bsa,100000.0,4.61,3.982767710993799,0.6637009253896482,0.6001849775678934,-0.06351594782175485
F123,bsa,15000000.0,3.35,3.0196543732593617,0.5250448070368452,0.479957236872284,-0.04508757016456122
F124,bsa,100.0,1.47,1.4256583979959134,0.1673173347481761,0.15401547668152932,-0.013301858066646771
F124,bsa,1000.0,1.47,1.4579298261949674,0.1673173347481761,0.16373662080655568,-0.003580713941620406
F124,bsa,10000.0,1.47,1.4681444380228819,0.1673173347481761,0.16676878415672042,-0.000548550591455671
F124,bsa,100000.0,1.47,1.4234464433792133,0.1673173347481761,0.15334113162878812,-0.013976203119387964
F124,bsa,15000000.0,1.47,1.296884753873854,0.1673173347481761,0.1129013847344805,-0.05441595001369559
F125,bsa,100.0,2.25,2.537459083310541,0.3521825181113625,0.4043990479515277,0.05221652984016523
F125,bsa,1000.0,2.25,2.4434146716417735,0.3521825181113625,0.3879971772982282,0.035814659186865716
F125,bsa,10000.0,2.25,2.3368962850706296,0.3521825181113625,0.3686394381855365,0.016456920074174042
F125,bsa,100000.0,2.11,2.1555598714863136,0.3242824552976926,0.33356009005004156,0.00927763475234894
F125,bsa,15000000.0,1.25,1.6497177304338786,0.09691001300805642,0.21740964203093827,0.12049962902288185
F126,bsa,100.0,2.76,3.0945091288326787,0.4409090820652177,0.49059176820375955,0.049682686138541876
F126,bsa,1000.0,2.76,2.9946295995889005,0.4409090820652177,0.47634311293479753,0.03543403086957986
F126,bsa,10000.0,2.76,2.8275028016506476,0.4409090820652177,0.4514030439213881,0.010493961856170408
F126,bsa,100000.0,2.76,2.523784546002434,0.4409090820652177,0.4020522766908916,-0.038856805374326064
F126,bsa,15000000.0,2.4,1.931019144716673,0.38021124171160603,0.2857865795295721,-0.09442466218203394
F127,poly-higg,100.0,13.5,13.449124118144148,1.130333768495006,1.1286940015842926,-0.001639766910713547
F127,poly-higg,1000.0,12.48,11.71160145461847,1.0962145853464051,1.0686162849399818,-0.027598300406423304
F127,poly-higg,10000.0,11.02,10.24995481725691,1.0421815945157662,1.0107219509859926,-0.031459643529773595
F127,poly-higg,100000.0,6.54,7.86869313333025,0.8155777483242672,0.8959026088377846,0.0803248605135174
F127,poly-higg,15000000.0,4.35,4.642717006443404,0.6384892569546373,0.6667722123576049,0.028282955402967547
F128,poly-higg,100.0,1.84,1.5383101412860212,0.2648178230095365,0.18704390313147948,-0.07777391987805701
F128,poly-higg,1000.0,1.84,1.5340195010498756,0.2648178230095365,0.18583088056766894,-0.07898694244186755
F128,poly-higg,10000.0,1.84,1.5552396319931752,0.2648178230095365,0.19179731479968637,-0.07302050820985012
F128,poly-higg,100000.0,1.84,1.5420733031716205,0.2648178230095365,0.18810501859579365,-0.07671280441374284
F128,poly-higg,15000000.0,1.8,1.4231267111761297,0.25527250510330607,0.15324357015783296,-0.1020289349454731
F129,poly-higg,100.0,2.44,2.760949602287278,0.3873898263387294,0.4410584792041677,0.05366865286543826
F129,poly-higg,1000.0,2.44,2.6027584725045467,0.3873898263387294,0.4154338688678735,0.028044042529144053
F129,poly-higg,10000.0,2.44,2.522639360856113,0.3873898263387294,0.40185516776483954,0.014465341426110112
F129,poly-higg,100000.0,2.35,2.3857703304450864,0.37106786227173627,0.3776286333740484,0.006560771102312124
F129,poly-higg,15000000.0,2.2,1.9235862801717873,0.3424226808222063,0.28411167084150013,-0.05831100998070615
F130,poly-higg,100.0,4.59,5.705185918048373,0.6618126855372612,0.7562698015792761,0.0944571160420149
F130,poly-higg,1000.0,4.59,5.332569268290227,0.6618126855372612,0.7269365054980875,0.06512381996082628
F130,poly-higg,10000.0,4.59,5.0932790741515195,0.6618126855372612,0.7069974729646217,0.04518478742736043
F130,poly-higg,100000.0,3.51,4.546678628224529,0.5453071164658241,0.6576942581590985,0.11238714169327446
F130,poly-higg,15000000.0,2.77,3.6117973473049156,0.4424797690644486,0.5577233746934463,0.11524360562899777
F131,bgg,100.0,18.37,17.591436650875334,1.2641091563058084,1.2453013087052989,-0.018807847600509575
F131,bgg,1000.0,15.62,15.778561489465758,1.1936810295412814,1.1980674066259651,0.004386377084683701
F131,bgg,10000.0,15.16,14.143840211339118,1.1806992012960347,1.1505673412969897,-0.030131859999044996
F131,bgg,100000.0,10.06,10.574494575524769,1.0025979807199086,1.0242596187604347,0.02166163804052612
F131,bgg,15000000.0,4.58,5.178677706586228,0.6608654780038692,0.7142188836754404,0.05335340567157121
F132,bgg,100.0,1.75,1.8799374340849988,0.24303804868629444,0.2741433958148557,0.03110534712856125
F132,bgg,1000.0,1.71,1.8725377766316698,0.23299611039215382,0.2724305879294152,0.0394344775372614
F132,bgg,10000.0,1.66,1.8562976682293246,0.22010808804005508,0.26864761913705837,0.04853953109700329
F132,bgg,100000.0,1.66,1.8142252983455935,0.22010808804005508,0.25869121864059386,0.03858313060053878
F132,bgg,15000000.0,1.44,1.6000656668481235,0.15836249209524964,0.20413780650878097,0.04577531441353133
F133,bgg,100.0,2.67,2.915302864276848,0.42651126136457523,0.46468367931858934,0.038172417954014104
F133,bgg,1000.0,2.67,2.74141365493258,0.42651126136457523,0.437974571657814,0.011463310293238771
F133,bgg,10000.0,2.67,2.656409912782439,0.42651126136457523,0.4242950922032622,-0.0022161691613130086
F133,bgg,100000.0,2.46,2.5349205686369616,0.39093510710337914,0.40396435532887154,0.013029248225492396
F133,bgg,15000000.0,2.16,2.0867679914028234,0.3344537511509309,0.3194741665285142,-0.01497958462241672
F134,bgg,100.0,5.05,6.0228177409785415,0.7032913781186614,0.7797997210014053,0.07650834288274388
F134,bgg,1000.0,5.05,5.487988626083482,0.7032913781186614,0.7394132026195589,0.036121824500897515
F134,bgg,10000.0,5.05,5.087279102007142,0.7032913781186614,0.7064855648647941,0.003194186746132699
F134,bgg,100000.0,4.65,4.562603499243458,0.667452952889954,0.6592127292213513,-0.008240223668602664
F134,bgg,15000000.0,4.23,3.5502448699913756,0.6263403673750424,0.5502583085532572,-0.0760820588217852
F135,bsa,100.0,5.05,6.234730884946196,0.7032913781186614,0.7948177123927138,0.09152633427405243
F135,bsa,1000.0,5.05,5.976599652299312,0.7032913781186614,0.7764541652162318,0.0731627870975704
F135,bsa,10000.0,5.05,5.655214989450364,0.7032913781186614,0.7524491197755641,0.049157741656902676
F135,bsa,100000.0,4.74,5.243817533182415,0.6757783416740851,0.719647571326455,0.043869229652369834
F135,bsa,15000000.0,4.11,4.304813300916946,0.6138418218760693,0.6339543209139973,0.020112499037928
F136,bsa,100.0,6.7,7.329036249533805,0.8260748027008264,0.86504686972606,0.03897206702523359
F136,bsa,1000.0,6.7,7.120562730113547,0.8260748027008264,0.8525143168006067,0.026439514099780292
F136,bsa,10000.0,6.7,6.729574398915795,0.8260748027008264,0.8279875988380819,0.0019127961372554791
F136,bsa,100000.0,6.15,6.2655219908780655,0.7888751157754168,0.7969572586205766,0.008082142845159845
F136,bsa,15000000.0,5.59,5.046149728714027,0.7474118078864233,0.7029601327034638,-0.04445167518295945
F137,poly-higg,100.0,10.97,11.4613096920299,1.040206627574711,1.0592342476071308,0.019027620032419756
F137,poly-higg,1000.0,10.11,9.802228990472967,1.0047511555910011,0.991324843875161,-0.013426311715840189
F137,poly-higg,10000.0,9.46,8.430223438946241,0.9758911364017928,0.9258390855399745,-0.0500520508618183
F137,poly-higg,100000.0,6.54,7.230547277735359,0.8155777483242672,0.8591711701445113,0.04359342182024406
F137,poly-higg,15000000.0,4.17,5.220172323290741,0.6201360549737575,0.7176848397491973,0.09754878477543982
F138,poly-higg,100.0,11.02,10.245530275194461,1.0421815945157662,1.0105344409832917,-0.03164715353247449
F138,poly-higg,1000.0,10.11,9.872194683071548,1.0047511555910011,0.9944137112100349,-0.010337444380966287
F138,poly-higg,10000.0,9.19,9.340082231840837,0.9633155113861113,0.9703506998572348,0.007035188471123499
F138,poly-higg,100000.0,6.88,8.182286155404784,0.8375884382355113,0.9128746638130663,0.07528622557755493
F138,poly-higg,15000000.0,5.75,6.024800497910945,0.7596678446896304,0.7799426704849295,0.020274825795299045
F139,bgg,100.0,9.65,12.664224472007136,0.9845273133437926,1.1025785997451762,0.11805128640138363
F139,bgg,1000.0,9.65,11.035416440959308,0.9845273133437926,1.042788726677386,0.05826141333359347
F139,bgg,10000.0,9.65,9.544958162013634,0.9845273133437926,0.9797740291103629,-0.004753284233429689
F139,bgg,100000.0,6.71,7.646501473374221,0.8267225201689921,0.8834627765469414,0.05674025637794933
F139,bgg,15000000.0,4.65,4.961045177559347,0.667452952889954,0.6955731819395103,0.028120229049556356
F140,bgg,100.0,12.31,9.042858543248386,1.0902580529313164,0.9563057372586274,-0.13395231567268895
F140,bgg,1000.0,10.11,8.639486543027733,1.0047511555910011,0.9364879325071374,-0.06826322308386379
F140,bgg,10000.0,10.11,8.183449275557063,1.0047511555910011,0.9129363948201337,-0.09181476077086748
F140,bgg,100000.0,7.55,7.067720993309021,0.8779469516291882,0.8492793968819873,-0.028667554747200952
F140,bgg,15000000.0,6.24,5.421465607270059,0.795184589682424,0.7341167070379685,-0.06106788264445551
F141,bgg,100.0,15.62,15.586669503370349,1.1936810295412814,1.1927533268097879,-0.0009277027314935626
F141,bgg,1000.0,15.62,13.8915357035502,1.1936810295412814,1.142750259467705,-0.05093077007357638
F141,bgg,10000.0,13.78,12.262564387666288,1.139249217571607,1.0885813007659668,-0.05066791680564009
F141,bgg,100000.0,8.64,9.176755175348148,0.9365137424788933,0.9626891454110378,0.026175402932144487
F141,bgg,15000000.0,4.14,4.546217773437953,0.617000341120899,0.6576502355106268,0.04064989438972788
F142,bgg,100.0,6.43,8.049280505013385,0.8082109729242221,0.9057570621483146,0.09754608922409258
F142,bgg,1000.0,5.97,7.369194817844605,0.7759743311293691,0.8674200380259114,0.0914457068965423
F142,bgg,10000.0,5.97,6.759546526536166,0.7759743311293691,0.8299175616770036,0.0539432305476345
F142,bgg,100000.0,4.61,5.530073887156509,0.6637009253896482,0.7427309339394154,0.07903000854976716
F142,bgg,15000000.0,3.45,3.878606893801672,0.5378190950732742,0.5886757650333946,0.05085666996012039
F143,bgg,100.0,2.76,3.227734675392947,0.4409090820652177,0.5088978278627264,0.06798874579750874
F143,bgg,1000.0,2.76,3.0470442169774685,0.4409090820652177,0.4838787565036015,0.04296967443838384
F143,bgg,10000.0,2.76,2.899486665896674,0.4409090820652177,0.4623211158637441,0.02141203379852641
F143,bgg,100000.0,2.46,2.7125462240878773,0.39093510710337914,0.43337714766589425,0.042442040562515104
F143,bgg,15000000.0,2.0,2.1135079760249478,0.3010299956639812,0.3250038911227316,0.023973895458750394
F144,bgg,100.0,2.02,2.235218435034157,0.3053513694466238,0.34931997064223985,0.043968601195616075
F144,bgg,1000.0,2.02,2.197234078737669,0.3053513694466238,0.34187632623724457,0.03652495679062079
F144,bgg,10000.0,2.02,2.184887951037127,0.3053513694466238,0.3394291696844519,0.03407780023782814
F144,bgg,100000.0,2.02,2.138390709503443,0.3053513694466238,0.3300870589077804,0.024735689461156618
F144,bgg,15000000.0,1.76,1.7004961845663529,0.24551266781414982,0.2305756618355519,-0.014937005978597928
F145,bsa,100.0,4.04,4.896440045439846,0.6063813651106049,0.6898804411470046,0.08349907603639972
F145,bsa,1000.0,4.04,4.583865814437031,0.6063813651106049,0.6612318958479656,0.05485053073736068
F145,bsa,10000.0,4.04,4.254812852367208,0.6063813651106049,0.628880462429612,0.022499097319007122
F145,bsa,100000.0,4.04,3.8325084394361997,0.6063813651106049,0.583483119872541,-0.02289824523806394
F145,bsa,15000000.0,4.0,3.2265894333724883,0.6020599913279624,0.5087437072184058,-0.09331628410955661
F146,bsa,100.0,3.04,3.39768489109557,0.48287358360875376,0.5311830989579571,0.04830951534920336
F146,bsa,1000.0,3.04,3.275210245171454,0.48287358360875376,0.5152391838353056,0.03236560022655188
F146,bsa,10000.0,3.04,3.1144705599682445,0.48287358360875376,0.49338422999141923,0.010510646382665467
F146,bsa,100000.0,2.76,2.7843776119688566,0.4409090820652177,0.4447281331201129,0.0038190510548952172
F146,bsa,15000000.0,1.5,2.0033026647342043,0.17609125905568124,0.30174656871136946,0.12565530965568822
F147,bsa,100.0,2.48,2.996483285414303,0.3944516808262163,0.4766118595153733,0.08216017868915704
F147,bsa,1000.0,2.48,2.858998858083305,0.3944516808262163,0.45621398189586276,0.061762301069646475
F147,bsa,10000.0,2.48,2.6738013811778307,0.3944516808262163,0.42712914329163676,0.03267746246542047
F147,bsa,100000.0,2.21,2.37742911192797,0.3443922736851107,0.37610757639494463,0.031715302709833915
F147,bsa,15000000.0,1.5,1.6835947744046136,0.17609125905568124,0.22623756910095327,0.050146310045272036
F148,bsa,100.0,1.84,1.7019451177743907,0.2648178230095365,0.23094555138192152,-0.03387227162761497
F148,bsa,1000.0,1.84,1.7039256188245993,0.2648178230095365,0.23145063266126245,-0.03336719034827404
F148,bsa,10000.0,1.84,1.6979906144927281,0.2648178230095365,0.22993528538656574,-0.03488253762297075
F148,bsa,100000.0,1.76,1.6269237629390987,0.24551266781414982,0.21136720253083568,-0.034145465283314136
F148,bsa,15000000.0,1.3,1.3640915872821715,0.11394335230683679,0.13484353052274947,0.020900178215912682
F149,poly-higg,100.0,9.19,12.600098798556248,0.9633155113861113,1.1003739504746721,0.13705843908856086
F149,poly-higg,1000.0,9.19,10.955126572046613,0.9633155113861113,1.039617399625967,0.07630188823985573
F149,poly-higg,10000.0,9.19,9.562756796342693,0.9633155113861113,0.9805831107747096,0.017267599388598343
F149,poly-higg,100000.0,5.87,7.6970262216335295,0.7686381012476144,0.886322966082846,0.11768486483523155
F149,poly-higg,15000000.0,3.4,4.648731389558197,0.5314789170422551,0.6673344527430206,0.13585553570076547
F150,poly-higg,100.0,4.59,7.360845815273624,0.6618126855372612,0.8669277208321471,0.20511503529488584
F150,poly-higg,1000.0,4.59,6.786248024748743,0.6618126855372612,0.8316297282550649,0.16981704271780362
F150,poly-higg,10000.0,4.59,6.1762847317457785,0.6618126855372612,0.7907273091177731,0.12891462358051187
F150,poly-higg,100000.0,3.77,5.154445681575947,0.5763413502057929,0.7121819673155607,0.1358406171097678
F150,poly-higg,15000000.0,3.4,3.7029008667353094,0.5314789170422551,0.5685420853667188,0.03706316832446366
F151,poly-higg,100.0,2.71,3.1867829835722272,0.4329692908744057,0.5033524895025625,0.07038319862815678
F151,poly-higg,1000.0,2.71,2.995057393525036,0.4329692908744057,0.4764051490800535,0.04343585820564777
F151,poly-higg,10000.0,2.71,2.80759832806135,0.4329692908744057,0.4483349751157469,0.01536568424134116
F151,poly-higg,100000.0,2.39,2.5982967640376513,0.3783979009481377,0.41468875244275377,0.03629085149461608
F151,poly-higg,15000000.0,2.28,2.016173385037141,0.35793484700045375,0.30452787743965076,-0.053406969560802986
F152,poly-higg,100.0,1.47,1.7948676531626215,0.1673173347481761,0.25403243084179933,0.08671509609362324
F152,poly-higg,1000.0,1.47,1.7363809403880444,0.1673173347481761,0.23964501010277792,0.07232767535460183
F152,poly-higg,10000.0,1.47,1.6878763906362655,0.1673173347481761,0.22734063848025843,0.06002330373208234
F152,poly-higg,100000.0,1.47,1.6618765517465728,0.1673173347481761,0.22059876019029243,0.05328142544211634
F152,poly-higg,15000000.0,1.4,1.5106791948064549,0.146128035678238,0.179172248112971,0.03304421243473299
F153,poly-higg,100.0,14.7,15.075227546627325,1.167317334748176,1.1782638761354927,0.010946541387316655
F153,poly-higg,1000.0,12.12,13.31077935856831,1.0835026198302673,1.1242034845668274,0.040700864736560094
F153,poly-higg,10000.0,12.12,11.979717461252717,1.0835026198302673,1.078446575443456,-0.005056044386811287
F153,poly-higg,100000.0,10.06,10.426386244829475,1.0025979807199086,1.0181338093010552,0.01553582858114666
F153,poly-higg,15000000.0,4.0,4.805855814786538,0.6020599913279624,0.6817707369668589,0.07971074563889646
F154,poly-higg,100.0,14.38,14.106497434502783,1.1577588860468637,1.1494191942151375,-0.008339691831726226
F154,poly-higg,1000.0,14.38,12.642856026964273,1.1577588860468637,1.1018451923515578,-0.055913693695305966
F154,poly-higg,10000.0,14.38,11.367052082094467,1.1577588860468637,1.055647849870121,-0.10211103617674278
F154,poly-higg,100000.0,12.6,9.689269509172124,1.100370545117563,0.9862910360709645,-0.11407950904659847
F154,poly-higg,15000000.0,3.5,4.912337459537115,0.5440680443502757,0.6912881935933641,0.14722014924308846
F155,poly-higg,100.0,15.64,16.594672053751534,1.1942367487238292,1.2199686742406533,0.025731925516824017
F155,poly-higg,1000.0,15.64,14.755713097115589,1.1942367487238292,1.1689602024268946,-0.025276546296934654
F155,poly-higg,10000.0,15.64,13.164907156470724,1.1942367487238292,1.1194178006563198,-0.07481894806750944
F155,poly-higg,100000.0,12.6,11.221642676856913,1.100370545117563,1.0500564356435056,-0.050314109474057345
F155,poly-higg,15000000.0,3.81,5.372046630667377,0.5809249756756193,0.7301397737944505,0.1492147981188312
F156,poly-higg,100.0,6.8,5.808353209957162,0.8325089127062363,0.7640530182414798,-0.06845589446475653
F156,poly-higg,1000.0,6.8,5.530603126208951,0.8325089127062363,0.7427724947950449,-0.08973641791119136
F156,poly-higg,10000.0,6.43,5.143992355146866,0.8082109729242221,0.7113003144807072,-0.09691065844351487
F156,poly-higg,100000.0,5.45,4.584629446108521,0.7363965022766424,0.6613042394577897,-0.07509226281885273
F156,poly-higg,15000000.0,2.21,3.0365969614401265,0.3443922736851107,0.48238715311743086,0.13799487943232014
F157,poly-higg,100.0,6.8,7.748758073459949,0.8325089127062363,0.8892321018529068,0.056723189146670516
F157,poly-higg,1000.0,6.34,7.163911535247842,0.8020892578817327,0.8551502142525215,0.05306095637078878
F157,poly-higg,10000.0,6.34,6.490659220606152,0.8020892578817327,0.8122888079455721,0.010199550063839435
F157,poly-higg,100000.0,5.45,5.772531791021942,0.7363965022766424,0.7613663333826111,0.02496983110596862
F157,poly-higg,15000000.0,3.3,3.6014524638509426,0.5185139398778874,0.5564776868279738,0.03796374695008642
F158,poly-higg,100.0,6.67,8.34981385590667,0.8241258339165489,0.9216767937765755,0.0975509598600266
F158,poly-higg,1000.0,6.67,7.7023370411771666,0.8241258339165489,0.8866225186908681,0.06249668477431913
F158,poly-higg,10000.0,6.67,7.1549709544327555,0.8241258339165489,0.8546078750831911,0.030482041166642215
F158,poly-higg,100000.0,6.09,6.200133469867268,0.7846172926328754,0.7924010386277609,0.007783745994885516
F158,poly-higg,15000000.0,2.6,3.984463758508332,0.414973347970818,0.6003698809664085,0.18539653299559056
F159,poly-higg,100.0,9.19,7.6556055069961095,0.9633155113861113,0.8839795461704489,-0.07933596521566233
F159,poly-higg,1000.0,7.35,7.020806060952997,0.8662873390841949,0.8463869764784515,-0.01990036260574335
F159,poly-higg,10000.0,7.35,6.559776619766532,0.8662873390841949,0.8168890505868596,-0.049398288497335296
F159,poly-higg,100000.0,6.37,5.877563327438039,0.8041394323353505,0.7691973171008867,-0.03494211523446378
F159,poly-higg,15000000.0,2.5,3.7201174294276607,0.3979400086720376,0.5705566490613383,0.1726166403893007
F160,poly-higg,100.0,6.06,5.524251651879507,0.7824726241662862,0.742273454217468,-0.040199169948818114
F160,poly-higg,1000.0,4.59,5.287793608376171,0.6618126855372612,0.7232744955523539,0.061461810015092655
F160,poly-higg,10000.0,4.5,5.076390076712593,0.6532125137753437,0.7055549864831192,0.05234247270777548
F160,poly-higg,100000.0,3.6,4.547070001650321,0.5563025007672873,0.6577316401730969,0.10142913940580967
F160,poly-higg,15000000.0,2.3,3.3095612173802533,0.36172783601759284,0.5197704186995068,0.15804258268191396
F161,poly-higg,100.0,6.43,7.74852775408725,0.8082109729242221,0.8892191929559865,0.08100822003176444
F161,poly-higg,1000.0,5.23,7.163856935734237,0.7185016888672743,0.8551469042789521,0.13664521541167785
F161,poly-higg,10000.0,4.96,6.4905578109078075,0.6954816764901974,0.8122820224997551,0.11680034600955769
F161,poly-higg,100000.0,4.02,5.772650304650058,0.60422605308447,0.7613752496239135,0.15714919653944348
F161,poly-higg,15000000.0,2.0,3.601496553201373,0.3010299956639812,0.5564830034730195,0.2554530078090383
F162,poly-higg,100.0,10.66,7.748714518951118,1.0277572046905534,0.8892296607473995,-0.13852754394315392
F162,poly-higg,1000.0,10.66,7.163865125634749,1.0277572046905534,0.8551474007749875,-0.1726098039155659
F162,poly-higg,10000.0,9.37,6.490656747180024,0.9717395908877783,0.8122886424468937,-0.1594509484408846
F162,poly-higg,100000.0,6.71,5.7725601130830455,0.8267225201689921,0.7613684641780963,-0.06535405599089572
F162,poly-higg,15000000.0,3.28,3.6014564095684847,0.5158738437116791,0.5564781626366744,0.040604318924995275
F163,adalimumab,100.0,6.15,8.550045223719167,0.7888751157754168,0.9319684118462712,0.14309329607085441
F163,adalimumab,1000.0,6.15,7.681341112438852,0.7888751157754168,0.885437051657022,0.09656193588160522
F163,adalimumab,10000.0,6.15,6.744221906763139,0.7888751157754168,0.828931851548065,0.04005673577264823
F163,adalimumab,100000.0,4.44,4.9111032857225,0.6473829701146199,0.6911790679022511,0.04379609778763127
F163,adalimumab,15000000.0,2.54,2.5971762230278697,0.40483371661993806,0.4145014182823985,0.009667701662460448
F164,adalimumab,100.0,6.43,5.987210970174527,0.8082109729242221,0.7772245615644873,-0.03098641135973479
F164,adalimumab,1000.0,5.23,5.363840244935674,0.7185016888672743,0.7294758344711179,0.010974145603843577
F164,adalimumab,10000.0,5.23,4.3869926138852176,0.7185016888672743,0.6421669032101439,-0.07633478565713037
F164,adalimumab,100000.0,3.81,3.399405512218166,0.5809249756756193,0.5314029742959655,-0.04952200137965379
F164,adalimumab,15000000.0,2.28,2.0696608673121752,0.35793484700045375,0.3158991882003184,-0.04203565880013532
F165,adalimumab,100.0,3.67,3.632248543321221,0.5646660642520893,0.5601755582685973,-0.004490505983491988
F165,adalimumab,1000.0,3.13,3.168922565458762,0.49554433754644844,0.5009116270713853,0.0053672895249368135
F165,adalimumab,10000.0,2.85,2.5951394393768292,0.4548448600085102,0.41416069787810833,-0.04068416213040188
F165,adalimumab,100000.0,2.44,2.0162824884136343,0.3873898263387294,0.3045513782519927,-0.08283844808673674
F165,adalimumab,15000000.0,1.45,1.365844899462258,0.16136800223497488,0.135401385193186,-0.025966617041788875
F166,adalimumab,100.0,1.47,1.586496271773325,0.1673173347481761,0.2004390558564281,0.03312172110825201
F166,adalimumab,1000.0,1.47,1.5563324411186887,0.1673173347481761,0.19210237023876733,0.024785035490591245
F166,adalimumab,10000.0,1.47,1.5146945048541023,0.1673173347481761,0.1803250498451549,0.013007715096978817
F166,adalimumab,100000.0,1.47,1.4571145318057057,0.1673173347481761,0.16349368943390358,-0.0038236453142725113
F166,adalimumab,15000000.0,1.47,1.2904612804797768,0.1673173347481761,0.110744978328749,-0.056572356419427094
F167,adalimumab,100.0,1.97,1.9914302491918012,0.2944662261615929,0.29916509963733495,0.004698873475742049
F167,adalimumab,1000.0,1.97,1.9071835014277294,0.2944662261615929,0.2803924811023568,-0.014073745059236087
F167,adalimumab,10000.0,1.97,1.7875731765007858,0.2944662261615929,0.2522638292143813,-0.04220239694721162
F167,adalimumab,100000.0,1.76,1.692937400394782,0.24551266781414982,0.22864089953495484,-0.016871768279194982
F167,adalimumab,15000000.0,1.2,1.4238647935450108,0.07918124604762482,0.1534687517972196,0.07428750574959479
F168,adalimumab,100.0,2.02,2.089730577236431,0.3053513694466238,0.3200902974211052,0.014738927974481397
F168,adalimumab,1000.0,2.02,2.0610449021993134,0.3053513694466238,0.31408745347982536,0.008736084033201585
F168,adalimumab,10000.0,2.02,2.0084486217809396,0.3053513694466238,0.30286072650213186,-0.0024906429444919165
F168,adalimumab,100000.0,2.02,1.8774257249852737,0.3053513694466238,0.27356276438879545,-0.03178860505782832
F168,adalimumab,15000000.0,2.0,1.474830490708011,0.3010299956639812,0.16874210764939981,-0.13228788801458138
F169,adalimumab,100.0,3.22,3.9037680802460444,0.5078558716958309,0.591484008671596,0.0836281369757651
F169,adalimumab,1000.0,2.67,3.5129546797864797,0.42651126136457523,0.5456725470463354,0.11916128568176015
F169,adalimumab,10000.0,2.48,2.9886727974956213,0.3944516808262163,0.4754783707031912,0.08102668987697492
F169,adalimumab,100000.0,2.1,2.312149667788982,0.3222192947339193,0.3640159429799247,0.041796648246005375
F169,adalimumab,15000000.0,1.3,1.487108498477682,0.11394335230683679,0.17234265552341846,0.05839930321658167
F170,adalimumab,100.0,2.76,2.310735601332016,0.4409090820652177,0.3637502555389837,-0.07715882652623396
F170,adalimumab,1000.0,2.48,2.1271399329052163,0.3944516808262163,0.3277960607017871,-0.06665562012442922
F170,adalimumab,10000.0,2.02,1.914181022070173,0.3053513694466238,0.2819830061517463,-0.02336836329487746
F170,adalimumab,100000.0,1.58,1.6544307996358172,0.19865708695442263,0.2186486065125981,0.019991519558175463
F170,adalimumab,15000000.0,1.2,1.1275678446351063,0.07918124604762482,0.05214268240295537,-0.027038563644669444
F171,adalimumab,100.0,2.76,2.1764260596328593,0.4409090820652177,0.33774391732897585,-0.10316516473624182
F171,adalimumab,1000.0,2.39,2.0900658648039805,0.3783979009481377,0.3201599723647389,-0.05823792858339877
F171,adalimumab,10000.0,1.7,1.982408928069993,0.2304489213782739,0.29719324494542687,0.06674432356715296
F171,adalimumab,100000.0,1.58,1.836800907089567,0.19865708695442263,0.26406208519081953,0.0654049982363969
F171,adalimumab,15000000.0,1.15,1.359690102501462,0.06069784035361165,0.13343993623068637,0.07274209587707473
F172,adalimumab,100.0,1.84,2.0525123209241305,0.2648178230095365,0.3122857728040491,0.04746794979451263
F172,adalimumab,1000.0,1.84,1.973121390335412,0.2648178230095365,0.29515380473070063,0.03033598172116414
F172,adalimumab,10000.0,1.75,1.9009754830248666,0.24303804868629444,0.27897651578407845,0.035938467097784005
F172,adalimumab,100000.0,1.67,1.8210076112379663,0.22271647114758325,0.26031176101278997,0.037595289865206716
F172,adalimumab,15000000.0,1.52,1.4875574631241733,0.18184358794477254,0.17247375116409766,-0.009369836780674878
F173,bevacizumab,100.0,3.22,3.7454655293361307,0.5078558716958309,0.5735058044805854,0.0656499327847545
F173,bevacizumab,1000.0,3.22,3.5144858150619083,0.5078558716958309,0.5458617947851603,0.038005923089329374
F173,bevacizumab,10000.0,3.22,3.117240703398566,0.5078558716958309,0.49377033840827844,-0.014085533287552465
F173,bevacizumab,100000.0,2.64,2.66599308436794,0.42160392686983106,0.4258590185119222,0.004255091642091147
F173,bevacizumab,15000000.0,1.75,1.846588161692314,0.24303804868629444,0.2663700470113556,0.023331998325061137
F174,bevacizumab,100.0,3.31,3.425385780093895,0.5198279937757188,0.534709490494439,0.0148814967187203
F174,bevacizumab,1000.0,3.31,3.27440606043926,0.5198279937757188,0.5151325354525359,-0.004695458323182855
F174,bevacizumab,10000.0,3.04,3.0612668173181175,0.48287358360875376,0.48590118397136495,0.0030276003626111825
F174,bevacizumab,100000.0,2.52,2.7478316611555775,0.4014005407815441,0.4389901232672133,0.03758958248566924
F174,bevacizumab,15000000.0,1.66,2.0162343707918837,0.22010808804005508,0.30454101389725385,0.08443292585719878
F175,bevacizumab,100.0,3.04,2.844782551711975,0.48287358360875376,0.4540490755814419,-0.028824508027311846
F175,bevacizumab,1000.0,2.76,2.7231561948785536,0.4409090820652177,0.43507255233092723,-0.005836529734290441
F175,bevacizumab,10000.0,2.35,2.5012524318289455,0.37106786227173627,0.39815752388489895,0.027089661613162674
F175,bevacizumab,100000.0,2.24,2.1726197335119934,0.35024801833416286,0.33698371983678094,-0.013264298497381921
F175,bevacizumab,15000000.0,1.4,1.5823437598365604,0.146128035678238,0.19930083869528387,0.053172803017045855
F176,bevacizumab,100.0,1.62,1.7695222187410917,0.20951501454263097,0.24785602016147923,0.03834100561884826
F176,bevacizumab,1000.0,1.62,1.7182401641510952,0.20951501454263097,0.23508386652427785,0.02556885198164688
F176,bevacizumab,10000.0,1.62,1.6478376771701952,0.20951501454263097,0.21691442861030083,0.007399414067669863
F176,bevacizumab,100000.0,1.45,1.5171473303943193,0.16136800223497488,0.181027757233918,0.019659754998943124
F176,bevacizumab,15000000.0,1.3,1.178024330589998,0.11394335230683679,0.07115426034230235,-0.04278909196453444
F177,bevacizumab,100.0,2.3,2.1972460104449043,0.36172783601759284,0.34187868459341264,-0.0198491514241802
F177,bevacizumab,1000.0,2.3,2.143327687246142,0.36172783601759284,0.3310885741605124,-0.030639261857080435
F177,bevacizumab,10000.0,2.02,2.0787933485598047,0.3053513694466238,0.31781131855663536,0.012459949110011581
F177,bevacizumab,100000.0,1.94,1.999719762817444,0.287801729930226,0.3009691386692793,0.01316740873905331
F177,bevacizumab,15000000.0,1.1,1.6604833235729028,0.04139268515822508,0.22023451828632543,0.17884183312810034
F178,bevacizumab,100.0,2.3,2.273119019254504,0.36172783601759284,0.35662217573915184,-0.005105660278441004
F178,bevacizumab,1000.0,2.3,2.2278682990715972,0.36172783601759284,0.34788951384592837,-0.013838322171664474
F178,bevacizumab,10000.0,2.3,2.152791995072262,0.36172783601759284,0.3330020698809266,-0.02872576613666622
F178,bevacizumab,100000.0,2.3,2.0300914606418967,0.36172783601759284,0.30751560439464753,-0.054212231622945306
F178,bevacizumab,15000000.0,2.3,1.679116049061791,0.36172783601759284,0.22508071265114693,-0.1366471233664459
F179,bevacizumab,100.0,1.38,1.4762319225201488,0.13987908640123647,0.16915459241813952,0.02927550601690304
F179,bevacizumab,1000.0,1.38,1.4233925394691527,0.13987908640123647,0.15332468519761575,0.013445598796379271
F179,bevacizumab,10000.0,1.38,1.3888463419559356,0.13987908640123647,0.14265419927824352,0.0027751128770070466
F179,bevacizumab,100000.0,1.23,1.331956548334428,0.08990511143939793,0.12449005732197738,0.034584945882579446
F179,bevacizumab,15000000.0,1.12,1.1907332917629345,0.04921802267018165,0.0758144962545335,0.026596473584351847
F180,bevacizumab,100.0,2.0,2.12949754961343,0.3010299956639812,0.3282771446727505,0.02724714900876929
F180,bevacizumab,1000.0,2.0,2.0860266848237856,0.3010299956639812,0.31931985969818016,0.018289864034198966
F180,bevacizumab,10000.0,2.0,2.044724201226789,0.3010299956639812,0.3106347373003458,0.0096047416363646
F180,bevacizumab,100000.0,2.0,1.9869359059172425,0.3010299956639812,0.29818385797271496,-0.0028461376912662373
F180,bevacizumab,15000000.0,2.0,1.7197491074789664,0.3010299956639812,0.23546509273012242,-0.06556490293385878
F181,bevacizumab,100.0,1.75,1.8688569337593999,0.24303804868629444,0.27157605619049513,0.028538007504200685
F181,bevacizumab,1000.0,1.66,1.8221618257625742,0.22010808804005508,0.26058694394040793,0.040478855900352856
F181,bevacizumab,10000.0,1.66,1.7570240388516698,0.22010808804005508,0.24477770336735744,0.024669615327302358
F181,bevacizumab,100000.0,1.66,1.6589420619825197,0.22010808804005508,0.21983121869424063,-0.00027686934581444556
F181,bevacizumab,15000000.0,1.6,1.4399407151230592,0.2041199826559248,0.158344611800156,-0.0457753708557688
F182,bevacizumab,100.0,2.58,2.62627569921774,0.41161970596323016,0.4193403151898665,0.00772060922663631
F182,bevacizumab,1000.0,2.39,2.3885221159081915,0.3783979009481377,0.3781292668764055,-0.0002686340717321656
F182,bevacizumab,10000.0,2.07,2.179024816844968,0.3159703454569177,0.33826217644058953,0.022291830983671823
F182,bevacizumab,100000.0,1.76,1.9187755641124424,0.24551266781414982,0.2830241790253055,0.0375115112111557
F182,bevacizumab,15000000.0,1.2,1.5275438278211089,0.07918124604762482,0.1839936797380271,0.10481243369040229
F183,none,100.0,3.77,3.4808821067718037,0.5763413502057929,0.5416893145093683,-0.03465203569642461
F183,none,1000.0,3.77,3.4555810221124497,0.5763413502057929,0.538521080214503,-0.037820269991289956
F183,none,10000.0,3.77,3.424829184439736,0.5763413502057929,0.534638915651741,-0.04170243455405187
F183,none,100000.0,3.77,3.3778658224301323,0.5763413502057929,0.5286423942771621,-0.047698955928630826
F183,none,15000000.0,3.77,3.154898586219549,0.5763413502057929,0.49898540346823034,-0.07735594673756258
F184,none,100.0,4.38,4.010308409058678,0.6414741105040995,0.6031777729199183,-0.03829633758418127
F184,none,1000.0,4.38,4.001791675591341,0.6414741105040995,0.6022544764800959,-0.039219634024003636
F184,none,10000.0,4.38,3.975020212953952,0.6414741105040995,0.5993393413829408,-0.042134769121158766
F184,none,100000.0,4.38,3.9427577137680485,0.6414741105040995,0.5958000900819587,-0.04567402042214086
F184,none,15000000.0,4.38,3.7744527019840866,0.6414741105040995,0.5768539875572795,-0.06462012294682007
F185,none,100.0,2.8,2.58436084387655,0.4471580313422192,0.41235315234291403,-0.03480487899930518
F185,none,1000.0,2.8,2.5931378817973965,0.4471580313422192,0.4138256096007197,-0.03333242174149953
F185,none,10000.0,2.8,2.6094841118667675,0.4471580313422192,0.41655465694944177,-0.030603374392777438
F185,none,100000.0,2.8,2.6228691289939956,0.4471580313422192,0.4187766215191804,-0.028381409823038828
F185,none,15000000.0,2.8,2.5189872104408493,0.4471580313422192,0.4012259624766498,-0.045932068865569387
F186,none,100.0,2.41,2.3734023946466967,0.3820170425748684,0.3753713762111271,-0.006645666363741309
F186,none,1000.0,2.41,2.3780958355555715,0.3820170425748684,0.37622935239129274,-0.005787690183575667
F186,none,10000.0,2.41,2.3864518408826276,0.3820170425748684,0.37775267463355805,-0.004264367941310354
F186,none,100000.0,2.41,2.3856830529764967,0.3820170425748684,0.3776127455009157,-0.004404297073952679
F186,none,15000000.0,2.41,2.3455088701209346,0.3820170425748684,0.37023707967810005,-0.011779962896768359
F187,none,100.0,3.03,2.799959136666797,0.48144262850230496,0.44715169318164,-0.03429093532066496
F187,none,1000.0,3.03,2.8096890651335267,0.48144262850230496,0.44865826126862746,-0.0327843672336775
F187,none,10000.0,3.03,2.807246518551513,0.48144262850230496,0.44828055190970034,-0.03316207659260462
F187,none,100000.0,3.03,2.794704943377507,0.48144262850230496,0.44633596312506946,-0.0351066653772355
F187,none,15000000.0,3.03,2.714403418820977,0.48144262850230496,0.433674393636085,-0.04776823486621995
F188,none,100.0,2.6,2.4089821524024586,0.414973347970818,0.3818335824218218,-0.03313976554899617
F188,none,1000.0,2.6,2.4258991841427786,0.414973347970818,0.3848727484348192,-0.03010059953599875
F188,none,10000.0,2.6,2.4341748376010948,0.414973347970818,0.3863517687495928,-0.028621579221225157
F188,none,100000.0,2.6,2.439409818790165,0.414973347970818,0.3872847675494401,-0.027688580421377895
F188,none,15000000.0,2.6,2.406353224265594,0.414973347970818,0.38135937698968203,-0.03361397098113594
F189,none,100.0,1.93,1.9359652227415476,0.28555730900777376,0.2868975514707739,0.0013402424630001297
F189,none,1000.0,1.93,1.9586491084243043,0.28555730900777376,0.29195663919810605,0.006399330190332286
F189,none,10000.0,1.93,1.9766494799945922,0.28555730900777376,0.29592966253534536,0.010372353527571598
F189,none,100000.0,1.93,1.9819774264731513,0.28555730900777376,0.29709870382535364,0.011541394817579875
F189,none,15000000.0,1.93,1.919830880079279,0.28555730900777376,0.2832629729309959,-0.0022943360767778698
F190,none,100.0,2.6,1.7704833017923984,0.414973347970818,0.24809183509095728,-0.1668815128798607
F190,none,1000.0,1.67,1.781732770958923,0.22271647114758325,0.25084256793839205,0.028126096790808797
F190,none,10000.0,1.67,1.786356203051613,0.22271647114758325,0.25196806238862923,0.029251591241045982
F190,none,100000.0,1.67,1.7726568726072751,0.22271647114758325,0.24862467877361072,0.02590820762602747
F190,none,15000000.0,1.67,1.694063213905995,0.22271647114758325,0.22892961197953732,0.006213140831954067
F191,none,100.0,2.22,2.0327284970912882,0.3463529744506387,0.30807937564283916,-0.038273598807799514
F191,none,1000.0,2.22,2.0545153357299286,0.3463529744506387,0.31270938735891546,-0.033643587091723215
F191,none,10000.0,2.22,2.0721815933858085,0.3463529744506387,0.3164278116666709,-0.029925162783967785
F191,none,100000.0,2.22,2.091091672955718,0.3463529744506387,0.32037307260059766,-0.02597990185004101
F191,none,15000000.0,2.22,2.0916885582013536,0.3463529744506387,0.32049702076710074,-0.025855953683537936
F192,none,100.0,1.92,1.7570622040474588,0.28330122870354957,0.24478713679202996,-0.03851409191151961
F192,none,1000.0,1.92,1.7828650641919377,0.28330122870354957,0.2511184749227283,-0.03218275378082125
F192,none,10000.0,1.92,1.8037950145567123,0.28330122870354957,0.2561871822607462,-0.027114046442803352
F192,none,100000.0,1.92,1.8215295289668076,0.28330122870354957,0.26043621601899575,-0.02286501268455382
F192,none,15000000.0,1.92,1.8104150965847925,0.28330122870354957,0.2577781624315015,-0.02552306627204809
F193,none,100.0,1.42,1.3453884001378316,0.15228834438305647,0.12884767890063492,-0.023440665482421547
F193,none,1000.0,1.42,1.3598193854805987,0.15228834438305647,0.1334812281509635,-0.01880711623209297
F193,none,10000.0,1.42,1.3698803453588515,0.15228834438305647,0.13668263458719368,-0.015605709795862788
F193,none,100000.0,1.42,1.3752328063089396,0.15228834438305647,0.1383762239385974,-0.01391212044445908
F193,none,15000000.0,1.42,1.3213627933980037,0.15228834438305647,0.12102207388940939,-0.03126627049364708
F194,none,100.0,1.22,1.166025408817164,0.08635983067474821,0.06670801422132674,-0.01965181645342147
F194,none,1000.0,1.22,1.1753657158935493,0.08635983067474821,0.07017301867768239,-0.016186811997065828
F194,none,10000.0,1.22,1.1975231066396983,0.08635983067474821,0.0782839020359122,-0.008075928638836008
F194,none,100000.0,1.22,1.1981353369800998,0.08635983067474821,0.07850587713840365,-0.007853953536344563
F194,none,15000000.0,1.22,1.134935495518429,0.08635983067474821,0.05497117894193394,-0.03138865173281427
F195,none,100.0,3.82,3.270179627966326,0.5820633629117087,0.5145716087128804,-0.06749175419882825
F195,none,1000.0,3.82,3.265264135354032,0.5820633629117087,0.5139183181951403,-0.06814504471656835
F195,none,10000.0,3.82,3.2571044813110177,0.5820633629117087,0.5128316900751739,-0.06923167283653475
F195,none,100000.0,3.82,3.2227711839487707,0.5820633629117087,0.5082294717934123,-0.07383389111829641
F195,none,15000000.0,3.82,3.114011655184917,0.5820633629117087,0.4933202337211902,-0.08874312919051847
F196,none,100.0,4.43,3.8217747869873158,0.6464037262230695,0.582265090973707,-0.06413863524936247
F196,none,1000.0,4.43,3.803951222190727,0.6464037262230695,0.5802349393723095,-0.06616878685076
F196,none,10000.0,4.43,3.7858581157323767,0.6464037262230695,0.5781643336876948,-0.0682393925353747
F196,none,100000.0,4.43,3.7601613341548745,0.6464037262230695,0.5752064792441609,-0.07119724697890861
F196,none,15000000.0,4.43,3.6081511338149337,0.6464037262230695,0.5572847204461744,-0.08911900577689513
F197,none,100.0,2.85,2.6520028631310506,0.4548448600085102,0.423573988602021,-0.03127087140648921
F197,none,1000.0,2.85,2.640205878570333,0.4548448600085102,0.4216377937034884,-0.03320706630502179
F197,none,10000.0,2.85,2.6155697683539723,0.4548448600085102,0.4175663089962298,-0.03727855101228039
F197,none,100000.0,2.85,2.5893066093981596,0.4548448600085102,0.4131834799001085,-0.0416613801084017
F197,none,15000000.0,2.85,2.569586214640111,0.4548448600085102,0.4098631936944034,-0.04498166631410683
F198,none,100.0,2.46,2.47819184409199,0.39093510710337914,0.39413492334979194,0.003199816246412801
F198,none,1000.0,2.46,2.4779963658796538,0.39093510710337914,0.3941006651233496,0.0031655580199704825
F198,none,10000.0,2.46,2.4722313319041476,0.39093510710337914,0.3930891061695683,0.002153999066189183
F198,none,100000.0,2.46,2.4678009357903994,0.39093510710337914,0.3923101245773676,0.001375017473988438
F198,none,15000000.0,2.46,2.457046614797942,0.39093510710337914,0.3904133959418153,-0.0005217111615638537
F199,none,100.0,3.08,2.788402617365111,0.4885507165004443,0.4453554817200036,-0.04319523478044068
F199,none,1000.0,3.08,2.7820038150520277,0.4885507165004443,0.4443577212185394,-0.0441929952819049
F199,none,10000.0,3.08,2.7612627268451866,0.4885507165004443,0.44110773057651226,-0.047442985923932035
F199,none,100000.0,3.08,2.738183243293974,0.4885507165004443,0.43746250840297535,-0.051088208097468946
F199,none,15000000.0,3.08,2.6930305091748203,0.4885507165004443,0.4302412735345025,-0.058309442965941816
F200,none,100.0,2.65,2.4938486274671248,0.42324587393680785,0.3968700889777836,-0.026375784959024262
F200,none,1000.0,2.65,2.4897158072954193,0.42324587393680785,0.3961497766670987,-0.02709609726970913
F200,none,10000.0,2.65,2.4922059071756335,0.42324587393680785,0.39658392107538243,-0.02666195286142542
F200,none,100000.0,2.65,2.485759153041414,0.42324587393680785,0.39545904724518954,-0.027786826691618305
F200,none,15000000.0,2.65,2.4416581564297757,0.42324587393680785,0.3876848606046297,-0.03556101333217815
F201,none,100.0,1.98,2.121254323503218,0.2966651902615311,0.32659274049800163,0.029927550236470535
F201,none,1000.0,1.98,2.13750999829633,0.2966651902615311,0.32990815483635955,0.03324296457482845
F201,none,10000.0,1.98,2.14256935011093,0.2966651902615311,0.33093488795022263,0.034269697688691536
F201,none,100000.0,1.98,2.1475214991934246,0.2966651902615311,0.3319375203190343,0.03527233005750319
F201,none,15000000.0,1.98,2.162558802370824,0.2966651902615311,0.3349679252457404,0.03830273498420933
F202,none,100.0,2.65,2.049652877426506,0.42324587393680785,0.3116803165762191,-0.11156555736058876
F202,none,1000.0,2.65,2.058330343137355,0.42324587393680785,0.3135150763003536,-0.10973079763645427
F202,none,10000.0,2.65,2.058404664275946,0.42324587393680785,0.31353075730013824,-0.10971511663666961
F202,none,100000.0,2.65,2.0573620604668226,0.42324587393680785,0.31331072680711874,-0.1099351471296891
F202,none,15000000.0,2.65,2.0090764182413197,0.42324587393680785,0.302996456105808,-0.12024941783099985
F203,none,100.0,2.27,2.0924597352334744,0.35602585719312274,0.3206571097075135,-0.03536874748560925
F203,none,1000.0,2.27,2.094670651902497,0.35602585719312274,0.3211157479202102,-0.03491010927291255
F203,none,10000.0,2.27,2.0999115155821717,0.35602585719312274,0.3222009951605781,-0.033824862032544645
F203,none,100000.0,2.27,2.1083082474290507,0.35602585719312274,0.32393410766513275,-0.03209174952798999
F203,none,15000000.0,2.27,2.113837210799321,0.35602585719312274,0.3250715387075542,-0.030954318485568566
F204,none,100.0,1.97,1.8309319641835486,0.2944662261615929,0.26267220660173424,-0.031794019559858666
F204,none,1000.0,1.97,1.8538861578326629,0.2944662261615929,0.26808306177014407,-0.026383164391448832
F204,none,10000.0,1.97,1.8745045348439553,0.2944662261615929,0.2728864954139172,-0.02157973074767572
F204,none,100000.0,1.97,1.8918381158656394,0.2944662261615929,0.27688397118089964,-0.017582254980693268
F204,none,15000000.0,1.97,1.917132354479921,0.2944662261615929,0.2826520966214462,-0.011814129540146712
F205,none,100.0,1.47,1.5036782664582022,0.1673173347481761,0.17715492265915458,0.009837587910978496
F205,none,1000.0,1.47,1.5177518307947762,0.1673173347481761,0.1812007654149185,0.013883430666742413
F205,none,10000.0,1.47,1.5314959177805896,0.1673173347481761,0.1851158435273602,0.017798508779184125
F205,none,100000.0,1.47,1.5425249012109479,0.1673173347481761,0.18823218364285932,0.02091484889468323
F205,none,15000000.0,1.47,1.4978187558735092,0.1673173347481761,0.17545926457427005,0.008141929826093963
F206,none,100.0,1.27,1.3946485367495003,0.10380372095595687,0.14446477550798734,0.040661054552030465
F206,none,1000.0,1.27,1.4076636928900177,0.10380372095595687,0.14849890923224981,0.044695188276292944
F206,none,10000.0,1.27,1.4205089137832165,0.10380372095595687,0.15244396329282847,0.0486402423368716
F206,none,100000.0,1.27,1.414202634979924,0.10380372095595687,0.15051164209773885,0.046707921141781975
F206,none,15000000.0,1.27,1.320715905402464,0.10380372095595687,0.12080940808758167,0.0170056871316248
F207,none,100.0,3.87,3.512480979807194,0.5877109650189114,0.5456139812014935,-0.04209698381741789
F207,none,1000.0,3.87,3.4708599444353685,0.5877109650189114,0.5404370894460965,-0.04727387557281493
F207,none,10000.0,3.87,3.4287678406738884,0.5877109650189114,0.5351380803533268,-0.05257288466558463
F207,none,100000.0,3.87,3.3661250299689267,0.5877109650189114,0.5271302431956932,-0.060580721823218164
F207,none,15000000.0,3.87,3.228984375076927,0.5877109650189114,0.5090659434890449,-0.07864502152986652
F208,none,100.0,4.48,3.97346237772644,0.651278013998144,0.5991691053048045,-0.052108908693339506
F208,none,1000.0,4.48,3.956283888150087,0.651278013998144,0.5972874473926599,-0.05399056660548407
F208,none,10000.0,4.48,3.93824420318938,0.651278013998144,0.595302642429162,-0.055975371568982024
F208,none,100000.0,4.48,3.9076795238410558,0.651278013998144,0.5919189391986024,-0.05935907479954161
F208,none,15000000.0,4.48,3.7952439128740694,0.651278013998144,0.5792396923820244,-0.07203832161611956
F209,none,100.0,2.9,2.6234787755704088,0.4623979978989561,0.41887755502570934,-0.043520442873246745
F209,none,1000.0,2.9,2.606552254730487,0.4623979978989561,0.4160664358479696,-0.046331562050986486
F209,none,10000.0,2.9,2.6080690171952146,0.4623979978989561,0.41631907992431405,-0.04607891797464203
F209,none,100000.0,2.9,2.600590209745884,0.4623979978989561,0.41507192325807024,-0.04732607464088584
F209,none,15000000.0,2.9,2.53581451247284,0.4623979978989561,0.4041174829811213,-0.05828051491783476
F210,none,100.0,2.51,2.523569002839205,0.3996737214810381,0.4020151842995806,0.002341462818542528
F210,none,1000.0,2.51,2.496905495293598,0.3996737214810381,0.39740210516704466,-0.0022716163139934187
F210,none,10000.0,2.51,2.48067136355241,0.3996737214810381,0.3945692332567542,-0.005104488224283887
F210,none,100000.0,2.51,2.4677631430827227,0.3996737214810381,0.3923034735992268,-0.007370247881811287
F210,none,15000000.0,2.51,2.405541701024857,0.3996737214810381,0.38121288997190567,-0.018460831509132414
F211,none,100.0,3.13,2.876163602286281,0.49554433754644844,0.45881358600477345,-0.03673075154167499
F211,none,1000.0,3.13,2.844767882861124,0.49554433754644844,0.454046836177449,-0.041497501368999434
F211,none,10000.0,3.13,2.815815346477604,0.49554433754644844,0.44960417155131194,-0.045940165995136506
F211,none,100000.0,3.13,2.8060704348920287,0.49554433754644844,0.44809856801130993,-0.047445769535138516
F211,none,15000000.0,3.13,2.727898837123232,0.49554433754644844,0.43582826067146885,-0.059716076874979596
F212,none,100.0,2.7,2.4707743249257725,0.43136376415898736,0.3928330797139828,-0.03853068444500457
F212,none,1000.0,2.7,2.4506763925501085,0.43136376415898736,0.3892859672257736,-0.042077796933213785
F212,none,10000.0,2.7,2.4391052783928875,0.43136376415898736,0.387230546044908,-0.04413321811407939
F212,none,100000.0,2.7,2.43155634921417,0.43136376415898736,0.38588433841960273,-0.04547942573938463
F212,none,15000000.0,2.7,2.3989624543451225,0.43136376415898736,0.38002345096977647,-0.051340313189210895
F213,none,100.0,2.03,2.06138255894743,0.3074960379132129,0.31415859722423056,0.006662559311017668
F213,none,1000.0,2.03,2.084860249352733,0.3074960379132129,0.3190769490128629,0.011580911099649982
F213,none,10000.0,2.03,2.104329939346639,0.3074960379132129,0.323113834152655,0.015617796239442094
F213,none,100000.0,2.03,2.123547151513212,0.3074960379132129,0.32706190856411554,0.01956587065090265
F213,none,15000000.0,2.03,2.10546885526921,0.3074960379132129,0.3233488215887406,0.015852783675527726
F214,none,100.0,2.7,2.0081486194872964,0.43136376415898736,0.30279585102017353,-0.12856791313881383
F214,none,1000.0,2.7,2.011857020565227,0.43136376415898736,0.3035971128719626,-0.12776665128702475
F214,none,10000.0,2.7,2.012666689011909,0.43136376415898736,0.30377185878908697,-0.1275919053699004
F214,none,100000.0,2.7,2.01980529790578,0.43136376415898736,0.3053095070107068,-0.12605425714828056
F214,none,15000000.0,2.7,1.9721185076051335,0.43136376415898736,0.29493300880629325,-0.1364307553526941
F215,none,100.0,2.32,2.108529401241827,0.3654879848908996,0.3239796611763802,-0.0415083237145194
F215,none,1000.0,2.32,2.105024405215621,0.3654879848908996,0.3232571353208709,-0.042230849570028706
F215,none,10000.0,2.32,2.1051376147455776,0.3654879848908996,0.32328049132186937,-0.04220749356903025
F215,none,100000.0,2.32,2.104912605499324,0.3654879848908996,0.3232340689425599,-0.042253915948339715
F215,none,15000000.0,2.32,2.1041017089188077,0.3654879848908996,0.32306672909129674,-0.042421255799602875
F216,none,100.0,2.02,1.814088587941772,0.3053513694466238,0.2586584912769273,-0.04669287816969647
F216,none,1000.0,2.02,1.8269284579205547,0.3053513694466238,0.2617215408179607,-0.0436298286286631
F216,none,10000.0,2.02,1.8490809869644573,0.3053513694466238,0.26695593302045706,-0.03839543642616672
F216,none,100000.0,2.02,1.8728864806277248,0.3053513694466238,0.27251145472118027,-0.03283991472544351
F216,none,15000000.0,2.02,1.909010955106873,0.3053513694466238,0.2808084206560094,-0.02454294879061436
F217,none,100.0,1.52,1.5021161114903707,0.18184358794477254,0.17670350432630608,-0.005140083618466462
F217,none,1000.0,1.52,1.5201661593299658,0.18184358794477254,0.1818910604027968,4.7472458024250264e-05
F217,none,10000.0,1.52,1.5369101735631456,0.18184358794477254,0.18664848541395648,0.004804897469183944
F217,none,100000.0,1.52,1.547716845831465,0.18184358794477254,0.1896915096148956,0.007847921670123048
F217,none,15000000.0,1.52,1.5268037834932624,0.18184358794477254,0.18378322748102385,0.0019396395362513141
F218,none,100.0,1.32,1.378384086038408,0.12057393120584989,0.13937025037612885,0.018796319170278963
F218,none,1000.0,1.32,1.3759824257085314,0.12057393120584989,0.13861288704880262,0.01803895584295273
F218,none,10000.0,1.32,1.385328616856464,0.12057393120584989,0.1415528055730578,0.02097887436720791
F218,none,100000.0,1.32,1.3822079431142742,0.12057393120584989,0.14057338439390096,0.019999453188051075
F218,none,15000000.0,1.32,1.331811897296945,0.12057393120584989,0.12444289019861483,0.0038689589927649454
F219,pembrolizumab,100.0,15.25,14.960195535080686,1.1832698436828046,1.1749372699490035,-0.00833257373380114
F219,pembrolizumab,1000.0,11.11,12.766415260651323,1.0457140589408676,1.1060689668740065,0.06035490793313891
F219,pembrolizumab,10000.0,10.38,10.129976912938968,1.0161973535124391,1.005608455568115,-0.01058889794432405
F219,pembrolizumab,100000.0,6.9,7.849594527785548,0.8388490907372553,0.8948472237652123,0.055998133027956976
F219,pembrolizumab,15000000.0,4.0,4.600673434468939,0.6020599913279624,0.6628214072179495,0.06076141588998707
F220,bevacizumab,100.0,15.99,24.511439581449693,1.2038484637462348,1.3893688185519601,0.18552035480572537
F220,bevacizumab,1000.0,15.99,21.31813547854317,1.2038484637462348,1.328749217859685,0.12490075411345014
F220,bevacizumab,10000.0,14.51,17.134566779801663,1.161667412437736,1.2338731284612436,0.07220571602350767
F220,bevacizumab,100000.0,7.97,9.506119643510477,0.9014583213961124,0.9780032760001249,0.07654495460401256
F220,bevacizumab,15000000.0,3.82,5.073313728368022,0.5820633629117087,0.7052917194603507,0.12322835654864206
F221,bevacizumab,100.0,2.76,3.0895005713657016,0.4409090820652177,0.48988827986810746,0.048979197802889785
F221,bevacizumab,1000.0,2.76,2.946706810081624,0.4409090820652177,0.4693369267905306,0.0284278447253129
F221,bevacizumab,10000.0,2.76,2.7374036343407004,0.4409090820652177,0.4373388395154923,-0.0035702425497253776
F221,bevacizumab,100000.0,2.52,2.318390549896595,0.4014005407815441,0.36518659788204816,-0.03621394289949592
F221,bevacizumab,15000000.0,1.2,1.482999804386002,0.07918124604762482,0.17114109374309172,0.0919598476954669
F222,bevacizumab,100.0,2.21,2.8094932004739386,0.3443922736851107,0.4486279853541357,0.10423571166902501
F222,bevacizumab,1000.0,2.21,2.4955159077102236,0.3443922736851107,0.3971603426288093,0.052768068943698565
F222,bevacizumab,10000.0,2.21,2.202751124725915,0.3443922736851107,0.34296543166555415,-0.0014268420195565623
F222,bevacizumab,100000.0,1.68,1.9782167695371153,0.22530928172586284,0.2962738790992181,0.07096459737335525
F222,bevacizumab,15000000.0,1.6,1.5738045582566045,0.2041199826559248,0.19695079883574812,-0.007169183820176672
F223,bevacizumab,100.0,5.0,3.7344959447866755,0.6989700043360189,0.5722319921834412,-0.12673801215257763
F223,bevacizumab,1000.0,3.22,3.5240336951802327,0.5078558716958309,0.5470400522828257,0.0391841805869948
F223,bevacizumab,10000.0,2.76,3.051670887942658,0.4409090820652177,0.4845376946637443,0.04362861259852663
F223,bevacizumab,100000.0,2.36,2.5031037445741537,0.37291200297010657,0.39847884991280647,0.025566846942699895
F223,bevacizumab,15000000.0,1.4,1.6500204608074511,0.146128035678238,0.2174893296446192,0.07136129396638119
F224,bevacizumab,100.0,5.32,4.249393325459525,0.7259116322950482,0.6283269314121505,-0.09758470088289772
F224,bevacizumab,1000.0,3.84,3.8327238651619315,0.5843312243675308,0.5835075309276146,-0.0008236934399161733
F224,bevacizumab,10000.0,2.48,3.2627838073886144,0.3944516808262163,0.5135882983147797,0.11913661748856341
F224,bevacizumab,100000.0,1.9,2.5717321188984053,0.2787536009528289,0.41022572889324865,0.13147212794041974
F224,bevacizumab,15000000.0,1.81,1.8431289959205195,0.2576785748691845,0.2655557314513025,0.007877156582118017
F225,bevacizumab,100.0,2.82,2.680867538859883,0.45024910831936105,0.42827535610768436,-0.02197375221167669
F225,bevacizumab,1000.0,2.82,2.420853249813203,0.45024910831936105,0.3839684636556855,-0.06628064466367556
F225,bevacizumab,10000.0,2.82,2.0993761344004267,0.45024910831936105,0.32209025585735007,-0.12815885246201097
F225,bevacizumab,100000.0,2.57,1.8078849202410756,0.4099331233312945,0.25717078228153434,-0.15276234104976016
F225,bevacizumab,15000000.0,1.6,1.405628292512931,0.2041199826559248,0.1478704900627828,-0.05624949259314199
F226,pembrolizumab,100.0,1.99,2.125426610842626,0.29885307640970665,0.3274461137461725,0.028593037336465843
F226,pembrolizumab,1000.0,1.99,2.0287254232899623,0.29885307640970665,0.3072232716664737,0.008370195256767021
F226,pembrolizumab,10000.0,1.99,1.863027373163011,0.29885307640970665,0.27021923596243325,-0.028633840447273406
F226,pembrolizumab,100000.0,1.68,1.6636651590377898,0.22530928172586284,0.22106592158493,-0.00424336014093285
F226,pembrolizumab,15000000.0,1.2,1.3442213750796406,0.07918124604762482,0.1284707970351001,0.04928955098747527
F227,pembrolizumab,100.0,3.16,3.418402854682468,0.49968708261840383,0.5338232424853412,0.034136159866937354
F227,pembrolizumab,1000.0,3.16,2.9912706269107523,0.49968708261840383,0.47585570639713337,-0.02383137622127046
F227,pembrolizumab,10000.0,2.3,2.5544878382839924,0.36172783601759284,0.40730383938127873,0.04557600336368589
F227,pembrolizumab,100000.0,2.1,2.079179173944812,0.3222192947339193,0.3178919164130478,-0.004327378320871489
F227,pembrolizumab,15000000.0,1.43,1.5000641772641456,0.1553360374650618,0.17610983987931667,0.02077380241425486
F228,pembrolizumab,100.0,3.91,3.849640442036351,0.5921767573958668,0.5854201681236344,-0.006756589272232438
F228,pembrolizumab,1000.0,3.8,3.501768708427388,0.5797835966168101,0.5442874575752582,-0.03549613904155191
F228,pembrolizumab,10000.0,3.22,3.1618427247244263,0.5078558716958309,0.49994026360913624,-0.00791560808669467
F228,pembrolizumab,100000.0,2.69,2.7919163903308073,0.42975228000240795,0.4459024083058277,0.016150128303419775
F228,pembrolizumab,15000000.0,2.0,2.0647074865148265,0.3010299956639812,0.3148585325101294,0.01382853684614821
F229,pembrolizumab,100.0,7.59,4.621650603564096,0.8802417758954804,0.6647971097541319,-0.2154446661413485
F229,pembrolizumab,1000.0,4.14,3.76976740444495,0.617000341120899,0.5763145549584896,-0.040685786162409365
F229,pembrolizumab,10000.0,2.99,2.8263368443449415,0.4756711883244297,0.4512239200470349,-0.024447268277394796
F229,pembrolizumab,100000.0,2.31,2.129941180819219,0.36361197989214433,0.3283676103878665,-0.03524436950427784
F229,pembrolizumab,15000000.0,1.3,1.3577065425419066,0.11394335230683679,0.13280591079348633,0.01886255848664954
F230,pembrolizumab,100.0,2.88,2.5608250029335724,0.45939248775923086,0.4083799014449918,-0.05101258631423905
F230,pembrolizumab,1000.0,2.88,2.379496773530229,0.45939248775923086,0.3764851202551933,-0.08290736750403754
F230,pembrolizumab,10000.0,2.3,2.1594483254404673,0.36172783601759284,0.3343428160498426,-0.027385019967750224
F230,pembrolizumab,100000.0,1.79,1.896904929028047,0.2528530309798932,0.27804556503037703,0.025192534050483828
F230,pembrolizumab,15000000.0,1.4,1.4209119837992492,0.146128035678238,0.15256717705894582,0.006439141380707808
F231,adalimumab,100.0,56.35,67.12083890949194,1.7508939203821254,1.826857375882121,0.0759634554999955
F231,adalimumab,1000.0,55.2,57.765299936960155,1.741939077729199,1.7616670326879948,0.019727954958795868
F231,adalimumab,10000.0,41.4,45.00259884925204,1.6170003411208989,1.6532375945153268,0.03623725339442796
F231,adalimumab,100000.0,26.25,28.398408829938052,1.4191293077419758,1.4532940070985594,0.03416469935658362
F231,adalimumab,15000000.0,5.75,9.16971922677373,0.7596678446896304,0.962356037945957,0.2026881932563266
F232,adalimumab,100.0,1.61,1.867217515924897,0.20682587603184974,0.2711949127339899,0.06436903670214014
F232,adalimumab,1000.0,1.61,1.6859630502629241,0.20682587603184974,0.2268480523511416,0.020022176319291873
F232,adalimumab,10000.0,1.61,1.5366784090815213,0.20682587603184974,0.18658298931195394,-0.020242886719895797
F232,adalimumab,100000.0,1.37,1.3677658126219232,0.1367205671564068,0.13601174431936555,-0.0007088228370412397
F232,adalimumab,15000000.0,1.12,1.1062982284535383,0.04921802267018165,0.04387221694401548,-0.005345805726166171
F233,adalimumab,100.0,7.13,5.753060476130808,0.8530895298518656,0.7598989393499996,-0.09319059050186596
F233,adalimumab,1000.0,4.72,4.7447897593321136,0.6739419986340878,0.6762169736895943,0.002274975055506556
F233,adalimumab,10000.0,4.14,3.806494471504573,0.617000341120899,0.5805252033670026,-0.036475137753896325
F233,adalimumab,100000.0,3.78,3.0480379801634183,0.5774917998372253,0.48402037423994754,-0.09347142559727778
F233,adalimumab,15000000.0,2.14,1.9241116596999315,0.33041377334919086,0.2842302713319552,-0.046183502017235645
F234,adalimumab,100.0,6.44,6.620055638365175,0.8088858673598122,0.820861639490068,0.011975772130255802
F234,adalimumab,1000.0,5.75,5.596596719040415,0.7596678446896304,0.7479240135342998,-0.01174383115533062
F234,adalimumab,10000.0,4.83,4.7256567198467625,0.6839471307515121,0.6744621705144933,-0.009484960237018836
F234,adalimumab,100000.0,4.31,3.840076036142284,0.6344772701607315,0.584339823781616,-0.05013744637911555
F234,adalimumab,15000000.0,1.6,2.355293809873098,0.2041199826559248,0.3720450906783276,0.1679251080224028
F235,adalimumab,100.0,5.18,3.4317148744316617,0.714329759745233,0.5355111971239266,-0.17881856262130646
F235,adalimumab,1000.0,2.65,2.681463970637503,0.42324587393680785,0.4283719659612384,0.00512609202443054
F235,adalimumab,10000.0,1.61,1.9047648604458631,0.20682587603184974,0.2798413705030678,0.07301549447121805
F235,adalimumab,100000.0,1.26,1.4300925562031632,0.10037054511756291,0.15536414609967683,0.05499360098211392
F235,adalimumab,15000000.0,1.04,1.0248843898980522,0.01703333929878037,0.010674878405356825,-0.006358460893423545
F236,bsa,100.0,61.54,93.14563125607793,1.7891574919114397,1.9691624903018066,0.18000499839036688
F236,bsa,1000.0,55.11,81.49538704374628,1.7412304110254708,1.9111330266768505,0.16990261565137965
F236,bsa,10000.0,45.01,64.34256341204949,1.6533090129384789,1.8084983592319621,0.15518934629348324
F236,bsa,100000.0,29.36,48.89645022954921,1.4677560512440329,1.6892773314819551,0.22152128023792228
F236,bsa,15000000.0,27.96,25.966682292273408,1.4465371670736438,1.4144164642922887,-0.03212070278135504
F237,bsa,100.0,129.51,107.44267962209743,2.11230330337593,2.031176831106847,-0.08112647226908276
F237,bsa,1000.0,74.41,93.99390738392059,1.8716313045375537,1.973099703862493,0.10146839932493923
F237,bsa,10000.0,57.87,76.49483483908578,1.762453482363547,1.8836321112762933,0.12117862891274633
F237,bsa,100000.0,40.26,59.25927780151327,1.6048737705526357,1.7727563543878926,0.1678825838352569
F237,bsa,15000000.0,33.0,32.4980735847831,1.5185139398778875,1.5118576177082617,-0.006656322169625861
F238,bsa,100.0,146.97,137.40836720073906,2.167228694175993,2.138013179000609,-0.0292155151753839
F238,bsa,1000.0,110.23,113.53630359979591,2.042299807413625,2.055134750798822,0.012834943385196862
F238,bsa,10000.0,71.65,90.18984927457129,1.8552161947333634,1.955157661132727,0.09994146639936363
F238,bsa,100000.0,53.68,69.91321599099484,1.7298125071609356,1.844559280029434,0.11474677286849833
F238,bsa,15000000.0,44.0,40.1888125470256,1.6434526764861874,1.60410517434598,-0.039347502140207435
F239,bsa,100.0,3.85,3.9943420285269506,0.5854607295085007,0.6014452500044056,0.01598452049590493
F239,bsa,1000.0,3.59,3.7946119447297586,0.5550944485783191,0.5791673694595352,0.024072920881216042
F239,bsa,10000.0,3.27,3.6176047656712833,0.5145477526602861,0.5584211171218555,0.04387336446156942
F239,bsa,100000.0,2.86,3.3224523708362916,0.456366033129043,0.5214587638115367,0.06509273068249366
F239,bsa,15000000.0,2.38,2.466515250948376,0.37657695705651195,0.39208380513456653,0.01550684807805458
F240,bsa,100.0,4.4,4.3047581409432505,0.6434526764861874,0.6339487560209338,-0.009503920465253612
F240,bsa,1000.0,4.4,4.141221432454019,0.6434526764861874,0.6171284529901374,-0.026324223496050014
F240,bsa,10000.0,3.67,3.964170854530343,0.5646660642520893,0.5981523641736538,0.03348629992156449
F240,bsa,100000.0,3.52,3.760514829952525,0.5465426634781311,0.5752473056994047,0.02870464222127367
F240,bsa,15000000.0,2.41,2.7677417705642235,0.3820170425748684,0.4421255681364078,0.060108525561539394
F241,bsa,100.0,4.59,4.715524655024453,0.6618126855372612,0.6735300198953731,0.011717334358111842
F241,bsa,1000.0,4.59,4.480235655601508,0.6618126855372612,0.6513008580239759,-0.010511827513285388
F241,bsa,10000.0,4.31,4.248656388765865,0.6344772701607315,0.6282516088261141,-0.006225661334617438
F241,bsa,100000.0,3.77,3.651771171191657,0.5763413502057929,0.562503555772895,-0.013837794432897899
F241,bsa,15000000.0,2.5,2.5245146203344393,0.3979400086720376,0.40217789018784666,0.004237881515809061
F242,bsa,100.0,4.31,4.6079782401677445,0.6344772701607315,0.6635104195910696,0.02903314943033808
F242,bsa,1000.0,4.31,4.405067963096883,0.6344772701607315,0.6439526132634483,0.009475343102716804
F242,bsa,10000.0,4.31,4.196402154251676,0.6344772701607315,0.6228771013049621,-0.011600168855769422
F242,bsa,100000.0,3.77,3.8445670479899396,0.5763413502057929,0.5848474392594708,0.00850608905367789
F242,bsa,15000000.0,2.8,2.8967725584251074,0.4471580313422192,0.46191439768958226,0.014756366347363048
F243,bsa,100.0,4.4,4.180684899943484,0.6434526764861874,0.6212474358181156,-0.022205240668071835
F243,bsa,1000.0,4.17,3.979714445545616,0.6201360549737575,0.5998519114774822,-0.020284143496275275
F243,bsa,10000.0,3.99,3.775913447954777,0.6009728956867483,0.577022030777926,-0.023950864908822256
F243,bsa,100000.0,3.35,3.4638557805135037,0.5250448070368452,0.5395598016388874,0.014514994602042197
F243,bsa,15000000.0,2.48,2.7155532906087396,0.3944516808262163,0.433858329901698,0.03940664907548169
F244,bsa,100.0,4.68,4.325774237379835,0.670245853074124,0.6360638498190535,-0.03418200325507048
F244,bsa,1000.0,4.13,4.0801054503848215,0.615950051656401,0.6106713875821426,-0.005278664074258477
F244,bsa,10000.0,3.27,3.771109393396271,0.5145477526602861,0.576469130724176,0.061921378063889976
F244,bsa,100000.0,2.1,3.2989192952980737,0.3222192947339193,0.5183716911029573,0.19615239636903803
F244,bsa,15000000.0,2.0,2.548404272332144,0.3010299956639812,0.40626832449378963,0.10523832882980844
F245,bsa,100.0,1.008,1.004246175745904,0.003460532109506489,0.0018401865768595243,-0.0016203455326469648
F245,bsa,1000.0,1.008,1.001193777475185,0.003460532109506489,0.0005181417586101586,-0.0029423903508963307
F245,bsa,10000.0,0.96,0.9887605956466804,-0.017728766960431602,-0.0049088495309500555,0.012819917429481548
F245,bsa,100000.0,0.96,0.9659463172634941,-0.017728766960431602,-0.015047008951038991,0.002681758009392611
F245,bsa,15000000.0,0.8,0.8798027889890233,-0.09691001300805639,-0.05561466563646538,0.04129534737159101
F246,bsa,100.0,1.032,1.0450502099328216,0.01367969729119256,0.019137156832637822,0.0054574595414452615
F246,bsa,1000.0,1.032,1.0414508365767186,0.01367969729119256,0.017638773172483847,0.003959075881291286
F246,bsa,10000.0,1.032,1.027415296192892,0.01367969729119256,0.011746027227052942,-0.0019336700641396191
F246,bsa,100000.0,0.96,1.003435863600185,-0.017728766960431602,0.0014896190012007417,0.019218385961632344
F246,bsa,15000000.0,0.8,0.9115761871559342,-0.09691001300805639,-0.04020702829404551,0.05670298471401088
F247,bsa,100.0,1.104,1.1133840150257646,0.04296907339318013,0.046644981803020895,0.003675908409840764
F247,bsa,1000.0,1.104,1.1129900323038393,0.04296907339318013,0.04649127490539633,0.0035222015122162026
F247,bsa,10000.0,1.104,1.0982592300167715,0.04296907339318013,0.040704861860879384,-0.0022642115323007472
F247,bsa,100000.0,1.056,1.0666967840054864,0.023663918197793475,0.028040985734063977,0.004377067536270502
F247,bsa,15000000.0,0.88,0.9682695029682978,-0.05551732784983137,-0.014003746656664198,0.04151358119316717
F248,bsa,100.0,1.2,1.1446169842956502,0.07918124604762482,0.05866018585959213,-0.020521060188032687
F248,bsa,1000.0,1.2,1.1472763244371869,0.07918124604762482,0.05966803143677542,-0.0195132146108494
F248,bsa,10000.0,1.2,1.1326211972220035,0.07918124604762482,0.05408468527073527,-0.02509656077688955
F248,bsa,100000.0,1.152,1.0982118337734776,0.06145247908719321,0.04068611913554328,-0.02076635995164993
F248,bsa,15000000.0,0.96,0.9961817140377025,-0.017728766960431602,-0.0016614344621064783,0.016067332498325124
F249,bsa,100.0,1.008,1.0060092570139247,0.003460532109506489,0.0026019769938346988,-0.0008585551156717903
F249,bsa,1000.0,1.008,1.0150477648687388,0.003460532109506489,0.0064864792254299385,0.0030259471159234494
F249,bsa,10000.0,0.96,1.0127430689124133,-0.017728766960431602,0.005499279608385193,0.023228046568816794
F249,bsa,100000.0,0.96,0.9759214797324394,-0.017728766960431602,-0.010585123204948388,0.007143643755483214
F249,bsa,15000000.0,0.8,0.8845718175101949,-0.09691001300805639,-0.053266901383758496,0.043643111624297896
F250,bsa,100.0,1.032,1.0474763260633688,0.01367969729119256,0.020144216291098322,0.006464518999905761
F250,bsa,1000.0,1.032,1.0585261583018009,0.01367969729119256,0.024701594774663403,0.011021897483470842
F250,bsa,10000.0,1.032,1.0538554974233842,0.01367969729119256,0.02278106536041434,0.00910136806922178
F250,bsa,100000.0,0.96,1.0196793145353509,-0.017728766960431602,0.008463609187714091,0.026192376148145693
F250,bsa,15000000.0,0.8,0.9224642373242739,-0.09691001300805639,-0.035050461845097365,0.06185955116295903
F251,bsa,100.0,1.2,1.1133899549977246,0.07918124604762482,0.04664729878451938,-0.03253394726310544
F251,bsa,1000.0,1.2,1.1238895004418459,0.07918124604762482,0.050723613984455726,-0.02845763206316909
F251,bsa,10000.0,1.2,1.1210302661754612,0.07918124604762482,0.04961733806825531,-0.02956390797936951
F251,bsa,100000.0,1.152,1.0884179621553578,0.06145247908719321,0.0367957003261929,-0.02465677876100031
F251,bsa,15000000.0,0.96,0.9846088962383714,-0.017728766960431602,-0.00673624456389283,0.010992522396538772
F252,bsa,100.0,1.344,1.143830050635848,0.12839926871780646,0.05836150211963213,-0.07003776659817433
F252,bsa,1000.0,1.344,1.1519408477781197,0.12839926871780646,0.06143017861573334,-0.06696909010207312
F252,bsa,10000.0,1.344,1.1491866105831097,0.12839926871780646,0.06039055729228469,-0.06800871142552178
F252,bsa,100000.0,1.296,1.119348801961083,0.11260500153457455,0.04896543877378101,-0.06363956276079354
F252,bsa,15000000.0,1.08,1.0134697478433248,0.03342375548694973,0.0058107894959262656,-0.027612965991023464
F253,bsa,100.0,1.008,0.9886820376905807,0.003460532109506489,-0.004943356005410008,-0.008403888114916496
F253,bsa,1000.0,1.008,0.9756254000177741,0.003460532109506489,-0.01071690152767631,-0.0141774336371828
F253,bsa,10000.0,0.96,0.9435440095136935,-0.017728766960431602,-0.025237838325549416,-0.0075090713651178136
F253,bsa,100000.0,0.96,0.9024695928513908,-0.017728766960431602,-0.04456742197556733,-0.02683865501513573
F253,bsa,15000000.0,0.8,0.7853735768063084,-0.09691001300805639,-0.10492371427040445,-0.008013701262348058
F254,bsa,100.0,1.044,1.0310768596480737,0.01870049866624337,0.013291040139864624,-0.005409458526378745
F254,bsa,1000.0,1.032,1.0184525475632964,0.01367969729119256,0.007940798862442611,-0.00573889842874995
F254,bsa,10000.0,1.044,0.9864846652156786,0.01870049866624337,-0.005909661414298565,-0.024610160080541933
F254,bsa,100000.0,0.984,0.9431892795574747,-0.007004901568658489,-0.025401144146525025,-0.018396242577866536
F254,bsa,15000000.0,0.82,0.8212478804599412,-0.08618614761628333,-0.08552573829151082,0.0006604093247725151
F255,bsa,100.0,1.104,1.1026739324064456,0.04296907339318013,0.04244710782375192,-0.0005219655694282122
F255,bsa,1000.0,1.104,1.0907182076881798,0.04296907339318013,0.03771256300488996,-0.00525651038829017
F255,bsa,10000.0,1.104,1.0577076183505814,0.04296907339318013,0.024365632457379018,-0.018603440935801113
F255,bsa,100000.0,1.056,1.0109751209086488,0.023663918197793475,0.004740468167622411,-0.018923450030171065
F255,bsa,15000000.0,0.88,0.877547803485609,-0.05551732784983137,-0.05672921648658907,-0.0012118886367576964
F256,bsa,100.0,1.128,1.0960211817821872,0.05230909964732344,0.03981894743505536,-0.012490152212268082
F256,bsa,1000.0,1.128,1.0854017003033662,0.05230909964732344,0.03559049757493991,-0.016718602072383536
F256,bsa,10000.0,1.128,1.0480050561234766,0.05230909964732344,0.02036337791605589,-0.03194572173126756
F256,bsa,100000.0,1.056,1.0007587373871991,0.023663918197793475,0.0003293905158206315,-0.023334527681972844
F256,bsa,15000000.0,0.88,0.8653474685816058,-0.05551732784983137,-0.06280947243472097,-0.007292144584889602
F257,bsa,100.0,1.248,1.1369710197613472,0.09621458534640519,0.0557493951027467,-0.04046519024365849
F257,bsa,1000.0,1.248,1.124961154214421,0.09621458534640519,0.05113752617929712,-0.045077059167108066
F257,bsa,10000.0,1.2,1.0917473108555211,0.07918124604762482,0.038122130859421635,-0.04105911518820318
F257,bsa,100000.0,1.2,1.0429473193540888,0.07918124604762482,0.018262372192940576,-0.06091887385468424
F257,bsa,15000000.0,1.0,0.9024370081177628,0.0,-0.044583102975351875,-0.044583102975351875
F258,bsa,100.0,1.344,1.129382800615966,0.12839926871780646,0.052841169575417596,-0.07555809914238887
F258,bsa,1000.0,1.344,1.1183470580715824,0.12839926871780646,0.04857659962872716,-0.07982266908907931
F258,bsa,10000.0,1.344,1.0805846575256142,0.12839926871780646,0.0336587969998945,-0.09474047171791197
F258,bsa,100000.0,1.248,1.0293763417850386,0.09621458534640519,0.012574182614092691,-0.08364040273231249
F258,bsa,15000000.0,1.04,0.8899407502560679,0.01703333929878037,-0.050638906493740504,-0.06767224579252087
F259,poly-higg,100.0,1.08,1.2306675949852999,0.03342375548694973,0.09014076523186189,0.05671700974491216
F259,poly-higg,1000.0,1.068,1.2149900677419092,0.028571252692537637,0.08457272769357985,0.05600147500104221
F259,poly-higg,10000.0,1.08,1.1957760072259882,0.03342375548694973,0.07764983522404253,0.044226079737092805
F259,poly-higg,100000.0,1.056,1.171759822687404,0.023663918197793475,0.06883860283321777,0.045174684635424296
F259,poly-higg,15000000.0,0.88,1.0832931555312977,-0.05551732784983137,0.03474599919340179,0.09026332704323316
F260,poly-higg,100.0,1.392,1.3049801190972738,0.14363923527454328,0.11560389540447746,-0.028035339870065817
F260,poly-higg,1000.0,1.392,1.2915396736935594,0.14363923527454328,0.11110775143194465,-0.03253148384259863
F260,poly-higg,10000.0,1.392,1.2701738603822,0.14363923527454328,0.10386317090614064,-0.03977606436840264
F260,poly-higg,100000.0,1.344,1.2445418011875669,0.12839926871780646,0.09500948810428957,-0.0333897806135169
F260,poly-higg,15000000.0,1.12,1.152252013765396,0.04921802267018165,0.06154747580409547,0.012329453133913815
F295,poly-higg,100.0,5.91,5.254120566450086,0.7715874808812554,0.7205000343318942,-0.05108744654936115
F295,poly-higg,1000.0,5.91,4.864897880334878,0.7715874808812554,0.6870737283715791,-0.0845137525096763
F295,poly-higg,10000.0,5.91,4.519542563595253,0.7715874808812554,0.6550944807937589,-0.11649300008749652
F295,poly-higg,100000.0,5.37,4.2404330772999,0.7299742856995556,0.6274102135447971,-0.10256407215475849
F295,poly-higg,15000000.0,2.52,2.9889600474199494,0.4014005407815441,0.4755201099870835,0.07411956920553942
F296,poly-higg,100.0,8.27,7.342219460117371,0.9175055095525466,0.8658273614937018,-0.05167814805884485
F296,poly-higg,1000.0,6.7,6.979985423915597,0.8260748027008264,0.8438545157005775,0.017779712999751007
F296,poly-higg,10000.0,6.7,6.5338460688394555,0.8260748027008264,0.8151688986975623,-0.010905904003264189
F296,poly-higg,100000.0,6.12,5.958371383732423,0.7867514221455612,0.7751275691843247,-0.01162385296123647
F296,poly-higg,15000000.0,4.7,4.571112546803607,0.6720978579357175,0.660021914322372,-0.012075943613345519
F297,poly-higg,100.0,4.59,5.385648719612085,0.6618126855372612,0.7312380230247454,0.06942533748748414
F297,poly-higg,1000.0,4.22,4.9826431432199785,0.6253124509616739,0.697459784124674,0.07214733316300015
F297,poly-higg,10000.0,4.22,4.608957305434393,0.6253124509616739,0.663602685104314,0.0382902341426401
F297,poly-higg,100000.0,3.85,4.325860781529767,0.5854607295085007,0.6360725384996729,0.050611808991172236
F297,poly-higg,15000000.0,3.0,3.067005981001026,0.47712125471966244,0.4867146229056055,0.009593368185943085
F298,poly-higg,100.0,10.11,10.565391434376075,1.0047511555910011,1.0238855917471033,0.019134436156102108
F298,poly-higg,1000.0,8.27,9.4842411555476,0.9175055095525466,0.9770025882407853,0.059497078688238725
F298,poly-higg,10000.0,8.27,8.511532249705647,0.9175055095525466,0.9300077490024944,0.012502239449947772
F298,poly-higg,100000.0,6.71,7.728941000855807,0.8267225201689921,0.8881199921082905,0.061397471939298454
F298,poly-higg,15000000.0,4.55,5.330434966366285,0.6580113966571124,0.7267626491363599,0.06875125247924752
F299,poly-higg,100.0,5.6,7.795724014836334,0.7481880270062004,0.8918564557719986,0.14366842876579822
F299,poly-higg,1000.0,5.6,7.0224021495847335,0.7481880270062004,0.846485696440156,0.09829766943395568
F299,poly-higg,10000.0,5.6,6.283089104772831,0.7481880270062004,0.7981732187859298,0.04998519177972949
F299,poly-higg,100000.0,5.11,5.5146460419462295,0.7084209001347127,0.7415176424402523,0.033096742305539606
F299,poly-higg,15000000.0,2.6,3.698360144865768,0.414973347970818,0.5680092003093958,0.15303585233857786
F300,poly-higg,100.0,5.42,7.117414447917155,0.7339992865383869,0.8523222555842479,0.11832296904586104
F300,poly-higg,1000.0,5.42,6.443346422814028,0.7339992865383869,0.8091114815670586,0.07511219502867172
F300,poly-higg,10000.0,5.42,5.6682098222652595,0.7339992865383869,0.7534459183159599,0.019446631777572998
F300,poly-higg,100000.0,4.95,4.954187772713847,0.6946051989335688,0.6949724631113513,0.0003672641777825447
F300,poly-higg,15000000.0,2.88,3.5596697137338786,0.45939248775923086,0.5514097035466742,0.09201721578744332
F301,poly-higg,100.0,11.48,14.787196244315142,1.0599418880619547,1.1698858365355504,0.10994394847359579
F301,poly-higg,1000.0,11.48,13.291917058193548,1.0599418880619547,1.1235876226095889,0.06364573454763423
F301,poly-higg,10000.0,11.48,12.083434820887478,1.0599418880619547,1.0821904037983558,0.022248515736401187
F301,poly-higg,100000.0,9.23,10.942372918360888,0.9652017010259121,1.0391115115405685,0.0739098105146564
F301,poly-higg,15000000.0,6.0,7.613664905033377,0.7781512503836436,0.8815937585963647,0.10344250821272105
F302,poly-higg,100.0,9.19,11.475515424821745,0.9633155113861113,1.0597722010614818,0.09645668967537058
F302,poly-higg,1000.0,9.19,10.282623816576603,0.9633155113861113,1.012103947700516,0.04878843631440477
F302,poly-higg,10000.0,9.19,9.288742571012264,0.9633155113861113,0.9679569269719146,0.004641415585803332
F302,poly-higg,100000.0,8.39,8.195219177706429,0.9237619608287003,0.913560573085965,-0.010201387742735268
F302,poly-higg,15000000.0,5.8,5.229661827870072,0.7634279935629372,0.7184736064507623,-0.04495438711217492
F303,poly-higg,100.0,8.27,10.101809090610866,0.9175055095525466,1.00439915672457,0.08689364717202341
F303,poly-higg,1000.0,6.98,9.078494799244995,0.8438554226231612,0.9580138491190664,0.11415842649590524
F303,poly-higg,10000.0,6.98,7.934639417040249,0.8438554226231612,0.8995271953948503,0.05567177277168911
F303,poly-higg,100000.0,6.04,6.677215185972703,0.7810369386211319,0.8245953724255815,0.04355843380444957
F303,poly-higg,15000000.0,4.3,4.879368345133763,0.6334684555795865,0.6883636043842017,0.05489514880461521
F304,trastuzumab,100.0,7.29,5.567020182468645,0.8627275283179746,0.7456227957849113,-0.1171047325330633
F304,trastuzumab,1000.0,5.99,5.108147317863303,0.7774268223893114,0.7082634137308714,-0.06916340865843995
F304,trastuzumab,10000.0,3.55,4.1623619835876795,0.5502283530550941,0.6193398463317891,0.06911149327669497
F304,trastuzumab,100000.0,3.22,3.194015546056173,0.5078558716958309,0.5043370256252507,-0.0035188460705801727
F304,trastuzumab,15000000.0,1.06,1.9255027338517092,0.02530586526477026,0.2845441395756644,0.25923827431089413
F305,trastuzumab,100.0,4.69,5.230870656727435,0.6711728427150833,0.7185739813992513,0.047401138684168065
F305,trastuzumab,1000.0,4.69,4.843494205851265,0.6711728427150833,0.6851587845377282,0.013985941822644898
F305,trastuzumab,10000.0,4.59,4.25745229965107,0.6618126855372612,0.6291497908414794,-0.032662894695781874
F305,trastuzumab,100000.0,3.85,3.7523666423631994,0.5854607295085007,0.5743052665342462,-0.011155462974254515
F305,trastuzumab,15000000.0,1.9,2.4732375870478998,0.2787536009528289,0.39326583807083426,0.11451223711800534
F306,trastuzumab,100.0,3.4,3.587902184881118,0.5314789170422551,0.5548405945879311,0.023361677545675974
F306,trastuzumab,1000.0,3.4,3.421501858561047,0.5314789170422551,0.5342167802413135,0.0027378631990583324
F306,trastuzumab,10000.0,3.3,3.2410013287973967,0.5185139398778874,0.5106792090912222,-0.00783473078666519
F306,trastuzumab,100000.0,3.04,2.9210386498687853,0.48287358360875376,0.46553730340069477,-0.017336280208058996
F306,trastuzumab,15000000.0,2.34,1.9650920868458328,0.3692158574101428,0.2933829068091189,-0.07583295060102391
F307,trastuzumab,100.0,1.9,2.000060806043715,0.2787536009528289,0.3010431993278924,0.022289598375063502
F307,trastuzumab,1000.0,1.9,1.9438332918221113,0.2787536009528289,0.2886590159676832,0.009905415014854257
F307,trastuzumab,10000.0,1.9,1.8640913636042746,0.2787536009528289,0.2704671943574437,-0.00828640659538521
F307,trastuzumab,100000.0,1.56,1.7305328601957752,0.1931245983544616,0.2381798503023258,0.045055251947864194
F307,trastuzumab,15000000.0,1.2,1.3770716739858027,0.07918124604762482,0.13895654505463548,0.05977529900701066
F308,trastuzumab,100.0,1.95,2.0775384260172607,0.290034611362518,0.3175490652132725,0.02751445385075446
F308,trastuzumab,1000.0,1.95,1.8952838797283946,0.290034611362518,0.2776742687452405,-0.012360342617277531
F308,trastuzumab,10000.0,1.95,1.7494283881199921,0.290034611362518,0.24289616957922175,-0.047138441783296264
F308,trastuzumab,100000.0,1.79,1.5489197593863626,0.2528530309798932,0.19002892004561645,-0.06282411093427676
F308,trastuzumab,15000000.0,0.8,1.126513883955954,-0.09691001300805639,0.05173654864600177,0.14864656165405815
F309,trastuzumab,100.0,3.99,3.760838083343431,0.6009728956867483,0.5752846359950661,-0.025688259691682203
F309,trastuzumab,1000.0,3.4,3.4385342309613467,0.5314789170422551,0.5363733521457235,0.00489443510346832
F309,trastuzumab,10000.0,3.1,3.0597283684771956,0.4913616938342727,0.4856828731130514,-0.005678820721221278
F309,trastuzumab,100000.0,3.13,2.6534429647270823,0.49554433754644844,0.4238097569849956,-0.07173458056145282
F309,trastuzumab,15000000.0,1.85,1.7128246172978232,0.26717172840301384,0.2337128961592072,-0.033458832243806635
F310,trastuzumab,100.0,3.9,3.686011103248593,0.5910646070264992,0.5665566390958419,-0.02450796793065735
F310,trastuzumab,1000.0,3.3,3.379651748295877,0.5185139398778874,0.5288719512878607,0.010358011409973278
F310,trastuzumab,10000.0,3.3,3.062700869612507,0.5185139398778874,0.4861045818471986,-0.032409358030688784
F310,trastuzumab,100000.0,2.48,2.628661487474532,0.3944516808262163,0.41973466233781304,0.025282981511596747
F310,trastuzumab,15000000.0,1.8,1.7242942420214173,0.25527250510330607,0.23661137795184178,-0.018661127151464285
F311,trastuzumab,100.0,3.5,3.332709241160983,0.5440680443502757,0.5227974257314707,-0.02127061861880497
F311,trastuzumab,1000.0,2.6,2.8779186473169047,0.414973347970818,0.4590785131861603,0.0441051652153423
F311,trastuzumab,10000.0,2.0,2.4146206855059957,0.3010299956639812,0.38284891681420563,0.08181892115022443
F311,trastuzumab,100000.0,1.84,2.062268053704309,0.2648178230095365,0.31434511423486083,0.049527291225324344
F311,trastuzumab,15000000.0,1.6,1.5414570599138133,0.2041199826559248,0.18793143116941852,-0.016188551486506275
F312,trastuzumab,100.0,2.5,2.516809188458554,0.3979400086720376,0.4008502908202013,0.00291028214816369
F312,trastuzumab,1000.0,2.5,2.3948812409597537,0.3979400086720376,0.3792839821870592,-0.018656026484978383
F312,trastuzumab,10000.0,2.1,2.224094367349016,0.3222192947339193,0.34715321022543677,0.024933915491517467
F312,trastuzumab,100000.0,1.66,1.9499846209325384,0.22010808804005508,0.2900311861981727,0.06992309815811762
F312,trastuzumab,15000000.0,1.25,1.4883368309232192,0.09691001300805642,0.1727012290976481,0.07579121608959168
F313,trastuzumab,100.0,2.95,3.5381605007102706,0.46982201597816303,0.5487775298150249,0.07895551383686189
F313,trastuzumab,1000.0,2.95,3.2152357622300847,0.46982201597816303,0.5072128237552681,0.03739080777710507
F313,trastuzumab,10000.0,2.95,2.817267656275272,0.46982201597816303,0.4498281093646933,-0.019993906613469725
F313,trastuzumab,100000.0,2.71,2.4765645687327758,0.4329692908744057,0.393849655346455,-0.039119635527950725
F313,trastuzumab,15000000.0,2.36,1.8029286932315565,0.37291200297010657,0.25597855048920604,-0.11693345248090053
F314,trastuzumab,100.0,3.99,3.381128406757871,0.6009728956867483,0.5290616644917188,-0.07191123119502951
F314,trastuzumab,1000.0,3.15,3.0610178008634574,0.4983105537896005,0.48586585517534636,-0.012444698614254124
F314,trastuzumab,10000.0,2.4,2.701195295666868,0.38021124171160603,0.4315559846925624,0.05134474298095637
F314,trastuzumab,100000.0,1.93,2.3717425295437318,0.28555730900777376,0.37506754132479986,0.0895102323170261
F314,trastuzumab,15000000.0,1.68,1.7654836098905986,0.22530928172586284,0.24686369008540207,0.02155440835953923
F315,trastuzumab,100.0,3.6,3.9430525875867546,0.5563025007672873,0.5958325691976075,0.03953006843032025
F315,trastuzumab,1000.0,3.6,3.676071208720619,0.5563025007672873,0.5653839154602376,0.009081414692950318
F315,trastuzumab,10000.0,3.15,3.3047518551768267,0.4983105537896005,0.5191388550551489,0.02082830126554841
F315,trastuzumab,100000.0,2.9,2.788828017847529,0.4623979978989561,0.44542173290972664,-0.01697626498922944
F315,trastuzumab,15000000.0,2.5,2.1291151148864484,0.3979400086720376,0.32819914307685644,-0.06974086559518117
F316,trastuzumab,100.0,4.19,3.9085214316286314,0.6222140229662954,0.5920124976702723,-0.030201525296023046
F316,trastuzumab,1000.0,3.4,3.5541891820551768,0.5314789170422551,0.5507405406713024,0.019261623629047264
F316,trastuzumab,10000.0,2.6,2.9650672557397093,0.414973347970818,0.4720345487847207,0.0570612008139027
F316,trastuzumab,100000.0,1.99,2.3338987295806772,0.29885307640970665,0.36808200760546367,0.06922893119575702
F316,trastuzumab,15000000.0,1.73,1.6990781875880807,0.2380461031287954,0.23021336454105681,-0.007832738587738586
F317,trastuzumab,100.0,2.6,3.1902338680545,0.414973347970818,0.5038225212649048,0.08884917329408681
F317,trastuzumab,1000.0,2.6,2.8821745281538678,0.414973347970818,0.4597202756865786,0.04474692771576061
F317,trastuzumab,10000.0,2.05,2.5656610754348455,0.31175386105575426,0.40919928540207284,0.09744542434631859
F317,trastuzumab,100000.0,1.89,2.261559943572737,0.2764618041732441,0.35440810338764267,0.07794629921439855
F317,trastuzumab,15000000.0,1.64,1.7228010060671426,0.21484384804769785,0.23623511670635125,0.0213912686586534
F318,trastuzumab,100.0,2.45,2.9065863141698363,0.3891660843645325,0.46338322432012913,0.07421713995559664
F318,trastuzumab,1000.0,2.45,2.6949824306297785,0.3891660843645325,0.4305559382406018,0.041389853876069305
F318,trastuzumab,10000.0,2.45,2.5075176098614587,0.3891660843645325,0.3992439916780205,0.01007790731348801
F318,trastuzumab,100000.0,2.25,2.3665996091048025,0.3521825181113625,0.3741247884465905,0.021942270335227998
F318,trastuzumab,15000000.0,1.96,1.9544554304360058,0.292256071356476,0.2910257711937439,-0.001230300162732123
F319,trastuzumab,100.0,3.7,3.532393454478078,0.568201724066995,0.5480690713471851,-0.020132652719809907
F319,trastuzumab,1000.0,3.16,3.125091058151873,0.49968708261840383,0.4948626762326519,-0.004824406385751934
F319,trastuzumab,10000.0,2.7,2.7543225843181554,0.43136376415898736,0.44001480316309666,0.008651039004109295
F319,trastuzumab,100000.0,2.3,2.261885790184123,0.36172783601759284,0.3544706722317698,-0.007257163785823029
F319,trastuzumab,15000000.0,2.0,1.63207968396777,0.3010299956639812,0.21274135874546676,-0.08828863691851443
F320,poly-higg,100.0,1.81,1.7392027789004265,0.2576785748691845,0.24035022065905282,-0.01732835421013168
F320,poly-higg,1000.0,1.81,1.6628654259786966,0.2576785748691845,0.2208571036273765,-0.036821471241807985
F320,poly-higg,10000.0,1.81,1.6036980694487528,0.2576785748691845,0.20512260639498792,-0.05255596847419658
F320,poly-higg,100000.0,1.67,1.570443626162119,0.22271647114758325,0.19602235124955855,-0.0266941198980247
F320,poly-higg,15000000.0,1.45,1.359593213096743,0.16136800223497488,0.1334089879778134,-0.02795901425716149
F321,poly-higg,100.0,11.98,8.897435415312295,1.0784568180532925,0.9492648442313445,-0.12919197382194803
F321,poly-higg,1000.0,10.39,8.195792266670255,1.0166155475571774,0.9135909420934635,-0.10302460546371395
F321,poly-higg,10000.0,6.09,7.510870889673371,0.7846172926328754,0.8756902966115032,0.09107300397862783
F321,poly-higg,100000.0,4.96,6.848748411496956,0.6954816764901974,0.8356112127122407,0.14012953622204327
F321,poly-higg,15000000.0,4.31,3.9179999666132552,0.6344772701607315,0.5930644279579317,-0.04141284220279984
F322,poly-higg,100.0,1.6,1.6453053781315623,0.2041199826559248,0.21624651731868502,0.01212653466276023
F322,poly-higg,1000.0,1.6,1.6221534396559842,0.2041199826559248,0.21009193177658753,0.005971949120662734
F322,poly-higg,10000.0,1.6,1.5945616911168419,0.2041199826559248,0.2026413260834293,-0.0014786565724954903
F322,poly-higg,100000.0,1.47,1.5494837024171624,0.1673173347481761,0.1901870126582203,0.02286967791004421
F322,poly-higg,15000000.0,1.28,1.4252556109508705,0.10720996964786837,0.15389275941144737,0.046682789763578994
F323,poly-higg,100.0,11.29,12.457692920193242,1.052693941924968,1.0954376213920913,0.04274367946712343
F323,poly-higg,1000.0,11.29,11.247721925092923,1.052693941924968,1.0510645708433761,-0.0016293710815917795
F323,poly-higg,10000.0,9.59,10.073866429587746,0.9818186071706636,1.0031961882054765,0.02137758103481291
F323,poly-higg,100000.0,8.73,8.875104251391251,0.9410142437055697,0.948173463196206,0.007159219490636248
F323,poly-higg,15000000.0,5.0,4.710786412091935,0.6989700043360189,0.6730934136942471,-0.025876590641771724
F324,poly-higg,100.0,1.3,1.6357913087146252,0.11394335230683679,0.21372789636779763,0.09978454406096084
F324,poly-higg,1000.0,1.3,1.5778219191365628,0.11394335230683679,0.1980579849946801,0.08411463268784332
F324,poly-higg,10000.0,1.3,1.5303737466428515,0.11394335230683679,0.18479750681933244,0.07085415451249565
F324,poly-higg,100000.0,1.2,1.5009295273697418,0.07918124604762482,0.1763603014418389,0.09717905539421408
F324,poly-higg,15000000.0,1.04,1.3738080837920472,0.01703333929878037,0.1379260675331722,0.12089272823439182
F325,poly-higg,100.0,1.6,1.7707684641589072,0.2041199826559248,0.24816177896994362,0.04404179631401883
F325,poly-higg,1000.0,1.6,1.7209535764261454,0.2041199826559248,0.23576915517713257,0.031649172521207775
F325,poly-higg,10000.0,1.6,1.6800298703080092,0.2041199826559248,0.2253170033893255,0.021197020733400712
F325,poly-higg,100000.0,1.47,1.6135332100600885,0.1673173347481761,0.2077779085669527,0.0404605738187766
F325,poly-higg,15000000.0,1.28,1.376488780916341,0.10720996964786837,0.1387726760228607,0.031562706374992325
F326,poly-higg,100.0,1.7,1.5725965515678881,0.2304489213782739,0.19661731899864074,-0.033831602379633174
F326,poly-higg,1000.0,1.7,1.5114490774251275,0.2304489213782739,0.17939351984607896,-0.051055401532194955
F326,poly-higg,10000.0,1.6,1.4669746270216006,0.2041199826559248,0.1664226022960409,-0.0376973803598839
F326,poly-higg,100000.0,1.47,1.435900643200803,0.1673173347481761,0.1571243900438323,-0.010192944704343787
F326,poly-higg,15000000.0,1.28,1.2986272727019788,0.10720996964786837,0.1134845193280525,0.006274549680184122
F327,poly-higg,100.0,2.0,2.0507375838513493,0.3010299956639812,0.31191009080393317,0.010880095139951973
F327,poly-higg,1000.0,2.0,2.0256636662096508,0.3010299956639812,0.30656733834171174,0.005537342677730539
F327,poly-higg,10000.0,2.0,1.9392814684545745,0.3010299956639812,0.2876408474104306,-0.013389148253550587
F327,poly-higg,100000.0,1.84,1.8269531730591608,0.2648178230095365,0.2617274160210462,-0.0030904069884902796
F327,poly-higg,15000000.0,1.6,1.5714521245785262,0.2041199826559248,0.19630115446076793,-0.007818828195156863
F328,poly-higg,100.0,2.4,2.5044240098835586,0.38021124171160603,0.3987078587091326,0.018496616997526583
F328,poly-higg,1000.0,2.1,2.202702072079457,0.3222192947339193,0.34295576033653136,0.020736465602612053
F328,poly-higg,10000.0,1.8,1.9737268621918664,0.25527250510330607,0.2952870518541999,0.04001454675089383
F328,poly-higg,100000.0,1.66,1.785375957970762,0.22010808804005508,0.251729682229635,0.03162159418957991
F328,poly-higg,15000000.0,1.44,1.4343167313251353,0.15836249209524964,0.15664506449632762,-0.0017174275989220167
F329,poly-higg,100.0,1.5,1.8038966638574554,0.17609125905568124,0.25621165537782425,0.08012039632214302
F329,poly-higg,1000.0,1.5,1.6888107467266964,0.17609125905568124,0.22758098393605944,0.0514897248803782
F329,poly-higg,10000.0,1.5,1.60727363964326,0.17609125905568124,0.20608982204660806,0.02999856299092682
F329,poly-higg,100000.0,1.5,1.5064799745175321,0.17609125905568124,0.17796336301612214,0.0018721039604409073
F329,poly-higg,15000000.0,1.5,1.2918886716437115,0.17609125905568124,0.11122508999497635,-0.06486616906070489
F330,poly-higg,100.0,1.45,1.583120980337314,0.16136800223497488,0.19951410442982107,0.03814610219484618
F330,poly-higg,1000.0,1.45,1.5326148234767876,0.16136800223497488,0.18543302174463872,0.024065019509663832
F330,poly-higg,10000.0,1.45,1.4880689392191564,0.16136800223497488,0.17262305165940806,0.011255049424433172
F330,poly-higg,100000.0,1.45,1.4645175968521469,0.16136800223497488,0.16569459429680744,0.004326592061832557
F330,poly-higg,15000000.0,1.45,1.3183443884303816,0.16136800223497488,0.12002887494527029,-0.0413391272897046
F331,poly-higg,100.0,2.8,1.9968377002332776,0.4471580313422192,0.3003427675459583,-0.14681526379626092
F331,poly-higg,1000.0,2.4,1.9464347712828862,0.38021124171160603,0.2892398542670915,-0.09097138744451455
F331,poly-higg,10000.0,2.0,1.8697894914873725,0.3010299956639812,0.27179271464794086,-0.02923728101604034
F331,poly-higg,100000.0,1.84,1.7708703611688712,0.2648178230095365,0.24818676927039185,-0.01663105373914464
F331,poly-higg,15000000.0,1.6,1.4967672471639433,0.2041199826559248,0.1751542711971936,-0.028965711458731197
F332,poly-higg,100.0,2.23,1.7680012689889848,0.34830486304816066,0.24748257239352256,-0.1008222906546381
F332,poly-higg,1000.0,2.23,1.7452440063605894,0.34830486304816066,0.2418561551964118,-0.10644870785174887
F332,poly-higg,10000.0,2.23,1.7118908377878963,0.34830486304816066,0.23347606755032355,-0.11482879549783712
F332,poly-higg,100000.0,2.23,1.6586357195547419,0.34830486304816066,0.21975101389718943,-0.12855384915097123
F332,poly-higg,15000000.0,2.0,1.5343251917631933,0.3010299956639812,0.1859174156891715,-0.1151125799748097
F333,poly-higg,100.0,8.44,8.211415379500227,0.926342446625655,0.9144180217390931,-0.011924424886561868
F333,poly-higg,1000.0,8.44,7.943811789887126,0.926342446625655,0.9000289460132871,-0.026313500612367924
F333,poly-higg,10000.0,8.44,7.62725981869595,0.926342446625655,0.8823685406595994,-0.04397390596605566
F333,poly-higg,100000.0,7.16,6.7709170543292005,0.8549130223078556,0.8306474935983741,-0.02426552870948151
F333,poly-higg,15000000.0,5.0,4.4921049545433664,0.6989700043360189,0.6524498946612247,-0.04652010967479414
F334,poly-higg,100.0,7.15,7.597591590659157,0.8543060418010806,0.8806759443002664,0.026369902499185804
F334,poly-higg,1000.0,7.15,7.5840748463102985,0.8543060418010806,0.8799026103504684,0.025596568549387744
F334,poly-higg,10000.0,7.15,7.463452812129732,0.8543060418010806,0.8729397913247513,0.018633749523670695
F334,poly-higg,100000.0,6.89,6.594237974862431,0.8382192219076258,0.8191646160410861,-0.01905460586653962
F334,poly-higg,15000000.0,4.75,4.626238809974468,0.6766936096248666,0.6652280476255203,-0.01146556199934623
F335,poly-higg,100.0,5.79,6.243717361452282,0.7626785637274363,0.7954432353353076,0.03276467160787133
F335,poly-higg,1000.0,5.79,5.866806785874165,0.7626785637274363,0.7684017856408394,0.0057232219134031315
F335,poly-higg,10000.0,5.79,5.558618687571436,0.7626785637274363,0.7449668831474843,-0.017711680579951983
F335,poly-higg,100000.0,5.23,5.030540252913604,0.7185016888672743,0.7016146284475421,-0.016887060419732203
F335,poly-higg,15000000.0,4.0,4.278029380427221,0.6020599913279624,0.6312437628707599,0.0291837715427975
F336,poly-higg,100.0,9.29,9.260845650057908,0.9680157139936417,0.966650645902789,-0.0013650680908526835
F336,poly-higg,1000.0,8.69,8.556394566720732,0.9390197764486664,0.9322908032719214,-0.0067289731767450345
F336,poly-higg,10000.0,7.39,7.944937983053929,0.8686444383948257,0.9000905115216762,0.03144607312685044
F336,poly-higg,100000.0,6.52,6.734955527447215,0.8142475957319202,0.8283347323161627,0.014087136584242543
F336,poly-higg,15000000.0,5.67,4.473034062309972,0.7535830588929066,0.6506022053528351,-0.10298085354007147
F337,poly-higg,100.0,11.98,9.892053772531037,1.0784568180532925,0.9952864684909211,-0.08317034956237146
F337,poly-higg,1000.0,10.49,9.013592558266003,1.0207754881935578,0.9548979227502634,-0.06587756544329437
F337,poly-higg,10000.0,8.99,8.439471001078877,0.9537596917332288,0.9263152252379188,-0.02744446649531007
F337,poly-higg,100000.0,6.8,7.150044359689509,0.8325089127062363,0.8543087362218653,0.021799823515629035
F337,poly-higg,15000000.0,5.0,4.455446768815677,0.6989700043360189,0.6488912593275273,-0.05007874500849152
F338,poly-higg,100.0,9.19,11.84643113731811,0.9633155113861113,1.0735875342437187,0.1102720228576074
F338,poly-higg,1000.0,9.19,10.737563768982511,0.9633155113861113,1.0309057560649084,0.06759024467879715
F338,poly-higg,10000.0,7.99,9.79905723027175,0.9025467793139914,0.9911842941224744,0.08863751480848303
F338,poly-higg,100000.0,6.61,7.976389634477444,0.8202014594856403,0.9018063604453335,0.0816049009596932
F338,poly-higg,15000000.0,5.0,4.7757283517229645,0.6989700043360189,0.6790396157128222,-0.019930388623196627
F339,poly-higg,100.0,3.6,3.5011995344286166,0.5563025007672873,0.5442168620452255,-0.012085638722061809
F339,poly-higg,1000.0,3.6,3.369956364062594,0.5563025007672873,0.5276242774382466,-0.028678223329040686
F339,poly-higg,10000.0,3.6,3.2048989382395794,0.5563025007672873,0.5058143392349027,-0.05048816153238456
F339,poly-higg,100000.0,3.31,3.0175588051992825,0.5198279937757188,0.4796557422407069,-0.04017225153501186
F339,poly-higg,15000000.0,2.4,2.4521488220169587,0.38021124171160603,0.38954682417403685,0.009335582462430825
F340,poly-higg,100.0,2.59,3.335223780131878,0.4132997640812518,0.5231249786471555,0.10982521456590366
F340,poly-higg,1000.0,2.59,3.3256921656814367,0.4132997640812518,0.5218820473690461,0.10858228328779429
F340,poly-higg,10000.0,2.59,3.3312313549613406,0.4132997640812518,0.5226047956134046,0.10930503153215276
F340,poly-higg,100000.0,2.59,3.221217530205194,0.4132997640812518,0.5080200539031494,0.09472028982189762
F340,poly-higg,15000000.0,2.59,2.719013373878151,0.4132997640812518,0.4344113437357893,0.021111579654537527
F341,poly-higg,100.0,3.0,3.2628218467977392,0.47712125471966244,0.5135933615399739,0.03647210682031149
F341,poly-higg,1000.0,3.0,3.19615408699208,0.47712125471966244,0.5046277085384737,0.027506453818811283
F341,poly-higg,10000.0,3.0,3.182113879308565,0.47712125471966244,0.5027157178216667,0.02559446310200425
F341,poly-higg,100000.0,3.0,3.0792691985488747,0.47712125471966244,0.48844765783265465,0.011326403112992212
F341,poly-higg,15000000.0,3.0,2.626663259224891,0.47712125471966244,0.4194043993812684,-0.057716855338394046
F342,poly-higg,100.0,5.79,3.1817896706499065,0.7626785637274363,0.5026714676125121,-0.2600070961149241
F342,poly-higg,1000.0,4.74,3.074965896713074,0.6757783416740851,0.487840303541856,-0.18793803813222915
F342,poly-higg,10000.0,4.74,3.0023794350314787,0.6757783416740851,0.47746557669048534,-0.1983127649835998
F342,poly-higg,100000.0,4.31,2.865211159050277,0.6344772701607315,0.457156633923315,-0.1773206362374165
F342,poly-higg,15000000.0,3.66,2.4532076679774484,0.5634810853944107,0.38973431348940313,-0.17374677190500754
F343,poly-higg,100.0,2.1,3.031512601396288,0.3222192947339193,0.481659377850714,0.1594400831167947
F343,poly-higg,1000.0,2.1,2.844732396750697,0.3222192947339193,0.45404141868164605,0.13182212394772674
F343,poly-higg,10000.0,2.1,2.7418300582742505,0.3222192947339193,0.4380405332248498,0.11582123849093051
F343,poly-higg,100000.0,1.93,2.592800100821977,0.28555730900777376,0.41376903491185313,0.12821172590407937
F343,poly-higg,15000000.0,1.68,2.1959233985417455,0.22530928172586284,0.3416171863377703,0.11630790461190743
F344,poly-higg,100.0,2.71,3.0462238104554666,0.4329692908744057,0.4837618084140142,0.050792517539608506
F344,poly-higg,1000.0,2.71,2.8149944760632826,0.4329692908744057,0.4494775469608682,0.016508256086462503
F344,poly-higg,10000.0,2.71,2.6373797663486696,0.4329692908744057,0.4211726700113295,-0.011796620863076202
F344,poly-higg,100000.0,2.5,2.449712514807462,0.3979400086720376,0.3891151208712605,-0.008824887800777115
F344,poly-higg,15000000.0,2.17,1.9642133241599564,0.3364597338485295,0.2931886527352704,-0.04327108111325911
F345,poly-higg,100.0,1.86,3.4909300487817867,0.26951294421791633,0.5429411465132788,0.2734282022953625
F345,poly-higg,1000.0,1.86,3.348337821670241,0.26951294421791633,0.5248292685224887,0.25531632430457235
F345,poly-higg,10000.0,1.86,3.239779887841961,0.26951294421791633,0.5105155050390516,0.2410025608211353
F345,poly-higg,100000.0,1.86,3.07126524435121,0.26951294421791633,0.48731732513198917,0.21780438091407284
F345,poly-higg,15000000.0,1.86,2.7453498425295013,0.26951294421791633,0.4385976948695702,0.16908475065165385
F346,poly-higg,100.0,2.5,3.2974484218083795,0.3979400086720376,0.5181780111026497,0.12023800243061211
F346,poly-higg,1000.0,2.5,3.179965495192767,0.3979400086720376,0.5024224076169231,0.10448239894488554
F346,poly-higg,10000.0,2.5,3.0418045305549652,0.3979400086720376,0.4831313024096484,0.08519129373761081
F346,poly-higg,100000.0,2.5,2.8622337043508432,0.3979400086720376,0.4567050914664576,0.05876508279442
F346,poly-higg,15000000.0,2.5,2.3439572191926343,0.3979400086720376,0.3699496808792778,-0.027990327792759784
F347,poly-higg,100.0,1.5,1.8021101723317923,0.17609125905568124,0.25578133812647996,0.07969007907079872
F347,poly-higg,1000.0,1.5,1.6965460176758733,0.17609125905568124,0.22956564408821373,0.05347438503253249
F347,poly-higg,10000.0,1.21,1.622938927043849,0.08278537031645007,0.21030217716024266,0.12751680684379257
F347,poly-higg,100000.0,1.12,1.5872992732698623,0.04921802267018165,0.20065881741409505,0.1514407947439134
F347,poly-higg,15000000.0,1.12,1.3670265300937376,0.04921802267018165,0.13577694306929303,0.08655892039911137
F348,poly-higg,100.0,1.28,1.475090237403556,0.10720996964786837,0.16881858872618558,0.0616086190783172
F348,poly-higg,1000.0,1.28,1.420844030470355,0.10720996964786837,0.15254640697479843,0.04533643732693006
F348,poly-higg,10000.0,1.28,1.389068778898082,0.10720996964786837,0.14272375009786856,0.035513780450000185
F348,poly-higg,100000.0,1.28,1.3656203268978253,0.10720996964786837,0.13532997251342824,0.028120002865559865
F348,poly-higg,15000000.0,1.28,1.2480972066769238,0.10720996964786837,0.09624841121127982,-0.010961558436588553
F349,poly-higg,100.0,1.51,1.502459458769168,0.17897694729316943,0.17680276215871557,-0.00217418513445386
F349,poly-higg,1000.0,1.51,1.459380612143921,0.17897694729316943,0.16416857235734972,-0.014808374935819713
F349,poly-higg,10000.0,1.51,1.436707968738045,0.17897694729316943,0.1573685005945685,-0.02160844669860093
F349,poly-higg,100000.0,1.51,1.4015101704123285,0.17897694729316943,0.14659625367527498,-0.032380693617894446
F349,poly-higg,15000000.0,1.51,1.3016157868124638,0.17897694729316943,0.11448280735655438,-0.06449413993661506
F350,poly-higg,100.0,4.99,5.17266879211768,0.69810054562339,0.7137146712641615,0.015614125640771581
F350,poly-higg,1000.0,4.99,4.8196928509681864,0.69810054562339,0.6830193624338741,-0.015081183189515901
F350,poly-higg,10000.0,3.99,4.530921137092953,0.6009728956867483,0.6561865031362765,0.05521360744952819
F350,poly-higg,100000.0,3.5,4.0514287307326295,0.5440680443502757,0.607608203573433,0.06354015922315737
F350,poly-higg,15000000.0,2.26,3.3194025032397767,0.35410843914740087,0.5210599171682693,0.1669514780208684
F351,poly-higg,100.0,4.56,5.872050148918662,0.658964842664435,0.7687897559178314,0.10982491325339638
F351,poly-higg,1000.0,4.56,5.56575647146022,0.658964842664435,0.7455241999472156,0.08655935728278064
F351,poly-higg,10000.0,4.56,5.231731606871201,0.658964842664435,0.7186454561410135,0.05968061347657849
F351,poly-higg,100000.0,4.2,4.739066898101268,0.6232492903979004,0.6756928393748951,0.05244354897699466
F351,poly-higg,15000000.0,2.83,3.7727192606068645,0.45178643552429026,0.576654489244057,0.12486805371976678
F352,poly-higg,100.0,5.96,6.393275104011766,0.7752462597402364,0.8057233926215197,0.030477132881283286
F352,poly-higg,1000.0,5.96,6.304627891794018,0.7752462597402364,0.7996594589805515,0.024413199240315042
F352,poly-higg,10000.0,5.96,5.958881435745422,0.7752462597402364,0.775164744324975,-8.151541526146833e-05
F352,poly-higg,100000.0,5.49,5.436944838051209,0.7395723444500919,0.7353549267755752,-0.004217417674516666
F352,poly-higg,15000000.0,4.77,4.728074500383105,0.6785183790401139,0.6746843111156632,-0.0038340679244507347
F353,poly-higg,100.0,2.1,1.7093660356990188,0.3222192947339193,0.23283507048129312,-0.08938422425262618
F353,poly-higg,1000.0,2.1,1.6631412563725045,0.3222192947339193,0.22092913692717853,-0.10129015780674078
F353,poly-higg,10000.0,2.1,1.607705657299095,0.3222192947339193,0.20620653998959554,-0.11601275474432376
F353,poly-higg,100000.0,1.47,1.569263988064886,0.1673173347481761,0.19569600854295996,0.02837867379478387
F353,poly-higg,15000000.0,1.1,1.3384392871989648,0.04139268515822508,0.12659867598430213,0.08520599082607705
F354,poly-higg,100.0,1.89,1.6920864383373446,0.2764618041732441,0.22842254471605483,-0.04803925945718929
F354,poly-higg,1000.0,1.89,1.6554127988953602,0.2764618041732441,0.21890630864230323,-0.05755549553094089
F354,poly-higg,10000.0,1.89,1.6112017459732204,0.2764618041732441,0.20714992383151667,-0.06931188034172744
F354,poly-higg,100000.0,1.66,1.5554068459222197,0.22010808804005508,0.1918440061143484,-0.028264081925706674
F354,poly-higg,15000000.0,1.1,1.3088575585741444,0.04139268515822508,0.11689238536566807,0.07549970020744298
F355,poly-higg,100.0,6.94,6.966300390119981,0.8413594704548549,0.8430021975064819,0.0016427270516269354
F355,poly-higg,1000.0,6.94,6.394544550644514,0.8413594704548549,0.8058096174330001,-0.03554985302185487
F355,poly-higg,10000.0,6.94,5.869180453160561,0.8413594704548549,0.7685774624880302,-0.07278200796682477
F355,poly-higg,100000.0,6.38,5.425306598274943,0.8048206787211624,0.734424286331896,-0.07039639238926632
F355,poly-higg,15000000.0,3.2,3.6574245606054956,0.505149978319906,0.5631753769707896,0.05802539865088352
F356,poly-higg,100.0,4.54,5.814250531174392,0.6570558528571039,0.7644937412222326,0.10743788836512869
F356,poly-higg,1000.0,4.54,5.502927977867253,0.6570558528571039,0.7405938288170598,0.08353797595995593
F356,poly-higg,10000.0,4.54,5.228216682452028,0.6570558528571039,0.7183535785342055,0.06129772567710157
F356,poly-higg,100000.0,4.17,4.940692954357803,0.6201360549737575,0.6937878649455673,0.07365180997180987
F356,poly-higg,15000000.0,3.3,3.610986501332097,0.5185139398778874,0.5576258649408281,0.0391119250629407
F357,poly-higg,100.0,3.99,3.4210571122850673,0.6009728956867483,0.534160324504622,-0.06681257118212625
F357,poly-higg,1000.0,2.8,3.089760459670141,0.4471580313422192,0.4899248111154618,0.042766779773242614
F357,poly-higg,10000.0,2.3,2.8117272154549062,0.36172783601759284,0.4489731845664119,0.08724534854881905
F357,poly-higg,100000.0,2.12,2.527319469363442,0.32633586092875144,0.4026601429932267,0.07632428206447528
F357,poly-higg,15000000.0,1.84,1.8666920216179907,0.2648178230095365,0.2710726712726085,0.006254848263071988
F358,poly-higg,100.0,4.29,3.9882708229263275,0.6324572921847242,0.6007846413419771,-0.031672650842747174
F358,poly-higg,1000.0,3.99,3.6652523985134016,0.6009728956867483,0.5641038866189836,-0.03686900906776469
F358,poly-higg,10000.0,3.7,3.3434023534298953,0.568201724066995,0.5241886438254848,-0.04401308024151018
F358,poly-higg,100000.0,3.04,2.9442496937111127,0.48287358360875376,0.4689746385467445,-0.013898945062009282
F358,poly-higg,15000000.0,2.64,2.082831718072831,0.42160392686983106,0.31865418263872364,-0.10294974423110742
F359,poly-higg,100.0,3.45,4.573295713477906,0.5378190950732742,0.6602292841664887,0.12241018909321455
F359,poly-higg,1000.0,3.45,4.228621009552915,0.5378190950732742,0.626198763218432,0.08837966814515785
F359,poly-higg,10000.0,3.45,3.9495362694996445,0.5378190950732742,0.5965461064061427,0.058727011332868506
F359,poly-higg,100000.0,3.17,3.5634713847211845,0.5010592622177514,0.5518732756887225,0.05081401347097103
F359,poly-higg,15000000.0,2.05,2.683569464438563,0.31175386105575426,0.4287128415205396,0.11695898046478537
F360,poly-higg,100.0,3.0,3.113513700959073,0.47712125471966244,0.4932507811664055,0.016129526446743092
F360,poly-higg,1000.0,2.0,2.9403000503416545,0.3010299956639812,0.468391651350433,0.16736165568645178
F360,poly-higg,10000.0,1.91,2.768440015104381,0.28103336724772754,0.44223511791788434,0.1612017506701568
F360,poly-higg,100000.0,1.91,2.5834068997492468,0.28103336724772754,0.41219281515448347,0.13115944790675593
F360,poly-higg,15000000.0,1.8,2.0894106706677156,0.25527250510330607,0.32002380832703176,0.06475130322372569
F361,poly-higg,100.0,4.79,3.3275908621308536,0.6803355134145632,0.5221299230147173,-0.15820559039984594
F361,poly-higg,1000.0,3.75,3.1413403234874635,0.5740312677277188,0.497114989122554,-0.07691627860516487
F361,poly-higg,10000.0,3.7,2.9879900913243005,0.568201724066995,0.4753791529524929,-0.0928225711145021
F361,poly-higg,100000.0,3.13,2.7753055719801316,0.49554433754644844,0.44331080760957087,-0.052233529936877576
F361,poly-higg,15000000.0,2.17,2.191944623679182,0.3364597338485295,0.3408295781269545,0.004369844278425017
F362,poly-higg,100.0,5.49,4.18801773889939,0.7395723444500919,0.6220085125220398,-0.11756383192805209
F362,poly-higg,1000.0,3.6,3.8692511216212813,0.5563025007672873,0.5876269171586215,0.03132441639133421
F362,poly-higg,10000.0,3.1,3.5749700836959044,0.4913616938342727,0.5532724118601344,0.06191071802586173
F362,poly-higg,100000.0,2.76,3.2351599610572603,0.4409090820652177,0.509895759034703,0.0689866769694853
F362,poly-higg,15000000.0,2.35,2.4160178213676744,0.37106786227173627,0.3831001334644483,0.012032271192712052
F363,poly-higg,100.0,4.99,3.2679794923763783,0.69810054562339,0.5142793225312099,-0.18382122309218007
F363,poly-higg,1000.0,3.5,3.010868154943457,0.5440680443502757,0.4786917382978158,-0.06537630605245986
F363,poly-higg,10000.0,3.3,2.705060851365296,0.5185139398778874,0.4321770391708377,-0.08633690070704969
F363,poly-higg,100000.0,2.85,2.372176737631957,0.4548448600085102,0.37514704275246763,-0.07969781725604258
F363,poly-higg,15000000.0,2.07,1.8580659194129228,0.3159703454569177,0.2690611175852036,-0.04690922787171409
F364,poly-higg,100.0,2.76,3.3321584588896878,0.4409090820652177,0.52272564585152,0.08181656378630237
F364,poly-higg,1000.0,2.76,3.065944164985901,0.4409090820652177,0.4865642414970514,0.045655159431833736
F364,poly-higg,10000.0,2.76,2.8346972994046196,0.4409090820652177,0.452506689960151,0.011597607894933304
F364,poly-higg,100000.0,2.54,2.459350101132304,0.40483371661993806,0.3908203571921611,-0.014013359427776928
F364,poly-higg,15000000.0,1.0,1.9285937020065596,0.0,0.28524074420065915,0.28524074420065915
F365,poly-higg,100.0,3.8,3.4673954860328244,0.5797835966168101,0.5400033794718436,-0.03978021714496649
F365,poly-higg,1000.0,3.5,3.1674561656846714,0.5440680443502757,0.5007106134108883,-0.043357430939387376
F365,poly-higg,10000.0,3.1,2.9224620864636477,0.4913616938342727,0.4657488857033619,-0.02561280813091077
F365,poly-higg,100000.0,2.76,2.6016659359389993,0.4409090820652177,0.4152515306988745,-0.02565755136634318
F365,poly-higg,15000000.0,1.7,2.032960025302073,0.2304489213782739,0.3081288390603654,0.07767991768209151
F366,poly-higg,100.0,1.74,1.7002783840614726,0.24054924828259971,0.23052003359225276,-0.010029214690346955
F366,poly-higg,1000.0,1.74,1.6691327784147396,0.24054924828259971,0.22249088589384988,-0.018058362388749832
F366,poly-higg,10000.0,1.74,1.644428147402432,0.24054924828259971,0.21601490191817302,-0.024534346364426696
F366,poly-higg,100000.0,1.74,1.6095713578378523,0.24054924828259971,0.20671023521750434,-0.033839013065095375
F366,poly-higg,15000000.0,1.7,1.5302324761482802,0.2304489213782739,0.1847574147644743,-0.045691506613799615
F367,poly-higg,100.0,2.4,2.440205102932924,0.38021124171160603,0.3874263309815323,0.007215089269926256
F367,poly-higg,1000.0,2.4,2.3476144680283513,0.38021124171160603,0.3706267773475484,-0.009584464364057632
F367,poly-higg,10000.0,2.4,2.257135151506958,0.38021124171160603,0.3535575643043405,-0.02665367740726554
F367,poly-higg,100000.0,2.4,2.1687165497488423,0.38021124171160603,0.3362027936351082,-0.04400844807649784
F367,poly-higg,15000000.0,2.4,1.8336383329318486,0.38021124171160603,0.26331367947946527,-0.11689756223214076
F368,poly-higg,100.0,1.5,1.7680229130418474,0.17609125905568124,0.24748788903856822,0.07139662998288698
F368,poly-higg,1000.0,1.5,1.7452804192404432,0.17609125905568124,0.2418652162490578,0.06577395719337656
F368,poly-higg,10000.0,1.5,1.711899236923434,0.17609125905568124,0.2334781983458088,0.05738693929012756
F368,poly-higg,100000.0,1.5,1.65864464748642,0.17609125905568124,0.21975335156602271,0.04366209251034148
F368,poly-higg,15000000.0,1.5,1.534330527092902,0.17609125905568124,0.18591892586461242,0.009827666808931185
F369,poly-higg,100.0,1.56,1.7306436534332204,0.1931245983544616,0.23820765408030797,0.045083055725846366
F369,poly-higg,1000.0,1.56,1.6784376053028727,0.1931245983544616,0.2249052013026346,0.031780602948173
F369,poly-higg,10000.0,1.56,1.659214712440691,0.1931245983544616,0.2199025899993287,0.026777991644867105
F369,poly-higg,100000.0,1.56,1.664962234495088,0.1931245983544616,0.2214043870697261,0.028279788715264487
F369,poly-higg,15000000.0,1.56,1.5849750627416932,0.1931245983544616,0.20002243362072678,0.006897835266265168
F370,poly-higg,100.0,1.8,1.832359274530008,0.25527250510330607,0.2630106307118607,0.007738125608554636
F370,poly-higg,1000.0,1.8,1.7974755051490572,0.25527250510330607,0.25466298080675165,-0.0006095242965544201
F370,poly-higg,10000.0,1.8,1.7732765124334875,0.25527250510330607,0.24877646174909807,-0.006496043354208003
F370,poly-higg,100000.0,1.8,1.7513012964840213,0.25527250510330607,0.24336086918101715,-0.011911635922288916
F370,poly-higg,15000000.0,1.8,1.6203016347762051,0.25527250510330607,0.20959587017522296,-0.045676634928083104
F371,poly-higg,100.0,2.5,2.0630656779845498,0.3979400086720376,0.31451305401883334,-0.08342695465320427
F371,poly-higg,1000.0,2.0,1.9279689218206693,0.3010299956639812,0.2851000289492941,-0.015929966714687105
F371,poly-higg,10000.0,1.6,1.7723101985164027,0.2041199826559248,0.24853973657688844,0.044419753920963645
F371,poly-higg,100000.0,1.47,1.6345572123094236,0.1673173347481761,0.21340012623509744,0.04608279148692135
F371,poly-higg,15000000.0,1.28,1.4581804144443153,0.10720996964786837,0.16381126071054344,0.05660129106267507
F372,poly-higg,100.0,8.8,10.038013665169533,0.9444826721501687,1.0016477825697563,0.057165110419587606
F372,poly-higg,1000.0,8.8,9.155820515184898,0.9444826721501687,0.9616972704563265,0.01721459830615779
F372,poly-higg,10000.0,8.8,8.287939061647606,0.9444826721501687,0.9184465491956226,-0.026036122954546048
F372,poly-higg,100000.0,8.1,7.516940496774775,0.9084850188786497,0.8760411124351797,-0.03244390644347006
F372,poly-higg,15000000.0,4.0,4.697215275742407,0.6020599913279624,0.671840464574257,0.06978047324629455
F373,poly-higg,100.0,7.54,9.072399327027437,0.877371345869774,0.9577221576982715,0.08035081182849746
F373,poly-higg,1000.0,7.54,8.306507883021018,0.877371345869774,0.919418481559579,0.04204713568980489
F373,poly-higg,10000.0,7.54,7.746741535007097,0.877371345869774,0.8891190662555151,0.011747720385741012
F373,poly-higg,100000.0,6.93,7.165967509734827,0.8407332346118067,0.8552748347574057,0.01454160014559902
F373,poly-higg,15000000.0,4.4,4.650563717840062,0.6434526764861874,0.6675055990638884,0.024052922577700975
F374,poly-higg,100.0,7.26,7.666213070343852,0.8609366207000937,0.8845808856186521,0.023644264918558422
F374,poly-higg,1000.0,7.26,7.311776863796505,0.8609366207000937,0.8640229294023961,0.0030863087023024205
F374,poly-higg,10000.0,7.26,6.960483758065317,0.8609366207000937,0.8426394244032862,-0.018297196296807483
F374,poly-higg,100000.0,6.61,6.484624393521747,0.8202014594856403,0.8118848256714387,-0.008316633814201557
F374,poly-higg,15000000.0,5.5,4.916127550064856,0.7403626894942439,0.6916231422312429,-0.048739547263001004
F375,poly-higg,100.0,8.75,8.69163183878509,0.9420080530223133,0.9391013221387807,-0.002906730883532549
F375,poly-higg,1000.0,8.75,8.12411598063647,0.9420080530223133,0.9097761148055021,-0.03223193821681114
F375,poly-higg,10000.0,8.75,7.745206601382828,0.9420080530223133,0.8890330069427133,-0.05297504607960002
F375,poly-higg,100000.0,7.9,7.229622907077151,0.8976270912904415,0.8591156453378861,-0.0385114459525554
F375,poly-higg,15000000.0,5.11,4.425403466064226,0.7084209001347127,0.6459528716660479,-0.06246802846866484
F376,poly-higg,100.0,6.64,8.602253009165583,0.8221680793680175,0.9346122118600827,0.1124441324920652
F376,poly-higg,1000.0,6.64,8.025500578931737,0.8221680793680175,0.9044721304087111,0.0823040510406936
F376,poly-higg,10000.0,6.29,7.692149217860899,0.798650645445269,0.8860477004058889,0.08739705496061989
F376,poly-higg,100000.0,5.51,7.321933131930423,0.741151598851785,0.8646257583387055,0.12347415948692042
F376,poly-higg,15000000.0,2.67,4.478270978608028,0.42651126136457523,0.6511103690450624,0.22459910768048713
F377,poly-higg,100.0,10.49,10.725248336526526,1.0207754881935578,1.0304073567947107,0.009631868601152949
F377,poly-higg,1000.0,10.49,10.179730301084778,1.0207754881935578,1.0077362720771417,-0.013039216116416119
F377,poly-higg,10000.0,10.49,9.72878957749146,1.0207754881935578,0.9880588102049901,-0.0327166779885677
F377,poly-higg,100000.0,9.19,9.091163118083541,0.9633155113861113,0.9586194501582401,-0.00469606122787114
F377,poly-higg,15000000.0,6.6,5.221514262456257,0.8195439355418687,0.717796468607822,-0.10174746693404668
F378,poly-higg,100.0,1.78,1.7507995844511564,0.250420002308894,0.24323643486214613,-0.007183567446747863
F378,poly-higg,1000.0,1.78,1.7903152304143413,0.250420002308894,0.2529295062738378,0.0025095039649438156
F378,poly-higg,10000.0,1.78,1.8020194392579403,0.250420002308894,0.2557594716135878,0.005339469304693811
F378,poly-higg,100000.0,1.78,1.7467453788343537,0.250420002308894,0.24222960296436846,-0.008190399344525534
F378,poly-higg,15000000.0,1.78,1.5072954627048363,0.250420002308894,0.17819839182687752,-0.07222161048201647
F379,poly-higg,100.0,1.68,1.6222296298847434,0.22530928172586284,0.21011232948870837,-0.015196952237154476
F379,poly-higg,1000.0,1.68,1.6295404741177806,0.22530928172586284,0.21206515183259295,-0.013244129893269896
F379,poly-higg,10000.0,1.68,1.6231932891065408,0.22530928172586284,0.21037023849176148,-0.014939043234101362
F379,poly-higg,100000.0,1.68,1.6081433064729693,0.22530928172586284,0.2063247474206893,-0.01898453430517355
F379,poly-higg,15000000.0,1.68,1.4581030386428213,0.22530928172586284,0.16378821501956714,-0.0615210667062957
F380,poly-higg,100.0,1.56,1.6715819108504828,0.1931245983544616,0.2231276627465795,0.03000306439211789
F380,poly-higg,1000.0,1.56,1.6377233807188603,0.1931245983544616,0.21424054921167834,0.021115950857216736
F380,poly-higg,10000.0,1.56,1.6060324458154938,0.1931245983544616,0.2057543148506895,0.012629716496227905
F380,poly-higg,100000.0,1.56,1.5563862639738697,0.1931245983544616,0.192117389243838,-0.0010072091106236025
F380,poly-higg,15000000.0,1.56,1.4352433502653146,0.1931245983544616,0.15692554338165643,-0.03619905497280518
F381,poly-higg,100.0,4.19,5.647686185559086,0.6222140229662954,0.7518705570829847,0.12965653411668931
F381,poly-higg,1000.0,4.19,5.3059252679329605,0.6222140229662954,0.7247611288063369,0.10254710584004156
F381,poly-higg,10000.0,4.19,5.012416001149748,0.6222140229662954,0.7000471077144592,0.07783308474816386
F381,poly-higg,100000.0,3.76,4.623515864726159,0.5751878449276611,0.6649723521672917,0.0897845072396306
F381,poly-higg,15000000.0,2.9,3.528249627764663,0.4623979978989561,0.5475593043865101,0.08516130648755404
F382,poly-higg,100.0,6.01,5.910404122979738,0.7788744720027395,0.7716171767154,-0.007257295287339538
F382,poly-higg,1000.0,6.01,5.6999462925992335,0.7788744720027395,0.7558707635781619,-0.023003708424577662
F382,poly-higg,10000.0,6.01,5.4013159001796485,0.7788744720027395,0.7324995780760157,-0.04637489392672378
F382,poly-higg,100000.0,5.32,5.099745712434569,0.7259116322950482,0.7075485215019063,-0.0183631107931419
F382,poly-higg,15000000.0,3.64,4.311614255758718,0.561101383649056,0.6346398991895392,0.07353851554048318
F383,poly-higg,100.0,5.24,6.106054163942316,0.7193312869837266,0.7857606524023637,0.06642936541863709
F383,poly-higg,1000.0,5.24,5.728526050085755,0.7193312869837266,0.7580428923583475,0.03871160537462093
F383,poly-higg,10000.0,4.74,5.322576101344494,0.6757783416740851,0.7261218796280123,0.05034353795392721
F383,poly-higg,100000.0,4.31,4.94804712266611,0.6344772701607315,0.6944338269749517,0.059956556814220185
F383,poly-higg,15000000.0,3.75,4.466714398260789,0.5740312677277188,0.6499881845683946,0.07595691684067574
F384,poly-higg,100.0,5.29,4.798458803943993,0.7234556720351858,0.6811017706211678,-0.04235390141401796
F384,poly-higg,1000.0,4.89,4.593386335205334,0.6893088591236202,0.662132974090204,-0.02717588503341617
F384,poly-higg,10000.0,4.44,4.267019216875323,0.6473829701146199,0.630124598744974,-0.01725837136964592
F384,poly-higg,100000.0,4.04,3.8705514575747473,0.6063813651106049,0.5877728456183582,-0.018608519492246733
F384,poly-higg,15000000.0,3.04,2.6640554970250427,0.48287358360875376,0.42554326772074547,-0.0573303158880083
F385,poly-higg,100.0,3.26,4.309750826546702,0.5132176000679389,0.6344521616261553,0.12123456155821632
F385,poly-higg,1000.0,3.26,4.128848593018967,0.5132176000679389,0.615828957366829,0.10261135729889004
F385,poly-higg,10000.0,3.26,3.8568065265251854,0.5132176000679389,0.5862278533928814,0.07301025332494249
F385,poly-higg,100000.0,2.76,3.5633675031285117,0.4409090820652177,0.5518606150398199,0.1109515329746022
F385,poly-higg,15000000.0,2.25,2.565061260131718,0.3521825181113625,0.4090977416191671,0.056915223507804646
F386,poly-higg,100.0,4.49,3.2973568109489193,0.6522463410033232,0.5181659452146229,-0.13408039578870035
F386,poly-higg,1000.0,3.5,3.179872187601125,0.5440680443502757,0.5024096642186813,-0.0416583801315944
F386,poly-higg,10000.0,3.5,3.041798372550141,0.5440680443502757,0.48313042319791905,-0.060937621152356625
F386,poly-higg,100000.0,3.22,2.862200471513151,0.5078558716958309,0.4567000489285981,-0.051155822767232795
F386,poly-higg,15000000.0,2.8,2.3439432067986283,0.4471580313422192,0.3699470846187594,-0.0772109467234598
F387,poly-higg,100.0,3.7,3.219728733345326,0.568201724066995,0.5078192833188364,-0.06038244074815857
F387,poly-higg,1000.0,3.05,3.1097016280404506,0.48429983934678583,0.492718721016558,0.008418881669772171
F387,poly-higg,10000.0,3.0,2.954914697563485,0.47712125471966244,0.47054494819115117,-0.0065763065285112665
F387,poly-higg,100000.0,2.76,2.7924319780049447,0.4409090820652177,0.4459826027592115,0.005073520693993805
F387,poly-higg,15000000.0,2.4,2.270501377899798,0.38021124171160603,0.35612176979747756,-0.02408947191412847
F388,poly-higg,100.0,2.65,3.150950645188354,0.42324587393680785,0.4984416006699623,0.07519572673315444
F388,poly-higg,1000.0,2.65,3.0402768581931507,0.42324587393680785,0.4829131337767617,0.05966725983995386
F388,poly-higg,10000.0,2.65,2.8798877983955733,0.42324587393680785,0.4593755677985042,0.036129693861696344
F388,poly-higg,100000.0,2.44,2.724486495517154,0.3873898263387294,0.4352846595747152,0.047894833235985756
F388,poly-higg,15000000.0,1.8,2.203571016456871,0.25527250510330607,0.3431270514687427,0.08785454636543666
F389,belatacept,100.0,3.94,4.524182623383796,0.5954962218255742,0.655540127360196,0.0600439055346218
F389,belatacept,1000.0,3.94,4.377497624686116,0.5954962218255742,0.6412259190990606,0.045729697273486414
F389,belatacept,10000.0,3.94,4.185125284508337,0.5954962218255742,0.6217084634179826,0.026212241592408425
F389,belatacept,100000.0,3.31,3.894896667114984,0.5198279937757188,0.5904959401864893,0.07066794641077057
F389,belatacept,15000000.0,1.8,2.4048730676650165,0.25527250510330607,0.38109215868596524,0.12581965358265917
F390,belatacept,100.0,2.3,2.4830909701545334,0.36172783601759284,0.3949926305946051,0.03326479457701226
F390,belatacept,1000.0,2.3,2.4849108487499225,0.36172783601759284,0.39531081214762176,0.03358297613002892
F390,belatacept,10000.0,2.3,2.4630244855731824,0.36172783601759284,0.39146872929605075,0.029740893278457914
F390,belatacept,100000.0,2.12,2.363244959670727,0.32633586092875144,0.3735087403033387,0.04717287937458725
F390,belatacept,15000000.0,1.84,1.7530385050502164,0.2648178230095365,0.2437914553677139,-0.021026367641822585
F391,belatacept,100.0,2.05,2.3993848445866948,0.31175386105575426,0.3800999113592273,0.06834605030347307
F391,belatacept,1000.0,2.05,2.396508668695911,0.31175386105575426,0.37957900426875824,0.06782514321300398
F391,belatacept,10000.0,2.05,2.3612270182986137,0.31175386105575426,0.3731377439845568,0.061383882928802536
F391,belatacept,100000.0,1.89,2.261916658895059,0.2764618041732441,0.35447659915319235,0.07801479497994823
F391,belatacept,15000000.0,1.64,1.6892532543906054,0.21484384804769785,0.22769476427750426,0.012850916229806414
F392,belatacept,100.0,3.0,2.581286542499437,0.47712125471966244,0.41183621722072805,-0.06528503749893438
F392,belatacept,1000.0,2.35,2.3913311817264704,0.37106786227173627,0.37863972686279657,0.0075718645910602955
F392,belatacept,10000.0,2.35,2.2142114874256817,0.37106786227173627,0.3452190995758862,-0.02584876269585007
F392,belatacept,100000.0,1.66,1.8852615184042474,0.22010808804005508,0.27537160288241536,0.05526351484236028
F392,belatacept,15000000.0,1.1,1.375709920632948,0.04139268515822508,0.1385268691106703,0.09713418395244522
F393,belatacept,100.0,2.19,2.4267410988159486,0.34044411484011833,0.3850234453252291,0.04457933048511076
F393,belatacept,1000.0,2.19,2.421654423338965,0.34044411484011833,0.3841121682269303,0.043668053386811956
F393,belatacept,10000.0,2.19,2.431185735531188,0.34044411484011833,0.3858181389482166,0.045374024108098265
F393,belatacept,100000.0,2.19,2.4249068178132305,0.34044411484011833,0.3846950545724846,0.04425093973236627
F393,belatacept,15000000.0,2.19,1.9152620016245425,0.34044411484011833,0.28222819244389247,-0.05821592239622586
F394,belatacept,100.0,1.66,1.3575098201087283,0.22010808804005508,0.13274297992099998,-0.0873651081190551
F394,belatacept,1000.0,1.66,1.3132286027522395,0.22010808804005508,0.11834033330355981,-0.10176775473649527
F394,belatacept,10000.0,1.19,1.2669505578987033,0.07554696139253074,0.10275966709280457,0.02721270570027383
F394,belatacept,100000.0,1.09,1.2085581126263336,0.037426497940623665,0.08226753797590808,0.04484104003528441
F394,belatacept,15000000.0,0.95,1.054358920022214,-0.022276394711152253,0.022988476579200792,0.045264871290353045
F395,belatacept,100.0,2.9,2.9613074041171603,0.4623979978989561,0.4714834924896856,0.009085494590729493
F395,belatacept,1000.0,2.55,2.9188569219651064,0.4065401804339551,0.46521280703872786,0.05867262660477274
F395,belatacept,10000.0,2.55,2.8567659136405665,0.4065401804339551,0.4558746553007553,0.049334474866800204
F395,belatacept,100000.0,2.55,2.734374032541701,0.4065401804339551,0.43685792104320725,0.03031774060925213
F395,belatacept,15000000.0,2.5,2.2923827052404815,0.3979400086720376,0.3602871232864282,-0.0376528853856094
F396,belatacept,100.0,3.39,3.9102439749170452,0.5301996982030822,0.5922038555172476,0.06200415731416542
F396,belatacept,1000.0,3.39,3.7869089042283774,0.5301996982030822,0.5782848581002871,0.048085159897204854
F396,belatacept,10000.0,3.39,3.6704945994499942,0.5301996982030822,0.5647245894125672,0.03452489120948499
F396,belatacept,100000.0,2.76,3.4243172093658343,0.4409090820652177,0.5345739884514457,0.09366490638622799
F396,belatacept,15000000.0,2.1,2.594861252480721,0.3222192947339193,0.41411414103112265,0.09189484629720335
F397,belatacept,100.0,2.25,2.4536262852834314,0.3521825181113625,0.38980841552268586,0.037625897411323384
F397,belatacept,1000.0,2.25,2.426914961776467,0.3521825181113625,0.38505455907678054,0.03287204096541807
F397,belatacept,10000.0,2.25,2.405580374249875,0.3521825181113625,0.38121987194740337,0.02903735383604089
F397,belatacept,100000.0,2.25,2.3578072609608483,0.3521825181113625,0.37250830079201674,0.02032578268065427
F397,belatacept,15000000.0,2.25,2.2012168452441965,0.3521825181113625,0.34266282767564804,-0.009519690435714434
F398,belatacept,100.0,2.89,3.2157072482116242,0.4608978427565479,0.5072765045436414,0.04637866178709349
F398,belatacept,1000.0,2.89,3.1889825321570817,0.4608978427565479,0.5036521403754248,0.042754297618876946
F398,belatacept,10000.0,2.89,3.1425850901647974,0.4608978427565479,0.49728704568615334,0.03638920292960546
F398,belatacept,100000.0,2.66,2.96762243474859,0.424881636631067,0.47240864561780693,0.04752700898673995
F398,belatacept,15000000.0,2.31,2.404847865793344,0.36361197989214433,0.38108760747230747,0.017475627580163133
F399,belatacept,100.0,1.3,1.3663121182852362,0.11394335230683679,0.1355499202571085,0.021606567950271702
F399,belatacept,1000.0,1.3,1.3698270996534634,0.11394335230683679,0.13666575372199027,0.022722401415153484
F399,belatacept,10000.0,1.3,1.3594519068385216,0.11394335230683679,0.13336384821326203,0.019420495906425236
F399,belatacept,100000.0,1.3,1.3390718930337533,0.11394335230683679,0.1268038943455989,0.012860542038762121
F399,belatacept,15000000.0,1.3,1.2839202643194276,0.11394335230683679,0.10853805345141594,-0.005405298855420848
F400,etanercept,100.0,4.59,4.839597354358832,0.6618126855372612,0.6848092306414749,0.022996545104213673
F400,etanercept,1000.0,4.59,4.293071990261604,0.6618126855372612,0.6327681711981026,-0.029044514339158667
F400,etanercept,10000.0,3.3,3.6860132102180554,0.5185139398778874,0.5665568873438596,0.04804294746597215
F400,etanercept,100000.0,3.04,3.092785008516992,0.48287358360875376,0.49034973155833794,0.007476147949584178
F400,etanercept,15000000.0,1.75,1.981893686391354,0.24303804868629444,0.29708035415937883,0.05404230547308439
F401,etanercept,100.0,5.34,5.686484027194318,0.7275412570285564,0.7548438235909507,0.02730256656239427
F401,etanercept,1000.0,5.34,5.490783359819669,0.7275412570285564,0.7396343088539884,0.012093051825431966
F401,etanercept,10000.0,5.34,5.182863633444809,0.7275412570285564,0.7145697822484562,-0.01297147478010019
F401,etanercept,100000.0,4.59,4.677316380716153,0.6618126855372612,0.6699967472341506,0.008184061696889344
F401,etanercept,15000000.0,2.8,2.8971670006508865,0.4471580313422192,0.4619735298502144,0.014815498507995184
F402,etanercept,100.0,4.28,4.113650349576213,0.631443769013172,0.6142273749369844,-0.01721639407618758
F402,etanercept,1000.0,4.28,3.747817659234402,0.631443769013172,0.5737784532096893,-0.057665315803482664
F402,etanercept,10000.0,4.04,3.2665593687624233,0.6063813651106049,0.5140905557729192,-0.09229080933768574
F402,etanercept,100000.0,3.71,2.7475763697851505,0.5693739096150459,0.43894977262067003,-0.13042413699437583
F402,etanercept,15000000.0,2.42,1.734365772744993,0.38381536598043126,0.23914069425482495,-0.1446746717256063
F403,etanercept,100.0,1.55,1.6469691381542484,0.1903316981702915,0.21668546118864432,0.02635376301835282
F403,etanercept,1000.0,1.55,1.6481053623404156,0.1903316981702915,0.21698497242199663,0.026653274251705134
F403,etanercept,10000.0,1.55,1.6499423365928367,0.1903316981702915,0.21746876643381988,0.02713706826352838
F403,etanercept,100000.0,1.55,1.6280885014142819,0.1903316981702915,0.21167800904899328,0.021346310878701785
F403,etanercept,15000000.0,1.55,1.5118399990996387,0.1903316981702915,0.17950583138675236,-0.01082586678353914
F404,etanercept,100.0,1.98,2.0534061340848067,0.2966651902615311,0.3124748550441956,0.01580966478266449
F404,etanercept,1000.0,1.98,2.0314274525441833,0.2966651902615311,0.30780131717568293,0.011136126914151834
F404,etanercept,10000.0,1.98,2.003058675266153,0.2966651902615311,0.30169367119626506,0.005028480934733959
F404,etanercept,100000.0,1.98,1.9778314020118175,0.2966651902615311,0.2961892678998528,-0.0004759223616783159
F404,etanercept,15000000.0,1.98,1.8808223923135048,0.2966651902615311,0.27434778668276016,-0.022317403578770934
F405,etanercept,100.0,1.65,1.6244654653936725,0.21748394421390627,0.21071048308735107,-0.006773461126555191
F405,etanercept,1000.0,1.65,1.6294386371058338,0.21748394421390627,0.21203801004932465,-0.005445934164581612
F405,etanercept,10000.0,1.65,1.6246447655694374,0.21748394421390627,0.21075841564210157,-0.006725528571804695
F405,etanercept,100000.0,1.65,1.607000415114309,0.21748394421390627,0.20601598894867773,-0.011467955265228535
F405,etanercept,15000000.0,1.6,1.4581691620528798,0.2041199826559248,0.1638079093623045,-0.0403120732936203
F406,etanercept,100.0,2.11,2.173341912493584,0.3242824552976926,0.33712805537173735,0.012845600074044727
F406,etanercept,1000.0,2.11,2.169565576372914,0.3242824552976926,0.3363727814652267,0.012090326167534082
F406,etanercept,10000.0,2.11,2.157021946933383,0.3242824552976926,0.3338545639173681,0.009572108619675501
F406,etanercept,100000.0,2.11,2.1125499127677503,0.3242824552976926,0.3248069787263602,0.0005245234286676004
F406,etanercept,15000000.0,2.1,1.9324651041562324,0.3222192947339193,0.28611166030874724,-0.036107634425172064
F407,etanercept,100.0,5.69,6.665130766279006,0.7551122663950712,0.8238086744574973,0.06869640806242605
F407,etanercept,1000.0,5.69,6.162718052542333,0.7551122663950712,0.7897722989936897,0.034660032598618495
F407,etanercept,10000.0,5.69,5.730324576023382,0.7551122663950712,0.7581792218947333,0.003066955499662072
F407,etanercept,100000.0,5.23,5.207549241895177,0.7185016888672743,0.7166333852702385,-0.0018683035970358253
F407,etanercept,15000000.0,2.4,2.82630401147005,0.38021124171160603,0.4512188749232585,0.07100763321165249
F408,etanercept,100.0,6.79,6.831879347538795,0.8318697742805017,0.8345401880145533,0.0026704137340516354
F408,etanercept,1000.0,6.79,6.33191168157907,0.8318697742805017,0.8015348486302492,-0.03033492565025253
F408,etanercept,10000.0,5.99,5.858876561058706,0.7774268223893114,0.7678143480816273,-0.009612474307684082
F408,etanercept,100000.0,5.51,5.225029658661048,0.741151598851785,0.7180887599613264,-0.02306283889045868
F408,etanercept,15000000.0,3.0,3.0300605505893974,0.47712125471966244,0.4814513072231305,0.004330052503468074
F409,etanercept,100.0,7.66,7.764767258483702,0.884228769632604,0.8901284426954741,0.005899673062870092
F409,etanercept,1000.0,7.66,7.311110960335202,0.884228769632604,0.8639833752182429,-0.02024539441436113
F409,etanercept,10000.0,7.66,6.8820762438247565,0.884228769632604,0.8377194796898737,-0.04650928994273029
F409,etanercept,100000.0,6.43,6.210364185885583,0.8082109729242221,0.7931170686601405,-0.015093904264081526
F409,etanercept,15000000.0,2.2,3.13452445279593,0.3424226808222063,0.49617166217080366,0.15374898134859738
F410,etanercept,100.0,1.51,1.5024846511549679,0.17897694729316943,0.176810044100568,-0.0021669031926014326
F410,etanercept,1000.0,1.51,1.5166364071180813,0.17897694729316943,0.18088147708948968,0.0019045297963202479
F410,etanercept,10000.0,1.51,1.531908150981251,0.17897694729316943,0.18523272696902623,0.006255779675856804
F410,etanercept,100000.0,1.51,1.5056816387032432,0.17897694729316943,0.1777331543543771,-0.001243792938792343
F410,etanercept,15000000.0,1.5,1.3527979254981062,0.17609125905568124,0.13123292860401414,-0.044858330451667094
F411,etanercept,100.0,1.66,1.7227043367937434,0.22010808804005508,0.23621074702594724,0.016102658985892165
F411,etanercept,1000.0,1.66,1.6911612256947037,0.22010808804005508,0.22818501273778766,0.00807692469773258
F411,etanercept,10000.0,1.66,1.6685712280123746,0.22010808804005508,0.22234475056076514,0.0022366625207100588
F411,etanercept,100000.0,1.66,1.620875739092058,0.22010808804005508,0.20974972188419114,-0.01035836615586394
F411,etanercept,15000000.0,1.0,1.3963378917960378,0.0,0.14499052343480154,0.14499052343480154
F412,etanercept,100.0,68.89,82.37233708641664,1.8381561847521477,1.9157813880589016,0.07762520330675393
F412,etanercept,1000.0,66.89,67.47812721918274,1.8253611959526332,1.8291630207211584,0.003801824768525197
F412,etanercept,10000.0,56.91,55.70070187191219,1.755188585608325,1.7458606676544826,-0.009327917953842357
F412,etanercept,100000.0,34.9,40.13065787907788,1.54282542695918,1.6034762793678123,0.06065085240863244
F412,etanercept,15000000.0,8.1,9.171260364100467,0.9084850188786497,0.9624290228631602,0.05394400398451049
F413,etanercept,100.0,4.09,6.018673850230323,0.6117233080073418,0.7795008097007623,0.16777750169342054
F413,etanercept,1000.0,4.09,5.623202283248515,0.6117233080073418,0.7499837066498033,0.13826039864246153
F413,etanercept,10000.0,4.09,4.950322828989849,0.6117233080073418,0.6946335218178546,0.08291021381051289
F413,etanercept,100000.0,3.76,4.016844322723149,0.5751878449276611,0.603885000491337,0.028697155563675913
F413,etanercept,15000000.0,2.15,2.0311935832531542,0.33243845991560533,0.3077513158874516,-0.02468714402815375
F414,etanercept,100.0,6.99,5.883996165827153,0.8444771757456814,0.769672381057421,-0.0748047946882604
F414,etanercept,1000.0,4.99,5.538749094840751,0.69810054562339,0.743411692065947,0.04531114644255707
F414,etanercept,10000.0,4.39,4.813994759429361,0.6424645202421213,0.6825056131612486,0.040041092919127275
F414,etanercept,100000.0,3.5,3.9058699198585995,0.5440680443502757,0.591717775554928,0.047649731204652324
F414,etanercept,15000000.0,2.1,1.962783344597203,0.3222192947339193,0.2928723640733887,-0.029346930660530623
F415,etanercept,100.0,5.83,6.209319414036625,0.7656685547590141,0.7930440009935982,0.0273754462345841
F415,etanercept,1000.0,5.83,5.822439017101042,0.7656685547590141,0.7651049485291392,-0.0005636062298748357
F415,etanercept,10000.0,5.19,5.281452037897076,0.7151673578484579,0.7227533402138671,0.007585982365409194
F415,etanercept,100000.0,4.5,4.415862573537661,0.6532125137753437,0.6450155492132257,-0.008196964562118048
F415,etanercept,15000000.0,1.35,2.005135109287873,0.13033376849500614,0.302143641415677,0.17180987292067088
F416,etanercept,100.0,6.56,7.086339552852797,0.8169038393756602,0.8504219583834411,0.0335181190077809
F416,etanercept,1000.0,6.56,6.409843384453429,0.8169038393756602,0.8068474182709855,-0.010056421104674751
F416,etanercept,10000.0,4.99,5.59242959960871,0.69810054562339,0.7476005256799049,0.0494999800565149
F416,etanercept,100000.0,4.59,4.48153702428588,0.6618126855372612,0.6514269887043012,-0.01038569683296009
F416,etanercept,15000000.0,1.0,1.8203383422930655,0.0,0.2601521168500755,0.2601521168500755
F417,etanercept,100.0,1.1,1.1023326767683672,0.04139268515822508,0.042312681522168584,0.0009199963639435066
F417,etanercept,1000.0,1.1,1.0950076619530547,0.04139268515822508,0.03941715801841159,-0.001975527139813485
F417,etanercept,10000.0,1.1,1.0924903983654943,0.04139268515822508,0.038417628749821194,-0.002975056408403884
F417,etanercept,100000.0,0.9,1.0633729117135353,-0.045757490560675115,0.026685592932103777,0.07244308349277889
F417,etanercept,15000000.0,0.9,0.9251978055697522,-0.045757490560675115,-0.03376540598148496,0.011992084579190154
F418,etanercept,100.0,1.21,1.2714584023371418,0.08278537031645007,0.10430215615076953,0.021516785834319457
F418,etanercept,1000.0,1.21,1.2580244660929407,0.08278537031645007,0.099689087361901,0.016903717045450933
F418,etanercept,10000.0,1.21,1.2453122434959174,0.08278537031645007,0.09527825795811697,0.012492887641666894
F418,etanercept,100000.0,1.1,1.2050022582847641,0.04139268515822508,0.0809878608193458,0.03959517566112072
F418,etanercept,15000000.0,1.0,1.0605874054318474,0.0,0.025546465528228018,0.025546465528228018
F419,etanercept,100.0,1.84,1.8574487688097245,0.2648178230095365,0.2689168441122516,0.004099021102715095
F419,etanercept,1000.0,1.84,1.784826310287013,0.2648178230095365,0.2515959592974351,-0.013221863712101378
F419,etanercept,10000.0,1.84,1.6742794613770626,0.2648178230095365,0.22382794971717002,-0.040989873292366474
F419,etanercept,100000.0,1.38,1.5599621594922934,0.13987908640123647,0.19311406366022488,0.0532349772589884
F419,etanercept,15000000.0,1.12,1.3311587524649056,0.04921802267018165,0.12422985202476058,0.07501182935457892
F420,etanercept,100.0,24.96,24.072202244658396,1.3972445810103864,1.3815158235094487,-0.015728757500937718
F420,etanercept,1000.0,19.96,20.715694466083786,1.3001605369513523,1.3162994970228032,0.016138960071450992
F420,etanercept,10000.0,18.98,17.932983030366646,1.2782962080912739,1.25365253751933,-0.024643670571943943
F420,etanercept,100000.0,11.94,12.527138376852873,1.0770043267933502,1.0978518747388717,0.02084754794552146
F420,etanercept,15000000.0,4.3,4.166108420588999,0.6334684555795865,0.6197305680243105,-0.013737887555276052
F421,etanercept,100.0,47.93,51.258881998062094,1.6806074289917878,1.7097691296014947,0.02916170060970691
F421,etanercept,1000.0,39.94,42.63281222813099,1.6014080605346837,1.6297439813657861,0.02833592083110248
F421,etanercept,10000.0,32.95,35.24754401762835,1.5178554189300286,1.547128861561437,0.029273442631408297
F421,etanercept,100000.0,22.97,24.837643053003923,1.361160995195026,1.3951103814546129,0.03394938625958677
F421,etanercept,15000000.0,6.0,6.606942215773972,0.7781512503836436,0.820000508491344,0.04184925810770035
F422,etanercept,100.0,99.84,126.1935909494049,1.9993045723383487,2.1010372987592425,0.10173272642089382
F422,etanercept,1000.0,99.84,102.41062484828016,1.9993045723383487,2.010345015952401,0.011040443614052098
F422,etanercept,10000.0,89.85,83.78576553020358,1.9535180814449926,1.9231702420576575,-0.030347839387335096
F422,etanercept,100000.0,55.11,61.828202152647044,1.7412304110254708,1.7911866182191307,0.049956207193659896
F422,etanercept,15000000.0,10.5,13.587946198042346,1.021189299069938,1.1331538185969023,0.11196451952696429
F423,belatacept,100.0,7.29,8.027389311242764,0.8627275283179746,0.9045743258426633,0.04184679752468867
F423,belatacept,1000.0,7.29,7.8178414002364836,0.8627275283179746,0.8930868556970479,0.03035932737907332
F423,belatacept,10000.0,7.29,7.4619889378813475,0.8627275283179746,0.8728546008800113,0.01012707256203671
F423,belatacept,100000.0,6.43,6.905781880500137,0.8082109729242221,0.8392128570150041,0.031001884090782084
F423,belatacept,15000000.0,3.2,3.9734844281262136,0.505149978319906,0.5991715153793097,0.09402153705940364
F424,pembrolizumab,100.0,5.63,5.221820201239238,0.7505083948513462,0.717821914029636,-0.03268648082171022
F424,pembrolizumab,1000.0,5.0,4.808460528753105,0.6989700043360189,0.6820060554003016,-0.016963948935717288
F424,pembrolizumab,10000.0,4.75,4.213258102555097,0.6766936096248666,0.6246180646530765,-0.05207554497179012
F424,pembrolizumab,100000.0,4.14,3.5054791532389595,0.617000341120899,0.5447473887463803,-0.07225295237451868
F424,pembrolizumab,15000000.0,2.0,1.942029764684214,0.3010299956639812,0.2882558818742768,-0.012774113789704389
F425,pembrolizumab,100.0,25.63,29.212911063826812,1.408748606184244,1.4655748365340673,0.05682623034982326
F425,pembrolizumab,1000.0,21.0,26.214376514629535,1.3222192947339193,1.4185395328688915,0.09632023813497215
F425,pembrolizumab,10000.0,18.38,23.28104213811166,1.2643455070500924,1.3670024169014456,0.10265690985135323
F425,pembrolizumab,100000.0,14.61,17.76362598268128,1.1646502159342969,1.249531620425547,0.08488140449125026
F425,pembrolizumab,15000000.0,8.3,6.5547433990599115,0.919078092376074,0.8165556948737611,-0.10252239750231285
F426,pembrolizumab,100.0,27.0,21.616170063208877,1.4313637641589874,1.3347787484628673,-0.0965850156961201
F426,pembrolizumab,1000.0,20.13,19.579389922001475,1.3038437748886544,1.291799155412159,-0.012044619476495377
F426,pembrolizumab,10000.0,15.88,17.109387759072447,1.2008504980910775,1.2332344690610466,0.032383970969969145
F426,pembrolizumab,100000.0,10.81,12.54529545427153,1.0338256939533104,1.0984808938410482,0.06465519988773782
F426,pembrolizumab,15000000.0,2.2,5.267330978227859,0.3424226808222063,0.7215906085609752,0.37916792773876895
F427,pembrolizumab,100.0,43.75,59.266832034503395,1.6409780573583321,1.7728117136958392,0.1318336563375071
F427,pembrolizumab,1000.0,43.75,53.010630363371384,1.6409780573583321,1.7243629685672317,0.08338491120889957
F427,pembrolizumab,10000.0,43.75,47.88128550682065,1.6409780573583321,1.6801658017390553,0.039187744380723144
F427,pembrolizumab,100000.0,40.25,39.64971469873702,1.6047658847038873,1.5982400666798529,-0.006525818024034402
F427,pembrolizumab,15000000.0,14.0,16.02588065394245,1.146128035678238,1.204821904190164,0.05869386851192604
F428,pembrolizumab,100.0,1.63,1.8864002974267713,0.21218760440395779,0.2756338562257782,0.0634462518218204
F428,pembrolizumab,1000.0,1.63,1.7920890902080533,0.21218760440395779,0.2533595959644992,0.04117199156054141
F428,pembrolizumab,10000.0,1.5,1.6752588779146582,0.17609125905568124,0.2240819281266096,0.04799066907092836
F428,pembrolizumab,100000.0,1.5,1.564961704890191,0.17609125905568124,0.19450371468862732,0.01841245563294608
F428,pembrolizumab,15000000.0,1.5,1.326902592169119,0.17609125905568124,0.1228390425056088,-0.05325221655007244
F429,pembrolizumab,100.0,5.75,5.94011156001579,0.7596678446896304,0.7737946014532966,0.014126756763666148
F429,pembrolizumab,1000.0,5.63,5.292303689724617,0.7505083948513462,0.7236447574707501,-0.02686363738059616
F429,pembrolizumab,10000.0,5.13,4.673823276098882,0.7101173651118162,0.6696722870750196,-0.040445078036796644
F429,pembrolizumab,100000.0,4.14,3.9561918289505185,0.617000341120899,0.5972773416296062,-0.019722999491292748
F429,pembrolizumab,15000000.0,2.5,2.1338539610339846,0.3979400086720376,0.3291646933980244,-0.0687753152740132
F430,pembrolizumab,100.0,4.25,3.909056921622476,0.6283889300503115,0.5920719944451804,-0.03631693560513105
F430,pembrolizumab,1000.0,3.38,3.091958858955805,0.5289167002776547,0.49023370664106647,-0.038682993636588225
F430,pembrolizumab,10000.0,2.88,2.5046974526327705,0.45939248775923086,0.3987552740805129,-0.06063721367871794
F430,pembrolizumab,100000.0,2.19,2.0093416233443455,0.34044411484011833,0.30305378071056144,-0.03739033412955689
F430,pembrolizumab,15000000.0,1.1,1.3149369582820436,0.04139268515822508,0.11890493204514374,0.07751224688691866
F431,pembrolizumab,100.0,6.75,5.846842843472107,0.829303772831025,0.7669214206493034,-0.06238235218172161
F431,pembrolizumab,1000.0,5.0,5.18248863274681,0.6989700043360189,0.7145383581868827,0.015568353850863859
F431,pembrolizumab,10000.0,4.38,4.450837134816119,0.6414741105040995,0.6484417028548115,0.006967592350711982
F431,pembrolizumab,100000.0,3.45,3.7674236619825274,0.5378190950732742,0.5760444611152344,0.03822536604196025
F431,pembrolizumab,15000000.0,1.9,2.065136636505693,0.2787536009528289,0.31494879135189735,0.03619519039906843
F432,pembrolizumab,100.0,5.0,3.8410040990010894,0.6989700043360189,0.5844447706310977,-0.11452523370492118
F432,pembrolizumab,1000.0,4.0,3.523441265288855,0.6020599913279624,0.5469670363346204,-0.05509295499334199
F432,pembrolizumab,10000.0,3.5,3.0372541607731063,0.5440680443502757,0.48248113567946427,-0.0615869086708114
F432,pembrolizumab,100000.0,2.76,2.4785452431453874,0.4409090820652177,0.3941968508865401,-0.046712231178677566
F432,pembrolizumab,15000000.0,1.6,1.7300979993591585,0.2041199826559248,0.23807070392387802,0.03395072126795323
F433,pembrolizumab,100.0,3.75,3.902690071013374,0.5740312677277188,0.5913640635043783,0.01733279577665947
F433,pembrolizumab,1000.0,3.25,3.5161942331687372,0.5118833609788743,0.5460728573185405,0.03418949633966617
F433,pembrolizumab,10000.0,3.0,3.2478150727770116,0.47712125471966244,0.5115912929955786,0.03447003827591616
F433,pembrolizumab,100000.0,2.65,2.8820334141290354,0.42324587393680785,0.4596990116923127,0.03645313775550485
F433,pembrolizumab,15000000.0,2.3,1.9883455012582314,0.36172783601759284,0.29849185101333864,-0.0632359850042542
F434,pembrolizumab,100.0,6.63,6.494346910141986,0.8215135284047731,0.8125354837258245,-0.008978044678948582
F434,pembrolizumab,1000.0,6.25,6.308127854468334,0.7958800173440752,0.7999004871184012,0.004020469774326019
F434,pembrolizumab,10000.0,6.25,6.053391807999145,0.7958800173440752,0.7819987846915112,-0.013881232652564024
F434,pembrolizumab,100000.0,5.75,5.713615972093711,0.7596678446896304,0.7569110468963243,-0.002756797793306176
F434,pembrolizumab,15000000.0,5.2,4.570250805327044,0.7160033436347992,0.6599400338512014,-0.05606330978359786
F435,pembrolizumab,100.0,7.25,6.12176729503117,0.8603380065709937,0.7868768168646024,-0.07346118970639126
F435,pembrolizumab,1000.0,6.25,5.691836536836283,0.7958800173440752,0.7552524191407464,-0.04062759820332884
F435,pembrolizumab,10000.0,5.63,5.275547019727431,0.7505083948513462,0.7222674981558979,-0.02824089669544838
F435,pembrolizumab,100000.0,4.72,4.692347683385351,0.6739419986340878,0.6713901840448229,-0.0025518145892649002
F435,pembrolizumab,15000000.0,3.2,3.5070021857138616,0.505149978319906,0.5449360365524958,0.03978605823258974
F436,pembrolizumab,100.0,6.38,5.793276753336443,0.8048206787211624,0.7629242758796777,-0.04189640284148466
F436,pembrolizumab,1000.0,5.13,5.0831105671312455,0.7101173651118162,0.7061295565200807,-0.003987808591735531
F436,pembrolizumab,10000.0,4.5,4.321831104270047,0.6532125137753437,0.6356677907941515,-0.01754472298119225
F436,pembrolizumab,100000.0,3.68,3.655280901155394,0.5658478186735176,0.562920757253971,-0.0029270614195466838
F436,pembrolizumab,15000000.0,2.2,2.1302036697720825,0.3424226808222063,0.32842112852301525,-0.014001552299191034
F437,pembrolizumab,100.0,4.63,4.033857060601013,0.6655809910179531,0.6057205049595245,-0.05986048605842864
F437,pembrolizumab,1000.0,3.5,3.6382511424091994,0.5440680443502757,0.5608926743860543,0.01682463003577861
F437,pembrolizumab,10000.0,3.0,2.9166361162188736,0.47712125471966244,0.4648822492876622,-0.012239005432000238
F437,pembrolizumab,100000.0,2.3,2.4361083232142167,0.36172783601759284,0.3866965955898424,0.024968759572249533
F437,pembrolizumab,15000000.0,1.9,1.846053699906667,0.2787536009528289,0.2662443300777264,-0.012509270875102507
F438,pembrolizumab,100.0,7.0,6.251773291791581,0.8450980400142568,0.7960032208012293,-0.049094819213027496
F438,pembrolizumab,1000.0,5.5,5.468010487878021,0.7403626894942439,0.7378293388919777,-0.0025333506022662267
F438,pembrolizumab,10000.0,4.63,4.396316788038137,0.6655809910179531,0.6430889790972126,-0.022492011920740462
F438,pembrolizumab,100000.0,3.57,3.3257110965883787,0.5526682161121932,0.5218845195055557,-0.03078369660663749
F438,pembrolizumab,15000000.0,2.0,2.202236939406625,0.3010299956639812,0.34286404303765944,0.04183404737367824
F439,pembrolizumab,100.0,5.13,7.23419356361153,0.7101173651118162,0.8593901248961207,0.14927275978430443
F439,pembrolizumab,1000.0,4.0,6.252479711281538,0.6020599913279624,0.7960522911593944,0.19399229983143196
F439,pembrolizumab,10000.0,3.5,4.843196821165005,0.5440680443502757,0.6851321185631605,0.1410640742128848
F439,pembrolizumab,100000.0,2.88,3.681181585658536,0.45939248775923086,0.5659872408925823,0.10659475313335148
F439,pembrolizumab,15000000.0,2.0,2.3781320284863012,0.3010299956639812,0.376235961994764,0.0752059663307828
F440,pembrolizumab,100.0,7.25,7.178906640487438,0.8603380065709937,0.8560583055012598,-0.0042797010697338544
F440,pembrolizumab,1000.0,6.5,6.706103710980098,0.8129133566428556,0.8264702655792437,0.013556908936388168
F440,pembrolizumab,10000.0,6.13,6.075974096109828,0.787460474518415,0.783615913653464,-0.0038445608649511076
F440,pembrolizumab,100000.0,5.18,5.302893960862373,0.714329759745233,0.7245129428506436,0.010183183105410554
F440,pembrolizumab,15000000.0,3.8,3.753730151769724,0.5797835966168101,0.574463048836828,-0.005320547779982143
F441,pembrolizumab,100.0,7.75,7.334374747477639,0.8893017025063102,0.8653630963259374,-0.0239386061803728
F441,pembrolizumab,1000.0,6.88,6.490481136334111,0.8375884382355113,0.8122768920407226,-0.025311546194788703
F441,pembrolizumab,10000.0,6.0,5.678382064816003,0.7781512503836436,0.7542246102854733,-0.02392664009817036
F441,pembrolizumab,100000.0,4.83,4.757301917513987,0.6839471307515121,0.6773607143691323,-0.006586416382379889
F441,pembrolizumab,15000000.0,2.8,2.570871986963714,0.4471580313422192,0.41008045208455846,-0.03707757925766075
F442,pembrolizumab,100.0,9.5,7.605816379651665,0.9777236052888477,0.8811458364230986,-0.09657776886574909
F442,pembrolizumab,1000.0,7.5,6.917589513140298,0.8750612633917001,0.8399547875905635,-0.03510647580113657
F442,pembrolizumab,10000.0,6.25,6.052693754410242,0.7958800173440752,0.7819487006539407,-0.013931316690134476
F442,pembrolizumab,100000.0,4.83,4.926951613280887,0.6839471307515121,0.6925782971666697,0.008631166415157598
F442,pembrolizumab,15000000.0,2.4,2.8232374779155607,0.38021124171160603,0.4507474105629809,0.07053616885137487
F443,pembrolizumab,100.0,6.0,5.87858896131456,0.7781512503836436,0.7692730948082889,-0.008878155575354763
F443,pembrolizumab,1000.0,5.63,5.633042595658168,0.7505083948513462,0.7507430352739364,0.00023464042259013773
F443,pembrolizumab,10000.0,5.25,5.1891975636522165,0.7201593034059569,0.7151002055129371,-0.005059097893019837
F443,pembrolizumab,100000.0,4.6,4.654282419740925,0.6627578316815741,0.6678527325419691,0.005094900860394991
F443,pembrolizumab,15000000.0,3.6,3.1448277222173884,0.5563025007672873,0.4975968592122401,-0.05870564155504715
F444,pembrolizumab,100.0,6.88,6.721223255686747,0.8375884382355113,0.8274483213943031,-0.010140116841208191
F444,pembrolizumab,1000.0,6.0,6.28606386200881,0.7781512503836436,0.7983787888319184,0.02022753844827474
F444,pembrolizumab,10000.0,5.63,5.675566192186588,0.7505083948513462,0.7540091930681161,0.0035007982167698515
F444,pembrolizumab,100000.0,4.83,5.031419998743751,0.6839471307515121,0.7016905716536228,0.017743440902110663
F444,pembrolizumab,15000000.0,3.7,3.265752913509147,0.568201724066995,0.5139833229729412,-0.054218401094053736
F445,none,100.0,1.0,0.9257112892869954,0.0,-0.03352443990563975,-0.03352443990563975
F445,none,1000.0,1.0,0.9381749201857085,0.0,-0.02771618103556531,-0.02771618103556531
F445,none,10000.0,1.0,0.9421878227219658,0.0,-0.025862513087416213,-0.025862513087416213
F445,none,100000.0,1.0,0.9345816449108837,0.0,-0.029382752727709564,-0.029382752727709564
F445,none,15000000.0,1.0,0.8741265230206381,0.0,-0.05842570206486592,-0.05842570206486592
F446,adalimumab,100.0,10.31,10.022533416492536,1.0132586652835165,1.0009775129219725,-0.012281152361544034
F446,adalimumab,1000.0,8.75,8.852650336715884,0.9420080530223133,0.9470733107311087,0.005065257708795401
F446,adalimumab,10000.0,7.88,7.832188885059579,0.8965262174895553,0.893883152588483,-0.002643064901072245
F446,adalimumab,100000.0,7.25,6.079275885822341,0.8603380065709937,0.7838518527069509,-0.07648615386404278
F446,adalimumab,15000000.0,1.35,2.7828170038336824,0.13033376849500614,0.44448464836125473,0.31415087986624857
F447,adalimumab,100.0,7.5,8.029608948457055,0.8750612633917001,0.9046943951338898,0.029633131742189733
F447,adalimumab,1000.0,6.38,7.144351319732983,0.8048206787211624,0.8539628026092034,0.04914212388804107
F447,adalimumab,10000.0,5.75,6.2159862522082845,0.7596678446896304,0.793510045272156,0.03384220058252552
F447,adalimumab,100000.0,4.83,4.812959987834698,0.6839471307515121,0.6824122512192594,-0.0015348795322527309
F447,adalimumab,15000000.0,3.0,2.382593863846772,0.47712125471966244,0.37705001896313195,-0.10007123575653049
F448,adalimumab,100.0,8.38,10.124756266493902,0.9232440186302765,1.0053845772308214,0.08214055860054492
F448,adalimumab,1000.0,8.38,9.058135514168622,0.9232440186302765,0.9570388136548889,0.033794795024612356
F448,adalimumab,10000.0,8.38,7.993333624012386,0.9232440186302765,0.9027279398363667,-0.02051607879390982
F448,adalimumab,100000.0,7.71,6.4764883742750685,0.887054378050957,0.8113395902752352,-0.07571478777572183
F448,adalimumab,15000000.0,1.4,2.7452125343639255,0.146128035678238,0.43857597316802166,0.29244793748978365
F449,adalimumab,100.0,8.13,8.530952303967469,0.9100905455940682,0.9309975138490554,0.02090696825498717
F449,adalimumab,1000.0,7.38,7.616248292983491,0.8680563618230416,0.8817410937948682,0.013684731971826625
F449,adalimumab,10000.0,7.38,6.653012440229391,0.8680563618230416,0.8230183355184868,-0.04503802630455478
F449,adalimumab,100000.0,6.79,5.542916083876763,0.8318697742805017,0.743738303707898,-0.08813147057260373
F449,adalimumab,15000000.0,2.7,3.6254904562497057,0.43136376415898736,0.559366766226938,0.12800300206795068
F450,adalimumab,100.0,11.38,10.1673378641246,1.0561422620590524,1.0072072555514278,-0.04893500650762461
F450,adalimumab,1000.0,8.75,8.839668431929994,0.9420080530223133,0.9464359753203393,0.004427922298026021
F450,adalimumab,10000.0,7.63,7.431550991663586,0.8825245379548805,0.8710794620547939,-0.011445075900086588
F450,adalimumab,100000.0,6.1,6.309551105152596,0.785329835010767,0.7999984623360525,0.01466862732528551
F450,adalimumab,15000000.0,3.6,3.2323480403288714,0.5563025007672873,0.5095181169096139,-0.04678438385767336
F451,adalimumab,100.0,5.13,4.91544754844303,0.7101173651118162,0.69156306621096,-0.018554298900856248
F451,adalimumab,1000.0,4.25,4.546030239703574,0.6283889300503115,0.657632320278683,0.029243390228371524
F451,adalimumab,10000.0,4.0,4.0978909758712705,0.6020599913279624,0.6125603998418114,0.010500408513849036
F451,adalimumab,100000.0,3.45,3.4647620708949014,0.5378190950732742,0.5396734164816537,0.001854321408379489
F451,adalimumab,15000000.0,2.6,2.4199553948113066,0.414973347970818,0.3838073610358671,-0.031165986934950873
F452,adalimumab,100.0,9.25,7.45375848453932,0.9661417327390326,0.8723753167071763,-0.09376641603185631
F452,adalimumab,1000.0,6.5,6.640108907649443,0.8129133566428556,0.822175202501046,0.009261845858190454
F452,adalimumab,10000.0,5.63,5.78947197724226,0.7505083948513462,0.7626389561580038,0.012130561306657572
F452,adalimumab,100000.0,4.49,4.665098590132099,0.6522463410033232,0.66886082636717,0.016614485363846798
F452,adalimumab,15000000.0,2.6,2.7291790630324284,0.414973347970818,0.4360320309193291,0.021058682948511154
F453,adalimumab,100.0,4.0,4.480782453348059,0.6020599913279624,0.6513538589757543,0.04929386764779187
F453,adalimumab,1000.0,3.88,4.1852290504455745,0.5888317255942073,0.6217192311757502,0.032887505581542964
F453,adalimumab,10000.0,3.88,3.7933620568659983,0.5888317255942073,0.579024295852002,-0.009807429742205276
F453,adalimumab,100000.0,3.57,3.3930899820930556,0.5526682161121932,0.5305953769478914,-0.022072839164301805
F453,adalimumab,15000000.0,2.2,2.6178693573196794,0.3424226808222063,0.41794796963610525,0.07552528881389897
F454,adalimumab,100.0,3.75,4.186359478344812,0.5740312677277188,0.6218365180204449,0.04780525029272609
F454,adalimumab,1000.0,3.75,4.1016574376249615,0.5740312677277188,0.6129593861245888,0.03892811839686994
F454,adalimumab,10000.0,3.75,3.99055178907637,0.5740312677277188,0.6010329514216792,0.027001683693960388
F454,adalimumab,100000.0,3.45,3.811819568797295,0.5378190950732742,0.5811323352689521,0.04331324019567795
F454,adalimumab,15000000.0,3.45,3.4606921421149273,0.5378190950732742,0.5391629668389302,0.0013438717656559795
F455,adalimumab,100.0,3.88,4.98251307987884,0.5888317255942073,0.6974484474651992,0.10861672187099192
F455,adalimumab,1000.0,3.5,4.687582488580103,0.5440680443502757,0.6709489231933651,0.1268808788430894
F455,adalimumab,10000.0,3.38,4.362564192416939,0.5289167002776547,0.639741830387259,0.11082513010960426
F455,adalimumab,100000.0,2.99,3.73875893728104,0.4756711883244297,0.5727274641957637,0.09705627587133403
F455,adalimumab,15000000.0,2.6,2.875953188688277,0.414973347970818,0.45878181284442504,0.04380846487360707
F456,adalimumab,100.0,3.63,4.168100142445177,0.5599066250361125,0.6199381447417754,0.060031519705662895
F456,adalimumab,1000.0,3.63,3.5951487024851403,0.5599066250361125,0.5557168583720672,-0.004189766664045358
F456,adalimumab,10000.0,3.63,3.0070554358389345,0.5599066250361125,0.4781414345045843,-0.08176519053152825
F456,adalimumab,100000.0,3.34,2.3548605607968467,0.5237464668115644,0.37196519619129853,-0.15178127062026592
F456,adalimumab,15000000.0,2.3,1.567047397751668,0.36172783601759284,0.1950821325698631,-0.16664570344772975
F457,adalimumab,100.0,5.75,4.459919048715022,0.7596678446896304,0.6493269759732565,-0.11034086871637394
F457,adalimumab,1000.0,5.75,4.049569243746359,0.7596678446896304,0.6074088293842195,-0.15225901530541097
F457,adalimumab,10000.0,5.75,3.4609283770984245,0.7596678446896304,0.5391926117897102,-0.22047523289992021
F457,adalimumab,100000.0,5.29,2.901815479838378,0.7234556720351858,0.4626697931341849,-0.2607858789010009
F457,adalimumab,15000000.0,2.6,2.0428913875868733,0.414973347970818,0.3102452775352476,-0.10472807043557036
F458,adalimumab,100.0,6.63,6.2189218334305165,0.8215135284047731,0.7937150981347744,-0.02779843026999873
F458,adalimumab,1000.0,5.25,5.451866255946963,0.7201593034059569,0.7365451932710968,0.01638588986513989
F458,adalimumab,10000.0,4.5,4.531162654477079,0.6532125137753437,0.6562096522639268,0.002997138488583073
F458,adalimumab,100000.0,3.68,3.7095562124700208,0.5658478186735176,0.5693219565143164,0.003474137840798752
F458,adalimumab,15000000.0,2.2,2.5777735072895815,0.3424226808222063,0.41124475597489574,0.06882207515268945
F459,adalimumab,100.0,6.38,6.671350103973977,0.8048206787211624,0.8242137324730407,0.019393053751878386
F459,adalimumab,1000.0,5.38,5.9029916497805734,0.7307822756663892,0.7710721688798794,0.04028989321349019
F459,adalimumab,10000.0,4.75,4.990124645976331,0.6766936096248666,0.6981113937964609,0.021417784171594345
F459,adalimumab,100000.0,3.91,4.090012074604174,0.5921767573958668,0.6117245901408928,0.019547832745025917
F459,adalimumab,15000000.0,2.6,2.837530710654487,0.414973347970818,0.45294057060491594,0.037967222634097963
F460,adalimumab,100.0,5.25,5.715733803342267,0.7201593034059569,0.7570719943611317,0.0369126909551748
F460,adalimumab,1000.0,5.0,5.38241956939647,0.6989700043360189,0.7309775487921759,0.032007544456157055
F460,adalimumab,10000.0,5.0,5.011112046343198,0.6989700043360189,0.6999341134917371,0.0009641091557182069
F460,adalimumab,100000.0,5.0,4.634757250246814,0.6989700043360189,0.666026992495811,-0.03294301184020787
F460,adalimumab,15000000.0,5.0,4.036646796079466,0.6989700043360189,0.6060207505932625,-0.09294925374275631
F461,adalimumab,100.0,2.5,2.3674838141240833,0.3979400086720376,0.374287018526156,-0.023652990145881625
F461,adalimumab,1000.0,2.13,2.228352962715243,0.3283796034387377,0.3479839825603297,0.01960437912159202
F461,adalimumab,10000.0,2.0,2.0572881689629683,0.3010299956639812,0.31329512855667335,0.012265132892692154
F461,adalimumab,100000.0,1.73,1.8952838797283946,0.2380461031287954,0.2776742687452405,0.03962816561644508
F461,adalimumab,15000000.0,1.5,1.5349992711583227,0.17609125905568124,0.18610817360343734,0.010016914547756106
F462,adalimumab,100.0,4.88,5.532950934306097,0.6884198220027106,0.7429568189481854,0.05453699694547487
F462,adalimumab,1000.0,4.88,5.22248238378968,0.6884198220027106,0.7178769837148953,0.02945716171218471
F462,adalimumab,10000.0,4.75,4.928997849388684,0.6766936096248666,0.6927586286641924,0.01606501903932578
F462,adalimumab,100000.0,4.37,4.398699746484601,0.6404814369704218,0.6433243182179901,0.002842881247568263
F462,adalimumab,15000000.0,3.8,2.949032724464741,0.5797835966168101,0.4696795918042927,-0.11010400481251742
F463,adalimumab,100.0,5.63,4.989774761873988,0.7505083948513462,0.6980809420396233,-0.0524274528117229
F463,adalimumab,1000.0,4.25,4.638749673189498,0.6283889300503115,0.666400936759803,0.038012006709491564
F463,adalimumab,10000.0,3.88,4.247978867923331,0.5888317255942073,0.6281823476291764,0.039350622034969085
F463,adalimumab,100000.0,3.34,3.7297678593279953,0.5237464668115644,0.5716818021705512,0.04793533535898675
F463,adalimumab,15000000.0,2.4,2.520179296229628,0.38021124171160603,0.4014314394296317,0.02122019771802569
F464,adalimumab,100.0,3.5,3.355919096896052,0.5440680443502757,0.5258114824918446,-0.018256561858431053
F464,adalimumab,1000.0,2.63,2.7284312276646414,0.41995574848975786,0.43591301151034406,0.0159572630205862
F464,adalimumab,10000.0,2.13,2.2184321910127505,0.3283796034387377,0.3460461585341811,0.017666555095443404
F464,adalimumab,100000.0,1.73,1.8931365990042819,0.2380461031287954,0.2771819515514762,0.03913584842268078
F464,adalimumab,15000000.0,1.5,1.3603998853846448,0.17609125905568124,0.1336665866708445,-0.04242467238483674
F465,vudalimab,100.0,16.25,13.550816221239083,1.2108533653148932,1.131965455336183,-0.07888790997871009
F465,vudalimab,1000.0,11.0,12.003788636443058,1.0413926851582251,1.0793183397322712,0.037925654574046064
F465,vudalimab,10000.0,9.63,10.32743164114888,0.9836262871245346,1.0139923289964732,0.030366041871938587
F465,vudalimab,100000.0,7.71,8.323142871726509,0.887054378050957,0.9202873496215211,0.03323297157056415
F465,vudalimab,15000000.0,4.6,6.3009308745653225,0.6627578316815741,0.799404715139724,0.1366468834581499
F466,vudalimab,100.0,4.5,4.924515876540971,0.6532125137753437,0.6923635419440264,0.039151028168682656
F466,vudalimab,1000.0,4.25,4.761675932697282,0.6283889300503115,0.6777598351195859,0.04937090506927444
F466,vudalimab,10000.0,4.25,4.568279295743416,0.6283889300503115,0.6597526479725091,0.03136371792219761
F466,vudalimab,100000.0,4.25,4.428206533938148,0.6283889300503115,0.6462278684076526,0.017838938357341072
F466,vudalimab,15000000.0,4.25,3.843340158130825,0.6283889300503115,0.5847088237725888,-0.043680106277722675
F467,vudalimab,100.0,4.13,2.8090271483470657,0.615950051656401,0.4485559365388327,-0.16739411511756835
F467,vudalimab,1000.0,2.88,2.7067300230039413,0.45939248775923086,0.43244494015660323,-0.02694754760262763
F467,vudalimab,10000.0,2.5,2.4130017051107044,0.3979400086720376,0.3825576287964395,-0.015382379875598096
F467,vudalimab,100000.0,2.07,2.0888976682766263,0.3159703454569177,0.3199171651160958,0.003946819659178091
F467,vudalimab,15000000.0,1.3,1.5847968190241544,0.11394335230683679,0.19997359082324478,0.086030238516408
F468,vudalimab,100.0,3.38,3.2151161115958415,0.5289167002776547,0.5071966617749493,-0.02172003850270543
F468,vudalimab,1000.0,3.25,3.1116091650575872,0.5118833609788743,0.4929850420071275,-0.01889831897174682
F468,vudalimab,10000.0,3.13,2.918623399860657,0.49554433754644844,0.46517806007400075,-0.03036627747244769
F468,vudalimab,100000.0,2.76,2.620103384248534,0.4409090820652177,0.4183184280841822,-0.02259065398103549
F468,vudalimab,15000000.0,2.3,1.8826085346886505,0.36172783601759284,0.2747600232034821,-0.08696781281411076
F469,vudalimab,100.0,1.5,1.6474516904920706,0.17609125905568124,0.2168126882977144,0.040721429242033175
F469,vudalimab,1000.0,1.5,1.56771442062403,0.17609125905568124,0.19526695321903906,0.01917569416335782
F469,vudalimab,10000.0,1.5,1.5291125418590692,0.17609125905568124,0.184439450428473,0.008348191372791774
F469,vudalimab,100000.0,1.5,1.5215769673054997,0.17609125905568124,0.18229392556085064,0.006202666505169402
F469,vudalimab,15000000.0,1.5,1.448393020088831,0.17609125905568124,0.16088642325336333,-0.015204835802317906
F470,vudalimab,100.0,2.88,2.5796240724408097,0.45939248775923086,0.41155642101744794,-0.04783606674178292
F470,vudalimab,1000.0,2.38,2.169198471326463,0.37657695705651195,0.3362992897083208,-0.04027766734819116
F470,vudalimab,10000.0,1.88,1.797309663809168,0.2741578492636798,0.2546229094392283,-0.019534939824451536
F470,vudalimab,100000.0,1.38,1.522187510664704,0.13987908640123647,0.1824681542946048,0.04258906789336833
F470,vudalimab,15000000.0,1.0,1.1564427568220559,0.0,0.06312414033916355,0.06312414033916355
F471,vudalimab,100.0,2.63,2.8456506893812805,0.41995574848975786,0.4541815883045555,0.034225839814797654
F471,vudalimab,1000.0,2.63,2.6324957846872303,0.41995574848975786,0.4203676844392749,0.0004119359495170505
F471,vudalimab,10000.0,2.5,2.4429236696030436,0.3979400086720376,0.3879098974326727,-0.010030111239364925
F471,vudalimab,100000.0,2.19,2.273156646359997,0.34044411484011833,0.35662936458799765,0.016185249747879327
F471,vudalimab,15000000.0,1.9,1.8937692154787267,0.2787536009528289,0.2773270525178205,-0.0014265484350083901
F472,vudalimab,100.0,3.13,2.8878545402945432,0.49554433754644844,0.4605753142652015,-0.03496902328124696
F472,vudalimab,1000.0,2.38,2.572841191931503,0.37657695705651195,0.4104129803042646,0.033836023247752645
F472,vudalimab,10000.0,2.13,2.2525397677617054,0.3283796034387377,0.35267246702824134,0.024292863589503666
F472,vudalimab,100000.0,1.84,1.9420046028553417,0.2648178230095365,0.28825025491920897,0.02343243190967248
F472,vudalimab,15000000.0,1.3,1.4712911335715362,0.11394335230683679,0.16769861779434211,0.053755265487505324
F473,vudalimab,100.0,8.0,6.558949249568454,0.9030899869919435,0.8168342705242877,-0.08625571646765584
F473,vudalimab,1000.0,5.38,6.107069633347938,0.7307822756663892,0.785832871888179,0.05505059622178976
F473,vudalimab,10000.0,4.88,5.18923834918016,0.6884198220027106,0.7151036189231804,0.02668379692046985
F473,vudalimab,100000.0,4.03,4.524131764137353,0.6053050461411095,0.6555352451491812,0.050230199008071685
F473,vudalimab,15000000.0,2.7,3.6363516877652904,0.43136376415898736,0.5606658791345526,0.1293021149755652
F474,vudalimab,100.0,6.25,6.536120973827776,0.7958800173440752,0.8153200817403402,0.019440064396265
F474,vudalimab,1000.0,5.25,6.001310282923771,0.7201593034059569,0.7782460814699786,0.05808677806402174
F474,vudalimab,10000.0,5.0,5.338357818440266,0.6989700043360189,0.7274076802356779,0.028437675899659065
F474,vudalimab,100000.0,4.49,4.813083561754707,0.6522463410033232,0.6824234016927211,0.03017706068939785
F474,vudalimab,15000000.0,3.7,4.126219295598329,0.568201724066995,0.6155523056384395,0.04735058157144456
F475,vudalimab,100.0,12.88,14.545944312150022,1.1099158630237933,1.1627419205809228,0.05282605755712955
F475,vudalimab,1000.0,10.63,12.174149940750196,1.0265332645232967,1.0854386463605916,0.05890538183729488
F475,vudalimab,10000.0,9.88,10.476097276227225,0.9947569445876282,1.0201995224309879,0.02544257784335968
F475,vudalimab,100000.0,8.4,9.056911924115676,0.9242792860618817,0.956980144373373,0.03270085831149128
F475,vudalimab,15000000.0,6.1,6.637394366956933,0.785329835010767,0.8219976224190528,0.0366677874082858
F476,vudalimab,100.0,3.13,3.1187236689023816,0.49554433754644844,0.4939768962745041,-0.0015674412719443587
F476,vudalimab,1000.0,2.5,2.8555051198659545,0.3979400086720376,0.4556829431831714,0.05774293451113377
F476,vudalimab,10000.0,2.5,2.7399335746823277,0.3979400086720376,0.4377400341712604,0.03980002549922279
F476,vudalimab,100000.0,2.5,2.636895256459316,0.3979400086720376,0.42109287896097447,0.023152870288936866
F476,vudalimab,15000000.0,2.5,2.1823480036601093,0.3979400086720376,0.33892400565577174,-0.05901600301626586
F477,vudalimab,100.0,1.38,1.3878555345039176,0.13987908640123647,0.14234426162814792,0.002465175226911448
F477,vudalimab,1000.0,1.25,1.312639969038144,0.09691001300805642,0.1181456241083455,0.021235611100289084
F477,vudalimab,10000.0,1.25,1.247155599842423,0.09691001300805642,0.09592064107857952,-0.000989371929476901
F477,vudalimab,100000.0,1.13,1.1697386837469859,0.05307844348341968,0.06808885244510089,0.01501040896168121
F477,vudalimab,15000000.0,1.0,1.0401762732787967,0.0,0.01710694316923598,0.01710694316923598
F478,vudalimab,100.0,3.38,3.500509894586761,0.5289167002776547,0.5441313095721263,0.015214609294471604
F478,vudalimab,1000.0,3.13,3.3264016730925516,0.49554433754644844,0.5219746904261506,0.02643035287970219
F478,vudalimab,10000.0,3.13,3.101476647802208,0.49554433754644844,0.4915685155448925,-0.00397582200155594
F478,vudalimab,100000.0,2.88,2.866968465932512,0.45939248775923086,0.4574229161251317,-0.0019695716340991654
F478,vudalimab,15000000.0,2.5,2.5152224506546417,0.3979400086720376,0.4005764008510088,0.002636392178971214
F479,vudalimab,100.0,9.5,9.35396122852609,0.9777236052888477,0.9709955654578744,-0.006728039830973365
F479,vudalimab,1000.0,7.63,8.67059034456493,0.8825245379548805,0.9380486677944031,0.055524129839522596
F479,vudalimab,10000.0,7.0,7.7620454951336315,0.8450980400142568,0.8899761839112862,0.04487814389702938
F479,vudalimab,100000.0,5.98,6.880610374521353,0.7767011839884109,0.8376269659286117,0.06092578194020082
F479,vudalimab,15000000.0,4.3,5.053535450645849,0.6334684555795865,0.7035953166314132,0.07012686105182664
F480,vudalimab,100.0,4.25,4.079031984734066,0.6283889300503115,0.6105571107446625,-0.017831819305649033
F480,vudalimab,1000.0,3.88,3.8076441224923343,0.5888317255942073,0.580656350726019,-0.008175374868188312
F480,vudalimab,10000.0,3.75,3.5751550249091313,0.5740312677277188,0.5532948783057361,-0.020736389421982748
F480,vudalimab,100000.0,3.34,3.3500415514758006,0.5237464668115644,0.5250501937427385,0.0013037269311740873
F480,vudalimab,15000000.0,2.8,2.9390094773215893,0.4471580313422192,0.4682009865291737,0.021042955186954482
F481,vudalimab,100.0,13.13,11.639767586982028,1.1182647260894794,1.0659443087761618,-0.0523204173133176
F481,vudalimab,1000.0,9.25,10.285247552670702,0.9661417327390326,1.0122147490657485,0.0460730163267159
F481,vudalimab,10000.0,8.25,8.986040861975717,0.9164539485499251,0.9535683891168135,0.037114440566888396
F481,vudalimab,100000.0,6.67,7.221636365779448,0.8241258339165489,0.858635616420998,0.03450978250444903
F481,vudalimab,15000000.0,4.0,4.879234469863127,0.6020599913279624,0.6883516884793522,0.08629169715138985
F482,vudalimab,100.0,5.25,5.282549789083928,0.7201593034059569,0.722843599055635,0.0026842956496780923
F482,vudalimab,1000.0,4.75,5.1111668784798825,0.6766936096248666,0.7085200608065012,0.03182645118163463
F482,vudalimab,10000.0,4.63,4.826777472059578,0.6655809910179531,0.6836572770900181,0.018076286072065018
F482,vudalimab,100000.0,4.26,4.630289180592971,0.6294095991027189,0.6656081153406157,0.03619851623789683
F482,vudalimab,15000000.0,3.7,4.034250122889939,0.568201724066995,0.6057628209028746,0.037561096835879604
F483,vudalimab,100.0,2.0,1.900692439393493,0.3010299956639812,0.27891184717546813,-0.022118148488513067
F483,vudalimab,1000.0,2.0,1.8199844239052447,0.3010299956639812,0.26006767114938867,-0.04096232451459253
F483,vudalimab,10000.0,1.63,1.694179500253569,0.21218760440395779,0.22895942242899586,0.016771818025038077
F483,vudalimab,100000.0,1.5,1.5246539951717237,0.17609125905568124,0.1831712961173989,0.00708003706171767
F483,vudalimab,15000000.0,1.4,1.2434504068583014,0.146128035678238,0.0946284687717931,-0.051499566906444916
F484,vudalimab,100.0,2.38,2.00851884562686,0.37657695705651195,0.3028759110058809,-0.07370104605063105
F484,vudalimab,1000.0,1.88,1.9315880503827183,0.2741578492636798,0.28591451000802565,0.011756660744345837
F484,vudalimab,10000.0,1.75,1.8041535192689153,0.24303804868629444,0.2562734898215658,0.013235441135271336
F484,vudalimab,100000.0,1.5,1.6301839330845855,0.17609125905568124,0.21223660846348283,0.03614534940780159
F484,vudalimab,15000000.0,1.3,1.191377349107671,0.11394335230683679,0.07604933887927554,-0.037894013427561254
F485,vudalimab,100.0,1.5,1.6353241679865242,0.17609125905568124,0.21360385510828803,0.03751259605260679
F485,vudalimab,1000.0,1.5,1.545027651349097,0.17609125905568124,0.18893625639571973,0.012844997340038494
F485,vudalimab,10000.0,1.38,1.474300881293673,0.13987908640123647,0.1685861251449464,0.028707038743709917
F485,vudalimab,100000.0,1.27,1.3451136244304334,0.10380372095595687,0.1287589716089776,0.02495525065302072
F485,vudalimab,15000000.0,1.2,1.0719476100352912,0.07918124604762482,0.030173560330096473,-0.049007685717528345
F486,vudalimab,100.0,4.25,4.195927135700884,0.6283889300503115,0.6228279378537905,-0.005560992196520953
F486,vudalimab,1000.0,3.75,3.8205843801151045,0.5740312677277188,0.5821297958040617,0.008098528076342815
F486,vudalimab,10000.0,3.63,3.445108334542532,0.5599066250361125,0.5372028832405279,-0.022703741795584653
F486,vudalimab,100000.0,3.22,3.241879578203617,0.5078558716958309,0.5107968786516109,0.0029410069557800345
F486,vudalimab,15000000.0,2.7,2.9294563447889383,0.43136376415898736,0.46678703046828857,0.035423266309301205
F487,vudalimab,100.0,3.63,4.394155939948767,0.5599066250361125,0.6428754651146578,0.08296884007854521
F487,vudalimab,1000.0,3.63,4.111410553167301,0.5599066250361125,0.6139908462944556,0.054084221258343
F487,vudalimab,10000.0,3.63,3.902622031437927,0.5599066250361125,0.5913564919398385,0.031449866903725976
F487,vudalimab,100000.0,3.34,3.5690037158667707,0.5237464668115644,0.5525470001214194,0.028800533309854992
F487,vudalimab,15000000.0,2.5,2.6613039701627828,0.3979400086720376,0.4250944818512512,0.0271544731792136
F488,nivolumab,100.0,1.48,1.297451860351114,0.17026171539495738,0.11309125309334965,-0.05717046230160773
F488,nivolumab,1000.0,1.48,1.2959870849637387,0.17026171539495738,0.11260067363570926,-0.05766104175924812
F488,nivolumab,10000.0,1.42992162383138,1.285057830624618,0.1553122337794858,0.10892267238016892,-0.04638956139931688
F488,nivolumab,100000.0,1.3209192384736852,1.232503481409234,0.12087626548929283,0.09078815468734808,-0.030088110801944748
F488,nivolumab,15000000.0,1.05,1.0945940071683982,0.021189299069938092,0.039253066078713275,0.018063767008775183
F489,nivolumab,100.0,2.91,2.569507573479952,0.4638929889859073,0.40984990208178906,-0.05404308690411824
F489,nivolumab,1000.0,2.761467213372999,2.5118587321198715,0.44113989125489206,0.3999952108669087,-0.04114468038798336
F489,nivolumab,10000.0,2.543790025335465,2.47608583563005,0.4054812600417564,0.39376569579813614,-0.011715564243620247
F489,nivolumab,100000.0,2.393708266764341,2.397525615972394,0.37907121964817403,0.379763256016227,0.000692036368052984
F489,nivolumab,15000000.0,2.17,2.1599635808183777,0.3364597338485295,0.3344464285662292,-0.002013305282300315
F490,nivolumab,100.0,3.04,3.070663745323562,0.48287358360875376,0.48723226139717496,0.004358677788421195
F490,nivolumab,1000.0,3.0186446145934664,2.957612838019536,0.4798119864891472,0.47094132269790895,-0.008870663791238242
F490,nivolumab,10000.0,2.7501273993667743,2.85752896608999,0.4393528129431415,0.45599064142927404,0.016637828486132544
F490,nivolumab,100000.0,2.512858220029287,2.6460317340228547,0.4001679856097039,0.4225950484033984,0.022427062793694497
F490,nivolumab,15000000.0,2.0,2.0876531536134735,0.3010299956639812,0.3196583458703111,0.018628350206329913
F491,nivolumab,100.0,2.57,2.701173743581659,0.4099331233312945,0.431552519563982,0.021619396232687493
F491,nivolumab,1000.0,2.470900147732846,2.5855331861762365,0.3928551953556033,0.4125501164576223,0.01969492110201898
F491,nivolumab,10000.0,2.3779344387421952,2.5070419096638488,0.37619987665567695,0.3991615940234797,0.02296171736780278
F491,nivolumab,100000.0,2.3196476249520104,2.413266717901027,0.36542201671763863,0.38260532344683973,0.017183306729201098
F491,nivolumab,15000000.0,2.21,2.1821961830640926,0.3443922736851107,0.33889379180328444,-0.005498481881826278
F492,nivolumab,100.0,3.27,3.5656859539812014,0.5145477526602861,0.5521430902529577,0.03759533759267164
F492,nivolumab,1000.0,3.213736226723729,3.479499281137556,0.5070102283764868,0.5415167511060661,0.034506522729579325
F492,nivolumab,10000.0,2.953627106930759,3.275272104714659,0.4703556651043599,0.515247386363557,0.04489172125919716
F492,nivolumab,100000.0,2.5954413689699103,2.9279493394859073,0.41421122261173177,0.46656355811994044,0.05235233550820867
F492,nivolumab,15000000.0,1.78,2.0953032917768013,0.250420002308894,0.3212468952792264,0.0708268929703324
F493,nivolumab,100.0,2.96,3.299056600866242,0.4712917110589386,0.518389766661746,0.04709805560280739
F493,nivolumab,1000.0,2.737572288520089,2.9622691394812213,0.4373655960092243,0.4716245141721974,0.03425891816297311
F493,nivolumab,10000.0,2.27857542117122,2.549444506924562,0.35766340836563726,0.4064455632347584,0.04878215486912113
F493,nivolumab,100000.0,1.9586604357601929,2.1606889118763744,0.29195915081962365,0.3345922432456244,0.042633092426000774
F493,nivolumab,15000000.0,1.41,1.6306464208028602,0.14921911265537988,0.2123598015422654,0.06314068888688551
F494,nivolumab,100.0,108.62763247668865,199.11848469487072,2.03594031425531,2.299111578602746,0.2631712643474362
F494,nivolumab,1000.0,110.48915866313888,176.8204233224115,2.043319666584374,2.24753242597097,0.20421275938659633
F494,nivolumab,10000.0,113.44864108990168,157.31993043856065,2.0547992981875334,2.1967837457077324,0.141984447520199
F494,nivolumab,100000.0,112.93919802120152,140.35305057489916,2.0528446994961023,2.147221856467768,0.0943771569716656
F494,nivolumab,15000000.0,28.59806775862293,51.527259002864405,1.4563366908172841,1.7120370407418422,0.25570034992455803
F495,nivolumab,100.0,4.52,10.049525608685546,0.6551384348113821,1.00214556121991,0.3470071264085278
F495,nivolumab,1000.0,4.623166461405889,9.484916132387164,0.6649395308961217,0.9770334951189886,0.31209396422286695
F495,nivolumab,10000.0,4.520119365178778,8.65809482643298,0.6551499036065127,0.9374223380457516,0.2822724344392389
F495,nivolumab,100000.0,4.014935817598745,7.18775181683836,0.6036786070778392,0.8565930731060505,0.2529144660282113
F495,nivolumab,15000000.0,1.86,4.523099186487428,0.26951294421791633,0.6554361114407805,0.3859231672228642
F496,nivolumab,100.0,1.72,1.6331055148317546,0.2355284469075489,0.21301424537892102,-0.022514201528627875
F496,nivolumab,1000.0,1.72,1.5711175579082324,0.2355284469075489,0.19620868207417547,-0.03931976483337343
F496,nivolumab,10000.0,1.4334819052941308,1.4406440094504136,0.15639221525912794,0.1585566776692743,0.002164462410146367
F496,nivolumab,100000.0,1.3096125718659462,1.301449757063251,0.11714283551338482,0.11442740667393822,-0.0027154288394466014
F496,nivolumab,15000000.0,1.13,1.102877118422519,0.05307844348341968,0.042527126434789786,-0.010551317048629896
F497,nivolumab,100.0,2.99,3.53338685216994,0.4756711883244297,0.5481911886845576,0.07252000036012796
F497,nivolumab,1000.0,3.0040753434604546,3.3899824176891182,0.4777108207551628,0.5301974457191893,0.05248662496402645
F497,nivolumab,10000.0,2.799297614243684,3.3056529696755725,0.4470490740119428,0.5192572590159233,0.07220818500398052
F497,nivolumab,100000.0,3.0481759903734824,3.074186607334703,0.4840400379436748,0.48773022623334183,0.0036901882896670513
F497,nivolumab,15000000.0,1.8,2.3636904476122322,0.25527250510330607,0.37359060008717454,0.11831809498386847
F498,nivolumab,100.0,1.04,1.097500612737919,0.01703333929878037,0.040404771382152406,0.023371432083372036
F498,nivolumab,1000.0,1.04,1.0755399734332907,0.01703333929878037,0.03162655597768144,0.014593216678901073
F498,nivolumab,10000.0,1.0155001997063864,1.0409897749598385,0.006680013148381521,0.017446463708107308,0.010766450559725787
F498,nivolumab,100000.0,1.0116806923245345,0.994986724080661,0.005043461670453883,-0.002182713924602167,-0.007226175595056051
F498,nivolumab,15000000.0,1.02,0.8983700865010045,0.00860017176191757,-0.046544717436529943,-0.05514488919844751
F499,nivolumab,100.0,64.4,74.49564133622151,1.808885867359812,1.8721308633656957,0.06324499600588362
F499,nivolumab,1000.0,52.090734368908855,64.79316865675901,1.7167604801072345,1.8115292192800339,0.09476873917279938
F499,nivolumab,10000.0,43.026137652974505,55.31767269398036,1.6337323623203919,1.7428639003341746,0.10913153801378273
F499,nivolumab,100000.0,34.23232435878468,45.88749273322546,1.5344363885308825,1.6616943287368793,0.1272579402059968
F499,nivolumab,15000000.0,15.155465680842164,17.842146546649964,1.1805692854422027,1.251447102130103,0.07087781668790027
F500,nivolumab,100.0,4.95,5.787507945707669,0.6946051989335688,0.7624916002721653,0.06788640133859658
F500,nivolumab,1000.0,4.871529928156416,5.471868815966298,0.6876653749743626,0.7381356769458167,0.05047030197145408
F500,nivolumab,10000.0,4.869452318610989,5.262440083827997,0.6874801176046328,0.7211871641575468,0.03370704655291401
F500,nivolumab,100000.0,4.848882223507466,4.939362248054669,0.685641635486529,0.6936708780672272,0.008029242580698148
F500,nivolumab,15000000.0,3.281140481883721,3.7253542523331724,0.5160248250830327,0.571167577089225,0.05514275200619234
F501,nivolumab,100.0,2.37,2.720581776182418,0.37474834601010387,0.4346617846109767,0.05991343860087284
F501,nivolumab,1000.0,2.4363815075846658,2.563105823647745,0.38674529449691963,0.4087665373888887,0.02202124289196905
F501,nivolumab,10000.0,2.260401894,2.3416656599416257,0.3541856625231373,0.36952488714632736,0.01533922462319004
F501,nivolumab,100000.0,2.0098135783722286,2.063586786119116,0.3031557760080661,0.31462273826798615,0.011466962259920055
F501,nivolumab,15000000.0,1.45,1.561157040159091,0.16136800223497488,0.193446591879931,0.03207858964495611
F502,nivolumab,100.0,1.31,1.3828078809160902,0.11727129565576427,0.1407618460140032,0.023490550358238937
F502,nivolumab,1000.0,1.31,1.3655845496272938,0.11727129565576427,0.13531859447928382,0.018047298823519548
F502,nivolumab,10000.0,1.4087540562838334,1.3342567051085135,0.14883517953803144,0.12523939396339803,-0.023595785574633404
F502,nivolumab,100000.0,1.5227159116507298,1.2836856809574528,0.18261888592903697,0.10845869683509182,-0.07416018909394514
F502,nivolumab,15000000.0,1.25,1.1573477395589133,0.09691001300805642,0.06346386775138294,-0.033446145256673485
F503,nivolumab,100.0,1.52,1.512600313967131,0.18184358794477254,0.17972418620565236,-0.0021194017391201747
F503,nivolumab,1000.0,1.52,1.4648980548596577,0.18184358794477254,0.1658074023335163,-0.01603618561125625
F503,nivolumab,10000.0,1.3030148135792754,1.418234552949166,0.11494935310258193,0.15174806203721727,0.03679870893463534
F503,nivolumab,100000.0,1.2424562535130548,1.3626219361274114,0.0942811063048861,0.1343753761360412,0.04009426983115509
F503,nivolumab,15000000.0,1.2655298778205604,1.2283403923876677,0.10227240284822589,0.08931873329592546,-0.012953669552300429
F504,nivolumab,100.0,26.91,37.0784214220787,1.4299136977637545,1.5691212361986202,0.13920753843486566
F504,nivolumab,1000.0,23.17895406,32.98602796096099,1.3650938347242523,1.5183300227750167,0.15323618805076444
F504,nivolumab,10000.0,21.294294701937304,29.706794051160337,1.3282632601820457,1.472855785394464,0.14459252521241828
F504,nivolumab,100000.0,17.06656418528116,23.686956989201754,1.2321460984104349,1.3745092714579472,0.14236317304751234
F504,nivolumab,15000000.0,6.072965624060352,9.70646796502179,0.7834008228114894,0.9870612255458717,0.20366040273438235
F504,nivolumab,100.0,26.91,26.8714737378578,1.4299136977637545,1.429291485512738,-0.0006222122510164407
F504,nivolumab,1000.0,23.17895406,24.31438607222576,1.3650938347242523,1.3858633082940501,0.02076947356979786
F504,nivolumab,10000.0,21.294294701937304,21.658576437384188,1.3282632601820457,1.3356299081662135,0.007366647984167862
F504,nivolumab,100000.0,17.06656418528116,17.823380453127516,1.2321460984104349,1.2509900775295215,0.01884397911908664
F504,nivolumab,15000000.0,6.072965624060352,8.965800079508362,0.7834008228114894,0.9525890506869958,0.16918822787550647
F505,nivolumab,100.0,12.4,16.165632769891694,1.0934216851622351,1.2085927088296538,0.1151710236674186
F505,nivolumab,1000.0,12.1,14.836016831153412,1.08278537031645,1.171317317354935,0.08853194703848488
F505,nivolumab,10000.0,12.6,13.748675430925463,1.100370545117563,1.1382608595663197,0.03789031444875679
F505,nivolumab,100000.0,12.6,13.07678457210931,1.100370545117563,1.1165009691977104,0.01613042408014742
F505,nivolumab,15000000.0,5.0,7.091267516511328,0.6989700043360189,0.8507238693476313,0.15175386501161248
