ID,Group,Shear_Rate,Actual_Viscosity,Predicted_Viscosity,Log10_Actual,Log10_Predicted,Log10_Error
1,poly-higg,100.0,14.38,16.11359822117127,1.1577588860468637,1.207192530680524,0.04943364463366029
1,poly-higg,1000.0,13.23,14.612544825158263,1.121559844187501,1.1647258564052447,0.04316601221774374
1,poly-higg,10000.0,11.27,12.789599800748404,1.0519239160461065,1.106856955186562,0.05493303914045544
1,poly-higg,100000.0,9.24,11.128334173898878,0.9656719712201067,1.0464301586537597,0.08075818743365293
1,poly-higg,15000000.0,6.92,7.510552415696625,0.8401060944567578,0.875671881380411,0.0355657869236532
2,none,100.0,3.25,2.9154706235160597,0.5118833609788743,0.4647086697978287,-0.047174691181045614
2,none,1000.0,3.25,2.9000658993628248,0.5118833609788743,0.46240786665911626,-0.04947549431975806
2,none,10000.0,3.25,2.8848609125790303,0.5118833609788743,0.46012487941356905,-0.05175848156530527
2,none,100000.0,3.25,2.869164888160644,0.5118833609788743,0.45775550745149857,-0.05412785352737576
2,none,15000000.0,3.25,2.809666983619655,0.5118833609788743,0.4486548481089902,-0.06322851286988412
3,poly-higg,100.0,4.6,4.904308339065083,0.6627578316815741,0.6905777669232669,0.027819935241692795
3,poly-higg,1000.0,4.6,4.721307555049913,0.6627578316815741,0.6740622921301489,0.011304460448574805
3,poly-higg,10000.0,4.6,4.528068652830039,0.6627578316815741,0.6559130028355211,-0.006844828846052975
3,poly-higg,100000.0,3.68,4.185724692274481,0.5658478186735176,0.6217706600853253,0.0559228414118077
3,poly-higg,15000000.0,2.41,3.0129958627041074,0.3820170425748684,0.4789985353222088,0.09698149274734041
4,none,100.0,0.95,0.9021481372999943,-0.022276394711152253,-0.04472214324566538,-0.02244574853451313
4,none,1000.0,0.95,0.9218054322010142,-0.022276394711152253,-0.03536073690582073,-0.013084342194668475
4,none,10000.0,0.95,0.9464626720791186,-0.022276394711152253,-0.023896509676663777,-0.0016201149655115238
4,none,100000.0,0.95,0.9532817582081687,-0.022276394711152253,-0.020778717462824878,0.0014976772483273754
4,none,15000000.0,0.95,0.9316854229412928,-0.022276394711152253,-0.030730699386761637,-0.008454304675609384
5,poly-higg,100.0,8.31,8.109078386721055,0.919601023784111,0.9089714985631492,-0.010629525220961833
5,poly-higg,1000.0,8.31,7.456614576396027,0.919601023784111,0.8725416955017615,-0.04705932828234949
5,poly-higg,10000.0,8.31,6.792097914589314,0.919601023784111,0.8320039380514623,-0.08759708573264868
5,poly-higg,100000.0,6.83,5.754202157623782,0.8344207036815325,0.7599851155310597,-0.0744355881504728
5,poly-higg,15000000.0,4.6,4.384060999928123,0.6627578316815741,0.6418765883020141,-0.02088124337955999
6,poly-higg,100.0,8.84,7.588235890906664,0.9464522650130731,0.8801408230767644,-0.06631144193630867
6,poly-higg,1000.0,8.84,7.238748692427279,0.9464522650130731,0.8596634994925727,-0.08678876552050041
6,poly-higg,10000.0,8.84,6.788803274974974,0.9464522650130731,0.8317932239298492,-0.11465904108322389
6,poly-higg,100000.0,6.93,6.11370717597583,0.8407332346118067,0.7863046337843539,-0.05442860082745282
6,poly-higg,15000000.0,4.16,4.889383342556131,0.6190933306267428,0.6892540886097605,0.07016075798301769
7,poly-higg,100.0,2.44,2.493071798317243,0.3873898263387294,0.3967347859903288,0.009344959651599372
7,poly-higg,1000.0,2.44,2.3317147331362365,0.3873898263387294,0.3676754168404226,-0.01971440949830683
7,poly-higg,10000.0,2.44,2.191435694028602,0.3873898263387294,0.34072873114407964,-0.04666109519464978
7,poly-higg,100000.0,2.23,2.0535357535451246,0.34830486304816066,0.3125022686370451,-0.03580259441111555
7,poly-higg,15000000.0,2.0,1.653784800407078,0.3010299956639812,0.21847899610152488,-0.08255099956245632
8,poly-higg,100.0,1.84,1.5739828263057885,0.2648178230095365,0.19699998947074635,-0.06781783353879015
8,poly-higg,1000.0,1.84,1.559039203511689,0.2648178230095365,0.19285703607064422,-0.07196078693889227
8,poly-higg,10000.0,1.84,1.5366736009790232,0.2648178230095365,0.18658163044881262,-0.07823619256072387
8,poly-higg,100000.0,1.68,1.4949692545098383,0.22530928172586284,0.17463226106578342,-0.050677020660079425
8,poly-higg,15000000.0,1.2,1.3210185972140722,0.07918124604762482,0.12090893162709243,0.04172768557946761
9,poly-higg,100.0,6.15,6.029040952258067,0.7888751157754168,0.7802482338204524,-0.008626881954964416
9,poly-higg,1000.0,5.35,5.441333404122947,0.7283537820212285,0.7357053370315718,0.007351555010343347
9,poly-higg,10000.0,5.35,5.027505861851609,0.7283537820212285,0.7013525856374168,-0.02700119638381171
9,poly-higg,100000.0,4.62,4.50119143295614,0.6646419755561255,0.6533274836135667,-0.011314491942558735
9,poly-higg,15000000.0,3.26,3.3091224427388797,0.5132176000679389,0.5197128370365622,0.006495236968623308
10,poly-higg,100.0,3.57,4.7739144752588025,0.5526682161121932,0.6788746343490193,0.1262064182368261
10,poly-higg,1000.0,3.57,4.5238161861240505,0.5526682161121932,0.6555049501495643,0.10283673403737115
10,poly-higg,10000.0,3.34,4.237713970738192,0.5237464668115644,0.6271316401703899,0.10338517335882547
10,poly-higg,100000.0,2.89,3.864096893724902,0.4608978427565479,0.5870480079821877,0.12615016522563982
10,poly-higg,15000000.0,2.58,3.2603166549044373,0.41161970596323016,0.5132597825216606,0.10164007655843044
11,poly-higg,100.0,14.72,16.11339906578653,1.1679078100014801,1.2071871630017506,0.03927935300027041
11,poly-higg,1000.0,14.49,14.612418549533418,1.1610683854711745,1.1647221033940696,0.003653717922895039
11,poly-higg,10000.0,14.49,12.789394178292612,1.1610683854711745,1.1068499728401897,-0.054218412630984814
11,poly-higg,100000.0,11.55,11.128161969352032,1.0625819842281632,1.0464234381453765,-0.016158546082786662
11,poly-higg,15000000.0,6.92,7.5104407223091725,0.8401060944567578,0.8756654227100167,0.035559328253258915
12,poly-higg,100.0,4.14,4.541653067287143,0.617000341120899,0.6572139557935694,0.040213614672670484
12,poly-higg,1000.0,4.14,4.235551131001859,0.617000341120899,0.6269099288532407,0.00990958773234174
12,poly-higg,10000.0,4.14,3.959250049464191,0.617000341120899,0.5976129308184399,-0.01938741030245905
12,poly-higg,100000.0,3.15,3.6512926076833385,0.4983105537896005,0.5624466378826798,0.0641360840930793
12,poly-higg,15000000.0,2.25,2.6443825888797967,0.3521825181113625,0.42232428902049507,0.0701417709091326
13,poly-higg,100.0,17.25,18.099315567522513,1.236789099409293,1.2576621521692752,0.020873052759982302
13,poly-higg,1000.0,17.25,16.44601484308696,1.236789099409293,1.216060677888839,-0.020728421520453955
13,poly-higg,10000.0,17.25,14.796819538703316,1.236789099409293,1.1701683772040368,-0.06662072220525617
13,poly-higg,100000.0,14.7,13.193286745126601,1.167317334748176,1.120353001570359,-0.0469643331778169
13,poly-higg,15000000.0,13.0,9.316900945614345,1.1139433523068367,0.9692714782299667,-0.14467187407687
14,none,100.0,1.15,1.0584679450379713,0.06069784035361165,0.024677710249693532,-0.03602013010391812
14,none,1000.0,1.15,1.0821856822188218,0.06069784035361165,0.03430178373212671,-0.02639605662148494
14,none,10000.0,1.15,1.1095856106857525,0.06069784035361165,0.04516081608947475,-0.015537024264136896
14,none,100000.0,1.15,1.1376052036441002,0.06069784035361165,0.055991569944015496,-0.004706270409596154
14,none,15000000.0,1.15,1.0720261321693263,0.06069784035361165,0.030205372034561574,-0.030492468319050076
15,none,100.0,1.25,1.1475174215247723,0.09691001300805642,0.05975928768611009,-0.03715072532194633
15,none,1000.0,1.25,1.1732740472341694,0.09691001300805642,0.06939946420486394,-0.02751054880319248
15,none,10000.0,1.25,1.1953858389386949,0.09691001300805642,0.07750810668654454,-0.019401906321511883
15,none,100000.0,1.25,1.211523193376562,0.09691001300805642,0.08333173267826348,-0.013578280329792941
15,none,15000000.0,1.25,1.1545713686811758,0.09691001300805642,0.06242078356452674,-0.03448922944352968
16,none,100.0,1.5,1.3940368779472236,0.17609125905568124,0.14427426276998098,-0.031816996285700255
16,none,1000.0,1.5,1.4098652091026442,0.17609125905568124,0.14917759369001374,-0.0269136653656675
16,none,10000.0,1.5,1.423344865458757,0.17609125905568124,0.15331013903005486,-0.022781120025626378
16,none,100000.0,1.5,1.4287694718389952,0.17609125905568124,0.1549621621817133,-0.02112909687396794
16,none,15000000.0,1.5,1.3793957025481671,0.17609125905568124,0.139688868628039,-0.036402390427642234
17,none,100.0,1.65,1.581358295831651,0.21748394421390627,0.19903028123711772,-0.01845366297678855
17,none,1000.0,1.65,1.585615738015857,0.21748394421390627,0.2001979477488708,-0.017285996465035453
17,none,10000.0,1.65,1.5782074077451778,0.21748394421390627,0.19816407752998363,-0.019319866683922632
17,none,100000.0,1.65,1.5671677928895453,0.21748394421390627,0.19511549782455906,-0.022368446389347207
17,none,15000000.0,1.65,1.5230334416115745,0.21748394421390627,0.18270943934912434,-0.034774504864781924
18,none,100.0,2.25,2.2360287438114943,0.3521825181113625,0.3494773820401841,-0.0027051360711783934
18,none,1000.0,2.25,2.2217804785899986,0.3521825181113625,0.34670114657302314,-0.00548137153833933
18,none,10000.0,2.25,2.2089744241662363,0.3521825181113625,0.3441906875745697,-0.007991830536792754
18,none,100000.0,2.25,2.1914457133478678,0.3521825181113625,0.34073071674882915,-0.01145180136253332
18,none,15000000.0,2.25,2.154328949042816,0.3521825181113625,0.33331201736805,-0.01887050074331248
19,poly-higg,100.0,27.03,22.347843678459526,1.4318460456987254,1.3492356248404505,-0.08261042085827497
19,poly-higg,1000.0,24.15,19.614289219779877,1.382917135087531,1.2925725748402437,-0.09034456024728721
19,poly-higg,10000.0,21.85,17.215417304563054,1.3394514413064407,1.2359175545383647,-0.10353388676807596
19,poly-higg,100000.0,14.7,13.415434265194813,1.167317334748176,1.1276047355935135,-0.03971259915466252
19,poly-higg,15000000.0,6.5,6.369807519829367,0.8129133566428556,0.8041263092052156,-0.008787047437640028
20,poly-higg,100.0,76.59,55.53751744597286,1.8841720695239128,1.7445864626736594,-0.13958560685025345
20,poly-higg,1000.0,56.35,49.62880042841087,1.7508939203821254,1.6957337780460464,-0.05516014233607902
20,poly-higg,10000.0,37.95,39.65371449724133,1.579211780231499,1.5982838753887127,0.019072095157213642
20,poly-higg,100000.0,29.4,31.09772388939404,1.4683473304121573,1.4927286032245606,0.02438127281240332
20,poly-higg,15000000.0,18.0,18.235155323793364,1.255272505103306,1.260909466908318,0.005636961805012053
21,bsa,100.0,9.09,6.405343098380237,0.9585638832219674,0.8065423974284824,-0.15202148579348496
21,bsa,1000.0,9.09,5.986981304939507,0.9585638832219674,0.7772079020116799,-0.1813559812102875
21,bsa,10000.0,8.63,5.548830188816396,0.9360107957152096,0.7442014342774113,-0.19180936143779836
21,bsa,100000.0,6.93,5.058645720091336,0.8407332346118067,0.7040342648608156,-0.13669896975099116
21,bsa,15000000.0,3.58,4.15554607890907,0.5538830266438743,0.6186281023616976,0.06474507571782329
22,bsa,100.0,2.19,2.2996642554066473,0.34044411484011833,0.3616644348576889,0.02122032001757057
22,bsa,1000.0,2.19,2.2448269867271975,0.34044411484011833,0.3511828746911707,0.010738759851052382
22,bsa,10000.0,2.19,2.1602631287635274,0.34044411484011833,0.33450665319266554,-0.005937461647452791
22,bsa,100000.0,2.0,2.005028879577699,0.3010299956639812,0.30212063239306264,0.00109063672908144
22,bsa,15000000.0,1.56,1.6136184471360473,0.1931245983544616,0.20780085015488117,0.014676251800419565
23,poly-higg,100.0,1.32,1.3617697723267432,0.12057393120584989,0.13410368976493012,0.01352975855908023
23,poly-higg,1000.0,1.32,1.3466124452688295,0.12057393120584989,0.12924262386028137,0.008668692654431487
23,poly-higg,10000.0,1.32,1.321050588251788,0.12057393120584989,0.12091944878631554,0.0003455175804656513
23,poly-higg,100000.0,1.21,1.285137159997617,0.08278537031645007,0.10894948148148838,0.026164111165038306
23,poly-higg,15000000.0,1.15,1.1428729326379083,0.06069784035361165,0.05799794717406212,-0.00269989317954953
24,poly-higg,100.0,2.99,3.7195651200936704,0.4756711883244297,0.5704921664991054,0.09482097817467572
24,poly-higg,1000.0,2.99,3.4264127376406712,0.4756711883244297,0.5348396758750801,0.059168487550650406
24,poly-higg,10000.0,2.99,3.1942441699732305,0.4756711883244297,0.5043681108065255,0.028696922482095877
24,poly-higg,100000.0,2.73,2.891738806060362,0.436162647040756,0.46115906310053517,0.024996416059779147
24,poly-higg,15000000.0,2.6,2.178832895284281,0.414973347970818,0.33822392348222113,-0.07674942448859684
25,poly-higg,100.0,9.2,10.134934891822464,0.9637878273455552,1.00582096307214,0.042033135726584736
25,poly-higg,1000.0,9.2,9.352010767108464,0.9637878273455552,0.9709049981637388,0.007117170818183527
25,poly-higg,10000.0,9.2,8.448921385151854,0.9637878273455552,0.9268012691418361,-0.0369865582037191
25,poly-higg,100000.0,6.83,7.246965094069573,0.8344207036815325,0.8601561694886275,0.02573546580709496
25,poly-higg,15000000.0,4.17,4.754550976449147,0.6201360549737575,0.6771095080960476,0.056973453122290185
26,poly-higg,100.0,4.37,4.78547824842932,0.6404814369704218,0.6799253465590382,0.03944390958861643
26,poly-higg,1000.0,3.85,4.507944552366572,0.5854607295085007,0.6539785655929404,0.06851783608443973
26,poly-higg,10000.0,3.85,4.197706891902647,0.5854607295085007,0.6230121103603832,0.03755138085188248
26,poly-higg,100000.0,3.15,3.749086422010556,0.4983105537896005,0.5739254516698049,0.07561489788020442
26,poly-higg,15000000.0,2.24,2.806923402731357,0.35024801833416286,0.44823056146771806,0.0979825431335552
27,poly-higg,100.0,7.82,7.746363353372262,0.893206753059848,0.88909786428233,-0.004108888777518027
27,poly-higg,1000.0,6.9,6.89416786134546,0.8388490907372553,0.8384818535379195,-0.00036723719933584587
27,poly-higg,10000.0,6.67,6.29112101126042,0.8241258339165489,0.798728039026557,-0.025397794889991943
27,poly-higg,100000.0,5.15,5.736437386290431,0.7118072290411911,0.7586422575848621,0.04683502854367105
27,poly-higg,15000000.0,4.0,4.106662768675061,0.6020599913279624,0.6134890408821903,0.011429049554227855
28,bsa,100.0,5.06,4.246446571227448,0.7041505168397991,0.6280256641638506,-0.07612485267594848
28,bsa,1000.0,4.6,4.05346669389829,0.6627578316815741,0.6078266089024228,-0.0549312227791513
28,bsa,10000.0,4.6,3.758441378491478,0.6627578316815741,0.5750077808169904,-0.08775005086458365
28,bsa,100000.0,3.99,3.4069189085181764,0.6009728956867483,0.5323617966138984,-0.0686110990728499
28,bsa,15000000.0,3.0,2.6609908325011227,0.47712125471966244,0.425043378346566,-0.05207787637309641
29,none,100.0,1.0,0.9201466848076774,0.0,-0.036142934258164484,-0.036142934258164484
29,none,1000.0,1.0,0.9470290930674142,0.0,-0.023636679112288925,-0.023636679112288925
29,none,10000.0,1.0,0.9840442906814589,0.0,-0.006985354042567049,-0.006985354042567049
29,none,100000.0,1.0,0.9956612019451372,0.0,-0.0018884157495331522,-0.0018884157495331522
29,none,15000000.0,1.0,0.9584362887021212,0.0,-0.018436751210265234,-0.018436751210265234
30,none,100.0,0.97,0.9007339957340234,-0.01322826573375516,-0.04540344569293108,-0.03217517995917592
30,none,1000.0,0.97,0.9296772982934437,-0.01322826573375516,-0.031667773909573406,-0.018439508175818246
30,none,10000.0,0.97,0.9639032140220942,-0.01322826573375516,-0.015966571622446305,-0.002738305888691145
30,none,100000.0,0.97,0.9712636280816511,-0.01322826573375516,-0.012662874436448097,0.0005653912973070628
30,none,15000000.0,0.97,0.9485788245372667,-0.01322826573375516,-0.022926574486237934,-0.009698308752482773
31,none,100.0,1.2,1.0870805573222613,0.07918124604762482,0.03626172835879829,-0.04291951768882653
31,none,1000.0,1.2,1.1100991669486324,0.07918124604762482,0.045361776745999116,-0.0338194693016257
31,none,10000.0,1.2,1.1510974018131168,0.07918124604762482,0.061112073656055615,-0.018069172391569202
31,none,100000.0,1.2,1.1644795257172547,0.07918124604762482,0.06613185702167698,-0.013049389025947836
31,none,15000000.0,1.2,1.0872073856821205,0.07918124604762482,0.0363123940096615,-0.04286885203796332
32,none,100.0,1.3,1.1789219327666631,0.11394335230683679,0.07148504742657018,-0.04245830488026661
32,none,1000.0,1.3,1.2032284407287739,0.11394335230683679,0.08034808879410008,-0.033595263512736714
32,none,10000.0,1.3,1.2381201393608126,0.11394335230683679,0.09276278792317051,-0.021180564383666278
32,none,100000.0,1.3,1.2463855011403275,0.11394335230683679,0.09565238832963348,-0.01829096397720331
32,none,15000000.0,1.3,1.1703650556151373,0.11394335230683679,0.06832134628533414,-0.045622006021502653
33,none,100.0,1.55,1.4167023860413541,0.1903316981702915,0.15127862535306838,-0.03905307281722312
33,none,1000.0,1.55,1.4220959608872275,0.1903316981702915,0.1529289029181337,-0.03740279525215778
33,none,10000.0,1.55,1.435727611524367,0.1903316981702915,0.15707205269672758,-0.033259645473563915
33,none,100000.0,1.55,1.4311331271554495,0.1903316981702915,0.15568003466810332,-0.03465166350218818
33,none,15000000.0,1.55,1.3917740679821158,0.1903316981702915,0.14356874030873673,-0.046762957861554766
34,none,100.0,2.32,2.258215153267426,0.3654879848908996,0.35376531731675487,-0.011722667574144752
34,none,1000.0,2.32,2.2338988443706906,0.3654879848908996,0.34906350345897297,-0.016424481431926652
34,none,10000.0,2.32,2.2202673354773657,0.3654879848908996,0.346405269645502,-0.01908271524539762
34,none,100000.0,2.32,2.2089705397527846,0.3654879848908996,0.34418992388043534,-0.021298061010464275
34,none,15000000.0,2.32,2.1204457312752103,0.3654879848908996,0.32642716200708893,-0.039060822883810686
35,none,100.0,1.17,1.082952587687491,0.06818586174616162,0.03460944336915099,-0.03357641837701063
35,none,1000.0,1.17,1.1092172902132889,0.06818586174616162,0.04501663063688912,-0.0231692311092725
35,none,10000.0,1.17,1.1483265866065147,0.06818586174616162,0.06006541993486546,-0.008120441811296161
35,none,100000.0,1.17,1.1742476768415482,0.06818586174616162,0.06975970963800378,0.001573847891842159
35,none,15000000.0,1.17,1.0999702083945473,0.06818586174616162,0.04138092288089367,-0.026804938865267948
36,none,100.0,1.27,1.1722643548554765,0.10380372095595687,0.06902555955663356,-0.03477816139932331
36,none,1000.0,1.27,1.1967195229506637,0.10380372095595687,0.0779923760471202,-0.025811344908836673
36,none,10000.0,1.27,1.233578890705032,0.10380372095595687,0.09116692902014333,-0.012636791935813546
36,none,100000.0,1.27,1.2564958572153235,0.10380372095595687,0.09916106102132001,-0.004642659934636861
36,none,15000000.0,1.27,1.1858759923473954,0.10380372095595687,0.07403927700884415,-0.029764443947112723
37,none,100.0,1.52,1.420059552662736,0.18184358794477254,0.15230655765804815,-0.029537030286724386
37,none,1000.0,1.52,1.4336549721011962,0.18184358794477254,0.15644464523552215,-0.02539894270925039
37,none,10000.0,1.52,1.4375830823740297,0.18184358794477254,0.15763295330873797,-0.024210634636034567
37,none,100000.0,1.52,1.4369490684686752,0.18184358794477254,0.15744137518015125,-0.02440221276462129
37,none,15000000.0,1.52,1.3915596927829719,0.18184358794477254,0.14350184070255825,-0.038341747242214286
38,none,100.0,2.29,2.233131340913384,0.359835482339888,0.34891426671518383,-0.010921215624704161
38,none,1000.0,2.29,2.2050650589794296,0.359835482339888,0.3434214075630145,-0.01641407477687351
38,none,10000.0,2.29,2.178554752392172,0.359835482339888,0.33816847928805954,-0.02166700305182845
38,none,100000.0,2.29,2.1591967004128985,0.359835482339888,0.3342922078797099,-0.025543274460178067
38,none,15000000.0,2.29,2.0914403046127497,0.359835482339888,0.3204454731493697,-0.03939000919051827
39,none,100.0,1.07,0.9428521853811231,0.029383777685209667,-0.025556387967990892,-0.05494016565320056
39,none,1000.0,1.07,0.9649201663170293,0.029383777685209667,-0.015508616979760815,-0.044892394664970484
39,none,10000.0,1.07,0.9832422992832419,0.029383777685209667,-0.007339446282966478,-0.03672322396817614
39,none,100000.0,1.07,0.9817404993368753,0.029383777685209667,-0.008003292864301693,-0.03738707054951136
39,none,15000000.0,1.07,0.9244624543846464,0.029383777685209667,-0.03411072234654076,-0.06349450003175042
40,none,100.0,1.0,0.9395698102731003,0.0,-0.0270709461754469,-0.0270709461754469
40,none,1000.0,1.0,0.9595917121399475,0.0,-0.017913511628999776,-0.017913511628999776
40,none,10000.0,1.0,0.9748188250897032,0.0,-0.011076092583704792,-0.011076092583704792
40,none,100000.0,1.0,0.9692937887391135,0.0,-0.013544570224595442,-0.013544570224595442
40,none,15000000.0,1.0,0.9057427217018061,0.0,-0.04299514714983557,-0.04299514714983557
41,none,100.0,1.27,1.1563377859415707,0.10380372095595687,0.0630847174251917,-0.04071900353076517
41,none,1000.0,1.27,1.1740643297979325,0.10380372095595687,0.06969189359886398,-0.034111827357092894
41,none,10000.0,1.27,1.1830753128341451,0.10380372095595687,0.07301239205582022,-0.030791328900136652
41,none,100000.0,1.27,1.1766226817323504,0.10380372095595687,0.07063721601832784,-0.03316650493762903
41,none,15000000.0,1.27,1.075827562192859,0.10380372095595687,0.031742666507392076,-0.0720610544485648
42,none,100.0,1.38,1.2596357647033478,0.13987908640123647,0.10024498301627169,-0.039634103384964786
42,none,1000.0,1.38,1.277901467047314,0.13987908640123647,0.10649736871490752,-0.03338171768632896
42,none,10000.0,1.38,1.2916608137150614,0.13987908640123647,0.11114848419207765,-0.028730602209158823
42,none,100000.0,1.38,1.2892926088787797,0.13987908640123647,0.11035149299335785,-0.029527593407878625
42,none,15000000.0,1.38,1.1836310893412603,0.13987908640123647,0.07321636384921763,-0.06666272255201884
43,none,100.0,1.64,1.5306456618670716,0.21484384804769785,0.18487466495913815,-0.029969183088559698
43,none,1000.0,1.64,1.5539746084593746,0.21484384804769785,0.19144391826407653,-0.02339992978362132
43,none,10000.0,1.64,1.5628899188474004,0.21484384804769785,0.193928389842126,-0.020915458205571863
43,none,100000.0,1.64,1.5543560507851124,0.21484384804769785,0.19155050814541438,-0.023293339902283466
43,none,15000000.0,1.64,1.4513453942163073,0.21484384804769785,0.1617707790482231,-0.053073068999474754
44,none,100.0,2.42,2.3963151465438655,0.38381536598043126,0.3795439328344452,-0.004271433145986048
44,none,1000.0,2.42,2.379435262038038,0.38381536598043126,0.37647389332384235,-0.00734147265658891
44,none,10000.0,2.42,2.3634424901307267,0.38381536598043126,0.37354503903886827,-0.01027032694156299
44,none,100000.0,2.42,2.3704871327798496,0.38381536598043126,0.3748376022713537,-0.008977763709077546
44,none,15000000.0,2.42,2.3280891245702096,0.38381536598043126,0.3669996020810088,-0.016815763899422465
45,none,100.0,1.2,1.1278222376653293,0.07918124604762482,0.05224065347287898,-0.02694059257474584
45,none,1000.0,1.2,1.1508864446852924,0.07918124604762482,0.06103247490741268,-0.018148771140212135
45,none,10000.0,1.2,1.166292274921663,0.07918124604762482,0.06680739903318562,-0.012373847014439193
45,none,100000.0,1.2,1.1659138004945717,0.07918124604762482,0.0666664429157972,-0.012514803131827623
45,none,15000000.0,1.2,1.0671273049097096,0.07918124604762482,0.028216232472121242,-0.05096501357550358
46,none,100.0,1.3,1.230002405841534,0.11394335230683679,0.08990596090499199,-0.0240373914018448
46,none,1000.0,1.3,1.2548954236317695,0.11394335230683679,0.09860753551266527,-0.015335816794171522
46,none,10000.0,1.3,1.270687998840265,0.11394335230683679,0.10403892819692681,-0.009904424109909979
46,none,100000.0,1.3,1.2687632192974199,0.11394335230683679,0.10338058021335968,-0.010562772093477113
46,none,15000000.0,1.3,1.168162544627543,0.11394335230683679,0.0675032771285033,-0.046440075178333484
47,none,100.0,1.55,1.5064420582855576,0.1903316981702915,0.17795243222525353,-0.012379265945037965
47,none,1000.0,1.55,1.5290870223945228,0.1903316981702915,0.18443220239746586,-0.005899495772825641
47,none,10000.0,1.55,1.5316130192653947,0.1903316981702915,0.1851490493517325,-0.00518264881855901
47,none,100000.0,1.55,1.5196668323456566,0.1903316981702915,0.1817483848304906,-0.008583313339800891
47,none,15000000.0,1.55,1.4212324050802336,0.1903316981702915,0.15266510114425969,-0.03766659702603181
48,none,100.0,2.32,2.3224655605187268,0.3654879848908996,0.36594928262797316,0.0004612977370735405
48,none,1000.0,2.32,2.3087011735668925,0.3654879848908996,0.3633677237056018,-0.002120261185297845
48,none,10000.0,2.32,2.2907342958926704,0.3654879848908996,0.3599747179455368,-0.005513266945362805
48,none,100000.0,2.32,2.2790378547610657,0.3654879848908996,0.357751538860634,-0.007736446030265631
48,none,15000000.0,2.32,2.228174152054402,0.3654879848908996,0.3479491318878888,-0.017538853003010835
49,bgg,100.0,3.45,3.2963489971418527,0.5378190950732742,0.5180331858858502,-0.019785909187423956
49,bgg,1000.0,3.45,3.2010180035738296,0.5378190950732742,0.5052881167654322,-0.03253097830784202
49,bgg,10000.0,3.45,3.078649997385673,0.5378190950732742,0.48836031805416247,-0.04945877701911172
49,bgg,100000.0,3.15,2.847496007665731,0.4983105537896005,0.4544631238486065,-0.043847429940994
49,bgg,15000000.0,2.95,2.221717968494353,0.46982201597816303,0.3466889274668719,-0.12313308851129112
50,bgg,100.0,1.55,1.5169841627133318,0.1903316981702915,0.1809810467840202,-0.009350651386271308
50,bgg,1000.0,1.55,1.5391646487971937,0.1903316981702915,0.18728508002597766,-0.0030466181443138396
50,bgg,10000.0,1.55,1.5440529700937746,0.1903316981702915,0.18866219510906376,-0.001669503061227734
50,bgg,100000.0,1.42,1.5069063920087988,0.15228834438305647,0.17808627507727529,0.025797930694218818
50,bgg,15000000.0,1.3,1.3757211373864466,0.11394335230683679,0.1385304100855642,0.024587057778727398
51,bgg,100.0,3.62,4.007948499986567,0.5587085705331657,0.6029221324411883,0.044213561908022614
51,bgg,1000.0,3.62,3.7496761346186247,0.5587085705331657,0.573993758655174,0.015285188122008297
51,bgg,10000.0,3.62,3.566719328263099,0.5587085705331657,0.552268935247388,-0.006439635285777734
51,bgg,100000.0,3.31,3.4449460927880566,0.5198279937757188,0.5371824303690856,0.017354436593366884
51,bgg,15000000.0,3.15,3.050082090155673,0.4983105537896005,0.48431152814083894,-0.013999025648761543
52,bgg,100.0,2.74,2.7765422574189813,0.437750562820388,0.4435042875778011,0.005753724757413092
52,bgg,1000.0,2.74,2.6996440096404375,0.437750562820388,0.43130649940274907,-0.006444063417638923
52,bgg,10000.0,2.74,2.6413163849932686,0.437750562820388,0.42182042545041243,-0.01593013736997556
52,bgg,100000.0,2.42,2.487228530206804,0.38381536598043126,0.3957156907174763,0.011900324737045054
52,bgg,15000000.0,2.0,2.0349042389755203,0.3010299956639812,0.3085439764786548,0.007513980814673582
53,poly-higg,100.0,2.53,2.2532052823653257,0.40312052117581787,0.35280076071501887,-0.050319760460799
53,poly-higg,1000.0,2.53,2.1112775629712637,0.40312052117581787,0.32454533238045596,-0.0785751887953619
53,poly-higg,10000.0,2.53,2.0100075149099768,0.40312052117581787,0.3031976811408042,-0.09992284003501367
53,poly-higg,100000.0,2.1,1.9093931869530751,0.3222192947339193,0.2808953685934157,-0.04132392614050362
53,poly-higg,15000000.0,1.75,1.6481401326088003,0.24303804868629444,0.216994134685983,-0.026043914000311447
54,poly-higg,100.0,5.87,4.641475970765117,0.7686381012476144,0.6666561064232586,-0.10198199482435588
54,poly-higg,1000.0,3.62,4.15936961026659,0.5587085705331657,0.6190275143940189,0.060318943860853236
54,poly-higg,10000.0,3.57,3.728189452902166,0.5526682161121932,0.5714979734940183,0.01882975738182513
54,poly-higg,100000.0,3.2,3.393997443603765,0.505149978319906,0.5307115108663958,0.02556153254648974
54,poly-higg,15000000.0,2.75,2.687833950999682,0.43933269383026263,0.42940243536688727,-0.009930258463375363
55,poly-higg,100.0,2.88,2.49113376205553,0.45939248775923086,0.3963970477143231,-0.06299544004490776
55,poly-higg,1000.0,2.51,2.3557964822649837,0.3996737214810381,0.37213776894738726,-0.02753595253365082
55,poly-higg,10000.0,2.3,2.21942350314048,0.36172783601759284,0.34624018079346475,-0.015487655224128094
55,poly-higg,100000.0,2.0,2.1093377092118764,0.3010299956639812,0.3241461167266265,0.023116121062645323
55,poly-higg,15000000.0,1.73,1.7275034211073792,0.2380461031287954,0.23741891611372407,-0.0006271870150713343
56,bsa,100.0,3.51,3.800733966291631,0.5453071164658241,0.5798674720721971,0.03456035560637305
56,bsa,1000.0,3.51,3.595252590925042,0.5453071164658241,0.555729407929274,0.010422291463449973
56,bsa,10000.0,3.51,3.394633504980275,0.5453071164658241,0.5307928933863385,-0.014514223079485578
56,bsa,100000.0,3.2,3.2368118186434964,0.505149978319906,0.5101174511787943,0.004967472858888211
56,bsa,15000000.0,3.05,2.9740188984025604,0.48429983934678583,0.4733437239189117,-0.010956115427874114
57,bsa,100.0,2.24,2.137980491240881,0.35024801833416286,0.330003738017245,-0.020244280316917884
57,bsa,1000.0,2.22,2.0822870671659657,0.3463529744506387,0.31854060177970867,-0.027812372670930008
57,bsa,10000.0,1.84,1.9561068976213547,0.2648178230095365,0.2913925844896902,0.026574761480153697
57,bsa,100000.0,1.63,1.7697535557456574,0.21218760440395779,0.2479127935756394,0.035725189171681604
57,bsa,15000000.0,1.47,1.4184553023179685,0.1673173347481761,0.1518156550684188,-0.015501679679757296
58,poly-higg,100.0,6.33,6.345943383816305,0.8014037100173551,0.8024961931652999,0.001092483147944745
58,poly-higg,1000.0,6.33,6.1508770193575355,0.8014037100173551,0.788937043826164,-0.012466666191191078
58,poly-higg,10000.0,6.33,5.80096997772062,0.8014037100173551,0.7635006178302917,-0.03790309218706345
58,poly-higg,100000.0,5.78,5.37047846128129,0.761927838420529,0.73001297915165,-0.03191485926887905
58,poly-higg,15000000.0,5.5,4.363963724950083,0.7403626894942439,0.6398811318980901,-0.10048155759615374
59,poly-higg,100.0,6.33,5.554648680775331,0.8014037100173551,0.7446565959815479,-0.05674711403580723
59,poly-higg,1000.0,5.18,5.163053995382585,0.714329759745233,0.7129066669364508,-0.001423092808782278
59,poly-higg,10000.0,5.06,4.836679386199356,0.7041505168397991,0.6845472998301884,-0.019603217009610763
59,poly-higg,100000.0,4.41,4.450690594846218,0.6444385894678385,0.6484274038485635,0.003988814380724959
59,poly-higg,15000000.0,3.88,3.5639950183930096,0.5888317255942073,0.5519370883261338,-0.036894637268073516
60,none,100.0,1.38,1.3071768866813698,0.13987908640123647,0.11633436012202739,-0.02354472627920909
60,none,1000.0,1.38,1.3264763483091324,0.13987908640123647,0.12269951071457383,-0.017179575686662646
60,none,10000.0,1.38,1.3404766234594365,0.13987908640123647,0.12725924473359806,-0.01261984166763841
60,none,100000.0,1.38,1.3522061005689883,0.13987908640123647,0.1310428909533541,-0.008836195447882361
60,none,15000000.0,1.38,1.3269824125379053,0.13987908640123647,0.12286516688225382,-0.01701391951898265
61,none,100.0,3.05,3.0617578053284564,0.48429983934678583,0.4859708336615652,0.0016709943147793505
61,none,1000.0,3.05,3.0381979937133012,0.48429983934678583,0.4826160726127623,-0.0016837667340235396
61,none,10000.0,3.05,3.0210627680302413,0.48429983934678583,0.48015974861852573,-0.004140090728260104
61,none,100000.0,3.05,3.0064981235406996,0.48429983934678583,0.4780609371234191,-0.006238902223366705
61,none,15000000.0,3.05,2.931780734904138,0.48429983934678583,0.467131486711916,-0.01716835263486982
62,none,100.0,0.98,0.8896237271663598,-0.00877392430750515,-0.05079364253359678,-0.04201971822609163
62,none,1000.0,0.98,0.9301800215686647,-0.00877392430750515,-0.03143299251280872,-0.02265906820530357
62,none,10000.0,0.98,0.9787080777480612,-0.00877392430750515,-0.009346827225304114,-0.0005729029177989637
62,none,100000.0,0.98,1.0103710189554462,-0.00877392430750515,0.004480880611171929,0.013254804918677079
62,none,15000000.0,0.98,0.9965765619795449,-0.00877392430750515,-0.0014893310146980496,0.0072845932928071
63,none,100.0,3.3,3.264982943115657,0.5185139398778874,0.5138809167810473,-0.004633023096840105
63,none,1000.0,3.3,3.2440951872088344,0.5185139398778874,0.5110935886565835,-0.007420351221303911
63,none,10000.0,3.3,3.2330354148065497,0.5185139398778874,0.5096104619177184,-0.008903477960168993
63,none,100000.0,3.3,3.2274182280715933,0.5185139398778874,0.5088552475156325,-0.009658692362254917
63,none,15000000.0,3.3,3.144973432270923,0.5185139398778874,0.4976169810159871,-0.020896958861900294
64,none,100.0,1.04,0.9389501070340566,0.01703333929878037,-0.027357484214695416,-0.044390823513475786
64,none,1000.0,1.04,0.980137378206916,0.01703333929878037,-0.008713048373033992,-0.025746387671814364
64,none,10000.0,1.04,1.012817507823763,0.01703333929878037,0.005531200064207521,-0.011502139234572849
64,none,100000.0,1.04,1.0319305994706374,0.01703333929878037,0.01365049062410554,-0.0033828486746748307
64,none,15000000.0,1.04,0.9772262632851066,0.01703333929878037,-0.01000486973121749,-0.02703820902999786
65,none,100.0,1.01,0.916465190388185,0.004321373782642578,-0.037884025965733044,-0.04220539974837562
65,none,1000.0,1.01,0.9555935652731287,0.004321373782642578,-0.01972678334219081,-0.02404815712483339
65,none,10000.0,1.01,0.9937367388133383,0.004321373782642578,-0.002728653856095657,-0.007050027638738235
65,none,100000.0,1.01,1.0194700113899884,0.004321373782642578,0.008374455146625022,0.004053081363982444
65,none,15000000.0,1.01,0.9929521908584958,0.004321373782642578,-0.0030716616216290658,-0.007393035404271644
66,none,100.0,1.11,0.9659073265092891,0.045322978786657475,-0.01506453975048993,-0.060387518537147404
66,none,1000.0,1.11,0.9946583253456285,0.045322978786657475,-0.0023260779480744993,-0.04764905673473197
66,none,10000.0,1.11,1.0222509585542767,0.045322978786657475,0.009557526460061843,-0.03576545232659563
66,none,100000.0,1.11,1.0380496290463874,0.045322978786657475,0.016218117583481205,-0.02910486120317627
66,none,15000000.0,1.11,0.9764977269132861,0.045322978786657475,-0.010328763323557158,-0.05565174211021463
67,none,100.0,1.04,0.9556659685312642,0.01703333929878037,-0.01969387903491181,-0.03672721833369218
67,none,1000.0,1.04,0.98655470767009,0.01703333929878037,-0.005878826701235401,-0.02291216600001577
67,none,10000.0,1.04,1.0104183312553845,0.01703333929878037,0.004501216694980911,-0.012532122603799458
67,none,100000.0,1.04,1.02222640879107,0.01703333929878037,0.0095470965801683,-0.00748624271861207
67,none,15000000.0,1.04,0.958832194487634,0.01703333929878037,-0.018257392187829746,-0.03529073148661012
68,none,100.0,1.24,1.1064343213154721,0.09342168516223506,0.043925639016235626,-0.04949604614599944
68,none,1000.0,1.24,1.1426290374621182,0.09342168516223506,0.05790525652597142,-0.03551642863626364
68,none,10000.0,1.24,1.1666922085911897,0.09342168516223506,0.06695629756957246,-0.026465387592662606
68,none,100000.0,1.24,1.172200747896627,0.09342168516223506,0.06900199413762743,-0.02441969102460763
68,none,15000000.0,1.24,1.1066409111679814,0.09342168516223506,0.04400672151348258,-0.04941496364875248
69,none,100.0,1.33,1.1663607180866193,0.12385164096708581,0.0668328845974441,-0.05701875636964171
69,none,1000.0,1.33,1.1950147344053785,0.12385164096708581,0.07737326012223174,-0.046478380844854075
69,none,10000.0,1.33,1.218314728443641,0.12385164096708581,0.08575949451187129,-0.038092146455214526
69,none,100000.0,1.33,1.2248097750042826,0.12385164096708581,0.08806864373648172,-0.03578299723060409
69,none,15000000.0,1.33,1.1695338975985619,0.12385164096708581,0.06801281385501336,-0.055838827112072456
70,none,100.0,1.6,1.3787981575270296,0.2041199826559248,0.13950069439330867,-0.06461928826261612
70,none,1000.0,1.6,1.3922819599146758,0.2041199826559248,0.14372719593172043,-0.06039278672420437
70,none,10000.0,1.6,1.4012064672116353,0.2041199826559248,0.14650213311885266,-0.057617849537072136
70,none,100000.0,1.6,1.4081638007232762,0.2041199826559248,0.148653175837798,-0.055466806818126796
70,none,15000000.0,1.6,1.368680780555954,0.2041199826559248,0.1363021687995414,-0.06781781385638339
71,none,100.0,2.35,2.3005146698463013,0.37106786227173627,0.36182500700441667,-0.009242855267319605
71,none,1000.0,2.35,2.2819117557283146,0.37106786227173627,0.35829884571705095,-0.01276901655468532
71,none,10000.0,2.35,2.2766847645788473,0.37106786227173627,0.35730290128638875,-0.013764960985347519
71,none,100000.0,2.35,2.2812834000237543,0.37106786227173627,0.3581792403056787,-0.012888621966057556
71,none,15000000.0,2.35,2.276306752734684,0.37106786227173627,0.3572307867402636,-0.013837075531472676
72,none,100.0,1.21,1.1098973963106689,0.08278537031645007,0.04528283259232862,-0.03750253772412145
72,none,1000.0,1.21,1.139780564829878,0.08278537031645007,0.05682124725169007,-0.02596412306476
72,none,10000.0,1.21,1.168611028767598,0.08278537031645007,0.06766998064813914,-0.015115389668310927
72,none,100000.0,1.21,1.1910828361936103,0.08278537031645007,0.07594196639526395,-0.006843403921186125
72,none,15000000.0,1.21,1.1365141698133219,0.08278537031645007,0.05557485478459064,-0.02721051553185943
73,none,100.0,1.31,1.1715141303378838,0.11727129565576427,0.06874753125202622,-0.048523764403738054
73,none,1000.0,1.31,1.2000547598438813,0.11727129565576427,0.07920106384380979,-0.038070231811954486
73,none,10000.0,1.31,1.2258134839553156,0.11727129565576427,0.08842439428414445,-0.028846901371619826
73,none,100000.0,1.31,1.2475451536298234,0.11727129565576427,0.09605627342759941,-0.021215022228164862
73,none,15000000.0,1.31,1.2062400844558785,0.11727129565576427,0.08143375637564489,-0.03583753928011939
74,none,100.0,1.56,1.391624015858958,0.1931245983544616,0.14352191494837827,-0.04960268340608334
74,none,1000.0,1.56,1.4002547085075734,0.1931245983544616,0.1462070417052983,-0.046917556649163306
74,none,10000.0,1.56,1.4078392417426224,0.1931245983544616,0.14855306644668684,-0.04457153190777477
74,none,100000.0,1.56,1.4141636092759613,0.1931245983544616,0.15049965733592177,-0.042624941018539836
74,none,15000000.0,1.56,1.3964485212064648,0.1931245983544616,0.14502493046448778,-0.04809966788997383
75,none,100.0,2.33,2.265534603843098,0.367355921026019,0.35517069999273204,-0.012185221033286953
75,none,1000.0,2.33,2.2481206256976156,0.367355921026019,0.3518196101307327,-0.015536310895286287
75,none,10000.0,2.33,2.237244565028386,0.367355921026019,0.34971346171697726,-0.017642459309041736
75,none,100000.0,2.33,2.2424286627075483,0.367355921026019,0.35071863593675023,-0.01663728508926876
75,none,15000000.0,2.33,2.256127256856657,0.367355921026019,0.3533635923821979,-0.013992328643821106
76,none,100.0,1.42,1.3126162282800136,0.15228834438305647,0.11813776927096765,-0.03415057511208881
76,none,1000.0,1.42,1.3343707706840306,0.15228834438305647,0.12527652020188712,-0.027011824181169347
76,none,10000.0,1.42,1.3498881575028236,0.15228834438305647,0.13029778731611263,-0.021990557066943833
76,none,100000.0,1.42,1.3604193224285106,0.15228834438305647,0.13367279171443675,-0.018615552668619723
76,none,15000000.0,1.42,1.3601249015619314,0.15228834438305647,0.1335787918764013,-0.01870955250665518
77,none,100.0,3.1,3.0065540890281746,0.4913616938342727,0.4780690213713282,-0.013292672462944521
77,none,1000.0,3.1,2.9872132414665145,0.4913616938342727,0.4752662257131625,-0.01609546812111018
77,none,10000.0,3.1,2.970316355696524,0.4913616938342727,0.4728027066291878,-0.01855898720508492
77,none,100000.0,3.1,2.951764667054873,0.4913616938342727,0.470081729887613,-0.021279963946659708
77,none,15000000.0,3.1,2.920942738326625,0.4913616938342727,0.4655230432205446,-0.025838650613728087
78,none,100.0,1.47,1.3372816643392715,0.1673173347481761,0.12622288997330686,-0.04109444477486923
78,none,1000.0,1.47,1.3422350264212135,0.1673173347481761,0.12782856780091992,-0.03948876694725617
78,none,10000.0,1.47,1.3403673890416599,0.1673173347481761,0.12722385296542404,-0.040093481782752044
78,none,100000.0,1.47,1.3429756845671499,0.1673173347481761,0.12806814956081541,-0.039249185187360675
78,none,15000000.0,1.47,1.395787345888963,0.1673173347481761,0.14481925672416218,-0.022498078024013907
79,none,100.0,3.15,2.9834363002780484,0.4983105537896005,0.4747167696032528,-0.023593784186347666
79,none,1000.0,3.15,2.9788071629818327,0.4983105537896005,0.4740423894978201,-0.02426816429178036
79,none,10000.0,3.15,2.9708145055715027,0.4983105537896005,0.47287553577482444,-0.025435018014776045
79,none,100000.0,3.15,2.9429165397242314,0.4983105537896005,0.46877794580630905,-0.029532607983291437
79,none,15000000.0,3.15,2.8799551314711485,0.4983105537896005,0.4593857216806601,-0.03892483210894038
80,none,100.0,1.54,1.4750906691369183,0.18752072083646307,0.1688187158366394,-0.018702004999823663
80,none,1000.0,1.54,1.472813202912944,0.18752072083646307,0.16814766871060777,-0.0193730521258553
80,none,10000.0,1.54,1.4779485067694274,0.18752072083646307,0.16965930306052052,-0.01786141777594255
80,none,100000.0,1.54,1.483062075117709,0.18752072083646307,0.1711593292595894,-0.016361391576873663
80,none,15000000.0,1.54,1.504686469586862,0.18752072083646307,0.1774460157347786,-0.010074705101684456
81,none,100.0,3.22,3.201073850755204,0.5078558716958309,0.5052956937022376,-0.0025601779935933155
81,none,1000.0,3.22,3.1747420753027957,0.5078558716958309,0.5017084477940316,-0.006147423901799343
81,none,10000.0,3.22,3.151726763799707,0.5078558716958309,0.4985485596685098,-0.009307312027321102
81,none,100000.0,3.22,3.128820098742434,0.5078558716958309,0.4953805927500371,-0.01247527894579381
81,none,15000000.0,3.22,3.054173220769549,0.5078558716958309,0.48489366490474534,-0.02296220679108557
82,bsa,100.0,10.35,10.98085407824381,1.0149403497929366,1.040636120354793,0.025695770561856346
82,bsa,1000.0,10.35,10.552941593686464,1.0149403497929366,1.0233735344998514,0.008433184706914787
82,bsa,10000.0,10.35,10.200028307578231,1.0149403497929366,1.008601377037208,-0.006338972755728589
82,bsa,100000.0,10.35,9.765975127131513,1.0149403497929366,0.9897156138490582,-0.025224735943878418
82,bsa,15000000.0,10.35,8.807790088034103,1.0149403497929366,0.9448669557485733,-0.0700733940443633
83,bgg,100.0,18.06,17.35921704618714,1.256717745977487,1.2395301332720026,-0.017187612705484412
83,bgg,1000.0,18.06,15.919216469723434,1.256717745977487,1.201921688323158,-0.054796057654328933
83,bgg,10000.0,14.95,14.438568555795992,1.1746411926604485,1.159524139276963,-0.015117053383485457
83,bgg,100000.0,12.43,12.429675742855421,1.0944711286416449,1.0944597992027516,-1.1329438893259436e-05
83,bgg,15000000.0,9.5,9.342507432652075,0.9777236052888477,0.9704634520350279,-0.00726015325381979
84,poly-higg,100.0,19.09,19.12824945494499,1.2808059283936668,1.2816752268571783,0.0008692984635114698
84,poly-higg,1000.0,19.09,17.57362396584551,1.2808059283936668,1.2448613292858233,-0.03594459910784353
84,poly-higg,10000.0,19.09,15.427647165229542,1.2808059283936668,1.1882996978666724,-0.09250623052699436
84,poly-higg,100000.0,16.72,13.49622718211406,1.2232362731029975,1.1302123801255348,-0.09302389297746272
84,poly-higg,15000000.0,9.3,10.645548600673498,0.9684829485539351,1.0271680469961493,0.058685098442214145
85,bsa,100.0,4.95,4.784270830564191,0.6946051989335688,0.6798157564507437,-0.0147894424828251
85,bsa,1000.0,4.95,4.7150349637842615,0.6946051989335688,0.6734849175446667,-0.021120281388902096
85,bsa,10000.0,4.95,4.682840180317396,0.6946051989335688,0.67050933608858,-0.02409586284498877
85,bsa,100000.0,4.95,4.637398794912765,0.6946051989335688,0.6662744448246054,-0.028330754108963352
85,bsa,15000000.0,4.3,4.5088615832841965,0.6334684555795865,0.6540669031844647,0.020598447604878167
86,bgg,100.0,5.75,5.596360442231957,0.7596678446896304,0.7479056781270161,-0.011762166562614307
86,bgg,1000.0,5.75,5.495491064277212,0.7596678446896304,0.7400065060365012,-0.019661338653129246
86,bgg,10000.0,5.75,5.417155923501487,0.7596678446896304,0.7337713361856393,-0.025896508503991167
86,bgg,100000.0,5.75,5.234719008032654,0.7596678446896304,0.718893374355625,-0.0407744703340055
86,bgg,15000000.0,5.7,4.895080638626573,0.7558748556724915,0.689759850505263,-0.06611500516722846
87,poly-higg,100.0,5.87,5.647157901900815,0.7686381012476144,0.7518299313468422,-0.016808169900772274
87,poly-higg,1000.0,5.06,5.468759513146661,0.7041505168397991,0.7378888258413154,0.03373830900151631
87,poly-higg,10000.0,5.06,5.300726725507807,0.7041505168397991,0.7243354151181042,0.020184898278305052
87,poly-higg,100000.0,5.06,5.02421642175137,0.7041505168397991,0.7010683386805717,-0.0030821781592274
87,poly-higg,15000000.0,4.4,4.665642270756895,0.6434526764861874,0.6689114370312221,0.02545876054503471
88,bgg,100.0,2.42,2.5177547618101523,0.38381536598043126,0.4010134260182916,0.01719806003786034
88,bgg,1000.0,2.42,2.439304673716992,0.38381536598043126,0.38726604789484437,0.003450681914413112
88,bgg,10000.0,2.42,2.367743392417035,0.38381536598043126,0.3743346333144001,-0.009480732666031166
88,bgg,100000.0,2.42,2.3072948291201416,0.38381536598043126,0.3631030927780961,-0.020712273202335152
88,bgg,15000000.0,2.4,2.2218867497890225,0.38021124171160603,0.34672191905348043,-0.0334893226581256
89,bsa,100.0,2.76,2.813393129575009,0.4409090820652177,0.44923042255829837,0.008321340493080698
89,bsa,1000.0,2.65,2.7294073796379683,0.42324587393680785,0.4360683614393317,0.01282248750252385
89,bsa,10000.0,2.42,2.6317987808238024,0.38381536598043126,0.42025268140144945,0.03643731542101819
89,bsa,100000.0,2.42,2.478676837714746,0.38381536598043126,0.39421990847581173,0.010404542495380475
89,bsa,15000000.0,2.0,2.181093397115126,0.3010299956639812,0.3386742630033945,0.037644267339413284
90,poly-higg,100.0,3.45,3.0426380969054385,0.5378190950732742,0.4832502987715968,-0.05456879630167738
90,poly-higg,1000.0,2.88,2.8830139380626143,0.45939248775923086,0.4598467420097997,0.00045425425056883073
90,poly-higg,10000.0,2.71,2.7007456630082474,0.4329692908744057,0.4314836873518594,-0.0014856035225463415
90,poly-higg,100000.0,2.71,2.5233372494055812,0.4329692908744057,0.4019752987806408,-0.03099399209376491
90,poly-higg,15000000.0,2.7,2.204907968716134,0.43136376415898736,0.34339046704065285,-0.08797329711833451
91,bgg,100.0,4.72,5.8142783666921565,0.6739419986340878,0.7644958203866518,0.09055382175256399
91,bgg,1000.0,4.72,5.57067205629935,0.6739419986340878,0.7459075924332865,0.07196559379919876
91,bgg,10000.0,4.72,5.352328479961289,0.6739419986340878,0.7285427588436573,0.0546007602095695
91,bgg,100000.0,4.2,4.781269052692085,0.6232492903979004,0.6795431831042396,0.05629389270633911
91,bgg,15000000.0,2.7,3.2262435390801034,0.43136376415898736,0.5086971478286649,0.07733338366967757
92,bgg,100.0,2.88,2.944456699620509,0.45939248775923086,0.4690051720861007,0.009612684326869847
92,bgg,1000.0,2.88,2.843754198523005,0.45939248775923086,0.45389205519469167,-0.005500432564539193
92,bgg,10000.0,2.88,2.72510424664464,0.45939248775923086,0.4353831205123155,-0.02400936724691538
92,bgg,100000.0,2.53,2.4770293682980444,0.40312052117581787,0.39393115572357335,-0.009189365452244525
92,bgg,15000000.0,1.8,1.8557075603062296,0.25527250510330607,0.2685095371026278,0.013237031999321747
93,bgg,100.0,1.92,1.9381262141714677,0.28330122870354957,0.28738205565250297,0.004080826948953398
93,bgg,1000.0,1.92,1.9476807900973778,0.28330122870354957,0.28951778084909435,0.006216552145544785
93,bgg,10000.0,1.92,1.9537914455376184,0.28330122870354957,0.2908782037603845,0.0075769750568349115
93,bgg,100000.0,1.92,1.9165372230600881,0.28330122870354957,0.28251725855651166,-0.0007839701470379046
93,bgg,15000000.0,1.9,1.6130327311545514,0.2787536009528289,0.20764318004586435,-0.07111042090696457
94,bgg,100.0,1.61,1.683584424137447,0.20682587603184974,0.22623489917241565,0.019409023140565917
94,bgg,1000.0,1.61,1.721001419712462,0.20682587603184974,0.23578122859196105,0.028955352560111308
94,bgg,10000.0,1.61,1.7504525047502215,0.20682587603184974,0.24315033149366533,0.03632445546181559
94,bgg,100000.0,1.61,1.7496776937378486,0.20682587603184974,0.24295805513044133,0.036132179098591594
94,bgg,15000000.0,1.6,1.540500807677365,0.2041199826559248,0.1876619303515838,-0.016458052304340998
95,bgg,100.0,8.05,6.796765069929463,0.9057958803678685,0.8323022588002138,-0.07349362156765471
95,bgg,1000.0,7.25,6.584314632159476,0.8603380065709937,0.8185105755070518,-0.04182743106394193
95,bgg,10000.0,6.9,6.260374614166743,0.8388490907372553,0.7966003217084613,-0.04224876902879404
95,bgg,100000.0,5.8,5.518742008225941,0.7634279935629372,0.7418400920136687,-0.021587901549268484
95,bgg,15000000.0,4.25,3.559791303383104,0.6283889300503115,0.5514245377352717,-0.07696439231503982
96,poly-higg,100.0,6.33,6.064858642760801,0.8014037100173551,0.7828206829627913,-0.018583027054563828
96,poly-higg,1000.0,5.98,5.843075759135759,0.7767011839884109,0.7666415172466559,-0.010059666741755069
96,poly-higg,10000.0,5.98,5.42032462325778,0.7767011839884109,0.7340252972150951,-0.042675886773315796
96,poly-higg,100000.0,5.28,4.862157363049671,0.7226339225338123,0.6868290106155394,-0.03580491191827295
96,poly-higg,15000000.0,3.7,3.466970229735333,0.568201724066995,0.5399501124619406,-0.028251611605054405
97,poly-higg,100.0,2.86,2.615387912695726,0.456366033129043,0.41753611226602216,-0.03882992086302084
97,poly-higg,1000.0,2.86,2.5059582947676864,0.456366033129043,0.3989738390033123,-0.05739219412573071
97,poly-higg,10000.0,2.86,2.4190744588999338,0.456366033129043,0.3836492361137186,-0.07271679701532441
97,poly-higg,100000.0,2.6,2.23892034448912,0.414973347970818,0.3500386426794293,-0.06493470529138867
97,poly-higg,15000000.0,1.68,1.7430480069478322,0.22530928172586284,0.2413093485933097,0.01600006686744687
98,poly-higg,100.0,1.61,1.6933376666598816,0.20682587603184974,0.2287435689446113,0.02191769291276155
98,poly-higg,1000.0,1.61,1.6933580851925087,0.20682587603184974,0.22874880570439035,0.021922929672540614
98,poly-higg,10000.0,1.61,1.6844464984939878,0.20682587603184974,0.22645722144487246,0.01963134541302272
98,poly-higg,100000.0,1.61,1.6448524615383664,0.20682587603184974,0.21612694908639035,0.009301073054540615
98,poly-higg,15000000.0,1.6,1.4494101154497876,0.2041199826559248,0.1611912879389967,-0.04292869471692809
99,poly-higg,100.0,1.32,1.431187774494278,0.12057393120584989,0.15569661774073723,0.03512268653488734
99,poly-higg,1000.0,1.32,1.4535005685298672,0.12057393120584989,0.16241520597871065,0.04184127477286076
99,poly-higg,10000.0,1.32,1.4611670609164316,0.12057393120584989,0.1646998733513537,0.044125942145503805
99,poly-higg,100000.0,1.32,1.4500464218992695,0.12057393120584989,0.16138190599495728,0.04080797478910739
99,poly-higg,15000000.0,1.3,1.3273584861865493,0.11394335230683679,0.12298823073706364,0.009044878430226846
100,poly-higg,100.0,7.36,7.902807725150479,0.8668778143374989,0.8977814157084301,0.030903601370931177
100,poly-higg,1000.0,7.36,7.700359341406944,0.8668778143374989,0.8865109922307659,0.019633177893267018
100,poly-higg,10000.0,7.36,7.2626406010503946,0.8668778143374989,0.8610945532013841,-0.005783261136114826
100,poly-higg,100000.0,6.6,6.11012084819078,0.8195439355418687,0.7860497999616016,-0.03349413558026704
100,poly-higg,15000000.0,4.18,3.9361130199000485,0.6211762817750351,0.5950675600881256,-0.026108721686909586
101,bgg,100.0,4.36,4.413735506511671,0.6394864892685861,0.6448063044703686,0.005319815201782485
101,bgg,1000.0,4.36,4.285960470121187,0.6394864892685861,0.6320481611791164,-0.007438328089469648
101,bgg,10000.0,4.04,4.044669425059012,0.6063813651106049,0.606883032069552,0.0005016669589470446
101,bgg,100000.0,3.47,3.709262601824126,0.5403294747908738,0.5692875808309095,0.02895810604003568
101,bgg,15000000.0,2.8,2.6149198993190033,0.4471580313422192,0.41745839002296675,-0.029699641319252457
102,bgg,100.0,6.24,7.189687441187445,0.795184589682424,0.8567100106168043,0.06152542093438029
102,bgg,1000.0,6.355421780873455,6.756643575435344,0.8031443780257402,0.8297310097486575,0.02658663172291731
102,bgg,10000.0,6.470843561746911,6.3661106232581,0.8109609005035047,0.8038741810416825,-0.007086719461822155
102,bgg,100000.0,5.97,5.920646855321959,0.7759743311293691,0.7723691577955898,-0.003605173333779299
102,bgg,15000000.0,3.85,4.4998315786020395,0.5854607295085007,0.6531962591414345,0.06773552963293383
103,bgg,100.0,2.02,2.0529704390236323,0.3053513694466238,0.31238269595542145,0.007031326508797675
103,bgg,1000.0,2.02,2.045127430794097,0.3053513694466238,0.3107203738428641,0.005369004396240329
103,bgg,10000.0,2.02,2.0427211781957846,0.3053513694466238,0.31020909152976106,0.004857722083137284
103,bgg,100000.0,2.02,2.0058701067317877,0.3053513694466238,0.30230280617387933,-0.0030485632727444423
103,bgg,15000000.0,2.0,1.7876953796096438,0.3010299956639812,0.2522935176895468,-0.04873647797443442
104,bgg,100.0,5.23,5.1943389264651065,0.7185016888672743,0.7155302835857984,-0.0029714052814758807
104,bgg,1000.0,5.23,5.057560333779517,0.7185016888672743,0.7039410723565793,-0.014560616510694957
104,bgg,10000.0,5.23,4.93570111624257,0.7185016888672743,0.6933488529099783,-0.025152835957296005
104,bgg,100000.0,4.6,4.690154480208281,0.6627578316815741,0.6711871473626596,0.008429315681085514
104,bgg,15000000.0,4.18,3.9436599776876418,0.6211762817750351,0.5958994630187063,-0.02527681875632881
105,poly-higg,100.0,3.67,5.4182523306118044,0.5646660642520893,0.7338592264705992,0.16919316221850988
105,poly-higg,1000.0,3.67,5.070902505032919,0.5646660642520893,0.705085260728656,0.14041919647656664
105,poly-higg,10000.0,3.67,4.727431371733395,0.5646660642520893,0.6746252328964899,0.10995916864440058
105,poly-higg,100000.0,3.26,4.4551413497270875,0.5132176000679389,0.6488614875945891,0.13564388752665013
105,poly-higg,15000000.0,2.96,3.605896249647027,0.4712917110589386,0.55701322686392,0.08572151580498139
106,poly-higg,100.0,6.89,7.186256266912918,0.8382192219076258,0.8565027003890477,0.018283478481421978
106,poly-higg,1000.0,6.89,6.571014663701192,0.8382192219076258,0.8176324363515877,-0.0205867855560381
106,poly-higg,10000.0,6.89,6.073546678533082,0.8382192219076258,0.7834423736279045,-0.05477684827972129
106,poly-higg,100000.0,5.53,5.630018058192898,0.7427251313046983,0.7505097878461866,0.0077846565414882996
106,poly-higg,15000000.0,4.82,4.380137100355784,0.6830470382388496,0.6414877043388322,-0.041559333900017426
107,poly-higg,100.0,3.94,4.338826535556744,0.5954962218255742,0.6373722875672354,0.04187606574166125
107,poly-higg,1000.0,3.966911893281596,4.213819274438166,0.5984525547250831,0.6246759053116284,0.026223350586545346
107,poly-higg,10000.0,3.993823786563192,4.074144658100158,0.6013888992398679,0.6100364451598052,0.008647545919937216
107,poly-higg,100000.0,4.0,3.891177686711696,0.6020599913279624,0.5900810628768504,-0.011978928451112036
107,poly-higg,15000000.0,3.64,3.4334296415056906,0.561101383649056,0.5357281521761498,-0.025373231472906266
108,poly-higg,100.0,6.24,6.338645669333712,0.795184589682424,0.8019964753633757,0.0068118856809517014
108,poly-higg,1000.0,6.24,6.060231547676851,0.795184589682424,0.7824892178886043,-0.012695371793819743
108,poly-higg,10000.0,6.24,5.872615296639849,0.795184589682424,0.7688315520061234,-0.026353037676300595
108,poly-higg,100000.0,6.24,5.588599283253102,0.795184589682424,0.7473029707161023,-0.047881618966321704
108,poly-higg,15000000.0,5.43,4.503833062211963,0.7347998295888469,0.6535822847065704,-0.0812175448822765
109,poly-higg,100.0,12.58,13.973456555587138,1.0996806411092501,1.145303849015711,0.045623207906460905
109,poly-higg,1000.0,12.31,12.577179825864356,1.0902580529313164,1.0995832704119999,0.00932521748068349
109,poly-higg,10000.0,12.31,10.818566668875993,1.0902580529313164,1.0341697257398499,-0.0560883271914665
109,poly-higg,100000.0,8.53,9.131768467298912,0.930949031167523,0.9605548915775932,0.029605860410070184
109,poly-higg,15000000.0,5.04,5.46466298001495,0.7024305364455253,0.7375633830408745,0.03513284659534921
110,poly-higg,100.0,11.66,12.6024851576365,1.0666985504229953,1.100456194627517,0.033757644204521764
110,poly-higg,1000.0,10.29,11.040706161192396,1.012415374762433,1.042996851663228,0.030581476900795046
110,poly-higg,10000.0,10.29,9.867034084630834,1.012415374762433,0.9941866284294907,-0.018228746332942247
110,poly-higg,100000.0,7.82,8.242161580928583,0.893206753059848,0.9160411242649842,0.022834371205136206
110,poly-higg,15000000.0,6.33,5.070754993965045,0.8014037100173551,0.7050726270456888,-0.09633108297166626
111,poly-higg,100.0,13.69,13.164345039475004,1.13640344813399,1.119399256695584,-0.017004191438406036
111,poly-higg,1000.0,12.77,11.678467014503216,1.1061908972634154,1.0673858384239432,-0.03880505883947216
111,poly-higg,10000.0,11.29,10.564647499034644,1.052693941924968,1.0238550109218783,-0.028838931003089652
111,poly-higg,100000.0,7.91,8.783171702767602,0.8981764834976765,0.943651372884841,0.045474889387164485
111,poly-higg,15000000.0,6.0,5.5573002637415385,0.7781512503836436,0.7448638625696397,-0.03328738781400398
112,poly-higg,100.0,12.67,12.781616367143991,1.1027766148834413,1.1065857783093322,0.0038091634258909934
112,poly-higg,1000.0,12.67,11.197052102311734,1.1027766148834413,1.0491036990796685,-0.05367291580377276
112,poly-higg,10000.0,12.67,9.721171817097225,1.1027766148834413,0.987718619146949,-0.11505799573649222
112,poly-higg,100000.0,7.72,8.148767934417533,0.8876173003357362,0.9110919498770514,0.023474649541315284
112,poly-higg,15000000.0,6.0,5.1019389504134836,0.7781512503836436,0.707735257555391,-0.07041599282825262
113,bsa,100.0,1.43,1.6044162610733657,0.1553360374650618,0.20531705499163647,0.04998101752657466
113,bsa,1000.0,1.43,1.5658387923100472,0.1553360374650618,0.19474704813443203,0.03941101066937022
113,bsa,10000.0,1.43,1.5324693421430338,0.1553360374650618,0.18539179498732788,0.03005575752226608
113,bsa,100000.0,1.43,1.4875184668964223,0.1553360374650618,0.17246236601163326,0.01712632854657145
113,bsa,15000000.0,1.4,1.3587468646185403,0.146128035678238,0.1331385549376351,-0.01298948074060291
114,bsa,100.0,2.76,2.6009481682535496,0.4409090820652177,0.41513169765309627,-0.025777384412121407
114,bsa,1000.0,2.3,2.5020997172919364,0.36172783601759284,0.3983046138332872,0.03657677781569435
114,bsa,10000.0,2.3,2.3929259380508436,0.36172783601759284,0.37892925724545273,0.017201421227859892
114,bsa,100000.0,2.21,2.2559166579408987,0.3443922736851107,0.3533230511335743,0.0089307774484636
114,bsa,15000000.0,1.92,1.80712696218842,0.28330122870354957,0.25698866558852645,-0.026312563115023113
115,bsa,100.0,3.83,4.275941234332945,0.5831987739686227,0.6310317279258184,0.04783295395719567
115,bsa,1000.0,3.83,4.0139912545399525,0.5831987739686227,0.6035764219359266,0.020377647967303902
115,bsa,10000.0,3.83,3.748194635544839,0.5831987739686227,0.573822134763329,-0.009376639205293746
115,bsa,100000.0,3.5,3.440307919684803,0.5440680443502757,0.5365973151980549,-0.007470729152220801
115,bsa,15000000.0,2.5,2.632952911760843,0.3979400086720376,0.42044309216900216,0.02250308349696456
116,bsa,100.0,12.35,10.996142395805277,1.0916669575956846,1.0412403551539757,-0.05042660244170882
116,bsa,1000.0,7.99,9.74249282806818,0.9025467793139914,0.9886700947591534,0.08612331544516194
116,bsa,10000.0,7.99,8.55131364550561,0.9025467793139914,0.9320328358008588,0.029486056486867418
116,bsa,100000.0,6.29,6.8804397359336775,0.798650645445269,0.8376161953265957,0.03896554988132672
116,bsa,15000000.0,5.5,4.474621897979427,0.7403626894942439,0.6507563436611725,-0.08960634583307137
117,bsa,100.0,1.75,1.5532535205833415,0.24303804868629444,0.19124234665224457,-0.05179570203404987
117,bsa,1000.0,1.68,1.5435044476605655,0.22530928172586284,0.18850788525423856,-0.03680139647162428
117,bsa,10000.0,1.61,1.497089316810733,0.20682587603184974,0.17524771125882652,-0.03157816477302322
117,bsa,100000.0,1.5,1.4332006806008966,0.17609125905568124,0.15630700573266046,-0.01978425332302078
117,bsa,15000000.0,1.36,1.2805004018562571,0.13353890837021754,0.10737971909802727,-0.02615918927219027
118,bsa,100.0,3.4,3.1722241242879154,0.5314789170422551,0.5013638635456062,-0.03011505349664889
118,bsa,1000.0,2.76,2.9095802108994797,0.4409090820652177,0.46383033426387293,0.022921252198655262
118,bsa,10000.0,2.3,2.6833163360478105,0.36172783601759284,0.42867187464794904,0.0669440386303562
118,bsa,100000.0,2.02,2.4929284458420673,0.3053513694466238,0.39670981319213205,0.09135844374550828
118,bsa,15000000.0,1.7,2.094256823726333,0.2304489213782739,0.3210299391803862,0.09058101780211228
119,bsa,100.0,3.76,4.35979757992029,0.5751878449276611,0.6394663259740015,0.06427848104634049
119,bsa,1000.0,3.55,4.164940016640529,0.5502283530550941,0.6196087510898383,0.06938039803474416
119,bsa,10000.0,3.22,3.8898221260111643,0.5078558716958309,0.5899297423390657,0.08207387064323479
119,bsa,100000.0,2.76,3.527362166964477,0.4409090820652177,0.5474500525337518,0.10654097046853411
119,bsa,15000000.0,2.0,2.740035095484623,0.3010299956639812,0.43775612547648274,0.13672612981250154
120,bsa,100.0,6.89,9.121531991250674,0.8382192219076258,0.9600677856388038,0.12184856373117803
120,bsa,1000.0,6.89,8.06832541002399,0.8382192219076258,0.9067834057687665,0.06856418386114072
120,bsa,10000.0,6.7,6.730974406863539,0.8260748027008264,0.8280779392450432,0.002003136544216799
120,bsa,100000.0,5.71,5.802044370949575,0.756636108245848,0.7635810457325662,0.006944937486718206
120,bsa,15000000.0,4.4,4.615726442507847,0.6434526764861874,0.6642400618396564,0.020787385353469023
121,bsa,100.0,5.32,4.65543347500516,0.7259116322950482,0.6679601250677609,-0.05795150722728726
121,bsa,1000.0,5.32,4.401252420053489,0.7259116322950482,0.6435762768775789,-0.08233535541746928
121,bsa,10000.0,5.32,4.191413364205231,0.7259116322950482,0.6223604937951155,-0.1035511384999327
121,bsa,100000.0,4.61,3.929608889446839,0.6637009253896482,0.5943493275745008,-0.06935159781514744
121,bsa,15000000.0,3.35,2.9602035959824975,0.5250448070368452,0.47132158185994655,-0.05372322517689865
122,bsa,100.0,1.47,1.4734335773222758,0.1673173347481761,0.16833056254589412,0.001013227797718036
122,bsa,1000.0,1.47,1.4740831705783115,0.1673173347481761,0.16852198793565404,0.0012046531874779498
122,bsa,10000.0,1.47,1.4667694178697201,0.1673173347481761,0.1663618463465924,-0.0009554884015836873
122,bsa,100000.0,1.47,1.4493739965383874,0.1673173347481761,0.16118046530211982,-0.0061368694460562645
122,bsa,15000000.0,1.47,1.3144831055509387,0.1673173347481761,0.11875500869026855,-0.04856232605790754
123,bsa,100.0,2.25,2.305416943083779,0.3521825181113625,0.3627494805740098,0.010566962462647322
123,bsa,1000.0,2.25,2.1582394469568285,0.3521825181113625,0.33409962603883214,-0.018082892072530332
123,bsa,10000.0,2.25,2.041755346266452,0.3521825181113625,0.3100037014472568,-0.04217881666410567
123,bsa,100000.0,2.11,1.9353364718029622,0.3242824552976926,0.2867564810572203,-0.037525974240472326
123,bsa,15000000.0,1.25,1.5939423938103017,0.09691001300805642,0.20247262163826862,0.1055626086302122
124,bsa,100.0,2.76,3.101911894210712,0.4409090820652177,0.49162945808057645,0.05072037601535878
124,bsa,1000.0,2.76,2.8681805665750235,0.4409090820652177,0.4576064889060335,0.01669740684081583
124,bsa,10000.0,2.76,2.6724146653560292,0.4409090820652177,0.4269038463572665,-0.014005235707951147
124,bsa,100000.0,2.76,2.520112569115466,0.4409090820652177,0.4014199404060633,-0.03948914165915435
124,bsa,15000000.0,2.4,1.9792561530127735,0.38021124171160603,0.2965020037268645,-0.0837092379847415
125,poly-higg,100.0,13.5,13.149873558515184,1.130333768495006,1.118921576924397,-0.011412191570609131
125,poly-higg,1000.0,12.48,11.153379131977527,1.0962145853464051,1.0474064652352502,-0.048808120111154984
125,poly-higg,10000.0,11.02,9.077535003372496,1.0421815945157662,0.9579679322466995,-0.08421366226906668
125,poly-higg,100000.0,6.54,6.405642395537295,0.8155777483242672,0.8065626898726266,-0.009015058451640634
125,poly-higg,15000000.0,4.35,4.118425988502474,0.6384892569546373,0.6147312657612988,-0.023757991193338546
126,poly-higg,100.0,1.84,1.7723052375133423,0.2648178230095365,0.24853852090974898,-0.016279302099787507
126,poly-higg,1000.0,1.84,1.7501412026344674,0.2648178230095365,0.24307308928692306,-0.02174473372261343
126,poly-higg,10000.0,1.84,1.7137395826781239,0.2648178230095365,0.2339448278564122,-0.030872995153124277
126,poly-higg,100000.0,1.84,1.6565674793978593,0.2648178230095365,0.21920913133373104,-0.045608691675805446
126,poly-higg,15000000.0,1.8,1.4731423048320578,0.25527250510330607,0.1682447015053487,-0.08702780359795736
127,poly-higg,100.0,2.44,2.6806666383730127,0.3873898263387294,0.4282428094633784,0.04085298312464897
127,poly-higg,1000.0,2.44,2.536195860702894,0.3873898263387294,0.4041827894060388,0.016792963067309374
127,poly-higg,10000.0,2.44,2.409965940908992,0.3873898263387294,0.3820109049068994,-0.005378921431830053
127,poly-higg,100000.0,2.35,2.2611597564850134,0.37106786227173627,0.35433124740013644,-0.01673661487159983
127,poly-higg,15000000.0,2.2,1.8608289928491506,0.3424226808222063,0.2697064640096468,-0.07271621681255946
128,poly-higg,100.0,4.59,6.005061848242265,0.6618126855372612,0.7785174847134475,0.11670479917618626
128,poly-higg,1000.0,4.59,5.442581269876112,0.6618126855372612,0.7358049227467052,0.07399223720944392
128,poly-higg,10000.0,4.59,4.783982153180575,0.6618126855372612,0.6797895508320155,0.017976865294754285
128,poly-higg,100000.0,3.51,4.184766152835241,0.5453071164658241,0.6216711943792703,0.07636407791344624
128,poly-higg,15000000.0,2.77,3.186687365219692,0.4424797690644486,0.5033394584470762,0.06085968938262759
129,bgg,100.0,18.37,14.586859946179896,1.2641091563058084,1.1639618131534686,-0.10014734315233986
129,bgg,1000.0,15.62,13.240506835583869,1.1936810295412814,1.1219046098532526,-0.07177641968802884
129,bgg,10000.0,15.16,11.143435908615762,1.1806992012960347,1.0470191195702534,-0.13368008172578127
129,bgg,100000.0,10.06,7.526247490675015,1.0025979807199086,0.876578495417174,-0.12601948530273455
129,bgg,15000000.0,4.58,4.208933918020746,0.6608654780038692,0.6241721072010431,-0.036693370802826086
130,bgg,100.0,1.75,2.2310895035973446,0.24303804868629444,0.34851699302643896,0.10547894434014451
130,bgg,1000.0,1.71,2.167282023990824,0.23299611039215382,0.3359154288525831,0.10291931846042926
130,bgg,10000.0,1.66,2.102483020066519,0.22010808804005508,0.3227324970639133,0.10262440902385825
130,bgg,100000.0,1.66,1.995169619519034,0.22010808804005508,0.299979823175519,0.07987173513546394
130,bgg,15000000.0,1.44,1.7248929183036577,0.15836249209524964,0.23676213915809063,0.078399647062841
131,bgg,100.0,2.67,3.000478370133966,0.42651126136457523,0.47719050036879695,0.05067923900422172
131,bgg,1000.0,2.67,2.836411084435334,0.42651126136457523,0.4527691738889664,0.02625791252439119
131,bgg,10000.0,2.67,2.7175783910737925,0.42651126136457523,0.4341820805668866,0.007670819202311385
131,bgg,100000.0,2.46,2.510760856061364,0.39093510710337914,0.3998053491769096,0.008870242073530432
131,bgg,15000000.0,2.16,2.029343372417777,0.3344537511509309,0.3073555374864445,-0.027098213664486392
132,bgg,100.0,5.05,5.810052618683823,0.7032913781186614,0.7641800655918023,0.06088868747314091
132,bgg,1000.0,5.05,5.4274951302983645,0.7032913781186614,0.7345994424653802,0.031308064346718845
132,bgg,10000.0,5.05,5.120240202066168,0.7032913781186614,0.7092903351916381,0.005998957072976707
132,bgg,100000.0,4.65,4.521381475614579,0.667452952889954,0.6552711506452583,-0.012181802244695672
132,bgg,15000000.0,4.23,3.1249735054764285,0.6263403673750424,0.49484633960836116,-0.13149402776668123
133,bsa,100.0,5.05,5.359610451315718,0.7032913781186614,0.7291332253285874,0.025841847209925994
133,bsa,1000.0,5.05,4.934715743692538,0.7032913781186614,0.6932621408959687,-0.010029237222692666
133,bsa,10000.0,5.05,4.7129878246678425,0.7032913781186614,0.6732963178232043,-0.029995060295457066
133,bsa,100000.0,4.74,4.543715728811374,0.6757783416740851,0.6574111525290026,-0.018367189145082508
133,bsa,15000000.0,4.11,3.9695278747908858,0.6138418218760693,0.5987388559907868,-0.015102965885282482
134,bsa,100.0,6.7,6.865489129829444,0.8260748027008264,0.8366714838624394,0.010596681161612942
134,bsa,1000.0,6.7,6.666816992582966,0.8260748027008264,0.8239185336913017,-0.002156269009524703
134,bsa,10000.0,6.7,6.476366774426205,0.8260748027008264,0.8113314360663357,-0.014743366634490718
134,bsa,100000.0,6.15,6.259795584087902,0.7888751157754168,0.7965601513969889,0.007685035621572078
134,bsa,15000000.0,5.59,5.227570216020451,0.7474118078864233,0.7182998749139895,-0.02911193297243375
135,poly-higg,100.0,10.97,10.297845213605667,1.040206627574711,1.0127463596817246,-0.0274602678929865
135,poly-higg,1000.0,10.11,8.935638320268625,1.0047511555910011,0.9511255819192792,-0.05362557367172194
135,poly-higg,10000.0,9.46,7.505202056168576,0.9758911364017928,0.875362388877464,-0.10052874752432883
135,poly-higg,100000.0,6.54,6.216906040814149,0.8155777483242672,0.7935743037097518,-0.02200344461451542
135,poly-higg,15000000.0,4.17,4.578684365725516,0.6201360549737575,0.6607407062164103,0.04060465124265289
136,poly-higg,100.0,11.02,11.005715313294385,1.0421815945157662,1.04161827465137,-0.0005633198643961723
136,poly-higg,1000.0,10.11,9.935151759819,1.0047511555910011,0.9971745053611422,-0.007576650229858983
136,poly-higg,10000.0,9.19,8.591459909084849,0.9633155113861113,0.9340669678577349,-0.02924854352837636
136,poly-higg,100000.0,6.88,7.656650177985198,0.8375884382355113,0.884038805218365,0.04645036698285365
136,poly-higg,15000000.0,5.75,6.098658056337585,0.7596678446896304,0.7852342837251631,0.025566439035532684
137,bgg,100.0,9.65,10.07294282308059,0.9845273133437926,1.0031563687775207,0.01862905543372806
137,bgg,1000.0,9.65,9.053995687639622,0.9845273133437926,0.956840283307592,-0.027687030036200655
137,bgg,10000.0,9.65,7.987310855992423,0.9845273133437926,0.9024005869509475,-0.08212672639284513
137,bgg,100000.0,6.71,6.510598350025361,0.8267225201689921,0.8136209038021095,-0.013101616366882562
137,bgg,15000000.0,4.65,4.3436854489111365,0.667452952889954,0.6378583679739014,-0.029594584916052602
138,bgg,100.0,12.31,10.474338683236427,1.0902580529313164,1.020126612517792,-0.07013144041352448
138,bgg,1000.0,10.11,9.756160927302842,1.0047511555910011,0.9892789553628076,-0.015472200228193511
138,bgg,10000.0,10.11,8.701335249724513,1.0047511555910011,0.9395859017096377,-0.0651652538813634
138,bgg,100000.0,7.55,7.7092402967521645,0.8779469516291882,0.8870115828259866,0.009064631196798345
138,bgg,15000000.0,6.24,6.109628464381492,0.795184589682424,0.7860148009504111,-0.009169788732012907
139,bgg,100.0,15.62,12.435832260464116,1.1936810295412814,1.0946748554710148,-0.09900617407026657
139,bgg,1000.0,15.62,11.427460294502556,1.1936810295412814,1.0579497209779163,-0.13573130856336513
139,bgg,10000.0,13.78,10.412984441997295,1.139249217571607,1.0175752195137315,-0.12167399805787538
139,bgg,100000.0,8.64,7.117348731893965,0.9365137424788933,0.8523182456676959,-0.08419549681119742
139,bgg,15000000.0,4.14,3.599424600755963,0.617000341120899,0.556233080575823,-0.060767260545075974
140,bgg,100.0,6.43,7.099276588981531,0.8082109729242221,0.8512140966880972,0.04300312376387516
140,bgg,1000.0,5.97,6.656597671586191,0.7759743311293691,0.8232523087482334,0.04727797761886432
140,bgg,10000.0,5.97,5.707434576976889,0.7759743311293691,0.756440941972037,-0.01953338915733205
140,bgg,100000.0,4.61,4.418674533976799,0.6637009253896482,0.6452920139398834,-0.018408911449764753
140,bgg,15000000.0,3.45,2.9944327570425893,0.5378190950732742,0.4763145650164066,-0.06150453005686757
141,bgg,100.0,2.76,2.9813500577117815,0.4409090820652177,0.47441297207656563,0.03350389001134796
141,bgg,1000.0,2.76,2.8203384669113207,0.4409090820652177,0.45030123083396983,0.009392148768752162
141,bgg,10000.0,2.76,2.6891891710262943,0.4409090820652177,0.4296213537454876,-0.011287728319730073
141,bgg,100000.0,2.46,2.514762987169604,0.39093510710337914,0.4004970596842363,0.00956195258085718
141,bgg,15000000.0,2.0,2.048942957401822,0.3010299956639812,0.3115298678055565,0.010499872141575328
142,bgg,100.0,2.02,2.1197126808503635,0.3053513694466238,0.32627699792042214,0.020925628473798363
142,bgg,1000.0,2.02,2.1071451176123572,0.3053513694466238,0.32369444619567594,0.018343076749052167
142,bgg,10000.0,2.02,2.0761711872857087,0.3053513694466238,0.3172631596910855,0.011911790244461706
142,bgg,100000.0,2.02,2.042112465139208,0.3053513694466238,0.3100796562838867,0.004728286837262896
142,bgg,15000000.0,1.76,1.8385691114338045,0.24551266781414982,0.26447995955174397,0.01896729173759415
143,bsa,100.0,4.04,4.665626799636995,0.6063813651106049,0.6689099969222829,0.062528631811678
143,bsa,1000.0,4.04,4.320269268563077,0.6063813651106049,0.6355108158442438,0.02912945073363893
143,bsa,10000.0,4.04,4.08296100874677,0.6063813651106049,0.6109752325394614,0.00459386742885648
143,bsa,100000.0,4.04,3.8889637833644692,0.6063813651106049,0.5898338987251913,-0.0165474663854136
143,bsa,15000000.0,4.0,3.1894433935353868,0.6020599913279624,0.5037148986660126,-0.0983450926619498
144,bsa,100.0,3.04,3.4529161612355757,0.48287358360875376,0.5381860335609249,0.055312449952171105
144,bsa,1000.0,3.04,3.223493881916238,0.48287358360875376,0.5083268502714804,0.025453266662726626
144,bsa,10000.0,3.04,2.9577033311500243,0.48287358360875376,0.47095461046346543,-0.011918973145288336
144,bsa,100000.0,2.76,2.7446473744126525,0.4409090820652177,0.43848655527642655,-0.002422526788791124
144,bsa,15000000.0,1.5,2.1938747120823274,0.17609125905568124,0.34121182223370494,0.1651205631780237
145,bsa,100.0,2.48,2.5546944394163362,0.3944516808262163,0.4073389627050922,0.01288728187887589
145,bsa,1000.0,2.48,2.438562283631278,0.3944516808262163,0.38713385244016973,-0.007317828386046554
145,bsa,10000.0,2.48,2.348223581208753,0.3944516808262163,0.3707394449871957,-0.0237122358390206
145,bsa,100000.0,2.21,2.225472583464649,0.3443922736851107,0.3474222483946104,0.003029974709499672
145,bsa,15000000.0,1.5,1.787803253595868,0.17609125905568124,0.25231972330827485,0.07622846425259361
146,bsa,100.0,1.84,1.753689982900237,0.2648178230095365,0.24395282129015322,-0.02086500171938327
146,bsa,1000.0,1.84,1.7552666956807423,0.2648178230095365,0.24434311263252584,-0.020474710377010652
146,bsa,10000.0,1.84,1.7471669292378464,0.2648178230095365,0.24233440068041096,-0.022483422329125535
146,bsa,100000.0,1.76,1.6961287788510793,0.24551266781414982,0.22945882305111173,-0.01605384476303809
146,bsa,15000000.0,1.3,1.4931291346016817,0.11394335230683679,0.17409736969400944,0.060154017387172645
147,poly-higg,100.0,9.19,10.541249718014456,0.9633155113861113,1.0228921017174892,0.059576590331377965
147,poly-higg,1000.0,9.19,9.09105761722678,0.9633155113861113,0.958614410241434,-0.0047011011446772555
147,poly-higg,10000.0,9.19,7.692164136490001,0.9633155113861113,0.8860485427026034,-0.07726696868350791
147,poly-higg,100000.0,5.87,5.902732098664014,0.7686381012476144,0.771053072783763,0.002414971536148558
147,poly-higg,15000000.0,3.4,3.962857826555295,0.5314789170422551,0.5980084916503403,0.06652957460808517
148,poly-higg,100.0,4.59,6.661804276336572,0.6618126855372612,0.8235918689802456,0.16177918344298436
148,poly-higg,1000.0,4.59,5.863743887659448,0.6618126855372612,0.7681749932488141,0.10636230771155286
148,poly-higg,10000.0,4.59,5.1104780898524895,0.6618126855372612,0.70846153067726,0.046648845139998785
148,poly-higg,100000.0,3.77,4.398870744167357,0.5763413502057929,0.6433412009130767,0.06699985070728376
148,poly-higg,15000000.0,3.4,3.163716886582603,0.5314789170422551,0.500197612595481,-0.03128130444677413
149,poly-higg,100.0,2.71,2.7096593579557866,0.4329692908744057,0.43291469742100586,-5.459345339986488e-05
149,poly-higg,1000.0,2.71,2.554980682666497,0.4329692908744057,0.40738762093137343,-0.025581669943032292
149,poly-higg,10000.0,2.71,2.4142460350952795,0.4329692908744057,0.38278152683814803,-0.05018776403625769
149,poly-higg,100000.0,2.39,2.284003202625667,0.3783979009481377,0.3586967085412709,-0.019701192406866797
149,poly-higg,15000000.0,2.28,1.8241052937534956,0.35793484700045375,0.2610499037162417,-0.09688494328421204
150,poly-higg,100.0,1.47,1.8624257697184807,0.1673173347481761,0.2700789721886028,0.10276163744042668
150,poly-higg,1000.0,1.47,1.7966211000454815,0.1673173347481761,0.25445649585682206,0.08713916110864597
150,poly-higg,10000.0,1.47,1.7678284163891504,0.1673173347481761,0.24744011054607504,0.08012277579789895
150,poly-higg,100000.0,1.47,1.7223558462529946,0.1673173347481761,0.2361228835278849,0.06880554877970882
150,poly-higg,15000000.0,1.4,1.5528329495010333,0.146128035678238,0.1911247377555381,0.04499670207730008
151,poly-higg,100.0,14.7,16.078831947676996,1.167317334748176,1.2062544960850863,0.038937161336910275
151,poly-higg,1000.0,12.12,13.966653897874577,1.0835026198302673,1.1450923711999637,0.061589751369696355
151,poly-higg,10000.0,12.12,12.288454650097112,1.0835026198302673,1.089497271077382,0.005994651247114735
151,poly-higg,100000.0,10.06,10.159739794786997,1.0025979807199086,1.0068825851983656,0.004284604478457021
151,poly-higg,15000000.0,4.0,4.392926219418509,0.6020599913279624,0.6427539092137626,0.040693917885800235
152,poly-higg,100.0,14.38,15.662171506545766,1.1577588860468637,1.1948519753419933,0.037093089295129555
152,poly-higg,1000.0,14.38,14.0685320571229,1.1577588860468637,1.1482487845171736,-0.009510101529690118
152,poly-higg,10000.0,14.38,12.68742680743722,1.1577588860468637,1.1033735498608097,-0.05438533618605401
152,poly-higg,100000.0,12.6,10.022780498734091,1.100370545117563,1.0009882193099635,-0.09938232580759943
152,poly-higg,15000000.0,3.5,4.414250340747774,0.5440680443502757,0.6448569592113155,0.1007889148610398
153,poly-higg,100.0,15.64,17.84722723406186,1.1942367487238292,1.251570753194183,0.05733400447035386
153,poly-higg,1000.0,15.64,15.90490144740254,1.1942367487238292,1.2015309824039695,0.007294233680140261
153,poly-higg,10000.0,15.64,14.156734407127974,1.1942367487238292,1.15096308439003,-0.0432736643337992
153,poly-higg,100000.0,12.6,11.289060504120052,1.100370545117563,1.052657800662439,-0.04771274445512397
153,poly-higg,15000000.0,3.81,4.934748222641377,0.5809249756756193,0.6932649992940149,0.11234002361839557
154,poly-higg,100.0,6.8,5.930230903253344,0.8325089127062363,0.7730716036604637,-0.0594373090457726
154,poly-higg,1000.0,6.8,5.553614797554609,0.8325089127062363,0.7445757535024575,-0.08793315920377875
154,poly-higg,10000.0,6.43,5.111734060975624,0.8082109729242221,0.7085682514775924,-0.09964272144662967
154,poly-higg,100000.0,5.45,4.423274056183784,0.7363965022766424,0.6457438481195772,-0.09065265415706525
154,poly-higg,15000000.0,2.21,2.7774176126914054,0.3443922736851107,0.44364118520636064,0.09924891152124993
155,poly-higg,100.0,6.8,8.704104742045818,0.8325089127062363,0.9397241085281421,0.10721519582190586
155,poly-higg,1000.0,6.34,7.840236604145723,0.8020892578817327,0.8943291691033637,0.092239911221631
155,poly-higg,10000.0,6.34,6.897827265288457,0.8020892578817327,0.8387123146078663,0.03662305672613364
155,poly-higg,100000.0,5.45,5.777434683320203,0.7363965022766424,0.7617350442707556,0.025338541994113117
155,poly-higg,15000000.0,3.3,3.282547989082768,0.5185139398778874,0.5162110839592297,-0.0023028559186577535
156,poly-higg,100.0,6.67,9.765097862296908,0.8241258339165489,0.9896765999887035,0.16555076607215458
156,poly-higg,1000.0,6.67,9.142666841931154,0.8241258339165489,0.9610728943990794,0.13694706048253047
156,poly-higg,10000.0,6.67,8.569410100543443,0.8241258339165489,0.9329509270694711,0.10882509315292221
156,poly-higg,100000.0,6.09,6.584016579750676,0.7846172926328754,0.8184909158380476,0.033873623205172176
156,poly-higg,15000000.0,2.6,3.410526223761489,0.414973347970818,0.5328213931989729,0.11784804522815495
157,poly-higg,100.0,9.19,6.6661106112661646,0.9633155113861113,0.8238725156647425,-0.13944299572136876
157,poly-higg,1000.0,7.35,6.273610016629063,0.8662873390841949,0.7975175183639447,-0.06876982072025017
157,poly-higg,10000.0,7.35,5.635433536723186,0.8662873390841949,0.7509273321592431,-0.11536000692495174
157,poly-higg,100000.0,6.37,5.1028290117851185,0.8041394323353505,0.7078110160135291,-0.09632841632182132
157,poly-higg,15000000.0,2.5,3.196322327676909,0.3979400086720376,0.5046505685371128,0.10671055986507516
158,poly-higg,100.0,6.06,5.709451380652646,0.7824726241662862,0.7565943790335659,-0.0258782451327203
158,poly-higg,1000.0,4.59,5.316618331484823,0.6618126855372612,0.7256354843729398,0.06382279883567854
158,poly-higg,10000.0,4.5,4.882650103445118,0.6532125137753437,0.6886556033364185,0.03544308956107478
158,poly-higg,100000.0,3.6,4.228456812185279,0.5563025007672873,0.6261818992348623,0.06987939846757507
158,poly-higg,15000000.0,2.3,2.876014319010559,0.36172783601759284,0.45879104396807424,0.0970632079504814
159,poly-higg,100.0,6.43,8.704504454219451,0.8082109729242221,0.9397440518549677,0.13153307893074562
159,poly-higg,1000.0,5.23,7.840687249370991,0.7185016888672743,0.8943541309916443,0.17585244212437
159,poly-higg,10000.0,4.96,6.898276422683947,0.6954816764901974,0.8387405931106737,0.1432589166204763
159,poly-higg,100000.0,4.02,5.777563854911428,0.60422605308447,0.7617447540961795,0.1575187010117095
159,poly-higg,15000000.0,2.0,3.2825594305556693,0.3010299956639812,0.5162125977101033,0.2151826020461221
160,poly-higg,100.0,10.66,8.703632458102478,1.0277572046905534,0.9397005431091361,-0.08805666158141734
160,poly-higg,1000.0,10.66,7.839640248100357,1.0277572046905534,0.8942961338770903,-0.13346107081346315
160,poly-higg,10000.0,9.37,6.897160514571788,0.9717395908877783,0.8386703332503036,-0.13306925763747468
160,poly-higg,100000.0,6.71,5.77702077313655,0.8267225201689921,0.7617039291897345,-0.06501859097925755
160,poly-higg,15000000.0,3.28,3.2824905761677448,0.5158738437116791,0.5162034879300709,0.00032964421839176694
161,adalimumab,100.0,6.15,7.165044415717,0.7888751157754168,0.8552188869093599,0.06634377113394307
161,adalimumab,1000.0,6.15,6.482682335436765,0.7888751157754168,0.8117547408151492,0.0228796250397324
161,adalimumab,10000.0,6.15,5.873371858851415,0.7888751157754168,0.7688874980564305,-0.019987617718986272
161,adalimumab,100000.0,4.44,5.023092491004357,0.6473829701146199,0.7009711749668364,0.05358820485221649
161,adalimumab,15000000.0,2.54,2.3492474534736645,0.40483371661993806,0.37092876476312764,-0.03390495185681042
162,adalimumab,100.0,6.43,5.8557843177178555,0.8082109729242221,0.7675850722596943,-0.04062590066452776
162,adalimumab,1000.0,5.23,5.401451453793383,0.7185016888672743,0.73251047716965,0.01400878830237573
162,adalimumab,10000.0,5.23,4.841996694839054,0.7185016888672743,0.685024488655146,-0.0334772002121283
162,adalimumab,100000.0,3.81,4.0108602226861025,0.5809249756756193,0.6032375272088031,0.02231255153318379
162,adalimumab,15000000.0,2.28,2.2485887962252282,0.35793484700045375,0.3519100424261687,-0.006024804574285059
163,adalimumab,100.0,3.67,3.578112872577876,0.5646660642520893,0.5536540363891372,-0.011012027862952078
163,adalimumab,1000.0,3.13,3.1952380494296926,0.49554433754644844,0.5045032192088273,0.008958881662378904
163,adalimumab,10000.0,2.85,2.787614907337739,0.4548448600085102,0.4452327783321511,-0.00961208167635913
163,adalimumab,100000.0,2.44,2.3599531599122843,0.3873898263387294,0.37290338322709715,-0.014486443111632274
163,adalimumab,15000000.0,1.45,1.5278074327497821,0.16136800223497488,0.18406861852996684,0.022700616294991954
164,adalimumab,100.0,1.47,1.6722159589716823,0.1673173347481761,0.22329236385251863,0.055975029104342544
164,adalimumab,1000.0,1.47,1.6009207521086446,0.1673173347481761,0.20436983424675273,0.03705249949857664
164,adalimumab,10000.0,1.47,1.5066458963401157,0.1673173347481761,0.17801119303394194,0.010693858285765856
164,adalimumab,100000.0,1.47,1.4322847576213222,0.1673173347481761,0.1560293701850366,-0.011287964563139491
164,adalimumab,15000000.0,1.47,1.1927562468904158,0.1673173347481761,0.07655169979221477,-0.09076563495596132
165,adalimumab,100.0,1.97,2.1205062442905143,0.2944662261615929,0.3264395556718996,0.03197332951030668
165,adalimumab,1000.0,1.97,2.0621657526459525,0.2944662261615929,0.3143235700485641,0.01985734388697119
165,adalimumab,10000.0,1.97,2.004660922169899,0.2944662261615929,0.3020409245452576,0.007574698383664702
165,adalimumab,100000.0,1.76,1.8905388333030244,0.24551266781414982,0.2765856025745156,0.031072934760365767
165,adalimumab,15000000.0,1.2,1.425449723048311,0.07918124604762482,0.15395190394098812,0.0747706578933633
166,adalimumab,100.0,2.02,2.276509647506335,0.3053513694466238,0.35726949512296435,0.051918125676340576
166,adalimumab,1000.0,2.02,2.1763425868812853,0.3053513694466238,0.3377272604568348,0.032375891010211044
166,adalimumab,10000.0,2.02,2.0540365169759727,0.3053513694466238,0.3126081602837457,0.00725679083712194
166,adalimumab,100000.0,2.02,1.8823187508298067,0.3053513694466238,0.27469316850933,-0.030658200937293767
166,adalimumab,15000000.0,2.0,1.4209646593482268,0.3010299956639812,0.15258327677271064,-0.14844671889127056
167,adalimumab,100.0,3.22,3.7298537147270054,0.5078558716958309,0.5716917990653436,0.06383592736951271
167,adalimumab,1000.0,2.67,3.353844028088238,0.42651126136457523,0.5255428616941362,0.09903160032956099
167,adalimumab,10000.0,2.48,2.9834003259664295,0.3944516808262163,0.47471153284347367,0.08025985201725738
167,adalimumab,100000.0,2.1,2.5532879493742353,0.3222192947339193,0.40709979552201253,0.08488050078809323
167,adalimumab,15000000.0,1.3,1.5404080878151107,0.11394335230683679,0.1876357901923529,0.07369243788551612
168,adalimumab,100.0,2.76,2.5338624706015813,0.4409090820652177,0.4037830391663151,-0.03712604289890259
168,adalimumab,1000.0,2.48,2.290364710577511,0.3944516808262163,0.3599046435537423,-0.03454703727247399
168,adalimumab,10000.0,2.02,2.0681476880856198,0.3053513694466238,0.31558154884667483,0.010230179400051054
168,adalimumab,100000.0,1.58,1.8031164303702336,0.19865708695442263,0.2560237707793881,0.05736668382496546
168,adalimumab,15000000.0,1.2,1.1197686803406475,0.07918124604762482,0.04912831621714339,-0.030052929830481426
169,adalimumab,100.0,2.76,2.381171427936986,0.4409090820652177,0.3767906627408991,-0.06411841932431855
169,adalimumab,1000.0,2.39,2.191843109879752,0.3783979009481377,0.34080946452400795,-0.037588436424129734
169,adalimumab,10000.0,1.7,1.939216540725025,0.2304489213782739,0.2876263068565349,0.057177385478260984
169,adalimumab,100000.0,1.58,1.701668299205289,0.19865708695442263,0.2308749083548876,0.032217821400464974
169,adalimumab,15000000.0,1.15,1.2453757096322142,0.06069784035361165,0.09530039079314576,0.034602550439534106
170,adalimumab,100.0,1.84,2.700989578450609,0.2648178230095365,0.43152290850062197,0.16670508549108548
170,adalimumab,1000.0,1.84,2.5233056819899313,0.2648178230095365,0.40196986564237,0.13715204263283348
170,adalimumab,10000.0,1.75,2.326412993353875,0.24303804868629444,0.3666868147833674,0.12364876609707295
170,adalimumab,100000.0,1.67,2.081504460073226,0.22271647114758325,0.31837734579359406,0.09566087464601081
170,adalimumab,15000000.0,1.52,1.4990240134997164,0.18184358794477254,0.1758085900510045,-0.006034997893768046
171,bevacizumab,100.0,3.22,3.7521480778324743,0.5078558716958309,0.5742799693969363,0.06642409770110536
171,bevacizumab,1000.0,3.22,3.35099659480857,0.5078558716958309,0.5251739865172771,0.017318114821446184
171,bevacizumab,10000.0,3.22,2.90670606188687,0.5078558716958309,0.4634011163404754,-0.04445475535535548
171,bevacizumab,100000.0,2.64,2.509081787763474,0.42160392686983106,0.3995148181083295,-0.022089108761501552
171,bevacizumab,15000000.0,1.75,1.7755743900461918,0.24303804868629444,0.24933887236266045,0.006300823676366002
172,bevacizumab,100.0,3.31,3.769351828344952,0.5198279937757188,0.5762666760480626,0.05643868227234383
172,bevacizumab,1000.0,3.31,3.4999259001531193,0.5198279937757188,0.54405884963734,0.024230855861621214
172,bevacizumab,10000.0,3.04,3.0489686434224716,0.48287358360875376,0.48415295796373503,0.0012793743549812664
172,bevacizumab,100000.0,2.52,2.6997455347740114,0.4014005407815441,0.43132283154731027,0.02992229076576619
172,bevacizumab,15000000.0,1.66,1.7386788078279138,0.22010808804005508,0.24021936068494718,0.020111272644892098
173,bevacizumab,100.0,3.04,2.9280284235210052,0.48287358360875376,0.46657528827379063,-0.01629829533496313
173,bevacizumab,1000.0,2.76,2.7048908740491684,0.4409090820652177,0.4321497486461846,-0.008759333419033066
173,bevacizumab,10000.0,2.35,2.4358943155172676,0.37106786227173627,0.3866584419315538,0.015590579659817527
173,bevacizumab,100000.0,2.24,2.1459602766802304,0.35024801833416286,0.33162167859067415,-0.018626339743488707
173,bevacizumab,15000000.0,1.4,1.41064106002594,0.146128035678238,0.1494165208549369,0.0032884851766988854
174,bevacizumab,100.0,1.62,1.8554501577110756,0.20951501454263097,0.26844929254533534,0.05893427800270437
174,bevacizumab,1000.0,1.62,1.7833645180619058,0.20951501454263097,0.2512401216401409,0.041725107097509956
174,bevacizumab,10000.0,1.62,1.7084838285903075,0.20951501454263097,0.23261087240183909,0.02309585785920812
174,bevacizumab,100000.0,1.45,1.6093619826040333,0.16136800223497488,0.2066537379252612,0.04528573569028632
174,bevacizumab,15000000.0,1.3,1.2164322446455271,0.11394335230683679,0.08508792370986187,-0.028855428596974916
175,bevacizumab,100.0,2.3,2.4486308607230325,0.36172783601759284,0.3889233187161981,0.027195482698605278
175,bevacizumab,1000.0,2.3,2.3501042192096824,0.36172783601759284,0.3710871221968655,0.009359286179272674
175,bevacizumab,10000.0,2.02,2.229379037889024,0.3053513694466238,0.3481839132846535,0.0428325438380297
175,bevacizumab,100000.0,1.94,2.0512214261889814,0.287801729930226,0.3120125443183661,0.0242108143881401
175,bevacizumab,15000000.0,1.1,1.5271839606789877,0.04139268515822508,0.1838913542114431,0.142498669053218
176,bevacizumab,100.0,2.3,2.4647095937453116,0.36172783601759284,0.39176575555490023,0.03003791953730739
176,bevacizumab,1000.0,2.3,2.4152559191499363,0.36172783601759284,0.3829631551231544,0.021235319105561534
176,bevacizumab,10000.0,2.3,2.349110600585544,0.36172783601759284,0.3709034646674447,0.009175628649851886
176,bevacizumab,100000.0,2.3,2.2319607035345403,0.36172783601759284,0.34868654403420474,-0.013041291983388104
176,bevacizumab,15000000.0,2.3,1.8239272328363874,0.36172783601759284,0.2610075077818631,-0.10072032823572974
177,bevacizumab,100.0,1.38,1.377182674348635,0.13987908640123647,0.13899155042378203,-0.0008875359774544456
177,bevacizumab,1000.0,1.38,1.3604746872299918,0.13987908640123647,0.1336904657786913,-0.006188620622545188
177,bevacizumab,10000.0,1.38,1.3320004144746929,0.13987908640123647,0.12450435997245343,-0.015374726428783042
177,bevacizumab,100000.0,1.23,1.2918412362205174,0.08990511143939793,0.11120914332618598,0.021304031886788047
177,bevacizumab,15000000.0,1.12,1.165671664745453,0.04921802267018165,0.06657623972860159,0.017358217058419938
178,bevacizumab,100.0,2.0,2.1607522472764193,0.3010299956639812,0.3346049733575189,0.03357497769353768
178,bevacizumab,1000.0,2.0,2.1126497686818766,0.3010299956639812,0.32482750645322195,0.02379751078924075
178,bevacizumab,10000.0,2.0,2.047652972709204,0.3010299956639812,0.3112563562062588,0.010226360542277602
178,bevacizumab,100000.0,2.0,1.9743577534793022,0.3010299956639812,0.2954258495922518,-0.005604146071729377
178,bevacizumab,15000000.0,2.0,1.6580512896232729,0.3010299956639812,0.21959796074733196,-0.08143203491664924
179,bevacizumab,100.0,1.75,1.8403027614082024,0.24303804868629444,0.26488927778798077,0.021851229101686326
179,bevacizumab,1000.0,1.66,1.7395679569057403,0.22010808804005508,0.24044139929958258,0.020333311259527503
179,bevacizumab,10000.0,1.66,1.662380401064174,0.22010808804005508,0.22073041004957034,0.0006223220095152582
179,bevacizumab,100000.0,1.66,1.6202789607945087,0.22010808804005508,0.2095897927549316,-0.010518295285123491
179,bevacizumab,15000000.0,1.6,1.415133922582095,0.2041199826559248,0.15079754168802495,-0.05332244096789984
180,bevacizumab,100.0,2.58,2.5546602335678306,0.41161970596323016,0.40733314771975415,-0.004286558243476013
180,bevacizumab,1000.0,2.39,2.355435156970696,0.3783979009481377,0.3720711529990301,-0.006326747949107592
180,bevacizumab,10000.0,2.07,2.135135420063648,0.3159703454569177,0.329425425178969,0.013455079722051289
180,bevacizumab,100000.0,1.76,1.8637699489695305,0.24551266781414982,0.27039230498205447,0.024879637167904645
180,bevacizumab,15000000.0,1.2,1.3779694786845227,0.07918124604762482,0.13923959827865381,0.060058352231029
181,none,100.0,3.77,3.5757726746089755,0.5763413502057929,0.5533699012589333,-0.02297144894685965
181,none,1000.0,3.77,3.5547607390768987,0.5763413502057929,0.550810374912341,-0.02553097529345194
181,none,10000.0,3.77,3.5225035910221516,0.5763413502057929,0.5468514445238525,-0.02948990568194043
181,none,100000.0,3.77,3.4866461902760397,0.5763413502057929,0.5424078792925955,-0.03393347091319743
181,none,15000000.0,3.77,3.3421351266898656,0.5763413502057929,0.5240240049796948,-0.0523173452260981
182,none,100.0,4.38,4.003756612774531,0.6414741105040995,0.6024676689716889,-0.03900644153241062
182,none,1000.0,4.38,3.9937985785017456,0.6414741105040995,0.6013861580682188,-0.0400879524358807
182,none,10000.0,4.38,3.9590208994222267,0.6414741105040995,0.5975877943715001,-0.04388631613259941
182,none,100000.0,4.38,3.9174939571038214,0.6414741105040995,0.5930083352239744,-0.04846577528012508
182,none,15000000.0,4.38,3.781558238218188,0.6414741105040995,0.5776707931737598,-0.06380331733033973
183,none,100.0,2.8,2.7349215607805477,0.4471580313422192,0.436944875017281,-0.010213156324938188
183,none,1000.0,2.8,2.7303278205585966,0.4471580313422192,0.4362147943346558,-0.010943237007563389
183,none,10000.0,2.8,2.7316457254105244,0.4471580313422192,0.43642437382498334,-0.010733657517235873
183,none,100000.0,2.8,2.73131245014236,0.4471580313422192,0.43637138436196826,-0.010786646980250947
183,none,15000000.0,2.8,2.6677162150580616,0.4471580313422192,0.42613962854683113,-0.02101840279538808
184,none,100.0,2.41,2.5066700705037954,0.3820170425748684,0.39909717560602714,0.01708013303115874
184,none,1000.0,2.41,2.5123855704623255,0.3820170425748684,0.4000862904291441,0.018069247854275716
184,none,10000.0,2.41,2.5277433792945905,0.3820170425748684,0.40273298155126847,0.02071593897640006
184,none,100000.0,2.41,2.526827819319777,0.3820170425748684,0.40257564964965403,0.02055860707478563
184,none,15000000.0,2.41,2.4164576173224166,0.3820170425748684,0.38317918237396,0.0011621397990915772
185,none,100.0,3.03,2.9090260101233327,0.48144262850230496,0.4637476043692788,-0.01769502413302615
185,none,1000.0,3.03,2.899416855464244,0.48144262850230496,0.462310659305716,-0.019131969196588938
185,none,10000.0,3.03,2.904069141038874,0.48144262850230496,0.4630069519778495,-0.018435676524455435
185,none,100000.0,3.03,2.900064369458929,0.48144262850230496,0.46240763755087594,-0.01903499095142902
185,none,15000000.0,3.03,2.8989364671552944,0.48144262850230496,0.4622386974984177,-0.01920393100388723
186,none,100.0,2.6,2.5600261319118207,0.414973347970818,0.408244398470905,-0.006728949499912984
186,none,1000.0,2.6,2.5552736980411805,0.414973347970818,0.4074374246988562,-0.007535923271961786
186,none,10000.0,2.6,2.5487749927250594,0.414973347970818,0.4063314974029159,-0.008641850567902065
186,none,100000.0,2.6,2.527035268932375,0.414973347970818,0.402611303255817,-0.012362044715000964
186,none,15000000.0,2.6,2.4931980605354087,0.414973347970818,0.3967567803814011,-0.018216567589416865
187,none,100.0,1.93,1.9987387940924792,0.28555730900777376,0.3007560418937816,0.015198732886007815
187,none,1000.0,1.93,1.9851993487139514,0.28555730900777376,0.2978041240459469,0.012246815038173153
187,none,10000.0,1.93,1.967173808590117,0.28555730900777376,0.2938427334713539,0.00828542446358016
187,none,100000.0,1.93,1.9586360645088468,0.28555730900777376,0.29195374693968956,0.006396437931915799
187,none,15000000.0,1.93,1.906817814205336,0.28555730900777376,0.28030920061547093,-0.0052481083923028304
188,none,100.0,2.6,1.8810094857024444,0.414973347970818,0.27439098565024134,-0.14058236232057664
188,none,1000.0,1.67,1.8691231304873817,0.22271647114758325,0.271637911935187,0.04892144078760374
188,none,10000.0,1.67,1.8779548032658175,0.22271647114758325,0.27368513589151094,0.050968664743927694
188,none,100000.0,1.67,1.8606057478016493,0.22271647114758325,0.2696543582498444,0.046937887102261155
188,none,15000000.0,1.67,1.7918615579476398,0.22271647114758325,0.25330445234507676,0.030587981197493508
189,none,100.0,2.22,2.092675442965932,0.3463529744506387,0.3207018780000558,-0.02565109645058289
189,none,1000.0,2.22,2.114714212043604,0.3463529744506387,0.325251683995332,-0.021101290455306676
189,none,10000.0,2.22,2.125098545358122,0.3463529744506387,0.3273790740159415,-0.018973900434697155
189,none,100000.0,2.22,2.125480172903684,0.3463529744506387,0.32745705809698583,-0.018895916353652842
189,none,15000000.0,2.22,2.0917091118891373,0.3463529744506387,0.3205012882806824,-0.025851686169956256
190,none,100.0,1.92,1.8000278910564576,0.28330122870354957,0.2552792344577893,-0.028021994245760296
190,none,1000.0,1.92,1.7927856506155502,0.28330122870354957,0.25352836746529966,-0.029772861238249904
190,none,10000.0,1.92,1.792028475308203,0.28330122870354957,0.25334490631437057,-0.029956322389179002
190,none,100000.0,1.92,1.7966933141965542,0.28330122870354957,0.2544739517227525,-0.028827276980797067
190,none,15000000.0,1.92,1.7816719744194465,0.28330122870354957,0.25082774862736634,-0.032473480076183225
191,none,100.0,1.42,1.448923605237881,0.15228834438305647,0.16104548781881256,0.008757143435756093
191,none,1000.0,1.42,1.4536123038373467,0.15228834438305647,0.16244859032230272,0.010160245939246249
191,none,10000.0,1.42,1.4512864772435536,0.15228834438305647,0.1617531486236333,0.00946480424057683
191,none,100000.0,1.42,1.4280449216708127,0.15228834438305647,0.15474186915367094,0.0024535247706144736
191,none,15000000.0,1.42,1.3510451385902877,0.15228834438305647,0.1306698590984203,-0.02161848528463617
192,none,100.0,1.22,1.3212412231107213,0.08635983067474821,0.12098211534500583,0.034622284670257616
192,none,1000.0,1.22,1.3119870985876476,0.08635983067474821,0.1179295644300821,0.03156973375533388
192,none,10000.0,1.22,1.2800623559399475,0.08635983067474821,0.10723112603929424,0.02087129536454603
192,none,100000.0,1.22,1.2310769207871088,0.08635983067474821,0.09028518959233112,0.003925358917582902
192,none,15000000.0,1.22,1.1895848463203307,0.08635983067474821,0.07539542323298135,-0.010964407441766869
193,none,100.0,3.82,3.4263029292826723,0.5820633629117087,0.5348257575494796,-0.047237605362229096
193,none,1000.0,3.82,3.401182407034884,0.5820633629117087,0.5316299239775363,-0.0504334389341724
193,none,10000.0,3.82,3.3748511251877007,0.5820633629117087,0.5282546195565165,-0.053808743355192146
193,none,100000.0,3.82,3.3441513937743026,0.5820633629117087,0.5242859302479813,-0.05777743266372737
193,none,15000000.0,3.82,3.2480362096188964,0.5820633629117087,0.5116208621793662,-0.07044250073234248
194,none,100.0,4.43,3.77446741628124,0.6464037262230695,0.576855680604221,-0.06954804561884853
194,none,1000.0,4.43,3.796361191608501,0.6464037262230695,0.5793675251620326,-0.06703620106103692
194,none,10000.0,4.43,3.790780903145246,0.6464037262230695,0.5787286841086428,-0.06767504211442676
194,none,100000.0,4.43,3.7546561247325196,0.6464037262230695,0.574570167713072,-0.07183355850999751
194,none,15000000.0,4.43,3.6344144094463235,0.6464037262230695,0.560434445667295,-0.08596928055577457
195,none,100.0,2.85,2.683135420101227,0.4548448600085102,0.4286425924328507,-0.02620226757565952
195,none,1000.0,2.85,2.6732237495758437,0.4548448600085102,0.4270353108475553,-0.027809549160954905
195,none,10000.0,2.85,2.6724221172134084,0.4548448600085102,0.42690505735796547,-0.027939802650544743
195,none,100000.0,2.85,2.6682385197409695,0.4548448600085102,0.42622464952382866,-0.028620210484681552
195,none,15000000.0,2.85,2.6234093603737874,0.4548448600085102,0.4188660637813475,-0.03597879622716271
196,none,100.0,2.46,2.534585482962257,0.39093510710337914,0.40390694308467273,0.012971835981293589
196,none,1000.0,2.46,2.5163311867060134,0.39093510710337914,0.40076780016481767,0.009832693061438524
196,none,10000.0,2.46,2.5125309254353727,0.39093510710337914,0.4001114159661677,0.009176308862788585
196,none,100000.0,2.46,2.497856126299332,0.39093510710337914,0.3975674198852953,0.006632312781916172
196,none,15000000.0,2.46,2.4326666741461875,0.39093510710337914,0.38608260564425667,-0.004852501459122471
197,none,100.0,3.08,2.8877551006914985,0.4885507165004443,0.46056035962886915,-0.02799035687157514
197,none,1000.0,3.08,2.8929591093842917,0.4885507165004443,0.46134229514322395,-0.027208421357220347
197,none,10000.0,3.08,2.8931494489981353,0.4885507165004443,0.4613708682137689,-0.027179848286675412
197,none,100000.0,3.08,2.8846043779872717,0.4885507165004443,0.46008625831019795,-0.028464458190246344
197,none,15000000.0,3.08,2.9026408508284245,0.4885507165004443,0.4627933030887769,-0.025757413411667374
198,none,100.0,2.65,2.575246146242234,0.42324587393680785,0.4108187459386639,-0.012427127998143939
198,none,1000.0,2.65,2.5610124582039697,0.42324587393680785,0.408411691126016,-0.014834182810791852
198,none,10000.0,2.65,2.5273170798193005,0.42324587393680785,0.4026597323738578,-0.020586141562950022
198,none,100000.0,2.65,2.5128619344403873,0.42324587393680785,0.40016862756675475,-0.023077246370053095
198,none,15000000.0,2.65,2.4862907943179193,0.42324587393680785,0.39555192196530004,-0.027693951971507813
199,none,100.0,1.98,2.025580728800107,0.2966651902615311,0.30654955651677046,0.009884366255239363
199,none,1000.0,1.98,2.0254982973693814,0.2966651902615311,0.30653188245251584,0.009866692190984738
199,none,10000.0,1.98,2.0334907826929087,0.2966651902615311,0.3082422081963821,0.011577017934850997
199,none,100000.0,1.98,2.0303538268534806,0.2966651902615311,0.30757172838599317,0.010906538124462073
199,none,15000000.0,1.98,1.96113204460998,0.2966651902615311,0.2925068360516961,-0.0041583542098350135
200,none,100.0,2.65,1.9356630152013774,0.42324587393680785,0.28682975205446337,-0.13641612188234448
200,none,1000.0,2.65,1.9445174454045224,0.42324587393680785,0.2888118438110343,-0.13443403012577354
200,none,10000.0,2.65,1.9499166988561403,0.42324587393680785,0.29001605854207924,-0.1332298153947286
200,none,100000.0,2.65,1.930069710381427,0.42324587393680785,0.2855729951669677,-0.13767287876984013
200,none,15000000.0,2.65,1.858500634860171,0.42324587393680785,0.26916271378591305,-0.1540831601508948
201,none,100.0,2.27,2.166049646341338,0.35602585719312274,0.33566840652983476,-0.02035745066328798
201,none,1000.0,2.27,2.1610718732011955,0.35602585719312274,0.3346692109441429,-0.021356646248979816
201,none,10000.0,2.27,2.1486594558199514,0.35602585719312274,0.3321675889778169,-0.023858268215305845
201,none,100000.0,2.27,2.1280243265982084,0.35602585719312274,0.3279765883067411,-0.02804926888638165
201,none,15000000.0,2.27,2.064463489265719,0.35602585719312274,0.31480720663399986,-0.04121865055912288
202,none,100.0,1.97,1.7964781245891694,0.2944662261615929,0.25442193324227974,-0.04004429291931316
202,none,1000.0,1.97,1.7822837340547957,0.2944662261615929,0.2509768435422448,-0.043489382619348094
202,none,10000.0,1.97,1.7851102391722884,0.2944662261615929,0.2516650410565531,-0.04280118510503983
202,none,100000.0,1.97,1.7672136274938965,0.2944662261615929,0.24728905184627933,-0.04717717431531357
202,none,15000000.0,1.97,1.7273239419638604,0.2944662261615929,0.23737379270029377,-0.057092433461299136
203,none,100.0,1.47,1.4401863337065584,0.1673173347481761,0.15841868547393265,-0.008898649274243442
203,none,1000.0,1.47,1.438450791359498,0.1673173347481761,0.15789500949601892,-0.009422325252157165
203,none,10000.0,1.47,1.4390383273600504,0.1673173347481761,0.1580723610938724,-0.009244973654303684
203,none,100000.0,1.47,1.4288541797833443,0.1673173347481761,0.15498790958396066,-0.012329425164215424
203,none,15000000.0,1.47,1.4062082426494071,0.1673173347481761,0.14804963927325251,-0.019267695474923574
204,none,100.0,1.27,1.3325330893564689,0.10380372095595687,0.1246780021987966,0.02087428124283973
204,none,1000.0,1.27,1.3275362914288713,0.10380372095595687,0.1230464024102768,0.019242681454319926
204,none,10000.0,1.27,1.3138262810306105,0.10380372095595687,0.11853794499742334,0.014734224041466473
204,none,100000.0,1.27,1.3229334493529725,0.10380372095595687,0.12153799739556122,0.017734276439604346
204,none,15000000.0,1.27,1.2972636907813837,0.10380372095595687,0.11302826275446369,0.009224541798506819
205,none,100.0,3.87,3.643252219803539,0.5877109650189114,0.5614892381859752,-0.02622172683293622
205,none,1000.0,3.87,3.6090527532495744,0.5877109650189114,0.5573932301553098,-0.030317734863601564
205,none,10000.0,3.87,3.5720462796954306,0.5877109650189114,0.5529170770043439,-0.03479388801456751
205,none,100000.0,3.87,3.5305914070804727,0.5877109650189114,0.5478474598689701,-0.0398635051499413
205,none,15000000.0,3.87,3.37950615076051,0.5877109650189114,0.5288532412038109,-0.05885772381510046
206,none,100.0,4.48,4.038804603270505,0.651278013998144,0.6062528425797139,-0.0450251714184301
206,none,1000.0,4.48,4.010515548273745,0.651278013998144,0.6032002043854605,-0.048077809612683486
206,none,10000.0,4.48,3.9730407178457803,0.651278013998144,0.5991230159602513,-0.0521549980378927
206,none,100000.0,4.48,3.9284433280966327,0.651278013998144,0.5942204923740178,-0.05705752162412625
206,none,15000000.0,4.48,3.7735494958241884,0.651278013998144,0.5767500507955093,-0.07452796320263466
207,none,100.0,2.9,2.8701745667281178,0.4623979978989561,0.45790831173788726,-0.004489686161068818
207,none,1000.0,2.9,2.863373857977053,0.4623979978989561,0.45687805562075556,-0.005519942278200518
207,none,10000.0,2.9,2.8581621100255608,0.4623979978989561,0.4560868575875414,-0.006311140311414665
207,none,100000.0,2.9,2.8508776138076266,0.4623979978989561,0.4549785737497005,-0.00741942414925556
207,none,15000000.0,2.9,2.7772699102755345,0.4623979978989561,0.44361808891375143,-0.018779908985204652
208,none,100.0,2.51,2.6197718809832407,0.3996737214810381,0.41826347637951194,0.018589754898473865
208,none,1000.0,2.51,2.619314005859065,0.3996737214810381,0.41818756518254685,0.01851384370150877
208,none,10000.0,2.51,2.6194419896247965,0.3996737214810381,0.41820878496956854,0.018535063488530457
208,none,100000.0,2.51,2.618777463332709,0.3996737214810381,0.41809859481588246,0.018424873334844383
208,none,15000000.0,2.51,2.5127185170999105,0.3996737214810381,0.4001438402371335,0.00047011875609542786
209,none,100.0,3.13,2.961428538631837,0.49554433754644844,0.471501257269952,-0.02404308027649643
209,none,1000.0,3.13,2.950562251913539,0.49554433754644844,0.4699047819566592,-0.025639555589789254
209,none,10000.0,3.13,2.9534431511900987,0.49554433754644844,0.4703286158364088,-0.025215721710039662
209,none,100000.0,3.13,2.9536692273642786,0.49554433754644844,0.47036185835109007,-0.025182479195358376
209,none,15000000.0,3.13,2.944976035845265,0.49554433754644844,0.4690817651528287,-0.026462572393619765
210,none,100.0,2.7,2.6198543438609208,0.43136376415898736,0.41827714650451875,-0.013086617654468613
210,none,1000.0,2.7,2.6148368691976582,0.43136376415898736,0.4174445998888818,-0.013919164270105588
210,none,10000.0,2.7,2.6163951086768584,0.43136376415898736,0.4177033285517198,-0.01366043560726754
210,none,100000.0,2.7,2.6303801043564965,0.43136376415898736,0.42001851095999243,-0.011345253198994931
210,none,15000000.0,2.7,2.6210183805278873,0.43136376415898736,0.4184700665527989,-0.01289369760618847
211,none,100.0,2.03,2.216005731155424,0.3074960379132129,0.3455708792540262,0.03807484134081329
211,none,1000.0,2.03,2.2026112762328593,0.3074960379132129,0.3429378582569085,0.035441820343695585
211,none,10000.0,2.03,2.1948822869088995,0.3074960379132129,0.34141123368212806,0.03391519576891516
211,none,100000.0,2.03,2.1837108111799792,0.3074960379132129,0.33919512422292686,0.031699086309713964
211,none,15000000.0,2.03,2.131597148943599,0.3074960379132129,0.32870513069118107,0.021209092777968175
212,none,100.0,2.7,2.0826287786022193,0.43136376415898736,0.3186118653523698,-0.11275189880661757
212,none,1000.0,2.7,2.0929581841788267,0.43136376415898736,0.32076055152941446,-0.1106032126295729
212,none,10000.0,2.7,2.0961028746705233,0.43136376415898736,0.32141259358141433,-0.10995117057757303
212,none,100000.0,2.7,2.084260161155557,0.43136376415898736,0.31895192744052747,-0.11241183671845989
212,none,15000000.0,2.7,2.041055754908606,0.43136376415898736,0.30985486837036724,-0.12150889578862012
213,none,100.0,2.32,2.204135531080361,0.3654879848908996,0.3432382955294041,-0.022249689361495517
213,none,1000.0,2.32,2.1795832152836256,0.3654879848908996,0.3383734547937479,-0.0271145300971517
213,none,10000.0,2.32,2.158888306959371,0.3654879848908996,0.3342301740961595,-0.031257810794740104
213,none,100000.0,2.32,2.1302581231689843,0.3654879848908996,0.32843223004719074,-0.03705575484370888
213,none,15000000.0,2.32,2.0086749305593083,0.3654879848908996,0.30290965935295167,-0.06257832553794795
214,none,100.0,2.02,1.9312429262523434,0.3053513694466238,0.2858369060400038,-0.019514463406619997
214,none,1000.0,2.02,1.919307291836322,0.3053513694466238,0.2831445132788902,-0.022206856167733602
214,none,10000.0,2.02,1.9066861862780635,0.3053513694466238,0.28027922016573537,-0.02507214928088841
214,none,100000.0,2.02,1.8824123789412386,0.3053513694466238,0.27471477014341894,-0.030636599303204837
214,none,15000000.0,2.02,1.7615113567226202,0.3053513694466238,0.24588544748664376,-0.05946592195998002
215,none,100.0,1.52,1.6044725272223905,0.18184358794477254,0.20533228523466082,0.023488697289888283
215,none,1000.0,1.52,1.5828700101445046,0.18184358794477254,0.19944525080994954,0.017601662865177004
215,none,10000.0,1.52,1.5631426254781917,0.18184358794477254,0.19399860606283126,0.012155018118058719
215,none,100000.0,1.52,1.551686672084812,0.18184358794477254,0.19080402985873077,0.008960441913958228
215,none,15000000.0,1.52,1.5385610460776495,0.18184358794477254,0.18711473259432884,0.005271144649556303
216,none,100.0,1.32,1.437467379249566,0.12057393120584989,0.15759799793721224,0.037024066731362354
216,none,1000.0,1.32,1.4313517290312245,0.12057393120584989,0.15574636695863905,0.035172435752789166
216,none,10000.0,1.32,1.4241185464451813,0.12057393120584989,0.15354614233743463,0.032972211131584744
216,none,100000.0,1.32,1.411726833801801,0.12057393120584989,0.14975066976851067,0.029176738562660787
216,none,15000000.0,1.32,1.4059024994728078,0.12057393120584989,0.14795520303856877,0.02738127183271888
217,pembrolizumab,100.0,15.25,13.376072822855619,1.1832698436828046,1.1263286245146675,-0.0569412191681371
217,pembrolizumab,1000.0,11.11,11.052545522576969,1.0457140589408676,1.0434623123282636,-0.0022517466126039665
217,pembrolizumab,10000.0,10.38,8.857931856728117,1.0161973535124391,0.9473323349732612,-0.06886501853917792
217,pembrolizumab,100000.0,6.9,6.773868004835467,0.8388490907372553,0.8308367297561898,-0.008012360981065503
217,pembrolizumab,15000000.0,4.0,3.7261192962225462,0.6020599913279624,0.5712567552466918,-0.030803236081270557
218,bevacizumab,100.0,15.99,18.745537332369786,1.2038484637462348,1.2728978937913666,0.06904943004513187
218,bevacizumab,1000.0,15.99,16.35783506455127,1.2038484637462348,1.2137258249016458,0.009877361155411046
218,bevacizumab,10000.0,14.51,13.76213753796954,1.161667412437736,1.1386858938448268,-0.0229815185929092
218,bevacizumab,100000.0,7.97,8.466421717047385,0.9014583213961124,0.9276998971199361,0.026241575723823685
218,bevacizumab,15000000.0,3.82,4.081542943289529,0.5820633629117087,0.6108243702181574,0.028761007306448705
219,bevacizumab,100.0,2.76,2.87739661821287,0.4409090820652177,0.4589997288452729,0.01809064678005523
219,bevacizumab,1000.0,2.76,2.780706216104972,0.4409090820652177,0.44415510771918576,0.0032460256539680876
219,bevacizumab,10000.0,2.76,2.646454474594478,0.4409090820652177,0.4226644274780662,-0.018244654587151465
219,bevacizumab,100000.0,2.52,2.406805425347878,0.4014005407815441,0.3814409817941862,-0.019959558987357906
219,bevacizumab,15000000.0,1.2,1.6253117961077703,0.07918124604762482,0.21093668737012558,0.13175544132250078
220,bevacizumab,100.0,2.21,3.5472465532846402,0.3443922736851107,0.5498913753932044,0.2054991017080937
220,bevacizumab,1000.0,2.21,3.339185175849761,0.3443922736851107,0.5236405036964212,0.17924823001131052
220,bevacizumab,10000.0,2.21,3.1357417546957733,0.3443922736851107,0.4963402889841031,0.15194801529899238
220,bevacizumab,100000.0,1.68,2.8303452841172434,0.22530928172586284,0.45183941991992926,0.22653013819406642
220,bevacizumab,15000000.0,1.6,2.0388771843582214,0.2041199826559248,0.30939106601259503,0.10527108335667024
221,bevacizumab,100.0,5.0,3.7556205368149436,0.6989700043360189,0.5746817052414095,-0.12428829909460937
221,bevacizumab,1000.0,3.22,3.4023365922054625,0.5078558716958309,0.5317772760333008,0.02392140433746992
221,bevacizumab,10000.0,2.76,3.0392531079075735,0.4409090820652177,0.48276686947456904,0.041857787409351366
221,bevacizumab,100000.0,2.36,2.4925886037764737,0.37291200297010657,0.39665060507687916,0.02373860210677259
221,bevacizumab,15000000.0,1.4,1.5772756808447548,0.146128035678238,0.19790760721980044,0.05177957154156243
222,bevacizumab,100.0,5.32,3.9108850122713976,0.7259116322950482,0.5922750470259847,-0.13363658526906352
222,bevacizumab,1000.0,3.84,3.495228740217596,0.5843312243675308,0.5434756027894595,-0.04085562157807132
222,bevacizumab,10000.0,2.48,2.942529583621831,0.3944516808262163,0.46872083784992596,0.07426915702370968
222,bevacizumab,100000.0,1.9,2.4121564536598608,0.2787536009528289,0.38240547293642496,0.10365187198359604
222,bevacizumab,15000000.0,1.81,1.7996703385212642,0.2576785748691845,0.255192958840428,-0.002485616028756521
223,bevacizumab,100.0,2.82,3.184778277598923,0.45024910831936105,0.5030792023959693,0.052830094076608214
223,bevacizumab,1000.0,2.82,3.01747103209878,0.45024910831936105,0.47964310953656525,0.029394001217204202
223,bevacizumab,10000.0,2.82,2.854679567886191,0.45024910831936105,0.4555573666242896,0.005308258304928537
223,bevacizumab,100000.0,2.57,2.5541115907136365,0.4099331233312945,0.40723986793618827,-0.002693255395106231
223,bevacizumab,15000000.0,1.6,1.7950814632411585,0.2041199826559248,0.2540841622365254,0.04996417958060062
224,pembrolizumab,100.0,1.99,2.119329959261965,0.29885307640970665,0.3261985774427296,0.027345501033022968
224,pembrolizumab,1000.0,1.99,1.9628055230242665,0.29885307640970665,0.2928772713465728,-0.005975805063133832
224,pembrolizumab,10000.0,1.99,1.8088978526986168,0.29885307640970665,0.2574140432214193,-0.041439033188287344
224,pembrolizumab,100000.0,1.68,1.6695373397591922,0.22530928172586284,0.22259613663988237,-0.002713145085980473
224,pembrolizumab,15000000.0,1.2,1.3093032071902868,0.07918124604762482,0.11704023170059022,0.0378589856529654
225,pembrolizumab,100.0,3.16,3.5797020244891304,0.49968708261840383,0.5538468773405248,0.05415979472212101
225,pembrolizumab,1000.0,3.16,3.04155101546022,0.49968708261840383,0.48309510521355886,-0.01659197740484497
225,pembrolizumab,10000.0,2.3,2.48145237944674,0.36172783601759284,0.3947059452428129,0.03297810922522004
225,pembrolizumab,100000.0,2.1,2.123758906982978,0.3222192947339193,0.327105213299325,0.004885918565405711
225,pembrolizumab,15000000.0,1.43,1.501502157882049,0.1553360374650618,0.17652596068124904,0.021189923216187234
226,pembrolizumab,100.0,3.91,3.865858242238266,0.5921767573958668,0.5872459247720905,-0.00493083262377636
226,pembrolizumab,1000.0,3.8,3.538150971455447,0.5797835966168101,0.5487763601370641,-0.031007236479746014
226,pembrolizumab,10000.0,3.22,3.1929608464896186,0.5078558716958309,0.5041935930594068,-0.003662278636424099
226,pembrolizumab,100000.0,2.69,2.8253700230981456,0.42975228000240795,0.45107533302848835,0.021323053026080396
226,pembrolizumab,15000000.0,2.0,2.073040047224851,0.3010299956639812,0.31660769192539684,0.015577696261415641
227,pembrolizumab,100.0,7.59,4.356364853395762,0.8802417758954804,0.6391242455513456,-0.24111753034413475
227,pembrolizumab,1000.0,4.14,3.761381598796279,0.617000341120899,0.5753473955985837,-0.04165294552231524
227,pembrolizumab,10000.0,2.99,3.023239379675064,0.4756711883244297,0.48047253591616707,0.004801347591737393
227,pembrolizumab,100000.0,2.31,2.266155092160807,0.36361197989214433,0.35528962898929956,-0.008322350902844777
227,pembrolizumab,15000000.0,1.3,1.3927234210724546,0.11394335230683679,0.1438648790742469,0.029921526767410098
228,pembrolizumab,100.0,2.88,2.6055532428686687,0.45939248775923086,0.41589995213252806,-0.0434925356267028
228,pembrolizumab,1000.0,2.88,2.4658112635248473,0.45939248775923086,0.3919598320542983,-0.06743265570493256
228,pembrolizumab,10000.0,2.3,2.2414102974566035,0.36172783601759284,0.3505213628319036,-0.011206473185689236
228,pembrolizumab,100000.0,1.79,1.9935876365421865,0.2528530309798932,0.29963533166138145,0.046782300681488254
228,pembrolizumab,15000000.0,1.4,1.473248370205471,0.146128035678238,0.1682759693251966,0.02214793364695858
229,adalimumab,100.0,56.35,54.241507661805144,1.7508939203821254,1.7343317523948236,-0.016562167987301812
229,adalimumab,1000.0,55.2,47.85599980720712,1.741939077729199,1.6799363939376424,-0.0620026837915566
229,adalimumab,10000.0,41.4,39.33327058282055,1.6170003411208989,1.5947600597333313,-0.022240281387567506
229,adalimumab,100000.0,26.25,25.140968867499485,1.4191293077419758,1.4003820102513254,-0.018747297490650405
229,adalimumab,15000000.0,5.75,6.942651587943951,0.7596678446896304,0.8415253710422244,0.08185752635259391
230,adalimumab,100.0,1.61,1.777871386256475,0.20682587603184974,0.24990034029031358,0.04307446425846384
230,adalimumab,1000.0,1.61,1.6395951802853195,0.20682587603184974,0.2147366330046943,0.007910756972844574
230,adalimumab,10000.0,1.61,1.5593650090262998,0.20682587603184974,0.19294778475365018,-0.013878091278199556
230,adalimumab,100000.0,1.37,1.4346493269516227,0.1367205671564068,0.1567457589228225,0.020025191766415706
230,adalimumab,15000000.0,1.12,1.0527188434263106,0.04921802267018165,0.022312396776451873,-0.02690562589372978
231,adalimumab,100.0,7.13,5.532074665845161,0.8530895298518656,0.7428880331049713,-0.11020149674689428
231,adalimumab,1000.0,4.72,4.925019191713639,0.6739419986340878,0.6924079271867457,0.01846592855265794
231,adalimumab,10000.0,4.14,4.332794114773887,0.617000341120899,0.6367680527680526,0.01976771164715363
231,adalimumab,100000.0,3.78,3.647512870006678,0.5774917998372253,0.5619968329474005,-0.015494966889824768
231,adalimumab,15000000.0,2.14,2.1184201814675614,0.33041377334919086,0.3260121051549275,-0.004401668194263353
232,adalimumab,100.0,6.44,5.866948017521702,0.8088858673598122,0.7684122402866413,-0.040473627073170815
232,adalimumab,1000.0,5.75,5.37890518357917,0.7596678446896304,0.7306938888419323,-0.02897395584769813
232,adalimumab,10000.0,4.83,4.738941239463624,0.6839471307515121,0.6756813236951987,-0.008265807056313412
232,adalimumab,100000.0,4.31,3.9283771100361813,0.6344772701607315,0.5942131718202432,-0.040264098340488275
232,adalimumab,15000000.0,1.6,2.153204759542347,0.2041199826559248,0.33308533112911054,0.12896534847318575
233,adalimumab,100.0,5.18,3.1494897682609184,0.714329759745233,0.4982402017968483,-0.21608955794838475
233,adalimumab,1000.0,2.65,2.5501731029889645,0.42324587393680785,0.40656966087370455,-0.016676213063103296
233,adalimumab,10000.0,1.61,1.926400053925969,0.20682587603184974,0.284746481734993,0.07792060570314327
233,adalimumab,100000.0,1.26,1.522098727278949,0.10037054511756291,0.18244282281686894,0.08207227769930603
233,adalimumab,15000000.0,1.04,1.0576605618371646,0.01703333929878037,0.02434631063500382,0.00731297133622345
234,bsa,100.0,61.54,70.06207993064781,1.7891574919114397,1.8454830260589616,0.05632553414752195
234,bsa,1000.0,55.11,59.22742214333339,1.7412304110254708,1.772522830508762,0.03129241948329109
234,bsa,10000.0,45.01,45.92788270420866,1.6533090129384789,1.662076424710896,0.008767411772417022
234,bsa,100000.0,29.36,35.32877239042087,1.4677560512440329,1.5481285467660393,0.08037249552200643
234,bsa,15000000.0,27.96,22.70893930814682,1.4465371670736438,1.3561968496148573,-0.09034031745878646
235,bsa,100.0,129.51,88.29106330958565,2.11230330337593,1.9459167471591179,-0.1663865562168121
235,bsa,1000.0,74.41,72.43867901957232,1.8716313045375537,1.859970521987944,-0.01166078254960956
235,bsa,10000.0,57.87,57.051613075247154,1.762453482363547,1.7562679281543208,-0.006185554209226174
235,bsa,100000.0,40.26,45.31138385694847,1.6048737705526357,1.656207326188428,0.05133355563579234
235,bsa,15000000.0,33.0,27.907179219686636,1.5185139398778875,1.4457159414246767,-0.07279799845321078
236,bsa,100.0,146.97,119.21596242425642,2.167228694175993,2.0763344091680196,-0.09089428500797325
236,bsa,1000.0,110.23,99.49913854601719,2.042299807413625,1.9978193206821002,-0.04448048673152494
236,bsa,10000.0,71.65,79.42813984546152,1.8552161947333634,1.8999743917787604,0.044758197045396964
236,bsa,100000.0,53.68,59.93067675906376,1.7298125071609356,1.7776491819358888,0.047836674774953236
236,bsa,15000000.0,44.0,35.99554502150212,1.6434526764861874,1.556248753758899,-0.0872039227272885
237,bsa,100.0,3.85,4.070267566762843,0.5854607295085007,0.6096229593355775,0.02416222982707683
237,bsa,1000.0,3.59,3.806534779248085,0.5550944485783191,0.5805298021751797,0.025435353596860555
237,bsa,10000.0,3.27,3.4555312133831757,0.5145477526602861,0.5385148202506831,0.023967067590397018
237,bsa,100000.0,2.86,3.0995024528153334,0.456366033129043,0.49129198437003885,0.034925951240995845
237,bsa,15000000.0,2.38,2.2568184155642887,0.37657695705651195,0.35349661699050416,-0.023080340066007787
238,bsa,100.0,4.4,4.1973071475666535,0.6434526764861874,0.6229707508680442,-0.020481925618143215
238,bsa,1000.0,4.4,3.9927412586688242,0.6434526764861874,0.601271167551402,-0.04218150893478545
238,bsa,10000.0,3.67,3.6869052651733267,0.5646660642520893,0.5666619785768122,0.0019959143247229028
238,bsa,100000.0,3.52,3.3493128203025724,0.5465426634781311,0.5249557118237329,-0.021586951654398168
238,bsa,15000000.0,2.41,2.6226405204251217,0.3820170425748684,0.41873876687904965,0.03672172430418125
239,bsa,100.0,4.59,4.234656603142026,0.6618126855372612,0.6268181982777762,-0.03499448725948506
239,bsa,1000.0,4.59,4.0059318092778735,0.6618126855372612,0.6027035522699904,-0.05910913326727085
239,bsa,10000.0,4.31,3.7768054145195373,0.6344772701607315,0.5771246100387121,-0.05735266012201945
239,bsa,100000.0,3.77,3.49771710375644,0.5763413502057929,0.5437846807155907,-0.032556669490202195
239,bsa,15000000.0,2.5,2.352185603980405,0.3979400086720376,0.3714715876439838,-0.0264684210280538
240,bsa,100.0,4.31,4.29658372321526,0.6344772701607315,0.6331232788716895,-0.0013539912890420114
240,bsa,1000.0,4.31,4.056338320606838,0.6344772701607315,0.6081341703502012,-0.02634309981053029
240,bsa,10000.0,4.31,3.712420711908261,0.6344772701607315,0.5696571869721545,-0.06482008318857702
240,bsa,100000.0,3.77,3.3021376165908105,0.5763413502057929,0.5187951685272029,-0.05754618167859005
240,bsa,15000000.0,2.8,2.604119929978199,0.4471580313422192,0.41566098132794016,-0.03149705001427905
241,bsa,100.0,4.4,4.470031752570963,0.6434526764861874,0.6503106081246384,0.0068579316384509426
241,bsa,1000.0,4.17,4.203673412780569,0.6201360549737575,0.6236289679326169,0.003492912958859451
241,bsa,10000.0,3.99,3.775306178522597,0.6009728956867483,0.5769521788130678,-0.02402071687368046
241,bsa,100000.0,3.35,3.3175115384636586,0.5250448070368452,0.5208124420360608,-0.004232365000784388
241,bsa,15000000.0,2.48,2.349632147799416,0.3944516808262163,0.3709998755969619,-0.023451805229254385
242,bsa,100.0,4.68,4.087433271795647,0.670245853074124,0.611450675777826,-0.05879517729629802
242,bsa,1000.0,4.13,3.8728426895764496,0.615950051656401,0.588029856801111,-0.02792019485529007
242,bsa,10000.0,3.27,3.6158807828312027,0.5145477526602861,0.5582141031606057,0.04366635050031964
242,bsa,100000.0,2.1,3.2650409725482477,0.3222192947339193,0.5138886355467635,0.19166934081284415
242,bsa,15000000.0,2.0,2.452821385258624,0.3010299956639812,0.38966592398262834,0.08863592831864714
243,bsa,100.0,1.008,0.9985201702049651,0.003460532109506489,-0.0006431579137191838,-0.004103690023225673
243,bsa,1000.0,1.008,0.9958114854744898,0.003460532109506489,-0.0018228689729642396,-0.005283401082470728
243,bsa,10000.0,0.96,0.9869676830456999,-0.017728766960431602,-0.00569706749723453,0.012031699463197073
243,bsa,100000.0,0.96,0.9708176169405717,-0.017728766960431602,-0.012862351344368436,0.004866415616063166
243,bsa,15000000.0,0.8,0.9061524624683591,-0.09691001300805639,-0.04279872501845314,0.054111287989603254
244,bsa,100.0,1.032,1.0482993944565153,0.01367969729119256,0.02048533492917579,0.0068056376379832285
244,bsa,1000.0,1.032,1.0451042300633837,0.01367969729119256,0.01915960555142253,0.005479908260229968
244,bsa,10000.0,1.032,1.0342575915700385,0.01367969729119256,0.014628717350848402,0.0009490200596558411
244,bsa,100000.0,0.96,1.010952118704887,-0.017728766960431602,0.0047305867733070835,0.022459353733738686
244,bsa,15000000.0,0.8,0.9424421381928496,-0.09691001300805639,-0.025745304077023256,0.07116470893103313
245,bsa,100.0,1.104,1.1160068684812494,0.04296907339318013,0.04766686748178071,0.0046977940886005765
245,bsa,1000.0,1.104,1.1153954196823992,0.04296907339318013,0.04742885674981899,0.004459783356638859
245,bsa,10000.0,1.104,1.1021309680991591,0.04296907339318013,0.04223320553494824,-0.0007358678582318895
245,bsa,100000.0,1.056,1.0752177070531201,0.023663918197793475,0.03149640787877821,0.007832489680984732
245,bsa,15000000.0,0.88,0.989208094698999,-0.05551732784983137,-0.004712338460432743,0.050804989389398626
246,bsa,100.0,1.2,1.145446415296082,0.07918124604762482,0.05897477743153049,-0.020206468616094327
246,bsa,1000.0,1.2,1.1490657723462014,0.07918124604762482,0.0603448883484121,-0.01883635769921272
246,bsa,10000.0,1.2,1.1343579230173446,0.07918124604762482,0.05475010875904139,-0.024431137288583427
246,bsa,100000.0,1.152,1.1024113033249612,0.06145247908719321,0.04234365752662316,-0.019108821560570047
246,bsa,15000000.0,0.96,1.0099732162522135,-0.017728766960431602,0.0043098567647183094,0.022038623725149913
247,bsa,100.0,1.008,1.0125725722496242,0.003460532109506489,0.0054261593909709195,0.0019656272814644305
247,bsa,1000.0,1.008,1.0310523863408974,0.003460532109506489,0.013280731744033672,0.009820199634527182
247,bsa,10000.0,0.96,1.023745700482139,-0.017728766960431602,0.010192090826298695,0.0279208577867303
247,bsa,100000.0,0.96,0.9953044944696324,-0.017728766960431602,-0.002044034794303127,0.015684732166128475
247,bsa,15000000.0,0.8,0.8974360930403316,-0.09691001300805639,-0.04699646801774449,0.0499135449903119
248,bsa,100.0,1.032,1.0618875854642527,0.01367969729119256,0.026078543490612758,0.012398846199420197
248,bsa,1000.0,1.032,1.0807410259959611,0.01367969729119256,0.033721638027927964,0.020041940736735403
248,bsa,10000.0,1.032,1.0762991048734187,0.01367969729119256,0.03193297908569883,0.01825328179450627
248,bsa,100000.0,0.96,1.0432781236649398,-0.017728766960431602,0.0184001008247883,0.0361288677852199
248,bsa,15000000.0,0.8,0.934240332337162,-0.09691001300805639,-0.02954138760125479,0.06736862540680161
249,bsa,100.0,1.2,1.1343559852762295,0.07918124604762482,0.05474936688473932,-0.0244318791628855
249,bsa,1000.0,1.2,1.1470573227990402,0.07918124604762482,0.05958512178378897,-0.01959612426383585
249,bsa,10000.0,1.2,1.1462542352003577,0.07918124604762482,0.05928095331995069,-0.01990029272767413
249,bsa,100000.0,1.152,1.1119092682276928,0.06145247908719321,0.046069350271490145,-0.015383128815703064
249,bsa,15000000.0,0.96,0.9801363933257591,-0.017728766960431602,-0.008713484769682266,0.009015282190749336
250,bsa,100.0,1.344,1.1623999822647693,0.12839926871780646,0.06535559466374961,-0.06304367405405685
250,bsa,1000.0,1.344,1.1739043669635454,0.12839926871780646,0.0696327182133597,-0.05876655050444676
250,bsa,10000.0,1.344,1.1751109959641932,0.12839926871780646,0.0700788901465422,-0.058320378571264264
250,bsa,100000.0,1.296,1.1369022928943338,0.11260500153457455,0.05572314236566993,-0.05688185916890462
250,bsa,15000000.0,1.08,0.9901952276044812,0.03342375548694973,-0.004279171147368426,-0.03770292663431816
251,bsa,100.0,1.008,1.0665037345386288,0.003460532109506489,0.027962380541827554,0.024501848432321064
251,bsa,1000.0,1.008,1.0475125038466402,0.003460532109506489,0.020159215713930072,0.016698683604423583
251,bsa,10000.0,0.96,1.0172187081232964,-0.017728766960431602,0.007414338880785123,0.025143105841216727
251,bsa,100000.0,0.96,0.9791094057462588,-0.017728766960431602,-0.00916877739281341,0.008559989567618193
251,bsa,15000000.0,0.8,0.8788059933123088,-0.09691001300805639,-0.05610698992450356,0.04080302308355283
252,bsa,100.0,1.044,1.131112864847739,0.01870049866624337,0.053505941914848094,0.034805443248604725
252,bsa,1000.0,1.032,1.114849054193268,0.01367969729119256,0.0472160697441267,0.033536372452934136
252,bsa,10000.0,1.0387527772064538,1.0786471305740364,0.016512197922204108,0.03287939249678338,0.01636719457457927
252,bsa,100000.0,0.984,1.035486210960413,-0.007004901568658489,0.015144319990769227,0.022149221559427716
252,bsa,15000000.0,0.82,0.9179308704331118,-0.08618614761628333,-0.03719002437600296,0.048996123240280375
253,bsa,100.0,1.104,1.2177129321424187,0.04296907339318013,0.08554491827992115,0.04257584488674102
253,bsa,1000.0,1.104,1.2042681912995126,0.04296907339318013,0.08072321535294565,0.037754141959765515
253,bsa,10000.0,1.104,1.1622807328781275,0.04296907339318013,0.06531103856596213,0.022341965172781995
253,bsa,100000.0,1.056,1.110654030050706,0.023663918197793475,0.04557879679917951,0.021914878601386037
253,bsa,15000000.0,0.88,0.9670942042551913,-0.05551732784983137,-0.014531219406649719,0.04098610844318165
254,bsa,100.0,1.128,1.222807893784688,0.05230909964732344,0.08735823363277703,0.03504913398545359
254,bsa,1000.0,1.128,1.2024708451838826,0.05230909964732344,0.0800745553749699,0.02776545572764645
254,bsa,10000.0,1.128,1.162224441140507,0.05230909964732344,0.06529000424751587,0.012980904600192425
254,bsa,100000.0,1.056,1.1195487275300158,0.023663918197793475,0.04904300067240827,0.025379082474614796
254,bsa,15000000.0,0.88,0.9725756247287334,-0.05551732784983137,-0.012076619179173709,0.04344070867065766
255,bsa,100.0,1.248,1.2532010687392592,0.09621458534640519,0.09802075657941295,0.0018061712330077612
255,bsa,1000.0,1.248,1.2397250893768472,0.09621458534640519,0.09332539048210908,-0.0028891948642961046
255,bsa,10000.0,1.2,1.1960892118838033,0.07918124604762482,0.07776357328443675,-0.0014176727631880631
255,bsa,100000.0,1.2,1.1370826930140374,0.07918124604762482,0.055792049396430336,-0.02338919665119448
255,bsa,15000000.0,1.0,0.9848625722573838,0.0,-0.006624366735125229,-0.006624366735125229
256,bsa,100.0,1.344,1.2555149648025161,0.12839926871780646,0.09882189354629127,-0.029577375171515194
256,bsa,1000.0,1.344,1.238451117691806,0.12839926871780646,0.092878869431608,-0.03552039928619846
256,bsa,10000.0,1.344,1.1960280378182113,0.12839926871780646,0.07774136069504023,-0.050657908022766235
256,bsa,100000.0,1.248,1.14610566229662,0.09621458534640519,0.05922465815232497,-0.036989927194080216
256,bsa,15000000.0,1.04,0.9894883419388985,0.01703333929878037,-0.0045893182452878736,-0.021622657544068245
257,poly-higg,100.0,1.08,1.1834434231558062,0.03342375548694973,0.07314750045812199,0.03972374497117226
257,poly-higg,1000.0,1.068,1.1957695548497762,0.028571252692537637,0.07764749177599917,0.04907623908346153
257,poly-higg,10000.0,1.0753891812807646,1.207191092544155,0.03156566303779064,0.08177602226687627,0.050210359229085635
257,poly-higg,100000.0,1.056,1.1987391608812645,0.023663918197793475,0.0787246932625676,0.05506077506477413
257,poly-higg,15000000.0,0.88,1.1215153215420104,-0.05551732784983137,0.04980521105826166,0.10532253890809304
258,poly-higg,100.0,1.392,1.2943465179379547,0.14363923527454328,0.11205055970369884,-0.03158867557084444
258,poly-higg,1000.0,1.392,1.3058480336651288,0.14363923527454328,0.11589263943465714,-0.027746595839886146
258,poly-higg,10000.0,1.392,1.3046345791635554,0.14363923527454328,0.11548888525568565,-0.02815035001885763
258,poly-higg,100000.0,1.344,1.290331656405591,0.12839926871780646,0.11070135218626896,-0.017697916531537503
258,poly-higg,15000000.0,1.12,1.2039134430164693,0.04921802267018165,0.08059526385567536,0.03137724118549371
263,ibalizumab,100.0,15.07,11.42836287617902,1.1781132523146318,1.0579840217544696,-0.12012923056016223
263,ibalizumab,1000.0,11.94,9.886012374514264,1.0770043267933502,0.995021149739961,-0.0819831770533892
263,ibalizumab,10000.0,10.11,8.289531412874814,1.0047511555910011,0.9185299816293486,-0.08622117396165252
263,ibalizumab,100000.0,6.46,6.188484580530388,0.8102325179950841,0.7915843131738474,-0.018648204821236747
263,ibalizumab,15000000.0,4.5,4.365636079029433,0.6532125137753437,0.6400475299400723,-0.013164983835271427
264,ibalizumab,100.0,11.94,9.475513776249706,1.0770043267933502,0.9766027673620992,-0.10040155943125106
264,ibalizumab,1000.0,8.73,8.320070739640345,0.9410142437055697,0.9201270188033261,-0.020887224902243595
264,ibalizumab,10000.0,7.56,6.864949326136685,0.8785217955012065,0.836637335824713,-0.04188445967649346
264,ibalizumab,100000.0,5.68,5.8808087016704205,0.7543483357110189,0.7694370523555861,0.015088716644567235
264,ibalizumab,15000000.0,5.41,4.944767880520971,0.7331972651065695,0.6941459095681953,-0.03905135553837413
266,ibalizumab,100.0,8.27,7.242962168424561,0.9175055095525466,0.8599162167915809,-0.057589292760965693
266,ibalizumab,1000.0,7.35,6.76440486039289,0.8662873390841949,0.8302295929192962,-0.03605774616489865
266,ibalizumab,10000.0,7.35,6.204048975325908,0.8662873390841949,0.7926752175151712,-0.07361212156902364
266,ibalizumab,100000.0,5.87,5.655323436203563,0.7686381012476144,0.7524574479072097,-0.01618065334040475
266,ibalizumab,15000000.0,5.0,4.6951894514968515,0.6989700043360189,0.6716531207937569,-0.027316883542261916
265,ibalizumab,100.0,6.15,9.599750630678242,0.7888751157754168,0.9822599516721711,0.19338483589675426
265,ibalizumab,1000.0,5.97,8.414495883130622,0.7759743311293691,0.9250281022806204,0.1490537711512513
265,ibalizumab,10000.0,5.97,7.3355946517653825,0.7759743311293691,0.865435325202143,0.08946099407277386
265,ibalizumab,100000.0,5.28,5.8358593286224325,0.7226339225338123,0.7661048148287917,0.04347089229497936
265,ibalizumab,15000000.0,4.1,4.196921463585316,0.6127838567197355,0.6229308423945608,0.010146985674825304
268,ibalizumab,100.0,3.67,3.8839015131329755,0.5646660642520893,0.5892682086599662,0.02460214440787689
268,ibalizumab,1000.0,3.67,3.7034292535732094,0.5646660642520893,0.5686040527607377,0.003937988508648349
268,ibalizumab,10000.0,3.67,3.5702063214622415,0.5646660642520893,0.5526933146229478,-0.011972749629141521
268,ibalizumab,100000.0,3.28,3.362286698316701,0.5158738437116791,0.5266347424729606,0.010760898761281501
268,ibalizumab,15000000.0,2.7,2.7175720421279057,0.43136376415898736,0.43418106594467937,0.0028173017856920057
293,poly-higg,100.0,5.91,5.096023170637752,0.7715874808812554,0.7072313939853083,-0.06435608689594707
293,poly-higg,1000.0,5.91,4.994674014712937,0.7715874808812554,0.6985071485717579,-0.07308033230949751
293,poly-higg,10000.0,5.91,4.859247338797238,0.7715874808812554,0.6865690054925052,-0.08501847538875018
293,poly-higg,100000.0,5.37,4.4609722666549985,0.7299742856995556,0.6494295232917986,-0.08054476240775699
293,poly-higg,15000000.0,2.52,3.205635820133727,0.4014005407815441,0.5059141823069442,0.1045136415254001
294,poly-higg,100.0,8.27,7.055392873361079,0.9175055095525466,0.8485212020708381,-0.06898430748170847
294,poly-higg,1000.0,6.7,6.625868815451174,0.8260748027008264,0.8212428331019841,-0.004831969598842356
294,poly-higg,10000.0,6.7,6.220651307022103,0.8260748027008264,0.7938358580408873,-0.03223894465993915
294,poly-higg,100000.0,6.12,5.779147530138867,0.7867514221455612,0.7618637812819927,-0.024887640863568428
294,poly-higg,15000000.0,4.7,4.152467982917812,0.6720978579357175,0.6183062925633535,-0.05379156537236407
295,poly-higg,100.0,4.59,5.0540160903020634,0.6618126855372612,0.7036366202349198,0.04182393469765855
295,poly-higg,1000.0,4.22,4.950429726482445,0.6253124509616739,0.6946428998910679,0.069330448929394
295,poly-higg,10000.0,4.22,4.797182466912531,0.6253124509616739,0.680986237720878,0.05567378675920409
295,poly-higg,100000.0,3.85,4.518779841151181,0.5854607295085007,0.6550211826451342,0.0695604531366335
295,poly-higg,15000000.0,3.0,3.211727283449156,0.47712125471966244,0.5067386610395465,0.02961740631988402
296,poly-higg,100.0,10.11,9.785731484963183,1.0047511555910011,0.9905932947880414,-0.014157860802959776
296,poly-higg,1000.0,8.27,8.554174635679649,0.9175055095525466,0.9321781122450651,0.014672602692518466
296,poly-higg,10000.0,8.27,7.631695602465296,0.9175055095525466,0.8826210397874934,-0.034884469765053217
296,poly-higg,100000.0,6.71,6.858914694202074,0.8267225201689921,0.8362554014781547,0.009532881309162633
296,poly-higg,15000000.0,4.55,4.678617951219569,0.6580113966571124,0.6701175828174357,0.012106186160323329
297,poly-higg,100.0,5.6,6.764557118208189,0.7481880270062004,0.8302393682042173,0.08205134119801694
297,poly-higg,1000.0,5.6,6.007399321159492,0.7481880270062004,0.7786865011353192,0.03049847412911888
297,poly-higg,10000.0,5.6,5.445125188082945,0.7481880270062004,0.7360078690079791,-0.012180157998221253
297,poly-higg,100000.0,5.11,4.848783862248053,0.7084209001347127,0.6856328255828223,-0.022788074551890358
297,poly-higg,15000000.0,2.6,3.6392500498283917,0.414973347970818,0.5610118966221906,0.14603854865137267
298,poly-higg,100.0,5.42,6.078381218796605,0.7339992865383869,0.7837879343138303,0.04978864777544345
298,poly-higg,1000.0,5.42,5.5022368466043226,0.7339992865383869,0.7405392808845311,0.006539994346144273
298,poly-higg,10000.0,5.42,5.062474512324698,0.7339992865383869,0.704362849717124,-0.029636436821262824
298,poly-higg,100000.0,4.95,4.535382399963666,0.6946051989335688,0.6566139104022101,-0.03799128853135869
298,poly-higg,15000000.0,2.88,3.4925103423735924,0.45939248775923086,0.5431377008647107,0.08374521310547983
299,poly-higg,100.0,11.48,12.103790123882517,1.0599418880619547,1.0829213845433903,0.022979496481435602
299,poly-higg,1000.0,11.48,10.790878021571942,1.0599418880619547,1.0330567833677886,-0.02688510469416605
299,poly-higg,10000.0,11.48,9.406290366381018,1.0599418880619547,0.9734183810197355,-0.08652350704221912
299,poly-higg,100000.0,9.23,8.352662833599489,0.9652017010259121,0.9218249508823817,-0.043376750143530374
299,poly-higg,15000000.0,6.0,5.862583842645157,0.7781512503836436,0.7680890667487714,-0.010062183634872213
300,poly-higg,100.0,9.19,9.220538813130375,0.9633155113861113,0.9647563003087299,0.0014407889226186743
300,poly-higg,1000.0,9.19,8.469485787092495,0.9633155113861113,0.9278570435529749,-0.03545846783313633
300,poly-higg,10000.0,9.19,7.530370657138957,0.9633155113861113,0.8768163534103091,-0.08649915797580221
300,poly-higg,100000.0,8.39,6.3271696255554515,0.9237619608287003,0.8012094776479011,-0.12255248318079925
300,poly-higg,15000000.0,5.8,4.751001496293676,0.7634279935629372,0.6767851671971437,-0.08664282636579357
301,poly-higg,100.0,8.27,8.287608318362572,0.9175055095525466,0.9184292176432651,0.0009237080907185113
301,poly-higg,1000.0,6.98,7.4368555581445115,0.8438554226231612,0.8713893465123624,0.027533923889201284
301,poly-higg,10000.0,6.98,6.403993860223194,0.8438554226231612,0.8064509068711745,-0.03740451575198667
301,poly-higg,100000.0,6.04,5.657913350204512,0.7810369386211319,0.75265629203999,-0.028380646581141922
301,poly-higg,15000000.0,4.3,4.444317533084315,0.6334684555795865,0.6478050804083103,0.014336624828723776
302,trastuzumab,100.0,7.29,7.651131160619528,0.8627275283179746,0.8837256469835726,0.020998118665597976
302,trastuzumab,1000.0,5.99,6.359792638756437,0.7774268223893114,0.803442955693703,0.026016133304391675
302,trastuzumab,10000.0,3.55,4.685828424520023,0.5502283530550941,0.6707863825007288,0.12055802944563465
302,trastuzumab,100000.0,3.22,3.570460055539352,0.5078558716958309,0.5527241787758961,0.04486830708006517
302,trastuzumab,15000000.0,1.06,2.044284016294373,0.02530586526477026,0.3105412330187528,0.28523536775398256
303,trastuzumab,100.0,4.69,5.752299308949556,0.6711728427150833,0.7598414755742845,0.08866863285920124
303,trastuzumab,1000.0,4.69,5.092139071977948,0.6711728427150833,0.7069002562086075,0.03572741349352426
303,trastuzumab,10000.0,4.59,4.383411929725042,0.6618126855372612,0.6418122852558928,-0.020000400281368402
303,trastuzumab,100000.0,3.85,3.5282146182171106,0.5854607295085007,0.5475549950177424,-0.03790573449075829
303,trastuzumab,15000000.0,1.9,2.2943436893676563,0.2787536009528289,0.360658475123949,0.08190487417112008
304,trastuzumab,100.0,3.4,3.832255692169364,0.5314789170422551,0.5834544779622466,0.05197556091999145
304,trastuzumab,1000.0,3.4,3.585973536812335,0.5314789170422551,0.5546070803017963,0.023128163259541146
304,trastuzumab,10000.0,3.3,3.2712837376166655,0.5185139398778874,0.5147182146651922,-0.0037957252126952223
304,trastuzumab,100000.0,3.04,2.792774485624956,0.48287358360875376,0.44603586817403035,-0.03683771543472342
304,trastuzumab,15000000.0,2.34,1.9153013453716392,0.3692158574101428,0.2822371137281602,-0.0869787436819826
305,trastuzumab,100.0,1.9,2.0308167968314907,0.2787536009528289,0.30767074678548373,0.02891714583265481
305,trastuzumab,1000.0,1.9,1.9244401625316205,0.2787536009528289,0.2843044119303042,0.0055508109774752845
305,trastuzumab,10000.0,1.9,1.7914029303810128,0.2787536009528289,0.2531932802989321,-0.025560320653896795
305,trastuzumab,100000.0,1.56,1.6564982340693473,0.1931245983544616,0.2191909772331634,0.02606637887870178
305,trastuzumab,15000000.0,1.2,1.3775609321658864,0.07918124604762482,0.13911081762775193,0.059929571580127114
306,trastuzumab,100.0,1.95,2.8765043493044864,0.290034611362518,0.458865035019787,0.16883042365726897
306,trastuzumab,1000.0,1.95,2.5457033185034748,0.290034611362518,0.4058077886952536,0.11577317733273557
306,trastuzumab,10000.0,1.95,2.2080533435544774,0.290034611362518,0.3440095611457089,0.053974949783190895
306,trastuzumab,100000.0,1.79,1.9226827951419982,0.2528530309798932,0.2839076400977049,0.031054609117811716
306,trastuzumab,15000000.0,0.8,1.2675581147355108,-0.09691001300805639,0.1029678799030988,0.1998778929111552
307,trastuzumab,100.0,3.99,3.8136205063219415,0.6009728956867483,0.5813374741818657,-0.019635421504882622
307,trastuzumab,1000.0,3.4,3.602931666183006,0.5314789170422551,0.5566560252974018,0.02517710825514663
307,trastuzumab,10000.0,3.1,3.3211816291807343,0.4913616938342727,0.5212926269967567,0.02993093316248402
307,trastuzumab,100000.0,3.13,2.866884219138021,0.49554433754644844,0.45741015405398067,-0.03813418349246778
307,trastuzumab,15000000.0,1.85,2.112042076735412,0.26717172840301384,0.3247025660928247,0.057530837689810876
308,trastuzumab,100.0,3.9,4.217597782251544,0.5910646070264992,0.6250651602119615,0.034000553185462246
308,trastuzumab,1000.0,3.3,3.8532463330263846,0.5185139398778874,0.5858267737818605,0.06731283390397313
308,trastuzumab,10000.0,3.3,3.453163467949463,0.5185139398778874,0.5382171377320297,0.019703197854142318
308,trastuzumab,100000.0,2.48,2.959148643068277,0.3944516808262163,0.47116678105889204,0.07671510023267575
308,trastuzumab,15000000.0,1.8,1.8826980207410247,0.25527250510330607,0.2747806660373064,0.019508160934000318
309,trastuzumab,100.0,3.5,3.0608377583434465,0.5440680443502757,0.48584031015154927,-0.0582277341987264
309,trastuzumab,1000.0,2.6,2.6120739437319456,0.414973347970818,0.41698546697524597,0.0020121190044279924
309,trastuzumab,10000.0,2.0,2.2764073972607286,0.3010299956639812,0.3572499881927871,0.056219992528805884
309,trastuzumab,100000.0,1.84,2.0398479064432355,0.2648178230095365,0.30959778710487645,0.044779964095339964
309,trastuzumab,15000000.0,1.6,1.6543374378338993,0.2041199826559248,0.21862409798707186,0.014504115331147066
310,trastuzumab,100.0,2.5,2.7277357855743634,0.3979400086720376,0.43580230131280295,0.03786229264076535
310,trastuzumab,1000.0,2.5,2.5677311621064502,0.3979400086720376,0.40954955174669283,0.011609543074655226
310,trastuzumab,10000.0,2.1,2.3267698081784647,0.3222192947339193,0.36675341982180826,0.044534125087888954
310,trastuzumab,100000.0,1.66,2.0872294429324736,0.22010808804005508,0.31957019239195184,0.09946210435189676
310,trastuzumab,15000000.0,1.25,1.6824510059183964,0.09691001300805642,0.22594242613875085,0.1290324131306944
311,trastuzumab,100.0,2.95,3.915199773543334,0.46982201597816303,0.5927539268879543,0.12293191090979122
311,trastuzumab,1000.0,2.95,3.4864941625888766,0.46982201597816303,0.54238894240554,0.072566926427377
311,trastuzumab,10000.0,2.95,3.0426598807142726,0.46982201597816303,0.48325340809771566,0.013431392119552632
311,trastuzumab,100000.0,2.71,2.5955103839409865,0.4329692908744057,0.4142227707140974,-0.01874652016030831
311,trastuzumab,15000000.0,2.36,1.7958960503486208,0.37291200297010657,0.2542811953232154,-0.11863080764689116
312,trastuzumab,100.0,3.99,3.7167897026681866,0.6009728956867483,0.5701679892489444,-0.03080490643780387
312,trastuzumab,1000.0,3.15,3.2953476739310834,0.4983105537896005,0.5179012413592484,0.019590687569647935
312,trastuzumab,10000.0,2.4,2.8587233532985854,0.38021124171160603,0.45617212949261166,0.07596088778100563
312,trastuzumab,100000.0,1.93,2.4507331383884,0.28555730900777376,0.3892960232736457,0.10373871426587195
312,trastuzumab,15000000.0,1.68,1.7747658104447468,0.22530928172586284,0.24914105376200354,0.023831772036140703
313,trastuzumab,100.0,3.6,4.078104325255836,0.5563025007672873,0.6104583316195119,0.05415583085222464
313,trastuzumab,1000.0,3.6,3.747135032143541,0.5563025007672873,0.5736993436564244,0.01739684288913712
313,trastuzumab,10000.0,3.15,3.179772831630455,0.4983105537896005,0.5023960943575714,0.004085540567970891
313,trastuzumab,100000.0,2.9,2.75929911148342,0.4623979978989561,0.44079878109740717,-0.021599216801548915
313,trastuzumab,15000000.0,2.5,2.1660064425677525,0.3979400086720376,0.33565974405636667,-0.06228026461567093
314,trastuzumab,100.0,4.19,3.3412606945605425,0.6222140229662954,0.5239103618375295,-0.09830366112876587
314,trastuzumab,1000.0,3.4,3.022952542113913,0.5314789170422551,0.48043132916265496,-0.051047587879600176
314,trastuzumab,10000.0,2.6,2.6547960104225314,0.414973347970818,0.4240311563209237,0.009057808350105723
314,trastuzumab,100000.0,1.99,2.3514023287622896,0.29885307640970665,0.3713269439749176,0.07247386756521096
314,trastuzumab,15000000.0,1.73,1.885557013211524,0.2380461031287954,0.27543966861584596,0.037393565487050556
315,trastuzumab,100.0,2.6,3.442697833170328,0.414973347970818,0.5368989061941892,0.12192555822337126
315,trastuzumab,1000.0,2.6,3.039463380627357,0.414973347970818,0.4827969153838018,0.06782356741298384
315,trastuzumab,10000.0,2.05,2.6372364033349203,0.31175386105575426,0.42114906193681084,0.10939520088105659
315,trastuzumab,100000.0,1.89,2.2990511097813635,0.2764618041732441,0.3615486260971565,0.08508682192391237
315,trastuzumab,15000000.0,1.64,1.7499293905632902,0.21484384804769785,0.24302052531063995,0.028176677262942096
316,trastuzumab,100.0,2.45,4.150184443183347,0.3891660843645325,0.618067398128179,0.22890131376364653
316,trastuzumab,1000.0,2.45,3.8476982234588655,0.3891660843645325,0.5852010028080861,0.19603491844355359
316,trastuzumab,10000.0,2.45,3.4966342547447042,0.3891660843645325,0.543650207815908,0.15448412345137552
316,trastuzumab,100000.0,2.25,3.164784883315417,0.3521825181113625,0.5003441955021529,0.14816167739079045
316,trastuzumab,15000000.0,1.96,2.374865404818366,0.292256071356476,0.375639001076221,0.08338292971974498
317,trastuzumab,100.0,3.7,3.3899249628992725,0.568201724066995,0.5301900850586997,-0.038011639008295295
317,trastuzumab,1000.0,3.16,3.1282534110960483,0.49968708261840383,0.4953019267992299,-0.004385155819173925
317,trastuzumab,10000.0,2.7,2.83117878320474,0.43136376415898736,0.45196729504778604,0.020603530888798682
317,trastuzumab,100000.0,2.3,2.4447985230545743,0.36172783601759284,0.3882430745308044,0.02651523851321158
317,trastuzumab,15000000.0,2.0,1.7917113996277314,0.3010299956639812,0.25326805686461173,-0.04776193879936946
318,poly-higg,100.0,1.81,1.92041076671986,0.2576785748691845,0.28339413216169573,0.025715557292511237
318,poly-higg,1000.0,1.81,1.8578298578024126,0.2576785748691845,0.26900593829002517,0.011327363420840675
318,poly-higg,10000.0,1.81,1.7891518232723065,0.2576785748691845,0.25264719535313024,-0.005031379516054257
318,poly-higg,100000.0,1.67,1.7067537025458535,0.22271647114758325,0.23217085366139714,0.009454382513813891
318,poly-higg,15000000.0,1.45,1.4287788038239972,0.16136800223497488,0.15496499875992698,-0.006403003475047908
319,poly-higg,100.0,11.98,9.934690544742635,1.0784568180532925,0.9971543438359924,-0.08130247421730008
319,poly-higg,1000.0,10.39,9.030753345672062,1.0166155475571774,0.9557239806813393,-0.06089156687583808
319,poly-higg,10000.0,6.09,7.764006070724265,0.7846172926328754,0.8900858662939938,0.10546857366111839
319,poly-higg,100000.0,4.96,6.174041412976004,0.6954816764901974,0.7905695382278126,0.09508786173761519
319,poly-higg,15000000.0,4.31,3.615070356718105,0.6344772701607315,0.5581167539782949,-0.07636051618243667
320,poly-higg,100.0,1.6,1.9179244072534978,0.2041199826559248,0.28283148596309227,0.07871150330716747
320,poly-higg,1000.0,1.6,1.8600255107751342,0.2041199826559248,0.26951890073022405,0.06539891807429926
320,poly-higg,10000.0,1.6,1.7888162931164604,0.2041199826559248,0.2525657419187322,0.04844575926280742
320,poly-higg,100000.0,1.47,1.725106986987826,0.1673173347481761,0.23681603414415095,0.06949869939597486
320,poly-higg,15000000.0,1.28,1.4939339926416497,0.10720996964786837,0.17433140921647203,0.06712143956860366
321,poly-higg,100.0,11.29,14.770206685335506,1.052693941924968,1.1693865726086765,0.11669263068370861
321,poly-higg,1000.0,11.29,12.86586996826018,1.052693941924968,1.1094391577939895,0.05674521586902159
321,poly-higg,10000.0,9.59,10.889234684781306,0.9818186071706636,1.0369973578222595,0.05517875065159594
321,poly-higg,100000.0,8.73,9.18806519321,0.9410142437055697,0.9632240680370192,0.022209824331449468
321,poly-higg,15000000.0,5.0,4.0496064319515614,0.6989700043360189,0.6074128176005413,-0.09155718673547752
322,poly-higg,100.0,1.3,1.84001809745589,0.11394335230683679,0.2648220945239809,0.15087874221714415
322,poly-higg,1000.0,1.3,1.8156451758883154,0.11394335230683679,0.2590309800825575,0.1450876277757207
322,poly-higg,10000.0,1.3,1.7667066297738354,0.11394335230683679,0.2471644387833683,0.13322108647653153
322,poly-higg,100000.0,1.2,1.7297882879658657,0.07918124604762482,0.23799295226484712,0.1588117062172223
322,poly-higg,15000000.0,1.04,1.5656047638574977,0.01703333929878037,0.1946821341330031,0.17764879483422272
323,poly-higg,100.0,1.6,1.971734283201132,0.2041199826559248,0.29484838772743993,0.09072840507151514
323,poly-higg,1000.0,1.6,1.9213198735272854,0.2041199826559248,0.28359967498302685,0.07947969232710206
323,poly-higg,10000.0,1.6,1.8799429131533503,0.2041199826559248,0.27414466156213024,0.07002467890620545
323,poly-higg,100000.0,1.47,1.838563569036501,0.1673173347481761,0.2644786503617992,0.0971613156136231
323,poly-higg,15000000.0,1.28,1.5854443091956885,0.10720996964786837,0.20015099146951787,0.0929410218216495
324,poly-higg,100.0,1.7,1.6680263218295115,0.2304489213782739,0.222202899620134,-0.008246021758139904
324,poly-higg,1000.0,1.7,1.5882670370732064,0.2304489213782739,0.20092352263610264,-0.029525398742171277
324,poly-higg,10000.0,1.6,1.5511658316383425,0.2041199826559248,0.19065822973854668,-0.013461752917378111
324,poly-higg,100000.0,1.47,1.5082056057740434,0.1673173347481761,0.1784605506626567,0.011143215914480614
324,poly-higg,15000000.0,1.28,1.4036642937291395,0.10720996964786837,0.1472632525130854,0.04005328286521702
325,poly-higg,100.0,2.0,2.095144434679302,0.3010299956639812,0.32121396764695803,0.020183971982976834
325,poly-higg,1000.0,2.0,2.034725126406248,0.3010299956639812,0.30850574813226705,0.007475752468285857
325,poly-higg,10000.0,2.0,1.9457082415516938,0.3010299956639812,0.28907771846898755,-0.011952277194993643
325,poly-higg,100000.0,1.84,1.91859991621545,0.2648178230095365,0.28298442116847544,0.01816659815893895
325,poly-higg,15000000.0,1.6,1.6971426520095596,0.2041199826559248,0.22971834813783273,0.025598365481907942
326,poly-higg,100.0,2.4,2.5595070706433405,0.38021124171160603,0.4081563336272858,0.027945091915679787
326,poly-higg,1000.0,2.1,2.322696959120687,0.3222192947339193,0.36599255135564834,0.04377325662172904
326,poly-higg,10000.0,1.8,2.1253340913665086,0.25527250510330607,0.3274272085662447,0.07215470346293862
326,poly-higg,100000.0,1.66,1.9769312768039395,0.22010808804005508,0.2959915723872255,0.07588348434717043
326,poly-higg,15000000.0,1.44,1.5894762734193832,0.15836249209524964,0.20125404945749586,0.04289155736224623
327,poly-higg,100.0,1.5,1.8553076274120845,0.17609125905568124,0.2684159300215757,0.09232467096589447
327,poly-higg,1000.0,1.5,1.7988516896344724,0.17609125905568124,0.25499535843809523,0.078904099382414
327,poly-higg,10000.0,1.5,1.7412512968787384,0.17609125905568124,0.24086145289336663,0.0647701938376854
327,poly-higg,100000.0,1.5,1.6520816787053894,0.17609125905568124,0.2180315149783976,0.04194025592271636
327,poly-higg,15000000.0,1.5,1.4992277517023518,0.17609125905568124,0.17586761269768186,-0.00022364635799937416
328,poly-higg,100.0,1.45,1.6860448167477977,0.16136800223497488,0.22686911442133403,0.06550111218635915
328,poly-higg,1000.0,1.45,1.636163673015728,0.16136800223497488,0.21382674599306928,0.052458743758094395
328,poly-higg,10000.0,1.45,1.6144021118793332,0.16136800223497488,0.20801171701532103,0.04664371478034615
328,poly-higg,100000.0,1.45,1.5927862562512722,0.16136800223497488,0.20215749961855903,0.040789497383584145
328,poly-higg,15000000.0,1.45,1.5302433596553189,0.16136800223497488,0.18476050359595297,0.02339250136097809
329,poly-higg,100.0,2.8,1.9958862733929126,0.4471580313422192,0.30013579133760765,-0.14702224000461156
329,poly-higg,1000.0,2.4,1.9397873705883542,0.38021124171160603,0.28775412743481066,-0.09245711427679537
329,poly-higg,10000.0,2.0,1.86483025037556,0.3010299956639812,0.2706393054849704,-0.030390690179010804
329,poly-higg,100000.0,1.84,1.8011330090247448,0.2648178230095365,0.25554578553054735,-0.009272037478989137
329,poly-higg,15000000.0,1.6,1.6253853724862641,0.2041199826559248,0.2109563470391298,0.006836364383205007
330,poly-higg,100.0,2.23,1.7213216352788099,0.34830486304816066,0.23586202743138662,-0.11244283561677404
330,poly-higg,1000.0,2.23,1.696533266659151,0.34830486304816066,0.22956237997574414,-0.11874248307241653
330,poly-higg,10000.0,2.23,1.6812362451486373,0.34830486304816066,0.22562874422798057,-0.12267611882018009
330,poly-higg,100000.0,2.23,1.6498769898380912,0.34830486304816066,0.21745156565269064,-0.13085329739547003
330,poly-higg,15000000.0,2.0,1.5466954619040656,0.3010299956639812,0.18940481128541017,-0.11162518437857102
331,poly-higg,100.0,8.44,8.647287400172894,0.926342446625655,0.9368798933730984,0.01053744674744339
331,poly-higg,1000.0,8.44,7.925824194897751,0.926342446625655,0.8990444348878283,-0.027298011737826755
331,poly-higg,10000.0,8.44,7.313419107577095,0.926342446625655,0.8641204621009314,-0.062221984524723606
331,poly-higg,100000.0,7.16,6.8243591639165055,0.8549130223078556,0.834061875545501,-0.020851146762354555
331,poly-higg,15000000.0,5.0,4.21381916858277,0.6989700043360189,0.6246758944017122,-0.07429410993430663
332,poly-higg,100.0,7.15,7.825098333660618,0.8543060418010806,0.8934898037900977,0.039183761989017074
332,poly-higg,1000.0,7.15,7.326394656444664,0.8543060418010806,0.8648903094281293,0.010584267627048671
332,poly-higg,10000.0,7.15,6.834145157404436,0.8543060418010806,0.8346841989857543,-0.019621842815326307
332,poly-higg,100000.0,6.89,6.204239741081001,0.8382192219076258,0.792688571252608,-0.04553065065501771
332,poly-higg,15000000.0,4.75,4.013553652255161,0.6766936096248666,0.6035290728995903,-0.07316453672527623
333,poly-higg,100.0,5.79,6.631377220912497,0.7626785637274363,0.8216037331300963,0.058925169402660016
333,poly-higg,1000.0,5.79,6.178720635510059,0.7626785637274363,0.7908985594807694,0.028219995753333116
333,poly-higg,10000.0,5.79,5.4494967409592725,0.7626785637274363,0.7363563971911131,-0.026322166536323133
333,poly-higg,100000.0,5.23,4.86614071087492,0.7185016888672743,0.6871846629739562,-0.031317025893318085
333,poly-higg,15000000.0,4.0,3.495761836994559,0.6020599913279624,0.5435418368907494,-0.05851815443721298
334,poly-higg,100.0,9.29,10.06677857031282,0.9680157139936417,1.0028905159394,0.034874801945758205
334,poly-higg,1000.0,8.69,9.046019504417599,0.9390197764486664,0.9564575198074019,0.01743774335873549
334,poly-higg,10000.0,7.39,8.191863048543112,0.8686444383948257,0.9133826831631053,0.04473824476827959
334,poly-higg,100000.0,6.52,7.202605581452874,0.8142475957319202,0.8574896332289234,0.04324203749700317
334,poly-higg,15000000.0,5.67,4.266188155698078,0.7535830588929066,0.6300400056327281,-0.12354305326017845
335,poly-higg,100.0,11.98,10.805724853779093,1.0784568180532925,1.033653904901605,-0.04480291315168761
335,poly-higg,1000.0,10.49,9.63475385561382,1.0207754881935578,0.9838406239718388,-0.03693486422171899
335,poly-higg,10000.0,8.99,8.582499166851175,0.9537596917332288,0.9336137699385154,-0.020145921794713417
335,poly-higg,100000.0,6.8,7.317319063029357,0.8325089127062363,0.8643519923426665,0.03184307963643018
335,poly-higg,15000000.0,5.0,4.291438114192967,0.6989700043360189,0.6326028540488053,-0.06636715028721352
336,poly-higg,100.0,9.19,13.295802794199682,0.9633155113861113,1.123714564951917,0.16039905356580564
336,poly-higg,1000.0,9.19,11.52410148084608,0.9633155113861113,1.0616070740076655,0.09829156262155425
336,poly-higg,10000.0,7.99,9.203772998350534,0.9025467793139914,0.9639658986993989,0.06141911938540745
336,poly-higg,100000.0,6.61,7.295597190178289,0.8202014594856403,0.8630608473992878,0.04285938791364752
336,poly-higg,15000000.0,5.0,4.2394482752659925,0.6989700043360189,0.6273093408855619,-0.07166066345045696
337,poly-higg,100.0,3.6,4.220355192657786,0.5563025007672873,0.6253490035019068,0.06904650273461954
337,poly-higg,1000.0,3.6,3.9766181055737446,0.5563025007672873,0.5995138855281829,0.04321138476089559
337,poly-higg,10000.0,3.6,3.6848687702481944,0.5563025007672873,0.5664220258797658,0.010119525112478489
337,poly-higg,100000.0,3.31,3.3598972154792253,0.5198279937757188,0.5263259918443157,0.006497998068596966
337,poly-higg,15000000.0,2.4,2.348993405613698,0.38021124171160603,0.3708817975738585,-0.009329444137747556
338,poly-higg,100.0,2.59,3.939283570231885,0.4132997640812518,0.5954172447223774,0.18211748064112565
338,poly-higg,1000.0,2.59,3.7580203074113654,0.4132997640812518,0.5749591225907092,0.16165935850945745
338,poly-higg,10000.0,2.59,3.5610494973131575,0.4132997640812518,0.551578010254028,0.13827824617277618
338,poly-higg,100000.0,2.59,3.4204055668175646,0.4132997640812518,0.5340776045906582,0.12077784050940643
338,poly-higg,15000000.0,2.59,2.6664651908317705,0.4132997640812518,0.4259359185914227,0.012636154510170916
339,poly-higg,100.0,3.0,3.8494601233478565,0.47712125471966244,0.585399825121034,0.10827857040137151
339,poly-higg,1000.0,3.0,3.6981141380538705,0.47712125471966244,0.5679803110313776,0.09085905631171515
339,poly-higg,10000.0,3.0,3.5022356390106526,0.47712125471966244,0.544345363129277,0.06722410840961451
339,poly-higg,100000.0,3.0,3.34154640340674,0.47712125471966244,0.5239474964648174,0.046826241745154984
339,poly-higg,15000000.0,3.0,2.65602968325577,0.47712125471966244,0.4242329243112474,-0.05288833040841506
340,poly-higg,100.0,5.79,3.5334098779483063,0.7626785637274363,0.5481940188122287,-0.21448454491520752
340,poly-higg,1000.0,4.74,3.4071887694841934,0.6757783416740851,0.5323961955796975,-0.1433821460943876
340,poly-higg,10000.0,4.74,3.2287966928704024,0.6757783416740851,0.5090406997262693,-0.16673764194781582
340,poly-higg,100000.0,4.31,3.081554433050275,0.6344772701607315,0.4887698435788072,-0.14570742658192432
340,poly-higg,15000000.0,3.66,2.4975104050561834,0.5634810853944107,0.39750730624699737,-0.1659737791474133
341,poly-higg,100.0,2.1,2.902745270238737,0.3222192947339193,0.4628089260887847,0.1405896313548654
341,poly-higg,1000.0,2.1,2.758718578548118,0.3222192947339193,0.44070739963926125,0.11848810490534195
341,poly-higg,10000.0,2.1,2.592972535298324,0.3222192947339193,0.4137979167571825,0.09157862202326322
341,poly-higg,100000.0,1.93,2.425052019357917,0.28555730900777376,0.38472105901159726,0.09916375000382349
341,poly-higg,15000000.0,1.68,2.125606614152703,0.22530928172586284,0.3274828927785629,0.10217361105270006
342,poly-higg,100.0,2.71,2.8143406912137525,0.4329692908744057,0.449376669985047,0.016407379110641274
342,poly-higg,1000.0,2.71,2.6091592475504375,0.4329692908744057,0.4165005866593626,-0.016468704215043095
342,poly-higg,10000.0,2.71,2.400511537183644,0.4329692908744057,0.3803037975883142,-0.05266549328609155
342,poly-higg,100000.0,2.5,2.1809840364820587,0.3979400086720376,0.33865248681064625,-0.05928752186139136
342,poly-higg,15000000.0,2.17,1.8737511219781886,0.3364597338485295,0.2727119059063907,-0.06374782794213879
343,poly-higg,100.0,1.86,2.3047315701060063,0.26951294421791633,0.3626203508057892,0.09310740658787287
343,poly-higg,1000.0,1.86,2.139233978981387,0.26951294421791633,0.3302582881821759,0.06074534396425957
343,poly-higg,10000.0,1.86,2.0656629770870545,0.26951294421791633,0.3150594657165274,0.04554652149861105
343,poly-higg,100000.0,1.86,2.0818006488454177,0.26951294421791633,0.3184391395589878,0.048926195341071455
343,poly-higg,15000000.0,1.86,1.9872154275886702,0.26951294421791633,0.29824495012018815,0.028732005902271818
344,poly-higg,100.0,2.5,3.7312466973040297,0.3979400086720376,0.5718539640598376,0.17391395538779997
344,poly-higg,1000.0,2.5,3.4763926459634513,0.3979400086720376,0.5411288225363737,0.14318881386433613
344,poly-higg,10000.0,2.5,3.264052808526765,0.3979400086720376,0.5137571765114327,0.11581716783939511
344,poly-higg,100000.0,2.5,3.0435958527790126,0.3979400086720376,0.4833869836567904,0.08544697498475279
344,poly-higg,15000000.0,2.5,2.2382958988614483,0.3979400086720376,0.34991749896987195,-0.04802250970216565
345,poly-higg,100.0,1.5,1.7198685616128986,0.17609125905568124,0.23549525786835526,0.059403998812674025
345,poly-higg,1000.0,1.5,1.6346378534917443,0.17609125905568124,0.21342155170515853,0.03733029264947729
345,poly-higg,10000.0,1.21,1.5665100776537888,0.08278537031645007,0.1949331931247479,0.11214782280829784
345,poly-higg,100000.0,1.12,1.5021774088332476,0.04921802267018165,0.17672122636151358,0.12750320369133192
345,poly-higg,15000000.0,1.12,1.303684093855739,0.04921802267018165,0.11517236676670163,0.06595434409651998
346,poly-higg,100.0,1.28,1.598830525267088,0.10720996964786837,0.20380243132468323,0.09659246167681486
346,poly-higg,1000.0,1.28,1.489091742346084,0.10720996964786837,0.17292145528560418,0.06571148563773581
346,poly-higg,10000.0,1.28,1.4142645044963382,0.10720996964786837,0.15053064149794826,0.043320671850079887
346,poly-higg,100000.0,1.28,1.3503879559363463,0.10720996964786837,0.13045855584133212,0.023248586193463747
346,poly-higg,15000000.0,1.28,1.1485022213285028,0.10720996964786837,0.06013183950473083,-0.04707813014313754
347,poly-higg,100.0,1.51,1.7423781926327335,0.17897694729316943,0.24114242687534979,0.062165479582180355
347,poly-higg,1000.0,1.51,1.6579703202606402,0.17897694729316943,0.21957675187022646,0.04059980457705703
347,poly-higg,10000.0,1.51,1.5756440676751755,0.17897694729316943,0.19745811867209115,0.018481171378921718
347,poly-higg,100000.0,1.51,1.4971714558015496,0.17897694729316943,0.17527153851582158,-0.003705408777347846
347,poly-higg,15000000.0,1.51,1.2892109928628295,0.17897694729316943,0.11032400000451734,-0.0686529472886521
348,poly-higg,100.0,4.99,6.471120753445036,0.69810054562339,0.8109795039893453,0.1128789583659553
348,poly-higg,1000.0,4.99,5.522222046202472,0.69810054562339,0.7421138654509556,0.04401331982756562
348,poly-higg,10000.0,3.99,4.657126037431135,0.6009728956867483,0.6681179915552695,0.06714509586852124
348,poly-higg,100000.0,3.5,3.9664666990347692,0.5440680443502757,0.5984038124640841,0.05433576811380847
348,poly-higg,15000000.0,2.26,2.6188102251329424,0.35410843914740087,0.41810402795415336,0.06399558880675249
349,poly-higg,100.0,4.56,6.185808121295684,0.658964842664435,0.7913964444167708,0.13243160175233581
349,poly-higg,1000.0,4.56,5.672184365087832,0.658964842664435,0.7537503384371813,0.09478549577274631
349,poly-higg,10000.0,4.56,5.154484497835749,0.658964842664435,0.7121852378173774,0.05322039515294241
349,poly-higg,100000.0,4.2,4.580417832888953,0.6232492903979004,0.6609050968338104,0.03765580643590993
349,poly-higg,15000000.0,2.83,3.053582772221592,0.45178643552429026,0.48480969673466173,0.03302326121037147
350,poly-higg,100.0,5.96,6.280858731354801,0.7752462597402364,0.7980190253921267,0.022772765651890237
350,poly-higg,1000.0,5.96,6.073366644318743,0.7752462597402364,0.7834294999267808,0.008183240186544372
350,poly-higg,10000.0,5.96,5.668103751363634,0.7752462597402364,0.7534377911576965,-0.02180846858253993
350,poly-higg,100000.0,5.49,5.084696265374347,0.7395723444500919,0.7062650154275658,-0.03330732902252609
350,poly-higg,15000000.0,4.77,3.8810486136060325,0.6785183790401139,0.5889490827010089,-0.08956929633910504
351,poly-higg,100.0,2.1,1.8673241460248629,0.3222192947339193,0.2712197130271581,-0.05099958170676122
351,poly-higg,1000.0,2.1,1.8397874585740417,0.3222192947339193,0.26476765404211033,-0.05745164069180897
351,poly-higg,10000.0,2.1,1.7804341463781677,0.3222192947339193,0.25052591488559633,-0.07169337984832297
351,poly-higg,100000.0,1.47,1.681485615262292,0.1673173347481761,0.225693156373264,0.05837582162508792
351,poly-higg,15000000.0,1.1,1.405899250248959,0.04139268515822508,0.14795419932627776,0.10656151416805268
352,poly-higg,100.0,1.89,1.8269572762267465,0.2764618041732441,0.2617283914051261,-0.014733412768118015
352,poly-higg,1000.0,1.89,1.8162705169667366,0.2764618041732441,0.25918053321391665,-0.017281270959327466
352,poly-higg,10000.0,1.89,1.7463218885127951,0.2764618041732441,0.2421242975141055,-0.03433750665913862
352,poly-higg,100000.0,1.66,1.6464440647804,0.22010808804005508,0.216546980860342,-0.0035611071797130855
352,poly-higg,15000000.0,1.1,1.3858524004480945,0.04139268515822508,0.14171697841116906,0.10032429325294398
353,poly-higg,100.0,6.94,8.454891835509128,0.8413594704548549,0.927108055985564,0.08574858553070908
353,poly-higg,1000.0,6.94,7.550002592665332,0.8413594704548549,0.8779471007656192,0.036587630310764285
353,poly-higg,10000.0,6.94,6.557647002067807,0.8413594704548549,0.8167480349042211,-0.02461143555063383
353,poly-higg,100000.0,6.38,5.467611954656155,0.8048206787211624,0.7377976844013261,-0.06702299431983627
353,poly-higg,15000000.0,3.2,3.208982531397052,0.505149978319906,0.5063673529513731,0.0012173746314670941
354,poly-higg,100.0,4.54,7.508213616218337,0.6570558528571039,0.8755366202392825,0.2184807673821786
354,poly-higg,1000.0,4.54,6.685608574607524,0.6570558528571039,0.8251409461625792,0.16808509330547527
354,poly-higg,10000.0,4.54,5.860956395998111,0.6570558528571039,0.7679684903548568,0.11091263749775293
354,poly-higg,100000.0,4.17,5.031671061127287,0.6201360549737575,0.7017122419350814,0.08157618696132396
354,poly-higg,15000000.0,3.3,3.0452419841387366,0.5185139398778874,0.48362180869321986,-0.03489213118466755
355,poly-higg,100.0,3.99,3.85727860282933,0.6009728956867483,0.5862810081431196,-0.014691887543628712
355,poly-higg,1000.0,2.8,3.3591239105129382,0.4471580313422192,0.5262260242821152,0.07906799293989597
355,poly-higg,10000.0,2.3,2.9729523004830867,0.36172783601759284,0.4731879412253986,0.11146010520780575
355,poly-higg,100000.0,2.12,2.669222081199893,0.32633586092875144,0.42638470890449476,0.10004884797574332
355,poly-higg,15000000.0,1.84,2.1388090474920713,0.2648178230095365,0.33017201256481454,0.06535418955527805
356,poly-higg,100.0,4.29,4.423524187878734,0.6324572921847242,0.6457684063409581,0.013311114156233872
356,poly-higg,1000.0,3.99,3.967595600279119,0.6009728956867483,0.5985273999948717,-0.002445495691876576
356,poly-higg,10000.0,3.7,3.591870276611024,0.568201724066995,0.5553206433712847,-0.012881080695710256
356,poly-higg,100000.0,3.04,3.2642897659487264,0.48287358360875376,0.5137887034417906,0.030915119833036853
356,poly-higg,15000000.0,2.64,2.2049808625241747,0.42160392686983106,0.3434048244903806,-0.07819910237945044
357,poly-higg,100.0,3.45,4.900488003978813,0.5378190950732742,0.690239330412624,0.15242023533934979
357,poly-higg,1000.0,3.45,4.495350971005694,0.5378190950732742,0.652763604594432,0.11494450952115776
357,poly-higg,10000.0,3.45,4.193184653583094,0.5378190950732742,0.6225439876757932,0.08472489260251903
357,poly-higg,100000.0,3.17,3.878747321345136,0.5010592622177514,0.5886914886694563,0.08763222645170488
357,poly-higg,15000000.0,2.05,2.86334839457131,0.31175386105575426,0.4568741935104184,0.14512033245466416
358,poly-higg,100.0,3.0,3.340785546547244,0.47712125471966244,0.5238485980744052,0.04672734335474277
358,poly-higg,1000.0,2.0,2.8750524926229897,0.3010299956639812,0.45864577843378423,0.15761578276980304
358,poly-higg,10000.0,1.91,2.547948783838057,0.28103336724772754,0.40619069402435437,0.12515732677662683
358,poly-higg,100000.0,1.91,2.272197227354784,0.28103336724772754,0.35644602555761123,0.0754126583098837
358,poly-higg,15000000.0,1.8,1.8334964150745028,0.25527250510330607,0.2632800651475168,0.008007560044210715
359,poly-higg,100.0,4.79,3.828099270504909,0.6803355134145632,0.5829831914019568,-0.09735232201260646
359,poly-higg,1000.0,3.75,3.400795113725282,0.5740312677277188,0.5315804679636326,-0.04245079976408628
359,poly-higg,10000.0,3.7,2.9903839012882325,0.568201724066995,0.47572694601960636,-0.09247477804738863
359,poly-higg,100000.0,3.13,2.6202199627427643,0.49554433754644844,0.41833775108904603,-0.07720658645740242
359,poly-higg,15000000.0,2.17,1.993534351138628,0.3364597338485295,0.2996237235105377,-0.03683601033799183
360,poly-higg,100.0,5.49,4.564692871848148,0.7395723444500919,0.6594115620348843,-0.08016078241520763
360,poly-higg,1000.0,3.6,4.144146530942604,0.5563025007672873,0.617435103024513,0.06113260225722572
360,poly-higg,10000.0,3.1,3.8235375807826477,0.4913616938342727,0.5824653631391297,0.09110366930485697
360,poly-higg,100000.0,2.76,3.5778509773817566,0.4409090820652177,0.5536222476207904,0.1127131655555727
360,poly-higg,15000000.0,2.35,2.525854214441066,0.37106786227173627,0.4024082806251296,0.03134041835339335
361,poly-higg,100.0,4.99,3.2198150325322947,0.69810054562339,0.507830923665438,-0.19026962195795194
361,poly-higg,1000.0,3.5,2.994267082579692,0.5440680443502757,0.4762905359259617,-0.06777750842431396
361,poly-higg,10000.0,3.3,2.825202382405919,0.5185139398778874,0.45104956380640854,-0.06746437607147887
361,poly-higg,100000.0,2.85,2.6862162947092205,0.4548448600085102,0.4291409792249976,-0.0257038807835126
361,poly-higg,15000000.0,2.07,1.9813724112794129,0.3159703454569177,0.2969661115622905,-0.019004233894627187
362,poly-higg,100.0,2.76,3.2469367642547065,0.4409090820652177,0.5114738306023903,0.0705647485371726
362,poly-higg,1000.0,2.76,3.035778729516678,0.4409090820652177,0.482270113714895,0.041361031649677305
362,poly-higg,10000.0,2.76,2.848361318376941,0.4409090820652177,0.45459507928512455,0.013685997219906876
362,poly-higg,100000.0,2.54,2.6341483769193843,0.40483371661993806,0.42064023435485426,0.015806517734916203
362,poly-higg,15000000.0,1.0,1.997460446177807,0.0,0.30047818814783356,0.30047818814783356
363,poly-higg,100.0,3.8,3.321363379113095,0.5797835966168101,0.521316392885473,-0.05846720373133707
363,poly-higg,1000.0,3.5,3.1244945788504728,0.5440680443502757,0.494779775482106,-0.04928826886816967
363,poly-higg,10000.0,3.1,2.9721673304890435,0.4913616938342727,0.47307325618623547,-0.018288437648037226
363,poly-higg,100000.0,2.76,2.747262726121392,0.4409090820652177,0.4389001938394811,-0.0020088882257365825
363,poly-higg,15000000.0,1.7,1.98362586919786,0.2304489213782739,0.2974597634508038,0.06701084207252991
364,poly-higg,100.0,1.74,1.8271021266290075,0.24054924828259971,0.26176282310067395,0.021213574818074232
364,poly-higg,1000.0,1.74,1.8003294333984086,0.24054924828259971,0.25535198177905444,0.014802733496454723
364,poly-higg,10000.0,1.74,1.7703345392844771,0.24054924828259971,0.24805534254079398,0.0075060942581942625
364,poly-higg,100000.0,1.74,1.7413433324620906,0.24054924828259971,0.24088440735706515,0.00033515907446543536
364,poly-higg,15000000.0,1.7,1.5970669230154177,0.2304489213782739,0.20332311506606524,-0.027125806312208678
365,poly-higg,100.0,2.4,2.4769081560277058,0.38021124171160603,0.393909903206803,0.013698661495196995
365,poly-higg,1000.0,2.4,2.351419931569695,0.38021124171160603,0.37133019512994714,-0.008881046581658891
365,poly-higg,10000.0,2.4,2.2251032982783325,0.38021124171160603,0.34735017748815006,-0.03286106422345597
365,poly-higg,100000.0,2.4,2.1253046199928427,0.38021124171160603,0.3274211862924988,-0.05279005541910725
365,poly-higg,15000000.0,2.4,1.8002786904355412,0.38021124171160603,0.2553397408530707,-0.12487150085853532
366,poly-higg,100.0,1.5,1.7213663474037673,0.17609125905568124,0.2358733082847442,0.05978204922906297
366,poly-higg,1000.0,1.5,1.6965680438175716,0.17609125905568124,0.22957128246736866,0.05348002341168742
366,poly-higg,10000.0,1.5,1.6812695261483923,0.17609125905568124,0.2256373412419513,0.049546082186270074
366,poly-higg,100000.0,1.5,1.6499071632220956,0.17609125905568124,0.21745950807168898,0.041368249016007747
366,poly-higg,15000000.0,1.5,1.546722660330177,0.17609125905568124,0.1894124482267548,0.013321189171073555
367,poly-higg,100.0,1.56,1.8426538689581589,0.1931245983544616,0.26544376336926173,0.07231916501480012
367,poly-higg,1000.0,1.56,1.7907786834810846,0.1931245983544616,0.2530419161214827,0.05991731776702108
367,poly-higg,10000.0,1.56,1.7545412335763666,0.1931245983544616,0.24416357905143107,0.051038980696969466
367,poly-higg,100000.0,1.56,1.7392571923668871,0.1931245983544616,0.24036380797552173,0.047239209621060124
367,poly-higg,15000000.0,1.56,1.5867693813554489,0.1931245983544616,0.20051381164288246,0.007389213288420848
368,poly-higg,100.0,1.8,1.7849765200499972,0.25527250510330607,0.2516325076864252,-0.003639997416880869
368,poly-higg,1000.0,1.8,1.7518360063151075,0.25527250510330607,0.24349344835836084,-0.011779056744945227
368,poly-higg,10000.0,1.8,1.7277829180216993,0.25527250510330607,0.23748917597409414,-0.017783329129211933
368,poly-higg,100000.0,1.8,1.7071876565252275,0.25527250510330607,0.23228126201340726,-0.022991243089898805
368,poly-higg,15000000.0,1.8,1.5351488527421102,0.25527250510330607,0.1861504923801628,-0.06912201272314328
369,poly-higg,100.0,2.5,1.7387926347759242,0.3979400086720376,0.24024779192658144,-0.15769221674545617
369,poly-higg,1000.0,2.0,1.7110856593864503,0.3010299956639812,0.23327175148596616,-0.06775824417801504
369,poly-higg,10000.0,1.6,1.6602122655669005,0.2041199826559248,0.22016361808280843,0.01604363542688364
369,poly-higg,100000.0,1.47,1.6235158838732806,0.1673173347481761,0.21045654195787603,0.04313920720969994
369,poly-higg,15000000.0,1.28,1.4651382365026735,0.10720996964786837,0.16587860251814016,0.058668632870271784
370,poly-higg,100.0,8.8,10.50016101604785,0.9444826721501687,1.0211959588646917,0.07671328671452304
370,poly-higg,1000.0,8.8,9.660368982809427,0.9444826721501687,0.9849937148355399,0.0405110426853712
370,poly-higg,10000.0,8.8,9.001533751237869,0.9444826721501687,0.9543165142113665,0.009833842061197862
370,poly-higg,100000.0,8.1,8.154513989639065,0.9084850188786497,0.9113980821258068,0.0029130632471570106
370,poly-higg,15000000.0,4.0,4.0959901584938185,0.6020599913279624,0.6123589044821877,0.010298913154225264
371,poly-higg,100.0,7.54,8.855322524238735,0.877371345869774,0.947204383475991,0.06983303760621695
371,poly-higg,1000.0,7.54,8.164442125223193,0.877371345869774,0.9119265148271866,0.03455516895741251
371,poly-higg,10000.0,7.54,7.660693521271065,0.877371345869774,0.8842680880173616,0.006896742147587509
371,poly-higg,100000.0,6.93,6.274791493137718,0.8407332346118067,0.7975992990958289,-0.04313393551597777
371,poly-higg,15000000.0,4.4,4.047977753772951,0.6434526764861874,0.6072381171123261,-0.03621455937386131
372,poly-higg,100.0,7.26,7.850662431862578,0.8609366207000937,0.8949063036706895,0.03396968297059577
372,poly-higg,1000.0,7.26,7.269062213791477,0.8609366207000937,0.8614783858733623,0.000541765173268649
372,poly-higg,10000.0,7.26,6.280418220805921,0.8609366207000937,0.7979885649060781,-0.06294805579401563
372,poly-higg,100000.0,6.61,5.1197712545773415,0.8202014594856403,0.7092505576371491,-0.11095090184849121
372,poly-higg,15000000.0,5.5,3.7499328265595513,0.7403626894942439,0.5740234881768368,-0.1663392013174071
373,poly-higg,100.0,8.75,9.509786878052227,0.9420080530223133,0.9781707841589672,0.036162731136653914
373,poly-higg,1000.0,8.75,8.464961972595198,0.9420080530223133,0.9276250114550944,-0.014383041567218924
373,poly-higg,10000.0,8.75,7.6625512194581855,0.9420080530223133,0.8843733905285871,-0.057634662493726174
373,poly-higg,100000.0,7.9,7.102173080879849,0.8976270912904415,0.851391251907459,-0.04623583938298248
373,poly-higg,15000000.0,5.11,4.276430756901198,0.7084209001347127,0.6310814444139715,-0.07733945572074119
374,poly-higg,100.0,6.64,9.557141667859927,0.8221680793680175,0.9803280237103178,0.1581599443423003
374,poly-higg,1000.0,6.64,8.587049554895426,0.8221680793680175,0.9338439691704734,0.11167588980245591
374,poly-higg,10000.0,6.29,7.949456450982626,0.798650645445269,0.9003374345169619,0.10168678907169293
374,poly-higg,100000.0,5.51,7.154820905462197,0.741151598851785,0.8545987672721804,0.11344716842039537
374,poly-higg,15000000.0,2.67,4.3423452530497535,0.42651126136457523,0.6377243505632202,0.21121308919864495
375,poly-higg,100.0,10.49,11.165303414823176,1.0207754881935578,1.0478705294310113,0.027095041237453543
375,poly-higg,1000.0,10.49,9.963141194751557,1.0207754881935578,0.9983962850572796,-0.02237920313627817
375,poly-higg,10000.0,10.49,8.634483876686884,1.0207754881935578,0.9362363828755721,-0.0845391053179857
375,poly-higg,100000.0,9.19,7.371106215692168,0.9633155113861113,0.8675326693135198,-0.09578284207259147
375,poly-higg,15000000.0,6.6,4.462995707109076,0.8195439355418687,0.6496264690991589,-0.16991746644270977
376,poly-higg,100.0,1.78,1.7639785685869023,0.250420002308894,0.24649330437800707,-0.00392669793088693
376,poly-higg,1000.0,1.78,1.6998790554014713,0.250420002308894,0.2304180228839903,-0.0200019794249037
376,poly-higg,10000.0,1.78,1.6391125246092946,0.250420002308894,0.21460876878675372,-0.03581123352214027
376,poly-higg,100000.0,1.78,1.5740619083703637,0.250420002308894,0.19702180930315946,-0.053398193005734534
376,poly-higg,15000000.0,1.78,1.3655778999540746,0.250420002308894,0.13531647969011337,-0.11510352261878062
377,poly-higg,100.0,1.68,1.7323579803026468,0.22530928172586284,0.2386376410333237,0.013328359307460846
377,poly-higg,1000.0,1.68,1.6210921674116785,0.22530928172586284,0.2098077074212409,-0.015501574304621929
377,poly-higg,10000.0,1.68,1.5471126606396848,0.22530928172586284,0.1895219401458036,-0.03578734158005925
377,poly-higg,100000.0,1.68,1.494035324732904,0.22530928172586284,0.17436086599022962,-0.05094841573563322
377,poly-higg,15000000.0,1.68,1.2530683490168728,0.22530928172586284,0.09797476037268621,-0.12733452135317663
378,poly-higg,100.0,1.56,1.9439133841796898,0.1931245983544616,0.2886769099673918,0.09555231161293021
378,poly-higg,1000.0,1.56,1.8645482562495257,0.1931245983544616,0.2705736277894071,0.07744902943494547
378,poly-higg,10000.0,1.56,1.7884786693204742,0.1931245983544616,0.2524837648083563,0.05935916645389472
378,poly-higg,100000.0,1.56,1.7044657780028423,0.1931245983544616,0.23158828595580053,0.03846368760133892
378,poly-higg,15000000.0,1.56,1.5377503010979887,0.1931245983544616,0.18688582073248328,-0.006238777621978331
379,poly-higg,100.0,4.19,8.432040986476125,0.6222140229662954,0.9259327088928015,0.3037186859265062
379,poly-higg,1000.0,4.19,7.235045827351039,0.6222140229662954,0.859441286319278,0.2372272633529826
379,poly-higg,10000.0,4.19,6.068768732217754,0.6222140229662954,0.7831005877729862,0.16088656480669083
379,poly-higg,100000.0,3.76,4.901353510028939,0.5751878449276611,0.690316027123556,0.11512818219589493
379,poly-higg,15000000.0,2.9,2.8821554767320725,0.4623979978989561,0.4597174049531712,-0.0026805929457848765
380,poly-higg,100.0,6.01,6.7881027262390115,0.7788744720027395,0.8317484059940727,0.05287393399133322
380,poly-higg,1000.0,6.01,6.0176909645593355,0.7788744720027395,0.7794298810058001,0.000555409003060614
380,poly-higg,10000.0,6.01,5.317985882582206,0.7788744720027395,0.7257471800950622,-0.05312729190767729
380,poly-higg,100000.0,5.32,4.804387143321078,0.7259116322950482,0.6816379961150564,-0.044273636179991804
380,poly-higg,15000000.0,3.64,3.287000153758404,0.561101383649056,0.5167997243969347,-0.04430165925212137
381,poly-higg,100.0,5.24,5.746150791286578,0.7193312869837266,0.7593770186215398,0.04004573163781322
381,poly-higg,1000.0,5.24,5.410178473153696,0.7193312869837266,0.7332115920247468,0.013880305041020224
381,poly-higg,10000.0,4.74,4.990323062029859,0.6757783416740851,0.6981286617587208,0.022350320084635666
381,poly-higg,100000.0,4.31,4.624497933001505,0.6344772701607315,0.6650645896668816,0.030587319506150124
381,poly-higg,15000000.0,3.75,3.79729267394318,0.5740312677277188,0.5794740714037057,0.005442803675986818
382,poly-higg,100.0,5.29,5.0139148582109385,0.7234556720351858,0.700176954886833,-0.023278717148352834
382,poly-higg,1000.0,4.89,4.634627364656318,0.6893088591236202,0.6660148215486384,-0.02329403757498172
382,poly-higg,10000.0,4.44,4.1793701759928785,0.6473829701146199,0.6211108392630703,-0.026272130851549558
382,poly-higg,100000.0,4.04,3.609458357202166,0.6063813651106049,0.5574420356654597,-0.04893932944514523
382,poly-higg,15000000.0,3.04,2.432055518258164,0.48287358360875376,0.38597348466235887,-0.0969000989463949
383,poly-higg,100.0,3.26,4.662648627273151,0.5132176000679389,0.6686326886721452,0.15541508860420628
383,poly-higg,1000.0,3.26,4.312184122055683,0.5132176000679389,0.6346972961224712,0.12147969605453224
383,poly-higg,10000.0,3.26,3.8802138463210705,0.5132176000679389,0.5888556610885323,0.07563806102059334
383,poly-higg,100000.0,2.76,3.279300615479215,0.4409090820652177,0.5157812305332131,0.07487214846799545
383,poly-higg,15000000.0,2.25,2.3136411759457443,0.3521825181113625,0.36429600483595104,0.012113486724588562
384,poly-higg,100.0,4.49,3.731153434445868,0.6522463410033232,0.5718431086932121,-0.08040323231011115
384,poly-higg,1000.0,3.5,3.4763447673487846,0.5440680443502757,0.5411228411748135,-0.0029452031754622077
384,poly-higg,10000.0,3.5,3.264006132464096,0.5440680443502757,0.5137509660416322,-0.030317078308643497
384,poly-higg,100000.0,3.22,3.0435732594638423,0.5078558716958309,0.48338375977655135,-0.02447211191927956
384,poly-higg,15000000.0,2.8,2.2383137232891293,0.4471580313422192,0.3499209574133094,-0.09723707392890979
385,poly-higg,100.0,3.7,3.3794929493635575,0.568201724066995,0.5288515447118408,-0.03935017935515417
385,poly-higg,1000.0,3.05,3.1775992655732934,0.48429983934678583,0.5020991264384295,0.017799287091643634
385,poly-higg,10000.0,3.0,3.0239434887507075,0.47712125471966244,0.48057367083940167,0.0034524161197392322
385,poly-higg,100000.0,2.76,2.8697535958632874,0.4409090820652177,0.4578446087371573,0.01693552667193965
385,poly-higg,15000000.0,2.4,2.151371001362108,0.38021124171160603,0.33271531041104974,-0.04749593130055629
386,poly-higg,100.0,2.65,3.265726372015461,0.42324587393680785,0.5139797933516271,0.09073391941481929
386,poly-higg,1000.0,2.65,3.063844339707846,0.42324587393680785,0.48626669695169117,0.06302082301488332
386,poly-higg,10000.0,2.65,2.8878547769416163,0.42324587393680785,0.46057534985373694,0.03732947591692909
386,poly-higg,100000.0,2.44,2.737324782450559,0.3873898263387294,0.4373263293275263,0.04993650298879687
386,poly-higg,15000000.0,1.8,2.098606908772154,0.25527250510330607,0.32193109825904603,0.06665859315573996
387,belatacept,100.0,3.94,3.94801972544258,0.5954962218255742,0.5963793138632184,0.0008830920376442508
387,belatacept,1000.0,3.94,3.8436959560194475,0.5954962218255742,0.5847490267994817,-0.010747195026092449
387,belatacept,10000.0,3.94,3.7178975102602285,0.5954962218255742,0.5702974135849026,-0.025198808240671555
387,belatacept,100000.0,3.31,3.4188112741620227,0.5198279937757188,0.5338751274557811,0.014047133680062385
387,belatacept,15000000.0,1.8,2.2004801514937293,0.25527250510330607,0.34251745554580587,0.0872449504424998
388,belatacept,100.0,2.3,2.3514913483381332,0.36172783601759284,0.37134338521864085,0.009615549201048013
388,belatacept,1000.0,2.3,2.2660794928974797,0.36172783601759284,0.3552751406205773,-0.00645269539701554
388,belatacept,10000.0,2.3,2.192474754142829,0.36172783601759284,0.3409346012628969,-0.020793234754695966
388,belatacept,100000.0,2.12,2.0742882886108958,0.32633586092875144,0.3168691153375378,-0.009466745591213632
388,belatacept,15000000.0,1.84,1.6075958904036947,0.2648178230095365,0.20617688730770595,-0.05864093570183054
389,belatacept,100.0,2.05,2.2497297805031398,0.31175386105575426,0.35213035727404346,0.040376496218289204
389,belatacept,1000.0,2.05,2.17266441918005,0.31175386105575426,0.336992652158984,0.02523879110322974
389,belatacept,10000.0,2.05,2.090510989495293,0.31175386105575426,0.3202524549118437,0.00849859385608942
389,belatacept,100000.0,1.89,1.9668078574149779,0.2764618041732441,0.29376193463192835,0.017300130458684226
389,belatacept,15000000.0,1.64,1.5311928456790622,0.21484384804769785,0.1850298912469247,-0.029813956800773145
390,belatacept,100.0,3.0,2.6683440922645487,0.47712125471966244,0.426241832641854,-0.050879422077808434
390,belatacept,1000.0,2.35,2.419185669814471,0.37106786227173627,0.3836692012603765,0.012601338988640243
390,belatacept,10000.0,2.35,2.1099612663413274,0.37106786227173627,0.32427448280071264,-0.04679337947102363
390,belatacept,100000.0,1.66,1.7304347439688998,0.22010808804005508,0.23815522635850309,0.01804713831844801
390,belatacept,15000000.0,1.1,1.2304539834907595,0.04139268515822508,0.09006537660060185,0.04867269144237677
391,belatacept,100.0,2.19,2.436634424315438,0.34044411484011833,0.3867903755482394,0.04634626070812109
391,belatacept,1000.0,2.19,2.345619802572074,0.34044411484011833,0.3702576194478502,0.029813504607731856
391,belatacept,10000.0,2.19,2.2827702283587223,0.34044411484011833,0.35846219989241146,0.01801808505229313
391,belatacept,100000.0,2.19,2.2195228592791563,0.34044411484011833,0.34625962226414475,0.005815507424026423
391,belatacept,15000000.0,2.19,1.648779600915256,0.34044411484011833,0.21716260561204434,-0.12328150922807399
392,belatacept,100.0,1.66,1.3876265431257024,0.22010808804005508,0.14227259862373545,-0.07783548941631963
392,belatacept,1000.0,1.66,1.3575695101894485,0.22010808804005508,0.13276207554918,-0.08734601249087509
392,belatacept,10000.0,1.19,1.2993761056105624,0.07554696139253074,0.11373487620732861,0.03818791481479787
392,belatacept,100000.0,1.09,1.2368642224880073,0.037426497940623665,0.09232202730842645,0.05489552936780279
392,belatacept,15000000.0,0.95,1.096046794841145,-0.022276394711152253,0.03982909639967612,0.06210549111082837
393,belatacept,100.0,2.9,2.7848820161655934,0.4623979978989561,0.4448068006538669,-0.017591197245089174
393,belatacept,1000.0,2.55,2.6682929477203903,0.4065401804339551,0.4262335083757884,0.01969332794183326
393,belatacept,10000.0,2.55,2.5645543717038723,0.4065401804339551,0.40901191107603474,0.002471730642079617
393,belatacept,100000.0,2.55,2.437480993163801,0.4065401804339551,0.38694123786954343,-0.019598942564411692
393,belatacept,15000000.0,2.5,1.9803670309871941,0.3979400086720376,0.29674568761525366,-0.10119432105678394
394,belatacept,100.0,3.39,3.4978861843549223,0.5301996982030822,0.5438056741218511,0.013605975918768887
394,belatacept,1000.0,3.39,3.3458887198509997,0.5301996982030822,0.5245114927655514,-0.005688205437530791
394,belatacept,10000.0,3.39,3.2245822199723397,0.5301996982030822,0.5084734549979848,-0.021726243205097417
394,belatacept,100000.0,2.76,3.0282060104531556,0.4409090820652177,0.4811854171158926,0.040276335050674905
394,belatacept,15000000.0,2.1,2.1515671922536805,0.3222192947339193,0.3327549134068795,0.010535618672960212
395,belatacept,100.0,2.25,3.81356829458909,0.3521825181113625,0.5813315282775331,0.22914901016617062
395,belatacept,1000.0,2.25,3.622228463709306,0.3521825181113625,0.5589758389651042,0.2067933208537417
395,belatacept,10000.0,2.25,3.3797568597465646,0.3521825181113625,0.5288854581863689,0.17670294007500642
395,belatacept,100000.0,2.25,2.960837016013974,0.3521825181113625,0.4714145016162777,0.1192319835049152
395,belatacept,15000000.0,2.25,1.8465945210208783,0.3521825181113625,0.2663715426434655,-0.08581097546789695
396,belatacept,100.0,2.89,2.943575173277525,0.4608978427565479,0.4688751313398769,0.007977288583329023
396,belatacept,1000.0,2.89,2.9034316004887337,0.4608978427565479,0.4629115993102044,0.0020137565536565427
396,belatacept,10000.0,2.89,2.8214656991227076,0.4608978427565479,0.45047477487106724,-0.010423067885480641
396,belatacept,100000.0,2.66,2.718531788756694,0.424881636631067,0.4343344157268784,0.009452779095811437
396,belatacept,15000000.0,2.31,2.290618459609006,0.36361197989214433,0.3599527562842131,-0.00365922360793125
397,belatacept,100.0,1.3,1.264301522262375,0.11394335230683679,0.10185066084388475,-0.01209269146295204
397,belatacept,1000.0,1.3,1.275215671956526,0.11394335230683679,0.10558364141277779,-0.008359710894059
397,belatacept,10000.0,1.3,1.2924560301105166,0.11394335230683679,0.11141577713913776,-0.0025275751676990255
397,belatacept,100000.0,1.3,1.3110499635264534,0.11394335230683679,0.11761924277350344,0.003675890466666651
397,belatacept,15000000.0,1.3,1.2920116872443486,0.11394335230683679,0.11126644220610268,-0.002676910100734106
398,etanercept,100.0,4.59,4.4949115905711485,0.6618126855372612,0.6527211541104724,-0.009091531426788868
398,etanercept,1000.0,4.59,4.199256247643413,0.6618126855372612,0.6231723770294572,-0.03864030850780409
398,etanercept,10000.0,3.3,3.734502140603297,0.5185139398778874,0.5722327127108637,0.053718772832976325
398,etanercept,100000.0,3.04,3.2234460144922363,0.48287358360875376,0.5083204011472628,0.02544681753850908
398,etanercept,15000000.0,1.75,2.0433555327921793,0.24303804868629444,0.3103439380940738,0.06730588940777935
399,etanercept,100.0,5.34,5.828752842482662,0.7275412570285564,0.7655756402531098,0.038034383224553325
399,etanercept,1000.0,5.34,5.728886929145232,0.7275412570285564,0.7580702506781535,0.030528993649597047
399,etanercept,10000.0,5.34,5.528243997951274,0.7275412570285564,0.7425872030754923,0.015045946046935876
399,etanercept,100000.0,4.59,5.010809527711712,0.6618126855372612,0.6999078945333473,0.038095208996086094
399,etanercept,15000000.0,2.8,2.820189757202515,0.4471580313422192,0.4502783309198523,0.003120299577633101
400,etanercept,100.0,4.28,5.01218957699094,0.631443769013172,0.7000274890348034,0.06858372002163138
400,etanercept,1000.0,4.28,4.691532957708184,0.631443769013172,0.6713147715624437,0.03987100254927167
400,etanercept,10000.0,4.04,4.404686879279019,0.6063813651106049,0.643915040685708,0.03753367557510312
400,etanercept,100000.0,3.71,3.8410053571307605,0.5693739096150459,0.5844449128852245,0.015071003270178629
400,etanercept,15000000.0,2.42,2.4574429683927317,0.38381536598043126,0.3904834476436489,0.00666808166321764
401,etanercept,100.0,1.55,1.5416846758319576,0.1903316981702915,0.18799555558917963,-0.0023361425811118663
401,etanercept,1000.0,1.55,1.5956376884399432,0.1903316981702915,0.20293428565246438,0.012602587482172883
401,etanercept,10000.0,1.55,1.6463785513076508,0.1903316981702915,0.2165296995530708,0.026198001382779307
401,etanercept,100000.0,1.55,1.6682837906989738,0.1903316981702915,0.222269930145307,0.031938231975015496
401,etanercept,15000000.0,1.55,1.580480927581791,0.1903316981702915,0.19878925936828298,0.008457561197991487
402,etanercept,100.0,1.98,1.919189168872102,0.2966651902615311,0.2831177839841842,-0.013547406277346907
402,etanercept,1000.0,1.98,1.976496578979611,0.2966651902615311,0.29589606698075355,-0.0007691232807775505
402,etanercept,10000.0,1.98,2.0377878498011603,0.2966651902615311,0.3091589684552172,0.012493778193686078
402,etanercept,100000.0,1.98,2.0615406805001517,0.2966651902615311,0.3141919091797836,0.017526718918252526
402,etanercept,15000000.0,1.98,2.0208094094100453,0.2966651902615311,0.3055253554031334,0.008860165141602316
403,etanercept,100.0,1.65,1.7368784858720994,0.21748394421390627,0.23976943574058965,0.022285491526683382
403,etanercept,1000.0,1.65,1.7593065625678859,0.21748394421390627,0.2453415227042507,0.027857578490344426
403,etanercept,10000.0,1.65,1.7580880712215516,0.21748394421390627,0.24504062721527448,0.02755668300136821
403,etanercept,100000.0,1.65,1.7343656976465602,0.21748394421390627,0.2391406754497746,0.021656731235868337
403,etanercept,15000000.0,1.6,1.482685539096946,0.2041199826559248,0.17104905182657382,-0.033070930829350975
404,etanercept,100.0,2.11,2.19059280394779,0.3242824552976926,0.34056165668729266,0.01627920138960004
404,etanercept,1000.0,2.11,2.212657032042263,0.3242824552976926,0.3449141022983927,0.020631647000700082
404,etanercept,10000.0,2.11,2.191370624619388,0.3242824552976926,0.34071583562312346,0.016433380325430846
404,etanercept,100000.0,2.11,2.1280052955921276,0.3242824552976926,0.32797270437657156,0.0036902490788789377
404,etanercept,15000000.0,2.1,1.8488606809810608,0.3222192947339193,0.2669041865725009,-0.05531510816141838
405,etanercept,100.0,5.69,6.583881947847803,0.7551122663950712,0.8184820351662554,0.06336976877118417
405,etanercept,1000.0,5.69,6.386222593832447,0.7551122663950712,0.8052440519404076,0.05013178554533637
405,etanercept,10000.0,5.69,6.037171416654004,0.7551122663950712,0.7808335071852681,0.025721240790196886
405,etanercept,100000.0,5.23,5.3225176899185005,0.7185016888672743,0.7261171135337934,0.0076154246665190994
405,etanercept,15000000.0,2.4,2.845982793252978,0.38021124171160603,0.4542322700216762,0.07402102831007018
406,etanercept,100.0,6.79,7.450878867955886,0.8318697742805017,0.872207502948523,0.04033772866802132
406,etanercept,1000.0,6.79,6.871461534253756,0.8318697742805017,0.8370491197020125,0.005179345421510773
406,etanercept,10000.0,5.99,6.341576874386223,0.7774268223893114,0.8021972614612408,0.02477043907192944
406,etanercept,100000.0,5.51,5.7362062463614425,0.741151598851785,0.7586247580792669,0.017473159227481827
406,etanercept,15000000.0,3.0,3.0847988991642357,0.47712125471966244,0.4892268572412199,0.012105602521557457
407,etanercept,100.0,7.66,8.624543984505854,0.884228769632604,0.93573614139767,0.051507371765066035
407,etanercept,1000.0,7.66,8.156673390614614,0.884228769632604,0.9115130726426237,0.027284303010019717
407,etanercept,10000.0,7.66,7.442273854883457,0.884228769632604,0.8717056468030223,-0.012523122829581679
407,etanercept,100000.0,6.43,6.428224214200609,0.8082109729242221,0.8080910163943353,-0.00011995652988672223
407,etanercept,15000000.0,2.2,3.0437143653011605,0.3424226808222063,0.48340389402691053,0.14098121320470425
408,etanercept,100.0,1.51,1.4438270555244084,0.17897694729316943,0.15951517569235432,-0.01946177160081511
408,etanercept,1000.0,1.51,1.5129392756947073,0.17897694729316943,0.17982149724992474,0.0008445499567553139
408,etanercept,10000.0,1.51,1.5659597928372433,0.17897694729316943,0.1947806070366833,0.01580365974351386
408,etanercept,100000.0,1.51,1.5777248291312627,0.17897694729316943,0.19803126021008532,0.019054312916915894
408,etanercept,15000000.0,1.5,1.4126419597407027,0.17609125905568124,0.15003210196697442,-0.02605915708870682
409,etanercept,100.0,1.66,1.787634574244648,0.22010808804005508,0.2522787456630031,0.032170657622948046
409,etanercept,1000.0,1.66,1.7233925835126493,0.22010808804005508,0.23638421966069625,0.016276131620641177
409,etanercept,10000.0,1.66,1.6615623437397833,0.22010808804005508,0.22051664115141953,0.0004085531113644514
409,etanercept,100000.0,1.66,1.5537939538167438,0.22010808804005508,0.19139342717187263,-0.028714660868182446
409,etanercept,15000000.0,1.0,1.3077627094213737,0.0,0.11652894938748706,0.11652894938748706
410,etanercept,100.0,68.89,81.05736549137102,1.8381561847521477,1.9087924842915194,0.07063629953937167
410,etanercept,1000.0,66.89,70.20720018874752,1.8253611959526332,1.8463816540370614,0.021020458084428206
410,etanercept,10000.0,56.91,58.94455078744441,1.755188585608325,1.7704436623177853,0.015255076709460358
410,etanercept,100000.0,34.9,40.52217629798161,1.54282542695918,1.607692761683888,0.06486733472470818
410,etanercept,15000000.0,8.1,8.499969742850618,0.9084850188786497,0.9294173797688337,0.02093236089018391
411,etanercept,100.0,4.09,5.708561627716639,0.6117233080073418,0.7565266939134204,0.14480338590607866
411,etanercept,1000.0,4.09,5.323163266570824,0.6117233080073418,0.7261697866092386,0.11444647860189683
411,etanercept,10000.0,4.09,4.901669710242294,0.6117233080073418,0.6903440437883743,0.07862073578103257
411,etanercept,100000.0,3.76,4.191270274087512,0.5751878449276611,0.6223456672189908,0.0471578222913297
411,etanercept,15000000.0,2.15,2.1076637191071455,0.33243845991560533,0.32380131973483517,-0.008637140180770164
412,etanercept,100.0,6.99,5.315176358878838,0.8444771757456814,0.7255176790977416,-0.11895949664793981
412,etanercept,1000.0,4.99,4.941567581502255,0.69810054562339,0.6938647392077205,-0.004235806415669452
412,etanercept,10000.0,4.39,4.563316355054558,0.6424645202421213,0.6592805775809086,0.016816057338787327
412,etanercept,100000.0,3.5,3.7967559420583004,0.5440680443502757,0.5794126813052115,0.03534463695493584
412,etanercept,15000000.0,2.1,1.9543088300388742,0.3222192947339193,0.2909931942772014,-0.03122610045671792
413,etanercept,100.0,5.83,5.992577860246574,0.7656685547590141,0.7776136854350657,0.01194513067605163
413,etanercept,1000.0,5.83,5.70638257701222,0.7656685547590141,0.7563608850069135,-0.009307669752100622
413,etanercept,10000.0,5.19,5.436783470753132,0.7151673578484579,0.7353420368218943,0.02017467897343639
413,etanercept,100000.0,4.5,4.635465827878846,0.6532125137753437,0.6660933838552416,0.01288087007989791
413,etanercept,15000000.0,1.35,2.1777907810693677,0.13033376849500614,0.3380161550379839,0.20768238654297774
414,etanercept,100.0,6.56,7.185870673682491,0.8169038393756602,0.8564793968080306,0.0395755574323704
414,etanercept,1000.0,6.56,6.643166380891072,0.8169038393756602,0.8223751296653956,0.005471290289735364
414,etanercept,10000.0,4.99,5.9685518584396435,0.69810054562339,0.7758689716353167,0.07776842601192668
414,etanercept,100000.0,4.59,4.668285185957011,0.6618126855372612,0.6691573792722662,0.0073446937350049035
414,etanercept,15000000.0,1.0,1.6336848773888633,0.0,0.21316828891034,0.21316828891034
415,etanercept,100.0,1.1,1.2093548993762602,0.04139268515822508,0.08255376837340779,0.04116108321518271
415,etanercept,1000.0,1.1,1.175931465260597,0.04139268515822508,0.07038201125842457,0.02898932610019949
415,etanercept,10000.0,1.1,1.1507898845588036,0.04139268515822508,0.060996035787282916,0.01960335062905784
415,etanercept,100000.0,0.9,1.084805516412885,-0.045757490560675115,0.035351884986838084,0.0811093755475132
415,etanercept,15000000.0,0.9,0.9418526232856589,-0.045757490560675115,-0.0260170482698956,0.019740442290779515
416,etanercept,100.0,1.21,1.3102098658980752,0.08278537031645007,0.11734086535157745,0.03455549503512738
416,etanercept,1000.0,1.21,1.3363316986138805,0.08278537031645007,0.12591427026365634,0.04312889994720627
416,etanercept,10000.0,1.21,1.3543331305824742,0.08278537031645007,0.13172550259056465,0.048940132274114576
416,etanercept,100000.0,1.1,1.329138145020448,0.04139268515822508,0.12357012202785535,0.08217743686963028
416,etanercept,15000000.0,1.0,1.2050186854124372,0.0,0.08099378127486771,0.08099378127486771
417,etanercept,100.0,1.84,1.9340992576111566,0.2648178230095365,0.2864787582302667,0.021660935220730204
417,etanercept,1000.0,1.84,1.8720074061677277,0.2648178230095365,0.2723075625919441,0.007489739582407617
417,etanercept,10000.0,1.84,1.7706340430538356,0.2648178230095365,0.24812880991652875,-0.016689013093007743
417,etanercept,100000.0,1.38,1.6274482539400748,0.13987908640123647,0.21150718870839777,0.0716281023071613
417,etanercept,15000000.0,1.12,1.246963626328107,0.04921802267018165,0.09585378538280613,0.04663576271262448
418,etanercept,100.0,24.96,26.221420019069427,1.3972445810103864,1.4186562071766018,0.02141162616621539
418,etanercept,1000.0,19.96,22.78483359020412,1.3001605369513523,1.3576458610457443,0.057485324094392
418,etanercept,10000.0,18.98,18.51451426898924,1.2782962080912739,1.2675123227551728,-0.010783885336101084
418,etanercept,100000.0,11.94,13.217751603537666,1.0770043267933502,1.1211575860707588,0.04415325927740854
418,etanercept,15000000.0,4.3,4.566097677092591,0.6334684555795865,0.6595451975984982,0.026076742018911636
419,etanercept,100.0,47.93,52.16790576896723,1.6806074289917878,1.7174034027327854,0.03679597374099752
419,etanercept,1000.0,39.94,44.384786820068186,1.6014080605346837,1.647234138306877,0.045826077772193274
419,etanercept,10000.0,32.95,36.78513065961512,1.5178554189300286,1.5656723029814559,0.047816884051427255
419,etanercept,100000.0,22.97,25.090887589505193,1.361160995195026,1.3995160247425154,0.03835502954748926
419,etanercept,15000000.0,6.0,6.372822934801322,0.7781512503836436,0.8043318520265468,0.026180601642903145
420,etanercept,100.0,99.84,113.86755221867709,1.9993045723383487,2.0563999848340972,0.057095412495748565
420,etanercept,1000.0,99.84,100.38541260728526,1.9993045723383487,2.001670608382337,0.0023660360439881067
420,etanercept,10000.0,89.85,84.79340611264058,1.9535180814449926,1.9283620810274948,-0.02515600041749777
420,etanercept,100000.0,55.11,62.962710274981056,1.7412304110254708,1.7990834142705556,0.0578530032450848
420,etanercept,15000000.0,10.5,11.715307169815203,1.021189299069938,1.0687536800782538,0.047564381008315726
421,belatacept,100.0,7.29,7.045960873752437,0.8627275283179746,0.8479402272130078,-0.014787301104966843
421,belatacept,1000.0,7.29,6.732030280626905,0.8627275283179746,0.8281460607618369,-0.03458146755613767
421,belatacept,10000.0,7.29,6.502203694374802,0.8627275283179746,0.8130605705057419,-0.04966695781223274
421,belatacept,100000.0,6.43,6.016082121099762,0.8082109729242221,0.7793137558576977,-0.028897217066524372
421,belatacept,15000000.0,3.2,3.27054159054351,0.505149978319906,0.5146196763020148,0.009469697982108727
422,pembrolizumab,100.0,5.63,5.004625253552852,0.7505083948513462,0.699371563052634,-0.0511368317987122
422,pembrolizumab,1000.0,5.0,4.328134934856575,0.6989700043360189,0.6363007919668429,-0.062669212369176
422,pembrolizumab,10000.0,4.75,3.67317875108298,0.6766936096248666,0.5650420633085497,-0.11165154631631691
422,pembrolizumab,100000.0,4.14,3.084962956769223,0.617000341120899,0.48924995353382916,-0.1277503875870698
422,pembrolizumab,15000000.0,2.0,1.68094502227436,0.3010299956639812,0.2255535094458203,-0.07547648621816089
423,pembrolizumab,100.0,25.63,25.187191451915904,1.408748606184244,1.4011797433243474,-0.007568862859896663
423,pembrolizumab,1000.0,21.0,22.51871017652907,1.3222192947339193,1.352543511434272,0.03032421670035279
423,pembrolizumab,10000.0,18.38,19.55547456967795,1.2643455070500924,1.2912683598172496,0.026922852767157224
423,pembrolizumab,100000.0,14.61,15.488738441188618,1.1646502159342969,1.1900160458842846,0.025365829949987706
423,pembrolizumab,15000000.0,8.3,4.988020443540618,0.919078092376074,0.6979282247781743,-0.22114986759789967
424,pembrolizumab,100.0,27.0,21.513688179482223,1.4313637641589874,1.3327148696478885,-0.09864889451109882
424,pembrolizumab,1000.0,20.13,18.990080231495238,1.3038437748886544,1.2785267995986316,-0.02531697529002286
424,pembrolizumab,10000.0,15.88,15.66183786486104,1.2008504980910775,1.1948427237330503,-0.006007774358027129
424,pembrolizumab,100000.0,10.81,11.877460265733971,1.0338256939533104,1.07472358622647,0.04089789227315954
424,pembrolizumab,15000000.0,2.2,4.025984664897028,0.3424226808222063,0.6048721163143634,0.26244943549215716
425,pembrolizumab,100.0,43.75,45.93732600434892,1.6409780573583321,1.66216571146513,0.021187654106797904
425,pembrolizumab,1000.0,43.75,41.759655408359656,1.6409780573583321,1.620756906304901,-0.02022115105343114
425,pembrolizumab,10000.0,43.75,38.027886984291804,1.6409780573583321,1.5801021945528677,-0.06087586280546442
425,pembrolizumab,100000.0,40.25,34.48314346553592,1.6047658847038873,1.5376068490177974,-0.06715903568608983
425,pembrolizumab,15000000.0,14.0,12.179887521882371,1.146128035678238,1.0856432777179261,-0.06048475796031183
426,pembrolizumab,100.0,1.63,1.856602360975788,0.21218760440395779,0.26871889839463126,0.05653129399067347
426,pembrolizumab,1000.0,1.63,1.7201956533217746,0.21218760440395779,0.23557784593403877,0.023390241530080985
426,pembrolizumab,10000.0,1.5,1.6303517452929566,0.17609125905568124,0.2122813127227487,0.03619005366706746
426,pembrolizumab,100000.0,1.5,1.5374467777636,0.17609125905568124,0.18680009061093236,0.010708831555251125
426,pembrolizumab,15000000.0,1.5,1.2888717588040128,0.17609125905568124,0.11020970772233768,-0.06588155133334356
427,pembrolizumab,100.0,5.75,5.604094087080402,0.7596678446896304,0.7485054180407219,-0.011162426648908541
427,pembrolizumab,1000.0,5.63,4.952608243168023,0.7505083948513462,0.6948339761635092,-0.05567441868783707
427,pembrolizumab,10000.0,5.13,4.223895610647025,0.7101173651118162,0.625713176504881,-0.08440418860693522
427,pembrolizumab,100000.0,4.14,3.49643447067971,0.617000341120899,0.5436253932114963,-0.07337494790940269
427,pembrolizumab,15000000.0,2.5,1.8360228476166147,0.3979400086720376,0.26387808129446183,-0.13406192737757577
428,pembrolizumab,100.0,4.25,3.772457990162072,0.6283889300503115,0.5766244122004749,-0.0517645178498366
428,pembrolizumab,1000.0,3.38,3.1845303122253337,0.5289167002776547,0.5030453871106871,-0.025871313166967558
428,pembrolizumab,10000.0,2.88,2.590402288480481,0.45939248775923086,0.41336721508518093,-0.04602527267404993
428,pembrolizumab,100000.0,2.19,2.0807758812078214,0.34044411484011833,0.31822530520133985,-0.02221880963877848
428,pembrolizumab,15000000.0,1.1,1.362440982074781,0.04139268515822508,0.13431769868123747,0.09292501352301238
429,pembrolizumab,100.0,6.75,5.262078646346394,0.829303772831025,0.7211573347073079,-0.10814643812371705
429,pembrolizumab,1000.0,5.0,4.815478399847875,0.6989700043360189,0.6826394391434867,-0.016330565192532176
429,pembrolizumab,10000.0,4.38,4.1583590248166304,0.6414741105040995,0.6189219827745531,-0.0225521277295464
429,pembrolizumab,100000.0,3.45,3.4375924475895707,0.5378190950732742,0.5362543865294139,-0.0015647085438602604
429,pembrolizumab,15000000.0,1.9,2.0309357700245663,0.2787536009528289,0.3076961887100773,0.028942587757248395
430,pembrolizumab,100.0,5.0,3.8471691535768153,0.6989700043360189,0.5851412819267715,-0.11382872240924735
430,pembrolizumab,1000.0,4.0,3.507947006068772,0.6020599913279624,0.5450530239340977,-0.05700696739386468
430,pembrolizumab,10000.0,3.5,3.1951176502856025,0.5440680443502757,0.5044868543345176,-0.039581190015758105
430,pembrolizumab,100000.0,2.76,2.7828129067822087,0.4409090820652177,0.44448400896306417,0.0035749268978464976
430,pembrolizumab,15000000.0,1.6,1.850888477053997,0.2041199826559248,0.26738025167608936,0.06326026902016457
431,pembrolizumab,100.0,3.75,3.9932979718828503,0.5740312677277188,0.6013317175863482,0.02730044985862934
431,pembrolizumab,1000.0,3.25,3.4257969912621884,0.5118833609788743,0.5347616236070595,0.022878262628185153
431,pembrolizumab,10000.0,3.0,2.9652132614974263,0.47712125471966244,0.47205593377476657,-0.005065320944895868
431,pembrolizumab,100000.0,2.65,2.5450695186749606,0.42324587393680785,0.4056996496058144,-0.017546224330993454
431,pembrolizumab,15000000.0,2.3,1.7067434124862608,0.36172783601759284,0.23216823528150757,-0.12955960073608527
432,pembrolizumab,100.0,6.63,6.785375572316174,0.8215135284047731,0.831573890974433,0.01006036256965992
432,pembrolizumab,1000.0,6.25,6.40916678606399,0.7958800173440752,0.8068015733978849,0.010921556053809733
432,pembrolizumab,10000.0,6.25,6.09629089424679,0.7958800173440752,0.7850656818801074,-0.010814335463967817
432,pembrolizumab,100000.0,5.75,5.759268599537751,0.7596678446896304,0.7603673335354395,0.0006994888458090598
432,pembrolizumab,15000000.0,5.2,4.892690943472792,0.7160033436347992,0.6895477835540403,-0.02645556008075889
433,pembrolizumab,100.0,7.25,6.69317190904521,0.8603380065709937,0.8256319796712028,-0.034706026899790854
433,pembrolizumab,1000.0,6.25,6.00577572811491,0.7958800173440752,0.7785691104369369,-0.017310906907138324
433,pembrolizumab,10000.0,5.63,5.335539542829073,0.7505083948513462,0.7271783429030355,-0.023330051948310726
433,pembrolizumab,100000.0,4.72,4.679242555886061,0.6739419986340878,0.6701755581121572,-0.0037664405219305364
433,pembrolizumab,15000000.0,3.2,3.585140858634026,0.505149978319906,0.554506223581425,0.04935624526151894
434,pembrolizumab,100.0,6.38,5.642107026454002,0.8048206787211624,0.7514413201315654,-0.05337935858959697
434,pembrolizumab,1000.0,5.13,5.155211223700686,0.7101173651118162,0.7122464642671285,0.0021290991553122307
434,pembrolizumab,10000.0,4.5,4.542358546195863,0.6532125137753437,0.6572814118054745,0.004068898030130774
434,pembrolizumab,100000.0,3.68,3.8831169543057507,0.5658478186735176,0.5891804711138333,0.023332652440315682
434,pembrolizumab,15000000.0,2.2,2.244902610104941,0.3424226808222063,0.3511975048888036,0.008774824066597298
435,pembrolizumab,100.0,4.63,4.404417122388697,0.6655809910179531,0.6438884423099965,-0.02169254870795656
435,pembrolizumab,1000.0,3.5,3.879319714692301,0.5440680443502757,0.5887555735172536,0.044687529166977935
435,pembrolizumab,10000.0,3.0,3.1540481851000344,0.47712125471966244,0.49886832385756524,0.021747069137902808
435,pembrolizumab,100000.0,2.3,2.623572606425461,0.36172783601759284,0.4188930876437911,0.05716525162619823
435,pembrolizumab,15000000.0,1.9,1.8570580870337852,0.2787536009528289,0.2688254882759691,-0.009928112676859835
436,pembrolizumab,100.0,7.0,5.786700557431316,0.8450980400142568,0.7624310096454029,-0.08266703036885392
436,pembrolizumab,1000.0,5.5,5.191269734441506,0.7403626894942439,0.715273595077291,-0.02508909441695284
436,pembrolizumab,10000.0,4.63,4.2051901098481785,0.6655809910179531,0.6237856343293428,-0.04179535668861034
436,pembrolizumab,100000.0,3.57,3.2791643628733587,0.5526682161121932,0.5157631855318074,-0.036905030580385745
436,pembrolizumab,15000000.0,2.0,2.234076744867831,0.3010299956639812,0.3490980878933476,0.04806809222936642
437,pembrolizumab,100.0,5.13,5.467407853487472,0.7101173651118162,0.7377814722658431,0.027664107154026896
437,pembrolizumab,1000.0,4.0,4.687735052498605,0.6020599913279624,0.6709630576837774,0.068903066355815
437,pembrolizumab,10000.0,3.5,3.835045267706647,0.5440680443502757,0.5837704945950851,0.03970245024480945
437,pembrolizumab,100000.0,2.88,3.093021489816485,0.45939248775923086,0.4903829374219616,0.030990449662730735
437,pembrolizumab,15000000.0,2.0,2.1199800093143013,0.3010299956639812,0.32633176569977895,0.025301770035797755
438,pembrolizumab,100.0,7.25,6.298935531514858,0.8603380065709937,0.7992671634458193,-0.06107084312517441
438,pembrolizumab,1000.0,6.5,5.907905571698888,0.8129133566428556,0.7714335452015497,-0.04147981144130586
438,pembrolizumab,10000.0,6.13,5.517174807931615,0.787460474518415,0.7417167445010376,-0.045743730017377415
438,pembrolizumab,100000.0,5.18,5.068113769253696,0.714329759745233,0.7048463553835652,-0.009483404361667835
438,pembrolizumab,15000000.0,3.8,3.6551779992150295,0.5797835966168101,0.5629085310051158,-0.016875065611694273
439,pembrolizumab,100.0,7.75,8.197385786513804,0.8893017025063102,0.9136753743950943,0.024373671888784032
439,pembrolizumab,1000.0,6.88,7.2808169377668355,0.8375884382355113,0.8621801116837666,0.024591673448255302
439,pembrolizumab,10000.0,6.0,6.303640050263967,0.7781512503836436,0.7995914061554774,0.02144015577183378
439,pembrolizumab,100000.0,4.83,5.228595414864115,0.6839471307515121,0.7183850377198977,0.03443790696838556
439,pembrolizumab,15000000.0,2.8,2.5859048014282706,0.4471580313422192,0.41261253254151004,-0.03454549880070917
440,pembrolizumab,100.0,9.5,6.853758574562058,0.9777236052888477,0.8359288022265958,-0.1417948030622519
440,pembrolizumab,1000.0,7.5,6.219348784636516,0.8750612633917001,0.7937449129793896,-0.08131635041231045
440,pembrolizumab,10000.0,6.25,5.705437404762994,0.7958800173440752,0.7562889450194477,-0.03959107232462755
440,pembrolizumab,100000.0,4.83,4.893471357107358,0.6839471307515121,0.6896170506120356,0.0056699198605234535
440,pembrolizumab,15000000.0,2.4,3.2368896859682352,0.38021124171160603,0.5101278987873015,0.12991665707569544
441,pembrolizumab,100.0,6.0,6.0787220437655485,0.7781512503836436,0.7838122852468032,0.005661034863159609
441,pembrolizumab,1000.0,5.63,5.67273212694859,0.7505083948513462,0.7537922761550793,0.0032838813037330272
441,pembrolizumab,10000.0,5.25,5.149464446495319,0.7201593034059569,0.7117620639875584,-0.008397239418398539
441,pembrolizumab,100000.0,4.6,4.609242806505137,0.6627578316815741,0.6636295865684037,0.0008717548868295566
441,pembrolizumab,15000000.0,3.6,3.3937839576628184,0.5563025007672873,0.5306841924362147,-0.025618308331072592
442,pembrolizumab,100.0,6.88,6.547242383427792,0.8375884382355113,0.816058419100806,-0.021530019134705314
442,pembrolizumab,1000.0,6.0,5.888071544396748,0.7781512503836436,0.7699730783586456,-0.008178172024998043
442,pembrolizumab,10000.0,5.63,5.285263394200604,0.7505083948513462,0.7230666355029489,-0.02744175934839732
442,pembrolizumab,100000.0,4.83,4.503740627096455,0.6839471307515121,0.6535733713050297,-0.030373759446482462
442,pembrolizumab,15000000.0,3.7,3.2437918771886403,0.568201724066995,0.5110529819484627,-0.05714874211853227
443,none,100.0,1.0,0.9515088107482118,0.0,-0.02158718589339404,-0.02158718589339404
443,none,1000.0,1.0,0.9468089153929146,0.0,-0.023737661296696615,-0.023737661296696615
443,none,10000.0,1.0,0.9375389451841635,0.0,-0.02801068271781304,-0.02801068271781304
443,none,100000.0,1.0,0.9227468149409326,0.0,-0.03491744519051688,-0.03491744519051688
443,none,15000000.0,1.0,0.8535305057399393,0.0,-0.06878095230230605,-0.06878095230230605
444,adalimumab,100.0,10.31,8.575121022483431,1.0132586652835165,0.9332402580472685,-0.08001840723624798
444,adalimumab,1000.0,8.75,7.9246718606004425,0.9420080530223133,0.8989812882928248,-0.04302676472948852
444,adalimumab,10000.0,7.88,7.163887873051562,0.8965262174895553,0.8551487797878167,-0.04137743770173863
444,adalimumab,100000.0,7.25,6.260950552176901,0.8603380065709937,0.7966402738216096,-0.06369773274938406
444,adalimumab,15000000.0,1.35,2.6573973722788162,0.13033376849500614,0.4244565012240679,0.29412273272906175
445,adalimumab,100.0,7.5,7.258990796599986,0.8750612633917001,0.8608762457780912,-0.014185017613608908
445,adalimumab,1000.0,6.38,6.629522368692762,0.8048206787211624,0.8214822403032203,0.016661561582057893
445,adalimumab,10000.0,5.75,6.028390334105822,0.7596678446896304,0.7802013648204291,0.020533520130798677
445,adalimumab,100000.0,4.83,5.250095918685579,0.6839471307515121,0.7201672379917325,0.0362201072402204
445,adalimumab,15000000.0,3.0,2.6219337528921627,0.47712125471966244,0.41862171438806967,-0.05849954033159277
446,adalimumab,100.0,8.38,9.191613943196256,0.9232440186302765,0.9633917752689461,0.04014775663866965
446,adalimumab,1000.0,8.38,8.384531620178645,0.9232440186302765,0.9234788068999628,0.0002347882696862591
446,adalimumab,10000.0,8.38,7.730452384036993,0.9232440186302765,0.8882049094606574,-0.035039109169619054
446,adalimumab,100000.0,7.71,6.588936335755276,0.887054378050957,0.8188153112865326,-0.06823906676442437
446,adalimumab,15000000.0,1.4,2.894630804783003,0.146128035678238,0.46159317957630946,0.31546514389807145
447,adalimumab,100.0,8.13,7.609919428869663,0.9100905455940682,0.8813800586388324,-0.028710486955235814
447,adalimumab,1000.0,7.38,7.066998065443616,0.8680563618230416,0.8492349724287345,-0.01882138939430711
447,adalimumab,10000.0,7.38,6.662153045480621,0.8680563618230416,0.82361460524562,-0.044441756577421554
447,adalimumab,100000.0,6.79,5.992019083264115,0.8318697742805017,0.7775731878261071,-0.05429658645439461
447,adalimumab,15000000.0,2.7,3.3101785613894865,0.43136376415898736,0.5198514216109152,0.08848765745192788
448,adalimumab,100.0,11.38,8.696607200819525,1.0561422620590524,0.9393498547625931,-0.11679240729645923
448,adalimumab,1000.0,8.75,8.236011964238575,0.9420080530223133,0.9157169688346556,-0.026291084187657687
448,adalimumab,10000.0,7.63,7.4684939766450755,0.8825245379548805,0.8732330350719373,-0.009291502882943226
448,adalimumab,100000.0,6.1,6.458430364332174,0.785329835010767,0.8101269813171341,0.02479714630636709
448,adalimumab,15000000.0,3.6,3.673034391306733,0.5563025007672873,0.5650249947446445,0.008722493977357249
449,adalimumab,100.0,5.13,4.8654450792648225,0.7101173651118162,0.6871225746408248,-0.0229947904709914
449,adalimumab,1000.0,4.25,4.4021062773652755,0.6283889300503115,0.6436605232505258,0.015271593200214317
449,adalimumab,10000.0,4.0,4.031355068036938,0.6020599913279624,0.6054510510178632,0.0033910596899008327
449,adalimumab,100000.0,3.45,3.61571919172626,0.5378190950732742,0.5581946944196743,0.020375599346400097
449,adalimumab,15000000.0,2.6,2.814031470418587,0.414973347970818,0.4493289500115596,0.03435560204074162
450,adalimumab,100.0,9.25,6.728585943061362,0.9661417327390326,0.8279238039488773,-0.13821792879015526
450,adalimumab,1000.0,6.5,6.140676906914527,0.8129133566428556,0.7882162474822305,-0.024697109160625064
450,adalimumab,10000.0,5.63,5.457712358808164,0.7505083948513462,0.7370106430461866,-0.013497751805159663
450,adalimumab,100000.0,4.49,4.557624491210894,0.6522463410033232,0.6587385402140193,0.0064921992106961035
450,adalimumab,15000000.0,2.6,2.832673381174834,0.414973347970818,0.4521965014773692,0.0372231535065512
451,adalimumab,100.0,4.0,4.361815889867669,0.6020599913279624,0.6396673302701907,0.03760733894222834
451,adalimumab,1000.0,3.88,3.949582290290544,0.5888317255942073,0.5965511668633037,0.007719441269096405
451,adalimumab,10000.0,3.88,3.581528477229891,0.5888317255942073,0.5540684086440567,-0.03476331695015056
451,adalimumab,100000.0,3.57,3.225171846793858,0.5526682161121932,0.508552860095615,-0.04411535601657823
451,adalimumab,15000000.0,2.2,2.418621767781687,0.3424226808222063,0.3835679572379799,0.04114527641577359
452,adalimumab,100.0,3.75,3.8908380191922274,0.5740312677277188,0.5900431509180326,0.01601188319031377
452,adalimumab,1000.0,3.75,3.8305832673358764,0.5740312677277188,0.5832649072582419,0.00923363953052303
452,adalimumab,10000.0,3.75,3.769943686847546,0.5740312677277188,0.5763348630243534,0.0023035952966345974
452,adalimumab,100000.0,3.45,3.7128710906034184,0.5378190950732742,0.5697098709575158,0.03189077588424161
452,adalimumab,15000000.0,3.45,3.5646702591813058,0.5378190950732742,0.5520193627317262,0.01420026765845206
453,adalimumab,100.0,3.88,3.8415870425036625,0.5888317255942073,0.5845106778601176,-0.0043210477340897
453,adalimumab,1000.0,3.5,3.4831339050438466,0.5440680443502757,0.5419701707269102,-0.0020978736233654427
453,adalimumab,10000.0,3.38,3.164449956610492,0.5289167002776547,0.5002982320251749,-0.028618468252479823
453,adalimumab,100000.0,2.99,2.8568821323426046,0.4756711883244297,0.4558923228716627,-0.01977886545276697
453,adalimumab,15000000.0,2.6,2.4328864393896787,0.414973347970818,0.3861218377029354,-0.028851510267882574
454,adalimumab,100.0,3.63,4.621354688711243,0.5599066250361125,0.6647693018748355,0.10486267683872297
454,adalimumab,1000.0,3.63,4.226640787126642,0.5599066250361125,0.6259953396677307,0.06608871463161814
454,adalimumab,10000.0,3.63,3.793941417012153,0.5599066250361125,0.5790906205787946,0.01918399554268202
454,adalimumab,100000.0,3.34,3.2961731598560746,0.5237464668115644,0.5180100186787857,-0.0057364481327787376
454,adalimumab,15000000.0,2.3,2.1799867847030363,0.36172783601759284,0.33845386087619006,-0.02327397514140278
455,adalimumab,100.0,5.75,6.094769741756286,0.7596678446896304,0.7849573027725116,0.02528945808288119
455,adalimumab,1000.0,5.75,5.796139708141503,0.7596678446896304,0.763138845008883,0.003471000319252515
455,adalimumab,10000.0,5.75,5.360563779007565,0.7596678446896304,0.7292104675353297,-0.030457377154300747
455,adalimumab,100000.0,5.29,4.7010278432839785,0.7234556720351858,0.672192823438578,-0.05126284859660779
455,adalimumab,15000000.0,2.6,2.908970471622236,0.414973347970818,0.4637393128329618,0.04876596486214385
456,adalimumab,100.0,6.63,5.950456274648328,0.8215135284047731,0.7745502682436003,-0.046963260161172804
456,adalimumab,1000.0,5.25,5.406349365359657,0.7201593034059569,0.7329041069463819,0.012744803540424954
456,adalimumab,10000.0,4.5,4.741911797329148,0.6532125137753437,0.6759534715549708,0.022740957779627036
456,adalimumab,100000.0,3.68,3.8584419506525762,0.5658478186735176,0.5864119707772628,0.02056415210374518
456,adalimumab,15000000.0,2.2,2.215714939021245,0.3424226808222063,0.34551388585176324,0.0030912050295569538
457,adalimumab,100.0,6.38,5.877656358113018,0.8048206787211624,0.7692041911040739,-0.035616487617088466
457,adalimumab,1000.0,5.38,5.414339980105619,0.7307822756663892,0.7335455227399965,0.002763247073607311
457,adalimumab,10000.0,4.75,4.818736731391394,0.6766936096248666,0.6829331995472638,0.0062395899223972595
457,adalimumab,100000.0,3.91,4.111640844103613,0.5921767573958668,0.6140151715912504,0.02183841419538357
457,adalimumab,15000000.0,2.6,2.6382882662325255,0.414973347970818,0.4213222459466734,0.0063488979758554165
458,adalimumab,100.0,5.25,5.2970687621264325,0.7201593034059569,0.7240356106207486,0.0038763072147917077
458,adalimumab,1000.0,5.0,5.110205160466995,0.6989700043360189,0.708438336195405,0.009468331859386114
458,adalimumab,10000.0,5.0,4.923369147650773,0.6989700043360189,0.6922623998144667,-0.0067076045215521685
458,adalimumab,100000.0,5.0,4.752020018646305,0.6989700043360189,0.6768782615121339,-0.02209174282388493
458,adalimumab,15000000.0,5.0,3.8901364919290264,0.6989700043360189,0.5899648395395021,-0.10900516479651678
459,adalimumab,100.0,2.5,2.3398862355692276,0.3979400086720376,0.36919474268126096,-0.028745265990776647
459,adalimumab,1000.0,2.13,2.1129484784328505,0.3283796034387377,0.3248889074616322,-0.0034906959771054957
459,adalimumab,10000.0,2.0,1.931625454607428,0.3010299956639812,0.2859229198193761,-0.015107075844605078
459,adalimumab,100000.0,1.73,1.7911639864855848,0.2380461031287954,0.25313534864387544,0.015089245515080035
459,adalimumab,15000000.0,1.5,1.5415406118857267,0.17609125905568124,0.18795497070089134,0.011863711645210107
460,adalimumab,100.0,4.88,5.219984009960445,0.6884198220027106,0.7176691726580897,0.029249350655379147
460,adalimumab,1000.0,4.88,4.849772177874416,0.6884198220027106,0.685721337733006,-0.0026984842697045375
460,adalimumab,10000.0,4.75,4.524084050212827,0.6766936096248666,0.6555306648220631,-0.02116294480280345
460,adalimumab,100000.0,4.37,4.124707529446752,0.6404814369704218,0.6153931594676331,-0.025088277502788747
460,adalimumab,15000000.0,3.8,2.817042197014629,0.5797835966168101,0.4497933524147232,-0.12999024420208694
461,adalimumab,100.0,5.63,4.664812294188463,0.7505083948513462,0.6688341730046475,-0.0816742218466987
461,adalimumab,1000.0,4.25,4.239096416431182,0.6283889300503115,0.6272732945224155,-0.0011156355278959529
461,adalimumab,10000.0,3.88,3.8479205434359463,0.5888317255942073,0.5852260956153611,-0.00360562997884617
461,adalimumab,100000.0,3.34,3.4367465671259434,0.5237464668115644,0.5361475075352966,0.01240104072373216
461,adalimumab,15000000.0,2.4,2.4392819397598235,0.38021124171160603,0.3872620003159317,0.007050758604325691
462,adalimumab,100.0,3.5,3.1676610430043346,0.5440680443502757,0.5007387035271393,-0.04332934082313633
462,adalimumab,1000.0,2.63,2.797429650874322,0.41995574848975786,0.44675917379869123,0.02680342530893337
462,adalimumab,10000.0,2.13,2.27558041421331,0.3283796034387377,0.35709218716477575,0.028712583726038077
462,adalimumab,100000.0,1.73,1.88978395233019,0.2380461031287954,0.2764121567266641,0.03836605359786868
462,adalimumab,15000000.0,1.5,1.3909988097250683,0.17609125905568124,0.14332675836727576,-0.032764500688405473
463,vudalimab,100.0,16.25,14.564237583892183,1.2108533653148932,1.1632877548905638,-0.047565610424329385
463,vudalimab,1000.0,11.0,11.85874312162894,1.0413926851582251,1.0740386616870237,0.032645976528798526
463,vudalimab,10000.0,9.63,8.849891847608026,0.9836262871245346,0.9469379633222275,-0.03668832380230713
463,vudalimab,100000.0,7.71,6.7859554866746485,0.887054378050957,0.8316110065093677,-0.05544337154158929
463,vudalimab,15000000.0,4.6,4.474814342941609,0.6627578316815741,0.6507750214377181,-0.011982810243855946
464,vudalimab,100.0,4.5,4.765424707957313,0.6532125137753437,0.6781016122362051,0.024889098460861403
464,vudalimab,1000.0,4.25,4.361759021735945,0.6283889300503115,0.6396616680236795,0.01127273797336803
464,vudalimab,10000.0,4.25,4.08909672550047,0.6283889300503115,0.6116273836906232,-0.016761546359688295
464,vudalimab,100000.0,4.25,3.8994013988283265,0.6283889300503115,0.5909979431447638,-0.03739098690554765
464,vudalimab,15000000.0,4.25,3.1919456645265782,0.6283889300503115,0.5040554898851064,-0.12433344016520509
465,vudalimab,100.0,4.13,2.960702690194203,0.615950051656401,0.47139479830760866,-0.14455525334879238
465,vudalimab,1000.0,2.88,2.714011870746847,0.45939248775923086,0.4336117428773576,-0.025780744881873263
465,vudalimab,10000.0,2.5,2.3817624376828315,0.3979400086720376,0.3768984418031035,-0.021041566868934103
465,vudalimab,100000.0,2.07,2.062132080524076,0.3159703454569177,0.31431647860302997,-0.0016538668538877421
465,vudalimab,15000000.0,1.3,1.5289419847647054,0.11394335230683679,0.18439100655387003,0.07044765424703324
466,vudalimab,100.0,3.38,3.4094538055432753,0.5289167002776547,0.5326848105942439,0.0037681103165891905
466,vudalimab,1000.0,3.25,3.235848069568777,0.5118833609788743,0.5099881223046029,-0.0018952386742714378
466,vudalimab,10000.0,3.13,3.004655733987445,0.49554433754644844,0.47779471880310537,-0.017749618743343076
466,vudalimab,100000.0,2.76,2.6680376418464253,0.4409090820652177,0.42619195250495767,-0.01471712956026
466,vudalimab,15000000.0,2.3,1.9327836905492093,0.36172783601759284,0.2861832522398965,-0.07554458377769635
467,vudalimab,100.0,1.5,1.840341317852983,0.17609125905568124,0.264898376658097,0.08880711760241577
467,vudalimab,1000.0,1.5,1.6981509029536666,0.17609125905568124,0.22997628037678766,0.053885021321106424
467,vudalimab,10000.0,1.5,1.5832019889314606,0.17609125905568124,0.1995363267904417,0.02344506773476046
467,vudalimab,100000.0,1.5,1.50221952303879,0.17609125905568124,0.17673340182800004,0.0006421427723188045
467,vudalimab,15000000.0,1.5,1.3312098941570907,0.17609125905568124,0.12424653683266057,-0.05184472222302067
468,vudalimab,100.0,2.88,2.3959692144270317,0.45939248775923086,0.37948123354600627,-0.07991125421322459
468,vudalimab,1000.0,2.38,2.060349590337914,0.37657695705651195,0.3139409156475361,-0.06263604140897583
468,vudalimab,10000.0,1.88,1.7927490812798703,0.2741578492636798,0.25351950861333994,-0.02063834065033987
468,vudalimab,100000.0,1.38,1.5716164748813972,0.13987908640123647,0.19634657276930456,0.05646748636806809
468,vudalimab,15000000.0,1.0,1.20173063219439,0.0,0.07980713150891526,0.07980713150891526
469,vudalimab,100.0,2.63,2.739230768715841,0.41995574848975786,0.43762862128577695,0.01767287279601909
469,vudalimab,1000.0,2.63,2.5887115796083995,0.41995574848975786,0.413083666362973,-0.006872082126784862
469,vudalimab,10000.0,2.5,2.378732605028775,0.3979400086720376,0.3763456254390021,-0.02159438323303553
469,vudalimab,100000.0,2.19,2.2173575470329583,0.34044411484011833,0.34583572837985604,0.005391613539737716
469,vudalimab,15000000.0,1.9,1.8640279438360972,0.2787536009528289,0.27045241862035246,-0.008301182332476453
470,vudalimab,100.0,3.13,2.6485345704853835,0.49554433754644844,0.42300564601734175,-0.07253869152910669
470,vudalimab,1000.0,2.38,2.28204572568289,0.37657695705651195,0.35832434219122566,-0.018252614865286287
470,vudalimab,10000.0,2.13,1.965980345369071,0.3283796034387377,0.2935791717156364,-0.034800431723101266
470,vudalimab,100000.0,1.84,1.737081474459919,0.2648178230095365,0.2398201886707825,-0.024997634338753988
470,vudalimab,15000000.0,1.3,1.315336913246332,0.11394335230683679,0.11903700820437506,0.005093655897538268
471,vudalimab,100.0,8.0,4.939795220621131,0.9030899869919435,0.6937089456042912,-0.20938104138765234
471,vudalimab,1000.0,5.38,4.617952788327123,0.7307822756663892,0.6644494885911572,-0.06633278707523205
471,vudalimab,10000.0,4.88,4.270206278369769,0.6884198220027106,0.630448854742568,-0.057970967260142614
471,vudalimab,100000.0,4.03,3.6420573192088677,0.6053050461411095,0.5613467765001503,-0.04395826964095917
471,vudalimab,15000000.0,2.7,2.8711655591280776,0.43136376415898736,0.4580582358063975,0.026694471647410123
472,vudalimab,100.0,6.25,5.010523040763898,0.7958800173440752,0.6998830635640613,-0.09599695378001394
472,vudalimab,1000.0,5.25,4.834945130740581,0.7201593034059569,0.6843915498664238,-0.0357677535395331
472,vudalimab,10000.0,5.0,4.511217815829793,0.6989700043360189,0.654293796711812,-0.044676207624206876
472,vudalimab,100000.0,4.49,4.17910267002981,0.6522463410033232,0.6210830407965761,-0.03116330020674718
472,vudalimab,15000000.0,3.7,3.5615477638301347,0.568201724066995,0.5516387730323403,-0.01656295103465466
473,vudalimab,100.0,12.88,18.014889333254537,1.1099158630237933,1.255631598564915,0.1457157355411216
473,vudalimab,1000.0,10.63,14.468379347480964,1.0265332645232967,1.1604198870371845,0.13388662251388772
473,vudalimab,10000.0,9.88,11.100795236450239,0.9947569445876282,1.0453540917984767,0.050597147210848514
473,vudalimab,100000.0,8.4,8.397218481342993,0.9242792860618817,0.9241354529366017,-0.0001438331252799907
473,vudalimab,15000000.0,6.1,5.355648418604399,0.785329835010767,0.7288120592152993,-0.056517775795467684
474,vudalimab,100.0,3.13,2.877229215398914,0.49554433754644844,0.45897446147933857,-0.036569876067109874
474,vudalimab,1000.0,2.5,2.6898092636673328,0.3979400086720376,0.42972148495643114,0.03178147628439354
474,vudalimab,10000.0,2.5,2.556211637293814,0.3979400086720376,0.40759680766471745,0.00965679899267985
474,vudalimab,100000.0,2.5,2.431167349112123,0.3979400086720376,0.38581485448071584,-0.012125154191321763
474,vudalimab,15000000.0,2.5,2.1399716300353426,0.3979400086720376,0.33040801587219437,-0.06753199279984323
475,vudalimab,100.0,1.38,1.4314068162178541,0.13987908640123647,0.1557630809502675,0.015883994549031027
475,vudalimab,1000.0,1.25,1.353241865577504,0.09691001300805642,0.13137542519932935,0.03446541219127293
475,vudalimab,10000.0,1.25,1.264401762474044,0.09691001300805642,0.1018850925394326,0.004975079531376186
475,vudalimab,100000.0,1.13,1.201709983309381,0.05307844348341968,0.07979966912623002,0.026721225642810334
475,vudalimab,15000000.0,1.0,1.0582667326779738,0.0,0.02459514400384251,0.02459514400384251
476,vudalimab,100.0,3.38,3.258753818986701,0.5289167002776547,0.5130515531334636,-0.015865147144191072
476,vudalimab,1000.0,3.13,3.0443887129108256,0.49554433754644844,0.48350010312297786,-0.012044234423470579
476,vudalimab,10000.0,3.13,2.864511598328953,0.49554433754644844,0.45705058503564566,-0.03849375251080278
476,vudalimab,100000.0,2.88,2.7090165189180517,0.45939248775923086,0.4328116532624351,-0.02658083449679577
476,vudalimab,15000000.0,2.5,2.3693954336422296,0.3979400086720376,0.37463754713787456,-0.023302461534163044
477,vudalimab,100.0,9.5,7.015139569059551,0.9777236052888477,0.8460363159159728,-0.13168728937287488
477,vudalimab,1000.0,7.63,6.269660242986185,0.8825245379548805,0.7972440067646469,-0.0852805311902336
477,vudalimab,10000.0,7.0,5.461823713588864,0.8450980400142568,0.7373376786943937,-0.10776036131986311
477,vudalimab,100000.0,5.98,4.82981998389337,0.7767011839884109,0.6839309441141002,-0.09277023987431077
477,vudalimab,15000000.0,4.3,3.544284401539662,0.6334684555795865,0.549528563402277,-0.08393989217730957
478,vudalimab,100.0,4.25,3.8051112997403793,0.6283889300503115,0.5803673644327806,-0.048021565617530904
478,vudalimab,1000.0,3.88,3.46830358724413,0.5888317255942073,0.540117105094356,-0.04871462049985131
478,vudalimab,10000.0,3.75,3.1278003430987544,0.5740312677277188,0.49523902294986205,-0.07879224477785679
478,vudalimab,100000.0,3.34,2.8618724076650364,0.5237464668115644,0.45665026748027926,-0.06709619933128519
478,vudalimab,15000000.0,2.8,2.489140579785906,0.4471580313422192,0.39604942505423424,-0.05110860628798497
479,vudalimab,100.0,13.13,7.843142617799948,1.1182647260894794,0.8944901121872424,-0.22377461390223696
479,vudalimab,1000.0,9.25,7.221905860189031,0.9661417327390326,0.8586518229627407,-0.10748990977629191
479,vudalimab,10000.0,8.25,6.090309536947036,0.9164539485499251,0.7846393659944207,-0.13181458255550438
479,vudalimab,100000.0,6.67,5.049938193647692,0.8241258339165489,0.7032860628073714,-0.12083977110917754
479,vudalimab,15000000.0,4.0,3.6166373323389904,0.6020599913279624,0.5583049609427737,-0.04375503038518869
480,vudalimab,100.0,5.25,5.078717549454789,0.7201593034059569,0.705754060411949,-0.014405242994007916
480,vudalimab,1000.0,4.75,4.598254827121921,0.6766936096248666,0.6625930354296207,-0.014100574195245907
480,vudalimab,10000.0,4.63,4.201956171114488,0.6655809910179531,0.6234515181455176,-0.042129472872435514
480,vudalimab,100000.0,4.26,3.995502314927135,0.6294095991027189,0.6015713866255734,-0.027838212477145463
480,vudalimab,15000000.0,3.7,3.2890523247783756,0.568201724066995,0.5170707826288256,-0.05113094143816943
481,vudalimab,100.0,2.0,1.891171915930378,0.3010299956639812,0.2767310099377163,-0.024298985726264877
481,vudalimab,1000.0,2.0,1.7579949739745704,0.3010299956639812,0.2450176291119111,-0.05601236655207009
481,vudalimab,10000.0,1.63,1.6317176291210234,0.21218760440395779,0.21264500568940978,0.00045740128545199155
481,vudalimab,100000.0,1.5,1.5003992750228436,0.17609125905568124,0.17620684563220781,0.00011558657652657733
481,vudalimab,15000000.0,1.4,1.2295328321685812,0.146128035678238,0.08974013017865264,-0.056387905499585375
482,vudalimab,100.0,2.38,2.056451655862137,0.37657695705651195,0.3131185043440551,-0.06345845271245687
482,vudalimab,1000.0,1.88,1.920598343337814,0.2741578492636798,0.2834365499159067,0.009278700652226912
482,vudalimab,10000.0,1.75,1.7387320076765747,0.24303804868629444,0.2402326489628868,-0.0028053997234076533
482,vudalimab,100000.0,1.5,1.5197990782613227,0.17609125905568124,0.18178617678023007,0.005694917724548831
482,vudalimab,15000000.0,1.3,1.1457298242992886,0.11394335230683679,0.05908221828633251,-0.05486113402050428
483,vudalimab,100.0,1.5,3.1697063787193986,0.17609125905568124,0.5010190338240663,0.3249277747683851
483,vudalimab,1000.0,1.5,2.9289271464739643,0.17609125905568124,0.46670856926512777,0.29061731020944653
483,vudalimab,10000.0,1.38,2.5939207283858687,0.13987908640123647,0.41395669967765236,0.2740776132764159
483,vudalimab,100000.0,1.27,2.253286112604072,0.10380372095595687,0.3528163400753617,0.24901261911940487
483,vudalimab,15000000.0,1.2,1.6562175371675194,0.07918124604762482,0.2191173789384341,0.1399361328908093
484,vudalimab,100.0,4.25,3.825681946986502,0.6283889300503115,0.5827088615589434,-0.045680068491368075
484,vudalimab,1000.0,3.75,3.423935406714502,0.5740312677277188,0.5345255630226196,-0.03950570470509929
484,vudalimab,10000.0,3.63,3.152504551880084,0.5599066250361125,0.49865572232044847,-0.06125090271566408
484,vudalimab,100000.0,3.22,2.9239604590468,0.5078558716958309,0.46597149532621424,-0.04188437636961667
484,vudalimab,15000000.0,2.7,2.5467047906040823,0.43136376415898736,0.4059786052532993,-0.025385158905688043
485,vudalimab,100.0,3.63,4.130880557073836,0.5599066250361125,0.6160426376893243,0.056136012653211775
485,vudalimab,1000.0,3.63,3.804040001987096,0.5599066250361125,0.5802450751820215,0.02033845014590896
485,vudalimab,10000.0,3.63,3.4145488270233875,0.5599066250361125,0.5333333273795694,-0.02657329765654315
485,vudalimab,100000.0,3.34,3.043950066015106,0.5237464668115644,0.48343752384361716,-0.04030894296794729
485,vudalimab,15000000.0,2.5,2.3967274771422593,0.3979400086720376,0.37961865485054375,-0.018321353821493858
486,nivolumab,100.0,1.48,1.3862501728021024,0.17026171539495738,0.14184161329391248,-0.028420102101044897
486,nivolumab,1000.0,1.48,1.4065643674853898,0.17026171539495738,0.14815961122861437,-0.022102104166343006
486,nivolumab,10000.0,1.42992162383138,1.3749896380915165,0.1553122337794858,0.13829942533963946,-0.017012808439846344
486,nivolumab,100000.0,1.3209192384736852,1.3189106235845396,0.12087626548929283,0.12021536643401057,-0.0006608990552822575
486,nivolumab,15000000.0,1.05,1.12021614479907,0.021189299069938092,0.0493018275244921,0.02811252845455401
487,nivolumab,100.0,2.91,2.487953298468614,0.4638929889859073,0.3958422239256398,-0.06805076506026753
487,nivolumab,1000.0,2.761467213372999,2.436769336474394,0.44113989125489206,0.3868144210035586,-0.05432547025133344
487,nivolumab,10000.0,2.543790025335465,2.3833553463833312,0.4054812600417564,0.37718879831302415,-0.028292461728732232
487,nivolumab,100000.0,2.393708266764341,2.309858617879935,0.37907121964817403,0.3635853983537546,-0.015485821294419444
487,nivolumab,15000000.0,2.17,2.0604829234236375,0.3364597338485295,0.31396901959168416,-0.022490714256845346
488,nivolumab,100.0,3.04,3.022342352901225,0.48287358360875376,0.4803436570760192,-0.002529926532734539
488,nivolumab,1000.0,3.0186446145934664,2.8964103497466334,0.4798119864891472,0.4618600906763023,-0.017951895812844898
488,nivolumab,10000.0,2.7501273993667743,2.7631023473529415,0.4393528129431415,0.44139697180301146,0.002044158859869971
488,nivolumab,100000.0,2.512858220029287,2.638960925556205,0.4001679856097039,0.4214329597763373,0.02126497416663342
488,nivolumab,15000000.0,2.0,2.077812335246285,0.3010299956639812,0.3176063201954458,0.016576324531464626
489,nivolumab,100.0,2.57,2.588406536924033,0.4099331233312945,0.4130324879460482,0.0030993646147536857
489,nivolumab,1000.0,2.470900147732846,2.509823768433243,0.3928551953556033,0.39964322782208045,0.006788032466477134
489,nivolumab,10000.0,2.3779344387421952,2.4648955964135952,0.37619987665567695,0.39179852894318473,0.015598652287507786
489,nivolumab,100000.0,2.3196476249520104,2.3993415770222604,0.36542201671763863,0.38009207975441023,0.014670063036771597
489,nivolumab,15000000.0,2.21,2.167316650851343,0.3443922736851107,0.3359223675592904,-0.008469906125820326
490,nivolumab,100.0,3.27,3.2447207925650425,0.5145477526602861,0.5111773318096453,-0.003370420850640765
490,nivolumab,1000.0,3.213736226723729,3.0513313855163333,0.5070102283764868,0.48448937613987975,-0.022520852236607047
490,nivolumab,10000.0,2.953627106930759,2.8678872595343883,0.4703556651043599,0.4575620746371567,-0.012793590467203186
490,nivolumab,100000.0,2.5954413689699103,2.5991245584352103,0.41421122261173177,0.4148270927926098,0.0006158701808780531
490,nivolumab,15000000.0,1.78,1.8737751280979156,0.250420002308894,0.2727174699636561,0.022297467654762093
491,nivolumab,100.0,2.96,2.8742398682989068,0.4712917110589386,0.4585230091467121,-0.012768701912226454
491,nivolumab,1000.0,2.737572288520089,2.6003447723678392,0.4373655960092243,0.41503093366701266,-0.022334662342211653
491,nivolumab,10000.0,2.27857542117122,2.2947137438152048,0.35766340836563726,0.36072851678599505,0.003065108420357787
491,nivolumab,100000.0,1.9586604357601929,1.9653017806744868,0.29195915081962365,0.29342924764712625,0.0014700968275025983
491,nivolumab,15000000.0,1.41,1.5138202201556163,0.14921911265537988,0.1800743018282626,0.030855189172882713
492,nivolumab,100.0,108.62763247668865,109.05705890878599,2.03594031425531,2.037653781294061,0.001713467038751304
492,nivolumab,1000.0,110.48915866313888,96.39817487769722,2.043319666584374,1.9840688114127016,-0.05925085517167217
492,nivolumab,10000.0,113.44864108990168,86.37672910946769,2.0547992981875334,1.936396754277295,-0.1184025439102383
492,nivolumab,100000.0,112.93919802120152,77.21172943974608,2.0528446994961023,1.8876832801804775,-0.16516141931562478
492,nivolumab,15000000.0,28.59806775862293,29.503554130845313,1.4563366908172841,1.469874336196451,0.013537645379166907
493,nivolumab,100.0,4.52,5.644189220558972,0.6551384348113821,0.751601564980807,0.09646313016942487
493,nivolumab,1000.0,4.608759799705657,5.1833580602417895,0.663584074064906,0.7146112104247275,0.05102713635982148
493,nivolumab,10000.0,4.520119365178778,4.8971346579565695,0.6551499036065127,0.6899420461059121,0.03479214249939944
493,nivolumab,100000.0,4.014935817598745,4.072720855932427,0.6036786070778392,0.6098846445857075,0.0062060375078683006
493,nivolumab,15000000.0,1.86,2.3153479472534815,0.26951294421791633,0.3646162654261938,0.09510332120827747
494,nivolumab,100.0,1.72,1.6065614126722356,0.2355284469075489,0.20589733161482968,-0.029631115292719223
494,nivolumab,1000.0,1.72,1.5383535857489872,0.2355284469075489,0.18705616816413212,-0.04847227874341678
494,nivolumab,10000.0,1.4334819052941308,1.4592842298420436,0.15639221525912794,0.1641398891723046,0.007747673913176656
494,nivolumab,100000.0,1.3096125718659462,1.342857205779153,0.11714283551338482,0.128029833935098,0.010886998421713187
494,nivolumab,15000000.0,1.13,1.1220421788446022,0.05307844348341968,0.05000918285165908,-0.0030692606317605994
495,nivolumab,100.0,2.99,3.196444900110246,0.4756711883244297,0.504667222524202,0.02899603419977237
495,nivolumab,1000.0,3.0040753434604546,3.0620174410614314,0.4777108207551628,0.48600766008372037,0.00829683932855757
495,nivolumab,10000.0,2.799297614243684,2.9402106140531727,0.4470490740119428,0.4683784410397,0.021329367027757173
495,nivolumab,100000.0,2.856481326582219,2.6558704222602545,0.4558313893316954,0.42420688234126236,-0.031624506990433066
495,nivolumab,15000000.0,1.8,1.7975893721132752,0.25527250510330607,0.25469049173961983,-0.0005820133636862401
496,nivolumab,100.0,1.04,1.1671822321409278,0.01703333929878037,0.06713866772888089,0.050105328430100515
496,nivolumab,1000.0,1.04,1.1607164412075874,0.01703333929878037,0.06472613613829732,0.04769279683951695
496,nivolumab,10000.0,1.0155001997063864,1.1407939162141267,0.006680013148381521,0.057207196447412484,0.05052718329903096
496,nivolumab,100000.0,1.0116806923245345,1.1016565211785454,0.005043461670453883,0.042046209571168246,0.03700274790071436
496,nivolumab,15000000.0,1.012889038023482,0.9695135447923153,0.005561871013170064,-0.013446119140747672,-0.019007990153917735
497,nivolumab,100.0,64.4,69.8840506399962,1.808885867359812,1.8443780697455636,0.03549220238575157
497,nivolumab,1000.0,52.090734368908855,60.85428147207328,1.7167604801072345,1.7842911389224276,0.06753065881519316
497,nivolumab,10000.0,43.026137652974505,50.9070089504387,1.6337323623203919,1.7067775807442682,0.07304521842387635
497,nivolumab,100000.0,34.23232435878468,42.016940380572464,1.5344363885308825,1.6234244244570637,0.08898803592618121
497,nivolumab,15000000.0,15.155465680842164,16.375596675414357,1.1805692854422027,1.2141971332817683,0.03362784783956552
498,nivolumab,100.0,4.95,4.907684227178324,0.6946051989335688,0.6908766113479964,-0.003728587585572374
498,nivolumab,1000.0,4.871529928156416,4.644224312742299,0.6876653749743626,0.6669131876887494,-0.020752187285613233
498,nivolumab,10000.0,4.869452318610989,4.42096320182624,0.6874801176046328,0.6455169000426488,-0.041963217561983956
498,nivolumab,100000.0,4.848882223507466,4.160990841776873,0.685641635486529,0.6191967599241309,-0.06644487556239809
498,nivolumab,15000000.0,3.281140481883721,3.129945250939526,0.5160248250830327,0.4955367409257431,-0.020488084157289588
499,nivolumab,100.0,2.37,2.43134666716948,0.37474834601010387,0.38584688599469824,0.011098539984594369
499,nivolumab,1000.0,2.3923585037181443,2.323721492834717,0.37882626081809817,0.366184074934654,-0.01264218588344418
499,nivolumab,10000.0,2.260401894,2.1810577830804156,0.3541856625231373,0.33866717155786025,-0.015518490965277076
499,nivolumab,100000.0,2.0098135783722286,1.987480624888113,0.3031557760080661,0.2983029035950773,-0.004852872412988818
499,nivolumab,15000000.0,1.45,1.4797592866682414,0.16136800223497488,0.17019107419625945,0.008823071961284568
500,nivolumab,100.0,1.31,1.4816051867327593,0.11727129565576427,0.170732489697925,0.05346119404216074
500,nivolumab,1000.0,1.31,1.4818124389538754,0.11727129565576427,0.17079323611136296,0.05352194045559869
500,nivolumab,10000.0,1.3255091615326768,1.4386728240062145,0.12238273379626208,0.15796204002119194,0.03557930622492986
500,nivolumab,100000.0,1.3410183230653536,1.3664751938301318,0.1274347118947084,0.1356017521790818,0.0081670402843734
500,nivolumab,15000000.0,1.25,1.1553355868339057,0.09691001300805642,0.0627081507574069,-0.034201862250649515
501,nivolumab,100.0,1.52,1.5576215401806006,0.18184358794477254,0.19246194436514077,0.010618356420368236
501,nivolumab,1000.0,1.52,1.5165059804994443,0.18184358794477254,0.1808441273356281,-0.000999460609144437
501,nivolumab,10000.0,1.3030148135792754,1.4838346680488432,0.11494935310258193,0.17138551364238336,0.056436160539801425
501,nivolumab,100000.0,1.2424562535130548,1.4390459912009839,0.0942811063048861,0.15807467399610817,0.06379356769122206
501,nivolumab,15000000.0,1.251822888673494,1.243175809865741,0.09754288804945443,0.0945325508905298,-0.003010337158924639
502,nivolumab,100.0,26.91,22.5644645708904,1.4299136977637545,1.35342503266376,-0.07648866509999452
502,nivolumab,1000.0,23.17895406,19.518465207252998,1.3650938347242523,1.2904456648559472,-0.07464816986830503
502,nivolumab,10000.0,21.294294701937304,16.801250719002105,1.3282632601820457,1.225341612686744,-0.10292164749530164
502,nivolumab,100000.0,17.06656418528116,14.358948852462076,1.2321460984104349,1.1571226485215804,-0.07502344988885445
502,nivolumab,15000000.0,6.072965624060352,5.470669988927957,0.7834008228114894,0.7380405173162511,-0.045360305495238284
503,nivolumab,100.0,23.2,16.495906851397024,1.3654879848908996,1.2173761955850229,-0.14811178930587676
503,nivolumab,1000.0,19.6,14.308404255067698,1.2922560713564761,1.1555912017638366,-0.13666486959263957
503,nivolumab,10000.0,16.4,12.594317324168795,1.2148438480476977,1.100174631510059,-0.11466921653763884
503,nivolumab,100000.0,13.4,10.62620875795939,1.1271047983648077,1.0263783436214553,-0.1007264547433524
503,nivolumab,15000000.0,6.7,6.558653608448714,0.8260748027008264,0.8168146944922431,-0.009260108208583362
504,nivolumab,100.0,12.4,11.533575401215787,1.0934216851622351,1.0619639591866137,-0.031457725975621464
504,nivolumab,1000.0,12.1,10.718145772054429,1.08278537031645,1.03011965936633,-0.05266571095012007
504,nivolumab,10000.0,12.433204141630922,10.370376001133554,1.0945830644186527,1.015794502990501,-0.07878856142815183
504,nivolumab,100000.0,12.6,10.02400020676002,1.100370545117563,1.001041066944068,-0.09932947817349502
504,nivolumab,15000000.0,5.0,4.861220988168238,0.6989700043360189,0.6867453642879838,-0.01222464004803503
511,poly-higg,100.0,4.15,4.530473731640827,0.6180480967120927,0.6561436166442949,0.03809551993220217
511,poly-higg,1000.0,4.241726808503929,4.252928607873011,0.6275426940296964,0.628688092456079,0.0011453984263826156
511,poly-higg,10000.0,4.224562944902968,3.996721005360454,0.6257817853720816,0.6017038330083208,-0.02407795236376087
511,poly-higg,100000.0,3.8919067922752015,3.748051140834426,0.5901624307522053,0.5738055080510303,-0.01635692270117506
511,poly-higg,15000000.0,1.72,2.579331368465871,0.2355284469075489,0.4115071398314638,0.1759786929239149
510,poly-higg,100.0,29.38,36.91373548296466,1.4680517914542377,1.5671879958201973,0.0991362043659596
510,poly-higg,1000.0,30.34088903295536,32.53566176780419,1.4820283021082596,1.5123596446086112,0.03033134250035152
510,poly-higg,10000.0,31.301778065910717,29.212519911782262,1.4955690079068615,1.465569021423363,-0.029999986483498553
510,poly-higg,100000.0,28.06995509686825,26.34038307918987,1.4482417178999205,1.4206220867976898,-0.027619631102230757
510,poly-higg,15000000.0,6.111796504318651,9.83861071821283,0.7861688857307935,0.992933777291997,0.2067648915612036
506,poly-higg,100.0,12.52,18.69723941059703,1.0976043288744108,1.2717774890366202,0.1741731601622094
506,poly-higg,1000.0,10.321785009980417,15.94397073171101,1.0137548090110555,1.2025964884603646,0.18884167944930907
506,poly-higg,10000.0,10.723818589982448,13.82890933194388,1.030349458608495,1.1407879292201724,0.11043847061167744
506,poly-higg,100000.0,11.125852169984476,11.59639818975674,1.046333285140444,1.0643231194671148,0.017989834326670673
506,poly-higg,15000000.0,2.7313683010081693,4.626956787264627,0.436380264881968,0.6652954434938119,0.22891517861184385
508,poly-higg,100.0,1.72,1.683291272216936,0.2355284469075489,0.22615927163327199,-0.009369175274276914
508,poly-higg,1000.0,1.72,1.6572558454430106,0.2355284469075489,0.21938955952795475,-0.016138887379594152
508,poly-higg,10000.0,1.4183669622711517,1.6201338202382962,0.15178860677896133,0.20955088799373908,0.05776228121477775
508,poly-higg,100000.0,1.4410542584139543,1.5578787956454523,0.15868033312915558,0.19253366615428244,0.03385333302512686
508,poly-higg,15000000.0,1.14,1.308367200376896,0.05690485133647256,0.11672964820602251,0.05982479686954995
515,poly-higg,100.0,6.71,6.976048166031611,0.8267225201689921,0.8436094705153263,0.01688695034633425
515,poly-higg,1000.0,5.691395576632083,6.127311884778127,0.755218772004044,0.787269986809973,0.032051214805928985
515,poly-higg,10000.0,5.425949696535762,5.604518978753849,0.7344757631413518,0.7485383441678332,0.014062581026481391
515,poly-higg,100000.0,5.426417598201115,5.218651099648643,0.734513212502573,0.717558262449934,-0.016954950052638917
515,poly-higg,15000000.0,3.00470612918506,3.2911905415897955,0.477802002889748,0.5173530262523072,0.03955102336255917
517,poly-higg,100.0,88.57646767469906,83.71099191599974,1.9473183571411703,1.9227824880414839,-0.024535869099686414
517,poly-higg,1000.0,78.772050896506,72.47805417734268,1.8963721528381172,1.8602065252953237,-0.03616562754279351
517,poly-higg,10000.0,72.44930075569195,63.27741471509404,1.8600341982349373,1.8012487271598991,-0.058785471075038176
517,poly-higg,100000.0,65.02211788951377,54.357179429075885,1.8130611111574835,1.7352569132891378,-0.07780419786834569
517,poly-higg,15000000.0,18.94786898775565,20.382371335930298,1.2775603732011858,1.3092547095133327,0.03169433631214691
514,poly-higg,100.0,5.25,5.742941363616094,0.7201593034059569,0.7591343820851065,0.03897507867914962
514,poly-higg,1000.0,5.132474531519482,5.558544283490533,0.7103268029821337,0.7449610699230399,0.03463426694090621
514,poly-higg,10000.0,5.29679914324673,5.348866285157915,0.7240135046264615,0.7282617412220094,0.00424823659554785
514,poly-higg,100000.0,5.461123754973978,5.098722232772762,0.7372820182299821,0.7074613531991096,-0.02982066503087244
514,poly-higg,15000000.0,2.16,3.613265965370765,0.3344537511509309,0.5578999303036061,0.22344617915267517
518,poly-higg,100.0,1.82,1.7462059894824304,0.2600713879850748,0.2420954735154878,-0.01797591446958699
518,poly-higg,1000.0,1.82,1.6661627858467536,0.2600713879850748,0.22171743016877563,-0.03835395781629916
518,poly-higg,10000.0,1.5960672785417862,1.632530999243224,0.2030511940846455,0.21286143660711498,0.009810242522469481
518,poly-higg,100000.0,1.604774931875364,1.5962549415389187,0.20541413163270322,0.2031022547223802,-0.0023118769103230297
518,poly-higg,15000000.0,1.6105121914967662,1.3791728400870273,0.20696401675566756,0.13961869604699848,-0.06734532070866908
509,poly-higg,100.0,14.6,16.19328074886428,1.1643528557844371,1.2093348454665043,0.044981989682067125
509,poly-higg,1000.0,11.911294294387185,14.613696039313428,1.0759589549647033,1.1647600699024683,0.08880111493776499
509,poly-higg,10000.0,12.311684208098823,13.173282307604342,1.0903174674115488,1.1196939989918198,0.02937653158027098
509,poly-higg,100000.0,12.666615154277906,12.11572364647215,1.1026605757188572,1.0833493587363403,-0.01931121698251692
509,poly-higg,15000000.0,3.2894519705939445,5.215238953602647,0.51712354963021,0.7172742118715807,0.20015066224137068
512,poly-higg,100.0,14.13,18.69781056667266,1.1501421618485586,1.2717907554947274,0.12164859364616887
512,poly-higg,1000.0,14.773708753852125,16.992195806793536,1.1694895331686788,1.2302495039517511,0.06075997078307238
512,poly-higg,10000.0,15.417417507704249,15.687262189485486,1.1880116333724018,1.1955471552026737,0.007535521830271952
512,poly-higg,100000.0,16.061126261556375,14.335112655923691,1.2057759962371204,1.156401110303345,-0.04937488593377548
512,poly-higg,15000000.0,4.075273287044114,6.359848237016633,0.6101567377571193,0.8034467523445429,0.19329001458742356
505,poly-higg,100.0,3.1,3.7935675435559193,0.4913616938342727,0.5790478209775163,0.08768612714324359
505,poly-higg,1000.0,3.090004176425829,3.5084509966670705,0.4899590664143058,0.5451154150174038,0.05515634860309798
505,poly-higg,10000.0,3.1703124375952543,3.2735913479152488,0.5011020645007631,0.5150244641955467,0.013922399694783594
505,poly-higg,100000.0,3.250620698764679,3.079030605138917,0.511966296458957,0.4884140057518148,-0.023552290707142154
505,poly-higg,15000000.0,1.79,2.3323412186553285,0.2528530309798932,0.36779208748433534,0.11493905650444214
516,poly-higg,100.0,20.23,26.7361096117422,1.3059958827708047,1.427098213057889,0.12110233028708439
516,poly-higg,1000.0,20.728437778133426,23.088941721250954,1.3165665722384758,1.3634040275402242,0.04683745530174832
516,poly-higg,10000.0,16.56236264609049,19.655027085770413,1.219122289633045,1.293473646639574,0.07435135700652906
516,poly-higg,100000.0,16.339430136328815,16.854093382113113,1.2132369057481982,1.2267053958522256,0.013468490104027397
516,poly-higg,15000000.0,4.712363191521079,6.971704484984386,0.6732387550377368,0.8433389700529015,0.1701002150151647
507,poly-higg,100.0,61.0,66.76699367149212,1.7853298350107671,1.8245618216239907,0.03923198661322358
507,poly-higg,1000.0,63.08708953794008,57.64101967381037,1.7999404921108715,1.7607316549107275,-0.03920883720014401
507,poly-higg,10000.0,65.17417907588015,50.34985821639234,1.814075569567092,1.7019982519318388,-0.11207731763525319
507,poly-higg,100000.0,58.68797105586572,43.87394377523012,1.768549095465643,1.6422066743602461,-0.12634242110539695
507,poly-higg,15000000.0,10.463958633272128,15.302537234449716,1.0196960141054634,1.1847634449068156,0.16506743080135222
513,poly-higg,100.0,32.91703110346997,32.39692100577051,1.5174206578426286,1.510503736942885,-0.006916920899743495
513,poly-higg,1000.0,33.17984165373529,29.42732524997635,1.5208743090821608,1.4687507893858371,-0.05212351969632367
513,poly-higg,10000.0,31.087439816165663,26.68810645457656,1.492584957504934,1.4263177612921383,-0.06626719621279564
513,poly-higg,100000.0,29.22844459852041,23.079013955848154,1.4658057048458746,1.363217249774768,-0.10258845507110648
513,poly-higg,15000000.0,6.9844521999087785,9.81873181677045,0.8441323494786578,0.9920553981183764,0.1479230486397186
630,adalimumab,100.0,36.409639311346425,45.76819516142897,1.5612163766579805,1.6605637866486922,0.09934740999071168
630,adalimumab,1000.0,38.00580243930652,41.8013022569704,1.5798499064851734,1.6211898117799763,0.041339905294802914
630,adalimumab,10000.0,39.60196556726662,38.22685567731157,1.5977167418303881,1.5823685769059486,-0.015348164924439578
630,adalimumab,100000.0,40.86606349338408,34.76183133297475,1.6113628054277882,1.5411026480083603,-0.07026015741942793
630,adalimumab,15000000.0,6.360255266991149,9.964255522204638,0.8034745462806387,0.9984448560042312,0.19497030972359242
631,adalimumab,100.0,52.19857144459378,45.853687039486935,1.7176586175191282,1.6613742625038432,-0.05628435501528495
631,adalimumab,1000.0,52.12424942979692,41.88424922175294,1.7170398143445116,1.6220507350876665,-0.09498907925684508
631,adalimumab,10000.0,53.14314424266189,38.30230184115557,1.725447246100622,1.583224874409167,-0.14222237169145502
631,adalimumab,100000.0,47.45329065859241,34.841514230428984,1.6762663340513246,1.5420970214110887,-0.1341693126402359
631,adalimumab,15000000.0,8.137937880920497,9.986165870843312,0.9105143704427501,0.9993987754376658,0.08888440499491568
