{
    "lr": 9.889938981399218e-05,
    "n_layers": 3,
    "hidden_size": 256,
    "dropout": 0.10339062259691019,
    "batch_size": 64,
    "weight_decay": 4.141511250997904e-05,
    "lambda_input": 0.024268324279708903,
    "lambda_shear": 0.0057373651487148715
}