{
    "lr": 2.9510803897138887e-05,
    "n_layers": 2,
    "hidden_size": 128,
    "dropout": 0.16341927496818276,
    "batch_size": 64,
    "weight_decay": 0.00017107320784060065,
    "lambda_input": 0.09333156434763246,
    "lambda_shear": 0.2733251121586722
}