{
    "lr": 8.810883124489401e-05,
    "n_layers": 3,
    "hidden_size": 512,
    "dropout": 0.30851715686306813,
    "batch_size": 32,
    "weight_decay": 0.0009227693520249418,
    "lambda_input": 0.4573037054107598,
    "lambda_shear": 0.01658791133930991
}