{
    "lr": 6.920304408841839e-05,
    "n_layers": 4,
    "hidden_size": 256,
    "dropout": 0.12749837275109907,
    "batch_size": 32,
    "weight_decay": 0.00011800590639208314,
    "lambda_input": 0.04659164298385756,
    "lambda_shear": 0.27784888354415954
}