{
    "lr": 9.868996829502933e-05,
    "n_layers": 4,
    "hidden_size": 256,
    "dropout": 0.1927288452733393,
    "batch_size": 64,
    "weight_decay": 1.8041497474140612e-06,
    "lambda_input": 0.002314047523543207,
    "lambda_shear": 0.28972068563966324
}