{
    "lr": 9.910783589650993e-05,
    "n_layers": 4,
    "hidden_size": 256,
    "dropout": 0.10391130825557582,
    "batch_size": 32,
    "weight_decay": 1.0176327520606473e-05,
    "lambda_input": 0.02298846273551748,
    "lambda_shear": 0.18097944467013688
}