metric,ci_low_2.5,mean,ci_high_97.5
RMSE (log10 viscosity),0.18473498411476613,0.24392632003128528,0.31690291315317154
MAE (log10 viscosity),0.14303461499512196,0.18376507448405027,0.22904936894774433
