ID,Group,Shear_Rate,Actual_Viscosity,Predicted_Viscosity,Log10_Actual,Log10_Predicted,Log10_Error
1,poly-higg,100.0,14.38,12.042213311763561,1.1577588860468637,1.0807063158873504,-0.07705257015951328
1,poly-higg,1000.0,13.23,11.400294057280119,1.121559844187501,1.0569160536002509,-0.06464379058725012
1,poly-higg,10000.0,11.27,10.431011196427855,1.0519239160461065,1.0183264115657265,-0.033597504480380014
1,poly-higg,100000.0,9.24,8.928903069155746,0.9656719712201067,0.9507981083539203,-0.014873862866186416
1,poly-higg,15000000.0,6.92,6.585918550502155,0.8401060944567578,0.8186163553940791,-0.021489739062678703
2,none,100.0,3.25,3.2056031158077958,0.5118833609788743,0.5059097515538781,-0.005973609424996251
2,none,1000.0,3.25,3.180127731102314,0.5118833609788743,0.5024445639463325,-0.009438797032541801
2,none,10000.0,3.25,3.1691850765431564,0.5118833609788743,0.5009476021989456,-0.010935758779928695
2,none,100000.0,3.25,3.1647145421581335,0.5118833609788743,0.5003345426767376,-0.01154881830213672
2,none,15000000.0,3.25,3.0234526582523635,0.5118833609788743,0.48050317273665893,-0.03138018824221539
3,poly-higg,100.0,4.6,4.918047770718,0.6627578316815741,0.6917927428773759,0.029034911195801816
3,poly-higg,1000.0,4.6,4.781932618510405,0.6627578316815741,0.6796034522449828,0.01684562056340866
3,poly-higg,10000.0,4.6,4.539353459077217,0.6627578316815741,0.6569940006212968,-0.005763831060277336
3,poly-higg,100000.0,3.68,4.139243308741798,0.5658478186735176,0.6169209554025182,0.0510731367290006
3,poly-higg,15000000.0,2.41,2.862392769459128,0.3820170425748684,0.4567292261760758,0.0747121836012074
4,none,100.0,0.95,1.0352771096988898,-0.022276394711152253,0.015056611730301955,0.03733300644145421
4,none,1000.0,0.95,1.0464092488166032,-0.022276394711152253,0.019701569562248413,0.04197796427340067
4,none,10000.0,0.95,1.0572609790505263,-0.022276394711152253,0.02418220374213763,0.04645859845328988
4,none,100000.0,0.95,1.0626711406356903,-0.022276394711152253,0.026398886438511123,0.04867528114966338
4,none,15000000.0,0.95,1.0359295850564783,-0.022276394711152253,0.01533023623863298,0.03760663094978523
5,poly-higg,100.0,8.31,7.574586253563598,0.919601023784111,0.8793589153655389,-0.04024210841857212
5,poly-higg,1000.0,8.31,7.209694246579053,0.919601023784111,0.8579168472660088,-0.06168417651810221
5,poly-higg,10000.0,8.31,6.940655715886722,0.919601023784111,0.8414005022039798,-0.07820052158013124
5,poly-higg,100000.0,6.83,6.126735870774322,0.8344207036815325,0.7872291579004524,-0.04719154578108009
5,poly-higg,15000000.0,4.6,4.579301597040895,0.6627578316815741,0.6607992475061268,-0.0019585841754472533
6,poly-higg,100.0,8.84,7.176690187652476,0.9464522650130731,0.8559241984690277,-0.09052806654404544
6,poly-higg,1000.0,8.84,7.022211437756136,0.9464522650130731,0.8464739018693359,-0.0999783631437372
6,poly-higg,10000.0,8.84,6.6569650008439325,0.9464522650130731,0.8232762736438282,-0.12317599136924495
6,poly-higg,100000.0,6.93,5.9745946710374,0.8407332346118067,0.7763084471761801,-0.06442478743562663
6,poly-higg,15000000.0,4.16,4.427310339374525,0.6190933306267428,0.6461399656097493,0.027046634983006523
7,poly-higg,100.0,2.44,2.6576704276842706,0.3873898263387294,0.4245011239684656,0.037111297629736195
7,poly-higg,1000.0,2.44,2.54629495049664,0.3873898263387294,0.4059087088046219,0.01851888246589245
7,poly-higg,10000.0,2.44,2.4543010230855025,0.3873898263387294,0.3899278284184382,0.0025380020797087788
7,poly-higg,100000.0,2.23,2.2915696470009834,0.34830486304816066,0.3601330611655991,0.01182819811743846
7,poly-higg,15000000.0,2.0,1.770986314209577,0.3010299956639812,0.2482152050713696,-0.0528147905926116
8,poly-higg,100.0,1.84,1.6439493635182993,0.2648178230095365,0.21588843638939367,-0.04892938662014282
8,poly-higg,1000.0,1.84,1.6398962321562198,0.2648178230095365,0.21481636803078397,-0.050001454978752524
8,poly-higg,10000.0,1.84,1.6352420069988183,0.2648178230095365,0.21358203499416295,-0.05123578801537354
8,poly-higg,100000.0,1.68,1.5866066186492789,0.22530928172586284,0.2004692616461527,-0.024840020079710146
8,poly-higg,15000000.0,1.2,1.367125507843513,0.07918124604762482,0.13580838644916435,0.05662714040153953
9,poly-higg,100.0,6.15,5.314228484899703,0.7888751157754168,0.7254402229379999,-0.06343489283741688
9,poly-higg,1000.0,5.35,5.151456344485451,0.7283537820212285,0.7119300237911458,-0.016423758230082686
9,poly-higg,10000.0,5.35,5.066932564587956,0.7283537820212285,0.7047451243375977,-0.02360865768363074
9,poly-higg,100000.0,4.62,4.699774558507454,0.6646419755561255,0.6720770259475428,0.007435050391417342
9,poly-higg,15000000.0,3.26,3.771306391968352,0.5132176000679389,0.5764918171936712,0.06327421712573222
10,poly-higg,100.0,3.57,3.7599606114920476,0.5526682161121932,0.5751832953794551,0.022515079267261928
10,poly-higg,1000.0,3.57,3.6252765897682964,0.5526682161121932,0.5593411465836154,0.006672930471422256
10,poly-higg,10000.0,3.34,3.529678753988924,0.5237464668115644,0.5477351808216484,0.023988714010083956
10,poly-higg,100000.0,2.89,3.4119219876331144,0.4608978427565479,0.5329990926221599,0.07210124986561206
10,poly-higg,15000000.0,2.58,2.951188507607897,0.41161970596323016,0.46999695101103756,0.05837724504780739
11,poly-higg,100.0,14.72,12.042101558341418,1.1679078100014801,1.0807022855551751,-0.08720552444630503
11,poly-higg,1000.0,14.49,11.400189410913095,1.1610683854711745,1.0569120670760341,-0.10415631839514039
11,poly-higg,10000.0,14.49,10.430912290821631,1.1610683854711745,1.0183222936176342,-0.14274609185354037
11,poly-higg,100000.0,11.55,8.92884542631394,1.0625819842281632,0.950795304644581,-0.11178667958358224
11,poly-higg,15000000.0,6.92,6.585892309447318,0.8401060944567578,0.8186146249797213,-0.021491469477036507
12,poly-higg,100.0,4.14,3.8419412395560175,0.617000341120899,0.5845507182737938,-0.032449622847105175
12,poly-higg,1000.0,4.14,3.6025855133354647,0.617000341120899,0.5566142983073877,-0.06038604281351123
12,poly-higg,10000.0,4.14,3.441364733389312,0.617000341120899,0.5367307038048701,-0.08026963731602887
12,poly-higg,100000.0,3.15,3.195919591903264,0.4983105537896005,0.504595844098773,0.00628529030917252
12,poly-higg,15000000.0,2.25,2.414180875014426,0.3521825181113625,0.38276980514738473,0.03058728703602226
13,poly-higg,100.0,17.25,14.463127858250651,1.236789099409293,1.1602622255089876,-0.07652687390030533
13,poly-higg,1000.0,17.25,13.507871903060355,1.236789099409293,1.1305869335107668,-0.10620216589852616
13,poly-higg,10000.0,17.25,12.73259600091698,1.236789099409293,1.1049169593435093,-0.13187214006578363
13,poly-higg,100000.0,14.7,11.624588938411677,1.167317334748176,1.0653776045782597,-0.10193973016991631
13,poly-higg,15000000.0,13.0,8.685532231237715,1.1139433523068367,0.9387964362554776,-0.17514691605135912
14,none,100.0,1.15,1.2523679783080508,0.06069784035361165,0.09773195464760465,0.037034114293993
14,none,1000.0,1.15,1.2565367872910125,0.06069784035361165,0.09917520783796088,0.03847736748434923
14,none,10000.0,1.15,1.260455621510065,0.06069784035361165,0.1005275595145825,0.039829719160970854
14,none,100000.0,1.15,1.2608959984909933,0.06069784035361165,0.10067926647461298,0.03998142612100133
14,none,15000000.0,1.15,1.2015073881516218,0.06069784035361165,0.07972644565478844,0.01902860530117679
15,none,100.0,1.25,1.3337766282945756,0.09691001300805642,0.125083103027432,0.028173090019375582
15,none,1000.0,1.25,1.338192397968467,0.09691001300805642,0.1265185584011884,0.02960854539313197
15,none,10000.0,1.25,1.3424990075001952,0.09691001300805642,0.12791397330094306,0.031003960292886643
15,none,100000.0,1.25,1.344806648762683,0.09691001300805642,0.12865984760111024,0.03174983459305382
15,none,15000000.0,1.25,1.2870349215263048,0.09691001300805642,0.10959033091403467,0.012680317905978247
16,none,100.0,1.5,1.4963526831244678,0.17609125905568124,0.1750339667121851,-0.0010572923434961357
16,none,1000.0,1.5,1.5014158135199729,0.17609125905568124,0.17650098571998762,0.0004097266643063868
16,none,10000.0,1.5,1.5133320760574087,0.17609125905568124,0.1799342373258403,0.0038429782701590587
16,none,100000.0,1.5,1.5234802244352612,0.17609125905568124,0.18283682122729536,0.006745562171614122
16,none,15000000.0,1.5,1.4763413610393654,0.17609125905568124,0.16918678707714416,-0.00690447197853708
17,none,100.0,1.65,1.6717309538289278,0.21748394421390627,0.22316638394663935,0.00568243973273308
17,none,1000.0,1.65,1.6838798283282588,0.21748394421390627,0.22631109443431685,0.008827150220410585
17,none,10000.0,1.65,1.6927229732383104,0.21748394421390627,0.22858588838754293,0.011101944173636663
17,none,100000.0,1.65,1.6971137122810176,0.21748394421390627,0.22971094247186943,0.012226998257963168
17,none,15000000.0,1.65,1.6304677667270386,0.21748394421390627,0.21231221751121665,-0.005171726702689616
18,none,100.0,2.25,2.5199471308628936,0.3521825181113625,0.40139142926750915,0.04920891115614667
18,none,1000.0,2.25,2.5042507412436295,0.3521825181113625,0.3986778109947262,0.04649529288336374
18,none,10000.0,2.25,2.494018924320147,0.3521825181113625,0.3968997445301069,0.04471722641874443
18,none,100000.0,2.25,2.491898415392761,0.3521825181113625,0.3965303339206767,0.04434781580931424
18,none,15000000.0,2.25,2.426084632590299,0.3521825181113625,0.3849059469121914,0.0327234288008289
19,poly-higg,100.0,27.03,19.095212711523047,1.4318460456987254,1.2809245005687848,-0.1509215451299406
19,poly-higg,1000.0,24.15,17.35327532898588,1.382917135087531,1.239381457401031,-0.1435356776865
19,poly-higg,10000.0,21.85,15.819205820419139,1.3394514413064407,1.1991846766036771,-0.14026676470276356
19,poly-higg,100000.0,14.7,12.340339767609878,1.167317334748176,1.091327117328236,-0.07599021741994005
19,poly-higg,15000000.0,6.5,6.150252417218145,0.8129133566428556,0.788892940353527,-0.024020416289328606
20,poly-higg,100.0,76.59,38.825948528082996,1.8841720695239128,1.5891220744580443,-0.2950499950658685
20,poly-higg,1000.0,56.35,35.637189490234434,1.7508939203821254,1.551903446290431,-0.19899047409169435
20,poly-higg,10000.0,37.95,30.20080569773083,1.579211780231499,1.4800185292290409,-0.09919325100245824
20,poly-higg,100000.0,29.4,23.83397239097232,1.4683473304121573,1.3771964319269587,-0.09115089848519853
20,poly-higg,15000000.0,18.0,15.136076233749794,1.255272505103306,1.1800133064132603,-0.07525919869004571
21,bsa,100.0,9.09,8.175569472784684,0.9585638832219674,0.9125180133536364,-0.046045869868331035
21,bsa,1000.0,9.09,7.793759416846401,0.9585638832219674,0.8917469955612812,-0.06681688766068616
21,bsa,10000.0,8.63,7.136459816744327,0.9360107957152096,0.8534828247538854,-0.08252797096132425
21,bsa,100000.0,6.93,6.094216712434431,0.8407332346118067,0.7849178938218364,-0.0558153407899703
21,bsa,15000000.0,3.58,4.647990785011308,0.5538830266438743,0.6672652583618984,0.11338223171802408
22,bsa,100.0,2.19,2.2549769684087813,0.34044411484011833,0.35314211049599414,0.012697995655875816
22,bsa,1000.0,2.19,2.148338892922368,0.34044411484011833,0.33210279086225675,-0.008341323977861581
22,bsa,10000.0,2.19,2.0713177664888858,0.34044411484011833,0.3162467303016193,-0.02419738453849901
22,bsa,100000.0,2.0,1.9482099684842602,0.3010299956639812,0.28963576118736367,-0.011394234476617526
22,bsa,15000000.0,1.56,1.6054685484956528,0.1931245983544616,0.20560180205538442,0.012477203700922812
23,poly-higg,100.0,1.32,1.3023048683597938,0.12057393120584989,0.11471266406895317,-0.0058612671368967195
23,poly-higg,1000.0,1.32,1.3183472305739445,0.12057393120584989,0.1200298112149935,-0.0005441199908563926
23,poly-higg,10000.0,1.32,1.3359204972104632,0.12057393120584989,0.1257806133414964,0.005206682135646512
23,poly-higg,100000.0,1.21,1.3341336109934352,0.08278537031645007,0.1251993255411372,0.04241395522468712
23,poly-higg,15000000.0,1.15,1.3057065468457256,0.06069784035361165,0.11584558168181712,0.05514774132820547
24,poly-higg,100.0,2.99,3.21365711622166,0.4756711883244297,0.5069995374936739,0.03132834916924421
24,poly-higg,1000.0,2.99,3.046399732814362,0.4756711883244297,0.4837868886144206,0.008115700289990924
24,poly-higg,10000.0,2.99,2.9561581911939507,0.4756711883244297,0.47072767049558656,-0.004943517828843114
24,poly-higg,100000.0,2.73,2.8186433260655623,0.436162647040756,0.45004012329201803,0.013877476251262011
24,poly-higg,15000000.0,2.6,2.2297330926208847,0.414973347970818,0.3482528794878623,-0.06672046848295565
25,poly-higg,100.0,9.2,8.96200634632054,0.9637878273455552,0.9524052471167495,-0.011382580228805783
25,poly-higg,1000.0,9.2,8.266276026137437,0.9637878273455552,0.9173099030781449,-0.046477924267410375
25,poly-higg,10000.0,9.2,7.589302578660686,0.9637878273455552,0.8802018681015789,-0.08358595924397638
25,poly-higg,100000.0,6.83,6.276517017995068,0.8344207036815325,0.7977187106978927,-0.03670199298363985
25,poly-higg,15000000.0,4.17,4.146960115140077,0.6201360549737575,0.6177298584028713,-0.0024061965708861432
26,poly-higg,100.0,4.37,4.020838992940501,0.6404814369704218,0.6043166829319419,-0.03616475403847996
26,poly-higg,1000.0,3.85,3.8377541875540384,0.5854607295085007,0.5840771542432048,-0.0013835752652958666
26,poly-higg,10000.0,3.85,3.7224564678869747,0.5854607295085007,0.5708296276150752,-0.014631101893425535
26,poly-higg,100000.0,3.15,3.4280933093334225,0.4983105537896005,0.5350526344813538,0.036742080691753276
26,poly-higg,15000000.0,2.24,2.631675679511773,0.35024801833416286,0.42023236697950556,0.0699843486453427
27,poly-higg,100.0,7.82,6.4948152971061965,0.893206753059848,0.8125668048950877,-0.08063994816476028
27,poly-higg,1000.0,6.9,6.1021026886209375,0.8388490907372553,0.7854795118488622,-0.05336957888839311
27,poly-higg,10000.0,6.67,5.815702364582864,0.8241258339165489,0.7646021721414064,-0.05952366177514257
27,poly-higg,100000.0,5.15,5.295371994865198,0.7118072290411911,0.7238964742910137,0.012089245249822578
27,poly-higg,15000000.0,4.0,4.16188282567589,0.6020599913279624,0.6192898488504442,0.01722985752248185
28,bsa,100.0,5.06,4.234839152742258,0.7041505168397991,0.6268369196482926,-0.07731359719150654
28,bsa,1000.0,4.6,4.032968217814179,0.6627578316815741,0.6056247995225424,-0.05713303215903165
28,bsa,10000.0,4.6,3.8267275512996157,0.6627578316815741,0.5828275431810828,-0.07993028850049133
28,bsa,100000.0,3.99,3.4249006907842534,0.6009728956867483,0.5346479831073668,-0.06632491257938145
28,bsa,15000000.0,3.0,2.543670282803442,0.47712125471966244,0.4054608162376709,-0.07166043848199155
29,none,100.0,1.0,1.0318195793556968,0.0,0.013603764597050377,0.013603764597050377
29,none,1000.0,1.0,1.049880507359602,0.0,0.021139872453302486,0.021139872453302486
29,none,10000.0,1.0,1.0687208122477758,0.0,0.028864266914871147,0.028864266914871147
29,none,100000.0,1.0,1.085172021328707,0.0,0.03549858794691679,0.03549858794691679
29,none,15000000.0,1.0,1.0767032496399407,0.0,0.032096023815941815,0.032096023815941815
30,none,100.0,0.97,1.0467430603981493,-0.01322826573375516,0.01984009032679258,0.03306835606054774
30,none,1000.0,0.97,1.0589432948599244,-0.01322826573375516,0.024872704782853777,0.038100970516608934
30,none,10000.0,0.97,1.0711045231572665,-0.01322826573375516,0.029831853292634016,0.043060119026389176
30,none,100000.0,0.97,1.0795716187751034,-0.01322826573375516,0.033251458719436876,0.04647972445319204
30,none,15000000.0,0.97,1.077384333078464,-0.01322826573375516,0.03237065590731661,0.045598921641071766
31,none,100.0,1.2,1.295188999641206,0.07918124604762482,0.11233314719110878,0.03315190114348396
31,none,1000.0,1.2,1.312534729469804,0.07918124604762482,0.11811080359612706,0.03892955754850225
31,none,10000.0,1.2,1.3265007047662207,0.07918124604762482,0.12270748505788766,0.04352623901026284
31,none,100000.0,1.2,1.3263694473932715,0.07918124604762482,0.12266450945067138,0.04348326340304656
31,none,15000000.0,1.2,1.2634943356735566,0.07918124604762482,0.10157329929017797,0.022392053242553153
32,none,100.0,1.3,1.3955764142277665,0.11394335230683679,0.14475362109615872,0.03081026878932193
32,none,1000.0,1.3,1.4157578653163396,0.11394335230683679,0.1509889830508155,0.03704563074397872
32,none,10000.0,1.3,1.4208314662500472,0.11394335230683679,0.15254256658446858,0.038599214277631785
32,none,100000.0,1.3,1.4134114492972973,0.11394335230683679,0.15026860498245256,0.036325252675615774
32,none,15000000.0,1.3,1.3523098362910233,0.11394335230683679,0.13107620697199104,0.017132854665154254
33,none,100.0,1.55,1.642946411857832,0.1903316981702915,0.21562339824091428,0.025291700070622786
33,none,1000.0,1.55,1.651035236204775,0.1903316981702915,0.21775634202475586,0.02742464385446436
33,none,10000.0,1.55,1.6516492259483218,0.1903316981702915,0.2179178181595154,0.02758611998922389
33,none,100000.0,1.55,1.648160803103039,0.1903316981702915,0.21699958144691975,0.02666788327662825
33,none,15000000.0,1.55,1.6127761045360158,0.1903316981702915,0.20757408015169734,0.017242381981405847
34,none,100.0,2.32,2.573671728487449,0.3654879848908996,0.41055315189305686,0.045065167002157236
34,none,1000.0,2.32,2.5455050063815436,0.3654879848908996,0.40577395552450246,0.04028597063360284
34,none,10000.0,2.32,2.529433045797662,0.3654879848908996,0.403023188102974,0.037535203212074375
34,none,100000.0,2.32,2.526846659646908,0.3654879848908996,0.4025788877886139,0.03709090289771427
34,none,15000000.0,2.32,2.5173381316929198,0.3654879848908996,0.40094155439043927,0.03545356949953965
35,none,100.0,1.17,1.2888467379974688,0.06818586174616162,0.11020127670224868,0.04201541495608706
35,none,1000.0,1.17,1.297675781048008,0.06818586174616162,0.11316619932854435,0.044980337582382734
35,none,10000.0,1.17,1.2995829333981828,0.06818586174616162,0.11380399939527362,0.045618137649112
35,none,100000.0,1.17,1.2985096109188201,0.06818586174616162,0.1134451684078034,0.04525930666164178
35,none,15000000.0,1.17,1.2386668690183749,0.06818586174616162,0.09295452154937693,0.024768659803215312
36,none,100.0,1.27,1.3728587220466688,0.10380372095595687,0.1376258472203986,0.03382212626444174
36,none,1000.0,1.27,1.3800638299269512,0.10380372095595687,0.13989917360701745,0.03609545265106058
36,none,10000.0,1.27,1.382064740513073,0.10380372095595687,0.14052838731389516,0.03672466635793829
36,none,100000.0,1.27,1.3790549323267307,0.10380372095595687,0.13958156590842635,0.03577784495246948
36,none,15000000.0,1.27,1.3235564943532376,0.10380372095595687,0.12174248334967189,0.017938762393715016
37,none,100.0,1.52,1.5806235797813597,0.18184358794477254,0.19882845646727276,0.016984868522500224
37,none,1000.0,1.52,1.589696542057739,0.18184358794477254,0.2013142295482802,0.01947064160350767
37,none,10000.0,1.52,1.5958414113685937,0.18184358794477254,0.20298973063023382,0.021146142685461278
37,none,100000.0,1.52,1.592058562665838,0.18184358794477254,0.2019590388883577,0.02011545094358516
37,none,15000000.0,1.52,1.5605905114341372,0.18184358794477254,0.19328896202823934,0.011445374083466797
38,none,100.0,2.29,2.5520199852943914,0.359835482339888,0.4068840710950056,0.04704858875511758
38,none,1000.0,2.29,2.531442431064942,0.359835482339888,0.4033680553036959,0.043532572963807914
38,none,10000.0,2.29,2.5105949216675887,0.359835482339888,0.3997766460159345,0.0399411636760465
38,none,100000.0,2.29,2.507678508040449,0.359835482339888,0.3992718578629772,0.03943637552308921
38,none,15000000.0,2.29,2.4947789869846613,0.359835482339888,0.3970320774205233,0.03719659508063533
39,none,100.0,1.07,1.142282870885156,0.029383777685209667,0.05777366437592397,0.0283898866907143
39,none,1000.0,1.07,1.1513393435852377,0.029383777685209667,0.06120334563316486,0.031819567947955193
39,none,10000.0,1.07,1.153776740253984,0.029383777685209667,0.06212177948157337,0.03273800179636371
39,none,100000.0,1.07,1.1536962058554592,0.029383777685209667,0.0620914643743424,0.03270768668913274
39,none,15000000.0,1.07,1.1199903744605209,0.029383777685209667,0.049214290226748975,0.019830512541539308
40,none,100.0,1.0,1.1242053682684776,0.0,0.05084565479058803,0.05084565479058803
40,none,1000.0,1.0,1.130642983347007,0.0,0.05332549189322876,0.05332549189322876
40,none,10000.0,1.0,1.1358655975769043,0.0,0.05532694608985359,0.05532694608985359
40,none,100000.0,1.0,1.13790562916604,0.0,0.05610624586230004,0.05610624586230004
40,none,15000000.0,1.0,1.1003299315987431,0.0,0.04152292696583382,0.04152292696583382
41,none,100.0,1.27,1.2950843550414317,0.10380372095595687,0.11229805701640923,0.008494336060452357
41,none,1000.0,1.27,1.3107920809931353,0.10380372095595687,0.11753380897569356,0.013730088019736686
41,none,10000.0,1.27,1.3135463705903963,0.10380372095595687,0.11844540878258752,0.014641687826630653
41,none,100000.0,1.27,1.3168344783214951,0.10380372095595687,0.11953118903218471,0.015727468076227838
41,none,15000000.0,1.27,1.2666046394385242,0.10380372095595687,0.10264107446886202,-0.0011626464870948539
42,none,100.0,1.38,1.3905112901225307,0.13987908640123647,0.14317451942672227,0.0032954330254857944
42,none,1000.0,1.38,1.4019693394803718,0.13987908640123647,0.14673851588449846,0.006859429483261986
42,none,10000.0,1.38,1.4065713615919766,0.13987908640123647,0.1481617707418331,0.008282684340596619
42,none,100000.0,1.38,1.4087424980827241,0.13987908640123647,0.1488316163301512,0.008952529928914738
42,none,15000000.0,1.38,1.3606648465567253,0.13987908640123647,0.13375116472146273,-0.006127921679773746
43,none,100.0,1.64,1.6630730483970058,0.21484384804769785,0.2209113254786843,0.0060674774309864565
43,none,1000.0,1.64,1.6866749108618133,0.21484384804769785,0.22703138488676297,0.012187536839065122
43,none,10000.0,1.64,1.7053306547863836,0.21484384804769785,0.23180859894519856,0.016964750897500713
43,none,100000.0,1.64,1.7199084630924042,0.21484384804769785,0.23550533351700656,0.02066148546930871
43,none,15000000.0,1.64,1.7008922347947688,0.21484384804769785,0.23067679843527442,0.015832950387576566
44,none,100.0,2.42,2.6287297810153456,0.38381536598043126,0.4197459453131185,0.03593057933268723
44,none,1000.0,2.42,2.6255977407075437,0.38381536598043126,0.41922819000446704,0.03541282402403578
44,none,10000.0,2.42,2.639844427865374,0.38381536598043126,0.42157833364618646,0.03776296766575521
44,none,100000.0,2.42,2.649064907547924,0.38381536598043126,0.42309259953715184,0.03927723355672058
44,none,15000000.0,2.42,2.6528326478379562,0.38381536598043126,0.4237098536713792,0.039894487690947944
45,none,100.0,1.2,1.2731673349453112,0.07918124604762482,0.10488548760291942,0.025704241555294605
45,none,1000.0,1.2,1.2813892979145403,0.07918124604762482,0.10768109246989727,0.02849984642227245
45,none,10000.0,1.2,1.2825755094134355,0.07918124604762482,0.10808294287254222,0.028901696824917403
45,none,100000.0,1.2,1.2835997949762619,0.07918124604762482,0.10842963905552842,0.029248393007903606
45,none,15000000.0,1.2,1.232594172702675,0.07918124604762482,0.09082011019892808,0.01163886415130326
46,none,100.0,1.3,1.3669390742514913,0.11394335230683679,0.13574915808937202,0.02180580578253523
46,none,1000.0,1.3,1.3687335869053407,0.11394335230683679,0.13631892439666515,0.022375572089828363
46,none,10000.0,1.3,1.367726212009858,0.11394335230683679,0.1359991701081112,0.0220558178012744
46,none,100000.0,1.3,1.3673893437878846,0.11394335230683679,0.13589219107363404,0.02194883876679725
46,none,15000000.0,1.3,1.3162784317795704,0.11394335230683679,0.11934776511025368,0.005404412803416886
47,none,100.0,1.55,1.589734466504839,0.1903316981702915,0.20132459013044804,0.010992891960156542
47,none,1000.0,1.55,1.60564742793229,0.1903316981702915,0.20565018794546636,0.01531848977517486
47,none,10000.0,1.55,1.6189878944608886,0.1903316981702915,0.2092436014473257,0.01891190327703421
47,none,100000.0,1.55,1.6331311934626578,0.1903316981702915,0.21302107408651347,0.02268937591622197
47,none,15000000.0,1.55,1.6120172031995197,0.1903316981702915,0.20736967221767996,0.017037974047388466
48,none,100.0,2.32,2.590832133997976,0.3654879848908996,0.41343927495413313,0.04795129006323351
48,none,1000.0,2.32,2.5899912089952104,0.3654879848908996,0.4132982899919275,0.047810305101027906
48,none,10000.0,2.32,2.6006632543273307,0.3654879848908996,0.415084121417178,0.04959613652627837
48,none,100000.0,2.32,2.611338510787024,0.3654879848908996,0.4168631735608619,0.05137518866996227
48,none,15000000.0,2.32,2.5917694732700753,0.3654879848908996,0.4135963702930501,0.048108385402150455
49,bgg,100.0,3.45,3.5101716568700043,0.5378190950732742,0.54532835515772,0.007509260084445857
49,bgg,1000.0,3.45,3.437099777636861,0.5378190950732742,0.536192139715966,-0.0016269553573081685
49,bgg,10000.0,3.45,3.3413165097603805,0.5378190950732742,0.5239176165934584,-0.01390147847981582
49,bgg,100000.0,3.15,3.0426079607259835,0.4983105537896005,0.4832459972277252,-0.015064556561875275
49,bgg,15000000.0,2.95,2.5204351612447002,0.46982201597816303,0.4014755295956981,-0.06834648638246493
50,bgg,100.0,1.55,1.5017874424316933,0.1903316981702915,0.17660846854598672,-0.013723229624304778
50,bgg,1000.0,1.55,1.4623369732778164,0.1903316981702915,0.16504746070135473,-0.025284237468936765
50,bgg,10000.0,1.55,1.4431161280127383,0.1903316981702915,0.15930128031446583,-0.031030417855825665
50,bgg,100000.0,1.42,1.432226689797413,0.15228834438305647,0.15601176262021005,0.0037234182371535807
50,bgg,15000000.0,1.3,1.3695672087328277,0.11394335230683679,0.13658334923372661,0.022639996926889824
51,bgg,100.0,3.62,3.983463814585832,0.5587085705331657,0.6002608764288923,0.04155230589572656
51,bgg,1000.0,3.62,3.8801529795625145,0.5587085705331657,0.5888488484988788,0.030140277965713058
51,bgg,10000.0,3.62,3.747627390664583,0.5587085705331657,0.5737564044615711,0.015047833928405363
51,bgg,100000.0,3.31,3.581083694989334,0.5198279937757188,0.5540144712066173,0.03418647743089853
51,bgg,15000000.0,3.15,3.1279659372929105,0.4983105537896005,0.49526201506355383,-0.0030485387260466568
52,bgg,100.0,2.74,2.7151346936778524,0.437750562820388,0.43379137914403637,-0.003959183676351619
52,bgg,1000.0,2.74,2.658545930987585,0.437750562820388,0.42464416790471726,-0.013106394915670727
52,bgg,10000.0,2.74,2.5972698326138217,0.437750562820388,0.41451707120330716,-0.023233491617080826
52,bgg,100000.0,2.42,2.501737609624808,0.38381536598043126,0.3982417575285399,0.014426391548108652
52,bgg,15000000.0,2.0,2.0962107827228778,0.3010299956639812,0.321434950626011,0.02040495496202982
53,poly-higg,100.0,2.53,2.371627176404562,0.40312052117581787,0.37504641826885987,-0.028074102906958
53,poly-higg,1000.0,2.53,2.2403080867527514,0.40312052117581787,0.3503077465377986,-0.052812774638019255
53,poly-higg,10000.0,2.53,2.122412482487845,0.40312052117581787,0.32682979118632044,-0.07629072998949743
53,poly-higg,100000.0,2.1,1.9866066198499592,0.3222192947339193,0.2981118783115493,-0.02410741642237002
53,poly-higg,15000000.0,1.75,1.5602319517236967,0.24303804868629444,0.19318916749894416,-0.049848881187350286
54,poly-higg,100.0,5.87,5.387621752386096,0.7686381012476144,0.7313970977009404,-0.037241003546674034
54,poly-higg,1000.0,3.62,5.216031663011818,0.5587085705331657,0.7173402190408837,0.15863164850771805
54,poly-higg,10000.0,3.57,5.051006434507651,0.5526682161121932,0.7033779217630696,0.15070970565087638
54,poly-higg,100000.0,3.2,4.621780527741909,0.505149978319906,0.6648093185005793,0.1596593401806733
54,poly-higg,15000000.0,2.75,3.3401362013671703,0.43933269383026263,0.5237641764810727,0.08443148265081002
55,poly-higg,100.0,2.88,2.4669771885663825,0.45939248775923086,0.39216513371124095,-0.0672273540479899
55,poly-higg,1000.0,2.51,2.443850788071718,0.3996737214810381,0.38807468606506573,-0.011599035415972347
55,poly-higg,10000.0,2.3,2.4120994147374857,0.36172783601759284,0.38239520329488097,0.02066736727728813
55,poly-higg,100000.0,2.0,2.36560576610113,0.3010299956639812,0.37394237010059883,0.07291237443661763
55,poly-higg,15000000.0,1.73,2.0233669588457364,0.2380461031287954,0.306074653778895,0.06802855065009958
56,bsa,100.0,3.51,3.5600294396220136,0.5453071164658241,0.5514535893808878,0.006146472915063761
56,bsa,1000.0,3.51,3.456465566594109,0.5453071164658241,0.5386322347863218,-0.006674881679502254
56,bsa,10000.0,3.51,3.3620930528621615,0.5453071164658241,0.5266097292656501,-0.018697387200173998
56,bsa,100000.0,3.2,3.250319191225094,0.505149978319906,0.5119260121114615,0.006776033791555447
56,bsa,15000000.0,3.05,3.081989547349103,0.48429983934678583,0.4888311614634181,0.004531322116632264
57,bsa,100.0,2.24,2.235123258111845,0.35024801833416286,0.34930147773274517,-0.0009465406014176891
57,bsa,1000.0,2.22,2.105093876143736,0.3463529744506387,0.3232714678591606,-0.023081506591478063
57,bsa,10000.0,1.84,1.9305755525751433,0.2648178230095365,0.28568680229491594,0.020868979285379452
57,bsa,100000.0,1.63,1.7801784485628573,0.21218760440395779,0.25046353901770624,0.03827593461374845
57,bsa,15000000.0,1.47,1.5297604172022172,0.1673173347481761,0.1846234192918181,0.01730608454364202
58,poly-higg,100.0,6.33,6.282789957884472,0.8014037100173551,0.7981525409101888,-0.003251169107166274
58,poly-higg,1000.0,6.33,6.200552815190994,0.8014037100173551,0.792430411092476,-0.00897329892487908
58,poly-higg,10000.0,6.33,6.135501238292818,0.8014037100173551,0.7878500480952292,-0.013553661922125926
58,poly-higg,100000.0,5.78,5.96725358248938,0.761927838420529,0.7757744938749005,0.01384665545437147
58,poly-higg,15000000.0,5.5,4.8371824311800795,0.7403626894942439,0.6845924668304202,-0.0557702226638237
59,poly-higg,100.0,6.33,5.395242338797042,0.8014037100173551,0.7320109567183897,-0.06939275329896544
59,poly-higg,1000.0,5.18,5.195672955991235,0.714329759745233,0.7156418063966732,0.0013120466514401352
59,poly-higg,10000.0,5.06,4.9843979280667945,0.7041505168397991,0.6976127068182444,-0.006537810021554735
59,poly-higg,100000.0,4.41,4.672598589684153,0.6444385894678385,0.6695584735616429,0.02511988409380439
59,poly-higg,15000000.0,3.88,3.6994287856823207,0.5888317255942073,0.5681346715325818,-0.020697054061625475
60,none,100.0,1.38,1.4240651047844957,0.13987908640123647,0.1535298446395441,0.013650758238307636
60,none,1000.0,1.38,1.4357310672768184,0.13987908640123647,0.1570730980290053,0.017194011627768818
60,none,10000.0,1.38,1.450992540178689,0.13987908640123647,0.16166517965513114,0.02178609325389466
60,none,100000.0,1.38,1.4657146757381418,0.13987908640123647,0.16604943632648234,0.02617034992524586
60,none,15000000.0,1.38,1.45044414523531,0.13987908640123647,0.16150100933092834,0.021621922929691867
61,none,100.0,3.05,3.4741858660110196,0.48429983934678583,0.5408530491207745,0.056553209773988644
61,none,1000.0,3.05,3.406547343017113,0.48429983934678583,0.532314428991904,0.04801458964511812
61,none,10000.0,3.05,3.334773395077171,0.48429983934678583,0.5230663280243291,0.03876648867754323
61,none,100000.0,3.05,3.2625518046560398,0.48429983934678583,0.513557416376263,0.029257577029477122
61,none,15000000.0,3.05,3.094471628831884,0.48429983934678583,0.4905865052876011,0.006286665940815284
62,none,100.0,0.98,1.0499024295252508,-0.00877392430750515,0.02114894070069677,0.029922865008201918
62,none,1000.0,0.98,1.051845787512695,-0.00877392430750515,0.021952072002527134,0.030725996310032283
62,none,10000.0,0.98,1.0534753854709717,-0.00877392430750515,0.02262439274049638,0.03139831704800153
62,none,100000.0,0.98,1.0537603223319894,-0.00877392430750515,0.022741841877037438,0.03151576618454259
62,none,15000000.0,0.98,1.0174781782071292,-0.00877392430750515,0.007525103709684633,0.016299028017189784
63,none,100.0,3.3,3.2713964508178135,0.5185139398778874,0.5147331781724679,-0.003780761705419522
63,none,1000.0,3.3,3.2580363253955067,0.5185139398778874,0.5129559221550795,-0.005558017722807951
63,none,10000.0,3.3,3.2426336037524512,0.5185139398778874,0.5108978790281573,-0.0076160608497301
63,none,100000.0,3.3,3.2314716321988435,0.5185139398778874,0.5094003477773108,-0.009113592100576606
63,none,15000000.0,3.3,3.1803126686976104,0.5185139398778874,0.5024698192343654,-0.01604412064352201
64,none,100.0,1.04,1.0484784404379757,0.01703333929878037,0.02055950462007019,0.003526165321289819
64,none,1000.0,1.04,1.0652328198530199,0.01703333929878037,0.027444538598189835,0.010411199299409465
64,none,10000.0,1.04,1.081958685967563,0.01703333929878037,0.03421067777714035,0.017177338478359977
64,none,100000.0,1.04,1.0870810911417914,0.01703333929878037,0.03626194162249599,0.01922860232371562
64,none,15000000.0,1.04,1.0522396032051449,0.01703333929878037,0.02211464333624731,0.005081304037466941
65,none,100.0,1.01,1.0462458656451334,0.004321373782642578,0.01963375484260445,0.015312381059961872
65,none,1000.0,1.01,1.0563064879503241,0.004321373782642578,0.023789947282387945,0.019468573499745366
65,none,10000.0,1.01,1.0663859703685659,0.004321373782642578,0.02791442276027087,0.02359304897762829
65,none,100000.0,1.01,1.0723485070092547,0.004321373782642578,0.0303359514702461,0.02601457768760352
65,none,15000000.0,1.01,1.0515176673276747,0.004321373782642578,0.021816573987114365,0.017495200204471786
66,none,100.0,1.11,1.1815906041440214,0.045322978786657475,0.07246702886395714,0.02714405007729967
66,none,1000.0,1.11,1.1858412363015278,0.045322978786657475,0.07402654837597694,0.028703569589319466
66,none,10000.0,1.11,1.1816429292200445,0.045322978786657475,0.07248626055770634,0.02716328177104886
66,none,100000.0,1.11,1.1756793689237897,0.045322978786657475,0.07028889717099876,0.024965918384341285
66,none,15000000.0,1.11,1.0993947777442734,0.045322978786657475,0.04115366968425809,-0.004169309102399384
67,none,100.0,1.04,1.154483519358222,0.01703333929878037,0.06238773759717979,0.04535439829839942
67,none,1000.0,1.04,1.1570365762211812,0.01703333929878037,0.06334708807875852,0.04631374877997815
67,none,10000.0,1.04,1.1595951620147016,0.01703333929878037,0.06430639475237887,0.0472730554535985
67,none,100000.0,1.04,1.1618426965597801,0.01703333929878037,0.06514733232233112,0.04811399302355075
67,none,15000000.0,1.04,1.0949696862247833,0.01703333929878037,0.03940209608249715,0.022368756783716782
68,none,100.0,1.24,1.2878793219188687,0.09342168516223506,0.10987517025972288,0.016453485097487813
68,none,1000.0,1.24,1.3003543703154463,0.09342168516223506,0.11406172161469592,0.02064003645246086
68,none,10000.0,1.24,1.307204010223668,0.09342168516223506,0.1163433715134158,0.022921686351180734
68,none,100000.0,1.24,1.3029538442778714,0.09342168516223506,0.11492903157562094,0.021507346413385878
68,none,15000000.0,1.24,1.2366451411634596,0.09342168516223506,0.09224509547062053,-0.0011765896916145352
69,none,100.0,1.33,1.3899266564799808,0.12385164096708581,0.14299188404804278,0.019140243080956965
69,none,1000.0,1.33,1.4035523556138008,0.12385164096708581,0.14722861741939328,0.023376976452307463
69,none,10000.0,1.33,1.4055569800648207,0.12385164096708581,0.1478484562231678,0.023996815256081994
69,none,100000.0,1.33,1.3959592311170952,0.12385164096708581,0.14487273493511993,0.021021093968034116
69,none,15000000.0,1.33,1.3326820556496977,0.12385164096708581,0.12472655005379993,0.0008749090867141152
70,none,100.0,1.6,1.6525601368111626,0.2041199826559248,0.21815727246027386,0.014037289804349068
70,none,1000.0,1.6,1.6732986836350485,0.2041199826559248,0.22357346940031622,0.01945348674439143
70,none,10000.0,1.6,1.6768421727862395,0.2041199826559248,0.22449218800045453,0.020372205344529742
70,none,100000.0,1.6,1.6764352576787946,0.2041199826559248,0.22438678605248075,0.020266803396555955
70,none,15000000.0,1.6,1.6441394130742577,0.2041199826559248,0.2159386403097503,0.011818657653825504
71,none,100.0,2.35,2.6378635435236255,0.37106786227173627,0.4212523257715671,0.050184463499830856
71,none,1000.0,2.35,2.6154665036736273,0.37106786227173627,0.41754916238186013,0.04648130011012386
71,none,10000.0,2.35,2.5999646899656863,0.37106786227173627,0.41496744987189893,0.04389958760016266
71,none,100000.0,2.35,2.5881214188162716,0.37106786227173627,0.4129846469135741,0.041916784641837845
71,none,15000000.0,2.35,2.5654649311752387,0.37106786227173627,0.40916608240938235,0.03809822013764608
72,none,100.0,1.21,1.2764420449866443,0.08278537031645007,0.10600110107220503,0.023215730755754962
72,none,1000.0,1.21,1.2834531039878259,0.08278537031645007,0.10838000463863134,0.025594634322181273
72,none,10000.0,1.21,1.2865124811205324,0.08278537031645007,0.10941400388136863,0.026628633564918555
72,none,100000.0,1.21,1.2869744244003023,0.08278537031645007,0.10956991640540802,0.026784546088957945
72,none,15000000.0,1.21,1.2261854507383212,0.08278537031645007,0.08855615871541242,0.005770788398962348
73,none,100.0,1.31,1.3709553559128496,0.11727129565576427,0.1370233125602025,0.01975201690443823
73,none,1000.0,1.31,1.3749397492698132,0.11727129565576427,0.13828366752412874,0.021012371868364466
73,none,10000.0,1.31,1.377938074099266,0.11727129565576427,0.13922970038634586,0.021958404730581582
73,none,100000.0,1.31,1.3785589645049743,0.11727129565576427,0.13942534672867798,0.02215405107291371
73,none,15000000.0,1.31,1.3191379228907072,0.11727129565576427,0.12029020571987982,0.003018910064115546
74,none,100.0,1.56,1.6050637342800524,0.1931245983544616,0.2054922821593185,0.012367683804856894
74,none,1000.0,1.56,1.6218712442326928,0.1931245983544616,0.21001637383396665,0.016891775479505045
74,none,10000.0,1.56,1.638382025576398,0.1931245983544616,0.21441517474751537,0.02129057639305376
74,none,100000.0,1.56,1.6461867398458747,0.1931245983544616,0.2164790990928563,0.02335450073839468
74,none,15000000.0,1.56,1.6139586755669941,0.1931245983544616,0.20789241068160244,0.014767812327140833
75,none,100.0,2.33,2.5641280214368165,0.367355921026019,0.40893970478421426,0.04158378375819527
75,none,1000.0,2.33,2.5494977476716914,0.367355921026019,0.40645463263054166,0.03909871160452266
75,none,10000.0,2.33,2.5275686025863187,0.367355921026019,0.40270295192687733,0.035347030900858334
75,none,100000.0,2.33,2.51541510953051,0.367355921026019,0.4006096652974012,0.033253744271382224
75,none,15000000.0,2.33,2.504199336112644,0.367355921026019,0.3986688960751864,0.03131297504916741
76,none,100.0,1.42,1.4379717995542134,0.15228834438305647,0.15775036906627685,0.005462024683220379
76,none,1000.0,1.42,1.4572173908740227,0.15228834438305647,0.16352434560278722,0.011236001219730757
76,none,10000.0,1.42,1.477191496975489,0.15228834438305647,0.16943679909588336,0.01714845471282689
76,none,100000.0,1.42,1.494029493131197,0.15228834438305647,0.17435917082456467,0.022070826441508207
76,none,15000000.0,1.42,1.5215413021484605,0.15228834438305647,0.1822837457521626,0.02999540136910614
77,none,100.0,3.1,3.2513981784719106,0.4913616938342727,0.5120701580916673,0.020708464257394643
77,none,1000.0,3.1,3.185566785941029,0.4913616938342727,0.5031867145700334,0.011825020735760694
77,none,10000.0,3.1,3.1208967910718313,0.4913616938342727,0.49427940666304676,0.002917712828774066
77,none,100000.0,3.1,3.0572375765180597,0.4913616938342727,0.48532918886078147,-0.006032504973491226
77,none,15000000.0,3.1,2.983501879888912,0.4913616938342727,0.47472631582688196,-0.016635378007390733
78,none,100.0,1.47,1.5430590936209925,0.1673173347481761,0.18838255830040446,0.021065223552228368
78,none,1000.0,1.47,1.573262133547317,0.1673173347481761,0.1968010898632387,0.0294837551150626
78,none,10000.0,1.47,1.5943425530821036,0.1673173347481761,0.2025816375935131,0.03526430284533702
78,none,100000.0,1.47,1.61439357967362,0.1673173347481761,0.2080094217385592,0.040692086990383125
78,none,15000000.0,1.47,1.6385763900823835,0.1673173347481761,0.2144666929066248,0.0471493581584487
79,none,100.0,3.15,3.339967585328562,0.4983105537896005,0.523742251966879,0.025431698177278472
79,none,1000.0,3.15,3.257256384176062,0.4983105537896005,0.5128519439657545,0.014541390176154023
79,none,10000.0,3.15,3.1828306056544724,0.4983105537896005,0.5028135255241889,0.004502971734588412
79,none,100000.0,3.15,3.1210695476776467,0.4983105537896005,0.4943034462802332,-0.00400710750936728
79,none,15000000.0,3.15,2.9612701736628604,0.4983105537896005,0.47147803237349495,-0.026832521416105537
80,none,100.0,1.54,1.6390829038709067,0.18752072083646307,0.21460092049124313,0.027080199654780063
80,none,1000.0,1.54,1.6582463229957827,0.18752072083646307,0.21964904296458732,0.03212832212812425
80,none,10000.0,1.54,1.6745411729340045,0.18752072083646307,0.2238958302623966,0.03637510942593353
80,none,100000.0,1.54,1.6912214876056593,0.18752072083646307,0.22820048787328714,0.04067976703682408
80,none,15000000.0,1.54,1.7187024378119096,0.18752072083646307,0.2352006929741097,0.04767997213764663
81,none,100.0,3.22,3.467994880967086,0.5078558716958309,0.5400784477518693,0.0322225760560384
81,none,1000.0,3.22,3.40196734328223,0.5078558716958309,0.5317301403463925,0.023874268650561636
81,none,10000.0,3.22,3.3487517721547135,0.5078558716958309,0.5248829564443532,0.017027084748522325
81,none,100000.0,3.22,3.2893988723099388,0.5078558716958309,0.5171165391986641,0.009260667502833164
81,none,15000000.0,3.22,3.2847625716347855,0.5078558716958309,0.516503983467978,0.008648111772147082
82,bsa,100.0,10.35,10.021390679973358,1.0149403497929366,1.0009279932607826,-0.014012356532153936
82,bsa,1000.0,10.35,9.650077603515742,1.0149403497929366,0.9845308058456732,-0.030409543947263362
82,bsa,10000.0,10.35,9.346654991815194,1.0149403497929366,0.9706562121006286,-0.04428413769230799
82,bsa,100000.0,10.35,8.846968868361296,1.0149403497929366,0.9467944990333357,-0.06814585075960089
82,bsa,15000000.0,10.35,8.273070379262693,1.0149403497929366,0.9176667188995274,-0.09727363089340912
83,bgg,100.0,18.06,15.022519605392509,1.256717745977487,1.1767427794689824,-0.07997496650850455
83,bgg,1000.0,18.06,14.048163571849283,1.256717745977487,1.1476195553628505,-0.10909819061463644
83,bgg,10000.0,14.95,13.042780795698862,1.1746411926604485,1.1153701953434139,-0.05927099731703467
83,bgg,100000.0,12.43,12.009690752066048,1.0944711286416449,1.0795318245219399,-0.01493930411970501
83,bgg,15000000.0,9.5,9.23339949015766,0.9777236052888477,0.9653616260531777,-0.012361979235670062
84,poly-higg,100.0,19.09,16.029501427696378,1.2808059283936668,1.2049200145208556,-0.07588591387281118
84,poly-higg,1000.0,19.09,14.901617498470706,1.2808059283936668,1.173233411535364,-0.10757251685830282
84,poly-higg,10000.0,19.09,13.939182947974647,1.2808059283936668,1.1442373181245853,-0.13656861026908151
84,poly-higg,100000.0,16.72,12.72657892752678,1.2232362731029975,1.1047116752503232,-0.11852459785267433
84,poly-higg,15000000.0,9.3,9.686830683642338,0.9684829485539351,0.9861817087589704,0.017698760205035247
85,bsa,100.0,4.95,4.967845042461727,0.6946051989335688,0.6961680408212289,0.0015628418876600936
85,bsa,1000.0,4.95,4.938941745930129,0.6946051989335688,0.6936339037541187,-0.0009712951794500491
85,bsa,10000.0,4.95,4.911457403144278,0.6946051989335688,0.6912103817820351,-0.003394817151533669
85,bsa,100000.0,4.95,4.847183939247166,0.6946051989335688,0.6854895004911374,-0.00911569844243132
85,bsa,15000000.0,4.3,4.64665803544603,0.6334684555795865,0.6671407123360923,0.03367225675650576
86,bgg,100.0,5.75,5.6820617496863814,0.7596678446896304,0.7545059490986972,-0.005161895590933274
86,bgg,1000.0,5.75,5.482890376886535,0.7596678446896304,0.7390095628287298,-0.020658281860900685
86,bgg,10000.0,5.75,5.340075357948025,0.7596678446896304,0.7275473857383077,-0.03212045895132276
86,bgg,100000.0,5.75,5.1539379412212964,0.7596678446896304,0.7121391848886524,-0.04752865980097809
86,bgg,15000000.0,5.7,4.532310259544417,0.7558748556724915,0.6563196318612711,-0.0995552238112204
87,poly-higg,100.0,5.87,5.452827315794299,0.7686381012476144,0.7366217443427636,-0.03201635690485083
87,poly-higg,1000.0,5.06,5.295528770912884,0.7041505168397991,0.7239093319268117,0.019758815087012604
87,poly-higg,10000.0,5.06,5.155554519396246,0.7041505168397991,0.7122753838314,0.008124866991600865
87,poly-higg,100000.0,5.06,5.039028998751463,0.7041505168397991,0.7023468576535469,-0.0018036591862522489
87,poly-higg,15000000.0,4.4,4.548565040913972,0.6434526764861874,0.6578744091617912,0.01442173267560376
88,bgg,100.0,2.42,2.5934288144372792,0.38381536598043126,0.4138743317892653,0.03005896580883405
88,bgg,1000.0,2.42,2.541164692275059,0.38381536598043126,0.40503281248384543,0.021217446503414172
88,bgg,10000.0,2.42,2.5166132087284443,0.38381536598043126,0.4008164717171425,0.017001105736711264
88,bgg,100000.0,2.42,2.4896598519310364,0.38381536598043126,0.39614001596308746,0.0123246499826562
88,bgg,15000000.0,2.4,2.4145406449470665,0.38021124171160603,0.38283452045397004,0.0026232787423640103
89,bsa,100.0,2.76,2.743241280295416,0.4409090820652177,0.43826400741952304,-0.002645074645694634
89,bsa,1000.0,2.65,2.6933515277904756,0.42324587393680785,0.4302930398639517,0.007047165927143828
89,bsa,10000.0,2.42,2.593762837818179,0.38381536598043126,0.41393026360018614,0.030114897619754888
89,bsa,100000.0,2.42,2.491188419867137,0.38381536598043126,0.39640657643812216,0.012591210457690905
89,bsa,15000000.0,2.0,2.275704022047142,0.3010299956639812,0.35711577707699427,0.05608578141301307
90,poly-higg,100.0,3.45,2.862348232585933,0.5378190950732742,0.45672246879848855,-0.08109662627478564
90,poly-higg,1000.0,2.88,2.8786438515473654,0.45939248775923086,0.45918793689076537,-0.00020455086846549175
90,poly-higg,10000.0,2.71,2.8784913007313238,0.4329692908744057,0.4591649212846071,0.026195630410201398
90,poly-higg,100000.0,2.71,2.801417498094042,0.4329692908744057,0.4473778369945211,0.014408546120115384
90,poly-higg,15000000.0,2.7,2.4502223718892004,0.43136376415898736,0.3892055008959252,-0.04215826326306216
91,bgg,100.0,4.72,5.6520407784787405,0.6739419986340878,0.7522052865460204,0.0782632879119326
91,bgg,1000.0,4.72,5.412885557864864,0.6739419986340878,0.7334288451008171,0.059486846466729304
91,bgg,10000.0,4.72,5.069524807425969,0.6739419986340878,0.7049672525907985,0.03102525395671074
91,bgg,100000.0,4.2,4.73012049063016,0.6232492903979004,0.674872203686926,0.051622913289025574
91,bgg,15000000.0,2.7,3.0868333834209922,0.43136376415898736,0.48951318840217617,0.05814942424318881
92,bgg,100.0,2.88,2.672457740408363,0.45939248775923086,0.426910846433645,-0.03248164132558584
92,bgg,1000.0,2.88,2.660124455529573,0.45939248775923086,0.42490195583607715,-0.03449053192315371
92,bgg,10000.0,2.88,2.6276387911037498,0.45939248775923086,0.41956566461220446,-0.0398268231470264
92,bgg,100000.0,2.53,2.5875768233729546,0.40312052117581787,0.41289325256030707,0.009772731384489197
92,bgg,15000000.0,1.8,1.88022782425933,0.25527250510330607,0.2742104752339221,0.018937970130616044
93,bgg,100.0,1.92,1.8813910934395823,0.28330122870354957,0.2744790837310133,-0.00882214497253625
93,bgg,1000.0,1.92,1.8779634925416382,0.28330122870354957,0.2736871453625609,-0.009614083340988677
93,bgg,10000.0,1.92,1.8653779600185385,0.28330122870354957,0.2707668411419224,-0.01253438756162717
93,bgg,100000.0,1.92,1.8457071726395307,0.28330122870354957,0.2661627999431462,-0.01713842876040339
93,bgg,15000000.0,1.9,1.5868191706163393,0.2787536009528289,0.20052743861494288,-0.07822616233788604
94,bgg,100.0,1.61,1.6426687604794625,0.20682587603184974,0.21554999800657096,0.008724121974721222
94,bgg,1000.0,1.61,1.656917311209756,0.20682587603184974,0.21930083540703543,0.012474959375185696
94,bgg,10000.0,1.61,1.6605671424376096,0.20682587603184974,0.2202564403081687,0.013430564276318974
94,bgg,100000.0,1.61,1.6544277732532773,0.20682587603184974,0.21864781207475298,0.011821936042903242
94,bgg,15000000.0,1.6,1.5090955085771303,0.2041199826559248,0.17871672654525506,-0.025403256110669736
95,bgg,100.0,8.05,6.942560639330156,0.9057958803678685,0.8415196817548787,-0.06427619861298983
95,bgg,1000.0,7.25,6.423361173872032,0.8603380065709937,0.8077623422865109,-0.05257566428448279
95,bgg,10000.0,6.9,5.858467000409546,0.8388490907372553,0.7677839879698709,-0.07106510276738442
95,bgg,100000.0,5.8,5.4486464521043905,0.7634279935629372,0.7362886286268896,-0.027139364936047627
95,bgg,15000000.0,4.25,3.54510692318306,0.6283889300503115,0.5496293383760975,-0.07875959167421398
96,poly-higg,100.0,6.33,5.8548940087293255,0.8014037100173551,0.7675190374373084,-0.03388467258004668
96,poly-higg,1000.0,5.98,5.570940015466616,0.7767011839884109,0.7459284822626921,-0.030772701725718776
96,poly-higg,10000.0,5.98,5.284686389064882,0.7767011839884109,0.7230192199235259,-0.05368196406488501
96,poly-higg,100000.0,5.28,4.797212004517161,0.7226339225338123,0.680988911786185,-0.041645010747627276
96,poly-higg,15000000.0,3.7,3.1817068635640653,0.568201724066995,0.5026601648137279,-0.0655415592532671
97,poly-higg,100.0,2.86,2.6352130689957,0.456366033129043,0.4208157356578901,-0.0355502974711529
97,poly-higg,1000.0,2.86,2.579146688149537,0.456366033129043,0.4114760432012353,-0.04488998992780768
97,poly-higg,10000.0,2.86,2.4867670675482816,0.456366033129043,0.39563510733824453,-0.06073092579079847
97,poly-higg,100000.0,2.6,2.306918082871409,0.414973347970818,0.36303217328634885,-0.05194117468446913
97,poly-higg,15000000.0,1.68,1.833709654777848,0.22530928172586284,0.2633305716229239,0.03802128989706105
98,poly-higg,100.0,1.61,1.7219410556986794,0.20682587603184974,0.23601828090222074,0.029192404870371003
98,poly-higg,1000.0,1.61,1.6850631180934692,0.20682587603184974,0.22661617305679796,0.019790297024948222
98,poly-higg,10000.0,1.61,1.651569674253243,0.20682587603184974,0.21789689985936683,0.011071023827517096
98,poly-higg,100000.0,1.61,1.607475828671629,0.20682587603184974,0.20614445123641165,-0.0006814247954380903
98,poly-higg,15000000.0,1.6,1.3585884315505226,0.2041199826559248,0.13308791223088773,-0.07103207042503706
99,poly-higg,100.0,1.32,1.4371806945339471,0.12057393120584989,0.1575113747490818,0.03693744354323192
99,poly-higg,1000.0,1.32,1.4245649426837266,0.12057393120584989,0.15368225252690937,0.03310832132105948
99,poly-higg,10000.0,1.32,1.4061452804401817,0.12057393120584989,0.1480301935386995,0.027456262332849618
99,poly-higg,100000.0,1.32,1.3718164839524734,0.12057393120584989,0.13729601710140657,0.016722085895556682
99,poly-higg,15000000.0,1.3,1.1900845908026585,0.11394335230683679,0.07557783199181263,-0.03836552031502416
100,poly-higg,100.0,7.36,6.817714759027014,0.8668778143374989,0.8336388271697903,-0.03323898716770857
100,poly-higg,1000.0,7.36,6.509079952124874,0.8668778143374989,0.8135196060868817,-0.05335820825061721
100,poly-higg,10000.0,7.36,6.180346570490689,0.8668778143374989,0.7910128293657575,-0.07586498497174143
100,poly-higg,100000.0,6.6,5.638500184841879,0.8195439355418687,0.7511635990065793,-0.06838033653528941
100,poly-higg,15000000.0,4.18,3.827222059428693,0.6211762817750351,0.5828836611758269,-0.03829262059920824
101,bgg,100.0,4.36,2.9170029726611464,0.6394864892685861,0.4649368717030404,-0.1745496175655457
101,bgg,1000.0,4.36,2.859850441337918,0.6394864892685861,0.456343321870298,-0.18314316739828806
101,bgg,10000.0,4.04,2.7680322875431007,0.6063813651106049,0.4421711516156528,-0.16421021349495213
101,bgg,100000.0,3.47,2.623604125417647,0.5403294747908738,0.41889830512552695,-0.12143116966534684
101,bgg,15000000.0,2.8,2.116020590597329,0.4471580313422192,0.325519889421414,-0.12163814192080519
102,bgg,100.0,6.24,6.414283877326501,0.795184589682424,0.8071481766133526,0.011963586930928582
102,bgg,1000.0,6.355421780873455,6.2094256698254755,0.8031443780257402,0.793051432711128,-0.010092945314612245
102,bgg,10000.0,6.470843561746911,5.9490607669654185,0.8109609005035047,0.7744484050693554,-0.03651249543414925
102,bgg,100000.0,5.97,5.55411570080786,0.7759743311293691,0.7446149225332571,-0.03135940859611197
102,bgg,15000000.0,3.85,4.196060519430157,0.5854607295085007,0.6228417433597051,0.0373810138512044
103,bgg,100.0,2.02,2.1034128886708148,0.3053513694466238,0.32292453073240307,0.017573161285779293
103,bgg,1000.0,2.02,2.1083144117765786,0.3053513694466238,0.32393537746911205,0.018584008022488274
103,bgg,10000.0,2.02,2.1028927010747998,0.3053513694466238,0.32281711361834164,0.017465744171717867
103,bgg,100000.0,2.02,2.0927627896538943,0.3053513694466238,0.32072000474449286,0.015368635297869082
103,bgg,15000000.0,2.0,1.930380140722727,0.3010299956639812,0.2856428410086351,-0.015387154655346125
104,bgg,100.0,5.23,5.035330225819317,0.7185016888672743,0.7020279576201822,-0.01647373124709206
104,bgg,1000.0,5.23,5.032666120291485,0.7185016888672743,0.7017981191662983,-0.016703569700975973
104,bgg,10000.0,5.23,5.023956504717609,0.7185016888672743,0.7010458708081801,-0.01745581805909413
104,bgg,100000.0,4.6,4.879525902630689,0.6627578316815741,0.6883776277663117,0.025619796084737634
104,bgg,15000000.0,4.18,4.018218530229293,0.6211762817750351,0.6040335520966323,-0.0171427296784028
105,poly-higg,100.0,3.67,3.8386491202745923,0.5646660642520893,0.5841784163391074,0.01951235208701807
105,poly-higg,1000.0,3.67,3.65625536232898,0.5646660642520893,0.5630365203707147,-0.0016295438813745955
105,poly-higg,10000.0,3.67,3.4709498395746925,0.5646660642520893,0.5404483375108448,-0.02421772674124456
105,poly-higg,100000.0,3.26,3.212882552753724,0.5132176000679389,0.5068948501630218,-0.006322749904917102
105,poly-higg,15000000.0,2.96,2.560247948737262,0.4712917110589386,0.408282026856349,-0.06300968420258957
106,poly-higg,100.0,6.89,7.000357059284575,0.8382192219076258,0.8451201921460032,0.006900970238377435
106,poly-higg,1000.0,6.89,6.669442039396004,0.8382192219076258,0.8240895026800759,-0.014129719227549908
106,poly-higg,10000.0,6.89,6.309088949020376,0.8382192219076258,0.7999666503726034,-0.03825257153502237
106,poly-higg,100000.0,5.53,5.749564956922724,0.7427251313046983,0.7596349848712549,0.01690985356655661
106,poly-higg,15000000.0,4.82,4.4229823228349066,0.6830470382388496,0.6457152036448475,-0.03733183459400213
107,poly-higg,100.0,3.94,4.246635430769462,0.5954962218255742,0.6280449788618473,0.032548757036273135
107,poly-higg,1000.0,3.966911893281596,4.086645241915075,0.5984525547250831,0.6113669386252666,0.012914383900183513
107,poly-higg,10000.0,3.993823786563192,3.951945084986015,0.6013888992398679,0.5968109011349104,-0.004577998104957515
107,poly-higg,100000.0,4.0,3.8601645257091812,0.6020599913279624,0.5866058153155117,-0.015454176012450693
107,poly-higg,15000000.0,3.64,3.0742065517423525,0.561101383649056,0.487733043797529,-0.07336833985152702
108,poly-higg,100.0,6.24,6.29458378228015,0.795184589682424,0.7989670184732516,0.0037824287908275744
108,poly-higg,1000.0,6.24,6.289082489304307,0.795184589682424,0.7985872910896119,0.0034027014071879025
108,poly-higg,10000.0,6.24,6.2627263319727815,0.795184589682424,0.7967634343564476,0.0015788446740235829
108,poly-higg,100000.0,6.24,6.059947388597353,0.795184589682424,0.7824688537139695,-0.012715735968454545
108,poly-higg,15000000.0,5.43,4.8747327016408155,0.7347998295888469,0.6879508068273638,-0.04684902276148317
109,poly-higg,100.0,12.58,12.62320729651545,1.0996806411092501,1.1011697141956356,0.0014890730863854618
109,poly-higg,1000.0,12.31,11.382295223248855,1.0902580529313164,1.0562298457394603,-0.034028207191856064
109,poly-higg,10000.0,12.31,10.270218404346323,1.0902580529313164,1.0115796793123586,-0.0786783736189578
109,poly-higg,100000.0,8.53,8.344118265826504,0.930949031167523,0.9213804509592048,-0.00956858020831819
109,poly-higg,15000000.0,5.04,5.223529674839178,0.7024305364455253,0.7179640662728543,0.015533529827328918
110,poly-higg,100.0,11.66,11.448065683101754,1.0666985504229953,1.0587321125168154,-0.007966437906179902
110,poly-higg,1000.0,10.29,10.620653928237987,1.012415374762433,1.0261512576759666,0.01373588291353367
110,poly-higg,10000.0,10.29,9.662667240287858,1.012415374762433,0.9850970237083339,-0.027318351054099077
110,poly-higg,100000.0,7.82,8.318004719854041,0.893206753059848,0.9200191624590643,0.026812409399216364
110,poly-higg,15000000.0,6.33,5.353956905207309,0.8014037100173551,0.7286748711643267,-0.07272883885302839
111,poly-higg,100.0,13.69,12.335229721361372,1.13640344813399,1.0911472418509374,-0.0452562062830526
111,poly-higg,1000.0,12.77,11.006736611290767,1.1061908972634154,1.0416585740315614,-0.06453232323185398
111,poly-higg,10000.0,11.29,9.895220919184448,1.052693941924968,0.9954254946426403,-0.057268447282327606
111,poly-higg,100000.0,7.91,7.593439944184704,0.8981764834976765,0.8804385625009564,-0.017737920996720113
111,poly-higg,15000000.0,6.0,4.9625195512355695,0.7781512503836436,0.6957022307992815,-0.08244901958436213
112,poly-higg,100.0,12.67,13.962826308993943,1.1027766148834413,1.1449733356341065,0.04219672075066527
112,poly-higg,1000.0,12.67,12.513937853892209,1.1027766148834413,1.097393993874785,-0.005382621008656274
112,poly-higg,10000.0,12.67,11.346051996684448,1.1027766148834413,1.0548447695178944,-0.047931845365546843
112,poly-higg,100000.0,7.72,9.324704811249754,0.8876173003357362,0.9696350923976687,0.08201779206193249
112,poly-higg,15000000.0,6.0,5.045373966161566,0.7781512503836436,0.7028933619349157,-0.07525788844872794
113,bsa,100.0,1.43,1.582821311894665,0.1553360374650618,0.1994318891906166,0.0440958517255548
113,bsa,1000.0,1.43,1.5625914890900892,0.1553360374650618,0.1938454545241294,0.0385094170590676
113,bsa,10000.0,1.43,1.5297367309068914,0.1553360374650618,0.18461669477019974,0.02928065730513793
113,bsa,100000.0,1.43,1.4921817867833707,0.1553360374650618,0.1738217347905902,0.018485697325528405
113,bsa,15000000.0,1.4,1.2878277485282776,0.146128035678238,0.10985777850022763,-0.036270257178010384
114,bsa,100.0,2.76,2.338040193792372,0.4409090820652177,0.3688519729473732,-0.07205710911784446
114,bsa,1000.0,2.3,2.2350256922740046,0.36172783601759284,0.34928251983873615,-0.012445316178856691
114,bsa,10000.0,2.3,2.120739057647889,0.36172783601759284,0.3264872348554057,-0.035240601162187135
114,bsa,100000.0,2.21,2.0411087522587748,0.3443922736851107,0.30986614496477916,-0.03452612872033156
114,bsa,15000000.0,1.92,1.7071920591976746,0.28330122870354957,0.2322823820155796,-0.051018846687969965
115,bsa,100.0,3.83,4.048335751491917,0.5831987739686227,0.6072765238350601,0.024077749866437403
115,bsa,1000.0,3.83,3.88676882029855,0.5831987739686227,0.5895887101567518,0.006389936188129108
115,bsa,10000.0,3.83,3.6929616746432714,0.5831987739686227,0.5673748005896975,-0.01582397337892527
115,bsa,100000.0,3.5,3.4171795541393433,0.5440680443502757,0.533667799203559,-0.010400245146716669
115,bsa,15000000.0,2.5,2.634389427656174,0.3979400086720376,0.42067997479472685,0.022739966122689248
116,bsa,100.0,12.35,9.306841186624808,1.0916669575956846,0.9688023031079837,-0.1228646544877009
116,bsa,1000.0,7.99,8.038992920753337,0.9025467793139914,0.9052016462168508,0.002654866902859432
116,bsa,10000.0,7.99,7.157491029984134,0.9025467793139914,0.8547608124210782,-0.047785966892913256
116,bsa,100000.0,6.29,6.446603060722763,0.798650645445269,0.809330930045925,0.010680284600656065
116,bsa,15000000.0,5.5,4.786705186710332,0.7403626894942439,0.6800366800978506,-0.06032600939639332
117,bsa,100.0,1.75,1.6718479028909279,0.24303804868629444,0.22319676476580802,-0.019841283920486424
117,bsa,1000.0,1.68,1.676371590995966,0.22530928172586284,0.22437029235613326,-0.0009389893697295815
117,bsa,10000.0,1.61,1.6479157650788836,0.20682587603184974,0.21693500851619932,0.010109132484349581
117,bsa,100000.0,1.5,1.5822102451130196,0.17609125905568124,0.19926419232576048,0.023172933270079243
117,bsa,15000000.0,1.36,1.2527468941955417,0.13353890837021754,0.09786333471492532,-0.03567557365529221
118,bsa,100.0,3.4,3.175023440192025,0.5314789170422551,0.5017469358983798,-0.02973198114387532
118,bsa,1000.0,2.76,2.971802894214674,0.4409090820652177,0.4730200013221702,0.03211091925695253
118,bsa,10000.0,2.3,2.782094707803544,0.36172783601759284,0.44437191011913846,0.08264407410154562
118,bsa,100000.0,2.02,2.4329267430892454,0.3053513694466238,0.38612903225548645,0.08077766280886267
118,bsa,15000000.0,1.7,1.8854589343658998,0.2304489213782739,0.2754170778328592,0.04496815645458527
119,bsa,100.0,3.76,4.237193326398958,0.5751878449276611,0.6270782795952425,0.051890434667581475
119,bsa,1000.0,3.55,4.0525626647849995,0.5502283530550941,0.60772973906896,0.057501386013865896
119,bsa,10000.0,3.22,3.8446462697081953,0.5078558716958309,0.5848563883037137,0.07700051660788276
119,bsa,100000.0,2.76,3.4673790739706645,0.4409090820652177,0.5400013238410597,0.09909224177584203
119,bsa,15000000.0,2.0,2.6144243341824698,0.3010299956639812,0.41737607713811764,0.11634608147413644
120,bsa,100.0,6.89,7.41352794399521,0.8382192219076258,0.8700249288954691,0.03180570698784335
120,bsa,1000.0,6.89,6.862414171555438,0.8382192219076258,0.8364769257564417,-0.0017422961511840418
120,bsa,10000.0,6.7,6.155290148477115,0.8260748027008264,0.7892485295520737,-0.03682627314875275
120,bsa,100000.0,5.71,5.402200948248805,0.756636108245848,0.7325707348111616,-0.0240653734346864
120,bsa,15000000.0,4.4,4.437092959823471,0.6434526764861874,0.6470985275480764,0.0036458510618889717
121,bsa,100.0,5.32,4.942853905379558,0.7259116322950482,0.6939777743237864,-0.0319338579712618
121,bsa,1000.0,5.32,4.683131168172032,0.7259116322950482,0.6705363219536671,-0.0553753103413811
121,bsa,10000.0,5.32,4.461014154714745,0.7259116322950482,0.6494336012520973,-0.07647803104295092
121,bsa,100000.0,4.61,4.185525731303931,0.6637009253896482,0.6217500161797515,-0.04195090920989675
121,bsa,15000000.0,3.35,2.8945091249879153,0.5250448070368452,0.4615749230255214,-0.06346988401132381
122,bsa,100.0,1.47,1.499803357342771,0.1673173347481761,0.17603432144285094,0.008716986694674855
122,bsa,1000.0,1.47,1.537966916614684,0.1673173347481761,0.18694699340675203,0.019629658658575938
122,bsa,10000.0,1.47,1.5706545975306714,0.1673173347481761,0.1960806898908965,0.02876335514272041
122,bsa,100000.0,1.47,1.5539273695511389,0.1673173347481761,0.19143071604771023,0.024113381299534137
122,bsa,15000000.0,1.47,1.2670572617107743,0.1673173347481761,0.10279624225760813,-0.06452109249056796
123,bsa,100.0,2.25,2.06980279598305,0.3521825181113625,0.3159289692751738,-0.0362535488361887
123,bsa,1000.0,2.25,2.01055002712259,0.3521825181113625,0.3033148838219099,-0.048867634289452566
123,bsa,10000.0,2.25,1.9947804496910293,0.3521825181113625,0.2998951031632733,-0.052287414948089195
123,bsa,100000.0,2.11,1.9607002959626683,0.3242824552976926,0.29241121439346535,-0.03187124090422727
123,bsa,15000000.0,1.25,1.4845373244501736,0.09691001300805642,0.17159112116343708,0.07468110815538066
124,bsa,100.0,2.76,3.0926345231953896,0.4409090820652177,0.4903285996223529,0.04941951755713525
124,bsa,1000.0,2.76,2.956693252444916,0.4409090820652177,0.47080627018699556,0.029897188121777885
124,bsa,10000.0,2.76,2.8337033086820105,0.4409090820652177,0.4523543772637967,0.011445295198579009
124,bsa,100000.0,2.76,2.6521492973512957,0.4409090820652177,0.4235979681455583,-0.017311113919659393
124,bsa,15000000.0,2.4,1.8762602200443899,0.38021124171160603,0.2732930708725366,-0.1069181708390694
125,poly-higg,100.0,13.5,11.484770318907154,1.130333768495006,1.0601223142695173,-0.0702114542254888
125,poly-higg,1000.0,12.48,10.356300808748559,1.0962145853464051,1.0152046564482644,-0.08100992889814074
125,poly-higg,10000.0,11.02,8.961331979122873,1.0421815945157662,0.9523725663797635,-0.08980902813600267
125,poly-higg,100000.0,6.54,7.008971576234076,0.8155777483242672,0.8456542987751372,0.030076550450869988
125,poly-higg,15000000.0,4.35,4.467262917811273,0.6384892569546373,0.6500415133391901,0.011552256384552817
126,poly-higg,100.0,1.84,1.4181887857873552,0.2648178230095365,0.15173404690375178,-0.11308377610578471
126,poly-higg,1000.0,1.84,1.4221284005535135,0.2648178230095365,0.1529388095684349,-0.1118790134411016
126,poly-higg,10000.0,1.84,1.4312830277624653,0.2648178230095365,0.15572552141985224,-0.10909230158968425
126,poly-higg,100000.0,1.84,1.423660578624308,0.2648178230095365,0.15340645952463625,-0.11141136348490024
126,poly-higg,15000000.0,1.8,1.3236245857955558,0.25527250510330607,0.12176482540846936,-0.1335076796948367
127,poly-higg,100.0,2.44,2.3771848242115055,0.3873898263387294,0.3760629490881746,-0.011326877250554812
127,poly-higg,1000.0,2.44,2.324706955570196,0.3873898263387294,0.3663682150324534,-0.021021611306276
127,poly-higg,10000.0,2.44,2.250898382401757,0.3873898263387294,0.35235588906611637,-0.03503393727261306
127,poly-higg,100000.0,2.35,2.0760880602674425,0.37106786227173627,0.31724577079353233,-0.05382209147820394
127,poly-higg,15000000.0,2.2,1.7128862634130781,0.3424226808222063,0.23372852653119197,-0.10869415429101431
128,poly-higg,100.0,4.59,5.1421394031551335,0.6618126855372612,0.7111438461692263,0.049331160631965076
128,poly-higg,1000.0,4.59,4.808288106954888,0.6618126855372612,0.6819904821876972,0.020177796650435953
128,poly-higg,10000.0,4.59,4.52081270299524,0.6618126855372612,0.6552165146121267,-0.006596170925134537
128,poly-higg,100000.0,3.51,3.879483552656485,0.5453071164658241,0.5887739149859905,0.04346679852016644
128,poly-higg,15000000.0,2.77,2.8415013736630406,0.4424797690644486,0.4535478703311747,0.011068101266726138
129,bgg,100.0,18.37,17.69678940474102,1.2641091563058084,1.2478944827301908,-0.016214673575617677
129,bgg,1000.0,15.62,15.806048301298194,1.1936810295412814,1.1988233047546182,0.005142275213336767
129,bgg,10000.0,15.16,14.278113848505647,1.1806992012960347,1.1546708405431982,-0.026028360752836432
129,bgg,100000.0,10.06,10.49108906127938,1.0025979807199086,1.0208205738707725,0.01822259315086394
129,bgg,15000000.0,4.58,5.076428663744279,0.6608654780038692,0.7055582876619076,0.04469280965803846
130,bgg,100.0,1.75,1.7609479410346425,0.24303804868629444,0.24574651709414844,0.0027084684078539922
130,bgg,1000.0,1.71,1.7033661221113126,0.23299611039215382,0.2313080054042606,-0.0016881049878932075
130,bgg,10000.0,1.66,1.6895129778891536,0.22010808804005508,0.227761532129855,0.007653444089799927
130,bgg,100000.0,1.66,1.650787855875519,0.22010808804005508,0.21769126530251345,-0.002416822737541624
130,bgg,15000000.0,1.44,1.5152448705036707,0.15836249209524964,0.18048282248523434,0.022120330389984705
131,bgg,100.0,2.67,2.491387952151091,0.42651126136457523,0.39644135995711277,-0.030069901407462463
131,bgg,1000.0,2.67,2.4068468002683128,0.42651126136457523,0.3814484476013497,-0.04506281376322552
131,bgg,10000.0,2.67,2.390273772987482,0.42651126136457523,0.37844764625710287,-0.04806361510747237
131,bgg,100000.0,2.46,2.2222200118555877,0.39093510710337914,0.3467870542469269,-0.044148052856452236
131,bgg,15000000.0,2.16,1.7208384464618263,0.3344537511509309,0.23574010036621332,-0.09871365078471758
132,bgg,100.0,5.05,6.01975749361778,0.7032913781186614,0.7795789960244373,0.07628761790577587
132,bgg,1000.0,5.05,5.746270815369583,0.7032913781186614,0.7593860899554555,0.05609471183679415
132,bgg,10000.0,5.05,5.502108791262199,0.7032913781186614,0.7405291732906232,0.037237795171961796
132,bgg,100000.0,4.65,4.655792426047838,0.667452952889954,0.667993609478695,0.0005406565887410286
132,bgg,15000000.0,4.23,3.1097935751682315,0.6263403673750424,0.49273156197194756,-0.13360880540309483
133,bsa,100.0,5.05,4.961645370424744,0.7032913781186614,0.6956257201998898,-0.007665657918771607
133,bsa,1000.0,5.05,4.854458997329721,0.7032913781186614,0.6861408372170205,-0.01715054090164092
133,bsa,10000.0,5.05,4.687360064241502,0.7032913781186614,0.6709283155656661,-0.03236306255299526
133,bsa,100000.0,4.74,4.499332730555208,0.6757783416740851,0.6531481109030367,-0.02263023077104842
133,bsa,15000000.0,4.11,3.895967423312694,0.6138418218760693,0.5906153168065047,-0.023226505069564585
134,bsa,100.0,6.7,6.613661186711357,0.8260748027008264,0.8204419425416014,-0.005632860159225039
134,bsa,1000.0,6.7,6.4441266243384545,0.8260748027008264,0.8091640655322789,-0.01691073716854752
134,bsa,10000.0,6.7,6.22637975923942,0.8260748027008264,0.7942356056353508,-0.031839197065475666
134,bsa,100000.0,6.15,5.867509342185902,0.7888751157754168,0.7684537897502307,-0.020421326025186093
134,bsa,15000000.0,5.59,4.933100584477597,0.7474118078864233,0.6931199706898399,-0.05429183719658337
135,poly-higg,100.0,10.97,10.158835023874538,1.040206627574711,1.0068439075825943,-0.03336271999211671
135,poly-higg,1000.0,10.11,9.270434741596299,1.0047511555910011,0.9671001010753693,-0.03765105451563189
135,poly-higg,10000.0,9.46,8.20742121519489,0.9758911364017928,0.9142067225350555,-0.06168441386673729
135,poly-higg,100000.0,6.54,6.75709775564742,0.8155777483242672,0.8297602019545961,0.014182453630328884
135,poly-higg,15000000.0,4.17,4.158486539749565,0.6201360549737575,0.6189353000909101,-0.0012007548828473213
136,poly-higg,100.0,11.02,9.367597522886438,1.0421815945157662,0.9716282230821925,-0.07055337143357365
136,poly-higg,1000.0,10.11,8.829700702472842,1.0047511555910011,0.9459459826865756,-0.05880517290442555
136,poly-higg,10000.0,9.19,7.982553456609978,0.9633155113861113,0.9021418355526036,-0.061173675833507635
136,poly-higg,100000.0,6.88,7.007839044385683,0.8375884382355113,0.8455841184257382,0.007995680190226895
136,poly-higg,15000000.0,5.75,5.287107901603536,0.7596678446896304,0.7232181737667192,-0.03644967092291129
137,bgg,100.0,9.65,9.90869108008991,0.9845273133437926,0.9960162887699782,0.011488975426185544
137,bgg,1000.0,9.65,9.151059765396242,0.9845273133437926,0.9614713917290005,-0.023055921614792085
137,bgg,10000.0,9.65,8.463204904615717,0.9845273133437926,0.9275348558066898,-0.0569924575371028
137,bgg,100000.0,6.71,6.980550453506549,0.8267225201689921,0.8438896704017653,0.017167150232773265
137,bgg,15000000.0,4.65,4.389776725405096,0.667452952889954,0.6424424315427001,-0.0250105213472539
138,bgg,100.0,12.31,9.682064460569041,1.0902580529313164,0.9859679697298083,-0.10429008320150812
138,bgg,1000.0,10.11,9.103343131433556,1.0047511555910011,0.9592009128596795,-0.04555024273132169
138,bgg,10000.0,10.11,8.506348493259637,1.0047511555910011,0.929743171183004,-0.07500798440799716
138,bgg,100000.0,7.55,7.440824680132047,0.8779469516291882,0.8716210718607333,-0.0063258797684548895
138,bgg,15000000.0,6.24,5.745909713951861,0.795184589682424,0.7593587975973559,-0.03582579208506809
139,bgg,100.0,15.62,14.711256934700016,1.1936810295412814,1.167649780578216,-0.026031248963065412
139,bgg,1000.0,15.62,13.409182882087775,1.1936810295412814,1.127402313972963,-0.06627871556831844
139,bgg,10000.0,13.78,11.896429529682242,1.139249217571607,1.0754166363312434,-0.0638325812403635
139,bgg,100000.0,8.64,8.359994889166856,0.9365137424788933,0.9222060119357496,-0.014307730543143715
139,bgg,15000000.0,4.14,4.494290849410369,0.617000341120899,0.6526611744931381,0.03566083337223913
140,bgg,100.0,6.43,7.613943657492188,0.8082109729242221,0.881609658749589,0.0733986858253669
140,bgg,1000.0,5.97,6.981643010591841,0.7759743311293691,0.8439576384492637,0.06798330731989466
140,bgg,10000.0,5.97,6.322298670208736,0.7759743311293691,0.8008750083905738,0.024900677261204707
140,bgg,100000.0,4.61,4.898004970241509,0.6637009253896482,0.6900192214884433,0.026318296098795102
140,bgg,15000000.0,3.45,3.379668914300252,0.5378190950732742,0.5288741571607135,-0.00894493791256068
141,bgg,100.0,2.76,2.8036265453979983,0.4409090820652177,0.44772016333365433,0.006811081268436658
141,bgg,1000.0,2.76,2.752870875621227,0.4409090820652177,0.4397858411353066,-0.0011232409299110624
141,bgg,10000.0,2.76,2.6215560280209522,0.4409090820652177,0.4185591439113901,-0.022349938153827575
141,bgg,100000.0,2.46,2.3401469143293756,0.39093510710337914,0.3692431232561726,-0.021691983847206553
141,bgg,15000000.0,2.0,1.9935985518310109,0.3010299956639812,0.29963770950353924,-0.0013922861604419579
142,bgg,100.0,2.02,2.0484520189764273,0.3053513694466238,0.3114257959006742,0.00607442645405043
142,bgg,1000.0,2.02,2.0067716313560555,0.3053513694466238,0.3024979530131751,-0.0028534164334486634
142,bgg,10000.0,2.02,1.9693262554095157,0.3053513694466238,0.2943176710322427,-0.011033698414381066
142,bgg,100000.0,2.02,1.9279085799864515,0.3053513694466238,0.2850864361286619,-0.020264933317961864
142,bgg,15000000.0,1.76,1.8371575725466647,0.24551266781414982,0.2641464072326979,0.018633739418548068
143,bsa,100.0,4.04,4.470936527754783,0.6063813651106049,0.6503985043924065,0.04401713928180162
143,bsa,1000.0,4.04,4.185353582599907,0.6063813651106049,0.6217321534847031,0.015350788374098201
143,bsa,10000.0,4.04,4.0086106846974925,0.6063813651106049,0.6029938797232789,-0.003387485387326028
143,bsa,100000.0,4.04,3.815865389199609,0.6063813651106049,0.5815930458646177,-0.024788319245987234
143,bsa,15000000.0,4.0,3.2692967744921,0.6020599913279624,0.5144543459930789,-0.08760564533488346
144,bsa,100.0,3.04,2.982602361720776,0.48287358360875376,0.4745953574111611,-0.008278226197592664
144,bsa,1000.0,3.04,2.8551548568291447,0.48287358360875376,0.4556296683235535,-0.02724391528520026
144,bsa,10000.0,3.04,2.776765733424568,0.48287358360875376,0.44353924130133904,-0.03933434230741473
144,bsa,100000.0,2.76,2.654033084490453,0.4409090820652177,0.4239063323649214,-0.01700274970029625
144,bsa,15000000.0,1.5,2.085715911182959,0.17609125905568124,0.3192551542306324,0.14316389517495115
145,bsa,100.0,2.48,2.449568973977839,0.3944516808262163,0.3890896726538459,-0.005362008172370369
145,bsa,1000.0,2.48,2.4022383527883786,0.3944516808262163,0.38061609639124905,-0.01383558443496724
145,bsa,10000.0,2.48,2.33979132561876,0.3944516808262163,0.3691771265668033,-0.025274554259412996
145,bsa,100000.0,2.21,2.216253979087497,0.3443922736851107,0.3456195283469061,0.0012272546617954072
145,bsa,15000000.0,1.5,1.6980617731614094,0.17609125905568124,0.2299534852336969,0.05386222617801567
146,bsa,100.0,1.84,1.8284606363659417,0.2648178230095365,0.26208561515638457,-0.0027322078531519245
146,bsa,1000.0,1.84,1.8107760439364409,0.2648178230095365,0.25786474026598444,-0.006953082743552053
146,bsa,10000.0,1.84,1.7921615789889558,0.2648178230095365,0.2533771625246847,-0.011440660484851817
146,bsa,100000.0,1.76,1.7482577597965936,0.24551266781414982,0.24260546457099957,-0.002907203243150247
146,bsa,15000000.0,1.3,1.4454055646855366,0.11394335230683679,0.15998972238113604,0.04604637007429925
147,poly-higg,100.0,9.19,9.25726448024714,0.9633155113861113,0.9664826717093082,0.0031671603231969714
147,poly-higg,1000.0,9.19,8.382866510872306,0.9633155113861113,0.9233925504897273,-0.03992296089638392
147,poly-higg,10000.0,9.19,7.2709036937025155,0.9633155113861113,0.8615883922617217,-0.10172711912438959
147,poly-higg,100000.0,5.87,5.7698429491185665,0.7686381012476144,0.7611639921402307,-0.007474109107383775
147,poly-higg,15000000.0,3.4,3.8237469942602664,0.5314789170422551,0.5824891486062184,0.051010231563963226
148,poly-higg,100.0,4.59,4.886453684153843,0.6618126855372612,0.6889937867015784,0.027181101164317156
148,poly-higg,1000.0,4.59,4.588177574950027,0.6618126855372612,0.661640217932048,-0.00017246760521327786
148,poly-higg,10000.0,4.59,4.170351553788271,0.6618126855372612,0.6201726668286521,-0.04164001870860912
148,poly-higg,100000.0,3.77,3.695559108779461,0.5763413502057929,0.5676801530119188,-0.008661197193874148
148,poly-higg,15000000.0,3.4,2.843183438247209,0.5314789170422551,0.4538048806712725,-0.07767403637098264
149,poly-higg,100.0,2.71,2.3453498371177024,0.4329692908744057,0.3702076321248561,-0.06276165874954964
149,poly-higg,1000.0,2.71,2.264775066474123,0.4329692908744057,0.3550250751170653,-0.0779442157573404
149,poly-higg,10000.0,2.71,2.2439810640471656,0.4329692908744057,0.35101918778264257,-0.08195010309176315
149,poly-higg,100000.0,2.39,2.1928933084151705,0.3783979009481377,0.3410175023142175,-0.037380398633920175
149,poly-higg,15000000.0,2.28,1.8888201921631664,0.35793484700045375,0.27619061685877255,-0.0817442301416812
150,poly-higg,100.0,1.47,1.6252184457336964,0.1673173347481761,0.21091174279226368,0.043594408044087596
150,poly-higg,1000.0,1.47,1.6280306966795048,0.1673173347481761,0.21166258929571222,0.04434525454753613
150,poly-higg,10000.0,1.47,1.6369450885761914,0.1673173347481761,0.21403411122114374,0.04671677647296765
150,poly-higg,100000.0,1.47,1.648752020015888,0.1673173347481761,0.21715534064310474,0.04983800589492865
150,poly-higg,15000000.0,1.4,1.6038777308546468,0.146128035678238,0.20517125743997022,0.05904322176173221
151,poly-higg,100.0,14.7,14.334713998908954,1.167317334748176,1.1563890324806383,-0.010928302267537715
151,poly-higg,1000.0,12.12,12.122189860187463,1.0835026198302673,1.0835810817352047,7.846190493743244e-05
151,poly-higg,10000.0,12.12,10.629153981413038,1.0835026198302673,1.0264986985942461,-0.05700392123602116
151,poly-higg,100000.0,10.06,8.692948273175189,1.0025979807199086,0.939167095391723,-0.06343088532818553
151,poly-higg,15000000.0,4.0,3.8580699335273416,0.6020599913279624,0.5863700956432092,-0.015689895684753208
152,poly-higg,100.0,14.38,13.554858199068507,1.1577588860468637,1.1320949786716357,-0.025663907375228057
152,poly-higg,1000.0,14.38,12.206376059423073,1.1577588860468637,1.0865867457628369,-0.07117214028402685
152,poly-higg,10000.0,14.38,11.018612874197423,1.1577588860468637,1.0421269249150977,-0.11563196113176599
152,poly-higg,100000.0,12.6,9.102384509752902,1.100370545117563,0.9591551773510822,-0.1412153677664807
152,poly-higg,15000000.0,3.5,4.168223928019091,0.5440680443502757,0.6199510423669732,0.07588299801669751
153,poly-higg,100.0,15.64,16.16033037423947,1.1942367487238292,1.208450235042685,0.014213486318855661
153,poly-higg,1000.0,15.64,14.52431117204194,1.1942367487238292,1.162095544761172,-0.03214120396265718
153,poly-higg,10000.0,15.64,12.990681628802093,1.1942367487238292,1.1136319393610146,-0.08060480936281467
153,poly-higg,100000.0,12.6,10.392759609267753,1.100370545117563,1.01673088191188,-0.08363966320568283
153,poly-higg,15000000.0,3.81,4.556707097830444,0.5809249756756193,0.6586511133127009,0.07772613763708158
154,poly-higg,100.0,6.8,5.524857944917265,0.8325089127062363,0.742321115926074,-0.09018779678016231
154,poly-higg,1000.0,6.8,5.345215855073652,0.8325089127062363,0.7279652479497574,-0.10454366475647892
154,poly-higg,10000.0,6.43,5.091234618737646,0.8082109729242221,0.7068231110375934,-0.10138786188662863
154,poly-higg,100000.0,5.45,4.636953700601177,0.7363965022766424,0.6662327595417372,-0.07016374273490522
154,poly-higg,15000000.0,2.21,2.5641520757739436,0.3443922736851107,0.40894377892434786,0.06455150523923714
155,poly-higg,100.0,6.8,7.513264788153879,0.8325089127062363,0.8758286948437095,0.04331978213747323
155,poly-higg,1000.0,6.34,6.796605817820081,0.8020892578817327,0.8322920829118473,0.03020282503011462
155,poly-higg,10000.0,6.34,6.185268257140827,0.8020892578817327,0.7913585398696791,-0.010730718012053608
155,poly-higg,100000.0,5.45,5.255471266042612,0.7363965022766424,0.7206116659522886,-0.01578483632435379
155,poly-higg,15000000.0,3.3,3.017169737939769,0.5185139398778874,0.4795997431140114,-0.03891419676387603
156,poly-higg,100.0,6.67,6.702109795699345,0.8241258339165489,0.8262115382822692,0.002085704365720309
156,poly-higg,1000.0,6.67,6.317883224994807,0.8241258339165489,0.800571594470513,-0.023554239446035963
156,poly-higg,10000.0,6.67,5.981785794896111,0.8241258339165489,0.7768308570804143,-0.047294976836134595
156,poly-higg,100000.0,6.09,5.427355189669162,0.7846172926328754,0.7345882446245499,-0.05002904800832553
156,poly-higg,15000000.0,2.6,2.8808686071090532,0.414973347970818,0.45952345109236326,0.04455010312154528
157,poly-higg,100.0,9.19,6.1275436674792365,0.9633155113861113,0.7872864149021157,-0.17602909648399556
157,poly-higg,1000.0,7.35,5.868332387873604,0.8662873390841949,0.7685147047164225,-0.09777263436777239
157,poly-higg,10000.0,7.35,5.541063736723671,0.8662873390841949,0.7435931457109208,-0.12269419337327403
157,poly-higg,100000.0,6.37,4.969412273848407,0.8041394323353505,0.6963050283072281,-0.10783440402812239
157,poly-higg,15000000.0,2.5,3.1213272443209497,0.3979400086720376,0.4943393030942052,0.0963992944221676
158,poly-higg,100.0,6.06,5.375486441590112,0.7824726241662862,0.7304177707903192,-0.052054853375966936
158,poly-higg,1000.0,4.59,5.0301645213752275,0.6618126855372612,0.7015821897392148,0.039769504201953576
158,poly-higg,10000.0,4.5,4.768630394922124,0.6532125137753437,0.6783936626170701,0.025181148841726397
158,poly-higg,100000.0,3.6,4.277347903693192,0.5563025007672873,0.6311745756038677,0.07487207483658043
158,poly-higg,15000000.0,2.3,2.6893797435048357,0.36172783601759284,0.4296521294321741,0.06792429341458128
159,poly-higg,100.0,6.43,7.513202642687139,0.8082109729242221,0.8758251025911186,0.0676141296668965
159,poly-higg,1000.0,5.23,6.796561254994645,0.7185016888672743,0.8322892353945496,0.1137875465272753
159,poly-higg,10000.0,4.96,6.185236437424625,0.6954816764901974,0.7913563056637993,0.0958746291736019
159,poly-higg,100000.0,4.02,5.255476567320718,0.60422605308447,0.7206121040318729,0.11638605094740295
159,poly-higg,15000000.0,2.0,3.0171404827652353,0.3010299956639812,0.4795955320740077,0.17856553641002648
160,poly-higg,100.0,10.66,7.5133724071291885,1.0277572046905534,0.8758349155738061,-0.15192228911674732
160,poly-higg,1000.0,10.66,6.796679861314555,1.0277572046905534,0.8322968141713574,-0.19546039051919606
160,poly-higg,10000.0,9.37,6.1853162989832775,0.9717395908877783,0.7913619130824779,-0.18037767780530034
160,poly-higg,100000.0,6.71,5.255477097448822,0.8267225201689921,0.7206121478398313,-0.10611037232916076
160,poly-higg,15000000.0,3.28,3.017219422930358,0.5158738437116791,0.4796068947632245,-0.036266948948454614
161,adalimumab,100.0,6.15,7.063362216011543,0.7888751157754168,0.8490114778611826,0.06013636208576578
161,adalimumab,1000.0,6.15,6.357456142085249,0.7888751157754168,0.8032833728090419,0.014408257033625138
161,adalimumab,10000.0,6.15,5.511437187632859,0.7888751157754168,0.7412648622404561,-0.047610253534960734
161,adalimumab,100000.0,4.44,4.4651917864557324,0.6473829701146199,0.6498401172023146,0.0024571470876947332
161,adalimumab,15000000.0,2.54,2.1635824201680642,0.40483371661993806,0.33517344399621457,-0.06966027262372348
162,adalimumab,100.0,6.43,6.118969588281311,0.8082109729242221,0.7866782947272202,-0.021532678197001887
162,adalimumab,1000.0,5.23,5.466605197569349,0.7185016888672743,0.7377177099426949,0.019216021075420642
162,adalimumab,10000.0,5.23,4.609760141466437,0.7185016888672743,0.6636783284378861,-0.05482336042938818
162,adalimumab,100000.0,3.81,3.7322939510752775,0.5809249756756193,0.5719758409433215,-0.008949134732297748
162,adalimumab,15000000.0,2.28,2.113138682180781,0.35793484700045375,0.3249280000951156,-0.03300684690533817
163,adalimumab,100.0,3.67,3.3243340995390014,0.5646660642520893,0.5217046644185446,-0.042961399833544744
163,adalimumab,1000.0,3.13,3.047163379933901,0.49554433754644844,0.4838957404391205,-0.011648597107327963
163,adalimumab,10000.0,2.85,2.6483934806312304,0.4548448600085102,0.42298251013762644,-0.031862349870883766
163,adalimumab,100000.0,2.44,2.2368088713339973,0.3873898263387294,0.34962887651004465,-0.037760949828684776
163,adalimumab,15000000.0,1.45,1.5097984941928417,0.16136800223497488,0.17891898788930957,0.01755098565433469
164,adalimumab,100.0,1.47,1.5085314688797378,0.1673173347481761,0.17855437425132697,0.011237039503150886
164,adalimumab,1000.0,1.47,1.5017273787874936,0.1673173347481761,0.1765910986904707,0.009273763942294622
164,adalimumab,10000.0,1.47,1.4828102427376952,0.1673173347481761,0.1710855773231969,0.0037682425750208137
164,adalimumab,100000.0,1.47,1.4551371794770651,0.1673173347481761,0.1629039372955532,-0.004413397452622897
164,adalimumab,15000000.0,1.47,1.3434063568672865,0.1673173347481761,0.12820739900648281,-0.039109935741693275
165,adalimumab,100.0,1.97,2.2156902400976684,0.2944662261615929,0.34550904467575483,0.051042818514161925
165,adalimumab,1000.0,1.97,2.1148130427789407,0.2944662261615929,0.32527198018467934,0.03080575402308644
165,adalimumab,10000.0,1.97,2.000248546691843,0.2944662261615929,0.3010839635390478,0.006617737377454913
165,adalimumab,100000.0,1.76,1.8508323455540858,0.24551266781414982,0.2673670807202867,0.021854412906136877
165,adalimumab,15000000.0,1.2,1.4300360926587237,0.07918124604762482,0.15534699875506927,0.07616575270744445
166,adalimumab,100.0,2.02,2.1011095111035587,0.3053513694466238,0.32244868868797605,0.01709731924135227
166,adalimumab,1000.0,2.02,2.072237502529177,0.3053513694466238,0.31643952912665374,0.011088159680029963
166,adalimumab,10000.0,2.02,2.023352875983329,0.3053513694466238,0.3060716310297636,0.000720261583139814
166,adalimumab,100000.0,2.02,1.948850529068613,0.3053513694466238,0.2897785313238751,-0.015572838122748678
166,adalimumab,15000000.0,2.0,1.636245371995805,0.3010299956639812,0.21384843118935365,-0.08718156447462755
167,adalimumab,100.0,3.22,3.1299123617546027,0.5078558716958309,0.49553217737417043,-0.012323694321660472
167,adalimumab,1000.0,2.67,2.68368458941837,0.42651126136457523,0.4287314723298754,0.0022202109653001734
167,adalimumab,10000.0,2.48,2.3208952314080715,0.3944516808262163,0.3656555362127839,-0.028796144613432384
167,adalimumab,100000.0,2.1,1.9791385523648122,0.3222192947339193,0.29647619866380526,-0.025743096070114047
167,adalimumab,15000000.0,1.3,1.4022501546737316,0.11394335230683679,0.14682549658595398,0.03288214427911719
168,adalimumab,100.0,2.76,2.6300688026557313,0.4409090820652177,0.41996710979123403,-0.020941972273983644
168,adalimumab,1000.0,2.48,2.4104841802213723,0.3944516808262163,0.3821042855949611,-0.012347395231255165
168,adalimumab,10000.0,2.02,2.0997072399457513,0.3053513694466238,0.3221587457151312,0.016807376268507424
168,adalimumab,100000.0,1.58,1.7653799486175836,0.19865708695442263,0.24683818951415404,0.048181102559731404
168,adalimumab,15000000.0,1.2,1.2617786141347427,0.07918124604762482,0.10098316228221658,0.021801916234591767
169,adalimumab,100.0,2.76,2.174538851044591,0.4409090820652177,0.33736717132237276,-0.10354191074284491
169,adalimumab,1000.0,2.39,2.052156944786175,0.3783979009481377,0.31221057166792393,-0.06618732928021376
169,adalimumab,10000.0,1.7,1.911272782983317,0.2304489213782739,0.28132267538046163,0.050873754002187715
169,adalimumab,100000.0,1.58,1.74674278103911,0.19865708695442263,0.24222895707230427,0.043571870117881634
169,adalimumab,15000000.0,1.15,1.4343700012079241,0.06069784035361165,0.15666119369990159,0.09596335334628994
170,adalimumab,100.0,1.84,1.9552847905934325,0.2648178230095365,0.2912100220773939,0.02639219906785739
170,adalimumab,1000.0,1.84,1.8564908755701441,0.2648178230095365,0.26869281906216425,0.003874996052627755
170,adalimumab,10000.0,1.75,1.7699640617578434,0.24303804868629444,0.24796444831733716,0.004926399631042716
170,adalimumab,100000.0,1.67,1.7148370398220751,0.22271647114758325,0.23422285553407493,0.01150638438649168
170,adalimumab,15000000.0,1.52,1.5103348226515687,0.18184358794477254,0.1790732357109287,-0.002770352233843837
171,bevacizumab,100.0,3.22,3.2955122377758643,0.5078558716958309,0.5179229287174024,0.010067057021571513
171,bevacizumab,1000.0,3.22,3.0787486241500943,0.5078558716958309,0.48837423076704417,-0.019481640928786736
171,bevacizumab,10000.0,3.22,2.813729430987649,0.5078558716958309,0.44928233322715894,-0.05857353846867197
171,bevacizumab,100000.0,2.64,2.228398387092793,0.42160392686983106,0.3479928354466435,-0.07361109142318756
171,bevacizumab,15000000.0,1.75,1.5369714913510006,0.24303804868629444,0.1866658120255925,-0.05637223666070196
172,bevacizumab,100.0,3.31,3.1928804349595263,0.5198279937757188,0.5041826556488878,-0.015645338126831
172,bevacizumab,1000.0,3.31,3.1100564190366446,0.5198279937757188,0.49276826756511405,-0.027059726210604707
172,bevacizumab,10000.0,3.04,2.924093149394811,0.48287358360875376,0.46599120331448224,-0.016882380294271526
172,bevacizumab,100000.0,2.52,2.4256163392996752,0.4014005407815441,0.384822109431753,-0.01657843134979109
172,bevacizumab,15000000.0,1.66,1.7202375180399887,0.22010808804005508,0.23558841531016214,0.015480327270107064
173,bevacizumab,100.0,3.04,2.5964672173344923,0.48287358360875376,0.41438284361868877,-0.068490739990065
173,bevacizumab,1000.0,2.76,2.4924413528786684,0.4409090820652177,0.396624948158888,-0.04428413390632968
173,bevacizumab,10000.0,2.35,2.2859020054249646,0.37106786227173627,0.35905760864220093,-0.012010253629535339
173,bevacizumab,100000.0,2.24,1.9985025012315525,0.35024801833416286,0.30070469613897155,-0.04954332219519131
173,bevacizumab,15000000.0,1.4,1.5247042827509432,0.146128035678238,0.183185620192286,0.037057584514047975
174,bevacizumab,100.0,1.62,1.6415524146219418,0.20951501454263097,0.2152547542707565,0.005739739728125526
174,bevacizumab,1000.0,1.62,1.5723421957768273,0.20951501454263097,0.19654706941630343,-0.01296794512632754
174,bevacizumab,10000.0,1.62,1.4679477108539079,0.20951501454263097,0.16671058603505287,-0.042804428507578096
174,bevacizumab,100000.0,1.45,1.3922036107456466,0.16136800223497488,0.14370275578942726,-0.017665246445547622
174,bevacizumab,15000000.0,1.3,1.161617114475673,0.11394335230683679,0.0650630020023605,-0.048880350304476294
175,bevacizumab,100.0,2.3,2.374515958520826,0.36172783601759284,0.3755750927111491,0.013847256693556242
175,bevacizumab,1000.0,2.3,2.243624188991102,0.36172783601759284,0.3509501135841938,-0.010777722433399028
175,bevacizumab,10000.0,2.02,2.0966340386900577,0.3053513694466238,0.3215226322548013,0.016171262808177544
175,bevacizumab,100000.0,1.94,1.9410447325465763,0.287801729930226,0.28803554408196574,0.00023381415173973075
175,bevacizumab,15000000.0,1.1,1.3947577723096605,0.04139268515822508,0.14449879020199255,0.10310610504376747
176,bevacizumab,100.0,2.3,2.2345103718239954,0.36172783601759284,0.3491823748457735,-0.012545461171819317
176,bevacizumab,1000.0,2.3,2.196960695891311,0.36172783601759284,0.3418222873664785,-0.019905548651114324
176,bevacizumab,10000.0,2.3,2.182126071740863,0.36172783601759284,0.33887983822285545,-0.022847997794737396
176,bevacizumab,100000.0,2.3,2.2270844742246787,0.36172783601759284,0.3477366903137246,-0.013991145703868224
176,bevacizumab,15000000.0,2.3,1.9820358325263523,0.36172783601759284,0.29711150167690425,-0.06461633434068859
177,bevacizumab,100.0,1.38,1.3003878187803266,0.13987908640123647,0.11407289264409465,-0.025806193757141827
177,bevacizumab,1000.0,1.38,1.262038923607206,0.13987908640123647,0.10107274955719844,-0.03880633684403803
177,bevacizumab,10000.0,1.38,1.2049855815454158,0.13987908640123647,0.08098185031941252,-0.058897236081823956
177,bevacizumab,100000.0,1.23,1.1533800579607918,0.08990511143939793,0.06197243815129792,-0.027932673288100007
177,bevacizumab,15000000.0,1.12,1.0493015890092434,0.04921802267018165,0.0209003305366272,-0.028317692133554454
178,bevacizumab,100.0,2.0,2.1019214064657965,0.3010299956639812,0.322616473168749,0.021586477504767776
178,bevacizumab,1000.0,2.0,1.9603835786661454,0.3010299956639812,0.29234105594804555,-0.00868893971593565
178,bevacizumab,10000.0,2.0,1.8214605675809896,0.3010299956639812,0.26041977372926395,-0.04061022193471725
178,bevacizumab,100000.0,2.0,1.7003699651376543,0.3010299956639812,0.2305434251058454,-0.07048657055813579
178,bevacizumab,15000000.0,2.0,1.3449580457350645,0.3010299956639812,0.12870873728271404,-0.17232125838126716
179,bevacizumab,100.0,1.75,1.7396976199355874,0.24303804868629444,0.24047376931397316,-0.0025642793723212876
179,bevacizumab,1000.0,1.66,1.6690783170081553,0.22010808804005508,0.22247671525713325,0.002368627217078173
179,bevacizumab,10000.0,1.66,1.63440312465292,0.22010808804005508,0.21335918390964806,-0.0067489041304070185
179,bevacizumab,100000.0,1.66,1.6081900896646695,0.22010808804005508,0.2063373814853214,-0.01377070655473367
179,bevacizumab,15000000.0,1.6,1.4668623584820464,0.2041199826559248,0.16638936417989164,-0.03773061847603315
180,bevacizumab,100.0,2.58,2.478738622045966,0.41161970596323016,0.39423073371099165,-0.01738897225223851
180,bevacizumab,1000.0,2.39,2.3115341586441738,0.3783979009481377,0.3639003155984839,-0.014497585349653785
180,bevacizumab,10000.0,2.07,2.0226825226776275,0.3159703454569177,0.30592772188633294,-0.010042623570584774
180,bevacizumab,100000.0,1.76,1.7240434380497545,0.24551266781414982,0.23654820387132516,-0.008964463942824658
180,bevacizumab,15000000.0,1.2,1.3510914293881313,0.07918124604762482,0.13068473905549322,0.0515034930078684
181,none,100.0,3.77,4.040905695239928,0.5763413502057929,0.6064787152001786,0.030137364994385685
181,none,1000.0,3.77,4.007401037741585,0.5763413502057929,0.6028628063116672,0.026521456105874308
181,none,10000.0,3.77,3.975919598543057,0.5763413502057929,0.5994375934661857,0.023096243260392835
181,none,100000.0,3.77,3.9431554202427295,0.5763413502057929,0.5958438952125966,0.019502545006803707
181,none,15000000.0,3.77,3.8672277278438165,0.5763413502057929,0.5873997469460726,0.011058396740279641
182,none,100.0,4.38,4.4919954644858056,0.6414741105040995,0.6524393090876879,0.010965198583588354
182,none,1000.0,4.38,4.488550736508751,0.6414741105040995,0.6521061386118658,0.010632028107766311
182,none,10000.0,4.38,4.488707283456241,0.6414741105040995,0.6521212852134918,0.010647174709392249
182,none,100000.0,4.38,4.46927403566518,0.6414741105040995,0.6502369844496886,0.008762873945589056
182,none,15000000.0,4.38,4.387573666332852,0.6414741105040995,0.6422244212375914,0.0007503107334918546
183,none,100.0,2.8,2.9804948696977562,0.4471580313422192,0.4742883786184833,0.027130347276264066
183,none,1000.0,2.8,2.9633006644631252,0.4471580313422192,0.47177571840299165,0.024617687060772442
183,none,10000.0,2.8,2.960157919631606,0.4471580313422192,0.4713148805843256,0.02415684924210637
183,none,100000.0,2.8,2.9407937758542846,0.4471580313422192,0.4684645705292628,0.021306539187043616
183,none,15000000.0,2.8,2.7934296097306475,0.4471580313422192,0.4461377322593775,-0.0010202990828417358
184,none,100.0,2.41,2.6854891224730375,0.3820170425748684,0.42902339761283903,0.047006355037970626
184,none,1000.0,2.41,2.666340615462083,0.3820170425748684,0.4259156281861047,0.043898585611236274
184,none,10000.0,2.41,2.628869857658261,0.3820170425748684,0.4197690868671572,0.03775204429228879
184,none,100000.0,2.41,2.590570413947767,0.3820170425748684,0.41339540128376917,0.031378358708900767
184,none,15000000.0,2.41,2.4431810985316047,0.3820170425748684,0.3879556598420213,0.00593861726715289
185,none,100.0,3.03,3.3785112887001874,0.48144262850230496,0.528725374381908,0.04728274587960307
185,none,1000.0,3.03,3.367609311507128,0.48144262850230496,0.52732170168199,0.04587907317968504
185,none,10000.0,3.03,3.357448314330994,0.48144262850230496,0.526009335719422,0.04456670721711703
185,none,100000.0,3.03,3.3473178912465915,0.48144262850230496,0.5246969588048646,0.043254330302559596
185,none,15000000.0,3.03,3.3130326923277127,0.48144262850230496,0.5202257214320578,0.03878309292975285
186,none,100.0,2.6,2.927188525359699,0.414973347970818,0.4664506940384267,0.05147734606760873
186,none,1000.0,2.6,2.9240814248452,0.414973347970818,0.46598946194813484,0.05101611397731687
186,none,10000.0,2.6,2.9176166434009176,0.414973347970818,0.4650282277243437,0.05005487975352574
186,none,100000.0,2.6,2.9087120233809225,0.414973347970818,0.46370072611213947,0.0487273781413215
186,none,15000000.0,2.6,2.865050066221149,0.414973347970818,0.4571322155856398,0.04215886761482185
187,none,100.0,1.93,2.282347057776859,0.28555730900777376,0.3583816846996511,0.07282437569187733
187,none,1000.0,1.93,2.2761054322587024,0.28555730900777376,0.35719237529230285,0.07163506628452909
187,none,10000.0,1.93,2.284492197879805,0.28555730900777376,0.3587896791684654,0.07323237016069162
187,none,100000.0,1.93,2.261068167325708,0.28555730900777376,0.35431365577620055,0.06875634676842679
187,none,15000000.0,1.93,2.1560976269607766,0.28555730900777376,0.33366842158447707,0.04811111257670331
188,none,100.0,2.6,2.168621092085586,0.414973347970818,0.33618367742150546,-0.07878967054931252
188,none,1000.0,1.67,2.14509032394276,0.22271647114758325,0.33144558386994466,0.10872911272236141
188,none,10000.0,1.67,2.125013354113072,0.22271647114758325,0.32736166360957486,0.10464519246199161
188,none,100000.0,1.67,2.0999745494784854,0.22271647114758325,0.32221403135866533,0.09949756021108208
188,none,15000000.0,1.67,1.9728691649786696,0.22271647114758325,0.29509828504344193,0.07238181389585868
189,none,100.0,2.22,2.2820372550049277,0.3463529744506387,0.35832273013959887,0.011969755688960193
189,none,1000.0,2.22,2.276975301598442,0.3463529744506387,0.35735831983882177,0.011005345388183096
189,none,10000.0,2.22,2.256766618044241,0.3463529744506387,0.3534866491370278,0.0071336746863891465
189,none,100000.0,2.22,2.236029792516033,0.3463529744506387,0.34947758572561916,0.003124611274980482
189,none,15000000.0,2.22,2.181102999597216,0.3463529744506387,0.3386761750241314,-0.007676799426507286
190,none,100.0,1.92,1.9676953275943252,0.28330122870354957,0.2939578543657078,0.010656625662158248
190,none,1000.0,1.92,1.9621092842877677,0.28330122870354957,0.2927231927693986,0.009421964065849053
190,none,10000.0,1.92,1.9531060918775915,0.28330122870354957,0.2907258346168866,0.007424605913337046
190,none,100000.0,1.92,1.9327569974793106,0.28330122870354957,0.2861772542934782,0.0028760255899286102
190,none,15000000.0,1.92,1.8777916845865823,0.28330122870354957,0.2736474115442682,-0.009653817159281375
191,none,100.0,1.42,1.5291036634985962,0.15228834438305647,0.18443692881279716,0.032148584429740695
191,none,1000.0,1.42,1.5422928595577008,0.15228834438305647,0.18816684791311308,0.035878503530056616
191,none,10000.0,1.42,1.5502669411910677,0.15228834438305647,0.19040648597970206,0.03811814159664559
191,none,100000.0,1.42,1.540730216092902,0.15228834438305647,0.18772659983490741,0.03543825545185095
191,none,15000000.0,1.42,1.4764368968520392,0.15228834438305647,0.16921488988247466,0.01692654549941819
192,none,100.0,1.22,1.3872521765829169,0.08635983067474821,0.14215541488984998,0.055795584215101765
192,none,1000.0,1.22,1.3855541346320879,0.08635983067474821,0.14162349865863724,0.05526366798388903
192,none,10000.0,1.22,1.3748138224225486,0.08635983067474821,0.13824388989787761,0.0518840592231294
192,none,100000.0,1.22,1.3623013291726556,0.08635983067474821,0.1342731803540712,0.047913349679322995
192,none,15000000.0,1.22,1.3172262556143983,0.08635983067474821,0.11966037870158408,0.033300548026835866
193,none,100.0,3.82,4.070828817440193,0.5820633629117087,0.6096828402314718,0.02761947731976311
193,none,1000.0,3.82,4.022917155714087,0.5820633629117087,0.6045410891989809,0.02247772628727218
193,none,10000.0,3.82,3.9787675224271766,0.5820633629117087,0.5997485642590753,0.01768520134736662
193,none,100000.0,3.82,3.9440366392726034,0.5820633629117087,0.5959409407925006,0.013877577880791914
193,none,15000000.0,3.82,3.8857790817327924,0.5820633629117087,0.589478106013715,0.007414743102006294
194,none,100.0,4.43,4.639185458571259,0.6464037262230695,0.6664417344554205,0.020038008232351023
194,none,1000.0,4.43,4.608663351921631,0.6464037262230695,0.6635749854639583,0.017171259240888803
194,none,10000.0,4.43,4.570034222499188,0.6464037262230695,0.6599194522770504,0.013515726053980881
194,none,100000.0,4.43,4.539969136120563,0.6464037262230695,0.657052900421401,0.010649174198331446
194,none,15000000.0,4.43,4.496054484989712,0.6464037262230695,0.6528315655474375,0.006427839324367968
195,none,100.0,2.85,3.042434886131577,0.4548448600085102,0.48322129227717014,0.028376432268659935
195,none,1000.0,2.85,3.0166637280765003,0.4548448600085102,0.47952690143113796,0.024682041422627754
195,none,10000.0,2.85,2.9984579584030486,0.4548448600085102,0.47689796394199324,0.02205310393348303
195,none,100000.0,2.85,2.990898087375305,0.4548448600085102,0.47580161502242563,0.020956755013915418
195,none,15000000.0,2.85,2.9458882709954106,0.4548448600085102,0.46921627128790067,0.014371411279390456
196,none,100.0,2.46,2.8189196995551145,0.39093510710337914,0.45008270462760847,0.05914759752422932
196,none,1000.0,2.46,2.7993653528454585,0.39093510710337914,0.4470595831285433,0.05612447602516418
196,none,10000.0,2.46,2.7842180243542707,0.39093510710337914,0.44470324066070654,0.0537681335573274
196,none,100000.0,2.46,2.7739929712936107,0.39093510710337914,0.4431053563290948,0.05217024922571567
196,none,15000000.0,2.46,2.7068412944880125,0.39093510710337914,0.4324627932848611,0.04152768618148195
197,none,100.0,3.08,3.425927056581463,0.4885507165004443,0.534778111909875,0.046227395409430716
197,none,1000.0,3.08,3.4021471647789245,0.4885507165004443,0.5317530957166079,0.0432023792161636
197,none,10000.0,3.08,3.381971795064886,0.4885507165004443,0.5291699813519771,0.04061926485153283
197,none,100000.0,3.08,3.3733489446680487,0.4885507165004443,0.5280612676361437,0.0395105511356994
197,none,15000000.0,3.08,3.3862920800601675,0.4885507165004443,0.529724414873821,0.041173698373376755
198,none,100.0,2.65,2.9597546189338932,0.42324587393680785,0.4712557069844812,0.04800983304767337
198,none,1000.0,2.65,2.928188258977719,0.42324587393680785,0.4665989949296895,0.04335312099288163
198,none,10000.0,2.65,2.9016556661877986,0.42324587393680785,0.4626458742811913,0.03940000034438346
198,none,100000.0,2.65,2.889958282607541,0.42324587393680785,0.4608915736340183,0.03764569969721043
198,none,15000000.0,2.65,2.8757574647969557,0.42324587393680785,0.45875225579222567,0.03550638185541782
199,none,100.0,1.98,2.3706295591480813,0.2966651902615311,0.37486369527426355,0.07819850501273246
199,none,1000.0,1.98,2.3745984150946056,0.2966651902615311,0.37559017360083735,0.07892498333930625
199,none,10000.0,1.98,2.381832421539379,0.2966651902615311,0.3769112025871842,0.0802460123256531
199,none,100000.0,1.98,2.3892515620199246,0.2966651902615311,0.37826187860939586,0.08159668834786477
199,none,15000000.0,1.98,2.371872100470486,0.2966651902615311,0.3750912666662989,0.07842607640476779
200,none,100.0,2.65,2.269332968247603,0.42324587393680785,0.3558982224884506,-0.06734765144835725
200,none,1000.0,2.65,2.284924314255489,0.42324587393680785,0.35887181909051474,-0.0643740548462931
200,none,10000.0,2.65,2.2921976055850686,0.42324587393680785,0.3602520545326747,-0.06299381940413312
200,none,100000.0,2.65,2.297708120799232,0.42324587393680785,0.36129485917505566,-0.06195101476175219
200,none,15000000.0,2.65,2.209375989164491,0.42324587393680785,0.34426962991595644,-0.0789762440208514
201,none,100.0,2.27,2.3201681339809976,0.35602585719312274,0.365519457741922,0.009493600548799275
201,none,1000.0,2.27,2.306538576464247,0.35602585719312274,0.36296072250615546,0.006934865313032723
201,none,10000.0,2.27,2.290046269599891,0.35602585719312274,0.35984425719967345,0.003818400006550704
201,none,100000.0,2.27,2.2595965205191484,0.35602585719312274,0.35403089730853765,-0.00199495988458509
201,none,15000000.0,2.27,2.173419142872494,0.35602585719312274,0.3371434878866477,-0.018882369306475022
202,none,100.0,1.97,2.012132749522518,0.2944662261615929,0.30365662970559376,0.009190403544000858
202,none,1000.0,1.97,1.9955755142723277,0.2944662261615929,0.3000681665030366,0.005601940341443679
202,none,10000.0,1.97,1.9751483074106908,0.2944662261615929,0.29559971093559,0.0011334847739971066
202,none,100000.0,1.97,1.956870789205865,0.2944662261615929,0.291562150447225,-0.002904075714367904
202,none,15000000.0,1.97,1.9031194609430924,0.2944662261615929,0.2794660502943943,-0.015000175867198595
203,none,100.0,1.47,1.5711763293177352,0.1673173347481761,0.19622492759401527,0.028907592845839186
203,none,1000.0,1.47,1.5828518873944788,0.1673173347481761,0.19944027841465523,0.03212294366647914
203,none,10000.0,1.47,1.586683601426906,0.1673173347481761,0.20049033327415575,0.03317299852597966
203,none,100000.0,1.47,1.589123135276493,0.1673173347481761,0.20115755038496835,0.033840215636792265
203,none,15000000.0,1.47,1.5725886073255357,0.1673173347481761,0.1966151250797188,0.0292977903315427
204,none,100.0,1.27,1.429464328025288,0.10380372095595687,0.15517332210388804,0.05136960114793117
204,none,1000.0,1.27,1.4398764843725955,0.10380372095595687,0.15832523900072665,0.054521518044769776
204,none,10000.0,1.27,1.4501285188804307,0.10380372095595687,0.1614064936606235,0.05760277270466664
204,none,100000.0,1.27,1.4535095447592137,0.10380372095595687,0.16241788799681278,0.05861416704085591
204,none,15000000.0,1.27,1.4300021943198737,0.10380372095595687,0.1553367038848391,0.05153298292888224
205,none,100.0,3.87,3.994637948574925,0.5877109650189114,0.6014774234343921,0.013766458415480742
205,none,1000.0,3.87,3.949487045401955,0.5877109650189114,0.5965406936473366,0.008829728628425237
205,none,10000.0,3.87,3.897746119289043,0.5877109650189114,0.5908135478183839,0.0031025827994725086
205,none,100000.0,3.87,3.8781570745547773,0.5877109650189114,0.5886253950549355,0.0009144300360240942
205,none,15000000.0,3.87,3.8243837535887306,0.5877109650189114,0.5825614645935906,-0.005149500425320808
206,none,100.0,4.48,4.578515359081104,0.651278013998144,0.6607246754088956,0.009446661410751567
206,none,1000.0,4.48,4.561485743015157,0.651278013998144,0.6591063218087092,0.007828307810565205
206,none,10000.0,4.48,4.539706163805911,0.651278013998144,0.6570277437012747,0.0057497297031307015
206,none,100000.0,4.48,4.501126721791745,0.651278013998144,0.6533212399547377,0.002043225956593675
206,none,15000000.0,4.48,4.455170373110309,0.651278013998144,0.6488643168323467,-0.0024136971657973127
207,none,100.0,2.9,3.0217062353215542,0.4623979978989561,0.48025224075079276,0.017854242851836677
207,none,1000.0,2.9,3.030039239869922,0.4623979978989561,0.4814482527757803,0.019050254876824213
207,none,10000.0,2.9,3.026365021341202,0.4623979978989561,0.4809213087478489,0.018523310848892804
207,none,100000.0,2.9,3.010567173460328,0.4623979978989561,0.47864832187290784,0.016250323973951764
207,none,15000000.0,2.9,2.915138475183395,0.4623979978989561,0.4646591894825602,0.002261191583604105
208,none,100.0,2.51,2.812465415393444,0.3996737214810381,0.4490871906763488,0.0494134691953107
208,none,1000.0,2.51,2.7978107382419877,0.3996737214810381,0.4468183327014894,0.04714461122045133
208,none,10000.0,2.51,2.78791925565247,0.3996737214810381,0.44528019147318165,0.04560646999214357
208,none,100000.0,2.51,2.7484150509978527,0.3996737214810381,0.43908231817894816,0.03940859669791008
208,none,15000000.0,2.51,2.596996197806716,0.3996737214810381,0.4144713137907309,0.014797592309692797
209,none,100.0,3.13,3.3988460043831146,0.49554433754644844,0.5313314879247126,0.03578715037826419
209,none,1000.0,3.13,3.38278006353311,0.49554433754644844,0.5292737624054892,0.033729424859040735
209,none,10000.0,3.13,3.3624620145376705,0.49554433754644844,0.5266573868484231,0.03111304930197467
209,none,100000.0,3.13,3.3437071629925836,0.49554433754644844,0.5242282355536817,0.028683898007233255
209,none,15000000.0,3.13,3.3417358079992043,0.49554433754644844,0.5239721123247421,0.028427774778293613
210,none,100.0,2.7,2.9618887876905915,0.43136376415898736,0.47156874770340634,0.04020498354441898
210,none,1000.0,2.7,2.9512260169078655,0.43136376415898736,0.47000247081379926,0.038638706654811894
210,none,10000.0,2.7,2.939520269074553,0.43136376415898736,0.4682764591557801,0.03691269499679273
210,none,100000.0,2.7,2.937658676923665,0.43136376415898736,0.46800133422487294,0.03663757006588558
210,none,15000000.0,2.7,2.9240963201930334,0.43136376415898736,0.4659916742500354,0.03462791009104804
211,none,100.0,2.03,2.4443434980044874,0.3074960379132129,0.3881622362699808,0.08066619835676792
211,none,1000.0,2.03,2.460584559666471,0.3074960379132129,0.3910382944526086,0.08354225653939573
211,none,10000.0,2.03,2.4766278573287486,0.3074960379132129,0.39386075359810185,0.08636471568488896
211,none,100000.0,2.03,2.4994572418075944,0.3074960379132129,0.3978457116803864,0.09034967376717351
211,none,15000000.0,2.03,2.4409198810364354,0.3074960379132129,0.3875535246876466,0.0800574867744337
212,none,100.0,2.7,2.3286561838945175,0.43136376415898736,0.3671053715488937,-0.06425839261009364
212,none,1000.0,2.7,2.3389147405765973,0.43136376415898736,0.369014390953239,-0.06234937320574835
212,none,10000.0,2.7,2.3593255242197806,0.43136376415898736,0.3727878661162203,-0.05857589804276708
212,none,100000.0,2.7,2.3455426569921496,0.43136376415898736,0.37024333561097345,-0.061120428548013916
212,none,15000000.0,2.7,2.2374647057598014,0.43136376415898736,0.34975619338922115,-0.08160757076976621
213,none,100.0,2.32,2.3454262534048063,0.3654879848908996,0.3702217820954278,0.004733797204528156
213,none,1000.0,2.32,2.3521179384312925,0.3654879848908996,0.37145909407322175,0.005971109182322132
213,none,10000.0,2.32,2.3406486424044055,0.3654879848908996,0.36933622611981826,0.0038482412289186363
213,none,100000.0,2.32,2.3239318970093668,0.3654879848908996,0.3662233968738855,0.0007354119829858785
213,none,15000000.0,2.32,2.280870189109599,0.3654879848908996,0.3581005690304292,-0.007387415860470425
214,none,100.0,2.02,2.078642124054615,0.3053513694466238,0.317779724094812,0.0124283546481882
214,none,1000.0,2.02,2.0832879590389433,0.3053513694466238,0.31874930373468324,0.013397934288059465
214,none,10000.0,2.02,2.0890175326120928,0.3053513694466238,0.31994208492273685,0.01459071547611307
214,none,100000.0,2.02,2.084279551580996,0.3053513694466238,0.31895596777855967,0.013604598331935891
214,none,15000000.0,2.02,2.0700673424950478,0.3053513694466238,0.31598447395849993,0.010633104511876157
215,none,100.0,1.52,1.6411297281461596,0.18184358794477254,0.215142912552894,0.03329932460812146
215,none,1000.0,1.52,1.6617094097928262,0.18184358794477254,0.22055507916076117,0.03871149121598863
215,none,10000.0,1.52,1.6859222203501008,0.18184358794477254,0.22683753467072632,0.044993946725953776
215,none,100000.0,1.52,1.7038545938537577,0.18184358794477254,0.2314325295260875,0.049588941581314966
215,none,15000000.0,1.52,1.7220696815513543,0.18184358794477254,0.23605072069543542,0.054207132750662884
216,none,100.0,1.32,1.4966253045440372,0.12057393120584989,0.1751130838851031,0.05453915267925322
216,none,1000.0,1.32,1.5136946683574866,0.12057393120584989,0.18003828122710291,0.059464350021253026
216,none,10000.0,1.32,1.531212307641237,0.12057393120584989,0.1850354112368388,0.06446148003098892
216,none,100000.0,1.32,1.5468678913201206,0.12057393120584989,0.1894532248043446,0.0688792935984947
216,none,15000000.0,1.32,1.5603287452823813,0.12057393120584989,0.19321610939337636,0.07264217818752647
217,pembrolizumab,100.0,15.25,12.73556834925141,1.1832698436828046,1.1050183309593078,-0.07825151272349684
217,pembrolizumab,1000.0,11.11,11.106797371640162,1.0457140589408676,1.0455888488297402,-0.00012521011112731628
217,pembrolizumab,10000.0,10.38,9.035596862074817,1.0161973535124391,0.9559568459222909,-0.06024050759014821
217,pembrolizumab,100000.0,6.9,6.673174866532143,0.8388490907372553,0.8243325054254668,-0.014516585311788566
217,pembrolizumab,15000000.0,4.0,3.5904103921400026,0.6020599913279624,0.5551440922706097,-0.04691589905735272
218,bevacizumab,100.0,15.99,15.801949680207727,1.2038484637462348,1.1987106744935039,-0.0051377892527308955
218,bevacizumab,1000.0,15.99,13.977742734901678,1.2038484637462348,1.1454370428740495,-0.058411420872185316
218,bevacizumab,10000.0,14.51,11.94036487380815,1.161667412437736,1.0770175981719343,-0.08464981426580165
218,bevacizumab,100000.0,7.97,6.698508757251712,0.9014583213961124,0.8259781294797737,-0.0754801919163387
218,bevacizumab,15000000.0,3.82,3.895842060792141,0.5820633629117087,0.5906013420677667,0.008537979156058029
219,bevacizumab,100.0,2.76,2.9471928531625866,0.4409090820652177,0.4694085553694235,0.028499473304205825
219,bevacizumab,1000.0,2.76,2.841712482035176,0.4409090820652177,0.4535801348925557,0.012671052827338047
219,bevacizumab,10000.0,2.76,2.656758229638334,0.4409090820652177,0.42435203453395115,-0.016557047531266522
219,bevacizumab,100000.0,2.52,2.4020541985389716,0.4014005407815441,0.3805828023428449,-0.020817738438699163
219,bevacizumab,15000000.0,1.2,1.720908922864779,0.07918124604762482,0.23575788639733447,0.15657664034970964
220,bevacizumab,100.0,2.21,2.3285140766569103,0.3443922736851107,0.3670788677340458,0.022686594048935083
220,bevacizumab,1000.0,2.21,2.1590845118025648,0.3443922736851107,0.33426964200592035,-0.010122631679190364
220,bevacizumab,10000.0,2.21,1.9302698347446932,0.3443922736851107,0.2856180238001865,-0.05877424988492419
220,bevacizumab,100000.0,1.68,1.7801654298316447,0.22530928172586284,0.2504603629407203,0.025151081214857485
220,bevacizumab,15000000.0,1.6,1.4919651308552717,0.2041199826559248,0.17375867323443547,-0.03036130942148932
221,bevacizumab,100.0,5.0,3.487514603349075,0.6989700043360189,0.5425160348166052,-0.1564539695194137
221,bevacizumab,1000.0,3.22,3.247640073440465,0.5078558716958309,0.511567891634317,0.003712019938486133
221,bevacizumab,10000.0,2.76,2.8066563282789008,0.4409090820652177,0.44818923704850444,0.0072801549832867685
221,bevacizumab,100000.0,2.36,2.289934699065975,0.37291200297010657,0.3598230979557535,-0.013088905014353058
221,bevacizumab,15000000.0,1.4,1.46847109823213,0.146128035678238,0.16686540336013164,0.02073736768189363
222,bevacizumab,100.0,5.32,4.253825400885413,0.7259116322950482,0.6287796602286365,-0.09713197206641166
222,bevacizumab,1000.0,3.84,3.7263534636921527,0.5843312243675308,0.5712840475678317,-0.013047176799699134
222,bevacizumab,10000.0,2.48,2.799120472686465,0.3944516808262163,0.447021590676598,0.052569909850381735
222,bevacizumab,100000.0,1.9,2.2365644141737575,0.2787536009528289,0.3495814105870896,0.07082780963426066
222,bevacizumab,15000000.0,1.81,1.6251460685828167,0.2576785748691845,0.21089240157861847,-0.04678617329056603
223,bevacizumab,100.0,2.82,3.0582644313988103,0.45024910831936105,0.48547503376837503,0.035225925449013984
223,bevacizumab,1000.0,2.82,2.90152670053517,0.45024910831936105,0.4626265713995097,0.012377463080148643
223,bevacizumab,10000.0,2.82,2.603283902644773,0.45024910831936105,0.4155215329300755,-0.03472757538928556
223,bevacizumab,100000.0,2.57,2.1785829077274568,0.4099331233312945,0.3381740920126069,-0.0717590313186876
223,bevacizumab,15000000.0,1.6,1.593390921082142,0.2041199826559248,0.20232233828758753,-0.0017976443683372645
224,pembrolizumab,100.0,1.99,2.130856715928683,0.29885307640970665,0.3285542476618155,0.02970117125210886
224,pembrolizumab,1000.0,1.99,2.0440580907116037,0.29885307640970665,0.3104932339856732,0.011640157575966537
224,pembrolizumab,10000.0,1.99,1.960803737046445,0.29885307640970665,0.2924341259557224,-0.0064189504539842734
224,pembrolizumab,100000.0,1.68,1.831120806221437,0.22530928172586284,0.2627169973572044,0.03740771563134154
224,pembrolizumab,15000000.0,1.2,1.3620123709264182,0.07918124604762482,0.13418105221750062,0.054999806169875806
225,pembrolizumab,100.0,3.16,3.234934159540389,0.49968708261840383,0.5098654459199338,0.010178363301529936
225,pembrolizumab,1000.0,3.16,2.832731547710456,0.49968708261840383,0.4522054192531575,-0.04748166336524634
225,pembrolizumab,10000.0,2.3,2.372013384413209,0.36172783601759284,0.3751171352657497,0.01338929924815685
225,pembrolizumab,100000.0,2.1,2.0458000844240742,0.3222192947339193,0.3108631921945837,-0.01135610253933561
225,pembrolizumab,15000000.0,1.43,1.4184196951985208,0.1553360374650618,0.15180475294865187,-0.0035312845164099382
226,pembrolizumab,100.0,3.91,4.063002950565583,0.5921767573958668,0.6088471377125514,0.016670380316684552
226,pembrolizumab,1000.0,3.8,3.8018144074202422,0.5797835966168101,0.5799909121610386,0.0002073155442284813
226,pembrolizumab,10000.0,3.22,3.3438180894142184,0.5078558716958309,0.5242426428960092,0.016386771200178285
226,pembrolizumab,100000.0,2.69,2.8968370904556235,0.42975228000240795,0.4619240724541794,0.03217179245177143
226,pembrolizumab,15000000.0,2.0,2.056372355962328,0.3010299956639812,0.31310175696619125,0.012071761302210049
227,pembrolizumab,100.0,7.59,5.242611552389113,0.8802417758954804,0.7195476801620085,-0.16069409573347182
227,pembrolizumab,1000.0,4.14,4.548530170665682,0.617000341120899,0.6578710797569509,0.04087073863605195
227,pembrolizumab,10000.0,2.99,3.3343247734054557,0.4756711883244297,0.523007899159778,0.047336710835348295
227,pembrolizumab,100000.0,2.31,2.373721959060303,0.36361197989214433,0.37542984742498653,0.011817867532842197
227,pembrolizumab,15000000.0,1.3,1.3853548469332206,0.11394335230683679,0.14156102850992122,0.027617676203084432
228,pembrolizumab,100.0,2.88,2.773660568642936,0.45939248775923086,0.4430533124744844,-0.016339175284746488
228,pembrolizumab,1000.0,2.88,2.5463440732888536,0.45939248775923086,0.405917087076671,-0.05347540068255985
228,pembrolizumab,10000.0,2.3,2.2436486314524853,0.36172783601759284,0.3509548448437039,-0.010772991173888968
228,pembrolizumab,100000.0,1.79,1.897525420247887,0.2528530309798932,0.27818760264363795,0.025334571663744754
228,pembrolizumab,15000000.0,1.4,1.4246291053198918,0.146128035678238,0.15370181278034678,0.00757377710210877
229,adalimumab,100.0,56.35,35.92719640278584,1.7508939203821254,1.5554233281340717,-0.19547059224805374
229,adalimumab,1000.0,55.2,29.48628163721861,1.741939077729199,1.4696200093692107,-0.2723190683599883
229,adalimumab,10000.0,41.4,24.163889627380225,1.6170003411208989,1.383166843349053,-0.23383349777184592
229,adalimumab,100000.0,26.25,18.82681823790278,1.4191293077419758,1.2747769297628144,-0.14435237797916134
229,adalimumab,15000000.0,5.75,7.139844708254816,0.7596678446896304,0.8536887659664476,0.09402092127681716
230,adalimumab,100.0,1.61,1.7909752538390886,0.20682587603184974,0.2530895851815949,0.046263709149745175
230,adalimumab,1000.0,1.61,1.647138999370973,0.20682587603184974,0.21673025011851454,0.009904374086664808
230,adalimumab,10000.0,1.61,1.5400250226991004,0.20682587603184974,0.18752777741558938,-0.019298098616260362
230,adalimumab,100000.0,1.37,1.419157455097628,0.1367205671564068,0.15203058297433972,0.015310015817932926
230,adalimumab,15000000.0,1.12,1.1083466437456717,0.04921802267018165,0.044675610501944914,-0.00454241216823674
231,adalimumab,100.0,7.13,5.849766371153826,0.8530895298518656,0.767138521510417,-0.08595100834144864
231,adalimumab,1000.0,4.72,5.202908674580439,0.6739419986340878,0.7162462028951024,0.042304204261014666
231,adalimumab,10000.0,4.14,4.483871226328675,0.617000341120899,0.6516531314657685,0.034652790344869566
231,adalimumab,100000.0,3.78,3.820481063313714,0.5774917998372253,0.5821180513903887,0.00462625155316343
231,adalimumab,15000000.0,2.14,1.9803101797303209,0.33041377334919086,0.2967332199558927,-0.033680553393298174
232,adalimumab,100.0,6.44,6.2827199283722175,0.8088858673598122,0.7981477001307826,-0.010738167229029538
232,adalimumab,1000.0,5.75,5.856611112131228,0.7596678446896304,0.7676463871724537,0.007978542482823259
232,adalimumab,10000.0,4.83,5.055232489639858,0.6839471307515121,0.7037411335463825,0.019794002794870313
232,adalimumab,100000.0,4.31,4.229663144451847,0.6344772701607315,0.6263057810083418,-0.008171489152389744
232,adalimumab,15000000.0,1.6,2.3089568745883735,0.2041199826559248,0.36341582148226764,0.15929583882634285
233,adalimumab,100.0,5.18,3.4910806398697627,0.714329759745233,0.5429598806233965,-0.17136987912183654
233,adalimumab,1000.0,2.65,2.683083821531974,0.42324587393680785,0.42863424056614813,0.00538836662934028
233,adalimumab,10000.0,1.61,1.8188947918463656,0.20682587603184974,0.2598075794142349,0.05298170338238514
233,adalimumab,100000.0,1.26,1.4246838578051477,0.10037054511756291,0.15371850361250722,0.05334795849494431
233,adalimumab,15000000.0,1.04,1.0895630129115692,0.01703333929878037,0.03725235194659904,0.020219012647818668
234,bsa,100.0,61.54,44.89808202584481,1.7891574919114397,1.6522277890348764,-0.13692970287656325
234,bsa,1000.0,55.11,38.10871883205194,1.7412304110254708,1.5810243485747666,-0.16020606245070423
234,bsa,10000.0,45.01,30.25434792515916,1.6533090129384789,1.4807877969790075,-0.17252121595947134
234,bsa,100000.0,29.36,24.41438881054546,1.4677560512440329,1.3876458566344803,-0.0801101946095526
234,bsa,15000000.0,27.96,16.632060684465266,1.4465371670736438,1.2209460609121767,-0.22559110616146705
235,bsa,100.0,129.51,69.04217546966723,2.11230330337593,1.8391144672318775,-0.2731888361440524
235,bsa,1000.0,74.41,58.34980050537304,1.8716313045375537,1.7660393755559602,-0.10559192898159342
235,bsa,10000.0,57.87,47.46639111285201,1.762453482363547,1.6763862134045908,-0.08606726895895611
235,bsa,100000.0,40.26,37.73609249410077,1.6048737705526357,1.5767569277285385,-0.02811684282409721
235,bsa,15000000.0,33.0,26.612577649095403,1.5185139398778875,1.4250869416149825,-0.09342699826290501
236,bsa,100.0,146.97,79.94618531570384,2.167228694175993,1.9027977459326029,-0.26443094824339
236,bsa,1000.0,110.23,68.21320639117675,2.042299807413625,1.8338684642103216,-0.2084313432033036
236,bsa,10000.0,71.65,55.88077342797571,1.8552161947333634,1.747262408415256,-0.10795378631810748
236,bsa,100000.0,53.68,45.37428960502857,1.7298125071609356,1.6568098386385226,-0.073002668522413
236,bsa,15000000.0,44.0,30.49636046936294,1.6434526764861874,1.4842480123832718,-0.15920466410291567
237,bsa,100.0,3.85,3.7928682341283673,0.5854607295085007,0.5789677553880118,-0.006492974120488881
237,bsa,1000.0,3.59,3.6909482225885317,0.5550944485783191,0.5671379528624654,0.012043504284146245
237,bsa,10000.0,3.27,3.5579226066238463,0.5145477526602861,0.5511964969008679,0.03664874424058184
237,bsa,100000.0,2.86,2.990057942842119,0.456366033129043,0.47567960438221346,0.01931357125317046
237,bsa,15000000.0,2.38,2.321156632515205,0.37657695705651195,0.36570444779836686,-0.010872509258145091
238,bsa,100.0,4.4,4.221902207925723,0.6434526764861874,0.6255081695092732,-0.017944506976914187
238,bsa,1000.0,4.4,4.017245870515611,0.6434526764861874,0.6039284129964091,-0.03952426348977833
238,bsa,10000.0,3.67,3.815428635004673,0.5646660642520893,0.5815433347837933,0.01687727053170396
238,bsa,100000.0,3.52,3.3937585610524814,0.5465426634781311,0.5306809424800787,-0.015861720998052387
238,bsa,15000000.0,2.41,2.509651814829937,0.3820170425748684,0.39961347232278593,0.01759642974791753
239,bsa,100.0,4.59,4.56748913381093,0.6618126855372612,0.6596775228266408,-0.0021351627106204196
239,bsa,1000.0,4.59,4.4300769332235355,0.6618126855372612,0.6464112682962838,-0.015401417240977433
239,bsa,10000.0,4.31,4.121284563394082,0.6344772701607315,0.6150326024025606,-0.019444667758170886
239,bsa,100000.0,3.77,3.4261303276122077,0.5763413502057929,0.5348038792034219,-0.04153747100237104
239,bsa,15000000.0,2.5,2.366267677706102,0.3979400086720376,0.37406387147329434,-0.023876137198743264
240,bsa,100.0,4.31,4.12081555357546,0.6344772701607315,0.6149831760734661,-0.019494094087265434
240,bsa,1000.0,4.31,3.9928116135473273,0.6344772701607315,0.6012788200548663,-0.033198450105865196
240,bsa,10000.0,4.31,3.804104465659773,0.6344772701607315,0.5802524347208543,-0.05422483543987722
240,bsa,100000.0,3.77,3.556411628394475,0.5763413502057929,0.5510120215879346,-0.025329328617858304
240,bsa,15000000.0,2.8,2.635540643624041,0.4471580313422192,0.420869718014661,-0.02628831332755821
241,bsa,100.0,4.4,4.0513117613344205,0.6434526764861874,0.6075956648121962,-0.035857011673991246
241,bsa,1000.0,4.17,3.9187405221069467,0.6201360549737575,0.5931465077884106,-0.02698954718534685
241,bsa,10000.0,3.99,3.789804905882394,0.6009728956867483,0.5786168536410168,-0.022356042045731495
241,bsa,100000.0,3.35,3.1570346705089904,0.5250448070368452,0.49927935133411155,-0.02576545570273364
241,bsa,15000000.0,2.48,2.4123651263065877,0.3944516808262163,0.3824430415854825,-0.01200863924073381
242,bsa,100.0,4.68,4.393498405817827,0.670245853074124,0.6428104731534295,-0.027435379920694447
242,bsa,1000.0,4.13,4.214179210554548,0.615950051656401,0.6247130003038868,0.008762948647485724
242,bsa,10000.0,3.27,3.996053746355499,0.5145477526602861,0.6016313207923439,0.08708356813205786
242,bsa,100000.0,2.1,3.719600367149264,0.3222192947339193,0.5704962819074194,0.2482769871735001
242,bsa,15000000.0,2.0,2.5008132809764048,0.3010299956639812,0.3980812670728449,0.09705127140886372
243,bsa,100.0,1.008,1.0522182690720046,0.003460532109506489,0.02210583793660363,0.01864530582709714
243,bsa,1000.0,1.008,1.0543891351871653,0.003460532109506489,0.02300092214317091,0.01954039003366442
243,bsa,10000.0,0.96,1.0471764774986818,-0.017728766960431602,0.020019878188174318,0.03774864514860592
243,bsa,100000.0,0.96,1.0203952243939864,-0.017728766960431602,0.008768417377783009,0.02649718433821461
243,bsa,15000000.0,0.8,0.9140603165871803,-0.09691001300805639,-0.03902514529824342,0.05788486770981297
244,bsa,100.0,1.032,1.1103099228669637,0.01367969729119256,0.04544422113253531,0.03176452384134275
244,bsa,1000.0,1.032,1.1135505087353936,0.01367969729119256,0.046709920667389576,0.033030223376197015
244,bsa,10000.0,1.032,1.1051370314481785,0.01367969729119256,0.04341613169718724,0.02973643440599468
244,bsa,100000.0,0.96,1.0779224206822164,-0.017728766960431602,0.032587505301527084,0.050316272261958686
244,bsa,15000000.0,0.8,0.9490663186093616,-0.09691001300805639,-0.02270343899550263,0.07420657401255376
245,bsa,100.0,1.104,1.1832879990846026,0.04296907339318013,0.07309045992032256,0.030121386527142434
245,bsa,1000.0,1.104,1.1931262270477558,0.04296907339318013,0.07668639237979155,0.03371731898661142
245,bsa,10000.0,1.104,1.1873930936195054,0.04296907339318013,0.0745945185569747,0.03162544516379457
245,bsa,100000.0,1.056,1.1541364205499942,0.023663918197793475,0.062257146073110815,0.03859322787531734
245,bsa,15000000.0,0.88,1.0000681722685048,-0.05551732784983137,2.9605830893579507e-05,0.05554693368072495
246,bsa,100.0,1.2,1.2072481454602968,0.07918124604762482,0.08179654692226747,0.002615300874642651
246,bsa,1000.0,1.2,1.2156796997996362,0.07918124604762482,0.08481916462981061,0.005637918582185791
246,bsa,10000.0,1.2,1.2102696760349732,0.07918124604762482,0.08288215194003093,0.0037009058924061117
246,bsa,100000.0,1.152,1.1846723110810842,0.06145247908719321,0.07359823796644246,0.012145758879249256
246,bsa,15000000.0,0.96,1.0193970971827757,-0.017728766960431602,0.00834339256513046,0.026072159525562064
247,bsa,100.0,1.008,1.0289673314017476,0.003460532109506489,0.012401586601914294,0.008941054492407804
247,bsa,1000.0,1.008,1.0422772206393898,0.003460532109506489,0.017983246200933025,0.014522714091426536
247,bsa,10000.0,0.96,1.0452297268462687,-0.017728766960431602,0.019211752779083335,0.03694051973951494
247,bsa,100000.0,0.96,1.0180942749118214,-0.017728766960431602,0.00778799526820116,0.025516762228632764
247,bsa,15000000.0,0.8,0.8968587793638366,-0.09691001300805639,-0.04727593618826317,0.04963407681979322
248,bsa,100.0,1.032,1.0888960882214596,0.01367969729119256,0.03698643763895113,0.02330674034775857
248,bsa,1000.0,1.032,1.103645140873257,0.01367969729119256,0.04282945551794149,0.02914975822674893
248,bsa,10000.0,1.032,1.1055999804244205,0.01367969729119256,0.043598022340573424,0.029918325049380863
248,bsa,100000.0,0.96,1.0792144922053266,-0.017728766960431602,0.03310776861579847,0.05083653557623007
248,bsa,15000000.0,0.8,0.9441349076825458,-0.09691001300805639,-0.024965944816390154,0.07194406819166624
249,bsa,100.0,1.2,1.16354094727207,0.07918124604762482,0.0657816715603448,-0.01339957448728002
249,bsa,1000.0,1.2,1.1831318863767568,0.07918124604762482,0.073033159110701,-0.006148086936923813
249,bsa,10000.0,1.2,1.1930884369630284,0.07918124604762482,0.07667263668084567,-0.0025086093667791437
249,bsa,100000.0,1.152,1.167448813433713,0.06145247908719321,0.06723784809843687,0.005785369011243664
249,bsa,15000000.0,0.96,1.00489845978872,-0.017728766960431602,0.0021221805810453867,0.01985094754147699
250,bsa,100.0,1.344,1.1981199638055609,0.12839926871780646,0.07850030470639317,-0.04989896401141329
250,bsa,1000.0,1.344,1.2154613198423552,0.12839926871780646,0.08474114265585332,-0.04365812606195314
250,bsa,10000.0,1.344,1.2260085907561595,0.12839926871780646,0.08849351333486279,-0.03990575538294368
250,bsa,100000.0,1.296,1.205816897086148,0.11260500153457455,0.0812813653311735,-0.03132363620340105
250,bsa,15000000.0,1.08,1.0261411852128464,0.03342375548694973,0.011207118807461254,-0.022216636679488477
251,bsa,100.0,1.008,1.0578463161613945,0.003460532109506489,0.024422578010023028,0.02096204590051654
251,bsa,1000.0,1.008,1.0650826129846807,0.003460532109506489,0.02738329507230982,0.02392276296280333
251,bsa,10000.0,0.96,1.0582262598717158,-0.017728766960431602,0.024578534342020817,0.042307301302452416
251,bsa,100000.0,0.96,1.0210377025968127,-0.017728766960431602,0.009041779038363413,0.026770545998795015
251,bsa,15000000.0,0.8,0.8727383155569184,-0.09691001300805639,-0.05911595692011251,0.03779405608794388
252,bsa,100.0,1.044,1.1238057031280617,0.01870049866624337,0.050691231737135155,0.031990733070891786
252,bsa,1000.0,1.032,1.1251505035752267,0.01367969729119256,0.05121061889223802,0.03753092160104546
252,bsa,10000.0,1.0387527772064538,1.1182082548469172,0.016512197922204108,0.04852269398707217,0.03201049606486807
252,bsa,100000.0,0.984,1.0805114912674394,-0.007004901568658489,0.03362938997678106,0.04063429154543955
252,bsa,15000000.0,0.82,0.9168647131169736,-0.08618614761628333,-0.037694741408793496,0.04849140620748984
253,bsa,100.0,1.104,1.2039370721379303,0.04296907339318013,0.08060378763819301,0.03763471424501288
253,bsa,1000.0,1.104,1.202870303938158,0.04296907339318013,0.08021880329954224,0.03724972990636211
253,bsa,10000.0,1.104,1.1962983547619626,0.04296907339318013,0.07783950546149002,0.034870432068309885
253,bsa,100000.0,1.056,1.1562372580186446,0.023663918197793475,0.06304695975557964,0.039383041557786165
253,bsa,15000000.0,0.88,0.9732197631926125,-0.05551732784983137,-0.011789080425202112,0.04372824742462926
254,bsa,100.0,1.128,1.2057183786872585,0.05230909964732344,0.08124588088484812,0.028936781237524675
254,bsa,1000.0,1.128,1.203331588197932,0.05230909964732344,0.08038531734952081,0.02807621770219737
254,bsa,10000.0,1.128,1.1965211368861421,0.05230909964732344,0.07792037495274513,0.02561127530542169
254,bsa,100000.0,1.056,1.1507440611485813,0.023663918197793475,0.06097874223031298,0.037314824032519504
254,bsa,15000000.0,0.88,0.9770454943184667,-0.05551732784983137,-0.010085213690167473,0.045432114159663896
255,bsa,100.0,1.248,1.2394572811801314,0.09621458534640519,0.0932315630784652,-0.0029830222679399915
255,bsa,1000.0,1.248,1.238412754416432,0.09621458534640519,0.09286541616193775,-0.0033491691844674404
255,bsa,10000.0,1.2,1.233435079475459,0.07918124604762482,0.09111629580584865,0.011935049758223834
255,bsa,100000.0,1.2,1.1905234386554806,0.07918124604762482,0.07573795007986092,-0.003443295967763896
255,bsa,15000000.0,1.0,0.9928491639768117,0.0,-0.0031167255512455244,-0.0031167255512455244
256,bsa,100.0,1.344,1.2407121766422269,0.12839926871780646,0.09367104451739841,-0.03472822420040805
256,bsa,1000.0,1.344,1.2376046568739023,0.12839926871780646,0.09258193486296078,-0.03581733385484569
256,bsa,10000.0,1.344,1.2315067329114557,0.12839926871780646,0.09043679056269742,-0.037962478155109045
256,bsa,100000.0,1.248,1.1834208543302143,0.09621458534640519,0.07313921817805115,-0.02307536716835404
256,bsa,15000000.0,1.04,0.9952899160544325,0.01703333929878037,-0.0020503960351896267,-0.019083735333969995
257,poly-higg,100.0,1.08,1.1927383940060952,0.03342375548694973,0.07654519932978342,0.04312144384283369
257,poly-higg,1000.0,1.068,1.2016672588366542,0.028571252692537637,0.07978422835195285,0.05121297565941522
257,poly-higg,10000.0,1.0753891812807646,1.205750974007197,0.03156566303779064,0.0812576214177064,0.04969195837991576
257,poly-higg,100000.0,1.056,1.1928182847612043,0.023663918197793475,0.07657428781417851,0.05291036961638503
257,poly-higg,15000000.0,0.88,1.0831113692677756,-0.05551732784983137,0.03467311458628894,0.09019044243612032
258,poly-higg,100.0,1.392,1.2714875997222939,0.14363923527454328,0.1043121290430353,-0.03932710623150798
258,poly-higg,1000.0,1.392,1.2791017063495502,0.14363923527454328,0.10690507829433281,-0.03673415698021047
258,poly-higg,10000.0,1.392,1.2860719788780643,0.14363923527454328,0.10926527586251114,-0.03437395941203214
258,poly-higg,100000.0,1.344,1.274571423503903,0.12839926871780646,0.1053641771646442,-0.02303509155316226
258,poly-higg,15000000.0,1.12,1.1343265035945744,0.04921802267018165,0.054738079512686555,0.0055200568425049015
263,ibalizumab,100.0,15.07,12.66180967284725,1.1781132523146318,1.1024957810972014,-0.07561747121743045
263,ibalizumab,1000.0,11.94,10.8086592906547,1.0770043267933502,1.0337718272760648,-0.04323249951728547
263,ibalizumab,10000.0,10.11,8.487196989472107,1.0047511555910011,0.9287642823519671,-0.07598687323903408
263,ibalizumab,100000.0,6.46,6.09145073401257,0.8102325179950841,0.7847207361049386,-0.02551178189014547
263,ibalizumab,15000000.0,4.5,4.556831087978414,0.6532125137753437,0.6586629305094864,0.0054504167341427046
264,ibalizumab,100.0,11.94,8.66951046918099,1.0770043267933502,0.9379945753844416,-0.1390097514089086
264,ibalizumab,1000.0,8.73,7.937377295831679,0.9410142437055697,0.8996770245797032,-0.04133721912586652
264,ibalizumab,10000.0,7.56,6.924541358104168,0.8785217955012065,0.840391013513982,-0.038130781987224416
264,ibalizumab,100000.0,5.68,6.2178495819382364,0.7543483357110189,0.7936402116723782,0.0392918759613593
264,ibalizumab,15000000.0,5.41,5.055156510767919,0.7331972651065695,0.7037346061605769,-0.029462658945992537
266,ibalizumab,100.0,8.27,7.23536824882731,0.9175055095525466,0.8594606397209537,-0.05804486983159296
266,ibalizumab,1000.0,7.35,6.8951117634566685,0.8662873390841949,0.838541310085346,-0.027746028998848815
266,ibalizumab,10000.0,7.35,6.407810164976394,0.8662873390841949,0.8067096370455256,-0.0595777020386693
266,ibalizumab,100000.0,5.87,6.001458181037086,0.7686381012476144,0.7782567842232131,0.009618682975598647
266,ibalizumab,15000000.0,5.0,5.1807649975977474,0.6989700043360189,0.7143938928929401,0.015423888556921228
265,ibalizumab,100.0,6.15,6.25336224305516,0.7888751157754168,0.7961135871011509,0.007238471325734075
265,ibalizumab,1000.0,5.97,5.797818365895379,0.7759743311293691,0.7632646056507537,-0.012709725478615375
265,ibalizumab,10000.0,5.97,5.401589028321749,0.7759743311293691,0.7325215384738489,-0.043452792655520156
265,ibalizumab,100000.0,5.28,4.977566135167309,0.7226339225338123,0.6970170390555317,-0.025616883478280617
265,ibalizumab,15000000.0,4.1,4.0168260784951775,0.6127838567197355,0.6038830279514794,-0.008900828768256042
268,ibalizumab,100.0,3.67,4.756892604870445,0.5646660642520893,0.6773233465767974,0.11265728232470806
268,ibalizumab,1000.0,3.67,4.516507632045696,0.5646660642520893,0.6548027484447897,0.09013668419270038
268,ibalizumab,10000.0,3.67,4.067313180758166,0.5646660642520893,0.6093076141155604,0.04464154986347113
268,ibalizumab,100000.0,3.28,3.7232455497905956,0.5158738437116791,0.5709216790877185,0.05504783537603941
268,ibalizumab,15000000.0,2.7,3.628760382566314,0.43136376415898736,0.559758291439746,0.12839452728075862
261,ibalizumab,100.0,15.16,14.13951105916619,1.1806992012960347,1.1504343919235775,-0.030264809372457124
261,ibalizumab,1000.0,15.16,13.233393464218356,1.1806992012960347,1.1216712254277519,-0.05902797586828279
261,ibalizumab,10000.0,15.16,12.55257706951321,1.1806992012960347,1.0987328965081697,-0.08196630478786493
261,ibalizumab,100000.0,10.9,9.708030114097431,1.0374264979406236,0.9871311148339863,-0.05029538310663728
261,ibalizumab,15000000.0,5.95,6.110655907186039,0.7745169657285496,0.7860878291595705,0.011570863431020983
260,ibalizumab,100.0,24.07,23.42497637153038,1.38147609027503,1.3696791614928299,-0.011796928782200178
260,ibalizumab,1000.0,24.07,20.98631970586756,1.38147609027503,1.3219362846247027,-0.05953980565032735
260,ibalizumab,10000.0,20.67,18.931333147927162,1.3153404766272883,1.27718119813717,-0.038159278490118353
260,ibalizumab,100000.0,12.5,12.801465128873753,1.0969100130080565,1.1072596775362755,0.01034966452821906
260,ibalizumab,15000000.0,7.9,7.217945286691879,0.8976270912904415,0.8584135857066053,-0.03921350558383618
262,ibalizumab,100.0,4.22,4.309791414601452,0.6253124509616739,0.6344562516735652,0.009143800711891359
262,ibalizumab,1000.0,4.22,4.037375785721896,0.6253124509616739,0.6060991740003623,-0.019213276961311587
262,ibalizumab,10000.0,3.67,3.4186353869814488,0.5646660642520893,0.5338527837840091,-0.030813280468080184
262,ibalizumab,100000.0,2.44,2.5983609907778926,0.3873898263387294,0.41469948754219454,0.02730966120346512
262,ibalizumab,15000000.0,1.4,1.5762152449073676,0.146128035678238,0.19761552361834303,0.05148748794010502
279,ibalizumab,100.0,2.94,2.9355256623491095,0.46834733041215726,0.467685881330237,-0.0006614490819202845
279,ibalizumab,1000.0,2.94,2.8416137335327027,0.46834733041215726,0.4535650430508778,-0.014782287361279456
279,ibalizumab,10000.0,2.94,2.7356926614062593,0.46834733041215726,0.4370673054191903,-0.03128002499296695
279,ibalizumab,100000.0,2.6,2.6370520414130696,0.414973347970818,0.4211187005463772,0.006145352575559204
279,ibalizumab,15000000.0,2.48,2.4549343247811977,0.3944516808262163,0.3900398782241032,-0.004411802602113102
259,ibalizumab,100.0,14.15,13.466713208533841,1.150756439860309,1.1292616113444942,-0.021494828515814746
259,ibalizumab,1000.0,14.15,12.032914602887526,1.150756439860309,1.0803708345417213,-0.07038560531858762
259,ibalizumab,10000.0,13.32,10.562127698577997,1.1245042248342823,1.0237514139054125,-0.10075281092886978
259,ibalizumab,100000.0,8.39,7.729813654842751,0.9237619608287003,0.8881690243647671,-0.035592936463933245
259,ibalizumab,15000000.0,4.5,4.985016893543874,0.6532125137753437,0.6976666344150673,0.04445412063972354
293,poly-higg,100.0,5.91,5.088233740962667,0.7715874808812554,0.7065670535205913,-0.06502042736066405
293,poly-higg,1000.0,5.91,4.932233576101171,0.7715874808812554,0.693043635322282,-0.07854384555897342
293,poly-higg,10000.0,5.91,4.680533009662943,0.7715874808812554,0.6702953124703845,-0.10129216841087085
293,poly-higg,100000.0,5.37,4.259398958696245,0.7299742856995556,0.6293483203849795,-0.10062596531457613
293,poly-higg,15000000.0,2.52,2.9266849856048904,0.4014005407815441,0.46637597956533056,0.06497543878378648
294,poly-higg,100.0,8.27,6.550950933403417,0.9175055095525466,0.8163043465801698,-0.1012011629723768
294,poly-higg,1000.0,6.7,6.188878673820048,0.8260748027008264,0.7916119689091756,-0.034462833791650826
294,poly-higg,10000.0,6.7,5.923052831314219,0.8260748027008264,0.7725456063951068,-0.05352919630571962
294,poly-higg,100000.0,6.12,5.266605650198878,0.7867514221455612,0.721530800728032,-0.06522062141752916
294,poly-higg,15000000.0,4.7,3.67682310156217,0.6720978579357175,0.5654727356987523,-0.10662512223696519
295,poly-higg,100.0,4.59,5.19500425304815,0.6618126855372612,0.7155859074417211,0.05377322190445988
295,poly-higg,1000.0,4.22,5.001038884046397,0.6253124509616739,0.6990602312845472,0.07374778032287332
295,poly-higg,10000.0,4.22,4.758296569716794,0.6253124509616739,0.6774515067591738,0.05213905579749989
295,poly-higg,100000.0,3.85,4.323156405002028,0.5854607295085007,0.6358009479094517,0.05034021840095104
295,poly-higg,15000000.0,3.0,3.0131568979291963,0.47712125471966244,0.4790217463865289,0.001900491666866455
296,poly-higg,100.0,10.11,8.817913492427124,1.0047511555910011,0.9453658338931354,-0.0593853216978657
296,poly-higg,1000.0,8.27,8.321937437762314,0.9175055095525466,0.9202244465522502,0.002718936999703603
296,poly-higg,10000.0,8.27,7.899303256189163,0.9175055095525466,0.8975887868174357,-0.019916722735110914
296,poly-higg,100000.0,6.71,7.0526142614740905,0.8267225201689921,0.8483501310167991,0.021627610847807066
296,poly-higg,15000000.0,4.55,4.362772833392017,0.6580113966571124,0.6397626001578535,-0.018248796499258924
297,poly-higg,100.0,5.6,5.9090179455629475,0.7481880270062004,0.7715153089248565,0.023327281918656184
297,poly-higg,1000.0,5.6,5.681694940158778,0.7481880270062004,0.7544779120053043,0.00628988499910399
297,poly-higg,10000.0,5.6,5.469376258619174,0.7481880270062004,0.737937801125829,-0.010250225880371389
297,poly-higg,100000.0,5.11,4.888957046087289,0.7084209001347127,0.6892162216104882,-0.019204678524224472
297,poly-higg,15000000.0,2.6,3.905278103900895,0.414973347970818,0.5916519664307267,0.17667861845990873
298,poly-higg,100.0,5.42,5.645123919636493,0.7339992865383869,0.7516734798347036,0.017674193296316698
298,poly-higg,1000.0,5.42,5.284733299830674,0.7339992865383869,0.7230230750238673,-0.010976211514519552
298,poly-higg,10000.0,5.42,4.971046439638524,0.7339992865383869,0.6964478203477188,-0.03755146619066807
298,poly-higg,100000.0,4.95,4.470516111809227,0.6946051989335688,0.6503576644231636,-0.044247534510405195
298,poly-higg,15000000.0,2.88,3.3860269385483823,0.45939248775923086,0.5296904089460925,0.07029792118686168
299,poly-higg,100.0,11.48,10.59816608349683,1.0599418880619547,1.0252307210455536,-0.03471116701640109
299,poly-higg,1000.0,11.48,9.924354697091381,1.0599418880619547,0.9967022775909764,-0.06323961047097826
299,poly-higg,10000.0,11.48,9.402931396363911,1.0599418880619547,0.9732632675145394,-0.08667862054741526
299,poly-higg,100000.0,9.23,8.33742871803879,0.9652017010259121,0.9210321338817569,-0.04416956714415521
299,poly-higg,15000000.0,6.0,5.077127939715926,0.7781512503836436,0.7056181074291389,-0.07253314295450475
300,poly-higg,100.0,9.19,8.657452415222531,0.9633155113861113,0.9373901131740747,-0.025925398212036543
300,poly-higg,1000.0,9.19,8.216104632065493,0.9633155113861113,0.9146659613632391,-0.04864955002287219
300,poly-higg,10000.0,9.19,7.854762247396769,0.9633155113861113,0.8951330440919295,-0.06818246729418176
300,poly-higg,100000.0,8.39,6.788371801712441,0.9237619608287003,0.8317656207714585,-0.09199634005724178
300,poly-higg,15000000.0,5.8,4.714488014828964,0.7634279935629372,0.6734345360112691,-0.0899934575516681
301,poly-higg,100.0,8.27,7.049909295158659,0.9175055095525466,0.8481835293509037,-0.06932198020164293
301,poly-higg,1000.0,6.98,6.6200433637564915,0.8438554226231612,0.8208608342400743,-0.022994588383086878
301,poly-higg,10000.0,6.98,6.120375490999653,0.8438554226231612,0.7867780673525362,-0.05707735527062496
301,poly-higg,100000.0,6.04,5.323895628534303,0.7810369386211319,0.7262295328289468,-0.05480740579218513
301,poly-higg,15000000.0,4.3,4.215963162754145,0.6334684555795865,0.6248968075454542,-0.008571648034132351
302,trastuzumab,100.0,7.29,5.718507494787138,0.8627275283179746,0.7572826946395725,-0.10544483367840207
302,trastuzumab,1000.0,5.99,4.991709742258173,0.7774268223893114,0.6982493240700962,-0.07917749831921517
302,trastuzumab,10000.0,3.55,3.643511467456614,0.5502283530550941,0.5615201407457553,0.011291787690661192
302,trastuzumab,100000.0,3.22,2.700767240994914,0.5078558716958309,0.4314871571947373,-0.07636871450109362
302,trastuzumab,15000000.0,1.06,1.575884648901112,0.02530586526477026,0.19752442496879546,0.1722185597040252
303,trastuzumab,100.0,4.69,4.8249908076024575,0.6711728427150833,0.6834964902784992,0.012323647563415974
303,trastuzumab,1000.0,4.69,4.515313696001895,0.6711728427150833,0.6546879277857542,-0.01648491492932902
303,trastuzumab,10000.0,4.59,3.7869080179592403,0.6618126855372612,0.5782847564601762,-0.08352792907708506
303,trastuzumab,100000.0,3.85,3.103097735250076,0.5854607295085007,0.4917954543503114,-0.09366527515818929
303,trastuzumab,15000000.0,1.9,1.9906402937721877,0.2787536009528289,0.29899279064356565,0.020239189690736736
304,trastuzumab,100.0,3.4,3.342292130600819,0.5314789170422551,0.5240444064081351,-0.0074345106341200395
304,trastuzumab,1000.0,3.4,3.2820720099307703,0.5314789170422551,0.5161481054107053,-0.015330811631549812
304,trastuzumab,10000.0,3.3,3.046692387806072,0.5185139398778874,0.48382860748082956,-0.034685332397057844
304,trastuzumab,100000.0,3.04,2.7167355138438882,0.48287358360875376,0.4340473599971111,-0.04882622361164268
304,trastuzumab,15000000.0,2.34,2.143724112023212,0.3692158574101428,0.3311688928045238,-0.038046964605619016
305,trastuzumab,100.0,1.9,1.897133843297055,0.2787536009528289,0.27809797156069765,-0.0006556293921312628
305,trastuzumab,1000.0,1.9,1.8380520370948836,0.2787536009528289,0.2643578025360843,-0.014395798416744598
305,trastuzumab,10000.0,1.9,1.7258979348840704,0.2787536009528289,0.23701510909223322,-0.041738491860595694
305,trastuzumab,100000.0,1.56,1.6081709477442159,0.1931245983544616,0.20633221214622705,0.013207613791765438
305,trastuzumab,15000000.0,1.2,1.2762217612998594,0.07918124604762482,0.1059261456553375,0.026744899607712688
306,trastuzumab,100.0,1.95,2.028224649824996,0.290034611362518,0.30711605656660623,0.01708144520408822
306,trastuzumab,1000.0,1.95,1.9225931489815329,0.290034611362518,0.2838873904025534,-0.006147220959964617
306,trastuzumab,10000.0,1.95,1.7736009730256088,0.290034611362518,0.2488559183673343,-0.0411786929951837
306,trastuzumab,100000.0,1.79,1.5163666336188584,0.2528530309798932,0.1808042195722293,-0.07204881140766389
306,trastuzumab,15000000.0,0.8,1.0565198251430339,-0.09691001300805639,0.023877650815157574,0.12078766382321396
307,trastuzumab,100.0,3.99,2.694403144502168,0.6009728956867483,0.43046257666306165,-0.17051031902368663
307,trastuzumab,1000.0,3.4,2.475751389527586,0.5314789170422551,0.39370703147198377,-0.13777188557027137
307,trastuzumab,10000.0,3.1,2.127252382310249,0.4913616938342727,0.327819018695546,-0.16354267513872667
307,trastuzumab,100000.0,3.13,1.8058127943610522,0.49554433754644844,0.25667272571720334,-0.2388716118292451
307,trastuzumab,15000000.0,1.85,1.4715401586219736,0.26717172840301384,0.16777211857966112,-0.09939960982335272
308,trastuzumab,100.0,3.9,3.515987860750385,0.5910646070264992,0.5460473669653796,-0.04501724006111962
308,trastuzumab,1000.0,3.3,3.333606116478628,0.5185139398778874,0.5229142842906183,0.00440034441273085
308,trastuzumab,10000.0,3.3,2.9851649064341803,0.5185139398778874,0.4749683274172135,-0.0435456124606739
308,trastuzumab,100000.0,2.48,2.3760537626333598,0.3944516808262163,0.37585626314031906,-0.01859541768589723
308,trastuzumab,15000000.0,1.8,1.7045685213916306,0.25527250510330607,0.2316144639774322,-0.023658041125873858
309,trastuzumab,100.0,3.5,2.598370819572952,0.5440680443502757,0.41470113034063544,-0.12936691400964023
309,trastuzumab,1000.0,2.6,2.1870791970526984,0.414973347970818,0.3398645097044047,-0.07510883826641329
309,trastuzumab,10000.0,2.0,1.8390793870705873,0.3010299956639812,0.2646004767217871,-0.036429518942194095
309,trastuzumab,100000.0,1.84,1.6584460552604923,0.2648178230095365,0.21970134966694835,-0.04511647334258814
309,trastuzumab,15000000.0,1.6,1.3866922726147841,0.2041199826559248,0.14198009544022772,-0.062139887215697076
310,trastuzumab,100.0,2.5,2.4085018094964648,0.3979400086720376,0.38174697693404613,-0.01619303173799147
310,trastuzumab,1000.0,2.5,2.264763986609492,0.3979400086720376,0.3550229504310816,-0.042917058240955985
310,trastuzumab,10000.0,2.1,1.9869594414565797,0.3222192947339193,0.2981890022223589,-0.024030292511560414
310,trastuzumab,100000.0,1.66,1.7368714346999226,0.22010808804005508,0.23976767264005716,0.019659584600002084
310,trastuzumab,15000000.0,1.25,1.4183282711777128,0.09691001300805642,0.15177675966321746,0.054866746655161044
311,trastuzumab,100.0,2.95,2.927228313269293,0.46982201597816303,0.46645659716082466,-0.0033654188173383726
311,trastuzumab,1000.0,2.95,2.6241309581992716,0.46982201597816303,0.4189855048667746,-0.05083651111138843
311,trastuzumab,10000.0,2.95,2.264566899725198,0.46982201597816303,0.3549851551149493,-0.11483686086321371
311,trastuzumab,100000.0,2.71,2.068012723852304,0.4329692908744057,0.31555320651177166,-0.11741608436263407
311,trastuzumab,15000000.0,2.36,1.6479032980394799,0.37291200297010657,0.2169317229193173,-0.15598028005078926
312,trastuzumab,100.0,3.99,2.7476213670889793,0.6009728956867483,0.4389568850419839,-0.1620160106447644
312,trastuzumab,1000.0,3.15,2.4382475256501603,0.4983105537896005,0.3870777921631156,-0.11123276162648488
312,trastuzumab,10000.0,2.4,2.1436245895152406,0.38021124171160603,0.33114873019165797,-0.04906251151994806
312,trastuzumab,100000.0,1.93,1.980007571056893,0.28555730900777376,0.2966668508988768,0.011109541891103025
312,trastuzumab,15000000.0,1.68,1.5751951434518505,0.22530928172586284,0.1973343641411627,-0.027974917584700137
313,trastuzumab,100.0,3.6,3.405953892125688,0.5563025007672873,0.5322387644337094,-0.024063736333577834
313,trastuzumab,1000.0,3.6,3.2054338342693143,0.5563025007672873,0.5058868167186431,-0.05041568404864416
313,trastuzumab,10000.0,3.15,2.862926905007651,0.4983105537896005,0.45681025994717495,-0.04150029384242554
313,trastuzumab,100000.0,2.9,2.589749231528584,0.4623979978989561,0.4132577128704351,-0.04914028502852097
313,trastuzumab,15000000.0,2.5,2.122935999638568,0.3979400086720376,0.3269369016446729,-0.07100310702736473
314,trastuzumab,100.0,4.19,3.5277230112987352,0.6222140229662954,0.5474944779940748,-0.07471954497222055
314,trastuzumab,1000.0,3.4,3.026662296631313,0.5314789170422551,0.4809639667473665,-0.050514950294888616
314,trastuzumab,10000.0,2.6,2.3780549427076014,0.414973347970818,0.3762218843613454,-0.03875146360947257
314,trastuzumab,100000.0,1.99,1.9458576820921527,0.29885307640970665,0.2891110732692912,-0.009742003140415456
314,trastuzumab,15000000.0,1.73,1.6262172187632848,0.2380461031287954,0.21117855516305944,-0.026867547965735955
315,trastuzumab,100.0,2.6,2.517846356007007,0.414973347970818,0.4010292250672401,-0.013944122903577882
315,trastuzumab,1000.0,2.6,2.2300497414993923,0.414973347970818,0.34831455014133705,-0.06665879782948092
315,trastuzumab,10000.0,2.05,2.0009780716485084,0.31175386105575426,0.301242329308759,-0.010511531746995262
315,trastuzumab,100000.0,1.89,1.8411688681468974,0.2764618041732441,0.26509362290979255,-0.011368181263451571
315,trastuzumab,15000000.0,1.64,1.4743928274318503,0.21484384804769785,0.1686132094774679,-0.04623063857022994
316,trastuzumab,100.0,2.45,2.423702690840483,0.3891660843645325,0.38447934501303554,-0.004686739351496938
316,trastuzumab,1000.0,2.45,2.3233327416692973,0.3891660843645325,0.36611141278015813,-0.023054671584374353
316,trastuzumab,10000.0,2.45,2.201810342716785,0.3891660843645325,0.34277990743369935,-0.046386176930833134
316,trastuzumab,100000.0,2.25,2.0835135613632096,0.3521825181113625,0.318796331578054,-0.03338618653330849
316,trastuzumab,15000000.0,1.96,1.788903307179818,0.292256071356476,0.25258686695467325,-0.03966920440180277
317,trastuzumab,100.0,3.7,3.297779937696468,0.568201724066995,0.5182216716138961,-0.04998005245309889
317,trastuzumab,1000.0,3.16,2.951545200149354,0.49968708261840383,0.4700494384212271,-0.029637644197176738
317,trastuzumab,10000.0,2.7,2.547529407752443,0.43136376415898736,0.4061192060448606,-0.025244558114126736
317,trastuzumab,100000.0,2.3,2.1762290989592006,0.36172783601759284,0.33770461307414124,-0.024023222943451605
317,trastuzumab,15000000.0,2.0,1.8216401759851466,0.3010299956639812,0.2604625960086257,-0.040567399655355496
318,poly-higg,100.0,1.81,1.7103149604876855,0.2576785748691845,0.23307609460634826,-0.024602480262836235
318,poly-higg,1000.0,1.81,1.6949276492981467,0.2576785748691845,0.22915116437909747,-0.02852741049008703
318,poly-higg,10000.0,1.81,1.6425938664434367,0.2576785748691845,0.21553019680936222,-0.04214837805982227
318,poly-higg,100000.0,1.67,1.5543602084703922,0.22271647114758325,0.1915516698209254,-0.03116480132665786
318,poly-higg,15000000.0,1.45,1.2705246267818096,0.16136800223497488,0.103983087467295,-0.05738491476767989
319,poly-higg,100.0,11.98,7.622711928300595,1.0784568180532925,0.8821095075552337,-0.19634731049805887
319,poly-higg,1000.0,10.39,6.8866944983568175,1.0166155475571774,0.8380108176127821,-0.17860472994439536
319,poly-higg,10000.0,6.09,6.226546512620953,0.7846172926328754,0.794247236648313,0.009629944015437597
319,poly-higg,100000.0,4.96,5.37238223717871,0.6954816764901974,0.7301669045163908,0.03468522802619334
319,poly-higg,15000000.0,4.31,3.2148245507750994,0.6344772701607315,0.5071572762619801,-0.12731999389875137
320,poly-higg,100.0,1.6,1.6527525989027148,0.2041199826559248,0.2182078487482771,0.014087866092352297
320,poly-higg,1000.0,1.6,1.6320000105303123,0.2041199826559248,0.21272015722008286,0.00860017456415807
320,poly-higg,10000.0,1.6,1.6173184229621265,0.2041199826559248,0.20879553364854095,0.0046755509926161565
320,poly-higg,100000.0,1.47,1.6056036172279455,0.1673173347481761,0.205638337892712,0.0383210031445359
320,poly-higg,15000000.0,1.28,1.441765367378435,0.10720996964786837,0.15889458913241475,0.051684619484546376
321,poly-higg,100.0,11.29,8.46565109886877,1.052693941924968,0.9276603656075812,-0.12503357631738665
321,poly-higg,1000.0,11.29,7.882320693241435,1.052693941924968,0.896654100216451,-0.15603984170851692
321,poly-higg,10000.0,9.59,7.301473220217945,0.9818186071706636,0.863410496676549,-0.1184081104941146
321,poly-higg,100000.0,8.73,6.438395268276578,0.9410142437055697,0.8087776355310001,-0.13223660817456961
321,poly-higg,15000000.0,5.0,3.5036543869014896,0.6989700043360189,0.5445212592356521,-0.15444874510036677
322,poly-higg,100.0,1.3,1.5707148037439935,0.11394335230683679,0.19609733691509854,0.08215398460826175
322,poly-higg,1000.0,1.3,1.520163980382495,0.11394335230683679,0.18189043790141077,0.06794708559457398
322,poly-higg,10000.0,1.3,1.5087755659549291,0.11394335230683679,0.1786246422166429,0.06468128990980611
322,poly-higg,100000.0,1.2,1.4929497049038996,0.07918124604762482,0.1740451772825438,0.09486393123491897
322,poly-higg,15000000.0,1.04,1.2808054535889408,0.01703333929878037,0.10748316811372706,0.09044982881494669
323,poly-higg,100.0,1.6,1.940337841236818,0.2041199826559248,0.28787735354408817,0.08375737088816337
323,poly-higg,1000.0,1.6,1.8341173720802209,0.2041199826559248,0.26342712436329563,0.059307141707370836
323,poly-higg,10000.0,1.6,1.7114209259517363,0.2041199826559248,0.2333568379079236,0.029236855251998817
323,poly-higg,100000.0,1.47,1.6505062154963177,0.1673173347481761,0.2176171641408353,0.0502998293926592
323,poly-higg,15000000.0,1.28,1.3285457676371333,0.10720996964786837,0.12337652019897492,0.01616655055110655
324,poly-higg,100.0,1.7,1.7663926045041847,0.2304489213782739,0.24708723775780783,0.01663831637953392
324,poly-higg,1000.0,1.7,1.6744370409577973,0.2304489213782739,0.22386882265602673,-0.006580098722247185
324,poly-higg,10000.0,1.6,1.621903801092705,0.2041199826559248,0.2100250916176935,0.0059051089617687125
324,poly-higg,100000.0,1.47,1.553041765964915,0.1673173347481761,0.19118313537066364,0.023865800622487554
324,poly-higg,15000000.0,1.28,1.3628773674553831,0.10720996964786837,0.13445677950783608,0.027246809859967705
325,poly-higg,100.0,2.0,2.0283557963627024,0.3010299956639812,0.30714413746795755,0.006114141803976347
325,poly-higg,1000.0,2.0,1.9734352202988052,0.3010299956639812,0.29522287487720644,-0.005807120786774755
325,poly-higg,10000.0,2.0,1.9209919134210203,0.3010299956639812,0.2835255366659517,-0.017504458998029493
325,poly-higg,100000.0,1.84,1.8762091201945446,0.2648178230095365,0.2732812427237615,0.008463419714224985
325,poly-higg,15000000.0,1.6,1.6740070689740074,0.2041199826559248,0.22375728759387328,0.01963730493794849
326,poly-higg,100.0,2.4,2.2550668180942695,0.38021124171160603,0.3531594146395726,-0.027051827072033408
326,poly-higg,1000.0,2.1,2.072242101190166,0.3222192947339193,0.3164404929017391,-0.005778801832180214
326,poly-higg,10000.0,1.8,1.962503186628736,0.25527250510330607,0.2928103706066671,0.03753786550336102
326,poly-higg,100000.0,1.66,1.8818991050777718,0.22010808804005508,0.27459633573174147,0.05448824769168639
326,poly-higg,15000000.0,1.44,1.5642477022357055,0.15836249209524964,0.19430552570352294,0.035943033608273306
327,poly-higg,100.0,1.5,1.6778887498105202,0.17609125905568124,0.2247631621273008,0.04867190307161956
327,poly-higg,1000.0,1.5,1.6328691187562308,0.17609125905568124,0.21295137562465716,0.03686011656897592
327,poly-higg,10000.0,1.5,1.6093572037386659,0.17609125905568124,0.2066524483223237,0.030561189266642474
327,poly-higg,100000.0,1.5,1.5925042717793756,0.17609125905568124,0.20208060597299085,0.025989346917309614
327,poly-higg,15000000.0,1.5,1.5084480831694602,0.17609125905568124,0.1785303674901093,0.0024391084344280722
328,poly-higg,100.0,1.45,1.553183626021007,0.16136800223497488,0.19122280347701875,0.02985480124204387
328,poly-higg,1000.0,1.45,1.5000017083602333,0.16136800223497488,0.17609175367634786,0.014723751441372973
328,poly-higg,10000.0,1.45,1.4722961173725733,0.16136800223497488,0.1679951667999889,0.0066271645650140265
328,poly-higg,100000.0,1.45,1.4485671247736298,0.16136800223497488,0.16093862466463005,-0.0004293775703448355
328,poly-higg,15000000.0,1.45,1.2753150204927821,0.16136800223497488,0.1056174747802654,-0.055750527454709486
329,poly-higg,100.0,2.8,1.9320484470688346,0.4471580313422192,0.28601801236459834,-0.16114001897762087
329,poly-higg,1000.0,2.4,1.8686292460386773,0.38021124171160603,0.27152314173619496,-0.10868809997541107
329,poly-higg,10000.0,2.0,1.8291973445312923,0.3010299956639812,0.2622605622383602,-0.038769433425621
329,poly-higg,100000.0,1.84,1.7887054552965502,0.2648178230095365,0.25253883152825873,-0.012278991481277757
329,poly-higg,15000000.0,1.6,1.6453595866016242,0.2041199826559248,0.21626082593999696,0.012140843284072167
330,poly-higg,100.0,2.23,1.769470648688388,0.34830486304816066,0.24784336312024674,-0.10046149992791392
330,poly-higg,1000.0,2.23,1.7490869752621387,0.34830486304816066,0.24281140578356195,-0.10549345726459872
330,poly-higg,10000.0,2.23,1.7282614851464315,0.34830486304816066,0.23760945166420358,-0.11069541138395708
330,poly-higg,100000.0,2.23,1.6610537290386964,0.34830486304816066,0.22038368052341806,-0.1279211825247426
330,poly-higg,15000000.0,2.0,1.551166922183099,0.3010299956639812,0.1906585350685081,-0.11037146059547309
331,poly-higg,100.0,8.44,8.2711979340341,0.926342446625655,0.9175684138408187,-0.00877403278483635
331,poly-higg,1000.0,8.44,7.481496100914197,0.926342446625655,0.8739884539340936,-0.05235399269156138
331,poly-higg,10000.0,8.44,6.779722373628087,0.926342446625655,0.8312119100809287,-0.09513053654472636
331,poly-higg,100000.0,7.16,6.1543781232489785,0.8549130223078556,0.7891841756611454,-0.06572884664671019
331,poly-higg,15000000.0,5.0,3.880249655838996,0.6989700043360189,0.5888596690646101,-0.11011033527140879
332,poly-higg,100.0,7.15,7.208172630167771,0.8543060418010806,0.8578251791130017,0.0035191373119211056
332,poly-higg,1000.0,7.15,6.906184639269636,0.8543060418010806,0.8392381851840134,-0.015067856617067221
332,poly-higg,10000.0,7.15,6.696227344180473,0.8543060418010806,0.8258301900041678,-0.02847585179691281
332,poly-higg,100000.0,6.89,6.236728491299014,0.8382192219076258,0.794956837958903,-0.04326238394872273
332,poly-higg,15000000.0,4.75,4.404920433330441,0.6766936096248666,0.6439380680993447,-0.03275554152552185
333,poly-higg,100.0,5.79,6.078458766020294,0.7626785637274363,0.7837934749529072,0.021114911225470934
333,poly-higg,1000.0,5.79,5.642415210294447,0.7626785637274363,0.751465041568511,-0.011213522158925238
333,poly-higg,10000.0,5.79,5.232811185228164,0.7626785637274363,0.7187350644371788,-0.043943499290257426
333,poly-higg,100000.0,5.23,4.8220385111061175,0.7185016888672743,0.6832306745387577,-0.03527101432851654
333,poly-higg,15000000.0,4.0,4.07977189998012,0.6020599913279624,0.6106358823670371,0.008575891039074746
334,poly-higg,100.0,9.29,8.917826272079596,0.9680157139936417,0.9502590076175255,-0.01775670637611626
334,poly-higg,1000.0,8.69,8.267638620067242,0.9390197764486664,0.9173814852822135,-0.021638291166452883
334,poly-higg,10000.0,7.39,7.755588796630217,0.8686444383948257,0.8896147746087537,0.020970336213927965
334,poly-higg,100000.0,6.52,7.115792221079967,0.8142475957319202,0.8522232583332108,0.037975662601290594
334,poly-higg,15000000.0,5.67,4.544161805508116,0.7535830588929066,0.6574537870489606,-0.09612927184394593
335,poly-higg,100.0,11.98,9.385018258344402,1.0784568180532925,0.9724351218684476,-0.10602169618484492
335,poly-higg,1000.0,10.49,8.639585012117852,1.0207754881935578,0.9364928823775446,-0.08428260581601321
335,poly-higg,10000.0,8.99,8.02582406841879,0.9537596917332288,0.9044896354685472,-0.049270056264681616
335,poly-higg,100000.0,6.8,6.956256375933937,0.8325089127062363,0.8423755797426336,0.00986666703639727
335,poly-higg,15000000.0,5.0,4.761685932224033,0.6989700043360189,0.6777607471377054,-0.021209257198313458
336,poly-higg,100.0,9.19,9.037580361613891,0.9633155113861113,0.9560521720398267,-0.007263339346284536
336,poly-higg,1000.0,9.19,8.128506408571429,0.9633155113861113,0.9100107524690209,-0.05330475891709041
336,poly-higg,10000.0,7.99,7.2006623350201595,0.9025467793139914,0.8573724457666445,-0.0451743335473469
336,poly-higg,100000.0,6.61,6.2535669365773865,0.8202014594856403,0.7961278027836602,-0.02407365670198003
336,poly-higg,15000000.0,5.0,4.681212575877536,0.6989700043360189,0.6703583630745497,-0.0286116412614692
337,poly-higg,100.0,3.6,3.6564248354408355,0.5563025007672873,0.5630566501276116,0.0067541493603243685
337,poly-higg,1000.0,3.6,3.4858515781754362,0.5563025007672873,0.5423088916231835,-0.013993609144103747
337,poly-higg,10000.0,3.6,3.2905039329553127,0.5563025007672873,0.517262414224229,-0.03904008654305824
337,poly-higg,100000.0,3.31,2.990889715308259,0.5198279937757188,0.4758003993515793,-0.04402759442413945
337,poly-higg,15000000.0,2.4,2.1484975277747296,0.38021124171160603,0.33213485828782485,-0.04807638342378118
338,poly-higg,100.0,2.59,3.3115051036158487,0.4132997640812518,0.5200254287081351,0.10672566462688327
338,poly-higg,1000.0,2.59,3.19749049965595,0.4132997640812518,0.5048092627822391,0.09150949870098735
338,poly-higg,10000.0,2.59,3.065146577164111,0.4132997640812518,0.4864512475759505,0.07315148349469869
338,poly-higg,100000.0,2.59,2.9326504267365596,0.4132997640812518,0.46726029796611457,0.05396053388486277
338,poly-higg,15000000.0,2.59,2.478087743445662,0.4132997640812518,0.3941166796912287,-0.019183084390023086
339,poly-higg,100.0,3.0,3.549952946854924,0.47712125471966244,0.5502225967010969,0.07310134198143442
339,poly-higg,1000.0,3.0,3.455615836425167,0.47712125471966244,0.538525455625655,0.06140420090599258
339,poly-higg,10000.0,3.0,3.328764189964945,0.47712125471966244,0.5222830307756763,0.04516177605601385
339,poly-higg,100000.0,3.0,3.191347222803053,0.47712125471966244,0.5039740585788459,0.026852803859183483
339,poly-higg,15000000.0,3.0,2.706493186688634,0.47712125471966244,0.4324069381378674,-0.04471431658179503
340,poly-higg,100.0,5.79,3.824232534140773,0.7626785637274363,0.5825442918738875,-0.1801342718535488
340,poly-higg,1000.0,4.74,3.712543425898798,0.6757783416740851,0.5696715423300952,-0.10610679934398992
340,poly-higg,10000.0,4.74,3.588379825143845,0.6757783416740851,0.554898406287765,-0.12087993538632014
340,poly-higg,100000.0,4.31,3.4040070214661315,0.6344772701607315,0.5319904472353619,-0.10248682292536959
340,poly-higg,15000000.0,3.66,2.888667744296315,0.5634810853944107,0.4606975919941064,-0.10278349340030424
341,poly-higg,100.0,2.1,3.484746909015555,0.3222192947339193,0.5421712415418131,0.21995194680789376
341,poly-higg,1000.0,2.1,3.4239068816938523,0.3222192947339193,0.5345219448729769,0.21230265013905758
341,poly-higg,10000.0,2.1,3.2836991453049285,0.3222192947339193,0.5163633599214293,0.19414406518751004
341,poly-higg,100000.0,1.93,3.1047569391855006,0.28555730900777376,0.49202760641199966,0.2064702974042259
341,poly-higg,15000000.0,1.68,2.881440487463186,0.22530928172586284,0.4596096542025567,0.23430037247669389
342,poly-higg,100.0,2.71,2.73742737235508,0.4329692908744057,0.43734260558193117,0.004373314707525444
342,poly-higg,1000.0,2.71,2.648720289047156,0.4329692908744057,0.4230360982227714,-0.009933192651634337
342,poly-higg,10000.0,2.71,2.5947516866369473,0.4329692908744057,0.4140958029230898,-0.018873487951315937
342,poly-higg,100000.0,2.5,2.506732451024581,0.3979400086720376,0.3991079832424938,0.0011679745704561983
342,poly-higg,15000000.0,2.17,2.3106166496780123,0.3364597338485295,0.3637278984261074,0.027268164577577914
343,poly-higg,100.0,1.86,2.10384937694639,0.26951294421791633,0.3230146437028861,0.053501699484969745
343,poly-higg,1000.0,1.86,2.018325139452683,0.26951294421791633,0.30499112963915664,0.035478185421240316
343,poly-higg,10000.0,1.86,1.960805418256353,0.26951294421791633,0.292434498323369,0.022921554105452657
343,poly-higg,100000.0,1.86,1.909870439058146,0.26951294421791633,0.2810039067709723,0.011490962553055983
343,poly-higg,15000000.0,1.86,1.6729758228928482,0.26951294421791633,0.22348966477584664,-0.04602327944206969
344,poly-higg,100.0,2.5,3.1422603563758726,0.3979400086720376,0.49724216627139517,0.09930215759935757
344,poly-higg,1000.0,2.5,3.042167860726235,0.3979400086720376,0.48318317387734444,0.08524316520530684
344,poly-higg,10000.0,2.5,2.8942426383271163,0.3979400086720376,0.4615349373114678,0.06359492863943017
344,poly-higg,100000.0,2.5,2.727783834374492,0.3979400086720376,0.4358099513004163,0.03786994262837867
344,poly-higg,15000000.0,2.5,2.0673774147309327,0.3979400086720376,0.31541976747040495,-0.08252024120163265
345,poly-higg,100.0,1.5,1.5220503277270852,0.17609125905568124,0.18242901294230432,0.006337753886623082
345,poly-higg,1000.0,1.5,1.4395275813634283,0.17609125905568124,0.1582199903806073,-0.017871268675073937
345,poly-higg,10000.0,1.21,1.363113295926739,0.08278537031645007,0.13453195396449572,0.051746583648045644
345,poly-higg,100000.0,1.12,1.2964098243924094,0.04921802267018165,0.11274231352281092,0.06352429085262926
345,poly-higg,15000000.0,1.12,1.1715275559512062,0.04921802267018165,0.06875250826102805,0.019534485590846397
346,poly-higg,100.0,1.28,1.393039020740328,0.10720996964786837,0.14396328171818887,0.036753312070320496
346,poly-higg,1000.0,1.28,1.326623544531316,0.10720996964786837,0.12274770076372306,0.015537731115854686
346,poly-higg,10000.0,1.28,1.2620101532707086,0.10720996964786837,0.10106284895859415,-0.006147120689274227
346,poly-higg,100000.0,1.28,1.2326660396689249,0.10720996964786837,0.0908454311988985,-0.016364538448969873
346,poly-higg,15000000.0,1.28,1.162180272594943,0.10720996964786837,0.06527349924259909,-0.04193647040526928
347,poly-higg,100.0,1.51,1.5017330593571656,0.17897694729316943,0.17659274148891166,-0.002384205804257772
347,poly-higg,1000.0,1.51,1.4798317174541922,0.17897694729316943,0.17021233138390518,-0.00876461590926425
347,poly-higg,10000.0,1.51,1.45702234583647,0.17897694729316943,0.16346621244195544,-0.015510734851213986
347,poly-higg,100000.0,1.51,1.4405273908121723,0.17897694729316943,0.1585215205584559,-0.02045542673471354
347,poly-higg,15000000.0,1.51,1.3658006163016618,0.17897694729316943,0.13538730435277033,-0.043589642940399104
348,poly-higg,100.0,4.99,4.808107440591378,0.69810054562339,0.6819741637231833,-0.016126381900206654
348,poly-higg,1000.0,4.99,4.5612254352070085,0.69810054562339,0.6590815374562294,-0.03901900816716053
348,poly-higg,10000.0,3.99,4.084548063892264,0.6009728956867483,0.6111440108768245,0.010171115190076185
348,poly-higg,100000.0,3.5,3.477227210498934,0.5440680443502757,0.541233069470136,-0.002834974880139618
348,poly-higg,15000000.0,2.26,2.787774711424152,0.35410843914740087,0.44525767418255047,0.0911492350351496
349,poly-higg,100.0,4.56,5.139901718740779,0.658964842664435,0.7109548148286167,0.051989972164181664
349,poly-higg,1000.0,4.56,4.833288821155527,0.658964842664435,0.6842427478983025,0.025277905233867526
349,poly-higg,10000.0,4.56,4.407438844416842,0.658964842664435,0.644186294943778,-0.01477854772065701
349,poly-higg,100000.0,4.2,3.8850306974695137,0.6232492903979004,0.5893944547170998,-0.03385483568080061
349,poly-higg,15000000.0,2.83,3.111853276974314,0.45178643552429026,0.49301911193506337,0.041232676410773106
350,poly-higg,100.0,5.96,5.809628252865239,0.7752462597402364,0.7641483435960885,-0.011097916144147901
350,poly-higg,1000.0,5.96,5.6974313943074595,0.7752462597402364,0.7556791043213757,-0.01956715541886067
350,poly-higg,10000.0,5.96,5.568471918786153,0.7752462597402364,0.7457360339013253,-0.029510225838911164
350,poly-higg,100000.0,5.49,5.202601135942732,0.7395723444500919,0.7162205314314646,-0.02335181301862732
350,poly-higg,15000000.0,4.77,4.414257381438445,0.6785183790401139,0.6448576519066619,-0.03366072713345203
351,poly-higg,100.0,2.1,1.7390896672011067,0.3222192947339193,0.24032197473802588,-0.08189731999589342
351,poly-higg,1000.0,2.1,1.7151686712355974,0.3222192947339193,0.23430683539037836,-0.08791245934354094
351,poly-higg,10000.0,2.1,1.6791109348109095,0.3222192947339193,0.22507938987520146,-0.09713990485871785
351,poly-higg,100000.0,1.47,1.6175153466430772,0.1673173347481761,0.2088484098543616,0.041531075106185505
351,poly-higg,15000000.0,1.1,1.3029722447445058,0.04139268515822508,0.11493516468980061,0.07354247953157553
352,poly-higg,100.0,1.89,1.7454889753523035,0.2764618041732441,0.24191711012024633,-0.03454469405299779
352,poly-higg,1000.0,1.89,1.734346524097569,0.2764618041732441,0.23913587426363223,-0.037325929909611893
352,poly-higg,10000.0,1.89,1.703034024139918,0.2764618041732441,0.23122332462062245,-0.04523847955262167
352,poly-higg,100000.0,1.66,1.644457206432779,0.22010808804005508,0.2160225763580952,-0.004085511681959891
352,poly-higg,15000000.0,1.1,1.3422076153777447,0.04139268515822508,0.12781969857440953,0.08642701341618444
353,poly-higg,100.0,6.94,5.871356244071053,0.8413594704548549,0.7687384319601059,-0.07262103849474899
353,poly-higg,1000.0,6.94,5.515110720729059,0.8413594704548549,0.7415542357098415,-0.09980523474501346
353,poly-higg,10000.0,6.94,5.261288657195111,0.8413594704548549,0.7210921297363297,-0.12026734071852518
353,poly-higg,100000.0,6.38,5.043706208375028,0.8048206787211624,0.7027497813511733,-0.10207089736998909
353,poly-higg,15000000.0,3.2,3.061844240207063,0.505149978319906,0.48598309382822724,-0.019166884491678804
354,poly-higg,100.0,4.54,5.450167444702246,0.6570558528571039,0.7364098452478554,0.07935399239075147
354,poly-higg,1000.0,4.54,5.1452823617674435,0.6570558528571039,0.711409212877394,0.05435336002029012
354,poly-higg,10000.0,4.54,4.965902351943931,0.6570558528571039,0.6959981754624307,0.03894232260532682
354,poly-higg,100000.0,4.17,4.888373923085563,0.6201360549737575,0.6891644186996491,0.0690283637258916
354,poly-higg,15000000.0,3.3,3.0379667466503815,0.5185139398778874,0.48258301579889296,-0.03593092407899445
355,poly-higg,100.0,3.99,3.1185925366316427,0.6009728956867483,0.493958635208458,-0.10701426047829027
355,poly-higg,1000.0,2.8,2.771138139575295,0.4471580313422192,0.4426581756414682,-0.00449985570075101
355,poly-higg,10000.0,2.3,2.5629234594042605,0.36172783601759284,0.40873563636187465,0.047007800344281814
355,poly-higg,100000.0,2.12,2.2930155678974935,0.32633586092875144,0.3604070032816287,0.03407114235287728
355,poly-higg,15000000.0,1.84,1.7650101222300894,0.2648178230095365,0.24674720038450249,-0.018070622625034005
356,poly-higg,100.0,4.29,3.9928686046503263,0.6324572921847242,0.6012850188809836,-0.031172273303740616
356,poly-higg,1000.0,3.99,3.511979151305776,0.6009728956867483,0.545551929073549,-0.055420966613199285
356,poly-higg,10000.0,3.7,3.217737238537402,0.568201724066995,0.5075505765832391,-0.060651147483755885
356,poly-higg,100000.0,3.04,2.827817337698756,0.48287358360875376,0.4514513528647646,-0.031422230743989144
356,poly-higg,15000000.0,2.64,2.117375767910912,0.42160392686983106,0.32579793853354616,-0.0958059883362849
357,poly-higg,100.0,3.45,4.028714194915506,0.5378190950732742,0.6051664587575067,0.06734736368423255
357,poly-higg,1000.0,3.45,3.499562308222401,0.5378190950732742,0.5440137303472957,0.006194635274021532
357,poly-higg,10000.0,3.45,3.181068460257384,0.5378190950732742,0.5025730157254321,-0.035246079347842074
357,poly-higg,100000.0,3.17,2.81179206847349,0.5010592622177514,0.4489832015350342,-0.05207606068271725
357,poly-higg,15000000.0,2.05,2.061892605226001,0.31175386105575426,0.3142660410772885,0.0025121800215342494
358,poly-higg,100.0,3.0,2.56898899006705,0.47712125471966244,0.40976224301162745,-0.06735901170803499
358,poly-higg,1000.0,2.0,2.287660065524823,0.3010299956639812,0.3593914909973474,0.05836149533336621
358,poly-higg,10000.0,1.91,2.1546351839800937,0.28103336724772754,0.3333737473521222,0.05234038010439468
358,poly-higg,100000.0,1.91,2.0756674863686464,0.28103336724772754,0.31715778250903304,0.0361244152613055
358,poly-higg,15000000.0,1.8,1.7195587431432084,0.25527250510330607,0.23541701667281903,-0.01985548843048704
359,poly-higg,100.0,4.79,3.293279877462974,0.6803355134145632,0.5176286405426812,-0.162706872871882
359,poly-higg,1000.0,3.75,3.008794694315697,0.5740312677277188,0.4783925545836304,-0.09563871314408845
359,poly-higg,10000.0,3.7,2.7735222191792452,0.568201724066995,0.4430316494390425,-0.1251700746279525
359,poly-higg,100000.0,3.13,2.5029336124966437,0.49554433754644844,0.39844933058755355,-0.09709500695889489
359,poly-higg,15000000.0,2.17,1.9186154938276545,0.3364597338485295,0.2829879473041227,-0.05347178654440682
360,poly-higg,100.0,5.49,3.9410868560315295,0.7395723444500919,0.5956160062128627,-0.1439563382372292
360,poly-higg,1000.0,3.6,3.4399829330758673,0.5563025007672873,0.5365562878943904,-0.019746212872896907
360,poly-higg,10000.0,3.1,3.1804691943745764,0.4913616938342727,0.5024911934110813,0.011129499576808588
360,poly-higg,100000.0,2.76,2.820764447084193,0.4409090820652177,0.4503668211419825,0.009457739076764837
360,poly-higg,15000000.0,2.35,2.1563592819996615,0.37106786227173627,0.333721122558464,-0.03734673971327229
361,poly-higg,100.0,4.99,3.164542262586322,0.69810054562339,0.5003109000691743,-0.19778964555421563
361,poly-higg,1000.0,3.5,3.0271409750190843,0.5440680443502757,0.48103264667418943,-0.06303539767608624
361,poly-higg,10000.0,3.3,2.6639608626052382,0.5185139398778874,0.4255278401381145,-0.0929860997397729
361,poly-higg,100000.0,2.85,2.4581726510816546,0.4548448600085102,0.39061238252879804,-0.06423247747971217
361,poly-higg,15000000.0,2.07,1.9424329342490938,0.3159703454569177,0.28834603298731254,-0.027624312469605172
362,poly-higg,100.0,2.76,3.2200441065996057,0.4409090820652177,0.5078618204913694,0.06695273842615174
362,poly-higg,1000.0,2.76,3.068656726860016,0.4409090820652177,0.48694830910024034,0.04603922703502267
362,poly-higg,10000.0,2.76,2.74918809614882,0.4409090820652177,0.43920445476704084,-0.0017046272981768307
362,poly-higg,100000.0,2.54,2.4926693980103254,0.40483371661993806,0.39666468197718074,-0.008169034642757311
362,poly-higg,15000000.0,1.0,1.9519987012273212,0.0,0.29047952437063446,0.29047952437063446
363,poly-higg,100.0,3.8,3.2422011385230682,0.5797835966168101,0.510839953955128,-0.06894364266168207
363,poly-higg,1000.0,3.5,3.2062428752189835,0.5440680443502757,0.5059964173856324,-0.03807162696464328
363,poly-higg,10000.0,3.1,2.9230427721005845,0.4913616938342727,0.4658351703185572,-0.025526523515715493
363,poly-higg,100000.0,2.76,2.542938610573933,0.4409090820652177,0.405335875940239,-0.03557320612497866
363,poly-higg,15000000.0,1.7,1.9835514890898789,0.2304489213782739,0.29744347838585916,0.06699455700758525
364,poly-higg,100.0,1.74,1.6771099517646249,0.24054924828259971,0.22456153599864348,-0.015987712283956235
364,poly-higg,1000.0,1.74,1.6574076766875983,0.24054924828259971,0.2194293460530791,-0.02111990222952062
364,poly-higg,10000.0,1.74,1.6424459938889138,0.24054924828259971,0.21549109820646664,-0.025058150076133073
364,poly-higg,100000.0,1.74,1.605962074115254,0.24054924828259971,0.20573528490470952,-0.034813963377890195
364,poly-higg,15000000.0,1.7,1.476922415568367,0.2304489213782739,0.1693576819229654,-0.061091239455308505
365,poly-higg,100.0,2.4,2.3760393221843388,0.38021124171160603,0.3758536237108238,-0.004357618000782215
365,poly-higg,1000.0,2.4,2.3392621142533914,0.38021124171160603,0.3690788872200322,-0.011132354491573848
365,poly-higg,10000.0,2.4,2.2902400872387663,0.38021124171160603,0.35988101207679307,-0.020330229634812957
365,poly-higg,100000.0,2.4,2.2098070486097288,0.38021124171160603,0.344354354507553,-0.035856887204053056
365,poly-higg,15000000.0,2.4,1.8204511396415373,0.38021124171160603,0.2601790270937319,-0.12003221461787411
366,poly-higg,100.0,1.5,1.7695025093064536,0.17609125905568124,0.24785118284082586,0.07175992378514462
366,poly-higg,1000.0,1.5,1.7491152930067795,0.17609125905568124,0.24281843696088937,0.06672717790520813
366,poly-higg,10000.0,1.5,1.7282892913908399,0.17609125905568124,0.2376164390335726,0.061525179977891364
366,poly-higg,100000.0,1.5,1.6610807890795354,0.17609125905568124,0.22039075550870393,0.044299496453022696
366,poly-higg,15000000.0,1.5,1.5511788920783223,0.17609125905568124,0.19066188637732773,0.01457062732164649
367,poly-higg,100.0,1.56,1.6582649736923134,0.1931245983544616,0.21965392755195184,0.026529329197490237
367,poly-higg,1000.0,1.56,1.6678770620056704,0.1931245983544616,0.22216403595386514,0.029039437599403528
367,poly-higg,10000.0,1.56,1.6843400299467437,0.1931245983544616,0.22642977019369379,0.03330517183923218
367,poly-higg,100000.0,1.56,1.6763581477426381,0.1931245983544616,0.22436680962343836,0.03124221126897675
367,poly-higg,15000000.0,1.56,1.6283894791297395,0.1931245983544616,0.2117582877808946,0.01863368942643298
368,poly-higg,100.0,1.8,1.6031589166129923,0.25527250510330607,0.2049765748727235,-0.05029593023058257
368,poly-higg,1000.0,1.8,1.6102540482938539,0.25527250510330607,0.20689439967671247,-0.0483781054265936
368,poly-higg,10000.0,1.8,1.6097582294414166,0.25527250510330607,0.20676065397963678,-0.04851185112366929
368,poly-higg,100000.0,1.8,1.6073945132146878,0.25527250510330607,0.20612248154526086,-0.04915002355804521
368,poly-higg,15000000.0,1.8,1.5854009893421634,0.25527250510330607,0.20013912487145166,-0.055133380231854406
369,poly-higg,100.0,2.5,1.5419521135088379,0.3979400086720376,0.18807088658018015,-0.20986912209185746
369,poly-higg,1000.0,2.0,1.514816429843756,0.3010299956639812,0.1803600068737861,-0.12066998879019511
369,poly-higg,10000.0,1.6,1.5071998269162172,0.2041199826559248,0.17817083557530422,-0.02594914708062057
369,poly-higg,100000.0,1.47,1.4991756456438925,0.1673173347481761,0.17585251841538155,0.00853518366720546
369,poly-higg,15000000.0,1.28,1.489135617339838,0.10720996964786837,0.1729342512648099,0.06572428161694154
370,poly-higg,100.0,8.8,8.833728320020924,0.9444826721501687,0.9461440384666211,0.0016613663164524173
370,poly-higg,1000.0,8.8,8.037919353307442,0.9444826721501687,0.9051436444798944,-0.03933902767027431
370,poly-higg,10000.0,8.8,7.57324009899885,0.9444826721501687,0.8792817257427916,-0.06520094640737706
370,poly-higg,100000.0,8.1,6.715756262916808,0.9084850188786497,0.8270949257639366,-0.08139009311471312
370,poly-higg,15000000.0,4.0,4.437498035002872,0.6020599913279624,0.6471381737504522,0.04507818242248984
371,poly-higg,100.0,7.54,8.501422147362693,0.877371345869774,0.9294915820777614,0.052120236207987336
371,poly-higg,1000.0,7.54,8.069838793635732,0.877371345869774,0.9068648591664659,0.02949351329669181
371,poly-higg,10000.0,7.54,7.72501831591559,0.877371345869774,0.8878995178045281,0.010528171934754083
371,poly-higg,100000.0,6.93,7.109555285711756,0.8407332346118067,0.8518424357506105,0.01110920113880376
371,poly-higg,15000000.0,4.4,4.916065790114048,0.6434526764861874,0.6916176862755041,0.048165009789316704
372,poly-higg,100.0,7.26,7.743163030006493,0.8609366207000937,0.8889184033016084,0.027981782601514738
372,poly-higg,1000.0,7.26,7.187595328739923,0.8609366207000937,0.8565836177632404,-0.004353002936853256
372,poly-higg,10000.0,7.26,6.566583045540077,0.8609366207000937,0.8173394410218677,-0.04359717967822596
372,poly-higg,100000.0,6.61,5.829046673653567,0.8202014594856403,0.7655975327648116,-0.0546039267208287
372,poly-higg,15000000.0,5.5,4.6209025118218205,0.7403626894942439,0.6647268062108833,-0.07563588328336057
373,poly-higg,100.0,8.75,9.257372801058608,0.9420080530223133,0.9664877534324856,0.024479700410172334
373,poly-higg,1000.0,8.75,9.155707738167939,0.9420080530223133,0.9616919209917189,0.019683867969405577
373,poly-higg,10000.0,8.75,8.78387504614539,0.9420080530223133,0.9436861491511521,0.0016780961288388463
373,poly-higg,100000.0,7.9,7.605194294864751,0.8976270912904415,0.8811103137354661,-0.01651677755497538
373,poly-higg,15000000.0,5.11,5.093434674591314,0.7084209001347127,0.7070107405235335,-0.0014101596111791848
374,poly-higg,100.0,6.64,10.03255693678782,0.8221680793680175,1.0014116331218097,0.1792435537537922
374,poly-higg,1000.0,6.64,9.93854019000754,0.8221680793680175,0.9973225982822935,0.17515451891427603
374,poly-higg,10000.0,6.29,8.773762259690127,0.798650645445269,0.943185862265923,0.14453521682065407
374,poly-higg,100000.0,5.51,7.664716174693576,0.741151598851785,0.8844960775143846,0.14334447866259958
374,poly-higg,15000000.0,2.67,5.393352843328168,0.42651126136457523,0.7318588335827543,0.30534757221817904
375,poly-higg,100.0,10.49,11.62989846702001,1.0207754881935578,1.065575923206056,0.044800435012498196
375,poly-higg,1000.0,10.49,10.713321314220028,1.0207754881935578,1.0299241304795195,0.009148642285961683
375,poly-higg,10000.0,10.49,9.564028864916148,1.0207754881935578,0.980640878177205,-0.04013461001635277
375,poly-higg,100000.0,9.19,8.296229716673636,0.9633155113861113,0.918880768851397,-0.044434742534714244
375,poly-higg,15000000.0,6.6,5.668429222362032,0.8195439355418687,0.7534627282807111,-0.06608120726115752
376,poly-higg,100.0,1.78,1.681590543819536,0.250420002308894,0.22572025649902056,-0.02469974580987344
376,poly-higg,1000.0,1.78,1.6328332123618092,0.250420002308894,0.21294182548972027,-0.03747817681917373
376,poly-higg,10000.0,1.78,1.591699195161283,0.250420002308894,0.2018609966773995,-0.048559005631494484
376,poly-higg,100000.0,1.78,1.5410003525157494,0.250420002308894,0.18780273806665243,-0.06261726424224157
376,poly-higg,15000000.0,1.78,1.404356326957872,0.250420002308894,0.14747731519937968,-0.10294268710951432
377,poly-higg,100.0,1.68,1.6316325324592247,0.22530928172586284,0.21262235595289602,-0.012686925772966817
377,poly-higg,1000.0,1.68,1.556478482146653,0.22530928172586284,0.19214312106763964,-0.0331661606582232
377,poly-higg,10000.0,1.68,1.4816750416839684,0.22530928172586284,0.17075296539884482,-0.05455631632701802
377,poly-higg,100000.0,1.68,1.425200804843207,0.22530928172586284,0.15387605893498757,-0.07143322279087527
377,poly-higg,15000000.0,1.68,1.3461448500911748,0.22530928172586284,0.12909179407119412,-0.09621748765466873
378,poly-higg,100.0,1.56,1.5694581610261662,0.1931245983544616,0.19574974266896458,0.002625144314502975
378,poly-higg,1000.0,1.56,1.5231878074267189,0.1931245983544616,0.18275345468240997,-0.010371143672051636
378,poly-higg,10000.0,1.56,1.5216171232724636,0.1931245983544616,0.18230538688362521,-0.010819211470836393
378,poly-higg,100000.0,1.56,1.5085285776922077,0.1931245983544616,0.17855354190011682,-0.014571056454344783
378,poly-higg,15000000.0,1.56,1.482421776801652,0.1931245983544616,0.17097178615118447,-0.02215281220327714
379,poly-higg,100.0,4.19,4.999367374541125,0.6222140229662954,0.6989150517103223,0.07670102874402696
379,poly-higg,1000.0,4.19,4.910728685077101,0.6222140229662954,0.6911459402751899,0.06893191730889459
379,poly-higg,10000.0,4.19,4.415709098738632,0.6222140229662954,0.6450004548991423,0.022786431932846907
379,poly-higg,100000.0,3.76,3.773319337713117,0.5751878449276611,0.5767235612937466,0.0015357163660855155
379,poly-higg,15000000.0,2.9,2.9914575982095353,0.4623979978989561,0.47588285140533254,0.01348485350637646
380,poly-higg,100.0,6.01,5.52245065057188,0.7788744720027395,0.7421318436416929,-0.03674262836104658
380,poly-higg,1000.0,6.01,5.131400407318854,0.7788744720027395,0.7102359043268609,-0.06863856767587861
380,poly-higg,10000.0,6.01,4.824884098862204,0.7788744720027395,0.6834868853836142,-0.09538758661912528
380,poly-higg,100000.0,5.32,4.45557204242146,0.7259116322950482,0.6489034701951903,-0.07700816209985784
380,poly-higg,15000000.0,3.64,3.3424699778400004,0.561101383649056,0.524067515106205,-0.03703386854285107
381,poly-higg,100.0,5.24,5.215400848257614,0.7193312869837266,0.7172876932987305,-0.00204359368499607
381,poly-higg,1000.0,5.24,5.045957239042831,0.7193312869837266,0.7029435658552723,-0.016387721128454324
381,poly-higg,10000.0,4.74,4.742367424596716,0.6757783416740851,0.6759951987972064,0.00021685712312125016
381,poly-higg,100000.0,4.31,4.349157155453276,0.6344772701607315,0.6384051010461168,0.003927830885385286
381,poly-higg,15000000.0,3.75,3.7863751776012804,0.5740312677277188,0.5782236443581714,0.004192376630452577
382,poly-higg,100.0,5.29,4.26715414281216,0.7234556720351858,0.6301383312032611,-0.09331734083192467
382,poly-higg,1000.0,4.89,4.116354472717229,0.6893088591236202,0.6145127662158839,-0.07479609290773626
382,poly-higg,10000.0,4.44,3.8981790253699877,0.6473829701146199,0.5908617803806113,-0.05652118973400855
382,poly-higg,100000.0,4.04,3.5740000015887468,0.6063813651106049,0.553154548362682,-0.053226816747922956
382,poly-higg,15000000.0,3.04,2.3536580341512128,0.48287358360875376,0.37174336391545043,-0.11113021969330333
383,poly-higg,100.0,3.26,3.847517272322181,0.5132176000679389,0.5851805781480584,0.07196297808011942
383,poly-higg,1000.0,3.26,3.7738461533654317,0.5132176000679389,0.5767841915082086,0.06356659144026966
383,poly-higg,10000.0,3.26,3.6129962647136806,0.5132176000679389,0.5578675125740905,0.04464991250615158
383,poly-higg,100000.0,2.76,3.411480343860783,0.4409090820652177,0.5329428733215119,0.09203379125629424
383,poly-higg,15000000.0,2.25,2.3313407026446558,0.3521825181113625,0.36760574605003954,0.015423227938677064
384,poly-higg,100.0,4.49,3.142256830145797,0.6522463410033232,0.4972416789078577,-0.15500466209546554
384,poly-higg,1000.0,3.5,3.042185774209779,0.5440680443502757,0.48318573116691754,-0.06088231318335813
384,poly-higg,10000.0,3.5,2.894251323755868,0.5440680443502757,0.46153624059823095,-0.08253180375204472
384,poly-higg,100000.0,3.22,2.727799105563527,0.5078558716958309,0.435812382642109,-0.07204348905372193
384,poly-higg,15000000.0,2.8,2.067409217259729,0.4471580313422192,0.3154264481840651,-0.1317315831581541
385,poly-higg,100.0,3.7,2.8410882313792882,0.568201724066995,0.4534847211591031,-0.11471700290789189
385,poly-higg,1000.0,3.05,2.718932706088915,0.48429983934678583,0.4343984588799191,-0.04990138046686671
385,poly-higg,10000.0,3.0,2.6322908250187775,0.47712125471966244,0.4203338700191795,-0.056787384700482946
385,poly-higg,100000.0,2.76,2.5465092997780103,0.4409090820652177,0.4059452665459287,-0.034963815519288954
385,poly-higg,15000000.0,2.4,1.995008944225823,0.38021124171160603,0.2999448471000664,-0.08026639461153962
386,poly-higg,100.0,2.65,2.6596441195394447,0.42324587393680785,0.42482352863850437,0.0015776547016965181
386,poly-higg,1000.0,2.65,2.5484809646186712,0.42324587393680785,0.4062813940589446,-0.01696447987786326
386,poly-higg,10000.0,2.65,2.4789266549048605,0.42324587393680785,0.39426367729572825,-0.028982196641079594
386,poly-higg,100000.0,2.44,2.412045764991472,0.3873898263387294,0.382385543640048,-0.005004282698681417
386,poly-higg,15000000.0,1.8,1.9467542088717271,0.25527250510330607,0.2893111223114451,0.034038617208139055
387,belatacept,100.0,3.94,3.856271903077011,0.5954962218255742,0.5861676481153313,-0.009328573710242871
387,belatacept,1000.0,3.94,3.692237204475637,0.5954962218255742,0.5672895941105582,-0.02820662771501592
387,belatacept,10000.0,3.94,3.521486264615801,0.5954962218255742,0.5467259987873596,-0.048770223038214544
387,belatacept,100000.0,3.31,3.2222618867227784,0.5198279937757188,0.5081608344496059,-0.011667159326112841
387,belatacept,15000000.0,1.8,2.0805982712810884,0.25527250510330607,0.31818823330713775,0.06291572820383168
388,belatacept,100.0,2.3,2.138114555933841,0.36172783601759284,0.33003097013240956,-0.03169686588518328
388,belatacept,1000.0,2.3,2.051504260679206,0.36172783601759284,0.31207242327102647,-0.049655412746566374
388,belatacept,10000.0,2.3,1.9653035557588439,0.36172783601759284,0.293429639906982,-0.06829819611061083
388,belatacept,100000.0,2.12,1.84654703251945,0.32633586092875144,0.26636037383564903,-0.05997548709310241
388,belatacept,15000000.0,1.84,1.4776562471482053,0.2648178230095365,0.16957341421423597,-0.09524440879530052
389,belatacept,100.0,2.05,2.0600397602580736,0.31175386105575426,0.31387560264781367,0.002121741592059412
389,belatacept,1000.0,2.05,1.98301223620554,0.31175386105575426,0.29732539403392094,-0.014428467021833313
389,belatacept,10000.0,2.05,1.9153726768732593,0.31175386105575426,0.2822532878413127,-0.02950057321444155
389,belatacept,100000.0,1.89,1.8221808536264326,0.2764618041732441,0.26059147902231605,-0.015870325150928066
389,belatacept,15000000.0,1.64,1.4658546214159494,0.21484384804769785,0.1660909005591329,-0.04875294748856496
390,belatacept,100.0,3.0,2.7175723593895436,0.47712125471966244,0.4341811166461763,-0.04294013807348612
390,belatacept,1000.0,2.35,2.523220438667237,0.37106786227173627,0.4019551938844979,0.030887331612761637
390,belatacept,10000.0,2.35,2.207957641874018,0.37106786227173627,0.34399073750062464,-0.027077124771111627
390,belatacept,100000.0,1.66,1.7507347540991658,0.22010808804005508,0.24322035307547188,0.0231122650354168
390,belatacept,15000000.0,1.1,1.142735559829468,0.04139268515822508,0.05794574203662264,0.01655305687839756
391,belatacept,100.0,2.19,2.309865511229657,0.34044411484011833,0.3635866944241096,0.023142579583991296
391,belatacept,1000.0,2.19,2.232370674400878,0.34044411484011833,0.34876630876061915,0.00832219392050082
391,belatacept,10000.0,2.19,2.167164691860888,0.34044411484011833,0.33589191641838595,-0.0045521984217323785
391,belatacept,100000.0,2.19,2.0834768875014467,0.34044411484011833,0.31878868708930863,-0.021655427750809697
391,belatacept,15000000.0,2.19,1.761937349044952,0.34044411484011833,0.24599046171064562,-0.09445365312947271
392,belatacept,100.0,1.66,1.4926560712836712,0.22010808804005508,0.17395975176361245,-0.04614833627644263
392,belatacept,1000.0,1.66,1.4407187744680583,0.22010808804005508,0.15857921563970342,-0.06152887240035165
392,belatacept,10000.0,1.19,1.3697631199682492,0.07554696139253074,0.1366454689187752,0.06109850752624445
392,belatacept,100000.0,1.09,1.2748018381801671,0.037426497940623665,0.10544268102614421,0.06801618308552054
392,belatacept,15000000.0,0.95,1.0196916395980262,-0.022276394711152253,0.00846885855806354,0.030745253269215796
393,belatacept,100.0,2.9,2.5417290681329168,0.4623979978989561,0.40512925570432096,-0.057268742194635125
393,belatacept,1000.0,2.55,2.4628361697824714,0.4065401804339551,0.3914355231156396,-0.015104657318315506
393,belatacept,10000.0,2.55,2.429254885080664,0.4065401804339551,0.385473084741979,-0.021067095691976123
393,belatacept,100000.0,2.55,2.349227850147125,0.4065401804339551,0.370925140771942,-0.035615039662013126
393,belatacept,15000000.0,2.5,1.6780427755101743,0.3979400086720376,0.22480302736946878,-0.17313698130256883
394,belatacept,100.0,3.39,3.435448252425455,0.5301996982030822,0.5359834112220488,0.00578371301896663
394,belatacept,1000.0,3.39,3.355164755215954,0.5301996982030822,0.5257138510398363,-0.0044858471632459596
394,belatacept,10000.0,3.39,3.2371945173498577,0.5301996982030822,0.5101687961815552,-0.02003090202152702
394,belatacept,100000.0,2.76,3.007533908605505,0.4409090820652177,0.47821053251636886,0.037301450451151186
394,belatacept,15000000.0,2.1,2.197854135383623,0.3222192947339193,0.3419988662949055,0.019779571560986198
395,belatacept,100.0,2.25,2.3863274011799587,0.3521825181113625,0.37773002809012074,0.025547509978758265
395,belatacept,1000.0,2.25,2.2777673829838374,0.3521825181113625,0.3575093696794759,0.005326851568113411
395,belatacept,10000.0,2.25,2.201944162049176,0.3521825181113625,0.34280630172865123,-0.009376216382711244
395,belatacept,100000.0,2.25,2.1750372693315043,0.3521825181113625,0.33746670300391735,-0.01471581510744513
395,belatacept,15000000.0,2.25,1.9686292201442053,0.3521825181113625,0.2941639270021454,-0.05801859110921709
396,belatacept,100.0,2.89,2.8918910872676533,0.4608978427565479,0.46118193278246816,0.00028409002592028054
396,belatacept,1000.0,2.89,2.846494348854893,0.4608978427565479,0.4543103259436062,-0.006587516812941674
396,belatacept,10000.0,2.89,2.751210603798093,0.4608978427565479,0.43952383668794814,-0.021374006068599738
396,belatacept,100000.0,2.66,2.6514643844175745,0.424881636631067,0.4234857978680076,-0.001395838763059376
396,belatacept,15000000.0,2.31,2.273303525018853,0.36361197989214433,0.35665742535996897,-0.006954554532175361
397,belatacept,100.0,1.3,1.4043547687031113,0.11394335230683679,0.14747683331183697,0.033533481005000185
397,belatacept,1000.0,1.3,1.3890583636602383,0.11394335230683679,0.14272049374559154,0.028777141438754747
397,belatacept,10000.0,1.3,1.3598985079285801,0.11394335230683679,0.13350649727365155,0.019563144966814758
397,belatacept,100000.0,1.3,1.3376489215725766,0.11394335230683679,0.1263421437526054,0.012398791445768623
397,belatacept,15000000.0,1.3,1.240670251242038,0.11394335230683679,0.09365636885132554,-0.020286983455511248
398,etanercept,100.0,4.59,4.352118772380668,0.6618126855372612,0.6387007390535571,-0.023111946483704182
398,etanercept,1000.0,4.59,4.157325076396568,0.6618126855372612,0.618813984902038,-0.042998700635223264
398,etanercept,10000.0,3.3,3.652935532577999,0.5185139398778874,0.5626420078011062,0.04412806792321877
398,etanercept,100000.0,3.04,3.086132366283984,0.48287358360875376,0.48941454930778444,0.006540965699030676
398,etanercept,15000000.0,1.75,1.9305037921627404,0.24303804868629444,0.2856706590622358,0.04263261037594138
399,etanercept,100.0,5.34,5.6188427739712195,0.7275412570285564,0.7496468798699419,0.022105622841385508
399,etanercept,1000.0,5.34,5.549662361068614,0.7275412570285564,0.7442665616478508,0.016725304619294334
399,etanercept,10000.0,5.34,5.226573968037552,0.7275412570285564,0.7182171010407249,-0.00932415598783154
399,etanercept,100000.0,4.59,4.430564046924197,0.6618126855372612,0.6464590189709685,-0.015353666566292778
399,etanercept,15000000.0,2.8,2.830840138600314,0.4471580313422192,0.45191534485643736,0.004757313514218153
400,etanercept,100.0,4.28,4.659448811065465,0.631443769013172,0.6683345449151481,0.03689077590197609
400,etanercept,1000.0,4.28,4.441284925735603,0.631443769013172,0.6475086357508848,0.01606486673771279
400,etanercept,10000.0,4.04,4.119586903292137,0.6063813651106049,0.6148536687963682,0.008472303685763238
400,etanercept,100000.0,3.71,3.582230420889617,0.5693739096150459,0.5541535176666625,-0.015220391948383316
400,etanercept,15000000.0,2.42,2.141556799877485,0.38381536598043126,0.3307295975494139,-0.053085768431017366
401,etanercept,100.0,1.55,1.6240331943330137,0.1903316981702915,0.21059490173294507,0.02026320356265357
401,etanercept,1000.0,1.55,1.6398368478542265,0.1903316981702915,0.21480064097370888,0.02446894280341738
401,etanercept,10000.0,1.55,1.6506043637527767,0.1903316981702915,0.21764298893232764,0.027311290762036144
401,etanercept,100000.0,1.55,1.650078643574277,0.1903316981702915,0.21750464339961725,0.027172945229325757
401,etanercept,15000000.0,1.55,1.5379174286728596,0.1903316981702915,0.18693301866801396,-0.0033986795022775407
402,etanercept,100.0,1.98,1.9888983220880108,0.2966651902615311,0.29861258137238333,0.0019473911108522368
402,etanercept,1000.0,1.98,2.0197891883303143,0.2966651902615311,0.3053060431483046,0.00864085288677352
402,etanercept,10000.0,1.98,2.022098465906306,0.2966651902615311,0.3058022997013583,0.009137109439827207
402,etanercept,100000.0,1.98,2.0036684109178395,0.2966651902615311,0.30182585131499806,0.005160661053466964
402,etanercept,15000000.0,1.98,1.8961693126713974,0.2966651902615311,0.27787711373829116,-0.018788076523239938
403,etanercept,100.0,1.65,1.6394126186806737,0.21748394421390627,0.2146882735603453,-0.0027956706535609555
403,etanercept,1000.0,1.65,1.6692453409847368,0.21748394421390627,0.22252017275189218,0.0050362285379859095
403,etanercept,10000.0,1.65,1.6708421723090767,0.21748394421390627,0.2229354283898156,0.005451484175909321
403,etanercept,100000.0,1.65,1.6688737690808455,0.21748394421390627,0.2224234885876452,0.004939544373738947
403,etanercept,15000000.0,1.6,1.483322919286213,0.2041199826559248,0.17123570719672404,-0.03288427545920075
404,etanercept,100.0,2.11,2.1809493821555797,0.3242824552976926,0.3386455861171602,0.014363130819467607
404,etanercept,1000.0,2.11,2.136430367016818,0.3242824552976926,0.3296887423611829,0.005406287063490278
404,etanercept,10000.0,2.11,2.074396859637605,0.3242824552976926,0.31689184629740585,-0.007390609000286763
404,etanercept,100000.0,2.11,1.9571487377153363,0.3242824552976926,0.29162383205268927,-0.03265862324500335
404,etanercept,15000000.0,2.1,1.6138614039947232,0.3222192947339193,0.20786623542644272,-0.11435305930747658
405,etanercept,100.0,5.69,6.22045522012775,0.7551122663950712,0.793822168027702,0.03870990163263077
405,etanercept,1000.0,5.69,5.924771696027805,0.7551122663950712,0.7726716199875201,0.017559353592448868
405,etanercept,10000.0,5.69,5.75131469520004,0.7551122663950712,0.759767131577848,0.004654865182776802
405,etanercept,100000.0,5.23,5.019956354872638,0.7185016888672743,0.7006999412644666,-0.017801747602807727
405,etanercept,15000000.0,2.4,2.539583428541678,0.38021124171160603,0.404762484524386,0.024551242812779983
406,etanercept,100.0,6.79,4.9678826261718685,0.8318697742805017,0.6961713264181109,-0.13569844786239083
406,etanercept,1000.0,6.79,4.448552261788753,0.8318697742805017,0.6482186970450383,-0.18365107723546337
406,etanercept,10000.0,5.99,3.7877380804912772,0.7774268223893114,0.578379940201847,-0.19904688218746436
406,etanercept,100000.0,5.51,3.026673592904956,0.741151598851785,0.4809655876418283,-0.26018601120995677
406,etanercept,15000000.0,3.0,1.8053753107184587,0.47712125471966244,0.25656749900106324,-0.2205537557185992
407,etanercept,100.0,7.66,8.384375184090377,0.884228769632604,0.92347070388756,0.039241934254956035
407,etanercept,1000.0,7.66,7.9013808259999285,0.884228769632604,0.8977029941650532,0.013474224532449175
407,etanercept,10000.0,7.66,7.395153777619512,0.884228769632604,0.8689472093102224,-0.015281560322381593
407,etanercept,100000.0,6.43,6.426960161529303,0.8082109729242221,0.8080056078796525,-0.00020536504456958316
407,etanercept,15000000.0,2.2,2.7631300457415287,0.3424226808222063,0.44140132531421605,0.09897864449200977
408,etanercept,100.0,1.51,1.5882312509342698,0.17897694729316943,0.20091373719234645,0.021936789899177023
408,etanercept,1000.0,1.51,1.5678419778144794,0.17897694729316943,0.19530228818159778,0.016325340888428352
408,etanercept,10000.0,1.51,1.5690051326689658,0.17897694729316943,0.19562436429194832,0.01664741699877889
408,etanercept,100000.0,1.51,1.5837632764396266,0.17897694729316943,0.19969026852941524,0.020713321236245807
408,etanercept,15000000.0,1.5,1.4130762286310616,0.17609125905568124,0.1501655905682129,-0.02592566848746833
409,etanercept,100.0,1.66,1.678784581818459,0.22010808804005508,0.2249949719393138,0.004886883899258732
409,etanercept,1000.0,1.66,1.6857150980562507,0.22010808804005508,0.22678417657736302,0.006676088537307945
409,etanercept,10000.0,1.66,1.678682810597991,0.22010808804005508,0.2249686433562996,0.004860555316244519
409,etanercept,100000.0,1.66,1.6356992281673175,0.22010808804005508,0.21370344875094158,-0.006404639289113501
409,etanercept,15000000.0,1.0,1.2406531060387764,0.0,0.09365036716102115,0.09365036716102115
410,etanercept,100.0,68.89,72.1176132499868,1.8381561847521477,1.858041345206317,0.019885160454169215
410,etanercept,1000.0,66.89,59.55105493371484,1.8253611959526332,1.7748894593172526,-0.050471736635380626
410,etanercept,10000.0,56.91,49.19944520241803,1.755188585608325,1.6919602054729106,-0.06322838013541432
410,etanercept,100000.0,34.9,34.14323678492942,1.54282542695918,1.5333046899246052,-0.009520737034574678
410,etanercept,15000000.0,8.1,8.254716363652284,0.9084850188786497,0.916702155270896,0.008217136392246305
411,etanercept,100.0,4.09,5.071677112660669,0.6117233080073418,0.7051515964798566,0.09342828847251483
411,etanercept,1000.0,4.09,4.787056346712305,0.6117233080073418,0.6800685394356162,0.06834523142827442
411,etanercept,10000.0,4.09,4.4619722850711225,0.6117233080073418,0.6495268683955869,0.03780356038824517
411,etanercept,100000.0,3.76,3.7853574508554058,0.5751878449276611,0.5781068961489652,0.002919051221304092
411,etanercept,15000000.0,2.15,1.9817314609050927,0.33243845991560533,0.2970448040602002,-0.03539365585540516
412,etanercept,100.0,6.99,4.81155740043238,0.8444771757456814,0.6822856711635636,-0.16219150458211773
412,etanercept,1000.0,4.99,4.604123333771728,0.69810054562339,0.663146948854164,-0.034953596769225936
412,etanercept,10000.0,4.39,4.234650879635334,0.6424645202421213,0.6268176112906161,-0.015646908951505223
412,etanercept,100000.0,3.5,3.5885164244525107,0.5440680443502757,0.5549149383160762,0.01084689396580052
412,etanercept,15000000.0,2.1,1.9244452466140698,0.3222192947339193,0.2843055592697121,-0.03791373546420718
413,etanercept,100.0,5.83,5.848123243053583,0.7656685547590141,0.7670165163461996,0.001347961587185531
413,etanercept,1000.0,5.83,5.558707744927707,0.7656685547590141,0.7449738411366442,-0.020694713622369854
413,etanercept,10000.0,5.19,5.0971995233036616,0.7151673578484579,0.7073316338190065,-0.007835724029451319
413,etanercept,100000.0,4.5,4.2700940539841366,0.6532125137753437,0.6304374409914066,-0.02277507278393709
413,etanercept,15000000.0,1.35,1.7203405938067995,0.13033376849500614,0.2356144372374674,0.10528066874246125
414,etanercept,100.0,6.56,6.743472716188306,0.8169038393756602,0.8288836047064847,0.011979765330824454
414,etanercept,1000.0,6.56,6.139101802407391,0.8169038393756602,0.7881048351814368,-0.028799004194223432
414,etanercept,10000.0,4.99,5.388068221440716,0.69810054562339,0.7314330859387876,0.033332540315397674
414,etanercept,100000.0,4.59,4.420420473230773,0.6618126855372612,0.645463581683636,-0.016349103853625202
414,etanercept,15000000.0,1.0,1.3811718227078904,0.0,0.14024770972425754,0.14024770972425754
415,etanercept,100.0,1.1,1.2031915216090299,0.04139268515822508,0.0803347629654968,0.03894207780727172
415,etanercept,1000.0,1.1,1.1380665653399606,0.04139268515822508,0.0561676646200138,0.014774979461788726
415,etanercept,10000.0,1.1,1.0622363464420779,0.04139268515822508,0.02622115755117544,-0.015171527607049637
415,etanercept,100000.0,0.9,1.024557900522327,-0.045757490560675115,0.01053650657987072,0.05629399714054584
415,etanercept,15000000.0,0.9,0.9513551012435508,-0.045757490560675115,-0.021657348756239723,0.024100141804435392
416,etanercept,100.0,1.21,1.3192427810878926,0.08278537031645007,0.12032472639111975,0.03753935607466968
416,etanercept,1000.0,1.21,1.2792214471300272,0.08278537031645007,0.1069457320797525,0.024160361763302426
416,etanercept,10000.0,1.21,1.2191165245424394,0.08278537031645007,0.08604521796228906,0.0032598476458389897
416,etanercept,100000.0,1.1,1.1624371539433953,0.04139268515822508,0.06536948247951126,0.02397679732128618
416,etanercept,15000000.0,1.0,1.038023495831809,0.0,0.016207183950411774,0.016207183950411774
417,etanercept,100.0,1.84,1.9955105971104683,0.2648178230095365,0.3000540384364441,0.035236215426907636
417,etanercept,1000.0,1.84,1.9130200934616246,0.2648178230095365,0.28171953167584596,0.016901708666309467
417,etanercept,10000.0,1.84,1.7747186817543226,0.2648178230095365,0.24912952097168609,-0.015688302037850405
417,etanercept,100000.0,1.38,1.5817283265114472,0.13987908640123647,0.19913189229131292,0.05925280589007645
417,etanercept,15000000.0,1.12,1.1798172138785508,0.04921802267018165,0.07181472836298879,0.022596705692807133
418,etanercept,100.0,24.96,22.199835631505923,1.3972445810103864,1.3463497589283755,-0.050894822082010904
418,etanercept,1000.0,19.96,18.80715393828778,1.3001605369513523,1.2743230793135174,-0.02583745763783485
418,etanercept,10000.0,18.98,15.725122929210883,1.2782962080912739,1.1965940491741762,-0.08170215891709764
418,etanercept,100000.0,11.94,11.33316202275847,1.0770043267933502,1.0543510976343877,-0.022653229158962507
418,etanercept,15000000.0,4.3,3.6912627462768355,0.6334684555795865,0.567174959635346,-0.0662934959442405
419,etanercept,100.0,47.93,45.654916864728015,1.6806074289917878,1.659487556289375,-0.02111987270241289
419,etanercept,1000.0,39.94,37.302612754597945,1.6014080605346837,1.5717392517863003,-0.029668808748383402
419,etanercept,10000.0,32.95,30.901919232086232,1.5178554189300286,1.4899854530824546,-0.027869965847574063
419,etanercept,100000.0,22.97,21.727103917312267,1.361160995195026,1.3370018415275262,-0.024159153667499877
419,etanercept,15000000.0,6.0,6.0421627792194545,0.7781512503836436,0.7811924212293007,0.0030411708456570263
420,etanercept,100.0,99.84,108.95443076039895,1.9993045723383487,2.0372448960385876,0.03794032370023892
420,etanercept,1000.0,99.84,91.88743860494942,1.9993045723383487,1.9632561455817301,-0.03604842675661857
420,etanercept,10000.0,89.85,78.14669944973788,1.9535180814449926,1.892910640179442,-0.06060744126555062
420,etanercept,100000.0,55.11,54.70462066915479,1.7412304110254708,1.7380240109104723,-0.003206400114998509
420,etanercept,15000000.0,10.5,12.219529476198716,1.021189299069938,1.0870544833349551,0.06586518426501708
421,belatacept,100.0,7.29,8.459397420746589,0.8627275283179746,0.9273394285041499,0.06461190018617524
421,belatacept,1000.0,7.29,8.018080960526735,0.8627275283179746,0.9040704371143655,0.04134290879639091
421,belatacept,10000.0,7.29,7.544018451162557,0.8627275283179746,0.8776027419281431,0.014875213610168525
421,belatacept,100000.0,6.43,6.708443339397806,0.8082109729242221,0.8266217560049736,0.018410783080751503
421,belatacept,15000000.0,3.2,3.2670823577525674,0.505149978319906,0.5141600824603343,0.009010104140428243
422,pembrolizumab,100.0,5.63,5.703002756981746,0.7505083948513462,0.7561035815345479,0.005595186683201692
422,pembrolizumab,1000.0,5.0,5.229960560636499,0.6989700043360189,0.7184984138457597,0.019528409509740885
422,pembrolizumab,10000.0,4.75,4.687493401740191,0.6766936096248666,0.6709406694099423,-0.005752940214924229
422,pembrolizumab,100000.0,4.14,3.8736150201218864,0.617000341120899,0.5881164560979173,-0.02888388502298167
422,pembrolizumab,15000000.0,2.0,2.221406296375931,0.3010299956639812,0.34662799850187037,0.04559800283788917
423,pembrolizumab,100.0,25.63,23.436510229053688,1.408748606184244,1.3698929443299503,-0.03885566185429368
423,pembrolizumab,1000.0,21.0,21.283799521784655,1.3222192947339193,1.3280491595275994,0.005829864793680084
423,pembrolizumab,10000.0,18.38,19.190138086719926,1.2643455070500924,1.2830780998050246,0.01873259275493222
423,pembrolizumab,100000.0,14.61,15.54268316511449,1.1646502159342969,1.191525994079748,0.026875778145451168
423,pembrolizumab,15000000.0,8.3,5.792434829520354,0.919078092376074,0.7628611562576262,-0.15621693611844778
424,pembrolizumab,100.0,27.0,19.86266664187855,1.4313637641589874,1.2980375538325395,-0.13332621032644787
424,pembrolizumab,1000.0,20.13,17.523884871628784,1.3038437748886544,1.2436303912888031,-0.06021338359985129
424,pembrolizumab,10000.0,15.88,15.18144576247344,1.2008504980910775,1.1813131323477286,-0.019537365743348856
424,pembrolizumab,100000.0,10.81,11.552309804357588,1.0338256939533104,1.062668827084883,0.028843133131572607
424,pembrolizumab,15000000.0,2.2,4.321837780629084,0.3424226808222063,0.6356684616911809,0.29324578086897457
425,pembrolizumab,100.0,43.75,44.71946365042475,1.6409780573583321,1.6504965861337837,0.009518528775451562
425,pembrolizumab,1000.0,43.75,41.14056087767749,1.6409780573583321,1.6142702082245273,-0.026707849133804862
425,pembrolizumab,10000.0,43.75,38.408965289972535,1.6409780573583321,1.5844326077403368,-0.05654544961799535
425,pembrolizumab,100000.0,40.25,35.720296872494814,1.6047658847038873,1.5529150596664123,-0.05185082503747496
425,pembrolizumab,15000000.0,14.0,11.659221286437196,1.146128035678238,1.0666695450802113,-0.07945849059802668
426,pembrolizumab,100.0,1.63,1.7851844156448267,0.21218760440395779,0.25168308686835833,0.039495482464400544
426,pembrolizumab,1000.0,1.63,1.6902162075733975,0.21218760440395779,0.22794226186234295,0.01575465745838517
426,pembrolizumab,10000.0,1.5,1.5893207140013696,0.17609125905568124,0.20121154369372884,0.025120284638047607
426,pembrolizumab,100000.0,1.5,1.5050761989455397,0.17609125905568124,0.17755848793242063,0.0014672288767393904
426,pembrolizumab,15000000.0,1.5,1.325549817577471,0.17609125905568124,0.12239605428143469,-0.05369520477424655
427,pembrolizumab,100.0,5.75,6.040649014750068,0.7596678446896304,0.7810836022605696,0.021415757570939165
427,pembrolizumab,1000.0,5.63,5.450235891104732,0.7505083948513462,0.7364152993386794,-0.014093095512666798
427,pembrolizumab,10000.0,5.13,4.851236035555514,0.7101173651118162,0.6858524056187414,-0.024264959493074834
427,pembrolizumab,100000.0,4.14,4.051798609317163,0.617000341120899,0.6076478510426715,-0.009352490078227471
427,pembrolizumab,15000000.0,2.5,2.3533916671951354,0.3979400086720376,0.37169421138609593,-0.026245797285941674
428,pembrolizumab,100.0,4.25,4.228507393595088,0.6283889300503115,0.6261870942969752,-0.002201835753336323
428,pembrolizumab,1000.0,3.38,3.6248612842345884,0.5289167002776547,0.5592913916948327,0.030374691417177968
428,pembrolizumab,10000.0,2.88,2.9793464873694155,0.45939248775923086,0.47412101305131277,0.014728525292081907
428,pembrolizumab,100000.0,2.19,2.232488560654054,0.34044411484011833,0.3487892422268554,0.008345127386737095
428,pembrolizumab,15000000.0,1.1,1.34604219848874,0.04139268515822508,0.12905867525462372,0.08766599009639864
429,pembrolizumab,100.0,6.75,5.344161592137345,0.829303772831025,0.7278795814870547,-0.1014241913439703
429,pembrolizumab,1000.0,5.0,4.880900333504272,0.6989700043360189,0.6884999395862381,-0.010470064749780739
429,pembrolizumab,10000.0,4.38,4.331707617695172,0.6414741105040995,0.6366591348630345,-0.0048149756410650335
429,pembrolizumab,100000.0,3.45,3.644217922170289,0.5378190950732742,0.5616043396418507,0.023785244568576558
429,pembrolizumab,15000000.0,1.9,2.029410289374708,0.2787536009528289,0.3073698579737493,0.02861625702092041
430,pembrolizumab,100.0,5.0,4.373512532325581,0.6989700043360189,0.6408303753365374,-0.05813962899948144
430,pembrolizumab,1000.0,4.0,3.88969442721218,0.6020599913279624,0.5899154846706437,-0.012144506657318699
430,pembrolizumab,10000.0,3.5,3.3922015781585633,0.5440680443502757,0.530481651863205,-0.01358639248707072
430,pembrolizumab,100000.0,2.76,2.890598738211661,0.4409090820652177,0.4609878087666914,0.020078726701473704
430,pembrolizumab,15000000.0,1.6,1.8254161383804652,0.2041199826559248,0.26136188577920194,0.05724190312327715
431,pembrolizumab,100.0,3.75,5.868782877436491,0.5740312677277188,0.7685480425727851,0.19451677484506624
431,pembrolizumab,1000.0,3.25,5.526112850605796,0.5118833609788743,0.7424197495444709,0.23053638856559655
431,pembrolizumab,10000.0,3.0,5.148693145154524,0.47712125471966244,0.7116970092602759,0.23457575454061347
431,pembrolizumab,100000.0,2.65,4.445885459688791,0.42324587393680785,0.6479582696841832,0.2247123957473754
431,pembrolizumab,15000000.0,2.3,2.4058475941014246,0.36172783601759284,0.38126811214048767,0.01954027612289483
432,pembrolizumab,100.0,6.63,6.09358449223881,0.8215135284047731,0.7848728373365949,-0.036640691068178244
432,pembrolizumab,1000.0,6.25,5.801151420636235,0.7958800173440752,0.7635142014938878,-0.032365815850187385
432,pembrolizumab,10000.0,6.25,5.578592273206662,0.7958800173440752,0.746524620960958,-0.049355396383117256
432,pembrolizumab,100000.0,5.75,5.19808147127731,0.7596678446896304,0.715843082061663,-0.04382476262796742
432,pembrolizumab,15000000.0,5.2,4.40373855994142,0.7160033436347992,0.643821527977941,-0.07218181565685822
433,pembrolizumab,100.0,7.25,5.961020885023351,0.8603380065709937,0.7753206434256035,-0.08501736314539021
433,pembrolizumab,1000.0,6.25,5.594575025381303,0.7958800173440752,0.7477671022778463,-0.048112915066228945
433,pembrolizumab,10000.0,5.63,4.944901054870532,0.7505083948513462,0.6941576059931266,-0.05635078885821965
433,pembrolizumab,100000.0,4.72,4.299986478034511,0.6739419986340878,0.6334670898762773,-0.04047490875781046
433,pembrolizumab,15000000.0,3.2,3.2583452646318305,0.505149978319906,0.5129971016360002,0.007847123316094162
434,pembrolizumab,100.0,6.38,5.801959890906786,0.8048206787211624,0.7635747221884539,-0.04124595653270846
434,pembrolizumab,1000.0,5.13,5.292324197519477,0.7101173651118162,0.7236464403682952,0.01352907525647895
434,pembrolizumab,10000.0,4.5,4.573207371335518,0.6532125137753437,0.660220894838982,0.007008381063638325
434,pembrolizumab,100000.0,3.68,3.6520825151752305,0.5658478186735176,0.5625405814253596,-0.003307237248158068
434,pembrolizumab,15000000.0,2.2,2.3471676459721453,0.3424226808222063,0.3705441101015392,0.02812142927933292
435,pembrolizumab,100.0,4.63,4.0119125897477526,0.6655809910179531,0.603351462183934,-0.06222952883401911
435,pembrolizumab,1000.0,3.5,3.3313824166998454,0.5440680443502757,0.5226244891696331,-0.02144355518064256
435,pembrolizumab,10000.0,3.0,2.7608318307221893,0.47712125471966244,0.44103995346515706,-0.03608130125450537
435,pembrolizumab,100000.0,2.3,2.3192907708257615,0.36172783601759284,0.3653551998018024,0.0036273637842095807
435,pembrolizumab,15000000.0,1.9,1.7470038358896498,0.2787536009528289,0.24229385856271296,-0.03645974239011596
436,pembrolizumab,100.0,7.0,5.712699413282592,0.8450980400142568,0.7568413732663855,-0.08825666674787136
436,pembrolizumab,1000.0,5.5,5.043627604567425,0.7403626894942439,0.7027430130215964,-0.03761967647264752
436,pembrolizumab,10000.0,4.63,4.053054466931794,0.6655809910179531,0.6077824400429469,-0.05779855097500619
436,pembrolizumab,100000.0,3.57,3.272615375258405,0.5526682161121932,0.5148949664389312,-0.03777324967326201
436,pembrolizumab,15000000.0,2.0,2.320854905914024,0.3010299956639812,0.36564799029194495,0.06461799462796375
437,pembrolizumab,100.0,5.13,4.934894295183791,0.7101173651118162,0.6932778545720085,-0.0168395105398077
437,pembrolizumab,1000.0,4.0,4.304458774774035,0.6020599913279624,0.6339185527918401,0.031858561463877666
437,pembrolizumab,10000.0,3.5,3.475679483415001,0.5440680443502757,0.5410397203076239,-0.003028324042651742
437,pembrolizumab,100000.0,2.88,2.96470067264891,0.45939248775923086,0.47198085190632044,0.012588364147089581
437,pembrolizumab,15000000.0,2.0,2.014919383969501,0.3010299956639812,0.3042576748952034,0.0032276792312221914
438,pembrolizumab,100.0,7.25,6.20122615877784,0.8603380065709937,0.792477570359722,-0.06786043621127169
438,pembrolizumab,1000.0,6.5,5.909070696383688,0.8129133566428556,0.7715191859291772,-0.04139417071367835
438,pembrolizumab,10000.0,6.13,5.624472881828755,0.787460474518415,0.750081827185178,-0.037378647333237036
438,pembrolizumab,100000.0,5.18,5.151194454902724,0.714329759745233,0.7119079445800989,-0.002421815165134178
438,pembrolizumab,15000000.0,3.8,3.490121249039127,0.5797835966168101,0.5428405148886744,-0.03694308172813576
439,pembrolizumab,100.0,7.75,7.0830411852485105,0.8893017025063102,0.850219767066519,-0.039081935439791216
439,pembrolizumab,1000.0,6.88,6.501242143086208,0.8375884382355113,0.8129963419274582,-0.024592096308053146
439,pembrolizumab,10000.0,6.0,5.933506375082482,0.7781512503836436,0.7733114133163579,-0.004839837067285746
439,pembrolizumab,100000.0,4.83,4.929706065604198,0.6839471307515121,0.6928210251815385,0.008873894430026397
439,pembrolizumab,15000000.0,2.8,2.7774552769773484,0.4471580313422192,0.44364707459100544,-0.0035109567512137674
440,pembrolizumab,100.0,9.5,7.7413402391763,0.9777236052888477,0.8888161555266412,-0.08890744976220655
440,pembrolizumab,1000.0,7.5,7.078135140143302,0.8750612633917001,0.8499188502000885,-0.02514241319161159
440,pembrolizumab,10000.0,6.25,6.276289731307805,0.7958800173440752,0.7977029836408176,0.0018229662967423899
440,pembrolizumab,100000.0,4.83,4.7884037653778275,0.6839471307515121,0.6801907636396256,-0.0037563671118865383
440,pembrolizumab,15000000.0,2.4,2.8509762449324603,0.38021124171160603,0.4549935986711821,0.07478235695957608
441,pembrolizumab,100.0,6.0,6.7985267533003375,0.7781512503836436,0.8324148109073788,0.054263560523735155
441,pembrolizumab,1000.0,5.63,6.422446355634545,0.7505083948513462,0.8077004854492129,0.057192090597866674
441,pembrolizumab,10000.0,5.25,5.9340714067491716,0.7201593034059569,0.7733527680291123,0.05319346462315544
441,pembrolizumab,100000.0,4.6,5.179731152877469,0.6627578316815741,0.7143072188471935,0.05154938716561941
441,pembrolizumab,15000000.0,3.6,3.6913800363119234,0.5563025007672873,0.5671887591422503,0.010886258374963043
442,pembrolizumab,100.0,6.88,6.322819725323794,0.8375884382355113,0.8009107994926081,-0.036677638742903196
442,pembrolizumab,1000.0,6.0,5.671806894298449,0.7781512503836436,0.7537214361791981,-0.024429814204445566
442,pembrolizumab,10000.0,5.63,5.063307541076669,0.7505083948513462,0.7044343068725627,-0.04607408797878354
442,pembrolizumab,100000.0,4.83,4.561252466038071,0.6839471307515121,0.6590841111737871,-0.024863019577725076
442,pembrolizumab,15000000.0,3.7,3.3344852948254657,0.568201724066995,0.5230288065079369,-0.04517291755905806
443,none,100.0,1.0,1.0159733346028759,0.0,0.006882309535694713,0.006882309535694713
443,none,1000.0,1.0,1.0248254019907108,0.0,0.010649881576278063,0.010649881576278063
443,none,10000.0,1.0,1.024353600424093,0.0,0.010449898246061825,0.010449898246061825
443,none,100000.0,1.0,1.0149280356612622,0.0,0.006435249319953767,0.006435249319953767
443,none,15000000.0,1.0,0.9630519668879246,0.0,-0.016350277440637332,-0.016350277440637332
444,adalimumab,100.0,10.31,8.469454562832247,1.0132586652835165,0.9278554424464538,-0.0854032228370627
444,adalimumab,1000.0,8.75,7.68780084347057,0.9420080530223133,0.8858021241789495,-0.05620592884336373
444,adalimumab,10000.0,7.88,6.9591977736197475,0.8965262174895553,0.8425591788963984,-0.05396703859315688
444,adalimumab,100000.0,7.25,5.942744564098264,0.8603380065709937,0.7739870634591676,-0.08635094311182612
444,adalimumab,15000000.0,1.35,2.484345344790241,0.13033376849500614,0.39521196626780436,0.2648781977727982
445,adalimumab,100.0,7.5,7.346539634425513,0.8750612633917001,0.8660828259485152,-0.008978437443184939
445,adalimumab,1000.0,6.38,6.523960287451752,0.8048206787211624,0.8145113087457583,0.009690630024595914
445,adalimumab,10000.0,5.75,5.70317160144311,0.7596678446896304,0.7561164391703461,-0.0035514055192843452
445,adalimumab,100000.0,4.83,4.815986065253582,0.6839471307515121,0.6826852216483912,-0.0012619091031209617
445,adalimumab,15000000.0,3.0,2.6796823925411517,0.47712125471966244,0.42808332263296783,-0.0490379320866946
446,adalimumab,100.0,8.38,8.68742048177825,0.9232440186302765,0.9388908424058864,0.015646823775609886
446,adalimumab,1000.0,8.38,8.266399434208264,0.9232440186302765,0.9173163866559919,-0.005927631974284586
446,adalimumab,10000.0,8.38,7.70458968799999,0.9232440186302765,0.8867495150878779,-0.03649450354239858
446,adalimumab,100000.0,7.71,6.545943618907322,0.887054378050957,0.8159722603513189,-0.07108211769963813
446,adalimumab,15000000.0,1.4,2.1585078803527966,0.146128035678238,0.3341536385320074,0.1880256028537694
447,adalimumab,100.0,8.13,7.870934319596675,0.9100905455940682,0.8960262883642429,-0.014064257229825294
447,adalimumab,1000.0,7.38,7.621736237889588,0.8680563618230416,0.8820539152559906,0.013997553432949061
447,adalimumab,10000.0,7.38,7.3188907183206275,0.8680563618230416,0.8644452625585588,-0.0036110992644827755
447,adalimumab,100000.0,6.79,6.324616961464029,0.8318697742805017,0.8010342284154744,-0.030835545865027236
447,adalimumab,15000000.0,2.7,2.843630517167516,0.43136376415898736,0.45387316632646957,0.022509402167482206
448,adalimumab,100.0,11.38,8.774608382490173,1.0561422620590524,0.9432277426741786,-0.11291451938487373
448,adalimumab,1000.0,8.75,8.111486820863862,0.9420080530223133,0.9091004669008795,-0.03290758612143374
448,adalimumab,10000.0,7.63,7.148335234047349,0.8825245379548805,0.8542049113326269,-0.028319626622253624
448,adalimumab,100000.0,6.1,6.057149611746136,0.785329835010767,0.7822683008802935,-0.0030615341304734978
448,adalimumab,15000000.0,3.6,3.3185916219199414,0.5563025007672873,0.5209538124391012,-0.03534868832818605
449,adalimumab,100.0,5.13,4.575702336048351,0.7101173651118162,0.6604577644701934,-0.04965960064162278
449,adalimumab,1000.0,4.25,4.258542425787752,0.6283889300503115,0.6292609782678669,0.0008720482175553768
449,adalimumab,10000.0,4.0,3.9456339962784273,0.6020599913279624,0.5961167968896136,-0.005943194438348787
449,adalimumab,100000.0,3.45,3.574727865204376,0.5378190950732742,0.5532429856787551,0.015423890605480883
449,adalimumab,15000000.0,2.6,2.671189489068579,0.414973347970818,0.42670469713328013,0.011731349162462157
450,adalimumab,100.0,9.25,7.049768136216365,0.9661417327390326,0.8481748334711561,-0.11796689926787651
450,adalimumab,1000.0,6.5,6.4498865042811575,0.8129133566428556,0.8095520726200612,-0.003361284022794342
450,adalimumab,10000.0,5.63,5.627692091701887,0.7505083948513462,0.7503303278293516,-0.0001780670219946323
450,adalimumab,100000.0,4.49,4.672763558891367,0.6522463410033232,0.6695738063470921,0.017327465343768833
450,adalimumab,15000000.0,2.6,2.866075484440049,0.414973347970818,0.45728762431815734,0.042314276347339363
451,adalimumab,100.0,4.0,4.11874404812738,0.6020599913279624,0.6147648043527003,0.012704813024737915
451,adalimumab,1000.0,3.88,3.871837083955382,0.5888317255942073,0.5879170751271294,-0.0009146504670778377
451,adalimumab,10000.0,3.88,3.6334494597760933,0.5888317255942073,0.5603191236615176,-0.028512601932689674
451,adalimumab,100000.0,3.57,3.3335552145980465,0.5526682161121932,0.5229076528609115,-0.029760563251281735
451,adalimumab,15000000.0,2.2,2.3313937331706316,0.3424226808222063,0.3676156247446647,0.02519294392245841
452,adalimumab,100.0,3.75,3.530461247784078,0.5740312677277188,0.5478314488102903,-0.026199818917428508
452,adalimumab,1000.0,3.75,3.4614476125723845,0.5740312677277188,0.539257763148697,-0.03477350457902184
452,adalimumab,10000.0,3.75,3.3754733543160107,0.5740312677277188,0.5283346840566722,-0.045696583671046676
452,adalimumab,100000.0,3.45,3.3157962441387174,0.5378190950732742,0.5205878352784127,-0.01723125979486151
452,adalimumab,15000000.0,3.45,3.2151472653604087,0.5378190950732742,0.5072008699721098,-0.03061822510116441
453,adalimumab,100.0,3.88,3.5570954091674203,0.5888317255942073,0.5510955140807003,-0.03773621151350692
453,adalimumab,1000.0,3.5,3.4062332424680184,0.5440680443502757,0.5322743830419076,-0.01179366130836812
453,adalimumab,10000.0,3.38,3.2197608129515354,0.5289167002776547,0.5078236103686308,-0.02109308990902392
453,adalimumab,100000.0,2.99,3.015531523718274,0.4756711883244297,0.4793638728518517,0.003692684527422052
453,adalimumab,15000000.0,2.6,2.5910542835911223,0.414973347970818,0.41347651171879557,-0.0014968362520224043
454,adalimumab,100.0,3.63,3.790648412717145,0.5599066250361125,0.5787135049492949,0.018806879913182306
454,adalimumab,1000.0,3.63,3.62134452287177,0.5599066250361125,0.5588698441388803,-0.0010367808972322479
454,adalimumab,10000.0,3.63,3.4845292860499195,0.5599066250361125,0.5421441189395524,-0.01776250609656016
454,adalimumab,100000.0,3.34,3.293411409835179,0.5237464668115644,0.5176459857562206,-0.006100481055343887
454,adalimumab,15000000.0,2.3,2.3065733600133598,0.36172783601759284,0.36296727179594024,0.0012394357783473975
455,adalimumab,100.0,5.75,5.678122938177657,0.7596678446896304,0.7542047912884953,-0.005463053401135176
455,adalimumab,1000.0,5.75,5.518626656695828,0.7596678446896304,0.7418310143911792,-0.01783683029845129
455,adalimumab,10000.0,5.75,5.302629685094313,0.7596678446896304,0.7244912987505266,-0.0351765459391038
455,adalimumab,100000.0,5.29,4.813799993808103,0.7234556720351858,0.6824880420275141,-0.040967630007671674
455,adalimumab,15000000.0,2.6,3.07443785627079,0.414973347970818,0.4877657190585203,0.07279237108770231
456,adalimumab,100.0,6.63,5.829806987820564,0.8215135284047731,0.7656541764550568,-0.05585935194971625
456,adalimumab,1000.0,5.25,5.512198331934369,0.7201593034059569,0.7413248353355418,0.021165531929584924
456,adalimumab,10000.0,4.5,4.671104234058257,0.6532125137753437,0.6694195585254729,0.01620704475012913
456,adalimumab,100000.0,3.68,3.862621813541214,0.5658478186735176,0.5868821887732341,0.021034370099716426
456,adalimumab,15000000.0,2.2,2.2822899054117607,0.3424226808222063,0.3583708093739718,0.015948128551765528
457,adalimumab,100.0,6.38,5.538006922462136,0.8048206787211624,0.7433534942743495,-0.06146718444681287
457,adalimumab,1000.0,5.38,5.168559372647687,0.7307822756663892,0.7133695094970773,-0.017412766169311866
457,adalimumab,10000.0,4.75,4.665010181344538,0.6766936096248666,0.668852595927519,-0.007841013697347576
457,adalimumab,100000.0,3.91,4.011216789335054,0.5921767573958668,0.6032761343994198,0.011099377003553013
457,adalimumab,15000000.0,2.6,2.466592313229657,0.414973347970818,0.392097373751545,-0.022875974219272954
458,adalimumab,100.0,5.25,5.225429778288604,0.7201593034059569,0.7181220158669605,-0.0020372875389964573
458,adalimumab,1000.0,5.0,5.091172478267609,0.6989700043360189,0.7068178102746239,0.007847805938605013
458,adalimumab,10000.0,5.0,5.000139003821429,0.6989700043360189,0.6989820778867146,1.2073550695768098e-05
458,adalimumab,100000.0,5.0,4.891184402324272,0.6989700043360189,0.6894140364467625,-0.00955596788925639
458,adalimumab,15000000.0,5.0,4.344368463597615,0.6989700043360189,0.6379266524281634,-0.06104335190785548
459,adalimumab,100.0,2.5,2.425106916856433,0.3979400086720376,0.38473089031031976,-0.013209118361717842
459,adalimumab,1000.0,2.13,2.1887609225280227,0.3283796034387377,0.34019832634761343,0.011818722908875756
459,adalimumab,10000.0,2.0,1.9573217845479245,0.3010299956639812,0.29166222972824996,-0.009367765935731243
459,adalimumab,100000.0,1.73,1.7832191766001166,0.2380461031287954,0.25120472586632175,0.013158622737526354
459,adalimumab,15000000.0,1.5,1.4954274842303428,0.17609125905568124,0.17476535821509384,-0.0013259008405873962
460,adalimumab,100.0,4.88,4.740981669726514,0.6884198220027106,0.6758682761896556,-0.012551545813054954
460,adalimumab,1000.0,4.88,4.610714290941735,0.6884198220027106,0.6637682114165874,-0.024651610586123196
460,adalimumab,10000.0,4.75,4.47462342713397,0.6766936096248666,0.6507564920766771,-0.025937117548189503
460,adalimumab,100000.0,4.37,4.107618638795245,0.6404814369704218,0.6135901158514768,-0.02689132111894499
460,adalimumab,15000000.0,3.8,3.061517278875839,0.5797835966168101,0.48593671489024076,-0.09384688172656935
461,adalimumab,100.0,5.63,4.009371449310511,0.7505083948513462,0.6030762934450684,-0.14743210140627783
461,adalimumab,1000.0,4.25,3.8773408327894603,0.6283889300503115,0.5885339787976893,-0.03985495125262217
461,adalimumab,10000.0,3.88,3.593948545912825,0.5888317255942073,0.5555718550806638,-0.03325987051354351
461,adalimumab,100000.0,3.34,3.252827186321881,0.5237464668115644,0.5122609910345673,-0.0114854757769971
461,adalimumab,15000000.0,2.4,2.6198657410948205,0.38021124171160603,0.418279035825212,0.038067794113605946
462,adalimumab,100.0,3.5,2.9178080579812327,0.5440680443502757,0.4650567193253053,-0.07901132502497038
462,adalimumab,1000.0,2.63,2.540403054114756,0.41995574848975786,0.4049026261833919,-0.015053122306365962
462,adalimumab,10000.0,2.13,2.0519634049337827,0.3283796034387377,0.3121696112267954,-0.016209992211942303
462,adalimumab,100000.0,1.73,1.7659508655042702,0.2380461031287954,0.24697861592488965,0.00893251279609425
462,adalimumab,15000000.0,1.5,1.3683844618136527,0.17609125905568124,0.13620813406980486,-0.03988312498587637
463,vudalimab,100.0,16.25,9.85007127891729,1.2108533653148932,0.9934393732314646,-0.2174139920834286
463,vudalimab,1000.0,11.0,8.745878874771359,1.0413926851582251,0.941803458329821,-0.0995892268284041
463,vudalimab,10000.0,9.63,7.557011893015255,0.9836262871245346,0.8783501056988968,-0.10527618142563777
463,vudalimab,100000.0,7.71,6.648559458921164,0.887054378050957,0.8227275570605588,-0.06432682099039821
463,vudalimab,15000000.0,4.6,4.788480444419749,0.6627578316815741,0.6801977181530259,0.017439886471451782
464,vudalimab,100.0,4.5,4.245619685363868,0.6532125137753437,0.6279410882884392,-0.02527142548690453
464,vudalimab,1000.0,4.25,4.14920757314361,0.6283889300503115,0.6179651618995688,-0.01042376815074264
464,vudalimab,10000.0,4.25,3.9907437695402015,0.6283889300503115,0.6010538442843677,-0.02733508576594379
464,vudalimab,100000.0,4.25,3.774496590459907,0.6283889300503115,0.5768590374051801,-0.051529892645131414
464,vudalimab,15000000.0,4.25,3.085763922311576,0.6283889300503115,0.4893626971129921,-0.13902623293731942
465,vudalimab,100.0,4.13,2.759736122831324,0.615950051656401,0.44086755819675977,-0.17508249345964128
465,vudalimab,1000.0,2.88,2.5540699852627258,0.45939248775923086,0.407232793396069,-0.05215969436316187
465,vudalimab,10000.0,2.5,2.2863494945279688,0.3979400086720376,0.3591426179855273,-0.03879739068651028
465,vudalimab,100000.0,2.07,1.9380280975724198,0.3159703454569177,0.2873600691709898,-0.028610276285927938
465,vudalimab,15000000.0,1.3,1.4538331661851576,0.11394335230683679,0.16251457216105974,0.048571219854222955
466,vudalimab,100.0,3.38,3.131419079407451,0.5289167002776547,0.4957411933578148,-0.03317550691983989
466,vudalimab,1000.0,3.25,3.009760402269091,0.5118833609788743,0.478531924127369,-0.03335143685150532
466,vudalimab,10000.0,3.13,2.767634363953144,0.49554433754644844,0.44210871432290566,-0.05343562322354278
466,vudalimab,100000.0,2.76,2.4161275842649665,0.4409090820652177,0.38311986359118017,-0.05778921847403751
466,vudalimab,15000000.0,2.3,1.9015491176602302,0.36172783601759284,0.2791075478666122,-0.08262028815098066
467,vudalimab,100.0,1.5,1.4904291987795513,0.17609125905568124,0.17331135017094393,-0.002779908884737309
467,vudalimab,1000.0,1.5,1.418990119556816,0.17609125905568124,0.1519793714709393,-0.024111887584741948
467,vudalimab,10000.0,1.5,1.3762643436639683,0.17609125905568124,0.1387018582952667,-0.037389400760414526
467,vudalimab,100000.0,1.5,1.3528888825351828,0.17609125905568124,0.13126212794755254,-0.044829131108128695
467,vudalimab,15000000.0,1.5,1.2967561519102924,0.17609125905568124,0.11285831699672394,-0.0632329420589573
468,vudalimab,100.0,2.88,2.388182089601487,0.45939248775923086,0.37806743698592044,-0.08132505077331043
468,vudalimab,1000.0,2.38,2.025306635447598,0.37657695705651195,0.30649078557598686,-0.0700861714805251
468,vudalimab,10000.0,1.88,1.6592127553349418,0.2741578492636798,0.21990207773245793,-0.05425577153122188
468,vudalimab,100000.0,1.38,1.3641735530764898,0.13987908640123647,0.1348696257080461,-0.005009460693190387
468,vudalimab,15000000.0,1.0,1.0369190057438928,0.0,0.015744834757180064,0.015744834757180064
469,vudalimab,100.0,2.63,2.4706081213730924,0.41995574848975786,0.39280386469708684,-0.027151883792671028
469,vudalimab,1000.0,2.63,2.3635671400145646,0.41995574848975786,0.37356794347992883,-0.04638780500982903
469,vudalimab,10000.0,2.5,2.247729045302351,0.3979400086720376,0.3517439575988378,-0.046196051073199795
469,vudalimab,100000.0,2.19,2.1044744534218003,0.34044411484011833,0.32314365814045176,-0.017300456699666567
469,vudalimab,15000000.0,1.9,1.716431602538574,0.2787536009528289,0.23462650206301544,-0.044127098889813476
470,vudalimab,100.0,3.13,3.0867775312734675,0.49554433754644844,0.48950533034963345,-0.006039007196814994
470,vudalimab,1000.0,2.38,2.4781750465019106,0.37657695705651195,0.394131979620709,0.017555022564197054
470,vudalimab,10000.0,2.13,2.010364771187963,0.3283796034387377,0.30327486525188746,-0.025104738186850217
470,vudalimab,100000.0,1.84,1.7245926366602273,0.2648178230095365,0.23668652750005637,-0.028131295509480125
470,vudalimab,15000000.0,1.3,1.3532128963643684,0.11394335230683679,0.13136612804085673,0.017422775734019944
471,vudalimab,100.0,8.0,6.1396560657770145,0.9030899869919435,0.7881440433042284,-0.11494594368771516
471,vudalimab,1000.0,5.38,5.376409402506139,0.7307822756663892,0.730492331935561,-0.000289943730828246
471,vudalimab,10000.0,4.88,4.648044234223672,0.6884198220027106,0.667270252469159,-0.021149569533551515
471,vudalimab,100000.0,4.03,3.877254006589601,0.6053050461411095,0.5885242534309187,-0.01678079271019073
471,vudalimab,15000000.0,2.7,3.0198374492942786,0.43136376415898736,0.47998356654176394,0.04861980238277658
472,vudalimab,100.0,6.25,5.484648860915799,0.7958800173440752,0.7391488283285671,-0.05673118901550811
472,vudalimab,1000.0,5.25,5.214518677360117,0.7201593034059569,0.7172142273524496,-0.002945076053507356
472,vudalimab,10000.0,5.0,4.737116396570878,0.6989700043360189,0.6755140559898097,-0.02345594834620912
472,vudalimab,100000.0,4.49,4.252785199455183,0.6522463410033232,0.6286734478334318,-0.023572893169891418
472,vudalimab,15000000.0,3.7,3.430496857804063,0.568201724066995,0.535357025866487,-0.03284469820050795
473,vudalimab,100.0,12.88,11.787077775081933,1.1099158630237933,1.0714061491611857,-0.0385097138626076
473,vudalimab,1000.0,10.63,10.153049979262278,1.0265332645232967,1.0065965240413608,-0.019936740481935944
473,vudalimab,10000.0,9.88,8.854652261634913,0.9947569445876282,0.947171510323553,-0.047585434264075244
473,vudalimab,100000.0,8.4,7.8943175652693665,0.9242792860618817,0.8973145928056452,-0.026964693256236516
473,vudalimab,15000000.0,6.1,5.462425616479351,0.785329835010767,0.7373855360979271,-0.04794429891283991
474,vudalimab,100.0,3.13,2.5481835528748755,0.49554433754644844,0.4062307082510453,-0.08931362929540315
474,vudalimab,1000.0,2.5,2.4735034412021846,0.3979400086720376,0.3933125189023752,-0.0046274897696624295
474,vudalimab,10000.0,2.5,2.4333797564827293,0.3979400086720376,0.3862098907947519,-0.011730117877285728
474,vudalimab,100000.0,2.5,2.363308710456446,0.3979400086720376,0.37352045565299463,-0.024419553019042972
474,vudalimab,15000000.0,2.5,2.1860856666960338,0.3979400086720376,0.33966717675567315,-0.058272831916364454
475,vudalimab,100.0,1.38,1.1357377373711153,0.13987908640123647,0.05527805640824982,-0.08460102999298666
475,vudalimab,1000.0,1.25,1.084569376064872,0.09691001300805642,0.03525733751986282,-0.0616526754881936
475,vudalimab,10000.0,1.25,1.0521558612555588,0.09691001300805642,0.022080078857048952,-0.07482993415100747
475,vudalimab,100000.0,1.13,1.0327330882385666,0.05307844348341968,0.013988091816324747,-0.03909035166709494
475,vudalimab,15000000.0,1.0,1.0083349419919694,0.0,0.0036048171260268562,0.0036048171260268562
476,vudalimab,100.0,3.38,3.0977233127473647,0.5289167002776547,0.4910426241677454,-0.03787407610990928
476,vudalimab,1000.0,3.13,2.985071975270957,0.49554433754644844,0.4749548071860442,-0.02058953036040423
476,vudalimab,10000.0,3.13,2.8956943060345615,0.49554433754644844,0.4617527121488,-0.03379162539764846
476,vudalimab,100000.0,2.88,2.786116715117891,0.45939248775923086,0.44499930579574143,-0.014393181963489432
476,vudalimab,15000000.0,2.5,2.233313150280675,0.3979400086720376,0.3489496231626543,-0.04899038550938328
477,vudalimab,100.0,9.5,8.317393074859652,0.9777236052888477,0.9199872264573715,-0.0577363788314762
477,vudalimab,1000.0,7.63,7.474064784043503,0.8825245379548805,0.8735568579276771,-0.008967680027203384
477,vudalimab,10000.0,7.0,6.771348979211778,0.8450980400142568,0.8306751968782682,-0.014422843135988628
477,vudalimab,100000.0,5.98,5.95229883874641,0.7767011839884109,0.7746847271010864,-0.002016456887324547
477,vudalimab,15000000.0,4.3,4.25064188697354,0.6334684555795865,0.6284545175611961,-0.005013938018390451
478,vudalimab,100.0,4.25,3.919894937272461,0.6283889300503115,0.5932744270270156,-0.035114503023295884
478,vudalimab,1000.0,3.88,3.647268698871177,0.5888317255942073,0.5619677595129662,-0.026863966081241086
478,vudalimab,10000.0,3.75,3.4773047497660436,0.5740312677277188,0.5412427537669458,-0.03278851396077309
478,vudalimab,100000.0,3.34,3.324244085412155,0.5237464668115644,0.5216929047197044,-0.0020535620918600284
478,vudalimab,15000000.0,2.8,2.6455646308894263,0.4471580313422192,0.4225183757700888,-0.02463965557213038
479,vudalimab,100.0,13.13,10.644641088558219,1.1182647260894794,1.027131022666172,-0.09113370342330729
479,vudalimab,1000.0,9.25,9.426341674798735,0.9661417327390326,0.9743431774977075,0.008201444758674903
479,vudalimab,10000.0,8.25,7.839841166771702,0.9164539485499251,0.8943072640755927,-0.022146684474332434
479,vudalimab,100000.0,6.67,6.402487292732345,0.8241258339165489,0.8063487251800301,-0.017777108736518832
479,vudalimab,15000000.0,4.0,4.018632589965573,0.6020599913279624,0.6040783019261649,0.002018310598202455
480,vudalimab,100.0,5.25,4.382225898033553,0.7201593034059569,0.6416947611162375,-0.07846454228971944
480,vudalimab,1000.0,4.75,4.263934524579497,0.6766936096248666,0.6298105272023463,-0.04688308242252026
480,vudalimab,10000.0,4.63,4.126822766485683,0.6655809910179531,0.6156158177530907,-0.049965173264862384
480,vudalimab,100000.0,4.26,3.877190550382782,0.6294095991027189,0.5885171455896641,-0.040892453513054816
480,vudalimab,15000000.0,3.7,3.2338473533188554,0.568201724066995,0.5097195161344208,-0.05848220793257419
481,vudalimab,100.0,2.0,1.8422813977052253,0.3010299956639812,0.2653559668688288,-0.03567402879515241
481,vudalimab,1000.0,2.0,1.7729057915894324,0.3010299956639812,0.24868565873691026,-0.05234433692707094
481,vudalimab,10000.0,1.63,1.5827912957905215,0.21218760440395779,0.19942365329443237,-0.012763951109525412
481,vudalimab,100000.0,1.5,1.422320280946901,0.17609125905568124,0.15299740271283016,-0.023093856342851077
481,vudalimab,15000000.0,1.4,1.2224489980918525,0.146128035678238,0.08723074893322309,-0.05889728674501492
482,vudalimab,100.0,2.38,1.59848028078381,0.37657695705651195,0.2037072830852783,-0.17286967397123365
482,vudalimab,1000.0,1.88,1.486528579492077,0.2741578492636798,0.17217326321898568,-0.10198458604469413
482,vudalimab,10000.0,1.75,1.3912788809553338,0.24303804868629444,0.14341419276727288,-0.09962385591902156
482,vudalimab,100000.0,1.5,1.2824425184159403,0.17609125905568124,0.10803790829127996,-0.06805335076440128
482,vudalimab,15000000.0,1.3,1.0179445540609218,0.11394335230683679,0.007724123264815486,-0.1062192290420213
483,vudalimab,100.0,1.5,1.5513200342789455,0.17609125905568124,0.19070140115582832,0.014610142100147078
483,vudalimab,1000.0,1.5,1.467590599415367,0.17609125905568124,0.1666049212393285,-0.009486337816352747
483,vudalimab,10000.0,1.38,1.389094514180676,0.13987908640123647,0.14273179619886558,0.0028527097976291105
483,vudalimab,100000.0,1.27,1.3130919760513426,0.10380372095595687,0.11829514748518519,0.014491426529228316
483,vudalimab,15000000.0,1.2,1.072495086642231,0.07918124604762482,0.030395311253913794,-0.048785934793711024
484,vudalimab,100.0,4.25,5.717824851636876,0.6283889300503115,0.757230847920775,0.1288419178704635
484,vudalimab,1000.0,3.75,5.1972294909693835,0.5740312677277188,0.7157718941292203,0.14174062640150142
484,vudalimab,10000.0,3.63,4.722541560210979,0.5599066250361125,0.6741757885718223,0.1142691635357097
484,vudalimab,100000.0,3.22,4.26850656694394,0.5078558716958309,0.6302759539046575,0.12242008220882661
484,vudalimab,15000000.0,2.7,3.5569477620259575,0.43136376415898736,0.551077487105808,0.11971372294682059
485,vudalimab,100.0,3.63,3.651896482341664,0.5599066250361125,0.5625184584063543,0.002611833370241734
485,vudalimab,1000.0,3.63,3.5096962307689887,0.5599066250361125,0.5452695292835457,-0.014637095752566887
485,vudalimab,10000.0,3.63,3.325796651822413,0.5599066250361125,0.5218956917592601,-0.038010933276852454
485,vudalimab,100000.0,3.34,3.061354322759371,0.5237464668115644,0.4859135979781787,-0.03783286883338577
485,vudalimab,15000000.0,2.5,2.3750158318054666,0.3979400086720376,0.3756665089683953,-0.022273499703642285
486,nivolumab,100.0,1.48,1.3428627947888945,0.17026171539495738,0.12803164147727628,-0.042230073917681105
486,nivolumab,1000.0,1.48,1.3511817904847558,0.17026171539495738,0.1307137837319299,-0.039547931663027475
486,nivolumab,10000.0,1.42992162383138,1.355243227657425,0.1553122337794858,0.13201724572694765,-0.023294988052538157
486,nivolumab,100000.0,1.3209192384736852,1.3542261105790152,0.12087626548929283,0.13169118309238023,0.010814917603087407
486,nivolumab,15000000.0,1.05,1.229216435635638,0.021189299069938092,0.08962835849789749,0.0684390594279594
487,nivolumab,100.0,2.91,2.674209675521228,0.4638929889859073,0.42719545578755136,-0.03669753319835595
487,nivolumab,1000.0,2.761467213372999,2.5915729463518913,0.44113989125489206,0.41356343766030307,-0.02757645359458899
487,nivolumab,10000.0,2.543790025335465,2.525602607929704,0.4054812600417564,0.4023650173355764,-0.0031162427061799947
487,nivolumab,100000.0,2.393708266764341,2.393820305692678,0.37907121964817403,0.37909154658204297,2.0326933868941577e-05
487,nivolumab,15000000.0,2.17,2.0881496418518286,0.3364597338485295,0.3197616180379995,-0.01669811581052999
488,nivolumab,100.0,3.04,2.943052907825144,0.48287358360875376,0.4687980695647731,-0.014075514043980664
488,nivolumab,1000.0,3.0186446145934664,2.8172717403363374,0.4798119864891472,0.4498287389406212,-0.029983247548525993
488,nivolumab,10000.0,2.7501273993667743,2.6625380457008356,0.4393528129431415,0.4252958222382989,-0.014056990704842565
488,nivolumab,100000.0,2.512858220029287,2.4307199469668004,0.4001679856097039,0.38573492490949335,-0.014433060700210554
488,nivolumab,15000000.0,2.0,1.971525235369143,0.3010299956639812,0.2948023403802927,-0.006227655283688516
489,nivolumab,100.0,2.57,2.585672521863994,0.4099331233312945,0.41257352017573234,0.0026403968444378423
489,nivolumab,1000.0,2.470900147732846,2.495353763963052,0.3928551953556033,0.3971321238455795,0.004276928489976184
489,nivolumab,10000.0,2.3779344387421952,2.4343244652513243,0.37619987665567695,0.3863784638187765,0.01017858716309955
489,nivolumab,100000.0,2.3196476249520104,2.3556355995686276,0.36542201671763863,0.37210810897730817,0.0066860922596695405
489,nivolumab,15000000.0,2.21,2.1315219603194326,0.3443922736851107,0.3286898113891659,-0.015702462295944797
490,nivolumab,100.0,3.27,3.1092046491116103,0.5145477526602861,0.49264930842300597,-0.0218984442372801
490,nivolumab,1000.0,3.213736226723729,2.948961001559188,0.5070102283764868,0.46966902927623444,-0.037341199100252354
490,nivolumab,10000.0,2.953627106930759,2.733753188702668,0.4703556651043599,0.4367593026154842,-0.03359636248887571
490,nivolumab,100000.0,2.5954413689699103,2.4071197031252236,0.41421122261173177,0.38149768774662096,-0.032713534865110805
490,nivolumab,15000000.0,1.78,1.7312421732550132,0.250420002308894,0.238357823018001,-0.012062179290892983
491,nivolumab,100.0,2.96,2.711002050819643,0.4712917110589386,0.4331298461158295,-0.03816186494310908
491,nivolumab,1000.0,2.737572288520089,2.527900390758799,0.4373655960092243,0.40275995703277967,-0.03460563897644464
491,nivolumab,10000.0,2.27857542117122,2.165005838532072,0.35766340836563726,0.33545907188515434,-0.022204336480482922
491,nivolumab,100000.0,1.9586604357601929,1.864511197806286,0.29195915081962365,0.27056499597347294,-0.021394154846150704
491,nivolumab,15000000.0,1.41,1.3196772063542155,0.14921911265537988,0.12046771556742335,-0.02875139708795653
492,nivolumab,100.0,108.62763247668865,88.54023842822346,2.03594031425531,1.9471406871472605,-0.08879962710804934
492,nivolumab,1000.0,110.48915866313888,81.40292001470746,2.043319666584374,1.910639983802338,-0.1326796827820358
492,nivolumab,10000.0,113.44864108990168,75.22246345985116,2.0547992981875334,1.8763475520257717,-0.17845174616176163
492,nivolumab,100000.0,112.93919802120152,69.67493088927804,2.0528446994961023,1.843076546607874,-0.20976815288822825
492,nivolumab,15000000.0,28.59806775862293,23.925882654503816,1.4563366908172841,1.3788679683886746,-0.07746872242860947
493,nivolumab,100.0,4.52,4.109745488104118,0.6551384348113821,0.6138149273421313,-0.04132350746925084
493,nivolumab,1000.0,4.608759799705657,3.8736695283948803,0.663584074064906,0.5881225673081178,-0.0754615067567882
493,nivolumab,10000.0,4.520119365178778,3.774971307068524,0.6551499036065127,0.5769136549773481,-0.07823624862916456
493,nivolumab,100000.0,4.014935817598745,3.462103727558132,0.6036786070778392,0.5393400755645826,-0.06433853151325652
493,nivolumab,15000000.0,1.86,2.06493248391162,0.26951294421791633,0.31490585631010537,0.04539291209218904
494,nivolumab,100.0,1.72,1.4382867385583917,0.2355284469075489,0.15784547614402036,-0.07768297076352854
494,nivolumab,1000.0,1.72,1.3645374326650148,0.2355284469075489,0.13498545395012534,-0.10054299295742355
494,nivolumab,10000.0,1.4334819052941308,1.2785284478614742,0.15639221525912794,0.10671039572708613,-0.049681819532041815
494,nivolumab,100000.0,1.3096125718659462,1.1844058566425162,0.11714283551338482,0.07350054621915171,-0.04364228929423311
494,nivolumab,15000000.0,1.13,0.9895498006121826,0.05307844348341968,-0.004562344371356816,-0.0576407878547765
495,nivolumab,100.0,2.99,2.894485256242257,0.4756711883244297,0.46157134172492004,-0.014099846599509636
495,nivolumab,1000.0,3.0040753434604546,2.8039879242584496,0.4777108207551628,0.4477761389525336,-0.029934681802629204
495,nivolumab,10000.0,2.799297614243684,2.716305166027177,0.4470490740119428,0.4339785595984025,-0.013070514413540346
495,nivolumab,100000.0,2.856481326582219,2.5352082662410855,0.4558313893316954,0.4040136422350355,-0.05181774709665993
495,nivolumab,15000000.0,1.8,1.6024204620280105,0.25527250510330607,0.20477648202261112,-0.05049602308069495
496,nivolumab,100.0,1.04,1.1013136490898028,0.01703333929878037,0.04191102166953288,0.02487768237075251
496,nivolumab,1000.0,1.04,1.0883853485312383,0.01703333929878037,0.0367826868243101,0.01974934752552973
496,nivolumab,10000.0,1.0155001997063864,1.0852115381861474,0.006680013148381521,0.03551440261990871,0.028834389471527187
496,nivolumab,100000.0,1.0116806923245345,1.0621120603761314,0.005043461670453883,0.026170340319400864,0.02112687864894698
496,nivolumab,15000000.0,1.012889038023482,0.9164124777778906,0.005561871013170064,-0.03790900613345671,-0.04347087714662678
497,nivolumab,100.0,64.4,44.0783916815527,1.808885867359812,1.6442257397328013,-0.16466012762701077
497,nivolumab,1000.0,52.090734368908855,38.387050347898835,1.7167604801072345,1.5841847423115607,-0.13257573779567378
497,nivolumab,10000.0,43.026137652974505,33.728899755711595,1.6337323623203919,1.5280021746366792,-0.10573018768371267
497,nivolumab,100000.0,34.23232435878468,29.058565001972806,1.5344363885308825,1.4632741637434026,-0.07116222478747991
497,nivolumab,15000000.0,15.155465680842164,12.391859297909374,1.1805692854422027,1.0931364736271614,-0.08743281181504137
498,nivolumab,100.0,4.95,4.8645656599887905,0.6946051989335688,0.687044069703855,-0.007561129229713748
498,nivolumab,1000.0,4.871529928156416,4.76748907308512,0.6876653749743626,0.6782897063317244,-0.00937566864263828
498,nivolumab,10000.0,4.869452318610989,4.666817625618375,0.6874801176046328,0.6690208294398658,-0.01845928816476694
498,nivolumab,100000.0,4.848882223507466,4.373230969106578,0.685641635486529,0.6408024149070719,-0.044839220579457106
498,nivolumab,15000000.0,3.281140481883721,3.0463117324599795,0.5160248250830327,0.4837743431103263,-0.03225048197270641
499,nivolumab,100.0,2.37,2.339293851761194,0.37474834601010387,0.3690847793904405,-0.005663566619663385
499,nivolumab,1000.0,2.3923585037181443,2.1728517241482206,0.37882626081809817,0.3370300909862611,-0.04179616983183709
499,nivolumab,10000.0,2.260401894,2.079148343204478,0.3541856625231373,0.31788547650645316,-0.036300186016684166
499,nivolumab,100000.0,2.0098135783722286,1.8740109688024214,0.3031557760080661,0.2727721285349096,-0.030383647473156472
499,nivolumab,15000000.0,1.45,1.4222546441796347,0.16136800223497488,0.1529773605718501,-0.008390641663124782
500,nivolumab,100.0,1.31,1.3957017086752785,0.11727129565576427,0.14479261017915812,0.027521314523393847
500,nivolumab,1000.0,1.31,1.3974109181786494,0.11727129565576427,0.1453241321387451,0.02805283648298082
500,nivolumab,10000.0,1.3255091615326768,1.3992018213241588,0.12238273379626208,0.1458803617868845,0.02349762799062241
500,nivolumab,100000.0,1.3410183230653536,1.3815749370186836,0.1274347118947084,0.14037444614798494,0.012939734253276547
500,nivolumab,15000000.0,1.25,1.258796085672081,0.09691001300805642,0.09995538376957586,0.0030453707615194364
501,nivolumab,100.0,1.52,1.5859867313649896,0.18184358794477254,0.200299549615209,0.01845596167043645
501,nivolumab,1000.0,1.52,1.5735347992941995,0.18184358794477254,0.19687635193581515,0.015032763991042614
501,nivolumab,10000.0,1.3030148135792754,1.5588326576281135,0.11494935310258193,0.1927994957087417,0.07785014260615976
501,nivolumab,100000.0,1.2424562535130548,1.4944461754027538,0.0942811063048861,0.17448027792563434,0.08019917162074823
501,nivolumab,15000000.0,1.251822888673494,1.2954696613582486,0.09754288804945443,0.11242724668580864,0.014884358636354206
502,nivolumab,100.0,26.91,20.217135870613024,1.4299136977637545,1.3057196298062683,-0.12419406795748622
502,nivolumab,1000.0,23.17895406,18.26258905477647,1.3650938347242523,1.2615623467194215,-0.10353148800483081
502,nivolumab,10000.0,21.294294701937304,16.156612503715035,1.3282632601820457,1.2083503090895145,-0.1199129510925312
502,nivolumab,100000.0,17.06656418528116,14.1867152120497,1.2321460984104349,1.1518818506779427,-0.08026424773249219
502,nivolumab,15000000.0,6.072965624060352,5.092818172711638,0.7834008228114894,0.7069581709734218,-0.07644265183806753
503,nivolumab,100.0,23.2,18.94538944295794,1.3654879848908996,1.2775035370952708,-0.08798444779562886
503,nivolumab,1000.0,19.6,17.04296255444239,1.2922560713564761,1.2315450897977245,-0.06071098155875165
503,nivolumab,10000.0,16.4,14.944203831509537,1.2148438480476977,1.174472782487204,-0.040371065560493635
503,nivolumab,100000.0,13.4,12.275454531239456,1.1271047983648077,1.0890375819969993,-0.03806721636780841
503,nivolumab,15000000.0,6.7,6.330723723337652,0.8260748027008264,0.8014533610577186,-0.024621441643107866
504,nivolumab,100.0,12.4,11.554703577339714,1.0934216851622351,1.0627588086314907,-0.0306628765307444
504,nivolumab,1000.0,12.1,11.288740208202999,1.08278537031645,1.0526454785810162,-0.030139891735433855
504,nivolumab,10000.0,12.433204141630922,11.228415820825939,1.0945830644186527,1.0503184874453249,-0.04426457697332786
504,nivolumab,100000.0,12.6,11.127248179764232,1.100370545117563,1.0463877745675618,-0.05398277055000111
504,nivolumab,15000000.0,5.0,4.897959269038625,0.6989700043360189,0.6900151692522889,-0.008954835083729962
511,poly-higg,100.0,4.15,3.618497197723334,0.6180480967120927,0.5585282406310611,-0.05951985608103161
511,poly-higg,1000.0,4.241726808503929,3.5120622923991167,0.6275426940296964,0.5455622102537921,-0.08198048377590428
511,poly-higg,10000.0,4.224562944902968,3.409399002048761,0.6257817853720816,0.5326778296970376,-0.09310395567504404
511,poly-higg,100000.0,3.8919067922752015,3.227266852950834,0.5901624307522053,0.5088348773879408,-0.08132755336426456
511,poly-higg,15000000.0,1.72,2.1501522432793196,0.2355284469075489,0.3324692115785244,0.09694076467097548
510,poly-higg,100.0,29.38,27.440273748582165,1.4680517914542377,1.4383884396478934,-0.029663351806344274
510,poly-higg,1000.0,30.34088903295536,25.518055974821095,1.4820283021082596,1.4068475857400866,-0.07518071636817303
510,poly-higg,10000.0,31.301778065910717,23.955064456244944,1.4955690079068615,1.3793973437582987,-0.11617166414856284
510,poly-higg,100000.0,28.06995509686825,22.91963082626731,1.4482417178999205,1.3602076180333014,-0.08803409986661914
510,poly-higg,15000000.0,6.111796504318651,9.182127926870455,0.7861688857307935,0.962943339132126,0.17677445340133258
506,poly-higg,100.0,12.52,10.45383714169616,1.0976043288744108,1.0192757300248254,-0.07832859884958543
506,poly-higg,1000.0,10.321785009980417,9.814219327628479,1.0137548090110555,0.9918557593423103,-0.02189904966874523
506,poly-higg,10000.0,10.723818589982448,8.951235199282014,1.030349458608495,0.9518829686363905,-0.07846648997210437
506,poly-higg,100000.0,11.125852169984476,7.79967128733547,1.046333285140444,0.8920762999847722,-0.15425698515567188
506,poly-higg,15000000.0,2.7313683010081693,3.1485039802210713,0.436380264881968,0.49810424665728303,0.06172398177531502
508,poly-higg,100.0,1.72,1.4161632886688276,0.2355284469075489,0.1511133319408087,-0.0844151149667402
508,poly-higg,1000.0,1.72,1.4060744331166517,0.2355284469075489,0.14800831146346557,-0.08752013544408332
508,poly-higg,10000.0,1.4183669622711517,1.384876868969933,0.15178860677896133,0.14141116148414465,-0.010377445294816684
508,poly-higg,100000.0,1.4410542584139543,1.3018337455010947,0.15868033312915558,0.11455552492207774,-0.04412480820707784
508,poly-higg,15000000.0,1.14,1.1505894565190968,0.05690485133647256,0.060920390029689006,0.004015538693216449
515,poly-higg,100.0,6.71,5.3341173152682915,0.8267225201689921,0.7270625630624031,-0.09965995710658893
515,poly-higg,1000.0,5.691395576632083,5.0084700885105535,0.755218772004044,0.6997050844325832,-0.0555136875714608
515,poly-higg,10000.0,5.425949696535762,4.809425733457882,0.7344757631413518,0.6820932228021965,-0.05238254033915524
515,poly-higg,100000.0,5.426417598201115,4.6698623646474875,0.734513212502573,0.6693040807470609,-0.06520913175551202
515,poly-higg,15000000.0,3.00470612918506,2.6440763588227476,0.477802002889748,0.42227399307400737,-0.05552800981574063
517,poly-higg,100.0,88.57646767469906,65.0340261148119,1.9473183571411703,1.813140641064975,-0.13417771607619522
517,poly-higg,1000.0,78.772050896506,60.717478782074515,1.8963721528381172,1.7833137297226407,-0.11305842311547654
517,poly-higg,10000.0,72.44930075569195,56.61464554412447,1.8600341982349373,1.7529287926058714,-0.1071054056290659
517,poly-higg,100000.0,65.02211788951377,51.01479100039116,1.8130611111574835,1.7076961117555745,-0.10536499940190902
517,poly-higg,15000000.0,18.94786898775565,17.70639586322344,1.2775603732011858,1.2481301695465246,-0.029430203654661202
514,poly-higg,100.0,5.25,5.284073655430879,0.7201593034059569,0.7229688626753148,0.0028095592693578864
514,poly-higg,1000.0,5.132474531519482,5.199298603515269,0.7103268029821337,0.7159447603331707,0.005617957351036984
514,poly-higg,10000.0,5.29679914324673,5.126779693336496,0.7240135046264615,0.7098446554501552,-0.014168849176306342
514,poly-higg,100000.0,5.461123754973978,4.768037094713331,0.7372820182299821,0.6783396255003512,-0.058942392729630866
514,poly-higg,15000000.0,2.16,3.002411794191035,0.3344537511509309,0.4774702574208881,0.1430165062699572
518,poly-higg,100.0,1.82,1.608789200910067,0.2600713879850748,0.20649914237181063,-0.05357224561326415
518,poly-higg,1000.0,1.82,1.575253696381696,0.2600713879850748,0.19735050737384283,-0.06272088061123196
518,poly-higg,10000.0,1.5960672785417862,1.5240806004351528,0.2030511940846455,0.1830079351129086,-0.020043258971736894
518,poly-higg,100000.0,1.604774931875364,1.4590755216951632,0.20541413163270322,0.1640777715415874,-0.041336360091115826
518,poly-higg,15000000.0,1.6105121914967662,1.3059694637697947,0.20696401675566756,0.11593302236683609,-0.09103099438883147
509,poly-higg,100.0,14.6,13.416100535664631,1.1643528557844371,1.127626304064397,-0.036726551720040135
509,poly-higg,1000.0,11.911294294387185,12.530136067924388,1.0759589549647033,1.0979557871336447,0.021996832168941438
509,poly-higg,10000.0,12.311684208098823,11.814578831447353,1.0903174674115488,1.07241824442471,-0.01789922298683888
509,poly-higg,100000.0,12.666615154277906,11.227928801464014,1.1026605757188572,1.0502996500232016,-0.05236092569565565
509,poly-higg,15000000.0,3.2894519705939445,4.6666462760782945,0.51712354963021,0.6690048833429986,0.15188133371278856
512,poly-higg,100.0,14.13,16.1530176915647,1.1501421618485586,1.208253668733226,0.058111506884667374
512,poly-higg,1000.0,14.773708753852125,15.139299650681808,1.1694895331686788,1.1801057850134984,0.010616251844819624
512,poly-higg,10000.0,15.417417507704249,14.378463222291243,1.1880116333724018,1.1577124709046984,-0.030299162467703367
512,poly-higg,100000.0,16.061126261556375,13.736267388815454,1.2057759962371204,1.137868736168354,-0.06790726006876646
512,poly-higg,15000000.0,4.075273287044114,5.768645290654789,0.6101567377571193,0.7610738353617893,0.15091709760466998
505,poly-higg,100.0,3.1,3.047010965605994,0.4913616938342727,0.4838740171677358,-0.00748767666653688
505,poly-higg,1000.0,3.090004176425829,2.8705604139482284,0.4899590664143058,0.45796669148172425,-0.03199237493258156
505,poly-higg,10000.0,3.1703124375952543,2.7199626899847646,0.5011020645007631,0.4345629468118205,-0.0665391176889426
505,poly-higg,100000.0,3.250620698764679,2.5280370070763425,0.511966296458957,0.40278342714650656,-0.10918286931245041
505,poly-higg,15000000.0,1.79,1.6634225224407597,0.2528530309798932,0.22100257745608642,-0.031850453523806777
516,poly-higg,100.0,20.23,21.429471164573673,1.3059958827708047,1.3310114536763895,0.025015570905584816
516,poly-higg,1000.0,20.728437778133426,19.80724899096662,1.3165665722384758,1.2968241610000462,-0.01974241123842968
516,poly-higg,10000.0,16.56236264609049,18.790466805812795,1.219122289633045,1.2739375692793655,0.0548152796463206
516,poly-higg,100000.0,16.339430136328815,17.937738326559405,1.2132369057481982,1.253767684292537,0.04053077854433873
516,poly-higg,15000000.0,4.712363191521079,6.5601951674119094,0.6732387550377368,0.816916759934991,0.14367800489725424
507,poly-higg,100.0,61.0,54.44625536973837,1.7853298350107671,1.7359680158056068,-0.04936181920516036
507,poly-higg,1000.0,63.08708953794008,50.03784116512056,1.7999404921108715,1.6992985642048262,-0.10064192790604531
507,poly-higg,10000.0,65.17417907588015,45.36448678361792,1.814075569567092,1.6567160019915734,-0.1573595675755186
507,poly-higg,100000.0,58.68797105586572,40.89162514823244,1.768549095465643,1.6116343709819305,-0.15691472448371258
507,poly-higg,15000000.0,10.463958633272128,11.031161780983577,1.0196960141054634,1.0426212539179807,0.022925239812517262
513,poly-higg,100.0,32.91703110346997,24.28583965617277,1.5174206578426286,1.3853531233222784,-0.13206753452035014
513,poly-higg,1000.0,33.17984165373529,23.05480930693132,1.5208743090821608,1.3627615343936408,-0.15811277468852003
513,poly-higg,10000.0,31.087439816165663,21.869865747154602,1.492584957504934,1.3398461170363158,-0.15273884046861808
513,poly-higg,100000.0,29.22844459852041,20.437569561936538,1.4658057048458746,1.3104292481848518,-0.15537645666102273
513,poly-higg,15000000.0,6.9844521999087785,8.077375225420509,0.8441323494786578,0.9072702580137433,0.0631379085350855
630,adalimumab,100.0,36.409639311346425,43.80202875048114,1.5612163766579805,1.6414942259090015,0.080277849251021
630,adalimumab,1000.0,38.00580243930652,40.745407234133324,1.5798499064851734,1.6100786627622936,0.030228756277120183
630,adalimumab,10000.0,39.60196556726662,38.21554935626298,1.5977167418303881,1.5822401070370145,-0.01547663479337369
630,adalimumab,100000.0,40.86606349338408,35.99468119691278,1.6113628054277882,1.556238331392636,-0.05512447403515219
630,adalimumab,15000000.0,6.360255266991149,9.812222750089997,0.8034745462806387,0.9917673986901644,0.18829285240952565
631,adalimumab,100.0,52.19857144459378,43.86157591314715,1.7176586175191282,1.6420842314930875,-0.07557438602604072
631,adalimumab,1000.0,52.12424942979692,40.80802674196773,1.7170398143445116,1.6107455951213763,-0.10629421922313531
631,adalimumab,10000.0,53.14314424266189,38.28289910118896,1.725447246100622,1.583004818759305,-0.14244242734131696
631,adalimumab,100000.0,47.45329065859241,36.06673097047894,1.6762663340513246,1.55710678036048,-0.11915955369084474
631,adalimumab,15000000.0,8.137937880920497,9.837368454690438,0.9105143704427501,0.9928789380193163,0.08236456757656618
