{
    "lr": 9.907341034902213e-05,
    "n_layers": 2,
    "hidden_size": 256,
    "dropout": 0.10066558864681036,
    "batch_size": 32,
    "weight_decay": 1.053725613087322e-06,
    "lambda_input": 0.0004115353318627779,
    "lambda_shear": 0.43322926216312996
}