{
    "lr": 9.998527602807033e-05,
    "n_layers": 3,
    "hidden_size": 256,
    "dropout": 0.13471260958982204,
    "batch_size": 64,
    "weight_decay": 3.365245574530086e-05,
    "lambda_input": 0.007805233548356285,
    "lambda_shear": 0.49029504533647916
}