{
    "lr": 9.852747427994718e-05,
    "n_layers": 4,
    "hidden_size": 256,
    "dropout": 0.1014393281261288,
    "batch_size": 64,
    "weight_decay": 5.116311997820299e-06,
    "lambda_input": 0.05849648213875265,
    "lambda_shear": 0.16189609232744742
}