metric,ci_low_2.5,mean,ci_high_97.5
RMSE (log10 viscosity),0.06752670202404261,0.0886910094320774,0.1092744579538703
MAE (log10 viscosity),0.048051852732896805,0.06118166660517454,0.07548853699117898
