metric,ci_low_2.5,mean,ci_high_97.5
RMSE (log10 viscosity),0.30939600318670274,0.3686567167341709,0.43310033231973644
MAE (log10 viscosity),0.2393937326967716,0.28822351528704165,0.34140749350190164
