ID,Group,Shear_Rate,Actual_Viscosity,Predicted_Viscosity,Log10_Actual,Log10_Predicted,Log10_Error
1,poly-higg,100.0,14.38,17.446314613351866,1.1577588860468637,1.2417036999414068,0.08394481389454311
1,poly-higg,1000.0,13.23,15.673344548898134,1.121559844187501,1.1951616808427266,0.07360183665522557
1,poly-higg,10000.0,11.27,13.722998079729788,1.0519239160461065,1.1374490025691617,0.08552508652305524
1,poly-higg,100000.0,9.24,11.340257365054844,0.9656719712201067,1.05462291090211,0.08895093968200318
1,poly-higg,15000000.0,6.92,7.14908392327469,0.8401060944567578,0.8542503952898102,0.014144300833052403
2,none,100.0,3.25,3.1652419913618464,0.5118833609788743,0.5004069186173855,-0.011476442361488814
2,none,1000.0,3.25,3.1827391871461623,0.5118833609788743,0.5028010513686937,-0.009082309610180639
2,none,10000.0,3.25,3.1792412766636535,0.5118833609788743,0.5023234883260337,-0.00955987265284064
2,none,100000.0,3.25,3.1377652844224677,0.5118833609788743,0.49662045375295333,-0.015262907225920996
2,none,15000000.0,3.25,2.9734934820857264,0.5118833609788743,0.47326699086041646,-0.038616370118457866
3,poly-higg,100.0,4.6,5.115122303059743,0.6627578316815741,0.7088560221946036,0.04609819051302955
3,poly-higg,1000.0,4.6,4.838324953386326,0.6627578316815741,0.6846950332534943,0.02193720157192025
3,poly-higg,10000.0,4.6,4.618089669666962,0.6627578316815741,0.6644623613796578,0.0017045296980836566
3,poly-higg,100000.0,3.68,4.212503304054473,0.5658478186735176,0.6245402545160865,0.05869243584256889
3,poly-higg,15000000.0,2.41,2.839894263891223,0.3820170425748684,0.45330217051765853,0.07128512794279013
4,none,100.0,0.95,0.9872219740421551,-0.022276394711152253,-0.0055851864763078775,0.016691208234844376
4,none,1000.0,0.95,1.0014546625907002,-0.022276394711152253,0.000631292888337307,0.02290768759948956
4,none,10000.0,0.95,1.0115758429837451,-0.022276394711152253,0.004998449592764154,0.027274844303916405
4,none,100000.0,0.95,1.0186084578962953,-0.022276394711152253,0.008007277968609639,0.03028367267976189
4,none,15000000.0,0.95,0.9818058230742154,-0.022276394711152253,-0.00797439643506981,0.014301998276082443
5,poly-higg,100.0,8.31,9.106796200203576,0.919601023784111,0.959365617665405,0.03976459388129394
5,poly-higg,1000.0,8.31,8.356797083687807,0.919601023784111,0.9220398569350836,0.002438833150972597
5,poly-higg,10000.0,8.31,7.647811070061172,0.919601023784111,0.8835371506797357,-0.03606387310437531
5,poly-higg,100000.0,6.83,6.329465378597982,0.8344207036815325,0.801367028669763,-0.03305367501176959
5,poly-higg,15000000.0,4.6,4.091315523582495,0.6627578316815741,0.6118629737214848,-0.0508948579600893
6,poly-higg,100.0,8.84,7.95612125803947,0.9464522650130731,0.900701393519281,-0.04575087149379209
6,poly-higg,1000.0,8.84,7.646341413235947,0.9464522650130731,0.8834536855969666,-0.06299857941610654
6,poly-higg,10000.0,8.84,7.045213454929766,0.9464522650130731,0.8478941558405175,-0.09855810917255559
6,poly-higg,100000.0,6.93,6.311553852039894,0.8407332346118067,0.8001362920953411,-0.04059694251646562
6,poly-higg,15000000.0,4.16,4.531447860428819,0.6190933306267428,0.6562369872952367,0.03714365666849395
7,poly-higg,100.0,2.44,2.6319148254770757,0.3873898263387294,0.4202718304495735,0.032882004110844076
7,poly-higg,1000.0,2.44,2.6028465461291397,0.3873898263387294,0.4154485645234327,0.02805873818470328
7,poly-higg,10000.0,2.44,2.5402743124187754,0.3873898263387294,0.404880616595247,0.017490790256517563
7,poly-higg,100000.0,2.23,2.3393361018927106,0.34830486304816066,0.3690926231392129,0.020787760091052265
7,poly-higg,15000000.0,2.0,1.7855510840989834,0.3010299956639812,0.2517722797457918,-0.04925771591818939
8,poly-higg,100.0,1.84,1.5014004762439377,0.2648178230095365,0.1764965492885134,-0.08832127372102308
8,poly-higg,1000.0,1.84,1.5197872974414501,0.2648178230095365,0.18178281030569668,-0.08303501270383981
8,poly-higg,10000.0,1.84,1.539524837590912,0.2648178230095365,0.1873866998918073,-0.07743112311772918
8,poly-higg,100000.0,1.68,1.536263946139374,0.22530928172586284,0.18646583841941367,-0.03884344330644918
8,poly-higg,15000000.0,1.2,1.3970193987677573,0.07918124604762482,0.14520243669349467,0.06602119064586985
9,poly-higg,100.0,6.15,6.357237391825877,0.7888751157754168,0.8032684291487302,0.014393313373313399
9,poly-higg,1000.0,5.35,5.960575725652675,0.7283537820212285,0.7752882098070781,0.046934427785849664
9,poly-higg,10000.0,5.35,5.58342972412236,0.7283537820212285,0.7469010542579356,0.018547272236707157
9,poly-higg,100000.0,4.62,4.806182353474906,0.6646419755561255,0.6818002445381061,0.017158268981980584
9,poly-higg,15000000.0,3.26,3.3225438197123442,0.5132176000679389,0.5214707173901723,0.008253117322233328
10,poly-higg,100.0,3.57,4.099195845043598,0.5526682161121932,0.6126986678627108,0.06003045175051758
10,poly-higg,1000.0,3.57,3.969049815507821,0.5526682161121932,0.5986865497674283,0.04601833365523511
10,poly-higg,10000.0,3.34,3.7526417452931775,0.5237464668115644,0.5743371054552245,0.05059063864366009
10,poly-higg,100000.0,2.89,3.4170835099701495,0.4608978427565479,0.5336555926343031,0.07275774987775518
10,poly-higg,15000000.0,2.58,2.8542019240998995,0.41161970596323016,0.4554846945740896,0.04386498861085941
11,poly-higg,100.0,14.72,17.446289907584692,1.1679078100014801,1.2417030849355337,0.07379527493405358
11,poly-higg,1000.0,14.49,15.673314427038484,1.1610683854711745,1.1951608461918988,0.03409246072072425
11,poly-higg,10000.0,14.49,13.722964765741148,1.1610683854711745,1.1374479482733793,-0.023620437197795274
11,poly-higg,100000.0,11.55,11.340273424042723,1.0625819842281632,1.054623525907983,-0.007958458320180162
11,poly-higg,15000000.0,6.92,7.149086815801483,0.8401060944567578,0.8542505710057738,0.014144476549016072
12,poly-higg,100.0,4.14,4.397294274619407,0.617000341120899,0.6431855303381315,0.026185189217232563
12,poly-higg,1000.0,4.14,4.183921378324066,0.617000341120899,0.6215835149412375,0.004583173820338571
12,poly-higg,10000.0,4.14,3.84019475702773,0.617000341120899,0.5843532503460767,-0.03264709077482231
12,poly-higg,100000.0,3.15,3.493774720811214,0.4983105537896005,0.5432948981675764,0.04498434437797588
12,poly-higg,15000000.0,2.25,2.707056247046111,0.3521825181113625,0.43249727960795303,0.08031476149659056
13,poly-higg,100.0,17.25,15.537385638143604,1.236789099409293,1.191377945066856,-0.04541115434243692
13,poly-higg,1000.0,17.25,14.281915441093684,1.236789099409293,1.1547864574199485,-0.08200264198934448
13,poly-higg,10000.0,17.25,12.594722646876768,1.236789099409293,1.100188608177346,-0.13660049123194695
13,poly-higg,100000.0,14.7,10.43414202238937,1.167317334748176,1.0184567437453975,-0.1488605910027785
13,poly-higg,15000000.0,13.0,7.399568103948454,1.1139433523068367,0.8692063716842389,-0.24473698062259786
14,none,100.0,1.15,1.1652818735937551,0.06069784035361165,0.06643099088938563,0.00573315053577398
14,none,1000.0,1.15,1.199149069271563,0.06069784035361165,0.07887317470677167,0.018175334353160023
14,none,10000.0,1.15,1.2180290768621427,0.06069784035361165,0.08565765592415638,0.024959815570544726
14,none,100000.0,1.15,1.2242262999814442,0.06069784035361165,0.0878617051861437,0.027163864832532046
14,none,15000000.0,1.15,1.181749642099849,0.06069784035361165,0.07252547944621515,0.011827639092603502
15,none,100.0,1.25,1.245080053286623,0.09691001300805642,0.09519727559475923,-0.001712737413297194
15,none,1000.0,1.25,1.2773548869506317,0.09691001300805642,0.10631157387427925,0.009401560866222833
15,none,10000.0,1.25,1.29679824053021,0.09691001300805642,0.1128724125988336,0.01596239959077718
15,none,100000.0,1.25,1.3064447435245707,0.09691001300805642,0.11609104583536611,0.019181032827309694
15,none,15000000.0,1.25,1.2833024186430997,0.09691001300805642,0.1083290127827912,0.011418999774734775
16,none,100.0,1.5,1.5203471199816867,0.17609125905568124,0.18194275576167684,0.005851496705995607
16,none,1000.0,1.5,1.5444963722191998,0.17609125905568124,0.18878689254874595,0.012695633493064712
16,none,10000.0,1.5,1.5598131701147007,0.17609125905568124,0.193072582939491,0.016981323883809768
16,none,100000.0,1.5,1.569314435733623,0.17609125905568124,0.19570996973251836,0.019618710676837126
16,none,15000000.0,1.5,1.5505912671066924,0.17609125905568124,0.19049733370413574,0.014406074648454503
17,none,100.0,1.65,1.6921765722420448,0.21748394421390627,0.2284456780584284,0.01096173384452212
17,none,1000.0,1.65,1.713361610140675,0.21748394421390627,0.23384903180093852,0.016365087587032257
17,none,10000.0,1.65,1.7282751667913925,0.21748394421390627,0.2376128897084127,0.020128945494506445
17,none,100000.0,1.65,1.7360584670418722,0.21748394421390627,0.23956434727254602,0.022080403058639758
17,none,15000000.0,1.65,1.730820341587202,0.21748394421390627,0.23825199063297411,0.020768046419067848
18,none,100.0,2.25,2.4681617383013164,0.3521825181113625,0.3923736155517421,0.04019109744037963
18,none,1000.0,2.25,2.4823618728495815,0.3521825181113625,0.3948650922013917,0.042682574090029235
18,none,10000.0,2.25,2.4999701153231912,0.3521825181113625,0.3979348171409155,0.04575229902955302
18,none,100000.0,2.25,2.4936237493798523,0.3521825181113625,0.39683092552780724,0.04464840741644477
18,none,15000000.0,2.25,2.4167300253599273,0.3521825181113625,0.38322813777002096,0.031045619658658485
19,poly-higg,100.0,27.03,22.94507603567759,1.4318460456987254,1.360689501203504,-0.07115654449522135
19,poly-higg,1000.0,24.15,20.11145652667126,1.382917135087531,1.3034435245295914,-0.07947361055793944
19,poly-higg,10000.0,21.85,17.44078492350082,1.3394514413064407,1.2415660264838286,-0.09788541482261204
19,poly-higg,100000.0,14.7,14.670017340244783,1.167317334748176,1.1664306271880798,-0.0008867075600962337
19,poly-higg,15000000.0,6.5,6.643420972813693,0.8129133566428556,0.8223917731968309,0.0094784165539753
20,poly-higg,100.0,76.59,63.16289314119936,1.8841720695239128,1.800462014409115,-0.08371005511479779
20,poly-higg,1000.0,56.35,56.0778354181636,1.7508939203821254,1.7487912416902351,-0.0021026786918902918
20,poly-higg,10000.0,37.95,45.78862811601081,1.579211780231499,1.660757631722244,0.081545851490745
20,poly-higg,100000.0,29.4,35.16024720907319,1.4683473304121573,1.5460519199045482,0.0777045894923909
20,poly-higg,15000000.0,18.0,19.475219628899232,1.255272505103306,1.289482364063789,0.0342098589604829
21,bsa,100.0,9.09,8.991743698298833,0.9585638832219674,0.9538439192213264,-0.004719964000641008
21,bsa,1000.0,9.09,8.491496592783248,0.9585638832219674,0.9289842396794576,-0.029579643542509748
21,bsa,10000.0,8.63,7.992490114570436,0.9360107957152096,0.9026821077913745,-0.03332868792383514
21,bsa,100000.0,6.93,6.835352295379569,0.8407332346118067,0.8347609031022984,-0.005972331509508266
21,bsa,15000000.0,3.58,4.57541015176807,0.5538830266438743,0.660430031444108,0.1065470048002336
22,bsa,100.0,2.19,2.187056814634843,0.34044411484011833,0.33986006514184863,-0.0005840496982696952
22,bsa,1000.0,2.19,2.173740672741607,0.34044411484011833,0.33720773150965694,-0.00323638333046139
22,bsa,10000.0,2.19,2.110912997075598,0.34044411484011833,0.324470333890966,-0.015973780949152305
22,bsa,100000.0,2.0,2.0142155336960856,0.3010299956639812,0.30410594093782234,0.003075945273841141
22,bsa,15000000.0,1.56,1.7145418901131508,0.1931245983544616,0.23414810037119763,0.04102350201673602
23,poly-higg,100.0,1.32,1.5089928370166776,0.12057393120584989,0.17868717824377126,0.05811324703792137
23,poly-higg,1000.0,1.32,1.4802985849170844,0.12057393120584989,0.1703493239780711,0.049775392772221205
23,poly-higg,10000.0,1.32,1.4456722019186934,0.12057393120584989,0.16006983027771074,0.03949589907186085
23,poly-higg,100000.0,1.21,1.3886696410855386,0.08278537031645007,0.14259894111697066,0.05981357080052059
23,poly-higg,15000000.0,1.15,1.2409474003717085,0.06069784035361165,0.09375337359184416,0.03305553323823251
24,poly-higg,100.0,2.99,3.9451734121090394,0.4756711883244297,0.5960660976004049,0.12039490927597518
24,poly-higg,1000.0,2.99,3.737621041708873,0.4756711883244297,0.5725952660535668,0.09692407772913714
24,poly-higg,10000.0,2.99,3.4345285573391293,0.4756711883244297,0.5358671317892441,0.06019594346481438
24,poly-higg,100000.0,2.73,3.11093893552679,0.436162647040756,0.49289148644652614,0.056728839405770115
24,poly-higg,15000000.0,2.6,2.4409683597307965,0.414973347970818,0.3875621500507902,-0.027411197920027774
25,poly-higg,100.0,9.2,10.326118616906282,0.9637878273455552,1.0139371095134488,0.050149282167893605
25,poly-higg,1000.0,9.2,9.731840543787408,0.9637878273455552,0.9881949844017557,0.024407157056200446
25,poly-higg,10000.0,9.2,8.980333776363912,0.9637878273455552,0.953292478598168,-0.010495348747387223
25,poly-higg,100000.0,6.83,7.160969058027599,0.8344207036815325,0.854971797178881,0.020551093497348516
25,poly-higg,15000000.0,4.17,4.174923896344147,0.6201360549737575,0.6206485632450027,0.0005125082712452711
26,poly-higg,100.0,4.37,5.2612150158628825,0.6404814369704218,0.7210860509502878,0.08060461397986596
26,poly-higg,1000.0,3.85,4.900217398187089,0.5854607295085007,0.6902153479343586,0.10475461842585787
26,poly-higg,10000.0,3.85,4.494477961220266,0.5854607295085007,0.6526792551954591,0.06721852568695841
26,poly-higg,100000.0,3.15,3.8059624774942034,0.4983105537896005,0.5804645023173853,0.08215394852778485
26,poly-higg,15000000.0,2.24,2.8395197426910586,0.35024801833416286,0.4532448926046082,0.10299687427044535
27,poly-higg,100.0,7.82,8.009299111695384,0.893206753059848,0.903594512933014,0.01038775987316598
27,poly-higg,1000.0,6.9,7.347295727769537,0.8388490907372553,0.866127520496849,0.027278429759593714
27,poly-higg,10000.0,6.67,6.261575897875647,0.8241258339165489,0.7966836491241185,-0.027442184792430435
27,poly-higg,100000.0,5.15,5.234915777970568,0.7118072290411911,0.7189096989170825,0.00710246987589136
27,poly-higg,15000000.0,4.0,3.7371391864331813,0.6020599913279624,0.5725392730635012,-0.029520718264461232
28,bsa,100.0,5.06,4.277920883725643,0.7041505168397991,0.6312327484264614,-0.07291776841333775
28,bsa,1000.0,4.6,4.0796923669567455,0.6627578316815741,0.6106274159403082,-0.05213041574126587
28,bsa,10000.0,4.6,3.8112419159656863,0.6627578316815741,0.5810665161913532,-0.0816913154902209
28,bsa,100000.0,3.99,3.4838169383727062,0.6009728956867483,0.5420553263748535,-0.058917569311894735
28,bsa,15000000.0,3.0,2.6399493352066075,0.47712125471966244,0.42159559215341585,-0.05552566256624658
29,none,100.0,1.0,1.0873774198886836,0.0,0.03638031034716785,0.03638031034716785
29,none,1000.0,1.0,1.0994308305873397,0.0,0.0411679114237964,0.0411679114237964
29,none,10000.0,1.0,1.1118144146983926,0.0,0.04603230037657255,0.04603230037657255
29,none,100000.0,1.0,1.1144212592314562,0.0,0.04704938830360092,0.04704938830360092
29,none,15000000.0,1.0,1.0532675993118636,0.0,0.02253872459467988,0.02253872459467988
30,none,100.0,0.97,1.0386299485967039,-0.01322826573375516,0.016460841196422382,0.029689106930177542
30,none,1000.0,0.97,1.0538401850175532,-0.01322826573375516,0.022774755062952883,0.03600302079670804
30,none,10000.0,0.97,1.0699857289238481,-0.01322826573375516,0.029377985263755704,0.042606250997510864
30,none,100000.0,0.97,1.0806884504980685,-0.01322826573375516,0.0337005101133965,0.04692877584715166
30,none,15000000.0,0.97,1.0294190258697293,-0.01322826573375516,0.012592190681081947,0.025820456414837108
31,none,100.0,1.2,1.304640595369342,0.07918124604762482,0.11549088796126508,0.036309641913640264
31,none,1000.0,1.2,1.3221042620191956,0.07918124604762482,0.12126570525108879,0.04208445920346397
31,none,10000.0,1.2,1.3199355858548132,0.07918124604762482,0.12055273772827671,0.04137149168065189
31,none,100000.0,1.2,1.3149330566134454,0.07918124604762482,0.11890364340872231,0.03972239736109749
31,none,15000000.0,1.2,1.2457014710486367,0.07918124604762482,0.09541397730702252,0.016232731259397698
32,none,100.0,1.3,1.4042392310308516,0.11394335230683679,0.14744110200033564,0.03349774969349885
32,none,1000.0,1.3,1.4168362456926307,0.11394335230683679,0.15131965850313103,0.03737630619629424
32,none,10000.0,1.3,1.4118101545446229,0.11394335230683679,0.14977630126474784,0.035832948957911046
32,none,100000.0,1.3,1.4051511341614398,0.11394335230683679,0.14772303826413166,0.03377968595729487
32,none,15000000.0,1.3,1.3351158572685589,0.11394335230683679,0.12551895408203118,0.011575601775194386
33,none,100.0,1.55,1.598208682688417,0.1903316981702915,0.2036334857557562,0.013301787585464714
33,none,1000.0,1.55,1.6203110128019855,0.1903316981702915,0.20959838378933887,0.019266685619047375
33,none,10000.0,1.55,1.6273186143759928,0.1903316981702915,0.2114725922229198,0.021140894052628312
33,none,100000.0,1.55,1.6312752214314565,0.1903316981702915,0.21252723943719426,0.022195541266902763
33,none,15000000.0,1.55,1.5901398556510002,0.1903316981702915,0.20143532297855365,0.011103624808262158
34,none,100.0,2.32,2.504577458411982,0.3654879848908996,0.39873446754508246,0.03324648265418284
34,none,1000.0,2.32,2.5180451081188187,0.3654879848908996,0.40106350576851657,0.03557552087761695
34,none,10000.0,2.32,2.530874936491305,0.3654879848908996,0.4032706849711077,0.037782700080208065
34,none,100000.0,2.32,2.5157403565839345,0.3654879848908996,0.40066581661361705,0.035177831722717434
34,none,15000000.0,2.32,2.420629134196114,0.3654879848908996,0.38392825606298575,0.01844027117208613
35,none,100.0,1.17,1.2422195911829232,0.06818586174616162,0.09419837426997643,0.026012512523814812
35,none,1000.0,1.17,1.2644074495088393,0.06818586174616162,0.10188704590769644,0.03370118416153482
35,none,10000.0,1.17,1.2786263773074538,0.06818586174616162,0.10674365942907783,0.038557797682916214
35,none,100000.0,1.17,1.286148068410895,0.06818586174616162,0.10929096982620093,0.04110510808003931
35,none,15000000.0,1.17,1.2299880411958402,0.06818586174616162,0.08990088894516637,0.021715027199004755
36,none,100.0,1.27,1.3547895339477531,0.10380372095595687,0.13187183296351757,0.028068112007560694
36,none,1000.0,1.27,1.3736463207614424,0.10380372095595687,0.1378749272547149,0.034071206298758025
36,none,10000.0,1.27,1.3838835113275274,0.10380372095595687,0.14109953483401402,0.03729581387805715
36,none,100000.0,1.27,1.3876929152971242,0.10380372095595687,0.14229337105605377,0.0384896501000969
36,none,15000000.0,1.27,1.3249131889673154,0.10380372095595687,0.12218742333880564,0.01838370238284877
37,none,100.0,1.52,1.5881890622714547,0.18184358794477254,0.20090220074461354,0.019058612799841
37,none,1000.0,1.52,1.6156866116483233,0.18184358794477254,0.208357126221589,0.026513538276816462
37,none,10000.0,1.52,1.6212302318533203,0.18184358794477254,0.20984469364148967,0.028001105696717127
37,none,100000.0,1.52,1.6187866887097435,0.18184358794477254,0.20918962452872478,0.027346036583952238
37,none,15000000.0,1.52,1.6150616239482973,0.18184358794477254,0.20818909783127748,0.026345509886504942
38,none,100.0,2.29,2.479160889745701,0.359835482339888,0.3943047120285788,0.03446922968869082
38,none,1000.0,2.29,2.5040483532859446,0.359835482339888,0.3986427108652751,0.038807228525387094
38,none,10000.0,2.29,2.5136030997703354,0.359835482339888,0.40029670326731825,0.040461220927430264
38,none,100000.0,2.29,2.501481295867132,0.359835482339888,0.39819725991498567,0.03836177757509768
38,none,15000000.0,2.29,2.4186102318938754,0.359835482339888,0.3835658858167949,0.023730403476906914
39,none,100.0,1.07,1.1510890053894078,0.029383777685209667,0.0611089057800981,0.031725128094888436
39,none,1000.0,1.07,1.1694753845110235,0.029383777685209667,0.06799108507331361,0.038607307388103945
39,none,10000.0,1.07,1.1811714768306818,0.029383777685209667,0.07231295098809037,0.04292917330288071
39,none,100000.0,1.07,1.1885075156556992,0.029383777685209667,0.07500193238096634,0.04561815469575667
39,none,15000000.0,1.07,1.1257248979179837,0.029383777685209667,0.05143227158678096,0.022048493901571292
40,none,100.0,1.0,1.1072511693421387,0.0,0.04424614760531308,0.04424614760531308
40,none,1000.0,1.0,1.1239670214023219,0.0,0.05075356867689516,0.05075356867689516
40,none,10000.0,1.0,1.1340188832328613,0.0,0.054620286316634535,0.054620286316634535
40,none,100000.0,1.0,1.1379178990228285,0.0,0.05611092876590042,0.05611092876590042
40,none,15000000.0,1.0,1.0870764230679102,0.0,0.03626007669898931,0.03626007669898931
41,none,100.0,1.27,1.308720580339967,0.10380372095595687,0.11684693198231802,0.013043211026361148
41,none,1000.0,1.27,1.329716405441345,0.10380372095595687,0.12375902691835758,0.019955305962400707
41,none,10000.0,1.27,1.337123222190702,0.10380372095595687,0.1261714313843312,0.022367710428374335
41,none,100000.0,1.27,1.3438219889864922,0.10380372095595687,0.12834174318128336,0.024538022225326486
41,none,15000000.0,1.27,1.2943005211189558,0.10380372095595687,0.11203512603168635,0.008231405075729475
42,none,100.0,1.38,1.420010531910152,0.13987908640123647,0.15229156546298664,0.012412479061750165
42,none,1000.0,1.38,1.4404036504710358,0.13987908640123647,0.15848421335005183,0.01860512694881536
42,none,10000.0,1.38,1.450034452723863,0.13987908640123647,0.16137832116608064,0.021499234764844166
42,none,100000.0,1.38,1.449886908870396,0.13987908640123647,0.16133412860120397,0.021455042199967495
42,none,15000000.0,1.38,1.3932480195999244,0.13987908640123647,0.1440284344108604,0.004149348009623938
43,none,100.0,1.64,1.638243987873323,0.21484384804769785,0.2143785828309955,-0.000465265216702343
43,none,1000.0,1.64,1.6624660657079398,0.21484384804769785,0.220752789237579,0.0059089411898811395
43,none,10000.0,1.64,1.675770949128574,0.21484384804769785,0.22421465729689713,0.00937080924919928
43,none,100000.0,1.64,1.679275047807861,0.21484384804769785,0.2251218348886158,0.010277986840917963
43,none,15000000.0,1.64,1.6494193011442309,0.21484384804769785,0.21733107227597187,0.002487224228274021
44,none,100.0,2.42,2.5781738212243273,0.38381536598043126,0.41131219426398646,0.027496828283555208
44,none,1000.0,2.42,2.575235886402063,0.38381536598043126,0.4108170156959631,0.027001649715531817
44,none,10000.0,2.42,2.5880868355906097,0.38381536598043126,0.4129788437065417,0.029163477726110443
44,none,100000.0,2.42,2.5961941473432106,0.38381536598043126,0.4143371665439991,0.030521800563567847
44,none,15000000.0,2.42,2.560284207842839,0.38381536598043126,0.4082881774395265,0.024472811459095245
45,none,100.0,1.2,1.266633118467859,0.07918124604762482,0.1026508392730159,0.023469593225391078
45,none,1000.0,1.2,1.2877765768012654,0.07918124604762482,0.10984052150274923,0.03065927545512441
45,none,10000.0,1.2,1.2926633703591717,0.07918124604762482,0.1114854425681652,0.03230419652054038
45,none,100000.0,1.2,1.296907904501392,0.07918124604762482,0.11290913723525206,0.03372789118762724
45,none,15000000.0,1.2,1.241701389710214,0.07918124604762482,0.09401716718238556,0.014835921134760746
46,none,100.0,1.3,1.3836851736708127,0.11394335230683679,0.14103728745386465,0.02709393514702786
46,none,1000.0,1.3,1.4052104041943796,0.11394335230683679,0.1477413566533499,0.0337980043465131
46,none,10000.0,1.3,1.4122638473049196,0.11394335230683679,0.14991584170444056,0.035972489397603766
46,none,100000.0,1.3,1.405347075920797,0.11394335230683679,0.14778359437813016,0.03384024207129337
46,none,15000000.0,1.3,1.3348695537354764,0.11394335230683679,0.12543882760257288,0.011495475295736093
47,none,100.0,1.55,1.612426756001549,0.1903316981702915,0.20747999605966724,0.017148297889375747
47,none,1000.0,1.55,1.6354966056632751,0.1903316981702915,0.2136496471199799,0.023317948949688416
47,none,10000.0,1.55,1.6535405300804344,0.1903316981702915,0.21841484441123363,0.02808314624094213
47,none,100000.0,1.55,1.6475567601459806,0.1903316981702915,0.21684038544727116,0.026508687276979664
47,none,15000000.0,1.55,1.5991469045982527,0.1903316981702915,0.2038883617611386,0.01355666359084709
48,none,100.0,2.32,2.5626352432782102,0.3654879848908996,0.4086867945943594,0.043198809703459795
48,none,1000.0,2.32,2.5665891870942885,0.3654879848908996,0.4093563602741316,0.04386837538323196
48,none,10000.0,2.32,2.58029596743946,0.3654879848908996,0.411669523658468,0.046181538767568364
48,none,100000.0,2.32,2.577517677162884,0.3654879848908996,0.41120165244943213,0.04571366755853251
48,none,15000000.0,2.32,2.529087993361851,0.3654879848908996,0.40296393980968337,0.03747595491878375
49,bgg,100.0,3.45,3.484775083429567,0.5378190950732742,0.5421747528278237,0.004355657754549491
49,bgg,1000.0,3.45,3.4312143223958858,0.5378190950732742,0.535447846044178,-0.002371249029096134
49,bgg,10000.0,3.45,3.3590055074449396,0.5378190950732742,0.526210715914003,-0.011608379159271154
49,bgg,100000.0,3.15,3.2442557247002513,0.4983105537896005,0.5111150796479376,0.012804525858337079
49,bgg,15000000.0,2.95,2.5513739726265166,0.46982201597816303,0.4067741208380944,-0.06304789514006864
50,bgg,100.0,1.55,1.6265022204326947,0.1903316981702915,0.2112546604989105,0.02092296232861901
50,bgg,1000.0,1.55,1.5931333851184846,0.1903316981702915,0.20225213863592698,0.011920440465635479
50,bgg,10000.0,1.55,1.5624455849855072,0.1903316981702915,0.19380490118280833,0.003473203012516829
50,bgg,100000.0,1.42,1.5498973151659414,0.15228834438305647,0.19030292595477008,0.03801458157171361
50,bgg,15000000.0,1.3,1.4614128911317397,0.11394335230683679,0.16477293394028325,0.05082958163344646
51,bgg,100.0,3.62,3.615134530564457,0.5587085705331657,0.5581244633994769,-0.0005841071336888382
51,bgg,1000.0,3.62,3.5801734531501106,0.5587085705331657,0.5539040679626271,-0.004804502570538549
51,bgg,10000.0,3.62,3.5014924812292363,0.5587085705331657,0.5442531981224912,-0.014455372410674516
51,bgg,100000.0,3.31,3.406793553827676,0.5198279937757188,0.5323458168229483,0.012517823047229593
51,bgg,15000000.0,3.15,3.0329318993217735,0.4983105537896005,0.4818626588827676,-0.016447894906832905
52,bgg,100.0,2.74,2.7630770721011424,0.437750562820388,0.4413929991117353,0.0036424362913473063
52,bgg,1000.0,2.74,2.764200169861405,0.437750562820388,0.44156948932392504,0.0038189265035370457
52,bgg,10000.0,2.74,2.723754833840228,0.437750562820388,0.435168013996221,-0.0025825488241669747
52,bgg,100000.0,2.42,2.570567919940219,0.38381536598043126,0.410029083350127,0.026213717369695744
52,bgg,15000000.0,2.0,2.057646797929527,0.3010299956639812,0.313370828699142,0.012340833035160814
53,poly-higg,100.0,2.53,2.4007003821500583,0.40312052117581787,0.3803379615986804,-0.022782559577137484
53,poly-higg,1000.0,2.53,2.388425055079519,0.40312052117581787,0.37811161837379564,-0.025008902802022226
53,poly-higg,10000.0,2.53,2.335884880342206,0.40312052117581787,0.36845143558758225,-0.034669085588235615
53,poly-higg,100000.0,2.1,2.1808884220772415,0.3222192947339193,0.3386334469103265,0.016414152176407182
53,poly-higg,15000000.0,1.75,1.693210804706592,0.24303804868629444,0.22871103112814783,-0.01432701755814661
54,poly-higg,100.0,5.87,4.783779137885332,0.7686381012476144,0.6797711205180065,-0.08886698072960797
54,poly-higg,1000.0,3.62,4.473891527054291,0.5587085705331657,0.6506854500840682,0.0919768795509025
54,poly-higg,10000.0,3.57,4.179244091865822,0.5526682161121932,0.6210977371772735,0.06842952106508027
54,poly-higg,100000.0,3.2,3.742651362589276,0.505149978319906,0.5731793733726063,0.06802939505270023
54,poly-higg,15000000.0,2.75,2.721112853451381,0.43933269383026263,0.43474655376610394,-0.004586140064158695
55,poly-higg,100.0,2.88,2.4238853418589437,0.45939248775923086,0.38451207235246043,-0.07488041540677043
55,poly-higg,1000.0,2.51,2.311586239058582,0.3996737214810381,0.36391010043411354,-0.03576362104692454
55,poly-higg,10000.0,2.3,2.187872277801762,0.36172783601759284,0.34002196543792523,-0.021705870579667608
55,poly-higg,100000.0,2.0,2.0873118084388134,0.3010299956639812,0.3195873300282827,0.018557334364301514
55,poly-higg,15000000.0,1.73,1.8803034602372264,0.2380461031287954,0.2742279452589548,0.036181842130159375
56,bsa,100.0,3.51,3.717288788666542,0.5453071164658241,0.5702263018685002,0.024919185402676125
56,bsa,1000.0,3.51,3.572341980759128,0.5453071164658241,0.5529530272734637,0.007645910807639655
56,bsa,10000.0,3.51,3.4545906284613754,0.5453071164658241,0.5383965905426775,-0.00691052592314656
56,bsa,100000.0,3.2,3.3132093882707823,0.505149978319906,0.5202488833003187,0.015098904980412664
56,bsa,15000000.0,3.05,3.0725217196977708,0.48429983934678583,0.48749496160293443,0.003195122256148597
57,bsa,100.0,2.24,2.1267195763964555,0.35024801833416286,0.32771022875910916,-0.0225377895750537
57,bsa,1000.0,2.22,2.0542224537011924,0.3463529744506387,0.31264747196997467,-0.03370550248066401
57,bsa,10000.0,1.84,1.924186191900313,0.2648178230095365,0.28424709379456187,0.019429270785025377
57,bsa,100000.0,1.63,1.7726833239736866,0.21218760440395779,0.24863115921375725,0.03644355480979947
57,bsa,15000000.0,1.47,1.4384839864055452,0.1673173347481761,0.15790503156912042,-0.00941230317905567
58,poly-higg,100.0,6.33,6.6269348567157556,0.8014037100173551,0.8213127014635988,0.019908991446243696
58,poly-higg,1000.0,6.33,6.3845148199926856,0.8014037100173551,0.8051278994058538,0.003724189388498722
58,poly-higg,10000.0,6.33,6.17782812983927,0.8014037100173551,0.7908358218513672,-0.01056788816598786
58,poly-higg,100000.0,5.78,5.81876892991195,0.761927838420529,0.7648311111963833,0.0029032727758542265
58,poly-higg,15000000.0,5.5,4.54800892544876,0.7403626894942439,0.6578213083176632,-0.08254138117658072
59,poly-higg,100.0,6.33,6.038740894232094,0.8014037100173551,0.7809463956259798,-0.020457314391375325
59,poly-higg,1000.0,5.18,5.616452528272806,0.714329759745233,0.7494620924647247,0.03513233271949168
59,poly-higg,10000.0,5.06,5.246831181371112,0.7041505168397991,0.7198970908462414,0.015746574006442304
59,poly-higg,100000.0,4.41,4.866599987107948,0.6444385894678385,0.6872256506340636,0.042787061166225104
59,poly-higg,15000000.0,3.88,3.454692707988248,0.5888317255942073,0.5384094232991533,-0.050422302295053956
60,none,100.0,1.38,1.4854873559440191,0.13987908640123647,0.17186895956135148,0.03198987316011501
60,none,1000.0,1.38,1.4864532238787111,0.13987908640123647,0.17215124725707487,0.032272160855838394
60,none,10000.0,1.38,1.4883481531629301,0.13987908640123647,0.17270453289785237,0.032825446496615895
60,none,100000.0,1.38,1.4902207017932685,0.13987908640123647,0.17325059221962172,0.033371505818385244
60,none,15000000.0,1.38,1.4654569805839435,0.13987908640123647,0.1659730739725216,0.026093987571285115
61,none,100.0,3.05,3.1312764070488406,0.48429983934678583,0.4957214057701189,0.011421566423333085
61,none,1000.0,3.05,3.1414236392998713,0.48429983934678583,0.4971265074917941,0.012826668145008269
61,none,10000.0,3.05,3.1532559746038458,0.48429983934678583,0.49875922727997896,0.014459387933193124
61,none,100000.0,3.05,3.1628602900828056,0.48429983934678583,0.5000800086763428,0.015780169329557003
61,none,15000000.0,3.05,3.1490620078137215,0.48429983934678583,0.4981812123628691,0.013881373016083276
62,none,100.0,0.98,1.0418322000583509,-0.00877392430750515,0.017797776106420173,0.02657170041392532
62,none,1000.0,0.98,1.0542658029219187,-0.00877392430750515,0.022950119594749876,0.03172404390225503
62,none,10000.0,0.98,1.0551312154259918,-0.00877392430750515,0.023306471569183217,0.032080395876688365
62,none,100000.0,0.98,1.0466935886711406,-0.00877392430750515,0.019819563985034233,0.028593488292539382
62,none,15000000.0,0.98,0.9686396122556968,-0.00877392430750515,-0.013837774570610755,-0.005063850263105605
63,none,100.0,3.3,3.340900534588325,0.5185139398778874,0.5238635459995621,0.005349606121674677
63,none,1000.0,3.3,3.3395060077118304,0.5185139398778874,0.5236822290894939,0.005168289211606503
63,none,10000.0,3.3,3.332263171646835,0.5185139398778874,0.5227392932991574,0.004225353421269951
63,none,100000.0,3.3,3.2734660958519175,0.5185139398778874,0.5150078471792991,-0.003506092698588259
63,none,15000000.0,3.3,3.113202369790244,0.5185139398778874,0.4932073523646926,-0.02530658751319481
64,none,100.0,1.04,1.1152054175263888,0.01703333929878037,0.0473548705065359,0.030321531207755527
64,none,1000.0,1.04,1.1289970677811518,0.01703333929878037,0.05269281398154963,0.03565947468276926
64,none,10000.0,1.04,1.1252655369365228,0.01703333929878037,0.05125501810837389,0.03422167880959352
64,none,100000.0,1.04,1.1141198760759743,0.01703333929878037,0.04693192218185103,0.029898582883070658
64,none,15000000.0,1.04,1.0260913433362626,0.01703333929878037,0.011186023681376705,-0.005847315617403665
65,none,100.0,1.01,1.0856217726500608,0.004321373782642578,0.03567854471704314,0.03135717093440056
65,none,1000.0,1.01,1.0926975567843151,0.004321373782642578,0.03849997201757642,0.03417859823493384
65,none,10000.0,1.01,1.0923718833782659,0.004321373782642578,0.03837051328130245,0.03404913949865987
65,none,100000.0,1.01,1.08413649903747,0.004321373782642578,0.035083965824790384,0.030762592042147804
65,none,15000000.0,1.01,0.9827214897864155,0.004321373782642578,-0.007569546854648619,-0.011890920637291198
66,none,100.0,1.11,1.1518036595953067,0.045322978786657475,0.06137845406845153,0.016055475281794053
66,none,1000.0,1.11,1.1732581022643511,0.045322978786657475,0.06939356203778069,0.024070583251123212
66,none,10000.0,1.11,1.184897458567093,0.045322978786657475,0.07368076797871285,0.02835778919205538
66,none,100000.0,1.11,1.1700503100885247,0.045322978786657475,0.06820453604024797,0.022881557253590493
66,none,15000000.0,1.11,1.08727139615678,0.045322978786657475,0.03633796279991028,-0.008985015986747197
67,none,100.0,1.04,1.1331213178535742,0.01703333929878037,0.05427641017562576,0.03724307087684539
67,none,1000.0,1.04,1.141688499735079,0.01703333929878037,0.05754762641430275,0.04051428711552238
67,none,10000.0,1.04,1.144837874143101,0.01703333929878037,0.05874398855332105,0.04171064925454068
67,none,100000.0,1.04,1.1403966404205064,0.01703333929878037,0.057055929218810704,0.040022589920030334
67,none,15000000.0,1.04,1.0603091347413174,0.01703333929878037,0.02543250294327686,0.008399163644496489
68,none,100.0,1.24,1.2719561375052537,0.09342168516223506,0.10447213523702029,0.011050450074785223
68,none,1000.0,1.24,1.2957344830697397,0.09342168516223506,0.1125160166954094,0.01909433153317433
68,none,10000.0,1.24,1.30766384128756,0.09342168516223506,0.11649611506074203,0.02307442989850697
68,none,100000.0,1.24,1.3006854181480987,0.09342168516223506,0.11417227144048556,0.020750586278250494
68,none,15000000.0,1.24,1.2293579234319414,0.09342168516223506,0.08967834467710935,-0.003743340485125715
69,none,100.0,1.33,1.3553116780819134,0.12385164096708581,0.13203918045446972,0.008187539487383905
69,none,1000.0,1.33,1.3903601031435457,0.12385164096708581,0.14312729705539473,0.019275656088308918
69,none,10000.0,1.33,1.401334839708932,0.12385164096708581,0.14654191948496645,0.022690278517880635
69,none,100000.0,1.33,1.3935160187683469,0.12385164096708581,0.14411196538711593,0.020260324420030118
69,none,15000000.0,1.33,1.317310420598134,0.12385164096708581,0.11968812732877032,-0.004163513638315491
70,none,100.0,1.6,1.5424458599562871,0.2041199826559248,0.18820992918185664,-0.015910053474068153
70,none,1000.0,1.6,1.5742234055062214,0.2041199826559248,0.19706636518549867,-0.007053617470426127
70,none,10000.0,1.6,1.5871590951668966,0.2041199826559248,0.20062046216127677,-0.003499520494648023
70,none,100000.0,1.6,1.5963535893217624,0.2041199826559248,0.20312909308188498,-0.0009908895740398105
70,none,15000000.0,1.6,1.5226248968868001,0.2041199826559248,0.18259292679195296,-0.021527055863971828
71,none,100.0,2.35,2.555244147502259,0.37106786227173627,0.4074324022583212,0.036364539986584954
71,none,1000.0,2.35,2.582183376098445,0.37106786227173627,0.4119870808427852,0.04091921857104891
71,none,10000.0,2.35,2.597835261854568,0.37106786227173627,0.41461160742371744,0.04354374515198117
71,none,100000.0,2.35,2.5621760270394387,0.37106786227173627,0.4086089634046773,0.03754110113294101
71,none,15000000.0,2.35,2.457769998065906,0.37106786227173627,0.3905412384997753,0.01947337622803902
72,none,100.0,1.21,1.2594636341416028,0.08278537031645007,0.10018563215994312,0.017400261843493053
72,none,1000.0,1.21,1.2792545743935582,0.08278537031645007,0.10695697860903934,0.02417160829258927
72,none,10000.0,1.21,1.2870077577890227,0.08278537031645007,0.10958116474029189,0.02679579442384182
72,none,100000.0,1.21,1.2849062688169466,0.08278537031645007,0.10887144796280868,0.026086077646358605
72,none,15000000.0,1.21,1.210391073011917,0.08278537031645007,0.08292571197814977,0.0001403416616996972
73,none,100.0,1.31,1.3597277432061057,0.11727129565576427,0.13345195876731017,0.016180663111545895
73,none,1000.0,1.31,1.3732683043794458,0.11727129565576427,0.1377553964703913,0.020484100814627038
73,none,10000.0,1.31,1.378941259641918,0.11727129565576427,0.1395457664247802,0.022274470769015925
73,none,100000.0,1.31,1.3794694329531976,0.11727129565576427,0.13971208158444545,0.02244078592868118
73,none,15000000.0,1.31,1.3065981754315124,0.11727129565576427,0.11614204739383713,-0.001129248261927146
74,none,100.0,1.56,1.5532425255513806,0.1931245983544616,0.19123927239646696,-0.001885325957994649
74,none,1000.0,1.56,1.5765641186216766,0.1931245983544616,0.197711638133286,0.004587039778824381
74,none,10000.0,1.56,1.5913509821108487,0.1931245983544616,0.20176597649329217,0.008641378138830563
74,none,100000.0,1.56,1.5911728837151384,0.1931245983544616,0.20171736906482693,0.008592770710365322
74,none,15000000.0,1.56,1.5320321278597056,0.1931245983544616,0.18526787287222649,-0.007856725482235122
75,none,100.0,2.33,2.54664174381528,0.367355921026019,0.4059678536296684,0.038611932603649424
75,none,1000.0,2.33,2.567172761853267,0.367355921026019,0.4094550961723732,0.042099175146354195
75,none,10000.0,2.33,2.5762685611391682,0.367355921026019,0.41099113374264246,0.04363521271662346
75,none,100000.0,2.33,2.5577362398870562,0.367355921026019,0.40785575692617215,0.04049983590015316
75,none,15000000.0,2.33,2.4491395465301204,0.367355921026019,0.3890135309644113,0.02165760993839233
76,none,100.0,1.42,1.4740359794243845,0.15228834438305647,0.16850808425218392,0.016219739869127447
76,none,1000.0,1.42,1.47871451396913,0.15228834438305647,0.16988433560906513,0.01759599122600866
76,none,10000.0,1.42,1.4824026233610235,0.15228834438305647,0.17096617486872595,0.018677830485669483
76,none,100000.0,1.42,1.4864571331164478,0.15228834438305647,0.1721523894108391,0.019864045027782634
76,none,15000000.0,1.42,1.4753901972253678,0.15228834438305647,0.1689068935963521,0.01661854921329564
77,none,100.0,3.1,3.1059466193986833,0.4913616938342727,0.4921939874196457,0.0008322935853730118
77,none,1000.0,3.1,3.123673951707347,0.4913616938342727,0.49466569602337634,0.0033040021891036497
77,none,10000.0,3.1,3.1401558114308226,0.4913616938342727,0.49695119787123565,0.005589504036962956
77,none,100000.0,3.1,3.1453502358092384,0.4913616938342727,0.49766901131085994,0.006307317476587249
77,none,15000000.0,3.1,3.1274575365226407,0.4913616938342727,0.4951914217134684,0.0038297278791957212
78,none,100.0,1.47,1.5271971042288401,0.1673173347481761,0.18389509190562878,0.01657775715745269
78,none,1000.0,1.47,1.5400090574839913,0.1673173347481761,0.1875232751246122,0.02020594037643611
78,none,10000.0,1.47,1.551559994702792,0.1673173347481761,0.19076857325863994,0.02345123851046385
78,none,100000.0,1.47,1.5611032022419014,0.1673173347481761,0.19343161458237107,0.02611427983419498
78,none,15000000.0,1.47,1.570092913969681,0.1673173347481761,0.1959253535750537,0.028608018826877607
79,none,100.0,3.15,3.2892118124171517,0.4983105537896005,0.5170918412546336,0.018781287465033103
79,none,1000.0,3.15,3.2736538830630817,0.4983105537896005,0.5150327604082809,0.016722206618680457
79,none,10000.0,3.15,3.2628354576754934,0.4983105537896005,0.5135951731978121,0.01528461940821163
79,none,100000.0,3.15,3.2603300191058984,0.4983105537896005,0.5132615627128716,0.014951008923271114
79,none,15000000.0,3.15,3.2155984231643124,0.4983105537896005,0.507261807024985,0.008951253235384538
80,none,100.0,1.54,1.591559687609345,0.18752072083646307,0.2018229304300344,0.014302209593571341
80,none,1000.0,1.54,1.5942609183977965,0.18752072083646307,0.2025593999629947,0.015038679126531646
80,none,10000.0,1.54,1.5905489320800448,0.18752072083646307,0.2015470344024915,0.014026313566028431
80,none,100000.0,1.54,1.580588204387412,0.18752072083646307,0.19881873656273222,0.01129801572626915
80,none,15000000.0,1.54,1.5728770290089595,0.18752072083646307,0.19669476985121231,0.009174049014749247
81,none,100.0,3.22,3.270473096069178,0.5078558716958309,0.5146105808409374,0.006754709145106452
81,none,1000.0,3.22,3.284817248951545,0.5078558716958309,0.5165112125625634,0.008655340866732475
81,none,10000.0,3.22,3.2806883584407833,0.5078558716958309,0.5159649775248303,0.008109105828999374
81,none,100000.0,3.22,3.2720150093391256,0.5078558716958309,0.5148152871931144,0.0069594154972835165
81,none,15000000.0,3.22,3.242527370846634,0.5078558716958309,0.5108836507414647,0.0030277790456337828
82,bsa,100.0,10.35,11.160031933954462,1.0149403497929366,1.0476654373184386,0.03272508752550207
82,bsa,1000.0,10.35,10.83941292783085,1.0149403497929366,1.0350057610669525,0.020065411274015954
82,bsa,10000.0,10.35,10.616191232098819,1.0149403497929366,1.0259687329815925,0.011028383188655955
82,bsa,100000.0,10.35,10.36980147302075,1.0149403497929366,1.0157704420209683,0.0008300922280317646
82,bsa,15000000.0,10.35,9.401214570038462,1.0149403497929366,0.9731839649816902,-0.04175638481124633
83,bgg,100.0,18.06,18.66386246408924,1.256717745977487,1.271001525437047,0.014283779459560053
83,bgg,1000.0,18.06,16.86272620187391,1.256717745977487,1.2269277884808047,-0.02978995749668223
83,bgg,10000.0,14.95,15.203713789173051,1.1746411926604485,1.1819496853882634,0.007308492727814864
83,bgg,100000.0,12.43,13.576292800253412,1.0944711286416449,1.1327811958508023,0.03831006720915742
83,bgg,15000000.0,9.5,9.91217932787751,0.9777236052888477,0.9961691505515371,0.018445545262689378
84,poly-higg,100.0,19.09,21.741314787680434,1.2808059283936668,1.3372858041370566,0.05647987574338975
84,poly-higg,1000.0,19.09,19.923651424704175,1.2808059283936668,1.299368934904766,0.0185630065110991
84,poly-higg,10000.0,19.09,18.310550701191502,1.2808059283936668,1.2627014061745567,-0.018104522219110075
84,poly-higg,100000.0,16.72,16.762482991112776,1.2232362731029975,1.2243383501813787,0.0011020770783811695
84,poly-higg,15000000.0,9.3,11.25143157246945,0.9684829485539351,1.0512077832891427,0.08272483473520753
85,bsa,100.0,4.95,4.8703780543518445,0.6946051989335688,0.6875626738524871,-0.007042525081081608
85,bsa,1000.0,4.95,4.854757407085347,0.6946051989335688,0.6861675330295056,-0.00843766590406314
85,bsa,10000.0,4.95,4.868298080292434,0.6946051989335688,0.687377161723785,-0.007228037209783711
85,bsa,100000.0,4.95,4.883350251033471,0.6946051989335688,0.688717874527003,-0.005887324406565808
85,bsa,15000000.0,4.3,4.738771639107042,0.6334684555795865,0.6756657805995292,0.042197325019942666
86,bgg,100.0,5.75,5.850233593163691,0.7596678446896304,0.7671732073123716,0.007505362622741152
86,bgg,1000.0,5.75,5.808803861858031,0.7596678446896304,0.7640867124805599,0.0044188677909294816
86,bgg,10000.0,5.75,5.7984438190015775,0.7596678446896304,0.7633114536486074,0.003643608958976974
86,bgg,100000.0,5.75,5.750625066316943,0.7596678446896304,0.7597150530545627,4.720836493221636e-05
86,bgg,15000000.0,5.7,5.119349102958368,0.7558748556724915,0.7092147463345472,-0.04666010933794429
87,poly-higg,100.0,5.87,5.736474885755929,0.7686381012476144,0.7586450965869488,-0.00999300466066566
87,poly-higg,1000.0,5.06,5.656352738261619,0.7041505168397991,0.7525364848595348,0.048385968019735714
87,poly-higg,10000.0,5.06,5.63089697412141,0.7041505168397991,0.7505775813314388,0.04642706449163969
87,poly-higg,100000.0,5.06,5.646800044405419,0.7041505168397991,0.7518024094565803,0.047651892616781155
87,poly-higg,15000000.0,4.4,4.941103860831379,0.6434526764861874,0.6938239827523777,0.05037130626619024
88,bgg,100.0,2.42,2.5049262666302625,0.38381536598043126,0.39879494678334687,0.014979580802915615
88,bgg,1000.0,2.42,2.4942314470274707,0.38381536598043126,0.3969367504669603,0.013121384486529053
88,bgg,10000.0,2.42,2.476212738015433,0.38381536598043126,0.39378795334376054,0.009972587363329288
88,bgg,100000.0,2.42,2.463196791232901,0.38381536598043126,0.39149911014702843,0.007683744166597173
88,bgg,15000000.0,2.4,2.4495039240779684,0.38021124171160603,0.3890781395278232,0.00886689781621719
89,bsa,100.0,2.76,2.560931172655387,0.4409090820652177,0.4083979065677486,-0.03251117549746907
89,bsa,1000.0,2.65,2.5040969844956593,0.42324587393680785,0.3986511452315339,-0.02459472870527396
89,bsa,10000.0,2.42,2.445506728361495,0.38381536598043126,0.38836886204024934,0.004553496059818085
89,bsa,100000.0,2.42,2.363548255973651,0.38381536598043126,0.37356447361127626,-0.010250892369154996
89,bsa,15000000.0,2.0,2.1837930853920597,0.3010299956639812,0.33921148653749367,0.03818149087351247
90,poly-higg,100.0,3.45,2.713562746281907,0.5378190950732742,0.43353986831421687,-0.10427922675905732
90,poly-higg,1000.0,2.88,2.668805987002588,0.45939248775923086,0.4263170032229589,-0.03307548453627196
90,poly-higg,10000.0,2.71,2.6408675825688284,0.4329692908744057,0.4217466255153609,-0.011222665359044814
90,poly-higg,100000.0,2.71,2.59415132139441,0.4329692908744057,0.41399530564544923,-0.01897398522895649
90,poly-higg,15000000.0,2.7,2.4862138399557323,0.43136376415898736,0.3955384797033749,-0.03582528445561245
91,bgg,100.0,4.72,5.57698072594982,0.6739419986340878,0.7463991435720521,0.07245714493796429
91,bgg,1000.0,4.72,5.367931510363065,0.6739419986340878,0.7298069660169073,0.05586496738281954
91,bgg,10000.0,4.72,5.111846425896375,0.6739419986340878,0.7085777979305413,0.03463579929645355
91,bgg,100000.0,4.2,4.687272210458382,0.6232492903979004,0.6709201756382308,0.04767088524033036
91,bgg,15000000.0,2.7,3.419723438362258,0.43136376415898736,0.5339909849889383,0.1026272208299509
92,bgg,100.0,2.88,2.7588060238393965,0.45939248775923086,0.44072116559780633,-0.01867132216142453
92,bgg,1000.0,2.88,2.772873539862051,0.45939248775923086,0.44293006352216757,-0.01646242423706329
92,bgg,10000.0,2.88,2.7236876450446608,0.45939248775923086,0.43515730081355775,-0.024235186945673115
92,bgg,100000.0,2.53,2.606399510518579,0.40312052117581787,0.41604098540400597,0.0129204642281881
92,bgg,15000000.0,1.8,2.022954336937426,0.25527250510330607,0.305986079785179,0.05071357468187293
93,bgg,100.0,1.92,1.9528095569067616,0.28330122870354957,0.29065989181967833,0.007358663116128761
93,bgg,1000.0,1.92,1.9899794207200443,0.28330122870354957,0.2988485851966718,0.015547356493122222
93,bgg,10000.0,1.92,1.995985911110035,0.28330122870354957,0.30015747144596017,0.0168562427424106
93,bgg,100000.0,1.92,1.9879696808111489,0.28330122870354957,0.2984097565417654,0.015108527838215813
93,bgg,15000000.0,1.9,1.698307967164293,0.2787536009528289,0.23001644698715257,-0.04873715396567635
94,bgg,100.0,1.61,1.7060840938080177,0.20682587603184974,0.23200043396907039,0.02517455793722065
94,bgg,1000.0,1.61,1.7281321736712445,0.20682587603184974,0.23757695579383104,0.030751079761981298
94,bgg,10000.0,1.61,1.7300293679765364,0.20682587603184974,0.23805347552295644,0.031227599491106706
94,bgg,100000.0,1.61,1.728757987078288,0.20682587603184974,0.23773419961686895,0.030908323585019215
94,bgg,15000000.0,1.6,1.5601672584670014,0.2041199826559248,0.19317115959514047,-0.010948823060784318
95,bgg,100.0,8.05,7.580027556481763,0.9057958803678685,0.8796707844719238,-0.026125095895944694
95,bgg,1000.0,7.25,7.256376660476414,0.8603380065709937,0.8607198177842368,0.0003818112132430995
95,bgg,10000.0,6.9,6.631247061613551,0.8388490907372553,0.8215952088042768,-0.0172538819329785
95,bgg,100000.0,5.8,5.67729574585146,0.7634279935629372,0.7541415184011854,-0.00928647516175185
95,bgg,15000000.0,4.25,3.9022809859026646,0.6283889300503115,0.59131853779901,-0.03707039225130149
96,poly-higg,100.0,6.33,4.99591111256483,0.8014037100173551,0.6986147027873624,-0.10278900722999273
96,poly-higg,1000.0,5.98,4.838942857471728,0.7767011839884109,0.6847504936045449,-0.09195069038386605
96,poly-higg,10000.0,5.98,4.65065401597177,0.7767011839884109,0.6675140315039088,-0.10918715248450217
96,poly-higg,100000.0,5.28,4.338732932801685,0.7226339225338123,0.6373629183061746,-0.08527100422763767
96,poly-higg,15000000.0,3.7,3.1451261845883955,0.568201724066995,0.4976380743189967,-0.07056364974799828
97,poly-higg,100.0,2.86,2.906632263464219,0.456366033129043,0.4633900898885683,0.007024056759525277
97,poly-higg,1000.0,2.86,2.8566621938641608,0.456366033129043,0.45585888720996476,-0.0005071459190782446
97,poly-higg,10000.0,2.86,2.7751810707448326,0.456366033129043,0.44329132456133746,-0.01307470856770554
97,poly-higg,100000.0,2.6,2.580442358595952,0.414973347970818,0.41169416233125644,-0.0032791856395615326
97,poly-higg,15000000.0,1.68,1.9624751930472575,0.22530928172586284,0.2928041756895038,0.06749489396364095
98,poly-higg,100.0,1.61,1.9554611823159533,0.20682587603184974,0.29124919923301934,0.0844233232011696
98,poly-higg,1000.0,1.61,1.93471137146724,0.20682587603184974,0.2866161842754774,0.07979030824362768
98,poly-higg,10000.0,1.61,1.8862700414514257,0.20682587603184974,0.275603867148404,0.06877799111655428
98,poly-higg,100000.0,1.61,1.8335690523233783,0.20682587603184974,0.26329727016152693,0.056471394129677194
98,poly-higg,15000000.0,1.6,1.536408313452498,0.2041199826559248,0.18650664845198867,-0.017613334203936126
99,poly-higg,100.0,1.32,1.5055018454516154,0.12057393120584989,0.17768129220943035,0.057107361003580465
99,poly-higg,1000.0,1.32,1.4989273108378038,0.12057393120584989,0.17578057262982252,0.055206641423972636
99,poly-higg,10000.0,1.32,1.4887825439798537,0.12057393120584989,0.1728312680366887,0.0522573368308388
99,poly-higg,100000.0,1.32,1.4565029630752022,0.12057393120584989,0.16331137248301383,0.042737441277163946
99,poly-higg,15000000.0,1.3,1.2770707972949942,0.11394335230683679,0.1062149740232217,-0.007728378283615084
100,poly-higg,100.0,7.36,7.178695852517245,0.8668778143374989,0.8560455535042105,-0.010832260833288365
100,poly-higg,1000.0,7.36,6.813439081665432,0.8668778143374989,0.83336637728519,-0.03351143705230886
100,poly-higg,10000.0,7.36,6.363089139636713,0.8668778143374989,0.8036680072502398,-0.0632098070872591
100,poly-higg,100000.0,6.6,5.650254139931706,0.8195439355418687,0.7520679821712545,-0.06747595337061418
100,poly-higg,15000000.0,4.18,3.807414010019066,0.6211762817750351,0.5806301036309479,-0.04054617814408723
101,bgg,100.0,4.36,4.191149178371684,0.6394864892685861,0.6223331192424862,-0.017153370026099846
101,bgg,1000.0,4.36,4.164554472455577,0.6394864892685861,0.6195685470384655,-0.019917942230120556
101,bgg,10000.0,4.04,3.9960051220620723,0.6063813651106049,0.6016260362310889,-0.004755328879516019
101,bgg,100000.0,3.47,3.5728701681269306,0.5403294747908738,0.5530172349848335,0.012687760193959674
101,bgg,15000000.0,2.8,2.5838406914715555,0.4471580313422192,0.412265733414509,-0.0348922979277102
102,bgg,100.0,6.24,6.652785610807676,0.795184589682424,0.8230035283245378,0.027818938642113822
102,bgg,1000.0,6.355421780873455,6.405645580191363,0.8031443780257402,0.8065629057881054,0.0034185277623651755
102,bgg,10000.0,6.470843561746911,6.089208893360763,0.8109609005035047,0.7845608729997926,-0.026400027503712065
102,bgg,100000.0,5.97,5.704756724434232,0.7759743311293691,0.7562371289490593,-0.019737202180309832
102,bgg,15000000.0,3.85,4.852415616467143,0.5854607295085007,0.6859579917427642,0.10049726223426347
103,bgg,100.0,2.02,2.0543502455084663,0.3053513694466238,0.3126744882993973,0.007323118852773536
103,bgg,1000.0,2.02,2.0952302031922807,0.3053513694466238,0.32123174591030296,0.01588037646367918
103,bgg,10000.0,2.02,2.118263143094998,0.3053513694466238,0.32597990973532315,0.02062854028869937
103,bgg,100000.0,2.02,2.107092487076144,0.3053513694466238,0.3236835986101327,0.018332229163508906
103,bgg,15000000.0,2.0,2.0359440570460747,0.3010299956639812,0.30876584043781413,0.007735844773832934
104,bgg,100.0,5.23,4.446010731712057,0.7185016888672743,0.6479705066575518,-0.07053118220972243
104,bgg,1000.0,5.23,4.390622304603326,0.7185016888672743,0.6425260793085211,-0.07597560955875315
104,bgg,10000.0,5.23,4.306439991850887,0.7185016888672743,0.634118399911736,-0.08438328895553826
104,bgg,100000.0,4.6,4.246703479933684,0.6627578316815741,0.6280519380511205,-0.03470589363045362
104,bgg,15000000.0,4.18,3.762588101013624,0.6211762817750351,0.5754866777277772,-0.04568960404725797
105,poly-higg,100.0,3.67,4.429085623589863,0.5646660642520893,0.646314076196512,0.08164801194442273
105,poly-higg,1000.0,3.67,4.140117743242291,0.5646660642520893,0.6170126924526064,0.052346628200517054
105,poly-higg,10000.0,3.67,3.8628274157501274,0.5646660642520893,0.5869053050742203,0.022239240822131023
105,poly-higg,100000.0,3.26,3.5821962790144384,0.5132176000679389,0.5541493784302343,0.040931778362295335
105,poly-higg,15000000.0,2.96,2.9135383262064343,0.4712917110589386,0.4644207354004227,-0.006870975658515854
106,poly-higg,100.0,6.89,7.939590102674495,0.8382192219076258,0.8997980816787643,0.06157885977113853
106,poly-higg,1000.0,6.89,7.660340908133028,0.8382192219076258,0.884248097468965,0.04602887556133928
106,poly-higg,10000.0,6.89,7.090984821179129,0.8382192219076258,0.8507065557334145,0.012487333825788705
106,poly-higg,100000.0,5.53,6.5421665356415435,0.7427251313046983,0.815721595213849,0.07299646390915071
106,poly-higg,15000000.0,4.82,4.8807147403913165,0.6830470382388496,0.6884834255024036,0.005436387263553999
107,poly-higg,100.0,3.94,4.499274233037132,0.5954962218255742,0.6531424644403323,0.05764624261475815
107,poly-higg,1000.0,3.966911893281596,4.357710303953496,0.5984525547250831,0.6392583554246231,0.040805800699539985
107,poly-higg,10000.0,3.993823786563192,4.226744859579912,0.6013888992398679,0.6260060331564853,0.02461713391661735
107,poly-higg,100000.0,4.0,3.982391771337872,0.6020599913279624,0.6001439818995502,-0.001916009428412191
107,poly-higg,15000000.0,3.64,3.1582244417953946,0.561101383649056,0.4994429902605077,-0.06165839338854834
108,poly-higg,100.0,6.24,6.263538354319427,0.795184589682424,0.7968197411380231,0.0016351514555991153
108,poly-higg,1000.0,6.24,6.241829802160968,0.795184589682424,0.7953119224533032,0.00012733277087917383
108,poly-higg,10000.0,6.24,6.175956246654359,0.795184589682424,0.7907042105945377,-0.004480379087886344
108,poly-higg,100000.0,6.24,6.047428111980116,0.795184589682424,0.781570714445093,-0.013613875237331041
108,poly-higg,15000000.0,5.43,5.1837984032655875,0.7347998295888469,0.7146481035778632,-0.020151726010983695
109,poly-higg,100.0,12.58,14.648103523797765,1.0996806411092501,1.1657814006311087,0.06610075952185857
109,poly-higg,1000.0,12.31,13.20804599186163,1.0902580529313164,1.1208385725182852,0.030580519586968835
109,poly-higg,10000.0,12.31,12.1516152830615,1.0902580529313164,1.084634011423499,-0.005624041507817479
109,poly-higg,100000.0,8.53,9.71482766111819,0.930949031167523,0.9874351007166291,0.056486069549106066
109,poly-higg,15000000.0,5.04,5.26853988584733,0.7024305364455253,0.7216902722560499,0.019259735810524536
110,poly-higg,100.0,11.66,12.401804143817262,1.0666985504229953,1.0934848684452927,0.026786318022297362
110,poly-higg,1000.0,10.29,11.327339546118504,1.012415374762433,1.054127919032298,0.04171254426986515
110,poly-higg,10000.0,10.29,10.326256490423942,1.012415374762433,1.0139429081402518,0.0015275333778188571
110,poly-higg,100000.0,7.82,8.62817525820192,0.893206753059848,0.9359189580458267,0.04271220498597872
110,poly-higg,15000000.0,6.33,5.318247589428425,0.8014037100173551,0.7257685519161136,-0.07563515810124155
111,poly-higg,100.0,13.69,16.161455385812587,1.13640344813399,1.2084804676741432,0.07207701954015322
111,poly-higg,1000.0,12.77,14.290548204017762,1.1061908972634154,1.1550488892117712,0.04885799194835583
111,poly-higg,10000.0,11.29,12.38378334138605,1.052693941924968,1.0928533452716669,0.040159403346698985
111,poly-higg,100000.0,7.91,9.451799182085871,0.8981764834976765,0.9755144858085683,0.07733800231089172
111,poly-higg,15000000.0,6.0,4.915890337414974,0.7781512503836436,0.6916021861780541,-0.0865490642055895
112,poly-higg,100.0,12.67,14.382462172117839,1.1027766148834413,1.1578332404439586,0.05505662556051738
112,poly-higg,1000.0,12.67,12.838514541399078,1.1027766148834413,1.1085147773314583,0.005738162448017059
112,poly-higg,10000.0,12.67,11.177420570480226,1.1027766148834413,1.0483415923468504,-0.05443502253659083
112,poly-higg,100000.0,7.72,9.492757928913973,0.8876173003357362,0.977392406241883,0.08977510590614679
112,poly-higg,15000000.0,6.0,4.899493542907058,0.7781512503836436,0.6901511896431037,-0.0880000607405399
113,bsa,100.0,1.43,1.6809889505922944,0.1553360374650618,0.22556485876215623,0.07022882129709443
113,bsa,1000.0,1.43,1.6457880457840954,0.1553360374650618,0.2163739034925736,0.061037866027511795
113,bsa,10000.0,1.43,1.5898458617776798,0.1553360374650618,0.20135502078313158,0.04601898331806978
113,bsa,100000.0,1.43,1.528771101968348,0.1553360374650618,0.18434246474927138,0.029006427284209574
113,bsa,15000000.0,1.4,1.320089667465597,0.146128035678238,0.12060343178381124,-0.025524603894426776
114,bsa,100.0,2.76,2.422549681499726,0.4409090820652177,0.3842726922986289,-0.056636389766588746
114,bsa,1000.0,2.3,2.3410131866881034,0.36172783601759284,0.36940386003995984,0.007676024022367001
114,bsa,10000.0,2.3,2.215476178231373,0.36172783601759284,0.34546708466856313,-0.016260751349029712
114,bsa,100000.0,2.21,2.054045740080444,0.3443922736851107,0.3126101103631878,-0.03178216332192291
114,bsa,15000000.0,1.92,1.6375359844699091,0.28330122870354957,0.21419085228825135,-0.06911037641529821
115,bsa,100.0,3.83,4.512689799762487,0.5831987739686227,0.6544354813416468,0.07123670737302401
115,bsa,1000.0,3.83,4.259426161652579,0.5831987739686227,0.6293510940289175,0.046152320060294794
115,bsa,10000.0,3.83,3.960357478045103,0.5831987739686227,0.5977343888889961,0.014535614920373363
115,bsa,100000.0,3.5,3.706118995583074,0.5440680443502757,0.5689193594770605,0.024851315126784845
115,bsa,15000000.0,2.5,3.0375984634335964,0.3979400086720376,0.48253036444433,0.0845903557722924
116,bsa,100.0,12.35,10.338507419752625,1.0916669575956846,1.0144578437719463,-0.0772091138237383
116,bsa,1000.0,7.99,9.312746695578387,0.9025467793139914,0.9690777904123853,0.06653101109839388
116,bsa,10000.0,7.99,8.072878981896313,0.9025467793139914,0.9070284421541,0.004481662840108536
116,bsa,100000.0,6.29,6.376458123263249,0.798650645445269,0.8045795118475652,0.0059288664022961735
116,bsa,15000000.0,5.5,4.493109089049229,0.7403626894942439,0.65254696303927,-0.08781572645497393
117,bsa,100.0,1.75,1.5813717952502437,0.24303804868629444,0.19903398861829472,-0.04400406006799973
117,bsa,1000.0,1.68,1.576192597679844,0.22530928172586284,0.19760928358441648,-0.027699998141446358
117,bsa,10000.0,1.61,1.5386104683943502,0.20682587603184974,0.18712868296357338,-0.01969719306827636
117,bsa,100000.0,1.5,1.4654694320681252,0.17609125905568124,0.16597676400775982,-0.010114495047921418
117,bsa,15000000.0,1.36,1.2661288094909473,0.13353890837021754,0.10247789083572004,-0.031061017534497498
118,bsa,100.0,3.4,3.0726851733633676,0.5314789170422551,0.48751806482021176,-0.04396085222204338
118,bsa,1000.0,2.76,2.842016801210895,0.4409090820652177,0.4536266410269235,0.012717558961705844
118,bsa,10000.0,2.3,2.5654870176809648,0.36172783601759284,0.4091698213052664,0.04744198528767357
118,bsa,100000.0,2.02,2.3545774756799633,0.3053513694466238,0.3719129851617161,0.06656161571509234
118,bsa,15000000.0,1.7,1.836927946013129,0.2304489213782739,0.2640921213234346,0.03364319994516071
119,bsa,100.0,3.76,4.3804928094859585,0.5751878449276611,0.6415229717828567,0.0663351268551956
119,bsa,1000.0,3.55,4.166871757554228,0.5502283530550941,0.6198101345240913,0.06958178146899718
119,bsa,10000.0,3.22,3.8983777114145512,0.5078558716958309,0.5908839153449852,0.08302804364915428
119,bsa,100000.0,2.76,3.575786021482088,0.4409090820652177,0.553371522296693,0.11246244023147528
119,bsa,15000000.0,2.0,2.7238713764095817,0.3010299956639812,0.43518659595938497,0.13415660029540377
120,bsa,100.0,6.89,8.63210436427101,0.8382192219076258,0.9361166824340077,0.09789746052638193
120,bsa,1000.0,6.89,7.747751811359106,0.8382192219076258,0.8891757002396911,0.05095647833206529
120,bsa,10000.0,6.7,6.990517339169369,0.8260748027008264,0.844509317266797,0.01843451456597056
120,bsa,100000.0,5.71,5.857606441766129,0.756636108245848,0.7677201891429505,0.011084080897102444
120,bsa,15000000.0,4.4,4.4098209497191645,0.6434526764861874,0.6444209563323352,0.0009682798461477793
121,bsa,100.0,5.32,4.6725150759363006,0.7259116322950482,0.6695507113104485,-0.05636092098459966
121,bsa,1000.0,5.32,4.388993824091597,0.7259116322950482,0.6423649697342813,-0.08354666256076693
121,bsa,10000.0,5.32,3.9616742395753604,0.7259116322950482,0.5978787615176913,-0.12803287077735692
121,bsa,100000.0,4.61,3.538301266058084,0.6637009253896482,0.5487948078321532,-0.11490611755749502
121,bsa,15000000.0,3.35,2.9333301353084256,0.5250448070368452,0.4673609439468718,-0.05768386308997342
122,bsa,100.0,1.47,1.5525067140987079,0.1673173347481761,0.19103348703845008,0.02371615229027399
122,bsa,1000.0,1.47,1.5387728777235756,0.1673173347481761,0.18717452286561007,0.019857188117433977
122,bsa,10000.0,1.47,1.531637017004855,0.1673173347481761,0.18515585394535206,0.017838519197175967
122,bsa,100000.0,1.47,1.504534709493374,0.1673173347481761,0.1774022113300449,0.010084876581868824
122,bsa,15000000.0,1.47,1.3151132918151849,0.1673173347481761,0.11896316719143396,-0.04835416755674213
123,bsa,100.0,2.25,2.472704081916144,0.3521825181113625,0.3931721457666402,0.04098962765527775
123,bsa,1000.0,2.25,2.3689649850039554,0.3521825181113625,0.37455864158728625,0.02237612347592377
123,bsa,10000.0,2.25,2.241800256653542,0.3521825181113625,0.35059691454904063,-0.0015856035623218467
123,bsa,100000.0,2.11,2.0734976406075973,0.3242824552976926,0.31670354552512275,-0.007578909772569864
123,bsa,15000000.0,1.25,1.6065885981516872,0.09691001300805642,0.20590468048038169,0.10899466747232527
124,bsa,100.0,2.76,3.025064434586071,0.4409090820652177,0.48073462966192365,0.03982554759670598
124,bsa,1000.0,2.76,2.831745429926532,0.4409090820652177,0.4520542082876678,0.011145126222450119
124,bsa,10000.0,2.76,2.6672575286811337,0.4409090820652177,0.42606494965524383,-0.014844132409973843
124,bsa,100000.0,2.76,2.434079031963214,0.4409090820652177,0.386334675203945,-0.054574406861272684
124,bsa,15000000.0,2.4,1.8628198682648458,0.38021124171160603,0.27017086133701534,-0.11004038037459068
125,poly-higg,100.0,13.5,17.357403472593727,1.130333768495006,1.2394847587514939,0.10915099025648778
125,poly-higg,1000.0,12.48,15.079903195606459,1.0962145853464051,1.1783985536193733,0.08218396827296814
125,poly-higg,10000.0,11.02,12.40843566045801,1.0421815945157662,1.0937170331623638,0.0515354386465976
125,poly-higg,100000.0,6.54,9.022872014328295,0.8155777483242672,0.9553447971254792,0.13976704880121193
125,poly-higg,15000000.0,4.35,4.810292047441722,0.6384892569546373,0.682171444511474,0.04368218755683673
126,poly-higg,100.0,1.84,1.6755345915876505,0.2648178230095365,0.22415339831904368,-0.040664424690492806
126,poly-higg,1000.0,1.84,1.6951945721163098,0.2648178230095365,0.22921955312716652,-0.03559826988236997
126,poly-higg,10000.0,1.84,1.6887466730078395,0.2648178230095365,0.22756450642934095,-0.03725331658019554
126,poly-higg,100000.0,1.84,1.664421893652541,0.2648178230095365,0.2212634198281624,-0.0435544031813741
126,poly-higg,15000000.0,1.8,1.460156720338816,0.25527250510330607,0.16439947162388233,-0.09087303347942374
127,poly-higg,100.0,2.44,2.6327992531178026,0.3873898263387294,0.42041774608407506,0.033027919745345635
127,poly-higg,1000.0,2.44,2.652454203322852,0.3873898263387294,0.4236478942073555,0.036258067868626065
127,poly-higg,10000.0,2.44,2.62483074312729,0.3873898263387294,0.4191013040483466,0.031711477709617186
127,poly-higg,100000.0,2.35,2.5266770366937283,0.37106786227173627,0.40254973335419375,0.03148187108245748
127,poly-higg,15000000.0,2.2,1.9139518313630346,0.3424226808222063,0.2819310036412047,-0.06049167718100157
128,poly-higg,100.0,4.59,6.1272385687286395,0.6618126855372612,0.7872647902495853,0.12545210471232404
128,poly-higg,1000.0,4.59,5.683664123748861,0.6618126855372612,0.7546284053721706,0.09281571983490933
128,poly-higg,10000.0,4.59,5.181937845880879,0.6618126855372612,0.7144921995890486,0.05267951405178739
128,poly-higg,100000.0,3.51,4.504505491284587,0.5453071164658241,0.6536471206881491,0.10834000422232504
128,poly-higg,15000000.0,2.77,3.319718957301825,0.4424797690644486,0.5211013185054324,0.07862154944098382
129,bgg,100.0,18.37,18.908161369619922,1.2641091563058084,1.276649300085098,0.012540143779289581
129,bgg,1000.0,15.62,17.299036832182857,1.1936810295412814,1.2380219233534873,0.04434089381220585
129,bgg,10000.0,15.16,14.493254329907252,1.1806992012960347,1.1611659133409482,-0.019533287955086465
129,bgg,100000.0,10.06,10.292985327233309,1.0025979807199086,1.0125413536845942,0.009943372964685615
129,bgg,15000000.0,4.58,4.993138841911865,0.6608654780038692,0.6983736424496279,0.03750816444575866
130,bgg,100.0,1.75,1.8302003796634037,0.24303804868629444,0.2624986411063991,0.019460592420104644
130,bgg,1000.0,1.71,1.840683568732281,0.23299611039215382,0.2649791355083159,0.031983025116162106
130,bgg,10000.0,1.66,1.8211235034371511,0.22010808804005508,0.2603393994151615,0.04023131137510641
130,bgg,100000.0,1.66,1.800359959019044,0.22010808804005508,0.2553593454292637,0.03525125738920862
130,bgg,15000000.0,1.44,1.5949888503436738,0.15836249209524964,0.20275765149906688,0.04439515940381725
131,bgg,100.0,2.67,2.725051616350575,0.42651126136457523,0.43537473284529515,0.00886347148071992
131,bgg,1000.0,2.67,2.7017254815485994,0.42651126136457523,0.43164121888830664,0.00512995752373141
131,bgg,10000.0,2.67,2.636980813989492,0.42651126136457523,0.42110696998728897,-0.005404291377286263
131,bgg,100000.0,2.46,2.542712582250995,0.39093510710337914,0.40529727209198096,0.014362164988601822
131,bgg,15000000.0,2.16,2.030034557698147,0.3344537511509309,0.30750343106093103,-0.02695032008999987
132,bgg,100.0,5.05,6.235446835533695,0.7032913781186614,0.7948675807100349,0.09157620259137356
132,bgg,1000.0,5.05,5.729497325074471,0.7032913781186614,0.7581165210035701,0.054825142884908695
132,bgg,10000.0,5.05,5.234845088464274,0.7032913781186614,0.7189038343967932,0.015612456278131792
132,bgg,100000.0,4.65,4.626954311549964,0.667452952889954,0.6652952111187209,-0.002157741771233068
132,bgg,15000000.0,4.23,3.3986905505913274,0.6263403673750424,0.5313116240450763,-0.09502874332996614
133,bsa,100.0,5.05,6.181290358683056,0.7032913781186614,0.7910791445321348,0.08778776641347341
133,bsa,1000.0,5.05,5.8121207140647275,0.7032913781186614,0.7643346257408796,0.061043247622218244
133,bsa,10000.0,5.05,5.4299543592124655,0.7032913781186614,0.7347961791974142,0.031504801078752864
133,bsa,100000.0,4.74,4.987087885714588,0.6757783416740851,0.6978470217063455,0.022068680032260368
133,bsa,15000000.0,4.11,4.358455732502443,0.6138418218760693,0.6393326393482877,0.025490817472218374
134,bsa,100.0,6.7,6.685396098878265,0.8260748027008264,0.8251271436041302,-0.0009476590966962517
134,bsa,1000.0,6.7,6.547076846626335,0.8260748027008264,0.8160474385040807,-0.01002736419674577
134,bsa,10000.0,6.7,6.32498281714699,0.8260748027008264,0.8010593500172813,-0.025015452683545103
134,bsa,100000.0,6.15,6.021141985874247,0.7888751157754168,0.7796788685216531,-0.009196247253763667
134,bsa,15000000.0,5.59,5.149187786155957,0.7474118078864233,0.7117387304374858,-0.03567307744893744
135,poly-higg,100.0,10.97,10.59169111501001,1.040206627574711,1.0249653069707438,-0.015241320603967212
135,poly-higg,1000.0,10.11,9.40778116734562,1.0047511555910011,0.9734872068060878,-0.03126394878491334
135,poly-higg,10000.0,9.46,8.44516463847514,0.9758911364017928,0.9266081205599932,-0.049283015841799616
135,poly-higg,100000.0,6.54,6.93569056487922,0.8155777483242672,0.8410897088967546,0.02551196057248739
135,poly-higg,15000000.0,4.17,4.781407502276027,0.6201360549737575,0.6795557586399666,0.05941970366620919
136,poly-higg,100.0,11.02,10.218298802396165,1.0421815945157662,1.0093785981245262,-0.03280299639123996
136,poly-higg,1000.0,10.11,9.422298536915394,1.0047511555910011,0.974156860343842,-0.030594295247159176
136,poly-higg,10000.0,9.19,8.635476213972096,0.9633155113861113,0.9362862922679929,-0.027029219118118397
136,poly-higg,100000.0,6.88,7.447170449192477,0.8375884382355113,0.8719912939933083,0.034402855757797
136,poly-higg,15000000.0,5.75,5.4334008424726665,0.7596678446896304,0.7350717457575252,-0.024596098932105237
137,bgg,100.0,9.65,10.768583783666621,0.9845273133437926,1.0321585913777336,0.04763127803394096
137,bgg,1000.0,9.65,9.324949641667382,0.9845273133437926,0.9696464951289796,-0.014880818214813019
137,bgg,10000.0,9.65,8.206820643046985,0.9845273133437926,0.914174942185748,-0.0703523711580446
137,bgg,100000.0,6.71,6.622573875412144,0.8267225201689921,0.8210268115906191,-0.005695708578372982
137,bgg,15000000.0,4.65,4.735053035169048,0.667452952889954,0.6753248477009128,0.007871894810958846
138,bgg,100.0,12.31,8.607784210655954,1.0902580529313164,0.9348913710899659,-0.1553666818413505
138,bgg,1000.0,10.11,8.090182731124559,1.0047511555910011,0.9079583310341299,-0.09679282455687122
138,bgg,10000.0,10.11,7.670766566474851,1.0047511555910011,0.8848387666810249,-0.11991238890997624
138,bgg,100000.0,7.55,6.9212649491409435,0.8779469516291882,0.8401854745474284,-0.03776147708175981
138,bgg,15000000.0,6.24,5.218838028164443,0.795184589682424,0.717573818302867,-0.07761077137955696
139,bgg,100.0,15.62,15.121379098007411,1.1936810295412814,1.1795914014391171,-0.014089628102164298
139,bgg,1000.0,15.62,13.047336002969475,1.1936810295412814,1.115521846745891,-0.07815918279539047
139,bgg,10000.0,13.78,11.40728525374989,1.139249217571607,1.0571823017717392,-0.08206691579986769
139,bgg,100000.0,8.64,8.40840958374492,0.9365137424788933,0.9247138585420521,-0.011799883936841171
139,bgg,15000000.0,4.14,4.3241017989176855,0.617000341120899,0.6358959096540298,0.01889556853313079
140,bgg,100.0,6.43,6.975518343968882,0.8082109729242221,0.8435764851443747,0.035365512220152606
140,bgg,1000.0,5.97,6.540443256355269,0.7759743311293691,0.8156071821569689,0.039632851027599836
140,bgg,10000.0,5.97,5.9538573288953875,0.7759743311293691,0.7747984235226917,-0.0011759076066774066
140,bgg,100000.0,4.61,4.97129556130004,0.6637009253896482,0.6964695842667091,0.03276865887706093
140,bgg,15000000.0,3.45,3.498242293388586,0.5378190950732742,0.5438498860567524,0.006030790983478251
141,bgg,100.0,2.76,2.9512324552791265,0.4409090820652177,0.47000341826616143,0.02909433620094376
141,bgg,1000.0,2.76,2.876138715635006,0.4409090820652177,0.45880982815801075,0.017900746092793074
141,bgg,10000.0,2.76,2.7945546837671755,0.4409090820652177,0.44631261229723573,0.005403530232018061
141,bgg,100000.0,2.46,2.652224182689705,0.39093510710337914,0.42361023058875585,0.03267512348537671
141,bgg,15000000.0,2.0,2.147294816122637,0.3010299956639812,0.33189167565437455,0.030861679990393354
142,bgg,100.0,2.02,1.9935231080634657,0.3053513694466238,0.29962127418265483,-0.005730095263968948
142,bgg,1000.0,2.02,1.9982275917258872,0.3053513694466238,0.3006449514583228,-0.004706417988300959
142,bgg,10000.0,2.02,1.9989565737116122,0.3053513694466238,0.30080335939962044,-0.004548010047003337
142,bgg,100000.0,2.02,1.9776535035706881,0.3053513694466238,0.2961502029997366,-0.009201166446887177
142,bgg,15000000.0,1.76,1.7522957026095283,0.24551266781414982,0.24360739588188296,-0.001905271932266861
143,bsa,100.0,4.04,4.830453039474066,0.6063813651106049,0.6839878643574852,0.07760649924688023
143,bsa,1000.0,4.04,4.532372346275366,0.6063813651106049,0.6563255810876971,0.0499442159770922
143,bsa,10000.0,4.04,4.0942476816654505,0.6063813651106049,0.6121741117820022,0.005792746671397286
143,bsa,100000.0,4.04,3.6736111817929853,0.6063813651106049,0.5650931882959506,-0.041288176814654354
143,bsa,15000000.0,4.0,3.1885081291619586,0.6020599913279624,0.5035875285667052,-0.0984724627612572
144,bsa,100.0,3.04,3.1097285680184195,0.48287358360875376,0.49272248338172836,0.009848899772974595
144,bsa,1000.0,3.04,3.0471881065041706,0.48287358360875376,0.483899264559135,0.001025680950381247
144,bsa,10000.0,3.04,2.871560921067292,0.48287358360875376,0.4581180344088275,-0.024755549199926286
144,bsa,100000.0,2.76,2.566921802930116,0.4409090820652177,0.40941263880263823,-0.03149644326257944
144,bsa,15000000.0,1.5,1.8985914046850414,0.17609125905568124,0.2784315104011541,0.10234025134547287
145,bsa,100.0,2.48,2.6348812750898998,0.3944516808262163,0.42076105114820184,0.026309370321985548
145,bsa,1000.0,2.48,2.5456267060780156,0.3944516808262163,0.40579471849416116,0.011343037667944866
145,bsa,10000.0,2.48,2.407351990589456,0.3944516808262163,0.3815395952166104,-0.012912085609605883
145,bsa,100000.0,2.21,2.184082140647919,0.3443922736851107,0.3392689676221271,-0.0051233060629836125
145,bsa,15000000.0,1.5,1.7258646584319428,0.17609125905568124,0.2370067355270496,0.06091547647136836
146,bsa,100.0,1.84,1.7294920482848444,0.2648178230095365,0.23791856959180693,-0.026899253417729557
146,bsa,1000.0,1.84,1.7501634127509245,0.2648178230095365,0.24307860065354955,-0.021739222355986937
146,bsa,10000.0,1.84,1.7484313291392122,0.2648178230095365,0.24264857976132476,-0.022169243248211734
146,bsa,100000.0,1.76,1.6921271065500205,0.24551266781414982,0.2284329825800493,-0.017079685234100528
146,bsa,15000000.0,1.3,1.4875273727410574,0.11394335230683679,0.17246496614580945,0.058521613838972655
147,poly-higg,100.0,9.19,12.850060555584356,0.9633155113861113,1.1089051742738634,0.1455896628877521
147,poly-higg,1000.0,9.19,10.931993242183482,0.9633155113861113,1.0386993545534322,0.07538384316732094
147,poly-higg,10000.0,9.19,9.256467948921717,0.9633155113861113,0.9664453017018468,0.00312979031573557
147,poly-higg,100000.0,5.87,7.24798180457908,0.7686381012476144,0.860217094412021,0.09157899316440654
147,poly-higg,15000000.0,3.4,4.184618560264582,0.5314789170422551,0.6216558769715489,0.09017695992929375
148,poly-higg,100.0,4.59,5.983338675800559,0.6618126855372612,0.7769435859723357,0.11513090043507446
148,poly-higg,1000.0,4.59,5.375805694394564,0.6618126855372612,0.7304435629889857,0.06863087745172447
148,poly-higg,10000.0,4.59,4.961388785292631,0.6618126855372612,0.6956032606365564,0.03379057509929517
148,poly-higg,100000.0,3.77,4.320702147918514,0.5763413502057929,0.6355543288027972,0.05921297859700425
148,poly-higg,15000000.0,3.4,3.283106472271152,0.5314789170422551,0.5162849672770203,-0.015193949765234804
149,poly-higg,100.0,2.71,2.7552345293348055,0.4329692908744057,0.44015857250207524,0.007189281627669519
149,poly-higg,1000.0,2.71,2.6885551802818477,0.4329692908744057,0.4295189544251854,-0.003450336449220326
149,poly-higg,10000.0,2.71,2.6365332102763666,0.4329692908744057,0.42103324615825877,-0.011936044716146954
149,poly-higg,100000.0,2.39,2.515812053891332,0.3783979009481377,0.4006781936068119,0.022280292658674206
149,poly-higg,15000000.0,2.28,1.9424148006706656,0.35793484700045375,0.28834197861319755,-0.0695928683872562
150,poly-higg,100.0,1.47,1.8204099329458197,0.1673173347481761,0.26016919653979886,0.09285186179162278
150,poly-higg,1000.0,1.47,1.8234718143767827,0.1673173347481761,0.26089905475962405,0.09358172001144796
150,poly-higg,10000.0,1.47,1.818488395300183,0.1673173347481761,0.25971053394548704,0.09239319919731095
150,poly-higg,100000.0,1.47,1.785917667527964,0.1673173347481761,0.25186143363288654,0.08454409888471046
150,poly-higg,15000000.0,1.4,1.568788471028668,0.146128035678238,0.19556438905657267,0.04943635337833466
151,poly-higg,100.0,14.7,17.748835783966765,1.167317334748176,1.2491698712400607,0.08185253649188473
151,poly-higg,1000.0,12.12,15.717570272746416,1.0835026198302673,1.196385410743095,0.1128827909128276
151,poly-higg,10000.0,12.12,13.728958420689871,1.0835026198302673,1.137637589727229,0.05413496989696176
151,poly-higg,100000.0,10.06,11.576167144514697,1.0025979807199086,1.063564788793113,0.060966808073204426
151,poly-higg,15000000.0,4.0,5.264230906970555,0.6020599913279624,0.721334930648408,0.11927493932044564
152,poly-higg,100.0,14.38,16.303445757172103,1.1577588860468637,1.2122794028808759,0.054520516834012156
152,poly-higg,1000.0,14.38,14.679869130281125,1.1577588860468637,1.1667221839008897,0.008963297854025942
152,poly-higg,10000.0,14.38,13.27778950307716,1.1577588860468637,1.1231257793601048,-0.0346331066867589
152,poly-higg,100000.0,12.6,11.05927995254157,1.100370545117563,1.0437268518495357,-0.056643693268027206
152,poly-higg,15000000.0,3.5,5.053791426416064,0.5440680443502757,0.7036173143101033,0.15954926995982766
153,poly-higg,100.0,15.64,19.147378493116708,1.1942367487238292,1.2821093222259092,0.08787257350208
153,poly-higg,1000.0,15.64,16.94396441025997,1.1942367487238292,1.2290150305559062,0.034778281832076985
153,poly-higg,10000.0,15.64,15.151573086450949,1.1942367487238292,1.1804577250692696,-0.01377902365455963
153,poly-higg,100000.0,12.6,12.760625563637072,1.100370545117563,1.105871965308051,0.00550142019048816
153,poly-higg,15000000.0,3.81,5.694167539467495,0.5809249756756193,0.7554302412436362,0.17450526556801693
154,poly-higg,100.0,6.8,5.452359516086036,0.8325089127062363,0.7365844844892294,-0.09592442821700686
154,poly-higg,1000.0,6.8,5.385187820148578,0.8325089127062363,0.7312008548636473,-0.101308057842589
154,poly-higg,10000.0,6.43,5.081103841519475,0.8082109729242221,0.7059580705918682,-0.10225290233235385
154,poly-higg,100000.0,5.45,4.548503141882351,0.7363965022766424,0.657868499036171,-0.07852800324047149
154,poly-higg,15000000.0,2.21,2.698825964486529,0.3443922736851107,0.4311748797028296,0.08678260601771887
155,poly-higg,100.0,6.8,8.665059145642413,0.8325089127062363,0.9377715314513742,0.10526261874513787
155,poly-higg,1000.0,6.34,8.364701764428832,0.8020892578817327,0.9224504612133169,0.12036120333158418
155,poly-higg,10000.0,6.34,7.862351079277119,0.8020892578817327,0.8955524325632531,0.09346317468152043
155,poly-higg,100000.0,5.45,6.989830079040812,0.7363965022766424,0.8444666182876119,0.1080701160109695
155,poly-higg,15000000.0,3.3,3.5414083068648683,0.5185139398778874,0.5491760016509579,0.030662061773070515
156,poly-higg,100.0,6.67,7.918640239604198,0.8241258339165489,0.8986506125066525,0.07452477859010354
156,poly-higg,1000.0,6.67,7.814711672384979,0.8241258339165489,0.8929129591431564,0.06878712522660746
156,poly-higg,10000.0,6.67,7.540207788430469,0.8241258339165489,0.8773833140561582,0.05325748013960929
156,poly-higg,100000.0,6.09,6.507020886179934,0.7846172926328754,0.8133822007308029,0.028764908097927533
156,poly-higg,15000000.0,2.6,3.356371838881734,0.414973347970818,0.5258700685538277,0.1108967205830097
157,poly-higg,100.0,9.19,7.648046241365368,0.9633155113861113,0.8835505050929788,-0.07976500629313243
157,poly-higg,1000.0,7.35,7.616086095734728,0.8662873390841949,0.8817318448684301,0.015444505784235285
157,poly-higg,10000.0,7.35,6.97681566487831,0.8662873390841949,0.8436572485942015,-0.022630090489993315
157,poly-higg,100000.0,6.37,6.075532878699781,0.8041394323353505,0.7835843754603847,-0.020555056874965727
157,poly-higg,15000000.0,2.5,3.334516415606515,0.3979400086720376,0.5230328597633023,0.12509285109126467
158,poly-higg,100.0,6.06,5.759496952821317,0.7824726241662862,0.7603845528408485,-0.022088071325437664
158,poly-higg,1000.0,4.59,5.512918526346023,0.6618126855372612,0.7413815742278991,0.07956888869063783
158,poly-higg,10000.0,4.5,5.1613246550378555,0.6532125137753437,0.7127611777014077,0.05954866392606395
158,poly-higg,100000.0,3.6,4.4673712910437775,0.5563025007672873,0.65005204894608,0.09374954817879277
158,poly-higg,15000000.0,2.3,2.8388311489924694,0.36172783601759284,0.4531395618666031,0.09141172584901025
159,poly-higg,100.0,6.43,8.665210776765118,0.8082109729242221,0.9377791311668052,0.12956815824258316
159,poly-higg,1000.0,5.23,8.364829525234342,0.7185016888672743,0.9224570944909475,0.2039554056236732
159,poly-higg,10000.0,4.96,7.862413906545125,0.6954816764901974,0.8955559029535366,0.20007422646333917
159,poly-higg,100000.0,4.02,6.989952041570219,0.60422605308447,0.8444741960385476,0.2402481429540776
159,poly-higg,15000000.0,2.0,3.5414311878771345,0.3010299956639812,0.5491788076152537,0.24814881195127253
160,poly-higg,100.0,10.66,8.664873335399088,1.0277572046905534,0.9377622185052967,-0.0899949861852567
160,poly-higg,1000.0,10.66,8.364516472423304,1.0277572046905534,0.922440840764303,-0.10531636392625043
160,poly-higg,10000.0,9.37,7.862243717386184,0.9717395908877783,0.8955465021494773,-0.076193088738301
160,poly-higg,100000.0,6.71,6.989664991122756,0.8267225201689921,0.8444563608682296,0.017733840699237557
160,poly-higg,15000000.0,3.28,3.541377814003945,0.5158738437116791,0.549172262195605,0.033298418483925896
161,adalimumab,100.0,6.15,7.965623137654639,0.7888751157754168,0.9012197556122683,0.1123446398368515
161,adalimumab,1000.0,6.15,7.255455568721876,0.7888751157754168,0.8606646869006183,0.07178957112520146
161,adalimumab,10000.0,6.15,6.448580239737707,0.7888751157754168,0.8094641081361695,0.020588992360752734
161,adalimumab,100000.0,4.44,5.253622397419002,0.6473829701146199,0.7204588547822686,0.0730758846676487
161,adalimumab,15000000.0,2.54,2.4014430754875176,0.40483371661993806,0.38047229645294783,-0.024361420166990222
162,adalimumab,100.0,6.43,5.569894332313453,0.8082109729242221,0.7458469561560479,-0.06236401676817416
162,adalimumab,1000.0,5.23,5.1252331431610765,0.7185016888672743,0.7097136259200565,-0.00878806294721779
162,adalimumab,10000.0,5.23,4.423397176631898,0.7185016888672743,0.6457559364022366,-0.07274575246503767
162,adalimumab,100000.0,3.81,3.6666841462185906,0.5809249756756193,0.5642735007807951,-0.016651474894824214
162,adalimumab,15000000.0,2.28,2.283879307456373,0.35793484700045375,0.35867314970925046,0.000738302708796712
163,adalimumab,100.0,3.67,3.357917291574467,0.5646660642520893,0.526069994882679,-0.03859606936941029
163,adalimumab,1000.0,3.13,3.112293737012837,0.49554433754644844,0.4930805787879892,-0.0024637587584592224
163,adalimumab,10000.0,2.85,2.7696050728785884,0.4548448600085102,0.4424178459967868,-0.012427014011723414
163,adalimumab,100000.0,2.44,2.377621569589174,0.3873898263387294,0.3761427319825103,-0.011247094356219123
163,adalimumab,15000000.0,1.45,1.579131438523235,0.16136800223497488,0.19841827988140406,0.03705027764642918
164,adalimumab,100.0,1.47,1.5996768988125836,0.1673173347481761,0.2040322731354289,0.036714938387252816
164,adalimumab,1000.0,1.47,1.5821087248667824,0.1673173347481761,0.19923632555052345,0.03191899080234736
164,adalimumab,10000.0,1.47,1.5551975068554191,0.1673173347481761,0.1917855513631909,0.024468216615014804
164,adalimumab,100000.0,1.47,1.4842559812809897,0.1673173347481761,0.1715088077292026,0.004191472981026512
164,adalimumab,15000000.0,1.47,1.2537979092939604,0.1673173347481761,0.09822754131817911,-0.06908979342999698
165,adalimumab,100.0,1.97,2.1599197383906867,0.2944662261615929,0.3344376132705311,0.03997138710893822
165,adalimumab,1000.0,1.97,2.092038805317761,0.2944662261615929,0.320569736016971,0.02610350985537807
165,adalimumab,10000.0,1.97,2.0177032911844273,0.2944662261615929,0.30485730239870834,0.010391076237115437
165,adalimumab,100000.0,1.76,1.8951770736999274,0.24551266781414982,0.2776497940075347,0.03213712619338488
165,adalimumab,15000000.0,1.2,1.5316309749241699,0.07918124604762482,0.18515414071470576,0.10597289466708094
166,adalimumab,100.0,2.02,2.205241897706721,0.3053513694466238,0.34345623510869094,0.03810486566206717
166,adalimumab,1000.0,2.02,2.1560000094381895,0.3053513694466238,0.3336487584158855,0.028297388969261705
166,adalimumab,10000.0,2.02,2.051422174311705,0.3053513694466238,0.3120550455982776,0.006703676151653848
166,adalimumab,100000.0,2.02,1.9098019455335042,0.3053513694466238,0.2809883314248137,-0.024363038021810057
166,adalimumab,15000000.0,2.0,1.5235899454863793,0.3010299956639812,0.18286809799114553,-0.11816189767283566
167,adalimumab,100.0,3.22,3.7160784857629126,0.5078558716958309,0.5700848779733213,0.062229006277490395
167,adalimumab,1000.0,2.67,3.330606684654795,0.42651126136457523,0.5225233493619876,0.0960120879974124
167,adalimumab,10000.0,2.48,2.8821023202484994,0.3944516808262163,0.45970939505205055,0.06525771422583426
167,adalimumab,100000.0,2.1,2.450905576360256,0.3222192947339193,0.3893265799360343,0.06710728520211501
167,adalimumab,15000000.0,1.3,1.5388573186709777,0.11394335230683679,0.18719835434319018,0.07325500203635339
168,adalimumab,100.0,2.76,2.26192548344882,0.4409090820652177,0.3544782934895033,-0.08643078857571435
168,adalimumab,1000.0,2.48,2.1165775121352617,0.3944516808262163,0.32563417759444746,-0.06881750323176883
168,adalimumab,10000.0,2.02,1.9413704201208455,0.3053513694466238,0.28810840816841676,-0.017242961278207014
168,adalimumab,100000.0,1.58,1.7236552987478186,0.19865708695442263,0.23645041878589787,0.037793331831475235
168,adalimumab,15000000.0,1.2,1.2780257649370677,0.07918124604762482,0.10653960926620273,0.027358363218577916
169,adalimumab,100.0,2.76,2.2243100139419374,0.4409090820652177,0.34719531706527995,-0.09371376499993772
169,adalimumab,1000.0,2.39,2.093311287031062,0.3783979009481377,0.3208338151459534,-0.057564085802184306
169,adalimumab,10000.0,1.7,1.9252408017729512,0.2304489213782739,0.28448505713843575,0.054036135760161835
169,adalimumab,100000.0,1.58,1.7199151488707587,0.19865708695442263,0.23550702174115645,0.03684993478673382
169,adalimumab,15000000.0,1.15,1.3653248756011858,0.06069784035361165,0.13523600294700494,0.0745381625933933
170,adalimumab,100.0,1.84,2.1387350446016007,0.2648178230095365,0.33015698569599095,0.06533916268645446
170,adalimumab,1000.0,1.84,2.067196001587146,0.2648178230095365,0.31538165629451875,0.05056383328498226
170,adalimumab,10000.0,1.75,2.0072892609392623,0.24303804868629444,0.3026099611161584,0.059571912429863955
170,adalimumab,100000.0,1.67,1.8943703901689284,0.22271647114758325,0.2774648968847056,0.05474842573712235
170,adalimumab,15000000.0,1.52,1.564190391104873,0.18184358794477254,0.1942896136687424,0.012446025723969856
171,bevacizumab,100.0,3.22,3.5684117812395884,0.5078558716958309,0.552474964538532,0.04461909284270105
171,bevacizumab,1000.0,3.22,3.2358067902311345,0.5078558716958309,0.5099825820250474,0.002126710329216519
171,bevacizumab,10000.0,3.22,2.9072614320647285,0.5078558716958309,0.4634840869469131,-0.044371784748917786
171,bevacizumab,100000.0,2.64,2.5758919381360865,0.42160392686983106,0.4109276398773754,-0.010676286992455652
171,bevacizumab,15000000.0,1.75,1.8774440855943175,0.24303804868629444,0.2735670116259006,0.030528962939606136
172,bevacizumab,100.0,3.31,3.9246093068677577,0.5198279937757188,0.5937964294082142,0.07396843563249544
172,bevacizumab,1000.0,3.31,3.6105252083575357,0.5198279937757188,0.5575703815457388,0.037742387770020036
172,bevacizumab,10000.0,3.04,3.2047294136323043,0.48287358360875376,0.5057913664204237,0.022917782811669896
172,bevacizumab,100000.0,2.52,2.763555768116082,0.4014005407815441,0.4414682329998288,0.04006769221828471
172,bevacizumab,15000000.0,1.66,1.9073269259182477,0.22010808804005508,0.28042513979658124,0.06031705175652616
173,bevacizumab,100.0,3.04,3.0328894582756685,0.48287358360875376,0.4818565815814284,-0.0010170020273253533
173,bevacizumab,1000.0,2.76,2.7918437467346173,0.4409090820652177,0.44589110813812777,0.004982026072910095
173,bevacizumab,10000.0,2.35,2.5159810309606643,0.37106786227173627,0.4007073624567902,0.029639500185053902
173,bevacizumab,100000.0,2.24,2.139329774155602,0.35024801833416286,0.3302777355098128,-0.01997028282435004
173,bevacizumab,15000000.0,1.4,1.5676875951627178,0.146128035678238,0.19525952185951065,0.04913148618127264
174,bevacizumab,100.0,1.62,1.957057250758113,0.20951501454263097,0.2916035304738698,0.08208851593123881
174,bevacizumab,1000.0,1.62,1.7975591513778246,0.20951501454263097,0.25468319040085186,0.04516817585822089
174,bevacizumab,10000.0,1.62,1.6476872528594506,0.20951501454263097,0.21687478184717027,0.0073597673045393
174,bevacizumab,100000.0,1.45,1.472640178599612,0.16136800223497488,0.168096645323123,0.006728643088148106
174,bevacizumab,15000000.0,1.3,1.1614267733394013,0.11394335230683679,0.06499183321749111,-0.04895151908934568
175,bevacizumab,100.0,2.3,2.2091694757573923,0.36172783601759284,0.34422903391715126,-0.01749880210044158
175,bevacizumab,1000.0,2.3,2.110301619573905,0.36172783601759284,0.324344532243187,-0.03738330377440585
175,bevacizumab,10000.0,2.02,2.025118146607162,0.3053513694466238,0.3064503652903301,0.0010989958437063185
175,bevacizumab,100000.0,1.94,1.920498536193743,0.287801729930226,0.2834139804815531,-0.0043877494486729285
175,bevacizumab,15000000.0,1.1,1.6222702481150717,0.04139268515822508,0.210123203443993,0.1687305182857679
176,bevacizumab,100.0,2.3,2.443978190057953,0.36172783601759284,0.38809732596505625,0.02636948994746341
176,bevacizumab,1000.0,2.3,2.35866515120553,0.36172783601759284,0.37266629048045075,0.010938454462857905
176,bevacizumab,10000.0,2.3,2.2797522050277816,0.36172783601759284,0.3578876444401633,-0.0038401915774295414
176,bevacizumab,100000.0,2.3,2.1593350108513256,0.36172783601759284,0.3343200263440562,-0.02740780967353662
176,bevacizumab,15000000.0,2.3,1.7966355433381733,0.36172783601759284,0.2544599871979308,-0.10726784881966206
177,bevacizumab,100.0,1.38,1.4929928281958182,0.13987908640123647,0.17405772153449472,0.03417863513325825
177,bevacizumab,1000.0,1.38,1.4665956911067506,0.13987908640123647,0.16631040469388172,0.02643131829264525
177,bevacizumab,10000.0,1.38,1.4355170431161504,0.13987908640123647,0.1570083530062343,0.017129266604997834
177,bevacizumab,100000.0,1.23,1.3489966436097656,0.08990511143939793,0.1300108691207024,0.04010575768130446
177,bevacizumab,15000000.0,1.12,1.1307496579835938,0.04921802267018165,0.05336646505747835,0.004148442387296697
178,bevacizumab,100.0,2.0,2.278279508892638,0.3010299956639812,0.35760700408159984,0.056577008417618646
178,bevacizumab,1000.0,2.0,2.2321768697736974,0.3010299956639812,0.34872860358249214,0.04769860791851094
178,bevacizumab,10000.0,2.0,2.124491367071131,0.3010299956639812,0.3272549706615944,0.026224974997613226
178,bevacizumab,100000.0,2.0,1.9896478281898595,0.3010299956639812,0.29877621218411277,-0.002253783479868432
178,bevacizumab,15000000.0,2.0,1.6284659770252776,0.3010299956639812,0.2117786894317279,-0.0892513062322533
179,bevacizumab,100.0,1.75,1.8351708791417243,0.24303804868629444,0.2636765091402353,0.020638460453940882
179,bevacizumab,1000.0,1.66,1.7917250128024484,0.22010808804005508,0.25327135656131644,0.03316326852126136
179,bevacizumab,10000.0,1.66,1.734771512877368,0.22010808804005508,0.2392422818755345,0.01913419383547943
179,bevacizumab,100000.0,1.66,1.6402917699916302,0.22010808804005508,0.21492110586899493,-0.005186982171060145
179,bevacizumab,15000000.0,1.6,1.4089310763613112,0.2041199826559248,0.1488897483342714,-0.05523023432165339
180,bevacizumab,100.0,2.58,2.5254094522076884,0.41161970596323016,0.4023318016301845,-0.00928790433304566
180,bevacizumab,1000.0,2.39,2.377841514260489,0.3783979009481377,0.37618290504471685,-0.0022149959034208355
180,bevacizumab,10000.0,2.07,2.1645477593532365,0.3159703454569177,0.3353671726831292,0.0193968272262115
180,bevacizumab,100000.0,1.76,1.9532525617925631,0.24551266781414982,0.2907584025818414,0.04524573476769156
180,bevacizumab,15000000.0,1.2,1.7565333434731767,0.07918124604762482,0.24465639822082275,0.16547515217319791
181,none,100.0,3.77,3.857042170973954,0.5763413502057929,0.5862543872510984,0.00991303704530544
181,none,1000.0,3.77,3.8461512890691636,0.5763413502057929,0.5850263632918665,0.008685013086073612
181,none,10000.0,3.77,3.8409824901662146,0.5763413502057929,0.5844423273574373,0.008100977151644373
181,none,100000.0,3.77,3.8254807801286166,0.5763413502057929,0.5826860243355154,0.006344674129722505
181,none,15000000.0,3.77,3.6171745942969604,0.5763413502057929,0.5583694718552714,-0.017971878350521497
182,none,100.0,4.38,4.385339103675724,0.6414741105040995,0.6420031815472202,0.0005290710431207213
182,none,1000.0,4.38,4.387813303770559,0.6414741105040995,0.6422481405828999,0.0007740300788003918
182,none,10000.0,4.38,4.378278815862203,0.6414741105040995,0.6413034146861829,-0.0001706958179166218
182,none,100000.0,4.38,4.33565506578889,0.6414741105040995,0.6370547234880497,-0.004419387016049825
182,none,15000000.0,4.38,4.157509101876864,0.6414741105040995,0.6188332086770217,-0.022640901827077786
183,none,100.0,2.8,2.9991253827947304,0.4471580313422192,0.47699462245096313,0.029836591108743926
183,none,1000.0,2.8,3.0144297340034076,0.4471580313422192,0.47920516496692245,0.03204713362470324
183,none,10000.0,2.8,2.989321567610483,0.4471580313422192,0.4755726355233988,0.02841460418117958
183,none,100000.0,2.8,2.9515170684765875,0.4471580313422192,0.47004529906789033,0.022887267725671123
183,none,15000000.0,2.8,2.7967862282671985,0.4471580313422192,0.4466592724380449,-0.0004987589041743345
184,none,100.0,2.41,2.757153961551533,0.3820170425748684,0.4404610181135122,0.05844397553864378
184,none,1000.0,2.41,2.7353384908202476,0.3820170425748684,0.43701107677523177,0.05499403420036336
184,none,10000.0,2.41,2.7125091630430815,0.3820170425748684,0.43337121393578454,0.051354171360916134
184,none,100000.0,2.41,2.6708507328431197,0.3820170425748684,0.4266496170689178,0.04463257449404939
184,none,15000000.0,2.41,2.6120592963478675,0.3820170425748684,0.4169830316322763,0.03496598905740789
185,none,100.0,3.03,3.081804249818629,0.48144262850230496,0.488805049721959,0.007362421219654025
185,none,1000.0,3.03,3.0888915500331455,0.48144262850230496,0.4898026606326332,0.008360032130328265
185,none,10000.0,3.03,3.093139111161489,0.48144262850230496,0.49039945244780414,0.008956823945499182
185,none,100000.0,3.03,3.0938532451670695,0.48144262850230496,0.4904997093873567,0.00905708088505175
185,none,15000000.0,3.03,3.0603398734173597,0.48144262850230496,0.48576966077997175,0.004327032277666787
186,none,100.0,2.6,2.801023391661631,0.414973347970818,0.44731673568081554,0.03234338770999756
186,none,1000.0,2.6,2.8216788916651656,0.414973347970818,0.450507589321708,0.035534241350890006
186,none,10000.0,2.6,2.8382248638953573,0.414973347970818,0.45304680031112815,0.03807345234031018
186,none,100000.0,2.6,2.8374722571402358,0.414973347970818,0.4529316239880306,0.03795827601721263
186,none,15000000.0,2.6,2.737245308403897,0.414973347970818,0.43731372006712793,0.022340372096309957
187,none,100.0,1.93,2.1133474528481972,0.28555730900777376,0.32497090474262613,0.03941359573485237
187,none,1000.0,1.93,2.133699058845338,0.28555730900777376,0.3291331656511024,0.043575856643328637
187,none,10000.0,1.93,2.139756923897036,0.28555730900777376,0.33036444035566315,0.044807131347889384
187,none,100000.0,1.93,2.1416336593827263,0.28555730900777376,0.33074518390231095,0.04518787489453718
187,none,15000000.0,1.93,2.1474949203795135,0.28555730900777376,0.3319321452372699,0.04637483622949612
188,none,100.0,2.6,1.9888510244978241,0.414973347970818,0.29860225338002555,-0.11637109459079242
188,none,1000.0,1.67,1.993919985593549,0.22271647114758325,0.2997077264368073,0.07699125528922407
188,none,10000.0,1.67,1.99200408780396,0.22271647114758325,0.2992902253069979,0.07657375415941464
188,none,100000.0,1.67,1.9753587753562878,0.22271647114758325,0.2956459860418291,0.07292951489424587
188,none,15000000.0,1.67,1.9815125371090678,0.22271647114758325,0.2969968244774567,0.07428035332987343
189,none,100.0,2.22,2.2480503711195894,0.3463529744506387,0.35180603805992433,0.005453063609285658
189,none,1000.0,2.22,2.260816274723681,0.3463529744506387,0.3542652708302305,0.007912296379591843
189,none,10000.0,2.22,2.277436626557063,0.3463529744506387,0.35744630085052603,0.01109332639988736
189,none,100000.0,2.22,2.280297114340283,0.3463529744506387,0.35799143766348585,0.011638463212847172
189,none,15000000.0,2.22,2.238567764108493,0.3463529744506387,0.3499702455289126,0.0036172710782739204
190,none,100.0,1.92,1.9117548996276335,0.28330122870354957,0.2814322119136773,-0.0018690167898722798
190,none,1000.0,1.92,1.9272121752265243,0.28330122870354957,0.2849295306686769,0.00162830196512731
190,none,10000.0,1.92,1.948972021914068,0.28330122870354957,0.28980560473304073,0.006504376029491166
190,none,100000.0,1.92,1.960036588730715,0.28330122870354957,0.29226417856848297,0.0089629498649334
190,none,15000000.0,1.92,1.9455822112854615,0.28330122870354957,0.2890495867991161,0.005748358095566508
191,none,100.0,1.42,1.5278335248965735,0.15228834438305647,0.1840760354192741,0.03178769103621762
191,none,1000.0,1.42,1.5520880329334743,0.15228834438305647,0.1909163503841322,0.03862800600107574
191,none,10000.0,1.42,1.5707377569601744,0.15228834438305647,0.19610368331373854,0.04381533893068207
191,none,100000.0,1.42,1.5761854232445165,0.15228834438305647,0.1976073067798246,0.04531896239676814
191,none,15000000.0,1.42,1.5805762136672175,0.15228834438305647,0.19881544188841233,0.04652709750535586
192,none,100.0,1.22,1.396740059108494,0.08635983067474821,0.14511558907842384,0.058755758403675626
192,none,1000.0,1.22,1.4205112578935695,0.08635983067474821,0.1524446799608771,0.06608484928612889
192,none,10000.0,1.22,1.4423432375436585,0.08635983067474821,0.159068622680904,0.07270879200615578
192,none,100000.0,1.22,1.4572223843866248,0.08635983067474821,0.16352583381673955,0.07716600314199133
192,none,15000000.0,1.22,1.4436491362971187,0.08635983067474821,0.15946165536276474,0.07310182468801653
193,none,100.0,3.82,3.724767137398841,0.5820633629117087,0.5710991269893106,-0.010964235922398036
193,none,1000.0,3.82,3.7324325419658746,0.5820633629117087,0.5719919672566142,-0.010071395655094517
193,none,10000.0,3.82,3.7169616790125493,0.5820633629117087,0.5701880836463901,-0.011875279265318617
193,none,100000.0,3.82,3.692275390374746,0.5820633629117087,0.5672940856528386,-0.014769277258870117
193,none,15000000.0,3.82,3.5324259415609713,0.5820633629117087,0.5480730654934025,-0.03399029741830617
194,none,100.0,4.43,4.254905583146893,0.6464037262230695,0.6288899274821227,-0.01751379874094683
194,none,1000.0,4.43,4.265976760334995,0.6464037262230695,0.6300184852236387,-0.01638524099943084
194,none,10000.0,4.43,4.256781828500327,0.6464037262230695,0.629081391989096,-0.017322334233973558
194,none,100000.0,4.43,4.227881617550083,0.6464037262230695,0.6261228183788756,-0.020280907844193896
194,none,15000000.0,4.43,4.045155771452909,0.6464037262230695,0.6069352501460337,-0.03946847607703585
195,none,100.0,2.85,2.8996747066787862,0.4548448600085102,0.4623492803064371,0.007504420297926917
195,none,1000.0,2.85,2.8930767524486036,0.4548448600085102,0.4613599555016773,0.006515095493167089
195,none,10000.0,2.85,2.8615012504881014,0.4548448600085102,0.4565939400329675,0.0017490800244572835
195,none,100000.0,2.85,2.827101314648032,0.4548448600085102,0.45134137255182843,-0.0035034874566817753
195,none,15000000.0,2.85,2.708894541302482,0.4548448600085102,0.43279209804833957,-0.02205276196017064
196,none,100.0,2.46,2.668461552564735,0.39093510710337914,0.4262609498305308,0.03532584272715167
196,none,1000.0,2.46,2.6508629454879844,0.39093510710337914,0.4233872744864088,0.03245216738302964
196,none,10000.0,2.46,2.6166252386488993,0.39093510710337914,0.41774152606306464,0.026806418959685496
196,none,100000.0,2.46,2.576755519910965,0.39093510710337914,0.4110732150621973,0.020138107958818152
196,none,15000000.0,2.46,2.4907319636533036,0.39093510710337914,0.3963269941083408,0.005391887004961682
197,none,100.0,3.08,3.1208950729740725,0.4885507165004443,0.4942791675777353,0.00572845107729103
197,none,1000.0,3.08,3.137193288494492,0.4885507165004443,0.49654127723792385,0.007990560737479557
197,none,10000.0,3.08,3.14094205779255,0.4885507165004443,0.4970599248693522,0.008509208368907895
197,none,100000.0,3.08,3.1227657372001167,0.4885507165004443,0.4945394056655732,0.005988689165128902
197,none,15000000.0,3.08,3.012150610277126,0.4885507165004443,0.47887668319167304,-0.009674033308771257
198,none,100.0,2.65,2.8150973805657826,0.42324587393680785,0.4494934226725766,0.026247548735768733
198,none,1000.0,2.65,2.8263079887318874,0.42324587393680785,0.4512194860753662,0.027973612138558368
198,none,10000.0,2.65,2.8280773283277374,0.42324587393680785,0.4514912802333809,0.028245406296573072
198,none,100000.0,2.65,2.807081135320113,0.42324587393680785,0.4482549655779986,0.02500909164119075
198,none,15000000.0,2.65,2.708614830551045,0.42324587393680785,0.4327472520397227,0.009501378102914848
199,none,100.0,1.98,2.3199660958149497,0.2966651902615311,0.365481638120179,0.06881644785864788
199,none,1000.0,1.98,2.355403461392442,0.2966651902615311,0.3720653089377698,0.07540011867623869
199,none,10000.0,1.98,2.372853753737214,0.2966651902615311,0.3752709721397299,0.07860578187819878
199,none,100000.0,1.98,2.370134446165416,0.2966651902615311,0.3747729821162869,0.0781077918547558
199,none,15000000.0,1.98,2.2706912330824647,0.2966651902615311,0.3561580831914708,0.0594928929299397
200,none,100.0,2.65,2.2421629297307923,0.42324587393680785,0.3506671679877872,-0.07257870594902066
200,none,1000.0,2.65,2.263117987610511,0.42324587393680785,0.3547071964789976,-0.06853867745781023
200,none,10000.0,2.65,2.2586472370179305,0.42324587393680785,0.35384840667078965,-0.0693974672660182
200,none,100000.0,2.65,2.229299850925354,0.42324587393680785,0.3481684869836249,-0.07507738695318295
200,none,15000000.0,2.65,2.1850087669907245,0.42324587393680785,0.3394531838455968,-0.08379269009121104
201,none,100.0,2.27,2.304458918111923,0.35602585719312274,0.3625689703054818,0.006543113112359056
201,none,1000.0,2.27,2.3262957721060387,0.35602585719312274,0.3666649313843952,0.010639074191272468
201,none,10000.0,2.27,2.331871356613202,0.35602585719312274,0.36770458783051446,0.011678730637391721
201,none,100000.0,2.27,2.325591962565628,0.35602585719312274,0.3665335178080248,0.010507660614902048
201,none,15000000.0,2.27,2.2698283134529653,0.35602585719312274,0.3559930090257994,-3.284816732335161e-05
202,none,100.0,1.97,2.0023242343300924,0.2944662261615929,0.30153440370220075,0.007068177540607845
202,none,1000.0,1.97,2.015804300661338,0.2944662261615929,0.3044483674221305,0.009982141260537591
202,none,10000.0,1.97,2.0153528166981216,0.2944662261615929,0.30435108667171357,0.009884860510120663
202,none,100000.0,1.97,2.0039928096420336,0.2944662261615929,0.30189615894251853,0.00742993278092563
202,none,15000000.0,1.97,1.923572518100283,0.2944662261615929,0.2841085637216606,-0.010357662439932303
203,none,100.0,1.47,1.5970931387949803,0.1673173347481761,0.20333024393135862,0.036012909183182534
203,none,1000.0,1.47,1.6336991950372355,0.1673173347481761,0.21317209505956772,0.04585476031139163
203,none,10000.0,1.47,1.635020316828444,0.1673173347481761,0.21352315359059376,0.04620581884241767
203,none,100000.0,1.47,1.6184958295580445,0.1673173347481761,0.2091115846763356,0.0417942499281595
203,none,15000000.0,1.47,1.5728939729188438,0.1673173347481761,0.19669944828874647,0.02938211354057038
204,none,100.0,1.27,1.4897054992370669,0.10380372095595687,0.17310042096412362,0.06929670000816675
204,none,1000.0,1.27,1.516910412443116,0.10380372095595687,0.18095993244757477,0.0771562114916179
204,none,10000.0,1.27,1.5265072142305198,0.10380372095595687,0.1836988611031395,0.07989514014718262
204,none,100000.0,1.27,1.5307502481376611,0.10380372095595687,0.18490433850777593,0.08110061755181906
204,none,15000000.0,1.27,1.5039260964385717,0.10380372095595687,0.17722649536632049,0.07342277441036361
205,none,100.0,3.87,3.9281171568142894,0.5877109650189114,0.5941844322206133,0.0064734672017019435
205,none,1000.0,3.87,3.9216298495670796,0.5877109650189114,0.5934665995620556,0.005755634543144206
205,none,10000.0,3.87,3.9091161553459792,0.5877109650189114,0.5920785752356048,0.004367610216693407
205,none,100000.0,3.87,3.8770424257201372,0.5877109650189114,0.5885005534331409,0.0007895884142294918
205,none,15000000.0,3.87,3.6665814586007692,0.5877109650189114,0.5642613379414311,-0.02344962707748033
206,none,100.0,4.48,4.394246091787139,0.651278013998144,0.6428843751408031,-0.008393638857340902
206,none,1000.0,4.48,4.388655992835645,0.651278013998144,0.6423315397721827,-0.008946474225961287
206,none,10000.0,4.48,4.390114935391311,0.651278013998144,0.6424758904363823,-0.008802123561761688
206,none,100000.0,4.48,4.379920155812619,0.651278013998144,0.6414661935620782,-0.009811820436065766
206,none,15000000.0,4.48,4.244190682125049,0.651278013998144,0.627794887560687,-0.02348312643745698
207,none,100.0,2.9,2.9929257093634036,0.4623979978989561,0.47609593688230384,0.013697938983347757
207,none,1000.0,2.9,3.019933199014533,0.4623979978989561,0.4799973364603834,0.017599338561427313
207,none,10000.0,2.9,3.0173656194011165,0.4623979978989561,0.4796279375756436,0.01722993967668751
207,none,100000.0,2.9,2.9757684330840872,0.4623979978989561,0.4735991324697228,0.011201134570766713
207,none,15000000.0,2.9,2.8666138041640434,0.4623979978989561,0.4573691878826723,-0.005028810016283802
208,none,100.0,2.51,2.798026611455427,0.3996737214810381,0.4468518406609153,0.04717811917987724
208,none,1000.0,2.51,2.7905272462499897,0.3996737214810381,0.4456862672534159,0.046012545772377844
208,none,10000.0,2.51,2.7683805093963376,0.3996737214810381,0.44222578295731213,0.04255206147627405
208,none,100000.0,2.51,2.7471371229417763,0.3996737214810381,0.43888033770620916,0.039206616225171076
208,none,15000000.0,2.51,2.6749542602896295,0.3996737214810381,0.4273163603110226,0.027642638829984523
209,none,100.0,3.13,3.2398271300835035,0.49554433754644844,0.5105218378443462,0.014977500297897794
209,none,1000.0,3.13,3.220453091762437,0.49554433754644844,0.5079169777235415,0.012372640177093053
209,none,10000.0,3.13,3.2043326876529354,0.49554433754644844,0.5057376000810858,0.01019326253463737
209,none,100000.0,3.13,3.195010552461155,0.49554433754644844,0.5044722968819251,0.008927959335476632
209,none,15000000.0,3.13,3.1307687310456775,0.49554433754644844,0.4956509875976563,0.0001066500512078572
210,none,100.0,2.7,2.885367539586249,0.43136376415898736,0.4602011416676575,0.02883737750867016
210,none,1000.0,2.7,2.8872581062269957,0.43136376415898736,0.46048560933955573,0.029121845180568373
210,none,10000.0,2.7,2.8873781764845345,0.43136376415898736,0.46050366964595235,0.02913990548696499
210,none,100000.0,2.7,2.887454806480082,0.43136376415898736,0.4605151955149479,0.029151431355960544
210,none,15000000.0,2.7,2.834852016870666,0.43136376415898736,0.45253039305823733,0.021166628899249973
211,none,100.0,2.03,2.409159043733085,0.3074960379132129,0.3818654714535852,0.07436943354037229
211,none,1000.0,2.03,2.421299006429785,0.3074960379132129,0.3840484238176778,0.07655238590446489
211,none,10000.0,2.03,2.4273201227778376,0.3074960379132129,0.38512705626100063,0.07763101834778774
211,none,100000.0,2.03,2.441807794275266,0.3074960379132129,0.3877114756732128,0.0802154377599999
211,none,15000000.0,2.03,2.398251705619051,0.3074960379132129,0.3798947620091762,0.07239872409596332
212,none,100.0,2.7,2.3554926280021733,0.43136376415898736,0.3720817493626257,-0.05928201479636164
212,none,1000.0,2.7,2.3583176260575036,0.43136376415898736,0.37260229692291175,-0.058761467236075615
212,none,10000.0,2.7,2.368382656833949,0.43136376415898736,0.37445187217482817,-0.05691189198415919
212,none,100000.0,2.7,2.3723051435036986,0.43136376415898736,0.37517055046646136,-0.056193213692526
212,none,15000000.0,2.7,2.2621535456686863,0.43136376415898736,0.3545220797112139,-0.07684168444777345
213,none,100.0,2.32,2.4289968326683575,0.3654879848908996,0.38542694849983966,0.01993896360894004
213,none,1000.0,2.32,2.437716202899287,0.3654879848908996,0.3869831439858225,0.02149515909492289
213,none,10000.0,2.32,2.427156425162826,0.3654879848908996,0.38509776660629735,0.019609781715397734
213,none,100000.0,2.32,2.408745420536769,0.3654879848908996,0.3817909019914796,0.01630291710057996
213,none,15000000.0,2.32,2.3719046853460073,0.3654879848908996,0.3750972329805972,0.009609248089697597
214,none,100.0,2.02,2.0784679055302293,0.3053513694466238,0.31774332277596695,0.012391953329343175
214,none,1000.0,2.02,2.078335460108417,0.3053513694466238,0.31771564751168035,0.012364278065056578
214,none,10000.0,2.02,2.067081367132086,0.3053513694466238,0.3153575722252408,0.010006202778617024
214,none,100000.0,2.02,2.0530548256584593,0.3053513694466238,0.3124005471119509,0.007049177665327144
214,none,15000000.0,2.02,2.0421354518225336,0.3053513694466238,0.31008454481657555,0.00473317536995177
215,none,100.0,1.52,1.629569808394311,0.18184358794477254,0.21207296974197548,0.030229381797202942
215,none,1000.0,1.52,1.6543848030532162,0.18184358794477254,0.21863653206396758,0.03679294411919504
215,none,10000.0,1.52,1.6721637104479876,0.18184358794477254,0.22327879407410053,0.041435206129327995
215,none,100000.0,1.52,1.6923013554466526,0.18184358794477254,0.22847770229281714,0.0466341143480446
215,none,15000000.0,1.52,1.6371666552645858,0.18184358794477254,0.214092890638475,0.032249302693702464
216,none,100.0,1.32,1.4991749974352133,0.12057393120584989,0.17585233063650843,0.05527839943065854
216,none,1000.0,1.32,1.504485859207532,0.12057393120584989,0.17738811012395606,0.05681417891810617
216,none,10000.0,1.32,1.5148211356546502,0.12057393120584989,0.18036135601714728,0.059787424811297396
216,none,100000.0,1.32,1.5440771961624051,0.12057393120584989,0.18866900910158235,0.06809507789573246
216,none,15000000.0,1.32,1.5039840562222206,0.12057393120584989,0.17724323231186515,0.05666930110601526
217,pembrolizumab,100.0,15.25,13.382647819428515,1.1832698436828046,1.1265420491268365,-0.0567277945559681
217,pembrolizumab,1000.0,11.11,11.891404802254996,1.0457140589408676,1.0752331634352474,0.02951910449437989
217,pembrolizumab,10000.0,10.38,10.063588641622117,1.0161973535124391,1.0027528762803666,-0.013444477232072538
217,pembrolizumab,100000.0,6.9,7.416072240282329,0.8388490907372553,0.8701739516384877,0.03132486090123232
217,pembrolizumab,15000000.0,4.0,3.8773115574483823,0.6020599913279624,0.5885306997031674,-0.013529291624794992
218,bevacizumab,100.0,15.99,19.906504725961558,1.2038484637462348,1.2989950113339603,0.09514654758772556
218,bevacizumab,1000.0,15.99,17.528832350654223,1.2038484637462348,1.2437529873683437,0.039904523622108945
218,bevacizumab,10000.0,14.51,15.11478061132847,1.161667412437736,1.1794018478432493,0.017734435405513338
218,bevacizumab,100000.0,7.97,9.253817680223692,0.9014583213961124,0.9663209387285208,0.06486261733240839
218,bevacizumab,15000000.0,3.82,4.705476409534983,0.5820633629117087,0.6726036004641979,0.09054023755248919
219,bevacizumab,100.0,2.76,3.1238250239117904,0.4409090820652177,0.49468669957216527,0.053777617506947595
219,bevacizumab,1000.0,2.76,3.051154607753721,0.4409090820652177,0.48446421471978574,0.04355513265456806
219,bevacizumab,10000.0,2.76,2.7707184225701904,0.4409090820652177,0.4425923923511278,0.0016833102859101223
219,bevacizumab,100000.0,2.52,2.467378756725205,0.4014005407815441,0.3922358212894389,-0.009164719492105178
219,bevacizumab,15000000.0,1.2,1.7023794886457473,0.07918124604762482,0.23105637798946513,0.15187513194184032
220,bevacizumab,100.0,2.21,2.6005079724733267,0.3443922736851107,0.4150581895455233,0.0706659158604126
220,bevacizumab,1000.0,2.21,2.3364576819261584,0.3443922736851107,0.36855791946159916,0.024165645776488442
220,bevacizumab,10000.0,2.21,2.1315242825833387,0.3443922736851107,0.32869028454678256,-0.015701989138328154
220,bevacizumab,100000.0,1.68,1.947287015251432,0.22530928172586284,0.2894299679315887,0.06412068620572586
220,bevacizumab,15000000.0,1.6,1.661157212390842,0.2041199826559248,0.22041073614969378,0.01629075349376899
221,bevacizumab,100.0,5.0,3.8151650323015263,0.6989700043360189,0.5815133289403613,-0.11745667539565752
221,bevacizumab,1000.0,3.22,3.544494682085074,0.5078558716958309,0.5495543291031045,0.041698457407273626
221,bevacizumab,10000.0,2.76,3.1428635616484795,0.4409090820652177,0.49732552778520756,0.05641644571998988
221,bevacizumab,100000.0,2.36,2.5348246177386997,0.37291200297010657,0.4039479162597973,0.031035913289690742
221,bevacizumab,15000000.0,1.4,1.630533450186525,0.146128035678238,0.2123297127294724,0.06620167705123439
222,bevacizumab,100.0,5.32,4.061717226235519,0.7259116322950482,0.6087096848589624,-0.11720194743608581
222,bevacizumab,1000.0,3.84,3.6326595912593063,0.5843312243675308,0.5602247029647701,-0.024106521402760706
222,bevacizumab,10000.0,2.48,3.059623987522166,0.3944516808262163,0.485668057142291,0.09121637631607471
222,bevacizumab,100000.0,1.9,2.4962238362688085,0.2787536009528289,0.3972835259213706,0.1185299249685417
222,bevacizumab,15000000.0,1.81,1.8460634280997341,0.2576785748691845,0.2662466186836516,0.00856804381446713
223,bevacizumab,100.0,2.82,3.0177324817472826,0.45024910831936105,0.4796807374771809,0.029431629157819827
223,bevacizumab,1000.0,2.82,2.9114766728477894,0.45024910831936105,0.4641133148307628,0.013864206511401744
223,bevacizumab,10000.0,2.82,2.6821986134590112,0.45024910831936105,0.42849093367053903,-0.021758174648822015
223,bevacizumab,100000.0,2.57,2.3540719033863873,0.4099331233312945,0.3718197239139693,-0.03811339941732522
223,bevacizumab,15000000.0,1.6,1.7926713010260715,0.2041199826559248,0.2535006658939769,0.049380683238052114
224,pembrolizumab,100.0,1.99,2.184754063017225,0.29885307640970665,0.3394025556835486,0.04054947927384195
224,pembrolizumab,1000.0,1.99,2.0726432523075053,0.29885307640970665,0.3165245568515738,0.01767148044186717
224,pembrolizumab,10000.0,1.99,1.912623928562624,0.29885307640970665,0.28162958486993084,-0.017223491539775815
224,pembrolizumab,100000.0,1.68,1.724027397850816,0.22530928172586284,0.23654416325254488,0.011234881526682033
224,pembrolizumab,15000000.0,1.2,1.370071072551563,0.07918124604762482,0.1367430968033745,0.05756185075574967
225,pembrolizumab,100.0,3.16,3.3025892327124375,0.49968708261840383,0.5188545606547933,0.019167478036389463
225,pembrolizumab,1000.0,3.16,3.0077851450978286,0.49968708261840383,0.478246810100769,-0.021440272517634806
225,pembrolizumab,10000.0,2.3,2.5652578897430938,0.36172783601759284,0.4091310320062742,0.04740319598868137
225,pembrolizumab,100000.0,2.1,2.1889411042137406,0.3222192947339193,0.34023407657063615,0.018014781836716842
225,pembrolizumab,15000000.0,1.43,1.6359962832169623,0.1553360374650618,0.2137823126725919,0.058446275207530096
226,pembrolizumab,100.0,3.91,3.4880398816272997,0.5921767573958668,0.5425814419347401,-0.04959531546112672
226,pembrolizumab,1000.0,3.8,3.362745333909664,0.5797835966168101,0.5266939787432363,-0.0530896178735738
226,pembrolizumab,10000.0,3.22,3.170935948209561,0.5078558716958309,0.5011874695199642,-0.006668402175866728
226,pembrolizumab,100000.0,2.69,2.924874752599789,0.42975228000240795,0.46610727369362204,0.03635499369121409
226,pembrolizumab,15000000.0,2.0,2.1656178962196844,0.3010299956639812,0.3355818316973141,0.034551836033332894
227,pembrolizumab,100.0,7.59,4.270567308706879,0.8802417758954804,0.6304855712019616,-0.24975620469351878
227,pembrolizumab,1000.0,4.14,3.7240936436588195,0.617000341120899,0.5710205929357736,-0.0459797481851254
227,pembrolizumab,10000.0,2.99,3.072695293897568,0.4756711883244297,0.487519495257979,0.011848306933549324
227,pembrolizumab,100000.0,2.31,2.4226418801113376,0.36361197989214433,0.38428922058146675,0.020677240689322418
227,pembrolizumab,15000000.0,1.3,1.5829239710755665,0.11394335230683679,0.19946005590133567,0.08551670359449888
228,pembrolizumab,100.0,2.88,2.502632573409802,0.45939248775923086,0.3983970928947314,-0.06099539486449945
228,pembrolizumab,1000.0,2.88,2.3741224506032426,0.45939248775923086,0.3755031148923055,-0.08388937286692538
228,pembrolizumab,10000.0,2.3,2.1737250617159716,0.36172783601759284,0.3372046125513008,-0.024523223466292043
228,pembrolizumab,100000.0,1.79,1.9344449490024862,0.2528530309798932,0.2865563749543247,0.03370334397443148
228,pembrolizumab,15000000.0,1.4,1.4955252563722181,0.146128035678238,0.17479375177754572,0.02866571609930771
229,adalimumab,100.0,56.35,61.915413559429844,1.7508939203821254,1.791798778107588,0.040904857725462485
229,adalimumab,1000.0,55.2,52.704196737375426,1.741939077729199,1.7218451986530836,-0.020093879076115373
229,adalimumab,10000.0,41.4,43.479885540737634,1.6170003411208989,1.6382883921508835,0.021288051029984656
229,adalimumab,100000.0,26.25,30.539567127296465,1.4191293077419758,1.484862877004658,0.06573356926268215
229,adalimumab,15000000.0,5.75,9.7330642025692,0.7596678446896304,0.9882495881374831,0.22858174344785265
230,adalimumab,100.0,1.61,1.9793484693448256,0.20682587603184974,0.29652225958842776,0.08969638355657802
230,adalimumab,1000.0,1.61,1.7791637425089242,0.20682587603184974,0.250215919526093,0.043390043494243274
230,adalimumab,10000.0,1.61,1.6577886776114383,0.20682587603184974,0.21952916915968798,0.012703293127838244
230,adalimumab,100000.0,1.37,1.5491915294141634,0.1367205671564068,0.19010511370860717,0.053384546552200374
230,adalimumab,15000000.0,1.12,1.3489061794088641,0.04921802267018165,0.12998174419971503,0.08076372152953337
231,adalimumab,100.0,7.13,5.397048916579123,0.8530895298518656,0.7321563543453902,-0.12093317550647542
231,adalimumab,1000.0,4.72,4.895515611518808,0.6739419986340878,0.6897984398459268,0.015856441211839045
231,adalimumab,10000.0,4.14,4.161499456116725,0.617000341120899,0.6192498422092603,0.0022495010883613054
231,adalimumab,100000.0,3.78,3.4568283771860204,0.5774917998372253,0.5386778184514948,-0.038813981385730556
231,adalimumab,15000000.0,2.14,1.9750128380757075,0.33041377334919086,0.2955699229940319,-0.03484385035515897
232,adalimumab,100.0,6.44,5.9721082464897925,0.8088858673598122,0.7761276708592765,-0.032758196500535686
232,adalimumab,1000.0,5.75,5.48822401582272,0.7596678446896304,0.739431829894412,-0.020236014795218416
232,adalimumab,10000.0,4.83,4.886448312686263,0.6839471307515121,0.6889933093001411,0.005046178548628988
232,adalimumab,100000.0,4.31,3.898126240772293,0.6344772701607315,0.5908558996310188,-0.04362137052971271
232,adalimumab,15000000.0,1.6,2.0669949119718676,0.2041199826559248,0.3153394075874908,0.111219424931566
233,adalimumab,100.0,5.18,2.8041912941082785,0.714329759745233,0.447807636663347,-0.26652212308188605
233,adalimumab,1000.0,2.65,2.489750794938275,0.42324587393680785,0.39615587970641647,-0.02708999423039138
233,adalimumab,10000.0,1.61,2.048833977875344,0.20682587603184974,0.3115067678624661,0.10468089183061638
233,adalimumab,100000.0,1.26,1.6777534605607085,0.10037054511756291,0.22472814327189108,0.12435759815432817
233,adalimumab,15000000.0,1.04,1.298789244810108,0.01703333929878037,0.11353868360428594,0.09650534430550557
234,bsa,100.0,61.54,75.65434613625766,1.7891574919114397,1.8788338821117145,0.08967639020027485
234,bsa,1000.0,55.11,64.71057758913207,1.7412304110254708,1.8109752762347153,0.0697448652092445
234,bsa,10000.0,45.01,50.737230314436964,1.6533090129384789,1.7053267559092167,0.0520177429707378
234,bsa,100000.0,29.36,40.4447302758283,1.4677560512440329,1.6068619434706846,0.1391058922266517
234,bsa,15000000.0,27.96,22.76889405893521,1.4465371670736438,1.3573419363785888,-0.08919523069505497
235,bsa,100.0,129.51,107.99004343494728,2.11230330337593,2.0333837158518313,-0.07891958752409867
235,bsa,1000.0,74.41,87.49888947763331,1.8716313045375537,1.942002541058925,0.07037123652137134
235,bsa,10000.0,57.87,68.24338742926413,1.762453482363547,1.834060575974894,0.0716070936113471
235,bsa,100000.0,40.26,53.438336140005475,1.6048737705526357,1.727852927452824,0.12297915690018835
235,bsa,15000000.0,33.0,30.536997117107617,1.5185139398778875,1.4848263280842031,-0.0336876117936844
236,bsa,100.0,146.97,139.43790671801972,2.167228694175993,2.1443808543971397,-0.022847839778853185
236,bsa,1000.0,110.23,114.3520646789635,2.042299807413625,2.058244010399573,0.015944202985947786
236,bsa,10000.0,71.65,87.7380739990683,1.8552161947333634,1.943188096666174,0.08797190193281068
236,bsa,100000.0,53.68,67.64186280959214,1.7298125071609356,1.8302155592566747,0.10040305209573908
236,bsa,15000000.0,44.0,38.26591820119487,1.6434526764861874,1.5828121388056222,-0.06064053768056521
237,bsa,100.0,3.85,3.98511385023234,0.5854607295085007,0.6004407332155376,0.014980003707036893
237,bsa,1000.0,3.59,3.752423208119425,0.5550944485783191,0.574311813338696,0.01921736476037683
237,bsa,10000.0,3.27,3.56181744816606,0.5145477526602861,0.55167165704587,0.037123904385583884
237,bsa,100000.0,2.86,3.248724363206649,0.456366033129043,0.5117128653565283,0.055346832227485265
237,bsa,15000000.0,2.38,2.411369506430456,0.37657695705651195,0.3822637646321099,0.005686807575597974
238,bsa,100.0,4.4,4.22760825033371,0.6434526764861874,0.6260947367714229,-0.017357939714764514
238,bsa,1000.0,4.4,4.028091487295472,0.6434526764861874,0.6050993258280493,-0.03835335065813816
238,bsa,10000.0,3.67,3.758414287562346,0.5646660642520893,0.5750046504014139,0.010338586149324591
238,bsa,100000.0,3.52,3.437535867842401,0.5465426634781311,0.5362472383655233,-0.010295425112607726
238,bsa,15000000.0,2.41,2.593469993406517,0.3820170425748684,0.413881227547125,0.03186418497225657
239,bsa,100.0,4.59,4.680115642186156,0.6618126855372612,0.6702565843012253,0.008443898763964008
239,bsa,1000.0,4.59,4.447341975097988,0.6618126855372612,0.6481005254884603,-0.013712160048800937
239,bsa,10000.0,4.31,4.083231031901657,0.6344772701607315,0.6110039532860744,-0.023473316874657146
239,bsa,100000.0,3.77,3.6258469544593592,0.5763413502057929,0.5594094687510702,-0.016931881454722686
239,bsa,15000000.0,2.5,2.6589120309822976,0.3979400086720376,0.4247039691138351,0.02676396044179752
240,bsa,100.0,4.31,4.104185482858057,0.6344772701607315,0.6132269798721439,-0.021250290288587603
240,bsa,1000.0,4.31,3.8851058430494927,0.6344772701607315,0.5894028549068662,-0.04507441525386535
240,bsa,10000.0,4.31,3.6459106425146244,0.6344772701607315,0.5618060203424416,-0.07267124981828987
240,bsa,100000.0,3.77,3.2534818743834943,0.5763413502057929,0.5123483915594528,-0.06399295864634014
240,bsa,15000000.0,2.8,2.594661278422353,0.4471580313422192,0.41408067065707616,-0.033077360685143053
241,bsa,100.0,4.4,4.2748449699079965,0.6434526764861874,0.6309203693719502,-0.012532307114237251
241,bsa,1000.0,4.17,4.00918361559795,0.6201360549737575,0.6030559468503925,-0.017080108123364912
241,bsa,10000.0,3.99,3.7717876432930666,0.6009728956867483,0.5765472333913318,-0.024425662295416428
241,bsa,100000.0,3.35,3.424260536069581,0.5250448070368452,0.5345668007109396,0.009521993674094453
241,bsa,15000000.0,2.48,2.6039207138403677,0.3944516808262163,0.41562775636856464,0.02117607554234835
242,bsa,100.0,4.68,3.9487585561287424,0.670245853074124,0.5964605799389663,-0.0737852731351577
242,bsa,1000.0,4.13,3.685983416554173,0.615950051656401,0.5665533769722534,-0.04939667468414766
242,bsa,10000.0,3.27,3.3766793610931245,0.5145477526602861,0.52848982334812,0.01394207068783393
242,bsa,100000.0,2.1,3.046071568099137,0.3222192947339193,0.48374010296108677,0.16152080822716747
242,bsa,15000000.0,2.0,2.4241777325684497,0.3010299956639812,0.3845644576741457,0.08353446201016451
243,bsa,100.0,1.008,1.1663024724935231,0.003460532109506489,0.06681119630589455,0.06335066419638806
243,bsa,1000.0,1.008,1.1613547611923418,0.003460532109506489,0.06496490474605031,0.06150437263654382
243,bsa,10000.0,0.96,1.1463727972695676,-0.017728766960431602,0.059325871967194695,0.07705463892762629
243,bsa,100000.0,0.96,1.117110259670049,-0.017728766960431602,0.04809604044152585,0.06582480740195745
243,bsa,15000000.0,0.8,1.0081298199958613,-0.09691001300805639,0.0035164611547118057,0.1004264741627682
244,bsa,100.0,1.032,1.1958002116876043,0.01367969729119256,0.07765862596550797,0.06397892867431541
244,bsa,1000.0,1.032,1.1874027468016006,0.01367969729119256,0.07459804923834565,0.06091835194715309
244,bsa,10000.0,1.032,1.1727703293708565,0.01367969729119256,0.0692129699560628,0.05553327266487024
244,bsa,100000.0,0.96,1.1443405027286626,-0.017728766960431602,0.058555269608280947,0.07628403656871255
244,bsa,15000000.0,0.8,1.0352190861568058,-0.09691001300805639,0.015032270411342204,0.1119422834193986
245,bsa,100.0,1.104,1.2393600594564003,0.04296907339318013,0.09319749614060169,0.05022842274742156
245,bsa,1000.0,1.104,1.2299456168949607,0.04296907339318013,0.08988590915925893,0.046916835766078795
245,bsa,10000.0,1.104,1.2137680240844402,0.04296907339318013,0.08413569210435666,0.04116661871117653
245,bsa,100000.0,1.056,1.1851042224468853,0.023663918197793475,0.07375654548806894,0.050092627290275464
245,bsa,15000000.0,0.88,1.0744323447939255,-0.05551732784983137,0.031179073891931773,0.08669640174176314
246,bsa,100.0,1.2,1.2581958002027236,0.07918124604762482,0.09974823119724183,0.02056698514961701
246,bsa,1000.0,1.2,1.2501800892211588,0.07918124604762482,0.09697257790525879,0.01779133185763397
246,bsa,10000.0,1.2,1.232678437163864,0.07918124604762482,0.09084979907826961,0.01166855303064479
246,bsa,100000.0,1.152,1.2043121243061676,0.06145247908719321,0.08073905859657111,0.019286579509377906
246,bsa,15000000.0,0.96,1.0889990883049312,-0.017728766960431602,0.037027516170556135,0.05475628313098774
247,bsa,100.0,1.008,1.0893652968378462,0.003460532109506489,0.037173536136411126,0.033713004026904636
247,bsa,1000.0,1.008,1.101663253075054,0.003460532109506489,0.042048863407929155,0.038588331298422665
247,bsa,10000.0,0.96,1.0868695017311436,-0.017728766960431602,0.036177402338056934,0.053906169298488536
247,bsa,100000.0,0.96,1.0561418680700774,-0.017728766960431602,0.023722259468346288,0.04145102642877789
247,bsa,15000000.0,0.8,0.9303274428504078,-0.09691001300805639,-0.031364168011392274,0.06554584499666412
248,bsa,100.0,1.032,1.1263884845666445,0.01367969729119256,0.051688201887945734,0.03800850459675317
248,bsa,1000.0,1.032,1.1387541823279346,0.01367969729119256,0.05642998502703314,0.04275028773584058
248,bsa,10000.0,1.032,1.122419181957813,0.01367969729119256,0.0501550801044495,0.03647538281325694
248,bsa,100000.0,0.96,1.079890331273414,-0.017728766960431602,0.03337965276363552,0.05110841972406712
248,bsa,15000000.0,0.8,0.9556967495647183,-0.09691001300805639,-0.019679891074540927,0.07723012193351547
249,bsa,100.0,1.2,1.174703508091129,0.07918124604762482,0.06992826571539427,-0.009252980332230543
249,bsa,1000.0,1.2,1.1864986924115934,0.07918124604762482,0.07426726393663426,-0.004913982110990561
249,bsa,10000.0,1.2,1.1674026059379163,0.07918124604762482,0.06722065843036358,-0.011960587617261237
249,bsa,100000.0,1.152,1.118597032188942,0.06145247908719321,0.048673662743279264,-0.012778816343913944
249,bsa,15000000.0,0.96,0.9916361386974628,-0.017728766960431602,-0.0036476544022997254,0.014081112558131877
250,bsa,100.0,1.344,1.1947484827635346,0.12839926871780646,0.07727648767339816,-0.0511227810444083
250,bsa,1000.0,1.344,1.2051096770090346,0.12839926871780646,0.08102657384221537,-0.04737269487559109
250,bsa,10000.0,1.344,1.1854979526614207,0.12839926871780646,0.07390080829428679,-0.054498460423519676
250,bsa,100000.0,1.296,1.1372416534161462,0.11260500153457455,0.05585275808619814,-0.056752243448376406
250,bsa,15000000.0,1.08,1.0062505876133174,0.03342375548694973,0.0027061469879962213,-0.030717608498953507
251,bsa,100.0,1.008,1.1295251300889424,0.003460532109506489,0.05289589770662419,0.0494353655971177
251,bsa,1000.0,1.008,1.1356764521782046,0.003460532109506489,0.05525462094567993,0.05179408883617344
251,bsa,10000.0,0.96,1.125958805738774,-0.017728766960431602,0.051522501734153486,0.06925126869458509
251,bsa,100000.0,0.96,1.082309667629832,-0.017728766960431602,0.03435153775899575,0.05208030471942735
251,bsa,15000000.0,0.8,0.9344202947269364,-0.09691001300805639,-0.029457737662963328,0.06745227534509307
252,bsa,100.0,1.044,1.1781617802537256,0.01870049866624337,0.07120493004983468,0.05250443138359131
252,bsa,1000.0,1.032,1.1870950749118883,0.01367969729119256,0.07448550316358009,0.06080580587238753
252,bsa,10000.0,1.0387527772064538,1.1738588719114558,0.016512197922204108,0.06961588666088309,0.053103688738678975
252,bsa,100000.0,0.984,1.122833199502601,-0.007004901568658489,0.05031524520538442,0.05732014677404291
252,bsa,15000000.0,0.82,0.961285411908136,-0.08618614761628333,-0.01714764832130722,0.06903849929497612
253,bsa,100.0,1.104,1.2482452934141817,0.04296907339318013,0.09629993719612143,0.053330863802941296
253,bsa,1000.0,1.104,1.2566470263102638,0.04296907339318013,0.09921330787467357,0.05624423448149344
253,bsa,10000.0,1.104,1.2353840898485275,0.04296907339318013,0.09180200388569275,0.04883293049251262
253,bsa,100000.0,1.056,1.1747613756070525,0.023663918197793475,0.0699496591339778,0.04628574093618432
253,bsa,15000000.0,0.88,0.9971216475424999,-0.05551732784983137,-0.0012518550948980576,0.05426547275493331
254,bsa,100.0,1.128,1.245462088347842,0.05230909964732344,0.09533051222425339,0.04302141257692994
254,bsa,1000.0,1.128,1.2528108622493388,0.05230909964732344,0.09788551019478942,0.04557641054746597
254,bsa,10000.0,1.128,1.2258106246694522,0.05230909964732344,0.08842338126418899,0.03611428161686554
254,bsa,100000.0,1.056,1.164852793254145,0.023663918197793475,0.06627104543340544,0.04260712723561196
254,bsa,15000000.0,0.88,0.9945639194863396,-0.05551732784983137,-0.002367300032621157,0.05315002781721021
255,bsa,100.0,1.248,1.2800621364849276,0.09621458534640519,0.10723105158345864,0.011016466237053449
255,bsa,1000.0,1.248,1.2788880454751235,0.09621458534640519,0.10683252777773143,0.010617942431326244
255,bsa,10000.0,1.2,1.2573478527967197,0.07918124604762482,0.09945544447268598,0.02027419842506116
255,bsa,100000.0,1.2,1.1954372793852799,0.07918124604762482,0.0775267950637237,-0.0016544509839011151
255,bsa,15000000.0,1.0,1.0119456991775837,0.0,0.005157208965989303,0.005157208965989303
256,bsa,100.0,1.344,1.2722883775701,0.12839926871780646,0.10458555989160447,-0.023813708826202
256,bsa,1000.0,1.344,1.276792711611278,0.12839926871780646,0.10612039490574707,-0.022278873812059397
256,bsa,10000.0,1.344,1.2501016889498435,0.12839926871780646,0.09694534193088154,-0.03145392678692492
256,bsa,100000.0,1.248,1.1870316770305533,0.09621458534640519,0.07446230865636842,-0.021752276690036765
256,bsa,15000000.0,1.04,1.0114921477546324,0.01703333929878037,0.00496251567818249,-0.01207082362059788
257,poly-higg,100.0,1.08,1.2722486122787793,0.03342375548694973,0.10457198583340674,0.07114823034645701
257,poly-higg,1000.0,1.068,1.3046467977254037,0.028571252692537637,0.11549295262383885,0.08692169993130122
257,poly-higg,10000.0,1.0753891812807646,1.3414263584293853,0.03156566303779064,0.1275668357812583,0.09600117274346766
257,poly-higg,100000.0,1.056,1.3585840559302356,0.023663918197793475,0.13308651349175407,0.10942259529396059
257,poly-higg,15000000.0,0.88,1.2949825258916,-0.05551732784983137,0.1122639082164557,0.16778123606628706
258,poly-higg,100.0,1.392,1.332462387501474,0.14363923527454328,0.12465495868839786,-0.018984276586145418
258,poly-higg,1000.0,1.392,1.3620164225787945,0.14363923527454328,0.13418234413502647,-0.00945689113951681
258,poly-higg,10000.0,1.392,1.3924927127707367,0.14363923527454328,0.14379293109047858,0.0001536958159353008
258,poly-higg,100000.0,1.344,1.4090187962841438,0.12839926871780646,0.14891678662818947,0.020517517910383004
258,poly-higg,15000000.0,1.12,1.3312643377551623,0.04921802267018165,0.12426429817204734,0.07504627550186568
259,ibalizumab,100.0,14.15,17.930665960682063,1.150756439860309,1.2535964199402263,0.10283998007991735
259,ibalizumab,1000.0,14.15,16.048288411977772,1.150756439860309,1.205428720674158,0.05467228081384912
259,ibalizumab,10000.0,13.32,13.685778574509545,1.1245042248342823,1.136269509162661,0.011765284328378645
259,ibalizumab,100000.0,8.39,9.90242363284234,0.9237619608287003,0.9957415018248226,0.07197954099612225
259,ibalizumab,15000000.0,4.5,5.775181952328539,0.6532125137753437,0.7615656716200137,0.10835315784466992
260,ibalizumab,100.0,24.07,23.832121103291477,1.38147609027503,1.377162697086712,-0.0043133931883181376
260,ibalizumab,1000.0,24.07,21.21755395059384,1.38147609027503,1.3266953151453993,-0.054780775129630754
260,ibalizumab,10000.0,20.67,18.572187611935824,1.3153404766272883,1.2688630621585197,-0.04647741446876852
260,ibalizumab,100000.0,12.5,12.18776629945152,1.0969100130080565,1.085924118029164,-0.010985894978892352
260,ibalizumab,15000000.0,7.9,6.175693253783718,0.8976270912904415,0.7906857164893556,-0.1069413748010859
261,ibalizumab,100.0,15.16,19.096926580603522,1.1806992012960347,1.2809634784264619,0.10026427713042718
261,ibalizumab,1000.0,15.16,16.679307302183005,1.1806992012960347,1.2221780102653679,0.0414788089693332
261,ibalizumab,10000.0,15.16,14.06250060957553,1.1806992012960347,1.1480625542810579,-0.032636647014976816
261,ibalizumab,100000.0,10.9,9.751972180240307,1.0374264979406236,0.9890924536864785,-0.048334044254145114
261,ibalizumab,15000000.0,5.95,5.476088873622423,0.7745169657285496,0.7384704878568753,-0.036046477871674254
262,ibalizumab,100.0,4.22,5.78824598751646,0.6253124509616739,0.7625469793839286,0.1372345284222547
262,ibalizumab,1000.0,4.22,5.219758215827163,0.6253124509616739,0.71765038653406,0.09233793557238612
262,ibalizumab,10000.0,3.67,4.584462861032912,0.5646660642520893,0.6612884588381408,0.09662239458605149
262,ibalizumab,100000.0,2.44,3.960892904251642,0.3873898263387294,0.5977930999853756,0.21040327364664613
262,ibalizumab,15000000.0,1.4,3.23743350439829,0.146128035678238,0.5102008569442983,0.3640728212660603
263,ibalizumab,100.0,15.07,13.452973097600898,1.1781132523146318,1.1288182737209238,-0.049294978593708016
263,ibalizumab,1000.0,11.94,11.563946726528593,1.0770043267933502,1.0631060822698104,-0.013898244523539827
263,ibalizumab,10000.0,10.11,9.517015543415056,1.0047511555910011,0.9785007786120661,-0.026250376978935064
263,ibalizumab,100000.0,6.46,7.017011973652771,0.8102325179950841,0.8461522175986302,0.03591969960354613
263,ibalizumab,15000000.0,4.5,4.884099139755898,0.6532125137753437,0.6887844708772546,0.035571957101910856
264,ibalizumab,100.0,11.94,10.114500721429641,1.0770043267933502,1.0049444497089293,-0.07205987708442096
264,ibalizumab,1000.0,8.73,8.97013411568949,0.9410142437055697,0.9527989363850569,0.011784692679487119
264,ibalizumab,10000.0,7.56,7.5660608046811575,0.8785217955012065,0.8788698271802766,0.00034803167907015986
264,ibalizumab,100000.0,5.68,6.228576439367897,0.7543483357110189,0.7943887986378766,0.0400404629268577
264,ibalizumab,15000000.0,5.41,4.8710150794086795,0.7331972651065695,0.6876194740377611,-0.04557779106880833
265,ibalizumab,100.0,6.15,6.943918622022838,0.7888751157754168,0.8416046225639537,0.05272950678853694
265,ibalizumab,1000.0,5.97,6.284802693133387,0.7759743311293691,0.7982916478726568,0.02231731674328774
265,ibalizumab,10000.0,5.97,5.565698330616605,0.7759743311293691,0.7455196632091154,-0.030454667920253642
265,ibalizumab,100000.0,5.28,4.802140773321272,0.7226339225338123,0.6814348871205319,-0.041199035413280405
265,ibalizumab,15000000.0,4.1,3.808300468810067,0.6127838567197355,0.5807312062035759,-0.032052650516159575
266,ibalizumab,100.0,8.27,8.557422259869993,0.9175055095525466,0.9323429624680695,0.014837452915522853
266,ibalizumab,1000.0,7.35,7.949023192438864,0.8662873390841949,0.9003137641033048,0.03402642501910991
266,ibalizumab,10000.0,7.35,6.757992501235108,0.8662873390841949,0.829817705539792,-0.03646963354440291
266,ibalizumab,100000.0,5.87,5.739236359775667,0.7686381012476144,0.7588541107257991,-0.009783990521815333
266,ibalizumab,15000000.0,5.0,4.325752035275481,0.6989700043360189,0.6360616207900698,-0.06290838354594908
267,ibalizumab,100.0,2.58,2.9654588082970377,0.41161970596323016,0.4720918958441328,0.06047218988090264
267,ibalizumab,1000.0,2.53,2.7784914944005017,0.40312052117581787,0.4438090716484516,0.040688550472633755
267,ibalizumab,10000.0,2.53,2.6443034660344833,0.40312052117581787,0.4223112942559135,0.019190773080095647
267,ibalizumab,100000.0,2.31,2.482933046163975,0.36361197989214433,0.39496500869126455,0.03135302879912022
267,ibalizumab,15000000.0,2.2,2.26630775932536,0.3424226808222063,0.35531888571321807,0.012896204891011787
268,ibalizumab,100.0,3.67,3.948204702236972,0.5646660642520893,0.5963996614107926,0.031733597158703275
268,ibalizumab,1000.0,3.67,3.8080566383663914,0.5646660642520893,0.5807033991523165,0.016037334900227185
268,ibalizumab,10000.0,3.67,3.5693444514556423,0.5646660642520893,0.5525884605777264,-0.012077603674362947
268,ibalizumab,100000.0,3.28,3.3422110418489255,0.5158738437116791,0.5240338696796498,0.008160025967970719
268,ibalizumab,15000000.0,2.7,2.889602733667929,0.43136376415898736,0.4608381394917781,0.029474375332790737
269,ibalizumab,100.0,3.04,2.8399572095566072,0.48287358360875376,0.4533117964577963,-0.029561787150957475
269,ibalizumab,1000.0,3.04,2.673854272048263,0.48287358360875376,0.427137734051649,-0.055735849557104755
269,ibalizumab,10000.0,3.04,2.43254028969112,0.48287358360875376,0.3860600421348913,-0.09681354147386245
269,ibalizumab,100000.0,2.52,2.137419222060368,0.4014005407815441,0.32988971073291823,-0.07151083004862585
269,ibalizumab,15000000.0,1.8,1.650713228975311,0.25527250510330607,0.21767163177816537,-0.0376008733251407
270,ibalizumab,100.0,3.85,3.3277115176279803,0.5854607295085007,0.5221456698624574,-0.06331505964604334
270,ibalizumab,1000.0,3.4,3.253717326566934,0.5314789170422551,0.5123798200069021,-0.019099097035353063
270,ibalizumab,10000.0,3.4,3.1319575383217493,0.5314789170422551,0.49581586545564954,-0.0356630515866056
270,ibalizumab,100000.0,3.11,3.021965992321137,0.4927603890268375,0.48028957269977174,-0.012470816327065759
270,ibalizumab,15000000.0,2.7,2.7681505505911717,0.43136376415898736,0.4421897062735099,0.010825942114522535
271,ibalizumab,100.0,3.59,2.4569767063746744,0.5550944485783191,0.3904010391252187,-0.16469340945310046
271,ibalizumab,1000.0,3.13,2.4370269366902866,0.49554433754644844,0.3868603295094268,-0.10868400803702166
271,ibalizumab,10000.0,3.13,2.437066377946841,0.49554433754644844,0.38686735814797574,-0.1086769793984727
271,ibalizumab,100000.0,2.52,2.393244916653222,0.4014005407815441,0.37898714512754833,-0.02241339565399575
271,ibalizumab,15000000.0,2.4,2.253113691597614,0.38021124171160603,0.3527831066762144,-0.027428135035391654
272,ibalizumab,100.0,1.2,1.2475268265737522,0.07918124604762482,0.09604989337974143,0.016868647332116612
272,ibalizumab,1000.0,1.2,1.2336471268793014,0.07918124604762482,0.09119095162184074,0.01200970557421592
272,ibalizumab,10000.0,1.2,1.1839966290079196,0.07918124604762482,0.07335046589590168,-0.005830780151723142
272,ibalizumab,100000.0,1.01,1.1069001090159374,0.004321373782642578,0.04410843021874402,0.03978705643610144
272,ibalizumab,15000000.0,0.96,0.9667105826598009,-0.017728766960431602,-0.014703527123881344,0.0030252398365502586
273,ibalizumab,100.0,1.7,1.6786185859044702,0.2304489213782739,0.22495202737417155,-0.0054968940041023595
273,ibalizumab,1000.0,1.7,1.6237052195159312,0.2304489213782739,0.210507186753722,-0.019941734624551927
273,ibalizumab,10000.0,1.7,1.5647393464608559,0.2304489213782739,0.1944420033382824,-0.03600691803999151
273,ibalizumab,100000.0,1.43,1.4641980741767526,0.1553360374650618,0.16559983130107525,0.010263793836013446
273,ibalizumab,15000000.0,1.2,1.302769227608836,0.07918124604762482,0.11486749165096155,0.03568624560333673
274,ibalizumab,100.0,1.33,1.3496162066715776,0.12385164096708581,0.13021028477503424,0.0063586438079484275
274,ibalizumab,1000.0,1.33,1.329394852117539,0.12385164096708581,0.12365399270104127,-0.00019764826604454222
274,ibalizumab,10000.0,1.33,1.2972562409308013,0.12385164096708581,0.11302576870617412,-0.010825872260911695
274,ibalizumab,100000.0,1.18,1.2635094332588948,0.07188200730612536,0.10157848867539623,0.029696481369270875
274,ibalizumab,15000000.0,1.05,1.1552895171699358,0.021189299069938092,0.06269083267251875,0.04150153360258066
275,ibalizumab,100.0,1.84,1.8997363258960211,0.2648178230095365,0.2786933271871036,0.01387550417756711
275,ibalizumab,1000.0,1.84,1.867439353211975,0.2648178230095365,0.2712465066089549,0.006428683599418394
275,ibalizumab,10000.0,1.84,1.807246354309946,0.2648178230095365,0.2570173573339771,-0.007800465675559365
275,ibalizumab,100000.0,1.68,1.7498856755856629,0.22530928172586284,0.24300967606677865,0.017700394340915804
275,ibalizumab,15000000.0,1.6,1.5314762128282293,0.2041199826559248,0.1851102556527656,-0.0190097270031592
276,ibalizumab,100.0,0.92,0.9438752594685754,-0.036212172654444715,-0.025085397337606643,0.011126775316838072
276,ibalizumab,1000.0,0.92,0.9454181249869098,-0.036212172654444715,-0.02437607592104187,0.011836096733402846
276,ibalizumab,10000.0,0.92,0.9361829929258302,-0.036212172654444715,-0.028639252703934616,0.007572919950510099
276,ibalizumab,100000.0,0.84,0.9236774560084877,-0.07572071393811836,-0.034479655977218485,0.04124105796089987
276,ibalizumab,15000000.0,0.8,0.8481239812163043,-0.09691001300805639,-0.07154065667919794,0.02536935632885845
277,ibalizumab,100.0,1.01,1.1887765935919918,0.004321373782642578,0.07510024546267015,0.07077887168002757
277,ibalizumab,1000.0,1.01,1.1604518754236266,0.004321373782642578,0.0646271347347809,0.060305760952138326
277,ibalizumab,10000.0,1.01,1.1388866530797035,0.004321373782642578,0.056480503366603915,0.052159129583961336
277,ibalizumab,100000.0,0.92,1.1164906486706414,-0.036212172654444715,0.04785508992626862,0.08406726258071334
277,ibalizumab,15000000.0,0.88,1.0064433821128413,-0.05551732784983137,0.0027893484968197595,0.058306676346651126
278,ibalizumab,100.0,1.2,1.1609139750269963,0.07918124604762482,0.06480003924308582,-0.014381206804538998
278,ibalizumab,1000.0,1.2,1.1589888352867805,0.07918124604762482,0.06407925235988793,-0.01510199368773689
278,ibalizumab,10000.0,1.2,1.152586724209439,0.07918124604762482,0.06167361295851768,-0.01750763308910714
278,ibalizumab,100000.0,1.09,1.142488608751951,0.037426497940623665,0.05785187860549174,0.020425380664868077
278,ibalizumab,15000000.0,1.04,1.0329244467338057,0.01703333929878037,0.014068556208295216,-0.0029647830904851544
279,ibalizumab,100.0,2.94,2.996827734987847,0.46834733041215726,0.47666177935058285,0.00831444893842559
279,ibalizumab,1000.0,2.94,2.8958524496920353,0.46834733041215726,0.4617764297913237,-0.006570900620833542
279,ibalizumab,10000.0,2.94,2.7273173852021815,0.46834733041215726,0.43573568089040465,-0.032611649521752606
279,ibalizumab,100000.0,2.6,2.509160932653455,0.414973347970818,0.3995285170029057,-0.01544483096791227
279,ibalizumab,15000000.0,2.48,2.2361957913710104,0.3944516808262163,0.3495098257749636,-0.0449418550512527
280,ibalizumab,100.0,2.48,2.254598854890765,0.3944516808262163,0.3530692820876352,-0.04138239873858107
280,ibalizumab,1000.0,2.12,2.0704599719224035,0.32633586092875144,0.3160668387305669,-0.010269022198184541
280,ibalizumab,10000.0,1.75,1.8517682291623048,0.24303804868629444,0.26758662862301463,0.02454857993672019
280,ibalizumab,100000.0,1.6,1.6520258846634768,0.2041199826559248,0.21801684775339764,0.013896865097472844
280,ibalizumab,15000000.0,1.52,1.4089504583600072,0.18184358794477254,0.14889572267703802,-0.03294786526773452
281,ibalizumab,100.0,2.21,1.887516259780796,0.3443922736851107,0.27589070149468875,-0.06850157219042197
281,ibalizumab,1000.0,1.93,1.7415076126690547,0.28555730900777376,0.24092537723406957,-0.0446319317737042
281,ibalizumab,10000.0,1.56,1.5456414657048916,0.1931245983544616,0.18910876026529833,-0.004015838089163282
281,ibalizumab,100000.0,1.26,1.3752422623112983,0.10037054511756291,0.13837921010610868,0.03800866498854577
281,ibalizumab,15000000.0,1.2,1.108933883477805,0.07918124604762482,0.04490565354616203,-0.03427559250146279
282,ibalizumab,100.0,1.29,1.1997370051247913,0.11058971029924898,0.07908605459682391,-0.03150365570242507
282,ibalizumab,1000.0,1.29,1.1767836552466275,0.11058971029924898,0.07069662769577059,-0.03989308260347839
282,ibalizumab,10000.0,1.29,1.1481587480479896,0.11058971029924898,0.060001939137624666,-0.050587771161624315
282,ibalizumab,100000.0,1.09,1.1096039586818898,0.037426497940623665,0.045167997480002706,0.00774149953937904
282,ibalizumab,15000000.0,1.04,0.990419493187012,0.01703333929878037,-0.004180820565230728,-0.0212141598640111
283,ibalizumab,100.0,1.01,1.1184379597214285,0.004321373782642578,0.04861189858202999,0.04429052479938741
283,ibalizumab,1000.0,1.01,1.0825433143785659,0.004321373782642578,0.03444528222564271,0.030123908443000127
283,ibalizumab,10000.0,1.01,1.0431168551939298,0.004321373782642578,0.018332963002934088,0.014011589220291509
283,ibalizumab,100000.0,0.92,0.9982496880845753,-0.036212172654444715,-0.0007608168342699086,0.03545135582017481
283,ibalizumab,15000000.0,0.88,0.8787836686662456,-0.05551732784983137,-0.05611802261410792,-0.0006006947642765506
284,ibalizumab,100.0,1.15,1.2910773923731962,0.06069784035361165,0.11095227640523415,0.050254436051622504
284,ibalizumab,1000.0,1.15,1.2688995409228987,0.06069784035361165,0.10342724025873257,0.04272939990512092
284,ibalizumab,10000.0,1.15,1.2529860044590102,0.06069784035361165,0.09794622006025622,0.03724837970664457
284,ibalizumab,100000.0,1.15,1.2085883908484223,0.06069784035361165,0.0822784182967796,0.021580577943167957
284,ibalizumab,15000000.0,1.15,1.0565208585270123,0.06069784035361165,0.02387807559917898,-0.036819764754432674
285,ibalizumab,100.0,1.2,1.3047028841988575,0.07918124604762482,0.11551162244498461,0.036330376397359795
285,ibalizumab,1000.0,1.2,1.3029197238300358,0.07918124604762482,0.11491765855860486,0.035736412510980045
285,ibalizumab,10000.0,1.2,1.2897812570339602,0.07918124604762482,0.11051606152528808,0.03133481547766326
285,ibalizumab,100000.0,1.2,1.2777209764663073,0.07918124604762482,0.10643602470558718,0.02725477865796236
285,ibalizumab,15000000.0,1.2,1.1439317456333196,0.07918124604762482,0.05840011241231221,-0.02078113363531261
286,ibalizumab,100.0,0.8,0.9323872785085415,-0.09691001300805639,-0.030403660624683245,0.06650635238337314
286,ibalizumab,1000.0,0.8,0.9274608845523505,-0.09691001300805639,-0.032704397595709866,0.06420561541234653
286,ibalizumab,10000.0,0.8,0.9176853043187905,-0.09691001300805639,-0.0373062229696908,0.05960379003836559
286,ibalizumab,100000.0,0.8,0.893755874980623,-0.09691001300805639,-0.04878109040677348,0.04812892260128291
286,ibalizumab,15000000.0,0.8,0.8230334472256776,-0.09691001300805639,-0.08458251515178473,0.012327497856271658
287,ibalizumab,100.0,2.12,2.6067595659410308,0.32633586092875144,0.41610097593224626,0.08976511500349482
287,ibalizumab,1000.0,2.12,2.4013820459941853,0.32633586092875144,0.38046125929397634,0.0541253983652249
287,ibalizumab,10000.0,2.12,2.2240947094200347,0.32633586092875144,0.34715327702095883,0.020817416092207386
287,ibalizumab,100000.0,2.12,2.0815524845044293,0.32633586092875144,0.3183873657120082,-0.007948495216743234
287,ibalizumab,15000000.0,2.12,1.8114077217045568,0.32633586092875144,0.258016214729769,-0.06831964619898245
288,ibalizumab,100.0,1.66,1.7263497738554365,0.22010808804005508,0.23712879222835168,0.017020704188296598
288,ibalizumab,1000.0,1.66,1.63986251876134,0.22010808804005508,0.21480743960496063,-0.005300648435094452
288,ibalizumab,10000.0,1.66,1.5650247400733583,0.22010808804005508,0.19452120730893122,-0.025586880731123862
288,ibalizumab,100000.0,1.43,1.4588709354259681,0.1553360374650618,0.16401687207736773,0.008680834612305927
288,ibalizumab,15000000.0,1.21,1.2819982683586335,0.08278537031645007,0.1078874385659515,0.025102068249501425
289,ibalizumab,100.0,1.33,1.5310578602678977,0.12385164096708581,0.1849916034482606,0.06113996248117479
289,ibalizumab,1000.0,1.33,1.4862615334874913,0.12385164096708581,0.17209523779363764,0.04824359682655183
289,ibalizumab,10000.0,1.33,1.4407180992915738,0.12385164096708581,0.15857901211248118,0.03472737114539537
289,ibalizumab,100000.0,1.18,1.3788750778567953,0.07188200730612536,0.13952492211858333,0.06764291481245797
289,ibalizumab,15000000.0,1.12,1.2279784146913753,0.04921802267018165,0.08919073287777389,0.03997271020759224
290,ibalizumab,100.0,2.37,2.3620243552239857,0.37474834601010387,0.3732843713828516,-0.0014639746272522847
290,ibalizumab,1000.0,2.37,2.2642289554341897,0.37474834601010387,0.35492033994299543,-0.01982800606710844
290,ibalizumab,10000.0,2.37,2.1502768060475894,0.37474834601010387,0.3324943704277019,-0.04225397558240196
290,ibalizumab,100000.0,2.02,2.0134389308595275,0.3053513694466238,0.30393846165989746,-0.001412907786726314
290,ibalizumab,15000000.0,1.55,1.7215165033081246,0.1903316981702915,0.23591119042221828,0.045579492251926784
291,ibalizumab,100.0,0.97,1.1674148866400618,-0.01322826573375516,0.06722522704542036,0.08045349277917552
291,ibalizumab,1000.0,0.97,1.1536134739428252,-0.01322826573375516,0.06206031986568436,0.07528858559943952
291,ibalizumab,10000.0,0.97,1.1393295628215647,-0.01322826573375516,0.05664936640774314,0.0698776321414983
291,ibalizumab,100000.0,0.93,1.1322078569182112,-0.03151705144606486,0.05392616433093182,0.08544321577699668
291,ibalizumab,15000000.0,0.9328284271247462,1.053058165897635,-0.030198227641558856,0.022452360198509328,0.05265058784006818
292,ibalizumab,100.0,1.06,1.1783833406170223,0.02530586526477026,0.07128659404397555,0.045980728779205296
292,ibalizumab,1000.0,1.06,1.1715538579490574,0.02530586526477026,0.06876225850910951,0.04345639324433925
292,ibalizumab,10000.0,1.06,1.147836166084728,0.02530586526477026,0.05987990440081801,0.03457403913604774
292,ibalizumab,100000.0,1.01,1.113380626743019,0.004321373782642578,0.04664366014336105,0.04232228636071847
292,ibalizumab,15000000.0,0.88,0.9999525371637176,-0.05551732784983137,-2.0613337080528245e-05,0.055496714512750844
293,poly-higg,100.0,5.91,5.478066127088828,0.7715874808812554,0.7386272704255086,-0.03296021045574682
293,poly-higg,1000.0,5.91,5.193915488148207,0.7715874808812554,0.7154948788070515,-0.05609260207420386
293,poly-higg,10000.0,5.91,4.935445937850024,0.7715874808812554,0.6933263990721008,-0.07826108180915459
293,poly-higg,100000.0,5.37,4.439862884290912,0.7299742856995556,0.6473695580616141,-0.08260472763794147
293,poly-higg,15000000.0,2.52,2.9687793512889646,0.4014005407815441,0.4725779207086709,0.0711773799271268
294,poly-higg,100.0,8.27,7.863986342308902,0.9175055095525466,0.8956427505686074,-0.02186275898393919
294,poly-higg,1000.0,6.7,7.188601240738224,0.8260748027008264,0.8566443935085837,0.03056959080775723
294,poly-higg,10000.0,6.7,6.550754295472935,0.8260748027008264,0.8162913102972348,-0.009783492403591665
294,poly-higg,100000.0,6.12,6.012021827194956,0.7867514221455612,0.7790205486635593,-0.007730873482001854
294,poly-higg,15000000.0,4.7,4.592471095781955,0.6720978579357175,0.6620464316121619,-0.010051426323555601
295,poly-higg,100.0,4.59,5.555100919334009,0.6618126855372612,0.7446919531619913,0.08287926762473008
295,poly-higg,1000.0,4.22,5.212251522293671,0.6253124509616739,0.7170253648510919,0.09171291388941805
295,poly-higg,10000.0,4.22,4.965218592342596,0.6253124509616739,0.6959383729438745,0.07062592198220063
295,poly-higg,100000.0,3.85,4.548765396286773,0.5854607295085007,0.6578935385610016,0.07243280905250093
295,poly-higg,15000000.0,3.0,3.014200431130186,0.47712125471966244,0.4791721276201803,0.002050872900517864
296,poly-higg,100.0,10.11,9.889882127626686,1.0047511555910011,0.9951911154974464,-0.009560040093554711
296,poly-higg,1000.0,8.27,8.917498805461046,0.9175055095525466,0.9502430598347021,0.032737550282155525
296,poly-higg,10000.0,8.27,8.02804908933975,0.9175055095525466,0.9046100194163688,-0.012895490136177856
296,poly-higg,100000.0,6.71,7.175169195043059,0.8267225201689921,0.855832146466267,0.029109626297274982
296,poly-higg,15000000.0,4.55,5.175342682200268,0.6580113966571124,0.7139391116287304,0.05592771497161797
297,poly-higg,100.0,5.6,7.235145724846558,0.7481880270062004,0.859447282774944,0.11125925576874363
297,poly-higg,1000.0,5.6,6.648665185822926,0.7481880270062004,0.8227344632550846,0.07454643624888424
297,poly-higg,10000.0,5.6,6.1988557241819775,0.7481880270062004,0.7923115284437166,0.0441235014375162
297,poly-higg,100000.0,5.11,5.290843051124317,0.7084209001347127,0.7235248787043064,0.015103978569593668
297,poly-higg,15000000.0,2.6,3.5679168236505707,0.414973347970818,0.5524147214185938,0.13744137344777585
298,poly-higg,100.0,5.42,7.277022123870211,0.7339992865383869,0.8619536952815101,0.12795440874312325
298,poly-higg,1000.0,5.42,6.404069678058432,0.7339992865383869,0.8064560485176655,0.07245676197927864
298,poly-higg,10000.0,5.42,5.414290666902717,0.7339992865383869,0.7335415672164214,-0.0004577193219654774
298,poly-higg,100000.0,4.95,4.627608412288607,0.6946051989335688,0.6653566018835472,-0.029248597050021585
298,poly-higg,15000000.0,2.88,3.7412026187476197,0.45939248775923086,0.5730112296686936,0.1136187419094627
299,poly-higg,100.0,11.48,14.25849427585745,1.0599418880619547,1.1540736656131,0.09413177755114543
299,poly-higg,1000.0,11.48,12.611172549800303,1.0599418880619547,1.1007554678763212,0.04081357981436651
299,poly-higg,10000.0,11.48,11.291796566683448,1.0599418880619547,1.0527630452840682,-0.007178842777886496
299,poly-higg,100000.0,9.23,10.251648962640152,0.9652017010259121,1.0107937266383813,0.04559202561246922
299,poly-higg,15000000.0,6.0,7.155952631784227,0.7781512503836436,0.8546674571297102,0.07651620674606652
300,poly-higg,100.0,9.19,10.61644895449605,0.9633155113861113,1.0259792759394162,0.06266376455330491
300,poly-higg,1000.0,9.19,9.531021784976875,0.9633155113861113,0.9791394622112137,0.015823950825102462
300,poly-higg,10000.0,9.19,8.604415340656443,0.9633155113861113,0.9347213658950624,-0.028594145491048883
300,poly-higg,100000.0,8.39,7.084212151332817,0.9237619608287003,0.8502915585560882,-0.07347040227261215
300,poly-higg,15000000.0,5.8,4.569961222694066,0.7634279935629372,0.6599125149841961,-0.1035154785787411
301,poly-higg,100.0,8.27,9.208105937372093,0.9175055095525466,0.9641703071195058,0.04666479756695918
301,poly-higg,1000.0,6.98,7.911091471614217,0.8438554226231612,0.898236406051163,0.054380983428001795
301,poly-higg,10000.0,6.98,6.658012971526214,0.8438554226231612,0.823344636939118,-0.020510785684043187
301,poly-higg,100000.0,6.04,5.764039328741836,0.7810369386211319,0.7607269353961656,-0.020310003224966233
301,poly-higg,15000000.0,4.3,4.587620254701419,0.6334684555795865,0.6615874615149135,0.028119005935327013
302,trastuzumab,100.0,7.29,3.5910668195492854,0.8627275283179746,0.5552234861874912,-0.30750404213048343
302,trastuzumab,1000.0,5.99,3.267406610637797,0.7774268223893114,0.5142031833790421,-0.26322363901026924
302,trastuzumab,10000.0,3.55,2.9752228835347205,0.5502283530550941,0.47351950568253637,-0.07670884737255773
302,trastuzumab,100000.0,3.22,2.657954373139876,0.5078558716958309,0.42454752150375785,-0.08330835019207306
302,trastuzumab,15000000.0,1.06,1.9775065795561553,0.02530586526477026,0.2961179371558977,0.27081207189112744
303,trastuzumab,100.0,4.69,4.730157806736648,0.6711728427150833,0.6748756298396511,0.003702787124567841
303,trastuzumab,1000.0,4.69,4.498228073649656,0.6711728427150833,0.6530414716901817,-0.018131371024901588
303,trastuzumab,10000.0,4.59,4.031179352151056,0.6618126855372612,0.6054321208810957,-0.05638056465616559
303,trastuzumab,100000.0,3.85,3.528872091811025,0.5854607295085007,0.5476359171223991,-0.03782481238610158
303,trastuzumab,15000000.0,1.9,2.189440500398989,0.2787536009528289,0.3403331474274336,0.061579546474604674
304,trastuzumab,100.0,3.4,3.5582194970650716,0.5314789170422551,0.5512327350418578,0.01975381799960263
304,trastuzumab,1000.0,3.4,3.4061845744002452,0.5314789170422551,0.5322681778226015,0.0007892607803463569
304,trastuzumab,10000.0,3.3,3.2268567649883977,0.5185139398778874,0.5087796881941901,-0.009734251683697348
304,trastuzumab,100000.0,3.04,2.8892189537164854,0.48287358360875376,0.46078045523556166,-0.022093128373192106
304,trastuzumab,15000000.0,2.34,2.0852687863844666,0.3692158574101428,0.3191620424848308,-0.05005381492531197
305,trastuzumab,100.0,1.9,2.039211795558249,0.2787536009528289,0.30946233458902717,0.03070873363619825
305,trastuzumab,1000.0,1.9,1.977862656581322,0.2787536009528289,0.2961961307597551,0.017442529806926177
305,trastuzumab,10000.0,1.9,1.874513593894388,0.2787536009528289,0.2728885942544558,-0.005865006698373143
305,trastuzumab,100000.0,1.56,1.7387528089295456,0.1931245983544616,0.24023784459700656,0.047113246242544954
305,trastuzumab,15000000.0,1.2,1.4140869424552331,0.07918124604762482,0.1504761120547761,0.07129486600715128
306,trastuzumab,100.0,1.95,2.24726004269068,0.290034611362518,0.3516533299052,0.06161871854268197
306,trastuzumab,1000.0,1.95,2.003222681117659,0.290034611362518,0.30172922877698033,0.011694617414462316
306,trastuzumab,10000.0,1.95,1.8162085031692239,0.290034611362518,0.25916570463546373,-0.03086890672705428
306,trastuzumab,100000.0,1.79,1.615036792830893,0.2528530309798932,0.20818242062465594,-0.044670610355237256
306,trastuzumab,15000000.0,0.8,1.2251011053851986,-0.09691001300805639,0.0881719317200992,0.1850819447281556
307,trastuzumab,100.0,3.99,3.4475655795723346,0.6009728956867483,0.5375125360735603,-0.06346035961318797
307,trastuzumab,1000.0,3.4,3.3142152089786725,0.5314789170422551,0.5203807059654173,-0.011098211076837838
307,trastuzumab,10000.0,3.1,3.124507418228017,0.4913616938342727,0.4947815601097381,0.003419866275465422
307,trastuzumab,100000.0,3.13,2.756429717989824,0.49554433754644844,0.4403469235418163,-0.05519741400463213
307,trastuzumab,15000000.0,1.85,2.03032482439259,0.26717172840301384,0.3075655246896121,0.04039379628659828
308,trastuzumab,100.0,3.9,3.3248864234567326,0.5910646070264992,0.5217768145989803,-0.06928779242751892
308,trastuzumab,1000.0,3.3,3.184581630119653,0.5185139398778874,0.5030523855991822,-0.015461554278705214
308,trastuzumab,10000.0,3.3,2.9664280523137103,0.5185139398778874,0.47223381943158355,-0.04628012044630386
308,trastuzumab,100000.0,2.48,2.5941423342432723,0.3944516808262163,0.41399380107750994,0.01954212025129365
308,trastuzumab,15000000.0,1.8,1.7193942751051225,0.25527250510330607,0.2353754763778132,-0.01989702872549287
309,trastuzumab,100.0,3.5,2.6198220488509776,0.5440680443502757,0.41827179291259425,-0.12579625143768142
309,trastuzumab,1000.0,2.6,2.4131003071549024,0.414973347970818,0.3825753749292799,-0.032397973041538075
309,trastuzumab,10000.0,2.0,2.2272146106825352,0.3010299956639812,0.34776206694177775,0.04673207127779655
309,trastuzumab,100000.0,1.84,2.019867511324276,0.2648178230095365,0.30532288380909184,0.04050506079955535
309,trastuzumab,15000000.0,1.6,1.6494787803763298,0.2041199826559248,0.2173467329612388,0.013226750305314006
310,trastuzumab,100.0,2.5,2.489954415006442,0.3979400086720376,0.39619139629558414,-0.0017486123764534622
310,trastuzumab,1000.0,2.5,2.3634218492553827,0.3979400086720376,0.3735412461573214,-0.024398762514716177
310,trastuzumab,10000.0,2.1,2.1606453111162454,0.3222192947339193,0.33458347948491796,0.012364184750998652
310,trastuzumab,100000.0,1.66,1.962423483218719,0.22010808804005508,0.29279273218736623,0.07268464414731116
310,trastuzumab,15000000.0,1.25,1.576223687276962,0.09691001300805642,0.19761784973764804,0.10070783672959162
311,trastuzumab,100.0,2.95,3.2647745241601265,0.46982201597816303,0.513853192871608,0.04403117689344499
311,trastuzumab,1000.0,2.95,3.004588056621833,0.46982201597816303,0.4777849365717763,0.007962920593613254
311,trastuzumab,10000.0,2.95,2.7393214663046783,0.46982201597816303,0.4376430008008999,-0.032179015177263126
311,trastuzumab,100000.0,2.71,2.436963708757753,0.4329692908744057,0.38684906172325295,-0.04612022915115277
311,trastuzumab,15000000.0,2.36,1.7979424762637093,0.37291200297010657,0.25477579271373463,-0.11813621025637194
312,trastuzumab,100.0,3.99,3.137992778877009,0.6009728956867483,0.4966519398572032,-0.10432095582954509
312,trastuzumab,1000.0,3.15,2.904208786079222,0.4983105537896005,0.4630278349559786,-0.035282718833621884
312,trastuzumab,10000.0,2.4,2.6332164913776834,0.38021124171160603,0.42048656633949255,0.04027532462788652
312,trastuzumab,100000.0,1.93,2.3418398030088885,0.28555730900777376,0.36955718320055725,0.08399987419278349
312,trastuzumab,15000000.0,1.68,1.7717448089066343,0.22530928172586284,0.24840116898173734,0.023091887255874494
313,trastuzumab,100.0,3.6,3.836382300241076,0.5563025007672873,0.5839218786373808,0.027619377870093498
313,trastuzumab,1000.0,3.6,3.634365117188283,0.5563025007672873,0.560428555447186,0.004126054679898683
313,trastuzumab,10000.0,3.15,3.2474053060086328,0.4983105537896005,0.5115364959490637,0.013225942159463211
313,trastuzumab,100000.0,2.9,2.7782161189992594,0.4623979978989561,0.4437660267284631,-0.018631971170492978
313,trastuzumab,15000000.0,2.5,2.2342844402604576,0.3979400086720376,0.34913846106787955,-0.04880154760415806
314,trastuzumab,100.0,4.19,3.624842321707448,0.6222140229662954,0.5592891197892906,-0.06292490317700472
314,trastuzumab,1000.0,3.4,3.1998369913310483,0.5314789170422551,0.5051278547047141,-0.02635106233754103
314,trastuzumab,10000.0,2.6,2.681975881275708,0.414973347970818,0.42845486796898463,0.013481519998166658
314,trastuzumab,100000.0,1.99,2.2391858946662158,0.29885307640970665,0.35009014970965907,0.05123707329995242
314,trastuzumab,15000000.0,1.73,1.8585047670601167,0.2380461031287954,0.269163679397442,0.031117576268646613
315,trastuzumab,100.0,2.6,2.965442348209523,0.414973347970818,0.47208948524075545,0.05711613726993747
315,trastuzumab,1000.0,2.6,2.7518060971976475,0.414973347970818,0.4396178285882086,0.024644480617390607
315,trastuzumab,10000.0,2.05,2.4637345219762956,0.31175386105575426,0.3915939089094578,0.07984004785370352
315,trastuzumab,100000.0,1.89,2.199045515631235,0.2764618041732441,0.3422342184389689,0.06577241426572478
315,trastuzumab,15000000.0,1.64,1.733015395654304,0.21484384804769785,0.23880242088934112,0.023958572841643266
316,trastuzumab,100.0,2.45,2.6355011376285233,0.3891660843645325,0.42086320801661214,0.03169712365207966
316,trastuzumab,1000.0,2.45,2.475145905156425,0.3891660843645325,0.39360080486014626,0.004434720495613775
316,trastuzumab,10000.0,2.45,2.3355740808431236,0.3891660843645325,0.3683936470000123,-0.02077243736452017
316,trastuzumab,100000.0,2.25,2.221107290368239,0.3521825181113625,0.3465695376072183,-0.0056129805041441605
316,trastuzumab,15000000.0,1.96,1.9073433247476774,0.292256071356476,0.2804288737608104,-0.01182719759566564
317,trastuzumab,100.0,3.7,3.457707968920471,0.568201724066995,0.5387883108459343,-0.029413413221060725
317,trastuzumab,1000.0,3.16,3.0675652372652302,0.49968708261840383,0.48679380754673035,-0.012893275071673482
317,trastuzumab,10000.0,2.7,2.701058145459855,0.43136376415898736,0.4315339333102051,0.00017016915121775833
317,trastuzumab,100000.0,2.3,2.2738625835683717,0.36172783601759284,0.35676421540833847,-0.004963620609254371
317,trastuzumab,15000000.0,2.0,1.8055931970958599,0.3010299956639812,0.2566199097885278,-0.04441008587545342
318,poly-higg,100.0,1.81,1.7918546900030052,0.2576785748691845,0.2533027877543277,-0.004375787114856811
318,poly-higg,1000.0,1.81,1.7395253367147465,0.2576785748691845,0.2404307587606806,-0.0172478161085039
318,poly-higg,10000.0,1.81,1.6516068439599096,0.2576785748691845,0.21790667384414236,-0.03977190102504213
318,poly-higg,100000.0,1.67,1.5677446028245743,0.22271647114758325,0.1952753143317504,-0.02744115681583284
318,poly-higg,15000000.0,1.45,1.4196500553141256,0.16136800223497488,0.15218130369574956,-0.009186698539225324
319,poly-higg,100.0,11.98,9.67154398964863,1.0784568180532925,0.9854958114829837,-0.09296100657030881
319,poly-higg,1000.0,10.39,9.168149110063514,1.0166155475571774,0.962281668012404,-0.05433387954477342
319,poly-higg,10000.0,6.09,8.357221431059344,0.7846172926328754,0.9220619092885312,0.13744461665565577
319,poly-higg,100000.0,4.96,7.384237417587754,0.6954816764901974,0.868305651654187,0.17282397516398962
319,poly-higg,15000000.0,4.31,3.9696610007857385,0.6344772701607315,0.5987534206738732,-0.03572384948685836
320,poly-higg,100.0,1.6,1.704802115687036,0.2041199826559248,0.23167397567296574,0.02755399301704095
320,poly-higg,1000.0,1.6,1.670772269466897,0.2041199826559248,0.22291725847873733,0.018797275822812543
320,poly-higg,10000.0,1.6,1.6311273846546936,0.2041199826559248,0.21248787906131997,0.008367896405395175
320,poly-higg,100000.0,1.47,1.5958673110983415,0.1673173347481761,0.2029967789612004,0.035679444213024325
320,poly-higg,15000000.0,1.28,1.3698966076418455,0.10720996964786837,0.13668779020379218,0.02947782055592381
321,poly-higg,100.0,11.29,12.42219056675889,1.052693941924968,1.0941981874000324,0.04150424547506448
321,poly-higg,1000.0,11.29,11.560186765342674,1.052693941924968,1.0629648505639668,0.010270908638998932
321,poly-higg,10000.0,9.59,10.407812064029997,0.9818186071706636,1.017359441480929,0.035540834310265446
321,poly-higg,100000.0,8.73,9.095716849426838,0.9410142437055697,0.9588369322595489,0.01782268855397917
321,poly-higg,15000000.0,5.0,4.706774769708867,0.6989700043360189,0.6727234167869626,-0.02624658754905629
322,poly-higg,100.0,1.3,1.6238040117817745,0.11394335230683679,0.210533610041767,0.0965902577349302
322,poly-higg,1000.0,1.3,1.5618948275749407,0.11394335230683679,0.19365178668491792,0.07970843437808113
322,poly-higg,10000.0,1.3,1.5174236654604512,0.11394335230683679,0.18110685295774395,0.06716350065090716
322,poly-higg,100000.0,1.2,1.4780400966142617,0.07918124604762482,0.16968621585996577,0.09050496981234095
322,poly-higg,15000000.0,1.04,1.4037110868329146,0.01703333929878037,0.14727773008306283,0.13024439078428246
323,poly-higg,100.0,1.6,2.1268827498067093,0.2041199826559248,0.3277435488987305,0.12362356624280568
323,poly-higg,1000.0,1.6,2.0204941253690665,0.2041199826559248,0.30545759205978207,0.10133760940385728
323,poly-higg,10000.0,1.6,1.8858511938791103,0.2041199826559248,0.2755074210488147,0.07138743839288991
323,poly-higg,100000.0,1.47,1.7881436187470647,0.1673173347481761,0.2524023971917079,0.08508506244353178
323,poly-higg,15000000.0,1.28,1.519934113673607,0.10720996964786837,0.18182476249203586,0.07461479284416749
324,poly-higg,100.0,1.7,1.7401565080805461,0.2304489213782739,0.24058831008665504,0.01013938870838113
324,poly-higg,1000.0,1.7,1.6973424706151892,0.2304489213782739,0.22976947820013782,-0.000679443178136091
324,poly-higg,10000.0,1.6,1.6323812046785087,0.2041199826559248,0.21282158564092823,0.008701602985003443
324,poly-higg,100000.0,1.47,1.577999362187537,0.1673173347481761,0.19810682333570243,0.030789488587526337
324,poly-higg,15000000.0,1.28,1.4343016289106065,0.10720996964786837,0.15664049163617708,0.049430521988308704
325,poly-higg,100.0,2.0,2.000066426415754,0.3010299956639812,0.30104441973735496,1.442407337376439e-05
325,poly-higg,1000.0,2.0,1.9605252568986606,0.3010299956639812,0.29237244156663267,-0.00865755409734853
325,poly-higg,10000.0,2.0,1.8966271496902374,0.3010299956639812,0.27798196307246037,-0.02304803259152083
325,poly-higg,100000.0,1.84,1.8318744916110317,0.2648178230095365,0.2628957152554255,-0.001922107754111002
325,poly-higg,15000000.0,1.6,1.6209411470918855,0.2041199826559248,0.2097672468304781,0.005647264174553301
326,poly-higg,100.0,2.4,2.2086932821780354,0.38021124171160603,0.34413541025522926,-0.03607583145637677
326,poly-higg,1000.0,2.1,2.029208956921145,0.3222192947339193,0.3073267706239015,-0.01489252411001779
326,poly-higg,10000.0,1.8,1.836726357888617,0.25527250510330607,0.2640444583682744,0.008771953264968324
326,poly-higg,100000.0,1.66,1.6740802311155225,0.22010808804005508,0.22377626793189997,0.003668179891844897
326,poly-higg,15000000.0,1.44,1.4483113558135319,0.15836249209524964,0.1608619358776853,0.002499443782435662
327,poly-higg,100.0,1.5,1.8289715609952302,0.17609125905568124,0.2622069526066164,0.08611569355093518
327,poly-higg,1000.0,1.5,1.7669584290440559,0.17609125905568124,0.24722633204827535,0.07113507299259411
327,poly-higg,10000.0,1.5,1.7013803558324732,0.17609125905568124,0.23080141412610083,0.0547101550704196
327,poly-higg,100000.0,1.5,1.6109609328322367,0.17609125905568124,0.20708500853771003,0.030993749482028793
327,poly-higg,15000000.0,1.5,1.3811836915447664,0.17609125905568124,0.14025144173509776,-0.03583981732058347
328,poly-higg,100.0,1.45,1.6180629530790935,0.16136800223497488,0.20899541445981823,0.047627412224843346
328,poly-higg,1000.0,1.45,1.5642612744792719,0.16136800223497488,0.1943092938566795,0.032941291621704616
328,poly-higg,10000.0,1.45,1.516986365091179,0.16136800223497488,0.18098167729808573,0.019613675063110847
328,poly-higg,100000.0,1.45,1.4865783997696422,0.16136800223497488,0.17218781814202505,0.010819815907050168
328,poly-higg,15000000.0,1.45,1.3646749797947546,0.16136800223497488,0.1350292291866921,-0.026338773048282776
329,poly-higg,100.0,2.8,2.0762321815471836,0.4471580313422192,0.31727591831245977,-0.12988211302975944
329,poly-higg,1000.0,2.4,2.0269601988663672,0.38021124171160603,0.3068452210253145,-0.07336602068629156
329,poly-higg,10000.0,2.0,1.9609606895812504,0.3010299956639812,0.29246888766622203,-0.008561107997759165
329,poly-higg,100000.0,1.84,1.8749105792250704,0.2648178230095365,0.2729805595969701,0.008162736587433606
329,poly-higg,15000000.0,1.6,1.6127761483802592,0.2041199826559248,0.20757409195824175,0.00345410930231696
330,poly-higg,100.0,2.23,1.7734769365600018,0.34830486304816066,0.24882554499862747,-0.0994793180495332
330,poly-higg,1000.0,2.23,1.771204117972538,0.34830486304816066,0.24826861325160268,-0.10003624979655798
330,poly-higg,10000.0,2.23,1.7527798259246963,0.34830486304816066,0.2437273659561159,-0.10457749709204475
330,poly-higg,100000.0,2.23,1.7088843663117375,0.34830486304816066,0.23271267666353215,-0.11559218638462851
330,poly-higg,15000000.0,2.0,1.575691262971131,0.3010299956639812,0.19747112690793803,-0.10355886875604317
331,poly-higg,100.0,8.44,9.361319295972226,0.926342446625655,0.9713370584159731,0.04499461179031805
331,poly-higg,1000.0,8.44,8.998457529712713,0.926342446625655,0.9541680712454071,0.027825624619752132
331,poly-higg,10000.0,8.44,8.351917792511788,0.926342446625655,0.9217862109414474,-0.004556235684207599
331,poly-higg,100000.0,7.16,7.588335701230635,0.8549130223078556,0.8801465354437078,0.025233513135852204
331,poly-higg,15000000.0,5.0,4.490610490059693,0.6989700043360189,0.6523053865358921,-0.04666461780012676
332,poly-higg,100.0,7.15,8.802376523459069,0.8543060418010806,0.94459994165969,0.09029389985860936
332,poly-higg,1000.0,7.15,8.324373882377788,0.8543060418010806,0.9203515779556187,0.06604553615453812
332,poly-higg,10000.0,7.15,7.752405173974187,0.8543060418010806,0.8894364627298582,0.035130420928777606
332,poly-higg,100000.0,6.89,7.050521659624507,0.8382192219076258,0.8482212511069906,0.010002029199364881
332,poly-higg,15000000.0,4.75,4.477230898614297,0.6766936096248666,0.6510094922856716,-0.025684117339194956
333,poly-higg,100.0,5.79,7.2618637982802365,0.7626785637274363,0.861048099133465,0.09836953540602877
333,poly-higg,1000.0,5.79,6.786563513072463,0.7626785637274363,0.8316499178580428,0.06897135413060651
333,poly-higg,10000.0,5.79,6.308669832144358,0.7626785637274363,0.7999377989498189,0.037259235222382614
333,poly-higg,100000.0,5.23,5.377147327654461,0.7185016888672743,0.7305519358096128,0.012050246942338472
333,poly-higg,15000000.0,4.0,3.7602641479363648,0.6020599913279624,0.5752183539600461,-0.026841637367916338
334,poly-higg,100.0,9.29,9.702124321116653,0.9680157139936417,0.9868668352899441,0.018851121296302398
334,poly-higg,1000.0,8.69,9.196122870364917,0.9390197764486664,0.9636047652902584,0.024584988841591993
334,poly-higg,10000.0,7.39,8.629014876850894,0.8686444383948257,0.9359612177351024,0.06731677934027669
334,poly-higg,100000.0,6.52,7.732388774156567,0.8142475957319202,0.8883136816506496,0.07406608591872943
334,poly-higg,15000000.0,5.67,5.319167011803709,0.7535830588929066,0.7258436265616148,-0.027739432331291725
335,poly-higg,100.0,11.98,9.76530577193744,1.0784568180532925,0.9896858464959761,-0.08877097155731639
335,poly-higg,1000.0,10.49,9.220513113757498,1.0207754881935578,0.9647550898467809,-0.056020398346776856
335,poly-higg,10000.0,8.99,8.669074321088642,0.9537596917332288,0.9379727262298387,-0.015786965503390094
335,poly-higg,100000.0,6.8,7.745685504453633,0.8325089127062363,0.8890598594906056,0.05655094678436934
335,poly-higg,15000000.0,5.0,5.111533611450821,0.6989700043360189,0.708551220891028,0.009581216555009098
336,poly-higg,100.0,9.19,10.555020222859707,0.9633155113861113,1.0234590697296975,0.0601435583435862
336,poly-higg,1000.0,9.19,9.646667098751747,0.9633155113861113,0.9843772915158955,0.021061780129784213
336,poly-higg,10000.0,7.99,8.770832433690149,0.9025467793139914,0.9430408139135624,0.040494034599571016
336,poly-higg,100000.0,6.61,7.779006993628259,0.8202014594856403,0.8909241619367316,0.07072270245109136
336,poly-higg,15000000.0,5.0,5.090307333293654,0.6989700043360189,0.706744004168617,0.0077739998325981885
337,poly-higg,100.0,3.6,4.021130650722218,0.5563025007672873,0.6043481840121179,0.048045683244830606
337,poly-higg,1000.0,3.6,3.8381834735473426,0.5563025007672873,0.5841257311197966,0.02782323035250933
337,poly-higg,10000.0,3.6,3.655183891100501,0.5563025007672873,0.5629092310561904,0.006606730288903129
337,poly-higg,100000.0,3.31,3.4709096880389336,0.5198279937757188,0.5404433136147688,0.020615319839050072
337,poly-higg,15000000.0,2.4,2.514026845702124,0.38021124171160603,0.400369910930705,0.02015866921909898
338,poly-higg,100.0,2.59,3.7666001474362654,0.4132997640812518,0.5759495190673514,0.16264975498609957
338,poly-higg,1000.0,2.59,3.70263930823286,0.4132997640812518,0.5685114074116548,0.15521164333040305
338,poly-higg,10000.0,2.59,3.599222616272739,0.4132997640812518,0.5562087091227228,0.142908945041471
338,poly-higg,100000.0,2.59,3.4785323856738724,0.4132997640812518,0.5413960510612069,0.12809628697995512
338,poly-higg,15000000.0,2.59,2.560065287597635,0.4132997640812518,0.40825104096881815,-0.005048723112433651
339,poly-higg,100.0,3.0,3.4695424877456973,0.47712125471966244,0.5402722101950922,0.06315095547542976
339,poly-higg,1000.0,3.0,3.4088007820471997,0.47712125471966244,0.5326016208282641,0.055480366108601686
339,poly-higg,10000.0,3.0,3.3170325885766454,0.47712125471966244,0.520749738317639,0.04362848359797661
339,poly-higg,100000.0,3.0,3.1439252932050796,0.47712125471966244,0.4974722176681744,0.020350962948511964
339,poly-higg,15000000.0,3.0,2.450882334937348,0.47712125471966244,0.3893224615931344,-0.08779879312652805
340,poly-higg,100.0,5.79,3.284575206421583,0.7626785637274363,0.5164792102926701,-0.24619935343476618
340,poly-higg,1000.0,4.74,3.173135750817979,0.6757783416740851,0.5014886521729118,-0.1742896895011733
340,poly-higg,10000.0,4.74,3.058923053088677,0.6757783416740851,0.4855685524867081,-0.19020978918737702
340,poly-higg,100000.0,4.31,2.87092027612891,0.6344772701607315,0.4580211325459572,-0.1764561376147743
340,poly-higg,15000000.0,3.66,2.3177391959045797,0.5634810853944107,0.3650645652980311,-0.19841652009637956
341,poly-higg,100.0,2.1,3.0343277707959695,0.3222192947339193,0.4820624918625133,0.15984319712859402
341,poly-higg,1000.0,2.1,2.931580549318746,0.3222192947339193,0.46710183153942647,0.14488253680550717
341,poly-higg,10000.0,2.1,2.8325419295415912,0.3222192947339193,0.45217634735582796,0.12995705262190865
341,poly-higg,100000.0,1.93,2.65322905580794,0.28555730900777376,0.42377474465979287,0.1382174356520191
341,poly-higg,15000000.0,1.68,2.2142736137103083,0.22530928172586284,0.3452312848274926,0.11992200310162976
342,poly-higg,100.0,2.71,2.926483537623932,0.4329692908744057,0.46634608541613326,0.03337679454172754
342,poly-higg,1000.0,2.71,2.77166712096963,0.4329692908744057,0.44274107002093416,0.009771779146528436
342,poly-higg,10000.0,2.71,2.587848654375003,0.4329692908744057,0.41293887381591826,-0.02003041705848746
342,poly-higg,100000.0,2.5,2.414954727987627,0.3979400086720376,0.3829089936509063,-0.0150310150211313
342,poly-higg,15000000.0,2.17,2.0933622638011666,0.3364597338485295,0.32084439105052015,-0.015615342798009357
343,poly-higg,100.0,1.86,2.2627080953292618,0.26951294421791633,0.3546285306384877,0.08511558642057138
343,poly-higg,1000.0,1.86,2.158344606596112,0.26951294421791633,0.3341207864056881,0.06460784218777177
343,poly-higg,10000.0,1.86,2.096917922520508,0.26951294421791633,0.3215814316603624,0.052068487442446076
343,poly-higg,100000.0,1.86,2.028043238386468,0.26951294421791633,0.30707721002642174,0.037564265808505415
343,poly-higg,15000000.0,1.86,1.8866840202412056,0.26951294421791633,0.27569917109422903,0.006186226876312706
344,poly-higg,100.0,2.5,3.633333041448351,0.3979400086720376,0.5603052083317752,0.1623651996597376
344,poly-higg,1000.0,2.5,3.5021159764528265,0.3979400086720376,0.5443305241287777,0.1463905154567401
344,poly-higg,10000.0,2.5,3.3607384545024126,0.3979400086720376,0.5264347153298847,0.12849470665784712
344,poly-higg,100000.0,2.5,3.166287842962372,0.3979400086720376,0.5005503934473284,0.10261038477529083
344,poly-higg,15000000.0,2.5,2.3738064433759343,0.3979400086720376,0.37544530434024004,-0.022494704331797566
345,poly-higg,100.0,1.5,1.6351941432823822,0.17609125905568124,0.21356932296006237,0.03747806390438113
345,poly-higg,1000.0,1.5,1.5695466844628843,0.17609125905568124,0.19577423784625061,0.019682978790569378
345,poly-higg,10000.0,1.21,1.5011535607783388,0.08278537031645007,0.1764251207492594,0.09363975043280932
345,poly-higg,100000.0,1.12,1.454059630389871,0.04921802267018165,0.16258221712704357,0.11336419445686191
345,poly-higg,15000000.0,1.12,1.2799981756585488,0.04921802267018165,0.1072093506619387,0.05799132799175704
346,poly-higg,100.0,1.28,1.5365990887006256,0.10720996964786837,0.18656057128835665,0.07935060164048828
346,poly-higg,1000.0,1.28,1.4637695979987815,0.10720996964786837,0.16547272276581607,0.058262753117947694
346,poly-higg,10000.0,1.28,1.4315508701455115,0.10720996964786837,0.1558067852817907,0.04859681563392233
346,poly-higg,100000.0,1.28,1.3999259617331192,0.10720996964786837,0.14610506763465192,0.03889509798678355
346,poly-higg,15000000.0,1.28,1.2186703989063377,0.10720996964786837,0.08588626239296197,-0.0213237072549064
347,poly-higg,100.0,1.51,1.6044879469352868,0.17897694729316943,0.20533645898268757,0.02635951168951814
347,poly-higg,1000.0,1.51,1.569777935470973,0.17897694729316943,0.1958382204215418,0.016861273128372378
347,poly-higg,10000.0,1.51,1.5365857997182883,0.17897694729316943,0.18655681535963206,0.0075798680664626306
347,poly-higg,100000.0,1.51,1.4979429585176045,0.17897694729316943,0.17549527579822033,-0.0034816714949491012
347,poly-higg,15000000.0,1.51,1.3406206280580346,0.17897694729316943,0.12730589757512747,-0.051671049718041956
348,poly-higg,100.0,4.99,5.180460465677844,0.69810054562339,0.7143683637636138,0.016267818140223822
348,poly-higg,1000.0,4.99,4.779691611871322,0.69810054562339,0.6793998766156476,-0.018700669007742365
348,poly-higg,10000.0,3.99,4.418077554465033,0.6009728956867483,0.6452333351616245,0.044260439474876234
348,poly-higg,100000.0,3.5,4.193072061957264,0.5440680443502757,0.6225323262341111,0.07846428188383547
348,poly-higg,15000000.0,2.26,2.882430560031202,0.35410843914740087,0.45975885360471513,0.10565041445731427
349,poly-higg,100.0,4.56,5.369015654560054,0.658964842664435,0.7298946702473013,0.07092982758286626
349,poly-higg,1000.0,4.56,5.068685701890527,0.658964842664435,0.704895362407758,0.04593051974332296
349,poly-higg,10000.0,4.56,4.812778779519246,0.658964842664435,0.6823958996906366,0.02343105702620163
349,poly-higg,100000.0,4.2,4.520912643209976,0.6232492903979004,0.6552261153204252,0.03197682492252474
349,poly-higg,15000000.0,2.83,3.227614646588147,0.45178643552429026,0.5088816775833225,0.057095242059032214
350,poly-higg,100.0,5.96,6.538654292020514,0.7752462597402364,0.8154883762009957,0.04024211646075926
350,poly-higg,1000.0,5.96,6.200319978851224,0.7752462597402364,0.7924141026375406,0.01716784289730422
350,poly-higg,10000.0,5.96,5.862865742533868,0.7752462597402364,0.768109949114987,-0.007136310625249442
350,poly-higg,100000.0,5.49,5.510323355612069,0.7395723444500919,0.7411770847751147,0.0016047403250227799
350,poly-higg,15000000.0,4.77,4.809930302053613,0.6785183790401139,0.6821387833067167,0.003620404266602817
351,poly-higg,100.0,2.1,1.8056745633493791,0.3222192947339193,0.2566394801539876,-0.06557981457993173
351,poly-higg,1000.0,2.1,1.7560119483607728,0.3222192947339193,0.24452746663243988,-0.07769182810147943
351,poly-higg,10000.0,2.1,1.6926762739169572,0.3222192947339193,0.2285739067829563,-0.093645387950963
351,poly-higg,100000.0,1.47,1.6216197497267006,0.1673173347481761,0.2099490249949511,0.04263169024677502
351,poly-higg,15000000.0,1.1,1.4337249069942741,0.04139268515822508,0.1564658299682349,0.11507314481000983
352,poly-higg,100.0,1.89,1.855954578460811,0.2764618041732441,0.268567343345552,-0.007894460827692129
352,poly-higg,1000.0,1.89,1.806513552678366,0.2764618041732441,0.2568412240448388,-0.01962058012840534
352,poly-higg,10000.0,1.89,1.7372455959899553,0.2764618041732441,0.23986121939325852,-0.036600584779985595
352,poly-higg,100000.0,1.66,1.6528836789283456,0.22010808804005508,0.21824229133485615,-0.00186579670519893
352,poly-higg,15000000.0,1.1,1.4000383989083172,0.04139268515822508,0.14613994725345128,0.1047472620952262
353,poly-higg,100.0,6.94,7.585074263914924,0.8413594704548549,0.8799598372322506,0.038600366777395645
353,poly-higg,1000.0,6.94,7.05138891789731,0.8413594704548549,0.8482746687599629,0.006915198305108006
353,poly-higg,10000.0,6.94,6.466455464519355,0.8413594704548549,0.8106662908664862,-0.030693179588368702
353,poly-higg,100000.0,6.38,6.021997443255028,0.8048206787211624,0.779740566789416,-0.02508011193174642
353,poly-higg,15000000.0,3.2,3.765262196563259,0.505149978319906,0.5757952239778297,0.07064524565792363
354,poly-higg,100.0,4.54,6.47870659303845,0.6570558528571039,0.8114883121092848,0.15443245925218096
354,poly-higg,1000.0,4.54,6.069941281137609,0.6570558528571039,0.7831844898559387,0.1261286369988348
354,poly-higg,10000.0,4.54,5.675752058217565,0.6570558528571039,0.754023415309067,0.09696756245196314
354,poly-higg,100000.0,4.17,5.4126353534920035,0.6201360549737575,0.7334087698768366,0.11327271490307911
354,poly-higg,15000000.0,3.3,3.8208183814937664,0.5185139398778874,0.5821563944563544,0.06364245457846696
355,poly-higg,100.0,3.99,3.4035795409098775,0.6009728956867483,0.5319359044263223,-0.06903699126042595
355,poly-higg,1000.0,2.8,3.0933013052022678,0.4471580313422192,0.4904222248248685,0.043264193482649316
355,poly-higg,10000.0,2.3,2.7972839212621974,0.36172783601759284,0.44673654902421656,0.08500871300662372
355,poly-higg,100000.0,2.12,2.477549604077076,0.32633586092875144,0.39402235843936906,0.06768649751061762
355,poly-higg,15000000.0,1.84,1.89489817419361,0.2648178230095365,0.2775858773257299,0.012768054316193433
356,poly-higg,100.0,4.29,3.8964348790924617,0.6324572921847242,0.5906674222954289,-0.04178986988929534
356,poly-higg,1000.0,3.99,3.578925752016234,0.6009728956867483,0.5537526886598785,-0.0472202070268698
356,poly-higg,10000.0,3.7,3.2438323064296433,0.568201724066995,0.5110583947762648,-0.05714332929073018
356,poly-higg,100000.0,3.04,2.918493654786965,0.48287358360875376,0.4651587534303133,-0.017714830178440444
356,poly-higg,15000000.0,2.64,2.3866992783940724,0.42160392686983106,0.37779770180460176,-0.0438062250652293
357,poly-higg,100.0,3.45,4.467336835656295,0.5378190950732742,0.6500486993605215,0.11222960428724726
357,poly-higg,1000.0,3.45,4.1069208130478,0.5378190950732742,0.6135163291531596,0.07569723407988538
357,poly-higg,10000.0,3.45,3.715602696307231,0.5378190950732742,0.5700292693619263,0.03221017428865214
357,poly-higg,100000.0,3.17,3.3375672655582327,0.5010592622177514,0.5234300272614345,0.022370765043683072
357,poly-higg,15000000.0,2.05,2.790944284970269,0.31175386105575426,0.4457511668463928,0.13399730579063857
358,poly-higg,100.0,3.0,2.925792998751639,0.47712125471966244,0.466243596334729,-0.01087765838493343
358,poly-higg,1000.0,2.0,2.6757468161984486,0.3010299956639812,0.4274450173432122,0.12641502167923102
358,poly-higg,10000.0,1.91,2.4305195659633863,0.28103336724772754,0.3856991215454012,0.10466575429767366
358,poly-higg,100000.0,1.91,2.2432021765521384,0.28103336724772754,0.3508684176774904,0.06983505042976285
358,poly-higg,15000000.0,1.8,1.958981544543404,0.25527250510330607,0.29203034454975657,0.0367578394464505
359,poly-higg,100.0,4.79,3.163101831985433,0.6803355134145632,0.5001131736917148,-0.1802223397228484
359,poly-higg,1000.0,3.75,2.951683027766226,0.5740312677277188,0.47006971809572423,-0.10396154963199461
359,poly-higg,10000.0,3.7,2.69299128250632,0.568201724066995,0.43023494755724784,-0.13796677650974715
359,poly-higg,100000.0,3.13,2.439405214029996,0.49554433754644844,0.3872839477512234,-0.10826038979522506
359,poly-higg,15000000.0,2.17,2.0184654094689596,0.3364597338485295,0.3050213112863497,-0.031438422562179824
360,poly-higg,100.0,5.49,4.066829487269423,0.7395723444500919,0.6092559638256863,-0.13031638062440565
360,poly-higg,1000.0,3.6,3.76966023578461,0.5563025007672873,0.5763022084621658,0.019999707694878577
360,poly-higg,10000.0,3.1,3.4412154518899913,0.4913616938342727,0.5367118643203541,0.04535017048608142
360,poly-higg,100000.0,2.76,3.0886375840853675,0.4409090820652177,0.4897669518541301,0.048857869788912434
360,poly-higg,15000000.0,2.35,2.603487510851772,0.37106786227173627,0.4155554986696068,0.04448763639787051
361,poly-higg,100.0,4.99,3.3674860070041155,0.69810054562339,0.5273057997644296,-0.17079474585896037
361,poly-higg,1000.0,3.5,3.0370349354065027,0.5440680443502757,0.48244978769271457,-0.0616182566575611
361,poly-higg,10000.0,3.3,2.741641633225872,0.5185139398778874,0.4380106864549934,-0.080503253422894
361,poly-higg,100000.0,2.85,2.4350362909403955,0.4548448600085102,0.386505438173942,-0.0683394218345682
361,poly-higg,15000000.0,2.07,1.8822796538146738,0.3159703454569177,0.2746841478297745,-0.041286197627143195
362,poly-higg,100.0,2.76,3.3670933352924988,0.4409090820652177,0.5272551551290099,0.08634607306379222
362,poly-higg,1000.0,2.76,3.1039741088109345,0.4409090820652177,0.49191809001932174,0.05100900795410407
362,poly-higg,10000.0,2.76,2.8134985133151247,0.4409090820652177,0.44924669000388806,0.008337607938670388
362,poly-higg,100000.0,2.54,2.4626385650336804,0.40483371661993806,0.39140067626059954,-0.01343304035933851
362,poly-higg,15000000.0,1.0,1.9341382612649445,0.0,0.28648751626104013,0.28648751626104013
363,poly-higg,100.0,3.8,3.3832410490432414,0.5797835966168101,0.5293329414888134,-0.050450655127996735
363,poly-higg,1000.0,3.5,3.195474980144754,0.5440680443502757,0.5045354214691121,-0.03953262288116355
363,poly-higg,10000.0,3.1,2.9747706735453465,0.4913616938342727,0.47345349139141457,-0.017908202442858123
363,poly-higg,100000.0,2.76,2.6665767910663054,0.4409090820652177,0.4259540948466291,-0.014954987218588567
363,poly-higg,15000000.0,1.7,2.092593032999213,0.2304489213782739,0.3206847750619718,0.09023585368369788
364,poly-higg,100.0,1.74,1.6998975432046033,0.24054924828259971,0.23042274622427455,-0.01012650205832516
364,poly-higg,1000.0,1.74,1.701881742520404,0.24054924828259971,0.23092937927668322,-0.009619869005916493
364,poly-higg,10000.0,1.74,1.703183317529185,0.24054924828259971,0.23126139459014064,-0.009287853692459075
364,poly-higg,100000.0,1.74,1.6826176296163993,0.24054924828259971,0.22598543492133077,-0.01456381336126894
364,poly-higg,15000000.0,1.7,1.5401249564251995,0.2304489213782739,0.18755595829386498,-0.04289296308440893
365,poly-higg,100.0,2.4,2.4001444232932996,0.38021124171160603,0.38023737519169587,2.613348008984051e-05
365,poly-higg,1000.0,2.4,2.3483176971173214,0.38021124171160603,0.37075685099614303,-0.009454390715463001
365,poly-higg,10000.0,2.4,2.288271075844948,0.38021124171160603,0.35950747106950987,-0.020703770642096164
365,poly-higg,100000.0,2.4,2.2341008805953493,0.38021124171160603,0.3491027797449957,-0.031108461966610323
365,poly-higg,15000000.0,2.4,1.979558402310263,0.38021124171160603,0.29656831913541903,-0.083642922576187
366,poly-higg,100.0,1.5,1.7735090472341724,0.17609125905568124,0.24883340828800415,0.07274214923232292
366,poly-higg,1000.0,1.5,1.7712382478472204,0.17609125905568124,0.2482769817243751,0.07218572266869386
366,poly-higg,10000.0,1.5,1.752813157532318,0.17609125905568124,0.24373562460641093,0.0676443655507297
366,poly-higg,100000.0,1.5,1.7089203203351084,0.17609125905568124,0.23272181389364588,0.05663055483796464
366,poly-higg,15000000.0,1.5,1.5757111857906922,0.17609125905568124,0.1974766180318044,0.021385358976123175
367,poly-higg,100.0,1.56,1.8256949883060414,0.1931245983544616,0.2614282233843803,0.06830362502991871
367,poly-higg,1000.0,1.56,1.8138468872808997,0.1931245983544616,0.25860062406062123,0.06547602570615962
367,poly-higg,10000.0,1.56,1.761192966620582,0.1931245983544616,0.24580694242229983,0.05268234406783823
367,poly-higg,100000.0,1.56,1.6956913058150465,0.1931245983544616,0.22934679344939848,0.036222195094936877
367,poly-higg,15000000.0,1.56,1.5094520329118513,0.1931245983544616,0.17881931664849204,-0.014305281705969564
368,poly-higg,100.0,1.8,1.9339453712749657,0.25527250510330607,0.28644420227598205,0.031171697172675983
368,poly-higg,1000.0,1.8,1.9000124781388708,0.25527250510330607,0.2787564531470716,0.023483948043765523
368,poly-higg,10000.0,1.8,1.8341398198667649,0.25527250510330607,0.263432439666622,0.00815993456331593
368,poly-higg,100000.0,1.8,1.7836553363057084,0.25527250510330607,0.2513109374830331,-0.003961567620272943
368,poly-higg,15000000.0,1.8,1.5637653164812242,0.25527250510330607,0.19417157647011044,-0.061100928633195634
369,poly-higg,100.0,2.5,1.9085986393588903,0.3979400086720376,0.2807146098823219,-0.11722539878971572
369,poly-higg,1000.0,2.0,1.839242684195631,0.3010299956639812,0.2646390372605272,-0.03639095840345402
369,poly-higg,10000.0,1.6,1.7514241392588124,0.2041199826559248,0.24339133113998823,0.03927134848406344
369,poly-higg,100000.0,1.47,1.6406925058472501,0.1673173347481761,0.2150271943820936,0.04770985963391752
369,poly-higg,15000000.0,1.28,1.455614713198343,0.10720996964786837,0.16304643673870825,0.05583646709083988
370,poly-higg,100.0,8.8,10.31445095590107,0.9444826721501687,1.0134461151818117,0.06896344303164303
370,poly-higg,1000.0,8.8,9.622933593498251,0.9444826721501687,0.9833074887997497,0.03882481664958104
370,poly-higg,10000.0,8.8,8.858419974783255,0.9444826721501687,0.9473562661956634,0.0028735940454946984
370,poly-higg,100000.0,8.1,8.034610609049896,0.9084850188786497,0.9049648338761194,-0.003520185002530374
370,poly-higg,15000000.0,4.0,4.8507937175603875,0.6020599913279624,0.6858128064277368,0.08375281509977439
371,poly-higg,100.0,7.54,9.606599856002427,0.877371345869774,0.9825697013970616,0.10519835552728751
371,poly-higg,1000.0,7.54,8.923181456295394,0.877371345869774,0.9505197246195863,0.07314837874981228
371,poly-higg,10000.0,7.54,8.283011243313101,0.877371345869774,0.9181882508682246,0.04081690499845059
371,poly-higg,100000.0,6.93,7.363877680178962,0.8407332346118067,0.867106565917731,0.02637333130592434
371,poly-higg,15000000.0,4.4,4.6423428716633595,0.6434526764861874,0.6667372131927782,0.023284536706590808
372,poly-higg,100.0,7.26,8.176950072175051,0.8609366207000937,0.9125913459916719,0.05165472529157822
372,poly-higg,1000.0,7.26,7.487139558260408,0.8609366207000937,0.8743159283354016,0.013379307635307924
372,poly-higg,10000.0,7.26,6.776138327911186,0.8609366207000937,0.830982263089376,-0.02995435761071774
372,poly-higg,100000.0,6.61,5.798951762356591,0.8202014594856403,0.7633494961547538,-0.05685196333088649
372,poly-higg,15000000.0,5.5,3.984877945736845,0.7403626894942439,0.6004150237735952,-0.13994766572064865
373,poly-higg,100.0,8.75,9.93135590381163,0.9420080530223133,0.997008545710249,0.05500049268793572
373,poly-higg,1000.0,8.75,9.341043543668672,0.9420080530223133,0.9703953965663734,0.02838734354406014
373,poly-higg,10000.0,8.75,8.54956808297179,0.9420080530223133,0.9319441750883968,-0.010063877933916499
373,poly-higg,100000.0,7.9,7.511042488351719,0.8976270912904415,0.8757002186976232,-0.021926872592818336
373,poly-higg,15000000.0,5.11,5.070274291580951,0.7084209001347127,0.7050314544216626,-0.00338944571305011
374,poly-higg,100.0,6.64,9.23280812860373,0.8221680793680175,0.9653338103733076,0.14316573100529006
374,poly-higg,1000.0,6.64,8.469983114120847,0.8221680793680175,0.927882544515896,0.10571446514787852
374,poly-higg,10000.0,6.29,7.65595344119008,0.798650645445269,0.8839992836643311,0.08534863821906213
374,poly-higg,100000.0,5.51,6.95811907168271,0.741151598851785,0.8424918563937898,0.10134025754200471
374,poly-higg,15000000.0,2.67,4.994343801208752,0.42651126136457523,0.698478435057494,0.27196717369291873
375,poly-higg,100.0,10.49,11.14663162516147,1.0207754881935578,1.0471436487641586,0.026368160570600763
375,poly-higg,1000.0,10.49,10.325639207413186,1.0207754881935578,1.0139169461066113,-0.006858542086946473
375,poly-higg,10000.0,10.49,9.340089295132222,1.0207754881935578,0.970351028285533,-0.0504244599080248
375,poly-higg,100000.0,9.19,8.419779262164685,0.9633155113861113,0.925300705931901,-0.03801480545421032
375,poly-higg,15000000.0,6.6,5.766135716963535,0.8195439355418687,0.760884860118563,-0.05865907542330562
376,poly-higg,100.0,1.78,1.6507532187839722,0.250420002308894,0.2176821527714934,-0.03273784953740061
376,poly-higg,1000.0,1.78,1.633775789774407,0.250420002308894,0.21319245614686425,-0.03722754616202975
376,poly-higg,10000.0,1.78,1.6148899376466213,0.250420002308894,0.20814292846180885,-0.04227707384708515
376,poly-higg,100000.0,1.78,1.5884775278275824,0.250420002308894,0.20098107524783038,-0.04943892706106362
376,poly-higg,15000000.0,1.78,1.3731300994483184,0.250420002308894,0.1377116871244148,-0.11270831518447919
377,poly-higg,100.0,1.68,1.6512097055468609,0.22530928172586284,0.21780223266820367,-0.007507049057659171
377,poly-higg,1000.0,1.68,1.6012378097195885,0.22530928172586284,0.20445583646598683,-0.020853445259876008
377,poly-higg,10000.0,1.68,1.562347602175803,0.22530928172586284,0.19377766520843104,-0.031531616517431804
377,poly-higg,100000.0,1.68,1.5138061335685054,0.22530928172586284,0.1800702605587422,-0.04523902116712064
377,poly-higg,15000000.0,1.68,1.3086655125000113,0.22530928172586284,0.11682865752209064,-0.1084806242037722
378,poly-higg,100.0,1.56,1.6747928539390593,0.1931245983544616,0.2239610991612427,0.030836500806781103
378,poly-higg,1000.0,1.56,1.6357419580505639,0.1931245983544616,0.21371479381353084,0.020590195459069233
378,poly-higg,10000.0,1.56,1.6081692665462946,0.1931245983544616,0.2063317581302141,0.013207159775752486
378,poly-higg,100000.0,1.56,1.577555375691297,0.1931245983544616,0.197984612882932,0.004860014528470402
378,poly-higg,15000000.0,1.56,1.461980343121162,0.1931245983544616,0.1649415334074769,-0.02818306494698472
379,poly-higg,100.0,4.19,5.653580534353139,0.6222140229662954,0.7523235830049873,0.1301095600386919
379,poly-higg,1000.0,4.19,5.421088339350522,0.6222140229662954,0.7340864843844265,0.11187246141813112
379,poly-higg,10000.0,4.19,5.1785812013402825,0.6222140229662954,0.7142107904731438,0.09199676750684849
379,poly-higg,100000.0,3.76,4.7716727945247275,0.5751878449276611,0.678670655366191,0.10348281043852992
379,poly-higg,15000000.0,2.9,3.4761751885623315,0.4623979978989561,0.5411016554373582,0.07870365753840214
380,poly-higg,100.0,6.01,5.969085288484283,0.7788744720027395,0.7759077842951707,-0.0029666877075688047
380,poly-higg,1000.0,6.01,5.745671021684726,0.7788744720027395,0.759340756087334,-0.019533715915405536
380,poly-higg,10000.0,6.01,5.559211893828032,0.7788744720027395,0.7450132278371661,-0.033861244165573456
380,poly-higg,100000.0,5.32,4.9851653115418255,0.7259116322950482,0.697679564392916,-0.028232067902132174
380,poly-higg,15000000.0,3.64,3.8089080905477717,0.561101383649056,0.580800493204522,0.019699109555465943
381,poly-higg,100.0,5.24,5.702440966019917,0.7193312869837266,0.7560607979794617,0.03672951099573507
381,poly-higg,1000.0,5.24,5.40893859957858,0.7193312869837266,0.7331120515075923,0.013780764523865674
381,poly-higg,10000.0,4.74,5.130734181296166,0.6757783416740851,0.7101795148333765,0.034401173159291365
381,poly-higg,100000.0,4.31,4.894694172546937,0.6344772701607315,0.689725561649972,0.055248291489240486
381,poly-higg,15000000.0,3.75,4.366213809189426,0.5740312677277188,0.6401049988668386,0.06607373113911974
382,poly-higg,100.0,5.29,4.385208693653011,0.7234556720351858,0.6419902664238866,-0.08146540561129922
382,poly-higg,1000.0,4.89,4.336389703540354,0.6893088591236202,0.6371283045478593,-0.052180554575760874
382,poly-higg,10000.0,4.44,4.27838412777515,0.6473829701146199,0.6312797744112532,-0.016103195703366713
382,poly-higg,100000.0,4.04,3.950874439871319,0.6063813651106049,0.5966932278749375,-0.009688137235667416
382,poly-higg,15000000.0,3.04,2.6490197198624883,0.48287358360875376,0.423085191289147,-0.059788392319606753
383,poly-higg,100.0,3.26,4.072023042438096,0.5132176000679389,0.609810226886512,0.09659262681857306
383,poly-higg,1000.0,3.26,4.0163185639939085,0.5132176000679389,0.6038281526174752,0.09061055254953632
383,poly-higg,10000.0,3.26,3.9109062807253654,0.5132176000679389,0.5922774088308068,0.07905980876286789
383,poly-higg,100000.0,2.76,3.6167504292729085,0.4409090820652177,0.5583185416814106,0.11740945961619292
383,poly-higg,15000000.0,2.25,2.685707116732333,0.3521825181113625,0.4290586499848375,0.07687613187347503
384,poly-higg,100.0,4.49,3.6333857339362594,0.6522463410033232,0.5603115066508499,-0.0919348343524733
384,poly-higg,1000.0,3.5,3.502168891433215,0.5440680443502757,0.544337086021798,0.0002690416715223076
384,poly-higg,10000.0,3.5,3.3608337238976365,0.5440680443502757,0.5264470264295932,-0.01762101792068249
384,poly-higg,100000.0,3.22,3.1663895706011553,0.5078558716958309,0.5005643463930729,-0.007291525302758006
384,poly-higg,15000000.0,2.8,2.3738635905033854,0.4471580313422192,0.37545575944008175,-0.07170227190213746
385,poly-higg,100.0,3.7,3.395442409810627,0.568201724066995,0.5308963687849282,-0.0373053552820668
385,poly-higg,1000.0,3.05,3.2865876336278292,0.48429983934678583,0.5167452168061296,0.03244537745934378
385,poly-higg,10000.0,3.0,3.1939000196073812,0.47712125471966244,0.5043213170584377,0.02720006233877531
385,poly-higg,100000.0,2.76,3.006501115771041,0.4409090820652177,0.47806136935667715,0.037152287291459474
385,poly-higg,15000000.0,2.4,2.2944881089983915,0.38021124171160603,0.36068581133999855,-0.019525430371607477
386,poly-higg,100.0,2.65,3.304817313622459,0.42324587393680785,0.5191474572018265,0.09590158326501869
386,poly-higg,1000.0,2.65,3.207754191536277,0.42324587393680785,0.5062010811365905,0.08295520719978261
386,poly-higg,10000.0,2.65,3.111574599009244,0.42324587393680785,0.4929802175170832,0.06973434358027536
386,poly-higg,100000.0,2.44,2.923875905686483,0.3873898263387294,0.46595893647349534,0.07856911013476592
386,poly-higg,15000000.0,1.8,2.2910684059639714,0.25527250510330607,0.3600380564042237,0.10476555130091764
387,belatacept,100.0,3.94,4.11631256380296,0.5954962218255742,0.6145083446086139,0.019012122783039764
387,belatacept,1000.0,3.94,4.048907539287802,0.5954962218255742,0.6073378593479174,0.01184163752234324
387,belatacept,10000.0,3.94,3.826430662635796,0.5954962218255742,0.5827938480437559,-0.012702373781818266
387,belatacept,100000.0,3.31,3.3738842329758887,0.5198279937757188,0.5281301766993669,0.00830218292364815
387,belatacept,15000000.0,1.8,2.230518359934119,0.25527250510330607,0.3484058023748825,0.09313329727157643
388,belatacept,100.0,2.3,2.2522104652363497,0.36172783601759284,0.35260897215616344,-0.009118863861429405
388,belatacept,1000.0,2.3,2.2070101396029203,0.36172783601759284,0.3438043284328292,-0.01792350758476363
388,belatacept,10000.0,2.3,2.127718981382661,0.36172783601759284,0.32791426793973655,-0.03381356807785629
388,belatacept,100000.0,2.12,1.9555132031894809,0.32633586092875144,0.29126075255763423,-0.035075108371117214
388,belatacept,15000000.0,1.84,1.6157899825881548,0.2648178230095365,0.20838491130835296,-0.05643291170118353
389,belatacept,100.0,2.05,2.0708788693373164,0.31175386105575426,0.3161546967124293,0.0044008356566750395
389,belatacept,1000.0,2.05,2.025167821203969,0.31175386105575426,0.30646101807063086,-0.005292842985123392
389,belatacept,10000.0,2.05,1.952963436622755,0.31175386105575426,0.29069411250361366,-0.0210597485521406
389,belatacept,100000.0,1.89,1.7971670007857181,0.2764618041732441,0.2545884355674134,-0.021873368605830723
389,belatacept,15000000.0,1.64,1.5362469306490407,0.21484384804769785,0.18646102819490673,-0.02838281985279112
390,belatacept,100.0,3.0,2.4984090515390625,0.47712125471966244,0.3976635446396681,-0.07945771007999436
390,belatacept,1000.0,2.35,2.2739432581116312,0.37106786227173627,0.3567796235019076,-0.014288238769828654
390,belatacept,10000.0,2.35,1.953902088812383,0.37106786227173627,0.290902797175032,-0.08016506509670429
390,belatacept,100000.0,1.66,1.684354025555849,0.22010808804005508,0.22643337884185546,0.006325290801800387
390,belatacept,15000000.0,1.1,1.345117598406822,0.04139268515822508,0.1287602546778842,0.08736756951965913
391,belatacept,100.0,2.19,2.4306604407416144,0.34044411484011833,0.3857242928572047,0.04528017801708639
391,belatacept,1000.0,2.19,2.340175677601526,0.34044411484011833,0.369248461234541,0.028804346394422697
391,belatacept,10000.0,2.19,2.2056369736740558,0.34044411484011833,0.34353403335162985,0.0030899185115115246
391,belatacept,100000.0,2.19,2.0082149205532462,0.34044411484011833,0.3028101894568224,-0.03763392538329591
391,belatacept,15000000.0,2.19,1.5941119212371861,0.34044411484011833,0.2025188095753744,-0.13792530526474392
392,belatacept,100.0,1.66,1.4412615522694978,0.22010808804005508,0.15874280135516783,-0.06136528668488725
392,belatacept,1000.0,1.66,1.4120203790597834,0.22010808804005508,0.14984096473939845,-0.07026712330065663
392,belatacept,10000.0,1.19,1.365511741663435,0.07554696139253074,0.1352954388717347,0.05974847747920396
392,belatacept,100000.0,1.09,1.2826826132528577,0.037426497940623665,0.10811920792210411,0.07069270998148044
392,belatacept,15000000.0,0.95,1.1339763280007877,-0.022276394711152253,0.054603988660999046,0.0768803833721513
393,belatacept,100.0,2.9,2.7207098269430703,0.4623979978989561,0.43468222525000927,-0.027715772648946813
393,belatacept,1000.0,2.55,2.6437437733949105,0.4065401804339551,0.4222193618601423,0.015679181426187183
393,belatacept,10000.0,2.55,2.6089265509687145,0.4065401804339551,0.41646185259274543,0.009921672158790307
393,belatacept,100000.0,2.55,2.553930392001365,0.4065401804339551,0.40720905628617965,0.0006688758522245264
393,belatacept,15000000.0,2.5,2.087997044522078,0.3979400086720376,0.31972987960385424,-0.07821012906818336
394,belatacept,100.0,3.39,3.471963361292711,0.5301996982030822,0.5405751335343054,0.010375435331223204
394,belatacept,1000.0,3.39,3.32826838281013,0.5301996982030822,0.5222183393957052,-0.007981358807377048
394,belatacept,10000.0,3.39,3.134387422155225,0.5301996982030822,0.49615267589302325,-0.03404702231005896
394,belatacept,100000.0,2.76,2.8687622965450092,0.4409090820652177,0.4576945644273752,0.016785482362157544
394,belatacept,15000000.0,2.1,2.112390801164852,0.3222192947339193,0.3247742675969707,0.002554972863051397
395,belatacept,100.0,2.25,2.2630098278922626,0.3521825181113625,0.35468644003078265,0.002503921919420171
395,belatacept,1000.0,2.25,2.260479108099541,0.3521825181113625,0.3542004975331026,0.002017979421740146
395,belatacept,10000.0,2.25,2.271022801757389,0.3521825181113625,0.35622149468987985,0.004038976578517373
395,belatacept,100000.0,2.25,2.294803770419881,0.3521825181113625,0.36074555476766484,0.00856303665630237
395,belatacept,15000000.0,2.25,2.0700511574075735,0.3521825181113625,0.31598107835802164,-0.036201439753340836
396,belatacept,100.0,2.89,1.9406653832049978,0.4608978427565479,0.2879506591619831,-0.1729471835945648
396,belatacept,1000.0,2.89,1.9003843958330449,0.4608978427565479,0.27884145574452335,-0.18205638701202453
396,belatacept,10000.0,2.89,1.8544436836778089,0.4608978427565479,0.26821364907507006,-0.19268419368147782
396,belatacept,100000.0,2.66,1.8124005198416209,0.424881636631067,0.2582541780736429,-0.16662745855742406
396,belatacept,15000000.0,2.31,1.688456223457307,0.36361197989214433,0.22748980518026257,-0.13612217471188176
397,belatacept,100.0,1.3,1.3920179850856809,0.11394335230683679,0.14364484646204978,0.02970149415521299
397,belatacept,1000.0,1.3,1.4031349560814639,0.11394335230683679,0.14709944427336882,0.033156091966532034
397,belatacept,10000.0,1.3,1.409881107920702,0.11394335230683679,0.1491824911298364,0.0352391388229996
397,belatacept,100000.0,1.3,1.397735876977676,0.11394335230683679,0.14542511274852457,0.03148176044168778
397,belatacept,15000000.0,1.3,1.3244042966652776,0.11394335230683679,0.12202058103124927,0.00807722872441248
398,etanercept,100.0,4.59,3.1149296979169745,0.6618126855372612,0.4934482493414921,-0.16836443619576913
398,etanercept,1000.0,4.59,3.1646496215132522,0.6618126855372612,0.5003256335107913,-0.16148705202646996
398,etanercept,10000.0,3.3,3.099117779687917,0.5185139398778874,0.4912380815947367,-0.02727585828315071
398,etanercept,100000.0,3.04,2.851598143436144,0.48287358360875376,0.455088323288918,-0.027785260319835747
398,etanercept,15000000.0,1.75,1.8006977078333142,0.24303804868629444,0.2554408117429455,0.012402763056651028
399,etanercept,100.0,5.34,5.222187487997589,0.7275412570285564,0.7178524598923431,-0.00968879713621329
399,etanercept,1000.0,5.34,5.291328472619755,0.7275412570285564,0.723564722299081,-0.003976534729475456
399,etanercept,10000.0,5.34,5.168071585074428,0.7275412570285564,0.7133285206192832,-0.01421273640927323
399,etanercept,100000.0,4.59,4.842377394542945,0.6618126855372612,0.6850586335114313,0.02324594797417001
399,etanercept,15000000.0,2.8,2.9005596628882744,0.4471580313422192,0.46248180308982856,0.01532377174760935
400,etanercept,100.0,4.28,4.6750837952339825,0.631443769013172,0.6697893994826728,0.03834563046950079
400,etanercept,1000.0,4.28,4.495751980054177,0.631443769013172,0.6528023442280482,0.021358575214876163
400,etanercept,10000.0,4.04,4.1069335871104204,0.6063813651106049,0.6135176799696307,0.007136314859025772
400,etanercept,100000.0,3.71,3.664438887516898,0.5693739096150459,0.5640074832850879,-0.005366426329957985
400,etanercept,15000000.0,2.42,2.2920782709386245,0.38381536598043126,0.3602294440354629,-0.023585921944968335
401,etanercept,100.0,1.55,1.5320820275365725,0.1903316981702915,0.18528201800730626,-0.005049680162985237
401,etanercept,1000.0,1.55,1.569942364307659,0.1903316981702915,0.19588370889165094,0.0055520107213594405
401,etanercept,10000.0,1.55,1.6001062322487893,0.1903316981702915,0.2041488167483692,0.013817118578077714
401,etanercept,100000.0,1.55,1.5870646995586308,0.1903316981702915,0.20059463191460927,0.010262933744317776
401,etanercept,15000000.0,1.55,1.4103434534186352,0.1903316981702915,0.1493248869539396,-0.041006811216351885
402,etanercept,100.0,1.98,2.075769000612204,0.2966651902615311,0.3171790219407134,0.020513831679182304
402,etanercept,1000.0,1.98,2.075255333459955,0.2966651902615311,0.3170715386821528,0.020406348420621723
402,etanercept,10000.0,1.98,2.0652929419913284,0.2966651902615311,0.31498166086759544,0.01831647060606434
402,etanercept,100000.0,1.98,2.062736276658471,0.2966651902615311,0.3144437064446529,0.017778516183121817
402,etanercept,15000000.0,1.98,1.8853255482981792,0.2966651902615311,0.27538635274980855,-0.021278837511722548
403,etanercept,100.0,1.65,1.4309654117651602,0.21748394421390627,0.1556291364424652,-0.06185480777144106
403,etanercept,1000.0,1.65,1.4477208733974944,0.21748394421390627,0.1606848361507465,-0.05679910806315977
403,etanercept,10000.0,1.65,1.4514642493088412,0.21748394421390627,0.16180634328921809,-0.05567760092468818
403,etanercept,100000.0,1.65,1.4173643103671958,0.21748394421390627,0.15148149290572127,-0.066002451308185
403,etanercept,15000000.0,1.6,1.2304638907684988,0.2041199826559248,0.09006887340648707,-0.11405110924943772
404,etanercept,100.0,2.11,2.2592638277857184,0.3242824552976926,0.3539669490528173,0.029684493755124663
404,etanercept,1000.0,2.11,2.262718451877306,0.3242824552976926,0.35463051842532733,0.030348063127634717
404,etanercept,10000.0,2.11,2.256210170257741,0.3242824552976926,0.3533795525505817,0.02909709725288906
404,etanercept,100000.0,2.11,2.2327812657393227,0.3242824552976926,0.3488461795267193,0.024563724229026696
404,etanercept,15000000.0,2.1,1.9945654836057098,0.3222192947339193,0.2998482992077869,-0.02237099552613242
405,etanercept,100.0,5.69,6.202994154867347,0.7551122663950712,0.79260137192588,0.03748910553080875
405,etanercept,1000.0,5.69,5.996517830504508,0.7551122663950712,0.7778991293830695,0.022786862987998258
405,etanercept,10000.0,5.69,5.6728736583798565,0.7551122663950712,0.7538031114195475,-0.001309154975523752
405,etanercept,100000.0,5.23,5.071058257867444,0.7185016888672743,0.7050985998843008,-0.013403088982973488
405,etanercept,15000000.0,2.4,2.7796373406179886,0.38021124171160603,0.44398813719773467,0.06377689548612864
406,etanercept,100.0,6.79,7.135976900468694,0.8318697742805017,0.8534534355363377,0.021583661255835995
406,etanercept,1000.0,6.79,6.83203231960536,0.8318697742805017,0.8345499121588563,0.002680137878354638
406,etanercept,10000.0,5.99,6.391720791612889,0.7774268223893114,0.8056177955127177,0.02819097312340635
406,etanercept,100000.0,5.51,5.741300497723077,0.741151598851785,0.7590102782885593,0.017858679436774216
406,etanercept,15000000.0,3.0,3.2605566086237117,0.47712125471966244,0.5132917446752031,0.036170489955540674
407,etanercept,100.0,7.66,8.455698738671966,0.884228769632604,0.9271495014442284,0.04292073181162437
407,etanercept,1000.0,7.66,7.939880023978208,0.884228769632604,0.8998139400444904,0.015585170411886451
407,etanercept,10000.0,7.66,7.2319080719666715,0.884228769632604,0.8592528969900737,-0.024975872642530317
407,etanercept,100000.0,6.43,6.156235427658057,0.8082109729242221,0.7893152198302864,-0.018895753093935652
407,etanercept,15000000.0,2.2,3.296184591527416,0.3424226808222063,0.5180115248809579,0.17558884405875164
408,etanercept,100.0,1.51,1.5847139264481545,0.17897694729316943,0.1999508745170091,0.020973927223839672
408,etanercept,1000.0,1.51,1.6005337381791298,0.17897694729316943,0.2042648332134183,0.02528788592024886
408,etanercept,10000.0,1.51,1.5928451213224095,0.17897694729316943,0.20217354967115123,0.023196602377981795
408,etanercept,100000.0,1.51,1.5494452492604445,0.17897694729316943,0.1901762347449247,0.011199287451755274
408,etanercept,15000000.0,1.5,1.3276825568039865,0.17609125905568124,0.12309424949859689,-0.05299700955708435
409,etanercept,100.0,1.66,1.8502808615994353,0.22010808804005508,0.2672376567190578,0.047129568679002726
409,etanercept,1000.0,1.66,1.8247375434966144,0.22010808804005508,0.26120040763741154,0.04109231959735646
409,etanercept,10000.0,1.66,1.751065078888297,0.22010808804005508,0.24330228707537085,0.023194199035315777
409,etanercept,100000.0,1.66,1.6456738500533905,0.22010808804005508,0.2163437682047948,-0.003764319835260266
409,etanercept,15000000.0,1.0,1.3480510944994857,0.0,0.1297063533555678,0.1297063533555678
410,etanercept,100.0,68.89,84.61002163585366,1.8381561847521477,1.9274218061050299,0.08926562135288219
410,etanercept,1000.0,66.89,71.66697021939545,1.8253611959526332,1.855319044698211,0.02995784874557783
410,etanercept,10000.0,56.91,57.67168590052076,1.755188585608325,1.7609626472075217,0.0057740615991968
410,etanercept,100000.0,34.9,41.26147720309167,1.54282542695918,1.615544772102167,0.07271934514298706
410,etanercept,15000000.0,8.1,9.901014436161088,0.9084850188786497,0.9956796937345824,0.08719467485593269
411,etanercept,100.0,4.09,5.203214371058925,0.6117233080073418,0.7162717190826776,0.10454841107533586
411,etanercept,1000.0,4.09,5.127645134473445,0.6117233080073418,0.7099179616213726,0.09819465361403079
411,etanercept,10000.0,4.09,4.819524168405326,0.6117233080073418,0.6830041624635644,0.07128085445622268
411,etanercept,100000.0,3.76,4.18967742595378,0.5751878449276611,0.6221805868037257,0.046992741876064614
411,etanercept,15000000.0,2.15,2.1307214698939143,0.33243845991560533,0.3285266820023073,-0.0039117779132980535
412,etanercept,100.0,6.99,4.8624463668255045,0.8444771757456814,0.6868548240571185,-0.15762235168856287
412,etanercept,1000.0,4.99,4.73457985448508,0.69810054562339,0.6752814458578729,-0.022819099765517104
412,etanercept,10000.0,4.39,4.376211461596139,0.6424645202421213,0.6410982992452777,-0.0013662209968435812
412,etanercept,100000.0,3.5,3.7305403371781067,0.5440680443502757,0.5717717402428287,0.02770369589255306
412,etanercept,15000000.0,2.1,1.9023289703233737,0.3222192947339193,0.2792856217718279,-0.042933672962091385
413,etanercept,100.0,5.83,5.948500158148401,0.7656685547590141,0.7744074774679001,0.008738922708885988
413,etanercept,1000.0,5.83,5.690092308195568,0.7656685547590141,0.7551193118458258,-0.010549242913188261
413,etanercept,10000.0,5.19,5.190458681324362,0.7151673578484579,0.7152057381887429,3.8380340285026904e-05
413,etanercept,100000.0,4.5,4.381630474597811,0.6532125137753437,0.6416357484848246,-0.011576765290519098
413,etanercept,15000000.0,1.35,2.143221471951411,0.13033376849500614,0.3310670516188633,0.20073328312385716
414,etanercept,100.0,6.56,7.202930486710053,0.8169038393756602,0.8575092235530446,0.04060538417738435
414,etanercept,1000.0,6.56,6.673861809866646,0.8169038393756602,0.8243772098354495,0.007473370459789241
414,etanercept,10000.0,4.99,5.788380357302693,0.69810054562339,0.7625570610873472,0.06445651546395725
414,etanercept,100000.0,4.59,4.510833417935646,0.6618126855372612,0.6542567891887867,-0.007555896348474533
414,etanercept,15000000.0,1.0,1.7707801919657513,0.0,0.24816465529456416,0.24816465529456416
415,etanercept,100.0,1.1,1.2060052221367457,0.04139268515822508,0.08134918835161356,0.03995650319338848
415,etanercept,1000.0,1.1,1.156587718301196,0.04139268515822508,0.06317857625882708,0.021785891100602008
415,etanercept,10000.0,1.1,1.115552792963272,0.04139268515822508,0.04749012786961285,0.00609744271138777
415,etanercept,100000.0,0.9,1.0632065982969048,-0.045757490560675115,0.02661766318960755,0.07237515375028267
415,etanercept,15000000.0,0.9,0.9195636630017229,-0.045757490560675115,-0.036418198418018057,0.009339292142657059
416,etanercept,100.0,1.21,1.2959050083631714,0.08278537031645007,0.11257316831261076,0.029787797996160686
416,etanercept,1000.0,1.21,1.2773280126447255,0.08278537031645007,0.10630243664416562,0.023517066327715552
416,etanercept,10000.0,1.21,1.261602627786416,0.08278537031645007,0.10092258491180364,0.01813721459535357
416,etanercept,100000.0,1.1,1.2072041029880523,0.04139268515822508,0.08178070282953001,0.040388017671304934
416,etanercept,15000000.0,1.0,1.0893436998980026,0.0,0.03716492605418864,0.03716492605418864
417,etanercept,100.0,1.84,1.878902449151882,0.2648178230095365,0.27390423252478335,0.009086409515246863
417,etanercept,1000.0,1.84,1.8386184404571957,0.2648178230095365,0.2644916115669623,-0.0003262114425741647
417,etanercept,10000.0,1.84,1.7711217969128186,0.2648178230095365,0.24824842788026982,-0.016569395129266667
417,etanercept,100000.0,1.38,1.6462867045199054,0.13987908640123647,0.21650547082041233,0.07662638441917585
417,etanercept,15000000.0,1.12,1.3091474346753316,0.04921802267018165,0.11698855904907988,0.06777053637889824
418,etanercept,100.0,24.96,26.070392395245705,1.3972445810103864,1.4161475679465199,0.01890298693613346
418,etanercept,1000.0,19.96,22.47898307753716,1.3001605369513523,1.3517766603755064,0.051616123424154114
418,etanercept,10000.0,18.98,18.60723363353431,1.2782962080912739,1.2696818106914942,-0.00861439739977965
418,etanercept,100000.0,11.94,13.961388624608256,1.0770043267933502,1.1449286161390404,0.06792428934569017
418,etanercept,15000000.0,4.3,4.990056924339024,0.6334684555795865,0.6981054998889842,0.06463704430939765
419,etanercept,100.0,47.93,55.61104265107931,1.6806074289917878,1.7451610377376687,0.0645536087458809
419,etanercept,1000.0,39.94,46.91963470152226,1.6014080605346837,1.6713546222045592,0.06994656166987556
419,etanercept,10000.0,32.95,37.08262163753481,1.5178554189300286,1.5691704299618707,0.051315011031842106
419,etanercept,100000.0,22.97,26.559520058976453,1.361160995195026,1.4242202228939689,0.06305922769894279
419,etanercept,15000000.0,6.0,7.393119120928456,0.7781512503836436,0.8688277037824125,0.09067645339876884
420,etanercept,100.0,99.84,116.62610052295553,1.9993045723383487,2.0667957549221168,0.06749118258376807
420,etanercept,1000.0,99.84,99.30231610833646,1.9993045723383487,1.9969593780154167,-0.0023451943229320094
420,etanercept,10000.0,89.85,83.69061749357003,1.9535180814449926,1.9226767722206135,-0.03084130922437911
420,etanercept,100000.0,55.11,62.76853885765169,1.7412304110254708,1.7977420191486415,0.05651160812317069
420,etanercept,15000000.0,10.5,13.667639405002134,1.021189299069938,1.1356935122335723,0.11450421316363424
421,belatacept,100.0,7.29,7.286252433842799,0.8627275283179746,0.862504213395859,-0.00022331492211558057
421,belatacept,1000.0,7.29,7.199946848748214,0.8627275283179746,0.8573292904061908,-0.005398237911783843
421,belatacept,10000.0,7.29,7.020230819958316,0.8627275283179746,0.8463513916435119,-0.016376136674462693
421,belatacept,100000.0,6.43,6.0250164214784485,0.8082109729242221,0.7799582349394796,-0.028252737984742482
421,belatacept,15000000.0,3.2,3.458724923283763,0.505149978319906,0.5389160234048187,0.033766045084912655
422,pembrolizumab,100.0,5.63,5.215492299286629,0.7505083948513462,0.7172953085003637,-0.033213086350982524
422,pembrolizumab,1000.0,5.0,4.887203114269954,0.6989700043360189,0.689060388869293,-0.009909615466725863
422,pembrolizumab,10000.0,4.75,4.293711299114466,0.6766936096248666,0.6328328399566321,-0.04386076966823449
422,pembrolizumab,100000.0,4.14,3.527156445244922,0.617000341120899,0.5474247230073739,-0.06957561811352508
422,pembrolizumab,15000000.0,2.0,2.004822041962494,0.3010299956639812,0.3020758285154268,0.001045832851445605
423,pembrolizumab,100.0,25.63,24.413107776438025,1.408748606184244,1.387623068407231,-0.02112553777701298
423,pembrolizumab,1000.0,21.0,22.438287920019334,1.3222192947339193,1.3509897164319664,0.02877042169804711
423,pembrolizumab,10000.0,18.38,20.272057846411876,1.2643455070500924,1.3068978368024695,0.042552329752377105
423,pembrolizumab,100000.0,14.61,15.67228239197654,1.1646502159342969,1.1951322484188027,0.030482032484505872
423,pembrolizumab,15000000.0,8.3,5.436726053452751,0.919078092376074,0.7353374502591721,-0.1837406421169019
424,pembrolizumab,100.0,27.0,19.68662047206715,1.4313637641589874,1.2941711688398136,-0.13719259531917372
424,pembrolizumab,1000.0,20.13,17.924522227813817,1.3038437748886544,1.2534475885189518,-0.05039618636970267
424,pembrolizumab,10000.0,15.88,15.496071166617897,1.2008504980910775,1.190221602238576,-0.010628895852501374
424,pembrolizumab,100000.0,10.81,11.634670220470701,1.0338256939533104,1.0657540779141477,0.0319283839608373
424,pembrolizumab,15000000.0,2.2,4.529790286264409,0.3424226808222063,0.6560780961350389,0.3136554153128326
425,pembrolizumab,100.0,43.75,51.910439740107826,1.6409780573583321,1.7152547078596507,0.0742766505013186
425,pembrolizumab,1000.0,43.75,47.31217106750508,1.6409780573583321,1.6749728774715922,0.03399482011326005
425,pembrolizumab,10000.0,43.75,42.27505834053293,1.6409780573583321,1.6260842156063622,-0.01489384175196995
425,pembrolizumab,100000.0,40.25,35.88840999971767,1.6047658847038873,1.5549542177747222,-0.049811666929165055
425,pembrolizumab,15000000.0,14.0,11.78951763239889,1.146128035678238,1.071496036318755,-0.07463199935948306
426,pembrolizumab,100.0,1.63,1.8285072676482998,0.21218760440395779,0.26209669083937925,0.04990908643542147
426,pembrolizumab,1000.0,1.63,1.7426247866530788,0.21218760440395779,0.24120388703657294,0.02901628263261516
426,pembrolizumab,10000.0,1.5,1.6234508345166012,0.17609125905568124,0.21043914074676967,0.03434788169108843
426,pembrolizumab,100000.0,1.5,1.511288838473794,0.17609125905568124,0.17934747490645697,0.0032562158507757344
426,pembrolizumab,15000000.0,1.5,1.2121589246927493,0.17609125905568124,0.08355956338829493,-0.09253169566738631
427,pembrolizumab,100.0,5.75,6.061615648611757,0.7596678446896304,0.7825883954134988,0.022920550723868338
427,pembrolizumab,1000.0,5.63,5.51791439241872,0.7505083948513462,0.7417749583416873,-0.008733436509658965
427,pembrolizumab,10000.0,5.13,4.826749395001606,0.7101173651118162,0.6836547508192544,-0.026462614292561804
427,pembrolizumab,100000.0,4.14,4.010657886337847,0.617000341120899,0.6032156177501794,-0.013784723370719565
427,pembrolizumab,15000000.0,2.5,2.1915676831500535,0.3979400086720376,0.3407548877048678,-0.05718512096716982
428,pembrolizumab,100.0,4.25,4.003576527333489,0.6283889300503115,0.6024481343496217,-0.025940795700689745
428,pembrolizumab,1000.0,3.38,3.5229093951778787,0.5289167002776547,0.5469014738141456,0.01798477353649086
428,pembrolizumab,10000.0,2.88,3.0387580397563294,0.45939248775923086,0.48269612088214187,0.023303633122911005
428,pembrolizumab,100000.0,2.19,2.507999295023954,0.34044411484011833,0.399327410082423,0.05888329524230468
428,pembrolizumab,15000000.0,1.1,1.5789338654634066,0.04139268515822508,0.19836393971962224,0.15697125456139716
429,pembrolizumab,100.0,6.75,5.257927479379264,0.829303772831025,0.7208145917508288,-0.10848918108019612
429,pembrolizumab,1000.0,5.0,4.7331965032889,0.6989700043360189,0.6751545350030728,-0.023815469332946093
429,pembrolizumab,10000.0,4.38,4.101962183800489,0.6414741105040995,0.6129916522677259,-0.02848245823637363
429,pembrolizumab,100000.0,3.45,3.262350938059947,0.5378190950732742,0.5135306772024395,-0.02428841787083469
429,pembrolizumab,15000000.0,1.9,1.8169583781360559,0.2787536009528289,0.25934497884745367,-0.01940862210537525
430,pembrolizumab,100.0,5.0,3.737355463106661,0.6989700043360189,0.5725644059374376,-0.12640559839858123
430,pembrolizumab,1000.0,4.0,3.5776204039540715,0.6020599913279624,0.5535942587540854,-0.048465732573876985
430,pembrolizumab,10000.0,3.5,3.2410663744131742,0.5440680443502757,0.510687925122371,-0.033380119227904625
430,pembrolizumab,100000.0,2.76,2.8192728476683167,0.4409090820652177,0.4501371086855665,0.009228026620348828
430,pembrolizumab,15000000.0,1.6,1.9623526201389623,0.2041199826559248,0.29277704953760386,0.08865706688167907
431,pembrolizumab,100.0,3.75,5.407951419870391,0.5740312677277188,0.7330327816434571,0.15900151391573825
431,pembrolizumab,1000.0,3.25,4.905307475402286,0.5118833609788743,0.6906662350972756,0.17878287411840132
431,pembrolizumab,10000.0,3.0,4.24473507058268,0.47712125471966244,0.6278505895211877,0.15072933480152523
431,pembrolizumab,100000.0,2.65,3.6177040586209923,0.42324587393680785,0.5584330371051487,0.13518716316834084
431,pembrolizumab,15000000.0,2.3,2.1672446999337485,0.36172783601759284,0.335907949543739,-0.02581988647385386
432,pembrolizumab,100.0,6.63,6.4546358711880645,0.8215135284047731,0.809871747207515,-0.011641781197258116
432,pembrolizumab,1000.0,6.25,6.25843585371306,0.7958800173440752,0.7964658052580911,0.0005857879140158673
432,pembrolizumab,10000.0,6.25,6.101758343614691,0.7958800173440752,0.7854550036812047,-0.01042501366287052
432,pembrolizumab,100000.0,5.75,5.831919470208773,0.7596678446896304,0.7658115184159842,0.0061436737263537156
432,pembrolizumab,15000000.0,5.2,4.638739702553101,0.7160033436347992,0.6664000032761432,-0.04960334035865599
433,pembrolizumab,100.0,7.25,6.703640597569841,0.8603380065709937,0.8263107224067875,-0.034027284164206195
433,pembrolizumab,1000.0,6.25,6.247584798068285,0.7958800173440752,0.7957121594896767,-0.0001678578543985454
433,pembrolizumab,10000.0,5.63,5.615604978794044,0.7505083948513462,0.7493965504102555,-0.0011118444410906925
433,pembrolizumab,100000.0,4.72,4.8806441438802874,0.6739419986340878,0.6884771436567004,0.014535145022612661
433,pembrolizumab,15000000.0,3.2,3.7278535235754497,0.505149978319906,0.5714588395315502,0.06630886121164414
434,pembrolizumab,100.0,6.38,5.345007370873662,0.8048206787211624,0.727948308446116,-0.07687237027504634
434,pembrolizumab,1000.0,5.13,4.829102733743558,0.7101173651118162,0.6838664446265514,-0.026250920485264784
434,pembrolizumab,10000.0,4.5,4.23450245399174,0.6532125137753437,0.6268023888863324,-0.02641012488901129
434,pembrolizumab,100000.0,3.68,3.534018901596236,0.5658478186735176,0.5482688679882303,-0.017578950685287364
434,pembrolizumab,15000000.0,2.2,2.0339185498121575,0.3424226808222063,0.30833355720255645,-0.03408912361964983
435,pembrolizumab,100.0,4.63,3.891990499704737,0.6655809910179531,0.590171771490753,-0.07540921952720014
435,pembrolizumab,1000.0,3.5,3.2925480763406445,0.5440680443502757,0.5175321250573647,-0.026535919292910992
435,pembrolizumab,10000.0,3.0,2.731381371337796,0.47712125471966244,0.43638234309253005,-0.04073891162713239
435,pembrolizumab,100000.0,2.3,2.288146843509125,0.36172783601759284,0.35948389218362753,-0.0022439438339653117
435,pembrolizumab,15000000.0,1.9,1.6210563320905729,0.2787536009528289,0.20979810694660725,-0.06895549400622167
436,pembrolizumab,100.0,7.0,4.906375604117856,0.8450980400142568,0.6907607922502549,-0.15433724776400193
436,pembrolizumab,1000.0,5.5,4.153251809051817,0.7403626894942439,0.618388262910128,-0.12197442658411584
436,pembrolizumab,10000.0,4.63,3.5607131850579745,0.6655809910179531,0.5515369927241706,-0.11404399829378253
436,pembrolizumab,100000.0,3.57,2.997955760761641,0.5526682161121932,0.476825219906904,-0.07584299620528917
436,pembrolizumab,15000000.0,2.0,2.1516023393703176,0.3010299956639812,0.3327620078049498,0.0317320121409686
437,pembrolizumab,100.0,5.13,5.094342547266494,0.7101173651118162,0.7070881438835714,-0.003029221228244783
437,pembrolizumab,1000.0,4.0,4.232428496661375,0.6020599913279624,0.6265896298010053,0.024529638473042903
437,pembrolizumab,10000.0,3.5,3.5467564506916998,0.5440680443502757,0.5498313672844117,0.0057633229341360614
437,pembrolizumab,100000.0,2.88,3.016882505457922,0.45939248775923086,0.47955839661021865,0.02016590885098779
437,pembrolizumab,15000000.0,2.0,2.1858996356198603,0.3010299956639812,0.3396302176790493,0.038600222015068075
438,pembrolizumab,100.0,7.25,13.566771311481233,0.8603380065709937,1.132476504369704,0.27213849779871035
438,pembrolizumab,1000.0,6.5,12.608793737053334,0.8129133566428556,1.1006735403082346,0.28776018366537903
438,pembrolizumab,10000.0,6.13,11.58572706648191,0.787460474518415,1.063923293288102,0.2764628187696869
438,pembrolizumab,100000.0,5.18,9.176397980748586,0.714329759745233,0.9626722406707726,0.24834248092553957
438,pembrolizumab,15000000.0,3.8,4.351319337456149,0.5797835966168101,0.6386209567484602,0.058837360131650085
439,pembrolizumab,100.0,7.75,7.498673419515037,0.8893017025063102,0.8749844397193914,-0.014317262786918805
439,pembrolizumab,1000.0,6.88,6.58347726670858,0.8375884382355113,0.8184553402484839,-0.019133097987027448
439,pembrolizumab,10000.0,6.0,5.764744259901307,0.7781512503836436,0.7607800455462014,-0.017371204837442256
439,pembrolizumab,100000.0,4.83,4.839199586172338,0.6839471307515121,0.6847735343602883,0.0008264036087761717
439,pembrolizumab,15000000.0,2.8,2.779584447711273,0.4471580313422192,0.44397987305631575,-0.003178158285903454
440,pembrolizumab,100.0,9.5,8.037691343095709,0.9777236052888477,0.9051313247517484,-0.07259228053709932
440,pembrolizumab,1000.0,7.5,7.169406718469484,0.8750612633917001,0.8554832184913013,-0.019578044900398828
440,pembrolizumab,10000.0,6.25,6.277826162243829,0.7958800173440752,0.7978092855877377,0.001929268243662463
440,pembrolizumab,100000.0,4.83,5.135272028280516,0.6839471307515121,0.7105634542141145,0.026616323462602343
440,pembrolizumab,15000000.0,2.4,3.0502361043715482,0.38021124171160603,0.4843334573327174,0.10412221562111135
441,pembrolizumab,100.0,6.0,6.111427247519884,0.7781512503836436,0.7861426461407451,0.007991395757101505
441,pembrolizumab,1000.0,5.63,5.725218730551064,0.7505083948513462,0.7577920834410482,0.007283688589701964
441,pembrolizumab,10000.0,5.25,5.311823065898645,0.7201593034059569,0.7252436004744867,0.005084297068529753
441,pembrolizumab,100000.0,4.6,4.72159401841439,0.6627578316815741,0.67408864196712,0.011330810285545945
441,pembrolizumab,15000000.0,3.6,3.3967674400751364,0.5563025007672873,0.5310658138851972,-0.02523668688209002
442,pembrolizumab,100.0,6.88,6.734341359372136,0.8375884382355113,0.8282951267141192,-0.009293311521392122
442,pembrolizumab,1000.0,6.0,6.265431712942713,0.7781512503836436,0.7969510009629253,0.018799750579281627
442,pembrolizumab,10000.0,5.63,5.470972050694174,0.7505083948513462,0.7380644961226899,-0.012443898728656366
442,pembrolizumab,100000.0,4.83,4.779035108840722,0.6839471307515121,0.6793402210459631,-0.0046069097055490005
442,pembrolizumab,15000000.0,3.7,3.4318770262522915,0.568201724066995,0.5355317174701133,-0.032670006596881684
443,none,100.0,1.0,0.9733505519344181,0.0,-0.01173072052059932,-0.01173072052059932
443,none,1000.0,1.0,1.0012541138633737,0.0,0.0005443134862937049,0.0005443134862937049
443,none,10000.0,1.0,1.018176946223339,0.0,0.007823259425599131,0.007823259425599131
443,none,100000.0,1.0,1.0192409645820473,0.0,0.008276870185954,0.008276870185954
443,none,15000000.0,1.0,0.9367976713553553,0.0,-0.028354197481782573,-0.028354197481782573
444,adalimumab,100.0,10.31,8.94085343532765,1.0132586652835165,0.9513789756821991,-0.0618796896013174
444,adalimumab,1000.0,8.75,8.303743241059971,0.9420080530223133,0.9192739119500963,-0.02273414107221694
444,adalimumab,10000.0,7.88,7.499981933427617,0.8965262174895553,0.8750602172287476,-0.021466000260807694
444,adalimumab,100000.0,7.25,6.283136402137985,0.8603380065709937,0.7981764880229308,-0.062161518548062844
444,adalimumab,15000000.0,1.35,2.849600280060343,0.13033376849500614,0.4547839448018801,0.324450176306874
445,adalimumab,100.0,7.5,10.533822136750311,0.8750612633917001,1.0225859810349414,0.14752471764324127
445,adalimumab,1000.0,6.38,9.387163603307606,0.8048206787211624,0.9725343869927918,0.16771370827162946
445,adalimumab,10000.0,5.75,7.647951862539045,0.7596678446896304,0.8835451457560852,0.12387730106645478
445,adalimumab,100000.0,4.83,5.674803144164959,0.6839471307515121,0.7539508006870579,0.07000366993554574
445,adalimumab,15000000.0,3.0,2.8006836711485046,0.47712125471966244,0.44726405932956526,-0.02985719539009718
446,adalimumab,100.0,8.38,8.76901037209196,0.9232440186302765,0.94295058376619,0.019706565135913512
446,adalimumab,1000.0,8.38,8.335713401814854,0.9232440186302765,0.9209427743155698,-0.0023012443147066852
446,adalimumab,10000.0,8.38,7.926964311554743,0.9232440186302765,0.899106902935454,-0.024137115694822464
446,adalimumab,100000.0,7.71,6.835689705698183,0.887054378050957,0.8347823404498729,-0.05227203760108412
446,adalimumab,15000000.0,1.4,2.6937188161870216,0.146128035678238,0.43035225992752946,0.28422422424929145
447,adalimumab,100.0,8.13,8.911527714162743,0.9100905455940682,0.9499521620567563,0.03986161646268804
447,adalimumab,1000.0,7.38,8.327985214724974,0.8680563618230416,0.9205399454687313,0.052483583645689724
447,adalimumab,10000.0,7.38,7.468420694307792,0.8680563618230416,0.8732287736678381,0.005172411844796554
447,adalimumab,100000.0,6.79,6.414457038898531,0.8318697742805017,0.8071599007748593,-0.024709873505642355
447,adalimumab,15000000.0,2.7,3.593760189130092,0.43136376415898736,0.5555490933593965,0.12418532920040914
448,adalimumab,100.0,11.38,9.301126069736986,1.0561422620590524,0.9685355309483316,-0.08760673111072081
448,adalimumab,1000.0,8.75,8.488051317237371,0.9420080530223133,0.928807996567842,-0.01320005645447131
448,adalimumab,10000.0,7.63,7.522021964781142,0.8825245379548805,0.8763345972556595,-0.006189940699220964
448,adalimumab,100000.0,6.1,6.46481850069991,0.785329835010767,0.8105563366021856,0.025226501591418593
448,adalimumab,15000000.0,3.6,3.2301794653963816,0.5563025007672873,0.5092266519491045,-0.04707584881818272
449,adalimumab,100.0,5.13,5.180244842182876,0.7101173651118162,0.7143502869838456,0.004232921872029394
449,adalimumab,1000.0,4.25,4.772710376060058,0.6283889300503115,0.6787650807321974,0.050376150681885945
449,adalimumab,10000.0,4.0,4.362681427803823,0.6020599913279624,0.6397535010459032,0.03769350971794083
449,adalimumab,100000.0,3.45,3.85610692195692,0.5378190950732742,0.586149067495341,0.048329972422066825
449,adalimumab,15000000.0,2.6,2.5195740320002074,0.414973347970818,0.4013271236430942,-0.013646224327723777
450,adalimumab,100.0,9.25,7.659915529864059,0.9661417327390326,0.8842239804529438,-0.08191775228608877
450,adalimumab,1000.0,6.5,6.691848410509498,0.8129133566428556,0.8255460943906403,0.012632737747784728
450,adalimumab,10000.0,5.63,5.6953414800101365,0.7505083948513462,0.755519768527154,0.005011373675807729
450,adalimumab,100000.0,4.49,4.7432763453590265,0.6522463410033232,0.6760784275758407,0.023832086572517452
450,adalimumab,15000000.0,2.6,2.938820471677354,0.414973347970818,0.4681730564566535,0.05319970848583555
451,adalimumab,100.0,4.0,4.3277921595201665,0.6020599913279624,0.6362663957812952,0.034206404453332784
451,adalimumab,1000.0,3.88,4.084742757623008,0.5888317255942073,0.6111647114283869,0.02233298583417964
451,adalimumab,10000.0,3.88,3.7830169264346063,0.5888317255942073,0.5778382844703022,-0.010993441123905101
451,adalimumab,100000.0,3.57,3.3303091804916467,0.5526682161121932,0.5224845545718716,-0.030183661540321594
451,adalimumab,15000000.0,2.2,2.5857663944393257,0.3424226808222063,0.41258928690608837,0.07016660608388209
452,adalimumab,100.0,3.75,4.073859850793982,0.5740312677277188,0.6100060842925784,0.03597481656485957
452,adalimumab,1000.0,3.75,3.918325065883859,0.5740312677277188,0.5931004624048923,0.019069194677173495
452,adalimumab,10000.0,3.75,3.787659249648647,0.5740312677277188,0.5783709015208466,0.0043396337931277396
452,adalimumab,100000.0,3.45,3.638464057761669,0.5378190950732742,0.5609180891398746,0.02309899406660043
452,adalimumab,15000000.0,3.45,3.191867596062063,0.5378190950732742,0.5040448678001652,-0.03377422727310897
453,adalimumab,100.0,3.88,3.615620495236942,0.5888317255942073,0.5581828395373005,-0.030648886056906743
453,adalimumab,1000.0,3.5,3.4527317974994425,0.5440680443502757,0.5381628443819331,-0.0059051999683426
453,adalimumab,10000.0,3.38,3.3124809962757444,0.5289167002776547,0.5201533954018441,-0.008763304875810562
453,adalimumab,100000.0,2.99,3.113104220580312,0.4756711883244297,0.49319366024733174,0.017522471922902072
453,adalimumab,15000000.0,2.6,2.4637795666142988,0.414973347970818,0.39160184907456863,-0.023371498896249343
454,adalimumab,100.0,3.63,4.1767494524122855,0.5599066250361125,0.620838424343807,0.060931799307694434
454,adalimumab,1000.0,3.63,3.928147850676078,0.5599066250361125,0.5941878257351627,0.03428120069905016
454,adalimumab,10000.0,3.63,3.705326313830958,0.5599066250361125,0.568826460643489,0.008919835607376414
454,adalimumab,100000.0,3.34,3.4330005829782864,0.5237464668115644,0.5356738771758903,0.011927410364325874
454,adalimumab,15000000.0,2.3,2.4303027380201345,0.36172783601759284,0.38566037617539994,0.023932540157807103
455,adalimumab,100.0,5.75,6.116935170815443,0.7596678446896304,0.7865338777339776,0.026866033044347204
455,adalimumab,1000.0,5.75,5.809280394106594,0.7596678446896304,0.764122338892205,0.004454494202574599
455,adalimumab,10000.0,5.75,5.467137294855896,0.7596678446896304,0.7377599803575553,-0.021907864332075144
455,adalimumab,100000.0,5.29,4.983464764157913,0.7234556720351858,0.6975313919065054,-0.02592428012868042
455,adalimumab,15000000.0,2.6,3.215239825279566,0.414973347970818,0.5072133725669214,0.09224002459610348
456,adalimumab,100.0,6.63,6.5544169038844755,0.8215135284047731,0.8165340619011202,-0.004979466503652885
456,adalimumab,1000.0,5.25,6.0871933046991415,0.7201593034059569,0.7844170934124751,0.06425779000651821
456,adalimumab,10000.0,4.5,5.587667635806074,0.6532125137753437,0.74723056561891,0.09401805184356626
456,adalimumab,100000.0,3.68,5.056005884916408,0.5658478186735176,0.703807570769826,0.1379597520963084
456,adalimumab,15000000.0,2.2,3.3923863527622866,0.3424226808222063,0.5305053074165355,0.18808262659432917
457,adalimumab,100.0,6.38,5.739476702213132,0.8048206787211624,0.7588722973280445,-0.045948381393117854
457,adalimumab,1000.0,5.38,5.19660842304565,0.7307822756663892,0.7157199929210781,-0.015062282745311073
457,adalimumab,10000.0,4.75,4.56827153936792,0.6766936096248666,0.6597519105933519,-0.016941699031514657
457,adalimumab,100000.0,3.91,3.8992319060895615,0.5921767573958668,0.590979065539342,-0.0011976918565248518
457,adalimumab,15000000.0,2.6,2.653806627589247,0.414973347970818,0.4238692743571528,0.008895926386334851
458,adalimumab,100.0,5.25,5.849692164654342,0.7201593034059569,0.7671330122856697,0.04697370887971275
458,adalimumab,1000.0,5.0,5.4980008723915414,0.6989700043360189,0.7402048044188361,0.04123480008281721
458,adalimumab,10000.0,5.0,5.1505757555730725,0.6989700043360189,0.7118557792338218,0.01288577489780296
458,adalimumab,100000.0,5.0,4.865211526085414,0.6989700043360189,0.687101726950647,-0.011868277385371884
458,adalimumab,15000000.0,5.0,3.9512213355856978,0.6989700043360189,0.5967313582390658,-0.1022386460969531
459,adalimumab,100.0,2.5,2.344076581093431,0.3979400086720376,0.369971795999213,-0.02796821267282462
459,adalimumab,1000.0,2.13,2.2092514863736397,0.3283796034387377,0.34424515585682297,0.015865552418085294
459,adalimumab,10000.0,2.0,2.063906592480696,0.3010299956639812,0.3146900382612992,0.013660042597318012
459,adalimumab,100000.0,1.73,1.9179974318551818,0.2380461031287954,0.28284802132689196,0.04480191819809656
459,adalimumab,15000000.0,1.5,1.6821494823211944,0.17609125905568124,0.22586458626727923,0.049773327211597995
460,adalimumab,100.0,4.88,5.629936197279543,0.6884198220027106,0.7505034731237379,0.06208365112102732
460,adalimumab,1000.0,4.88,5.239282373650964,0.6884198220027106,0.7192718055893278,0.030851983586617227
460,adalimumab,10000.0,4.75,4.7823804441473845,0.6766936096248666,0.6796441218052246,0.0029505121803580225
460,adalimumab,100000.0,4.37,4.377141578240291,0.6404814369704218,0.641190594055224,0.0007091570848022366
460,adalimumab,15000000.0,3.8,3.0571811699925364,0.5797835966168101,0.48532117598374624,-0.09446242063306387
461,adalimumab,100.0,5.63,4.66145408839808,0.7505083948513462,0.6685214111239414,-0.08198698372740487
461,adalimumab,1000.0,4.25,4.293370596494714,0.6283889300503115,0.6327983776632466,0.004409447612935158
461,adalimumab,10000.0,3.88,3.8456103682072738,0.5888317255942073,0.5849652800299768,-0.0038664455642304363
461,adalimumab,100000.0,3.34,3.3849249978377705,0.5237464668115644,0.529549050159699,0.005802583348134549
461,adalimumab,15000000.0,2.4,2.4781194821268233,0.38021124171160603,0.3941222419824987,0.013911000270892648
462,adalimumab,100.0,3.5,2.9757946577976515,0.5440680443502757,0.47360295978305766,-0.070465084567218
462,adalimumab,1000.0,2.63,2.6480541742560004,0.41995574848975786,0.4229268657147074,0.0029711172249495266
462,adalimumab,10000.0,2.13,2.241881891247827,0.3283796034387377,0.3506127289857758,0.0222331255470381
462,adalimumab,100000.0,1.73,1.898317475143559,0.2380461031287954,0.27836884569559084,0.04032274256679544
462,adalimumab,15000000.0,1.5,1.3772373765078045,0.17609125905568124,0.1390088004041336,-0.037082458651547634
463,vudalimab,100.0,16.25,12.55049980942283,1.2108533653148932,1.098661021446707,-0.11219234386818622
463,vudalimab,1000.0,11.0,10.89498936993636,1.0413926851582251,1.0372268108484302,-0.004165874309794981
463,vudalimab,10000.0,9.63,9.205919264867038,0.9836262871245346,0.9640671618487995,-0.019559125275735112
463,vudalimab,100000.0,7.71,7.900466238976608,0.887054378050957,0.897652721548661,0.010598343497704055
463,vudalimab,15000000.0,4.6,5.579421894693111,0.6627578316815741,0.7465892023513157,0.08383137066974156
464,vudalimab,100.0,4.5,4.671159781105825,0.6532125137753437,0.6694247229644581,0.016212209189114368
464,vudalimab,1000.0,4.25,4.512763518598862,0.6283889300503115,0.6544425758736822,0.026053645823370664
464,vudalimab,10000.0,4.25,4.351944266824549,0.6283889300503115,0.6386833249333347,0.010294394883023195
464,vudalimab,100000.0,4.25,4.18314349469775,0.6283889300503115,0.6215027624736584,-0.006886167576653057
464,vudalimab,15000000.0,4.25,3.579865470237805,0.6283889300503115,0.5538667063558402,-0.07452222369447126
465,vudalimab,100.0,4.13,3.137945465496126,0.615950051656401,0.49664539169199257,-0.11930465996440848
465,vudalimab,1000.0,2.88,2.954047831988376,0.45939248775923086,0.47041752313585944,0.011025035376628578
465,vudalimab,10000.0,2.5,2.6294474355323176,0.3979400086720376,0.4198644933900408,0.02192448471800318
465,vudalimab,100000.0,2.07,2.2715733218448486,0.3159703454569177,0.3563267595343986,0.04035641407748086
465,vudalimab,15000000.0,1.3,1.754285876779238,0.11394335230683679,0.24410036701811208,0.13015701471127528
466,vudalimab,100.0,3.38,3.519717339603907,0.5289167002776547,0.5465077876885447,0.017591087410889994
466,vudalimab,1000.0,3.25,3.3375655353805707,0.5118833609788743,0.523429802125356,0.011546441146481623
466,vudalimab,10000.0,3.13,3.0996044264933125,0.49554433754644844,0.49130627243008096,-0.004238065116367484
466,vudalimab,100000.0,2.76,2.809849358277411,0.4409090820652177,0.4486830371212508,0.007773955056033122
466,vudalimab,15000000.0,2.3,2.2426021051700467,0.36172783601759284,0.35075222549647755,-0.010975610521115287
467,vudalimab,100.0,1.5,2.9162284567014027,0.17609125905568124,0.46482154351367827,0.28873028445799703
467,vudalimab,1000.0,1.5,2.6707754613562624,0.17609125905568124,0.4266373773538196,0.2505461182981384
467,vudalimab,10000.0,1.5,2.4698307477287424,0.17609125905568124,0.3926671929981348,0.21657593394245356
467,vudalimab,100000.0,1.5,2.281396900410592,0.17609125905568124,0.3582008471632545,0.18210958810757327
467,vudalimab,15000000.0,1.5,1.866942539066707,0.17609125905568124,0.27113095139831056,0.09503969234262932
468,vudalimab,100.0,2.88,2.5928265119029597,0.45939248775923086,0.4137734587501232,-0.04561902900910764
468,vudalimab,1000.0,2.38,2.187397687946516,0.37657695705651195,0.3399277487346257,-0.03664920832188623
468,vudalimab,10000.0,1.88,1.8374768980655658,0.2741578492636798,0.2642218875626452,-0.009935961701034612
468,vudalimab,100000.0,1.38,1.52532160082055,0.13987908640123647,0.18336142055930207,0.0434823341580656
468,vudalimab,15000000.0,1.0,1.1963900150491467,0.0,0.07787277979629723,0.07787277979629723
469,vudalimab,100.0,2.63,2.7881736408651543,0.41995574848975786,0.4453198171021923,0.025364068612434454
469,vudalimab,1000.0,2.63,2.6318056447500715,0.41995574848975786,0.42025381407216783,0.0002980655824099676
469,vudalimab,10000.0,2.5,2.492742863380218,0.3979400086720376,0.39667748156248483,-0.001262527109552769
469,vudalimab,100000.0,2.19,2.338049987813783,0.34044411484011833,0.36885379219776804,0.02840967735764971
469,vudalimab,15000000.0,1.9,2.0810492266927674,0.2787536009528289,0.3182823534591873,0.0395287525063584
470,vudalimab,100.0,3.13,2.850352211394432,0.49554433754644844,0.4548985280836001,-0.04064580946284835
470,vudalimab,1000.0,2.38,2.512227975136612,0.37657695705651195,0.4000590474263809,0.023482090369868924
470,vudalimab,10000.0,2.13,2.119901333430778,0.3283796034387377,0.3263156480307619,-0.0020639554079757705
470,vudalimab,100000.0,1.84,1.8052991767801374,0.2648178230095365,0.25654918411312866,-0.008268638896407832
470,vudalimab,15000000.0,1.3,1.381817408405358,0.11394335230683679,0.14045065970897044,0.026507307402133654
471,vudalimab,100.0,8.0,6.318227859250448,0.9030899869919435,0.8005952841570849,-0.10249470283485862
471,vudalimab,1000.0,5.38,5.7836386114624325,0.7307822756663892,0.7622011484028233,0.03141887273643407
471,vudalimab,10000.0,4.88,5.000558083035635,0.6884198220027106,0.6990184761075058,0.010598654104795213
471,vudalimab,100000.0,4.03,4.351416938929137,0.6053050461411095,0.6386306980021992,0.03332565186108971
471,vudalimab,15000000.0,2.7,3.3055045456890837,0.43136376415898736,0.5192377587338093,0.08787399457482192
472,vudalimab,100.0,6.25,5.702805517339016,0.7958800173440752,0.7560885611017301,-0.03979145624234515
472,vudalimab,1000.0,5.25,5.265100515718688,0.7201593034059569,0.7214066666905985,0.0012473632846415894
472,vudalimab,10000.0,5.0,4.860275388545593,0.6989700043360189,0.6866608775621577,-0.012309126773861201
472,vudalimab,100000.0,4.49,4.441594251504333,0.6522463410033232,0.6475388823571582,-0.004707458646165064
472,vudalimab,15000000.0,3.7,3.4971921415811353,0.568201724066995,0.5437194938294212,-0.024482230237573788
473,vudalimab,100.0,12.88,14.107402722840792,1.1099158630237933,1.1494470642882342,0.039531201264440874
473,vudalimab,1000.0,10.63,12.299519301964741,1.0265332645232967,1.089888138383816,0.06335487386051919
473,vudalimab,10000.0,9.88,10.394962733822258,0.9947569445876282,1.016822936714687,0.022065992127058842
473,vudalimab,100000.0,8.4,8.775393682378073,0.9242792860618817,0.9432666089269485,0.01898732286506677
473,vudalimab,15000000.0,6.1,5.80125507527301,0.785329835010767,0.7635219613731494,-0.021807873637617603
474,vudalimab,100.0,3.13,2.999112309806207,0.49554433754644844,0.47699272938601023,-0.018551608160438215
474,vudalimab,1000.0,2.5,2.7912254745989373,0.3979400086720376,0.4457949201213602,0.04785491144932258
474,vudalimab,10000.0,2.5,2.642049104234165,0.3979400086720376,0.4219408850043822,0.0240008763323446
474,vudalimab,100000.0,2.5,2.5215330392649777,0.3979400086720376,0.40166466302716125,0.0037246543551236466
474,vudalimab,15000000.0,2.5,2.2298244685602078,0.3979400086720376,0.34827067679877843,-0.04966933187325917
475,vudalimab,100.0,1.38,1.424869071309952,0.13987908640123647,0.15377495962874888,0.0138958732275124
475,vudalimab,1000.0,1.25,1.343897838904298,0.09691001300805642,0.12836625555822292,0.031456242550166505
475,vudalimab,10000.0,1.25,1.2781878830745588,0.09691001300805642,0.10659469622083032,0.009684683212773895
475,vudalimab,100000.0,1.13,1.205271201533649,0.05307844348341968,0.08108477975519916,0.02800633627177948
475,vudalimab,15000000.0,1.0,1.0876979735782957,0.0,0.03650831942674116,0.03650831942674116
476,vudalimab,100.0,3.38,3.323253814320431,0.5289167002776547,0.5215635118923904,-0.007353188385264331
476,vudalimab,1000.0,3.13,3.1909360844007293,0.49554433754644844,0.5039181052057097,0.008373767659261233
476,vudalimab,10000.0,3.13,3.0701163550287895,0.49554433754644844,0.48715483521313585,-0.008389502333312593
476,vudalimab,100000.0,2.88,2.875457056802092,0.45939248775923086,0.45870688605888754,-0.000685601700343319
476,vudalimab,15000000.0,2.5,2.514129773474745,0.3979400086720376,0.40038769118978434,0.002447682517746741
477,vudalimab,100.0,9.5,7.973296524537935,0.9777236052888477,0.9016379156769416,-0.0760856896119061
477,vudalimab,1000.0,7.63,7.410501562201558,0.8825245379548805,0.8698476031648604,-0.012676934790020078
477,vudalimab,10000.0,7.0,6.6646404165498145,0.8450980400142568,0.8237767224939165,-0.021321317520340277
477,vudalimab,100000.0,5.98,5.918365180620422,0.7767011839884109,0.7722017589042574,-0.004499425084153574
477,vudalimab,15000000.0,4.3,4.536421125813669,0.6334684555795865,0.6567133642551415,0.023244908675554954
478,vudalimab,100.0,4.25,4.053265630462107,0.6283889300503115,0.6078050661309654,-0.02058386391934608
478,vudalimab,1000.0,3.88,3.788200449039829,0.5888317255942073,0.5784329512205368,-0.010398774373670427
478,vudalimab,10000.0,3.75,3.578175883280818,0.5740312677277188,0.5536616842640408,-0.02036958346367801
478,vudalimab,100000.0,3.34,3.3168800149835764,0.5237464668115644,0.5207297616090131,-0.003016705202551373
478,vudalimab,15000000.0,2.8,2.893035491150471,0.4471580313422192,0.461353761513956,0.014195730171736809
479,vudalimab,100.0,13.13,9.935075477709312,1.1182647260894794,0.997171170834676,-0.12109355525480336
479,vudalimab,1000.0,9.25,8.895999265802153,0.9661417327390326,0.9491947383951218,-0.016946994343910782
479,vudalimab,10000.0,8.25,7.580400192340451,0.9164539485499251,0.8796921339615162,-0.03676181458840888
479,vudalimab,100000.0,6.67,6.214279403375254,0.8241258339165489,0.7933907758929124,-0.03073505802363652
479,vudalimab,15000000.0,4.0,4.043657060443147,0.6020599913279624,0.6067743162877575,0.004714324959795069
480,vudalimab,100.0,5.25,4.903714522517595,0.7201593034059569,0.6905251791073959,-0.02963412429856105
480,vudalimab,1000.0,4.75,4.732578938071599,0.6766936096248666,0.6750978666047717,-0.0015957430200949085
480,vudalimab,10000.0,4.63,4.545529453011329,0.6655809910179531,0.6575844761453058,-0.007996514872647298
480,vudalimab,100000.0,4.26,4.323746985759639,0.6294095991027189,0.635860272260137,0.0064506731574180964
480,vudalimab,15000000.0,3.7,3.6495094054730473,0.568201724066995,0.5622344872466122,-0.005967236820382804
481,vudalimab,100.0,2.0,1.8811574311318613,0.3010299956639812,0.2744251424992446,-0.026604853164736597
481,vudalimab,1000.0,2.0,1.7309006143697623,0.3010299956639812,0.23827213207531606,-0.06275786358866514
481,vudalimab,10000.0,1.63,1.5547008056303524,0.21218760440395779,0.19164682360983046,-0.020540780794127328
481,vudalimab,100000.0,1.5,1.4213793088961597,0.17609125905568124,0.15270998910160563,-0.023381269954075606
481,vudalimab,15000000.0,1.4,1.1856821539559603,0.146128035678238,0.07396828322435699,-0.07215975245388102
482,vudalimab,100.0,2.38,1.585636848471863,0.37657695705651195,0.20020372978880863,-0.17637322726770333
482,vudalimab,1000.0,1.88,1.4292817451477515,0.2741578492636798,0.15511784691701783,-0.11904000234666198
482,vudalimab,10000.0,1.75,1.314306083816441,0.24303804868629444,0.11869651821648204,-0.1243415304698124
482,vudalimab,100000.0,1.5,1.2017711591586422,0.17609125905568124,0.07982177733693839,-0.09626948171874285
482,vudalimab,15000000.0,1.3,0.9947522612264909,0.11394335230683679,-0.0022850649615980758,-0.11622841726843487
483,vudalimab,100.0,1.5,1.6227227156705075,0.17609125905568124,0.21024431567199012,0.03415305661630888
483,vudalimab,1000.0,1.5,1.4877603088626288,0.17609125905568124,0.1725329682237709,-0.003558290831910338
483,vudalimab,10000.0,1.38,1.3867175778262066,0.13987908640123647,0.14198802064009153,0.0021089342388550536
483,vudalimab,100000.0,1.27,1.2933059205233277,0.10380372095595687,0.11170126570060987,0.007897544744652998
483,vudalimab,15000000.0,1.2,1.1037533857202952,0.07918124604762482,0.04287204876898744,-0.03630919727863738
484,vudalimab,100.0,4.25,3.980045030189574,0.6283889300503115,0.599887985704899,-0.028500944345412504
484,vudalimab,1000.0,3.75,3.60752578966191,0.5740312677277188,0.557209444482877,-0.016821823244841827
484,vudalimab,10000.0,3.63,3.3509639261022475,0.5599066250361125,0.5251697525804037,-0.03473687245570889
484,vudalimab,100000.0,3.22,3.155191035544971,0.5078558716958309,0.4990256593555381,-0.008830212340292798
484,vudalimab,15000000.0,2.7,2.6796284504640258,0.43136376415898736,0.4280745801856177,-0.003289183973369636
485,vudalimab,100.0,3.63,4.425834986742507,0.5599066250361125,0.6459952176158384,0.0860885925797259
485,vudalimab,1000.0,3.63,4.000297166864011,0.5599066250361125,0.602092254611841,0.04218562957572847
485,vudalimab,10000.0,3.63,3.639254123167031,0.5599066250361125,0.5610123827189083,0.0011057576827957494
485,vudalimab,100000.0,3.34,3.178198660916882,0.5237464668115644,0.5021810403362537,-0.02156542647531079
485,vudalimab,15000000.0,2.5,2.473493381988524,0.3979400086720376,0.3933107527152757,-0.004629255956761891
486,nivolumab,100.0,1.48,1.4731670624700117,0.17026171539495738,0.16825200019955097,-0.0020097151954064085
486,nivolumab,1000.0,1.48,1.4792436459391631,0.17026171539495738,0.17003971244998856,-0.00022200294496882433
486,nivolumab,10000.0,1.42992162383138,1.4407222525735197,0.1553122337794858,0.15858026408872267,0.0032680303092368634
486,nivolumab,100000.0,1.3209192384736852,1.38546612126685,0.12087626548929283,0.1415959104670403,0.02071964497774746
486,nivolumab,15000000.0,1.05,1.2079149865029846,0.021189299069938092,0.08203636955674914,0.06084707048681105
487,nivolumab,100.0,2.91,2.873808610158247,0.4638929889859073,0.4584578416270512,-0.005435147358856085
487,nivolumab,1000.0,2.761467213372999,2.8079042826688028,0.44113989125489206,0.44838229924933637,0.007242407994444311
487,nivolumab,10000.0,2.543790025335465,2.698706228266719,0.4054812600417564,0.4311556113491824,0.025674351307426013
487,nivolumab,100000.0,2.393708266764341,2.5880261674880325,0.37907121964817403,0.41296866316289343,0.033897443514719405
487,nivolumab,15000000.0,2.17,2.2137701767081728,0.3364597338485295,0.3451325324558794,0.008672798607349874
488,nivolumab,100.0,3.04,3.2307912704075763,0.48287358360875376,0.5093089007479373,0.026435317139183567
488,nivolumab,1000.0,3.0186446145934664,3.0696205840412616,0.4798119864891472,0.48708469846077146,0.007272711971624268
488,nivolumab,10000.0,2.7501273993667743,2.8850608885917435,0.4393528129431415,0.4601549832804366,0.02080217033729509
488,nivolumab,100000.0,2.512858220029287,2.65088831792374,0.4001679856097039,0.42339143126717566,0.023223445657471753
488,nivolumab,15000000.0,2.0,2.02276936682069,0.3010299956639812,0.30594636797737723,0.0049163723133960335
489,nivolumab,100.0,2.57,2.8635901523592455,0.4099331233312945,0.45691086024691624,0.04697773691562174
489,nivolumab,1000.0,2.470900147732846,2.768879274129812,0.3928551953556033,0.44230402049016043,0.04944882513455712
489,nivolumab,10000.0,2.3779344387421952,2.6905278665833965,0.37619987665567695,0.42983749452067466,0.05363761786499771
489,nivolumab,100000.0,2.3196476249520104,2.5970973396270782,0.36542201671763863,0.41448822736156354,0.04906621064392491
489,nivolumab,15000000.0,2.21,2.2299461546376595,0.3443922736851107,0.3482943764893858,0.0039021028042751094
490,nivolumab,100.0,3.27,3.5175544693451433,0.5145477526602861,0.5462408312106563,0.03169307855037018
490,nivolumab,1000.0,3.213736226723729,3.2755983434176965,0.5070102283764868,0.5152906428039802,0.008280414427493388
490,nivolumab,10000.0,2.953627106930759,2.9843614613528993,0.4703556651043599,0.47485142307810124,0.0044957579737413544
490,nivolumab,100000.0,2.5954413689699103,2.6314119529048092,0.41421122261173177,0.4201888430945807,0.005977620482848944
490,nivolumab,15000000.0,1.78,1.9628363065641916,0.250420002308894,0.29288408252400755,0.04246408021511355
491,nivolumab,100.0,2.96,2.960967546587465,0.4712917110589386,0.47143364737064924,0.00014193631171066645
491,nivolumab,1000.0,2.737572288520089,2.6461469230375463,0.4373655960092243,0.42261395402118124,-0.014751641988043074
491,nivolumab,10000.0,2.27857542117122,2.3682550932523596,0.35766340836563726,0.3744284799871573,0.016765071621520022
491,nivolumab,100000.0,1.9586604357601929,2.0486529616904376,0.29195915081962365,0.31146839588888786,0.019509245069264214
491,nivolumab,15000000.0,1.41,1.5056785027874797,0.14921911265537988,0.17773224983891045,0.028513137183530574
492,nivolumab,100.0,108.62763247668865,144.39827688558424,2.03594031425531,2.1595620107990814,0.12362169654377153
492,nivolumab,1000.0,110.48915866313888,129.7235179622187,2.043319666584374,2.1130187177596644,0.06969905117529063
492,nivolumab,10000.0,113.44864108990168,115.85343564277422,2.0547992981875334,2.063908917354087,0.009109619166553617
492,nivolumab,100000.0,112.93919802120152,102.4720630259024,2.0528446994961023,2.010605479758261,-0.04223921973784117
492,nivolumab,15000000.0,28.59806775862293,38.42495037514617,1.4563366908172841,1.58461331529178,0.12827662447449595
493,nivolumab,100.0,4.52,4.997286072694589,0.6551384348113821,0.6987342116071904,0.04359577679580828
493,nivolumab,1000.0,4.608759799705657,4.710494989053521,0.663584074064906,0.6730665461351255,0.009482472070219461
493,nivolumab,10000.0,4.520119365178778,4.497738978630068,0.6551499036065127,0.6529942480249307,-0.002155655581582039
493,nivolumab,100000.0,4.014935817598745,4.018464348496572,0.6036786070778392,0.6040601196540871,0.00038151257624796653
493,nivolumab,15000000.0,1.86,2.4005601511013577,0.26951294421791633,0.3803125926064177,0.11079964838850137
494,nivolumab,100.0,1.72,1.6644079201073017,0.2355284469075489,0.22125977372191508,-0.014268673185633823
494,nivolumab,1000.0,1.72,1.615333811089627,0.2355284469075489,0.20826228353016873,-0.027266163377380165
494,nivolumab,10000.0,1.4334819052941308,1.4909594167459153,0.15639221525912794,0.17346582231068874,0.017073607051560802
494,nivolumab,100000.0,1.3096125718659462,1.4151400737326028,0.11714283551338482,0.1507994294280292,0.03365659391464439
494,nivolumab,15000000.0,1.13,1.1974331359468275,0.05307844348341968,0.07825127198215977,0.025172828498740085
495,nivolumab,100.0,2.99,3.237514635407433,0.4756711883244297,0.5102117403518015,0.03454055202737183
495,nivolumab,1000.0,3.0040753434604546,3.1192100472698816,0.4777108207551628,0.49404462108568725,0.01633380033052445
495,nivolumab,10000.0,2.799297614243684,2.951610533719821,0.4470490740119428,0.47005905158761374,0.023009977575670915
495,nivolumab,100000.0,2.856481326582219,2.7139801557643968,0.4558313893316954,0.43360666783605145,-0.022224721495643973
495,nivolumab,15000000.0,1.8,1.9954105948477252,0.25527250510330607,0.3000322738218064,0.04475976871850035
496,nivolumab,100.0,1.04,1.1993173161506692,0.01703333929878037,0.0789341042171932,0.06190076491841283
496,nivolumab,1000.0,1.04,1.1797475871107364,0.01703333929878037,0.07178909777123672,0.05475575847245635
496,nivolumab,10000.0,1.0155001997063864,1.1412178918563571,0.006680013148381521,0.057368571847267534,0.05068855869888601
496,nivolumab,100000.0,1.0116806923245345,1.100712467223368,0.005043461670453883,0.0416738855413411,0.03663042387088721
496,nivolumab,15000000.0,1.012889038023482,0.9777385928073882,0.005561871013170064,-0.009777242222883224,-0.01533911323605329
497,nivolumab,100.0,64.4,65.0226705733917,1.808885867359812,1.8130648026173453,0.004178935257533212
497,nivolumab,1000.0,52.090734368908855,56.04323380546634,1.7167604801072345,1.7485231869875733,0.031762706880338776
497,nivolumab,10000.0,43.026137652974505,47.65694383704166,1.6337323623203919,1.67812618829861,0.04439382597821817
497,nivolumab,100000.0,34.23232435878468,40.49491697611922,1.5344363885308825,1.6074005128995001,0.07296412436861766
497,nivolumab,15000000.0,15.155465680842164,15.914410844895158,1.1805692854422027,1.2017905655742331,0.021221280132030396
498,nivolumab,100.0,4.95,9.592178855823342,0.6946051989335688,0.9819172680237525,0.2873120690901837
498,nivolumab,1000.0,4.871529928156416,8.451460954214708,0.6876653749743626,0.9269317893651736,0.23926641439081098
498,nivolumab,10000.0,4.869452318610989,7.075889070749799,0.6874801176046328,0.8497810158234866,0.16230089821885385
498,nivolumab,100000.0,4.848882223507466,5.602972815412018,0.685641635486529,0.7484185153561649,0.06277687986963587
498,nivolumab,15000000.0,3.281140481883721,3.0607798781738182,0.5160248250830327,0.48583209760389456,-0.03019272747913815
499,nivolumab,100.0,2.37,2.6208521236871913,0.37474834601010387,0.41844251744472416,0.04369417143462029
499,nivolumab,1000.0,2.3923585037181443,2.4910169219835083,0.37882626081809817,0.39637667779708396,0.017550416978985794
499,nivolumab,10000.0,2.260401894,2.255117108362529,0.3541856625231373,0.3531690997372784,-0.0010165627858589321
499,nivolumab,100000.0,2.0098135783722286,1.998778548997815,0.3031557760080661,0.3007646799231056,-0.0023910960849604646
499,nivolumab,15000000.0,1.45,1.5088908802898435,0.16136800223497488,0.1786578336778293,0.017289831442854425
500,nivolumab,100.0,1.31,1.5101128300779905,0.11727129565576427,0.179009397392251,0.06173810173648672
500,nivolumab,1000.0,1.31,1.5104599140388182,0.11727129565576427,0.17910920405964653,0.06183790840388226
500,nivolumab,10000.0,1.3255091615326768,1.478748542065154,0.12238273379626208,0.16989432945450195,0.04751159565823987
500,nivolumab,100000.0,1.3410183230653536,1.4231509748616373,0.1274347118947084,0.15325097462492243,0.025816262730214035
500,nivolumab,15000000.0,1.25,1.26217828653145,0.09691001300805642,0.101120704660903,0.004210691652846585
501,nivolumab,100.0,1.52,1.5910006791893803,0.18184358794477254,0.20167036504453065,0.01982677709975811
501,nivolumab,1000.0,1.52,1.5850475337746368,0.18184358794477254,0.20004229074713675,0.018198702802364214
501,nivolumab,10000.0,1.3030148135792754,1.554173922168794,0.11494935310258193,0.19149961756122028,0.07655026445863834
501,nivolumab,100000.0,1.2424562535130548,1.4995731861418318,0.0942811063048861,0.17596766620219817,0.08168655989731206
501,nivolumab,15000000.0,1.251822888673494,1.3372245285286735,0.09754288804945443,0.12620433419853858,0.02866144614908414
502,nivolumab,100.0,26.91,29.074505241968232,1.4299136977637545,1.463512333116349,0.03359863535259455
502,nivolumab,1000.0,23.17895406,25.86659155300171,1.3650938347242523,1.412739205398156,0.04764537067390373
502,nivolumab,10000.0,21.294294701937304,22.85345393441571,1.3282632601820457,1.3589518460382326,0.030688585856186945
502,nivolumab,100000.0,17.06656418528116,19.175179569549297,1.2321460984104349,1.2827394396718252,0.05059334126139037
502,nivolumab,15000000.0,6.072965624060352,7.553763876627833,0.7834008228114894,0.8781634050771132,0.09476258226562384
503,nivolumab,100.0,23.2,23.236851709689546,1.3654879848908996,1.3661772864665838,0.0006893015756841425
503,nivolumab,1000.0,19.6,20.552760375665933,1.2922560713564761,1.3128701588355196,0.020614087479043475
503,nivolumab,10000.0,16.4,17.933132750325996,1.2148438480476977,1.2536561633678927,0.03881231532019491
503,nivolumab,100000.0,13.4,14.1598812001944,1.1271047983648077,1.1510596096873338,0.02395481132252608
503,nivolumab,15000000.0,6.7,7.303306046741938,0.8260748027008264,0.8635195002342592,0.037444697533432714
504,nivolumab,100.0,12.4,14.29436915109047,1.0934216851622351,1.155164993534802,0.06174330837256692
504,nivolumab,1000.0,12.1,13.778505716309102,1.08278537031645,1.1392021207392409,0.05641675042279082
504,nivolumab,10000.0,12.433204141630922,13.40104854880167,1.0945830644186527,1.127138780539645,0.03255571612099217
504,nivolumab,100000.0,12.6,12.648658762168955,1.100370545117563,1.102044476257213,0.0016739311396500867
504,nivolumab,15000000.0,5.0,5.922276815689732,0.6989700043360189,0.7724887030730194,0.07351869873700057
511,poly-higg,100.0,4.15,4.350777232485587,0.6180480967120927,0.6385668472138808,0.020518750501788086
511,poly-higg,1000.0,4.241726808503929,4.065475410224651,0.6275426940296964,0.6091113386052933,-0.018431355424403106
511,poly-higg,10000.0,4.224562944902968,3.7518473671632684,0.6257817853720816,0.5742451620772057,-0.05153662329487596
511,poly-higg,100000.0,3.8919067922752015,3.4722112663318403,0.5901624307522053,0.5406061419107789,-0.04955628884142638
511,poly-higg,15000000.0,1.72,2.416449043177392,0.2355284469075489,0.3831776413949456,0.1476491944873967
510,poly-higg,100.0,29.38,40.8421547837289,1.4680517914542377,1.6111086468819782,0.1430568554277405
510,poly-higg,1000.0,30.34088903295536,36.34092400194135,1.4820283021082596,1.5603959654553061,0.07836766334704648
510,poly-higg,10000.0,31.301778065910717,31.65392881461464,1.4955690079068615,1.50042762135541,0.004858613448548432
510,poly-higg,100000.0,28.06995509686825,26.750802135862482,1.4482417178999205,1.4273368090845684,-0.02090490881535212
510,poly-higg,15000000.0,6.111796504318651,12.114126726769616,0.7861688857307935,1.0832921125375257,0.2971232268067322
506,poly-higg,100.0,12.52,15.99672488926231,1.0976043288744108,1.2040310758986932,0.10642674702428234
506,poly-higg,1000.0,10.321785009980417,14.076900076056319,1.0137548090110555,1.148507027811299,0.13475221880024346
506,poly-higg,10000.0,10.723818589982448,12.69852732805047,1.030349458608495,1.1037533579334249,0.07340389932492997
506,poly-higg,100000.0,11.125852169984476,11.514284278464185,1.046333285140444,1.061236947634682,0.014903662494237802
506,poly-higg,15000000.0,2.7313683010081693,5.303368524174512,0.436380264881968,0.7245518067253033,0.28817154184333527
508,poly-higg,100.0,1.72,1.5151449336688831,0.2355284469075489,0.1804541779749848,-0.05507426893256409
508,poly-higg,1000.0,1.72,1.4914706025057076,0.2355284469075489,0.17361469766095433,-0.06191374924659457
508,poly-higg,10000.0,1.4183669622711517,1.4580842564714738,0.15178860677896133,0.16378262073322744,0.011994013954266108
508,poly-higg,100000.0,1.4410542584139543,1.414082794439556,0.15868033312915558,0.15047483811403914,-0.008205495015116443
508,poly-higg,15000000.0,1.14,1.2072238848055916,0.05690485133647256,0.08178781932606086,0.0248829679895883
515,poly-higg,100.0,6.71,6.9502348268363034,0.8267225201689921,0.8419994782989382,0.015276958129946117
515,poly-higg,1000.0,5.691395576632083,6.404595043657994,0.755218772004044,0.8064916749293105,0.05127290292526654
515,poly-higg,10000.0,5.425949696535762,5.747131702612765,0.7344757631413518,0.7594511496415439,0.024975386500192154
515,poly-higg,100000.0,5.426417598201115,5.08496202292926,0.734513212502573,0.7062877137398154,-0.028225498762757595
515,poly-higg,15000000.0,3.00470612918506,3.433242363491092,0.477802002889748,0.5357044627358262,0.05790245984607817
517,poly-higg,100.0,88.57646767469906,106.49953137721839,1.9473183571411703,2.027347696781931,0.08002933964076075
517,poly-higg,1000.0,78.772050896506,93.75555142926868,1.8963721528381172,1.971996992492751,0.07562483965463374
517,poly-higg,10000.0,72.44930075569195,82.67014755183125,1.8600341982349373,1.9173487127685593,0.05731451453362202
517,poly-higg,100000.0,65.02211788951377,72.55404010188403,1.8130611111574835,1.8606616007172725,0.047600489559789017
517,poly-higg,15000000.0,18.94786898775565,27.421368969673814,1.2775603732011858,1.438089132478816,0.16052875927763033
514,poly-higg,100.0,5.25,5.543549329807588,0.7201593034059569,0.7437879164931243,0.02362861308716735
514,poly-higg,1000.0,5.132474531519482,5.343901588199861,0.7103268029821337,0.7278584516951664,0.0175316487130327
514,poly-higg,10000.0,5.29679914324673,5.134156405256696,0.7240135046264615,0.7104690947415945,-0.013544409884867048
514,poly-higg,100000.0,5.461123754973978,4.7217745510242475,0.7372820182299821,0.674105247125692,-0.0631767711042901
514,poly-higg,15000000.0,2.16,3.275486356617621,0.3344537511509309,0.5152757948050455,0.18082204365411458
518,poly-higg,100.0,1.82,1.810087339009088,0.2600713879850748,0.2576995306341465,-0.0023718573509282637
518,poly-higg,1000.0,1.82,1.800517488328216,0.2600713879850748,0.2553973440064191,-0.004674043978655673
518,poly-higg,10000.0,1.5960672785417862,1.771197399570741,0.2030511940846455,0.24826696591444278,0.045215771829797274
518,poly-higg,100000.0,1.604774931875364,1.705789713397869,0.20541413163270322,0.2319254911105419,0.02651135947783867
518,poly-higg,15000000.0,1.6105121914967662,1.4506051898349417,0.20696401675566756,0.1615492269052982,-0.04541478985036937
509,poly-higg,100.0,14.6,17.90023630865772,1.1643528557844371,1.2528587643245108,0.08850590854007367
509,poly-higg,1000.0,11.911294294387185,15.951252226872503,1.0759589549647033,1.2027947823069187,0.12683582734221543
509,poly-higg,10000.0,12.311684208098823,14.37547942337532,1.0903174674115488,1.1576223373584982,0.0673048699469494
509,poly-higg,100000.0,12.666615154277906,13.074913383355899,1.1026605757188572,1.1164388205025872,0.01377824478373002
509,poly-higg,15000000.0,3.2894519705939445,6.2381838014875,0.51712354963021,0.7950581666371895,0.2779346170069795
512,poly-higg,100.0,14.13,20.95773404156766,1.1501421618485586,1.3213443247600791,0.17120216291152057
512,poly-higg,1000.0,14.773708753852125,18.905147407332894,1.1694895331686788,1.2765800679953905,0.10709053482671171
512,poly-higg,10000.0,15.417417507704249,17.07712600937592,1.1880116333724018,1.2324147830220478,0.04440314964964598
512,poly-higg,100000.0,16.061126261556375,15.372572696253178,1.2057759962371204,1.1867465554819785,-0.019029440755141902
512,poly-higg,15000000.0,4.075273287044114,7.954210174116555,0.6101567377571193,0.9005970621658197,0.2904403244087004
505,poly-higg,100.0,3.1,3.851305812503583,0.4913616938342727,0.5856080050962901,0.09424631126201738
505,poly-higg,1000.0,3.090004176425829,3.6403818231520133,0.4899590664143058,0.5611469372181304,0.07118787080382455
505,poly-higg,10000.0,3.1703124375952543,3.418734074597833,0.5011020645007631,0.533865320619256,0.032763256118492845
505,poly-higg,100000.0,3.250620698764679,3.21462253135333,0.511966296458957,0.5071299843598865,-0.004836312099070428
505,poly-higg,15000000.0,1.79,2.4623907265070164,0.2528530309798932,0.3913569669146231,0.13850393593472987
516,poly-higg,100.0,20.23,22.87273182793048,1.3059958827708047,1.3593180381066343,0.053322155335829624
516,poly-higg,1000.0,20.728437778133426,21.851872976080262,1.3165665722384758,1.3394886673162887,0.022922095077812843
516,poly-higg,10000.0,16.56236264609049,20.33362995954757,1.219122289633045,1.3082149158085665,0.0890926261755216
516,poly-higg,100000.0,16.339430136328815,17.862123699218365,1.2132369057481982,1.2519330926276102,0.03869618687941201
516,poly-higg,15000000.0,4.712363191521079,7.760236588502795,0.6732387550377368,0.8898749619173327,0.21663620687959595
507,poly-higg,100.0,61.0,76.6505399506426,1.7853298350107671,1.8845152185088367,0.0991853834980696
507,poly-higg,1000.0,63.08708953794008,70.77151545603492,1.7999404921108715,1.8498584954095088,0.04991800329863727
507,poly-higg,10000.0,65.17417907588015,62.50097754993551,1.814075569567092,1.7958868100036385,-0.01818875956345356
507,poly-higg,100000.0,58.68797105586572,52.66793680566191,1.768549095465643,1.721546305798788,-0.047002789666855005
507,poly-higg,15000000.0,10.463958633272128,17.128412044514864,1.0196960141054634,1.233717101887192,0.21402108778172857
513,poly-higg,100.0,32.91703110346997,35.76058203365409,1.5174206578426286,1.5534045786906359,0.03598392084800728
513,poly-higg,1000.0,33.17984165373529,31.99973528731703,1.5208743090821608,1.5051463857032494,-0.01572792337891138
513,poly-higg,10000.0,31.087439816165663,28.655651056450075,1.492584957504934,1.45721028007737,-0.03537467742756384
513,poly-higg,100000.0,29.22844459852041,25.21276722356627,1.4658057048458746,1.4016205142195428,-0.06418519062633177
513,poly-higg,15000000.0,6.9844521999087785,11.642589582287014,0.8441323494786578,1.0660495882361412,0.22191723875748337
630,adalimumab,100.0,36.409639311346425,54.661683803737205,1.5612163766579805,1.7376830056114636,0.17646662895348308
630,adalimumab,1000.0,38.00580243930652,49.0325188730429,1.5798499064851734,1.6904842041693722,0.11063429768419875
630,adalimumab,10000.0,39.60196556726662,43.98305613247383,1.5977167418303881,1.6432854027272807,0.0455686608968926
630,adalimumab,100000.0,40.86606349338408,39.28266156833781,1.6113628054277882,1.5942009054204798,-0.01716190000730844
630,adalimumab,15000000.0,6.360255266991149,13.206787542626712,0.8034745462806387,1.120797191408828,0.3173226451281892
631,adalimumab,100.0,52.19857144459378,54.693717400139086,1.7176586175191282,1.7379374423269367,0.020278824807808515
631,adalimumab,1000.0,52.12424942979692,49.061263513426596,1.7170398143445116,1.690738728742827,-0.026301085601684537
631,adalimumab,10000.0,53.14314424266189,44.00884059471565,1.725447246100622,1.6435399273007356,-0.08190731879988644
631,adalimumab,100000.0,47.45329065859241,39.358580060459275,1.6762663340513246,1.595039421999373,-0.08122691205195154
631,adalimumab,15000000.0,8.137937880920497,13.246107169695053,0.9105143704427501,1.1220882644522936,0.21157389400954352
