{
    "lr": 8.690530556708836e-06,
    "n_layers": 4,
    "hidden_size": 128,
    "dropout": 0.10466488697576752,
    "batch_size": 32,
    "weight_decay": 1.682159788601824e-06,
    "lambda_input": 0.04467230957093132,
    "lambda_shear": 0.05353420211863952
}