{
    "lr": 9.446923021059103e-05,
    "n_layers": 2,
    "hidden_size": 256,
    "dropout": 0.14710952150944787,
    "batch_size": 32,
    "weight_decay": 1.0097125351027634e-06,
    "lambda_input": 0.0742797850083052,
    "lambda_shear": 0.20227190370748296
}