{
    "lr": 9.95053740917088e-05,
    "n_layers": 4,
    "hidden_size": 256,
    "dropout": 0.10096106051678455,
    "batch_size": 64,
    "weight_decay": 0.0004439789043076424,
    "lambda_input": 0.094500164463551,
    "lambda_shear": 0.3108398965137628
}