{
    "lr": 9.96846477700117e-05,
    "n_layers": 2,
    "hidden_size": 128,
    "dropout": 0.17634809602623525,
    "batch_size": 32,
    "weight_decay": 0.0005705327421510284,
    "lambda_input": 0.054913292335582564,
    "lambda_shear": 0.19544753965110645
}