{
    "lr": 9.517420943321673e-05,
    "n_layers": 3,
    "hidden_size": 128,
    "dropout": 0.11122491679292434,
    "batch_size": 32,
    "weight_decay": 0.000494789290087066,
    "lambda_input": 0.0921493108306656,
    "lambda_shear": 0.06380681437578421
}