{
    "lr": 9.443850378735662e-05,
    "n_layers": 2,
    "hidden_size": 128,
    "dropout": 0.1025438851300986,
    "batch_size": 32,
    "weight_decay": 1.0033019369870876e-05,
    "lambda_input": 0.05799182496257392,
    "lambda_shear": 0.14070902151064227
}