{
    "lr": 6.836315042714329e-05,
    "n_layers": 2,
    "hidden_size": 256,
    "dropout": 0.23337640499127577,
    "batch_size": 32,
    "weight_decay": 8.867632491255645e-06,
    "lambda_input": 0.09907633060879534,
    "lambda_shear": 0.027479712109703153
}