{
    "lr": 9.832496854749312e-05,
    "n_layers": 3,
    "hidden_size": 256,
    "dropout": 0.125949259327654,
    "batch_size": 64,
    "weight_decay": 0.0008330630900146189,
    "lambda_input": 0.09992037697924674,
    "lambda_shear": 0.43549072169789393
}