{
    "lr": 9.90139883377064e-05,
    "n_layers": 3,
    "hidden_size": 256,
    "dropout": 0.15136614738617743,
    "batch_size": 32,
    "weight_decay": 1.7927835853448982e-05,
    "lambda_input": 0.07445777432828274,
    "lambda_shear": 0.23795889241954327
}